run_id,exp_name,phase,episode,seed,map_name,rows,cols,alpha,gamma,epsilon,reward_setting,max_steps,total_reward,steps,success,terminated,truncated,hit_trap,elapsed_sec,qtable_path
gamma_0.99_789_9b7ea326,gamma_0.99,train,1,789,easy,5,5,0.1,0.99,0.199,default,100,-3.0,14,1,1,0,0,0.002274099999340251,
gamma_0.99_789_9b7ea326,gamma_0.99,train,2,789,easy,5,5,0.1,0.99,0.19800500000000001,default,100,-57.0,68,1,1,0,0,0.007583899991004728,
gamma_0.99_789_9b7ea326,gamma_0.99,train,3,789,easy,5,5,0.1,0.99,0.197014975,default,100,-27.0,18,0,1,0,1,0.0022118999913800508,
gamma_0.99_789_9b7ea326,gamma_0.99,train,4,789,easy,5,5,0.1,0.99,0.19602990012500002,default,100,-57.0,68,1,1,0,0,0.007423400005791336,
gamma_0.99_789_9b7ea326,gamma_0.99,train,5,789,easy,5,5,0.1,0.99,0.19504975062437502,default,100,-20.0,11,0,1,0,1,0.0014377000043168664,
gamma_0.99_789_9b7ea326,gamma_0.99,train,6,789,easy,5,5,0.1,0.99,0.19407450187125314,default,100,-100.0,100,0,0,1,0,0.011768600001232699,
gamma_0.99_789_9b7ea326,gamma_0.99,train,7,789,easy,5,5,0.1,0.99,0.19310412936189686,default,100,-59.0,70,1,1,0,0,0.008014599996386096,
gamma_0.99_789_9b7ea326,gamma_0.99,train,8,789,easy,5,5,0.1,0.99,0.19213860871508737,default,100,-49.0,40,0,1,0,1,0.004558399989036843,
gamma_0.99_789_9b7ea326,gamma_0.99,train,9,789,easy,5,5,0.1,0.99,0.19117791567151193,default,100,-44.0,35,0,1,0,1,0.0040280999965034425,
gamma_0.99_789_9b7ea326,gamma_0.99,train,10,789,easy,5,5,0.1,0.99,0.19022202609315436,default,100,-11.0,22,1,1,0,0,0.0023428000131389126,
gamma_0.99_789_9b7ea326,gamma_0.99,train,11,789,easy,5,5,0.1,0.99,0.18927091596268858,default,100,-45.0,56,1,1,0,0,0.00660950000747107,
gamma_0.99_789_9b7ea326,gamma_0.99,train,12,789,easy,5,5,0.1,0.99,0.18832456138287512,default,100,-33.0,44,1,1,0,0,0.005437700005131774,
gamma_0.99_789_9b7ea326,gamma_0.99,train,13,789,easy,5,5,0.1,0.99,0.18738293857596075,default,100,-17.0,28,1,1,0,0,0.0030608999950345606,
gamma_0.99_789_9b7ea326,gamma_0.99,train,14,789,easy,5,5,0.1,0.99,0.18644602388308096,default,100,-25.0,36,1,1,0,0,0.0041225000022677705,
gamma_0.99_789_9b7ea326,gamma_0.99,train,15,789,easy,5,5,0.1,0.99,0.18551379376366556,default,100,-16.0,27,1,1,0,0,0.003022200005943887,
gamma_0.99_789_9b7ea326,gamma_0.99,train,16,789,easy,5,5,0.1,0.99,0.18458622479484724,default,100,-54.0,45,0,1,0,1,0.005084500007797033,
gamma_0.99_789_9b7ea326,gamma_0.99,train,17,789,easy,5,5,0.1,0.99,0.183663293670873,default,100,-14.0,25,1,1,0,0,0.0028137999906903133,
gamma_0.99_789_9b7ea326,gamma_0.99,train,18,789,easy,5,5,0.1,0.99,0.18274497720251864,default,100,1.0,10,1,1,0,0,0.001295199996093288,
gamma_0.99_789_9b7ea326,gamma_0.99,train,19,789,easy,5,5,0.1,0.99,0.18183125231650604,default,100,-36.0,27,0,1,0,1,0.003224400003091432,
gamma_0.99_789_9b7ea326,gamma_0.99,train,20,789,easy,5,5,0.1,0.99,0.18092209605492351,default,100,-21.0,12,0,1,0,1,0.001563700003316626,
gamma_0.99_789_9b7ea326,gamma_0.99,train,21,789,easy,5,5,0.1,0.99,0.1800174855746489,default,100,-14.0,25,1,1,0,0,0.002866299997549504,
gamma_0.99_789_9b7ea326,gamma_0.99,train,22,789,easy,5,5,0.1,0.99,0.17911739814677563,default,100,-7.0,18,1,1,0,0,0.0021429000044008717,
gamma_0.99_789_9b7ea326,gamma_0.99,train,23,789,easy,5,5,0.1,0.99,0.17822181115604174,default,100,-13.0,24,1,1,0,0,0.00293210000381805,
gamma_0.99_789_9b7ea326,gamma_0.99,train,24,789,easy,5,5,0.1,0.99,0.17733070210026153,default,100,-8.0,19,1,1,0,0,0.0024203999928431585,
gamma_0.99_789_9b7ea326,gamma_0.99,train,25,789,easy,5,5,0.1,0.99,0.17644404858976023,default,100,-13.0,24,1,1,0,0,0.0028516000020317733,
gamma_0.99_789_9b7ea326,gamma_0.99,train,26,789,easy,5,5,0.1,0.99,0.17556182834681144,default,100,-19.0,10,0,1,0,1,0.001207799999974668,
gamma_0.99_789_9b7ea326,gamma_0.99,train,27,789,easy,5,5,0.1,0.99,0.1746840192050774,default,100,-10.0,21,1,1,0,0,0.002333700002054684,
gamma_0.99_789_9b7ea326,gamma_0.99,train,28,789,easy,5,5,0.1,0.99,0.173810599109052,default,100,-24.0,15,0,1,0,1,0.001698799998848699,
gamma_0.99_789_9b7ea326,gamma_0.99,train,29,789,easy,5,5,0.1,0.99,0.17294154611350673,default,100,-11.0,22,1,1,0,0,0.0026062000106321648,
gamma_0.99_789_9b7ea326,gamma_0.99,train,30,789,easy,5,5,0.1,0.99,0.1720768383829392,default,100,-26.0,37,1,1,0,0,0.0044800000032410026,
gamma_0.99_789_9b7ea326,gamma_0.99,train,31,789,easy,5,5,0.1,0.99,0.1712164541910245,default,100,-14.0,25,1,1,0,0,0.00291730000753887,
gamma_0.99_789_9b7ea326,gamma_0.99,train,32,789,easy,5,5,0.1,0.99,0.17036037192006936,default,100,-21.0,12,0,1,0,1,0.0014754000003449619,
gamma_0.99_789_9b7ea326,gamma_0.99,train,33,789,easy,5,5,0.1,0.99,0.16950857006046902,default,100,-4.0,15,1,1,0,0,0.001782199993613176,
gamma_0.99_789_9b7ea326,gamma_0.99,train,34,789,easy,5,5,0.1,0.99,0.16866102721016668,default,100,2.0,9,1,1,0,0,0.0010986999986926094,
gamma_0.99_789_9b7ea326,gamma_0.99,train,35,789,easy,5,5,0.1,0.99,0.16781772207411585,default,100,-7.0,18,1,1,0,0,0.0021092999959364533,
gamma_0.99_789_9b7ea326,gamma_0.99,train,36,789,easy,5,5,0.1,0.99,0.16697863346374528,default,100,-7.0,18,1,1,0,0,0.002100300000165589,
gamma_0.99_789_9b7ea326,gamma_0.99,train,37,789,easy,5,5,0.1,0.99,0.16614374029642656,default,100,2.0,9,1,1,0,0,0.0011793999874498695,
gamma_0.99_789_9b7ea326,gamma_0.99,train,38,789,easy,5,5,0.1,0.99,0.16531302159494443,default,100,-5.0,16,1,1,0,0,0.0018133999983547255,
gamma_0.99_789_9b7ea326,gamma_0.99,train,39,789,easy,5,5,0.1,0.99,0.16448645648696972,default,100,-7.0,18,1,1,0,0,0.002116200004820712,
gamma_0.99_789_9b7ea326,gamma_0.99,train,40,789,easy,5,5,0.1,0.99,0.16366402420453488,default,100,-3.0,14,1,1,0,0,0.0017785999953048304,
gamma_0.99_789_9b7ea326,gamma_0.99,train,41,789,easy,5,5,0.1,0.99,0.1628457040835122,default,100,-3.0,14,1,1,0,0,0.0018380999972578138,
gamma_0.99_789_9b7ea326,gamma_0.99,train,42,789,easy,5,5,0.1,0.99,0.16203147556309463,default,100,-1.0,12,1,1,0,0,0.0015181999915512279,
gamma_0.99_789_9b7ea326,gamma_0.99,train,43,789,easy,5,5,0.1,0.99,0.16122131818527916,default,100,-4.0,15,1,1,0,0,0.0018734000041149557,
gamma_0.99_789_9b7ea326,gamma_0.99,train,44,789,easy,5,5,0.1,0.99,0.16041521159435276,default,100,-4.0,15,1,1,0,0,0.0019290999916847795,
gamma_0.99_789_9b7ea326,gamma_0.99,train,45,789,easy,5,5,0.1,0.99,0.159613135536381,default,100,-3.0,14,1,1,0,0,0.001747999995131977,
gamma_0.99_789_9b7ea326,gamma_0.99,train,46,789,easy,5,5,0.1,0.99,0.15881506985869911,default,100,1.0,10,1,1,0,0,0.0012706999987130985,
gamma_0.99_789_9b7ea326,gamma_0.99,train,47,789,easy,5,5,0.1,0.99,0.15802099450940563,default,100,-1.0,12,1,1,0,0,0.001482799998484552,
gamma_0.99_789_9b7ea326,gamma_0.99,train,48,789,easy,5,5,0.1,0.99,0.1572308895368586,default,100,0.0,11,1,1,0,0,0.001476999997976236,
gamma_0.99_789_9b7ea326,gamma_0.99,train,49,789,easy,5,5,0.1,0.99,0.1564447350891743,default,100,1.0,10,1,1,0,0,0.0013526999973692,
gamma_0.99_789_9b7ea326,gamma_0.99,train,50,789,easy,5,5,0.1,0.99,0.15566251141372844,default,100,2.0,9,1,1,0,0,0.001152700002421625,
gamma_0.99_789_9b7ea326,gamma_0.99,train,51,789,easy,5,5,0.1,0.99,0.1548841988566598,default,100,0.0,11,1,1,0,0,0.0013495999883161858,
gamma_0.99_789_9b7ea326,gamma_0.99,train,52,789,easy,5,5,0.1,0.99,0.1541097778623765,default,100,-10.0,21,1,1,0,0,0.002596400008769706,
gamma_0.99_789_9b7ea326,gamma_0.99,train,53,789,easy,5,5,0.1,0.99,0.15333922897306462,default,100,0.0,11,1,1,0,0,0.001542800004244782,
gamma_0.99_789_9b7ea326,gamma_0.99,train,54,789,easy,5,5,0.1,0.99,0.1525725328281993,default,100,2.0,9,1,1,0,0,0.0012103000044589862,
gamma_0.99_789_9b7ea326,gamma_0.99,train,55,789,easy,5,5,0.1,0.99,0.1518096701640583,default,100,-1.0,12,1,1,0,0,0.0014666999923065305,
gamma_0.99_789_9b7ea326,gamma_0.99,train,56,789,easy,5,5,0.1,0.99,0.151050621813238,default,100,-1.0,12,1,1,0,0,0.0017802000074880198,
gamma_0.99_789_9b7ea326,gamma_0.99,train,57,789,easy,5,5,0.1,0.99,0.15029536870417182,default,100,0.0,11,1,1,0,0,0.0014195999974617735,
gamma_0.99_789_9b7ea326,gamma_0.99,train,58,789,easy,5,5,0.1,0.99,0.14954389186065095,default,100,2.0,9,1,1,0,0,0.0010933000012300909,
gamma_0.99_789_9b7ea326,gamma_0.99,train,59,789,easy,5,5,0.1,0.99,0.1487961724013477,default,100,-20.0,11,0,1,0,1,0.001597599999513477,
gamma_0.99_789_9b7ea326,gamma_0.99,train,60,789,easy,5,5,0.1,0.99,0.14805219153934096,default,100,-1.0,12,1,1,0,0,0.0015332000039052218,
gamma_0.99_789_9b7ea326,gamma_0.99,train,61,789,easy,5,5,0.1,0.99,0.14731193058164427,default,100,2.0,9,1,1,0,0,0.001273300003958866,
gamma_0.99_789_9b7ea326,gamma_0.99,train,62,789,easy,5,5,0.1,0.99,0.14657537092873604,default,100,2.0,9,1,1,0,0,0.0012053999962517992,
gamma_0.99_789_9b7ea326,gamma_0.99,train,63,789,easy,5,5,0.1,0.99,0.14584249407409236,default,100,2.0,9,1,1,0,0,0.0012138999882154167,
gamma_0.99_789_9b7ea326,gamma_0.99,train,64,789,easy,5,5,0.1,0.99,0.1451132816037219,default,100,-1.0,12,1,1,0,0,0.0014787999971304089,
gamma_0.99_789_9b7ea326,gamma_0.99,train,65,789,easy,5,5,0.1,0.99,0.1443877151957033,default,100,-1.0,12,1,1,0,0,0.001502500002970919,
gamma_0.99_789_9b7ea326,gamma_0.99,train,66,789,easy,5,5,0.1,0.99,0.14366577661972477,default,100,1.0,10,1,1,0,0,0.0012711000017588958,
gamma_0.99_789_9b7ea326,gamma_0.99,train,67,789,easy,5,5,0.1,0.99,0.14294744773662615,default,100,-4.0,15,1,1,0,0,0.001778100006049499,
gamma_0.99_789_9b7ea326,gamma_0.99,train,68,789,easy,5,5,0.1,0.99,0.14223271049794303,default,100,3.0,8,1,1,0,0,0.0010332999954698607,
gamma_0.99_789_9b7ea326,gamma_0.99,train,69,789,easy,5,5,0.1,0.99,0.14152154694545332,default,100,3.0,8,1,1,0,0,0.001179800005047582,
gamma_0.99_789_9b7ea326,gamma_0.99,train,70,789,easy,5,5,0.1,0.99,0.14081393921072605,default,100,1.0,10,1,1,0,0,0.0013212999911047518,
gamma_0.99_789_9b7ea326,gamma_0.99,train,71,789,easy,5,5,0.1,0.99,0.1401098695146724,default,100,2.0,9,1,1,0,0,0.0011433000036049634,
gamma_0.99_789_9b7ea326,gamma_0.99,train,72,789,easy,5,5,0.1,0.99,0.13940932016709906,default,100,3.0,8,1,1,0,0,0.001091500002075918,
gamma_0.99_789_9b7ea326,gamma_0.99,train,73,789,easy,5,5,0.1,0.99,0.13871227356626356,default,100,-1.0,12,1,1,0,0,0.0014302999916253611,
gamma_0.99_789_9b7ea326,gamma_0.99,train,74,789,easy,5,5,0.1,0.99,0.13801871219843223,default,100,3.0,8,1,1,0,0,0.0010760000004665926,
gamma_0.99_789_9b7ea326,gamma_0.99,train,75,789,easy,5,5,0.1,0.99,0.13732861863744006,default,100,2.0,9,1,1,0,0,0.0011538000107975677,
gamma_0.99_789_9b7ea326,gamma_0.99,train,76,789,easy,5,5,0.1,0.99,0.13664197554425286,default,100,3.0,8,1,1,0,0,0.0011058999953093007,
gamma_0.99_789_9b7ea326,gamma_0.99,train,77,789,easy,5,5,0.1,0.99,0.1359587656665316,default,100,2.0,9,1,1,0,0,0.0015030000067781657,
gamma_0.99_789_9b7ea326,gamma_0.99,train,78,789,easy,5,5,0.1,0.99,0.13527897183819892,default,100,3.0,8,1,1,0,0,0.0010870000114664435,
gamma_0.99_789_9b7ea326,gamma_0.99,train,79,789,easy,5,5,0.1,0.99,0.13460257697900793,default,100,0.0,11,1,1,0,0,0.001414800004567951,
gamma_0.99_789_9b7ea326,gamma_0.99,train,80,789,easy,5,5,0.1,0.99,0.13392956409411289,default,100,3.0,8,1,1,0,0,0.0010880000045290217,
gamma_0.99_789_9b7ea326,gamma_0.99,train,81,789,easy,5,5,0.1,0.99,0.1332599162736423,default,100,0.0,11,1,1,0,0,0.001363100003800355,
gamma_0.99_789_9b7ea326,gamma_0.99,train,82,789,easy,5,5,0.1,0.99,0.1325936166922741,default,100,3.0,8,1,1,0,0,0.0011051000037696213,
gamma_0.99_789_9b7ea326,gamma_0.99,train,83,789,easy,5,5,0.1,0.99,0.13193064860881273,default,100,1.0,10,1,1,0,0,0.00127269999939017,
gamma_0.99_789_9b7ea326,gamma_0.99,train,84,789,easy,5,5,0.1,0.99,0.13127099536576867,default,100,3.0,8,1,1,0,0,0.0010681999992812052,
gamma_0.99_789_9b7ea326,gamma_0.99,train,85,789,easy,5,5,0.1,0.99,0.13061464038893983,default,100,1.0,10,1,1,0,0,0.0013060000055702403,
gamma_0.99_789_9b7ea326,gamma_0.99,train,86,789,easy,5,5,0.1,0.99,0.12996156718699514,default,100,3.0,8,1,1,0,0,0.0010698999976739287,
gamma_0.99_789_9b7ea326,gamma_0.99,train,87,789,easy,5,5,0.1,0.99,0.12931175935106015,default,100,3.0,8,1,1,0,0,0.0010990000009769574,
gamma_0.99_789_9b7ea326,gamma_0.99,train,88,789,easy,5,5,0.1,0.99,0.12866520055430486,default,100,3.0,8,1,1,0,0,0.0010668999893823639,
gamma_0.99_789_9b7ea326,gamma_0.99,train,89,789,easy,5,5,0.1,0.99,0.12802187455153333,default,100,1.0,10,1,1,0,0,0.0012894999963464215,
gamma_0.99_789_9b7ea326,gamma_0.99,train,90,789,easy,5,5,0.1,0.99,0.12738176517877567,default,100,1.0,10,1,1,0,0,0.001231499991263263,
gamma_0.99_789_9b7ea326,gamma_0.99,train,91,789,easy,5,5,0.1,0.99,0.1267448563528818,default,100,3.0,8,1,1,0,0,0.0010252999927615747,
gamma_0.99_789_9b7ea326,gamma_0.99,train,92,789,easy,5,5,0.1,0.99,0.12611113207111738,default,100,3.0,8,1,1,0,0,0.0010939000057987869,
gamma_0.99_789_9b7ea326,gamma_0.99,train,93,789,easy,5,5,0.1,0.99,0.1254805764107618,default,100,3.0,8,1,1,0,0,0.0009758999949553981,
gamma_0.99_789_9b7ea326,gamma_0.99,train,94,789,easy,5,5,0.1,0.99,0.12485317352870799,default,100,3.0,8,1,1,0,0,0.0010447999957250431,
gamma_0.99_789_9b7ea326,gamma_0.99,train,95,789,easy,5,5,0.1,0.99,0.12422890766106445,default,100,3.0,8,1,1,0,0,0.001184699998702854,
gamma_0.99_789_9b7ea326,gamma_0.99,train,96,789,easy,5,5,0.1,0.99,0.12360776312275913,default,100,0.0,11,1,1,0,0,0.0013571999879786745,
gamma_0.99_789_9b7ea326,gamma_0.99,train,97,789,easy,5,5,0.1,0.99,0.12298972430714533,default,100,2.0,9,1,1,0,0,0.001175100012915209,
gamma_0.99_789_9b7ea326,gamma_0.99,train,98,789,easy,5,5,0.1,0.99,0.1223747756856096,default,100,3.0,8,1,1,0,0,0.00108969998836983,
gamma_0.99_789_9b7ea326,gamma_0.99,train,99,789,easy,5,5,0.1,0.99,0.12176290180718155,default,100,3.0,8,1,1,0,0,0.0011580999998841435,
gamma_0.99_789_9b7ea326,gamma_0.99,train,100,789,easy,5,5,0.1,0.99,0.12115408729814564,default,100,-1.0,12,1,1,0,0,0.001373599996441044,
gamma_0.99_789_9b7ea326,gamma_0.99,train,101,789,easy,5,5,0.1,0.99,0.12054831686165492,default,100,3.0,8,1,1,0,0,0.001273000001674518,
gamma_0.99_789_9b7ea326,gamma_0.99,train,102,789,easy,5,5,0.1,0.99,0.11994557527734664,default,100,-3.0,14,1,1,0,0,0.0017130999913206324,
gamma_0.99_789_9b7ea326,gamma_0.99,train,103,789,easy,5,5,0.1,0.99,0.11934584740095991,default,100,2.0,9,1,1,0,0,0.0011632999958237633,
gamma_0.99_789_9b7ea326,gamma_0.99,train,104,789,easy,5,5,0.1,0.99,0.11874911816395511,default,100,2.0,9,1,1,0,0,0.0012865000026067719,
gamma_0.99_789_9b7ea326,gamma_0.99,train,105,789,easy,5,5,0.1,0.99,0.11815537257313534,default,100,0.0,11,1,1,0,0,0.0014755000011064112,
gamma_0.99_789_9b7ea326,gamma_0.99,train,106,789,easy,5,5,0.1,0.99,0.11756459571026966,default,100,1.0,10,1,1,0,0,0.0018408999894745648,
gamma_0.99_789_9b7ea326,gamma_0.99,train,107,789,easy,5,5,0.1,0.99,0.1169767727317183,default,100,2.0,9,1,1,0,0,0.0012276999914320186,
gamma_0.99_789_9b7ea326,gamma_0.99,train,108,789,easy,5,5,0.1,0.99,0.1163918888680597,default,100,1.0,10,1,1,0,0,0.0012491999950725585,
gamma_0.99_789_9b7ea326,gamma_0.99,train,109,789,easy,5,5,0.1,0.99,0.11580992942371941,default,100,2.0,9,1,1,0,0,0.0011716000008163974,
gamma_0.99_789_9b7ea326,gamma_0.99,train,110,789,easy,5,5,0.1,0.99,0.11523087977660082,default,100,3.0,8,1,1,0,0,0.0010285000025760382,
gamma_0.99_789_9b7ea326,gamma_0.99,train,111,789,easy,5,5,0.1,0.99,0.11465472537771781,default,100,1.0,10,1,1,0,0,0.001200400001835078,
gamma_0.99_789_9b7ea326,gamma_0.99,train,112,789,easy,5,5,0.1,0.99,0.11408145175082922,default,100,1.0,10,1,1,0,0,0.001392999998643063,
gamma_0.99_789_9b7ea326,gamma_0.99,train,113,789,easy,5,5,0.1,0.99,0.11351104449207507,default,100,-1.0,12,1,1,0,0,0.001593299995874986,
gamma_0.99_789_9b7ea326,gamma_0.99,train,114,789,easy,5,5,0.1,0.99,0.11294348926961469,default,100,3.0,8,1,1,0,0,0.001105900009861216,
gamma_0.99_789_9b7ea326,gamma_0.99,train,115,789,easy,5,5,0.1,0.99,0.11237877182326661,default,100,-1.0,12,1,1,0,0,0.0014364999951794744,
gamma_0.99_789_9b7ea326,gamma_0.99,train,116,789,easy,5,5,0.1,0.99,0.11181687796415028,default,100,3.0,8,1,1,0,0,0.0010652999917510897,
gamma_0.99_789_9b7ea326,gamma_0.99,train,117,789,easy,5,5,0.1,0.99,0.11125779357432954,default,100,3.0,8,1,1,0,0,0.0010958999919239432,
gamma_0.99_789_9b7ea326,gamma_0.99,train,118,789,easy,5,5,0.1,0.99,0.11070150460645789,default,100,2.0,9,1,1,0,0,0.001135500002419576,
gamma_0.99_789_9b7ea326,gamma_0.99,train,119,789,easy,5,5,0.1,0.99,0.1101479970834256,default,100,3.0,8,1,1,0,0,0.0010310000070603564,
gamma_0.99_789_9b7ea326,gamma_0.99,train,120,789,easy,5,5,0.1,0.99,0.10959725709800847,default,100,-17.0,8,0,1,0,1,0.0009749999881023541,
gamma_0.99_789_9b7ea326,gamma_0.99,train,121,789,easy,5,5,0.1,0.99,0.10904927081251842,default,100,3.0,8,1,1,0,0,0.001125300012063235,
gamma_0.99_789_9b7ea326,gamma_0.99,train,122,789,easy,5,5,0.1,0.99,0.10850402445845582,default,100,3.0,8,1,1,0,0,0.0010802000033436343,
gamma_0.99_789_9b7ea326,gamma_0.99,train,123,789,easy,5,5,0.1,0.99,0.10796150433616354,default,100,3.0,8,1,1,0,0,0.001000799995381385,
gamma_0.99_789_9b7ea326,gamma_0.99,train,124,789,easy,5,5,0.1,0.99,0.10742169681448273,default,100,3.0,8,1,1,0,0,0.0010664000001270324,
gamma_0.99_789_9b7ea326,gamma_0.99,train,125,789,easy,5,5,0.1,0.99,0.10688458833041031,default,100,1.0,10,1,1,0,0,0.0012839999981224537,
gamma_0.99_789_9b7ea326,gamma_0.99,train,126,789,easy,5,5,0.1,0.99,0.10635016538875826,default,100,3.0,8,1,1,0,0,0.0010960000072373077,
gamma_0.99_789_9b7ea326,gamma_0.99,train,127,789,easy,5,5,0.1,0.99,0.10581841456181447,default,100,1.0,10,1,1,0,0,0.0012743999977828935,
gamma_0.99_789_9b7ea326,gamma_0.99,train,128,789,easy,5,5,0.1,0.99,0.1052893224890054,default,100,3.0,8,1,1,0,0,0.0010820000024978071,
gamma_0.99_789_9b7ea326,gamma_0.99,train,129,789,easy,5,5,0.1,0.99,0.10476287587656037,default,100,1.0,10,1,1,0,0,0.0012557000009110197,
gamma_0.99_789_9b7ea326,gamma_0.99,train,130,789,easy,5,5,0.1,0.99,0.10423906149717757,default,100,1.0,10,1,1,0,0,0.0012210999993840232,
gamma_0.99_789_9b7ea326,gamma_0.99,train,131,789,easy,5,5,0.1,0.99,0.10371786618969168,default,100,0.0,11,1,1,0,0,0.0014820000069448724,
gamma_0.99_789_9b7ea326,gamma_0.99,train,132,789,easy,5,5,0.1,0.99,0.10319927685874322,default,100,0.0,11,1,1,0,0,0.0014002999960212037,
gamma_0.99_789_9b7ea326,gamma_0.99,train,133,789,easy,5,5,0.1,0.99,0.10268328047444951,default,100,3.0,8,1,1,0,0,0.00109790000715293,
gamma_0.99_789_9b7ea326,gamma_0.99,train,134,789,easy,5,5,0.1,0.99,0.10216986407207726,default,100,-1.0,12,1,1,0,0,0.0014205999905243516,
gamma_0.99_789_9b7ea326,gamma_0.99,train,135,789,easy,5,5,0.1,0.99,0.10165901475171688,default,100,3.0,8,1,1,0,0,0.0010181999969063327,
gamma_0.99_789_9b7ea326,gamma_0.99,train,136,789,easy,5,5,0.1,0.99,0.10115071967795829,default,100,2.0,9,1,1,0,0,0.0010559999936958775,
gamma_0.99_789_9b7ea326,gamma_0.99,train,137,789,easy,5,5,0.1,0.99,0.10064496607956849,default,100,3.0,8,1,1,0,0,0.0010726000036811456,
gamma_0.99_789_9b7ea326,gamma_0.99,train,138,789,easy,5,5,0.1,0.99,0.10014174124917065,default,100,3.0,8,1,1,0,0,0.0009868999914033338,
gamma_0.99_789_9b7ea326,gamma_0.99,train,139,789,easy,5,5,0.1,0.99,0.09964103254292479,default,100,3.0,8,1,1,0,0,0.001077999986591749,
gamma_0.99_789_9b7ea326,gamma_0.99,train,140,789,easy,5,5,0.1,0.99,0.09914282738021017,default,100,3.0,8,1,1,0,0,0.0010843999916687608,
gamma_0.99_789_9b7ea326,gamma_0.99,train,141,789,easy,5,5,0.1,0.99,0.09864711324330912,default,100,-1.0,12,1,1,0,0,0.0014425999979721382,
gamma_0.99_789_9b7ea326,gamma_0.99,train,142,789,easy,5,5,0.1,0.99,0.09815387767709258,default,100,0.0,11,1,1,0,0,0.001341600000159815,
gamma_0.99_789_9b7ea326,gamma_0.99,train,143,789,easy,5,5,0.1,0.99,0.09766310828870711,default,100,1.0,10,1,1,0,0,0.00127269999939017,
gamma_0.99_789_9b7ea326,gamma_0.99,train,144,789,easy,5,5,0.1,0.99,0.09717479274726358,default,100,1.0,10,1,1,0,0,0.0012783999991370365,
gamma_0.99_789_9b7ea326,gamma_0.99,train,145,789,easy,5,5,0.1,0.99,0.09668891878352726,default,100,1.0,10,1,1,0,0,0.001265900005819276,
gamma_0.99_789_9b7ea326,gamma_0.99,train,146,789,easy,5,5,0.1,0.99,0.09620547418960962,default,100,1.0,10,1,1,0,0,0.001285000005736947,
gamma_0.99_789_9b7ea326,gamma_0.99,train,147,789,easy,5,5,0.1,0.99,0.09572444681866157,default,100,3.0,8,1,1,0,0,0.0010540999937802553,
gamma_0.99_789_9b7ea326,gamma_0.99,train,148,789,easy,5,5,0.1,0.99,0.09524582458456826,default,100,3.0,8,1,1,0,0,0.001094299994292669,
gamma_0.99_789_9b7ea326,gamma_0.99,train,149,789,easy,5,5,0.1,0.99,0.09476959546164541,default,100,3.0,8,1,1,0,0,0.0012368000025162473,
gamma_0.99_789_9b7ea326,gamma_0.99,train,150,789,easy,5,5,0.1,0.99,0.09429574748433718,default,100,2.0,9,1,1,0,0,0.0011731999984476715,
gamma_0.99_789_9b7ea326,gamma_0.99,train,151,789,easy,5,5,0.1,0.99,0.09382426874691549,default,100,1.0,10,1,1,0,0,0.0012860999995609745,
gamma_0.99_789_9b7ea326,gamma_0.99,train,152,789,easy,5,5,0.1,0.99,0.09335514740318092,default,100,3.0,8,1,1,0,0,0.0010741000005509704,
gamma_0.99_789_9b7ea326,gamma_0.99,train,153,789,easy,5,5,0.1,0.99,0.09288837166616501,default,100,3.0,8,1,1,0,0,0.0010823999909916893,
gamma_0.99_789_9b7ea326,gamma_0.99,train,154,789,easy,5,5,0.1,0.99,0.09242392980783419,default,100,3.0,8,1,1,0,0,0.0010677999962354079,
gamma_0.99_789_9b7ea326,gamma_0.99,train,155,789,easy,5,5,0.1,0.99,0.09196181015879502,default,100,2.0,9,1,1,0,0,0.001135200000135228,
gamma_0.99_789_9b7ea326,gamma_0.99,train,156,789,easy,5,5,0.1,0.99,0.09150200110800105,default,100,1.0,10,1,1,0,0,0.0013975000038044527,
gamma_0.99_789_9b7ea326,gamma_0.99,train,157,789,easy,5,5,0.1,0.99,0.09104449110246104,default,100,1.0,10,1,1,0,0,0.0012457999982871115,
gamma_0.99_789_9b7ea326,gamma_0.99,train,158,789,easy,5,5,0.1,0.99,0.09058926864694875,default,100,3.0,8,1,1,0,0,0.0010900000052060932,
gamma_0.99_789_9b7ea326,gamma_0.99,train,159,789,easy,5,5,0.1,0.99,0.090136322303714,default,100,2.0,9,1,1,0,0,0.0011614999966695905,
gamma_0.99_789_9b7ea326,gamma_0.99,train,160,789,easy,5,5,0.1,0.99,0.08968564069219544,default,100,3.0,8,1,1,0,0,0.0010925999958999455,
gamma_0.99_789_9b7ea326,gamma_0.99,train,161,789,easy,5,5,0.1,0.99,0.08923721248873447,default,100,3.0,8,1,1,0,0,0.0011149999918416142,
gamma_0.99_789_9b7ea326,gamma_0.99,train,162,789,easy,5,5,0.1,0.99,0.08879102642629079,default,100,1.0,10,1,1,0,0,0.0012664999958360568,
gamma_0.99_789_9b7ea326,gamma_0.99,train,163,789,easy,5,5,0.1,0.99,0.08834707129415934,default,100,3.0,8,1,1,0,0,0.0010716999968281016,
gamma_0.99_789_9b7ea326,gamma_0.99,train,164,789,easy,5,5,0.1,0.99,0.08790533593768854,default,100,3.0,8,1,1,0,0,0.0011630000080913305,
gamma_0.99_789_9b7ea326,gamma_0.99,train,165,789,easy,5,5,0.1,0.99,0.0874658092580001,default,100,3.0,8,1,1,0,0,0.001449899995350279,
gamma_0.99_789_9b7ea326,gamma_0.99,train,166,789,easy,5,5,0.1,0.99,0.0870284802117101,default,100,3.0,8,1,1,0,0,0.0011199000000488013,
gamma_0.99_789_9b7ea326,gamma_0.99,train,167,789,easy,5,5,0.1,0.99,0.08659333781065155,default,100,1.0,10,1,1,0,0,0.0012712000025203452,
gamma_0.99_789_9b7ea326,gamma_0.99,train,168,789,easy,5,5,0.1,0.99,0.0861603711215983,default,100,3.0,8,1,1,0,0,0.0011947999882977456,
gamma_0.99_789_9b7ea326,gamma_0.99,train,169,789,easy,5,5,0.1,0.99,0.0857295692659903,default,100,3.0,8,1,1,0,0,0.001108099997509271,
gamma_0.99_789_9b7ea326,gamma_0.99,train,170,789,easy,5,5,0.1,0.99,0.08530092141966035,default,100,3.0,8,1,1,0,0,0.0011975000088568777,
gamma_0.99_789_9b7ea326,gamma_0.99,train,171,789,easy,5,5,0.1,0.99,0.08487441681256205,default,100,3.0,8,1,1,0,0,0.0011509000032674521,
gamma_0.99_789_9b7ea326,gamma_0.99,train,172,789,easy,5,5,0.1,0.99,0.08445004472849925,default,100,1.0,10,1,1,0,0,0.001217299999552779,
gamma_0.99_789_9b7ea326,gamma_0.99,train,173,789,easy,5,5,0.1,0.99,0.08402779450485676,default,100,3.0,8,1,1,0,0,0.001036400004522875,
gamma_0.99_789_9b7ea326,gamma_0.99,train,174,789,easy,5,5,0.1,0.99,0.08360765553233247,default,100,-14.0,5,0,1,0,1,0.0006706999993184581,
gamma_0.99_789_9b7ea326,gamma_0.99,train,175,789,easy,5,5,0.1,0.99,0.0831896172546708,default,100,3.0,8,1,1,0,0,0.001088700009859167,
gamma_0.99_789_9b7ea326,gamma_0.99,train,176,789,easy,5,5,0.1,0.99,0.08277366916839746,default,100,3.0,8,1,1,0,0,0.001084199990145862,
gamma_0.99_789_9b7ea326,gamma_0.99,train,177,789,easy,5,5,0.1,0.99,0.08235980082255547,default,100,3.0,8,1,1,0,0,0.0011002000101143494,
gamma_0.99_789_9b7ea326,gamma_0.99,train,178,789,easy,5,5,0.1,0.99,0.08194800181844268,default,100,3.0,8,1,1,0,0,0.0010677999962354079,
gamma_0.99_789_9b7ea326,gamma_0.99,train,179,789,easy,5,5,0.1,0.99,0.08153826180935046,default,100,-16.0,7,0,1,0,1,0.0009155000007012859,
gamma_0.99_789_9b7ea326,gamma_0.99,train,180,789,easy,5,5,0.1,0.99,0.08113057050030371,default,100,3.0,8,1,1,0,0,0.001024100012728013,
gamma_0.99_789_9b7ea326,gamma_0.99,train,181,789,easy,5,5,0.1,0.99,0.0807249176478022,default,100,3.0,8,1,1,0,0,0.0011433000036049634,
gamma_0.99_789_9b7ea326,gamma_0.99,train,182,789,easy,5,5,0.1,0.99,0.08032129305956318,default,100,1.0,10,1,1,0,0,0.00127119998796843,
gamma_0.99_789_9b7ea326,gamma_0.99,train,183,789,easy,5,5,0.1,0.99,0.07991968659426536,default,100,3.0,8,1,1,0,0,0.0013764000032097101,
gamma_0.99_789_9b7ea326,gamma_0.99,train,184,789,easy,5,5,0.1,0.99,0.07952008816129404,default,100,-14.0,5,0,1,0,1,0.0007411000115098432,
gamma_0.99_789_9b7ea326,gamma_0.99,train,185,789,easy,5,5,0.1,0.99,0.07912248772048756,default,100,1.0,10,1,1,0,0,0.0012251000007381663,
gamma_0.99_789_9b7ea326,gamma_0.99,train,186,789,easy,5,5,0.1,0.99,0.07872687528188513,default,100,-16.0,7,0,1,0,1,0.0009180000051856041,
gamma_0.99_789_9b7ea326,gamma_0.99,train,187,789,easy,5,5,0.1,0.99,0.0783332409054757,default,100,1.0,10,1,1,0,0,0.0012150999973528087,
gamma_0.99_789_9b7ea326,gamma_0.99,train,188,789,easy,5,5,0.1,0.99,0.07794157470094833,default,100,3.0,8,1,1,0,0,0.0010957000049529597,
gamma_0.99_789_9b7ea326,gamma_0.99,train,189,789,easy,5,5,0.1,0.99,0.07755186682744358,default,100,3.0,8,1,1,0,0,0.001032799991662614,
gamma_0.99_789_9b7ea326,gamma_0.99,train,190,789,easy,5,5,0.1,0.99,0.07716410749330636,default,100,3.0,8,1,1,0,0,0.0010348000068916008,
gamma_0.99_789_9b7ea326,gamma_0.99,train,191,789,easy,5,5,0.1,0.99,0.07677828695583983,default,100,3.0,8,1,1,0,0,0.0010652000055415556,
gamma_0.99_789_9b7ea326,gamma_0.99,train,192,789,easy,5,5,0.1,0.99,0.07639439552106063,default,100,2.0,9,1,1,0,0,0.0011400999937904999,
gamma_0.99_789_9b7ea326,gamma_0.99,train,193,789,easy,5,5,0.1,0.99,0.07601242354345533,default,100,3.0,8,1,1,0,0,0.0010769000073196366,
gamma_0.99_789_9b7ea326,gamma_0.99,train,194,789,easy,5,5,0.1,0.99,0.07563236142573805,default,100,1.0,10,1,1,0,0,0.00126379998982884,
gamma_0.99_789_9b7ea326,gamma_0.99,train,195,789,easy,5,5,0.1,0.99,0.07525419961860937,default,100,3.0,8,1,1,0,0,0.0010748000058811158,
gamma_0.99_789_9b7ea326,gamma_0.99,train,196,789,easy,5,5,0.1,0.99,0.07487792862051632,default,100,1.0,10,1,1,0,0,0.0012365000002318993,
gamma_0.99_789_9b7ea326,gamma_0.99,train,197,789,easy,5,5,0.1,0.99,0.07450353897741373,default,100,3.0,8,1,1,0,0,0.0010868000099435449,
gamma_0.99_789_9b7ea326,gamma_0.99,train,198,789,easy,5,5,0.1,0.99,0.07413102128252666,default,100,1.0,10,1,1,0,0,0.0011955999943893403,
gamma_0.99_789_9b7ea326,gamma_0.99,train,199,789,easy,5,5,0.1,0.99,0.07376036617611402,default,100,3.0,8,1,1,0,0,0.0010924999951384962,
gamma_0.99_789_9b7ea326,gamma_0.99,train,200,789,easy,5,5,0.1,0.99,0.07339156434523345,default,100,3.0,8,1,1,0,0,0.0011030000023311004,results\gamma_comparison\gamma_0.99\seed_789\qtable_ep200.npz
gamma_0.99_789_9b7ea326,gamma_0.99,train,201,789,easy,5,5,0.1,0.99,0.07302460652350727,default,100,3.0,8,1,1,0,0,0.0011290999973425642,
gamma_0.99_789_9b7ea326,gamma_0.99,train,202,789,easy,5,5,0.1,0.99,0.07265948349088973,default,100,3.0,8,1,1,0,0,0.0011014000046998262,
gamma_0.99_789_9b7ea326,gamma_0.99,train,203,789,easy,5,5,0.1,0.99,0.07229618607343528,default,100,3.0,8,1,1,0,0,0.001043199998093769,
gamma_0.99_789_9b7ea326,gamma_0.99,train,204,789,easy,5,5,0.1,0.99,0.0719347051430681,default,100,3.0,8,1,1,0,0,0.0011270999966654927,
gamma_0.99_789_9b7ea326,gamma_0.99,train,205,789,easy,5,5,0.1,0.99,0.07157503161735276,default,100,3.0,8,1,1,0,0,0.0011105000012321398,
gamma_0.99_789_9b7ea326,gamma_0.99,train,206,789,easy,5,5,0.1,0.99,0.071217156459266,default,100,3.0,8,1,1,0,0,0.0010805999918375164,
gamma_0.99_789_9b7ea326,gamma_0.99,train,207,789,easy,5,5,0.1,0.99,0.07086107067696967,default,100,3.0,8,1,1,0,0,0.001112099998863414,
gamma_0.99_789_9b7ea326,gamma_0.99,train,208,789,easy,5,5,0.1,0.99,0.07050676532358482,default,100,3.0,8,1,1,0,0,0.001092400008928962,
gamma_0.99_789_9b7ea326,gamma_0.99,train,209,789,easy,5,5,0.1,0.99,0.0701542314969669,default,100,3.0,8,1,1,0,0,0.0010882000060519204,
gamma_0.99_789_9b7ea326,gamma_0.99,train,210,789,easy,5,5,0.1,0.99,0.06980346033948207,default,100,1.0,10,1,1,0,0,0.001256999996257946,
gamma_0.99_789_9b7ea326,gamma_0.99,train,211,789,easy,5,5,0.1,0.99,0.06945444303778466,default,100,2.0,9,1,1,0,0,0.0011559000122360885,
gamma_0.99_789_9b7ea326,gamma_0.99,train,212,789,easy,5,5,0.1,0.99,0.06910717082259574,default,100,3.0,8,1,1,0,0,0.001041099996655248,
gamma_0.99_789_9b7ea326,gamma_0.99,train,213,789,easy,5,5,0.1,0.99,0.06876163496848275,default,100,3.0,8,1,1,0,0,0.0010799000010592863,
gamma_0.99_789_9b7ea326,gamma_0.99,train,214,789,easy,5,5,0.1,0.99,0.06841782679364034,default,100,1.0,10,1,1,0,0,0.001276700000744313,
gamma_0.99_789_9b7ea326,gamma_0.99,train,215,789,easy,5,5,0.1,0.99,0.06807573765967213,default,100,3.0,8,1,1,0,0,0.0010169000015594065,
gamma_0.99_789_9b7ea326,gamma_0.99,train,216,789,easy,5,5,0.1,0.99,0.06773535897137377,default,100,3.0,8,1,1,0,0,0.0010828000085894018,
gamma_0.99_789_9b7ea326,gamma_0.99,train,217,789,easy,5,5,0.1,0.99,0.0673966821765169,default,100,2.0,9,1,1,0,0,0.0011448000004747882,
gamma_0.99_789_9b7ea326,gamma_0.99,train,218,789,easy,5,5,0.1,0.99,0.0670596987656343,default,100,3.0,8,1,1,0,0,0.0010820000024978071,
gamma_0.99_789_9b7ea326,gamma_0.99,train,219,789,easy,5,5,0.1,0.99,0.06672440027180614,default,100,3.0,8,1,1,0,0,0.0010640999971656129,
gamma_0.99_789_9b7ea326,gamma_0.99,train,220,789,easy,5,5,0.1,0.99,0.0663907782704471,default,100,1.0,10,1,1,0,0,0.0012237000046297908,
gamma_0.99_789_9b7ea326,gamma_0.99,train,221,789,easy,5,5,0.1,0.99,0.06605882437909487,default,100,2.0,9,1,1,0,0,0.0012112999975215644,
gamma_0.99_789_9b7ea326,gamma_0.99,train,222,789,easy,5,5,0.1,0.99,0.0657285302571994,default,100,3.0,8,1,1,0,0,0.0010718999983510002,
gamma_0.99_789_9b7ea326,gamma_0.99,train,223,789,easy,5,5,0.1,0.99,0.06539988760591339,default,100,3.0,8,1,1,0,0,0.0010885000083362684,
gamma_0.99_789_9b7ea326,gamma_0.99,train,224,789,easy,5,5,0.1,0.99,0.06507288816788383,default,100,3.0,8,1,1,0,0,0.0010313999955542386,
gamma_0.99_789_9b7ea326,gamma_0.99,train,225,789,easy,5,5,0.1,0.99,0.06474752372704441,default,100,3.0,8,1,1,0,0,0.001105699993786402,
gamma_0.99_789_9b7ea326,gamma_0.99,train,226,789,easy,5,5,0.1,0.99,0.0644237861084092,default,100,3.0,8,1,1,0,0,0.0010813999979291111,
gamma_0.99_789_9b7ea326,gamma_0.99,train,227,789,easy,5,5,0.1,0.99,0.06410166717786715,default,100,3.0,8,1,1,0,0,0.0010999000078300014,
gamma_0.99_789_9b7ea326,gamma_0.99,train,228,789,easy,5,5,0.1,0.99,0.06378115884197781,default,100,3.0,8,1,1,0,0,0.0010661999986041337,
gamma_0.99_789_9b7ea326,gamma_0.99,train,229,789,easy,5,5,0.1,0.99,0.06346225304776792,default,100,2.0,9,1,1,0,0,0.0011119999981019646,
gamma_0.99_789_9b7ea326,gamma_0.99,train,230,789,easy,5,5,0.1,0.99,0.06314494178252908,default,100,3.0,8,1,1,0,0,0.001079800000297837,
gamma_0.99_789_9b7ea326,gamma_0.99,train,231,789,easy,5,5,0.1,0.99,0.06282921707361644,default,100,0.0,11,1,1,0,0,0.0013297999976202846,
gamma_0.99_789_9b7ea326,gamma_0.99,train,232,789,easy,5,5,0.1,0.99,0.06251507098824835,default,100,3.0,8,1,1,0,0,0.0010809000086737797,
gamma_0.99_789_9b7ea326,gamma_0.99,train,233,789,easy,5,5,0.1,0.99,0.062202495633307105,default,100,1.0,10,1,1,0,0,0.0011602000013226643,
gamma_0.99_789_9b7ea326,gamma_0.99,train,234,789,easy,5,5,0.1,0.99,0.06189148315514057,default,100,3.0,8,1,1,0,0,0.001044400007231161,
gamma_0.99_789_9b7ea326,gamma_0.99,train,235,789,easy,5,5,0.1,0.99,0.061582025739364867,default,100,1.0,10,1,1,0,0,0.0012716999917756766,
gamma_0.99_789_9b7ea326,gamma_0.99,train,236,789,easy,5,5,0.1,0.99,0.06127411561066804,default,100,3.0,8,1,1,0,0,0.0010803000041050836,
gamma_0.99_789_9b7ea326,gamma_0.99,train,237,789,easy,5,5,0.1,0.99,0.0609677450326147,default,100,3.0,8,1,1,0,0,0.001046599994879216,
gamma_0.99_789_9b7ea326,gamma_0.99,train,238,789,easy,5,5,0.1,0.99,0.06066290630745162,default,100,3.0,8,1,1,0,0,0.0010714000090956688,
gamma_0.99_789_9b7ea326,gamma_0.99,train,239,789,easy,5,5,0.1,0.99,0.060359591775914365,default,100,3.0,8,1,1,0,0,0.001174200006062165,
gamma_0.99_789_9b7ea326,gamma_0.99,train,240,789,easy,5,5,0.1,0.99,0.06005779381703479,default,100,3.0,8,1,1,0,0,0.0010785000049509108,
gamma_0.99_789_9b7ea326,gamma_0.99,train,241,789,easy,5,5,0.1,0.99,0.059757504847949616,default,100,3.0,8,1,1,0,0,0.0011140999995404854,
gamma_0.99_789_9b7ea326,gamma_0.99,train,242,789,easy,5,5,0.1,0.99,0.059458717323709866,default,100,3.0,8,1,1,0,0,0.0010477999894646928,
gamma_0.99_789_9b7ea326,gamma_0.99,train,243,789,easy,5,5,0.1,0.99,0.059161423737091316,default,100,3.0,8,1,1,0,0,0.0011150000063935295,
gamma_0.99_789_9b7ea326,gamma_0.99,train,244,789,easy,5,5,0.1,0.99,0.05886561661840586,default,100,3.0,8,1,1,0,0,0.0011180000001331791,
gamma_0.99_789_9b7ea326,gamma_0.99,train,245,789,easy,5,5,0.1,0.99,0.05857128853531383,default,100,3.0,8,1,1,0,0,0.0010928999981842935,
gamma_0.99_789_9b7ea326,gamma_0.99,train,246,789,easy,5,5,0.1,0.99,0.05827843209263726,default,100,3.0,8,1,1,0,0,0.0010799000010592863,
gamma_0.99_789_9b7ea326,gamma_0.99,train,247,789,easy,5,5,0.1,0.99,0.05798703993217407,default,100,3.0,8,1,1,0,0,0.0011012000031769276,
gamma_0.99_789_9b7ea326,gamma_0.99,train,248,789,easy,5,5,0.1,0.99,0.0576971047325132,default,100,1.0,10,1,1,0,0,0.0012361999979475513,
gamma_0.99_789_9b7ea326,gamma_0.99,train,249,789,easy,5,5,0.1,0.99,0.05740861920885063,default,100,-16.0,7,0,1,0,1,0.0009064999903785065,
gamma_0.99_789_9b7ea326,gamma_0.99,train,250,789,easy,5,5,0.1,0.99,0.057121576112806376,default,100,3.0,8,1,1,0,0,0.0010832000116351992,
gamma_0.99_789_9b7ea326,gamma_0.99,train,251,789,easy,5,5,0.1,0.99,0.056835968232242344,default,100,3.0,8,1,1,0,0,0.0010694999946281314,
gamma_0.99_789_9b7ea326,gamma_0.99,train,252,789,easy,5,5,0.1,0.99,0.05655178839108113,default,100,3.0,8,1,1,0,0,0.0010784000041894615,
gamma_0.99_789_9b7ea326,gamma_0.99,train,253,789,easy,5,5,0.1,0.99,0.05626902944912573,default,100,2.0,9,1,1,0,0,0.0011339000047883019,
gamma_0.99_789_9b7ea326,gamma_0.99,train,254,789,easy,5,5,0.1,0.99,0.0559876843018801,default,100,3.0,8,1,1,0,0,0.0010812999971676618,
gamma_0.99_789_9b7ea326,gamma_0.99,train,255,789,easy,5,5,0.1,0.99,0.055707745880370696,default,100,3.0,8,1,1,0,0,0.0010591000027488917,
gamma_0.99_789_9b7ea326,gamma_0.99,train,256,789,easy,5,5,0.1,0.99,0.05542920715096884,default,100,3.0,8,1,1,0,0,0.0010870000114664435,
gamma_0.99_789_9b7ea326,gamma_0.99,train,257,789,easy,5,5,0.1,0.99,0.055152061115214,default,100,3.0,8,1,1,0,0,0.0011572999937925488,
gamma_0.99_789_9b7ea326,gamma_0.99,train,258,789,easy,5,5,0.1,0.99,0.05487630080963793,default,100,3.0,8,1,1,0,0,0.001080499991076067,
gamma_0.99_789_9b7ea326,gamma_0.99,train,259,789,easy,5,5,0.1,0.99,0.05460191930558974,default,100,3.0,8,1,1,0,0,0.0010812000109581277,
gamma_0.99_789_9b7ea326,gamma_0.99,train,260,789,easy,5,5,0.1,0.99,0.05432890970906179,default,100,3.0,8,1,1,0,0,0.0010859000030905008,
gamma_0.99_789_9b7ea326,gamma_0.99,train,261,789,easy,5,5,0.1,0.99,0.05405726516051648,default,100,3.0,8,1,1,0,0,0.0011070999898947775,
gamma_0.99_789_9b7ea326,gamma_0.99,train,262,789,easy,5,5,0.1,0.99,0.0537869788347139,default,100,3.0,8,1,1,0,0,0.0011017999931937084,
gamma_0.99_789_9b7ea326,gamma_0.99,train,263,789,easy,5,5,0.1,0.99,0.053518043940540334,default,100,-1.0,12,1,1,0,0,0.0014735000004293397,
gamma_0.99_789_9b7ea326,gamma_0.99,train,264,789,easy,5,5,0.1,0.99,0.053250453720837636,default,100,3.0,8,1,1,0,0,0.0010910999990301207,
gamma_0.99_789_9b7ea326,gamma_0.99,train,265,789,easy,5,5,0.1,0.99,0.05298420145223345,default,100,3.0,8,1,1,0,0,0.0010791000095196068,
gamma_0.99_789_9b7ea326,gamma_0.99,train,266,789,easy,5,5,0.1,0.99,0.05271928044497228,default,100,3.0,8,1,1,0,0,0.0010929999989457428,
gamma_0.99_789_9b7ea326,gamma_0.99,train,267,789,easy,5,5,0.1,0.99,0.05245568404274742,default,100,3.0,8,1,1,0,0,0.001079199995729141,
gamma_0.99_789_9b7ea326,gamma_0.99,train,268,789,easy,5,5,0.1,0.99,0.05219340562253368,default,100,3.0,8,1,1,0,0,0.0011132000072393566,
gamma_0.99_789_9b7ea326,gamma_0.99,train,269,789,easy,5,5,0.1,0.99,0.05193243859442102,default,100,3.0,8,1,1,0,0,0.0010814999986905605,
gamma_0.99_789_9b7ea326,gamma_0.99,train,270,789,easy,5,5,0.1,0.99,0.05167277640144891,default,100,3.0,8,1,1,0,0,0.0010851999977603555,
gamma_0.99_789_9b7ea326,gamma_0.99,train,271,789,easy,5,5,0.1,0.99,0.05141441251944167,default,100,2.0,9,1,1,0,0,0.0011439000081736594,
gamma_0.99_789_9b7ea326,gamma_0.99,train,272,789,easy,5,5,0.1,0.99,0.05115734045684446,default,100,3.0,8,1,1,0,0,0.0011320000048726797,
gamma_0.99_789_9b7ea326,gamma_0.99,train,273,789,easy,5,5,0.1,0.99,0.050901553754560236,default,100,3.0,8,1,1,0,0,0.0010369999945396557,
gamma_0.99_789_9b7ea326,gamma_0.99,train,274,789,easy,5,5,0.1,0.99,0.05064704598578743,default,100,3.0,8,1,1,0,0,0.0010366000060457736,
gamma_0.99_789_9b7ea326,gamma_0.99,train,275,789,easy,5,5,0.1,0.99,0.0503938107558585,default,100,1.0,10,1,1,0,0,0.0012411999923642725,
gamma_0.99_789_9b7ea326,gamma_0.99,train,276,789,easy,5,5,0.1,0.99,0.05014184170207921,default,100,3.0,8,1,1,0,0,0.0010636999941198155,
gamma_0.99_789_9b7ea326,gamma_0.99,train,277,789,easy,5,5,0.1,0.99,0.05,default,100,3.0,8,1,1,0,0,0.0011336000025039539,
gamma_0.99_789_9b7ea326,gamma_0.99,train,278,789,easy,5,5,0.1,0.99,0.05,default,100,1.0,10,1,1,0,0,0.0012566999939735979,
gamma_0.99_789_9b7ea326,gamma_0.99,train,279,789,easy,5,5,0.1,0.99,0.05,default,100,3.0,8,1,1,0,0,0.0010781000019051135,
gamma_0.99_789_9b7ea326,gamma_0.99,train,280,789,easy,5,5,0.1,0.99,0.05,default,100,3.0,8,1,1,0,0,0.0010143999970750883,
gamma_0.99_789_9b7ea326,gamma_0.99,train,281,789,easy,5,5,0.1,0.99,0.05,default,100,3.0,8,1,1,0,0,0.0011178999993717298,
gamma_0.99_789_9b7ea326,gamma_0.99,train,282,789,easy,5,5,0.1,0.99,0.05,default,100,3.0,8,1,1,0,0,0.001092100006644614,
gamma_0.99_789_9b7ea326,gamma_0.99,train,283,789,easy,5,5,0.1,0.99,0.05,default,100,3.0,8,1,1,0,0,0.0010700999991968274,
gamma_0.99_789_9b7ea326,gamma_0.99,train,284,789,easy,5,5,0.1,0.99,0.05,default,100,3.0,8,1,1,0,0,0.0009873999952105805,
gamma_0.99_789_9b7ea326,gamma_0.99,train,285,789,easy,5,5,0.1,0.99,0.05,default,100,2.0,9,1,1,0,0,0.001139500003773719,
gamma_0.99_789_9b7ea326,gamma_0.99,train,286,789,easy,5,5,0.1,0.99,0.05,default,100,3.0,8,1,1,0,0,0.001054299995303154,
gamma_0.99_789_9b7ea326,gamma_0.99,train,287,789,easy,5,5,0.1,0.99,0.05,default,100,3.0,8,1,1,0,0,0.0010672999924281612,
gamma_0.99_789_9b7ea326,gamma_0.99,train,288,789,easy,5,5,0.1,0.99,0.05,default,100,3.0,8,1,1,0,0,0.0010851999977603555,
gamma_0.99_789_9b7ea326,gamma_0.99,train,289,789,easy,5,5,0.1,0.99,0.05,default,100,3.0,8,1,1,0,0,0.0010596999927656725,
gamma_0.99_789_9b7ea326,gamma_0.99,train,290,789,easy,5,5,0.1,0.99,0.05,default,100,3.0,8,1,1,0,0,0.0010809000086737797,
gamma_0.99_789_9b7ea326,gamma_0.99,train,291,789,easy,5,5,0.1,0.99,0.05,default,100,3.0,8,1,1,0,0,0.0010601999965729192,
gamma_0.99_789_9b7ea326,gamma_0.99,train,292,789,easy,5,5,0.1,0.99,0.05,default,100,1.0,10,1,1,0,0,0.0012652000004891306,
gamma_0.99_789_9b7ea326,gamma_0.99,train,293,789,easy,5,5,0.1,0.99,0.05,default,100,3.0,8,1,1,0,0,0.0011071000044466928,
gamma_0.99_789_9b7ea326,gamma_0.99,train,294,789,easy,5,5,0.1,0.99,0.05,default,100,3.0,8,1,1,0,0,0.0010863000061362982,
gamma_0.99_789_9b7ea326,gamma_0.99,train,295,789,easy,5,5,0.1,0.99,0.05,default,100,3.0,8,1,1,0,0,0.0010365999914938584,
gamma_0.99_789_9b7ea326,gamma_0.99,train,296,789,easy,5,5,0.1,0.99,0.05,default,100,3.0,8,1,1,0,0,0.0010665999870980158,
gamma_0.99_789_9b7ea326,gamma_0.99,train,297,789,easy,5,5,0.1,0.99,0.05,default,100,3.0,8,1,1,0,0,0.0010878999892156571,
gamma_0.99_789_9b7ea326,gamma_0.99,train,298,789,easy,5,5,0.1,0.99,0.05,default,100,3.0,8,1,1,0,0,0.001060100010363385,
gamma_0.99_789_9b7ea326,gamma_0.99,train,299,789,easy,5,5,0.1,0.99,0.05,default,100,3.0,8,1,1,0,0,0.0010762000019894913,
gamma_0.99_789_9b7ea326,gamma_0.99,train,300,789,easy,5,5,0.1,0.99,0.05,default,100,2.0,9,1,1,0,0,0.0011691999970935285,
gamma_0.99_789_9b7ea326,gamma_0.99,train,301,789,easy,5,5,0.1,0.99,0.05,default,100,3.0,8,1,1,0,0,0.001073000006726943,
gamma_0.99_789_9b7ea326,gamma_0.99,train,302,789,easy,5,5,0.1,0.99,0.05,default,100,3.0,8,1,1,0,0,0.0010784000041894615,
gamma_0.99_789_9b7ea326,gamma_0.99,train,303,789,easy,5,5,0.1,0.99,0.05,default,100,3.0,8,1,1,0,0,0.001041099996655248,
gamma_0.99_789_9b7ea326,gamma_0.99,train,304,789,easy,5,5,0.1,0.99,0.05,default,100,3.0,8,1,1,0,0,0.0010781000019051135,
gamma_0.99_789_9b7ea326,gamma_0.99,train,305,789,easy,5,5,0.1,0.99,0.05,default,100,3.0,8,1,1,0,0,0.0010803000041050836,
gamma_0.99_789_9b7ea326,gamma_0.99,train,306,789,easy,5,5,0.1,0.99,0.05,default,100,3.0,8,1,1,0,0,0.001076100001228042,
gamma_0.99_789_9b7ea326,gamma_0.99,train,307,789,easy,5,5,0.1,0.99,0.05,default,100,2.0,9,1,1,0,0,0.0011508000025060028,
gamma_0.99_789_9b7ea326,gamma_0.99,train,308,789,easy,5,5,0.1,0.99,0.05,default,100,3.0,8,1,1,0,0,0.0010934000019915402,
gamma_0.99_789_9b7ea326,gamma_0.99,train,309,789,easy,5,5,0.1,0.99,0.05,default,100,3.0,8,1,1,0,0,0.0010558999929344282,
gamma_0.99_789_9b7ea326,gamma_0.99,train,310,789,easy,5,5,0.1,0.99,0.05,default,100,3.0,8,1,1,0,0,0.0010267000034218654,
gamma_0.99_789_9b7ea326,gamma_0.99,train,311,789,easy,5,5,0.1,0.99,0.05,default,100,3.0,8,1,1,0,0,0.0010922000074060634,
gamma_0.99_789_9b7ea326,gamma_0.99,train,312,789,easy,5,5,0.1,0.99,0.05,default,100,3.0,8,1,1,0,0,0.0010964999964926392,
gamma_0.99_789_9b7ea326,gamma_0.99,train,313,789,easy,5,5,0.1,0.99,0.05,default,100,3.0,8,1,1,0,0,0.0010646000009728596,
gamma_0.99_789_9b7ea326,gamma_0.99,train,314,789,easy,5,5,0.1,0.99,0.05,default,100,3.0,8,1,1,0,0,0.0010766000050352886,
gamma_0.99_789_9b7ea326,gamma_0.99,train,315,789,easy,5,5,0.1,0.99,0.05,default,100,-16.0,7,0,1,0,1,0.0009028000058606267,
gamma_0.99_789_9b7ea326,gamma_0.99,train,316,789,easy,5,5,0.1,0.99,0.05,default,100,3.0,8,1,1,0,0,0.001029999999445863,
gamma_0.99_789_9b7ea326,gamma_0.99,train,317,789,easy,5,5,0.1,0.99,0.05,default,100,1.0,10,1,1,0,0,0.0012208999978611246,
gamma_0.99_789_9b7ea326,gamma_0.99,train,318,789,easy,5,5,0.1,0.99,0.05,default,100,0.0,11,1,1,0,0,0.0013411000109044835,
gamma_0.99_789_9b7ea326,gamma_0.99,train,319,789,easy,5,5,0.1,0.99,0.05,default,100,1.0,10,1,1,0,0,0.001261299999896437,
gamma_0.99_789_9b7ea326,gamma_0.99,train,320,789,easy,5,5,0.1,0.99,0.05,default,100,3.0,8,1,1,0,0,0.0010596999927656725,
gamma_0.99_789_9b7ea326,gamma_0.99,train,321,789,easy,5,5,0.1,0.99,0.05,default,100,3.0,8,1,1,0,0,0.0011144000018248335,
gamma_0.99_789_9b7ea326,gamma_0.99,train,322,789,easy,5,5,0.1,0.99,0.05,default,100,3.0,8,1,1,0,0,0.0010722999868448824,
gamma_0.99_789_9b7ea326,gamma_0.99,train,323,789,easy,5,5,0.1,0.99,0.05,default,100,3.0,8,1,1,0,0,0.0010824000055436045,
gamma_0.99_789_9b7ea326,gamma_0.99,train,324,789,easy,5,5,0.1,0.99,0.05,default,100,3.0,8,1,1,0,0,0.0010210000036749989,
gamma_0.99_789_9b7ea326,gamma_0.99,train,325,789,easy,5,5,0.1,0.99,0.05,default,100,3.0,8,1,1,0,0,0.0010855000000447035,
gamma_0.99_789_9b7ea326,gamma_0.99,train,326,789,easy,5,5,0.1,0.99,0.05,default,100,1.0,10,1,1,0,0,0.001268099993467331,
gamma_0.99_789_9b7ea326,gamma_0.99,train,327,789,easy,5,5,0.1,0.99,0.05,default,100,3.0,8,1,1,0,0,0.0010286000033374876,
gamma_0.99_789_9b7ea326,gamma_0.99,train,328,789,easy,5,5,0.1,0.99,0.05,default,100,3.0,8,1,1,0,0,0.0010620999964885414,
gamma_0.99_789_9b7ea326,gamma_0.99,train,329,789,easy,5,5,0.1,0.99,0.05,default,100,3.0,8,1,1,0,0,0.0010947000118903816,
gamma_0.99_789_9b7ea326,gamma_0.99,train,330,789,easy,5,5,0.1,0.99,0.05,default,100,-14.0,5,0,1,0,1,0.0006951999966986477,
gamma_0.99_789_9b7ea326,gamma_0.99,train,331,789,easy,5,5,0.1,0.99,0.05,default,100,3.0,8,1,1,0,0,0.0010783000034280121,
gamma_0.99_789_9b7ea326,gamma_0.99,train,332,789,easy,5,5,0.1,0.99,0.05,default,100,3.0,8,1,1,0,0,0.0010738999990280718,
gamma_0.99_789_9b7ea326,gamma_0.99,train,333,789,easy,5,5,0.1,0.99,0.05,default,100,3.0,8,1,1,0,0,0.0010562999959802255,
gamma_0.99_789_9b7ea326,gamma_0.99,train,334,789,easy,5,5,0.1,0.99,0.05,default,100,1.0,10,1,1,0,0,0.001262899997527711,
gamma_0.99_789_9b7ea326,gamma_0.99,train,335,789,easy,5,5,0.1,0.99,0.05,default,100,3.0,8,1,1,0,0,0.0010599000088404864,
gamma_0.99_789_9b7ea326,gamma_0.99,train,336,789,easy,5,5,0.1,0.99,0.05,default,100,3.0,8,1,1,0,0,0.0010671999916667119,
gamma_0.99_789_9b7ea326,gamma_0.99,train,337,789,easy,5,5,0.1,0.99,0.05,default,100,-16.0,7,0,1,0,1,0.0009104999917326495,
gamma_0.99_789_9b7ea326,gamma_0.99,train,338,789,easy,5,5,0.1,0.99,0.05,default,100,1.0,10,1,1,0,0,0.001261600002180785,
gamma_0.99_789_9b7ea326,gamma_0.99,train,339,789,easy,5,5,0.1,0.99,0.05,default,100,3.0,8,1,1,0,0,0.0010695999953895807,
gamma_0.99_789_9b7ea326,gamma_0.99,train,340,789,easy,5,5,0.1,0.99,0.05,default,100,3.0,8,1,1,0,0,0.001070600003004074,
gamma_0.99_789_9b7ea326,gamma_0.99,train,341,789,easy,5,5,0.1,0.99,0.05,default,100,3.0,8,1,1,0,0,0.0011092000058852136,
gamma_0.99_789_9b7ea326,gamma_0.99,train,342,789,easy,5,5,0.1,0.99,0.05,default,100,3.0,8,1,1,0,0,0.0010802999895531684,
gamma_0.99_789_9b7ea326,gamma_0.99,train,343,789,easy,5,5,0.1,0.99,0.05,default,100,2.0,9,1,1,0,0,0.0011589000059757382,
gamma_0.99_789_9b7ea326,gamma_0.99,train,344,789,easy,5,5,0.1,0.99,0.05,default,100,3.0,8,1,1,0,0,0.001065000004018657,
gamma_0.99_789_9b7ea326,gamma_0.99,train,345,789,easy,5,5,0.1,0.99,0.05,default,100,3.0,8,1,1,0,0,0.0010815999994520098,
gamma_0.99_789_9b7ea326,gamma_0.99,train,346,789,easy,5,5,0.1,0.99,0.05,default,100,-14.0,5,0,1,0,1,0.0006694999901810661,
gamma_0.99_789_9b7ea326,gamma_0.99,train,347,789,easy,5,5,0.1,0.99,0.05,default,100,3.0,8,1,1,0,0,0.0010927999974228442,
gamma_0.99_789_9b7ea326,gamma_0.99,train,348,789,easy,5,5,0.1,0.99,0.05,default,100,2.0,9,1,1,0,0,0.0012087999930372462,
gamma_0.99_789_9b7ea326,gamma_0.99,train,349,789,easy,5,5,0.1,0.99,0.05,default,100,3.0,8,1,1,0,0,0.0010991000017384067,
gamma_0.99_789_9b7ea326,gamma_0.99,train,350,789,easy,5,5,0.1,0.99,0.05,default,100,1.0,10,1,1,0,0,0.0012789000029442832,
gamma_0.99_789_9b7ea326,gamma_0.99,train,351,789,easy,5,5,0.1,0.99,0.05,default,100,3.0,8,1,1,0,0,0.0010935999889625236,
gamma_0.99_789_9b7ea326,gamma_0.99,train,352,789,easy,5,5,0.1,0.99,0.05,default,100,2.0,9,1,1,0,0,0.0011607999913394451,
gamma_0.99_789_9b7ea326,gamma_0.99,train,353,789,easy,5,5,0.1,0.99,0.05,default,100,3.0,8,1,1,0,0,0.0010571999882813543,
gamma_0.99_789_9b7ea326,gamma_0.99,train,354,789,easy,5,5,0.1,0.99,0.05,default,100,3.0,8,1,1,0,0,0.0010342000023229048,
gamma_0.99_789_9b7ea326,gamma_0.99,train,355,789,easy,5,5,0.1,0.99,0.05,default,100,3.0,8,1,1,0,0,0.0010567999997874722,
gamma_0.99_789_9b7ea326,gamma_0.99,train,356,789,easy,5,5,0.1,0.99,0.05,default,100,3.0,8,1,1,0,0,0.0010689000046113506,
gamma_0.99_789_9b7ea326,gamma_0.99,train,357,789,easy,5,5,0.1,0.99,0.05,default,100,0.0,11,1,1,0,0,0.001329000006080605,
gamma_0.99_789_9b7ea326,gamma_0.99,train,358,789,easy,5,5,0.1,0.99,0.05,default,100,3.0,8,1,1,0,0,0.0010805000056279823,
gamma_0.99_789_9b7ea326,gamma_0.99,train,359,789,easy,5,5,0.1,0.99,0.05,default,100,3.0,8,1,1,0,0,0.0010643999994499609,
gamma_0.99_789_9b7ea326,gamma_0.99,train,360,789,easy,5,5,0.1,0.99,0.05,default,100,-14.0,5,0,1,0,1,0.0006821999995736405,
gamma_0.99_789_9b7ea326,gamma_0.99,train,361,789,easy,5,5,0.1,0.99,0.05,default,100,1.0,10,1,1,0,0,0.0012694000033661723,
gamma_0.99_789_9b7ea326,gamma_0.99,train,362,789,easy,5,5,0.1,0.99,0.05,default,100,-14.0,5,0,1,0,1,0.0006971000111661851,
gamma_0.99_789_9b7ea326,gamma_0.99,train,363,789,easy,5,5,0.1,0.99,0.05,default,100,3.0,8,1,1,0,0,0.001061300004948862,
gamma_0.99_789_9b7ea326,gamma_0.99,train,364,789,easy,5,5,0.1,0.99,0.05,default,100,3.0,8,1,1,0,0,0.0010775999980978668,
gamma_0.99_789_9b7ea326,gamma_0.99,train,365,789,easy,5,5,0.1,0.99,0.05,default,100,1.0,10,1,1,0,0,0.001270200009457767,
gamma_0.99_789_9b7ea326,gamma_0.99,train,366,789,easy,5,5,0.1,0.99,0.05,default,100,3.0,8,1,1,0,0,0.0011259000020800158,
gamma_0.99_789_9b7ea326,gamma_0.99,train,367,789,easy,5,5,0.1,0.99,0.05,default,100,3.0,8,1,1,0,0,0.001113099991925992,
gamma_0.99_789_9b7ea326,gamma_0.99,train,368,789,easy,5,5,0.1,0.99,0.05,default,100,3.0,8,1,1,0,0,0.0010735999967437238,
gamma_0.99_789_9b7ea326,gamma_0.99,train,369,789,easy,5,5,0.1,0.99,0.05,default,100,3.0,8,1,1,0,0,0.0010708999907365069,
gamma_0.99_789_9b7ea326,gamma_0.99,train,370,789,easy,5,5,0.1,0.99,0.05,default,100,3.0,8,1,1,0,0,0.0010692000068956986,
gamma_0.99_789_9b7ea326,gamma_0.99,train,371,789,easy,5,5,0.1,0.99,0.05,default,100,3.0,8,1,1,0,0,0.001091800004360266,
gamma_0.99_789_9b7ea326,gamma_0.99,train,372,789,easy,5,5,0.1,0.99,0.05,default,100,3.0,8,1,1,0,0,0.0010129000002052635,
gamma_0.99_789_9b7ea326,gamma_0.99,train,373,789,easy,5,5,0.1,0.99,0.05,default,100,1.0,10,1,1,0,0,0.0012550999963423237,
gamma_0.99_789_9b7ea326,gamma_0.99,train,374,789,easy,5,5,0.1,0.99,0.05,default,100,3.0,8,1,1,0,0,0.0010691000061342493,
gamma_0.99_789_9b7ea326,gamma_0.99,train,375,789,easy,5,5,0.1,0.99,0.05,default,100,3.0,8,1,1,0,0,0.0010812999971676618,
gamma_0.99_789_9b7ea326,gamma_0.99,train,376,789,easy,5,5,0.1,0.99,0.05,default,100,3.0,8,1,1,0,0,0.0010719999991124496,
gamma_0.99_789_9b7ea326,gamma_0.99,train,377,789,easy,5,5,0.1,0.99,0.05,default,100,3.0,8,1,1,0,0,0.001069600009941496,
gamma_0.99_789_9b7ea326,gamma_0.99,train,378,789,easy,5,5,0.1,0.99,0.05,default,100,3.0,8,1,1,0,0,0.0010881999915000051,
gamma_0.99_789_9b7ea326,gamma_0.99,train,379,789,easy,5,5,0.1,0.99,0.05,default,100,3.0,8,1,1,0,0,0.001059800008079037,
gamma_0.99_789_9b7ea326,gamma_0.99,train,380,789,easy,5,5,0.1,0.99,0.05,default,100,3.0,8,1,1,0,0,0.0011089000036008656,
gamma_0.99_789_9b7ea326,gamma_0.99,train,381,789,easy,5,5,0.1,0.99,0.05,default,100,3.0,8,1,1,0,0,0.001087199998437427,
gamma_0.99_789_9b7ea326,gamma_0.99,train,382,789,easy,5,5,0.1,0.99,0.05,default,100,-14.0,5,0,1,0,1,0.0006908999930601567,
gamma_0.99_789_9b7ea326,gamma_0.99,train,383,789,easy,5,5,0.1,0.99,0.05,default,100,3.0,8,1,1,0,0,0.0010686000023270026,
gamma_0.99_789_9b7ea326,gamma_0.99,train,384,789,easy,5,5,0.1,0.99,0.05,default,100,1.0,10,1,1,0,0,0.0012912999955005944,
gamma_0.99_789_9b7ea326,gamma_0.99,train,385,789,easy,5,5,0.1,0.99,0.05,default,100,3.0,8,1,1,0,0,0.0010686000023270026,
gamma_0.99_789_9b7ea326,gamma_0.99,train,386,789,easy,5,5,0.1,0.99,0.05,default,100,3.0,8,1,1,0,0,0.0010793999972520396,
gamma_0.99_789_9b7ea326,gamma_0.99,train,387,789,easy,5,5,0.1,0.99,0.05,default,100,3.0,8,1,1,0,0,0.0010305000032531098,
gamma_0.99_789_9b7ea326,gamma_0.99,train,388,789,easy,5,5,0.1,0.99,0.05,default,100,3.0,8,1,1,0,0,0.0010412999981781468,
gamma_0.99_789_9b7ea326,gamma_0.99,train,389,789,easy,5,5,0.1,0.99,0.05,default,100,3.0,8,1,1,0,0,0.0010692999931052327,
gamma_0.99_789_9b7ea326,gamma_0.99,train,390,789,easy,5,5,0.1,0.99,0.05,default,100,1.0,10,1,1,0,0,0.0012756000069202855,
gamma_0.99_789_9b7ea326,gamma_0.99,train,391,789,easy,5,5,0.1,0.99,0.05,default,100,3.0,8,1,1,0,0,0.0010880000045290217,
gamma_0.99_789_9b7ea326,gamma_0.99,train,392,789,easy,5,5,0.1,0.99,0.05,default,100,3.0,8,1,1,0,0,0.0010615999926812947,
gamma_0.99_789_9b7ea326,gamma_0.99,train,393,789,easy,5,5,0.1,0.99,0.05,default,100,3.0,8,1,1,0,0,0.0010857000015676022,
gamma_0.99_789_9b7ea326,gamma_0.99,train,394,789,easy,5,5,0.1,0.99,0.05,default,100,3.0,8,1,1,0,0,0.0010809000086737797,
gamma_0.99_789_9b7ea326,gamma_0.99,train,395,789,easy,5,5,0.1,0.99,0.05,default,100,3.0,8,1,1,0,0,0.0010500999924261123,
gamma_0.99_789_9b7ea326,gamma_0.99,train,396,789,easy,5,5,0.1,0.99,0.05,default,100,3.0,8,1,1,0,0,0.0010677999962354079,
gamma_0.99_789_9b7ea326,gamma_0.99,train,397,789,easy,5,5,0.1,0.99,0.05,default,100,3.0,8,1,1,0,0,0.001080100002582185,
gamma_0.99_789_9b7ea326,gamma_0.99,train,398,789,easy,5,5,0.1,0.99,0.05,default,100,3.0,8,1,1,0,0,0.0010811999964062124,
gamma_0.99_789_9b7ea326,gamma_0.99,train,399,789,easy,5,5,0.1,0.99,0.05,default,100,3.0,8,1,1,0,0,0.0010789000079967082,
gamma_0.99_789_9b7ea326,gamma_0.99,train,400,789,easy,5,5,0.1,0.99,0.05,default,100,3.0,8,1,1,0,0,0.001054299995303154,results\gamma_comparison\gamma_0.99\seed_789\qtable_ep400.npz
gamma_0.99_789_9b7ea326,gamma_0.99,train,401,789,easy,5,5,0.1,0.99,0.05,default,100,2.0,9,1,1,0,0,0.0011900999961653724,
gamma_0.99_789_9b7ea326,gamma_0.99,train,402,789,easy,5,5,0.1,0.99,0.05,default,100,3.0,8,1,1,0,0,0.0010920999920926988,
gamma_0.99_789_9b7ea326,gamma_0.99,train,403,789,easy,5,5,0.1,0.99,0.05,default,100,3.0,8,1,1,0,0,0.0010612999903969467,
gamma_0.99_789_9b7ea326,gamma_0.99,train,404,789,easy,5,5,0.1,0.99,0.05,default,100,3.0,8,1,1,0,0,0.0010848000092664734,
gamma_0.99_789_9b7ea326,gamma_0.99,train,405,789,easy,5,5,0.1,0.99,0.05,default,100,1.0,10,1,1,0,0,0.0012640000059036538,
gamma_0.99_789_9b7ea326,gamma_0.99,train,406,789,easy,5,5,0.1,0.99,0.05,default,100,3.0,8,1,1,0,0,0.001087500000721775,
gamma_0.99_789_9b7ea326,gamma_0.99,train,407,789,easy,5,5,0.1,0.99,0.05,default,100,2.0,9,1,1,0,0,0.00114969999413006,
gamma_0.99_789_9b7ea326,gamma_0.99,train,408,789,easy,5,5,0.1,0.99,0.05,default,100,-3.0,14,1,1,0,0,0.0016276000096695498,
gamma_0.99_789_9b7ea326,gamma_0.99,train,409,789,easy,5,5,0.1,0.99,0.05,default,100,-16.0,7,0,1,0,1,0.0009387999889440835,
gamma_0.99_789_9b7ea326,gamma_0.99,train,410,789,easy,5,5,0.1,0.99,0.05,default,100,3.0,8,1,1,0,0,0.0010811000101966783,
gamma_0.99_789_9b7ea326,gamma_0.99,train,411,789,easy,5,5,0.1,0.99,0.05,default,100,3.0,8,1,1,0,0,0.0010783000034280121,
gamma_0.99_789_9b7ea326,gamma_0.99,train,412,789,easy,5,5,0.1,0.99,0.05,default,100,2.0,9,1,1,0,0,0.001219199999468401,
gamma_0.99_789_9b7ea326,gamma_0.99,train,413,789,easy,5,5,0.1,0.99,0.05,default,100,3.0,8,1,1,0,0,0.0010962999949697405,
gamma_0.99_789_9b7ea326,gamma_0.99,train,414,789,easy,5,5,0.1,0.99,0.05,default,100,3.0,8,1,1,0,0,0.0010775999980978668,
gamma_0.99_789_9b7ea326,gamma_0.99,train,415,789,easy,5,5,0.1,0.99,0.05,default,100,3.0,8,1,1,0,0,0.001061999995727092,
gamma_0.99_789_9b7ea326,gamma_0.99,train,416,789,easy,5,5,0.1,0.99,0.05,default,100,3.0,8,1,1,0,0,0.0010747000051196665,
gamma_0.99_789_9b7ea326,gamma_0.99,train,417,789,easy,5,5,0.1,0.99,0.05,default,100,3.0,8,1,1,0,0,0.001069099991582334,
gamma_0.99_789_9b7ea326,gamma_0.99,train,418,789,easy,5,5,0.1,0.99,0.05,default,100,-16.0,7,0,1,0,1,0.0009145000076387078,
gamma_0.99_789_9b7ea326,gamma_0.99,train,419,789,easy,5,5,0.1,0.99,0.05,default,100,3.0,8,1,1,0,0,0.0010227000020677224,
gamma_0.99_789_9b7ea326,gamma_0.99,train,420,789,easy,5,5,0.1,0.99,0.05,default,100,3.0,8,1,1,0,0,0.0010448999964864925,
gamma_0.99_789_9b7ea326,gamma_0.99,train,421,789,easy,5,5,0.1,0.99,0.05,default,100,3.0,8,1,1,0,0,0.0010876000014832243,
gamma_0.99_789_9b7ea326,gamma_0.99,train,422,789,easy,5,5,0.1,0.99,0.05,default,100,3.0,8,1,1,0,0,0.0010365000052843243,
gamma_0.99_789_9b7ea326,gamma_0.99,train,423,789,easy,5,5,0.1,0.99,0.05,default,100,3.0,8,1,1,0,0,0.0010594000050332397,
gamma_0.99_789_9b7ea326,gamma_0.99,train,424,789,easy,5,5,0.1,0.99,0.05,default,100,3.0,8,1,1,0,0,0.0010910999990301207,
gamma_0.99_789_9b7ea326,gamma_0.99,train,425,789,easy,5,5,0.1,0.99,0.05,default,100,3.0,8,1,1,0,0,0.001065399992512539,
gamma_0.99_789_9b7ea326,gamma_0.99,train,426,789,easy,5,5,0.1,0.99,0.05,default,100,3.0,8,1,1,0,0,0.0010704000014811754,
gamma_0.99_789_9b7ea326,gamma_0.99,train,427,789,easy,5,5,0.1,0.99,0.05,default,100,3.0,8,1,1,0,0,0.0010584000119706616,
gamma_0.99_789_9b7ea326,gamma_0.99,train,428,789,easy,5,5,0.1,0.99,0.05,default,100,3.0,8,1,1,0,0,0.001073099992936477,
gamma_0.99_789_9b7ea326,gamma_0.99,train,429,789,easy,5,5,0.1,0.99,0.05,default,100,2.0,9,1,1,0,0,0.0010833999986061826,
gamma_0.99_789_9b7ea326,gamma_0.99,train,430,789,easy,5,5,0.1,0.99,0.05,default,100,1.0,10,1,1,0,0,0.0013480000052368268,
gamma_0.99_789_9b7ea326,gamma_0.99,train,431,789,easy,5,5,0.1,0.99,0.05,default,100,1.0,10,1,1,0,0,0.0012713000032817945,
gamma_0.99_789_9b7ea326,gamma_0.99,train,432,789,easy,5,5,0.1,0.99,0.05,default,100,0.0,11,1,1,0,0,0.0012718999932985753,
gamma_0.99_789_9b7ea326,gamma_0.99,train,433,789,easy,5,5,0.1,0.99,0.05,default,100,3.0,8,1,1,0,0,0.0012312000035308301,
gamma_0.99_789_9b7ea326,gamma_0.99,train,434,789,easy,5,5,0.1,0.99,0.05,default,100,2.0,9,1,1,0,0,0.0011946000013267621,
gamma_0.99_789_9b7ea326,gamma_0.99,train,435,789,easy,5,5,0.1,0.99,0.05,default,100,3.0,8,1,1,0,0,0.00105640001129359,
gamma_0.99_789_9b7ea326,gamma_0.99,train,436,789,easy,5,5,0.1,0.99,0.05,default,100,3.0,8,1,1,0,0,0.0010688999900594354,
gamma_0.99_789_9b7ea326,gamma_0.99,train,437,789,easy,5,5,0.1,0.99,0.05,default,100,3.0,8,1,1,0,0,0.0010765999904833734,
gamma_0.99_789_9b7ea326,gamma_0.99,train,438,789,easy,5,5,0.1,0.99,0.05,default,100,2.0,9,1,1,0,0,0.0011451000027591363,
gamma_0.99_789_9b7ea326,gamma_0.99,train,439,789,easy,5,5,0.1,0.99,0.05,default,100,3.0,8,1,1,0,0,0.0010601999965729192,
gamma_0.99_789_9b7ea326,gamma_0.99,train,440,789,easy,5,5,0.1,0.99,0.05,default,100,3.0,8,1,1,0,0,0.0010698999976739287,
gamma_0.99_789_9b7ea326,gamma_0.99,train,441,789,easy,5,5,0.1,0.99,0.05,default,100,3.0,8,1,1,0,0,0.0010855000000447035,
gamma_0.99_789_9b7ea326,gamma_0.99,train,442,789,easy,5,5,0.1,0.99,0.05,default,100,3.0,8,1,1,0,0,0.0010492000001249835,
gamma_0.99_789_9b7ea326,gamma_0.99,train,443,789,easy,5,5,0.1,0.99,0.05,default,100,3.0,8,1,1,0,0,0.001107799995224923,
gamma_0.99_789_9b7ea326,gamma_0.99,train,444,789,easy,5,5,0.1,0.99,0.05,default,100,1.0,10,1,1,0,0,0.0012528000079328194,
gamma_0.99_789_9b7ea326,gamma_0.99,train,445,789,easy,5,5,0.1,0.99,0.05,default,100,3.0,8,1,1,0,0,0.0010312999947927892,
gamma_0.99_789_9b7ea326,gamma_0.99,train,446,789,easy,5,5,0.1,0.99,0.05,default,100,3.0,8,1,1,0,0,0.0010567999997874722,
gamma_0.99_789_9b7ea326,gamma_0.99,train,447,789,easy,5,5,0.1,0.99,0.05,default,100,3.0,8,1,1,0,0,0.0010848999954760075,
gamma_0.99_789_9b7ea326,gamma_0.99,train,448,789,easy,5,5,0.1,0.99,0.05,default,100,3.0,8,1,1,0,0,0.0011532000062288716,
gamma_0.99_789_9b7ea326,gamma_0.99,train,449,789,easy,5,5,0.1,0.99,0.05,default,100,2.0,9,1,1,0,0,0.0011826999980257824,
gamma_0.99_789_9b7ea326,gamma_0.99,train,450,789,easy,5,5,0.1,0.99,0.05,default,100,3.0,8,1,1,0,0,0.0010873999999603257,
gamma_0.99_789_9b7ea326,gamma_0.99,train,451,789,easy,5,5,0.1,0.99,0.05,default,100,3.0,8,1,1,0,0,0.0010346999915782362,
gamma_0.99_789_9b7ea326,gamma_0.99,train,452,789,easy,5,5,0.1,0.99,0.05,default,100,1.0,10,1,1,0,0,0.0012857000110670924,
gamma_0.99_789_9b7ea326,gamma_0.99,train,453,789,easy,5,5,0.1,0.99,0.05,default,100,3.0,8,1,1,0,0,0.0010643000132404268,
gamma_0.99_789_9b7ea326,gamma_0.99,train,454,789,easy,5,5,0.1,0.99,0.05,default,100,3.0,8,1,1,0,0,0.0010811000101966783,
gamma_0.99_789_9b7ea326,gamma_0.99,train,455,789,easy,5,5,0.1,0.99,0.05,default,100,3.0,8,1,1,0,0,0.0010711000068113208,
gamma_0.99_789_9b7ea326,gamma_0.99,train,456,789,easy,5,5,0.1,0.99,0.05,default,100,-1.0,12,1,1,0,0,0.0014445999986492097,
gamma_0.99_789_9b7ea326,gamma_0.99,train,457,789,easy,5,5,0.1,0.99,0.05,default,100,3.0,8,1,1,0,0,0.0010765000042738393,
gamma_0.99_789_9b7ea326,gamma_0.99,train,458,789,easy,5,5,0.1,0.99,0.05,default,100,3.0,8,1,1,0,0,0.001089999990654178,
gamma_0.99_789_9b7ea326,gamma_0.99,train,459,789,easy,5,5,0.1,0.99,0.05,default,100,-2.0,13,1,1,0,0,0.0015323999978136271,
gamma_0.99_789_9b7ea326,gamma_0.99,train,460,789,easy,5,5,0.1,0.99,0.05,default,100,3.0,8,1,1,0,0,0.0010628000018186867,
gamma_0.99_789_9b7ea326,gamma_0.99,train,461,789,easy,5,5,0.1,0.99,0.05,default,100,3.0,8,1,1,0,0,0.0011078000097768381,
gamma_0.99_789_9b7ea326,gamma_0.99,train,462,789,easy,5,5,0.1,0.99,0.05,default,100,2.0,9,1,1,0,0,0.001150299998698756,
gamma_0.99_789_9b7ea326,gamma_0.99,train,463,789,easy,5,5,0.1,0.99,0.05,default,100,3.0,8,1,1,0,0,0.001080700007150881,
gamma_0.99_789_9b7ea326,gamma_0.99,train,464,789,easy,5,5,0.1,0.99,0.05,default,100,3.0,8,1,1,0,0,0.0010787999926833436,
gamma_0.99_789_9b7ea326,gamma_0.99,train,465,789,easy,5,5,0.1,0.99,0.05,default,100,3.0,8,1,1,0,0,0.0011006999993696809,
gamma_0.99_789_9b7ea326,gamma_0.99,train,466,789,easy,5,5,0.1,0.99,0.05,default,100,3.0,8,1,1,0,0,0.0010866999946301803,
gamma_0.99_789_9b7ea326,gamma_0.99,train,467,789,easy,5,5,0.1,0.99,0.05,default,100,3.0,8,1,1,0,0,0.001080100002582185,
gamma_0.99_789_9b7ea326,gamma_0.99,train,468,789,easy,5,5,0.1,0.99,0.05,default,100,3.0,8,1,1,0,0,0.001076100001228042,
gamma_0.99_789_9b7ea326,gamma_0.99,train,469,789,easy,5,5,0.1,0.99,0.05,default,100,3.0,8,1,1,0,0,0.0010612000041874126,
gamma_0.99_789_9b7ea326,gamma_0.99,train,470,789,easy,5,5,0.1,0.99,0.05,default,100,1.0,10,1,1,0,0,0.001266200008103624,
gamma_0.99_789_9b7ea326,gamma_0.99,train,471,789,easy,5,5,0.1,0.99,0.05,default,100,3.0,8,1,1,0,0,0.0010678999969968572,
gamma_0.99_789_9b7ea326,gamma_0.99,train,472,789,easy,5,5,0.1,0.99,0.05,default,100,3.0,8,1,1,0,0,0.0010765000042738393,
gamma_0.99_789_9b7ea326,gamma_0.99,train,473,789,easy,5,5,0.1,0.99,0.05,default,100,3.0,8,1,1,0,0,0.0011210999946342781,
gamma_0.99_789_9b7ea326,gamma_0.99,train,474,789,easy,5,5,0.1,0.99,0.05,default,100,2.0,9,1,1,0,0,0.0011498999956529588,
gamma_0.99_789_9b7ea326,gamma_0.99,train,475,789,easy,5,5,0.1,0.99,0.05,default,100,3.0,8,1,1,0,0,0.0010742000013124198,
gamma_0.99_789_9b7ea326,gamma_0.99,train,476,789,easy,5,5,0.1,0.99,0.05,default,100,3.0,8,1,1,0,0,0.0010574000043561682,
gamma_0.99_789_9b7ea326,gamma_0.99,train,477,789,easy,5,5,0.1,0.99,0.05,default,100,2.0,9,1,1,0,0,0.0011550999915925786,
gamma_0.99_789_9b7ea326,gamma_0.99,train,478,789,easy,5,5,0.1,0.99,0.05,default,100,3.0,8,1,1,0,0,0.0010667999886209145,
gamma_0.99_789_9b7ea326,gamma_0.99,train,479,789,easy,5,5,0.1,0.99,0.05,default,100,3.0,8,1,1,0,0,0.0011051999899791554,
gamma_0.99_789_9b7ea326,gamma_0.99,train,480,789,easy,5,5,0.1,0.99,0.05,default,100,3.0,8,1,1,0,0,0.0010925999958999455,
gamma_0.99_789_9b7ea326,gamma_0.99,train,481,789,easy,5,5,0.1,0.99,0.05,default,100,3.0,8,1,1,0,0,0.001102299997000955,
gamma_0.99_789_9b7ea326,gamma_0.99,train,482,789,easy,5,5,0.1,0.99,0.05,default,100,2.0,9,1,1,0,0,0.0011326999956509098,
gamma_0.99_789_9b7ea326,gamma_0.99,train,483,789,easy,5,5,0.1,0.99,0.05,default,100,2.0,9,1,1,0,0,0.0011716000008163974,
gamma_0.99_789_9b7ea326,gamma_0.99,train,484,789,easy,5,5,0.1,0.99,0.05,default,100,1.0,10,1,1,0,0,0.0012207999970996752,
gamma_0.99_789_9b7ea326,gamma_0.99,train,485,789,easy,5,5,0.1,0.99,0.05,default,100,1.0,10,1,1,0,0,0.0012683000095421448,
gamma_0.99_789_9b7ea326,gamma_0.99,train,486,789,easy,5,5,0.1,0.99,0.05,default,100,3.0,8,1,1,0,0,0.0010882999922614545,
gamma_0.99_789_9b7ea326,gamma_0.99,train,487,789,easy,5,5,0.1,0.99,0.05,default,100,3.0,8,1,1,0,0,0.0010678999969968572,
gamma_0.99_789_9b7ea326,gamma_0.99,train,488,789,easy,5,5,0.1,0.99,0.05,default,100,3.0,8,1,1,0,0,0.001076100001228042,
gamma_0.99_789_9b7ea326,gamma_0.99,train,489,789,easy,5,5,0.1,0.99,0.05,default,100,3.0,8,1,1,0,0,0.0010610000026645139,
gamma_0.99_789_9b7ea326,gamma_0.99,train,490,789,easy,5,5,0.1,0.99,0.05,default,100,2.0,9,1,1,0,0,0.0010986999986926094,
gamma_0.99_789_9b7ea326,gamma_0.99,train,491,789,easy,5,5,0.1,0.99,0.05,default,100,3.0,8,1,1,0,0,0.0011163000017404556,
gamma_0.99_789_9b7ea326,gamma_0.99,train,492,789,easy,5,5,0.1,0.99,0.05,default,100,3.0,8,1,1,0,0,0.001073000006726943,
gamma_0.99_789_9b7ea326,gamma_0.99,train,493,789,easy,5,5,0.1,0.99,0.05,default,100,2.0,9,1,1,0,0,0.0011400999937904999,
gamma_0.99_789_9b7ea326,gamma_0.99,train,494,789,easy,5,5,0.1,0.99,0.05,default,100,1.0,10,1,1,0,0,0.0012540000025182962,
gamma_0.99_789_9b7ea326,gamma_0.99,train,495,789,easy,5,5,0.1,0.99,0.05,default,100,3.0,8,1,1,0,0,0.0010837000008905306,
gamma_0.99_789_9b7ea326,gamma_0.99,train,496,789,easy,5,5,0.1,0.99,0.05,default,100,3.0,8,1,1,0,0,0.0010705000022426248,
gamma_0.99_789_9b7ea326,gamma_0.99,train,497,789,easy,5,5,0.1,0.99,0.05,default,100,3.0,8,1,1,0,0,0.0010783000034280121,
gamma_0.99_789_9b7ea326,gamma_0.99,train,498,789,easy,5,5,0.1,0.99,0.05,default,100,1.0,10,1,1,0,0,0.0012636000028578565,
gamma_0.99_789_9b7ea326,gamma_0.99,train,499,789,easy,5,5,0.1,0.99,0.05,default,100,3.0,8,1,1,0,0,0.0010649000032572076,
gamma_0.99_789_9b7ea326,gamma_0.99,train,500,789,easy,5,5,0.1,0.99,0.05,default,100,3.0,8,1,1,0,0,0.0010191000037593767,
gamma_0.99_789_9b7ea326,gamma_0.99,train,501,789,easy,5,5,0.1,0.99,0.05,default,100,3.0,8,1,1,0,0,0.0011075999937020242,
gamma_0.99_789_9b7ea326,gamma_0.99,train,502,789,easy,5,5,0.1,0.99,0.05,default,100,3.0,8,1,1,0,0,0.0011038999946322292,
gamma_0.99_789_9b7ea326,gamma_0.99,train,503,789,easy,5,5,0.1,0.99,0.05,default,100,3.0,8,1,1,0,0,0.0010199999960605055,
gamma_0.99_789_9b7ea326,gamma_0.99,train,504,789,easy,5,5,0.1,0.99,0.05,default,100,3.0,8,1,1,0,0,0.0010748000058811158,
gamma_0.99_789_9b7ea326,gamma_0.99,train,505,789,easy,5,5,0.1,0.99,0.05,default,100,2.0,9,1,1,0,0,0.0011509000032674521,
gamma_0.99_789_9b7ea326,gamma_0.99,train,506,789,easy,5,5,0.1,0.99,0.05,default,100,3.0,8,1,1,0,0,0.0010787000064738095,
gamma_0.99_789_9b7ea326,gamma_0.99,train,507,789,easy,5,5,0.1,0.99,0.05,default,100,3.0,8,1,1,0,0,0.0010624999995343387,
gamma_0.99_789_9b7ea326,gamma_0.99,train,508,789,easy,5,5,0.1,0.99,0.05,default,100,1.0,10,1,1,0,0,0.0012672000011662021,
gamma_0.99_789_9b7ea326,gamma_0.99,train,509,789,easy,5,5,0.1,0.99,0.05,default,100,1.0,10,1,1,0,0,0.0012647999974433333,
gamma_0.99_789_9b7ea326,gamma_0.99,train,510,789,easy,5,5,0.1,0.99,0.05,default,100,3.0,8,1,1,0,0,0.001067200006218627,
gamma_0.99_789_9b7ea326,gamma_0.99,train,511,789,easy,5,5,0.1,0.99,0.05,default,100,3.0,8,1,1,0,0,0.0010906999959843233,
gamma_0.99_789_9b7ea326,gamma_0.99,train,512,789,easy,5,5,0.1,0.99,0.05,default,100,3.0,8,1,1,0,0,0.0010617000079946592,
gamma_0.99_789_9b7ea326,gamma_0.99,train,513,789,easy,5,5,0.1,0.99,0.05,default,100,3.0,8,1,1,0,0,0.0010711000068113208,
gamma_0.99_789_9b7ea326,gamma_0.99,train,514,789,easy,5,5,0.1,0.99,0.05,default,100,3.0,8,1,1,0,0,0.0010903999936999753,
gamma_0.99_789_9b7ea326,gamma_0.99,train,515,789,easy,5,5,0.1,0.99,0.05,default,100,3.0,8,1,1,0,0,0.0011049000022467226,
gamma_0.99_789_9b7ea326,gamma_0.99,train,516,789,easy,5,5,0.1,0.99,0.05,default,100,3.0,8,1,1,0,0,0.001014299996313639,
gamma_0.99_789_9b7ea326,gamma_0.99,train,517,789,easy,5,5,0.1,0.99,0.05,default,100,3.0,8,1,1,0,0,0.0010817000002134591,
gamma_0.99_789_9b7ea326,gamma_0.99,train,518,789,easy,5,5,0.1,0.99,0.05,default,100,3.0,8,1,1,0,0,0.001013699991744943,
gamma_0.99_789_9b7ea326,gamma_0.99,train,519,789,easy,5,5,0.1,0.99,0.05,default,100,2.0,9,1,1,0,0,0.0011446000135038048,
gamma_0.99_789_9b7ea326,gamma_0.99,train,520,789,easy,5,5,0.1,0.99,0.05,default,100,1.0,10,1,1,0,0,0.0012642999936360866,
gamma_0.99_789_9b7ea326,gamma_0.99,train,521,789,easy,5,5,0.1,0.99,0.05,default,100,3.0,8,1,1,0,0,0.0010899000044446439,
gamma_0.99_789_9b7ea326,gamma_0.99,train,522,789,easy,5,5,0.1,0.99,0.05,default,100,3.0,8,1,1,0,0,0.0010895000013988465,
gamma_0.99_789_9b7ea326,gamma_0.99,train,523,789,easy,5,5,0.1,0.99,0.05,default,100,3.0,8,1,1,0,0,0.0010685000015655532,
gamma_0.99_789_9b7ea326,gamma_0.99,train,524,789,easy,5,5,0.1,0.99,0.05,default,100,3.0,8,1,1,0,0,0.0010728999914135784,
gamma_0.99_789_9b7ea326,gamma_0.99,train,525,789,easy,5,5,0.1,0.99,0.05,default,100,3.0,8,1,1,0,0,0.0010688000038499013,
gamma_0.99_789_9b7ea326,gamma_0.99,train,526,789,easy,5,5,0.1,0.99,0.05,default,100,3.0,8,1,1,0,0,0.0010806999925989658,
gamma_0.99_789_9b7ea326,gamma_0.99,train,527,789,easy,5,5,0.1,0.99,0.05,default,100,3.0,8,1,1,0,0,0.0010680000123102218,
gamma_0.99_789_9b7ea326,gamma_0.99,train,528,789,easy,5,5,0.1,0.99,0.05,default,100,3.0,8,1,1,0,0,0.0010430999973323196,
gamma_0.99_789_9b7ea326,gamma_0.99,train,529,789,easy,5,5,0.1,0.99,0.05,default,100,3.0,8,1,1,0,0,0.0010174000053666532,
gamma_0.99_789_9b7ea326,gamma_0.99,train,530,789,easy,5,5,0.1,0.99,0.05,default,100,1.0,10,1,1,0,0,0.001275799993891269,
gamma_0.99_789_9b7ea326,gamma_0.99,train,531,789,easy,5,5,0.1,0.99,0.05,default,100,2.0,9,1,1,0,0,0.0011514000070746988,
gamma_0.99_789_9b7ea326,gamma_0.99,train,532,789,easy,5,5,0.1,0.99,0.05,default,100,3.0,8,1,1,0,0,0.0011101999989477918,
gamma_0.99_789_9b7ea326,gamma_0.99,train,533,789,easy,5,5,0.1,0.99,0.05,default,100,3.0,8,1,1,0,0,0.0010896000021602958,
gamma_0.99_789_9b7ea326,gamma_0.99,train,534,789,easy,5,5,0.1,0.99,0.05,default,100,3.0,8,1,1,0,0,0.0010735999967437238,
gamma_0.99_789_9b7ea326,gamma_0.99,train,535,789,easy,5,5,0.1,0.99,0.05,default,100,0.0,11,1,1,0,0,0.0013620999961858615,
gamma_0.99_789_9b7ea326,gamma_0.99,train,536,789,easy,5,5,0.1,0.99,0.05,default,100,2.0,9,1,1,0,0,0.0011509000032674521,
gamma_0.99_789_9b7ea326,gamma_0.99,train,537,789,easy,5,5,0.1,0.99,0.05,default,100,3.0,8,1,1,0,0,0.0010722000006353483,
gamma_0.99_789_9b7ea326,gamma_0.99,train,538,789,easy,5,5,0.1,0.99,0.05,default,100,3.0,8,1,1,0,0,0.0010762000019894913,
gamma_0.99_789_9b7ea326,gamma_0.99,train,539,789,easy,5,5,0.1,0.99,0.05,default,100,3.0,8,1,1,0,0,0.0010569000005489215,
gamma_0.99_789_9b7ea326,gamma_0.99,train,540,789,easy,5,5,0.1,0.99,0.05,default,100,3.0,8,1,1,0,0,0.0010716999968281016,
gamma_0.99_789_9b7ea326,gamma_0.99,train,541,789,easy,5,5,0.1,0.99,0.05,default,100,3.0,8,1,1,0,0,0.0010930999997071922,
gamma_0.99_789_9b7ea326,gamma_0.99,train,542,789,easy,5,5,0.1,0.99,0.05,default,100,3.0,8,1,1,0,0,0.0010888999968301505,
gamma_0.99_789_9b7ea326,gamma_0.99,train,543,789,easy,5,5,0.1,0.99,0.05,default,100,3.0,8,1,1,0,0,0.0010728000052040443,
gamma_0.99_789_9b7ea326,gamma_0.99,train,544,789,easy,5,5,0.1,0.99,0.05,default,100,3.0,8,1,1,0,0,0.001078899993444793,
gamma_0.99_789_9b7ea326,gamma_0.99,train,545,789,easy,5,5,0.1,0.99,0.05,default,100,3.0,8,1,1,0,0,0.001021999996737577,
gamma_0.99_789_9b7ea326,gamma_0.99,train,546,789,easy,5,5,0.1,0.99,0.05,default,100,3.0,8,1,1,0,0,0.0010908000112976879,
gamma_0.99_789_9b7ea326,gamma_0.99,train,547,789,easy,5,5,0.1,0.99,0.05,default,100,3.0,8,1,1,0,0,0.0010860999900614843,
gamma_0.99_789_9b7ea326,gamma_0.99,train,548,789,easy,5,5,0.1,0.99,0.05,default,100,3.0,8,1,1,0,0,0.001070300000719726,
gamma_0.99_789_9b7ea326,gamma_0.99,train,549,789,easy,5,5,0.1,0.99,0.05,default,100,3.0,8,1,1,0,0,0.001073600011295639,
gamma_0.99_789_9b7ea326,gamma_0.99,train,550,789,easy,5,5,0.1,0.99,0.05,default,100,2.0,9,1,1,0,0,0.00120009999955073,
gamma_0.99_789_9b7ea326,gamma_0.99,train,551,789,easy,5,5,0.1,0.99,0.05,default,100,3.0,8,1,1,0,0,0.0010562000097706914,
gamma_0.99_789_9b7ea326,gamma_0.99,train,552,789,easy,5,5,0.1,0.99,0.05,default,100,3.0,8,1,1,0,0,0.001069999998435378,
gamma_0.99_789_9b7ea326,gamma_0.99,train,553,789,easy,5,5,0.1,0.99,0.05,default,100,3.0,8,1,1,0,0,0.001079499998013489,
gamma_0.99_789_9b7ea326,gamma_0.99,train,554,789,easy,5,5,0.1,0.99,0.05,default,100,2.0,9,1,1,0,0,0.0011008000001311302,
gamma_0.99_789_9b7ea326,gamma_0.99,train,555,789,easy,5,5,0.1,0.99,0.05,default,100,-16.0,7,0,1,0,1,0.000930900001549162,
gamma_0.99_789_9b7ea326,gamma_0.99,train,556,789,easy,5,5,0.1,0.99,0.05,default,100,3.0,8,1,1,0,0,0.0010188000014750287,
gamma_0.99_789_9b7ea326,gamma_0.99,train,557,789,easy,5,5,0.1,0.99,0.05,default,100,1.0,10,1,1,0,0,0.0012387000024318695,
gamma_0.99_789_9b7ea326,gamma_0.99,train,558,789,easy,5,5,0.1,0.99,0.05,default,100,3.0,8,1,1,0,0,0.0010645000002114102,
gamma_0.99_789_9b7ea326,gamma_0.99,train,559,789,easy,5,5,0.1,0.99,0.05,default,100,3.0,8,1,1,0,0,0.001098299995646812,
gamma_0.99_789_9b7ea326,gamma_0.99,train,560,789,easy,5,5,0.1,0.99,0.05,default,100,3.0,8,1,1,0,0,0.001080100002582185,
gamma_0.99_789_9b7ea326,gamma_0.99,train,561,789,easy,5,5,0.1,0.99,0.05,default,100,3.0,8,1,1,0,0,0.0010542000090936199,
gamma_0.99_789_9b7ea326,gamma_0.99,train,562,789,easy,5,5,0.1,0.99,0.05,default,100,1.0,10,1,1,0,0,0.0012852000072598457,
gamma_0.99_789_9b7ea326,gamma_0.99,train,563,789,easy,5,5,0.1,0.99,0.05,default,100,3.0,8,1,1,0,0,0.0010661999986041337,
gamma_0.99_789_9b7ea326,gamma_0.99,train,564,789,easy,5,5,0.1,0.99,0.05,default,100,3.0,8,1,1,0,0,0.001080799993360415,
gamma_0.99_789_9b7ea326,gamma_0.99,train,565,789,easy,5,5,0.1,0.99,0.05,default,100,3.0,8,1,1,0,0,0.0010645000002114102,
gamma_0.99_789_9b7ea326,gamma_0.99,train,566,789,easy,5,5,0.1,0.99,0.05,default,100,3.0,8,1,1,0,0,0.001031799998600036,
gamma_0.99_789_9b7ea326,gamma_0.99,train,567,789,easy,5,5,0.1,0.99,0.05,default,100,3.0,8,1,1,0,0,0.0010731000074883923,
gamma_0.99_789_9b7ea326,gamma_0.99,train,568,789,easy,5,5,0.1,0.99,0.05,default,100,3.0,8,1,1,0,0,0.0010839000024134293,
gamma_0.99_789_9b7ea326,gamma_0.99,train,569,789,easy,5,5,0.1,0.99,0.05,default,100,3.0,8,1,1,0,0,0.0011474999919300899,
gamma_0.99_789_9b7ea326,gamma_0.99,train,570,789,easy,5,5,0.1,0.99,0.05,default,100,-14.0,5,0,1,0,1,0.000680500001180917,
gamma_0.99_789_9b7ea326,gamma_0.99,train,571,789,easy,5,5,0.1,0.99,0.05,default,100,3.0,8,1,1,0,0,0.0010694000084185973,
gamma_0.99_789_9b7ea326,gamma_0.99,train,572,789,easy,5,5,0.1,0.99,0.05,default,100,-1.0,12,1,1,0,0,0.0015033999952720478,
gamma_0.99_789_9b7ea326,gamma_0.99,train,573,789,easy,5,5,0.1,0.99,0.05,default,100,3.0,8,1,1,0,0,0.0010938999912468717,
gamma_0.99_789_9b7ea326,gamma_0.99,train,574,789,easy,5,5,0.1,0.99,0.05,default,100,3.0,8,1,1,0,0,0.0010608000011416152,
gamma_0.99_789_9b7ea326,gamma_0.99,train,575,789,easy,5,5,0.1,0.99,0.05,default,100,3.0,8,1,1,0,0,0.0010820000024978071,
gamma_0.99_789_9b7ea326,gamma_0.99,train,576,789,easy,5,5,0.1,0.99,0.05,default,100,3.0,8,1,1,0,0,0.0010586999997030944,
gamma_0.99_789_9b7ea326,gamma_0.99,train,577,789,easy,5,5,0.1,0.99,0.05,default,100,0.0,11,1,1,0,0,0.0013409000093815848,
gamma_0.99_789_9b7ea326,gamma_0.99,train,578,789,easy,5,5,0.1,0.99,0.05,default,100,3.0,8,1,1,0,0,0.0010954000026686117,
gamma_0.99_789_9b7ea326,gamma_0.99,train,579,789,easy,5,5,0.1,0.99,0.05,default,100,3.0,8,1,1,0,0,0.0010780000011436641,
gamma_0.99_789_9b7ea326,gamma_0.99,train,580,789,easy,5,5,0.1,0.99,0.05,default,100,1.0,10,1,1,0,0,0.0014645999908680096,
gamma_0.99_789_9b7ea326,gamma_0.99,train,581,789,easy,5,5,0.1,0.99,0.05,default,100,2.0,9,1,1,0,0,0.001171500000054948,
gamma_0.99_789_9b7ea326,gamma_0.99,train,582,789,easy,5,5,0.1,0.99,0.05,default,100,3.0,8,1,1,0,0,0.0011110999912489206,
gamma_0.99_789_9b7ea326,gamma_0.99,train,583,789,easy,5,5,0.1,0.99,0.05,default,100,3.0,8,1,1,0,0,0.0010796999995363876,
gamma_0.99_789_9b7ea326,gamma_0.99,train,584,789,easy,5,5,0.1,0.99,0.05,default,100,3.0,8,1,1,0,0,0.0010751000081654638,
gamma_0.99_789_9b7ea326,gamma_0.99,train,585,789,easy,5,5,0.1,0.99,0.05,default,100,3.0,8,1,1,0,0,0.001078599991160445,
gamma_0.99_789_9b7ea326,gamma_0.99,train,586,789,easy,5,5,0.1,0.99,0.05,default,100,3.0,8,1,1,0,0,0.0011479000095278025,
gamma_0.99_789_9b7ea326,gamma_0.99,train,587,789,easy,5,5,0.1,0.99,0.05,default,100,3.0,8,1,1,0,0,0.001095200001145713,
gamma_0.99_789_9b7ea326,gamma_0.99,train,588,789,easy,5,5,0.1,0.99,0.05,default,100,3.0,8,1,1,0,0,0.001065000004018657,
gamma_0.99_789_9b7ea326,gamma_0.99,train,589,789,easy,5,5,0.1,0.99,0.05,default,100,3.0,8,1,1,0,0,0.0010774999973364174,
gamma_0.99_789_9b7ea326,gamma_0.99,train,590,789,easy,5,5,0.1,0.99,0.05,default,100,1.0,10,1,1,0,0,0.0012040000001434237,
gamma_0.99_789_9b7ea326,gamma_0.99,train,591,789,easy,5,5,0.1,0.99,0.05,default,100,3.0,8,1,1,0,0,0.0010698999976739287,
gamma_0.99_789_9b7ea326,gamma_0.99,train,592,789,easy,5,5,0.1,0.99,0.05,default,100,3.0,8,1,1,0,0,0.0010605999996187165,
gamma_0.99_789_9b7ea326,gamma_0.99,train,593,789,easy,5,5,0.1,0.99,0.05,default,100,3.0,8,1,1,0,0,0.0010829999955603853,
gamma_0.99_789_9b7ea326,gamma_0.99,train,594,789,easy,5,5,0.1,0.99,0.05,default,100,3.0,8,1,1,0,0,0.0010239999974146485,
gamma_0.99_789_9b7ea326,gamma_0.99,train,595,789,easy,5,5,0.1,0.99,0.05,default,100,3.0,8,1,1,0,0,0.0010746000043582171,
gamma_0.99_789_9b7ea326,gamma_0.99,train,596,789,easy,5,5,0.1,0.99,0.05,default,100,3.0,8,1,1,0,0,0.001095200001145713,
gamma_0.99_789_9b7ea326,gamma_0.99,train,597,789,easy,5,5,0.1,0.99,0.05,default,100,1.0,10,1,1,0,0,0.0012788000021828339,
gamma_0.99_789_9b7ea326,gamma_0.99,train,598,789,easy,5,5,0.1,0.99,0.05,default,100,3.0,8,1,1,0,0,0.0011088999890489504,
gamma_0.99_789_9b7ea326,gamma_0.99,train,599,789,easy,5,5,0.1,0.99,0.05,default,100,3.0,8,1,1,0,0,0.0010295000101905316,
gamma_0.99_789_9b7ea326,gamma_0.99,train,600,789,easy,5,5,0.1,0.99,0.05,default,100,3.0,8,1,1,0,0,0.0011029999877791852,results\gamma_comparison\gamma_0.99\seed_789\qtable_ep600.npz
gamma_0.99_789_9b7ea326,gamma_0.99,train,601,789,easy,5,5,0.1,0.99,0.05,default,100,1.0,10,1,1,0,0,0.0013296999968588352,
gamma_0.99_789_9b7ea326,gamma_0.99,train,602,789,easy,5,5,0.1,0.99,0.05,default,100,3.0,8,1,1,0,0,0.0010891999991144985,
gamma_0.99_789_9b7ea326,gamma_0.99,train,603,789,easy,5,5,0.1,0.99,0.05,default,100,1.0,10,1,1,0,0,0.0012802999990526587,
gamma_0.99_789_9b7ea326,gamma_0.99,train,604,789,easy,5,5,0.1,0.99,0.05,default,100,3.0,8,1,1,0,0,0.001069300007657148,
gamma_0.99_789_9b7ea326,gamma_0.99,train,605,789,easy,5,5,0.1,0.99,0.05,default,100,3.0,8,1,1,0,0,0.001092400008928962,
gamma_0.99_789_9b7ea326,gamma_0.99,train,606,789,easy,5,5,0.1,0.99,0.05,default,100,3.0,8,1,1,0,0,0.00107709999429062,
gamma_0.99_789_9b7ea326,gamma_0.99,train,607,789,easy,5,5,0.1,0.99,0.05,default,100,2.0,9,1,1,0,0,0.0011280000035185367,
gamma_0.99_789_9b7ea326,gamma_0.99,train,608,789,easy,5,5,0.1,0.99,0.05,default,100,3.0,8,1,1,0,0,0.0010665000008884817,
gamma_0.99_789_9b7ea326,gamma_0.99,train,609,789,easy,5,5,0.1,0.99,0.05,default,100,3.0,8,1,1,0,0,0.0010818000009749085,
gamma_0.99_789_9b7ea326,gamma_0.99,train,610,789,easy,5,5,0.1,0.99,0.05,default,100,3.0,8,1,1,0,0,0.0010738999990280718,
gamma_0.99_789_9b7ea326,gamma_0.99,train,611,789,easy,5,5,0.1,0.99,0.05,default,100,3.0,8,1,1,0,0,0.001065600008587353,
gamma_0.99_789_9b7ea326,gamma_0.99,train,612,789,easy,5,5,0.1,0.99,0.05,default,100,-2.0,13,1,1,0,0,0.0015192999999271706,
gamma_0.99_789_9b7ea326,gamma_0.99,train,613,789,easy,5,5,0.1,0.99,0.05,default,100,1.0,10,1,1,0,0,0.001291199994739145,
gamma_0.99_789_9b7ea326,gamma_0.99,train,614,789,easy,5,5,0.1,0.99,0.05,default,100,3.0,8,1,1,0,0,0.0010910999990301207,
gamma_0.99_789_9b7ea326,gamma_0.99,train,615,789,easy,5,5,0.1,0.99,0.05,default,100,3.0,8,1,1,0,0,0.0011639000003924593,
gamma_0.99_789_9b7ea326,gamma_0.99,train,616,789,easy,5,5,0.1,0.99,0.05,default,100,3.0,8,1,1,0,0,0.0010805000056279823,
gamma_0.99_789_9b7ea326,gamma_0.99,train,617,789,easy,5,5,0.1,0.99,0.05,default,100,3.0,8,1,1,0,0,0.0010821000032592565,
gamma_0.99_789_9b7ea326,gamma_0.99,train,618,789,easy,5,5,0.1,0.99,0.05,default,100,3.0,8,1,1,0,0,0.0010571999882813543,
gamma_0.99_789_9b7ea326,gamma_0.99,train,619,789,easy,5,5,0.1,0.99,0.05,default,100,3.0,8,1,1,0,0,0.0010337000130675733,
gamma_0.99_789_9b7ea326,gamma_0.99,train,620,789,easy,5,5,0.1,0.99,0.05,default,100,3.0,8,1,1,0,0,0.0009705000120447949,
gamma_0.99_789_9b7ea326,gamma_0.99,train,621,789,easy,5,5,0.1,0.99,0.05,default,100,1.0,10,1,1,0,0,0.0013024999934714288,
gamma_0.99_789_9b7ea326,gamma_0.99,train,622,789,easy,5,5,0.1,0.99,0.05,default,100,2.0,9,1,1,0,0,0.0010981999948853627,
gamma_0.99_789_9b7ea326,gamma_0.99,train,623,789,easy,5,5,0.1,0.99,0.05,default,100,3.0,8,1,1,0,0,0.0010750000074040145,
gamma_0.99_789_9b7ea326,gamma_0.99,train,624,789,easy,5,5,0.1,0.99,0.05,default,100,3.0,8,1,1,0,0,0.0010624999995343387,
gamma_0.99_789_9b7ea326,gamma_0.99,train,625,789,easy,5,5,0.1,0.99,0.05,default,100,3.0,8,1,1,0,0,0.0010775999980978668,
gamma_0.99_789_9b7ea326,gamma_0.99,train,626,789,easy,5,5,0.1,0.99,0.05,default,100,3.0,8,1,1,0,0,0.0010790000087581575,
gamma_0.99_789_9b7ea326,gamma_0.99,train,627,789,easy,5,5,0.1,0.99,0.05,default,100,1.0,10,1,1,0,0,0.0012627000105567276,
gamma_0.99_789_9b7ea326,gamma_0.99,train,628,789,easy,5,5,0.1,0.99,0.05,default,100,3.0,8,1,1,0,0,0.001032799991662614,
gamma_0.99_789_9b7ea326,gamma_0.99,train,629,789,easy,5,5,0.1,0.99,0.05,default,100,3.0,8,1,1,0,0,0.0010734000097727403,
gamma_0.99_789_9b7ea326,gamma_0.99,train,630,789,easy,5,5,0.1,0.99,0.05,default,100,3.0,8,1,1,0,0,0.0010406999936094508,
gamma_0.99_789_9b7ea326,gamma_0.99,train,631,789,easy,5,5,0.1,0.99,0.05,default,100,3.0,8,1,1,0,0,0.0010420000035082921,
gamma_0.99_789_9b7ea326,gamma_0.99,train,632,789,easy,5,5,0.1,0.99,0.05,default,100,3.0,8,1,1,0,0,0.0011177999986102805,
gamma_0.99_789_9b7ea326,gamma_0.99,train,633,789,easy,5,5,0.1,0.99,0.05,default,100,3.0,8,1,1,0,0,0.0010627000010572374,
gamma_0.99_789_9b7ea326,gamma_0.99,train,634,789,easy,5,5,0.1,0.99,0.05,default,100,2.0,9,1,1,0,0,0.0011473999911686406,
gamma_0.99_789_9b7ea326,gamma_0.99,train,635,789,easy,5,5,0.1,0.99,0.05,default,100,3.0,8,1,1,0,0,0.0010655000078259036,
gamma_0.99_789_9b7ea326,gamma_0.99,train,636,789,easy,5,5,0.1,0.99,0.05,default,100,3.0,8,1,1,0,0,0.0010901000059675425,
gamma_0.99_789_9b7ea326,gamma_0.99,train,637,789,easy,5,5,0.1,0.99,0.05,default,100,3.0,8,1,1,0,0,0.001096400010283105,
gamma_0.99_789_9b7ea326,gamma_0.99,train,638,789,easy,5,5,0.1,0.99,0.05,default,100,3.0,8,1,1,0,0,0.0010649999894667417,
gamma_0.99_789_9b7ea326,gamma_0.99,train,639,789,easy,5,5,0.1,0.99,0.05,default,100,3.0,8,1,1,0,0,0.0010747000051196665,
gamma_0.99_789_9b7ea326,gamma_0.99,train,640,789,easy,5,5,0.1,0.99,0.05,default,100,3.0,8,1,1,0,0,0.0010566999990260229,
gamma_0.99_789_9b7ea326,gamma_0.99,train,641,789,easy,5,5,0.1,0.99,0.05,default,100,1.0,10,1,1,0,0,0.0012830000050598755,
gamma_0.99_789_9b7ea326,gamma_0.99,train,642,789,easy,5,5,0.1,0.99,0.05,default,100,3.0,8,1,1,0,0,0.0010714000090956688,
gamma_0.99_789_9b7ea326,gamma_0.99,train,643,789,easy,5,5,0.1,0.99,0.05,default,100,3.0,8,1,1,0,0,0.001036100002238527,
gamma_0.99_789_9b7ea326,gamma_0.99,train,644,789,easy,5,5,0.1,0.99,0.05,default,100,-16.0,7,0,1,0,1,0.0009118000016314909,
gamma_0.99_789_9b7ea326,gamma_0.99,train,645,789,easy,5,5,0.1,0.99,0.05,default,100,3.0,8,1,1,0,0,0.0010845000069821253,
gamma_0.99_789_9b7ea326,gamma_0.99,train,646,789,easy,5,5,0.1,0.99,0.05,default,100,3.0,8,1,1,0,0,0.0010533000022405759,
gamma_0.99_789_9b7ea326,gamma_0.99,train,647,789,easy,5,5,0.1,0.99,0.05,default,100,3.0,8,1,1,0,0,0.0010737999982666224,
gamma_0.99_789_9b7ea326,gamma_0.99,train,648,789,easy,5,5,0.1,0.99,0.05,default,100,3.0,8,1,1,0,0,0.0010675999947125092,
gamma_0.99_789_9b7ea326,gamma_0.99,train,649,789,easy,5,5,0.1,0.99,0.05,default,100,3.0,8,1,1,0,0,0.0010751000081654638,
gamma_0.99_789_9b7ea326,gamma_0.99,train,650,789,easy,5,5,0.1,0.99,0.05,default,100,2.0,9,1,1,0,0,0.0011651999957393855,
gamma_0.99_789_9b7ea326,gamma_0.99,train,651,789,easy,5,5,0.1,0.99,0.05,default,100,3.0,8,1,1,0,0,0.001062600000295788,
gamma_0.99_789_9b7ea326,gamma_0.99,train,652,789,easy,5,5,0.1,0.99,0.05,default,100,0.0,11,1,1,0,0,0.0013326000043889508,
gamma_0.99_789_9b7ea326,gamma_0.99,train,653,789,easy,5,5,0.1,0.99,0.05,default,100,1.0,10,1,1,0,0,0.0012472000089474022,
gamma_0.99_789_9b7ea326,gamma_0.99,train,654,789,easy,5,5,0.1,0.99,0.05,default,100,3.0,8,1,1,0,0,0.0010808999941218644,
gamma_0.99_789_9b7ea326,gamma_0.99,train,655,789,easy,5,5,0.1,0.99,0.05,default,100,3.0,8,1,1,0,0,0.0010794000118039548,
gamma_0.99_789_9b7ea326,gamma_0.99,train,656,789,easy,5,5,0.1,0.99,0.05,default,100,3.0,8,1,1,0,0,0.0010683000000426546,
gamma_0.99_789_9b7ea326,gamma_0.99,train,657,789,easy,5,5,0.1,0.99,0.05,default,100,1.0,10,1,1,0,0,0.0012768000015057623,
gamma_0.99_789_9b7ea326,gamma_0.99,train,658,789,easy,5,5,0.1,0.99,0.05,default,100,3.0,8,1,1,0,0,0.0010845999931916595,
gamma_0.99_789_9b7ea326,gamma_0.99,train,659,789,easy,5,5,0.1,0.99,0.05,default,100,3.0,8,1,1,0,0,0.0010507000115467235,
gamma_0.99_789_9b7ea326,gamma_0.99,train,660,789,easy,5,5,0.1,0.99,0.05,default,100,3.0,8,1,1,0,0,0.0010506999969948083,
gamma_0.99_789_9b7ea326,gamma_0.99,train,661,789,easy,5,5,0.1,0.99,0.05,default,100,2.0,9,1,1,0,0,0.0011765000090235844,
gamma_0.99_789_9b7ea326,gamma_0.99,train,662,789,easy,5,5,0.1,0.99,0.05,default,100,1.0,10,1,1,0,0,0.0012571000115713105,
gamma_0.99_789_9b7ea326,gamma_0.99,train,663,789,easy,5,5,0.1,0.99,0.05,default,100,3.0,8,1,1,0,0,0.0010366999922553077,
gamma_0.99_789_9b7ea326,gamma_0.99,train,664,789,easy,5,5,0.1,0.99,0.05,default,100,2.0,9,1,1,0,0,0.001153000004705973,
gamma_0.99_789_9b7ea326,gamma_0.99,train,665,789,easy,5,5,0.1,0.99,0.05,default,100,2.0,9,1,1,0,0,0.001135500002419576,
gamma_0.99_789_9b7ea326,gamma_0.99,train,666,789,easy,5,5,0.1,0.99,0.05,default,100,2.0,9,1,1,0,0,0.0010946999973384663,
gamma_0.99_789_9b7ea326,gamma_0.99,train,667,789,easy,5,5,0.1,0.99,0.05,default,100,3.0,8,1,1,0,0,0.0010748000058811158,
gamma_0.99_789_9b7ea326,gamma_0.99,train,668,789,easy,5,5,0.1,0.99,0.05,default,100,3.0,8,1,1,0,0,0.001050299993949011,
gamma_0.99_789_9b7ea326,gamma_0.99,train,669,789,easy,5,5,0.1,0.99,0.05,default,100,3.0,8,1,1,0,0,0.0010747000051196665,
gamma_0.99_789_9b7ea326,gamma_0.99,train,670,789,easy,5,5,0.1,0.99,0.05,default,100,-14.0,5,0,1,0,1,0.0006916999991517514,
gamma_0.99_789_9b7ea326,gamma_0.99,train,671,789,easy,5,5,0.1,0.99,0.05,default,100,3.0,8,1,1,0,0,0.0010201999975834042,
gamma_0.99_789_9b7ea326,gamma_0.99,train,672,789,easy,5,5,0.1,0.99,0.05,default,100,3.0,8,1,1,0,0,0.0010762000019894913,
gamma_0.99_789_9b7ea326,gamma_0.99,train,673,789,easy,5,5,0.1,0.99,0.05,default,100,3.0,8,1,1,0,0,0.00105489999987185,
gamma_0.99_789_9b7ea326,gamma_0.99,train,674,789,easy,5,5,0.1,0.99,0.05,default,100,3.0,8,1,1,0,0,0.0010851999977603555,
gamma_0.99_789_9b7ea326,gamma_0.99,train,675,789,easy,5,5,0.1,0.99,0.05,default,100,2.0,9,1,1,0,0,0.0011330999986967072,
gamma_0.99_789_9b7ea326,gamma_0.99,train,676,789,easy,5,5,0.1,0.99,0.05,default,100,3.0,8,1,1,0,0,0.0010332000092603266,
gamma_0.99_789_9b7ea326,gamma_0.99,train,677,789,easy,5,5,0.1,0.99,0.05,default,100,3.0,8,1,1,0,0,0.0010254999942844734,
gamma_0.99_789_9b7ea326,gamma_0.99,train,678,789,easy,5,5,0.1,0.99,0.05,default,100,-16.0,7,0,1,0,1,0.0008766999962972477,
gamma_0.99_789_9b7ea326,gamma_0.99,train,679,789,easy,5,5,0.1,0.99,0.05,default,100,3.0,8,1,1,0,0,0.0010954000026686117,
gamma_0.99_789_9b7ea326,gamma_0.99,train,680,789,easy,5,5,0.1,0.99,0.05,default,100,3.0,8,1,1,0,0,0.0010980999941239133,
gamma_0.99_789_9b7ea326,gamma_0.99,train,681,789,easy,5,5,0.1,0.99,0.05,default,100,2.0,9,1,1,0,0,0.0011589000059757382,
gamma_0.99_789_9b7ea326,gamma_0.99,train,682,789,easy,5,5,0.1,0.99,0.05,default,100,3.0,8,1,1,0,0,0.0010845000069821253,
gamma_0.99_789_9b7ea326,gamma_0.99,train,683,789,easy,5,5,0.1,0.99,0.05,default,100,3.0,8,1,1,0,0,0.0010719999991124496,
gamma_0.99_789_9b7ea326,gamma_0.99,train,684,789,easy,5,5,0.1,0.99,0.05,default,100,2.0,9,1,1,0,0,0.0011402999953133985,
gamma_0.99_789_9b7ea326,gamma_0.99,train,685,789,easy,5,5,0.1,0.99,0.05,default,100,3.0,8,1,1,0,0,0.001081000009435229,
gamma_0.99_789_9b7ea326,gamma_0.99,train,686,789,easy,5,5,0.1,0.99,0.05,default,100,1.0,10,1,1,0,0,0.0012694999895757064,
gamma_0.99_789_9b7ea326,gamma_0.99,train,687,789,easy,5,5,0.1,0.99,0.05,default,100,3.0,8,1,1,0,0,0.0010928000119747594,
gamma_0.99_789_9b7ea326,gamma_0.99,train,688,789,easy,5,5,0.1,0.99,0.05,default,100,3.0,8,1,1,0,0,0.0010550000006332994,
gamma_0.99_789_9b7ea326,gamma_0.99,train,689,789,easy,5,5,0.1,0.99,0.05,default,100,3.0,8,1,1,0,0,0.0010796999995363876,
gamma_0.99_789_9b7ea326,gamma_0.99,train,690,789,easy,5,5,0.1,0.99,0.05,default,100,3.0,8,1,1,0,0,0.0010561999952187762,
gamma_0.99_789_9b7ea326,gamma_0.99,train,691,789,easy,5,5,0.1,0.99,0.05,default,100,2.0,9,1,1,0,0,0.001141900007496588,
gamma_0.99_789_9b7ea326,gamma_0.99,train,692,789,easy,5,5,0.1,0.99,0.05,default,100,-2.0,13,1,1,0,0,0.0015165999939199537,
gamma_0.99_789_9b7ea326,gamma_0.99,train,693,789,easy,5,5,0.1,0.99,0.05,default,100,3.0,8,1,1,0,0,0.0010159000084968284,
gamma_0.99_789_9b7ea326,gamma_0.99,train,694,789,easy,5,5,0.1,0.99,0.05,default,100,3.0,8,1,1,0,0,0.0010881999915000051,
gamma_0.99_789_9b7ea326,gamma_0.99,train,695,789,easy,5,5,0.1,0.99,0.05,default,100,2.0,9,1,1,0,0,0.0010882999922614545,
gamma_0.99_789_9b7ea326,gamma_0.99,train,696,789,easy,5,5,0.1,0.99,0.05,default,100,3.0,8,1,1,0,0,0.0010741000005509704,
gamma_0.99_789_9b7ea326,gamma_0.99,train,697,789,easy,5,5,0.1,0.99,0.05,default,100,1.0,10,1,1,0,0,0.0012695000041276217,
gamma_0.99_789_9b7ea326,gamma_0.99,train,698,789,easy,5,5,0.1,0.99,0.05,default,100,3.0,8,1,1,0,0,0.000977699994109571,
gamma_0.99_789_9b7ea326,gamma_0.99,train,699,789,easy,5,5,0.1,0.99,0.05,default,100,3.0,8,1,1,0,0,0.0011119000118924305,
gamma_0.99_789_9b7ea326,gamma_0.99,train,700,789,easy,5,5,0.1,0.99,0.05,default,100,3.0,8,1,1,0,0,0.0010268999903928488,
gamma_0.99_789_9b7ea326,gamma_0.99,train,701,789,easy,5,5,0.1,0.99,0.05,default,100,3.0,8,1,1,0,0,0.0011236999998800457,
gamma_0.99_789_9b7ea326,gamma_0.99,train,702,789,easy,5,5,0.1,0.99,0.05,default,100,3.0,8,1,1,0,0,0.0010771999950520694,
gamma_0.99_789_9b7ea326,gamma_0.99,train,703,789,easy,5,5,0.1,0.99,0.05,default,100,3.0,8,1,1,0,0,0.0010842000046977773,
gamma_0.99_789_9b7ea326,gamma_0.99,train,704,789,easy,5,5,0.1,0.99,0.05,default,100,3.0,8,1,1,0,0,0.0010820000024978071,
gamma_0.99_789_9b7ea326,gamma_0.99,train,705,789,easy,5,5,0.1,0.99,0.05,default,100,-1.0,12,1,1,0,0,0.001471799987484701,
gamma_0.99_789_9b7ea326,gamma_0.99,train,706,789,easy,5,5,0.1,0.99,0.05,default,100,2.0,9,1,1,0,0,0.0011578999983612448,
gamma_0.99_789_9b7ea326,gamma_0.99,train,707,789,easy,5,5,0.1,0.99,0.05,default,100,1.0,10,1,1,0,0,0.0012617999891517684,
gamma_0.99_789_9b7ea326,gamma_0.99,train,708,789,easy,5,5,0.1,0.99,0.05,default,100,3.0,8,1,1,0,0,0.0010943000088445842,
gamma_0.99_789_9b7ea326,gamma_0.99,train,709,789,easy,5,5,0.1,0.99,0.05,default,100,2.0,9,1,1,0,0,0.0011357000039424747,
gamma_0.99_789_9b7ea326,gamma_0.99,train,710,789,easy,5,5,0.1,0.99,0.05,default,100,3.0,8,1,1,0,0,0.0010273999942000955,
gamma_0.99_789_9b7ea326,gamma_0.99,train,711,789,easy,5,5,0.1,0.99,0.05,default,100,3.0,8,1,1,0,0,0.0010571000020718202,
gamma_0.99_789_9b7ea326,gamma_0.99,train,712,789,easy,5,5,0.1,0.99,0.05,default,100,3.0,8,1,1,0,0,0.001071799997589551,
gamma_0.99_789_9b7ea326,gamma_0.99,train,713,789,easy,5,5,0.1,0.99,0.05,default,100,2.0,9,1,1,0,0,0.0011299000034341589,
gamma_0.99_789_9b7ea326,gamma_0.99,train,714,789,easy,5,5,0.1,0.99,0.05,default,100,2.0,9,1,1,0,0,0.0011561999999685213,
gamma_0.99_789_9b7ea326,gamma_0.99,train,715,789,easy,5,5,0.1,0.99,0.05,default,100,3.0,8,1,1,0,0,0.0010772999958135188,
gamma_0.99_789_9b7ea326,gamma_0.99,train,716,789,easy,5,5,0.1,0.99,0.05,default,100,3.0,8,1,1,0,0,0.001058299996657297,
gamma_0.99_789_9b7ea326,gamma_0.99,train,717,789,easy,5,5,0.1,0.99,0.05,default,100,3.0,8,1,1,0,0,0.0011655999987851828,
gamma_0.99_789_9b7ea326,gamma_0.99,train,718,789,easy,5,5,0.1,0.99,0.05,default,100,3.0,8,1,1,0,0,0.0010672999924281612,
gamma_0.99_789_9b7ea326,gamma_0.99,train,719,789,easy,5,5,0.1,0.99,0.05,default,100,3.0,8,1,1,0,0,0.001048700010869652,
gamma_0.99_789_9b7ea326,gamma_0.99,train,720,789,easy,5,5,0.1,0.99,0.05,default,100,2.0,9,1,1,0,0,0.0011501999979373068,
gamma_0.99_789_9b7ea326,gamma_0.99,train,721,789,easy,5,5,0.1,0.99,0.05,default,100,3.0,8,1,1,0,0,0.0011057999945478514,
gamma_0.99_789_9b7ea326,gamma_0.99,train,722,789,easy,5,5,0.1,0.99,0.05,default,100,3.0,8,1,1,0,0,0.0010531000007176772,
gamma_0.99_789_9b7ea326,gamma_0.99,train,723,789,easy,5,5,0.1,0.99,0.05,default,100,3.0,8,1,1,0,0,0.0009959000017261133,
gamma_0.99_789_9b7ea326,gamma_0.99,train,724,789,easy,5,5,0.1,0.99,0.05,default,100,3.0,8,1,1,0,0,0.0010618000087561086,
gamma_0.99_789_9b7ea326,gamma_0.99,train,725,789,easy,5,5,0.1,0.99,0.05,default,100,1.0,10,1,1,0,0,0.0012769000022672117,
gamma_0.99_789_9b7ea326,gamma_0.99,train,726,789,easy,5,5,0.1,0.99,0.05,default,100,3.0,8,1,1,0,0,0.000992799992673099,
gamma_0.99_789_9b7ea326,gamma_0.99,train,727,789,easy,5,5,0.1,0.99,0.05,default,100,3.0,8,1,1,0,0,0.0010766000050352886,
gamma_0.99_789_9b7ea326,gamma_0.99,train,728,789,easy,5,5,0.1,0.99,0.05,default,100,3.0,8,1,1,0,0,0.0010811999964062124,
gamma_0.99_789_9b7ea326,gamma_0.99,train,729,789,easy,5,5,0.1,0.99,0.05,default,100,3.0,8,1,1,0,0,0.0010566999990260229,
gamma_0.99_789_9b7ea326,gamma_0.99,train,730,789,easy,5,5,0.1,0.99,0.05,default,100,3.0,8,1,1,0,0,0.0010765000042738393,
gamma_0.99_789_9b7ea326,gamma_0.99,train,731,789,easy,5,5,0.1,0.99,0.05,default,100,3.0,8,1,1,0,0,0.0010612000041874126,
gamma_0.99_789_9b7ea326,gamma_0.99,train,732,789,easy,5,5,0.1,0.99,0.05,default,100,3.0,8,1,1,0,0,0.0010812999971676618,
gamma_0.99_789_9b7ea326,gamma_0.99,train,733,789,easy,5,5,0.1,0.99,0.05,default,100,2.0,9,1,1,0,0,0.0011008000001311302,
gamma_0.99_789_9b7ea326,gamma_0.99,train,734,789,easy,5,5,0.1,0.99,0.05,default,100,3.0,8,1,1,0,0,0.0010790999949676916,
gamma_0.99_789_9b7ea326,gamma_0.99,train,735,789,easy,5,5,0.1,0.99,0.05,default,100,3.0,8,1,1,0,0,0.0011353999871062115,
gamma_0.99_789_9b7ea326,gamma_0.99,train,736,789,easy,5,5,0.1,0.99,0.05,default,100,3.0,8,1,1,0,0,0.0010972000018227845,
gamma_0.99_789_9b7ea326,gamma_0.99,train,737,789,easy,5,5,0.1,0.99,0.05,default,100,2.0,9,1,1,0,0,0.0011249000090174377,
gamma_0.99_789_9b7ea326,gamma_0.99,train,738,789,easy,5,5,0.1,0.99,0.05,default,100,3.0,8,1,1,0,0,0.0010353999969083816,
gamma_0.99_789_9b7ea326,gamma_0.99,train,739,789,easy,5,5,0.1,0.99,0.05,default,100,3.0,8,1,1,0,0,0.0010806000063894317,
gamma_0.99_789_9b7ea326,gamma_0.99,train,740,789,easy,5,5,0.1,0.99,0.05,default,100,3.0,8,1,1,0,0,0.0010907999967457727,
gamma_0.99_789_9b7ea326,gamma_0.99,train,741,789,easy,5,5,0.1,0.99,0.05,default,100,3.0,8,1,1,0,0,0.0011434000043664128,
gamma_0.99_789_9b7ea326,gamma_0.99,train,742,789,easy,5,5,0.1,0.99,0.05,default,100,-14.0,5,0,1,0,1,0.0006830000056652352,
gamma_0.99_789_9b7ea326,gamma_0.99,train,743,789,easy,5,5,0.1,0.99,0.05,default,100,2.0,9,1,1,0,0,0.0011583000014070421,
gamma_0.99_789_9b7ea326,gamma_0.99,train,744,789,easy,5,5,0.1,0.99,0.05,default,100,3.0,8,1,1,0,0,0.001075499996659346,
gamma_0.99_789_9b7ea326,gamma_0.99,train,745,789,easy,5,5,0.1,0.99,0.05,default,100,3.0,8,1,1,0,0,0.0010882000060519204,
gamma_0.99_789_9b7ea326,gamma_0.99,train,746,789,easy,5,5,0.1,0.99,0.05,default,100,-16.0,7,0,1,0,1,0.0008578999986639246,
gamma_0.99_789_9b7ea326,gamma_0.99,train,747,789,easy,5,5,0.1,0.99,0.05,default,100,-17.0,8,0,1,0,1,0.0009448999917367473,
gamma_0.99_789_9b7ea326,gamma_0.99,train,748,789,easy,5,5,0.1,0.99,0.05,default,100,3.0,8,1,1,0,0,0.0010350000084144995,
gamma_0.99_789_9b7ea326,gamma_0.99,train,749,789,easy,5,5,0.1,0.99,0.05,default,100,3.0,8,1,1,0,0,0.0010802000033436343,
gamma_0.99_789_9b7ea326,gamma_0.99,train,750,789,easy,5,5,0.1,0.99,0.05,default,100,3.0,8,1,1,0,0,0.001065099990228191,
gamma_0.99_789_9b7ea326,gamma_0.99,train,751,789,easy,5,5,0.1,0.99,0.05,default,100,3.0,8,1,1,0,0,0.0010851000115508214,
gamma_0.99_789_9b7ea326,gamma_0.99,train,752,789,easy,5,5,0.1,0.99,0.05,default,100,3.0,8,1,1,0,0,0.0010658999963197857,
gamma_0.99_789_9b7ea326,gamma_0.99,train,753,789,easy,5,5,0.1,0.99,0.05,default,100,3.0,8,1,1,0,0,0.0010772999958135188,
gamma_0.99_789_9b7ea326,gamma_0.99,train,754,789,easy,5,5,0.1,0.99,0.05,default,100,3.0,8,1,1,0,0,0.0011374000023351982,
gamma_0.99_789_9b7ea326,gamma_0.99,train,755,789,easy,5,5,0.1,0.99,0.05,default,100,3.0,8,1,1,0,0,0.0011001000093529,
gamma_0.99_789_9b7ea326,gamma_0.99,train,756,789,easy,5,5,0.1,0.99,0.05,default,100,3.0,8,1,1,0,0,0.001085699987015687,
gamma_0.99_789_9b7ea326,gamma_0.99,train,757,789,easy,5,5,0.1,0.99,0.05,default,100,3.0,8,1,1,0,0,0.001087500000721775,
gamma_0.99_789_9b7ea326,gamma_0.99,train,758,789,easy,5,5,0.1,0.99,0.05,default,100,3.0,8,1,1,0,0,0.0010420000035082921,
gamma_0.99_789_9b7ea326,gamma_0.99,train,759,789,easy,5,5,0.1,0.99,0.05,default,100,3.0,8,1,1,0,0,0.0009778999956324697,
gamma_0.99_789_9b7ea326,gamma_0.99,train,760,789,easy,5,5,0.1,0.99,0.05,default,100,3.0,8,1,1,0,0,0.0010849999962374568,
gamma_0.99_789_9b7ea326,gamma_0.99,train,761,789,easy,5,5,0.1,0.99,0.05,default,100,3.0,8,1,1,0,0,0.0011166999902343377,
gamma_0.99_789_9b7ea326,gamma_0.99,train,762,789,easy,5,5,0.1,0.99,0.05,default,100,3.0,8,1,1,0,0,0.001109600008931011,
gamma_0.99_789_9b7ea326,gamma_0.99,train,763,789,easy,5,5,0.1,0.99,0.05,default,100,3.0,8,1,1,0,0,0.0010928999981842935,
gamma_0.99_789_9b7ea326,gamma_0.99,train,764,789,easy,5,5,0.1,0.99,0.05,default,100,-14.0,5,0,1,0,1,0.0006897999992361292,
gamma_0.99_789_9b7ea326,gamma_0.99,train,765,789,easy,5,5,0.1,0.99,0.05,default,100,3.0,8,1,1,0,0,0.0010719999991124496,
gamma_0.99_789_9b7ea326,gamma_0.99,train,766,789,easy,5,5,0.1,0.99,0.05,default,100,3.0,8,1,1,0,0,0.0010743000020738691,
gamma_0.99_789_9b7ea326,gamma_0.99,train,767,789,easy,5,5,0.1,0.99,0.05,default,100,2.0,9,1,1,0,0,0.001148099996498786,
gamma_0.99_789_9b7ea326,gamma_0.99,train,768,789,easy,5,5,0.1,0.99,0.05,default,100,3.0,8,1,1,0,0,0.0010763000027509406,
gamma_0.99_789_9b7ea326,gamma_0.99,train,769,789,easy,5,5,0.1,0.99,0.05,default,100,3.0,8,1,1,0,0,0.0010819000017363578,
gamma_0.99_789_9b7ea326,gamma_0.99,train,770,789,easy,5,5,0.1,0.99,0.05,default,100,3.0,8,1,1,0,0,0.0010607000003801659,
gamma_0.99_789_9b7ea326,gamma_0.99,train,771,789,easy,5,5,0.1,0.99,0.05,default,100,3.0,8,1,1,0,0,0.0010728000052040443,
gamma_0.99_789_9b7ea326,gamma_0.99,train,772,789,easy,5,5,0.1,0.99,0.05,default,100,3.0,8,1,1,0,0,0.0010127999994438142,
gamma_0.99_789_9b7ea326,gamma_0.99,train,773,789,easy,5,5,0.1,0.99,0.05,default,100,3.0,8,1,1,0,0,0.0010501000069780275,
gamma_0.99_789_9b7ea326,gamma_0.99,train,774,789,easy,5,5,0.1,0.99,0.05,default,100,1.0,10,1,1,0,0,0.0012014999956591055,
gamma_0.99_789_9b7ea326,gamma_0.99,train,775,789,easy,5,5,0.1,0.99,0.05,default,100,3.0,8,1,1,0,0,0.0010760000004665926,
gamma_0.99_789_9b7ea326,gamma_0.99,train,776,789,easy,5,5,0.1,0.99,0.05,default,100,3.0,8,1,1,0,0,0.0010607000003801659,
gamma_0.99_789_9b7ea326,gamma_0.99,train,777,789,easy,5,5,0.1,0.99,0.05,default,100,3.0,8,1,1,0,0,0.0010920000058831647,
gamma_0.99_789_9b7ea326,gamma_0.99,train,778,789,easy,5,5,0.1,0.99,0.05,default,100,-14.0,5,0,1,0,1,0.0006833999941591173,
gamma_0.99_789_9b7ea326,gamma_0.99,train,779,789,easy,5,5,0.1,0.99,0.05,default,100,0.0,11,1,1,0,0,0.0013506999966921285,
gamma_0.99_789_9b7ea326,gamma_0.99,train,780,789,easy,5,5,0.1,0.99,0.05,default,100,3.0,8,1,1,0,0,0.0010710000060498714,
gamma_0.99_789_9b7ea326,gamma_0.99,train,781,789,easy,5,5,0.1,0.99,0.05,default,100,3.0,8,1,1,0,0,0.0010970000002998859,
gamma_0.99_789_9b7ea326,gamma_0.99,train,782,789,easy,5,5,0.1,0.99,0.05,default,100,3.0,8,1,1,0,0,0.0010843000054592267,
gamma_0.99_789_9b7ea326,gamma_0.99,train,783,789,easy,5,5,0.1,0.99,0.05,default,100,3.0,8,1,1,0,0,0.0010640000109560788,
gamma_0.99_789_9b7ea326,gamma_0.99,train,784,789,easy,5,5,0.1,0.99,0.05,default,100,3.0,8,1,1,0,0,0.001081999987945892,
gamma_0.99_789_9b7ea326,gamma_0.99,train,785,789,easy,5,5,0.1,0.99,0.05,default,100,3.0,8,1,1,0,0,0.001065300006303005,
gamma_0.99_789_9b7ea326,gamma_0.99,train,786,789,easy,5,5,0.1,0.99,0.05,default,100,2.0,9,1,1,0,0,0.001159199993708171,
gamma_0.99_789_9b7ea326,gamma_0.99,train,787,789,easy,5,5,0.1,0.99,0.05,default,100,3.0,8,1,1,0,0,0.001068400000804104,
gamma_0.99_789_9b7ea326,gamma_0.99,train,788,789,easy,5,5,0.1,0.99,0.05,default,100,3.0,8,1,1,0,0,0.0010789000079967082,
gamma_0.99_789_9b7ea326,gamma_0.99,train,789,789,easy,5,5,0.1,0.99,0.05,default,100,1.0,10,1,1,0,0,0.0012008999910904095,
gamma_0.99_789_9b7ea326,gamma_0.99,train,790,789,easy,5,5,0.1,0.99,0.05,default,100,1.0,10,1,1,0,0,0.0012597000022651628,
gamma_0.99_789_9b7ea326,gamma_0.99,train,791,789,easy,5,5,0.1,0.99,0.05,default,100,3.0,8,1,1,0,0,0.001096400010283105,
gamma_0.99_789_9b7ea326,gamma_0.99,train,792,789,easy,5,5,0.1,0.99,0.05,default,100,3.0,8,1,1,0,0,0.0010623000125633553,
gamma_0.99_789_9b7ea326,gamma_0.99,train,793,789,easy,5,5,0.1,0.99,0.05,default,100,2.0,9,1,1,0,0,0.0011036999931093305,
gamma_0.99_789_9b7ea326,gamma_0.99,train,794,789,easy,5,5,0.1,0.99,0.05,default,100,3.0,8,1,1,0,0,0.001058900001225993,
gamma_0.99_789_9b7ea326,gamma_0.99,train,795,789,easy,5,5,0.1,0.99,0.05,default,100,3.0,8,1,1,0,0,0.0010907999967457727,
gamma_0.99_789_9b7ea326,gamma_0.99,train,796,789,easy,5,5,0.1,0.99,0.05,default,100,3.0,8,1,1,0,0,0.001056100009009242,
gamma_0.99_789_9b7ea326,gamma_0.99,train,797,789,easy,5,5,0.1,0.99,0.05,default,100,3.0,8,1,1,0,0,0.001037699999869801,
gamma_0.99_789_9b7ea326,gamma_0.99,train,798,789,easy,5,5,0.1,0.99,0.05,default,100,3.0,8,1,1,0,0,0.0010704000014811754,
gamma_0.99_789_9b7ea326,gamma_0.99,train,799,789,easy,5,5,0.1,0.99,0.05,default,100,3.0,8,1,1,0,0,0.0010312999947927892,
gamma_0.99_789_9b7ea326,gamma_0.99,train,800,789,easy,5,5,0.1,0.99,0.05,default,100,3.0,8,1,1,0,0,0.0010558999929344282,results\gamma_comparison\gamma_0.99\seed_789\qtable_ep800.npz
gamma_0.99_789_9b7ea326,gamma_0.99,eval,1,789,easy,5,5,0.1,0.99,0.0,default,100,-100.0,100,0,0,1,0,,
gamma_0.99_789_9b7ea326,gamma_0.99,eval,2,789,easy,5,5,0.1,0.99,0.0,default,100,-100.0,100,0,0,1,0,,
gamma_0.99_789_9b7ea326,gamma_0.99,eval,3,789,easy,5,5,0.1,0.99,0.0,default,100,-100.0,100,0,0,1,0,,
gamma_0.99_789_9b7ea326,gamma_0.99,eval,4,789,easy,5,5,0.1,0.99,0.0,default,100,-100.0,100,0,0,1,0,,
gamma_0.99_789_9b7ea326,gamma_0.99,eval,5,789,easy,5,5,0.1,0.99,0.0,default,100,-100.0,100,0,0,1,0,,
gamma_0.99_789_9b7ea326,gamma_0.99,eval,6,789,easy,5,5,0.1,0.99,0.0,default,100,-100.0,100,0,0,1,0,,
gamma_0.99_789_9b7ea326,gamma_0.99,eval,7,789,easy,5,5,0.1,0.99,0.0,default,100,-100.0,100,0,0,1,0,,
gamma_0.99_789_9b7ea326,gamma_0.99,eval,8,789,easy,5,5,0.1,0.99,0.0,default,100,-100.0,100,0,0,1,0,,
gamma_0.99_789_9b7ea326,gamma_0.99,eval,9,789,easy,5,5,0.1,0.99,0.0,default,100,-100.0,100,0,0,1,0,,
gamma_0.99_789_9b7ea326,gamma_0.99,eval,10,789,easy,5,5,0.1,0.99,0.0,default,100,-100.0,100,0,0,1,0,,
gamma_0.99_789_9b7ea326,gamma_0.99,eval,1,789,easy,5,5,0.1,0.99,0.0,default,100,-100.0,100,0,0,1,0,,
gamma_0.99_789_9b7ea326,gamma_0.99,eval,2,789,easy,5,5,0.1,0.99,0.0,default,100,-100.0,100,0,0,1,0,,
gamma_0.99_789_9b7ea326,gamma_0.99,eval,3,789,easy,5,5,0.1,0.99,0.0,default,100,-100.0,100,0,0,1,0,,
gamma_0.99_789_9b7ea326,gamma_0.99,eval,4,789,easy,5,5,0.1,0.99,0.0,default,100,-100.0,100,0,0,1,0,,
gamma_0.99_789_9b7ea326,gamma_0.99,eval,5,789,easy,5,5,0.1,0.99,0.0,default,100,-100.0,100,0,0,1,0,,
gamma_0.99_789_9b7ea326,gamma_0.99,eval,6,789,easy,5,5,0.1,0.99,0.0,default,100,-100.0,100,0,0,1,0,,
gamma_0.99_789_9b7ea326,gamma_0.99,eval,7,789,easy,5,5,0.1,0.99,0.0,default,100,-100.0,100,0,0,1,0,,
gamma_0.99_789_9b7ea326,gamma_0.99,eval,8,789,easy,5,5,0.1,0.99,0.0,default,100,-100.0,100,0,0,1,0,,
gamma_0.99_789_9b7ea326,gamma_0.99,eval,9,789,easy,5,5,0.1,0.99,0.0,default,100,-100.0,100,0,0,1,0,,
gamma_0.99_789_9b7ea326,gamma_0.99,eval,10,789,easy,5,5,0.1,0.99,0.0,default,100,-100.0,100,0,0,1,0,,
gamma_0.99_789_9b7ea326,gamma_0.99,eval,1,789,easy,5,5,0.1,0.99,0.0,default,100,-100.0,100,0,0,1,0,,
gamma_0.99_789_9b7ea326,gamma_0.99,eval,2,789,easy,5,5,0.1,0.99,0.0,default,100,-100.0,100,0,0,1,0,,
gamma_0.99_789_9b7ea326,gamma_0.99,eval,3,789,easy,5,5,0.1,0.99,0.0,default,100,-100.0,100,0,0,1,0,,
gamma_0.99_789_9b7ea326,gamma_0.99,eval,4,789,easy,5,5,0.1,0.99,0.0,default,100,-100.0,100,0,0,1,0,,
gamma_0.99_789_9b7ea326,gamma_0.99,eval,5,789,easy,5,5,0.1,0.99,0.0,default,100,-100.0,100,0,0,1,0,,
gamma_0.99_789_9b7ea326,gamma_0.99,eval,6,789,easy,5,5,0.1,0.99,0.0,default,100,-100.0,100,0,0,1,0,,
gamma_0.99_789_9b7ea326,gamma_0.99,eval,7,789,easy,5,5,0.1,0.99,0.0,default,100,-100.0,100,0,0,1,0,,
gamma_0.99_789_9b7ea326,gamma_0.99,eval,8,789,easy,5,5,0.1,0.99,0.0,default,100,-100.0,100,0,0,1,0,,
gamma_0.99_789_9b7ea326,gamma_0.99,eval,9,789,easy,5,5,0.1,0.99,0.0,default,100,-100.0,100,0,0,1,0,,
gamma_0.99_789_9b7ea326,gamma_0.99,eval,10,789,easy,5,5,0.1,0.99,0.0,default,100,-100.0,100,0,0,1,0,,
gamma_0.99_789_9b7ea326,gamma_0.99,eval,1,789,easy,5,5,0.1,0.99,0.0,default,100,3.0,8,1,1,0,0,,
gamma_0.99_789_9b7ea326,gamma_0.99,eval,2,789,easy,5,5,0.1,0.99,0.0,default,100,3.0,8,1,1,0,0,,
gamma_0.99_789_9b7ea326,gamma_0.99,eval,3,789,easy,5,5,0.1,0.99,0.0,default,100,3.0,8,1,1,0,0,,
gamma_0.99_789_9b7ea326,gamma_0.99,eval,4,789,easy,5,5,0.1,0.99,0.0,default,100,3.0,8,1,1,0,0,,
gamma_0.99_789_9b7ea326,gamma_0.99,eval,5,789,easy,5,5,0.1,0.99,0.0,default,100,3.0,8,1,1,0,0,,
gamma_0.99_789_9b7ea326,gamma_0.99,eval,6,789,easy,5,5,0.1,0.99,0.0,default,100,3.0,8,1,1,0,0,,
gamma_0.99_789_9b7ea326,gamma_0.99,eval,7,789,easy,5,5,0.1,0.99,0.0,default,100,3.0,8,1,1,0,0,,
gamma_0.99_789_9b7ea326,gamma_0.99,eval,8,789,easy,5,5,0.1,0.99,0.0,default,100,3.0,8,1,1,0,0,,
gamma_0.99_789_9b7ea326,gamma_0.99,eval,9,789,easy,5,5,0.1,0.99,0.0,default,100,3.0,8,1,1,0,0,,
gamma_0.99_789_9b7ea326,gamma_0.99,eval,10,789,easy,5,5,0.1,0.99,0.0,default,100,3.0,8,1,1,0,0,,
gamma_0.99_789_9b7ea326,gamma_0.99,eval,1,789,easy,5,5,0.1,0.99,0.0,default,100,3.0,8,1,1,0,0,,
gamma_0.99_789_9b7ea326,gamma_0.99,eval,2,789,easy,5,5,0.1,0.99,0.0,default,100,3.0,8,1,1,0,0,,
gamma_0.99_789_9b7ea326,gamma_0.99,eval,3,789,easy,5,5,0.1,0.99,0.0,default,100,3.0,8,1,1,0,0,,
gamma_0.99_789_9b7ea326,gamma_0.99,eval,4,789,easy,5,5,0.1,0.99,0.0,default,100,3.0,8,1,1,0,0,,
gamma_0.99_789_9b7ea326,gamma_0.99,eval,5,789,easy,5,5,0.1,0.99,0.0,default,100,3.0,8,1,1,0,0,,
gamma_0.99_789_9b7ea326,gamma_0.99,eval,6,789,easy,5,5,0.1,0.99,0.0,default,100,3.0,8,1,1,0,0,,
gamma_0.99_789_9b7ea326,gamma_0.99,eval,7,789,easy,5,5,0.1,0.99,0.0,default,100,3.0,8,1,1,0,0,,
gamma_0.99_789_9b7ea326,gamma_0.99,eval,8,789,easy,5,5,0.1,0.99,0.0,default,100,3.0,8,1,1,0,0,,
gamma_0.99_789_9b7ea326,gamma_0.99,eval,9,789,easy,5,5,0.1,0.99,0.0,default,100,3.0,8,1,1,0,0,,
gamma_0.99_789_9b7ea326,gamma_0.99,eval,10,789,easy,5,5,0.1,0.99,0.0,default,100,3.0,8,1,1,0,0,,
gamma_0.99_789_9b7ea326,gamma_0.99,eval,1,789,easy,5,5,0.1,0.99,0.0,default,100,3.0,8,1,1,0,0,,
gamma_0.99_789_9b7ea326,gamma_0.99,eval,2,789,easy,5,5,0.1,0.99,0.0,default,100,3.0,8,1,1,0,0,,
gamma_0.99_789_9b7ea326,gamma_0.99,eval,3,789,easy,5,5,0.1,0.99,0.0,default,100,3.0,8,1,1,0,0,,
gamma_0.99_789_9b7ea326,gamma_0.99,eval,4,789,easy,5,5,0.1,0.99,0.0,default,100,3.0,8,1,1,0,0,,
gamma_0.99_789_9b7ea326,gamma_0.99,eval,5,789,easy,5,5,0.1,0.99,0.0,default,100,3.0,8,1,1,0,0,,
gamma_0.99_789_9b7ea326,gamma_0.99,eval,6,789,easy,5,5,0.1,0.99,0.0,default,100,3.0,8,1,1,0,0,,
gamma_0.99_789_9b7ea326,gamma_0.99,eval,7,789,easy,5,5,0.1,0.99,0.0,default,100,3.0,8,1,1,0,0,,
gamma_0.99_789_9b7ea326,gamma_0.99,eval,8,789,easy,5,5,0.1,0.99,0.0,default,100,3.0,8,1,1,0,0,,
gamma_0.99_789_9b7ea326,gamma_0.99,eval,9,789,easy,5,5,0.1,0.99,0.0,default,100,3.0,8,1,1,0,0,,
gamma_0.99_789_9b7ea326,gamma_0.99,eval,10,789,easy,5,5,0.1,0.99,0.0,default,100,3.0,8,1,1,0,0,,
gamma_0.99_789_9b7ea326,gamma_0.99,eval,1,789,easy,5,5,0.1,0.99,0.0,default,100,3.0,8,1,1,0,0,,
gamma_0.99_789_9b7ea326,gamma_0.99,eval,2,789,easy,5,5,0.1,0.99,0.0,default,100,3.0,8,1,1,0,0,,
gamma_0.99_789_9b7ea326,gamma_0.99,eval,3,789,easy,5,5,0.1,0.99,0.0,default,100,3.0,8,1,1,0,0,,
gamma_0.99_789_9b7ea326,gamma_0.99,eval,4,789,easy,5,5,0.1,0.99,0.0,default,100,3.0,8,1,1,0,0,,
gamma_0.99_789_9b7ea326,gamma_0.99,eval,5,789,easy,5,5,0.1,0.99,0.0,default,100,3.0,8,1,1,0,0,,
gamma_0.99_789_9b7ea326,gamma_0.99,eval,6,789,easy,5,5,0.1,0.99,0.0,default,100,3.0,8,1,1,0,0,,
gamma_0.99_789_9b7ea326,gamma_0.99,eval,7,789,easy,5,5,0.1,0.99,0.0,default,100,3.0,8,1,1,0,0,,
gamma_0.99_789_9b7ea326,gamma_0.99,eval,8,789,easy,5,5,0.1,0.99,0.0,default,100,3.0,8,1,1,0,0,,
gamma_0.99_789_9b7ea326,gamma_0.99,eval,9,789,easy,5,5,0.1,0.99,0.0,default,100,3.0,8,1,1,0,0,,
gamma_0.99_789_9b7ea326,gamma_0.99,eval,10,789,easy,5,5,0.1,0.99,0.0,default,100,3.0,8,1,1,0,0,,
gamma_0.99_789_9b7ea326,gamma_0.99,eval,1,789,easy,5,5,0.1,0.99,0.0,default,100,3.0,8,1,1,0,0,,
gamma_0.99_789_9b7ea326,gamma_0.99,eval,2,789,easy,5,5,0.1,0.99,0.0,default,100,3.0,8,1,1,0,0,,
gamma_0.99_789_9b7ea326,gamma_0.99,eval,3,789,easy,5,5,0.1,0.99,0.0,default,100,3.0,8,1,1,0,0,,
gamma_0.99_789_9b7ea326,gamma_0.99,eval,4,789,easy,5,5,0.1,0.99,0.0,default,100,3.0,8,1,1,0,0,,
gamma_0.99_789_9b7ea326,gamma_0.99,eval,5,789,easy,5,5,0.1,0.99,0.0,default,100,3.0,8,1,1,0,0,,
gamma_0.99_789_9b7ea326,gamma_0.99,eval,6,789,easy,5,5,0.1,0.99,0.0,default,100,3.0,8,1,1,0,0,,
gamma_0.99_789_9b7ea326,gamma_0.99,eval,7,789,easy,5,5,0.1,0.99,0.0,default,100,3.0,8,1,1,0,0,,
gamma_0.99_789_9b7ea326,gamma_0.99,eval,8,789,easy,5,5,0.1,0.99,0.0,default,100,3.0,8,1,1,0,0,,
gamma_0.99_789_9b7ea326,gamma_0.99,eval,9,789,easy,5,5,0.1,0.99,0.0,default,100,3.0,8,1,1,0,0,,
gamma_0.99_789_9b7ea326,gamma_0.99,eval,10,789,easy,5,5,0.1,0.99,0.0,default,100,3.0,8,1,1,0,0,,
gamma_0.99_789_9b7ea326,gamma_0.99,eval,1,789,easy,5,5,0.1,0.99,0.0,default,100,3.0,8,1,1,0,0,,
gamma_0.99_789_9b7ea326,gamma_0.99,eval,2,789,easy,5,5,0.1,0.99,0.0,default,100,3.0,8,1,1,0,0,,
gamma_0.99_789_9b7ea326,gamma_0.99,eval,3,789,easy,5,5,0.1,0.99,0.0,default,100,3.0,8,1,1,0,0,,
gamma_0.99_789_9b7ea326,gamma_0.99,eval,4,789,easy,5,5,0.1,0.99,0.0,default,100,3.0,8,1,1,0,0,,
gamma_0.99_789_9b7ea326,gamma_0.99,eval,5,789,easy,5,5,0.1,0.99,0.0,default,100,3.0,8,1,1,0,0,,
gamma_0.99_789_9b7ea326,gamma_0.99,eval,6,789,easy,5,5,0.1,0.99,0.0,default,100,3.0,8,1,1,0,0,,
gamma_0.99_789_9b7ea326,gamma_0.99,eval,7,789,easy,5,5,0.1,0.99,0.0,default,100,3.0,8,1,1,0,0,,
gamma_0.99_789_9b7ea326,gamma_0.99,eval,8,789,easy,5,5,0.1,0.99,0.0,default,100,3.0,8,1,1,0,0,,
gamma_0.99_789_9b7ea326,gamma_0.99,eval,9,789,easy,5,5,0.1,0.99,0.0,default,100,3.0,8,1,1,0,0,,
gamma_0.99_789_9b7ea326,gamma_0.99,eval,10,789,easy,5,5,0.1,0.99,0.0,default,100,3.0,8,1,1,0,0,,
gamma_0.99_789_9b7ea326,gamma_0.99,eval,1,789,easy,5,5,0.1,0.99,0.0,default,100,3.0,8,1,1,0,0,,
gamma_0.99_789_9b7ea326,gamma_0.99,eval,2,789,easy,5,5,0.1,0.99,0.0,default,100,3.0,8,1,1,0,0,,
gamma_0.99_789_9b7ea326,gamma_0.99,eval,3,789,easy,5,5,0.1,0.99,0.0,default,100,3.0,8,1,1,0,0,,
gamma_0.99_789_9b7ea326,gamma_0.99,eval,4,789,easy,5,5,0.1,0.99,0.0,default,100,3.0,8,1,1,0,0,,
gamma_0.99_789_9b7ea326,gamma_0.99,eval,5,789,easy,5,5,0.1,0.99,0.0,default,100,3.0,8,1,1,0,0,,
gamma_0.99_789_9b7ea326,gamma_0.99,eval,6,789,easy,5,5,0.1,0.99,0.0,default,100,3.0,8,1,1,0,0,,
gamma_0.99_789_9b7ea326,gamma_0.99,eval,7,789,easy,5,5,0.1,0.99,0.0,default,100,3.0,8,1,1,0,0,,
gamma_0.99_789_9b7ea326,gamma_0.99,eval,8,789,easy,5,5,0.1,0.99,0.0,default,100,3.0,8,1,1,0,0,,
gamma_0.99_789_9b7ea326,gamma_0.99,eval,9,789,easy,5,5,0.1,0.99,0.0,default,100,3.0,8,1,1,0,0,,
gamma_0.99_789_9b7ea326,gamma_0.99,eval,10,789,easy,5,5,0.1,0.99,0.0,default,100,3.0,8,1,1,0,0,,
gamma_0.99_789_9b7ea326,gamma_0.99,eval,1,789,easy,5,5,0.1,0.99,0.0,default,100,3.0,8,1,1,0,0,,
gamma_0.99_789_9b7ea326,gamma_0.99,eval,2,789,easy,5,5,0.1,0.99,0.0,default,100,3.0,8,1,1,0,0,,
gamma_0.99_789_9b7ea326,gamma_0.99,eval,3,789,easy,5,5,0.1,0.99,0.0,default,100,3.0,8,1,1,0,0,,
gamma_0.99_789_9b7ea326,gamma_0.99,eval,4,789,easy,5,5,0.1,0.99,0.0,default,100,3.0,8,1,1,0,0,,
gamma_0.99_789_9b7ea326,gamma_0.99,eval,5,789,easy,5,5,0.1,0.99,0.0,default,100,3.0,8,1,1,0,0,,
gamma_0.99_789_9b7ea326,gamma_0.99,eval,6,789,easy,5,5,0.1,0.99,0.0,default,100,3.0,8,1,1,0,0,,
gamma_0.99_789_9b7ea326,gamma_0.99,eval,7,789,easy,5,5,0.1,0.99,0.0,default,100,3.0,8,1,1,0,0,,
gamma_0.99_789_9b7ea326,gamma_0.99,eval,8,789,easy,5,5,0.1,0.99,0.0,default,100,3.0,8,1,1,0,0,,
gamma_0.99_789_9b7ea326,gamma_0.99,eval,9,789,easy,5,5,0.1,0.99,0.0,default,100,3.0,8,1,1,0,0,,
gamma_0.99_789_9b7ea326,gamma_0.99,eval,10,789,easy,5,5,0.1,0.99,0.0,default,100,3.0,8,1,1,0,0,,
gamma_0.99_789_9b7ea326,gamma_0.99,eval,1,789,easy,5,5,0.1,0.99,0.0,default,100,3.0,8,1,1,0,0,,
gamma_0.99_789_9b7ea326,gamma_0.99,eval,2,789,easy,5,5,0.1,0.99,0.0,default,100,3.0,8,1,1,0,0,,
gamma_0.99_789_9b7ea326,gamma_0.99,eval,3,789,easy,5,5,0.1,0.99,0.0,default,100,3.0,8,1,1,0,0,,
gamma_0.99_789_9b7ea326,gamma_0.99,eval,4,789,easy,5,5,0.1,0.99,0.0,default,100,3.0,8,1,1,0,0,,
gamma_0.99_789_9b7ea326,gamma_0.99,eval,5,789,easy,5,5,0.1,0.99,0.0,default,100,3.0,8,1,1,0,0,,
gamma_0.99_789_9b7ea326,gamma_0.99,eval,6,789,easy,5,5,0.1,0.99,0.0,default,100,3.0,8,1,1,0,0,,
gamma_0.99_789_9b7ea326,gamma_0.99,eval,7,789,easy,5,5,0.1,0.99,0.0,default,100,3.0,8,1,1,0,0,,
gamma_0.99_789_9b7ea326,gamma_0.99,eval,8,789,easy,5,5,0.1,0.99,0.0,default,100,3.0,8,1,1,0,0,,
gamma_0.99_789_9b7ea326,gamma_0.99,eval,9,789,easy,5,5,0.1,0.99,0.0,default,100,3.0,8,1,1,0,0,,
gamma_0.99_789_9b7ea326,gamma_0.99,eval,10,789,easy,5,5,0.1,0.99,0.0,default,100,3.0,8,1,1,0,0,,
gamma_0.99_789_9b7ea326,gamma_0.99,eval,1,789,easy,5,5,0.1,0.99,0.0,default,100,3.0,8,1,1,0,0,,
gamma_0.99_789_9b7ea326,gamma_0.99,eval,2,789,easy,5,5,0.1,0.99,0.0,default,100,3.0,8,1,1,0,0,,
gamma_0.99_789_9b7ea326,gamma_0.99,eval,3,789,easy,5,5,0.1,0.99,0.0,default,100,3.0,8,1,1,0,0,,
gamma_0.99_789_9b7ea326,gamma_0.99,eval,4,789,easy,5,5,0.1,0.99,0.0,default,100,3.0,8,1,1,0,0,,
gamma_0.99_789_9b7ea326,gamma_0.99,eval,5,789,easy,5,5,0.1,0.99,0.0,default,100,3.0,8,1,1,0,0,,
gamma_0.99_789_9b7ea326,gamma_0.99,eval,6,789,easy,5,5,0.1,0.99,0.0,default,100,3.0,8,1,1,0,0,,
gamma_0.99_789_9b7ea326,gamma_0.99,eval,7,789,easy,5,5,0.1,0.99,0.0,default,100,3.0,8,1,1,0,0,,
gamma_0.99_789_9b7ea326,gamma_0.99,eval,8,789,easy,5,5,0.1,0.99,0.0,default,100,3.0,8,1,1,0,0,,
gamma_0.99_789_9b7ea326,gamma_0.99,eval,9,789,easy,5,5,0.1,0.99,0.0,default,100,3.0,8,1,1,0,0,,
gamma_0.99_789_9b7ea326,gamma_0.99,eval,10,789,easy,5,5,0.1,0.99,0.0,default,100,3.0,8,1,1,0,0,,
gamma_0.99_789_9b7ea326,gamma_0.99,eval,1,789,easy,5,5,0.1,0.99,0.0,default,100,3.0,8,1,1,0,0,,
gamma_0.99_789_9b7ea326,gamma_0.99,eval,2,789,easy,5,5,0.1,0.99,0.0,default,100,3.0,8,1,1,0,0,,
gamma_0.99_789_9b7ea326,gamma_0.99,eval,3,789,easy,5,5,0.1,0.99,0.0,default,100,3.0,8,1,1,0,0,,
gamma_0.99_789_9b7ea326,gamma_0.99,eval,4,789,easy,5,5,0.1,0.99,0.0,default,100,3.0,8,1,1,0,0,,
gamma_0.99_789_9b7ea326,gamma_0.99,eval,5,789,easy,5,5,0.1,0.99,0.0,default,100,3.0,8,1,1,0,0,,
gamma_0.99_789_9b7ea326,gamma_0.99,eval,6,789,easy,5,5,0.1,0.99,0.0,default,100,3.0,8,1,1,0,0,,
gamma_0.99_789_9b7ea326,gamma_0.99,eval,7,789,easy,5,5,0.1,0.99,0.0,default,100,3.0,8,1,1,0,0,,
gamma_0.99_789_9b7ea326,gamma_0.99,eval,8,789,easy,5,5,0.1,0.99,0.0,default,100,3.0,8,1,1,0,0,,
gamma_0.99_789_9b7ea326,gamma_0.99,eval,9,789,easy,5,5,0.1,0.99,0.0,default,100,3.0,8,1,1,0,0,,
gamma_0.99_789_9b7ea326,gamma_0.99,eval,10,789,easy,5,5,0.1,0.99,0.0,default,100,3.0,8,1,1,0,0,,
gamma_0.99_789_9b7ea326,gamma_0.99,eval,1,789,easy,5,5,0.1,0.99,0.0,default,100,3.0,8,1,1,0,0,,
gamma_0.99_789_9b7ea326,gamma_0.99,eval,2,789,easy,5,5,0.1,0.99,0.0,default,100,3.0,8,1,1,0,0,,
gamma_0.99_789_9b7ea326,gamma_0.99,eval,3,789,easy,5,5,0.1,0.99,0.0,default,100,3.0,8,1,1,0,0,,
gamma_0.99_789_9b7ea326,gamma_0.99,eval,4,789,easy,5,5,0.1,0.99,0.0,default,100,3.0,8,1,1,0,0,,
gamma_0.99_789_9b7ea326,gamma_0.99,eval,5,789,easy,5,5,0.1,0.99,0.0,default,100,3.0,8,1,1,0,0,,
gamma_0.99_789_9b7ea326,gamma_0.99,eval,6,789,easy,5,5,0.1,0.99,0.0,default,100,3.0,8,1,1,0,0,,
gamma_0.99_789_9b7ea326,gamma_0.99,eval,7,789,easy,5,5,0.1,0.99,0.0,default,100,3.0,8,1,1,0,0,,
gamma_0.99_789_9b7ea326,gamma_0.99,eval,8,789,easy,5,5,0.1,0.99,0.0,default,100,3.0,8,1,1,0,0,,
gamma_0.99_789_9b7ea326,gamma_0.99,eval,9,789,easy,5,5,0.1,0.99,0.0,default,100,3.0,8,1,1,0,0,,
gamma_0.99_789_9b7ea326,gamma_0.99,eval,10,789,easy,5,5,0.1,0.99,0.0,default,100,3.0,8,1,1,0,0,,
gamma_0.99_789_9b7ea326,gamma_0.99,eval,1,789,easy,5,5,0.1,0.99,0.0,default,100,3.0,8,1,1,0,0,,
gamma_0.99_789_9b7ea326,gamma_0.99,eval,2,789,easy,5,5,0.1,0.99,0.0,default,100,3.0,8,1,1,0,0,,
gamma_0.99_789_9b7ea326,gamma_0.99,eval,3,789,easy,5,5,0.1,0.99,0.0,default,100,3.0,8,1,1,0,0,,
gamma_0.99_789_9b7ea326,gamma_0.99,eval,4,789,easy,5,5,0.1,0.99,0.0,default,100,3.0,8,1,1,0,0,,
gamma_0.99_789_9b7ea326,gamma_0.99,eval,5,789,easy,5,5,0.1,0.99,0.0,default,100,3.0,8,1,1,0,0,,
gamma_0.99_789_9b7ea326,gamma_0.99,eval,6,789,easy,5,5,0.1,0.99,0.0,default,100,3.0,8,1,1,0,0,,
gamma_0.99_789_9b7ea326,gamma_0.99,eval,7,789,easy,5,5,0.1,0.99,0.0,default,100,3.0,8,1,1,0,0,,
gamma_0.99_789_9b7ea326,gamma_0.99,eval,8,789,easy,5,5,0.1,0.99,0.0,default,100,3.0,8,1,1,0,0,,
gamma_0.99_789_9b7ea326,gamma_0.99,eval,9,789,easy,5,5,0.1,0.99,0.0,default,100,3.0,8,1,1,0,0,,
gamma_0.99_789_9b7ea326,gamma_0.99,eval,10,789,easy,5,5,0.1,0.99,0.0,default,100,3.0,8,1,1,0,0,,
gamma_0.99_789_9b7ea326,gamma_0.99,eval,1,789,easy,5,5,0.1,0.99,0.0,default,100,3.0,8,1,1,0,0,,
gamma_0.99_789_9b7ea326,gamma_0.99,eval,2,789,easy,5,5,0.1,0.99,0.0,default,100,3.0,8,1,1,0,0,,
gamma_0.99_789_9b7ea326,gamma_0.99,eval,3,789,easy,5,5,0.1,0.99,0.0,default,100,3.0,8,1,1,0,0,,
gamma_0.99_789_9b7ea326,gamma_0.99,eval,4,789,easy,5,5,0.1,0.99,0.0,default,100,3.0,8,1,1,0,0,,
gamma_0.99_789_9b7ea326,gamma_0.99,eval,5,789,easy,5,5,0.1,0.99,0.0,default,100,3.0,8,1,1,0,0,,
gamma_0.99_789_9b7ea326,gamma_0.99,eval,6,789,easy,5,5,0.1,0.99,0.0,default,100,3.0,8,1,1,0,0,,
gamma_0.99_789_9b7ea326,gamma_0.99,eval,7,789,easy,5,5,0.1,0.99,0.0,default,100,3.0,8,1,1,0,0,,
gamma_0.99_789_9b7ea326,gamma_0.99,eval,8,789,easy,5,5,0.1,0.99,0.0,default,100,3.0,8,1,1,0,0,,
gamma_0.99_789_9b7ea326,gamma_0.99,eval,9,789,easy,5,5,0.1,0.99,0.0,default,100,3.0,8,1,1,0,0,,
gamma_0.99_789_9b7ea326,gamma_0.99,eval,10,789,easy,5,5,0.1,0.99,0.0,default,100,3.0,8,1,1,0,0,,
gamma_0.99_789_9b7ea326,gamma_0.99,eval,1,789,easy,5,5,0.1,0.99,0.0,default,100,3.0,8,1,1,0,0,,
gamma_0.99_789_9b7ea326,gamma_0.99,eval,2,789,easy,5,5,0.1,0.99,0.0,default,100,3.0,8,1,1,0,0,,
gamma_0.99_789_9b7ea326,gamma_0.99,eval,3,789,easy,5,5,0.1,0.99,0.0,default,100,3.0,8,1,1,0,0,,
gamma_0.99_789_9b7ea326,gamma_0.99,eval,4,789,easy,5,5,0.1,0.99,0.0,default,100,3.0,8,1,1,0,0,,
gamma_0.99_789_9b7ea326,gamma_0.99,eval,5,789,easy,5,5,0.1,0.99,0.0,default,100,3.0,8,1,1,0,0,,
gamma_0.99_789_9b7ea326,gamma_0.99,eval,6,789,easy,5,5,0.1,0.99,0.0,default,100,3.0,8,1,1,0,0,,
gamma_0.99_789_9b7ea326,gamma_0.99,eval,7,789,easy,5,5,0.1,0.99,0.0,default,100,3.0,8,1,1,0,0,,
gamma_0.99_789_9b7ea326,gamma_0.99,eval,8,789,easy,5,5,0.1,0.99,0.0,default,100,3.0,8,1,1,0,0,,
gamma_0.99_789_9b7ea326,gamma_0.99,eval,9,789,easy,5,5,0.1,0.99,0.0,default,100,3.0,8,1,1,0,0,,
gamma_0.99_789_9b7ea326,gamma_0.99,eval,10,789,easy,5,5,0.1,0.99,0.0,default,100,3.0,8,1,1,0,0,,
gamma_0.99_789_9b7ea326,gamma_0.99,eval,1,789,easy,5,5,0.1,0.99,0.0,default,100,3.0,8,1,1,0,0,,
gamma_0.99_789_9b7ea326,gamma_0.99,eval,2,789,easy,5,5,0.1,0.99,0.0,default,100,3.0,8,1,1,0,0,,
gamma_0.99_789_9b7ea326,gamma_0.99,eval,3,789,easy,5,5,0.1,0.99,0.0,default,100,3.0,8,1,1,0,0,,
gamma_0.99_789_9b7ea326,gamma_0.99,eval,4,789,easy,5,5,0.1,0.99,0.0,default,100,3.0,8,1,1,0,0,,
gamma_0.99_789_9b7ea326,gamma_0.99,eval,5,789,easy,5,5,0.1,0.99,0.0,default,100,3.0,8,1,1,0,0,,
gamma_0.99_789_9b7ea326,gamma_0.99,eval,6,789,easy,5,5,0.1,0.99,0.0,default,100,3.0,8,1,1,0,0,,
gamma_0.99_789_9b7ea326,gamma_0.99,eval,7,789,easy,5,5,0.1,0.99,0.0,default,100,3.0,8,1,1,0,0,,
gamma_0.99_789_9b7ea326,gamma_0.99,eval,8,789,easy,5,5,0.1,0.99,0.0,default,100,3.0,8,1,1,0,0,,
gamma_0.99_789_9b7ea326,gamma_0.99,eval,9,789,easy,5,5,0.1,0.99,0.0,default,100,3.0,8,1,1,0,0,,
gamma_0.99_789_9b7ea326,gamma_0.99,eval,10,789,easy,5,5,0.1,0.99,0.0,default,100,3.0,8,1,1,0,0,,
gamma_0.99_789_9b7ea326,gamma_0.99,eval,1,789,easy,5,5,0.1,0.99,0.0,default,100,3.0,8,1,1,0,0,,
gamma_0.99_789_9b7ea326,gamma_0.99,eval,2,789,easy,5,5,0.1,0.99,0.0,default,100,3.0,8,1,1,0,0,,
gamma_0.99_789_9b7ea326,gamma_0.99,eval,3,789,easy,5,5,0.1,0.99,0.0,default,100,3.0,8,1,1,0,0,,
gamma_0.99_789_9b7ea326,gamma_0.99,eval,4,789,easy,5,5,0.1,0.99,0.0,default,100,3.0,8,1,1,0,0,,
gamma_0.99_789_9b7ea326,gamma_0.99,eval,5,789,easy,5,5,0.1,0.99,0.0,default,100,3.0,8,1,1,0,0,,
gamma_0.99_789_9b7ea326,gamma_0.99,eval,6,789,easy,5,5,0.1,0.99,0.0,default,100,3.0,8,1,1,0,0,,
gamma_0.99_789_9b7ea326,gamma_0.99,eval,7,789,easy,5,5,0.1,0.99,0.0,default,100,3.0,8,1,1,0,0,,
gamma_0.99_789_9b7ea326,gamma_0.99,eval,8,789,easy,5,5,0.1,0.99,0.0,default,100,3.0,8,1,1,0,0,,
gamma_0.99_789_9b7ea326,gamma_0.99,eval,9,789,easy,5,5,0.1,0.99,0.0,default,100,3.0,8,1,1,0,0,,
gamma_0.99_789_9b7ea326,gamma_0.99,eval,10,789,easy,5,5,0.1,0.99,0.0,default,100,3.0,8,1,1,0,0,,
gamma_0.99_789_9b7ea326,gamma_0.99,eval,1,789,easy,5,5,0.1,0.99,0.0,default,100,3.0,8,1,1,0,0,,
gamma_0.99_789_9b7ea326,gamma_0.99,eval,2,789,easy,5,5,0.1,0.99,0.0,default,100,3.0,8,1,1,0,0,,
gamma_0.99_789_9b7ea326,gamma_0.99,eval,3,789,easy,5,5,0.1,0.99,0.0,default,100,3.0,8,1,1,0,0,,
gamma_0.99_789_9b7ea326,gamma_0.99,eval,4,789,easy,5,5,0.1,0.99,0.0,default,100,3.0,8,1,1,0,0,,
gamma_0.99_789_9b7ea326,gamma_0.99,eval,5,789,easy,5,5,0.1,0.99,0.0,default,100,3.0,8,1,1,0,0,,
gamma_0.99_789_9b7ea326,gamma_0.99,eval,6,789,easy,5,5,0.1,0.99,0.0,default,100,3.0,8,1,1,0,0,,
gamma_0.99_789_9b7ea326,gamma_0.99,eval,7,789,easy,5,5,0.1,0.99,0.0,default,100,3.0,8,1,1,0,0,,
gamma_0.99_789_9b7ea326,gamma_0.99,eval,8,789,easy,5,5,0.1,0.99,0.0,default,100,3.0,8,1,1,0,0,,
gamma_0.99_789_9b7ea326,gamma_0.99,eval,9,789,easy,5,5,0.1,0.99,0.0,default,100,3.0,8,1,1,0,0,,
gamma_0.99_789_9b7ea326,gamma_0.99,eval,10,789,easy,5,5,0.1,0.99,0.0,default,100,3.0,8,1,1,0,0,,
gamma_0.99_789_9b7ea326,gamma_0.99,eval,1,789,easy,5,5,0.1,0.99,0.0,default,100,3.0,8,1,1,0,0,,
gamma_0.99_789_9b7ea326,gamma_0.99,eval,2,789,easy,5,5,0.1,0.99,0.0,default,100,3.0,8,1,1,0,0,,
gamma_0.99_789_9b7ea326,gamma_0.99,eval,3,789,easy,5,5,0.1,0.99,0.0,default,100,3.0,8,1,1,0,0,,
gamma_0.99_789_9b7ea326,gamma_0.99,eval,4,789,easy,5,5,0.1,0.99,0.0,default,100,3.0,8,1,1,0,0,,
gamma_0.99_789_9b7ea326,gamma_0.99,eval,5,789,easy,5,5,0.1,0.99,0.0,default,100,3.0,8,1,1,0,0,,
gamma_0.99_789_9b7ea326,gamma_0.99,eval,6,789,easy,5,5,0.1,0.99,0.0,default,100,3.0,8,1,1,0,0,,
gamma_0.99_789_9b7ea326,gamma_0.99,eval,7,789,easy,5,5,0.1,0.99,0.0,default,100,3.0,8,1,1,0,0,,
gamma_0.99_789_9b7ea326,gamma_0.99,eval,8,789,easy,5,5,0.1,0.99,0.0,default,100,3.0,8,1,1,0,0,,
gamma_0.99_789_9b7ea326,gamma_0.99,eval,9,789,easy,5,5,0.1,0.99,0.0,default,100,3.0,8,1,1,0,0,,
gamma_0.99_789_9b7ea326,gamma_0.99,eval,10,789,easy,5,5,0.1,0.99,0.0,default,100,3.0,8,1,1,0,0,,
gamma_0.99_789_9b7ea326,gamma_0.99,eval,1,789,easy,5,5,0.1,0.99,0.0,default,100,3.0,8,1,1,0,0,,
gamma_0.99_789_9b7ea326,gamma_0.99,eval,2,789,easy,5,5,0.1,0.99,0.0,default,100,3.0,8,1,1,0,0,,
gamma_0.99_789_9b7ea326,gamma_0.99,eval,3,789,easy,5,5,0.1,0.99,0.0,default,100,3.0,8,1,1,0,0,,
gamma_0.99_789_9b7ea326,gamma_0.99,eval,4,789,easy,5,5,0.1,0.99,0.0,default,100,3.0,8,1,1,0,0,,
gamma_0.99_789_9b7ea326,gamma_0.99,eval,5,789,easy,5,5,0.1,0.99,0.0,default,100,3.0,8,1,1,0,0,,
gamma_0.99_789_9b7ea326,gamma_0.99,eval,6,789,easy,5,5,0.1,0.99,0.0,default,100,3.0,8,1,1,0,0,,
gamma_0.99_789_9b7ea326,gamma_0.99,eval,7,789,easy,5,5,0.1,0.99,0.0,default,100,3.0,8,1,1,0,0,,
gamma_0.99_789_9b7ea326,gamma_0.99,eval,8,789,easy,5,5,0.1,0.99,0.0,default,100,3.0,8,1,1,0,0,,
gamma_0.99_789_9b7ea326,gamma_0.99,eval,9,789,easy,5,5,0.1,0.99,0.0,default,100,3.0,8,1,1,0,0,,
gamma_0.99_789_9b7ea326,gamma_0.99,eval,10,789,easy,5,5,0.1,0.99,0.0,default,100,3.0,8,1,1,0,0,,
gamma_0.99_789_9b7ea326,gamma_0.99,eval,1,789,easy,5,5,0.1,0.99,0.0,default,100,3.0,8,1,1,0,0,,
gamma_0.99_789_9b7ea326,gamma_0.99,eval,2,789,easy,5,5,0.1,0.99,0.0,default,100,3.0,8,1,1,0,0,,
gamma_0.99_789_9b7ea326,gamma_0.99,eval,3,789,easy,5,5,0.1,0.99,0.0,default,100,3.0,8,1,1,0,0,,
gamma_0.99_789_9b7ea326,gamma_0.99,eval,4,789,easy,5,5,0.1,0.99,0.0,default,100,3.0,8,1,1,0,0,,
gamma_0.99_789_9b7ea326,gamma_0.99,eval,5,789,easy,5,5,0.1,0.99,0.0,default,100,3.0,8,1,1,0,0,,
gamma_0.99_789_9b7ea326,gamma_0.99,eval,6,789,easy,5,5,0.1,0.99,0.0,default,100,3.0,8,1,1,0,0,,
gamma_0.99_789_9b7ea326,gamma_0.99,eval,7,789,easy,5,5,0.1,0.99,0.0,default,100,3.0,8,1,1,0,0,,
gamma_0.99_789_9b7ea326,gamma_0.99,eval,8,789,easy,5,5,0.1,0.99,0.0,default,100,3.0,8,1,1,0,0,,
gamma_0.99_789_9b7ea326,gamma_0.99,eval,9,789,easy,5,5,0.1,0.99,0.0,default,100,3.0,8,1,1,0,0,,
gamma_0.99_789_9b7ea326,gamma_0.99,eval,10,789,easy,5,5,0.1,0.99,0.0,default,100,3.0,8,1,1,0,0,,
gamma_0.99_789_9b7ea326,gamma_0.99,eval,1,789,easy,5,5,0.1,0.99,0.0,default,100,3.0,8,1,1,0,0,,
gamma_0.99_789_9b7ea326,gamma_0.99,eval,2,789,easy,5,5,0.1,0.99,0.0,default,100,3.0,8,1,1,0,0,,
gamma_0.99_789_9b7ea326,gamma_0.99,eval,3,789,easy,5,5,0.1,0.99,0.0,default,100,3.0,8,1,1,0,0,,
gamma_0.99_789_9b7ea326,gamma_0.99,eval,4,789,easy,5,5,0.1,0.99,0.0,default,100,3.0,8,1,1,0,0,,
gamma_0.99_789_9b7ea326,gamma_0.99,eval,5,789,easy,5,5,0.1,0.99,0.0,default,100,3.0,8,1,1,0,0,,
gamma_0.99_789_9b7ea326,gamma_0.99,eval,6,789,easy,5,5,0.1,0.99,0.0,default,100,3.0,8,1,1,0,0,,
gamma_0.99_789_9b7ea326,gamma_0.99,eval,7,789,easy,5,5,0.1,0.99,0.0,default,100,3.0,8,1,1,0,0,,
gamma_0.99_789_9b7ea326,gamma_0.99,eval,8,789,easy,5,5,0.1,0.99,0.0,default,100,3.0,8,1,1,0,0,,
gamma_0.99_789_9b7ea326,gamma_0.99,eval,9,789,easy,5,5,0.1,0.99,0.0,default,100,3.0,8,1,1,0,0,,
gamma_0.99_789_9b7ea326,gamma_0.99,eval,10,789,easy,5,5,0.1,0.99,0.0,default,100,3.0,8,1,1,0,0,,
gamma_0.99_789_9b7ea326,gamma_0.99,eval,1,789,easy,5,5,0.1,0.99,0.0,default,100,3.0,8,1,1,0,0,,
gamma_0.99_789_9b7ea326,gamma_0.99,eval,2,789,easy,5,5,0.1,0.99,0.0,default,100,3.0,8,1,1,0,0,,
gamma_0.99_789_9b7ea326,gamma_0.99,eval,3,789,easy,5,5,0.1,0.99,0.0,default,100,3.0,8,1,1,0,0,,
gamma_0.99_789_9b7ea326,gamma_0.99,eval,4,789,easy,5,5,0.1,0.99,0.0,default,100,3.0,8,1,1,0,0,,
gamma_0.99_789_9b7ea326,gamma_0.99,eval,5,789,easy,5,5,0.1,0.99,0.0,default,100,3.0,8,1,1,0,0,,
gamma_0.99_789_9b7ea326,gamma_0.99,eval,6,789,easy,5,5,0.1,0.99,0.0,default,100,3.0,8,1,1,0,0,,
gamma_0.99_789_9b7ea326,gamma_0.99,eval,7,789,easy,5,5,0.1,0.99,0.0,default,100,3.0,8,1,1,0,0,,
gamma_0.99_789_9b7ea326,gamma_0.99,eval,8,789,easy,5,5,0.1,0.99,0.0,default,100,3.0,8,1,1,0,0,,
gamma_0.99_789_9b7ea326,gamma_0.99,eval,9,789,easy,5,5,0.1,0.99,0.0,default,100,3.0,8,1,1,0,0,,
gamma_0.99_789_9b7ea326,gamma_0.99,eval,10,789,easy,5,5,0.1,0.99,0.0,default,100,3.0,8,1,1,0,0,,
gamma_0.99_789_9b7ea326,gamma_0.99,eval,1,789,easy,5,5,0.1,0.99,0.0,default,100,3.0,8,1,1,0,0,,
gamma_0.99_789_9b7ea326,gamma_0.99,eval,2,789,easy,5,5,0.1,0.99,0.0,default,100,3.0,8,1,1,0,0,,
gamma_0.99_789_9b7ea326,gamma_0.99,eval,3,789,easy,5,5,0.1,0.99,0.0,default,100,3.0,8,1,1,0,0,,
gamma_0.99_789_9b7ea326,gamma_0.99,eval,4,789,easy,5,5,0.1,0.99,0.0,default,100,3.0,8,1,1,0,0,,
gamma_0.99_789_9b7ea326,gamma_0.99,eval,5,789,easy,5,5,0.1,0.99,0.0,default,100,3.0,8,1,1,0,0,,
gamma_0.99_789_9b7ea326,gamma_0.99,eval,6,789,easy,5,5,0.1,0.99,0.0,default,100,3.0,8,1,1,0,0,,
gamma_0.99_789_9b7ea326,gamma_0.99,eval,7,789,easy,5,5,0.1,0.99,0.0,default,100,3.0,8,1,1,0,0,,
gamma_0.99_789_9b7ea326,gamma_0.99,eval,8,789,easy,5,5,0.1,0.99,0.0,default,100,3.0,8,1,1,0,0,,
gamma_0.99_789_9b7ea326,gamma_0.99,eval,9,789,easy,5,5,0.1,0.99,0.0,default,100,3.0,8,1,1,0,0,,
gamma_0.99_789_9b7ea326,gamma_0.99,eval,10,789,easy,5,5,0.1,0.99,0.0,default,100,3.0,8,1,1,0,0,,
gamma_0.99_789_9b7ea326,gamma_0.99,eval,1,789,easy,5,5,0.1,0.99,0.0,default,100,3.0,8,1,1,0,0,,
gamma_0.99_789_9b7ea326,gamma_0.99,eval,2,789,easy,5,5,0.1,0.99,0.0,default,100,3.0,8,1,1,0,0,,
gamma_0.99_789_9b7ea326,gamma_0.99,eval,3,789,easy,5,5,0.1,0.99,0.0,default,100,3.0,8,1,1,0,0,,
gamma_0.99_789_9b7ea326,gamma_0.99,eval,4,789,easy,5,5,0.1,0.99,0.0,default,100,3.0,8,1,1,0,0,,
gamma_0.99_789_9b7ea326,gamma_0.99,eval,5,789,easy,5,5,0.1,0.99,0.0,default,100,3.0,8,1,1,0,0,,
gamma_0.99_789_9b7ea326,gamma_0.99,eval,6,789,easy,5,5,0.1,0.99,0.0,default,100,3.0,8,1,1,0,0,,
gamma_0.99_789_9b7ea326,gamma_0.99,eval,7,789,easy,5,5,0.1,0.99,0.0,default,100,3.0,8,1,1,0,0,,
gamma_0.99_789_9b7ea326,gamma_0.99,eval,8,789,easy,5,5,0.1,0.99,0.0,default,100,3.0,8,1,1,0,0,,
gamma_0.99_789_9b7ea326,gamma_0.99,eval,9,789,easy,5,5,0.1,0.99,0.0,default,100,3.0,8,1,1,0,0,,
gamma_0.99_789_9b7ea326,gamma_0.99,eval,10,789,easy,5,5,0.1,0.99,0.0,default,100,3.0,8,1,1,0,0,,
gamma_0.99_789_9b7ea326,gamma_0.99,eval,1,789,easy,5,5,0.1,0.99,0.0,default,100,3.0,8,1,1,0,0,,
gamma_0.99_789_9b7ea326,gamma_0.99,eval,2,789,easy,5,5,0.1,0.99,0.0,default,100,3.0,8,1,1,0,0,,
gamma_0.99_789_9b7ea326,gamma_0.99,eval,3,789,easy,5,5,0.1,0.99,0.0,default,100,3.0,8,1,1,0,0,,
gamma_0.99_789_9b7ea326,gamma_0.99,eval,4,789,easy,5,5,0.1,0.99,0.0,default,100,3.0,8,1,1,0,0,,
gamma_0.99_789_9b7ea326,gamma_0.99,eval,5,789,easy,5,5,0.1,0.99,0.0,default,100,3.0,8,1,1,0,0,,
gamma_0.99_789_9b7ea326,gamma_0.99,eval,6,789,easy,5,5,0.1,0.99,0.0,default,100,3.0,8,1,1,0,0,,
gamma_0.99_789_9b7ea326,gamma_0.99,eval,7,789,easy,5,5,0.1,0.99,0.0,default,100,3.0,8,1,1,0,0,,
gamma_0.99_789_9b7ea326,gamma_0.99,eval,8,789,easy,5,5,0.1,0.99,0.0,default,100,3.0,8,1,1,0,0,,
gamma_0.99_789_9b7ea326,gamma_0.99,eval,9,789,easy,5,5,0.1,0.99,0.0,default,100,3.0,8,1,1,0,0,,
gamma_0.99_789_9b7ea326,gamma_0.99,eval,10,789,easy,5,5,0.1,0.99,0.0,default,100,3.0,8,1,1,0,0,,
gamma_0.99_789_9b7ea326,gamma_0.99,eval,1,789,easy,5,5,0.1,0.99,0.0,default,100,3.0,8,1,1,0,0,,
gamma_0.99_789_9b7ea326,gamma_0.99,eval,2,789,easy,5,5,0.1,0.99,0.0,default,100,3.0,8,1,1,0,0,,
gamma_0.99_789_9b7ea326,gamma_0.99,eval,3,789,easy,5,5,0.1,0.99,0.0,default,100,3.0,8,1,1,0,0,,
gamma_0.99_789_9b7ea326,gamma_0.99,eval,4,789,easy,5,5,0.1,0.99,0.0,default,100,3.0,8,1,1,0,0,,
gamma_0.99_789_9b7ea326,gamma_0.99,eval,5,789,easy,5,5,0.1,0.99,0.0,default,100,3.0,8,1,1,0,0,,
gamma_0.99_789_9b7ea326,gamma_0.99,eval,6,789,easy,5,5,0.1,0.99,0.0,default,100,3.0,8,1,1,0,0,,
gamma_0.99_789_9b7ea326,gamma_0.99,eval,7,789,easy,5,5,0.1,0.99,0.0,default,100,3.0,8,1,1,0,0,,
gamma_0.99_789_9b7ea326,gamma_0.99,eval,8,789,easy,5,5,0.1,0.99,0.0,default,100,3.0,8,1,1,0,0,,
gamma_0.99_789_9b7ea326,gamma_0.99,eval,9,789,easy,5,5,0.1,0.99,0.0,default,100,3.0,8,1,1,0,0,,
gamma_0.99_789_9b7ea326,gamma_0.99,eval,10,789,easy,5,5,0.1,0.99,0.0,default,100,3.0,8,1,1,0,0,,
gamma_0.99_789_9b7ea326,gamma_0.99,eval,1,789,easy,5,5,0.1,0.99,0.0,default,100,3.0,8,1,1,0,0,,
gamma_0.99_789_9b7ea326,gamma_0.99,eval,2,789,easy,5,5,0.1,0.99,0.0,default,100,3.0,8,1,1,0,0,,
gamma_0.99_789_9b7ea326,gamma_0.99,eval,3,789,easy,5,5,0.1,0.99,0.0,default,100,3.0,8,1,1,0,0,,
gamma_0.99_789_9b7ea326,gamma_0.99,eval,4,789,easy,5,5,0.1,0.99,0.0,default,100,3.0,8,1,1,0,0,,
gamma_0.99_789_9b7ea326,gamma_0.99,eval,5,789,easy,5,5,0.1,0.99,0.0,default,100,3.0,8,1,1,0,0,,
gamma_0.99_789_9b7ea326,gamma_0.99,eval,6,789,easy,5,5,0.1,0.99,0.0,default,100,3.0,8,1,1,0,0,,
gamma_0.99_789_9b7ea326,gamma_0.99,eval,7,789,easy,5,5,0.1,0.99,0.0,default,100,3.0,8,1,1,0,0,,
gamma_0.99_789_9b7ea326,gamma_0.99,eval,8,789,easy,5,5,0.1,0.99,0.0,default,100,3.0,8,1,1,0,0,,
gamma_0.99_789_9b7ea326,gamma_0.99,eval,9,789,easy,5,5,0.1,0.99,0.0,default,100,3.0,8,1,1,0,0,,
gamma_0.99_789_9b7ea326,gamma_0.99,eval,10,789,easy,5,5,0.1,0.99,0.0,default,100,3.0,8,1,1,0,0,,
gamma_0.99_789_9b7ea326,gamma_0.99,eval,1,789,easy,5,5,0.1,0.99,0.0,default,100,3.0,8,1,1,0,0,,
gamma_0.99_789_9b7ea326,gamma_0.99,eval,2,789,easy,5,5,0.1,0.99,0.0,default,100,3.0,8,1,1,0,0,,
gamma_0.99_789_9b7ea326,gamma_0.99,eval,3,789,easy,5,5,0.1,0.99,0.0,default,100,3.0,8,1,1,0,0,,
gamma_0.99_789_9b7ea326,gamma_0.99,eval,4,789,easy,5,5,0.1,0.99,0.0,default,100,3.0,8,1,1,0,0,,
gamma_0.99_789_9b7ea326,gamma_0.99,eval,5,789,easy,5,5,0.1,0.99,0.0,default,100,3.0,8,1,1,0,0,,
gamma_0.99_789_9b7ea326,gamma_0.99,eval,6,789,easy,5,5,0.1,0.99,0.0,default,100,3.0,8,1,1,0,0,,
gamma_0.99_789_9b7ea326,gamma_0.99,eval,7,789,easy,5,5,0.1,0.99,0.0,default,100,3.0,8,1,1,0,0,,
gamma_0.99_789_9b7ea326,gamma_0.99,eval,8,789,easy,5,5,0.1,0.99,0.0,default,100,3.0,8,1,1,0,0,,
gamma_0.99_789_9b7ea326,gamma_0.99,eval,9,789,easy,5,5,0.1,0.99,0.0,default,100,3.0,8,1,1,0,0,,
gamma_0.99_789_9b7ea326,gamma_0.99,eval,10,789,easy,5,5,0.1,0.99,0.0,default,100,3.0,8,1,1,0,0,,
gamma_0.99_789_9b7ea326,gamma_0.99,eval,1,789,easy,5,5,0.1,0.99,0.0,default,100,3.0,8,1,1,0,0,,
gamma_0.99_789_9b7ea326,gamma_0.99,eval,2,789,easy,5,5,0.1,0.99,0.0,default,100,3.0,8,1,1,0,0,,
gamma_0.99_789_9b7ea326,gamma_0.99,eval,3,789,easy,5,5,0.1,0.99,0.0,default,100,3.0,8,1,1,0,0,,
gamma_0.99_789_9b7ea326,gamma_0.99,eval,4,789,easy,5,5,0.1,0.99,0.0,default,100,3.0,8,1,1,0,0,,
gamma_0.99_789_9b7ea326,gamma_0.99,eval,5,789,easy,5,5,0.1,0.99,0.0,default,100,3.0,8,1,1,0,0,,
gamma_0.99_789_9b7ea326,gamma_0.99,eval,6,789,easy,5,5,0.1,0.99,0.0,default,100,3.0,8,1,1,0,0,,
gamma_0.99_789_9b7ea326,gamma_0.99,eval,7,789,easy,5,5,0.1,0.99,0.0,default,100,3.0,8,1,1,0,0,,
gamma_0.99_789_9b7ea326,gamma_0.99,eval,8,789,easy,5,5,0.1,0.99,0.0,default,100,3.0,8,1,1,0,0,,
gamma_0.99_789_9b7ea326,gamma_0.99,eval,9,789,easy,5,5,0.1,0.99,0.0,default,100,3.0,8,1,1,0,0,,
gamma_0.99_789_9b7ea326,gamma_0.99,eval,10,789,easy,5,5,0.1,0.99,0.0,default,100,3.0,8,1,1,0,0,,
gamma_0.99_789_9b7ea326,gamma_0.99,eval,1,789,easy,5,5,0.1,0.99,0.0,default,100,3.0,8,1,1,0,0,,
gamma_0.99_789_9b7ea326,gamma_0.99,eval,2,789,easy,5,5,0.1,0.99,0.0,default,100,3.0,8,1,1,0,0,,
gamma_0.99_789_9b7ea326,gamma_0.99,eval,3,789,easy,5,5,0.1,0.99,0.0,default,100,3.0,8,1,1,0,0,,
gamma_0.99_789_9b7ea326,gamma_0.99,eval,4,789,easy,5,5,0.1,0.99,0.0,default,100,3.0,8,1,1,0,0,,
gamma_0.99_789_9b7ea326,gamma_0.99,eval,5,789,easy,5,5,0.1,0.99,0.0,default,100,3.0,8,1,1,0,0,,
gamma_0.99_789_9b7ea326,gamma_0.99,eval,6,789,easy,5,5,0.1,0.99,0.0,default,100,3.0,8,1,1,0,0,,
gamma_0.99_789_9b7ea326,gamma_0.99,eval,7,789,easy,5,5,0.1,0.99,0.0,default,100,3.0,8,1,1,0,0,,
gamma_0.99_789_9b7ea326,gamma_0.99,eval,8,789,easy,5,5,0.1,0.99,0.0,default,100,3.0,8,1,1,0,0,,
gamma_0.99_789_9b7ea326,gamma_0.99,eval,9,789,easy,5,5,0.1,0.99,0.0,default,100,3.0,8,1,1,0,0,,
gamma_0.99_789_9b7ea326,gamma_0.99,eval,10,789,easy,5,5,0.1,0.99,0.0,default,100,3.0,8,1,1,0,0,,
gamma_0.99_789_9b7ea326,gamma_0.99,eval,1,789,easy,5,5,0.1,0.99,0.0,default,100,3.0,8,1,1,0,0,,
gamma_0.99_789_9b7ea326,gamma_0.99,eval,2,789,easy,5,5,0.1,0.99,0.0,default,100,3.0,8,1,1,0,0,,
gamma_0.99_789_9b7ea326,gamma_0.99,eval,3,789,easy,5,5,0.1,0.99,0.0,default,100,3.0,8,1,1,0,0,,
gamma_0.99_789_9b7ea326,gamma_0.99,eval,4,789,easy,5,5,0.1,0.99,0.0,default,100,3.0,8,1,1,0,0,,
gamma_0.99_789_9b7ea326,gamma_0.99,eval,5,789,easy,5,5,0.1,0.99,0.0,default,100,3.0,8,1,1,0,0,,
gamma_0.99_789_9b7ea326,gamma_0.99,eval,6,789,easy,5,5,0.1,0.99,0.0,default,100,3.0,8,1,1,0,0,,
gamma_0.99_789_9b7ea326,gamma_0.99,eval,7,789,easy,5,5,0.1,0.99,0.0,default,100,3.0,8,1,1,0,0,,
gamma_0.99_789_9b7ea326,gamma_0.99,eval,8,789,easy,5,5,0.1,0.99,0.0,default,100,3.0,8,1,1,0,0,,
gamma_0.99_789_9b7ea326,gamma_0.99,eval,9,789,easy,5,5,0.1,0.99,0.0,default,100,3.0,8,1,1,0,0,,
gamma_0.99_789_9b7ea326,gamma_0.99,eval,10,789,easy,5,5,0.1,0.99,0.0,default,100,3.0,8,1,1,0,0,,
gamma_0.99_789_9b7ea326,gamma_0.99,eval,1,789,easy,5,5,0.1,0.99,0.0,default,100,3.0,8,1,1,0,0,,
gamma_0.99_789_9b7ea326,gamma_0.99,eval,2,789,easy,5,5,0.1,0.99,0.0,default,100,3.0,8,1,1,0,0,,
gamma_0.99_789_9b7ea326,gamma_0.99,eval,3,789,easy,5,5,0.1,0.99,0.0,default,100,3.0,8,1,1,0,0,,
gamma_0.99_789_9b7ea326,gamma_0.99,eval,4,789,easy,5,5,0.1,0.99,0.0,default,100,3.0,8,1,1,0,0,,
gamma_0.99_789_9b7ea326,gamma_0.99,eval,5,789,easy,5,5,0.1,0.99,0.0,default,100,3.0,8,1,1,0,0,,
gamma_0.99_789_9b7ea326,gamma_0.99,eval,6,789,easy,5,5,0.1,0.99,0.0,default,100,3.0,8,1,1,0,0,,
gamma_0.99_789_9b7ea326,gamma_0.99,eval,7,789,easy,5,5,0.1,0.99,0.0,default,100,3.0,8,1,1,0,0,,
gamma_0.99_789_9b7ea326,gamma_0.99,eval,8,789,easy,5,5,0.1,0.99,0.0,default,100,3.0,8,1,1,0,0,,
gamma_0.99_789_9b7ea326,gamma_0.99,eval,9,789,easy,5,5,0.1,0.99,0.0,default,100,3.0,8,1,1,0,0,,
gamma_0.99_789_9b7ea326,gamma_0.99,eval,10,789,easy,5,5,0.1,0.99,0.0,default,100,3.0,8,1,1,0,0,,
gamma_0.99_789_9b7ea326,gamma_0.99,eval,1,789,easy,5,5,0.1,0.99,0.0,default,100,3.0,8,1,1,0,0,,
gamma_0.99_789_9b7ea326,gamma_0.99,eval,2,789,easy,5,5,0.1,0.99,0.0,default,100,3.0,8,1,1,0,0,,
gamma_0.99_789_9b7ea326,gamma_0.99,eval,3,789,easy,5,5,0.1,0.99,0.0,default,100,3.0,8,1,1,0,0,,
gamma_0.99_789_9b7ea326,gamma_0.99,eval,4,789,easy,5,5,0.1,0.99,0.0,default,100,3.0,8,1,1,0,0,,
gamma_0.99_789_9b7ea326,gamma_0.99,eval,5,789,easy,5,5,0.1,0.99,0.0,default,100,3.0,8,1,1,0,0,,
gamma_0.99_789_9b7ea326,gamma_0.99,eval,6,789,easy,5,5,0.1,0.99,0.0,default,100,3.0,8,1,1,0,0,,
gamma_0.99_789_9b7ea326,gamma_0.99,eval,7,789,easy,5,5,0.1,0.99,0.0,default,100,3.0,8,1,1,0,0,,
gamma_0.99_789_9b7ea326,gamma_0.99,eval,8,789,easy,5,5,0.1,0.99,0.0,default,100,3.0,8,1,1,0,0,,
gamma_0.99_789_9b7ea326,gamma_0.99,eval,9,789,easy,5,5,0.1,0.99,0.0,default,100,3.0,8,1,1,0,0,,
gamma_0.99_789_9b7ea326,gamma_0.99,eval,10,789,easy,5,5,0.1,0.99,0.0,default,100,3.0,8,1,1,0,0,,
gamma_0.99_789_9b7ea326,gamma_0.99,eval,1,789,easy,5,5,0.1,0.99,0.0,default,100,3.0,8,1,1,0,0,,
gamma_0.99_789_9b7ea326,gamma_0.99,eval,2,789,easy,5,5,0.1,0.99,0.0,default,100,3.0,8,1,1,0,0,,
gamma_0.99_789_9b7ea326,gamma_0.99,eval,3,789,easy,5,5,0.1,0.99,0.0,default,100,3.0,8,1,1,0,0,,
gamma_0.99_789_9b7ea326,gamma_0.99,eval,4,789,easy,5,5,0.1,0.99,0.0,default,100,3.0,8,1,1,0,0,,
gamma_0.99_789_9b7ea326,gamma_0.99,eval,5,789,easy,5,5,0.1,0.99,0.0,default,100,3.0,8,1,1,0,0,,
gamma_0.99_789_9b7ea326,gamma_0.99,eval,6,789,easy,5,5,0.1,0.99,0.0,default,100,3.0,8,1,1,0,0,,
gamma_0.99_789_9b7ea326,gamma_0.99,eval,7,789,easy,5,5,0.1,0.99,0.0,default,100,3.0,8,1,1,0,0,,
gamma_0.99_789_9b7ea326,gamma_0.99,eval,8,789,easy,5,5,0.1,0.99,0.0,default,100,3.0,8,1,1,0,0,,
gamma_0.99_789_9b7ea326,gamma_0.99,eval,9,789,easy,5,5,0.1,0.99,0.0,default,100,3.0,8,1,1,0,0,,
gamma_0.99_789_9b7ea326,gamma_0.99,eval,10,789,easy,5,5,0.1,0.99,0.0,default,100,3.0,8,1,1,0,0,,
gamma_0.99_789_9b7ea326,gamma_0.99,eval,1,789,easy,5,5,0.1,0.99,0.0,default,100,3.0,8,1,1,0,0,,
gamma_0.99_789_9b7ea326,gamma_0.99,eval,2,789,easy,5,5,0.1,0.99,0.0,default,100,3.0,8,1,1,0,0,,
gamma_0.99_789_9b7ea326,gamma_0.99,eval,3,789,easy,5,5,0.1,0.99,0.0,default,100,3.0,8,1,1,0,0,,
gamma_0.99_789_9b7ea326,gamma_0.99,eval,4,789,easy,5,5,0.1,0.99,0.0,default,100,3.0,8,1,1,0,0,,
gamma_0.99_789_9b7ea326,gamma_0.99,eval,5,789,easy,5,5,0.1,0.99,0.0,default,100,3.0,8,1,1,0,0,,
gamma_0.99_789_9b7ea326,gamma_0.99,eval,6,789,easy,5,5,0.1,0.99,0.0,default,100,3.0,8,1,1,0,0,,
gamma_0.99_789_9b7ea326,gamma_0.99,eval,7,789,easy,5,5,0.1,0.99,0.0,default,100,3.0,8,1,1,0,0,,
gamma_0.99_789_9b7ea326,gamma_0.99,eval,8,789,easy,5,5,0.1,0.99,0.0,default,100,3.0,8,1,1,0,0,,
gamma_0.99_789_9b7ea326,gamma_0.99,eval,9,789,easy,5,5,0.1,0.99,0.0,default,100,3.0,8,1,1,0,0,,
gamma_0.99_789_9b7ea326,gamma_0.99,eval,10,789,easy,5,5,0.1,0.99,0.0,default,100,3.0,8,1,1,0,0,,
gamma_0.99_789_9b7ea326,gamma_0.99,eval,1,789,easy,5,5,0.1,0.99,0.0,default,100,3.0,8,1,1,0,0,,
gamma_0.99_789_9b7ea326,gamma_0.99,eval,2,789,easy,5,5,0.1,0.99,0.0,default,100,3.0,8,1,1,0,0,,
gamma_0.99_789_9b7ea326,gamma_0.99,eval,3,789,easy,5,5,0.1,0.99,0.0,default,100,3.0,8,1,1,0,0,,
gamma_0.99_789_9b7ea326,gamma_0.99,eval,4,789,easy,5,5,0.1,0.99,0.0,default,100,3.0,8,1,1,0,0,,
gamma_0.99_789_9b7ea326,gamma_0.99,eval,5,789,easy,5,5,0.1,0.99,0.0,default,100,3.0,8,1,1,0,0,,
gamma_0.99_789_9b7ea326,gamma_0.99,eval,6,789,easy,5,5,0.1,0.99,0.0,default,100,3.0,8,1,1,0,0,,
gamma_0.99_789_9b7ea326,gamma_0.99,eval,7,789,easy,5,5,0.1,0.99,0.0,default,100,3.0,8,1,1,0,0,,
gamma_0.99_789_9b7ea326,gamma_0.99,eval,8,789,easy,5,5,0.1,0.99,0.0,default,100,3.0,8,1,1,0,0,,
gamma_0.99_789_9b7ea326,gamma_0.99,eval,9,789,easy,5,5,0.1,0.99,0.0,default,100,3.0,8,1,1,0,0,,
gamma_0.99_789_9b7ea326,gamma_0.99,eval,10,789,easy,5,5,0.1,0.99,0.0,default,100,3.0,8,1,1,0,0,,
