run_id,exp_name,phase,episode,seed,map_name,rows,cols,alpha,gamma,epsilon,reward_setting,max_steps,total_reward,steps,success,terminated,truncated,hit_trap,elapsed_sec,qtable_path
gamma_0.95_456_6463e12b,gamma_0.95,train,1,456,easy,5,5,0.1,0.95,0.199,default,100,-71.0,62,0,1,0,1,0.007833299998310395,
gamma_0.95_456_6463e12b,gamma_0.95,train,2,456,easy,5,5,0.1,0.95,0.19800500000000001,default,100,-22.0,33,1,1,0,0,0.0037828999920748174,
gamma_0.95_456_6463e12b,gamma_0.95,train,3,456,easy,5,5,0.1,0.95,0.197014975,default,100,-13.0,24,1,1,0,0,0.0026940999960061163,
gamma_0.95_456_6463e12b,gamma_0.95,train,4,456,easy,5,5,0.1,0.95,0.19602990012500002,default,100,-15.0,26,1,1,0,0,0.0031251000036718324,
gamma_0.95_456_6463e12b,gamma_0.95,train,5,456,easy,5,5,0.1,0.95,0.19504975062437502,default,100,-42.0,33,0,1,0,1,0.0036755999899469316,
gamma_0.95_456_6463e12b,gamma_0.95,train,6,456,easy,5,5,0.1,0.95,0.19407450187125314,default,100,-66.0,57,0,1,0,1,0.0070321999955922365,
gamma_0.95_456_6463e12b,gamma_0.95,train,7,456,easy,5,5,0.1,0.95,0.19310412936189686,default,100,-71.0,82,1,1,0,0,0.009161599999060854,
gamma_0.95_456_6463e12b,gamma_0.95,train,8,456,easy,5,5,0.1,0.95,0.19213860871508737,default,100,-59.0,50,0,1,0,1,0.005779900006018579,
gamma_0.95_456_6463e12b,gamma_0.95,train,9,456,easy,5,5,0.1,0.95,0.19117791567151193,default,100,-14.0,25,1,1,0,0,0.0029935000056866556,
gamma_0.95_456_6463e12b,gamma_0.95,train,10,456,easy,5,5,0.1,0.95,0.19022202609315436,default,100,-5.0,16,1,1,0,0,0.0018880000134231523,
gamma_0.95_456_6463e12b,gamma_0.95,train,11,456,easy,5,5,0.1,0.95,0.18927091596268858,default,100,-73.0,84,1,1,0,0,0.009517099999357015,
gamma_0.95_456_6463e12b,gamma_0.95,train,12,456,easy,5,5,0.1,0.95,0.18832456138287512,default,100,-5.0,16,1,1,0,0,0.0019471000123303384,
gamma_0.95_456_6463e12b,gamma_0.95,train,13,456,easy,5,5,0.1,0.95,0.18738293857596075,default,100,-22.0,33,1,1,0,0,0.0036188999947626144,
gamma_0.95_456_6463e12b,gamma_0.95,train,14,456,easy,5,5,0.1,0.95,0.18644602388308096,default,100,-19.0,30,1,1,0,0,0.00349810000625439,
gamma_0.95_456_6463e12b,gamma_0.95,train,15,456,easy,5,5,0.1,0.95,0.18551379376366556,default,100,-37.0,28,0,1,0,1,0.003250499998102896,
gamma_0.95_456_6463e12b,gamma_0.95,train,16,456,easy,5,5,0.1,0.95,0.18458622479484724,default,100,-19.0,30,1,1,0,0,0.0034982000070158392,
gamma_0.95_456_6463e12b,gamma_0.95,train,17,456,easy,5,5,0.1,0.95,0.183663293670873,default,100,-2.0,13,1,1,0,0,0.001494800002546981,
gamma_0.95_456_6463e12b,gamma_0.95,train,18,456,easy,5,5,0.1,0.95,0.18274497720251864,default,100,-17.0,28,1,1,0,0,0.003259100005379878,
gamma_0.95_456_6463e12b,gamma_0.95,train,19,456,easy,5,5,0.1,0.95,0.18183125231650604,default,100,-8.0,19,1,1,0,0,0.0021096999989822507,
gamma_0.95_456_6463e12b,gamma_0.95,train,20,456,easy,5,5,0.1,0.95,0.18092209605492351,default,100,-51.0,42,0,1,0,1,0.0048033000057330355,
gamma_0.95_456_6463e12b,gamma_0.95,train,21,456,easy,5,5,0.1,0.95,0.1800174855746489,default,100,-4.0,15,1,1,0,0,0.0019160000083502382,
gamma_0.95_456_6463e12b,gamma_0.95,train,22,456,easy,5,5,0.1,0.95,0.17911739814677563,default,100,-10.0,21,1,1,0,0,0.0024859000113792717,
gamma_0.95_456_6463e12b,gamma_0.95,train,23,456,easy,5,5,0.1,0.95,0.17822181115604174,default,100,-7.0,18,1,1,0,0,0.002271000004839152,
gamma_0.95_456_6463e12b,gamma_0.95,train,24,456,easy,5,5,0.1,0.95,0.17733070210026153,default,100,0.0,11,1,1,0,0,0.001486499997554347,
gamma_0.95_456_6463e12b,gamma_0.95,train,25,456,easy,5,5,0.1,0.95,0.17644404858976023,default,100,-25.0,36,1,1,0,0,0.004161999997450039,
gamma_0.95_456_6463e12b,gamma_0.95,train,26,456,easy,5,5,0.1,0.95,0.17556182834681144,default,100,-7.0,18,1,1,0,0,0.0021157000010134652,
gamma_0.95_456_6463e12b,gamma_0.95,train,27,456,easy,5,5,0.1,0.95,0.1746840192050774,default,100,-26.0,17,0,1,0,1,0.0019305000023450702,
gamma_0.95_456_6463e12b,gamma_0.95,train,28,456,easy,5,5,0.1,0.95,0.173810599109052,default,100,-2.0,13,1,1,0,0,0.0016285000019706786,
gamma_0.95_456_6463e12b,gamma_0.95,train,29,456,easy,5,5,0.1,0.95,0.17294154611350673,default,100,-11.0,22,1,1,0,0,0.0025305000017397106,
gamma_0.95_456_6463e12b,gamma_0.95,train,30,456,easy,5,5,0.1,0.95,0.1720768383829392,default,100,0.0,11,1,1,0,0,0.0014667000068584457,
gamma_0.95_456_6463e12b,gamma_0.95,train,31,456,easy,5,5,0.1,0.95,0.1712164541910245,default,100,-10.0,21,1,1,0,0,0.0026061000098707154,
gamma_0.95_456_6463e12b,gamma_0.95,train,32,456,easy,5,5,0.1,0.95,0.17036037192006936,default,100,-9.0,20,1,1,0,0,0.002375600000959821,
gamma_0.95_456_6463e12b,gamma_0.95,train,33,456,easy,5,5,0.1,0.95,0.16950857006046902,default,100,-5.0,16,1,1,0,0,0.00202020000142511,
gamma_0.95_456_6463e12b,gamma_0.95,train,34,456,easy,5,5,0.1,0.95,0.16866102721016668,default,100,-4.0,15,1,1,0,0,0.0017615999968256801,
gamma_0.95_456_6463e12b,gamma_0.95,train,35,456,easy,5,5,0.1,0.95,0.16781772207411585,default,100,-2.0,13,1,1,0,0,0.0016479999903822318,
gamma_0.95_456_6463e12b,gamma_0.95,train,36,456,easy,5,5,0.1,0.95,0.16697863346374528,default,100,-5.0,16,1,1,0,0,0.002330699993763119,
gamma_0.95_456_6463e12b,gamma_0.95,train,37,456,easy,5,5,0.1,0.95,0.16614374029642656,default,100,-4.0,15,1,1,0,0,0.0023307999945245683,
gamma_0.95_456_6463e12b,gamma_0.95,train,38,456,easy,5,5,0.1,0.95,0.16531302159494443,default,100,-9.0,20,1,1,0,0,0.0025199000083375722,
gamma_0.95_456_6463e12b,gamma_0.95,train,39,456,easy,5,5,0.1,0.95,0.16448645648696972,default,100,1.0,10,1,1,0,0,0.0012999999889871106,
gamma_0.95_456_6463e12b,gamma_0.95,train,40,456,easy,5,5,0.1,0.95,0.16366402420453488,default,100,-6.0,17,1,1,0,0,0.0020056000066688284,
gamma_0.95_456_6463e12b,gamma_0.95,train,41,456,easy,5,5,0.1,0.95,0.1628457040835122,default,100,0.0,11,1,1,0,0,0.0016267000028165057,
gamma_0.95_456_6463e12b,gamma_0.95,train,42,456,easy,5,5,0.1,0.95,0.16203147556309463,default,100,-19.0,10,0,1,0,1,0.0011035999923478812,
gamma_0.95_456_6463e12b,gamma_0.95,train,43,456,easy,5,5,0.1,0.95,0.16122131818527916,default,100,-5.0,16,1,1,0,0,0.0020017000060761347,
gamma_0.95_456_6463e12b,gamma_0.95,train,44,456,easy,5,5,0.1,0.95,0.16041521159435276,default,100,-1.0,12,1,1,0,0,0.0015544000052614138,
gamma_0.95_456_6463e12b,gamma_0.95,train,45,456,easy,5,5,0.1,0.95,0.159613135536381,default,100,-5.0,16,1,1,0,0,0.001998099993215874,
gamma_0.95_456_6463e12b,gamma_0.95,train,46,456,easy,5,5,0.1,0.95,0.15881506985869911,default,100,2.0,9,1,1,0,0,0.0012339999957475811,
gamma_0.95_456_6463e12b,gamma_0.95,train,47,456,easy,5,5,0.1,0.95,0.15802099450940563,default,100,-3.0,14,1,1,0,0,0.0016566999984206632,
gamma_0.95_456_6463e12b,gamma_0.95,train,48,456,easy,5,5,0.1,0.95,0.1572308895368586,default,100,-5.0,16,1,1,0,0,0.0018815999937942252,
gamma_0.95_456_6463e12b,gamma_0.95,train,49,456,easy,5,5,0.1,0.95,0.1564447350891743,default,100,-3.0,14,1,1,0,0,0.0017645000043557957,
gamma_0.95_456_6463e12b,gamma_0.95,train,50,456,easy,5,5,0.1,0.95,0.15566251141372844,default,100,-2.0,13,1,1,0,0,0.0015220999921439216,
gamma_0.95_456_6463e12b,gamma_0.95,train,51,456,easy,5,5,0.1,0.95,0.1548841988566598,default,100,-5.0,16,1,1,0,0,0.001960200010216795,
gamma_0.95_456_6463e12b,gamma_0.95,train,52,456,easy,5,5,0.1,0.95,0.1541097778623765,default,100,-2.0,13,1,1,0,0,0.0016515000024810433,
gamma_0.95_456_6463e12b,gamma_0.95,train,53,456,easy,5,5,0.1,0.95,0.15333922897306462,default,100,3.0,8,1,1,0,0,0.0010369999945396557,
gamma_0.95_456_6463e12b,gamma_0.95,train,54,456,easy,5,5,0.1,0.95,0.1525725328281993,default,100,-3.0,14,1,1,0,0,0.0017341000057058409,
gamma_0.95_456_6463e12b,gamma_0.95,train,55,456,easy,5,5,0.1,0.95,0.1518096701640583,default,100,0.0,11,1,1,0,0,0.0014264999917941168,
gamma_0.95_456_6463e12b,gamma_0.95,train,56,456,easy,5,5,0.1,0.95,0.151050621813238,default,100,-2.0,13,1,1,0,0,0.0015361000114353374,
gamma_0.95_456_6463e12b,gamma_0.95,train,57,456,easy,5,5,0.1,0.95,0.15029536870417182,default,100,0.0,11,1,1,0,0,0.0013980999938212335,
gamma_0.95_456_6463e12b,gamma_0.95,train,58,456,easy,5,5,0.1,0.95,0.14954389186065095,default,100,-5.0,16,1,1,0,0,0.0019216999935451895,
gamma_0.95_456_6463e12b,gamma_0.95,train,59,456,easy,5,5,0.1,0.95,0.1487961724013477,default,100,1.0,10,1,1,0,0,0.001215800002682954,
gamma_0.95_456_6463e12b,gamma_0.95,train,60,456,easy,5,5,0.1,0.95,0.14805219153934096,default,100,2.0,9,1,1,0,0,0.0011507000017445534,
gamma_0.95_456_6463e12b,gamma_0.95,train,61,456,easy,5,5,0.1,0.95,0.14731193058164427,default,100,3.0,8,1,1,0,0,0.0011525000008987263,
gamma_0.95_456_6463e12b,gamma_0.95,train,62,456,easy,5,5,0.1,0.95,0.14657537092873604,default,100,1.0,10,1,1,0,0,0.0012279999937163666,
gamma_0.95_456_6463e12b,gamma_0.95,train,63,456,easy,5,5,0.1,0.95,0.14584249407409236,default,100,-1.0,12,1,1,0,0,0.0014613999956054613,
gamma_0.95_456_6463e12b,gamma_0.95,train,64,456,easy,5,5,0.1,0.95,0.1451132816037219,default,100,-3.0,14,1,1,0,0,0.001646799995796755,
gamma_0.95_456_6463e12b,gamma_0.95,train,65,456,easy,5,5,0.1,0.95,0.1443877151957033,default,100,-5.0,16,1,1,0,0,0.00199419999262318,
gamma_0.95_456_6463e12b,gamma_0.95,train,66,456,easy,5,5,0.1,0.95,0.14366577661972477,default,100,-1.0,12,1,1,0,0,0.0014640000008512288,
gamma_0.95_456_6463e12b,gamma_0.95,train,67,456,easy,5,5,0.1,0.95,0.14294744773662615,default,100,0.0,11,1,1,0,0,0.0013733000087086111,
gamma_0.95_456_6463e12b,gamma_0.95,train,68,456,easy,5,5,0.1,0.95,0.14223271049794303,default,100,1.0,10,1,1,0,0,0.0012813999928766862,
gamma_0.95_456_6463e12b,gamma_0.95,train,69,456,easy,5,5,0.1,0.95,0.14152154694545332,default,100,1.0,10,1,1,0,0,0.0013157000066712499,
gamma_0.95_456_6463e12b,gamma_0.95,train,70,456,easy,5,5,0.1,0.95,0.14081393921072605,default,100,3.0,8,1,1,0,0,0.001061699993442744,
gamma_0.95_456_6463e12b,gamma_0.95,train,71,456,easy,5,5,0.1,0.95,0.1401098695146724,default,100,-16.0,7,0,1,0,1,0.0009150999976554886,
gamma_0.95_456_6463e12b,gamma_0.95,train,72,456,easy,5,5,0.1,0.95,0.13940932016709906,default,100,-2.0,13,1,1,0,0,0.0014807999978074804,
gamma_0.95_456_6463e12b,gamma_0.95,train,73,456,easy,5,5,0.1,0.95,0.13871227356626356,default,100,-1.0,12,1,1,0,0,0.0015035000105854124,
gamma_0.95_456_6463e12b,gamma_0.95,train,74,456,easy,5,5,0.1,0.95,0.13801871219843223,default,100,-2.0,13,1,1,0,0,0.001520600009826012,
gamma_0.95_456_6463e12b,gamma_0.95,train,75,456,easy,5,5,0.1,0.95,0.13732861863744006,default,100,3.0,8,1,1,0,0,0.001061999995727092,
gamma_0.95_456_6463e12b,gamma_0.95,train,76,456,easy,5,5,0.1,0.95,0.13664197554425286,default,100,-14.0,5,0,1,0,1,0.0006911999953445047,
gamma_0.95_456_6463e12b,gamma_0.95,train,77,456,easy,5,5,0.1,0.95,0.1359587656665316,default,100,0.0,11,1,1,0,0,0.0013393000117503107,
gamma_0.95_456_6463e12b,gamma_0.95,train,78,456,easy,5,5,0.1,0.95,0.13527897183819892,default,100,3.0,8,1,1,0,0,0.001086899996153079,
gamma_0.95_456_6463e12b,gamma_0.95,train,79,456,easy,5,5,0.1,0.95,0.13460257697900793,default,100,3.0,8,1,1,0,0,0.0010628999880282208,
gamma_0.95_456_6463e12b,gamma_0.95,train,80,456,easy,5,5,0.1,0.95,0.13392956409411289,default,100,1.0,10,1,1,0,0,0.0012537000002339482,
gamma_0.95_456_6463e12b,gamma_0.95,train,81,456,easy,5,5,0.1,0.95,0.1332599162736423,default,100,3.0,8,1,1,0,0,0.0011169999925186858,
gamma_0.95_456_6463e12b,gamma_0.95,train,82,456,easy,5,5,0.1,0.95,0.1325936166922741,default,100,3.0,8,1,1,0,0,0.0010268000041833147,
gamma_0.95_456_6463e12b,gamma_0.95,train,83,456,easy,5,5,0.1,0.95,0.13193064860881273,default,100,3.0,8,1,1,0,0,0.0010839000024134293,
gamma_0.95_456_6463e12b,gamma_0.95,train,84,456,easy,5,5,0.1,0.95,0.13127099536576867,default,100,1.0,10,1,1,0,0,0.0012218999909237027,
gamma_0.95_456_6463e12b,gamma_0.95,train,85,456,easy,5,5,0.1,0.95,0.13061464038893983,default,100,2.0,9,1,1,0,0,0.001392999998643063,
gamma_0.95_456_6463e12b,gamma_0.95,train,86,456,easy,5,5,0.1,0.95,0.12996156718699514,default,100,2.0,9,1,1,0,0,0.0011307999957352877,
gamma_0.95_456_6463e12b,gamma_0.95,train,87,456,easy,5,5,0.1,0.95,0.12931175935106015,default,100,-14.0,5,0,1,0,1,0.000677700008964166,
gamma_0.95_456_6463e12b,gamma_0.95,train,88,456,easy,5,5,0.1,0.95,0.12866520055430486,default,100,3.0,8,1,1,0,0,0.001075199994374998,
gamma_0.95_456_6463e12b,gamma_0.95,train,89,456,easy,5,5,0.1,0.95,0.12802187455153333,default,100,3.0,8,1,1,0,0,0.001058599998941645,
gamma_0.95_456_6463e12b,gamma_0.95,train,90,456,easy,5,5,0.1,0.95,0.12738176517877567,default,100,3.0,8,1,1,0,0,0.0010836000001290813,
gamma_0.95_456_6463e12b,gamma_0.95,train,91,456,easy,5,5,0.1,0.95,0.1267448563528818,default,100,1.0,10,1,1,0,0,0.0012552000116556883,
gamma_0.95_456_6463e12b,gamma_0.95,train,92,456,easy,5,5,0.1,0.95,0.12611113207111738,default,100,3.0,8,1,1,0,0,0.0010974999895552173,
gamma_0.95_456_6463e12b,gamma_0.95,train,93,456,easy,5,5,0.1,0.95,0.1254805764107618,default,100,-18.0,9,0,1,0,1,0.0010968999995384365,
gamma_0.95_456_6463e12b,gamma_0.95,train,94,456,easy,5,5,0.1,0.95,0.12485317352870799,default,100,2.0,9,1,1,0,0,0.001174599994556047,
gamma_0.95_456_6463e12b,gamma_0.95,train,95,456,easy,5,5,0.1,0.95,0.12422890766106445,default,100,-2.0,13,1,1,0,0,0.0014798000047449023,
gamma_0.95_456_6463e12b,gamma_0.95,train,96,456,easy,5,5,0.1,0.95,0.12360776312275913,default,100,-16.0,7,0,1,0,1,0.0008513999928254634,
gamma_0.95_456_6463e12b,gamma_0.95,train,97,456,easy,5,5,0.1,0.95,0.12298972430714533,default,100,3.0,8,1,1,0,0,0.0010864000068977475,
gamma_0.95_456_6463e12b,gamma_0.95,train,98,456,easy,5,5,0.1,0.95,0.1223747756856096,default,100,3.0,8,1,1,0,0,0.0010584999981801957,
gamma_0.95_456_6463e12b,gamma_0.95,train,99,456,easy,5,5,0.1,0.95,0.12176290180718155,default,100,2.0,9,1,1,0,0,0.0011075000074924901,
gamma_0.95_456_6463e12b,gamma_0.95,train,100,456,easy,5,5,0.1,0.95,0.12115408729814564,default,100,1.0,10,1,1,0,0,0.0012067999923601747,
gamma_0.95_456_6463e12b,gamma_0.95,train,101,456,easy,5,5,0.1,0.95,0.12054831686165492,default,100,3.0,8,1,1,0,0,0.0010049999982584268,
gamma_0.95_456_6463e12b,gamma_0.95,train,102,456,easy,5,5,0.1,0.95,0.11994557527734664,default,100,3.0,8,1,1,0,0,0.0010814999986905605,
gamma_0.95_456_6463e12b,gamma_0.95,train,103,456,easy,5,5,0.1,0.95,0.11934584740095991,default,100,1.0,10,1,1,0,0,0.0012652000004891306,
gamma_0.95_456_6463e12b,gamma_0.95,train,104,456,easy,5,5,0.1,0.95,0.11874911816395511,default,100,3.0,8,1,1,0,0,0.0010836000001290813,
gamma_0.95_456_6463e12b,gamma_0.95,train,105,456,easy,5,5,0.1,0.95,0.11815537257313534,default,100,1.0,10,1,1,0,0,0.001252100002602674,
gamma_0.95_456_6463e12b,gamma_0.95,train,106,456,easy,5,5,0.1,0.95,0.11756459571026966,default,100,-16.0,7,0,1,0,1,0.0008737000025575981,
gamma_0.95_456_6463e12b,gamma_0.95,train,107,456,easy,5,5,0.1,0.95,0.1169767727317183,default,100,1.0,10,1,1,0,0,0.0012664999958360568,
gamma_0.95_456_6463e12b,gamma_0.95,train,108,456,easy,5,5,0.1,0.95,0.1163918888680597,default,100,3.0,8,1,1,0,0,0.00106969999615103,
gamma_0.95_456_6463e12b,gamma_0.95,train,109,456,easy,5,5,0.1,0.95,0.11580992942371941,default,100,3.0,8,1,1,0,0,0.0010895000013988465,
gamma_0.95_456_6463e12b,gamma_0.95,train,110,456,easy,5,5,0.1,0.95,0.11523087977660082,default,100,3.0,8,1,1,0,0,0.00101859999995213,
gamma_0.95_456_6463e12b,gamma_0.95,train,111,456,easy,5,5,0.1,0.95,0.11465472537771781,default,100,3.0,8,1,1,0,0,0.0011000000085914508,
gamma_0.95_456_6463e12b,gamma_0.95,train,112,456,easy,5,5,0.1,0.95,0.11408145175082922,default,100,2.0,9,1,1,0,0,0.0011358999909134582,
gamma_0.95_456_6463e12b,gamma_0.95,train,113,456,easy,5,5,0.1,0.95,0.11351104449207507,default,100,1.0,10,1,1,0,0,0.0012593999999808148,
gamma_0.95_456_6463e12b,gamma_0.95,train,114,456,easy,5,5,0.1,0.95,0.11294348926961469,default,100,1.0,10,1,1,0,0,0.0012472999951569363,
gamma_0.95_456_6463e12b,gamma_0.95,train,115,456,easy,5,5,0.1,0.95,0.11237877182326661,default,100,-2.0,13,1,1,0,0,0.0014786000101594254,
gamma_0.95_456_6463e12b,gamma_0.95,train,116,456,easy,5,5,0.1,0.95,0.11181687796415028,default,100,3.0,8,1,1,0,0,0.0010463999933563173,
gamma_0.95_456_6463e12b,gamma_0.95,train,117,456,easy,5,5,0.1,0.95,0.11125779357432954,default,100,-1.0,12,1,1,0,0,0.0014281000039773062,
gamma_0.95_456_6463e12b,gamma_0.95,train,118,456,easy,5,5,0.1,0.95,0.11070150460645789,default,100,-1.0,12,1,1,0,0,0.0014314000000013039,
gamma_0.95_456_6463e12b,gamma_0.95,train,119,456,easy,5,5,0.1,0.95,0.1101479970834256,default,100,3.0,8,1,1,0,0,0.0010337999992771074,
gamma_0.95_456_6463e12b,gamma_0.95,train,120,456,easy,5,5,0.1,0.95,0.10959725709800847,default,100,3.0,8,1,1,0,0,0.0010762000019894913,
gamma_0.95_456_6463e12b,gamma_0.95,train,121,456,easy,5,5,0.1,0.95,0.10904927081251842,default,100,3.0,8,1,1,0,0,0.0010628000018186867,
gamma_0.95_456_6463e12b,gamma_0.95,train,122,456,easy,5,5,0.1,0.95,0.10850402445845582,default,100,3.0,8,1,1,0,0,0.0010956000041915104,
gamma_0.95_456_6463e12b,gamma_0.95,train,123,456,easy,5,5,0.1,0.95,0.10796150433616354,default,100,1.0,10,1,1,0,0,0.0014560999989043921,
gamma_0.95_456_6463e12b,gamma_0.95,train,124,456,easy,5,5,0.1,0.95,0.10742169681448273,default,100,3.0,8,1,1,0,0,0.0010886000090977177,
gamma_0.95_456_6463e12b,gamma_0.95,train,125,456,easy,5,5,0.1,0.95,0.10688458833041031,default,100,1.0,10,1,1,0,0,0.0012814999936381355,
gamma_0.95_456_6463e12b,gamma_0.95,train,126,456,easy,5,5,0.1,0.95,0.10635016538875826,default,100,2.0,9,1,1,0,0,0.0013105999969411641,
gamma_0.95_456_6463e12b,gamma_0.95,train,127,456,easy,5,5,0.1,0.95,0.10581841456181447,default,100,3.0,8,1,1,0,0,0.0010986999986926094,
gamma_0.95_456_6463e12b,gamma_0.95,train,128,456,easy,5,5,0.1,0.95,0.1052893224890054,default,100,2.0,9,1,1,0,0,0.00114229999599047,
gamma_0.95_456_6463e12b,gamma_0.95,train,129,456,easy,5,5,0.1,0.95,0.10476287587656037,default,100,-16.0,7,0,1,0,1,0.0009515999990981072,
gamma_0.95_456_6463e12b,gamma_0.95,train,130,456,easy,5,5,0.1,0.95,0.10423906149717757,default,100,3.0,8,1,1,0,0,0.0010561999952187762,
gamma_0.95_456_6463e12b,gamma_0.95,train,131,456,easy,5,5,0.1,0.95,0.10371786618969168,default,100,3.0,8,1,1,0,0,0.0010748000058811158,
gamma_0.95_456_6463e12b,gamma_0.95,train,132,456,easy,5,5,0.1,0.95,0.10319927685874322,default,100,1.0,10,1,1,0,0,0.00126530000125058,
gamma_0.95_456_6463e12b,gamma_0.95,train,133,456,easy,5,5,0.1,0.95,0.10268328047444951,default,100,1.0,10,1,1,0,0,0.001242899990756996,
gamma_0.95_456_6463e12b,gamma_0.95,train,134,456,easy,5,5,0.1,0.95,0.10216986407207726,default,100,3.0,8,1,1,0,0,0.0013484999944921583,
gamma_0.95_456_6463e12b,gamma_0.95,train,135,456,easy,5,5,0.1,0.95,0.10165901475171688,default,100,3.0,8,1,1,0,0,0.0011329999979352579,
gamma_0.95_456_6463e12b,gamma_0.95,train,136,456,easy,5,5,0.1,0.95,0.10115071967795829,default,100,3.0,8,1,1,0,0,0.0010833999986061826,
gamma_0.95_456_6463e12b,gamma_0.95,train,137,456,easy,5,5,0.1,0.95,0.10064496607956849,default,100,1.0,10,1,1,0,0,0.0013085999962640926,
gamma_0.95_456_6463e12b,gamma_0.95,train,138,456,easy,5,5,0.1,0.95,0.10014174124917065,default,100,3.0,8,1,1,0,0,0.0010012999991886318,
gamma_0.95_456_6463e12b,gamma_0.95,train,139,456,easy,5,5,0.1,0.95,0.09964103254292479,default,100,1.0,10,1,1,0,0,0.001276099996175617,
gamma_0.95_456_6463e12b,gamma_0.95,train,140,456,easy,5,5,0.1,0.95,0.09914282738021017,default,100,3.0,8,1,1,0,0,0.0011168000055477023,
gamma_0.95_456_6463e12b,gamma_0.95,train,141,456,easy,5,5,0.1,0.95,0.09864711324330912,default,100,1.0,10,1,1,0,0,0.0013192000042181462,
gamma_0.95_456_6463e12b,gamma_0.95,train,142,456,easy,5,5,0.1,0.95,0.09815387767709258,default,100,1.0,10,1,1,0,0,0.001236099997186102,
gamma_0.95_456_6463e12b,gamma_0.95,train,143,456,easy,5,5,0.1,0.95,0.09766310828870711,default,100,3.0,8,1,1,0,0,0.0010114000033354387,
gamma_0.95_456_6463e12b,gamma_0.95,train,144,456,easy,5,5,0.1,0.95,0.09717479274726358,default,100,1.0,10,1,1,0,0,0.0012500000011641532,
gamma_0.95_456_6463e12b,gamma_0.95,train,145,456,easy,5,5,0.1,0.95,0.09668891878352726,default,100,-2.0,13,1,1,0,0,0.0015318999940063804,
gamma_0.95_456_6463e12b,gamma_0.95,train,146,456,easy,5,5,0.1,0.95,0.09620547418960962,default,100,3.0,8,1,1,0,0,0.0010234999936074018,
gamma_0.95_456_6463e12b,gamma_0.95,train,147,456,easy,5,5,0.1,0.95,0.09572444681866157,default,100,3.0,8,1,1,0,0,0.0011108000035164878,
gamma_0.95_456_6463e12b,gamma_0.95,train,148,456,easy,5,5,0.1,0.95,0.09524582458456826,default,100,3.0,8,1,1,0,0,0.0009245999972335994,
gamma_0.95_456_6463e12b,gamma_0.95,train,149,456,easy,5,5,0.1,0.95,0.09476959546164541,default,100,1.0,10,1,1,0,0,0.001257299998542294,
gamma_0.95_456_6463e12b,gamma_0.95,train,150,456,easy,5,5,0.1,0.95,0.09429574748433718,default,100,2.0,9,1,1,0,0,0.0010796999995363876,
gamma_0.95_456_6463e12b,gamma_0.95,train,151,456,easy,5,5,0.1,0.95,0.09382426874691549,default,100,1.0,10,1,1,0,0,0.001254500006325543,
gamma_0.95_456_6463e12b,gamma_0.95,train,152,456,easy,5,5,0.1,0.95,0.09335514740318092,default,100,3.0,8,1,1,0,0,0.0010774999973364174,
gamma_0.95_456_6463e12b,gamma_0.95,train,153,456,easy,5,5,0.1,0.95,0.09288837166616501,default,100,-2.0,13,1,1,0,0,0.0014960999978939071,
gamma_0.95_456_6463e12b,gamma_0.95,train,154,456,easy,5,5,0.1,0.95,0.09242392980783419,default,100,2.0,9,1,1,0,0,0.0011316000018268824,
gamma_0.95_456_6463e12b,gamma_0.95,train,155,456,easy,5,5,0.1,0.95,0.09196181015879502,default,100,-16.0,7,0,1,0,1,0.0008489000028930604,
gamma_0.95_456_6463e12b,gamma_0.95,train,156,456,easy,5,5,0.1,0.95,0.09150200110800105,default,100,3.0,8,1,1,0,0,0.0010660999978426844,
gamma_0.95_456_6463e12b,gamma_0.95,train,157,456,easy,5,5,0.1,0.95,0.09104449110246104,default,100,-16.0,7,0,1,0,1,0.0008904999995138496,
gamma_0.95_456_6463e12b,gamma_0.95,train,158,456,easy,5,5,0.1,0.95,0.09058926864694875,default,100,3.0,8,1,1,0,0,0.001071799997589551,
gamma_0.95_456_6463e12b,gamma_0.95,train,159,456,easy,5,5,0.1,0.95,0.090136322303714,default,100,3.0,8,1,1,0,0,0.0010067000112030655,
gamma_0.95_456_6463e12b,gamma_0.95,train,160,456,easy,5,5,0.1,0.95,0.08968564069219544,default,100,3.0,8,1,1,0,0,0.0010203999991063029,
gamma_0.95_456_6463e12b,gamma_0.95,train,161,456,easy,5,5,0.1,0.95,0.08923721248873447,default,100,3.0,8,1,1,0,0,0.0010476000024937093,
gamma_0.95_456_6463e12b,gamma_0.95,train,162,456,easy,5,5,0.1,0.95,0.08879102642629079,default,100,3.0,8,1,1,0,0,0.0011556000099517405,
gamma_0.95_456_6463e12b,gamma_0.95,train,163,456,easy,5,5,0.1,0.95,0.08834707129415934,default,100,3.0,8,1,1,0,0,0.0010673000069800764,
gamma_0.95_456_6463e12b,gamma_0.95,train,164,456,easy,5,5,0.1,0.95,0.08790533593768854,default,100,2.0,9,1,1,0,0,0.0011510999902384356,
gamma_0.95_456_6463e12b,gamma_0.95,train,165,456,easy,5,5,0.1,0.95,0.0874658092580001,default,100,1.0,10,1,1,0,0,0.0012618000037036836,
gamma_0.95_456_6463e12b,gamma_0.95,train,166,456,easy,5,5,0.1,0.95,0.0870284802117101,default,100,1.0,10,1,1,0,0,0.0012581000046338886,
gamma_0.95_456_6463e12b,gamma_0.95,train,167,456,easy,5,5,0.1,0.95,0.08659333781065155,default,100,-14.0,5,0,1,0,1,0.0006825000018579885,
gamma_0.95_456_6463e12b,gamma_0.95,train,168,456,easy,5,5,0.1,0.95,0.0861603711215983,default,100,3.0,8,1,1,0,0,0.0011105999874416739,
gamma_0.95_456_6463e12b,gamma_0.95,train,169,456,easy,5,5,0.1,0.95,0.0857295692659903,default,100,3.0,8,1,1,0,0,0.0010813999979291111,
gamma_0.95_456_6463e12b,gamma_0.95,train,170,456,easy,5,5,0.1,0.95,0.08530092141966035,default,100,3.0,8,1,1,0,0,0.0010630000033415854,
gamma_0.95_456_6463e12b,gamma_0.95,train,171,456,easy,5,5,0.1,0.95,0.08487441681256205,default,100,3.0,8,1,1,0,0,0.0010872999991988763,
gamma_0.95_456_6463e12b,gamma_0.95,train,172,456,easy,5,5,0.1,0.95,0.08445004472849925,default,100,3.0,8,1,1,0,0,0.0010688000038499013,
gamma_0.95_456_6463e12b,gamma_0.95,train,173,456,easy,5,5,0.1,0.95,0.08402779450485676,default,100,3.0,8,1,1,0,0,0.0010788000072352588,
gamma_0.95_456_6463e12b,gamma_0.95,train,174,456,easy,5,5,0.1,0.95,0.08360765553233247,default,100,3.0,8,1,1,0,0,0.001061099988874048,
gamma_0.95_456_6463e12b,gamma_0.95,train,175,456,easy,5,5,0.1,0.95,0.0831896172546708,default,100,3.0,8,1,1,0,0,0.0010792999964905903,
gamma_0.95_456_6463e12b,gamma_0.95,train,176,456,easy,5,5,0.1,0.95,0.08277366916839746,default,100,1.0,10,1,1,0,0,0.0012967999937245622,
gamma_0.95_456_6463e12b,gamma_0.95,train,177,456,easy,5,5,0.1,0.95,0.08235980082255547,default,100,3.0,8,1,1,0,0,0.0010812999971676618,
gamma_0.95_456_6463e12b,gamma_0.95,train,178,456,easy,5,5,0.1,0.95,0.08194800181844268,default,100,3.0,8,1,1,0,0,0.0010944999958155677,
gamma_0.95_456_6463e12b,gamma_0.95,train,179,456,easy,5,5,0.1,0.95,0.08153826180935046,default,100,3.0,8,1,1,0,0,0.0010557000059634447,
gamma_0.95_456_6463e12b,gamma_0.95,train,180,456,easy,5,5,0.1,0.95,0.08113057050030371,default,100,-1.0,12,1,1,0,0,0.0014009000005898997,
gamma_0.95_456_6463e12b,gamma_0.95,train,181,456,easy,5,5,0.1,0.95,0.0807249176478022,default,100,3.0,8,1,1,0,0,0.0011067000014008954,
gamma_0.95_456_6463e12b,gamma_0.95,train,182,456,easy,5,5,0.1,0.95,0.08032129305956318,default,100,3.0,8,1,1,0,0,0.0010440000041853637,
gamma_0.95_456_6463e12b,gamma_0.95,train,183,456,easy,5,5,0.1,0.95,0.07991968659426536,default,100,3.0,8,1,1,0,0,0.0009750000026542693,
gamma_0.95_456_6463e12b,gamma_0.95,train,184,456,easy,5,5,0.1,0.95,0.07952008816129404,default,100,1.0,10,1,1,0,0,0.0012641999928746372,
gamma_0.95_456_6463e12b,gamma_0.95,train,185,456,easy,5,5,0.1,0.95,0.07912248772048756,default,100,3.0,8,1,1,0,0,0.0010751000081654638,
gamma_0.95_456_6463e12b,gamma_0.95,train,186,456,easy,5,5,0.1,0.95,0.07872687528188513,default,100,3.0,8,1,1,0,0,0.0010638999956427142,
gamma_0.95_456_6463e12b,gamma_0.95,train,187,456,easy,5,5,0.1,0.95,0.0783332409054757,default,100,1.0,10,1,1,0,0,0.001263199999812059,
gamma_0.95_456_6463e12b,gamma_0.95,train,188,456,easy,5,5,0.1,0.95,0.07794157470094833,default,100,0.0,11,1,1,0,0,0.0013328999921213835,
gamma_0.95_456_6463e12b,gamma_0.95,train,189,456,easy,5,5,0.1,0.95,0.07755186682744358,default,100,3.0,8,1,1,0,0,0.001085000010789372,
gamma_0.95_456_6463e12b,gamma_0.95,train,190,456,easy,5,5,0.1,0.95,0.07716410749330636,default,100,3.0,8,1,1,0,0,0.0010716999968281016,
gamma_0.95_456_6463e12b,gamma_0.95,train,191,456,easy,5,5,0.1,0.95,0.07677828695583983,default,100,3.0,8,1,1,0,0,0.001076700005796738,
gamma_0.95_456_6463e12b,gamma_0.95,train,192,456,easy,5,5,0.1,0.95,0.07639439552106063,default,100,3.0,8,1,1,0,0,0.0010672999924281612,
gamma_0.95_456_6463e12b,gamma_0.95,train,193,456,easy,5,5,0.1,0.95,0.07601242354345533,default,100,2.0,9,1,1,0,0,0.0011583000014070421,
gamma_0.95_456_6463e12b,gamma_0.95,train,194,456,easy,5,5,0.1,0.95,0.07563236142573805,default,100,3.0,8,1,1,0,0,0.0010888999968301505,
gamma_0.95_456_6463e12b,gamma_0.95,train,195,456,easy,5,5,0.1,0.95,0.07525419961860937,default,100,3.0,8,1,1,0,0,0.001015200003166683,
gamma_0.95_456_6463e12b,gamma_0.95,train,196,456,easy,5,5,0.1,0.95,0.07487792862051632,default,100,3.0,8,1,1,0,0,0.0010264000011375174,
gamma_0.95_456_6463e12b,gamma_0.95,train,197,456,easy,5,5,0.1,0.95,0.07450353897741373,default,100,3.0,8,1,1,0,0,0.0010681999992812052,
gamma_0.95_456_6463e12b,gamma_0.95,train,198,456,easy,5,5,0.1,0.95,0.07413102128252666,default,100,2.0,9,1,1,0,0,0.0011441999959060922,
gamma_0.95_456_6463e12b,gamma_0.95,train,199,456,easy,5,5,0.1,0.95,0.07376036617611402,default,100,3.0,8,1,1,0,0,0.0010594000050332397,
gamma_0.95_456_6463e12b,gamma_0.95,train,200,456,easy,5,5,0.1,0.95,0.07339156434523345,default,100,3.0,8,1,1,0,0,0.0010688999900594354,results\gamma_comparison\gamma_0.95\seed_456\qtable_ep200.npz
gamma_0.95_456_6463e12b,gamma_0.95,train,201,456,easy,5,5,0.1,0.95,0.07302460652350727,default,100,1.0,10,1,1,0,0,0.0012849000049754977,
gamma_0.95_456_6463e12b,gamma_0.95,train,202,456,easy,5,5,0.1,0.95,0.07265948349088973,default,100,0.0,11,1,1,0,0,0.0013635999930556864,
gamma_0.95_456_6463e12b,gamma_0.95,train,203,456,easy,5,5,0.1,0.95,0.07229618607343528,default,100,-16.0,7,0,1,0,1,0.0009552999981679022,
gamma_0.95_456_6463e12b,gamma_0.95,train,204,456,easy,5,5,0.1,0.95,0.0719347051430681,default,100,2.0,9,1,1,0,0,0.0011407999991206452,
gamma_0.95_456_6463e12b,gamma_0.95,train,205,456,easy,5,5,0.1,0.95,0.07157503161735276,default,100,3.0,8,1,1,0,0,0.0010832999978447333,
gamma_0.95_456_6463e12b,gamma_0.95,train,206,456,easy,5,5,0.1,0.95,0.071217156459266,default,100,-14.0,5,0,1,0,1,0.0006668999994872138,
gamma_0.95_456_6463e12b,gamma_0.95,train,207,456,easy,5,5,0.1,0.95,0.07086107067696967,default,100,3.0,8,1,1,0,0,0.0011670999956550077,
gamma_0.95_456_6463e12b,gamma_0.95,train,208,456,easy,5,5,0.1,0.95,0.07050676532358482,default,100,3.0,8,1,1,0,0,0.0010858000023290515,
gamma_0.95_456_6463e12b,gamma_0.95,train,209,456,easy,5,5,0.1,0.95,0.0701542314969669,default,100,3.0,8,1,1,0,0,0.0011070999898947775,
gamma_0.95_456_6463e12b,gamma_0.95,train,210,456,easy,5,5,0.1,0.95,0.06980346033948207,default,100,3.0,8,1,1,0,0,0.0010890999983530492,
gamma_0.95_456_6463e12b,gamma_0.95,train,211,456,easy,5,5,0.1,0.95,0.06945444303778466,default,100,3.0,8,1,1,0,0,0.001075499996659346,
gamma_0.95_456_6463e12b,gamma_0.95,train,212,456,easy,5,5,0.1,0.95,0.06910717082259574,default,100,2.0,9,1,1,0,0,0.001159199993708171,
gamma_0.95_456_6463e12b,gamma_0.95,train,213,456,easy,5,5,0.1,0.95,0.06876163496848275,default,100,3.0,8,1,1,0,0,0.0010830999963218346,
gamma_0.95_456_6463e12b,gamma_0.95,train,214,456,easy,5,5,0.1,0.95,0.06841782679364034,default,100,-2.0,13,1,1,0,0,0.0015412000066135079,
gamma_0.95_456_6463e12b,gamma_0.95,train,215,456,easy,5,5,0.1,0.95,0.06807573765967213,default,100,3.0,8,1,1,0,0,0.001080799993360415,
gamma_0.95_456_6463e12b,gamma_0.95,train,216,456,easy,5,5,0.1,0.95,0.06773535897137377,default,100,1.0,10,1,1,0,0,0.0012552999978652224,
gamma_0.95_456_6463e12b,gamma_0.95,train,217,456,easy,5,5,0.1,0.95,0.0673966821765169,default,100,3.0,8,1,1,0,0,0.0011285000073257834,
gamma_0.95_456_6463e12b,gamma_0.95,train,218,456,easy,5,5,0.1,0.95,0.0670596987656343,default,100,3.0,8,1,1,0,0,0.0010741000005509704,
gamma_0.95_456_6463e12b,gamma_0.95,train,219,456,easy,5,5,0.1,0.95,0.06672440027180614,default,100,3.0,8,1,1,0,0,0.0010852999985218048,
gamma_0.95_456_6463e12b,gamma_0.95,train,220,456,easy,5,5,0.1,0.95,0.0663907782704471,default,100,1.0,10,1,1,0,0,0.0012376999948173761,
gamma_0.95_456_6463e12b,gamma_0.95,train,221,456,easy,5,5,0.1,0.95,0.06605882437909487,default,100,1.0,10,1,1,0,0,0.0013092000008327886,
gamma_0.95_456_6463e12b,gamma_0.95,train,222,456,easy,5,5,0.1,0.95,0.0657285302571994,default,100,3.0,8,1,1,0,0,0.0011075000074924901,
gamma_0.95_456_6463e12b,gamma_0.95,train,223,456,easy,5,5,0.1,0.95,0.06539988760591339,default,100,1.0,10,1,1,0,0,0.0012113999982830137,
gamma_0.95_456_6463e12b,gamma_0.95,train,224,456,easy,5,5,0.1,0.95,0.06507288816788383,default,100,3.0,8,1,1,0,0,0.0010983000101987273,
gamma_0.95_456_6463e12b,gamma_0.95,train,225,456,easy,5,5,0.1,0.95,0.06474752372704441,default,100,3.0,8,1,1,0,0,0.001032799991662614,
gamma_0.95_456_6463e12b,gamma_0.95,train,226,456,easy,5,5,0.1,0.95,0.0644237861084092,default,100,3.0,8,1,1,0,0,0.0010826000070665032,
gamma_0.95_456_6463e12b,gamma_0.95,train,227,456,easy,5,5,0.1,0.95,0.06410166717786715,default,100,1.0,10,1,1,0,0,0.001232700000400655,
gamma_0.95_456_6463e12b,gamma_0.95,train,228,456,easy,5,5,0.1,0.95,0.06378115884197781,default,100,3.0,8,1,1,0,0,0.0010827999940374866,
gamma_0.95_456_6463e12b,gamma_0.95,train,229,456,easy,5,5,0.1,0.95,0.06346225304776792,default,100,3.0,8,1,1,0,0,0.0010870000114664435,
gamma_0.95_456_6463e12b,gamma_0.95,train,230,456,easy,5,5,0.1,0.95,0.06314494178252908,default,100,-4.0,15,1,1,0,0,0.0017033000040100887,
gamma_0.95_456_6463e12b,gamma_0.95,train,231,456,easy,5,5,0.1,0.95,0.06282921707361644,default,100,3.0,8,1,1,0,0,0.0010909999982686713,
gamma_0.95_456_6463e12b,gamma_0.95,train,232,456,easy,5,5,0.1,0.95,0.06251507098824835,default,100,2.0,9,1,1,0,0,0.0011596999975154176,
gamma_0.95_456_6463e12b,gamma_0.95,train,233,456,easy,5,5,0.1,0.95,0.062202495633307105,default,100,3.0,8,1,1,0,0,0.001059500005794689,
gamma_0.95_456_6463e12b,gamma_0.95,train,234,456,easy,5,5,0.1,0.95,0.06189148315514057,default,100,1.0,10,1,1,0,0,0.0012758000084431842,
gamma_0.95_456_6463e12b,gamma_0.95,train,235,456,easy,5,5,0.1,0.95,0.061582025739364867,default,100,3.0,8,1,1,0,0,0.0010671999916667119,
gamma_0.95_456_6463e12b,gamma_0.95,train,236,456,easy,5,5,0.1,0.95,0.06127411561066804,default,100,1.0,10,1,1,0,0,0.0012654999882215634,
gamma_0.95_456_6463e12b,gamma_0.95,train,237,456,easy,5,5,0.1,0.95,0.0609677450326147,default,100,3.0,8,1,1,0,0,0.0010888000106206164,
gamma_0.95_456_6463e12b,gamma_0.95,train,238,456,easy,5,5,0.1,0.95,0.06066290630745162,default,100,2.0,9,1,1,0,0,0.0011646999919321388,
gamma_0.95_456_6463e12b,gamma_0.95,train,239,456,easy,5,5,0.1,0.95,0.060359591775914365,default,100,0.0,11,1,1,0,0,0.0013522000081138685,
gamma_0.95_456_6463e12b,gamma_0.95,train,240,456,easy,5,5,0.1,0.95,0.06005779381703479,default,100,3.0,8,1,1,0,0,0.0011031999893020838,
gamma_0.95_456_6463e12b,gamma_0.95,train,241,456,easy,5,5,0.1,0.95,0.059757504847949616,default,100,3.0,8,1,1,0,0,0.0011302000057185069,
gamma_0.95_456_6463e12b,gamma_0.95,train,242,456,easy,5,5,0.1,0.95,0.059458717323709866,default,100,3.0,8,1,1,0,0,0.0010744000028353184,
gamma_0.95_456_6463e12b,gamma_0.95,train,243,456,easy,5,5,0.1,0.95,0.059161423737091316,default,100,1.0,10,1,1,0,0,0.0012272000021766871,
gamma_0.95_456_6463e12b,gamma_0.95,train,244,456,easy,5,5,0.1,0.95,0.05886561661840586,default,100,3.0,8,1,1,0,0,0.0010749999928520992,
gamma_0.95_456_6463e12b,gamma_0.95,train,245,456,easy,5,5,0.1,0.95,0.05857128853531383,default,100,1.0,10,1,1,0,0,0.0012559000024339184,
gamma_0.95_456_6463e12b,gamma_0.95,train,246,456,easy,5,5,0.1,0.95,0.05827843209263726,default,100,2.0,9,1,1,0,0,0.0011594000097829849,
gamma_0.95_456_6463e12b,gamma_0.95,train,247,456,easy,5,5,0.1,0.95,0.05798703993217407,default,100,2.0,9,1,1,0,0,0.0011439999943831936,
gamma_0.95_456_6463e12b,gamma_0.95,train,248,456,easy,5,5,0.1,0.95,0.0576971047325132,default,100,3.0,8,1,1,0,0,0.0010355999984312803,
gamma_0.95_456_6463e12b,gamma_0.95,train,249,456,easy,5,5,0.1,0.95,0.05740861920885063,default,100,3.0,8,1,1,0,0,0.0010689000046113506,
gamma_0.95_456_6463e12b,gamma_0.95,train,250,456,easy,5,5,0.1,0.95,0.057121576112806376,default,100,1.0,10,1,1,0,0,0.0012620000052265823,
gamma_0.95_456_6463e12b,gamma_0.95,train,251,456,easy,5,5,0.1,0.95,0.056835968232242344,default,100,3.0,8,1,1,0,0,0.0010963999957311898,
gamma_0.95_456_6463e12b,gamma_0.95,train,252,456,easy,5,5,0.1,0.95,0.05655178839108113,default,100,3.0,8,1,1,0,0,0.0010678999969968572,
gamma_0.95_456_6463e12b,gamma_0.95,train,253,456,easy,5,5,0.1,0.95,0.05626902944912573,default,100,3.0,8,1,1,0,0,0.001078599991160445,
gamma_0.95_456_6463e12b,gamma_0.95,train,254,456,easy,5,5,0.1,0.95,0.0559876843018801,default,100,1.0,10,1,1,0,0,0.001295100009883754,
gamma_0.95_456_6463e12b,gamma_0.95,train,255,456,easy,5,5,0.1,0.95,0.055707745880370696,default,100,3.0,8,1,1,0,0,0.001037699999869801,
gamma_0.95_456_6463e12b,gamma_0.95,train,256,456,easy,5,5,0.1,0.95,0.05542920715096884,default,100,3.0,8,1,1,0,0,0.0010583999974187464,
gamma_0.95_456_6463e12b,gamma_0.95,train,257,456,easy,5,5,0.1,0.95,0.055152061115214,default,100,3.0,8,1,1,0,0,0.0010430999973323196,
gamma_0.95_456_6463e12b,gamma_0.95,train,258,456,easy,5,5,0.1,0.95,0.05487630080963793,default,100,3.0,8,1,1,0,0,0.0010658999963197857,
gamma_0.95_456_6463e12b,gamma_0.95,train,259,456,easy,5,5,0.1,0.95,0.05460191930558974,default,100,2.0,9,1,1,0,0,0.001149600007920526,
gamma_0.95_456_6463e12b,gamma_0.95,train,260,456,easy,5,5,0.1,0.95,0.05432890970906179,default,100,3.0,8,1,1,0,0,0.0010667000024113804,
gamma_0.95_456_6463e12b,gamma_0.95,train,261,456,easy,5,5,0.1,0.95,0.05405726516051648,default,100,3.0,8,1,1,0,0,0.001101000001654029,
gamma_0.95_456_6463e12b,gamma_0.95,train,262,456,easy,5,5,0.1,0.95,0.0537869788347139,default,100,3.0,8,1,1,0,0,0.0010958999919239432,
gamma_0.95_456_6463e12b,gamma_0.95,train,263,456,easy,5,5,0.1,0.95,0.053518043940540334,default,100,3.0,8,1,1,0,0,0.001068799989297986,
gamma_0.95_456_6463e12b,gamma_0.95,train,264,456,easy,5,5,0.1,0.95,0.053250453720837636,default,100,2.0,9,1,1,0,0,0.0011531000054674223,
gamma_0.95_456_6463e12b,gamma_0.95,train,265,456,easy,5,5,0.1,0.95,0.05298420145223345,default,100,1.0,10,1,1,0,0,0.0012532999971881509,
gamma_0.95_456_6463e12b,gamma_0.95,train,266,456,easy,5,5,0.1,0.95,0.05271928044497228,default,100,2.0,9,1,1,0,0,0.001156099999207072,
gamma_0.95_456_6463e12b,gamma_0.95,train,267,456,easy,5,5,0.1,0.95,0.05245568404274742,default,100,3.0,8,1,1,0,0,0.0010664000001270324,
gamma_0.95_456_6463e12b,gamma_0.95,train,268,456,easy,5,5,0.1,0.95,0.05219340562253368,default,100,3.0,8,1,1,0,0,0.001029999999445863,
gamma_0.95_456_6463e12b,gamma_0.95,train,269,456,easy,5,5,0.1,0.95,0.05193243859442102,default,100,3.0,8,1,1,0,0,0.001077399996574968,
gamma_0.95_456_6463e12b,gamma_0.95,train,270,456,easy,5,5,0.1,0.95,0.05167277640144891,default,100,3.0,8,1,1,0,0,0.0010268000041833147,
gamma_0.95_456_6463e12b,gamma_0.95,train,271,456,easy,5,5,0.1,0.95,0.05141441251944167,default,100,1.0,10,1,1,0,0,0.0012866000033682212,
gamma_0.95_456_6463e12b,gamma_0.95,train,272,456,easy,5,5,0.1,0.95,0.05115734045684446,default,100,3.0,8,1,1,0,0,0.0011438999936217442,
gamma_0.95_456_6463e12b,gamma_0.95,train,273,456,easy,5,5,0.1,0.95,0.050901553754560236,default,100,3.0,8,1,1,0,0,0.0010815999994520098,
gamma_0.95_456_6463e12b,gamma_0.95,train,274,456,easy,5,5,0.1,0.95,0.05064704598578743,default,100,3.0,8,1,1,0,0,0.0010611000034259632,
gamma_0.95_456_6463e12b,gamma_0.95,train,275,456,easy,5,5,0.1,0.95,0.0503938107558585,default,100,3.0,8,1,1,0,0,0.0009865000029094517,
gamma_0.95_456_6463e12b,gamma_0.95,train,276,456,easy,5,5,0.1,0.95,0.05014184170207921,default,100,3.0,8,1,1,0,0,0.0010679999977583066,
gamma_0.95_456_6463e12b,gamma_0.95,train,277,456,easy,5,5,0.1,0.95,0.05,default,100,3.0,8,1,1,0,0,0.0010949000134132802,
gamma_0.95_456_6463e12b,gamma_0.95,train,278,456,easy,5,5,0.1,0.95,0.05,default,100,3.0,8,1,1,0,0,0.001025099991238676,
gamma_0.95_456_6463e12b,gamma_0.95,train,279,456,easy,5,5,0.1,0.95,0.05,default,100,3.0,8,1,1,0,0,0.0010824000055436045,
gamma_0.95_456_6463e12b,gamma_0.95,train,280,456,easy,5,5,0.1,0.95,0.05,default,100,3.0,8,1,1,0,0,0.0011040999961551279,
gamma_0.95_456_6463e12b,gamma_0.95,train,281,456,easy,5,5,0.1,0.95,0.05,default,100,1.0,10,1,1,0,0,0.0012343000125838444,
gamma_0.95_456_6463e12b,gamma_0.95,train,282,456,easy,5,5,0.1,0.95,0.05,default,100,3.0,8,1,1,0,0,0.0010869999969145283,
gamma_0.95_456_6463e12b,gamma_0.95,train,283,456,easy,5,5,0.1,0.95,0.05,default,100,3.0,8,1,1,0,0,0.001063500007148832,
gamma_0.95_456_6463e12b,gamma_0.95,train,284,456,easy,5,5,0.1,0.95,0.05,default,100,3.0,8,1,1,0,0,0.0010857000015676022,
gamma_0.95_456_6463e12b,gamma_0.95,train,285,456,easy,5,5,0.1,0.95,0.05,default,100,3.0,8,1,1,0,0,0.0010643999994499609,
gamma_0.95_456_6463e12b,gamma_0.95,train,286,456,easy,5,5,0.1,0.95,0.05,default,100,1.0,10,1,1,0,0,0.0012926000053994358,
gamma_0.95_456_6463e12b,gamma_0.95,train,287,456,easy,5,5,0.1,0.95,0.05,default,100,3.0,8,1,1,0,0,0.001033099993946962,
gamma_0.95_456_6463e12b,gamma_0.95,train,288,456,easy,5,5,0.1,0.95,0.05,default,100,3.0,8,1,1,0,0,0.0011077000090153888,
gamma_0.95_456_6463e12b,gamma_0.95,train,289,456,easy,5,5,0.1,0.95,0.05,default,100,2.0,9,1,1,0,0,0.0011602000013226643,
gamma_0.95_456_6463e12b,gamma_0.95,train,290,456,easy,5,5,0.1,0.95,0.05,default,100,3.0,8,1,1,0,0,0.001044100004946813,
gamma_0.95_456_6463e12b,gamma_0.95,train,291,456,easy,5,5,0.1,0.95,0.05,default,100,3.0,8,1,1,0,0,0.0010821999894687906,
gamma_0.95_456_6463e12b,gamma_0.95,train,292,456,easy,5,5,0.1,0.95,0.05,default,100,0.0,11,1,1,0,0,0.0013267999893287197,
gamma_0.95_456_6463e12b,gamma_0.95,train,293,456,easy,5,5,0.1,0.95,0.05,default,100,3.0,8,1,1,0,0,0.0010802000033436343,
gamma_0.95_456_6463e12b,gamma_0.95,train,294,456,easy,5,5,0.1,0.95,0.05,default,100,3.0,8,1,1,0,0,0.0010605999996187165,
gamma_0.95_456_6463e12b,gamma_0.95,train,295,456,easy,5,5,0.1,0.95,0.05,default,100,3.0,8,1,1,0,0,0.0011060999968321994,
gamma_0.95_456_6463e12b,gamma_0.95,train,296,456,easy,5,5,0.1,0.95,0.05,default,100,1.0,10,1,1,0,0,0.0012789000029442832,
gamma_0.95_456_6463e12b,gamma_0.95,train,297,456,easy,5,5,0.1,0.95,0.05,default,100,-16.0,7,0,1,0,1,0.0009086999925784767,
gamma_0.95_456_6463e12b,gamma_0.95,train,298,456,easy,5,5,0.1,0.95,0.05,default,100,3.0,8,1,1,0,0,0.0010787000064738095,
gamma_0.95_456_6463e12b,gamma_0.95,train,299,456,easy,5,5,0.1,0.95,0.05,default,100,-14.0,5,0,1,0,1,0.0006665999972028658,
gamma_0.95_456_6463e12b,gamma_0.95,train,300,456,easy,5,5,0.1,0.95,0.05,default,100,3.0,8,1,1,0,0,0.001061300004948862,
gamma_0.95_456_6463e12b,gamma_0.95,train,301,456,easy,5,5,0.1,0.95,0.05,default,100,3.0,8,1,1,0,0,0.0010560999944573268,
gamma_0.95_456_6463e12b,gamma_0.95,train,302,456,easy,5,5,0.1,0.95,0.05,default,100,3.0,8,1,1,0,0,0.0010928000119747594,
gamma_0.95_456_6463e12b,gamma_0.95,train,303,456,easy,5,5,0.1,0.95,0.05,default,100,3.0,8,1,1,0,0,0.0010677000100258738,
gamma_0.95_456_6463e12b,gamma_0.95,train,304,456,easy,5,5,0.1,0.95,0.05,default,100,3.0,8,1,1,0,0,0.0010882999922614545,
gamma_0.95_456_6463e12b,gamma_0.95,train,305,456,easy,5,5,0.1,0.95,0.05,default,100,3.0,8,1,1,0,0,0.0010726000036811456,
gamma_0.95_456_6463e12b,gamma_0.95,train,306,456,easy,5,5,0.1,0.95,0.05,default,100,1.0,10,1,1,0,0,0.0012704999971901998,
gamma_0.95_456_6463e12b,gamma_0.95,train,307,456,easy,5,5,0.1,0.95,0.05,default,100,3.0,8,1,1,0,0,0.001072199986083433,
gamma_0.95_456_6463e12b,gamma_0.95,train,308,456,easy,5,5,0.1,0.95,0.05,default,100,3.0,8,1,1,0,0,0.0010813999979291111,
gamma_0.95_456_6463e12b,gamma_0.95,train,309,456,easy,5,5,0.1,0.95,0.05,default,100,3.0,8,1,1,0,0,0.0010981999948853627,
gamma_0.95_456_6463e12b,gamma_0.95,train,310,456,easy,5,5,0.1,0.95,0.05,default,100,3.0,8,1,1,0,0,0.0010934000019915402,
gamma_0.95_456_6463e12b,gamma_0.95,train,311,456,easy,5,5,0.1,0.95,0.05,default,100,3.0,8,1,1,0,0,0.001081300011719577,
gamma_0.95_456_6463e12b,gamma_0.95,train,312,456,easy,5,5,0.1,0.95,0.05,default,100,3.0,8,1,1,0,0,0.001071499995305203,
gamma_0.95_456_6463e12b,gamma_0.95,train,313,456,easy,5,5,0.1,0.95,0.05,default,100,3.0,8,1,1,0,0,0.0010843000054592267,
gamma_0.95_456_6463e12b,gamma_0.95,train,314,456,easy,5,5,0.1,0.95,0.05,default,100,1.0,10,1,1,0,0,0.0012626999960048124,
gamma_0.95_456_6463e12b,gamma_0.95,train,315,456,easy,5,5,0.1,0.95,0.05,default,100,3.0,8,1,1,0,0,0.0010876999876927584,
gamma_0.95_456_6463e12b,gamma_0.95,train,316,456,easy,5,5,0.1,0.95,0.05,default,100,3.0,8,1,1,0,0,0.0010240999981760979,
gamma_0.95_456_6463e12b,gamma_0.95,train,317,456,easy,5,5,0.1,0.95,0.05,default,100,3.0,8,1,1,0,0,0.0010883999930229038,
gamma_0.95_456_6463e12b,gamma_0.95,train,318,456,easy,5,5,0.1,0.95,0.05,default,100,3.0,8,1,1,0,0,0.001029099992592819,
gamma_0.95_456_6463e12b,gamma_0.95,train,319,456,easy,5,5,0.1,0.95,0.05,default,100,3.0,8,1,1,0,0,0.0010828000085894018,
gamma_0.95_456_6463e12b,gamma_0.95,train,320,456,easy,5,5,0.1,0.95,0.05,default,100,3.0,8,1,1,0,0,0.0010661999986041337,
gamma_0.95_456_6463e12b,gamma_0.95,train,321,456,easy,5,5,0.1,0.95,0.05,default,100,3.0,8,1,1,0,0,0.001086899996153079,
gamma_0.95_456_6463e12b,gamma_0.95,train,322,456,easy,5,5,0.1,0.95,0.05,default,100,3.0,8,1,1,0,0,0.0010866000084206462,
gamma_0.95_456_6463e12b,gamma_0.95,train,323,456,easy,5,5,0.1,0.95,0.05,default,100,1.0,10,1,1,0,0,0.0012598999892361462,
gamma_0.95_456_6463e12b,gamma_0.95,train,324,456,easy,5,5,0.1,0.95,0.05,default,100,3.0,8,1,1,0,0,0.0010818000009749085,
gamma_0.95_456_6463e12b,gamma_0.95,train,325,456,easy,5,5,0.1,0.95,0.05,default,100,2.0,9,1,1,0,0,0.0011386999976821244,
gamma_0.95_456_6463e12b,gamma_0.95,train,326,456,easy,5,5,0.1,0.95,0.05,default,100,3.0,8,1,1,0,0,0.0011018000077456236,
gamma_0.95_456_6463e12b,gamma_0.95,train,327,456,easy,5,5,0.1,0.95,0.05,default,100,3.0,8,1,1,0,0,0.001076100001228042,
gamma_0.95_456_6463e12b,gamma_0.95,train,328,456,easy,5,5,0.1,0.95,0.05,default,100,3.0,8,1,1,0,0,0.0010891999991144985,
gamma_0.95_456_6463e12b,gamma_0.95,train,329,456,easy,5,5,0.1,0.95,0.05,default,100,3.0,8,1,1,0,0,0.0010729000059654936,
gamma_0.95_456_6463e12b,gamma_0.95,train,330,456,easy,5,5,0.1,0.95,0.05,default,100,3.0,8,1,1,0,0,0.0010272999934386462,
gamma_0.95_456_6463e12b,gamma_0.95,train,331,456,easy,5,5,0.1,0.95,0.05,default,100,3.0,8,1,1,0,0,0.0010823000047821552,
gamma_0.95_456_6463e12b,gamma_0.95,train,332,456,easy,5,5,0.1,0.95,0.05,default,100,3.0,8,1,1,0,0,0.00106380000943318,
gamma_0.95_456_6463e12b,gamma_0.95,train,333,456,easy,5,5,0.1,0.95,0.05,default,100,3.0,8,1,1,0,0,0.0010777999996207654,
gamma_0.95_456_6463e12b,gamma_0.95,train,334,456,easy,5,5,0.1,0.95,0.05,default,100,3.0,8,1,1,0,0,0.001080400004866533,
gamma_0.95_456_6463e12b,gamma_0.95,train,335,456,easy,5,5,0.1,0.95,0.05,default,100,3.0,8,1,1,0,0,0.0010305999894626439,
gamma_0.95_456_6463e12b,gamma_0.95,train,336,456,easy,5,5,0.1,0.95,0.05,default,100,3.0,8,1,1,0,0,0.0010608999873511493,
gamma_0.95_456_6463e12b,gamma_0.95,train,337,456,easy,5,5,0.1,0.95,0.05,default,100,2.0,9,1,1,0,0,0.001166299989563413,
gamma_0.95_456_6463e12b,gamma_0.95,train,338,456,easy,5,5,0.1,0.95,0.05,default,100,1.0,10,1,1,0,0,0.0012796000082744285,
gamma_0.95_456_6463e12b,gamma_0.95,train,339,456,easy,5,5,0.1,0.95,0.05,default,100,3.0,8,1,1,0,0,0.0010817000002134591,
gamma_0.95_456_6463e12b,gamma_0.95,train,340,456,easy,5,5,0.1,0.95,0.05,default,100,3.0,8,1,1,0,0,0.0011172999948030338,
gamma_0.95_456_6463e12b,gamma_0.95,train,341,456,easy,5,5,0.1,0.95,0.05,default,100,3.0,8,1,1,0,0,0.0010817000002134591,
gamma_0.95_456_6463e12b,gamma_0.95,train,342,456,easy,5,5,0.1,0.95,0.05,default,100,3.0,8,1,1,0,0,0.001087199998437427,
gamma_0.95_456_6463e12b,gamma_0.95,train,343,456,easy,5,5,0.1,0.95,0.05,default,100,3.0,8,1,1,0,0,0.0010603999980958179,
gamma_0.95_456_6463e12b,gamma_0.95,train,344,456,easy,5,5,0.1,0.95,0.05,default,100,3.0,8,1,1,0,0,0.0010894000006373972,
gamma_0.95_456_6463e12b,gamma_0.95,train,345,456,easy,5,5,0.1,0.95,0.05,default,100,3.0,8,1,1,0,0,0.0010868000099435449,
gamma_0.95_456_6463e12b,gamma_0.95,train,346,456,easy,5,5,0.1,0.95,0.05,default,100,1.0,10,1,1,0,0,0.001282899989746511,
gamma_0.95_456_6463e12b,gamma_0.95,train,347,456,easy,5,5,0.1,0.95,0.05,default,100,2.0,9,1,1,0,0,0.0010928000119747594,
gamma_0.95_456_6463e12b,gamma_0.95,train,348,456,easy,5,5,0.1,0.95,0.05,default,100,3.0,8,1,1,0,0,0.0010821999894687906,
gamma_0.95_456_6463e12b,gamma_0.95,train,349,456,easy,5,5,0.1,0.95,0.05,default,100,3.0,8,1,1,0,0,0.0010813999979291111,
gamma_0.95_456_6463e12b,gamma_0.95,train,350,456,easy,5,5,0.1,0.95,0.05,default,100,3.0,8,1,1,0,0,0.0010790999949676916,
gamma_0.95_456_6463e12b,gamma_0.95,train,351,456,easy,5,5,0.1,0.95,0.05,default,100,3.0,8,1,1,0,0,0.0010858000023290515,
gamma_0.95_456_6463e12b,gamma_0.95,train,352,456,easy,5,5,0.1,0.95,0.05,default,100,3.0,8,1,1,0,0,0.0010594000050332397,
gamma_0.95_456_6463e12b,gamma_0.95,train,353,456,easy,5,5,0.1,0.95,0.05,default,100,3.0,8,1,1,0,0,0.0011005999986082315,
gamma_0.95_456_6463e12b,gamma_0.95,train,354,456,easy,5,5,0.1,0.95,0.05,default,100,3.0,8,1,1,0,0,0.0010658000101102516,
gamma_0.95_456_6463e12b,gamma_0.95,train,355,456,easy,5,5,0.1,0.95,0.05,default,100,3.0,8,1,1,0,0,0.0010781000019051135,
gamma_0.95_456_6463e12b,gamma_0.95,train,356,456,easy,5,5,0.1,0.95,0.05,default,100,3.0,8,1,1,0,0,0.0010722000006353483,
gamma_0.95_456_6463e12b,gamma_0.95,train,357,456,easy,5,5,0.1,0.95,0.05,default,100,1.0,10,1,1,0,0,0.0012900000001536682,
gamma_0.95_456_6463e12b,gamma_0.95,train,358,456,easy,5,5,0.1,0.95,0.05,default,100,3.0,8,1,1,0,0,0.0010967999987769872,
gamma_0.95_456_6463e12b,gamma_0.95,train,359,456,easy,5,5,0.1,0.95,0.05,default,100,2.0,9,1,1,0,0,0.0011566000030143186,
gamma_0.95_456_6463e12b,gamma_0.95,train,360,456,easy,5,5,0.1,0.95,0.05,default,100,1.0,10,1,1,0,0,0.001273900008527562,
gamma_0.95_456_6463e12b,gamma_0.95,train,361,456,easy,5,5,0.1,0.95,0.05,default,100,3.0,8,1,1,0,0,0.0010837000008905306,
gamma_0.95_456_6463e12b,gamma_0.95,train,362,456,easy,5,5,0.1,0.95,0.05,default,100,3.0,8,1,1,0,0,0.0011203000030945987,
gamma_0.95_456_6463e12b,gamma_0.95,train,363,456,easy,5,5,0.1,0.95,0.05,default,100,3.0,8,1,1,0,0,0.001067200006218627,
gamma_0.95_456_6463e12b,gamma_0.95,train,364,456,easy,5,5,0.1,0.95,0.05,default,100,3.0,8,1,1,0,0,0.0010785000049509108,
gamma_0.95_456_6463e12b,gamma_0.95,train,365,456,easy,5,5,0.1,0.95,0.05,default,100,3.0,8,1,1,0,0,0.0010777999996207654,
gamma_0.95_456_6463e12b,gamma_0.95,train,366,456,easy,5,5,0.1,0.95,0.05,default,100,3.0,8,1,1,0,0,0.0010735999967437238,
gamma_0.95_456_6463e12b,gamma_0.95,train,367,456,easy,5,5,0.1,0.95,0.05,default,100,3.0,8,1,1,0,0,0.0010937000042758882,
gamma_0.95_456_6463e12b,gamma_0.95,train,368,456,easy,5,5,0.1,0.95,0.05,default,100,1.0,10,1,1,0,0,0.0012624999944819137,
gamma_0.95_456_6463e12b,gamma_0.95,train,369,456,easy,5,5,0.1,0.95,0.05,default,100,3.0,8,1,1,0,0,0.0010812999971676618,
gamma_0.95_456_6463e12b,gamma_0.95,train,370,456,easy,5,5,0.1,0.95,0.05,default,100,1.0,10,1,1,0,0,0.0012547999940579757,
gamma_0.95_456_6463e12b,gamma_0.95,train,371,456,easy,5,5,0.1,0.95,0.05,default,100,3.0,8,1,1,0,0,0.001096100007998757,
gamma_0.95_456_6463e12b,gamma_0.95,train,372,456,easy,5,5,0.1,0.95,0.05,default,100,1.0,10,1,1,0,0,0.0012655000027734786,
gamma_0.95_456_6463e12b,gamma_0.95,train,373,456,easy,5,5,0.1,0.95,0.05,default,100,-1.0,12,1,1,0,0,0.0014416999911190942,
gamma_0.95_456_6463e12b,gamma_0.95,train,374,456,easy,5,5,0.1,0.95,0.05,default,100,3.0,8,1,1,0,0,0.0010775999980978668,
gamma_0.95_456_6463e12b,gamma_0.95,train,375,456,easy,5,5,0.1,0.95,0.05,default,100,3.0,8,1,1,0,0,0.0010810999956447631,
gamma_0.95_456_6463e12b,gamma_0.95,train,376,456,easy,5,5,0.1,0.95,0.05,default,100,3.0,8,1,1,0,0,0.0010787000064738095,
gamma_0.95_456_6463e12b,gamma_0.95,train,377,456,easy,5,5,0.1,0.95,0.05,default,100,3.0,8,1,1,0,0,0.001073399995220825,
gamma_0.95_456_6463e12b,gamma_0.95,train,378,456,easy,5,5,0.1,0.95,0.05,default,100,1.0,10,1,1,0,0,0.001280700002098456,
gamma_0.95_456_6463e12b,gamma_0.95,train,379,456,easy,5,5,0.1,0.95,0.05,default,100,3.0,8,1,1,0,0,0.001117000007070601,
gamma_0.95_456_6463e12b,gamma_0.95,train,380,456,easy,5,5,0.1,0.95,0.05,default,100,2.0,9,1,1,0,0,0.001160400002845563,
gamma_0.95_456_6463e12b,gamma_0.95,train,381,456,easy,5,5,0.1,0.95,0.05,default,100,3.0,8,1,1,0,0,0.0011150999926030636,
gamma_0.95_456_6463e12b,gamma_0.95,train,382,456,easy,5,5,0.1,0.95,0.05,default,100,3.0,8,1,1,0,0,0.0010763000027509406,
gamma_0.95_456_6463e12b,gamma_0.95,train,383,456,easy,5,5,0.1,0.95,0.05,default,100,1.0,10,1,1,0,0,0.0012809000036213547,
gamma_0.95_456_6463e12b,gamma_0.95,train,384,456,easy,5,5,0.1,0.95,0.05,default,100,3.0,8,1,1,0,0,0.0010913000005530193,
gamma_0.95_456_6463e12b,gamma_0.95,train,385,456,easy,5,5,0.1,0.95,0.05,default,100,3.0,8,1,1,0,0,0.0010716999968281016,
gamma_0.95_456_6463e12b,gamma_0.95,train,386,456,easy,5,5,0.1,0.95,0.05,default,100,3.0,8,1,1,0,0,0.0010917000035988167,
gamma_0.95_456_6463e12b,gamma_0.95,train,387,456,easy,5,5,0.1,0.95,0.05,default,100,1.0,10,1,1,0,0,0.0012883000017609447,
gamma_0.95_456_6463e12b,gamma_0.95,train,388,456,easy,5,5,0.1,0.95,0.05,default,100,3.0,8,1,1,0,0,0.0010977000056300312,
gamma_0.95_456_6463e12b,gamma_0.95,train,389,456,easy,5,5,0.1,0.95,0.05,default,100,3.0,8,1,1,0,0,0.0010704000014811754,
gamma_0.95_456_6463e12b,gamma_0.95,train,390,456,easy,5,5,0.1,0.95,0.05,default,100,3.0,8,1,1,0,0,0.0010932000004686415,
gamma_0.95_456_6463e12b,gamma_0.95,train,391,456,easy,5,5,0.1,0.95,0.05,default,100,3.0,8,1,1,0,0,0.001029399994877167,
gamma_0.95_456_6463e12b,gamma_0.95,train,392,456,easy,5,5,0.1,0.95,0.05,default,100,3.0,8,1,1,0,0,0.0010815999994520098,
gamma_0.95_456_6463e12b,gamma_0.95,train,393,456,easy,5,5,0.1,0.95,0.05,default,100,3.0,8,1,1,0,0,0.0011484999995445833,
gamma_0.95_456_6463e12b,gamma_0.95,train,394,456,easy,5,5,0.1,0.95,0.05,default,100,3.0,8,1,1,0,0,0.001071499995305203,
gamma_0.95_456_6463e12b,gamma_0.95,train,395,456,easy,5,5,0.1,0.95,0.05,default,100,3.0,8,1,1,0,0,0.0010828000085894018,
gamma_0.95_456_6463e12b,gamma_0.95,train,396,456,easy,5,5,0.1,0.95,0.05,default,100,3.0,8,1,1,0,0,0.001073999999789521,
gamma_0.95_456_6463e12b,gamma_0.95,train,397,456,easy,5,5,0.1,0.95,0.05,default,100,3.0,8,1,1,0,0,0.0010962999949697405,
gamma_0.95_456_6463e12b,gamma_0.95,train,398,456,easy,5,5,0.1,0.95,0.05,default,100,3.0,8,1,1,0,0,0.0010637000086717308,
gamma_0.95_456_6463e12b,gamma_0.95,train,399,456,easy,5,5,0.1,0.95,0.05,default,100,3.0,8,1,1,0,0,0.0010937999904854223,
gamma_0.95_456_6463e12b,gamma_0.95,train,400,456,easy,5,5,0.1,0.95,0.05,default,100,3.0,8,1,1,0,0,0.0010808999941218644,results\gamma_comparison\gamma_0.95\seed_456\qtable_ep400.npz
gamma_0.95_456_6463e12b,gamma_0.95,train,401,456,easy,5,5,0.1,0.95,0.05,default,100,3.0,8,1,1,0,0,0.001126599992858246,
gamma_0.95_456_6463e12b,gamma_0.95,train,402,456,easy,5,5,0.1,0.95,0.05,default,100,3.0,8,1,1,0,0,0.0010977000056300312,
gamma_0.95_456_6463e12b,gamma_0.95,train,403,456,easy,5,5,0.1,0.95,0.05,default,100,3.0,8,1,1,0,0,0.0010646000009728596,
gamma_0.95_456_6463e12b,gamma_0.95,train,404,456,easy,5,5,0.1,0.95,0.05,default,100,3.0,8,1,1,0,0,0.0010901999921770766,
gamma_0.95_456_6463e12b,gamma_0.95,train,405,456,easy,5,5,0.1,0.95,0.05,default,100,3.0,8,1,1,0,0,0.0010932000004686415,
gamma_0.95_456_6463e12b,gamma_0.95,train,406,456,easy,5,5,0.1,0.95,0.05,default,100,3.0,8,1,1,0,0,0.0010859000030905008,
gamma_0.95_456_6463e12b,gamma_0.95,train,407,456,easy,5,5,0.1,0.95,0.05,default,100,3.0,8,1,1,0,0,0.0011009000008925796,
gamma_0.95_456_6463e12b,gamma_0.95,train,408,456,easy,5,5,0.1,0.95,0.05,default,100,3.0,8,1,1,0,0,0.001094899998861365,
gamma_0.95_456_6463e12b,gamma_0.95,train,409,456,easy,5,5,0.1,0.95,0.05,default,100,3.0,8,1,1,0,0,0.001072400002158247,
gamma_0.95_456_6463e12b,gamma_0.95,train,410,456,easy,5,5,0.1,0.95,0.05,default,100,3.0,8,1,1,0,0,0.0010443999926792458,
gamma_0.95_456_6463e12b,gamma_0.95,train,411,456,easy,5,5,0.1,0.95,0.05,default,100,3.0,8,1,1,0,0,0.001080700007150881,
gamma_0.95_456_6463e12b,gamma_0.95,train,412,456,easy,5,5,0.1,0.95,0.05,default,100,3.0,8,1,1,0,0,0.0010808999941218644,
gamma_0.95_456_6463e12b,gamma_0.95,train,413,456,easy,5,5,0.1,0.95,0.05,default,100,3.0,8,1,1,0,0,0.0010460999910719693,
gamma_0.95_456_6463e12b,gamma_0.95,train,414,456,easy,5,5,0.1,0.95,0.05,default,100,2.0,9,1,1,0,0,0.001143500005127862,
gamma_0.95_456_6463e12b,gamma_0.95,train,415,456,easy,5,5,0.1,0.95,0.05,default,100,-14.0,5,0,1,0,1,0.0006811999919591472,
gamma_0.95_456_6463e12b,gamma_0.95,train,416,456,easy,5,5,0.1,0.95,0.05,default,100,3.0,8,1,1,0,0,0.0010273000079905614,
gamma_0.95_456_6463e12b,gamma_0.95,train,417,456,easy,5,5,0.1,0.95,0.05,default,100,1.0,10,1,1,0,0,0.0012751000031130388,
gamma_0.95_456_6463e12b,gamma_0.95,train,418,456,easy,5,5,0.1,0.95,0.05,default,100,3.0,8,1,1,0,0,0.0010670000046957284,
gamma_0.95_456_6463e12b,gamma_0.95,train,419,456,easy,5,5,0.1,0.95,0.05,default,100,1.0,10,1,1,0,0,0.0012706999987130985,
gamma_0.95_456_6463e12b,gamma_0.95,train,420,456,easy,5,5,0.1,0.95,0.05,default,100,3.0,8,1,1,0,0,0.001065399992512539,
gamma_0.95_456_6463e12b,gamma_0.95,train,421,456,easy,5,5,0.1,0.95,0.05,default,100,3.0,8,1,1,0,0,0.0011166000040248036,
gamma_0.95_456_6463e12b,gamma_0.95,train,422,456,easy,5,5,0.1,0.95,0.05,default,100,3.0,8,1,1,0,0,0.0010890999983530492,
gamma_0.95_456_6463e12b,gamma_0.95,train,423,456,easy,5,5,0.1,0.95,0.05,default,100,3.0,8,1,1,0,0,0.0010805000056279823,
gamma_0.95_456_6463e12b,gamma_0.95,train,424,456,easy,5,5,0.1,0.95,0.05,default,100,2.0,9,1,1,0,0,0.0011790999997174367,
gamma_0.95_456_6463e12b,gamma_0.95,train,425,456,easy,5,5,0.1,0.95,0.05,default,100,3.0,8,1,1,0,0,0.001093399987439625,
gamma_0.95_456_6463e12b,gamma_0.95,train,426,456,easy,5,5,0.1,0.95,0.05,default,100,3.0,8,1,1,0,0,0.0010551999876042828,
gamma_0.95_456_6463e12b,gamma_0.95,train,427,456,easy,5,5,0.1,0.95,0.05,default,100,2.0,9,1,1,0,0,0.0011495000071590766,
gamma_0.95_456_6463e12b,gamma_0.95,train,428,456,easy,5,5,0.1,0.95,0.05,default,100,3.0,8,1,1,0,0,0.0010427000088384375,
gamma_0.95_456_6463e12b,gamma_0.95,train,429,456,easy,5,5,0.1,0.95,0.05,default,100,3.0,8,1,1,0,0,0.0010285999887855724,
gamma_0.95_456_6463e12b,gamma_0.95,train,430,456,easy,5,5,0.1,0.95,0.05,default,100,2.0,9,1,1,0,0,0.0011587000044528395,
gamma_0.95_456_6463e12b,gamma_0.95,train,431,456,easy,5,5,0.1,0.95,0.05,default,100,3.0,8,1,1,0,0,0.0010642999986885116,
gamma_0.95_456_6463e12b,gamma_0.95,train,432,456,easy,5,5,0.1,0.95,0.05,default,100,-4.0,15,1,1,0,0,0.0017231999954674393,
gamma_0.95_456_6463e12b,gamma_0.95,train,433,456,easy,5,5,0.1,0.95,0.05,default,100,3.0,8,1,1,0,0,0.0010840000031748787,
gamma_0.95_456_6463e12b,gamma_0.95,train,434,456,easy,5,5,0.1,0.95,0.05,default,100,-14.0,5,0,1,0,1,0.0007092000014381483,
gamma_0.95_456_6463e12b,gamma_0.95,train,435,456,easy,5,5,0.1,0.95,0.05,default,100,3.0,8,1,1,0,0,0.0011180000001331791,
gamma_0.95_456_6463e12b,gamma_0.95,train,436,456,easy,5,5,0.1,0.95,0.05,default,100,3.0,8,1,1,0,0,0.001062600000295788,
gamma_0.95_456_6463e12b,gamma_0.95,train,437,456,easy,5,5,0.1,0.95,0.05,default,100,3.0,8,1,1,0,0,0.0010460000048624352,
gamma_0.95_456_6463e12b,gamma_0.95,train,438,456,easy,5,5,0.1,0.95,0.05,default,100,3.0,8,1,1,0,0,0.0010603999980958179,
gamma_0.95_456_6463e12b,gamma_0.95,train,439,456,easy,5,5,0.1,0.95,0.05,default,100,3.0,8,1,1,0,0,0.001145399990491569,
gamma_0.95_456_6463e12b,gamma_0.95,train,440,456,easy,5,5,0.1,0.95,0.05,default,100,3.0,8,1,1,0,0,0.0010712999937823042,
gamma_0.95_456_6463e12b,gamma_0.95,train,441,456,easy,5,5,0.1,0.95,0.05,default,100,3.0,8,1,1,0,0,0.0010923999943770468,
gamma_0.95_456_6463e12b,gamma_0.95,train,442,456,easy,5,5,0.1,0.95,0.05,default,100,3.0,8,1,1,0,0,0.001112099998863414,
gamma_0.95_456_6463e12b,gamma_0.95,train,443,456,easy,5,5,0.1,0.95,0.05,default,100,3.0,8,1,1,0,0,0.0011165000032633543,
gamma_0.95_456_6463e12b,gamma_0.95,train,444,456,easy,5,5,0.1,0.95,0.05,default,100,1.0,10,1,1,0,0,0.0012851999927079305,
gamma_0.95_456_6463e12b,gamma_0.95,train,445,456,easy,5,5,0.1,0.95,0.05,default,100,1.0,10,1,1,0,0,0.0012721000093733892,
gamma_0.95_456_6463e12b,gamma_0.95,train,446,456,easy,5,5,0.1,0.95,0.05,default,100,3.0,8,1,1,0,0,0.0010999999940395355,
gamma_0.95_456_6463e12b,gamma_0.95,train,447,456,easy,5,5,0.1,0.95,0.05,default,100,3.0,8,1,1,0,0,0.00110599999607075,
gamma_0.95_456_6463e12b,gamma_0.95,train,448,456,easy,5,5,0.1,0.95,0.05,default,100,1.0,10,1,1,0,0,0.0012141000042902306,
gamma_0.95_456_6463e12b,gamma_0.95,train,449,456,easy,5,5,0.1,0.95,0.05,default,100,2.0,9,1,1,0,0,0.0011692999978549778,
gamma_0.95_456_6463e12b,gamma_0.95,train,450,456,easy,5,5,0.1,0.95,0.05,default,100,3.0,8,1,1,0,0,0.0010686000023270026,
gamma_0.95_456_6463e12b,gamma_0.95,train,451,456,easy,5,5,0.1,0.95,0.05,default,100,1.0,10,1,1,0,0,0.0012795999937225133,
gamma_0.95_456_6463e12b,gamma_0.95,train,452,456,easy,5,5,0.1,0.95,0.05,default,100,2.0,9,1,1,0,0,0.0011531000054674223,
gamma_0.95_456_6463e12b,gamma_0.95,train,453,456,easy,5,5,0.1,0.95,0.05,default,100,3.0,8,1,1,0,0,0.0010285000025760382,
gamma_0.95_456_6463e12b,gamma_0.95,train,454,456,easy,5,5,0.1,0.95,0.05,default,100,3.0,8,1,1,0,0,0.0010750999936135486,
gamma_0.95_456_6463e12b,gamma_0.95,train,455,456,easy,5,5,0.1,0.95,0.05,default,100,3.0,8,1,1,0,0,0.001145000001997687,
gamma_0.95_456_6463e12b,gamma_0.95,train,456,456,easy,5,5,0.1,0.95,0.05,default,100,3.0,8,1,1,0,0,0.0011259000020800158,
gamma_0.95_456_6463e12b,gamma_0.95,train,457,456,easy,5,5,0.1,0.95,0.05,default,100,3.0,8,1,1,0,0,0.0010869999969145283,
gamma_0.95_456_6463e12b,gamma_0.95,train,458,456,easy,5,5,0.1,0.95,0.05,default,100,-1.0,12,1,1,0,0,0.0014661000022897497,
gamma_0.95_456_6463e12b,gamma_0.95,train,459,456,easy,5,5,0.1,0.95,0.05,default,100,3.0,8,1,1,0,0,0.0010763000027509406,
gamma_0.95_456_6463e12b,gamma_0.95,train,460,456,easy,5,5,0.1,0.95,0.05,default,100,3.0,8,1,1,0,0,0.0010858000023290515,
gamma_0.95_456_6463e12b,gamma_0.95,train,461,456,easy,5,5,0.1,0.95,0.05,default,100,3.0,8,1,1,0,0,0.0010744999890448526,
gamma_0.95_456_6463e12b,gamma_0.95,train,462,456,easy,5,5,0.1,0.95,0.05,default,100,3.0,8,1,1,0,0,0.0010795999987749383,
gamma_0.95_456_6463e12b,gamma_0.95,train,463,456,easy,5,5,0.1,0.95,0.05,default,100,3.0,8,1,1,0,0,0.0010909999982686713,
gamma_0.95_456_6463e12b,gamma_0.95,train,464,456,easy,5,5,0.1,0.95,0.05,default,100,3.0,8,1,1,0,0,0.001062600000295788,
gamma_0.95_456_6463e12b,gamma_0.95,train,465,456,easy,5,5,0.1,0.95,0.05,default,100,0.0,11,1,1,0,0,0.0012895999971078709,
gamma_0.95_456_6463e12b,gamma_0.95,train,466,456,easy,5,5,0.1,0.95,0.05,default,100,2.0,9,1,1,0,0,0.001092100006644614,
gamma_0.95_456_6463e12b,gamma_0.95,train,467,456,easy,5,5,0.1,0.95,0.05,default,100,3.0,8,1,1,0,0,0.0010879000037675723,
gamma_0.95_456_6463e12b,gamma_0.95,train,468,456,easy,5,5,0.1,0.95,0.05,default,100,3.0,8,1,1,0,0,0.0010297999979229644,
gamma_0.95_456_6463e12b,gamma_0.95,train,469,456,easy,5,5,0.1,0.95,0.05,default,100,3.0,8,1,1,0,0,0.0010877000022446737,
gamma_0.95_456_6463e12b,gamma_0.95,train,470,456,easy,5,5,0.1,0.95,0.05,default,100,3.0,8,1,1,0,0,0.0010782000026665628,
gamma_0.95_456_6463e12b,gamma_0.95,train,471,456,easy,5,5,0.1,0.95,0.05,default,100,3.0,8,1,1,0,0,0.0010202999983448535,
gamma_0.95_456_6463e12b,gamma_0.95,train,472,456,easy,5,5,0.1,0.95,0.05,default,100,2.0,9,1,1,0,0,0.0011573999945539981,
gamma_0.95_456_6463e12b,gamma_0.95,train,473,456,easy,5,5,0.1,0.95,0.05,default,100,1.0,10,1,1,0,0,0.00125119999574963,
gamma_0.95_456_6463e12b,gamma_0.95,train,474,456,easy,5,5,0.1,0.95,0.05,default,100,3.0,8,1,1,0,0,0.0011159000132465735,
gamma_0.95_456_6463e12b,gamma_0.95,train,475,456,easy,5,5,0.1,0.95,0.05,default,100,3.0,8,1,1,0,0,0.000974599999608472,
gamma_0.95_456_6463e12b,gamma_0.95,train,476,456,easy,5,5,0.1,0.95,0.05,default,100,3.0,8,1,1,0,0,0.0010808999941218644,
gamma_0.95_456_6463e12b,gamma_0.95,train,477,456,easy,5,5,0.1,0.95,0.05,default,100,3.0,8,1,1,0,0,0.0010883000068133697,
gamma_0.95_456_6463e12b,gamma_0.95,train,478,456,easy,5,5,0.1,0.95,0.05,default,100,2.0,9,1,1,0,0,0.0011666999926092103,
gamma_0.95_456_6463e12b,gamma_0.95,train,479,456,easy,5,5,0.1,0.95,0.05,default,100,3.0,8,1,1,0,0,0.0011054000060539693,
gamma_0.95_456_6463e12b,gamma_0.95,train,480,456,easy,5,5,0.1,0.95,0.05,default,100,3.0,8,1,1,0,0,0.0010183999984292313,
gamma_0.95_456_6463e12b,gamma_0.95,train,481,456,easy,5,5,0.1,0.95,0.05,default,100,3.0,8,1,1,0,0,0.0011121999996248633,
gamma_0.95_456_6463e12b,gamma_0.95,train,482,456,easy,5,5,0.1,0.95,0.05,default,100,3.0,8,1,1,0,0,0.001026600002660416,
gamma_0.95_456_6463e12b,gamma_0.95,train,483,456,easy,5,5,0.1,0.95,0.05,default,100,0.0,11,1,1,0,0,0.0013524999958463013,
gamma_0.95_456_6463e12b,gamma_0.95,train,484,456,easy,5,5,0.1,0.95,0.05,default,100,-14.0,5,0,1,0,1,0.0006712000031257048,
gamma_0.95_456_6463e12b,gamma_0.95,train,485,456,easy,5,5,0.1,0.95,0.05,default,100,3.0,8,1,1,0,0,0.0010935000027529895,
gamma_0.95_456_6463e12b,gamma_0.95,train,486,456,easy,5,5,0.1,0.95,0.05,default,100,1.0,10,1,1,0,0,0.0012601000053109601,
gamma_0.95_456_6463e12b,gamma_0.95,train,487,456,easy,5,5,0.1,0.95,0.05,default,100,3.0,8,1,1,0,0,0.0010877000022446737,
gamma_0.95_456_6463e12b,gamma_0.95,train,488,456,easy,5,5,0.1,0.95,0.05,default,100,3.0,8,1,1,0,0,0.0010652999917510897,
gamma_0.95_456_6463e12b,gamma_0.95,train,489,456,easy,5,5,0.1,0.95,0.05,default,100,3.0,8,1,1,0,0,0.0010350000084144995,
gamma_0.95_456_6463e12b,gamma_0.95,train,490,456,easy,5,5,0.1,0.95,0.05,default,100,2.0,9,1,1,0,0,0.0011478999949758872,
gamma_0.95_456_6463e12b,gamma_0.95,train,491,456,easy,5,5,0.1,0.95,0.05,default,100,2.0,9,1,1,0,0,0.0010922000074060634,
gamma_0.95_456_6463e12b,gamma_0.95,train,492,456,easy,5,5,0.1,0.95,0.05,default,100,3.0,8,1,1,0,0,0.0011107000027550384,
gamma_0.95_456_6463e12b,gamma_0.95,train,493,456,easy,5,5,0.1,0.95,0.05,default,100,3.0,8,1,1,0,0,0.0010743000020738691,
gamma_0.95_456_6463e12b,gamma_0.95,train,494,456,easy,5,5,0.1,0.95,0.05,default,100,3.0,8,1,1,0,0,0.0010817000002134591,
gamma_0.95_456_6463e12b,gamma_0.95,train,495,456,easy,5,5,0.1,0.95,0.05,default,100,2.0,9,1,1,0,0,0.0011406000121496618,
gamma_0.95_456_6463e12b,gamma_0.95,train,496,456,easy,5,5,0.1,0.95,0.05,default,100,3.0,8,1,1,0,0,0.001080499991076067,
gamma_0.95_456_6463e12b,gamma_0.95,train,497,456,easy,5,5,0.1,0.95,0.05,default,100,3.0,8,1,1,0,0,0.0010707000037655234,
gamma_0.95_456_6463e12b,gamma_0.95,train,498,456,easy,5,5,0.1,0.95,0.05,default,100,3.0,8,1,1,0,0,0.0010814999986905605,
gamma_0.95_456_6463e12b,gamma_0.95,train,499,456,easy,5,5,0.1,0.95,0.05,default,100,3.0,8,1,1,0,0,0.0010732999944593757,
gamma_0.95_456_6463e12b,gamma_0.95,train,500,456,easy,5,5,0.1,0.95,0.05,default,100,3.0,8,1,1,0,0,0.0010895000013988465,
gamma_0.95_456_6463e12b,gamma_0.95,train,501,456,easy,5,5,0.1,0.95,0.05,default,100,3.0,8,1,1,0,0,0.0011137999972561374,
gamma_0.95_456_6463e12b,gamma_0.95,train,502,456,easy,5,5,0.1,0.95,0.05,default,100,3.0,8,1,1,0,0,0.0010719999991124496,
gamma_0.95_456_6463e12b,gamma_0.95,train,503,456,easy,5,5,0.1,0.95,0.05,default,100,3.0,8,1,1,0,0,0.001051200000802055,
gamma_0.95_456_6463e12b,gamma_0.95,train,504,456,easy,5,5,0.1,0.95,0.05,default,100,0.0,11,1,1,0,0,0.0012878000125056133,
gamma_0.95_456_6463e12b,gamma_0.95,train,505,456,easy,5,5,0.1,0.95,0.05,default,100,3.0,8,1,1,0,0,0.0010877999884542078,
gamma_0.95_456_6463e12b,gamma_0.95,train,506,456,easy,5,5,0.1,0.95,0.05,default,100,3.0,8,1,1,0,0,0.0010676999954739586,
gamma_0.95_456_6463e12b,gamma_0.95,train,507,456,easy,5,5,0.1,0.95,0.05,default,100,3.0,8,1,1,0,0,0.001078599991160445,
gamma_0.95_456_6463e12b,gamma_0.95,train,508,456,easy,5,5,0.1,0.95,0.05,default,100,3.0,8,1,1,0,0,0.001068499987013638,
gamma_0.95_456_6463e12b,gamma_0.95,train,509,456,easy,5,5,0.1,0.95,0.05,default,100,3.0,8,1,1,0,0,0.0010872999991988763,
gamma_0.95_456_6463e12b,gamma_0.95,train,510,456,easy,5,5,0.1,0.95,0.05,default,100,3.0,8,1,1,0,0,0.001011299988022074,
gamma_0.95_456_6463e12b,gamma_0.95,train,511,456,easy,5,5,0.1,0.95,0.05,default,100,3.0,8,1,1,0,0,0.0010821999894687906,
gamma_0.95_456_6463e12b,gamma_0.95,train,512,456,easy,5,5,0.1,0.95,0.05,default,100,3.0,8,1,1,0,0,0.0010449999972479418,
gamma_0.95_456_6463e12b,gamma_0.95,train,513,456,easy,5,5,0.1,0.95,0.05,default,100,3.0,8,1,1,0,0,0.0010771000088425353,
gamma_0.95_456_6463e12b,gamma_0.95,train,514,456,easy,5,5,0.1,0.95,0.05,default,100,3.0,8,1,1,0,0,0.0010829999955603853,
gamma_0.95_456_6463e12b,gamma_0.95,train,515,456,easy,5,5,0.1,0.95,0.05,default,100,3.0,8,1,1,0,0,0.001065300006303005,
gamma_0.95_456_6463e12b,gamma_0.95,train,516,456,easy,5,5,0.1,0.95,0.05,default,100,3.0,8,1,1,0,0,0.0010785000049509108,
gamma_0.95_456_6463e12b,gamma_0.95,train,517,456,easy,5,5,0.1,0.95,0.05,default,100,3.0,8,1,1,0,0,0.0010809999948833138,
gamma_0.95_456_6463e12b,gamma_0.95,train,518,456,easy,5,5,0.1,0.95,0.05,default,100,1.0,10,1,1,0,0,0.0012760000099660829,
gamma_0.95_456_6463e12b,gamma_0.95,train,519,456,easy,5,5,0.1,0.95,0.05,default,100,3.0,8,1,1,0,0,0.0010774999973364174,
gamma_0.95_456_6463e12b,gamma_0.95,train,520,456,easy,5,5,0.1,0.95,0.05,default,100,2.0,9,1,1,0,0,0.0011728999961633235,
gamma_0.95_456_6463e12b,gamma_0.95,train,521,456,easy,5,5,0.1,0.95,0.05,default,100,1.0,10,1,1,0,0,0.0013156000059098005,
gamma_0.95_456_6463e12b,gamma_0.95,train,522,456,easy,5,5,0.1,0.95,0.05,default,100,1.0,10,1,1,0,0,0.0012446999899111688,
gamma_0.95_456_6463e12b,gamma_0.95,train,523,456,easy,5,5,0.1,0.95,0.05,default,100,0.0,11,1,1,0,0,0.001367100005154498,
gamma_0.95_456_6463e12b,gamma_0.95,train,524,456,easy,5,5,0.1,0.95,0.05,default,100,1.0,10,1,1,0,0,0.0012941000022692606,
gamma_0.95_456_6463e12b,gamma_0.95,train,525,456,easy,5,5,0.1,0.95,0.05,default,100,3.0,8,1,1,0,0,0.0010900999914156273,
gamma_0.95_456_6463e12b,gamma_0.95,train,526,456,easy,5,5,0.1,0.95,0.05,default,100,3.0,8,1,1,0,0,0.0010898000036831945,
gamma_0.95_456_6463e12b,gamma_0.95,train,527,456,easy,5,5,0.1,0.95,0.05,default,100,3.0,8,1,1,0,0,0.0011461999965831637,
gamma_0.95_456_6463e12b,gamma_0.95,train,528,456,easy,5,5,0.1,0.95,0.05,default,100,3.0,8,1,1,0,0,0.0011391000007279217,
gamma_0.95_456_6463e12b,gamma_0.95,train,529,456,easy,5,5,0.1,0.95,0.05,default,100,1.0,10,1,1,0,0,0.0012971999967703596,
gamma_0.95_456_6463e12b,gamma_0.95,train,530,456,easy,5,5,0.1,0.95,0.05,default,100,3.0,8,1,1,0,0,0.0010842000046977773,
gamma_0.95_456_6463e12b,gamma_0.95,train,531,456,easy,5,5,0.1,0.95,0.05,default,100,3.0,8,1,1,0,0,0.0010994000040227547,
gamma_0.95_456_6463e12b,gamma_0.95,train,532,456,easy,5,5,0.1,0.95,0.05,default,100,3.0,8,1,1,0,0,0.001075499996659346,
gamma_0.95_456_6463e12b,gamma_0.95,train,533,456,easy,5,5,0.1,0.95,0.05,default,100,3.0,8,1,1,0,0,0.001094599996577017,
gamma_0.95_456_6463e12b,gamma_0.95,train,534,456,easy,5,5,0.1,0.95,0.05,default,100,1.0,10,1,1,0,0,0.0012178000033600256,
gamma_0.95_456_6463e12b,gamma_0.95,train,535,456,easy,5,5,0.1,0.95,0.05,default,100,3.0,8,1,1,0,0,0.001087800003006123,
gamma_0.95_456_6463e12b,gamma_0.95,train,536,456,easy,5,5,0.1,0.95,0.05,default,100,0.0,11,1,1,0,0,0.001316699999733828,
gamma_0.95_456_6463e12b,gamma_0.95,train,537,456,easy,5,5,0.1,0.95,0.05,default,100,2.0,9,1,1,0,0,0.0011658000003080815,
gamma_0.95_456_6463e12b,gamma_0.95,train,538,456,easy,5,5,0.1,0.95,0.05,default,100,3.0,8,1,1,0,0,0.001095200001145713,
gamma_0.95_456_6463e12b,gamma_0.95,train,539,456,easy,5,5,0.1,0.95,0.05,default,100,3.0,8,1,1,0,0,0.0010741000005509704,
gamma_0.95_456_6463e12b,gamma_0.95,train,540,456,easy,5,5,0.1,0.95,0.05,default,100,3.0,8,1,1,0,0,0.0011790999997174367,
gamma_0.95_456_6463e12b,gamma_0.95,train,541,456,easy,5,5,0.1,0.95,0.05,default,100,3.0,8,1,1,0,0,0.0011058000090997666,
gamma_0.95_456_6463e12b,gamma_0.95,train,542,456,easy,5,5,0.1,0.95,0.05,default,100,3.0,8,1,1,0,0,0.0010846000077435747,
gamma_0.95_456_6463e12b,gamma_0.95,train,543,456,easy,5,5,0.1,0.95,0.05,default,100,3.0,8,1,1,0,0,0.001086299991584383,
gamma_0.95_456_6463e12b,gamma_0.95,train,544,456,easy,5,5,0.1,0.95,0.05,default,100,3.0,8,1,1,0,0,0.0010818000009749085,
gamma_0.95_456_6463e12b,gamma_0.95,train,545,456,easy,5,5,0.1,0.95,0.05,default,100,1.0,10,1,1,0,0,0.0012843000004068017,
gamma_0.95_456_6463e12b,gamma_0.95,train,546,456,easy,5,5,0.1,0.95,0.05,default,100,3.0,8,1,1,0,0,0.0010750999936135486,
gamma_0.95_456_6463e12b,gamma_0.95,train,547,456,easy,5,5,0.1,0.95,0.05,default,100,3.0,8,1,1,0,0,0.0010970000002998859,
gamma_0.95_456_6463e12b,gamma_0.95,train,548,456,easy,5,5,0.1,0.95,0.05,default,100,3.0,8,1,1,0,0,0.0010904000082518905,
gamma_0.95_456_6463e12b,gamma_0.95,train,549,456,easy,5,5,0.1,0.95,0.05,default,100,1.0,10,1,1,0,0,0.0012814999936381355,
gamma_0.95_456_6463e12b,gamma_0.95,train,550,456,easy,5,5,0.1,0.95,0.05,default,100,3.0,8,1,1,0,0,0.0010906000097747892,
gamma_0.95_456_6463e12b,gamma_0.95,train,551,456,easy,5,5,0.1,0.95,0.05,default,100,1.0,10,1,1,0,0,0.001170599993201904,
gamma_0.95_456_6463e12b,gamma_0.95,train,552,456,easy,5,5,0.1,0.95,0.05,default,100,3.0,8,1,1,0,0,0.0010996000055456534,
gamma_0.95_456_6463e12b,gamma_0.95,train,553,456,easy,5,5,0.1,0.95,0.05,default,100,3.0,8,1,1,0,0,0.0010756999981822446,
gamma_0.95_456_6463e12b,gamma_0.95,train,554,456,easy,5,5,0.1,0.95,0.05,default,100,3.0,8,1,1,0,0,0.0010856000008061528,
gamma_0.95_456_6463e12b,gamma_0.95,train,555,456,easy,5,5,0.1,0.95,0.05,default,100,3.0,8,1,1,0,0,0.0010209000029135495,
gamma_0.95_456_6463e12b,gamma_0.95,train,556,456,easy,5,5,0.1,0.95,0.05,default,100,3.0,8,1,1,0,0,0.0010820000024978071,
gamma_0.95_456_6463e12b,gamma_0.95,train,557,456,easy,5,5,0.1,0.95,0.05,default,100,3.0,8,1,1,0,0,0.0010891999991144985,
gamma_0.95_456_6463e12b,gamma_0.95,train,558,456,easy,5,5,0.1,0.95,0.05,default,100,3.0,8,1,1,0,0,0.0011569000052986667,
gamma_0.95_456_6463e12b,gamma_0.95,train,559,456,easy,5,5,0.1,0.95,0.05,default,100,3.0,8,1,1,0,0,0.0010888999968301505,
gamma_0.95_456_6463e12b,gamma_0.95,train,560,456,easy,5,5,0.1,0.95,0.05,default,100,3.0,8,1,1,0,0,0.001099800007068552,
gamma_0.95_456_6463e12b,gamma_0.95,train,561,456,easy,5,5,0.1,0.95,0.05,default,100,3.0,8,1,1,0,0,0.0011230999953113496,
gamma_0.95_456_6463e12b,gamma_0.95,train,562,456,easy,5,5,0.1,0.95,0.05,default,100,3.0,8,1,1,0,0,0.0011045999999623746,
gamma_0.95_456_6463e12b,gamma_0.95,train,563,456,easy,5,5,0.1,0.95,0.05,default,100,3.0,8,1,1,0,0,0.0010972000018227845,
gamma_0.95_456_6463e12b,gamma_0.95,train,564,456,easy,5,5,0.1,0.95,0.05,default,100,3.0,8,1,1,0,0,0.0010567999997874722,
gamma_0.95_456_6463e12b,gamma_0.95,train,565,456,easy,5,5,0.1,0.95,0.05,default,100,3.0,8,1,1,0,0,0.0011028000008082017,
gamma_0.95_456_6463e12b,gamma_0.95,train,566,456,easy,5,5,0.1,0.95,0.05,default,100,1.0,10,1,1,0,0,0.001215500000398606,
gamma_0.95_456_6463e12b,gamma_0.95,train,567,456,easy,5,5,0.1,0.95,0.05,default,100,3.0,8,1,1,0,0,0.001106900002923794,
gamma_0.95_456_6463e12b,gamma_0.95,train,568,456,easy,5,5,0.1,0.95,0.05,default,100,3.0,8,1,1,0,0,0.0010450999980093911,
gamma_0.95_456_6463e12b,gamma_0.95,train,569,456,easy,5,5,0.1,0.95,0.05,default,100,3.0,8,1,1,0,0,0.001073999999789521,
gamma_0.95_456_6463e12b,gamma_0.95,train,570,456,easy,5,5,0.1,0.95,0.05,default,100,3.0,8,1,1,0,0,0.001099200002499856,
gamma_0.95_456_6463e12b,gamma_0.95,train,571,456,easy,5,5,0.1,0.95,0.05,default,100,3.0,8,1,1,0,0,0.0010722000006353483,
gamma_0.95_456_6463e12b,gamma_0.95,train,572,456,easy,5,5,0.1,0.95,0.05,default,100,3.0,8,1,1,0,0,0.0010837000008905306,
gamma_0.95_456_6463e12b,gamma_0.95,train,573,456,easy,5,5,0.1,0.95,0.05,default,100,2.0,9,1,1,0,0,0.0011433000036049634,
gamma_0.95_456_6463e12b,gamma_0.95,train,574,456,easy,5,5,0.1,0.95,0.05,default,100,3.0,8,1,1,0,0,0.0010956000041915104,
gamma_0.95_456_6463e12b,gamma_0.95,train,575,456,easy,5,5,0.1,0.95,0.05,default,100,2.0,9,1,1,0,0,0.001145999995060265,
gamma_0.95_456_6463e12b,gamma_0.95,train,576,456,easy,5,5,0.1,0.95,0.05,default,100,3.0,8,1,1,0,0,0.0011661999888019636,
gamma_0.95_456_6463e12b,gamma_0.95,train,577,456,easy,5,5,0.1,0.95,0.05,default,100,2.0,9,1,1,0,0,0.0012218000047141686,
gamma_0.95_456_6463e12b,gamma_0.95,train,578,456,easy,5,5,0.1,0.95,0.05,default,100,2.0,9,1,1,0,0,0.0011427999997977167,
gamma_0.95_456_6463e12b,gamma_0.95,train,579,456,easy,5,5,0.1,0.95,0.05,default,100,3.0,8,1,1,0,0,0.0011215999984415248,
gamma_0.95_456_6463e12b,gamma_0.95,train,580,456,easy,5,5,0.1,0.95,0.05,default,100,3.0,8,1,1,0,0,0.0010777999996207654,
gamma_0.95_456_6463e12b,gamma_0.95,train,581,456,easy,5,5,0.1,0.95,0.05,default,100,3.0,8,1,1,0,0,0.0011365999962436035,
gamma_0.95_456_6463e12b,gamma_0.95,train,582,456,easy,5,5,0.1,0.95,0.05,default,100,3.0,8,1,1,0,0,0.0010047999967355281,
gamma_0.95_456_6463e12b,gamma_0.95,train,583,456,easy,5,5,0.1,0.95,0.05,default,100,3.0,8,1,1,0,0,0.0010451999987708405,
gamma_0.95_456_6463e12b,gamma_0.95,train,584,456,easy,5,5,0.1,0.95,0.05,default,100,1.0,10,1,1,0,0,0.0012789000029442832,
gamma_0.95_456_6463e12b,gamma_0.95,train,585,456,easy,5,5,0.1,0.95,0.05,default,100,3.0,8,1,1,0,0,0.0010785000049509108,
gamma_0.95_456_6463e12b,gamma_0.95,train,586,456,easy,5,5,0.1,0.95,0.05,default,100,3.0,8,1,1,0,0,0.001093699989723973,
gamma_0.95_456_6463e12b,gamma_0.95,train,587,456,easy,5,5,0.1,0.95,0.05,default,100,3.0,8,1,1,0,0,0.0010747999913292006,
gamma_0.95_456_6463e12b,gamma_0.95,train,588,456,easy,5,5,0.1,0.95,0.05,default,100,2.0,9,1,1,0,0,0.0011548000038601458,
gamma_0.95_456_6463e12b,gamma_0.95,train,589,456,easy,5,5,0.1,0.95,0.05,default,100,2.0,9,1,1,0,0,0.0011375000030966476,
gamma_0.95_456_6463e12b,gamma_0.95,train,590,456,easy,5,5,0.1,0.95,0.05,default,100,3.0,8,1,1,0,0,0.0010387999936938286,
gamma_0.95_456_6463e12b,gamma_0.95,train,591,456,easy,5,5,0.1,0.95,0.05,default,100,3.0,8,1,1,0,0,0.001068700003088452,
gamma_0.95_456_6463e12b,gamma_0.95,train,592,456,easy,5,5,0.1,0.95,0.05,default,100,3.0,8,1,1,0,0,0.0010930999997071922,
gamma_0.95_456_6463e12b,gamma_0.95,train,593,456,easy,5,5,0.1,0.95,0.05,default,100,2.0,9,1,1,0,0,0.0012157000019215047,
gamma_0.95_456_6463e12b,gamma_0.95,train,594,456,easy,5,5,0.1,0.95,0.05,default,100,1.0,10,1,1,0,0,0.0012859999987995252,
gamma_0.95_456_6463e12b,gamma_0.95,train,595,456,easy,5,5,0.1,0.95,0.05,default,100,3.0,8,1,1,0,0,0.0010665000008884817,
gamma_0.95_456_6463e12b,gamma_0.95,train,596,456,easy,5,5,0.1,0.95,0.05,default,100,2.0,9,1,1,0,0,0.0011480000102892518,
gamma_0.95_456_6463e12b,gamma_0.95,train,597,456,easy,5,5,0.1,0.95,0.05,default,100,-1.0,12,1,1,0,0,0.0014187999913701788,
gamma_0.95_456_6463e12b,gamma_0.95,train,598,456,easy,5,5,0.1,0.95,0.05,default,100,3.0,8,1,1,0,0,0.001095200001145713,
gamma_0.95_456_6463e12b,gamma_0.95,train,599,456,easy,5,5,0.1,0.95,0.05,default,100,3.0,8,1,1,0,0,0.0010819000017363578,
gamma_0.95_456_6463e12b,gamma_0.95,train,600,456,easy,5,5,0.1,0.95,0.05,default,100,3.0,8,1,1,0,0,0.0010996000055456534,results\gamma_comparison\gamma_0.95\seed_456\qtable_ep600.npz
gamma_0.95_456_6463e12b,gamma_0.95,train,601,456,easy,5,5,0.1,0.95,0.05,default,100,-16.0,7,0,1,0,1,0.0009682999952929094,
gamma_0.95_456_6463e12b,gamma_0.95,train,602,456,easy,5,5,0.1,0.95,0.05,default,100,3.0,8,1,1,0,0,0.0010781000019051135,
gamma_0.95_456_6463e12b,gamma_0.95,train,603,456,easy,5,5,0.1,0.95,0.05,default,100,2.0,9,1,1,0,0,0.001120499990065582,
gamma_0.95_456_6463e12b,gamma_0.95,train,604,456,easy,5,5,0.1,0.95,0.05,default,100,-1.0,12,1,1,0,0,0.0014343999937409535,
gamma_0.95_456_6463e12b,gamma_0.95,train,605,456,easy,5,5,0.1,0.95,0.05,default,100,3.0,8,1,1,0,0,0.001031499996315688,
gamma_0.95_456_6463e12b,gamma_0.95,train,606,456,easy,5,5,0.1,0.95,0.05,default,100,3.0,8,1,1,0,0,0.0010547999991104007,
gamma_0.95_456_6463e12b,gamma_0.95,train,607,456,easy,5,5,0.1,0.95,0.05,default,100,3.0,8,1,1,0,0,0.0011152000079164281,
gamma_0.95_456_6463e12b,gamma_0.95,train,608,456,easy,5,5,0.1,0.95,0.05,default,100,3.0,8,1,1,0,0,0.0010912000143434852,
gamma_0.95_456_6463e12b,gamma_0.95,train,609,456,easy,5,5,0.1,0.95,0.05,default,100,-14.0,5,0,1,0,1,0.000674300012178719,
gamma_0.95_456_6463e12b,gamma_0.95,train,610,456,easy,5,5,0.1,0.95,0.05,default,100,3.0,8,1,1,0,0,0.0010533000022405759,
gamma_0.95_456_6463e12b,gamma_0.95,train,611,456,easy,5,5,0.1,0.95,0.05,default,100,3.0,8,1,1,0,0,0.0010423000057926401,
gamma_0.95_456_6463e12b,gamma_0.95,train,612,456,easy,5,5,0.1,0.95,0.05,default,100,3.0,8,1,1,0,0,0.0010620999964885414,
gamma_0.95_456_6463e12b,gamma_0.95,train,613,456,easy,5,5,0.1,0.95,0.05,default,100,3.0,8,1,1,0,0,0.0010735999967437238,
gamma_0.95_456_6463e12b,gamma_0.95,train,614,456,easy,5,5,0.1,0.95,0.05,default,100,3.0,8,1,1,0,0,0.0010295000101905316,
gamma_0.95_456_6463e12b,gamma_0.95,train,615,456,easy,5,5,0.1,0.95,0.05,default,100,3.0,8,1,1,0,0,0.0010200999968219548,
gamma_0.95_456_6463e12b,gamma_0.95,train,616,456,easy,5,5,0.1,0.95,0.05,default,100,1.0,10,1,1,0,0,0.001256999996257946,
gamma_0.95_456_6463e12b,gamma_0.95,train,617,456,easy,5,5,0.1,0.95,0.05,default,100,3.0,8,1,1,0,0,0.001015200003166683,
gamma_0.95_456_6463e12b,gamma_0.95,train,618,456,easy,5,5,0.1,0.95,0.05,default,100,2.0,9,1,1,0,0,0.0011645000049611554,
gamma_0.95_456_6463e12b,gamma_0.95,train,619,456,easy,5,5,0.1,0.95,0.05,default,100,3.0,8,1,1,0,0,0.001058299996657297,
gamma_0.95_456_6463e12b,gamma_0.95,train,620,456,easy,5,5,0.1,0.95,0.05,default,100,3.0,8,1,1,0,0,0.001032100000884384,
gamma_0.95_456_6463e12b,gamma_0.95,train,621,456,easy,5,5,0.1,0.95,0.05,default,100,3.0,8,1,1,0,0,0.0010832999978447333,
gamma_0.95_456_6463e12b,gamma_0.95,train,622,456,easy,5,5,0.1,0.95,0.05,default,100,3.0,8,1,1,0,0,0.0010872999991988763,
gamma_0.95_456_6463e12b,gamma_0.95,train,623,456,easy,5,5,0.1,0.95,0.05,default,100,3.0,8,1,1,0,0,0.0010571000020718202,
gamma_0.95_456_6463e12b,gamma_0.95,train,624,456,easy,5,5,0.1,0.95,0.05,default,100,3.0,8,1,1,0,0,0.0010654000070644543,
gamma_0.95_456_6463e12b,gamma_0.95,train,625,456,easy,5,5,0.1,0.95,0.05,default,100,3.0,8,1,1,0,0,0.00105339998845011,
gamma_0.95_456_6463e12b,gamma_0.95,train,626,456,easy,5,5,0.1,0.95,0.05,default,100,1.0,10,1,1,0,0,0.001317600006586872,
gamma_0.95_456_6463e12b,gamma_0.95,train,627,456,easy,5,5,0.1,0.95,0.05,default,100,2.0,9,1,1,0,0,0.0011724999931175262,
gamma_0.95_456_6463e12b,gamma_0.95,train,628,456,easy,5,5,0.1,0.95,0.05,default,100,3.0,8,1,1,0,0,0.001065900010871701,
gamma_0.95_456_6463e12b,gamma_0.95,train,629,456,easy,5,5,0.1,0.95,0.05,default,100,3.0,8,1,1,0,0,0.001072499988367781,
gamma_0.95_456_6463e12b,gamma_0.95,train,630,456,easy,5,5,0.1,0.95,0.05,default,100,2.0,9,1,1,0,0,0.0011346000101184472,
gamma_0.95_456_6463e12b,gamma_0.95,train,631,456,easy,5,5,0.1,0.95,0.05,default,100,3.0,8,1,1,0,0,0.001069999998435378,
gamma_0.95_456_6463e12b,gamma_0.95,train,632,456,easy,5,5,0.1,0.95,0.05,default,100,3.0,8,1,1,0,0,0.001062900002580136,
gamma_0.95_456_6463e12b,gamma_0.95,train,633,456,easy,5,5,0.1,0.95,0.05,default,100,3.0,8,1,1,0,0,0.0010701999999582767,
gamma_0.95_456_6463e12b,gamma_0.95,train,634,456,easy,5,5,0.1,0.95,0.05,default,100,1.0,10,1,1,0,0,0.0012596000015037134,
gamma_0.95_456_6463e12b,gamma_0.95,train,635,456,easy,5,5,0.1,0.95,0.05,default,100,3.0,8,1,1,0,0,0.0010522000084165484,
gamma_0.95_456_6463e12b,gamma_0.95,train,636,456,easy,5,5,0.1,0.95,0.05,default,100,-17.0,8,0,1,0,1,0.0009796999947866425,
gamma_0.95_456_6463e12b,gamma_0.95,train,637,456,easy,5,5,0.1,0.95,0.05,default,100,2.0,9,1,1,0,0,0.0011360000062268227,
gamma_0.95_456_6463e12b,gamma_0.95,train,638,456,easy,5,5,0.1,0.95,0.05,default,100,3.0,8,1,1,0,0,0.001070900005288422,
gamma_0.95_456_6463e12b,gamma_0.95,train,639,456,easy,5,5,0.1,0.95,0.05,default,100,3.0,8,1,1,0,0,0.001075799998943694,
gamma_0.95_456_6463e12b,gamma_0.95,train,640,456,easy,5,5,0.1,0.95,0.05,default,100,3.0,8,1,1,0,0,0.0011017000069841743,
gamma_0.95_456_6463e12b,gamma_0.95,train,641,456,easy,5,5,0.1,0.95,0.05,default,100,3.0,8,1,1,0,0,0.0010805999918375164,
gamma_0.95_456_6463e12b,gamma_0.95,train,642,456,easy,5,5,0.1,0.95,0.05,default,100,3.0,8,1,1,0,0,0.0010961999942082912,
gamma_0.95_456_6463e12b,gamma_0.95,train,643,456,easy,5,5,0.1,0.95,0.05,default,100,3.0,8,1,1,0,0,0.0010590000019874424,
gamma_0.95_456_6463e12b,gamma_0.95,train,644,456,easy,5,5,0.1,0.95,0.05,default,100,3.0,8,1,1,0,0,0.001094599996577017,
gamma_0.95_456_6463e12b,gamma_0.95,train,645,456,easy,5,5,0.1,0.95,0.05,default,100,3.0,8,1,1,0,0,0.0010865000076591969,
gamma_0.95_456_6463e12b,gamma_0.95,train,646,456,easy,5,5,0.1,0.95,0.05,default,100,3.0,8,1,1,0,0,0.0010685000015655532,
gamma_0.95_456_6463e12b,gamma_0.95,train,647,456,easy,5,5,0.1,0.95,0.05,default,100,3.0,8,1,1,0,0,0.0010967999987769872,
gamma_0.95_456_6463e12b,gamma_0.95,train,648,456,easy,5,5,0.1,0.95,0.05,default,100,3.0,8,1,1,0,0,0.0010620999964885414,
gamma_0.95_456_6463e12b,gamma_0.95,train,649,456,easy,5,5,0.1,0.95,0.05,default,100,3.0,8,1,1,0,0,0.0010735999967437238,
gamma_0.95_456_6463e12b,gamma_0.95,train,650,456,easy,5,5,0.1,0.95,0.05,default,100,3.0,8,1,1,0,0,0.0010559999936958775,
gamma_0.95_456_6463e12b,gamma_0.95,train,651,456,easy,5,5,0.1,0.95,0.05,default,100,2.0,9,1,1,0,0,0.0011645000049611554,
gamma_0.95_456_6463e12b,gamma_0.95,train,652,456,easy,5,5,0.1,0.95,0.05,default,100,3.0,8,1,1,0,0,0.0010594000050332397,
gamma_0.95_456_6463e12b,gamma_0.95,train,653,456,easy,5,5,0.1,0.95,0.05,default,100,2.0,9,1,1,0,0,0.0011470000026747584,
gamma_0.95_456_6463e12b,gamma_0.95,train,654,456,easy,5,5,0.1,0.95,0.05,default,100,3.0,8,1,1,0,0,0.0010617999942041934,
gamma_0.95_456_6463e12b,gamma_0.95,train,655,456,easy,5,5,0.1,0.95,0.05,default,100,3.0,8,1,1,0,0,0.0010825000063050538,
gamma_0.95_456_6463e12b,gamma_0.95,train,656,456,easy,5,5,0.1,0.95,0.05,default,100,3.0,8,1,1,0,0,0.0010572000028332695,
gamma_0.95_456_6463e12b,gamma_0.95,train,657,456,easy,5,5,0.1,0.95,0.05,default,100,3.0,8,1,1,0,0,0.0011002999963238835,
gamma_0.95_456_6463e12b,gamma_0.95,train,658,456,easy,5,5,0.1,0.95,0.05,default,100,3.0,8,1,1,0,0,0.0010883000068133697,
gamma_0.95_456_6463e12b,gamma_0.95,train,659,456,easy,5,5,0.1,0.95,0.05,default,100,3.0,8,1,1,0,0,0.0010729999921750277,
gamma_0.95_456_6463e12b,gamma_0.95,train,660,456,easy,5,5,0.1,0.95,0.05,default,100,2.0,9,1,1,0,0,0.0011458999942988157,
gamma_0.95_456_6463e12b,gamma_0.95,train,661,456,easy,5,5,0.1,0.95,0.05,default,100,3.0,8,1,1,0,0,0.0011126000026706606,
gamma_0.95_456_6463e12b,gamma_0.95,train,662,456,easy,5,5,0.1,0.95,0.05,default,100,3.0,8,1,1,0,0,0.001101300003938377,
gamma_0.95_456_6463e12b,gamma_0.95,train,663,456,easy,5,5,0.1,0.95,0.05,default,100,-16.0,7,0,1,0,1,0.0009068000072147697,
gamma_0.95_456_6463e12b,gamma_0.95,train,664,456,easy,5,5,0.1,0.95,0.05,default,100,3.0,8,1,1,0,0,0.0010793999972520396,
gamma_0.95_456_6463e12b,gamma_0.95,train,665,456,easy,5,5,0.1,0.95,0.05,default,100,-17.0,8,0,1,0,1,0.0009724999981699511,
gamma_0.95_456_6463e12b,gamma_0.95,train,666,456,easy,5,5,0.1,0.95,0.05,default,100,3.0,8,1,1,0,0,0.0010342000023229048,
gamma_0.95_456_6463e12b,gamma_0.95,train,667,456,easy,5,5,0.1,0.95,0.05,default,100,3.0,8,1,1,0,0,0.0010596000065561384,
gamma_0.95_456_6463e12b,gamma_0.95,train,668,456,easy,5,5,0.1,0.95,0.05,default,100,3.0,8,1,1,0,0,0.0011138999980175868,
gamma_0.95_456_6463e12b,gamma_0.95,train,669,456,easy,5,5,0.1,0.95,0.05,default,100,3.0,8,1,1,0,0,0.0010459000041009858,
gamma_0.95_456_6463e12b,gamma_0.95,train,670,456,easy,5,5,0.1,0.95,0.05,default,100,3.0,8,1,1,0,0,0.0011134999949717894,
gamma_0.95_456_6463e12b,gamma_0.95,train,671,456,easy,5,5,0.1,0.95,0.05,default,100,3.0,8,1,1,0,0,0.0010289000056218356,
gamma_0.95_456_6463e12b,gamma_0.95,train,672,456,easy,5,5,0.1,0.95,0.05,default,100,3.0,8,1,1,0,0,0.0010369999945396557,
gamma_0.95_456_6463e12b,gamma_0.95,train,673,456,easy,5,5,0.1,0.95,0.05,default,100,3.0,8,1,1,0,0,0.001080400004866533,
gamma_0.95_456_6463e12b,gamma_0.95,train,674,456,easy,5,5,0.1,0.95,0.05,default,100,1.0,10,1,1,0,0,0.0012620999914361164,
gamma_0.95_456_6463e12b,gamma_0.95,train,675,456,easy,5,5,0.1,0.95,0.05,default,100,3.0,8,1,1,0,0,0.001095800005714409,
gamma_0.95_456_6463e12b,gamma_0.95,train,676,456,easy,5,5,0.1,0.95,0.05,default,100,3.0,8,1,1,0,0,0.0010876000014832243,
gamma_0.95_456_6463e12b,gamma_0.95,train,677,456,easy,5,5,0.1,0.95,0.05,default,100,3.0,8,1,1,0,0,0.001103200003853999,
gamma_0.95_456_6463e12b,gamma_0.95,train,678,456,easy,5,5,0.1,0.95,0.05,default,100,3.0,8,1,1,0,0,0.0010756999981822446,
gamma_0.95_456_6463e12b,gamma_0.95,train,679,456,easy,5,5,0.1,0.95,0.05,default,100,3.0,8,1,1,0,0,0.001073999999789521,
gamma_0.95_456_6463e12b,gamma_0.95,train,680,456,easy,5,5,0.1,0.95,0.05,default,100,3.0,8,1,1,0,0,0.0010621999972499907,
gamma_0.95_456_6463e12b,gamma_0.95,train,681,456,easy,5,5,0.1,0.95,0.05,default,100,3.0,8,1,1,0,0,0.0011486000003060326,
gamma_0.95_456_6463e12b,gamma_0.95,train,682,456,easy,5,5,0.1,0.95,0.05,default,100,3.0,8,1,1,0,0,0.001090899997507222,
gamma_0.95_456_6463e12b,gamma_0.95,train,683,456,easy,5,5,0.1,0.95,0.05,default,100,3.0,8,1,1,0,0,0.0010620999964885414,
gamma_0.95_456_6463e12b,gamma_0.95,train,684,456,easy,5,5,0.1,0.95,0.05,default,100,3.0,8,1,1,0,0,0.0010750000074040145,
gamma_0.95_456_6463e12b,gamma_0.95,train,685,456,easy,5,5,0.1,0.95,0.05,default,100,3.0,8,1,1,0,0,0.0010674999939510599,
gamma_0.95_456_6463e12b,gamma_0.95,train,686,456,easy,5,5,0.1,0.95,0.05,default,100,3.0,8,1,1,0,0,0.0010743000020738691,
gamma_0.95_456_6463e12b,gamma_0.95,train,687,456,easy,5,5,0.1,0.95,0.05,default,100,3.0,8,1,1,0,0,0.0010718999983510002,
gamma_0.95_456_6463e12b,gamma_0.95,train,688,456,easy,5,5,0.1,0.95,0.05,default,100,3.0,8,1,1,0,0,0.0010757000127341598,
gamma_0.95_456_6463e12b,gamma_0.95,train,689,456,easy,5,5,0.1,0.95,0.05,default,100,1.0,10,1,1,0,0,0.001213000010466203,
gamma_0.95_456_6463e12b,gamma_0.95,train,690,456,easy,5,5,0.1,0.95,0.05,default,100,3.0,8,1,1,0,0,0.0010763000027509406,
gamma_0.95_456_6463e12b,gamma_0.95,train,691,456,easy,5,5,0.1,0.95,0.05,default,100,3.0,8,1,1,0,0,0.0010175999923376366,
gamma_0.95_456_6463e12b,gamma_0.95,train,692,456,easy,5,5,0.1,0.95,0.05,default,100,2.0,9,1,1,0,0,0.001108700002077967,
gamma_0.95_456_6463e12b,gamma_0.95,train,693,456,easy,5,5,0.1,0.95,0.05,default,100,3.0,8,1,1,0,0,0.0010742000013124198,
gamma_0.95_456_6463e12b,gamma_0.95,train,694,456,easy,5,5,0.1,0.95,0.05,default,100,3.0,8,1,1,0,0,0.001103500006138347,
gamma_0.95_456_6463e12b,gamma_0.95,train,695,456,easy,5,5,0.1,0.95,0.05,default,100,3.0,8,1,1,0,0,0.0010787999926833436,
gamma_0.95_456_6463e12b,gamma_0.95,train,696,456,easy,5,5,0.1,0.95,0.05,default,100,3.0,8,1,1,0,0,0.0010603000118862838,
gamma_0.95_456_6463e12b,gamma_0.95,train,697,456,easy,5,5,0.1,0.95,0.05,default,100,3.0,8,1,1,0,0,0.0010880999907385558,
gamma_0.95_456_6463e12b,gamma_0.95,train,698,456,easy,5,5,0.1,0.95,0.05,default,100,3.0,8,1,1,0,0,0.0010678000107873231,
gamma_0.95_456_6463e12b,gamma_0.95,train,699,456,easy,5,5,0.1,0.95,0.05,default,100,3.0,8,1,1,0,0,0.001032100000884384,
gamma_0.95_456_6463e12b,gamma_0.95,train,700,456,easy,5,5,0.1,0.95,0.05,default,100,3.0,8,1,1,0,0,0.0010260999988531694,
gamma_0.95_456_6463e12b,gamma_0.95,train,701,456,easy,5,5,0.1,0.95,0.05,default,100,-15.0,6,0,1,0,1,0.000814300001366064,
gamma_0.95_456_6463e12b,gamma_0.95,train,702,456,easy,5,5,0.1,0.95,0.05,default,100,3.0,8,1,1,0,0,0.0010903999936999753,
gamma_0.95_456_6463e12b,gamma_0.95,train,703,456,easy,5,5,0.1,0.95,0.05,default,100,2.0,9,1,1,0,0,0.0011898000084329396,
gamma_0.95_456_6463e12b,gamma_0.95,train,704,456,easy,5,5,0.1,0.95,0.05,default,100,2.0,9,1,1,0,0,0.0011577999975997955,
gamma_0.95_456_6463e12b,gamma_0.95,train,705,456,easy,5,5,0.1,0.95,0.05,default,100,3.0,8,1,1,0,0,0.0010855999862542376,
gamma_0.95_456_6463e12b,gamma_0.95,train,706,456,easy,5,5,0.1,0.95,0.05,default,100,3.0,8,1,1,0,0,0.0010592999897198752,
gamma_0.95_456_6463e12b,gamma_0.95,train,707,456,easy,5,5,0.1,0.95,0.05,default,100,3.0,8,1,1,0,0,0.0010823000047821552,
gamma_0.95_456_6463e12b,gamma_0.95,train,708,456,easy,5,5,0.1,0.95,0.05,default,100,1.0,10,1,1,0,0,0.0012359999964246526,
gamma_0.95_456_6463e12b,gamma_0.95,train,709,456,easy,5,5,0.1,0.95,0.05,default,100,3.0,8,1,1,0,0,0.0010621000110404566,
gamma_0.95_456_6463e12b,gamma_0.95,train,710,456,easy,5,5,0.1,0.95,0.05,default,100,3.0,8,1,1,0,0,0.001075199994374998,
gamma_0.95_456_6463e12b,gamma_0.95,train,711,456,easy,5,5,0.1,0.95,0.05,default,100,3.0,8,1,1,0,0,0.0010614000057103112,
gamma_0.95_456_6463e12b,gamma_0.95,train,712,456,easy,5,5,0.1,0.95,0.05,default,100,3.0,8,1,1,0,0,0.0010772000096039847,
gamma_0.95_456_6463e12b,gamma_0.95,train,713,456,easy,5,5,0.1,0.95,0.05,default,100,2.0,9,1,1,0,0,0.0011569999915082008,
gamma_0.95_456_6463e12b,gamma_0.95,train,714,456,easy,5,5,0.1,0.95,0.05,default,100,3.0,8,1,1,0,0,0.0010542000090936199,
gamma_0.95_456_6463e12b,gamma_0.95,train,715,456,easy,5,5,0.1,0.95,0.05,default,100,2.0,9,1,1,0,0,0.0011366999970050529,
gamma_0.95_456_6463e12b,gamma_0.95,train,716,456,easy,5,5,0.1,0.95,0.05,default,100,3.0,8,1,1,0,0,0.001078899993444793,
gamma_0.95_456_6463e12b,gamma_0.95,train,717,456,easy,5,5,0.1,0.95,0.05,default,100,3.0,8,1,1,0,0,0.0010827999940374866,
gamma_0.95_456_6463e12b,gamma_0.95,train,718,456,easy,5,5,0.1,0.95,0.05,default,100,3.0,8,1,1,0,0,0.001069999998435378,
gamma_0.95_456_6463e12b,gamma_0.95,train,719,456,easy,5,5,0.1,0.95,0.05,default,100,3.0,8,1,1,0,0,0.0010772000096039847,
gamma_0.95_456_6463e12b,gamma_0.95,train,720,456,easy,5,5,0.1,0.95,0.05,default,100,1.0,10,1,1,0,0,0.0012566999939735979,
gamma_0.95_456_6463e12b,gamma_0.95,train,721,456,easy,5,5,0.1,0.95,0.05,default,100,3.0,8,1,1,0,0,0.0011233999975956976,
gamma_0.95_456_6463e12b,gamma_0.95,train,722,456,easy,5,5,0.1,0.95,0.05,default,100,3.0,8,1,1,0,0,0.0010750000074040145,
gamma_0.95_456_6463e12b,gamma_0.95,train,723,456,easy,5,5,0.1,0.95,0.05,default,100,3.0,8,1,1,0,0,0.001138599996920675,
gamma_0.95_456_6463e12b,gamma_0.95,train,724,456,easy,5,5,0.1,0.95,0.05,default,100,3.0,8,1,1,0,0,0.001083199997083284,
gamma_0.95_456_6463e12b,gamma_0.95,train,725,456,easy,5,5,0.1,0.95,0.05,default,100,3.0,8,1,1,0,0,0.001099200002499856,
gamma_0.95_456_6463e12b,gamma_0.95,train,726,456,easy,5,5,0.1,0.95,0.05,default,100,1.0,10,1,1,0,0,0.0012962000037077814,
gamma_0.95_456_6463e12b,gamma_0.95,train,727,456,easy,5,5,0.1,0.95,0.05,default,100,3.0,8,1,1,0,0,0.0010882000060519204,
gamma_0.95_456_6463e12b,gamma_0.95,train,728,456,easy,5,5,0.1,0.95,0.05,default,100,1.0,10,1,1,0,0,0.0012698999926215038,
gamma_0.95_456_6463e12b,gamma_0.95,train,729,456,easy,5,5,0.1,0.95,0.05,default,100,3.0,8,1,1,0,0,0.0010674999939510599,
gamma_0.95_456_6463e12b,gamma_0.95,train,730,456,easy,5,5,0.1,0.95,0.05,default,100,3.0,8,1,1,0,0,0.0010537000052863732,
gamma_0.95_456_6463e12b,gamma_0.95,train,731,456,easy,5,5,0.1,0.95,0.05,default,100,3.0,8,1,1,0,0,0.00106969999615103,
gamma_0.95_456_6463e12b,gamma_0.95,train,732,456,easy,5,5,0.1,0.95,0.05,default,100,3.0,8,1,1,0,0,0.0010784999903989956,
gamma_0.95_456_6463e12b,gamma_0.95,train,733,456,easy,5,5,0.1,0.95,0.05,default,100,-14.0,5,0,1,0,1,0.0006684000109089538,
gamma_0.95_456_6463e12b,gamma_0.95,train,734,456,easy,5,5,0.1,0.95,0.05,default,100,1.0,10,1,1,0,0,0.0012687999987974763,
gamma_0.95_456_6463e12b,gamma_0.95,train,735,456,easy,5,5,0.1,0.95,0.05,default,100,3.0,8,1,1,0,0,0.001075499996659346,
gamma_0.95_456_6463e12b,gamma_0.95,train,736,456,easy,5,5,0.1,0.95,0.05,default,100,1.0,10,1,1,0,0,0.0012236000038683414,
gamma_0.95_456_6463e12b,gamma_0.95,train,737,456,easy,5,5,0.1,0.95,0.05,default,100,3.0,8,1,1,0,0,0.0011042000114684924,
gamma_0.95_456_6463e12b,gamma_0.95,train,738,456,easy,5,5,0.1,0.95,0.05,default,100,3.0,8,1,1,0,0,0.001075799998943694,
gamma_0.95_456_6463e12b,gamma_0.95,train,739,456,easy,5,5,0.1,0.95,0.05,default,100,3.0,8,1,1,0,0,0.0010809999948833138,
gamma_0.95_456_6463e12b,gamma_0.95,train,740,456,easy,5,5,0.1,0.95,0.05,default,100,3.0,8,1,1,0,0,0.001069999998435378,
gamma_0.95_456_6463e12b,gamma_0.95,train,741,456,easy,5,5,0.1,0.95,0.05,default,100,3.0,8,1,1,0,0,0.0011108000035164878,
gamma_0.95_456_6463e12b,gamma_0.95,train,742,456,easy,5,5,0.1,0.95,0.05,default,100,3.0,8,1,1,0,0,0.001081000009435229,
gamma_0.95_456_6463e12b,gamma_0.95,train,743,456,easy,5,5,0.1,0.95,0.05,default,100,3.0,8,1,1,0,0,0.0010880000045290217,
gamma_0.95_456_6463e12b,gamma_0.95,train,744,456,easy,5,5,0.1,0.95,0.05,default,100,3.0,8,1,1,0,0,0.001072499988367781,
gamma_0.95_456_6463e12b,gamma_0.95,train,745,456,easy,5,5,0.1,0.95,0.05,default,100,3.0,8,1,1,0,0,0.0010949999996228144,
gamma_0.95_456_6463e12b,gamma_0.95,train,746,456,easy,5,5,0.1,0.95,0.05,default,100,3.0,8,1,1,0,0,0.0010839999886229634,
gamma_0.95_456_6463e12b,gamma_0.95,train,747,456,easy,5,5,0.1,0.95,0.05,default,100,3.0,8,1,1,0,0,0.0010800000018207356,
gamma_0.95_456_6463e12b,gamma_0.95,train,748,456,easy,5,5,0.1,0.95,0.05,default,100,3.0,8,1,1,0,0,0.0010803000041050836,
gamma_0.95_456_6463e12b,gamma_0.95,train,749,456,easy,5,5,0.1,0.95,0.05,default,100,3.0,8,1,1,0,0,0.0010917000035988167,
gamma_0.95_456_6463e12b,gamma_0.95,train,750,456,easy,5,5,0.1,0.95,0.05,default,100,3.0,8,1,1,0,0,0.0010803000041050836,
gamma_0.95_456_6463e12b,gamma_0.95,train,751,456,easy,5,5,0.1,0.95,0.05,default,100,3.0,8,1,1,0,0,0.0010639999964041635,
gamma_0.95_456_6463e12b,gamma_0.95,train,752,456,easy,5,5,0.1,0.95,0.05,default,100,3.0,8,1,1,0,0,0.001081000009435229,
gamma_0.95_456_6463e12b,gamma_0.95,train,753,456,easy,5,5,0.1,0.95,0.05,default,100,3.0,8,1,1,0,0,0.0010632999910740182,
gamma_0.95_456_6463e12b,gamma_0.95,train,754,456,easy,5,5,0.1,0.95,0.05,default,100,3.0,8,1,1,0,0,0.0010780000011436641,
gamma_0.95_456_6463e12b,gamma_0.95,train,755,456,easy,5,5,0.1,0.95,0.05,default,100,-14.0,5,0,1,0,1,0.0006200999923748896,
gamma_0.95_456_6463e12b,gamma_0.95,train,756,456,easy,5,5,0.1,0.95,0.05,default,100,3.0,8,1,1,0,0,0.0010823000047821552,
gamma_0.95_456_6463e12b,gamma_0.95,train,757,456,easy,5,5,0.1,0.95,0.05,default,100,3.0,8,1,1,0,0,0.0010904999944614246,
gamma_0.95_456_6463e12b,gamma_0.95,train,758,456,easy,5,5,0.1,0.95,0.05,default,100,3.0,8,1,1,0,0,0.0010832000116351992,
gamma_0.95_456_6463e12b,gamma_0.95,train,759,456,easy,5,5,0.1,0.95,0.05,default,100,3.0,8,1,1,0,0,0.0010624999995343387,
gamma_0.95_456_6463e12b,gamma_0.95,train,760,456,easy,5,5,0.1,0.95,0.05,default,100,3.0,8,1,1,0,0,0.0010836000001290813,
gamma_0.95_456_6463e12b,gamma_0.95,train,761,456,easy,5,5,0.1,0.95,0.05,default,100,2.0,9,1,1,0,0,0.0011924999998882413,
gamma_0.95_456_6463e12b,gamma_0.95,train,762,456,easy,5,5,0.1,0.95,0.05,default,100,1.0,10,1,1,0,0,0.0012684999965131283,
gamma_0.95_456_6463e12b,gamma_0.95,train,763,456,easy,5,5,0.1,0.95,0.05,default,100,3.0,8,1,1,0,0,0.0010913000005530193,
gamma_0.95_456_6463e12b,gamma_0.95,train,764,456,easy,5,5,0.1,0.95,0.05,default,100,-4.0,15,1,1,0,0,0.0017460999952163547,
gamma_0.95_456_6463e12b,gamma_0.95,train,765,456,easy,5,5,0.1,0.95,0.05,default,100,2.0,9,1,1,0,0,0.0012122999905841425,
gamma_0.95_456_6463e12b,gamma_0.95,train,766,456,easy,5,5,0.1,0.95,0.05,default,100,3.0,8,1,1,0,0,0.0010765000042738393,
gamma_0.95_456_6463e12b,gamma_0.95,train,767,456,easy,5,5,0.1,0.95,0.05,default,100,1.0,10,1,1,0,0,0.0012809000036213547,
gamma_0.95_456_6463e12b,gamma_0.95,train,768,456,easy,5,5,0.1,0.95,0.05,default,100,3.0,8,1,1,0,0,0.0010847999947145581,
gamma_0.95_456_6463e12b,gamma_0.95,train,769,456,easy,5,5,0.1,0.95,0.05,default,100,3.0,8,1,1,0,0,0.0010826000070665032,
gamma_0.95_456_6463e12b,gamma_0.95,train,770,456,easy,5,5,0.1,0.95,0.05,default,100,3.0,8,1,1,0,0,0.001087500000721775,
gamma_0.95_456_6463e12b,gamma_0.95,train,771,456,easy,5,5,0.1,0.95,0.05,default,100,3.0,8,1,1,0,0,0.0010846000077435747,
gamma_0.95_456_6463e12b,gamma_0.95,train,772,456,easy,5,5,0.1,0.95,0.05,default,100,0.0,11,1,1,0,0,0.001328099999227561,
gamma_0.95_456_6463e12b,gamma_0.95,train,773,456,easy,5,5,0.1,0.95,0.05,default,100,1.0,10,1,1,0,0,0.0012319999950705096,
gamma_0.95_456_6463e12b,gamma_0.95,train,774,456,easy,5,5,0.1,0.95,0.05,default,100,3.0,8,1,1,0,0,0.0010716999968281016,
gamma_0.95_456_6463e12b,gamma_0.95,train,775,456,easy,5,5,0.1,0.95,0.05,default,100,3.0,8,1,1,0,0,0.0010848999954760075,
gamma_0.95_456_6463e12b,gamma_0.95,train,776,456,easy,5,5,0.1,0.95,0.05,default,100,3.0,8,1,1,0,0,0.0010631999903125688,
gamma_0.95_456_6463e12b,gamma_0.95,train,777,456,easy,5,5,0.1,0.95,0.05,default,100,3.0,8,1,1,0,0,0.0010896000021602958,
gamma_0.95_456_6463e12b,gamma_0.95,train,778,456,easy,5,5,0.1,0.95,0.05,default,100,3.0,8,1,1,0,0,0.0010420999897178262,
gamma_0.95_456_6463e12b,gamma_0.95,train,779,456,easy,5,5,0.1,0.95,0.05,default,100,3.0,8,1,1,0,0,0.0010725000029196963,
gamma_0.95_456_6463e12b,gamma_0.95,train,780,456,easy,5,5,0.1,0.95,0.05,default,100,3.0,8,1,1,0,0,0.0011722000053850934,
gamma_0.95_456_6463e12b,gamma_0.95,train,781,456,easy,5,5,0.1,0.95,0.05,default,100,3.0,8,1,1,0,0,0.0010894000006373972,
gamma_0.95_456_6463e12b,gamma_0.95,train,782,456,easy,5,5,0.1,0.95,0.05,default,100,3.0,8,1,1,0,0,0.0010919000051217154,
gamma_0.95_456_6463e12b,gamma_0.95,train,783,456,easy,5,5,0.1,0.95,0.05,default,100,3.0,8,1,1,0,0,0.0010690000053728,
gamma_0.95_456_6463e12b,gamma_0.95,train,784,456,easy,5,5,0.1,0.95,0.05,default,100,3.0,8,1,1,0,0,0.001141399989137426,
gamma_0.95_456_6463e12b,gamma_0.95,train,785,456,easy,5,5,0.1,0.95,0.05,default,100,3.0,8,1,1,0,0,0.0010831000108737499,
gamma_0.95_456_6463e12b,gamma_0.95,train,786,456,easy,5,5,0.1,0.95,0.05,default,100,3.0,8,1,1,0,0,0.0010897999891312793,
gamma_0.95_456_6463e12b,gamma_0.95,train,787,456,easy,5,5,0.1,0.95,0.05,default,100,3.0,8,1,1,0,0,0.0010926000104518607,
gamma_0.95_456_6463e12b,gamma_0.95,train,788,456,easy,5,5,0.1,0.95,0.05,default,100,1.0,10,1,1,0,0,0.00125859999388922,
gamma_0.95_456_6463e12b,gamma_0.95,train,789,456,easy,5,5,0.1,0.95,0.05,default,100,3.0,8,1,1,0,0,0.001093999992008321,
gamma_0.95_456_6463e12b,gamma_0.95,train,790,456,easy,5,5,0.1,0.95,0.05,default,100,3.0,8,1,1,0,0,0.0010621000110404566,
gamma_0.95_456_6463e12b,gamma_0.95,train,791,456,easy,5,5,0.1,0.95,0.05,default,100,2.0,9,1,1,0,0,0.0011605000036070123,
gamma_0.95_456_6463e12b,gamma_0.95,train,792,456,easy,5,5,0.1,0.95,0.05,default,100,3.0,8,1,1,0,0,0.0010624999995343387,
gamma_0.95_456_6463e12b,gamma_0.95,train,793,456,easy,5,5,0.1,0.95,0.05,default,100,2.0,9,1,1,0,0,0.0011481999972602352,
gamma_0.95_456_6463e12b,gamma_0.95,train,794,456,easy,5,5,0.1,0.95,0.05,default,100,3.0,8,1,1,0,0,0.0010623999987728894,
gamma_0.95_456_6463e12b,gamma_0.95,train,795,456,easy,5,5,0.1,0.95,0.05,default,100,3.0,8,1,1,0,0,0.001070900005288422,
gamma_0.95_456_6463e12b,gamma_0.95,train,796,456,easy,5,5,0.1,0.95,0.05,default,100,3.0,8,1,1,0,0,0.001058599998941645,
gamma_0.95_456_6463e12b,gamma_0.95,train,797,456,easy,5,5,0.1,0.95,0.05,default,100,3.0,8,1,1,0,0,0.0010825000063050538,
gamma_0.95_456_6463e12b,gamma_0.95,train,798,456,easy,5,5,0.1,0.95,0.05,default,100,3.0,8,1,1,0,0,0.0010772999958135188,
gamma_0.95_456_6463e12b,gamma_0.95,train,799,456,easy,5,5,0.1,0.95,0.05,default,100,-16.0,7,0,1,0,1,0.0008569000056013465,
gamma_0.95_456_6463e12b,gamma_0.95,train,800,456,easy,5,5,0.1,0.95,0.05,default,100,3.0,8,1,1,0,0,0.0010651999909896404,results\gamma_comparison\gamma_0.95\seed_456\qtable_ep800.npz
gamma_0.95_456_6463e12b,gamma_0.95,eval,1,456,easy,5,5,0.1,0.95,0.0,default,100,-100.0,100,0,0,1,0,,
gamma_0.95_456_6463e12b,gamma_0.95,eval,2,456,easy,5,5,0.1,0.95,0.0,default,100,-100.0,100,0,0,1,0,,
gamma_0.95_456_6463e12b,gamma_0.95,eval,3,456,easy,5,5,0.1,0.95,0.0,default,100,-100.0,100,0,0,1,0,,
gamma_0.95_456_6463e12b,gamma_0.95,eval,4,456,easy,5,5,0.1,0.95,0.0,default,100,-100.0,100,0,0,1,0,,
gamma_0.95_456_6463e12b,gamma_0.95,eval,5,456,easy,5,5,0.1,0.95,0.0,default,100,-100.0,100,0,0,1,0,,
gamma_0.95_456_6463e12b,gamma_0.95,eval,6,456,easy,5,5,0.1,0.95,0.0,default,100,-100.0,100,0,0,1,0,,
gamma_0.95_456_6463e12b,gamma_0.95,eval,7,456,easy,5,5,0.1,0.95,0.0,default,100,-100.0,100,0,0,1,0,,
gamma_0.95_456_6463e12b,gamma_0.95,eval,8,456,easy,5,5,0.1,0.95,0.0,default,100,-100.0,100,0,0,1,0,,
gamma_0.95_456_6463e12b,gamma_0.95,eval,9,456,easy,5,5,0.1,0.95,0.0,default,100,-100.0,100,0,0,1,0,,
gamma_0.95_456_6463e12b,gamma_0.95,eval,10,456,easy,5,5,0.1,0.95,0.0,default,100,-100.0,100,0,0,1,0,,
gamma_0.95_456_6463e12b,gamma_0.95,eval,1,456,easy,5,5,0.1,0.95,0.0,default,100,-100.0,100,0,0,1,0,,
gamma_0.95_456_6463e12b,gamma_0.95,eval,2,456,easy,5,5,0.1,0.95,0.0,default,100,-100.0,100,0,0,1,0,,
gamma_0.95_456_6463e12b,gamma_0.95,eval,3,456,easy,5,5,0.1,0.95,0.0,default,100,-100.0,100,0,0,1,0,,
gamma_0.95_456_6463e12b,gamma_0.95,eval,4,456,easy,5,5,0.1,0.95,0.0,default,100,-100.0,100,0,0,1,0,,
gamma_0.95_456_6463e12b,gamma_0.95,eval,5,456,easy,5,5,0.1,0.95,0.0,default,100,-100.0,100,0,0,1,0,,
gamma_0.95_456_6463e12b,gamma_0.95,eval,6,456,easy,5,5,0.1,0.95,0.0,default,100,-100.0,100,0,0,1,0,,
gamma_0.95_456_6463e12b,gamma_0.95,eval,7,456,easy,5,5,0.1,0.95,0.0,default,100,-100.0,100,0,0,1,0,,
gamma_0.95_456_6463e12b,gamma_0.95,eval,8,456,easy,5,5,0.1,0.95,0.0,default,100,-100.0,100,0,0,1,0,,
gamma_0.95_456_6463e12b,gamma_0.95,eval,9,456,easy,5,5,0.1,0.95,0.0,default,100,-100.0,100,0,0,1,0,,
gamma_0.95_456_6463e12b,gamma_0.95,eval,10,456,easy,5,5,0.1,0.95,0.0,default,100,-100.0,100,0,0,1,0,,
gamma_0.95_456_6463e12b,gamma_0.95,eval,1,456,easy,5,5,0.1,0.95,0.0,default,100,3.0,8,1,1,0,0,,
gamma_0.95_456_6463e12b,gamma_0.95,eval,2,456,easy,5,5,0.1,0.95,0.0,default,100,3.0,8,1,1,0,0,,
gamma_0.95_456_6463e12b,gamma_0.95,eval,3,456,easy,5,5,0.1,0.95,0.0,default,100,3.0,8,1,1,0,0,,
gamma_0.95_456_6463e12b,gamma_0.95,eval,4,456,easy,5,5,0.1,0.95,0.0,default,100,3.0,8,1,1,0,0,,
gamma_0.95_456_6463e12b,gamma_0.95,eval,5,456,easy,5,5,0.1,0.95,0.0,default,100,3.0,8,1,1,0,0,,
gamma_0.95_456_6463e12b,gamma_0.95,eval,6,456,easy,5,5,0.1,0.95,0.0,default,100,3.0,8,1,1,0,0,,
gamma_0.95_456_6463e12b,gamma_0.95,eval,7,456,easy,5,5,0.1,0.95,0.0,default,100,3.0,8,1,1,0,0,,
gamma_0.95_456_6463e12b,gamma_0.95,eval,8,456,easy,5,5,0.1,0.95,0.0,default,100,3.0,8,1,1,0,0,,
gamma_0.95_456_6463e12b,gamma_0.95,eval,9,456,easy,5,5,0.1,0.95,0.0,default,100,3.0,8,1,1,0,0,,
gamma_0.95_456_6463e12b,gamma_0.95,eval,10,456,easy,5,5,0.1,0.95,0.0,default,100,3.0,8,1,1,0,0,,
gamma_0.95_456_6463e12b,gamma_0.95,eval,1,456,easy,5,5,0.1,0.95,0.0,default,100,3.0,8,1,1,0,0,,
gamma_0.95_456_6463e12b,gamma_0.95,eval,2,456,easy,5,5,0.1,0.95,0.0,default,100,3.0,8,1,1,0,0,,
gamma_0.95_456_6463e12b,gamma_0.95,eval,3,456,easy,5,5,0.1,0.95,0.0,default,100,3.0,8,1,1,0,0,,
gamma_0.95_456_6463e12b,gamma_0.95,eval,4,456,easy,5,5,0.1,0.95,0.0,default,100,3.0,8,1,1,0,0,,
gamma_0.95_456_6463e12b,gamma_0.95,eval,5,456,easy,5,5,0.1,0.95,0.0,default,100,3.0,8,1,1,0,0,,
gamma_0.95_456_6463e12b,gamma_0.95,eval,6,456,easy,5,5,0.1,0.95,0.0,default,100,3.0,8,1,1,0,0,,
gamma_0.95_456_6463e12b,gamma_0.95,eval,7,456,easy,5,5,0.1,0.95,0.0,default,100,3.0,8,1,1,0,0,,
gamma_0.95_456_6463e12b,gamma_0.95,eval,8,456,easy,5,5,0.1,0.95,0.0,default,100,3.0,8,1,1,0,0,,
gamma_0.95_456_6463e12b,gamma_0.95,eval,9,456,easy,5,5,0.1,0.95,0.0,default,100,3.0,8,1,1,0,0,,
gamma_0.95_456_6463e12b,gamma_0.95,eval,10,456,easy,5,5,0.1,0.95,0.0,default,100,3.0,8,1,1,0,0,,
gamma_0.95_456_6463e12b,gamma_0.95,eval,1,456,easy,5,5,0.1,0.95,0.0,default,100,3.0,8,1,1,0,0,,
gamma_0.95_456_6463e12b,gamma_0.95,eval,2,456,easy,5,5,0.1,0.95,0.0,default,100,3.0,8,1,1,0,0,,
gamma_0.95_456_6463e12b,gamma_0.95,eval,3,456,easy,5,5,0.1,0.95,0.0,default,100,3.0,8,1,1,0,0,,
gamma_0.95_456_6463e12b,gamma_0.95,eval,4,456,easy,5,5,0.1,0.95,0.0,default,100,3.0,8,1,1,0,0,,
gamma_0.95_456_6463e12b,gamma_0.95,eval,5,456,easy,5,5,0.1,0.95,0.0,default,100,3.0,8,1,1,0,0,,
gamma_0.95_456_6463e12b,gamma_0.95,eval,6,456,easy,5,5,0.1,0.95,0.0,default,100,3.0,8,1,1,0,0,,
gamma_0.95_456_6463e12b,gamma_0.95,eval,7,456,easy,5,5,0.1,0.95,0.0,default,100,3.0,8,1,1,0,0,,
gamma_0.95_456_6463e12b,gamma_0.95,eval,8,456,easy,5,5,0.1,0.95,0.0,default,100,3.0,8,1,1,0,0,,
gamma_0.95_456_6463e12b,gamma_0.95,eval,9,456,easy,5,5,0.1,0.95,0.0,default,100,3.0,8,1,1,0,0,,
gamma_0.95_456_6463e12b,gamma_0.95,eval,10,456,easy,5,5,0.1,0.95,0.0,default,100,3.0,8,1,1,0,0,,
gamma_0.95_456_6463e12b,gamma_0.95,eval,1,456,easy,5,5,0.1,0.95,0.0,default,100,3.0,8,1,1,0,0,,
gamma_0.95_456_6463e12b,gamma_0.95,eval,2,456,easy,5,5,0.1,0.95,0.0,default,100,3.0,8,1,1,0,0,,
gamma_0.95_456_6463e12b,gamma_0.95,eval,3,456,easy,5,5,0.1,0.95,0.0,default,100,3.0,8,1,1,0,0,,
gamma_0.95_456_6463e12b,gamma_0.95,eval,4,456,easy,5,5,0.1,0.95,0.0,default,100,3.0,8,1,1,0,0,,
gamma_0.95_456_6463e12b,gamma_0.95,eval,5,456,easy,5,5,0.1,0.95,0.0,default,100,3.0,8,1,1,0,0,,
gamma_0.95_456_6463e12b,gamma_0.95,eval,6,456,easy,5,5,0.1,0.95,0.0,default,100,3.0,8,1,1,0,0,,
gamma_0.95_456_6463e12b,gamma_0.95,eval,7,456,easy,5,5,0.1,0.95,0.0,default,100,3.0,8,1,1,0,0,,
gamma_0.95_456_6463e12b,gamma_0.95,eval,8,456,easy,5,5,0.1,0.95,0.0,default,100,3.0,8,1,1,0,0,,
gamma_0.95_456_6463e12b,gamma_0.95,eval,9,456,easy,5,5,0.1,0.95,0.0,default,100,3.0,8,1,1,0,0,,
gamma_0.95_456_6463e12b,gamma_0.95,eval,10,456,easy,5,5,0.1,0.95,0.0,default,100,3.0,8,1,1,0,0,,
gamma_0.95_456_6463e12b,gamma_0.95,eval,1,456,easy,5,5,0.1,0.95,0.0,default,100,3.0,8,1,1,0,0,,
gamma_0.95_456_6463e12b,gamma_0.95,eval,2,456,easy,5,5,0.1,0.95,0.0,default,100,3.0,8,1,1,0,0,,
gamma_0.95_456_6463e12b,gamma_0.95,eval,3,456,easy,5,5,0.1,0.95,0.0,default,100,3.0,8,1,1,0,0,,
gamma_0.95_456_6463e12b,gamma_0.95,eval,4,456,easy,5,5,0.1,0.95,0.0,default,100,3.0,8,1,1,0,0,,
gamma_0.95_456_6463e12b,gamma_0.95,eval,5,456,easy,5,5,0.1,0.95,0.0,default,100,3.0,8,1,1,0,0,,
gamma_0.95_456_6463e12b,gamma_0.95,eval,6,456,easy,5,5,0.1,0.95,0.0,default,100,3.0,8,1,1,0,0,,
gamma_0.95_456_6463e12b,gamma_0.95,eval,7,456,easy,5,5,0.1,0.95,0.0,default,100,3.0,8,1,1,0,0,,
gamma_0.95_456_6463e12b,gamma_0.95,eval,8,456,easy,5,5,0.1,0.95,0.0,default,100,3.0,8,1,1,0,0,,
gamma_0.95_456_6463e12b,gamma_0.95,eval,9,456,easy,5,5,0.1,0.95,0.0,default,100,3.0,8,1,1,0,0,,
gamma_0.95_456_6463e12b,gamma_0.95,eval,10,456,easy,5,5,0.1,0.95,0.0,default,100,3.0,8,1,1,0,0,,
gamma_0.95_456_6463e12b,gamma_0.95,eval,1,456,easy,5,5,0.1,0.95,0.0,default,100,3.0,8,1,1,0,0,,
gamma_0.95_456_6463e12b,gamma_0.95,eval,2,456,easy,5,5,0.1,0.95,0.0,default,100,3.0,8,1,1,0,0,,
gamma_0.95_456_6463e12b,gamma_0.95,eval,3,456,easy,5,5,0.1,0.95,0.0,default,100,3.0,8,1,1,0,0,,
gamma_0.95_456_6463e12b,gamma_0.95,eval,4,456,easy,5,5,0.1,0.95,0.0,default,100,3.0,8,1,1,0,0,,
gamma_0.95_456_6463e12b,gamma_0.95,eval,5,456,easy,5,5,0.1,0.95,0.0,default,100,3.0,8,1,1,0,0,,
gamma_0.95_456_6463e12b,gamma_0.95,eval,6,456,easy,5,5,0.1,0.95,0.0,default,100,3.0,8,1,1,0,0,,
gamma_0.95_456_6463e12b,gamma_0.95,eval,7,456,easy,5,5,0.1,0.95,0.0,default,100,3.0,8,1,1,0,0,,
gamma_0.95_456_6463e12b,gamma_0.95,eval,8,456,easy,5,5,0.1,0.95,0.0,default,100,3.0,8,1,1,0,0,,
gamma_0.95_456_6463e12b,gamma_0.95,eval,9,456,easy,5,5,0.1,0.95,0.0,default,100,3.0,8,1,1,0,0,,
gamma_0.95_456_6463e12b,gamma_0.95,eval,10,456,easy,5,5,0.1,0.95,0.0,default,100,3.0,8,1,1,0,0,,
gamma_0.95_456_6463e12b,gamma_0.95,eval,1,456,easy,5,5,0.1,0.95,0.0,default,100,3.0,8,1,1,0,0,,
gamma_0.95_456_6463e12b,gamma_0.95,eval,2,456,easy,5,5,0.1,0.95,0.0,default,100,3.0,8,1,1,0,0,,
gamma_0.95_456_6463e12b,gamma_0.95,eval,3,456,easy,5,5,0.1,0.95,0.0,default,100,3.0,8,1,1,0,0,,
gamma_0.95_456_6463e12b,gamma_0.95,eval,4,456,easy,5,5,0.1,0.95,0.0,default,100,3.0,8,1,1,0,0,,
gamma_0.95_456_6463e12b,gamma_0.95,eval,5,456,easy,5,5,0.1,0.95,0.0,default,100,3.0,8,1,1,0,0,,
gamma_0.95_456_6463e12b,gamma_0.95,eval,6,456,easy,5,5,0.1,0.95,0.0,default,100,3.0,8,1,1,0,0,,
gamma_0.95_456_6463e12b,gamma_0.95,eval,7,456,easy,5,5,0.1,0.95,0.0,default,100,3.0,8,1,1,0,0,,
gamma_0.95_456_6463e12b,gamma_0.95,eval,8,456,easy,5,5,0.1,0.95,0.0,default,100,3.0,8,1,1,0,0,,
gamma_0.95_456_6463e12b,gamma_0.95,eval,9,456,easy,5,5,0.1,0.95,0.0,default,100,3.0,8,1,1,0,0,,
gamma_0.95_456_6463e12b,gamma_0.95,eval,10,456,easy,5,5,0.1,0.95,0.0,default,100,3.0,8,1,1,0,0,,
gamma_0.95_456_6463e12b,gamma_0.95,eval,1,456,easy,5,5,0.1,0.95,0.0,default,100,3.0,8,1,1,0,0,,
gamma_0.95_456_6463e12b,gamma_0.95,eval,2,456,easy,5,5,0.1,0.95,0.0,default,100,3.0,8,1,1,0,0,,
gamma_0.95_456_6463e12b,gamma_0.95,eval,3,456,easy,5,5,0.1,0.95,0.0,default,100,3.0,8,1,1,0,0,,
gamma_0.95_456_6463e12b,gamma_0.95,eval,4,456,easy,5,5,0.1,0.95,0.0,default,100,3.0,8,1,1,0,0,,
gamma_0.95_456_6463e12b,gamma_0.95,eval,5,456,easy,5,5,0.1,0.95,0.0,default,100,3.0,8,1,1,0,0,,
gamma_0.95_456_6463e12b,gamma_0.95,eval,6,456,easy,5,5,0.1,0.95,0.0,default,100,3.0,8,1,1,0,0,,
gamma_0.95_456_6463e12b,gamma_0.95,eval,7,456,easy,5,5,0.1,0.95,0.0,default,100,3.0,8,1,1,0,0,,
gamma_0.95_456_6463e12b,gamma_0.95,eval,8,456,easy,5,5,0.1,0.95,0.0,default,100,3.0,8,1,1,0,0,,
gamma_0.95_456_6463e12b,gamma_0.95,eval,9,456,easy,5,5,0.1,0.95,0.0,default,100,3.0,8,1,1,0,0,,
gamma_0.95_456_6463e12b,gamma_0.95,eval,10,456,easy,5,5,0.1,0.95,0.0,default,100,3.0,8,1,1,0,0,,
gamma_0.95_456_6463e12b,gamma_0.95,eval,1,456,easy,5,5,0.1,0.95,0.0,default,100,3.0,8,1,1,0,0,,
gamma_0.95_456_6463e12b,gamma_0.95,eval,2,456,easy,5,5,0.1,0.95,0.0,default,100,3.0,8,1,1,0,0,,
gamma_0.95_456_6463e12b,gamma_0.95,eval,3,456,easy,5,5,0.1,0.95,0.0,default,100,3.0,8,1,1,0,0,,
gamma_0.95_456_6463e12b,gamma_0.95,eval,4,456,easy,5,5,0.1,0.95,0.0,default,100,3.0,8,1,1,0,0,,
gamma_0.95_456_6463e12b,gamma_0.95,eval,5,456,easy,5,5,0.1,0.95,0.0,default,100,3.0,8,1,1,0,0,,
gamma_0.95_456_6463e12b,gamma_0.95,eval,6,456,easy,5,5,0.1,0.95,0.0,default,100,3.0,8,1,1,0,0,,
gamma_0.95_456_6463e12b,gamma_0.95,eval,7,456,easy,5,5,0.1,0.95,0.0,default,100,3.0,8,1,1,0,0,,
gamma_0.95_456_6463e12b,gamma_0.95,eval,8,456,easy,5,5,0.1,0.95,0.0,default,100,3.0,8,1,1,0,0,,
gamma_0.95_456_6463e12b,gamma_0.95,eval,9,456,easy,5,5,0.1,0.95,0.0,default,100,3.0,8,1,1,0,0,,
gamma_0.95_456_6463e12b,gamma_0.95,eval,10,456,easy,5,5,0.1,0.95,0.0,default,100,3.0,8,1,1,0,0,,
gamma_0.95_456_6463e12b,gamma_0.95,eval,1,456,easy,5,5,0.1,0.95,0.0,default,100,3.0,8,1,1,0,0,,
gamma_0.95_456_6463e12b,gamma_0.95,eval,2,456,easy,5,5,0.1,0.95,0.0,default,100,3.0,8,1,1,0,0,,
gamma_0.95_456_6463e12b,gamma_0.95,eval,3,456,easy,5,5,0.1,0.95,0.0,default,100,3.0,8,1,1,0,0,,
gamma_0.95_456_6463e12b,gamma_0.95,eval,4,456,easy,5,5,0.1,0.95,0.0,default,100,3.0,8,1,1,0,0,,
gamma_0.95_456_6463e12b,gamma_0.95,eval,5,456,easy,5,5,0.1,0.95,0.0,default,100,3.0,8,1,1,0,0,,
gamma_0.95_456_6463e12b,gamma_0.95,eval,6,456,easy,5,5,0.1,0.95,0.0,default,100,3.0,8,1,1,0,0,,
gamma_0.95_456_6463e12b,gamma_0.95,eval,7,456,easy,5,5,0.1,0.95,0.0,default,100,3.0,8,1,1,0,0,,
gamma_0.95_456_6463e12b,gamma_0.95,eval,8,456,easy,5,5,0.1,0.95,0.0,default,100,3.0,8,1,1,0,0,,
gamma_0.95_456_6463e12b,gamma_0.95,eval,9,456,easy,5,5,0.1,0.95,0.0,default,100,3.0,8,1,1,0,0,,
gamma_0.95_456_6463e12b,gamma_0.95,eval,10,456,easy,5,5,0.1,0.95,0.0,default,100,3.0,8,1,1,0,0,,
gamma_0.95_456_6463e12b,gamma_0.95,eval,1,456,easy,5,5,0.1,0.95,0.0,default,100,3.0,8,1,1,0,0,,
gamma_0.95_456_6463e12b,gamma_0.95,eval,2,456,easy,5,5,0.1,0.95,0.0,default,100,3.0,8,1,1,0,0,,
gamma_0.95_456_6463e12b,gamma_0.95,eval,3,456,easy,5,5,0.1,0.95,0.0,default,100,3.0,8,1,1,0,0,,
gamma_0.95_456_6463e12b,gamma_0.95,eval,4,456,easy,5,5,0.1,0.95,0.0,default,100,3.0,8,1,1,0,0,,
gamma_0.95_456_6463e12b,gamma_0.95,eval,5,456,easy,5,5,0.1,0.95,0.0,default,100,3.0,8,1,1,0,0,,
gamma_0.95_456_6463e12b,gamma_0.95,eval,6,456,easy,5,5,0.1,0.95,0.0,default,100,3.0,8,1,1,0,0,,
gamma_0.95_456_6463e12b,gamma_0.95,eval,7,456,easy,5,5,0.1,0.95,0.0,default,100,3.0,8,1,1,0,0,,
gamma_0.95_456_6463e12b,gamma_0.95,eval,8,456,easy,5,5,0.1,0.95,0.0,default,100,3.0,8,1,1,0,0,,
gamma_0.95_456_6463e12b,gamma_0.95,eval,9,456,easy,5,5,0.1,0.95,0.0,default,100,3.0,8,1,1,0,0,,
gamma_0.95_456_6463e12b,gamma_0.95,eval,10,456,easy,5,5,0.1,0.95,0.0,default,100,3.0,8,1,1,0,0,,
gamma_0.95_456_6463e12b,gamma_0.95,eval,1,456,easy,5,5,0.1,0.95,0.0,default,100,3.0,8,1,1,0,0,,
gamma_0.95_456_6463e12b,gamma_0.95,eval,2,456,easy,5,5,0.1,0.95,0.0,default,100,3.0,8,1,1,0,0,,
gamma_0.95_456_6463e12b,gamma_0.95,eval,3,456,easy,5,5,0.1,0.95,0.0,default,100,3.0,8,1,1,0,0,,
gamma_0.95_456_6463e12b,gamma_0.95,eval,4,456,easy,5,5,0.1,0.95,0.0,default,100,3.0,8,1,1,0,0,,
gamma_0.95_456_6463e12b,gamma_0.95,eval,5,456,easy,5,5,0.1,0.95,0.0,default,100,3.0,8,1,1,0,0,,
gamma_0.95_456_6463e12b,gamma_0.95,eval,6,456,easy,5,5,0.1,0.95,0.0,default,100,3.0,8,1,1,0,0,,
gamma_0.95_456_6463e12b,gamma_0.95,eval,7,456,easy,5,5,0.1,0.95,0.0,default,100,3.0,8,1,1,0,0,,
gamma_0.95_456_6463e12b,gamma_0.95,eval,8,456,easy,5,5,0.1,0.95,0.0,default,100,3.0,8,1,1,0,0,,
gamma_0.95_456_6463e12b,gamma_0.95,eval,9,456,easy,5,5,0.1,0.95,0.0,default,100,3.0,8,1,1,0,0,,
gamma_0.95_456_6463e12b,gamma_0.95,eval,10,456,easy,5,5,0.1,0.95,0.0,default,100,3.0,8,1,1,0,0,,
gamma_0.95_456_6463e12b,gamma_0.95,eval,1,456,easy,5,5,0.1,0.95,0.0,default,100,3.0,8,1,1,0,0,,
gamma_0.95_456_6463e12b,gamma_0.95,eval,2,456,easy,5,5,0.1,0.95,0.0,default,100,3.0,8,1,1,0,0,,
gamma_0.95_456_6463e12b,gamma_0.95,eval,3,456,easy,5,5,0.1,0.95,0.0,default,100,3.0,8,1,1,0,0,,
gamma_0.95_456_6463e12b,gamma_0.95,eval,4,456,easy,5,5,0.1,0.95,0.0,default,100,3.0,8,1,1,0,0,,
gamma_0.95_456_6463e12b,gamma_0.95,eval,5,456,easy,5,5,0.1,0.95,0.0,default,100,3.0,8,1,1,0,0,,
gamma_0.95_456_6463e12b,gamma_0.95,eval,6,456,easy,5,5,0.1,0.95,0.0,default,100,3.0,8,1,1,0,0,,
gamma_0.95_456_6463e12b,gamma_0.95,eval,7,456,easy,5,5,0.1,0.95,0.0,default,100,3.0,8,1,1,0,0,,
gamma_0.95_456_6463e12b,gamma_0.95,eval,8,456,easy,5,5,0.1,0.95,0.0,default,100,3.0,8,1,1,0,0,,
gamma_0.95_456_6463e12b,gamma_0.95,eval,9,456,easy,5,5,0.1,0.95,0.0,default,100,3.0,8,1,1,0,0,,
gamma_0.95_456_6463e12b,gamma_0.95,eval,10,456,easy,5,5,0.1,0.95,0.0,default,100,3.0,8,1,1,0,0,,
gamma_0.95_456_6463e12b,gamma_0.95,eval,1,456,easy,5,5,0.1,0.95,0.0,default,100,3.0,8,1,1,0,0,,
gamma_0.95_456_6463e12b,gamma_0.95,eval,2,456,easy,5,5,0.1,0.95,0.0,default,100,3.0,8,1,1,0,0,,
gamma_0.95_456_6463e12b,gamma_0.95,eval,3,456,easy,5,5,0.1,0.95,0.0,default,100,3.0,8,1,1,0,0,,
gamma_0.95_456_6463e12b,gamma_0.95,eval,4,456,easy,5,5,0.1,0.95,0.0,default,100,3.0,8,1,1,0,0,,
gamma_0.95_456_6463e12b,gamma_0.95,eval,5,456,easy,5,5,0.1,0.95,0.0,default,100,3.0,8,1,1,0,0,,
gamma_0.95_456_6463e12b,gamma_0.95,eval,6,456,easy,5,5,0.1,0.95,0.0,default,100,3.0,8,1,1,0,0,,
gamma_0.95_456_6463e12b,gamma_0.95,eval,7,456,easy,5,5,0.1,0.95,0.0,default,100,3.0,8,1,1,0,0,,
gamma_0.95_456_6463e12b,gamma_0.95,eval,8,456,easy,5,5,0.1,0.95,0.0,default,100,3.0,8,1,1,0,0,,
gamma_0.95_456_6463e12b,gamma_0.95,eval,9,456,easy,5,5,0.1,0.95,0.0,default,100,3.0,8,1,1,0,0,,
gamma_0.95_456_6463e12b,gamma_0.95,eval,10,456,easy,5,5,0.1,0.95,0.0,default,100,3.0,8,1,1,0,0,,
gamma_0.95_456_6463e12b,gamma_0.95,eval,1,456,easy,5,5,0.1,0.95,0.0,default,100,3.0,8,1,1,0,0,,
gamma_0.95_456_6463e12b,gamma_0.95,eval,2,456,easy,5,5,0.1,0.95,0.0,default,100,3.0,8,1,1,0,0,,
gamma_0.95_456_6463e12b,gamma_0.95,eval,3,456,easy,5,5,0.1,0.95,0.0,default,100,3.0,8,1,1,0,0,,
gamma_0.95_456_6463e12b,gamma_0.95,eval,4,456,easy,5,5,0.1,0.95,0.0,default,100,3.0,8,1,1,0,0,,
gamma_0.95_456_6463e12b,gamma_0.95,eval,5,456,easy,5,5,0.1,0.95,0.0,default,100,3.0,8,1,1,0,0,,
gamma_0.95_456_6463e12b,gamma_0.95,eval,6,456,easy,5,5,0.1,0.95,0.0,default,100,3.0,8,1,1,0,0,,
gamma_0.95_456_6463e12b,gamma_0.95,eval,7,456,easy,5,5,0.1,0.95,0.0,default,100,3.0,8,1,1,0,0,,
gamma_0.95_456_6463e12b,gamma_0.95,eval,8,456,easy,5,5,0.1,0.95,0.0,default,100,3.0,8,1,1,0,0,,
gamma_0.95_456_6463e12b,gamma_0.95,eval,9,456,easy,5,5,0.1,0.95,0.0,default,100,3.0,8,1,1,0,0,,
gamma_0.95_456_6463e12b,gamma_0.95,eval,10,456,easy,5,5,0.1,0.95,0.0,default,100,3.0,8,1,1,0,0,,
gamma_0.95_456_6463e12b,gamma_0.95,eval,1,456,easy,5,5,0.1,0.95,0.0,default,100,3.0,8,1,1,0,0,,
gamma_0.95_456_6463e12b,gamma_0.95,eval,2,456,easy,5,5,0.1,0.95,0.0,default,100,3.0,8,1,1,0,0,,
gamma_0.95_456_6463e12b,gamma_0.95,eval,3,456,easy,5,5,0.1,0.95,0.0,default,100,3.0,8,1,1,0,0,,
gamma_0.95_456_6463e12b,gamma_0.95,eval,4,456,easy,5,5,0.1,0.95,0.0,default,100,3.0,8,1,1,0,0,,
gamma_0.95_456_6463e12b,gamma_0.95,eval,5,456,easy,5,5,0.1,0.95,0.0,default,100,3.0,8,1,1,0,0,,
gamma_0.95_456_6463e12b,gamma_0.95,eval,6,456,easy,5,5,0.1,0.95,0.0,default,100,3.0,8,1,1,0,0,,
gamma_0.95_456_6463e12b,gamma_0.95,eval,7,456,easy,5,5,0.1,0.95,0.0,default,100,3.0,8,1,1,0,0,,
gamma_0.95_456_6463e12b,gamma_0.95,eval,8,456,easy,5,5,0.1,0.95,0.0,default,100,3.0,8,1,1,0,0,,
gamma_0.95_456_6463e12b,gamma_0.95,eval,9,456,easy,5,5,0.1,0.95,0.0,default,100,3.0,8,1,1,0,0,,
gamma_0.95_456_6463e12b,gamma_0.95,eval,10,456,easy,5,5,0.1,0.95,0.0,default,100,3.0,8,1,1,0,0,,
gamma_0.95_456_6463e12b,gamma_0.95,eval,1,456,easy,5,5,0.1,0.95,0.0,default,100,3.0,8,1,1,0,0,,
gamma_0.95_456_6463e12b,gamma_0.95,eval,2,456,easy,5,5,0.1,0.95,0.0,default,100,3.0,8,1,1,0,0,,
gamma_0.95_456_6463e12b,gamma_0.95,eval,3,456,easy,5,5,0.1,0.95,0.0,default,100,3.0,8,1,1,0,0,,
gamma_0.95_456_6463e12b,gamma_0.95,eval,4,456,easy,5,5,0.1,0.95,0.0,default,100,3.0,8,1,1,0,0,,
gamma_0.95_456_6463e12b,gamma_0.95,eval,5,456,easy,5,5,0.1,0.95,0.0,default,100,3.0,8,1,1,0,0,,
gamma_0.95_456_6463e12b,gamma_0.95,eval,6,456,easy,5,5,0.1,0.95,0.0,default,100,3.0,8,1,1,0,0,,
gamma_0.95_456_6463e12b,gamma_0.95,eval,7,456,easy,5,5,0.1,0.95,0.0,default,100,3.0,8,1,1,0,0,,
gamma_0.95_456_6463e12b,gamma_0.95,eval,8,456,easy,5,5,0.1,0.95,0.0,default,100,3.0,8,1,1,0,0,,
gamma_0.95_456_6463e12b,gamma_0.95,eval,9,456,easy,5,5,0.1,0.95,0.0,default,100,3.0,8,1,1,0,0,,
gamma_0.95_456_6463e12b,gamma_0.95,eval,10,456,easy,5,5,0.1,0.95,0.0,default,100,3.0,8,1,1,0,0,,
gamma_0.95_456_6463e12b,gamma_0.95,eval,1,456,easy,5,5,0.1,0.95,0.0,default,100,3.0,8,1,1,0,0,,
gamma_0.95_456_6463e12b,gamma_0.95,eval,2,456,easy,5,5,0.1,0.95,0.0,default,100,3.0,8,1,1,0,0,,
gamma_0.95_456_6463e12b,gamma_0.95,eval,3,456,easy,5,5,0.1,0.95,0.0,default,100,3.0,8,1,1,0,0,,
gamma_0.95_456_6463e12b,gamma_0.95,eval,4,456,easy,5,5,0.1,0.95,0.0,default,100,3.0,8,1,1,0,0,,
gamma_0.95_456_6463e12b,gamma_0.95,eval,5,456,easy,5,5,0.1,0.95,0.0,default,100,3.0,8,1,1,0,0,,
gamma_0.95_456_6463e12b,gamma_0.95,eval,6,456,easy,5,5,0.1,0.95,0.0,default,100,3.0,8,1,1,0,0,,
gamma_0.95_456_6463e12b,gamma_0.95,eval,7,456,easy,5,5,0.1,0.95,0.0,default,100,3.0,8,1,1,0,0,,
gamma_0.95_456_6463e12b,gamma_0.95,eval,8,456,easy,5,5,0.1,0.95,0.0,default,100,3.0,8,1,1,0,0,,
gamma_0.95_456_6463e12b,gamma_0.95,eval,9,456,easy,5,5,0.1,0.95,0.0,default,100,3.0,8,1,1,0,0,,
gamma_0.95_456_6463e12b,gamma_0.95,eval,10,456,easy,5,5,0.1,0.95,0.0,default,100,3.0,8,1,1,0,0,,
gamma_0.95_456_6463e12b,gamma_0.95,eval,1,456,easy,5,5,0.1,0.95,0.0,default,100,3.0,8,1,1,0,0,,
gamma_0.95_456_6463e12b,gamma_0.95,eval,2,456,easy,5,5,0.1,0.95,0.0,default,100,3.0,8,1,1,0,0,,
gamma_0.95_456_6463e12b,gamma_0.95,eval,3,456,easy,5,5,0.1,0.95,0.0,default,100,3.0,8,1,1,0,0,,
gamma_0.95_456_6463e12b,gamma_0.95,eval,4,456,easy,5,5,0.1,0.95,0.0,default,100,3.0,8,1,1,0,0,,
gamma_0.95_456_6463e12b,gamma_0.95,eval,5,456,easy,5,5,0.1,0.95,0.0,default,100,3.0,8,1,1,0,0,,
gamma_0.95_456_6463e12b,gamma_0.95,eval,6,456,easy,5,5,0.1,0.95,0.0,default,100,3.0,8,1,1,0,0,,
gamma_0.95_456_6463e12b,gamma_0.95,eval,7,456,easy,5,5,0.1,0.95,0.0,default,100,3.0,8,1,1,0,0,,
gamma_0.95_456_6463e12b,gamma_0.95,eval,8,456,easy,5,5,0.1,0.95,0.0,default,100,3.0,8,1,1,0,0,,
gamma_0.95_456_6463e12b,gamma_0.95,eval,9,456,easy,5,5,0.1,0.95,0.0,default,100,3.0,8,1,1,0,0,,
gamma_0.95_456_6463e12b,gamma_0.95,eval,10,456,easy,5,5,0.1,0.95,0.0,default,100,3.0,8,1,1,0,0,,
gamma_0.95_456_6463e12b,gamma_0.95,eval,1,456,easy,5,5,0.1,0.95,0.0,default,100,3.0,8,1,1,0,0,,
gamma_0.95_456_6463e12b,gamma_0.95,eval,2,456,easy,5,5,0.1,0.95,0.0,default,100,3.0,8,1,1,0,0,,
gamma_0.95_456_6463e12b,gamma_0.95,eval,3,456,easy,5,5,0.1,0.95,0.0,default,100,3.0,8,1,1,0,0,,
gamma_0.95_456_6463e12b,gamma_0.95,eval,4,456,easy,5,5,0.1,0.95,0.0,default,100,3.0,8,1,1,0,0,,
gamma_0.95_456_6463e12b,gamma_0.95,eval,5,456,easy,5,5,0.1,0.95,0.0,default,100,3.0,8,1,1,0,0,,
gamma_0.95_456_6463e12b,gamma_0.95,eval,6,456,easy,5,5,0.1,0.95,0.0,default,100,3.0,8,1,1,0,0,,
gamma_0.95_456_6463e12b,gamma_0.95,eval,7,456,easy,5,5,0.1,0.95,0.0,default,100,3.0,8,1,1,0,0,,
gamma_0.95_456_6463e12b,gamma_0.95,eval,8,456,easy,5,5,0.1,0.95,0.0,default,100,3.0,8,1,1,0,0,,
gamma_0.95_456_6463e12b,gamma_0.95,eval,9,456,easy,5,5,0.1,0.95,0.0,default,100,3.0,8,1,1,0,0,,
gamma_0.95_456_6463e12b,gamma_0.95,eval,10,456,easy,5,5,0.1,0.95,0.0,default,100,3.0,8,1,1,0,0,,
gamma_0.95_456_6463e12b,gamma_0.95,eval,1,456,easy,5,5,0.1,0.95,0.0,default,100,3.0,8,1,1,0,0,,
gamma_0.95_456_6463e12b,gamma_0.95,eval,2,456,easy,5,5,0.1,0.95,0.0,default,100,3.0,8,1,1,0,0,,
gamma_0.95_456_6463e12b,gamma_0.95,eval,3,456,easy,5,5,0.1,0.95,0.0,default,100,3.0,8,1,1,0,0,,
gamma_0.95_456_6463e12b,gamma_0.95,eval,4,456,easy,5,5,0.1,0.95,0.0,default,100,3.0,8,1,1,0,0,,
gamma_0.95_456_6463e12b,gamma_0.95,eval,5,456,easy,5,5,0.1,0.95,0.0,default,100,3.0,8,1,1,0,0,,
gamma_0.95_456_6463e12b,gamma_0.95,eval,6,456,easy,5,5,0.1,0.95,0.0,default,100,3.0,8,1,1,0,0,,
gamma_0.95_456_6463e12b,gamma_0.95,eval,7,456,easy,5,5,0.1,0.95,0.0,default,100,3.0,8,1,1,0,0,,
gamma_0.95_456_6463e12b,gamma_0.95,eval,8,456,easy,5,5,0.1,0.95,0.0,default,100,3.0,8,1,1,0,0,,
gamma_0.95_456_6463e12b,gamma_0.95,eval,9,456,easy,5,5,0.1,0.95,0.0,default,100,3.0,8,1,1,0,0,,
gamma_0.95_456_6463e12b,gamma_0.95,eval,10,456,easy,5,5,0.1,0.95,0.0,default,100,3.0,8,1,1,0,0,,
gamma_0.95_456_6463e12b,gamma_0.95,eval,1,456,easy,5,5,0.1,0.95,0.0,default,100,3.0,8,1,1,0,0,,
gamma_0.95_456_6463e12b,gamma_0.95,eval,2,456,easy,5,5,0.1,0.95,0.0,default,100,3.0,8,1,1,0,0,,
gamma_0.95_456_6463e12b,gamma_0.95,eval,3,456,easy,5,5,0.1,0.95,0.0,default,100,3.0,8,1,1,0,0,,
gamma_0.95_456_6463e12b,gamma_0.95,eval,4,456,easy,5,5,0.1,0.95,0.0,default,100,3.0,8,1,1,0,0,,
gamma_0.95_456_6463e12b,gamma_0.95,eval,5,456,easy,5,5,0.1,0.95,0.0,default,100,3.0,8,1,1,0,0,,
gamma_0.95_456_6463e12b,gamma_0.95,eval,6,456,easy,5,5,0.1,0.95,0.0,default,100,3.0,8,1,1,0,0,,
gamma_0.95_456_6463e12b,gamma_0.95,eval,7,456,easy,5,5,0.1,0.95,0.0,default,100,3.0,8,1,1,0,0,,
gamma_0.95_456_6463e12b,gamma_0.95,eval,8,456,easy,5,5,0.1,0.95,0.0,default,100,3.0,8,1,1,0,0,,
gamma_0.95_456_6463e12b,gamma_0.95,eval,9,456,easy,5,5,0.1,0.95,0.0,default,100,3.0,8,1,1,0,0,,
gamma_0.95_456_6463e12b,gamma_0.95,eval,10,456,easy,5,5,0.1,0.95,0.0,default,100,3.0,8,1,1,0,0,,
gamma_0.95_456_6463e12b,gamma_0.95,eval,1,456,easy,5,5,0.1,0.95,0.0,default,100,3.0,8,1,1,0,0,,
gamma_0.95_456_6463e12b,gamma_0.95,eval,2,456,easy,5,5,0.1,0.95,0.0,default,100,3.0,8,1,1,0,0,,
gamma_0.95_456_6463e12b,gamma_0.95,eval,3,456,easy,5,5,0.1,0.95,0.0,default,100,3.0,8,1,1,0,0,,
gamma_0.95_456_6463e12b,gamma_0.95,eval,4,456,easy,5,5,0.1,0.95,0.0,default,100,3.0,8,1,1,0,0,,
gamma_0.95_456_6463e12b,gamma_0.95,eval,5,456,easy,5,5,0.1,0.95,0.0,default,100,3.0,8,1,1,0,0,,
gamma_0.95_456_6463e12b,gamma_0.95,eval,6,456,easy,5,5,0.1,0.95,0.0,default,100,3.0,8,1,1,0,0,,
gamma_0.95_456_6463e12b,gamma_0.95,eval,7,456,easy,5,5,0.1,0.95,0.0,default,100,3.0,8,1,1,0,0,,
gamma_0.95_456_6463e12b,gamma_0.95,eval,8,456,easy,5,5,0.1,0.95,0.0,default,100,3.0,8,1,1,0,0,,
gamma_0.95_456_6463e12b,gamma_0.95,eval,9,456,easy,5,5,0.1,0.95,0.0,default,100,3.0,8,1,1,0,0,,
gamma_0.95_456_6463e12b,gamma_0.95,eval,10,456,easy,5,5,0.1,0.95,0.0,default,100,3.0,8,1,1,0,0,,
gamma_0.95_456_6463e12b,gamma_0.95,eval,1,456,easy,5,5,0.1,0.95,0.0,default,100,3.0,8,1,1,0,0,,
gamma_0.95_456_6463e12b,gamma_0.95,eval,2,456,easy,5,5,0.1,0.95,0.0,default,100,3.0,8,1,1,0,0,,
gamma_0.95_456_6463e12b,gamma_0.95,eval,3,456,easy,5,5,0.1,0.95,0.0,default,100,3.0,8,1,1,0,0,,
gamma_0.95_456_6463e12b,gamma_0.95,eval,4,456,easy,5,5,0.1,0.95,0.0,default,100,3.0,8,1,1,0,0,,
gamma_0.95_456_6463e12b,gamma_0.95,eval,5,456,easy,5,5,0.1,0.95,0.0,default,100,3.0,8,1,1,0,0,,
gamma_0.95_456_6463e12b,gamma_0.95,eval,6,456,easy,5,5,0.1,0.95,0.0,default,100,3.0,8,1,1,0,0,,
gamma_0.95_456_6463e12b,gamma_0.95,eval,7,456,easy,5,5,0.1,0.95,0.0,default,100,3.0,8,1,1,0,0,,
gamma_0.95_456_6463e12b,gamma_0.95,eval,8,456,easy,5,5,0.1,0.95,0.0,default,100,3.0,8,1,1,0,0,,
gamma_0.95_456_6463e12b,gamma_0.95,eval,9,456,easy,5,5,0.1,0.95,0.0,default,100,3.0,8,1,1,0,0,,
gamma_0.95_456_6463e12b,gamma_0.95,eval,10,456,easy,5,5,0.1,0.95,0.0,default,100,3.0,8,1,1,0,0,,
gamma_0.95_456_6463e12b,gamma_0.95,eval,1,456,easy,5,5,0.1,0.95,0.0,default,100,3.0,8,1,1,0,0,,
gamma_0.95_456_6463e12b,gamma_0.95,eval,2,456,easy,5,5,0.1,0.95,0.0,default,100,3.0,8,1,1,0,0,,
gamma_0.95_456_6463e12b,gamma_0.95,eval,3,456,easy,5,5,0.1,0.95,0.0,default,100,3.0,8,1,1,0,0,,
gamma_0.95_456_6463e12b,gamma_0.95,eval,4,456,easy,5,5,0.1,0.95,0.0,default,100,3.0,8,1,1,0,0,,
gamma_0.95_456_6463e12b,gamma_0.95,eval,5,456,easy,5,5,0.1,0.95,0.0,default,100,3.0,8,1,1,0,0,,
gamma_0.95_456_6463e12b,gamma_0.95,eval,6,456,easy,5,5,0.1,0.95,0.0,default,100,3.0,8,1,1,0,0,,
gamma_0.95_456_6463e12b,gamma_0.95,eval,7,456,easy,5,5,0.1,0.95,0.0,default,100,3.0,8,1,1,0,0,,
gamma_0.95_456_6463e12b,gamma_0.95,eval,8,456,easy,5,5,0.1,0.95,0.0,default,100,3.0,8,1,1,0,0,,
gamma_0.95_456_6463e12b,gamma_0.95,eval,9,456,easy,5,5,0.1,0.95,0.0,default,100,3.0,8,1,1,0,0,,
gamma_0.95_456_6463e12b,gamma_0.95,eval,10,456,easy,5,5,0.1,0.95,0.0,default,100,3.0,8,1,1,0,0,,
gamma_0.95_456_6463e12b,gamma_0.95,eval,1,456,easy,5,5,0.1,0.95,0.0,default,100,3.0,8,1,1,0,0,,
gamma_0.95_456_6463e12b,gamma_0.95,eval,2,456,easy,5,5,0.1,0.95,0.0,default,100,3.0,8,1,1,0,0,,
gamma_0.95_456_6463e12b,gamma_0.95,eval,3,456,easy,5,5,0.1,0.95,0.0,default,100,3.0,8,1,1,0,0,,
gamma_0.95_456_6463e12b,gamma_0.95,eval,4,456,easy,5,5,0.1,0.95,0.0,default,100,3.0,8,1,1,0,0,,
gamma_0.95_456_6463e12b,gamma_0.95,eval,5,456,easy,5,5,0.1,0.95,0.0,default,100,3.0,8,1,1,0,0,,
gamma_0.95_456_6463e12b,gamma_0.95,eval,6,456,easy,5,5,0.1,0.95,0.0,default,100,3.0,8,1,1,0,0,,
gamma_0.95_456_6463e12b,gamma_0.95,eval,7,456,easy,5,5,0.1,0.95,0.0,default,100,3.0,8,1,1,0,0,,
gamma_0.95_456_6463e12b,gamma_0.95,eval,8,456,easy,5,5,0.1,0.95,0.0,default,100,3.0,8,1,1,0,0,,
gamma_0.95_456_6463e12b,gamma_0.95,eval,9,456,easy,5,5,0.1,0.95,0.0,default,100,3.0,8,1,1,0,0,,
gamma_0.95_456_6463e12b,gamma_0.95,eval,10,456,easy,5,5,0.1,0.95,0.0,default,100,3.0,8,1,1,0,0,,
gamma_0.95_456_6463e12b,gamma_0.95,eval,1,456,easy,5,5,0.1,0.95,0.0,default,100,3.0,8,1,1,0,0,,
gamma_0.95_456_6463e12b,gamma_0.95,eval,2,456,easy,5,5,0.1,0.95,0.0,default,100,3.0,8,1,1,0,0,,
gamma_0.95_456_6463e12b,gamma_0.95,eval,3,456,easy,5,5,0.1,0.95,0.0,default,100,3.0,8,1,1,0,0,,
gamma_0.95_456_6463e12b,gamma_0.95,eval,4,456,easy,5,5,0.1,0.95,0.0,default,100,3.0,8,1,1,0,0,,
gamma_0.95_456_6463e12b,gamma_0.95,eval,5,456,easy,5,5,0.1,0.95,0.0,default,100,3.0,8,1,1,0,0,,
gamma_0.95_456_6463e12b,gamma_0.95,eval,6,456,easy,5,5,0.1,0.95,0.0,default,100,3.0,8,1,1,0,0,,
gamma_0.95_456_6463e12b,gamma_0.95,eval,7,456,easy,5,5,0.1,0.95,0.0,default,100,3.0,8,1,1,0,0,,
gamma_0.95_456_6463e12b,gamma_0.95,eval,8,456,easy,5,5,0.1,0.95,0.0,default,100,3.0,8,1,1,0,0,,
gamma_0.95_456_6463e12b,gamma_0.95,eval,9,456,easy,5,5,0.1,0.95,0.0,default,100,3.0,8,1,1,0,0,,
gamma_0.95_456_6463e12b,gamma_0.95,eval,10,456,easy,5,5,0.1,0.95,0.0,default,100,3.0,8,1,1,0,0,,
gamma_0.95_456_6463e12b,gamma_0.95,eval,1,456,easy,5,5,0.1,0.95,0.0,default,100,3.0,8,1,1,0,0,,
gamma_0.95_456_6463e12b,gamma_0.95,eval,2,456,easy,5,5,0.1,0.95,0.0,default,100,3.0,8,1,1,0,0,,
gamma_0.95_456_6463e12b,gamma_0.95,eval,3,456,easy,5,5,0.1,0.95,0.0,default,100,3.0,8,1,1,0,0,,
gamma_0.95_456_6463e12b,gamma_0.95,eval,4,456,easy,5,5,0.1,0.95,0.0,default,100,3.0,8,1,1,0,0,,
gamma_0.95_456_6463e12b,gamma_0.95,eval,5,456,easy,5,5,0.1,0.95,0.0,default,100,3.0,8,1,1,0,0,,
gamma_0.95_456_6463e12b,gamma_0.95,eval,6,456,easy,5,5,0.1,0.95,0.0,default,100,3.0,8,1,1,0,0,,
gamma_0.95_456_6463e12b,gamma_0.95,eval,7,456,easy,5,5,0.1,0.95,0.0,default,100,3.0,8,1,1,0,0,,
gamma_0.95_456_6463e12b,gamma_0.95,eval,8,456,easy,5,5,0.1,0.95,0.0,default,100,3.0,8,1,1,0,0,,
gamma_0.95_456_6463e12b,gamma_0.95,eval,9,456,easy,5,5,0.1,0.95,0.0,default,100,3.0,8,1,1,0,0,,
gamma_0.95_456_6463e12b,gamma_0.95,eval,10,456,easy,5,5,0.1,0.95,0.0,default,100,3.0,8,1,1,0,0,,
gamma_0.95_456_6463e12b,gamma_0.95,eval,1,456,easy,5,5,0.1,0.95,0.0,default,100,3.0,8,1,1,0,0,,
gamma_0.95_456_6463e12b,gamma_0.95,eval,2,456,easy,5,5,0.1,0.95,0.0,default,100,3.0,8,1,1,0,0,,
gamma_0.95_456_6463e12b,gamma_0.95,eval,3,456,easy,5,5,0.1,0.95,0.0,default,100,3.0,8,1,1,0,0,,
gamma_0.95_456_6463e12b,gamma_0.95,eval,4,456,easy,5,5,0.1,0.95,0.0,default,100,3.0,8,1,1,0,0,,
gamma_0.95_456_6463e12b,gamma_0.95,eval,5,456,easy,5,5,0.1,0.95,0.0,default,100,3.0,8,1,1,0,0,,
gamma_0.95_456_6463e12b,gamma_0.95,eval,6,456,easy,5,5,0.1,0.95,0.0,default,100,3.0,8,1,1,0,0,,
gamma_0.95_456_6463e12b,gamma_0.95,eval,7,456,easy,5,5,0.1,0.95,0.0,default,100,3.0,8,1,1,0,0,,
gamma_0.95_456_6463e12b,gamma_0.95,eval,8,456,easy,5,5,0.1,0.95,0.0,default,100,3.0,8,1,1,0,0,,
gamma_0.95_456_6463e12b,gamma_0.95,eval,9,456,easy,5,5,0.1,0.95,0.0,default,100,3.0,8,1,1,0,0,,
gamma_0.95_456_6463e12b,gamma_0.95,eval,10,456,easy,5,5,0.1,0.95,0.0,default,100,3.0,8,1,1,0,0,,
gamma_0.95_456_6463e12b,gamma_0.95,eval,1,456,easy,5,5,0.1,0.95,0.0,default,100,3.0,8,1,1,0,0,,
gamma_0.95_456_6463e12b,gamma_0.95,eval,2,456,easy,5,5,0.1,0.95,0.0,default,100,3.0,8,1,1,0,0,,
gamma_0.95_456_6463e12b,gamma_0.95,eval,3,456,easy,5,5,0.1,0.95,0.0,default,100,3.0,8,1,1,0,0,,
gamma_0.95_456_6463e12b,gamma_0.95,eval,4,456,easy,5,5,0.1,0.95,0.0,default,100,3.0,8,1,1,0,0,,
gamma_0.95_456_6463e12b,gamma_0.95,eval,5,456,easy,5,5,0.1,0.95,0.0,default,100,3.0,8,1,1,0,0,,
gamma_0.95_456_6463e12b,gamma_0.95,eval,6,456,easy,5,5,0.1,0.95,0.0,default,100,3.0,8,1,1,0,0,,
gamma_0.95_456_6463e12b,gamma_0.95,eval,7,456,easy,5,5,0.1,0.95,0.0,default,100,3.0,8,1,1,0,0,,
gamma_0.95_456_6463e12b,gamma_0.95,eval,8,456,easy,5,5,0.1,0.95,0.0,default,100,3.0,8,1,1,0,0,,
gamma_0.95_456_6463e12b,gamma_0.95,eval,9,456,easy,5,5,0.1,0.95,0.0,default,100,3.0,8,1,1,0,0,,
gamma_0.95_456_6463e12b,gamma_0.95,eval,10,456,easy,5,5,0.1,0.95,0.0,default,100,3.0,8,1,1,0,0,,
gamma_0.95_456_6463e12b,gamma_0.95,eval,1,456,easy,5,5,0.1,0.95,0.0,default,100,3.0,8,1,1,0,0,,
gamma_0.95_456_6463e12b,gamma_0.95,eval,2,456,easy,5,5,0.1,0.95,0.0,default,100,3.0,8,1,1,0,0,,
gamma_0.95_456_6463e12b,gamma_0.95,eval,3,456,easy,5,5,0.1,0.95,0.0,default,100,3.0,8,1,1,0,0,,
gamma_0.95_456_6463e12b,gamma_0.95,eval,4,456,easy,5,5,0.1,0.95,0.0,default,100,3.0,8,1,1,0,0,,
gamma_0.95_456_6463e12b,gamma_0.95,eval,5,456,easy,5,5,0.1,0.95,0.0,default,100,3.0,8,1,1,0,0,,
gamma_0.95_456_6463e12b,gamma_0.95,eval,6,456,easy,5,5,0.1,0.95,0.0,default,100,3.0,8,1,1,0,0,,
gamma_0.95_456_6463e12b,gamma_0.95,eval,7,456,easy,5,5,0.1,0.95,0.0,default,100,3.0,8,1,1,0,0,,
gamma_0.95_456_6463e12b,gamma_0.95,eval,8,456,easy,5,5,0.1,0.95,0.0,default,100,3.0,8,1,1,0,0,,
gamma_0.95_456_6463e12b,gamma_0.95,eval,9,456,easy,5,5,0.1,0.95,0.0,default,100,3.0,8,1,1,0,0,,
gamma_0.95_456_6463e12b,gamma_0.95,eval,10,456,easy,5,5,0.1,0.95,0.0,default,100,3.0,8,1,1,0,0,,
gamma_0.95_456_6463e12b,gamma_0.95,eval,1,456,easy,5,5,0.1,0.95,0.0,default,100,3.0,8,1,1,0,0,,
gamma_0.95_456_6463e12b,gamma_0.95,eval,2,456,easy,5,5,0.1,0.95,0.0,default,100,3.0,8,1,1,0,0,,
gamma_0.95_456_6463e12b,gamma_0.95,eval,3,456,easy,5,5,0.1,0.95,0.0,default,100,3.0,8,1,1,0,0,,
gamma_0.95_456_6463e12b,gamma_0.95,eval,4,456,easy,5,5,0.1,0.95,0.0,default,100,3.0,8,1,1,0,0,,
gamma_0.95_456_6463e12b,gamma_0.95,eval,5,456,easy,5,5,0.1,0.95,0.0,default,100,3.0,8,1,1,0,0,,
gamma_0.95_456_6463e12b,gamma_0.95,eval,6,456,easy,5,5,0.1,0.95,0.0,default,100,3.0,8,1,1,0,0,,
gamma_0.95_456_6463e12b,gamma_0.95,eval,7,456,easy,5,5,0.1,0.95,0.0,default,100,3.0,8,1,1,0,0,,
gamma_0.95_456_6463e12b,gamma_0.95,eval,8,456,easy,5,5,0.1,0.95,0.0,default,100,3.0,8,1,1,0,0,,
gamma_0.95_456_6463e12b,gamma_0.95,eval,9,456,easy,5,5,0.1,0.95,0.0,default,100,3.0,8,1,1,0,0,,
gamma_0.95_456_6463e12b,gamma_0.95,eval,10,456,easy,5,5,0.1,0.95,0.0,default,100,3.0,8,1,1,0,0,,
gamma_0.95_456_6463e12b,gamma_0.95,eval,1,456,easy,5,5,0.1,0.95,0.0,default,100,3.0,8,1,1,0,0,,
gamma_0.95_456_6463e12b,gamma_0.95,eval,2,456,easy,5,5,0.1,0.95,0.0,default,100,3.0,8,1,1,0,0,,
gamma_0.95_456_6463e12b,gamma_0.95,eval,3,456,easy,5,5,0.1,0.95,0.0,default,100,3.0,8,1,1,0,0,,
gamma_0.95_456_6463e12b,gamma_0.95,eval,4,456,easy,5,5,0.1,0.95,0.0,default,100,3.0,8,1,1,0,0,,
gamma_0.95_456_6463e12b,gamma_0.95,eval,5,456,easy,5,5,0.1,0.95,0.0,default,100,3.0,8,1,1,0,0,,
gamma_0.95_456_6463e12b,gamma_0.95,eval,6,456,easy,5,5,0.1,0.95,0.0,default,100,3.0,8,1,1,0,0,,
gamma_0.95_456_6463e12b,gamma_0.95,eval,7,456,easy,5,5,0.1,0.95,0.0,default,100,3.0,8,1,1,0,0,,
gamma_0.95_456_6463e12b,gamma_0.95,eval,8,456,easy,5,5,0.1,0.95,0.0,default,100,3.0,8,1,1,0,0,,
gamma_0.95_456_6463e12b,gamma_0.95,eval,9,456,easy,5,5,0.1,0.95,0.0,default,100,3.0,8,1,1,0,0,,
gamma_0.95_456_6463e12b,gamma_0.95,eval,10,456,easy,5,5,0.1,0.95,0.0,default,100,3.0,8,1,1,0,0,,
gamma_0.95_456_6463e12b,gamma_0.95,eval,1,456,easy,5,5,0.1,0.95,0.0,default,100,3.0,8,1,1,0,0,,
gamma_0.95_456_6463e12b,gamma_0.95,eval,2,456,easy,5,5,0.1,0.95,0.0,default,100,3.0,8,1,1,0,0,,
gamma_0.95_456_6463e12b,gamma_0.95,eval,3,456,easy,5,5,0.1,0.95,0.0,default,100,3.0,8,1,1,0,0,,
gamma_0.95_456_6463e12b,gamma_0.95,eval,4,456,easy,5,5,0.1,0.95,0.0,default,100,3.0,8,1,1,0,0,,
gamma_0.95_456_6463e12b,gamma_0.95,eval,5,456,easy,5,5,0.1,0.95,0.0,default,100,3.0,8,1,1,0,0,,
gamma_0.95_456_6463e12b,gamma_0.95,eval,6,456,easy,5,5,0.1,0.95,0.0,default,100,3.0,8,1,1,0,0,,
gamma_0.95_456_6463e12b,gamma_0.95,eval,7,456,easy,5,5,0.1,0.95,0.0,default,100,3.0,8,1,1,0,0,,
gamma_0.95_456_6463e12b,gamma_0.95,eval,8,456,easy,5,5,0.1,0.95,0.0,default,100,3.0,8,1,1,0,0,,
gamma_0.95_456_6463e12b,gamma_0.95,eval,9,456,easy,5,5,0.1,0.95,0.0,default,100,3.0,8,1,1,0,0,,
gamma_0.95_456_6463e12b,gamma_0.95,eval,10,456,easy,5,5,0.1,0.95,0.0,default,100,3.0,8,1,1,0,0,,
gamma_0.95_456_6463e12b,gamma_0.95,eval,1,456,easy,5,5,0.1,0.95,0.0,default,100,3.0,8,1,1,0,0,,
gamma_0.95_456_6463e12b,gamma_0.95,eval,2,456,easy,5,5,0.1,0.95,0.0,default,100,3.0,8,1,1,0,0,,
gamma_0.95_456_6463e12b,gamma_0.95,eval,3,456,easy,5,5,0.1,0.95,0.0,default,100,3.0,8,1,1,0,0,,
gamma_0.95_456_6463e12b,gamma_0.95,eval,4,456,easy,5,5,0.1,0.95,0.0,default,100,3.0,8,1,1,0,0,,
gamma_0.95_456_6463e12b,gamma_0.95,eval,5,456,easy,5,5,0.1,0.95,0.0,default,100,3.0,8,1,1,0,0,,
gamma_0.95_456_6463e12b,gamma_0.95,eval,6,456,easy,5,5,0.1,0.95,0.0,default,100,3.0,8,1,1,0,0,,
gamma_0.95_456_6463e12b,gamma_0.95,eval,7,456,easy,5,5,0.1,0.95,0.0,default,100,3.0,8,1,1,0,0,,
gamma_0.95_456_6463e12b,gamma_0.95,eval,8,456,easy,5,5,0.1,0.95,0.0,default,100,3.0,8,1,1,0,0,,
gamma_0.95_456_6463e12b,gamma_0.95,eval,9,456,easy,5,5,0.1,0.95,0.0,default,100,3.0,8,1,1,0,0,,
gamma_0.95_456_6463e12b,gamma_0.95,eval,10,456,easy,5,5,0.1,0.95,0.0,default,100,3.0,8,1,1,0,0,,
gamma_0.95_456_6463e12b,gamma_0.95,eval,1,456,easy,5,5,0.1,0.95,0.0,default,100,3.0,8,1,1,0,0,,
gamma_0.95_456_6463e12b,gamma_0.95,eval,2,456,easy,5,5,0.1,0.95,0.0,default,100,3.0,8,1,1,0,0,,
gamma_0.95_456_6463e12b,gamma_0.95,eval,3,456,easy,5,5,0.1,0.95,0.0,default,100,3.0,8,1,1,0,0,,
gamma_0.95_456_6463e12b,gamma_0.95,eval,4,456,easy,5,5,0.1,0.95,0.0,default,100,3.0,8,1,1,0,0,,
gamma_0.95_456_6463e12b,gamma_0.95,eval,5,456,easy,5,5,0.1,0.95,0.0,default,100,3.0,8,1,1,0,0,,
gamma_0.95_456_6463e12b,gamma_0.95,eval,6,456,easy,5,5,0.1,0.95,0.0,default,100,3.0,8,1,1,0,0,,
gamma_0.95_456_6463e12b,gamma_0.95,eval,7,456,easy,5,5,0.1,0.95,0.0,default,100,3.0,8,1,1,0,0,,
gamma_0.95_456_6463e12b,gamma_0.95,eval,8,456,easy,5,5,0.1,0.95,0.0,default,100,3.0,8,1,1,0,0,,
gamma_0.95_456_6463e12b,gamma_0.95,eval,9,456,easy,5,5,0.1,0.95,0.0,default,100,3.0,8,1,1,0,0,,
gamma_0.95_456_6463e12b,gamma_0.95,eval,10,456,easy,5,5,0.1,0.95,0.0,default,100,3.0,8,1,1,0,0,,
gamma_0.95_456_6463e12b,gamma_0.95,eval,1,456,easy,5,5,0.1,0.95,0.0,default,100,3.0,8,1,1,0,0,,
gamma_0.95_456_6463e12b,gamma_0.95,eval,2,456,easy,5,5,0.1,0.95,0.0,default,100,3.0,8,1,1,0,0,,
gamma_0.95_456_6463e12b,gamma_0.95,eval,3,456,easy,5,5,0.1,0.95,0.0,default,100,3.0,8,1,1,0,0,,
gamma_0.95_456_6463e12b,gamma_0.95,eval,4,456,easy,5,5,0.1,0.95,0.0,default,100,3.0,8,1,1,0,0,,
gamma_0.95_456_6463e12b,gamma_0.95,eval,5,456,easy,5,5,0.1,0.95,0.0,default,100,3.0,8,1,1,0,0,,
gamma_0.95_456_6463e12b,gamma_0.95,eval,6,456,easy,5,5,0.1,0.95,0.0,default,100,3.0,8,1,1,0,0,,
gamma_0.95_456_6463e12b,gamma_0.95,eval,7,456,easy,5,5,0.1,0.95,0.0,default,100,3.0,8,1,1,0,0,,
gamma_0.95_456_6463e12b,gamma_0.95,eval,8,456,easy,5,5,0.1,0.95,0.0,default,100,3.0,8,1,1,0,0,,
gamma_0.95_456_6463e12b,gamma_0.95,eval,9,456,easy,5,5,0.1,0.95,0.0,default,100,3.0,8,1,1,0,0,,
gamma_0.95_456_6463e12b,gamma_0.95,eval,10,456,easy,5,5,0.1,0.95,0.0,default,100,3.0,8,1,1,0,0,,
gamma_0.95_456_6463e12b,gamma_0.95,eval,1,456,easy,5,5,0.1,0.95,0.0,default,100,3.0,8,1,1,0,0,,
gamma_0.95_456_6463e12b,gamma_0.95,eval,2,456,easy,5,5,0.1,0.95,0.0,default,100,3.0,8,1,1,0,0,,
gamma_0.95_456_6463e12b,gamma_0.95,eval,3,456,easy,5,5,0.1,0.95,0.0,default,100,3.0,8,1,1,0,0,,
gamma_0.95_456_6463e12b,gamma_0.95,eval,4,456,easy,5,5,0.1,0.95,0.0,default,100,3.0,8,1,1,0,0,,
gamma_0.95_456_6463e12b,gamma_0.95,eval,5,456,easy,5,5,0.1,0.95,0.0,default,100,3.0,8,1,1,0,0,,
gamma_0.95_456_6463e12b,gamma_0.95,eval,6,456,easy,5,5,0.1,0.95,0.0,default,100,3.0,8,1,1,0,0,,
gamma_0.95_456_6463e12b,gamma_0.95,eval,7,456,easy,5,5,0.1,0.95,0.0,default,100,3.0,8,1,1,0,0,,
gamma_0.95_456_6463e12b,gamma_0.95,eval,8,456,easy,5,5,0.1,0.95,0.0,default,100,3.0,8,1,1,0,0,,
gamma_0.95_456_6463e12b,gamma_0.95,eval,9,456,easy,5,5,0.1,0.95,0.0,default,100,3.0,8,1,1,0,0,,
gamma_0.95_456_6463e12b,gamma_0.95,eval,10,456,easy,5,5,0.1,0.95,0.0,default,100,3.0,8,1,1,0,0,,
