run_id,exp_name,phase,episode,seed,map_name,rows,cols,alpha,gamma,epsilon,reward_setting,max_steps,total_reward,steps,success,terminated,truncated,hit_trap,elapsed_sec,qtable_path
eps_fixed_0.1_456_86722af6,eps_fixed_0.1,train,1,456,easy,5,5,0.1,0.95,0.1,default,100,-78.0,69,0,1,0,1,0.009327799998573028,
eps_fixed_0.1_456_86722af6,eps_fixed_0.1,train,2,456,easy,5,5,0.1,0.95,0.1,default,100,-17.0,28,1,1,0,0,0.003508599998895079,
eps_fixed_0.1_456_86722af6,eps_fixed_0.1,train,3,456,easy,5,5,0.1,0.95,0.1,default,100,-25.0,16,0,1,0,1,0.002229799996712245,
eps_fixed_0.1_456_86722af6,eps_fixed_0.1,train,4,456,easy,5,5,0.1,0.95,0.1,default,100,-37.0,48,1,1,0,0,0.005623000004561618,
eps_fixed_0.1_456_86722af6,eps_fixed_0.1,train,5,456,easy,5,5,0.1,0.95,0.1,default,100,-59.0,70,1,1,0,0,0.008170899993274361,
eps_fixed_0.1_456_86722af6,eps_fixed_0.1,train,6,456,easy,5,5,0.1,0.95,0.1,default,100,-60.0,51,0,1,0,1,0.00599089999741409,
eps_fixed_0.1_456_86722af6,eps_fixed_0.1,train,7,456,easy,5,5,0.1,0.95,0.1,default,100,-100.0,100,0,0,1,0,0.011375299989595078,
eps_fixed_0.1_456_86722af6,eps_fixed_0.1,train,8,456,easy,5,5,0.1,0.95,0.1,default,100,-40.0,51,1,1,0,0,0.00602049998997245,
eps_fixed_0.1_456_86722af6,eps_fixed_0.1,train,9,456,easy,5,5,0.1,0.95,0.1,default,100,-9.0,20,1,1,0,0,0.0024754000041866675,
eps_fixed_0.1_456_86722af6,eps_fixed_0.1,train,10,456,easy,5,5,0.1,0.95,0.1,default,100,-10.0,21,1,1,0,0,0.0026960999966831878,
eps_fixed_0.1_456_86722af6,eps_fixed_0.1,train,11,456,easy,5,5,0.1,0.95,0.1,default,100,-37.0,48,1,1,0,0,0.00586650001059752,
eps_fixed_0.1_456_86722af6,eps_fixed_0.1,train,12,456,easy,5,5,0.1,0.95,0.1,default,100,-16.0,27,1,1,0,0,0.003330499996081926,
eps_fixed_0.1_456_86722af6,eps_fixed_0.1,train,13,456,easy,5,5,0.1,0.95,0.1,default,100,-20.0,31,1,1,0,0,0.003623399999924004,
eps_fixed_0.1_456_86722af6,eps_fixed_0.1,train,14,456,easy,5,5,0.1,0.95,0.1,default,100,-24.0,35,1,1,0,0,0.004012599994894117,
eps_fixed_0.1_456_86722af6,eps_fixed_0.1,train,15,456,easy,5,5,0.1,0.95,0.1,default,100,-42.0,33,0,1,0,1,0.0038952000031713396,
eps_fixed_0.1_456_86722af6,eps_fixed_0.1,train,16,456,easy,5,5,0.1,0.95,0.1,default,100,-12.0,23,1,1,0,0,0.0027185000071767718,
eps_fixed_0.1_456_86722af6,eps_fixed_0.1,train,17,456,easy,5,5,0.1,0.95,0.1,default,100,-26.0,37,1,1,0,0,0.004427499996381812,
eps_fixed_0.1_456_86722af6,eps_fixed_0.1,train,18,456,easy,5,5,0.1,0.95,0.1,default,100,-10.0,21,1,1,0,0,0.002527299991925247,
eps_fixed_0.1_456_86722af6,eps_fixed_0.1,train,19,456,easy,5,5,0.1,0.95,0.1,default,100,-21.0,12,0,1,0,1,0.0016097000043373555,
eps_fixed_0.1_456_86722af6,eps_fixed_0.1,train,20,456,easy,5,5,0.1,0.95,0.1,default,100,-23.0,34,1,1,0,0,0.004074199998285621,
eps_fixed_0.1_456_86722af6,eps_fixed_0.1,train,21,456,easy,5,5,0.1,0.95,0.1,default,100,1.0,10,1,1,0,0,0.0013495000021066517,
eps_fixed_0.1_456_86722af6,eps_fixed_0.1,train,22,456,easy,5,5,0.1,0.95,0.1,default,100,-13.0,24,1,1,0,0,0.0029763000056846067,
eps_fixed_0.1_456_86722af6,eps_fixed_0.1,train,23,456,easy,5,5,0.1,0.95,0.1,default,100,1.0,10,1,1,0,0,0.0013532000011764467,
eps_fixed_0.1_456_86722af6,eps_fixed_0.1,train,24,456,easy,5,5,0.1,0.95,0.1,default,100,-4.0,15,1,1,0,0,0.0019254999933764338,
eps_fixed_0.1_456_86722af6,eps_fixed_0.1,train,25,456,easy,5,5,0.1,0.95,0.1,default,100,-32.0,43,1,1,0,0,0.004990100002032705,
eps_fixed_0.1_456_86722af6,eps_fixed_0.1,train,26,456,easy,5,5,0.1,0.95,0.1,default,100,-9.0,20,1,1,0,0,0.002393199989455752,
eps_fixed_0.1_456_86722af6,eps_fixed_0.1,train,27,456,easy,5,5,0.1,0.95,0.1,default,100,3.0,8,1,1,0,0,0.001285000005736947,
eps_fixed_0.1_456_86722af6,eps_fixed_0.1,train,28,456,easy,5,5,0.1,0.95,0.1,default,100,-23.0,14,0,1,0,1,0.0016774999967310578,
eps_fixed_0.1_456_86722af6,eps_fixed_0.1,train,29,456,easy,5,5,0.1,0.95,0.1,default,100,-15.0,26,1,1,0,0,0.0032387000101152807,
eps_fixed_0.1_456_86722af6,eps_fixed_0.1,train,30,456,easy,5,5,0.1,0.95,0.1,default,100,-27.0,18,0,1,0,1,0.002127300002030097,
eps_fixed_0.1_456_86722af6,eps_fixed_0.1,train,31,456,easy,5,5,0.1,0.95,0.1,default,100,-9.0,20,1,1,0,0,0.0023535000073025003,
eps_fixed_0.1_456_86722af6,eps_fixed_0.1,train,32,456,easy,5,5,0.1,0.95,0.1,default,100,-3.0,14,1,1,0,0,0.001709599993773736,
eps_fixed_0.1_456_86722af6,eps_fixed_0.1,train,33,456,easy,5,5,0.1,0.95,0.1,default,100,-3.0,14,1,1,0,0,0.001586200000019744,
eps_fixed_0.1_456_86722af6,eps_fixed_0.1,train,34,456,easy,5,5,0.1,0.95,0.1,default,100,-7.0,18,1,1,0,0,0.0022018999879946932,
eps_fixed_0.1_456_86722af6,eps_fixed_0.1,train,35,456,easy,5,5,0.1,0.95,0.1,default,100,-15.0,26,1,1,0,0,0.003179400009685196,
eps_fixed_0.1_456_86722af6,eps_fixed_0.1,train,36,456,easy,5,5,0.1,0.95,0.1,default,100,-8.0,19,1,1,0,0,0.0022224999993341044,
eps_fixed_0.1_456_86722af6,eps_fixed_0.1,train,37,456,easy,5,5,0.1,0.95,0.1,default,100,2.0,9,1,1,0,0,0.0012122999905841425,
eps_fixed_0.1_456_86722af6,eps_fixed_0.1,train,38,456,easy,5,5,0.1,0.95,0.1,default,100,0.0,11,1,1,0,0,0.001360000009299256,
eps_fixed_0.1_456_86722af6,eps_fixed_0.1,train,39,456,easy,5,5,0.1,0.95,0.1,default,100,-4.0,15,1,1,0,0,0.0017924999992828816,
eps_fixed_0.1_456_86722af6,eps_fixed_0.1,train,40,456,easy,5,5,0.1,0.95,0.1,default,100,-13.0,24,1,1,0,0,0.0027711000002454966,
eps_fixed_0.1_456_86722af6,eps_fixed_0.1,train,41,456,easy,5,5,0.1,0.95,0.1,default,100,1.0,10,1,1,0,0,0.0013940999924670905,
eps_fixed_0.1_456_86722af6,eps_fixed_0.1,train,42,456,easy,5,5,0.1,0.95,0.1,default,100,-4.0,15,1,1,0,0,0.0019143000099575147,
eps_fixed_0.1_456_86722af6,eps_fixed_0.1,train,43,456,easy,5,5,0.1,0.95,0.1,default,100,-1.0,12,1,1,0,0,0.0014667999930679798,
eps_fixed_0.1_456_86722af6,eps_fixed_0.1,train,44,456,easy,5,5,0.1,0.95,0.1,default,100,0.0,11,1,1,0,0,0.0014102999994065613,
eps_fixed_0.1_456_86722af6,eps_fixed_0.1,train,45,456,easy,5,5,0.1,0.95,0.1,default,100,-6.0,17,1,1,0,0,0.0020850000000791624,
eps_fixed_0.1_456_86722af6,eps_fixed_0.1,train,46,456,easy,5,5,0.1,0.95,0.1,default,100,-3.0,14,1,1,0,0,0.0017953000060515478,
eps_fixed_0.1_456_86722af6,eps_fixed_0.1,train,47,456,easy,5,5,0.1,0.95,0.1,default,100,2.0,9,1,1,0,0,0.0012096999998902902,
eps_fixed_0.1_456_86722af6,eps_fixed_0.1,train,48,456,easy,5,5,0.1,0.95,0.1,default,100,2.0,9,1,1,0,0,0.0011969000042881817,
eps_fixed_0.1_456_86722af6,eps_fixed_0.1,train,49,456,easy,5,5,0.1,0.95,0.1,default,100,-3.0,14,1,1,0,0,0.0016934999875957146,
eps_fixed_0.1_456_86722af6,eps_fixed_0.1,train,50,456,easy,5,5,0.1,0.95,0.1,default,100,1.0,10,1,1,0,0,0.0013104000099701807,
eps_fixed_0.1_456_86722af6,eps_fixed_0.1,train,51,456,easy,5,5,0.1,0.95,0.1,default,100,-1.0,12,1,1,0,0,0.0014947000017855316,
eps_fixed_0.1_456_86722af6,eps_fixed_0.1,train,52,456,easy,5,5,0.1,0.95,0.1,default,100,-12.0,23,1,1,0,0,0.0027637999883154407,
eps_fixed_0.1_456_86722af6,eps_fixed_0.1,train,53,456,easy,5,5,0.1,0.95,0.1,default,100,-1.0,12,1,1,0,0,0.0015424000011989847,
eps_fixed_0.1_456_86722af6,eps_fixed_0.1,train,54,456,easy,5,5,0.1,0.95,0.1,default,100,0.0,11,1,1,0,0,0.0013887999957660213,
eps_fixed_0.1_456_86722af6,eps_fixed_0.1,train,55,456,easy,5,5,0.1,0.95,0.1,default,100,3.0,8,1,1,0,0,0.0010231999913230538,
eps_fixed_0.1_456_86722af6,eps_fixed_0.1,train,56,456,easy,5,5,0.1,0.95,0.1,default,100,-1.0,12,1,1,0,0,0.001537599993753247,
eps_fixed_0.1_456_86722af6,eps_fixed_0.1,train,57,456,easy,5,5,0.1,0.95,0.1,default,100,1.0,10,1,1,0,0,0.0014246000064304098,
eps_fixed_0.1_456_86722af6,eps_fixed_0.1,train,58,456,easy,5,5,0.1,0.95,0.1,default,100,-2.0,13,1,1,0,0,0.0016962999943643808,
eps_fixed_0.1_456_86722af6,eps_fixed_0.1,train,59,456,easy,5,5,0.1,0.95,0.1,default,100,-2.0,13,1,1,0,0,0.0018808000022545457,
eps_fixed_0.1_456_86722af6,eps_fixed_0.1,train,60,456,easy,5,5,0.1,0.95,0.1,default,100,-2.0,13,1,1,0,0,0.0015776000072946772,
eps_fixed_0.1_456_86722af6,eps_fixed_0.1,train,61,456,easy,5,5,0.1,0.95,0.1,default,100,3.0,8,1,1,0,0,0.0012271000014152378,
eps_fixed_0.1_456_86722af6,eps_fixed_0.1,train,62,456,easy,5,5,0.1,0.95,0.1,default,100,2.0,9,1,1,0,0,0.0014661999884992838,
eps_fixed_0.1_456_86722af6,eps_fixed_0.1,train,63,456,easy,5,5,0.1,0.95,0.1,default,100,0.0,11,1,1,0,0,0.001393300000927411,
eps_fixed_0.1_456_86722af6,eps_fixed_0.1,train,64,456,easy,5,5,0.1,0.95,0.1,default,100,1.0,10,1,1,0,0,0.0017687999934423715,
eps_fixed_0.1_456_86722af6,eps_fixed_0.1,train,65,456,easy,5,5,0.1,0.95,0.1,default,100,0.0,11,1,1,0,0,0.0014873000036459416,
eps_fixed_0.1_456_86722af6,eps_fixed_0.1,train,66,456,easy,5,5,0.1,0.95,0.1,default,100,0.0,11,1,1,0,0,0.0013429999962681904,
eps_fixed_0.1_456_86722af6,eps_fixed_0.1,train,67,456,easy,5,5,0.1,0.95,0.1,default,100,0.0,11,1,1,0,0,0.0016243999998550862,
eps_fixed_0.1_456_86722af6,eps_fixed_0.1,train,68,456,easy,5,5,0.1,0.95,0.1,default,100,1.0,10,1,1,0,0,0.001302200005738996,
eps_fixed_0.1_456_86722af6,eps_fixed_0.1,train,69,456,easy,5,5,0.1,0.95,0.1,default,100,1.0,10,1,1,0,0,0.0012964999914402142,
eps_fixed_0.1_456_86722af6,eps_fixed_0.1,train,70,456,easy,5,5,0.1,0.95,0.1,default,100,3.0,8,1,1,0,0,0.0013183999981265515,
eps_fixed_0.1_456_86722af6,eps_fixed_0.1,train,71,456,easy,5,5,0.1,0.95,0.1,default,100,0.0,11,1,1,0,0,0.00126530000125058,
eps_fixed_0.1_456_86722af6,eps_fixed_0.1,train,72,456,easy,5,5,0.1,0.95,0.1,default,100,2.0,9,1,1,0,0,0.0011328999971738085,
eps_fixed_0.1_456_86722af6,eps_fixed_0.1,train,73,456,easy,5,5,0.1,0.95,0.1,default,100,2.0,9,1,1,0,0,0.0013212000048952177,
eps_fixed_0.1_456_86722af6,eps_fixed_0.1,train,74,456,easy,5,5,0.1,0.95,0.1,default,100,3.0,8,1,1,0,0,0.001102900001569651,
eps_fixed_0.1_456_86722af6,eps_fixed_0.1,train,75,456,easy,5,5,0.1,0.95,0.1,default,100,3.0,8,1,1,0,0,0.0010671000054571778,
eps_fixed_0.1_456_86722af6,eps_fixed_0.1,train,76,456,easy,5,5,0.1,0.95,0.1,default,100,-20.0,11,0,1,0,1,0.0013764000032097101,
eps_fixed_0.1_456_86722af6,eps_fixed_0.1,train,77,456,easy,5,5,0.1,0.95,0.1,default,100,1.0,10,1,1,0,0,0.0014361999928951263,
eps_fixed_0.1_456_86722af6,eps_fixed_0.1,train,78,456,easy,5,5,0.1,0.95,0.1,default,100,0.0,11,1,1,0,0,0.001447799993911758,
eps_fixed_0.1_456_86722af6,eps_fixed_0.1,train,79,456,easy,5,5,0.1,0.95,0.1,default,100,3.0,8,1,1,0,0,0.0010749999928520992,
eps_fixed_0.1_456_86722af6,eps_fixed_0.1,train,80,456,easy,5,5,0.1,0.95,0.1,default,100,3.0,8,1,1,0,0,0.0012177000025985762,
eps_fixed_0.1_456_86722af6,eps_fixed_0.1,train,81,456,easy,5,5,0.1,0.95,0.1,default,100,3.0,8,1,1,0,0,0.0011680000025080517,
eps_fixed_0.1_456_86722af6,eps_fixed_0.1,train,82,456,easy,5,5,0.1,0.95,0.1,default,100,3.0,8,1,1,0,0,0.0011924999998882413,
eps_fixed_0.1_456_86722af6,eps_fixed_0.1,train,83,456,easy,5,5,0.1,0.95,0.1,default,100,3.0,8,1,1,0,0,0.0011105000012321398,
eps_fixed_0.1_456_86722af6,eps_fixed_0.1,train,84,456,easy,5,5,0.1,0.95,0.1,default,100,1.0,10,1,1,0,0,0.0012565000070026144,
eps_fixed_0.1_456_86722af6,eps_fixed_0.1,train,85,456,easy,5,5,0.1,0.95,0.1,default,100,2.0,9,1,1,0,0,0.0013723999873036519,
eps_fixed_0.1_456_86722af6,eps_fixed_0.1,train,86,456,easy,5,5,0.1,0.95,0.1,default,100,3.0,8,1,1,0,0,0.0010294999956386164,
eps_fixed_0.1_456_86722af6,eps_fixed_0.1,train,87,456,easy,5,5,0.1,0.95,0.1,default,100,2.0,9,1,1,0,0,0.001297599999816157,
eps_fixed_0.1_456_86722af6,eps_fixed_0.1,train,88,456,easy,5,5,0.1,0.95,0.1,default,100,3.0,8,1,1,0,0,0.0012495999981183559,
eps_fixed_0.1_456_86722af6,eps_fixed_0.1,train,89,456,easy,5,5,0.1,0.95,0.1,default,100,3.0,8,1,1,0,0,0.0011240999883739278,
eps_fixed_0.1_456_86722af6,eps_fixed_0.1,train,90,456,easy,5,5,0.1,0.95,0.1,default,100,3.0,8,1,1,0,0,0.0011040999961551279,
eps_fixed_0.1_456_86722af6,eps_fixed_0.1,train,91,456,easy,5,5,0.1,0.95,0.1,default,100,2.0,9,1,1,0,0,0.0011381000076653436,
eps_fixed_0.1_456_86722af6,eps_fixed_0.1,train,92,456,easy,5,5,0.1,0.95,0.1,default,100,3.0,8,1,1,0,0,0.0011980999988736585,
eps_fixed_0.1_456_86722af6,eps_fixed_0.1,train,93,456,easy,5,5,0.1,0.95,0.1,default,100,3.0,8,1,1,0,0,0.001083499999367632,
eps_fixed_0.1_456_86722af6,eps_fixed_0.1,train,94,456,easy,5,5,0.1,0.95,0.1,default,100,1.0,10,1,1,0,0,0.001556000002892688,
eps_fixed_0.1_456_86722af6,eps_fixed_0.1,train,95,456,easy,5,5,0.1,0.95,0.1,default,100,-2.0,13,1,1,0,0,0.0017826999974204227,
eps_fixed_0.1_456_86722af6,eps_fixed_0.1,train,96,456,easy,5,5,0.1,0.95,0.1,default,100,1.0,10,1,1,0,0,0.0013017000019317493,
eps_fixed_0.1_456_86722af6,eps_fixed_0.1,train,97,456,easy,5,5,0.1,0.95,0.1,default,100,3.0,8,1,1,0,0,0.0011024999985238537,
eps_fixed_0.1_456_86722af6,eps_fixed_0.1,train,98,456,easy,5,5,0.1,0.95,0.1,default,100,3.0,8,1,1,0,0,0.001241300007677637,
eps_fixed_0.1_456_86722af6,eps_fixed_0.1,train,99,456,easy,5,5,0.1,0.95,0.1,default,100,2.0,9,1,1,0,0,0.0011569000052986667,
eps_fixed_0.1_456_86722af6,eps_fixed_0.1,train,100,456,easy,5,5,0.1,0.95,0.1,default,100,0.0,11,1,1,0,0,0.0014317000022856519,
eps_fixed_0.1_456_86722af6,eps_fixed_0.1,train,101,456,easy,5,5,0.1,0.95,0.1,default,100,3.0,8,1,1,0,0,0.0011216999992029741,
eps_fixed_0.1_456_86722af6,eps_fixed_0.1,train,102,456,easy,5,5,0.1,0.95,0.1,default,100,3.0,8,1,1,0,0,0.0011104000004706904,
eps_fixed_0.1_456_86722af6,eps_fixed_0.1,train,103,456,easy,5,5,0.1,0.95,0.1,default,100,3.0,8,1,1,0,0,0.0012583000061567873,
eps_fixed_0.1_456_86722af6,eps_fixed_0.1,train,104,456,easy,5,5,0.1,0.95,0.1,default,100,3.0,8,1,1,0,0,0.0010991000017384067,
eps_fixed_0.1_456_86722af6,eps_fixed_0.1,train,105,456,easy,5,5,0.1,0.95,0.1,default,100,3.0,8,1,1,0,0,0.0010769000073196366,
eps_fixed_0.1_456_86722af6,eps_fixed_0.1,train,106,456,easy,5,5,0.1,0.95,0.1,default,100,2.0,9,1,1,0,0,0.0012825000012526289,
eps_fixed_0.1_456_86722af6,eps_fixed_0.1,train,107,456,easy,5,5,0.1,0.95,0.1,default,100,1.0,10,1,1,0,0,0.0013061000063316897,
eps_fixed_0.1_456_86722af6,eps_fixed_0.1,train,108,456,easy,5,5,0.1,0.95,0.1,default,100,3.0,8,1,1,0,0,0.001073999999789521,
eps_fixed_0.1_456_86722af6,eps_fixed_0.1,train,109,456,easy,5,5,0.1,0.95,0.1,default,100,3.0,8,1,1,0,0,0.0011110000050393865,
eps_fixed_0.1_456_86722af6,eps_fixed_0.1,train,110,456,easy,5,5,0.1,0.95,0.1,default,100,-14.0,5,0,1,0,1,0.0008678000012878329,
eps_fixed_0.1_456_86722af6,eps_fixed_0.1,train,111,456,easy,5,5,0.1,0.95,0.1,default,100,3.0,8,1,1,0,0,0.001421900000423193,
eps_fixed_0.1_456_86722af6,eps_fixed_0.1,train,112,456,easy,5,5,0.1,0.95,0.1,default,100,3.0,8,1,1,0,0,0.0013157000066712499,
eps_fixed_0.1_456_86722af6,eps_fixed_0.1,train,113,456,easy,5,5,0.1,0.95,0.1,default,100,-16.0,7,0,1,0,1,0.0010127999994438142,
eps_fixed_0.1_456_86722af6,eps_fixed_0.1,train,114,456,easy,5,5,0.1,0.95,0.1,default,100,3.0,8,1,1,0,0,0.0013498000043909997,
eps_fixed_0.1_456_86722af6,eps_fixed_0.1,train,115,456,easy,5,5,0.1,0.95,0.1,default,100,1.0,10,1,1,0,0,0.001295199996093288,
eps_fixed_0.1_456_86722af6,eps_fixed_0.1,train,116,456,easy,5,5,0.1,0.95,0.1,default,100,-2.0,13,1,1,0,0,0.0017930999892996624,
eps_fixed_0.1_456_86722af6,eps_fixed_0.1,train,117,456,easy,5,5,0.1,0.95,0.1,default,100,3.0,8,1,1,0,0,0.0010786999919218943,
eps_fixed_0.1_456_86722af6,eps_fixed_0.1,train,118,456,easy,5,5,0.1,0.95,0.1,default,100,0.0,11,1,1,0,0,0.0012872000079369172,
eps_fixed_0.1_456_86722af6,eps_fixed_0.1,train,119,456,easy,5,5,0.1,0.95,0.1,default,100,-1.0,12,1,1,0,0,0.0014221000019460917,
eps_fixed_0.1_456_86722af6,eps_fixed_0.1,train,120,456,easy,5,5,0.1,0.95,0.1,default,100,3.0,8,1,1,0,0,0.0010265000018989667,
eps_fixed_0.1_456_86722af6,eps_fixed_0.1,train,121,456,easy,5,5,0.1,0.95,0.1,default,100,3.0,8,1,1,0,0,0.0010965999972540885,
eps_fixed_0.1_456_86722af6,eps_fixed_0.1,train,122,456,easy,5,5,0.1,0.95,0.1,default,100,3.0,8,1,1,0,0,0.0010423999920021743,
eps_fixed_0.1_456_86722af6,eps_fixed_0.1,train,123,456,easy,5,5,0.1,0.95,0.1,default,100,3.0,8,1,1,0,0,0.0010617999942041934,
eps_fixed_0.1_456_86722af6,eps_fixed_0.1,train,124,456,easy,5,5,0.1,0.95,0.1,default,100,1.0,10,1,1,0,0,0.0012245999969309196,
eps_fixed_0.1_456_86722af6,eps_fixed_0.1,train,125,456,easy,5,5,0.1,0.95,0.1,default,100,3.0,8,1,1,0,0,0.0010337999992771074,
eps_fixed_0.1_456_86722af6,eps_fixed_0.1,train,126,456,easy,5,5,0.1,0.95,0.1,default,100,1.0,10,1,1,0,0,0.0012743999977828935,
eps_fixed_0.1_456_86722af6,eps_fixed_0.1,train,127,456,easy,5,5,0.1,0.95,0.1,default,100,2.0,9,1,1,0,0,0.001168700007838197,
eps_fixed_0.1_456_86722af6,eps_fixed_0.1,train,128,456,easy,5,5,0.1,0.95,0.1,default,100,3.0,8,1,1,0,0,0.000981099990895018,
eps_fixed_0.1_456_86722af6,eps_fixed_0.1,train,129,456,easy,5,5,0.1,0.95,0.1,default,100,2.0,9,1,1,0,0,0.0012816999951610342,
eps_fixed_0.1_456_86722af6,eps_fixed_0.1,train,130,456,easy,5,5,0.1,0.95,0.1,default,100,-16.0,7,0,1,0,1,0.000946300002397038,
eps_fixed_0.1_456_86722af6,eps_fixed_0.1,train,131,456,easy,5,5,0.1,0.95,0.1,default,100,3.0,8,1,1,0,0,0.0011045999999623746,
eps_fixed_0.1_456_86722af6,eps_fixed_0.1,train,132,456,easy,5,5,0.1,0.95,0.1,default,100,3.0,8,1,1,0,0,0.0011920000106329098,
eps_fixed_0.1_456_86722af6,eps_fixed_0.1,train,133,456,easy,5,5,0.1,0.95,0.1,default,100,1.0,10,1,1,0,0,0.001290800006245263,
eps_fixed_0.1_456_86722af6,eps_fixed_0.1,train,134,456,easy,5,5,0.1,0.95,0.1,default,100,1.0,10,1,1,0,0,0.0013816000137012452,
eps_fixed_0.1_456_86722af6,eps_fixed_0.1,train,135,456,easy,5,5,0.1,0.95,0.1,default,100,3.0,8,1,1,0,0,0.0011181999871041626,
eps_fixed_0.1_456_86722af6,eps_fixed_0.1,train,136,456,easy,5,5,0.1,0.95,0.1,default,100,3.0,8,1,1,0,0,0.0010848999954760075,
eps_fixed_0.1_456_86722af6,eps_fixed_0.1,train,137,456,easy,5,5,0.1,0.95,0.1,default,100,3.0,8,1,1,0,0,0.0012175000010756776,
eps_fixed_0.1_456_86722af6,eps_fixed_0.1,train,138,456,easy,5,5,0.1,0.95,0.1,default,100,1.0,10,1,1,0,0,0.001269900007173419,
eps_fixed_0.1_456_86722af6,eps_fixed_0.1,train,139,456,easy,5,5,0.1,0.95,0.1,default,100,3.0,8,1,1,0,0,0.0009849999914877117,
eps_fixed_0.1_456_86722af6,eps_fixed_0.1,train,140,456,easy,5,5,0.1,0.95,0.1,default,100,1.0,10,1,1,0,0,0.0012599000037880614,
eps_fixed_0.1_456_86722af6,eps_fixed_0.1,train,141,456,easy,5,5,0.1,0.95,0.1,default,100,3.0,8,1,1,0,0,0.0010986999986926094,
eps_fixed_0.1_456_86722af6,eps_fixed_0.1,train,142,456,easy,5,5,0.1,0.95,0.1,default,100,1.0,10,1,1,0,0,0.0012725999986287206,
eps_fixed_0.1_456_86722af6,eps_fixed_0.1,train,143,456,easy,5,5,0.1,0.95,0.1,default,100,1.0,10,1,1,0,0,0.0012023000017507002,
eps_fixed_0.1_456_86722af6,eps_fixed_0.1,train,144,456,easy,5,5,0.1,0.95,0.1,default,100,3.0,8,1,1,0,0,0.001044499993440695,
eps_fixed_0.1_456_86722af6,eps_fixed_0.1,train,145,456,easy,5,5,0.1,0.95,0.1,default,100,1.0,10,1,1,0,0,0.0011621000012382865,
eps_fixed_0.1_456_86722af6,eps_fixed_0.1,train,146,456,easy,5,5,0.1,0.95,0.1,default,100,-2.0,13,1,1,0,0,0.0015224000089801848,
eps_fixed_0.1_456_86722af6,eps_fixed_0.1,train,147,456,easy,5,5,0.1,0.95,0.1,default,100,3.0,8,1,1,0,0,0.0010546999983489513,
eps_fixed_0.1_456_86722af6,eps_fixed_0.1,train,148,456,easy,5,5,0.1,0.95,0.1,default,100,3.0,8,1,1,0,0,0.0012239999923622236,
eps_fixed_0.1_456_86722af6,eps_fixed_0.1,train,149,456,easy,5,5,0.1,0.95,0.1,default,100,0.0,11,1,1,0,0,0.0018263999954797328,
eps_fixed_0.1_456_86722af6,eps_fixed_0.1,train,150,456,easy,5,5,0.1,0.95,0.1,default,100,1.0,10,1,1,0,0,0.0012520999880507588,
eps_fixed_0.1_456_86722af6,eps_fixed_0.1,train,151,456,easy,5,5,0.1,0.95,0.1,default,100,3.0,8,1,1,0,0,0.0010175000061281025,
eps_fixed_0.1_456_86722af6,eps_fixed_0.1,train,152,456,easy,5,5,0.1,0.95,0.1,default,100,1.0,10,1,1,0,0,0.001353300001937896,
eps_fixed_0.1_456_86722af6,eps_fixed_0.1,train,153,456,easy,5,5,0.1,0.95,0.1,default,100,3.0,8,1,1,0,0,0.0010970000002998859,
eps_fixed_0.1_456_86722af6,eps_fixed_0.1,train,154,456,easy,5,5,0.1,0.95,0.1,default,100,0.0,11,1,1,0,0,0.001293900000746362,
eps_fixed_0.1_456_86722af6,eps_fixed_0.1,train,155,456,easy,5,5,0.1,0.95,0.1,default,100,2.0,9,1,1,0,0,0.0011706000077538192,
eps_fixed_0.1_456_86722af6,eps_fixed_0.1,train,156,456,easy,5,5,0.1,0.95,0.1,default,100,-16.0,7,0,1,0,1,0.0008519999973941594,
eps_fixed_0.1_456_86722af6,eps_fixed_0.1,train,157,456,easy,5,5,0.1,0.95,0.1,default,100,3.0,8,1,1,0,0,0.0010708999907365069,
eps_fixed_0.1_456_86722af6,eps_fixed_0.1,train,158,456,easy,5,5,0.1,0.95,0.1,default,100,-16.0,7,0,1,0,1,0.0010194000060437247,
eps_fixed_0.1_456_86722af6,eps_fixed_0.1,train,159,456,easy,5,5,0.1,0.95,0.1,default,100,3.0,8,1,1,0,0,0.0015275000041583553,
eps_fixed_0.1_456_86722af6,eps_fixed_0.1,train,160,456,easy,5,5,0.1,0.95,0.1,default,100,3.0,8,1,1,0,0,0.0011440999951446429,
eps_fixed_0.1_456_86722af6,eps_fixed_0.1,train,161,456,easy,5,5,0.1,0.95,0.1,default,100,3.0,8,1,1,0,0,0.0010640999971656129,
eps_fixed_0.1_456_86722af6,eps_fixed_0.1,train,162,456,easy,5,5,0.1,0.95,0.1,default,100,3.0,8,1,1,0,0,0.001030600004014559,
eps_fixed_0.1_456_86722af6,eps_fixed_0.1,train,163,456,easy,5,5,0.1,0.95,0.1,default,100,3.0,8,1,1,0,0,0.00106160000723321,
eps_fixed_0.1_456_86722af6,eps_fixed_0.1,train,164,456,easy,5,5,0.1,0.95,0.1,default,100,3.0,8,1,1,0,0,0.0010654999932739884,
eps_fixed_0.1_456_86722af6,eps_fixed_0.1,train,165,456,easy,5,5,0.1,0.95,0.1,default,100,2.0,9,1,1,0,0,0.0011250999959884211,
eps_fixed_0.1_456_86722af6,eps_fixed_0.1,train,166,456,easy,5,5,0.1,0.95,0.1,default,100,1.0,10,1,1,0,0,0.0012894999963464215,
eps_fixed_0.1_456_86722af6,eps_fixed_0.1,train,167,456,easy,5,5,0.1,0.95,0.1,default,100,1.0,10,1,1,0,0,0.0012673999881371856,
eps_fixed_0.1_456_86722af6,eps_fixed_0.1,train,168,456,easy,5,5,0.1,0.95,0.1,default,100,-14.0,5,0,1,0,1,0.0006653000018559396,
eps_fixed_0.1_456_86722af6,eps_fixed_0.1,train,169,456,easy,5,5,0.1,0.95,0.1,default,100,3.0,8,1,1,0,0,0.0010630000033415854,
eps_fixed_0.1_456_86722af6,eps_fixed_0.1,train,170,456,easy,5,5,0.1,0.95,0.1,default,100,3.0,8,1,1,0,0,0.0010440000041853637,
eps_fixed_0.1_456_86722af6,eps_fixed_0.1,train,171,456,easy,5,5,0.1,0.95,0.1,default,100,3.0,8,1,1,0,0,0.001075499996659346,
eps_fixed_0.1_456_86722af6,eps_fixed_0.1,train,172,456,easy,5,5,0.1,0.95,0.1,default,100,3.0,8,1,1,0,0,0.001054599997587502,
eps_fixed_0.1_456_86722af6,eps_fixed_0.1,train,173,456,easy,5,5,0.1,0.95,0.1,default,100,3.0,8,1,1,0,0,0.0010683000000426546,
eps_fixed_0.1_456_86722af6,eps_fixed_0.1,train,174,456,easy,5,5,0.1,0.95,0.1,default,100,3.0,8,1,1,0,0,0.0011528999893926084,
eps_fixed_0.1_456_86722af6,eps_fixed_0.1,train,175,456,easy,5,5,0.1,0.95,0.1,default,100,3.0,8,1,1,0,0,0.0010852999985218048,
eps_fixed_0.1_456_86722af6,eps_fixed_0.1,train,176,456,easy,5,5,0.1,0.95,0.1,default,100,3.0,8,1,1,0,0,0.001044499993440695,
eps_fixed_0.1_456_86722af6,eps_fixed_0.1,train,177,456,easy,5,5,0.1,0.95,0.1,default,100,1.0,10,1,1,0,0,0.0012580000038724393,
eps_fixed_0.1_456_86722af6,eps_fixed_0.1,train,178,456,easy,5,5,0.1,0.95,0.1,default,100,3.0,8,1,1,0,0,0.0010535000037634745,
eps_fixed_0.1_456_86722af6,eps_fixed_0.1,train,179,456,easy,5,5,0.1,0.95,0.1,default,100,-16.0,7,0,1,0,1,0.0009286999993491918,
eps_fixed_0.1_456_86722af6,eps_fixed_0.1,train,180,456,easy,5,5,0.1,0.95,0.1,default,100,3.0,8,1,1,0,0,0.0010641999979270622,
eps_fixed_0.1_456_86722af6,eps_fixed_0.1,train,181,456,easy,5,5,0.1,0.95,0.1,default,100,2.0,9,1,1,0,0,0.0011305000080028549,
eps_fixed_0.1_456_86722af6,eps_fixed_0.1,train,182,456,easy,5,5,0.1,0.95,0.1,default,100,1.0,10,1,1,0,0,0.0012159000034444034,
eps_fixed_0.1_456_86722af6,eps_fixed_0.1,train,183,456,easy,5,5,0.1,0.95,0.1,default,100,2.0,9,1,1,0,0,0.0011252999975113198,
eps_fixed_0.1_456_86722af6,eps_fixed_0.1,train,184,456,easy,5,5,0.1,0.95,0.1,default,100,2.0,9,1,1,0,0,0.0011086000013165176,
eps_fixed_0.1_456_86722af6,eps_fixed_0.1,train,185,456,easy,5,5,0.1,0.95,0.1,default,100,2.0,9,1,1,0,0,0.0011232999968342483,
eps_fixed_0.1_456_86722af6,eps_fixed_0.1,train,186,456,easy,5,5,0.1,0.95,0.1,default,100,3.0,8,1,1,0,0,0.0010690000053728,
eps_fixed_0.1_456_86722af6,eps_fixed_0.1,train,187,456,easy,5,5,0.1,0.95,0.1,default,100,3.0,8,1,1,0,0,0.0010515999892959371,
eps_fixed_0.1_456_86722af6,eps_fixed_0.1,train,188,456,easy,5,5,0.1,0.95,0.1,default,100,1.0,10,1,1,0,0,0.0012590999976964667,
eps_fixed_0.1_456_86722af6,eps_fixed_0.1,train,189,456,easy,5,5,0.1,0.95,0.1,default,100,0.0,11,1,1,0,0,0.0013272000069264323,
eps_fixed_0.1_456_86722af6,eps_fixed_0.1,train,190,456,easy,5,5,0.1,0.95,0.1,default,100,3.0,8,1,1,0,0,0.001044499993440695,
eps_fixed_0.1_456_86722af6,eps_fixed_0.1,train,191,456,easy,5,5,0.1,0.95,0.1,default,100,3.0,8,1,1,0,0,0.0010562000097706914,
eps_fixed_0.1_456_86722af6,eps_fixed_0.1,train,192,456,easy,5,5,0.1,0.95,0.1,default,100,3.0,8,1,1,0,0,0.0010015000007115304,
eps_fixed_0.1_456_86722af6,eps_fixed_0.1,train,193,456,easy,5,5,0.1,0.95,0.1,default,100,3.0,8,1,1,0,0,0.00114969999413006,
eps_fixed_0.1_456_86722af6,eps_fixed_0.1,train,194,456,easy,5,5,0.1,0.95,0.1,default,100,0.0,11,1,1,0,0,0.0013212000048952177,
eps_fixed_0.1_456_86722af6,eps_fixed_0.1,train,195,456,easy,5,5,0.1,0.95,0.1,default,100,3.0,8,1,1,0,0,0.001034300003084354,
eps_fixed_0.1_456_86722af6,eps_fixed_0.1,train,196,456,easy,5,5,0.1,0.95,0.1,default,100,2.0,9,1,1,0,0,0.001073699997505173,
eps_fixed_0.1_456_86722af6,eps_fixed_0.1,train,197,456,easy,5,5,0.1,0.95,0.1,default,100,3.0,8,1,1,0,0,0.001066299999365583,
eps_fixed_0.1_456_86722af6,eps_fixed_0.1,train,198,456,easy,5,5,0.1,0.95,0.1,default,100,2.0,9,1,1,0,0,0.0011220000014873222,
eps_fixed_0.1_456_86722af6,eps_fixed_0.1,train,199,456,easy,5,5,0.1,0.95,0.1,default,100,1.0,10,1,1,0,0,0.0012559000024339184,
eps_fixed_0.1_456_86722af6,eps_fixed_0.1,train,200,456,easy,5,5,0.1,0.95,0.1,default,100,3.0,8,1,1,0,0,0.0010670999909052625,results\epsilon\fixed_0.1\seed_456\qtable_ep200.npz
eps_fixed_0.1_456_86722af6,eps_fixed_0.1,train,201,456,easy,5,5,0.1,0.95,0.1,default,100,1.0,10,1,1,0,0,0.0012392999924486503,
eps_fixed_0.1_456_86722af6,eps_fixed_0.1,train,202,456,easy,5,5,0.1,0.95,0.1,default,100,0.0,11,1,1,0,0,0.0013472999999066815,
eps_fixed_0.1_456_86722af6,eps_fixed_0.1,train,203,456,easy,5,5,0.1,0.95,0.1,default,100,-16.0,7,0,1,0,1,0.000926900000195019,
eps_fixed_0.1_456_86722af6,eps_fixed_0.1,train,204,456,easy,5,5,0.1,0.95,0.1,default,100,2.0,9,1,1,0,0,0.0010846999939531088,
eps_fixed_0.1_456_86722af6,eps_fixed_0.1,train,205,456,easy,5,5,0.1,0.95,0.1,default,100,-16.0,7,0,1,0,1,0.0009207999974023551,
eps_fixed_0.1_456_86722af6,eps_fixed_0.1,train,206,456,easy,5,5,0.1,0.95,0.1,default,100,1.0,10,1,1,0,0,0.0012482000020099804,
eps_fixed_0.1_456_86722af6,eps_fixed_0.1,train,207,456,easy,5,5,0.1,0.95,0.1,default,100,3.0,8,1,1,0,0,0.001036700006807223,
eps_fixed_0.1_456_86722af6,eps_fixed_0.1,train,208,456,easy,5,5,0.1,0.95,0.1,default,100,1.0,10,1,1,0,0,0.0012621999921975657,
eps_fixed_0.1_456_86722af6,eps_fixed_0.1,train,209,456,easy,5,5,0.1,0.95,0.1,default,100,3.0,8,1,1,0,0,0.0010593000042717904,
eps_fixed_0.1_456_86722af6,eps_fixed_0.1,train,210,456,easy,5,5,0.1,0.95,0.1,default,100,3.0,8,1,1,0,0,0.0010728999914135784,
eps_fixed_0.1_456_86722af6,eps_fixed_0.1,train,211,456,easy,5,5,0.1,0.95,0.1,default,100,2.0,9,1,1,0,0,0.0011529000039445236,
eps_fixed_0.1_456_86722af6,eps_fixed_0.1,train,212,456,easy,5,5,0.1,0.95,0.1,default,100,1.0,10,1,1,0,0,0.0012645999959204346,
eps_fixed_0.1_456_86722af6,eps_fixed_0.1,train,213,456,easy,5,5,0.1,0.95,0.1,default,100,3.0,8,1,1,0,0,0.0010083999950438738,
eps_fixed_0.1_456_86722af6,eps_fixed_0.1,train,214,456,easy,5,5,0.1,0.95,0.1,default,100,2.0,9,1,1,0,0,0.0011547000030986965,
eps_fixed_0.1_456_86722af6,eps_fixed_0.1,train,215,456,easy,5,5,0.1,0.95,0.1,default,100,0.0,11,1,1,0,0,0.0012943000037921593,
eps_fixed_0.1_456_86722af6,eps_fixed_0.1,train,216,456,easy,5,5,0.1,0.95,0.1,default,100,-16.0,7,0,1,0,1,0.0008938999962992966,
eps_fixed_0.1_456_86722af6,eps_fixed_0.1,train,217,456,easy,5,5,0.1,0.95,0.1,default,100,3.0,8,1,1,0,0,0.0010402000043541193,
eps_fixed_0.1_456_86722af6,eps_fixed_0.1,train,218,456,easy,5,5,0.1,0.95,0.1,default,100,3.0,8,1,1,0,0,0.001065399992512539,
eps_fixed_0.1_456_86722af6,eps_fixed_0.1,train,219,456,easy,5,5,0.1,0.95,0.1,default,100,0.0,11,1,1,0,0,0.0013477000029524788,
eps_fixed_0.1_456_86722af6,eps_fixed_0.1,train,220,456,easy,5,5,0.1,0.95,0.1,default,100,-16.0,7,0,1,0,1,0.0009011000074679032,
eps_fixed_0.1_456_86722af6,eps_fixed_0.1,train,221,456,easy,5,5,0.1,0.95,0.1,default,100,3.0,8,1,1,0,0,0.0011017000069841743,
eps_fixed_0.1_456_86722af6,eps_fixed_0.1,train,222,456,easy,5,5,0.1,0.95,0.1,default,100,1.0,10,1,1,0,0,0.00121489999582991,
eps_fixed_0.1_456_86722af6,eps_fixed_0.1,train,223,456,easy,5,5,0.1,0.95,0.1,default,100,3.0,8,1,1,0,0,0.0010756999981822446,
eps_fixed_0.1_456_86722af6,eps_fixed_0.1,train,224,456,easy,5,5,0.1,0.95,0.1,default,100,0.0,11,1,1,0,0,0.0013484000082826242,
eps_fixed_0.1_456_86722af6,eps_fixed_0.1,train,225,456,easy,5,5,0.1,0.95,0.1,default,100,3.0,8,1,1,0,0,0.0010590000019874424,
eps_fixed_0.1_456_86722af6,eps_fixed_0.1,train,226,456,easy,5,5,0.1,0.95,0.1,default,100,2.0,9,1,1,0,0,0.0010933000012300909,
eps_fixed_0.1_456_86722af6,eps_fixed_0.1,train,227,456,easy,5,5,0.1,0.95,0.1,default,100,3.0,8,1,1,0,0,0.0010668000031728297,
eps_fixed_0.1_456_86722af6,eps_fixed_0.1,train,228,456,easy,5,5,0.1,0.95,0.1,default,100,3.0,8,1,1,0,0,0.0010861000046133995,
eps_fixed_0.1_456_86722af6,eps_fixed_0.1,train,229,456,easy,5,5,0.1,0.95,0.1,default,100,3.0,8,1,1,0,0,0.0010406999936094508,
eps_fixed_0.1_456_86722af6,eps_fixed_0.1,train,230,456,easy,5,5,0.1,0.95,0.1,default,100,0.0,11,1,1,0,0,0.0013405000063357875,
eps_fixed_0.1_456_86722af6,eps_fixed_0.1,train,231,456,easy,5,5,0.1,0.95,0.1,default,100,3.0,8,1,1,0,0,0.00105489999987185,
eps_fixed_0.1_456_86722af6,eps_fixed_0.1,train,232,456,easy,5,5,0.1,0.95,0.1,default,100,3.0,8,1,1,0,0,0.000985699996817857,
eps_fixed_0.1_456_86722af6,eps_fixed_0.1,train,233,456,easy,5,5,0.1,0.95,0.1,default,100,-16.0,7,0,1,0,1,0.0008503999997628853,
eps_fixed_0.1_456_86722af6,eps_fixed_0.1,train,234,456,easy,5,5,0.1,0.95,0.1,default,100,3.0,8,1,1,0,0,0.001035799999954179,
eps_fixed_0.1_456_86722af6,eps_fixed_0.1,train,235,456,easy,5,5,0.1,0.95,0.1,default,100,1.0,10,1,1,0,0,0.0012533999979496002,
eps_fixed_0.1_456_86722af6,eps_fixed_0.1,train,236,456,easy,5,5,0.1,0.95,0.1,default,100,3.0,8,1,1,0,0,0.001026900004944764,
eps_fixed_0.1_456_86722af6,eps_fixed_0.1,train,237,456,easy,5,5,0.1,0.95,0.1,default,100,2.0,9,1,1,0,0,0.0011280000035185367,
eps_fixed_0.1_456_86722af6,eps_fixed_0.1,train,238,456,easy,5,5,0.1,0.95,0.1,default,100,0.0,11,1,1,0,0,0.001286899991100654,
eps_fixed_0.1_456_86722af6,eps_fixed_0.1,train,239,456,easy,5,5,0.1,0.95,0.1,default,100,3.0,8,1,1,0,0,0.0010679999977583066,
eps_fixed_0.1_456_86722af6,eps_fixed_0.1,train,240,456,easy,5,5,0.1,0.95,0.1,default,100,1.0,10,1,1,0,0,0.001243700011400506,
eps_fixed_0.1_456_86722af6,eps_fixed_0.1,train,241,456,easy,5,5,0.1,0.95,0.1,default,100,3.0,8,1,1,0,0,0.001113999998779036,
eps_fixed_0.1_456_86722af6,eps_fixed_0.1,train,242,456,easy,5,5,0.1,0.95,0.1,default,100,1.0,10,1,1,0,0,0.0012787999876309186,
eps_fixed_0.1_456_86722af6,eps_fixed_0.1,train,243,456,easy,5,5,0.1,0.95,0.1,default,100,2.0,9,1,1,0,0,0.001092100006644614,
eps_fixed_0.1_456_86722af6,eps_fixed_0.1,train,244,456,easy,5,5,0.1,0.95,0.1,default,100,1.0,10,1,1,0,0,0.0012433999945642427,
eps_fixed_0.1_456_86722af6,eps_fixed_0.1,train,245,456,easy,5,5,0.1,0.95,0.1,default,100,1.0,10,1,1,0,0,0.0012082000030204654,
eps_fixed_0.1_456_86722af6,eps_fixed_0.1,train,246,456,easy,5,5,0.1,0.95,0.1,default,100,3.0,8,1,1,0,0,0.0010520999931031838,
eps_fixed_0.1_456_86722af6,eps_fixed_0.1,train,247,456,easy,5,5,0.1,0.95,0.1,default,100,1.0,10,1,1,0,0,0.0012828000035369769,
eps_fixed_0.1_456_86722af6,eps_fixed_0.1,train,248,456,easy,5,5,0.1,0.95,0.1,default,100,1.0,10,1,1,0,0,0.001240099998540245,
eps_fixed_0.1_456_86722af6,eps_fixed_0.1,train,249,456,easy,5,5,0.1,0.95,0.1,default,100,1.0,10,1,1,0,0,0.0011684999917633832,
eps_fixed_0.1_456_86722af6,eps_fixed_0.1,train,250,456,easy,5,5,0.1,0.95,0.1,default,100,3.0,8,1,1,0,0,0.0010569000005489215,
eps_fixed_0.1_456_86722af6,eps_fixed_0.1,train,251,456,easy,5,5,0.1,0.95,0.1,default,100,3.0,8,1,1,0,0,0.001077600012649782,
eps_fixed_0.1_456_86722af6,eps_fixed_0.1,train,252,456,easy,5,5,0.1,0.95,0.1,default,100,3.0,8,1,1,0,0,0.001057699992088601,
eps_fixed_0.1_456_86722af6,eps_fixed_0.1,train,253,456,easy,5,5,0.1,0.95,0.1,default,100,2.0,9,1,1,0,0,0.0010563000105321407,
eps_fixed_0.1_456_86722af6,eps_fixed_0.1,train,254,456,easy,5,5,0.1,0.95,0.1,default,100,3.0,8,1,1,0,0,0.001053699990734458,
eps_fixed_0.1_456_86722af6,eps_fixed_0.1,train,255,456,easy,5,5,0.1,0.95,0.1,default,100,3.0,8,1,1,0,0,0.001067500008502975,
eps_fixed_0.1_456_86722af6,eps_fixed_0.1,train,256,456,easy,5,5,0.1,0.95,0.1,default,100,2.0,9,1,1,0,0,0.0011354000016581267,
eps_fixed_0.1_456_86722af6,eps_fixed_0.1,train,257,456,easy,5,5,0.1,0.95,0.1,default,100,3.0,8,1,1,0,0,0.001075799998943694,
eps_fixed_0.1_456_86722af6,eps_fixed_0.1,train,258,456,easy,5,5,0.1,0.95,0.1,default,100,0.0,11,1,1,0,0,0.0013329999928828329,
eps_fixed_0.1_456_86722af6,eps_fixed_0.1,train,259,456,easy,5,5,0.1,0.95,0.1,default,100,3.0,8,1,1,0,0,0.0010102000087499619,
eps_fixed_0.1_456_86722af6,eps_fixed_0.1,train,260,456,easy,5,5,0.1,0.95,0.1,default,100,3.0,8,1,1,0,0,0.0011529000039445236,
eps_fixed_0.1_456_86722af6,eps_fixed_0.1,train,261,456,easy,5,5,0.1,0.95,0.1,default,100,2.0,9,1,1,0,0,0.0011172000085934997,
eps_fixed_0.1_456_86722af6,eps_fixed_0.1,train,262,456,easy,5,5,0.1,0.95,0.1,default,100,3.0,8,1,1,0,0,0.00108380000165198,
eps_fixed_0.1_456_86722af6,eps_fixed_0.1,train,263,456,easy,5,5,0.1,0.95,0.1,default,100,3.0,8,1,1,0,0,0.0010220999974990264,
eps_fixed_0.1_456_86722af6,eps_fixed_0.1,train,264,456,easy,5,5,0.1,0.95,0.1,default,100,-16.0,7,0,1,0,1,0.000938299999688752,
eps_fixed_0.1_456_86722af6,eps_fixed_0.1,train,265,456,easy,5,5,0.1,0.95,0.1,default,100,3.0,8,1,1,0,0,0.0010917000035988167,
eps_fixed_0.1_456_86722af6,eps_fixed_0.1,train,266,456,easy,5,5,0.1,0.95,0.1,default,100,1.0,10,1,1,0,0,0.0015223999944282696,
eps_fixed_0.1_456_86722af6,eps_fixed_0.1,train,267,456,easy,5,5,0.1,0.95,0.1,default,100,3.0,8,1,1,0,0,0.0011808999988716096,
eps_fixed_0.1_456_86722af6,eps_fixed_0.1,train,268,456,easy,5,5,0.1,0.95,0.1,default,100,3.0,8,1,1,0,0,0.0010894000006373972,
eps_fixed_0.1_456_86722af6,eps_fixed_0.1,train,269,456,easy,5,5,0.1,0.95,0.1,default,100,2.0,9,1,1,0,0,0.0011623999889707193,
eps_fixed_0.1_456_86722af6,eps_fixed_0.1,train,270,456,easy,5,5,0.1,0.95,0.1,default,100,2.0,9,1,1,0,0,0.0011337000032654032,
eps_fixed_0.1_456_86722af6,eps_fixed_0.1,train,271,456,easy,5,5,0.1,0.95,0.1,default,100,3.0,8,1,1,0,0,0.001070300000719726,
eps_fixed_0.1_456_86722af6,eps_fixed_0.1,train,272,456,easy,5,5,0.1,0.95,0.1,default,100,3.0,8,1,1,0,0,0.0010766000050352886,
eps_fixed_0.1_456_86722af6,eps_fixed_0.1,train,273,456,easy,5,5,0.1,0.95,0.1,default,100,3.0,8,1,1,0,0,0.0009950000094249845,
eps_fixed_0.1_456_86722af6,eps_fixed_0.1,train,274,456,easy,5,5,0.1,0.95,0.1,default,100,3.0,8,1,1,0,0,0.0010320000001229346,
eps_fixed_0.1_456_86722af6,eps_fixed_0.1,train,275,456,easy,5,5,0.1,0.95,0.1,default,100,3.0,8,1,1,0,0,0.00105489999987185,
eps_fixed_0.1_456_86722af6,eps_fixed_0.1,train,276,456,easy,5,5,0.1,0.95,0.1,default,100,1.0,10,1,1,0,0,0.0013773999962722883,
eps_fixed_0.1_456_86722af6,eps_fixed_0.1,train,277,456,easy,5,5,0.1,0.95,0.1,default,100,2.0,9,1,1,0,0,0.0011706999939633533,
eps_fixed_0.1_456_86722af6,eps_fixed_0.1,train,278,456,easy,5,5,0.1,0.95,0.1,default,100,3.0,8,1,1,0,0,0.0010260999988531694,
eps_fixed_0.1_456_86722af6,eps_fixed_0.1,train,279,456,easy,5,5,0.1,0.95,0.1,default,100,2.0,9,1,1,0,0,0.0010667000024113804,
eps_fixed_0.1_456_86722af6,eps_fixed_0.1,train,280,456,easy,5,5,0.1,0.95,0.1,default,100,3.0,8,1,1,0,0,0.001053699990734458,
eps_fixed_0.1_456_86722af6,eps_fixed_0.1,train,281,456,easy,5,5,0.1,0.95,0.1,default,100,3.0,8,1,1,0,0,0.0010901000059675425,
eps_fixed_0.1_456_86722af6,eps_fixed_0.1,train,282,456,easy,5,5,0.1,0.95,0.1,default,100,3.0,8,1,1,0,0,0.0011148000048706308,
eps_fixed_0.1_456_86722af6,eps_fixed_0.1,train,283,456,easy,5,5,0.1,0.95,0.1,default,100,-1.0,12,1,1,0,0,0.0014835000038146973,
eps_fixed_0.1_456_86722af6,eps_fixed_0.1,train,284,456,easy,5,5,0.1,0.95,0.1,default,100,3.0,8,1,1,0,0,0.0010618000087561086,
eps_fixed_0.1_456_86722af6,eps_fixed_0.1,train,285,456,easy,5,5,0.1,0.95,0.1,default,100,2.0,9,1,1,0,0,0.0011489000025903806,
eps_fixed_0.1_456_86722af6,eps_fixed_0.1,train,286,456,easy,5,5,0.1,0.95,0.1,default,100,2.0,9,1,1,0,0,0.001151499993284233,
eps_fixed_0.1_456_86722af6,eps_fixed_0.1,train,287,456,easy,5,5,0.1,0.95,0.1,default,100,3.0,8,1,1,0,0,0.0010400000028312206,
eps_fixed_0.1_456_86722af6,eps_fixed_0.1,train,288,456,easy,5,5,0.1,0.95,0.1,default,100,3.0,8,1,1,0,0,0.00106969999615103,
eps_fixed_0.1_456_86722af6,eps_fixed_0.1,train,289,456,easy,5,5,0.1,0.95,0.1,default,100,1.0,10,1,1,0,0,0.0012602999922819436,
eps_fixed_0.1_456_86722af6,eps_fixed_0.1,train,290,456,easy,5,5,0.1,0.95,0.1,default,100,2.0,9,1,1,0,0,0.0010925000096904114,
eps_fixed_0.1_456_86722af6,eps_fixed_0.1,train,291,456,easy,5,5,0.1,0.95,0.1,default,100,3.0,8,1,1,0,0,0.001095200001145713,
eps_fixed_0.1_456_86722af6,eps_fixed_0.1,train,292,456,easy,5,5,0.1,0.95,0.1,default,100,3.0,8,1,1,0,0,0.0010808000079123303,
eps_fixed_0.1_456_86722af6,eps_fixed_0.1,train,293,456,easy,5,5,0.1,0.95,0.1,default,100,3.0,8,1,1,0,0,0.0009648999985074624,
eps_fixed_0.1_456_86722af6,eps_fixed_0.1,train,294,456,easy,5,5,0.1,0.95,0.1,default,100,-14.0,5,0,1,0,1,0.0006747000006726012,
eps_fixed_0.1_456_86722af6,eps_fixed_0.1,train,295,456,easy,5,5,0.1,0.95,0.1,default,100,3.0,8,1,1,0,0,0.0010012999991886318,
eps_fixed_0.1_456_86722af6,eps_fixed_0.1,train,296,456,easy,5,5,0.1,0.95,0.1,default,100,3.0,8,1,1,0,0,0.0011137999972561374,
eps_fixed_0.1_456_86722af6,eps_fixed_0.1,train,297,456,easy,5,5,0.1,0.95,0.1,default,100,3.0,8,1,1,0,0,0.0010869999969145283,
eps_fixed_0.1_456_86722af6,eps_fixed_0.1,train,298,456,easy,5,5,0.1,0.95,0.1,default,100,3.0,8,1,1,0,0,0.001030300001730211,
eps_fixed_0.1_456_86722af6,eps_fixed_0.1,train,299,456,easy,5,5,0.1,0.95,0.1,default,100,3.0,8,1,1,0,0,0.0010514000023249537,
eps_fixed_0.1_456_86722af6,eps_fixed_0.1,train,300,456,easy,5,5,0.1,0.95,0.1,default,100,3.0,8,1,1,0,0,0.0010632999910740182,
eps_fixed_0.1_456_86722af6,eps_fixed_0.1,train,301,456,easy,5,5,0.1,0.95,0.1,default,100,1.0,10,1,1,0,0,0.0012771000037901103,
eps_fixed_0.1_456_86722af6,eps_fixed_0.1,train,302,456,easy,5,5,0.1,0.95,0.1,default,100,3.0,8,1,1,0,0,0.0010760000004665926,
eps_fixed_0.1_456_86722af6,eps_fixed_0.1,train,303,456,easy,5,5,0.1,0.95,0.1,default,100,1.0,10,1,1,0,0,0.0012267999991308898,
eps_fixed_0.1_456_86722af6,eps_fixed_0.1,train,304,456,easy,5,5,0.1,0.95,0.1,default,100,3.0,8,1,1,0,0,0.0010594000050332397,
eps_fixed_0.1_456_86722af6,eps_fixed_0.1,train,305,456,easy,5,5,0.1,0.95,0.1,default,100,-14.0,5,0,1,0,1,0.0006670000002486631,
eps_fixed_0.1_456_86722af6,eps_fixed_0.1,train,306,456,easy,5,5,0.1,0.95,0.1,default,100,3.0,8,1,1,0,0,0.001070900005288422,
eps_fixed_0.1_456_86722af6,eps_fixed_0.1,train,307,456,easy,5,5,0.1,0.95,0.1,default,100,0.0,11,1,1,0,0,0.0013395999994827434,
eps_fixed_0.1_456_86722af6,eps_fixed_0.1,train,308,456,easy,5,5,0.1,0.95,0.1,default,100,3.0,8,1,1,0,0,0.0010488999978406355,
eps_fixed_0.1_456_86722af6,eps_fixed_0.1,train,309,456,easy,5,5,0.1,0.95,0.1,default,100,3.0,8,1,1,0,0,0.0010285000025760382,
eps_fixed_0.1_456_86722af6,eps_fixed_0.1,train,310,456,easy,5,5,0.1,0.95,0.1,default,100,3.0,8,1,1,0,0,0.0010590000019874424,
eps_fixed_0.1_456_86722af6,eps_fixed_0.1,train,311,456,easy,5,5,0.1,0.95,0.1,default,100,1.0,10,1,1,0,0,0.0012210999993840232,
eps_fixed_0.1_456_86722af6,eps_fixed_0.1,train,312,456,easy,5,5,0.1,0.95,0.1,default,100,1.0,10,1,1,0,0,0.0011961999989580363,
eps_fixed_0.1_456_86722af6,eps_fixed_0.1,train,313,456,easy,5,5,0.1,0.95,0.1,default,100,3.0,8,1,1,0,0,0.0010734000097727403,
eps_fixed_0.1_456_86722af6,eps_fixed_0.1,train,314,456,easy,5,5,0.1,0.95,0.1,default,100,3.0,8,1,1,0,0,0.0010792000102810562,
eps_fixed_0.1_456_86722af6,eps_fixed_0.1,train,315,456,easy,5,5,0.1,0.95,0.1,default,100,1.0,10,1,1,0,0,0.0012810999905923381,
eps_fixed_0.1_456_86722af6,eps_fixed_0.1,train,316,456,easy,5,5,0.1,0.95,0.1,default,100,3.0,8,1,1,0,0,0.0010810999956447631,
eps_fixed_0.1_456_86722af6,eps_fixed_0.1,train,317,456,easy,5,5,0.1,0.95,0.1,default,100,3.0,8,1,1,0,0,0.0010657000093488023,
eps_fixed_0.1_456_86722af6,eps_fixed_0.1,train,318,456,easy,5,5,0.1,0.95,0.1,default,100,3.0,8,1,1,0,0,0.0010238999966531992,
eps_fixed_0.1_456_86722af6,eps_fixed_0.1,train,319,456,easy,5,5,0.1,0.95,0.1,default,100,2.0,9,1,1,0,0,0.0010840000031748787,
eps_fixed_0.1_456_86722af6,eps_fixed_0.1,train,320,456,easy,5,5,0.1,0.95,0.1,default,100,3.0,8,1,1,0,0,0.0010704000014811754,
eps_fixed_0.1_456_86722af6,eps_fixed_0.1,train,321,456,easy,5,5,0.1,0.95,0.1,default,100,1.0,10,1,1,0,0,0.0012641999928746372,
eps_fixed_0.1_456_86722af6,eps_fixed_0.1,train,322,456,easy,5,5,0.1,0.95,0.1,default,100,1.0,10,1,1,0,0,0.0012724999978672713,
eps_fixed_0.1_456_86722af6,eps_fixed_0.1,train,323,456,easy,5,5,0.1,0.95,0.1,default,100,3.0,8,1,1,0,0,0.0010785000049509108,
eps_fixed_0.1_456_86722af6,eps_fixed_0.1,train,324,456,easy,5,5,0.1,0.95,0.1,default,100,2.0,9,1,1,0,0,0.001131199998781085,
eps_fixed_0.1_456_86722af6,eps_fixed_0.1,train,325,456,easy,5,5,0.1,0.95,0.1,default,100,-14.0,5,0,1,0,1,0.0006767000013496727,
eps_fixed_0.1_456_86722af6,eps_fixed_0.1,train,326,456,easy,5,5,0.1,0.95,0.1,default,100,3.0,8,1,1,0,0,0.0010765999904833734,
eps_fixed_0.1_456_86722af6,eps_fixed_0.1,train,327,456,easy,5,5,0.1,0.95,0.1,default,100,3.0,8,1,1,0,0,0.001107799995224923,
eps_fixed_0.1_456_86722af6,eps_fixed_0.1,train,328,456,easy,5,5,0.1,0.95,0.1,default,100,3.0,8,1,1,0,0,0.0010503000085009262,
eps_fixed_0.1_456_86722af6,eps_fixed_0.1,train,329,456,easy,5,5,0.1,0.95,0.1,default,100,3.0,8,1,1,0,0,0.0010187000007135794,
eps_fixed_0.1_456_86722af6,eps_fixed_0.1,train,330,456,easy,5,5,0.1,0.95,0.1,default,100,3.0,8,1,1,0,0,0.001046599994879216,
eps_fixed_0.1_456_86722af6,eps_fixed_0.1,train,331,456,easy,5,5,0.1,0.95,0.1,default,100,3.0,8,1,1,0,0,0.0010168000007979572,
eps_fixed_0.1_456_86722af6,eps_fixed_0.1,train,332,456,easy,5,5,0.1,0.95,0.1,default,100,0.0,11,1,1,0,0,0.001328700003796257,
eps_fixed_0.1_456_86722af6,eps_fixed_0.1,train,333,456,easy,5,5,0.1,0.95,0.1,default,100,1.0,10,1,1,0,0,0.001257600000826642,
eps_fixed_0.1_456_86722af6,eps_fixed_0.1,train,334,456,easy,5,5,0.1,0.95,0.1,default,100,3.0,8,1,1,0,0,0.0010079000057885423,
eps_fixed_0.1_456_86722af6,eps_fixed_0.1,train,335,456,easy,5,5,0.1,0.95,0.1,default,100,3.0,8,1,1,0,0,0.0010614999919198453,
eps_fixed_0.1_456_86722af6,eps_fixed_0.1,train,336,456,easy,5,5,0.1,0.95,0.1,default,100,3.0,8,1,1,0,0,0.0010449000110384077,
eps_fixed_0.1_456_86722af6,eps_fixed_0.1,train,337,456,easy,5,5,0.1,0.95,0.1,default,100,3.0,8,1,1,0,0,0.0009870999929262325,
eps_fixed_0.1_456_86722af6,eps_fixed_0.1,train,338,456,easy,5,5,0.1,0.95,0.1,default,100,1.0,10,1,1,0,0,0.0012570999970193952,
eps_fixed_0.1_456_86722af6,eps_fixed_0.1,train,339,456,easy,5,5,0.1,0.95,0.1,default,100,3.0,8,1,1,0,0,0.0010040000051958486,
eps_fixed_0.1_456_86722af6,eps_fixed_0.1,train,340,456,easy,5,5,0.1,0.95,0.1,default,100,2.0,9,1,1,0,0,0.0011372000008122995,
eps_fixed_0.1_456_86722af6,eps_fixed_0.1,train,341,456,easy,5,5,0.1,0.95,0.1,default,100,1.0,10,1,1,0,0,0.001178899998194538,
eps_fixed_0.1_456_86722af6,eps_fixed_0.1,train,342,456,easy,5,5,0.1,0.95,0.1,default,100,3.0,8,1,1,0,0,0.0010778000141726807,
eps_fixed_0.1_456_86722af6,eps_fixed_0.1,train,343,456,easy,5,5,0.1,0.95,0.1,default,100,3.0,8,1,1,0,0,0.0010503000085009262,
eps_fixed_0.1_456_86722af6,eps_fixed_0.1,train,344,456,easy,5,5,0.1,0.95,0.1,default,100,1.0,10,1,1,0,0,0.001264999998966232,
eps_fixed_0.1_456_86722af6,eps_fixed_0.1,train,345,456,easy,5,5,0.1,0.95,0.1,default,100,3.0,8,1,1,0,0,0.0010578999936114997,
eps_fixed_0.1_456_86722af6,eps_fixed_0.1,train,346,456,easy,5,5,0.1,0.95,0.1,default,100,3.0,8,1,1,0,0,0.0010771999950520694,
eps_fixed_0.1_456_86722af6,eps_fixed_0.1,train,347,456,easy,5,5,0.1,0.95,0.1,default,100,3.0,8,1,1,0,0,0.0010668000031728297,
eps_fixed_0.1_456_86722af6,eps_fixed_0.1,train,348,456,easy,5,5,0.1,0.95,0.1,default,100,3.0,8,1,1,0,0,0.0010144999978365377,
eps_fixed_0.1_456_86722af6,eps_fixed_0.1,train,349,456,easy,5,5,0.1,0.95,0.1,default,100,3.0,8,1,1,0,0,0.001076700005796738,
eps_fixed_0.1_456_86722af6,eps_fixed_0.1,train,350,456,easy,5,5,0.1,0.95,0.1,default,100,3.0,8,1,1,0,0,0.0010832999978447333,
eps_fixed_0.1_456_86722af6,eps_fixed_0.1,train,351,456,easy,5,5,0.1,0.95,0.1,default,100,3.0,8,1,1,0,0,0.001032799991662614,
eps_fixed_0.1_456_86722af6,eps_fixed_0.1,train,352,456,easy,5,5,0.1,0.95,0.1,default,100,3.0,8,1,1,0,0,0.0010536000045249239,
eps_fixed_0.1_456_86722af6,eps_fixed_0.1,train,353,456,easy,5,5,0.1,0.95,0.1,default,100,3.0,8,1,1,0,0,0.0010258999973302707,
eps_fixed_0.1_456_86722af6,eps_fixed_0.1,train,354,456,easy,5,5,0.1,0.95,0.1,default,100,3.0,8,1,1,0,0,0.0010517000046093017,
eps_fixed_0.1_456_86722af6,eps_fixed_0.1,train,355,456,easy,5,5,0.1,0.95,0.1,default,100,2.0,9,1,1,0,0,0.001137699990067631,
eps_fixed_0.1_456_86722af6,eps_fixed_0.1,train,356,456,easy,5,5,0.1,0.95,0.1,default,100,3.0,8,1,1,0,0,0.0010473000002093613,
eps_fixed_0.1_456_86722af6,eps_fixed_0.1,train,357,456,easy,5,5,0.1,0.95,0.1,default,100,3.0,8,1,1,0,0,0.0010852999985218048,
eps_fixed_0.1_456_86722af6,eps_fixed_0.1,train,358,456,easy,5,5,0.1,0.95,0.1,default,100,3.0,8,1,1,0,0,0.001052400009939447,
eps_fixed_0.1_456_86722af6,eps_fixed_0.1,train,359,456,easy,5,5,0.1,0.95,0.1,default,100,3.0,8,1,1,0,0,0.0010628000018186867,
eps_fixed_0.1_456_86722af6,eps_fixed_0.1,train,360,456,easy,5,5,0.1,0.95,0.1,default,100,1.0,10,1,1,0,0,0.0012639999913517386,
eps_fixed_0.1_456_86722af6,eps_fixed_0.1,train,361,456,easy,5,5,0.1,0.95,0.1,default,100,3.0,8,1,1,0,0,0.0010833999986061826,
eps_fixed_0.1_456_86722af6,eps_fixed_0.1,train,362,456,easy,5,5,0.1,0.95,0.1,default,100,3.0,8,1,1,0,0,0.0010334999969927594,
eps_fixed_0.1_456_86722af6,eps_fixed_0.1,train,363,456,easy,5,5,0.1,0.95,0.1,default,100,3.0,8,1,1,0,0,0.0010057999897981063,
eps_fixed_0.1_456_86722af6,eps_fixed_0.1,train,364,456,easy,5,5,0.1,0.95,0.1,default,100,-14.0,5,0,1,0,1,0.0006110000103944913,
eps_fixed_0.1_456_86722af6,eps_fixed_0.1,train,365,456,easy,5,5,0.1,0.95,0.1,default,100,3.0,8,1,1,0,0,0.0010617999942041934,
eps_fixed_0.1_456_86722af6,eps_fixed_0.1,train,366,456,easy,5,5,0.1,0.95,0.1,default,100,3.0,8,1,1,0,0,0.0010467999964021146,
eps_fixed_0.1_456_86722af6,eps_fixed_0.1,train,367,456,easy,5,5,0.1,0.95,0.1,default,100,2.0,9,1,1,0,0,0.0011434999905759469,
eps_fixed_0.1_456_86722af6,eps_fixed_0.1,train,368,456,easy,5,5,0.1,0.95,0.1,default,100,-17.0,8,0,1,0,1,0.0009788000024855137,
eps_fixed_0.1_456_86722af6,eps_fixed_0.1,train,369,456,easy,5,5,0.1,0.95,0.1,default,100,1.0,10,1,1,0,0,0.0012607000098796561,
eps_fixed_0.1_456_86722af6,eps_fixed_0.1,train,370,456,easy,5,5,0.1,0.95,0.1,default,100,3.0,8,1,1,0,0,0.0010715999960666522,
eps_fixed_0.1_456_86722af6,eps_fixed_0.1,train,371,456,easy,5,5,0.1,0.95,0.1,default,100,3.0,8,1,1,0,0,0.0010447999957250431,
eps_fixed_0.1_456_86722af6,eps_fixed_0.1,train,372,456,easy,5,5,0.1,0.95,0.1,default,100,1.0,10,1,1,0,0,0.0012566000077640638,
eps_fixed_0.1_456_86722af6,eps_fixed_0.1,train,373,456,easy,5,5,0.1,0.95,0.1,default,100,1.0,10,1,1,0,0,0.0012338999949861318,
eps_fixed_0.1_456_86722af6,eps_fixed_0.1,train,374,456,easy,5,5,0.1,0.95,0.1,default,100,3.0,8,1,1,0,0,0.0010218000097665936,
eps_fixed_0.1_456_86722af6,eps_fixed_0.1,train,375,456,easy,5,5,0.1,0.95,0.1,default,100,1.0,10,1,1,0,0,0.0012038999993819743,
eps_fixed_0.1_456_86722af6,eps_fixed_0.1,train,376,456,easy,5,5,0.1,0.95,0.1,default,100,2.0,9,1,1,0,0,0.0011156999971717596,
eps_fixed_0.1_456_86722af6,eps_fixed_0.1,train,377,456,easy,5,5,0.1,0.95,0.1,default,100,3.0,8,1,1,0,0,0.0010670000046957284,
eps_fixed_0.1_456_86722af6,eps_fixed_0.1,train,378,456,easy,5,5,0.1,0.95,0.1,default,100,2.0,9,1,1,0,0,0.0011206000053789467,
eps_fixed_0.1_456_86722af6,eps_fixed_0.1,train,379,456,easy,5,5,0.1,0.95,0.1,default,100,3.0,8,1,1,0,0,0.0010627000010572374,
eps_fixed_0.1_456_86722af6,eps_fixed_0.1,train,380,456,easy,5,5,0.1,0.95,0.1,default,100,3.0,8,1,1,0,0,0.0010451999987708405,
eps_fixed_0.1_456_86722af6,eps_fixed_0.1,train,381,456,easy,5,5,0.1,0.95,0.1,default,100,1.0,10,1,1,0,0,0.0013120000076014549,
eps_fixed_0.1_456_86722af6,eps_fixed_0.1,train,382,456,easy,5,5,0.1,0.95,0.1,default,100,1.0,10,1,1,0,0,0.0012634000013349578,
eps_fixed_0.1_456_86722af6,eps_fixed_0.1,train,383,456,easy,5,5,0.1,0.95,0.1,default,100,-16.0,7,0,1,0,1,0.0009008000051835552,
eps_fixed_0.1_456_86722af6,eps_fixed_0.1,train,384,456,easy,5,5,0.1,0.95,0.1,default,100,3.0,8,1,1,0,0,0.00104599999031052,
eps_fixed_0.1_456_86722af6,eps_fixed_0.1,train,385,456,easy,5,5,0.1,0.95,0.1,default,100,2.0,9,1,1,0,0,0.0011375000030966476,
eps_fixed_0.1_456_86722af6,eps_fixed_0.1,train,386,456,easy,5,5,0.1,0.95,0.1,default,100,3.0,8,1,1,0,0,0.001060100010363385,
eps_fixed_0.1_456_86722af6,eps_fixed_0.1,train,387,456,easy,5,5,0.1,0.95,0.1,default,100,3.0,8,1,1,0,0,0.0010729999921750277,
eps_fixed_0.1_456_86722af6,eps_fixed_0.1,train,388,456,easy,5,5,0.1,0.95,0.1,default,100,3.0,8,1,1,0,0,0.0010641999979270622,
eps_fixed_0.1_456_86722af6,eps_fixed_0.1,train,389,456,easy,5,5,0.1,0.95,0.1,default,100,3.0,8,1,1,0,0,0.0010501999931875616,
eps_fixed_0.1_456_86722af6,eps_fixed_0.1,train,390,456,easy,5,5,0.1,0.95,0.1,default,100,3.0,8,1,1,0,0,0.0010655000078259036,
eps_fixed_0.1_456_86722af6,eps_fixed_0.1,train,391,456,easy,5,5,0.1,0.95,0.1,default,100,3.0,8,1,1,0,0,0.0010482999932719395,
eps_fixed_0.1_456_86722af6,eps_fixed_0.1,train,392,456,easy,5,5,0.1,0.95,0.1,default,100,1.0,10,1,1,0,0,0.0012488000065786764,
eps_fixed_0.1_456_86722af6,eps_fixed_0.1,train,393,456,easy,5,5,0.1,0.95,0.1,default,100,2.0,9,1,1,0,0,0.0011184000031789765,
eps_fixed_0.1_456_86722af6,eps_fixed_0.1,train,394,456,easy,5,5,0.1,0.95,0.1,default,100,3.0,8,1,1,0,0,0.0010660999978426844,
eps_fixed_0.1_456_86722af6,eps_fixed_0.1,train,395,456,easy,5,5,0.1,0.95,0.1,default,100,1.0,10,1,1,0,0,0.001252100002602674,
eps_fixed_0.1_456_86722af6,eps_fixed_0.1,train,396,456,easy,5,5,0.1,0.95,0.1,default,100,3.0,8,1,1,0,0,0.0010571000020718202,
eps_fixed_0.1_456_86722af6,eps_fixed_0.1,train,397,456,easy,5,5,0.1,0.95,0.1,default,100,3.0,8,1,1,0,0,0.0010718999983510002,
eps_fixed_0.1_456_86722af6,eps_fixed_0.1,train,398,456,easy,5,5,0.1,0.95,0.1,default,100,3.0,8,1,1,0,0,0.0010442000057082623,
eps_fixed_0.1_456_86722af6,eps_fixed_0.1,train,399,456,easy,5,5,0.1,0.95,0.1,default,100,1.0,10,1,1,0,0,0.0012506000057328492,
eps_fixed_0.1_456_86722af6,eps_fixed_0.1,train,400,456,easy,5,5,0.1,0.95,0.1,default,100,3.0,8,1,1,0,0,0.001061699993442744,results\epsilon\fixed_0.1\seed_456\qtable_ep400.npz
eps_fixed_0.1_456_86722af6,eps_fixed_0.1,train,401,456,easy,5,5,0.1,0.95,0.1,default,100,3.0,8,1,1,0,0,0.001098900000215508,
eps_fixed_0.1_456_86722af6,eps_fixed_0.1,train,402,456,easy,5,5,0.1,0.95,0.1,default,100,3.0,8,1,1,0,0,0.0010981999948853627,
eps_fixed_0.1_456_86722af6,eps_fixed_0.1,train,403,456,easy,5,5,0.1,0.95,0.1,default,100,1.0,10,1,1,0,0,0.0012764999992214143,
eps_fixed_0.1_456_86722af6,eps_fixed_0.1,train,404,456,easy,5,5,0.1,0.95,0.1,default,100,3.0,8,1,1,0,0,0.001069099991582334,
eps_fixed_0.1_456_86722af6,eps_fixed_0.1,train,405,456,easy,5,5,0.1,0.95,0.1,default,100,1.0,10,1,1,0,0,0.001280700002098456,
eps_fixed_0.1_456_86722af6,eps_fixed_0.1,train,406,456,easy,5,5,0.1,0.95,0.1,default,100,1.0,10,1,1,0,0,0.001262800011318177,
eps_fixed_0.1_456_86722af6,eps_fixed_0.1,train,407,456,easy,5,5,0.1,0.95,0.1,default,100,3.0,8,1,1,0,0,0.0009941000025719404,
eps_fixed_0.1_456_86722af6,eps_fixed_0.1,train,408,456,easy,5,5,0.1,0.95,0.1,default,100,3.0,8,1,1,0,0,0.0012824000004911795,
eps_fixed_0.1_456_86722af6,eps_fixed_0.1,train,409,456,easy,5,5,0.1,0.95,0.1,default,100,1.0,10,1,1,0,0,0.001305300000240095,
eps_fixed_0.1_456_86722af6,eps_fixed_0.1,train,410,456,easy,5,5,0.1,0.95,0.1,default,100,3.0,8,1,1,0,0,0.0010928999981842935,
eps_fixed_0.1_456_86722af6,eps_fixed_0.1,train,411,456,easy,5,5,0.1,0.95,0.1,default,100,1.0,10,1,1,0,0,0.0012504000042099506,
eps_fixed_0.1_456_86722af6,eps_fixed_0.1,train,412,456,easy,5,5,0.1,0.95,0.1,default,100,3.0,8,1,1,0,0,0.0010397000005468726,
eps_fixed_0.1_456_86722af6,eps_fixed_0.1,train,413,456,easy,5,5,0.1,0.95,0.1,default,100,3.0,8,1,1,0,0,0.0010956000041915104,
eps_fixed_0.1_456_86722af6,eps_fixed_0.1,train,414,456,easy,5,5,0.1,0.95,0.1,default,100,3.0,8,1,1,0,0,0.001046299992594868,
eps_fixed_0.1_456_86722af6,eps_fixed_0.1,train,415,456,easy,5,5,0.1,0.95,0.1,default,100,0.0,11,1,1,0,0,0.0013371999957598746,
eps_fixed_0.1_456_86722af6,eps_fixed_0.1,train,416,456,easy,5,5,0.1,0.95,0.1,default,100,3.0,8,1,1,0,0,0.0010469999979250133,
eps_fixed_0.1_456_86722af6,eps_fixed_0.1,train,417,456,easy,5,5,0.1,0.95,0.1,default,100,2.0,9,1,1,0,0,0.0011000000085914508,
eps_fixed_0.1_456_86722af6,eps_fixed_0.1,train,418,456,easy,5,5,0.1,0.95,0.1,default,100,2.0,9,1,1,0,0,0.001120700006140396,
eps_fixed_0.1_456_86722af6,eps_fixed_0.1,train,419,456,easy,5,5,0.1,0.95,0.1,default,100,-16.0,7,0,1,0,1,0.0009015999967232347,
eps_fixed_0.1_456_86722af6,eps_fixed_0.1,train,420,456,easy,5,5,0.1,0.95,0.1,default,100,0.0,11,1,1,0,0,0.0013226000010035932,
eps_fixed_0.1_456_86722af6,eps_fixed_0.1,train,421,456,easy,5,5,0.1,0.95,0.1,default,100,2.0,9,1,1,0,0,0.0014426999987335876,
eps_fixed_0.1_456_86722af6,eps_fixed_0.1,train,422,456,easy,5,5,0.1,0.95,0.1,default,100,3.0,8,1,1,0,0,0.0011346999963279814,
eps_fixed_0.1_456_86722af6,eps_fixed_0.1,train,423,456,easy,5,5,0.1,0.95,0.1,default,100,-19.0,10,0,1,0,1,0.0012505000049714,
eps_fixed_0.1_456_86722af6,eps_fixed_0.1,train,424,456,easy,5,5,0.1,0.95,0.1,default,100,3.0,8,1,1,0,0,0.00112749999971129,
eps_fixed_0.1_456_86722af6,eps_fixed_0.1,train,425,456,easy,5,5,0.1,0.95,0.1,default,100,-2.0,13,1,1,0,0,0.0015239999920595437,
eps_fixed_0.1_456_86722af6,eps_fixed_0.1,train,426,456,easy,5,5,0.1,0.95,0.1,default,100,3.0,8,1,1,0,0,0.0012052999954903498,
eps_fixed_0.1_456_86722af6,eps_fixed_0.1,train,427,456,easy,5,5,0.1,0.95,0.1,default,100,1.0,10,1,1,0,0,0.0012934999977005646,
eps_fixed_0.1_456_86722af6,eps_fixed_0.1,train,428,456,easy,5,5,0.1,0.95,0.1,default,100,3.0,8,1,1,0,0,0.0010748000058811158,
eps_fixed_0.1_456_86722af6,eps_fixed_0.1,train,429,456,easy,5,5,0.1,0.95,0.1,default,100,3.0,8,1,1,0,0,0.001097699991078116,
eps_fixed_0.1_456_86722af6,eps_fixed_0.1,train,430,456,easy,5,5,0.1,0.95,0.1,default,100,3.0,8,1,1,0,0,0.0010726999898906797,
eps_fixed_0.1_456_86722af6,eps_fixed_0.1,train,431,456,easy,5,5,0.1,0.95,0.1,default,100,3.0,8,1,1,0,0,0.0010539000068092719,
eps_fixed_0.1_456_86722af6,eps_fixed_0.1,train,432,456,easy,5,5,0.1,0.95,0.1,default,100,3.0,8,1,1,0,0,0.0010608000011416152,
eps_fixed_0.1_456_86722af6,eps_fixed_0.1,train,433,456,easy,5,5,0.1,0.95,0.1,default,100,3.0,8,1,1,0,0,0.0010452999995322898,
eps_fixed_0.1_456_86722af6,eps_fixed_0.1,train,434,456,easy,5,5,0.1,0.95,0.1,default,100,3.0,8,1,1,0,0,0.0011666999926092103,
eps_fixed_0.1_456_86722af6,eps_fixed_0.1,train,435,456,easy,5,5,0.1,0.95,0.1,default,100,-1.0,12,1,1,0,0,0.0014499999961117283,
eps_fixed_0.1_456_86722af6,eps_fixed_0.1,train,436,456,easy,5,5,0.1,0.95,0.1,default,100,1.0,10,1,1,0,0,0.0012427000037860125,
eps_fixed_0.1_456_86722af6,eps_fixed_0.1,train,437,456,easy,5,5,0.1,0.95,0.1,default,100,3.0,8,1,1,0,0,0.001159799998276867,
eps_fixed_0.1_456_86722af6,eps_fixed_0.1,train,438,456,easy,5,5,0.1,0.95,0.1,default,100,2.0,9,1,1,0,0,0.0011150000063935295,
eps_fixed_0.1_456_86722af6,eps_fixed_0.1,train,439,456,easy,5,5,0.1,0.95,0.1,default,100,1.0,10,1,1,0,0,0.0012525000056484714,
eps_fixed_0.1_456_86722af6,eps_fixed_0.1,train,440,456,easy,5,5,0.1,0.95,0.1,default,100,3.0,8,1,1,0,0,0.0010885999945458025,
eps_fixed_0.1_456_86722af6,eps_fixed_0.1,train,441,456,easy,5,5,0.1,0.95,0.1,default,100,2.0,9,1,1,0,0,0.00117859999591019,
eps_fixed_0.1_456_86722af6,eps_fixed_0.1,train,442,456,easy,5,5,0.1,0.95,0.1,default,100,3.0,8,1,1,0,0,0.0011451000027591363,
eps_fixed_0.1_456_86722af6,eps_fixed_0.1,train,443,456,easy,5,5,0.1,0.95,0.1,default,100,3.0,8,1,1,0,0,0.0011836999910883605,
eps_fixed_0.1_456_86722af6,eps_fixed_0.1,train,444,456,easy,5,5,0.1,0.95,0.1,default,100,3.0,8,1,1,0,0,0.0010716999968281016,
eps_fixed_0.1_456_86722af6,eps_fixed_0.1,train,445,456,easy,5,5,0.1,0.95,0.1,default,100,3.0,8,1,1,0,0,0.0010544999968260527,
eps_fixed_0.1_456_86722af6,eps_fixed_0.1,train,446,456,easy,5,5,0.1,0.95,0.1,default,100,3.0,8,1,1,0,0,0.0012298999936319888,
eps_fixed_0.1_456_86722af6,eps_fixed_0.1,train,447,456,easy,5,5,0.1,0.95,0.1,default,100,3.0,8,1,1,0,0,0.0012237000046297908,
eps_fixed_0.1_456_86722af6,eps_fixed_0.1,train,448,456,easy,5,5,0.1,0.95,0.1,default,100,1.0,10,1,1,0,0,0.0011703000054694712,
eps_fixed_0.1_456_86722af6,eps_fixed_0.1,train,449,456,easy,5,5,0.1,0.95,0.1,default,100,-16.0,7,0,1,0,1,0.0009111999970627949,
eps_fixed_0.1_456_86722af6,eps_fixed_0.1,train,450,456,easy,5,5,0.1,0.95,0.1,default,100,3.0,8,1,1,0,0,0.0012089999945601448,
eps_fixed_0.1_456_86722af6,eps_fixed_0.1,train,451,456,easy,5,5,0.1,0.95,0.1,default,100,3.0,8,1,1,0,0,0.001031799998600036,
eps_fixed_0.1_456_86722af6,eps_fixed_0.1,train,452,456,easy,5,5,0.1,0.95,0.1,default,100,-14.0,5,0,1,0,1,0.0006598999898415059,
eps_fixed_0.1_456_86722af6,eps_fixed_0.1,train,453,456,easy,5,5,0.1,0.95,0.1,default,100,3.0,8,1,1,0,0,0.0011507999879540876,
eps_fixed_0.1_456_86722af6,eps_fixed_0.1,train,454,456,easy,5,5,0.1,0.95,0.1,default,100,-14.0,5,0,1,0,1,0.000724199999240227,
eps_fixed_0.1_456_86722af6,eps_fixed_0.1,train,455,456,easy,5,5,0.1,0.95,0.1,default,100,3.0,8,1,1,0,0,0.0011794000020017847,
eps_fixed_0.1_456_86722af6,eps_fixed_0.1,train,456,456,easy,5,5,0.1,0.95,0.1,default,100,1.0,10,1,1,0,0,0.0011725999938789755,
eps_fixed_0.1_456_86722af6,eps_fixed_0.1,train,457,456,easy,5,5,0.1,0.95,0.1,default,100,-1.0,12,1,1,0,0,0.0014606000040657818,
eps_fixed_0.1_456_86722af6,eps_fixed_0.1,train,458,456,easy,5,5,0.1,0.95,0.1,default,100,-1.0,12,1,1,0,0,0.0016089999990072101,
eps_fixed_0.1_456_86722af6,eps_fixed_0.1,train,459,456,easy,5,5,0.1,0.95,0.1,default,100,3.0,8,1,1,0,0,0.0011358999909134582,
eps_fixed_0.1_456_86722af6,eps_fixed_0.1,train,460,456,easy,5,5,0.1,0.95,0.1,default,100,3.0,8,1,1,0,0,0.0010565999982645735,
eps_fixed_0.1_456_86722af6,eps_fixed_0.1,train,461,456,easy,5,5,0.1,0.95,0.1,default,100,2.0,9,1,1,0,0,0.0011269000096945092,
eps_fixed_0.1_456_86722af6,eps_fixed_0.1,train,462,456,easy,5,5,0.1,0.95,0.1,default,100,1.0,10,1,1,0,0,0.0012633000005735084,
eps_fixed_0.1_456_86722af6,eps_fixed_0.1,train,463,456,easy,5,5,0.1,0.95,0.1,default,100,0.0,11,1,1,0,0,0.0014898000081302598,
eps_fixed_0.1_456_86722af6,eps_fixed_0.1,train,464,456,easy,5,5,0.1,0.95,0.1,default,100,-1.0,12,1,1,0,0,0.0018481000006431714,
eps_fixed_0.1_456_86722af6,eps_fixed_0.1,train,465,456,easy,5,5,0.1,0.95,0.1,default,100,3.0,8,1,1,0,0,0.0013581999955931678,
eps_fixed_0.1_456_86722af6,eps_fixed_0.1,train,466,456,easy,5,5,0.1,0.95,0.1,default,100,3.0,8,1,1,0,0,0.0013124000106472522,
eps_fixed_0.1_456_86722af6,eps_fixed_0.1,train,467,456,easy,5,5,0.1,0.95,0.1,default,100,3.0,8,1,1,0,0,0.0010480999917490408,
eps_fixed_0.1_456_86722af6,eps_fixed_0.1,train,468,456,easy,5,5,0.1,0.95,0.1,default,100,3.0,8,1,1,0,0,0.0010342000023229048,
eps_fixed_0.1_456_86722af6,eps_fixed_0.1,train,469,456,easy,5,5,0.1,0.95,0.1,default,100,2.0,9,1,1,0,0,0.0012439000129234046,
eps_fixed_0.1_456_86722af6,eps_fixed_0.1,train,470,456,easy,5,5,0.1,0.95,0.1,default,100,1.0,10,1,1,0,0,0.0013177000073483214,
eps_fixed_0.1_456_86722af6,eps_fixed_0.1,train,471,456,easy,5,5,0.1,0.95,0.1,default,100,0.0,11,1,1,0,0,0.0012818999966839328,
eps_fixed_0.1_456_86722af6,eps_fixed_0.1,train,472,456,easy,5,5,0.1,0.95,0.1,default,100,0.0,11,1,1,0,0,0.0014697000005980954,
eps_fixed_0.1_456_86722af6,eps_fixed_0.1,train,473,456,easy,5,5,0.1,0.95,0.1,default,100,-16.0,7,0,1,0,1,0.0009314999915659428,
eps_fixed_0.1_456_86722af6,eps_fixed_0.1,train,474,456,easy,5,5,0.1,0.95,0.1,default,100,0.0,11,1,1,0,0,0.0014235999988159165,
eps_fixed_0.1_456_86722af6,eps_fixed_0.1,train,475,456,easy,5,5,0.1,0.95,0.1,default,100,3.0,8,1,1,0,0,0.0011573999945539981,
eps_fixed_0.1_456_86722af6,eps_fixed_0.1,train,476,456,easy,5,5,0.1,0.95,0.1,default,100,2.0,9,1,1,0,0,0.0012560000031953678,
eps_fixed_0.1_456_86722af6,eps_fixed_0.1,train,477,456,easy,5,5,0.1,0.95,0.1,default,100,1.0,10,1,1,0,0,0.0012624999944819137,
eps_fixed_0.1_456_86722af6,eps_fixed_0.1,train,478,456,easy,5,5,0.1,0.95,0.1,default,100,2.0,9,1,1,0,0,0.0010963000095216557,
eps_fixed_0.1_456_86722af6,eps_fixed_0.1,train,479,456,easy,5,5,0.1,0.95,0.1,default,100,3.0,8,1,1,0,0,0.0012051999947289005,
eps_fixed_0.1_456_86722af6,eps_fixed_0.1,train,480,456,easy,5,5,0.1,0.95,0.1,default,100,3.0,8,1,1,0,0,0.001055800006724894,
eps_fixed_0.1_456_86722af6,eps_fixed_0.1,train,481,456,easy,5,5,0.1,0.95,0.1,default,100,3.0,8,1,1,0,0,0.0013179999950807542,
eps_fixed_0.1_456_86722af6,eps_fixed_0.1,train,482,456,easy,5,5,0.1,0.95,0.1,default,100,1.0,10,1,1,0,0,0.0012303999974392354,
eps_fixed_0.1_456_86722af6,eps_fixed_0.1,train,483,456,easy,5,5,0.1,0.95,0.1,default,100,3.0,8,1,1,0,0,0.0011836999910883605,
eps_fixed_0.1_456_86722af6,eps_fixed_0.1,train,484,456,easy,5,5,0.1,0.95,0.1,default,100,3.0,8,1,1,0,0,0.001196099998196587,
eps_fixed_0.1_456_86722af6,eps_fixed_0.1,train,485,456,easy,5,5,0.1,0.95,0.1,default,100,1.0,10,1,1,0,0,0.0014044999988982454,
eps_fixed_0.1_456_86722af6,eps_fixed_0.1,train,486,456,easy,5,5,0.1,0.95,0.1,default,100,2.0,9,1,1,0,0,0.0011722000053850934,
eps_fixed_0.1_456_86722af6,eps_fixed_0.1,train,487,456,easy,5,5,0.1,0.95,0.1,default,100,3.0,8,1,1,0,0,0.0012122000043746084,
eps_fixed_0.1_456_86722af6,eps_fixed_0.1,train,488,456,easy,5,5,0.1,0.95,0.1,default,100,3.0,8,1,1,0,0,0.0010527999984333292,
eps_fixed_0.1_456_86722af6,eps_fixed_0.1,train,489,456,easy,5,5,0.1,0.95,0.1,default,100,-1.0,12,1,1,0,0,0.0014547000027960166,
eps_fixed_0.1_456_86722af6,eps_fixed_0.1,train,490,456,easy,5,5,0.1,0.95,0.1,default,100,-1.0,12,1,1,0,0,0.0016361000016331673,
eps_fixed_0.1_456_86722af6,eps_fixed_0.1,train,491,456,easy,5,5,0.1,0.95,0.1,default,100,3.0,8,1,1,0,0,0.0010897000029217452,
eps_fixed_0.1_456_86722af6,eps_fixed_0.1,train,492,456,easy,5,5,0.1,0.95,0.1,default,100,-2.0,13,1,1,0,0,0.0015145999932428822,
eps_fixed_0.1_456_86722af6,eps_fixed_0.1,train,493,456,easy,5,5,0.1,0.95,0.1,default,100,1.0,10,1,1,0,0,0.0014494000060949475,
eps_fixed_0.1_456_86722af6,eps_fixed_0.1,train,494,456,easy,5,5,0.1,0.95,0.1,default,100,-1.0,12,1,1,0,0,0.0016464000073028728,
eps_fixed_0.1_456_86722af6,eps_fixed_0.1,train,495,456,easy,5,5,0.1,0.95,0.1,default,100,0.0,11,1,1,0,0,0.001747999995131977,
eps_fixed_0.1_456_86722af6,eps_fixed_0.1,train,496,456,easy,5,5,0.1,0.95,0.1,default,100,3.0,8,1,1,0,0,0.001219500001752749,
eps_fixed_0.1_456_86722af6,eps_fixed_0.1,train,497,456,easy,5,5,0.1,0.95,0.1,default,100,3.0,8,1,1,0,0,0.0010811999964062124,
eps_fixed_0.1_456_86722af6,eps_fixed_0.1,train,498,456,easy,5,5,0.1,0.95,0.1,default,100,3.0,8,1,1,0,0,0.0010753000096883625,
eps_fixed_0.1_456_86722af6,eps_fixed_0.1,train,499,456,easy,5,5,0.1,0.95,0.1,default,100,3.0,8,1,1,0,0,0.0011404999968362972,
eps_fixed_0.1_456_86722af6,eps_fixed_0.1,train,500,456,easy,5,5,0.1,0.95,0.1,default,100,3.0,8,1,1,0,0,0.001166599991847761,
eps_fixed_0.1_456_86722af6,eps_fixed_0.1,train,501,456,easy,5,5,0.1,0.95,0.1,default,100,1.0,10,1,1,0,0,0.0014755999873159453,
eps_fixed_0.1_456_86722af6,eps_fixed_0.1,train,502,456,easy,5,5,0.1,0.95,0.1,default,100,3.0,8,1,1,0,0,0.001120499990065582,
eps_fixed_0.1_456_86722af6,eps_fixed_0.1,train,503,456,easy,5,5,0.1,0.95,0.1,default,100,2.0,9,1,1,0,0,0.0012090999953215942,
eps_fixed_0.1_456_86722af6,eps_fixed_0.1,train,504,456,easy,5,5,0.1,0.95,0.1,default,100,3.0,8,1,1,0,0,0.0010455000010551885,
eps_fixed_0.1_456_86722af6,eps_fixed_0.1,train,505,456,easy,5,5,0.1,0.95,0.1,default,100,2.0,9,1,1,0,0,0.0013100999931339175,
eps_fixed_0.1_456_86722af6,eps_fixed_0.1,train,506,456,easy,5,5,0.1,0.95,0.1,default,100,2.0,9,1,1,0,0,0.0011182000016560778,
eps_fixed_0.1_456_86722af6,eps_fixed_0.1,train,507,456,easy,5,5,0.1,0.95,0.1,default,100,3.0,8,1,1,0,0,0.0009791000047698617,
eps_fixed_0.1_456_86722af6,eps_fixed_0.1,train,508,456,easy,5,5,0.1,0.95,0.1,default,100,0.0,11,1,1,0,0,0.0014756000018678606,
eps_fixed_0.1_456_86722af6,eps_fixed_0.1,train,509,456,easy,5,5,0.1,0.95,0.1,default,100,3.0,8,1,1,0,0,0.001101000001654029,
eps_fixed_0.1_456_86722af6,eps_fixed_0.1,train,510,456,easy,5,5,0.1,0.95,0.1,default,100,3.0,8,1,1,0,0,0.0011301999911665916,
eps_fixed_0.1_456_86722af6,eps_fixed_0.1,train,511,456,easy,5,5,0.1,0.95,0.1,default,100,3.0,8,1,1,0,0,0.001037399997585453,
eps_fixed_0.1_456_86722af6,eps_fixed_0.1,train,512,456,easy,5,5,0.1,0.95,0.1,default,100,-16.0,7,0,1,0,1,0.0010566999990260229,
eps_fixed_0.1_456_86722af6,eps_fixed_0.1,train,513,456,easy,5,5,0.1,0.95,0.1,default,100,3.0,8,1,1,0,0,0.0010923999943770468,
eps_fixed_0.1_456_86722af6,eps_fixed_0.1,train,514,456,easy,5,5,0.1,0.95,0.1,default,100,3.0,8,1,1,0,0,0.0010107999987667426,
eps_fixed_0.1_456_86722af6,eps_fixed_0.1,train,515,456,easy,5,5,0.1,0.95,0.1,default,100,3.0,8,1,1,0,0,0.0010691000061342493,
eps_fixed_0.1_456_86722af6,eps_fixed_0.1,train,516,456,easy,5,5,0.1,0.95,0.1,default,100,2.0,9,1,1,0,0,0.001301999989664182,
eps_fixed_0.1_456_86722af6,eps_fixed_0.1,train,517,456,easy,5,5,0.1,0.95,0.1,default,100,3.0,8,1,1,0,0,0.001154599987785332,
eps_fixed_0.1_456_86722af6,eps_fixed_0.1,train,518,456,easy,5,5,0.1,0.95,0.1,default,100,-2.0,13,1,1,0,0,0.0014898000081302598,
eps_fixed_0.1_456_86722af6,eps_fixed_0.1,train,519,456,easy,5,5,0.1,0.95,0.1,default,100,1.0,10,1,1,0,0,0.0012913999962620437,
eps_fixed_0.1_456_86722af6,eps_fixed_0.1,train,520,456,easy,5,5,0.1,0.95,0.1,default,100,3.0,8,1,1,0,0,0.001019200004520826,
eps_fixed_0.1_456_86722af6,eps_fixed_0.1,train,521,456,easy,5,5,0.1,0.95,0.1,default,100,1.0,10,1,1,0,0,0.001420399989001453,
eps_fixed_0.1_456_86722af6,eps_fixed_0.1,train,522,456,easy,5,5,0.1,0.95,0.1,default,100,3.0,8,1,1,0,0,0.001126599992858246,
eps_fixed_0.1_456_86722af6,eps_fixed_0.1,train,523,456,easy,5,5,0.1,0.95,0.1,default,100,0.0,11,1,1,0,0,0.0013158999936422333,
eps_fixed_0.1_456_86722af6,eps_fixed_0.1,train,524,456,easy,5,5,0.1,0.95,0.1,default,100,-16.0,7,0,1,0,1,0.0010482999932719395,
eps_fixed_0.1_456_86722af6,eps_fixed_0.1,train,525,456,easy,5,5,0.1,0.95,0.1,default,100,2.0,9,1,1,0,0,0.0011566000030143186,
eps_fixed_0.1_456_86722af6,eps_fixed_0.1,train,526,456,easy,5,5,0.1,0.95,0.1,default,100,3.0,8,1,1,0,0,0.0010712000075727701,
eps_fixed_0.1_456_86722af6,eps_fixed_0.1,train,527,456,easy,5,5,0.1,0.95,0.1,default,100,1.0,10,1,1,0,0,0.0012214000016683713,
eps_fixed_0.1_456_86722af6,eps_fixed_0.1,train,528,456,easy,5,5,0.1,0.95,0.1,default,100,3.0,8,1,1,0,0,0.0011565000022528693,
eps_fixed_0.1_456_86722af6,eps_fixed_0.1,train,529,456,easy,5,5,0.1,0.95,0.1,default,100,3.0,8,1,1,0,0,0.001182599997264333,
eps_fixed_0.1_456_86722af6,eps_fixed_0.1,train,530,456,easy,5,5,0.1,0.95,0.1,default,100,3.0,8,1,1,0,0,0.0010683999862521887,
eps_fixed_0.1_456_86722af6,eps_fixed_0.1,train,531,456,easy,5,5,0.1,0.95,0.1,default,100,1.0,10,1,1,0,0,0.0012149000103818253,
eps_fixed_0.1_456_86722af6,eps_fixed_0.1,train,532,456,easy,5,5,0.1,0.95,0.1,default,100,3.0,8,1,1,0,0,0.0010627999872667715,
eps_fixed_0.1_456_86722af6,eps_fixed_0.1,train,533,456,easy,5,5,0.1,0.95,0.1,default,100,1.0,10,1,1,0,0,0.0011725000076694414,
eps_fixed_0.1_456_86722af6,eps_fixed_0.1,train,534,456,easy,5,5,0.1,0.95,0.1,default,100,3.0,8,1,1,0,0,0.0010791000095196068,
eps_fixed_0.1_456_86722af6,eps_fixed_0.1,train,535,456,easy,5,5,0.1,0.95,0.1,default,100,3.0,8,1,1,0,0,0.001069999998435378,
eps_fixed_0.1_456_86722af6,eps_fixed_0.1,train,536,456,easy,5,5,0.1,0.95,0.1,default,100,3.0,8,1,1,0,0,0.0010302000009687617,
eps_fixed_0.1_456_86722af6,eps_fixed_0.1,train,537,456,easy,5,5,0.1,0.95,0.1,default,100,3.0,8,1,1,0,0,0.0010121999948751181,
eps_fixed_0.1_456_86722af6,eps_fixed_0.1,train,538,456,easy,5,5,0.1,0.95,0.1,default,100,3.0,8,1,1,0,0,0.0010302000009687617,
eps_fixed_0.1_456_86722af6,eps_fixed_0.1,train,539,456,easy,5,5,0.1,0.95,0.1,default,100,3.0,8,1,1,0,0,0.001044499993440695,
eps_fixed_0.1_456_86722af6,eps_fixed_0.1,train,540,456,easy,5,5,0.1,0.95,0.1,default,100,3.0,8,1,1,0,0,0.001077300010365434,
eps_fixed_0.1_456_86722af6,eps_fixed_0.1,train,541,456,easy,5,5,0.1,0.95,0.1,default,100,3.0,8,1,1,0,0,0.0010956000041915104,
eps_fixed_0.1_456_86722af6,eps_fixed_0.1,train,542,456,easy,5,5,0.1,0.95,0.1,default,100,3.0,8,1,1,0,0,0.0011418999929446727,
eps_fixed_0.1_456_86722af6,eps_fixed_0.1,train,543,456,easy,5,5,0.1,0.95,0.1,default,100,-16.0,7,0,1,0,1,0.0009244999964721501,
eps_fixed_0.1_456_86722af6,eps_fixed_0.1,train,544,456,easy,5,5,0.1,0.95,0.1,default,100,3.0,8,1,1,0,0,0.0010928999981842935,
eps_fixed_0.1_456_86722af6,eps_fixed_0.1,train,545,456,easy,5,5,0.1,0.95,0.1,default,100,-1.0,12,1,1,0,0,0.0014509999891743064,
eps_fixed_0.1_456_86722af6,eps_fixed_0.1,train,546,456,easy,5,5,0.1,0.95,0.1,default,100,3.0,8,1,1,0,0,0.0010539000068092719,
eps_fixed_0.1_456_86722af6,eps_fixed_0.1,train,547,456,easy,5,5,0.1,0.95,0.1,default,100,3.0,8,1,1,0,0,0.0010306999902240932,
eps_fixed_0.1_456_86722af6,eps_fixed_0.1,train,548,456,easy,5,5,0.1,0.95,0.1,default,100,1.0,10,1,1,0,0,0.0012355000071693212,
eps_fixed_0.1_456_86722af6,eps_fixed_0.1,train,549,456,easy,5,5,0.1,0.95,0.1,default,100,-18.0,9,0,1,0,1,0.0010914000013144687,
eps_fixed_0.1_456_86722af6,eps_fixed_0.1,train,550,456,easy,5,5,0.1,0.95,0.1,default,100,3.0,8,1,1,0,0,0.0010551000013947487,
eps_fixed_0.1_456_86722af6,eps_fixed_0.1,train,551,456,easy,5,5,0.1,0.95,0.1,default,100,2.0,9,1,1,0,0,0.0011366999970050529,
eps_fixed_0.1_456_86722af6,eps_fixed_0.1,train,552,456,easy,5,5,0.1,0.95,0.1,default,100,2.0,9,1,1,0,0,0.0011414000036893412,
eps_fixed_0.1_456_86722af6,eps_fixed_0.1,train,553,456,easy,5,5,0.1,0.95,0.1,default,100,2.0,9,1,1,0,0,0.0011431999882915989,
eps_fixed_0.1_456_86722af6,eps_fixed_0.1,train,554,456,easy,5,5,0.1,0.95,0.1,default,100,1.0,10,1,1,0,0,0.0012549000093713403,
eps_fixed_0.1_456_86722af6,eps_fixed_0.1,train,555,456,easy,5,5,0.1,0.95,0.1,default,100,3.0,8,1,1,0,0,0.0010066999966511503,
eps_fixed_0.1_456_86722af6,eps_fixed_0.1,train,556,456,easy,5,5,0.1,0.95,0.1,default,100,3.0,8,1,1,0,0,0.0010668000031728297,
eps_fixed_0.1_456_86722af6,eps_fixed_0.1,train,557,456,easy,5,5,0.1,0.95,0.1,default,100,1.0,10,1,1,0,0,0.001245000006747432,
eps_fixed_0.1_456_86722af6,eps_fixed_0.1,train,558,456,easy,5,5,0.1,0.95,0.1,default,100,3.0,8,1,1,0,0,0.0010670999909052625,
eps_fixed_0.1_456_86722af6,eps_fixed_0.1,train,559,456,easy,5,5,0.1,0.95,0.1,default,100,3.0,8,1,1,0,0,0.0010110999864991754,
eps_fixed_0.1_456_86722af6,eps_fixed_0.1,train,560,456,easy,5,5,0.1,0.95,0.1,default,100,3.0,8,1,1,0,0,0.0010661999986041337,
eps_fixed_0.1_456_86722af6,eps_fixed_0.1,train,561,456,easy,5,5,0.1,0.95,0.1,default,100,3.0,8,1,1,0,0,0.0012207999970996752,
eps_fixed_0.1_456_86722af6,eps_fixed_0.1,train,562,456,easy,5,5,0.1,0.95,0.1,default,100,3.0,8,1,1,0,0,0.0010895000013988465,
eps_fixed_0.1_456_86722af6,eps_fixed_0.1,train,563,456,easy,5,5,0.1,0.95,0.1,default,100,3.0,8,1,1,0,0,0.0009905000042635947,
eps_fixed_0.1_456_86722af6,eps_fixed_0.1,train,564,456,easy,5,5,0.1,0.95,0.1,default,100,-1.0,12,1,1,0,0,0.001336699991952628,
eps_fixed_0.1_456_86722af6,eps_fixed_0.1,train,565,456,easy,5,5,0.1,0.95,0.1,default,100,3.0,8,1,1,0,0,0.0010810999956447631,
eps_fixed_0.1_456_86722af6,eps_fixed_0.1,train,566,456,easy,5,5,0.1,0.95,0.1,default,100,3.0,8,1,1,0,0,0.001069999998435378,
eps_fixed_0.1_456_86722af6,eps_fixed_0.1,train,567,456,easy,5,5,0.1,0.95,0.1,default,100,3.0,8,1,1,0,0,0.0011406999983591959,
eps_fixed_0.1_456_86722af6,eps_fixed_0.1,train,568,456,easy,5,5,0.1,0.95,0.1,default,100,3.0,8,1,1,0,0,0.0011031000030925497,
eps_fixed_0.1_456_86722af6,eps_fixed_0.1,train,569,456,easy,5,5,0.1,0.95,0.1,default,100,1.0,10,1,1,0,0,0.0011978999973507598,
eps_fixed_0.1_456_86722af6,eps_fixed_0.1,train,570,456,easy,5,5,0.1,0.95,0.1,default,100,2.0,9,1,1,0,0,0.001232099995831959,
eps_fixed_0.1_456_86722af6,eps_fixed_0.1,train,571,456,easy,5,5,0.1,0.95,0.1,default,100,1.0,10,1,1,0,0,0.001265900005819276,
eps_fixed_0.1_456_86722af6,eps_fixed_0.1,train,572,456,easy,5,5,0.1,0.95,0.1,default,100,-1.0,12,1,1,0,0,0.001596600006450899,
eps_fixed_0.1_456_86722af6,eps_fixed_0.1,train,573,456,easy,5,5,0.1,0.95,0.1,default,100,1.0,10,1,1,0,0,0.0013333999959286302,
eps_fixed_0.1_456_86722af6,eps_fixed_0.1,train,574,456,easy,5,5,0.1,0.95,0.1,default,100,2.0,9,1,1,0,0,0.0011826999980257824,
eps_fixed_0.1_456_86722af6,eps_fixed_0.1,train,575,456,easy,5,5,0.1,0.95,0.1,default,100,2.0,9,1,1,0,0,0.001325000004726462,
eps_fixed_0.1_456_86722af6,eps_fixed_0.1,train,576,456,easy,5,5,0.1,0.95,0.1,default,100,2.0,9,1,1,0,0,0.0011259000020800158,
eps_fixed_0.1_456_86722af6,eps_fixed_0.1,train,577,456,easy,5,5,0.1,0.95,0.1,default,100,1.0,10,1,1,0,0,0.0012092999968444929,
eps_fixed_0.1_456_86722af6,eps_fixed_0.1,train,578,456,easy,5,5,0.1,0.95,0.1,default,100,3.0,8,1,1,0,0,0.0010750000074040145,
eps_fixed_0.1_456_86722af6,eps_fixed_0.1,train,579,456,easy,5,5,0.1,0.95,0.1,default,100,3.0,8,1,1,0,0,0.0011717000015778467,
eps_fixed_0.1_456_86722af6,eps_fixed_0.1,train,580,456,easy,5,5,0.1,0.95,0.1,default,100,0.0,11,1,1,0,0,0.001419199994415976,
eps_fixed_0.1_456_86722af6,eps_fixed_0.1,train,581,456,easy,5,5,0.1,0.95,0.1,default,100,3.0,8,1,1,0,0,0.001073300009011291,
eps_fixed_0.1_456_86722af6,eps_fixed_0.1,train,582,456,easy,5,5,0.1,0.95,0.1,default,100,-14.0,5,0,1,0,1,0.0006928999937372282,
eps_fixed_0.1_456_86722af6,eps_fixed_0.1,train,583,456,easy,5,5,0.1,0.95,0.1,default,100,-1.0,12,1,1,0,0,0.0014408999995794147,
eps_fixed_0.1_456_86722af6,eps_fixed_0.1,train,584,456,easy,5,5,0.1,0.95,0.1,default,100,3.0,8,1,1,0,0,0.0011892000038642436,
eps_fixed_0.1_456_86722af6,eps_fixed_0.1,train,585,456,easy,5,5,0.1,0.95,0.1,default,100,3.0,8,1,1,0,0,0.0011488000018289313,
eps_fixed_0.1_456_86722af6,eps_fixed_0.1,train,586,456,easy,5,5,0.1,0.95,0.1,default,100,-14.0,5,0,1,0,1,0.000705400001606904,
eps_fixed_0.1_456_86722af6,eps_fixed_0.1,train,587,456,easy,5,5,0.1,0.95,0.1,default,100,3.0,8,1,1,0,0,0.001056100009009242,
eps_fixed_0.1_456_86722af6,eps_fixed_0.1,train,588,456,easy,5,5,0.1,0.95,0.1,default,100,3.0,8,1,1,0,0,0.0012370999902486801,
eps_fixed_0.1_456_86722af6,eps_fixed_0.1,train,589,456,easy,5,5,0.1,0.95,0.1,default,100,2.0,9,1,1,0,0,0.0011575999960768968,
eps_fixed_0.1_456_86722af6,eps_fixed_0.1,train,590,456,easy,5,5,0.1,0.95,0.1,default,100,-1.0,12,1,1,0,0,0.0014933000056771562,
eps_fixed_0.1_456_86722af6,eps_fixed_0.1,train,591,456,easy,5,5,0.1,0.95,0.1,default,100,3.0,8,1,1,0,0,0.0013209000026108697,
eps_fixed_0.1_456_86722af6,eps_fixed_0.1,train,592,456,easy,5,5,0.1,0.95,0.1,default,100,-2.0,13,1,1,0,0,0.001527700005681254,
eps_fixed_0.1_456_86722af6,eps_fixed_0.1,train,593,456,easy,5,5,0.1,0.95,0.1,default,100,1.0,10,1,1,0,0,0.0012449999921955168,
eps_fixed_0.1_456_86722af6,eps_fixed_0.1,train,594,456,easy,5,5,0.1,0.95,0.1,default,100,3.0,8,1,1,0,0,0.0011908000014955178,
eps_fixed_0.1_456_86722af6,eps_fixed_0.1,train,595,456,easy,5,5,0.1,0.95,0.1,default,100,3.0,8,1,1,0,0,0.0010264000011375174,
eps_fixed_0.1_456_86722af6,eps_fixed_0.1,train,596,456,easy,5,5,0.1,0.95,0.1,default,100,3.0,8,1,1,0,0,0.0010313000093447044,
eps_fixed_0.1_456_86722af6,eps_fixed_0.1,train,597,456,easy,5,5,0.1,0.95,0.1,default,100,1.0,10,1,1,0,0,0.001229399989824742,
eps_fixed_0.1_456_86722af6,eps_fixed_0.1,train,598,456,easy,5,5,0.1,0.95,0.1,default,100,3.0,8,1,1,0,0,0.0013051999994786456,
eps_fixed_0.1_456_86722af6,eps_fixed_0.1,train,599,456,easy,5,5,0.1,0.95,0.1,default,100,3.0,8,1,1,0,0,0.0010978000063914806,
eps_fixed_0.1_456_86722af6,eps_fixed_0.1,train,600,456,easy,5,5,0.1,0.95,0.1,default,100,2.0,9,1,1,0,0,0.0011303000064799562,results\epsilon\fixed_0.1\seed_456\qtable_ep600.npz
eps_fixed_0.1_456_86722af6,eps_fixed_0.1,train,601,456,easy,5,5,0.1,0.95,0.1,default,100,1.0,10,1,1,0,0,0.0013073999871267006,
eps_fixed_0.1_456_86722af6,eps_fixed_0.1,train,602,456,easy,5,5,0.1,0.95,0.1,default,100,-2.0,13,1,1,0,0,0.0016567999991821125,
eps_fixed_0.1_456_86722af6,eps_fixed_0.1,train,603,456,easy,5,5,0.1,0.95,0.1,default,100,2.0,9,1,1,0,0,0.0011528000031830743,
eps_fixed_0.1_456_86722af6,eps_fixed_0.1,train,604,456,easy,5,5,0.1,0.95,0.1,default,100,3.0,8,1,1,0,0,0.0010223999997833744,
eps_fixed_0.1_456_86722af6,eps_fixed_0.1,train,605,456,easy,5,5,0.1,0.95,0.1,default,100,3.0,8,1,1,0,0,0.0012112999975215644,
eps_fixed_0.1_456_86722af6,eps_fixed_0.1,train,606,456,easy,5,5,0.1,0.95,0.1,default,100,2.0,9,1,1,0,0,0.001179500002763234,
eps_fixed_0.1_456_86722af6,eps_fixed_0.1,train,607,456,easy,5,5,0.1,0.95,0.1,default,100,3.0,8,1,1,0,0,0.0010640999971656129,
eps_fixed_0.1_456_86722af6,eps_fixed_0.1,train,608,456,easy,5,5,0.1,0.95,0.1,default,100,3.0,8,1,1,0,0,0.001084199990145862,
eps_fixed_0.1_456_86722af6,eps_fixed_0.1,train,609,456,easy,5,5,0.1,0.95,0.1,default,100,-1.0,12,1,1,0,0,0.001618499998585321,
eps_fixed_0.1_456_86722af6,eps_fixed_0.1,train,610,456,easy,5,5,0.1,0.95,0.1,default,100,3.0,8,1,1,0,0,0.0011284999927738681,
eps_fixed_0.1_456_86722af6,eps_fixed_0.1,train,611,456,easy,5,5,0.1,0.95,0.1,default,100,-16.0,7,0,1,0,1,0.0009619999909773469,
eps_fixed_0.1_456_86722af6,eps_fixed_0.1,train,612,456,easy,5,5,0.1,0.95,0.1,default,100,-1.0,12,1,1,0,0,0.0016515000024810433,
eps_fixed_0.1_456_86722af6,eps_fixed_0.1,train,613,456,easy,5,5,0.1,0.95,0.1,default,100,3.0,8,1,1,0,0,0.0010888999968301505,
eps_fixed_0.1_456_86722af6,eps_fixed_0.1,train,614,456,easy,5,5,0.1,0.95,0.1,default,100,3.0,8,1,1,0,0,0.0010776999988593161,
eps_fixed_0.1_456_86722af6,eps_fixed_0.1,train,615,456,easy,5,5,0.1,0.95,0.1,default,100,1.0,10,1,1,0,0,0.0012959000014234334,
eps_fixed_0.1_456_86722af6,eps_fixed_0.1,train,616,456,easy,5,5,0.1,0.95,0.1,default,100,3.0,8,1,1,0,0,0.0012181999918539077,
eps_fixed_0.1_456_86722af6,eps_fixed_0.1,train,617,456,easy,5,5,0.1,0.95,0.1,default,100,3.0,8,1,1,0,0,0.0010783999896375462,
eps_fixed_0.1_456_86722af6,eps_fixed_0.1,train,618,456,easy,5,5,0.1,0.95,0.1,default,100,3.0,8,1,1,0,0,0.001153300006990321,
eps_fixed_0.1_456_86722af6,eps_fixed_0.1,train,619,456,easy,5,5,0.1,0.95,0.1,default,100,3.0,8,1,1,0,0,0.0012573000130942091,
eps_fixed_0.1_456_86722af6,eps_fixed_0.1,train,620,456,easy,5,5,0.1,0.95,0.1,default,100,3.0,8,1,1,0,0,0.0010763000027509406,
eps_fixed_0.1_456_86722af6,eps_fixed_0.1,train,621,456,easy,5,5,0.1,0.95,0.1,default,100,3.0,8,1,1,0,0,0.0012528999941423535,
eps_fixed_0.1_456_86722af6,eps_fixed_0.1,train,622,456,easy,5,5,0.1,0.95,0.1,default,100,3.0,8,1,1,0,0,0.0011049000022467226,
eps_fixed_0.1_456_86722af6,eps_fixed_0.1,train,623,456,easy,5,5,0.1,0.95,0.1,default,100,3.0,8,1,1,0,0,0.0011303000064799562,
eps_fixed_0.1_456_86722af6,eps_fixed_0.1,train,624,456,easy,5,5,0.1,0.95,0.1,default,100,3.0,8,1,1,0,0,0.0012411999923642725,
eps_fixed_0.1_456_86722af6,eps_fixed_0.1,train,625,456,easy,5,5,0.1,0.95,0.1,default,100,3.0,8,1,1,0,0,0.0010301000002073124,
eps_fixed_0.1_456_86722af6,eps_fixed_0.1,train,626,456,easy,5,5,0.1,0.95,0.1,default,100,1.0,10,1,1,0,0,0.0012891000078525394,
eps_fixed_0.1_456_86722af6,eps_fixed_0.1,train,627,456,easy,5,5,0.1,0.95,0.1,default,100,2.0,9,1,1,0,0,0.001146900001913309,
eps_fixed_0.1_456_86722af6,eps_fixed_0.1,train,628,456,easy,5,5,0.1,0.95,0.1,default,100,2.0,9,1,1,0,0,0.0012301000097068027,
eps_fixed_0.1_456_86722af6,eps_fixed_0.1,train,629,456,easy,5,5,0.1,0.95,0.1,default,100,1.0,10,1,1,0,0,0.0013528000126825646,
eps_fixed_0.1_456_86722af6,eps_fixed_0.1,train,630,456,easy,5,5,0.1,0.95,0.1,default,100,3.0,8,1,1,0,0,0.0011875000054715201,
eps_fixed_0.1_456_86722af6,eps_fixed_0.1,train,631,456,easy,5,5,0.1,0.95,0.1,default,100,3.0,8,1,1,0,0,0.001557299998239614,
eps_fixed_0.1_456_86722af6,eps_fixed_0.1,train,632,456,easy,5,5,0.1,0.95,0.1,default,100,3.0,8,1,1,0,0,0.0010972999880323187,
eps_fixed_0.1_456_86722af6,eps_fixed_0.1,train,633,456,easy,5,5,0.1,0.95,0.1,default,100,-14.0,5,0,1,0,1,0.0006207999977050349,
eps_fixed_0.1_456_86722af6,eps_fixed_0.1,train,634,456,easy,5,5,0.1,0.95,0.1,default,100,1.0,10,1,1,0,0,0.001150299998698756,
eps_fixed_0.1_456_86722af6,eps_fixed_0.1,train,635,456,easy,5,5,0.1,0.95,0.1,default,100,2.0,9,1,1,0,0,0.0012846000026911497,
eps_fixed_0.1_456_86722af6,eps_fixed_0.1,train,636,456,easy,5,5,0.1,0.95,0.1,default,100,3.0,8,1,1,0,0,0.0011552999931154773,
eps_fixed_0.1_456_86722af6,eps_fixed_0.1,train,637,456,easy,5,5,0.1,0.95,0.1,default,100,3.0,8,1,1,0,0,0.001022600001306273,
eps_fixed_0.1_456_86722af6,eps_fixed_0.1,train,638,456,easy,5,5,0.1,0.95,0.1,default,100,3.0,8,1,1,0,0,0.0010844999924302101,
eps_fixed_0.1_456_86722af6,eps_fixed_0.1,train,639,456,easy,5,5,0.1,0.95,0.1,default,100,3.0,8,1,1,0,0,0.0011245000059716403,
eps_fixed_0.1_456_86722af6,eps_fixed_0.1,train,640,456,easy,5,5,0.1,0.95,0.1,default,100,2.0,9,1,1,0,0,0.0011492000048747286,
eps_fixed_0.1_456_86722af6,eps_fixed_0.1,train,641,456,easy,5,5,0.1,0.95,0.1,default,100,1.0,10,1,1,0,0,0.0013439999893307686,
eps_fixed_0.1_456_86722af6,eps_fixed_0.1,train,642,456,easy,5,5,0.1,0.95,0.1,default,100,1.0,10,1,1,0,0,0.0014192000089678913,
eps_fixed_0.1_456_86722af6,eps_fixed_0.1,train,643,456,easy,5,5,0.1,0.95,0.1,default,100,1.0,10,1,1,0,0,0.0014565000019501895,
eps_fixed_0.1_456_86722af6,eps_fixed_0.1,train,644,456,easy,5,5,0.1,0.95,0.1,default,100,3.0,8,1,1,0,0,0.0010365000052843243,
eps_fixed_0.1_456_86722af6,eps_fixed_0.1,train,645,456,easy,5,5,0.1,0.95,0.1,default,100,3.0,8,1,1,0,0,0.0010304999887011945,
eps_fixed_0.1_456_86722af6,eps_fixed_0.1,train,646,456,easy,5,5,0.1,0.95,0.1,default,100,3.0,8,1,1,0,0,0.0010129000002052635,
eps_fixed_0.1_456_86722af6,eps_fixed_0.1,train,647,456,easy,5,5,0.1,0.95,0.1,default,100,3.0,8,1,1,0,0,0.0013061000063316897,
eps_fixed_0.1_456_86722af6,eps_fixed_0.1,train,648,456,easy,5,5,0.1,0.95,0.1,default,100,-1.0,12,1,1,0,0,0.00144680000084918,
eps_fixed_0.1_456_86722af6,eps_fixed_0.1,train,649,456,easy,5,5,0.1,0.95,0.1,default,100,3.0,8,1,1,0,0,0.00107640000351239,
eps_fixed_0.1_456_86722af6,eps_fixed_0.1,train,650,456,easy,5,5,0.1,0.95,0.1,default,100,3.0,8,1,1,0,0,0.0012196000025141984,
eps_fixed_0.1_456_86722af6,eps_fixed_0.1,train,651,456,easy,5,5,0.1,0.95,0.1,default,100,3.0,8,1,1,0,0,0.001039499999023974,
eps_fixed_0.1_456_86722af6,eps_fixed_0.1,train,652,456,easy,5,5,0.1,0.95,0.1,default,100,3.0,8,1,1,0,0,0.0010713000083342195,
eps_fixed_0.1_456_86722af6,eps_fixed_0.1,train,653,456,easy,5,5,0.1,0.95,0.1,default,100,3.0,8,1,1,0,0,0.0010595999920042232,
eps_fixed_0.1_456_86722af6,eps_fixed_0.1,train,654,456,easy,5,5,0.1,0.95,0.1,default,100,3.0,8,1,1,0,0,0.0013021999911870807,
eps_fixed_0.1_456_86722af6,eps_fixed_0.1,train,655,456,easy,5,5,0.1,0.95,0.1,default,100,3.0,8,1,1,0,0,0.0010636999941198155,
eps_fixed_0.1_456_86722af6,eps_fixed_0.1,train,656,456,easy,5,5,0.1,0.95,0.1,default,100,3.0,8,1,1,0,0,0.001092100006644614,
eps_fixed_0.1_456_86722af6,eps_fixed_0.1,train,657,456,easy,5,5,0.1,0.95,0.1,default,100,3.0,8,1,1,0,0,0.0010642999986885116,
eps_fixed_0.1_456_86722af6,eps_fixed_0.1,train,658,456,easy,5,5,0.1,0.95,0.1,default,100,3.0,8,1,1,0,0,0.00125119999574963,
eps_fixed_0.1_456_86722af6,eps_fixed_0.1,train,659,456,easy,5,5,0.1,0.95,0.1,default,100,3.0,8,1,1,0,0,0.00113489999785088,
eps_fixed_0.1_456_86722af6,eps_fixed_0.1,train,660,456,easy,5,5,0.1,0.95,0.1,default,100,3.0,8,1,1,0,0,0.0010726000036811456,
eps_fixed_0.1_456_86722af6,eps_fixed_0.1,train,661,456,easy,5,5,0.1,0.95,0.1,default,100,2.0,9,1,1,0,0,0.0011492999910842627,
eps_fixed_0.1_456_86722af6,eps_fixed_0.1,train,662,456,easy,5,5,0.1,0.95,0.1,default,100,3.0,8,1,1,0,0,0.001093999992008321,
eps_fixed_0.1_456_86722af6,eps_fixed_0.1,train,663,456,easy,5,5,0.1,0.95,0.1,default,100,-1.0,12,1,1,0,0,0.0016100999928312376,
eps_fixed_0.1_456_86722af6,eps_fixed_0.1,train,664,456,easy,5,5,0.1,0.95,0.1,default,100,2.0,9,1,1,0,0,0.001123499998357147,
eps_fixed_0.1_456_86722af6,eps_fixed_0.1,train,665,456,easy,5,5,0.1,0.95,0.1,default,100,3.0,8,1,1,0,0,0.0010785000049509108,
eps_fixed_0.1_456_86722af6,eps_fixed_0.1,train,666,456,easy,5,5,0.1,0.95,0.1,default,100,3.0,8,1,1,0,0,0.0012104000052204356,
eps_fixed_0.1_456_86722af6,eps_fixed_0.1,train,667,456,easy,5,5,0.1,0.95,0.1,default,100,3.0,8,1,1,0,0,0.0010974000033456832,
eps_fixed_0.1_456_86722af6,eps_fixed_0.1,train,668,456,easy,5,5,0.1,0.95,0.1,default,100,3.0,8,1,1,0,0,0.0010537999914959073,
eps_fixed_0.1_456_86722af6,eps_fixed_0.1,train,669,456,easy,5,5,0.1,0.95,0.1,default,100,3.0,8,1,1,0,0,0.0010668999893823639,
eps_fixed_0.1_456_86722af6,eps_fixed_0.1,train,670,456,easy,5,5,0.1,0.95,0.1,default,100,3.0,8,1,1,0,0,0.0011904999992111698,
eps_fixed_0.1_456_86722af6,eps_fixed_0.1,train,671,456,easy,5,5,0.1,0.95,0.1,default,100,3.0,8,1,1,0,0,0.0010967999987769872,
eps_fixed_0.1_456_86722af6,eps_fixed_0.1,train,672,456,easy,5,5,0.1,0.95,0.1,default,100,3.0,8,1,1,0,0,0.001031799998600036,
eps_fixed_0.1_456_86722af6,eps_fixed_0.1,train,673,456,easy,5,5,0.1,0.95,0.1,default,100,3.0,8,1,1,0,0,0.0009836999961407855,
eps_fixed_0.1_456_86722af6,eps_fixed_0.1,train,674,456,easy,5,5,0.1,0.95,0.1,default,100,3.0,8,1,1,0,0,0.0013005999935558066,
eps_fixed_0.1_456_86722af6,eps_fixed_0.1,train,675,456,easy,5,5,0.1,0.95,0.1,default,100,3.0,8,1,1,0,0,0.00103270000545308,
eps_fixed_0.1_456_86722af6,eps_fixed_0.1,train,676,456,easy,5,5,0.1,0.95,0.1,default,100,2.0,9,1,1,0,0,0.0011443000112194568,
eps_fixed_0.1_456_86722af6,eps_fixed_0.1,train,677,456,easy,5,5,0.1,0.95,0.1,default,100,3.0,8,1,1,0,0,0.001188700000056997,
eps_fixed_0.1_456_86722af6,eps_fixed_0.1,train,678,456,easy,5,5,0.1,0.95,0.1,default,100,3.0,8,1,1,0,0,0.0010938000050373375,
eps_fixed_0.1_456_86722af6,eps_fixed_0.1,train,679,456,easy,5,5,0.1,0.95,0.1,default,100,1.0,10,1,1,0,0,0.0011045999999623746,
eps_fixed_0.1_456_86722af6,eps_fixed_0.1,train,680,456,easy,5,5,0.1,0.95,0.1,default,100,3.0,8,1,1,0,0,0.0011815000034403056,
eps_fixed_0.1_456_86722af6,eps_fixed_0.1,train,681,456,easy,5,5,0.1,0.95,0.1,default,100,0.0,11,1,1,0,0,0.0013803000038024038,
eps_fixed_0.1_456_86722af6,eps_fixed_0.1,train,682,456,easy,5,5,0.1,0.95,0.1,default,100,2.0,9,1,1,0,0,0.001146599999628961,
eps_fixed_0.1_456_86722af6,eps_fixed_0.1,train,683,456,easy,5,5,0.1,0.95,0.1,default,100,3.0,8,1,1,0,0,0.0010829000093508512,
eps_fixed_0.1_456_86722af6,eps_fixed_0.1,train,684,456,easy,5,5,0.1,0.95,0.1,default,100,0.0,11,1,1,0,0,0.0012197999894851819,
eps_fixed_0.1_456_86722af6,eps_fixed_0.1,train,685,456,easy,5,5,0.1,0.95,0.1,default,100,1.0,10,1,1,0,0,0.0012560000031953678,
eps_fixed_0.1_456_86722af6,eps_fixed_0.1,train,686,456,easy,5,5,0.1,0.95,0.1,default,100,1.0,10,1,1,0,0,0.0012784999998984858,
eps_fixed_0.1_456_86722af6,eps_fixed_0.1,train,687,456,easy,5,5,0.1,0.95,0.1,default,100,3.0,8,1,1,0,0,0.0010676999954739586,
eps_fixed_0.1_456_86722af6,eps_fixed_0.1,train,688,456,easy,5,5,0.1,0.95,0.1,default,100,3.0,8,1,1,0,0,0.0010873999999603257,
eps_fixed_0.1_456_86722af6,eps_fixed_0.1,train,689,456,easy,5,5,0.1,0.95,0.1,default,100,3.0,8,1,1,0,0,0.0010325000039301813,
eps_fixed_0.1_456_86722af6,eps_fixed_0.1,train,690,456,easy,5,5,0.1,0.95,0.1,default,100,2.0,9,1,1,0,0,0.001119799999287352,
eps_fixed_0.1_456_86722af6,eps_fixed_0.1,train,691,456,easy,5,5,0.1,0.95,0.1,default,100,0.0,11,1,1,0,0,0.0013108999992255121,
eps_fixed_0.1_456_86722af6,eps_fixed_0.1,train,692,456,easy,5,5,0.1,0.95,0.1,default,100,3.0,8,1,1,0,0,0.0010686999885365367,
eps_fixed_0.1_456_86722af6,eps_fixed_0.1,train,693,456,easy,5,5,0.1,0.95,0.1,default,100,3.0,8,1,1,0,0,0.001063200004864484,
eps_fixed_0.1_456_86722af6,eps_fixed_0.1,train,694,456,easy,5,5,0.1,0.95,0.1,default,100,3.0,8,1,1,0,0,0.0010553000029176474,
eps_fixed_0.1_456_86722af6,eps_fixed_0.1,train,695,456,easy,5,5,0.1,0.95,0.1,default,100,1.0,10,1,1,0,0,0.0012509000080171973,
eps_fixed_0.1_456_86722af6,eps_fixed_0.1,train,696,456,easy,5,5,0.1,0.95,0.1,default,100,2.0,9,1,1,0,0,0.0011303999926894903,
eps_fixed_0.1_456_86722af6,eps_fixed_0.1,train,697,456,easy,5,5,0.1,0.95,0.1,default,100,1.0,10,1,1,0,0,0.0013548999995691702,
eps_fixed_0.1_456_86722af6,eps_fixed_0.1,train,698,456,easy,5,5,0.1,0.95,0.1,default,100,3.0,8,1,1,0,0,0.0010965999972540885,
eps_fixed_0.1_456_86722af6,eps_fixed_0.1,train,699,456,easy,5,5,0.1,0.95,0.1,default,100,1.0,10,1,1,0,0,0.001272099994821474,
eps_fixed_0.1_456_86722af6,eps_fixed_0.1,train,700,456,easy,5,5,0.1,0.95,0.1,default,100,3.0,8,1,1,0,0,0.0011729999969247729,
eps_fixed_0.1_456_86722af6,eps_fixed_0.1,train,701,456,easy,5,5,0.1,0.95,0.1,default,100,3.0,8,1,1,0,0,0.0012156000011600554,
eps_fixed_0.1_456_86722af6,eps_fixed_0.1,train,702,456,easy,5,5,0.1,0.95,0.1,default,100,0.0,11,1,1,0,0,0.001351799990516156,
eps_fixed_0.1_456_86722af6,eps_fixed_0.1,train,703,456,easy,5,5,0.1,0.95,0.1,default,100,3.0,8,1,1,0,0,0.0010311000078218058,
eps_fixed_0.1_456_86722af6,eps_fixed_0.1,train,704,456,easy,5,5,0.1,0.95,0.1,default,100,-16.0,7,0,1,0,1,0.000908499991055578,
eps_fixed_0.1_456_86722af6,eps_fixed_0.1,train,705,456,easy,5,5,0.1,0.95,0.1,default,100,3.0,8,1,1,0,0,0.0010468000109540299,
eps_fixed_0.1_456_86722af6,eps_fixed_0.1,train,706,456,easy,5,5,0.1,0.95,0.1,default,100,1.0,10,1,1,0,0,0.0012500999873736873,
eps_fixed_0.1_456_86722af6,eps_fixed_0.1,train,707,456,easy,5,5,0.1,0.95,0.1,default,100,3.0,8,1,1,0,0,0.0011015000054612756,
eps_fixed_0.1_456_86722af6,eps_fixed_0.1,train,708,456,easy,5,5,0.1,0.95,0.1,default,100,3.0,8,1,1,0,0,0.0010637999948812649,
eps_fixed_0.1_456_86722af6,eps_fixed_0.1,train,709,456,easy,5,5,0.1,0.95,0.1,default,100,-16.0,7,0,1,0,1,0.0009072000102605671,
eps_fixed_0.1_456_86722af6,eps_fixed_0.1,train,710,456,easy,5,5,0.1,0.95,0.1,default,100,2.0,9,1,1,0,0,0.001086299991584383,
eps_fixed_0.1_456_86722af6,eps_fixed_0.1,train,711,456,easy,5,5,0.1,0.95,0.1,default,100,3.0,8,1,1,0,0,0.0010665000008884817,
eps_fixed_0.1_456_86722af6,eps_fixed_0.1,train,712,456,easy,5,5,0.1,0.95,0.1,default,100,3.0,8,1,1,0,0,0.001043599986587651,
eps_fixed_0.1_456_86722af6,eps_fixed_0.1,train,713,456,easy,5,5,0.1,0.95,0.1,default,100,1.0,10,1,1,0,0,0.0011971999920206144,
eps_fixed_0.1_456_86722af6,eps_fixed_0.1,train,714,456,easy,5,5,0.1,0.95,0.1,default,100,3.0,8,1,1,0,0,0.0010003000061260536,
eps_fixed_0.1_456_86722af6,eps_fixed_0.1,train,715,456,easy,5,5,0.1,0.95,0.1,default,100,3.0,8,1,1,0,0,0.001059500005794689,
eps_fixed_0.1_456_86722af6,eps_fixed_0.1,train,716,456,easy,5,5,0.1,0.95,0.1,default,100,3.0,8,1,1,0,0,0.0010420000035082921,
eps_fixed_0.1_456_86722af6,eps_fixed_0.1,train,717,456,easy,5,5,0.1,0.95,0.1,default,100,3.0,8,1,1,0,0,0.0010715999960666522,
eps_fixed_0.1_456_86722af6,eps_fixed_0.1,train,718,456,easy,5,5,0.1,0.95,0.1,default,100,3.0,8,1,1,0,0,0.0010446000087540597,
eps_fixed_0.1_456_86722af6,eps_fixed_0.1,train,719,456,easy,5,5,0.1,0.95,0.1,default,100,3.0,8,1,1,0,0,0.0012196999887237325,
eps_fixed_0.1_456_86722af6,eps_fixed_0.1,train,720,456,easy,5,5,0.1,0.95,0.1,default,100,2.0,9,1,1,0,0,0.0011664999910863116,
eps_fixed_0.1_456_86722af6,eps_fixed_0.1,train,721,456,easy,5,5,0.1,0.95,0.1,default,100,1.0,10,1,1,0,0,0.0012892000086139888,
eps_fixed_0.1_456_86722af6,eps_fixed_0.1,train,722,456,easy,5,5,0.1,0.95,0.1,default,100,-1.0,12,1,1,0,0,0.0014546000020345673,
eps_fixed_0.1_456_86722af6,eps_fixed_0.1,train,723,456,easy,5,5,0.1,0.95,0.1,default,100,3.0,8,1,1,0,0,0.0010818999871844426,
eps_fixed_0.1_456_86722af6,eps_fixed_0.1,train,724,456,easy,5,5,0.1,0.95,0.1,default,100,3.0,8,1,1,0,0,0.001051200000802055,
eps_fixed_0.1_456_86722af6,eps_fixed_0.1,train,725,456,easy,5,5,0.1,0.95,0.1,default,100,1.0,10,1,1,0,0,0.0012788000021828339,
eps_fixed_0.1_456_86722af6,eps_fixed_0.1,train,726,456,easy,5,5,0.1,0.95,0.1,default,100,3.0,8,1,1,0,0,0.00108380000165198,
eps_fixed_0.1_456_86722af6,eps_fixed_0.1,train,727,456,easy,5,5,0.1,0.95,0.1,default,100,-14.0,5,0,1,0,1,0.0007130000012693927,
eps_fixed_0.1_456_86722af6,eps_fixed_0.1,train,728,456,easy,5,5,0.1,0.95,0.1,default,100,3.0,8,1,1,0,0,0.001058299996657297,
eps_fixed_0.1_456_86722af6,eps_fixed_0.1,train,729,456,easy,5,5,0.1,0.95,0.1,default,100,0.0,11,1,1,0,0,0.0013437000015983358,
eps_fixed_0.1_456_86722af6,eps_fixed_0.1,train,730,456,easy,5,5,0.1,0.95,0.1,default,100,-19.0,10,0,1,0,1,0.001151199990999885,
eps_fixed_0.1_456_86722af6,eps_fixed_0.1,train,731,456,easy,5,5,0.1,0.95,0.1,default,100,2.0,9,1,1,0,0,0.0010520000068936497,
eps_fixed_0.1_456_86722af6,eps_fixed_0.1,train,732,456,easy,5,5,0.1,0.95,0.1,default,100,2.0,9,1,1,0,0,0.0010936000035144389,
eps_fixed_0.1_456_86722af6,eps_fixed_0.1,train,733,456,easy,5,5,0.1,0.95,0.1,default,100,2.0,9,1,1,0,0,0.0010821000032592565,
eps_fixed_0.1_456_86722af6,eps_fixed_0.1,train,734,456,easy,5,5,0.1,0.95,0.1,default,100,3.0,8,1,1,0,0,0.0010252999927615747,
eps_fixed_0.1_456_86722af6,eps_fixed_0.1,train,735,456,easy,5,5,0.1,0.95,0.1,default,100,0.0,11,1,1,0,0,0.0013082000077702105,
eps_fixed_0.1_456_86722af6,eps_fixed_0.1,train,736,456,easy,5,5,0.1,0.95,0.1,default,100,1.0,10,1,1,0,0,0.001258299991604872,
eps_fixed_0.1_456_86722af6,eps_fixed_0.1,train,737,456,easy,5,5,0.1,0.95,0.1,default,100,3.0,8,1,1,0,0,0.001066600001649931,
eps_fixed_0.1_456_86722af6,eps_fixed_0.1,train,738,456,easy,5,5,0.1,0.95,0.1,default,100,1.0,10,1,1,0,0,0.001560600008815527,
eps_fixed_0.1_456_86722af6,eps_fixed_0.1,train,739,456,easy,5,5,0.1,0.95,0.1,default,100,3.0,8,1,1,0,0,0.001112099998863414,
eps_fixed_0.1_456_86722af6,eps_fixed_0.1,train,740,456,easy,5,5,0.1,0.95,0.1,default,100,1.0,10,1,1,0,0,0.0012025000032735988,
eps_fixed_0.1_456_86722af6,eps_fixed_0.1,train,741,456,easy,5,5,0.1,0.95,0.1,default,100,3.0,8,1,1,0,0,0.0011001999955624342,
eps_fixed_0.1_456_86722af6,eps_fixed_0.1,train,742,456,easy,5,5,0.1,0.95,0.1,default,100,3.0,8,1,1,0,0,0.0010861000046133995,
eps_fixed_0.1_456_86722af6,eps_fixed_0.1,train,743,456,easy,5,5,0.1,0.95,0.1,default,100,3.0,8,1,1,0,0,0.0010848999954760075,
eps_fixed_0.1_456_86722af6,eps_fixed_0.1,train,744,456,easy,5,5,0.1,0.95,0.1,default,100,2.0,9,1,1,0,0,0.0011609999928623438,
eps_fixed_0.1_456_86722af6,eps_fixed_0.1,train,745,456,easy,5,5,0.1,0.95,0.1,default,100,3.0,8,1,1,0,0,0.0010633000056259334,
eps_fixed_0.1_456_86722af6,eps_fixed_0.1,train,746,456,easy,5,5,0.1,0.95,0.1,default,100,3.0,8,1,1,0,0,0.001071499995305203,
eps_fixed_0.1_456_86722af6,eps_fixed_0.1,train,747,456,easy,5,5,0.1,0.95,0.1,default,100,3.0,8,1,1,0,0,0.0010677999962354079,
eps_fixed_0.1_456_86722af6,eps_fixed_0.1,train,748,456,easy,5,5,0.1,0.95,0.1,default,100,3.0,8,1,1,0,0,0.0010747000051196665,
eps_fixed_0.1_456_86722af6,eps_fixed_0.1,train,749,456,easy,5,5,0.1,0.95,0.1,default,100,3.0,8,1,1,0,0,0.001023200005874969,
eps_fixed_0.1_456_86722af6,eps_fixed_0.1,train,750,456,easy,5,5,0.1,0.95,0.1,default,100,3.0,8,1,1,0,0,0.0010685000015655532,
eps_fixed_0.1_456_86722af6,eps_fixed_0.1,train,751,456,easy,5,5,0.1,0.95,0.1,default,100,3.0,8,1,1,0,0,0.001051200000802055,
eps_fixed_0.1_456_86722af6,eps_fixed_0.1,train,752,456,easy,5,5,0.1,0.95,0.1,default,100,3.0,8,1,1,0,0,0.0010685000015655532,
eps_fixed_0.1_456_86722af6,eps_fixed_0.1,train,753,456,easy,5,5,0.1,0.95,0.1,default,100,3.0,8,1,1,0,0,0.0009632000001147389,
eps_fixed_0.1_456_86722af6,eps_fixed_0.1,train,754,456,easy,5,5,0.1,0.95,0.1,default,100,2.0,9,1,1,0,0,0.0010925999958999455,
eps_fixed_0.1_456_86722af6,eps_fixed_0.1,train,755,456,easy,5,5,0.1,0.95,0.1,default,100,3.0,8,1,1,0,0,0.0010633000056259334,
eps_fixed_0.1_456_86722af6,eps_fixed_0.1,train,756,456,easy,5,5,0.1,0.95,0.1,default,100,3.0,8,1,1,0,0,0.0010850999969989061,
eps_fixed_0.1_456_86722af6,eps_fixed_0.1,train,757,456,easy,5,5,0.1,0.95,0.1,default,100,0.0,11,1,1,0,0,0.0012934999977005646,
eps_fixed_0.1_456_86722af6,eps_fixed_0.1,train,758,456,easy,5,5,0.1,0.95,0.1,default,100,3.0,8,1,1,0,0,0.0010562000097706914,
eps_fixed_0.1_456_86722af6,eps_fixed_0.1,train,759,456,easy,5,5,0.1,0.95,0.1,default,100,1.0,10,1,1,0,0,0.001247499996679835,
eps_fixed_0.1_456_86722af6,eps_fixed_0.1,train,760,456,easy,5,5,0.1,0.95,0.1,default,100,2.0,9,1,1,0,0,0.0013032999995630234,
eps_fixed_0.1_456_86722af6,eps_fixed_0.1,train,761,456,easy,5,5,0.1,0.95,0.1,default,100,3.0,8,1,1,0,0,0.0010909999982686713,
eps_fixed_0.1_456_86722af6,eps_fixed_0.1,train,762,456,easy,5,5,0.1,0.95,0.1,default,100,3.0,8,1,1,0,0,0.0010424999927636236,
eps_fixed_0.1_456_86722af6,eps_fixed_0.1,train,763,456,easy,5,5,0.1,0.95,0.1,default,100,3.0,8,1,1,0,0,0.0011873999901581556,
eps_fixed_0.1_456_86722af6,eps_fixed_0.1,train,764,456,easy,5,5,0.1,0.95,0.1,default,100,2.0,9,1,1,0,0,0.0014321000053314492,
eps_fixed_0.1_456_86722af6,eps_fixed_0.1,train,765,456,easy,5,5,0.1,0.95,0.1,default,100,2.0,9,1,1,0,0,0.0012449000059859827,
eps_fixed_0.1_456_86722af6,eps_fixed_0.1,train,766,456,easy,5,5,0.1,0.95,0.1,default,100,3.0,8,1,1,0,0,0.0010745000035967678,
eps_fixed_0.1_456_86722af6,eps_fixed_0.1,train,767,456,easy,5,5,0.1,0.95,0.1,default,100,3.0,8,1,1,0,0,0.0011217999999644235,
eps_fixed_0.1_456_86722af6,eps_fixed_0.1,train,768,456,easy,5,5,0.1,0.95,0.1,default,100,3.0,8,1,1,0,0,0.0010384000051999465,
eps_fixed_0.1_456_86722af6,eps_fixed_0.1,train,769,456,easy,5,5,0.1,0.95,0.1,default,100,3.0,8,1,1,0,0,0.0011094000074081123,
eps_fixed_0.1_456_86722af6,eps_fixed_0.1,train,770,456,easy,5,5,0.1,0.95,0.1,default,100,-16.0,7,0,1,0,1,0.00090230000205338,
eps_fixed_0.1_456_86722af6,eps_fixed_0.1,train,771,456,easy,5,5,0.1,0.95,0.1,default,100,2.0,9,1,1,0,0,0.0011618999997153878,
eps_fixed_0.1_456_86722af6,eps_fixed_0.1,train,772,456,easy,5,5,0.1,0.95,0.1,default,100,3.0,8,1,1,0,0,0.0010769999935291708,
eps_fixed_0.1_456_86722af6,eps_fixed_0.1,train,773,456,easy,5,5,0.1,0.95,0.1,default,100,1.0,10,1,1,0,0,0.001302200005738996,
eps_fixed_0.1_456_86722af6,eps_fixed_0.1,train,774,456,easy,5,5,0.1,0.95,0.1,default,100,1.0,10,1,1,0,0,0.0012829999905079603,
eps_fixed_0.1_456_86722af6,eps_fixed_0.1,train,775,456,easy,5,5,0.1,0.95,0.1,default,100,0.0,11,1,1,0,0,0.001321300005656667,
eps_fixed_0.1_456_86722af6,eps_fixed_0.1,train,776,456,easy,5,5,0.1,0.95,0.1,default,100,2.0,9,1,1,0,0,0.0011547999893082306,
eps_fixed_0.1_456_86722af6,eps_fixed_0.1,train,777,456,easy,5,5,0.1,0.95,0.1,default,100,2.0,9,1,1,0,0,0.001123800000641495,
eps_fixed_0.1_456_86722af6,eps_fixed_0.1,train,778,456,easy,5,5,0.1,0.95,0.1,default,100,3.0,8,1,1,0,0,0.0010885999945458025,
eps_fixed_0.1_456_86722af6,eps_fixed_0.1,train,779,456,easy,5,5,0.1,0.95,0.1,default,100,3.0,8,1,1,0,0,0.0010836000001290813,
eps_fixed_0.1_456_86722af6,eps_fixed_0.1,train,780,456,easy,5,5,0.1,0.95,0.1,default,100,3.0,8,1,1,0,0,0.001010599997243844,
eps_fixed_0.1_456_86722af6,eps_fixed_0.1,train,781,456,easy,5,5,0.1,0.95,0.1,default,100,3.0,8,1,1,0,0,0.001138899999205023,
eps_fixed_0.1_456_86722af6,eps_fixed_0.1,train,782,456,easy,5,5,0.1,0.95,0.1,default,100,2.0,9,1,1,0,0,0.0011470999888842925,
eps_fixed_0.1_456_86722af6,eps_fixed_0.1,train,783,456,easy,5,5,0.1,0.95,0.1,default,100,2.0,9,1,1,0,0,0.0011623000027611852,
eps_fixed_0.1_456_86722af6,eps_fixed_0.1,train,784,456,easy,5,5,0.1,0.95,0.1,default,100,-14.0,5,0,1,0,1,0.0006709000008413568,
eps_fixed_0.1_456_86722af6,eps_fixed_0.1,train,785,456,easy,5,5,0.1,0.95,0.1,default,100,2.0,9,1,1,0,0,0.0011508000025060028,
eps_fixed_0.1_456_86722af6,eps_fixed_0.1,train,786,456,easy,5,5,0.1,0.95,0.1,default,100,2.0,9,1,1,0,0,0.001130299991928041,
eps_fixed_0.1_456_86722af6,eps_fixed_0.1,train,787,456,easy,5,5,0.1,0.95,0.1,default,100,3.0,8,1,1,0,0,0.0010782000026665628,
eps_fixed_0.1_456_86722af6,eps_fixed_0.1,train,788,456,easy,5,5,0.1,0.95,0.1,default,100,0.0,11,1,1,0,0,0.0013081999932182953,
eps_fixed_0.1_456_86722af6,eps_fixed_0.1,train,789,456,easy,5,5,0.1,0.95,0.1,default,100,3.0,8,1,1,0,0,0.0010814999986905605,
eps_fixed_0.1_456_86722af6,eps_fixed_0.1,train,790,456,easy,5,5,0.1,0.95,0.1,default,100,3.0,8,1,1,0,0,0.0010920999920926988,
eps_fixed_0.1_456_86722af6,eps_fixed_0.1,train,791,456,easy,5,5,0.1,0.95,0.1,default,100,3.0,8,1,1,0,0,0.0010649000032572076,
eps_fixed_0.1_456_86722af6,eps_fixed_0.1,train,792,456,easy,5,5,0.1,0.95,0.1,default,100,3.0,8,1,1,0,0,0.001079800000297837,
eps_fixed_0.1_456_86722af6,eps_fixed_0.1,train,793,456,easy,5,5,0.1,0.95,0.1,default,100,1.0,10,1,1,0,0,0.0012461000005714595,
eps_fixed_0.1_456_86722af6,eps_fixed_0.1,train,794,456,easy,5,5,0.1,0.95,0.1,default,100,3.0,8,1,1,0,0,0.001073000006726943,
eps_fixed_0.1_456_86722af6,eps_fixed_0.1,train,795,456,easy,5,5,0.1,0.95,0.1,default,100,3.0,8,1,1,0,0,0.0010540999937802553,
eps_fixed_0.1_456_86722af6,eps_fixed_0.1,train,796,456,easy,5,5,0.1,0.95,0.1,default,100,3.0,8,1,1,0,0,0.0010633000056259334,
eps_fixed_0.1_456_86722af6,eps_fixed_0.1,train,797,456,easy,5,5,0.1,0.95,0.1,default,100,2.0,9,1,1,0,0,0.0011477000080049038,
eps_fixed_0.1_456_86722af6,eps_fixed_0.1,train,798,456,easy,5,5,0.1,0.95,0.1,default,100,3.0,8,1,1,0,0,0.0010537999914959073,
eps_fixed_0.1_456_86722af6,eps_fixed_0.1,train,799,456,easy,5,5,0.1,0.95,0.1,default,100,2.0,9,1,1,0,0,0.0011461000103736296,
eps_fixed_0.1_456_86722af6,eps_fixed_0.1,train,800,456,easy,5,5,0.1,0.95,0.1,default,100,2.0,9,1,1,0,0,0.0011181000008946285,results\epsilon\fixed_0.1\seed_456\qtable_ep800.npz
eps_fixed_0.1_456_86722af6,eps_fixed_0.1,eval,1,456,easy,5,5,0.1,0.95,0.0,default,100,-100.0,100,0,0,1,0,,
eps_fixed_0.1_456_86722af6,eps_fixed_0.1,eval,2,456,easy,5,5,0.1,0.95,0.0,default,100,-100.0,100,0,0,1,0,,
eps_fixed_0.1_456_86722af6,eps_fixed_0.1,eval,3,456,easy,5,5,0.1,0.95,0.0,default,100,-100.0,100,0,0,1,0,,
eps_fixed_0.1_456_86722af6,eps_fixed_0.1,eval,4,456,easy,5,5,0.1,0.95,0.0,default,100,-100.0,100,0,0,1,0,,
eps_fixed_0.1_456_86722af6,eps_fixed_0.1,eval,5,456,easy,5,5,0.1,0.95,0.0,default,100,-100.0,100,0,0,1,0,,
eps_fixed_0.1_456_86722af6,eps_fixed_0.1,eval,6,456,easy,5,5,0.1,0.95,0.0,default,100,-100.0,100,0,0,1,0,,
eps_fixed_0.1_456_86722af6,eps_fixed_0.1,eval,7,456,easy,5,5,0.1,0.95,0.0,default,100,-100.0,100,0,0,1,0,,
eps_fixed_0.1_456_86722af6,eps_fixed_0.1,eval,8,456,easy,5,5,0.1,0.95,0.0,default,100,-100.0,100,0,0,1,0,,
eps_fixed_0.1_456_86722af6,eps_fixed_0.1,eval,9,456,easy,5,5,0.1,0.95,0.0,default,100,-100.0,100,0,0,1,0,,
eps_fixed_0.1_456_86722af6,eps_fixed_0.1,eval,10,456,easy,5,5,0.1,0.95,0.0,default,100,-100.0,100,0,0,1,0,,
eps_fixed_0.1_456_86722af6,eps_fixed_0.1,eval,1,456,easy,5,5,0.1,0.95,0.0,default,100,-100.0,100,0,0,1,0,,
eps_fixed_0.1_456_86722af6,eps_fixed_0.1,eval,2,456,easy,5,5,0.1,0.95,0.0,default,100,-100.0,100,0,0,1,0,,
eps_fixed_0.1_456_86722af6,eps_fixed_0.1,eval,3,456,easy,5,5,0.1,0.95,0.0,default,100,-100.0,100,0,0,1,0,,
eps_fixed_0.1_456_86722af6,eps_fixed_0.1,eval,4,456,easy,5,5,0.1,0.95,0.0,default,100,-100.0,100,0,0,1,0,,
eps_fixed_0.1_456_86722af6,eps_fixed_0.1,eval,5,456,easy,5,5,0.1,0.95,0.0,default,100,-100.0,100,0,0,1,0,,
eps_fixed_0.1_456_86722af6,eps_fixed_0.1,eval,6,456,easy,5,5,0.1,0.95,0.0,default,100,-100.0,100,0,0,1,0,,
eps_fixed_0.1_456_86722af6,eps_fixed_0.1,eval,7,456,easy,5,5,0.1,0.95,0.0,default,100,-100.0,100,0,0,1,0,,
eps_fixed_0.1_456_86722af6,eps_fixed_0.1,eval,8,456,easy,5,5,0.1,0.95,0.0,default,100,-100.0,100,0,0,1,0,,
eps_fixed_0.1_456_86722af6,eps_fixed_0.1,eval,9,456,easy,5,5,0.1,0.95,0.0,default,100,-100.0,100,0,0,1,0,,
eps_fixed_0.1_456_86722af6,eps_fixed_0.1,eval,10,456,easy,5,5,0.1,0.95,0.0,default,100,-100.0,100,0,0,1,0,,
eps_fixed_0.1_456_86722af6,eps_fixed_0.1,eval,1,456,easy,5,5,0.1,0.95,0.0,default,100,-100.0,100,0,0,1,0,,
eps_fixed_0.1_456_86722af6,eps_fixed_0.1,eval,2,456,easy,5,5,0.1,0.95,0.0,default,100,-100.0,100,0,0,1,0,,
eps_fixed_0.1_456_86722af6,eps_fixed_0.1,eval,3,456,easy,5,5,0.1,0.95,0.0,default,100,-100.0,100,0,0,1,0,,
eps_fixed_0.1_456_86722af6,eps_fixed_0.1,eval,4,456,easy,5,5,0.1,0.95,0.0,default,100,-100.0,100,0,0,1,0,,
eps_fixed_0.1_456_86722af6,eps_fixed_0.1,eval,5,456,easy,5,5,0.1,0.95,0.0,default,100,-100.0,100,0,0,1,0,,
eps_fixed_0.1_456_86722af6,eps_fixed_0.1,eval,6,456,easy,5,5,0.1,0.95,0.0,default,100,-100.0,100,0,0,1,0,,
eps_fixed_0.1_456_86722af6,eps_fixed_0.1,eval,7,456,easy,5,5,0.1,0.95,0.0,default,100,-100.0,100,0,0,1,0,,
eps_fixed_0.1_456_86722af6,eps_fixed_0.1,eval,8,456,easy,5,5,0.1,0.95,0.0,default,100,-100.0,100,0,0,1,0,,
eps_fixed_0.1_456_86722af6,eps_fixed_0.1,eval,9,456,easy,5,5,0.1,0.95,0.0,default,100,-100.0,100,0,0,1,0,,
eps_fixed_0.1_456_86722af6,eps_fixed_0.1,eval,10,456,easy,5,5,0.1,0.95,0.0,default,100,-100.0,100,0,0,1,0,,
eps_fixed_0.1_456_86722af6,eps_fixed_0.1,eval,1,456,easy,5,5,0.1,0.95,0.0,default,100,3.0,8,1,1,0,0,,
eps_fixed_0.1_456_86722af6,eps_fixed_0.1,eval,2,456,easy,5,5,0.1,0.95,0.0,default,100,3.0,8,1,1,0,0,,
eps_fixed_0.1_456_86722af6,eps_fixed_0.1,eval,3,456,easy,5,5,0.1,0.95,0.0,default,100,3.0,8,1,1,0,0,,
eps_fixed_0.1_456_86722af6,eps_fixed_0.1,eval,4,456,easy,5,5,0.1,0.95,0.0,default,100,3.0,8,1,1,0,0,,
eps_fixed_0.1_456_86722af6,eps_fixed_0.1,eval,5,456,easy,5,5,0.1,0.95,0.0,default,100,3.0,8,1,1,0,0,,
eps_fixed_0.1_456_86722af6,eps_fixed_0.1,eval,6,456,easy,5,5,0.1,0.95,0.0,default,100,3.0,8,1,1,0,0,,
eps_fixed_0.1_456_86722af6,eps_fixed_0.1,eval,7,456,easy,5,5,0.1,0.95,0.0,default,100,3.0,8,1,1,0,0,,
eps_fixed_0.1_456_86722af6,eps_fixed_0.1,eval,8,456,easy,5,5,0.1,0.95,0.0,default,100,3.0,8,1,1,0,0,,
eps_fixed_0.1_456_86722af6,eps_fixed_0.1,eval,9,456,easy,5,5,0.1,0.95,0.0,default,100,3.0,8,1,1,0,0,,
eps_fixed_0.1_456_86722af6,eps_fixed_0.1,eval,10,456,easy,5,5,0.1,0.95,0.0,default,100,3.0,8,1,1,0,0,,
eps_fixed_0.1_456_86722af6,eps_fixed_0.1,eval,1,456,easy,5,5,0.1,0.95,0.0,default,100,3.0,8,1,1,0,0,,
eps_fixed_0.1_456_86722af6,eps_fixed_0.1,eval,2,456,easy,5,5,0.1,0.95,0.0,default,100,3.0,8,1,1,0,0,,
eps_fixed_0.1_456_86722af6,eps_fixed_0.1,eval,3,456,easy,5,5,0.1,0.95,0.0,default,100,3.0,8,1,1,0,0,,
eps_fixed_0.1_456_86722af6,eps_fixed_0.1,eval,4,456,easy,5,5,0.1,0.95,0.0,default,100,3.0,8,1,1,0,0,,
eps_fixed_0.1_456_86722af6,eps_fixed_0.1,eval,5,456,easy,5,5,0.1,0.95,0.0,default,100,3.0,8,1,1,0,0,,
eps_fixed_0.1_456_86722af6,eps_fixed_0.1,eval,6,456,easy,5,5,0.1,0.95,0.0,default,100,3.0,8,1,1,0,0,,
eps_fixed_0.1_456_86722af6,eps_fixed_0.1,eval,7,456,easy,5,5,0.1,0.95,0.0,default,100,3.0,8,1,1,0,0,,
eps_fixed_0.1_456_86722af6,eps_fixed_0.1,eval,8,456,easy,5,5,0.1,0.95,0.0,default,100,3.0,8,1,1,0,0,,
eps_fixed_0.1_456_86722af6,eps_fixed_0.1,eval,9,456,easy,5,5,0.1,0.95,0.0,default,100,3.0,8,1,1,0,0,,
eps_fixed_0.1_456_86722af6,eps_fixed_0.1,eval,10,456,easy,5,5,0.1,0.95,0.0,default,100,3.0,8,1,1,0,0,,
eps_fixed_0.1_456_86722af6,eps_fixed_0.1,eval,1,456,easy,5,5,0.1,0.95,0.0,default,100,3.0,8,1,1,0,0,,
eps_fixed_0.1_456_86722af6,eps_fixed_0.1,eval,2,456,easy,5,5,0.1,0.95,0.0,default,100,3.0,8,1,1,0,0,,
eps_fixed_0.1_456_86722af6,eps_fixed_0.1,eval,3,456,easy,5,5,0.1,0.95,0.0,default,100,3.0,8,1,1,0,0,,
eps_fixed_0.1_456_86722af6,eps_fixed_0.1,eval,4,456,easy,5,5,0.1,0.95,0.0,default,100,3.0,8,1,1,0,0,,
eps_fixed_0.1_456_86722af6,eps_fixed_0.1,eval,5,456,easy,5,5,0.1,0.95,0.0,default,100,3.0,8,1,1,0,0,,
eps_fixed_0.1_456_86722af6,eps_fixed_0.1,eval,6,456,easy,5,5,0.1,0.95,0.0,default,100,3.0,8,1,1,0,0,,
eps_fixed_0.1_456_86722af6,eps_fixed_0.1,eval,7,456,easy,5,5,0.1,0.95,0.0,default,100,3.0,8,1,1,0,0,,
eps_fixed_0.1_456_86722af6,eps_fixed_0.1,eval,8,456,easy,5,5,0.1,0.95,0.0,default,100,3.0,8,1,1,0,0,,
eps_fixed_0.1_456_86722af6,eps_fixed_0.1,eval,9,456,easy,5,5,0.1,0.95,0.0,default,100,3.0,8,1,1,0,0,,
eps_fixed_0.1_456_86722af6,eps_fixed_0.1,eval,10,456,easy,5,5,0.1,0.95,0.0,default,100,3.0,8,1,1,0,0,,
eps_fixed_0.1_456_86722af6,eps_fixed_0.1,eval,1,456,easy,5,5,0.1,0.95,0.0,default,100,3.0,8,1,1,0,0,,
eps_fixed_0.1_456_86722af6,eps_fixed_0.1,eval,2,456,easy,5,5,0.1,0.95,0.0,default,100,3.0,8,1,1,0,0,,
eps_fixed_0.1_456_86722af6,eps_fixed_0.1,eval,3,456,easy,5,5,0.1,0.95,0.0,default,100,3.0,8,1,1,0,0,,
eps_fixed_0.1_456_86722af6,eps_fixed_0.1,eval,4,456,easy,5,5,0.1,0.95,0.0,default,100,3.0,8,1,1,0,0,,
eps_fixed_0.1_456_86722af6,eps_fixed_0.1,eval,5,456,easy,5,5,0.1,0.95,0.0,default,100,3.0,8,1,1,0,0,,
eps_fixed_0.1_456_86722af6,eps_fixed_0.1,eval,6,456,easy,5,5,0.1,0.95,0.0,default,100,3.0,8,1,1,0,0,,
eps_fixed_0.1_456_86722af6,eps_fixed_0.1,eval,7,456,easy,5,5,0.1,0.95,0.0,default,100,3.0,8,1,1,0,0,,
eps_fixed_0.1_456_86722af6,eps_fixed_0.1,eval,8,456,easy,5,5,0.1,0.95,0.0,default,100,3.0,8,1,1,0,0,,
eps_fixed_0.1_456_86722af6,eps_fixed_0.1,eval,9,456,easy,5,5,0.1,0.95,0.0,default,100,3.0,8,1,1,0,0,,
eps_fixed_0.1_456_86722af6,eps_fixed_0.1,eval,10,456,easy,5,5,0.1,0.95,0.0,default,100,3.0,8,1,1,0,0,,
eps_fixed_0.1_456_86722af6,eps_fixed_0.1,eval,1,456,easy,5,5,0.1,0.95,0.0,default,100,3.0,8,1,1,0,0,,
eps_fixed_0.1_456_86722af6,eps_fixed_0.1,eval,2,456,easy,5,5,0.1,0.95,0.0,default,100,3.0,8,1,1,0,0,,
eps_fixed_0.1_456_86722af6,eps_fixed_0.1,eval,3,456,easy,5,5,0.1,0.95,0.0,default,100,3.0,8,1,1,0,0,,
eps_fixed_0.1_456_86722af6,eps_fixed_0.1,eval,4,456,easy,5,5,0.1,0.95,0.0,default,100,3.0,8,1,1,0,0,,
eps_fixed_0.1_456_86722af6,eps_fixed_0.1,eval,5,456,easy,5,5,0.1,0.95,0.0,default,100,3.0,8,1,1,0,0,,
eps_fixed_0.1_456_86722af6,eps_fixed_0.1,eval,6,456,easy,5,5,0.1,0.95,0.0,default,100,3.0,8,1,1,0,0,,
eps_fixed_0.1_456_86722af6,eps_fixed_0.1,eval,7,456,easy,5,5,0.1,0.95,0.0,default,100,3.0,8,1,1,0,0,,
eps_fixed_0.1_456_86722af6,eps_fixed_0.1,eval,8,456,easy,5,5,0.1,0.95,0.0,default,100,3.0,8,1,1,0,0,,
eps_fixed_0.1_456_86722af6,eps_fixed_0.1,eval,9,456,easy,5,5,0.1,0.95,0.0,default,100,3.0,8,1,1,0,0,,
eps_fixed_0.1_456_86722af6,eps_fixed_0.1,eval,10,456,easy,5,5,0.1,0.95,0.0,default,100,3.0,8,1,1,0,0,,
eps_fixed_0.1_456_86722af6,eps_fixed_0.1,eval,1,456,easy,5,5,0.1,0.95,0.0,default,100,3.0,8,1,1,0,0,,
eps_fixed_0.1_456_86722af6,eps_fixed_0.1,eval,2,456,easy,5,5,0.1,0.95,0.0,default,100,3.0,8,1,1,0,0,,
eps_fixed_0.1_456_86722af6,eps_fixed_0.1,eval,3,456,easy,5,5,0.1,0.95,0.0,default,100,3.0,8,1,1,0,0,,
eps_fixed_0.1_456_86722af6,eps_fixed_0.1,eval,4,456,easy,5,5,0.1,0.95,0.0,default,100,3.0,8,1,1,0,0,,
eps_fixed_0.1_456_86722af6,eps_fixed_0.1,eval,5,456,easy,5,5,0.1,0.95,0.0,default,100,3.0,8,1,1,0,0,,
eps_fixed_0.1_456_86722af6,eps_fixed_0.1,eval,6,456,easy,5,5,0.1,0.95,0.0,default,100,3.0,8,1,1,0,0,,
eps_fixed_0.1_456_86722af6,eps_fixed_0.1,eval,7,456,easy,5,5,0.1,0.95,0.0,default,100,3.0,8,1,1,0,0,,
eps_fixed_0.1_456_86722af6,eps_fixed_0.1,eval,8,456,easy,5,5,0.1,0.95,0.0,default,100,3.0,8,1,1,0,0,,
eps_fixed_0.1_456_86722af6,eps_fixed_0.1,eval,9,456,easy,5,5,0.1,0.95,0.0,default,100,3.0,8,1,1,0,0,,
eps_fixed_0.1_456_86722af6,eps_fixed_0.1,eval,10,456,easy,5,5,0.1,0.95,0.0,default,100,3.0,8,1,1,0,0,,
eps_fixed_0.1_456_86722af6,eps_fixed_0.1,eval,1,456,easy,5,5,0.1,0.95,0.0,default,100,3.0,8,1,1,0,0,,
eps_fixed_0.1_456_86722af6,eps_fixed_0.1,eval,2,456,easy,5,5,0.1,0.95,0.0,default,100,3.0,8,1,1,0,0,,
eps_fixed_0.1_456_86722af6,eps_fixed_0.1,eval,3,456,easy,5,5,0.1,0.95,0.0,default,100,3.0,8,1,1,0,0,,
eps_fixed_0.1_456_86722af6,eps_fixed_0.1,eval,4,456,easy,5,5,0.1,0.95,0.0,default,100,3.0,8,1,1,0,0,,
eps_fixed_0.1_456_86722af6,eps_fixed_0.1,eval,5,456,easy,5,5,0.1,0.95,0.0,default,100,3.0,8,1,1,0,0,,
eps_fixed_0.1_456_86722af6,eps_fixed_0.1,eval,6,456,easy,5,5,0.1,0.95,0.0,default,100,3.0,8,1,1,0,0,,
eps_fixed_0.1_456_86722af6,eps_fixed_0.1,eval,7,456,easy,5,5,0.1,0.95,0.0,default,100,3.0,8,1,1,0,0,,
eps_fixed_0.1_456_86722af6,eps_fixed_0.1,eval,8,456,easy,5,5,0.1,0.95,0.0,default,100,3.0,8,1,1,0,0,,
eps_fixed_0.1_456_86722af6,eps_fixed_0.1,eval,9,456,easy,5,5,0.1,0.95,0.0,default,100,3.0,8,1,1,0,0,,
eps_fixed_0.1_456_86722af6,eps_fixed_0.1,eval,10,456,easy,5,5,0.1,0.95,0.0,default,100,3.0,8,1,1,0,0,,
eps_fixed_0.1_456_86722af6,eps_fixed_0.1,eval,1,456,easy,5,5,0.1,0.95,0.0,default,100,3.0,8,1,1,0,0,,
eps_fixed_0.1_456_86722af6,eps_fixed_0.1,eval,2,456,easy,5,5,0.1,0.95,0.0,default,100,3.0,8,1,1,0,0,,
eps_fixed_0.1_456_86722af6,eps_fixed_0.1,eval,3,456,easy,5,5,0.1,0.95,0.0,default,100,3.0,8,1,1,0,0,,
eps_fixed_0.1_456_86722af6,eps_fixed_0.1,eval,4,456,easy,5,5,0.1,0.95,0.0,default,100,3.0,8,1,1,0,0,,
eps_fixed_0.1_456_86722af6,eps_fixed_0.1,eval,5,456,easy,5,5,0.1,0.95,0.0,default,100,3.0,8,1,1,0,0,,
eps_fixed_0.1_456_86722af6,eps_fixed_0.1,eval,6,456,easy,5,5,0.1,0.95,0.0,default,100,3.0,8,1,1,0,0,,
eps_fixed_0.1_456_86722af6,eps_fixed_0.1,eval,7,456,easy,5,5,0.1,0.95,0.0,default,100,3.0,8,1,1,0,0,,
eps_fixed_0.1_456_86722af6,eps_fixed_0.1,eval,8,456,easy,5,5,0.1,0.95,0.0,default,100,3.0,8,1,1,0,0,,
eps_fixed_0.1_456_86722af6,eps_fixed_0.1,eval,9,456,easy,5,5,0.1,0.95,0.0,default,100,3.0,8,1,1,0,0,,
eps_fixed_0.1_456_86722af6,eps_fixed_0.1,eval,10,456,easy,5,5,0.1,0.95,0.0,default,100,3.0,8,1,1,0,0,,
eps_fixed_0.1_456_86722af6,eps_fixed_0.1,eval,1,456,easy,5,5,0.1,0.95,0.0,default,100,3.0,8,1,1,0,0,,
eps_fixed_0.1_456_86722af6,eps_fixed_0.1,eval,2,456,easy,5,5,0.1,0.95,0.0,default,100,3.0,8,1,1,0,0,,
eps_fixed_0.1_456_86722af6,eps_fixed_0.1,eval,3,456,easy,5,5,0.1,0.95,0.0,default,100,3.0,8,1,1,0,0,,
eps_fixed_0.1_456_86722af6,eps_fixed_0.1,eval,4,456,easy,5,5,0.1,0.95,0.0,default,100,3.0,8,1,1,0,0,,
eps_fixed_0.1_456_86722af6,eps_fixed_0.1,eval,5,456,easy,5,5,0.1,0.95,0.0,default,100,3.0,8,1,1,0,0,,
eps_fixed_0.1_456_86722af6,eps_fixed_0.1,eval,6,456,easy,5,5,0.1,0.95,0.0,default,100,3.0,8,1,1,0,0,,
eps_fixed_0.1_456_86722af6,eps_fixed_0.1,eval,7,456,easy,5,5,0.1,0.95,0.0,default,100,3.0,8,1,1,0,0,,
eps_fixed_0.1_456_86722af6,eps_fixed_0.1,eval,8,456,easy,5,5,0.1,0.95,0.0,default,100,3.0,8,1,1,0,0,,
eps_fixed_0.1_456_86722af6,eps_fixed_0.1,eval,9,456,easy,5,5,0.1,0.95,0.0,default,100,3.0,8,1,1,0,0,,
eps_fixed_0.1_456_86722af6,eps_fixed_0.1,eval,10,456,easy,5,5,0.1,0.95,0.0,default,100,3.0,8,1,1,0,0,,
eps_fixed_0.1_456_86722af6,eps_fixed_0.1,eval,1,456,easy,5,5,0.1,0.95,0.0,default,100,3.0,8,1,1,0,0,,
eps_fixed_0.1_456_86722af6,eps_fixed_0.1,eval,2,456,easy,5,5,0.1,0.95,0.0,default,100,3.0,8,1,1,0,0,,
eps_fixed_0.1_456_86722af6,eps_fixed_0.1,eval,3,456,easy,5,5,0.1,0.95,0.0,default,100,3.0,8,1,1,0,0,,
eps_fixed_0.1_456_86722af6,eps_fixed_0.1,eval,4,456,easy,5,5,0.1,0.95,0.0,default,100,3.0,8,1,1,0,0,,
eps_fixed_0.1_456_86722af6,eps_fixed_0.1,eval,5,456,easy,5,5,0.1,0.95,0.0,default,100,3.0,8,1,1,0,0,,
eps_fixed_0.1_456_86722af6,eps_fixed_0.1,eval,6,456,easy,5,5,0.1,0.95,0.0,default,100,3.0,8,1,1,0,0,,
eps_fixed_0.1_456_86722af6,eps_fixed_0.1,eval,7,456,easy,5,5,0.1,0.95,0.0,default,100,3.0,8,1,1,0,0,,
eps_fixed_0.1_456_86722af6,eps_fixed_0.1,eval,8,456,easy,5,5,0.1,0.95,0.0,default,100,3.0,8,1,1,0,0,,
eps_fixed_0.1_456_86722af6,eps_fixed_0.1,eval,9,456,easy,5,5,0.1,0.95,0.0,default,100,3.0,8,1,1,0,0,,
eps_fixed_0.1_456_86722af6,eps_fixed_0.1,eval,10,456,easy,5,5,0.1,0.95,0.0,default,100,3.0,8,1,1,0,0,,
eps_fixed_0.1_456_86722af6,eps_fixed_0.1,eval,1,456,easy,5,5,0.1,0.95,0.0,default,100,3.0,8,1,1,0,0,,
eps_fixed_0.1_456_86722af6,eps_fixed_0.1,eval,2,456,easy,5,5,0.1,0.95,0.0,default,100,3.0,8,1,1,0,0,,
eps_fixed_0.1_456_86722af6,eps_fixed_0.1,eval,3,456,easy,5,5,0.1,0.95,0.0,default,100,3.0,8,1,1,0,0,,
eps_fixed_0.1_456_86722af6,eps_fixed_0.1,eval,4,456,easy,5,5,0.1,0.95,0.0,default,100,3.0,8,1,1,0,0,,
eps_fixed_0.1_456_86722af6,eps_fixed_0.1,eval,5,456,easy,5,5,0.1,0.95,0.0,default,100,3.0,8,1,1,0,0,,
eps_fixed_0.1_456_86722af6,eps_fixed_0.1,eval,6,456,easy,5,5,0.1,0.95,0.0,default,100,3.0,8,1,1,0,0,,
eps_fixed_0.1_456_86722af6,eps_fixed_0.1,eval,7,456,easy,5,5,0.1,0.95,0.0,default,100,3.0,8,1,1,0,0,,
eps_fixed_0.1_456_86722af6,eps_fixed_0.1,eval,8,456,easy,5,5,0.1,0.95,0.0,default,100,3.0,8,1,1,0,0,,
eps_fixed_0.1_456_86722af6,eps_fixed_0.1,eval,9,456,easy,5,5,0.1,0.95,0.0,default,100,3.0,8,1,1,0,0,,
eps_fixed_0.1_456_86722af6,eps_fixed_0.1,eval,10,456,easy,5,5,0.1,0.95,0.0,default,100,3.0,8,1,1,0,0,,
eps_fixed_0.1_456_86722af6,eps_fixed_0.1,eval,1,456,easy,5,5,0.1,0.95,0.0,default,100,3.0,8,1,1,0,0,,
eps_fixed_0.1_456_86722af6,eps_fixed_0.1,eval,2,456,easy,5,5,0.1,0.95,0.0,default,100,3.0,8,1,1,0,0,,
eps_fixed_0.1_456_86722af6,eps_fixed_0.1,eval,3,456,easy,5,5,0.1,0.95,0.0,default,100,3.0,8,1,1,0,0,,
eps_fixed_0.1_456_86722af6,eps_fixed_0.1,eval,4,456,easy,5,5,0.1,0.95,0.0,default,100,3.0,8,1,1,0,0,,
eps_fixed_0.1_456_86722af6,eps_fixed_0.1,eval,5,456,easy,5,5,0.1,0.95,0.0,default,100,3.0,8,1,1,0,0,,
eps_fixed_0.1_456_86722af6,eps_fixed_0.1,eval,6,456,easy,5,5,0.1,0.95,0.0,default,100,3.0,8,1,1,0,0,,
eps_fixed_0.1_456_86722af6,eps_fixed_0.1,eval,7,456,easy,5,5,0.1,0.95,0.0,default,100,3.0,8,1,1,0,0,,
eps_fixed_0.1_456_86722af6,eps_fixed_0.1,eval,8,456,easy,5,5,0.1,0.95,0.0,default,100,3.0,8,1,1,0,0,,
eps_fixed_0.1_456_86722af6,eps_fixed_0.1,eval,9,456,easy,5,5,0.1,0.95,0.0,default,100,3.0,8,1,1,0,0,,
eps_fixed_0.1_456_86722af6,eps_fixed_0.1,eval,10,456,easy,5,5,0.1,0.95,0.0,default,100,3.0,8,1,1,0,0,,
eps_fixed_0.1_456_86722af6,eps_fixed_0.1,eval,1,456,easy,5,5,0.1,0.95,0.0,default,100,3.0,8,1,1,0,0,,
eps_fixed_0.1_456_86722af6,eps_fixed_0.1,eval,2,456,easy,5,5,0.1,0.95,0.0,default,100,3.0,8,1,1,0,0,,
eps_fixed_0.1_456_86722af6,eps_fixed_0.1,eval,3,456,easy,5,5,0.1,0.95,0.0,default,100,3.0,8,1,1,0,0,,
eps_fixed_0.1_456_86722af6,eps_fixed_0.1,eval,4,456,easy,5,5,0.1,0.95,0.0,default,100,3.0,8,1,1,0,0,,
eps_fixed_0.1_456_86722af6,eps_fixed_0.1,eval,5,456,easy,5,5,0.1,0.95,0.0,default,100,3.0,8,1,1,0,0,,
eps_fixed_0.1_456_86722af6,eps_fixed_0.1,eval,6,456,easy,5,5,0.1,0.95,0.0,default,100,3.0,8,1,1,0,0,,
eps_fixed_0.1_456_86722af6,eps_fixed_0.1,eval,7,456,easy,5,5,0.1,0.95,0.0,default,100,3.0,8,1,1,0,0,,
eps_fixed_0.1_456_86722af6,eps_fixed_0.1,eval,8,456,easy,5,5,0.1,0.95,0.0,default,100,3.0,8,1,1,0,0,,
eps_fixed_0.1_456_86722af6,eps_fixed_0.1,eval,9,456,easy,5,5,0.1,0.95,0.0,default,100,3.0,8,1,1,0,0,,
eps_fixed_0.1_456_86722af6,eps_fixed_0.1,eval,10,456,easy,5,5,0.1,0.95,0.0,default,100,3.0,8,1,1,0,0,,
eps_fixed_0.1_456_86722af6,eps_fixed_0.1,eval,1,456,easy,5,5,0.1,0.95,0.0,default,100,3.0,8,1,1,0,0,,
eps_fixed_0.1_456_86722af6,eps_fixed_0.1,eval,2,456,easy,5,5,0.1,0.95,0.0,default,100,3.0,8,1,1,0,0,,
eps_fixed_0.1_456_86722af6,eps_fixed_0.1,eval,3,456,easy,5,5,0.1,0.95,0.0,default,100,3.0,8,1,1,0,0,,
eps_fixed_0.1_456_86722af6,eps_fixed_0.1,eval,4,456,easy,5,5,0.1,0.95,0.0,default,100,3.0,8,1,1,0,0,,
eps_fixed_0.1_456_86722af6,eps_fixed_0.1,eval,5,456,easy,5,5,0.1,0.95,0.0,default,100,3.0,8,1,1,0,0,,
eps_fixed_0.1_456_86722af6,eps_fixed_0.1,eval,6,456,easy,5,5,0.1,0.95,0.0,default,100,3.0,8,1,1,0,0,,
eps_fixed_0.1_456_86722af6,eps_fixed_0.1,eval,7,456,easy,5,5,0.1,0.95,0.0,default,100,3.0,8,1,1,0,0,,
eps_fixed_0.1_456_86722af6,eps_fixed_0.1,eval,8,456,easy,5,5,0.1,0.95,0.0,default,100,3.0,8,1,1,0,0,,
eps_fixed_0.1_456_86722af6,eps_fixed_0.1,eval,9,456,easy,5,5,0.1,0.95,0.0,default,100,3.0,8,1,1,0,0,,
eps_fixed_0.1_456_86722af6,eps_fixed_0.1,eval,10,456,easy,5,5,0.1,0.95,0.0,default,100,3.0,8,1,1,0,0,,
eps_fixed_0.1_456_86722af6,eps_fixed_0.1,eval,1,456,easy,5,5,0.1,0.95,0.0,default,100,3.0,8,1,1,0,0,,
eps_fixed_0.1_456_86722af6,eps_fixed_0.1,eval,2,456,easy,5,5,0.1,0.95,0.0,default,100,3.0,8,1,1,0,0,,
eps_fixed_0.1_456_86722af6,eps_fixed_0.1,eval,3,456,easy,5,5,0.1,0.95,0.0,default,100,3.0,8,1,1,0,0,,
eps_fixed_0.1_456_86722af6,eps_fixed_0.1,eval,4,456,easy,5,5,0.1,0.95,0.0,default,100,3.0,8,1,1,0,0,,
eps_fixed_0.1_456_86722af6,eps_fixed_0.1,eval,5,456,easy,5,5,0.1,0.95,0.0,default,100,3.0,8,1,1,0,0,,
eps_fixed_0.1_456_86722af6,eps_fixed_0.1,eval,6,456,easy,5,5,0.1,0.95,0.0,default,100,3.0,8,1,1,0,0,,
eps_fixed_0.1_456_86722af6,eps_fixed_0.1,eval,7,456,easy,5,5,0.1,0.95,0.0,default,100,3.0,8,1,1,0,0,,
eps_fixed_0.1_456_86722af6,eps_fixed_0.1,eval,8,456,easy,5,5,0.1,0.95,0.0,default,100,3.0,8,1,1,0,0,,
eps_fixed_0.1_456_86722af6,eps_fixed_0.1,eval,9,456,easy,5,5,0.1,0.95,0.0,default,100,3.0,8,1,1,0,0,,
eps_fixed_0.1_456_86722af6,eps_fixed_0.1,eval,10,456,easy,5,5,0.1,0.95,0.0,default,100,3.0,8,1,1,0,0,,
eps_fixed_0.1_456_86722af6,eps_fixed_0.1,eval,1,456,easy,5,5,0.1,0.95,0.0,default,100,3.0,8,1,1,0,0,,
eps_fixed_0.1_456_86722af6,eps_fixed_0.1,eval,2,456,easy,5,5,0.1,0.95,0.0,default,100,3.0,8,1,1,0,0,,
eps_fixed_0.1_456_86722af6,eps_fixed_0.1,eval,3,456,easy,5,5,0.1,0.95,0.0,default,100,3.0,8,1,1,0,0,,
eps_fixed_0.1_456_86722af6,eps_fixed_0.1,eval,4,456,easy,5,5,0.1,0.95,0.0,default,100,3.0,8,1,1,0,0,,
eps_fixed_0.1_456_86722af6,eps_fixed_0.1,eval,5,456,easy,5,5,0.1,0.95,0.0,default,100,3.0,8,1,1,0,0,,
eps_fixed_0.1_456_86722af6,eps_fixed_0.1,eval,6,456,easy,5,5,0.1,0.95,0.0,default,100,3.0,8,1,1,0,0,,
eps_fixed_0.1_456_86722af6,eps_fixed_0.1,eval,7,456,easy,5,5,0.1,0.95,0.0,default,100,3.0,8,1,1,0,0,,
eps_fixed_0.1_456_86722af6,eps_fixed_0.1,eval,8,456,easy,5,5,0.1,0.95,0.0,default,100,3.0,8,1,1,0,0,,
eps_fixed_0.1_456_86722af6,eps_fixed_0.1,eval,9,456,easy,5,5,0.1,0.95,0.0,default,100,3.0,8,1,1,0,0,,
eps_fixed_0.1_456_86722af6,eps_fixed_0.1,eval,10,456,easy,5,5,0.1,0.95,0.0,default,100,3.0,8,1,1,0,0,,
eps_fixed_0.1_456_86722af6,eps_fixed_0.1,eval,1,456,easy,5,5,0.1,0.95,0.0,default,100,3.0,8,1,1,0,0,,
eps_fixed_0.1_456_86722af6,eps_fixed_0.1,eval,2,456,easy,5,5,0.1,0.95,0.0,default,100,3.0,8,1,1,0,0,,
eps_fixed_0.1_456_86722af6,eps_fixed_0.1,eval,3,456,easy,5,5,0.1,0.95,0.0,default,100,3.0,8,1,1,0,0,,
eps_fixed_0.1_456_86722af6,eps_fixed_0.1,eval,4,456,easy,5,5,0.1,0.95,0.0,default,100,3.0,8,1,1,0,0,,
eps_fixed_0.1_456_86722af6,eps_fixed_0.1,eval,5,456,easy,5,5,0.1,0.95,0.0,default,100,3.0,8,1,1,0,0,,
eps_fixed_0.1_456_86722af6,eps_fixed_0.1,eval,6,456,easy,5,5,0.1,0.95,0.0,default,100,3.0,8,1,1,0,0,,
eps_fixed_0.1_456_86722af6,eps_fixed_0.1,eval,7,456,easy,5,5,0.1,0.95,0.0,default,100,3.0,8,1,1,0,0,,
eps_fixed_0.1_456_86722af6,eps_fixed_0.1,eval,8,456,easy,5,5,0.1,0.95,0.0,default,100,3.0,8,1,1,0,0,,
eps_fixed_0.1_456_86722af6,eps_fixed_0.1,eval,9,456,easy,5,5,0.1,0.95,0.0,default,100,3.0,8,1,1,0,0,,
eps_fixed_0.1_456_86722af6,eps_fixed_0.1,eval,10,456,easy,5,5,0.1,0.95,0.0,default,100,3.0,8,1,1,0,0,,
eps_fixed_0.1_456_86722af6,eps_fixed_0.1,eval,1,456,easy,5,5,0.1,0.95,0.0,default,100,3.0,8,1,1,0,0,,
eps_fixed_0.1_456_86722af6,eps_fixed_0.1,eval,2,456,easy,5,5,0.1,0.95,0.0,default,100,3.0,8,1,1,0,0,,
eps_fixed_0.1_456_86722af6,eps_fixed_0.1,eval,3,456,easy,5,5,0.1,0.95,0.0,default,100,3.0,8,1,1,0,0,,
eps_fixed_0.1_456_86722af6,eps_fixed_0.1,eval,4,456,easy,5,5,0.1,0.95,0.0,default,100,3.0,8,1,1,0,0,,
eps_fixed_0.1_456_86722af6,eps_fixed_0.1,eval,5,456,easy,5,5,0.1,0.95,0.0,default,100,3.0,8,1,1,0,0,,
eps_fixed_0.1_456_86722af6,eps_fixed_0.1,eval,6,456,easy,5,5,0.1,0.95,0.0,default,100,3.0,8,1,1,0,0,,
eps_fixed_0.1_456_86722af6,eps_fixed_0.1,eval,7,456,easy,5,5,0.1,0.95,0.0,default,100,3.0,8,1,1,0,0,,
eps_fixed_0.1_456_86722af6,eps_fixed_0.1,eval,8,456,easy,5,5,0.1,0.95,0.0,default,100,3.0,8,1,1,0,0,,
eps_fixed_0.1_456_86722af6,eps_fixed_0.1,eval,9,456,easy,5,5,0.1,0.95,0.0,default,100,3.0,8,1,1,0,0,,
eps_fixed_0.1_456_86722af6,eps_fixed_0.1,eval,10,456,easy,5,5,0.1,0.95,0.0,default,100,3.0,8,1,1,0,0,,
eps_fixed_0.1_456_86722af6,eps_fixed_0.1,eval,1,456,easy,5,5,0.1,0.95,0.0,default,100,3.0,8,1,1,0,0,,
eps_fixed_0.1_456_86722af6,eps_fixed_0.1,eval,2,456,easy,5,5,0.1,0.95,0.0,default,100,3.0,8,1,1,0,0,,
eps_fixed_0.1_456_86722af6,eps_fixed_0.1,eval,3,456,easy,5,5,0.1,0.95,0.0,default,100,3.0,8,1,1,0,0,,
eps_fixed_0.1_456_86722af6,eps_fixed_0.1,eval,4,456,easy,5,5,0.1,0.95,0.0,default,100,3.0,8,1,1,0,0,,
eps_fixed_0.1_456_86722af6,eps_fixed_0.1,eval,5,456,easy,5,5,0.1,0.95,0.0,default,100,3.0,8,1,1,0,0,,
eps_fixed_0.1_456_86722af6,eps_fixed_0.1,eval,6,456,easy,5,5,0.1,0.95,0.0,default,100,3.0,8,1,1,0,0,,
eps_fixed_0.1_456_86722af6,eps_fixed_0.1,eval,7,456,easy,5,5,0.1,0.95,0.0,default,100,3.0,8,1,1,0,0,,
eps_fixed_0.1_456_86722af6,eps_fixed_0.1,eval,8,456,easy,5,5,0.1,0.95,0.0,default,100,3.0,8,1,1,0,0,,
eps_fixed_0.1_456_86722af6,eps_fixed_0.1,eval,9,456,easy,5,5,0.1,0.95,0.0,default,100,3.0,8,1,1,0,0,,
eps_fixed_0.1_456_86722af6,eps_fixed_0.1,eval,10,456,easy,5,5,0.1,0.95,0.0,default,100,3.0,8,1,1,0,0,,
eps_fixed_0.1_456_86722af6,eps_fixed_0.1,eval,1,456,easy,5,5,0.1,0.95,0.0,default,100,3.0,8,1,1,0,0,,
eps_fixed_0.1_456_86722af6,eps_fixed_0.1,eval,2,456,easy,5,5,0.1,0.95,0.0,default,100,3.0,8,1,1,0,0,,
eps_fixed_0.1_456_86722af6,eps_fixed_0.1,eval,3,456,easy,5,5,0.1,0.95,0.0,default,100,3.0,8,1,1,0,0,,
eps_fixed_0.1_456_86722af6,eps_fixed_0.1,eval,4,456,easy,5,5,0.1,0.95,0.0,default,100,3.0,8,1,1,0,0,,
eps_fixed_0.1_456_86722af6,eps_fixed_0.1,eval,5,456,easy,5,5,0.1,0.95,0.0,default,100,3.0,8,1,1,0,0,,
eps_fixed_0.1_456_86722af6,eps_fixed_0.1,eval,6,456,easy,5,5,0.1,0.95,0.0,default,100,3.0,8,1,1,0,0,,
eps_fixed_0.1_456_86722af6,eps_fixed_0.1,eval,7,456,easy,5,5,0.1,0.95,0.0,default,100,3.0,8,1,1,0,0,,
eps_fixed_0.1_456_86722af6,eps_fixed_0.1,eval,8,456,easy,5,5,0.1,0.95,0.0,default,100,3.0,8,1,1,0,0,,
eps_fixed_0.1_456_86722af6,eps_fixed_0.1,eval,9,456,easy,5,5,0.1,0.95,0.0,default,100,3.0,8,1,1,0,0,,
eps_fixed_0.1_456_86722af6,eps_fixed_0.1,eval,10,456,easy,5,5,0.1,0.95,0.0,default,100,3.0,8,1,1,0,0,,
eps_fixed_0.1_456_86722af6,eps_fixed_0.1,eval,1,456,easy,5,5,0.1,0.95,0.0,default,100,3.0,8,1,1,0,0,,
eps_fixed_0.1_456_86722af6,eps_fixed_0.1,eval,2,456,easy,5,5,0.1,0.95,0.0,default,100,3.0,8,1,1,0,0,,
eps_fixed_0.1_456_86722af6,eps_fixed_0.1,eval,3,456,easy,5,5,0.1,0.95,0.0,default,100,3.0,8,1,1,0,0,,
eps_fixed_0.1_456_86722af6,eps_fixed_0.1,eval,4,456,easy,5,5,0.1,0.95,0.0,default,100,3.0,8,1,1,0,0,,
eps_fixed_0.1_456_86722af6,eps_fixed_0.1,eval,5,456,easy,5,5,0.1,0.95,0.0,default,100,3.0,8,1,1,0,0,,
eps_fixed_0.1_456_86722af6,eps_fixed_0.1,eval,6,456,easy,5,5,0.1,0.95,0.0,default,100,3.0,8,1,1,0,0,,
eps_fixed_0.1_456_86722af6,eps_fixed_0.1,eval,7,456,easy,5,5,0.1,0.95,0.0,default,100,3.0,8,1,1,0,0,,
eps_fixed_0.1_456_86722af6,eps_fixed_0.1,eval,8,456,easy,5,5,0.1,0.95,0.0,default,100,3.0,8,1,1,0,0,,
eps_fixed_0.1_456_86722af6,eps_fixed_0.1,eval,9,456,easy,5,5,0.1,0.95,0.0,default,100,3.0,8,1,1,0,0,,
eps_fixed_0.1_456_86722af6,eps_fixed_0.1,eval,10,456,easy,5,5,0.1,0.95,0.0,default,100,3.0,8,1,1,0,0,,
eps_fixed_0.1_456_86722af6,eps_fixed_0.1,eval,1,456,easy,5,5,0.1,0.95,0.0,default,100,3.0,8,1,1,0,0,,
eps_fixed_0.1_456_86722af6,eps_fixed_0.1,eval,2,456,easy,5,5,0.1,0.95,0.0,default,100,3.0,8,1,1,0,0,,
eps_fixed_0.1_456_86722af6,eps_fixed_0.1,eval,3,456,easy,5,5,0.1,0.95,0.0,default,100,3.0,8,1,1,0,0,,
eps_fixed_0.1_456_86722af6,eps_fixed_0.1,eval,4,456,easy,5,5,0.1,0.95,0.0,default,100,3.0,8,1,1,0,0,,
eps_fixed_0.1_456_86722af6,eps_fixed_0.1,eval,5,456,easy,5,5,0.1,0.95,0.0,default,100,3.0,8,1,1,0,0,,
eps_fixed_0.1_456_86722af6,eps_fixed_0.1,eval,6,456,easy,5,5,0.1,0.95,0.0,default,100,3.0,8,1,1,0,0,,
eps_fixed_0.1_456_86722af6,eps_fixed_0.1,eval,7,456,easy,5,5,0.1,0.95,0.0,default,100,3.0,8,1,1,0,0,,
eps_fixed_0.1_456_86722af6,eps_fixed_0.1,eval,8,456,easy,5,5,0.1,0.95,0.0,default,100,3.0,8,1,1,0,0,,
eps_fixed_0.1_456_86722af6,eps_fixed_0.1,eval,9,456,easy,5,5,0.1,0.95,0.0,default,100,3.0,8,1,1,0,0,,
eps_fixed_0.1_456_86722af6,eps_fixed_0.1,eval,10,456,easy,5,5,0.1,0.95,0.0,default,100,3.0,8,1,1,0,0,,
eps_fixed_0.1_456_86722af6,eps_fixed_0.1,eval,1,456,easy,5,5,0.1,0.95,0.0,default,100,3.0,8,1,1,0,0,,
eps_fixed_0.1_456_86722af6,eps_fixed_0.1,eval,2,456,easy,5,5,0.1,0.95,0.0,default,100,3.0,8,1,1,0,0,,
eps_fixed_0.1_456_86722af6,eps_fixed_0.1,eval,3,456,easy,5,5,0.1,0.95,0.0,default,100,3.0,8,1,1,0,0,,
eps_fixed_0.1_456_86722af6,eps_fixed_0.1,eval,4,456,easy,5,5,0.1,0.95,0.0,default,100,3.0,8,1,1,0,0,,
eps_fixed_0.1_456_86722af6,eps_fixed_0.1,eval,5,456,easy,5,5,0.1,0.95,0.0,default,100,3.0,8,1,1,0,0,,
eps_fixed_0.1_456_86722af6,eps_fixed_0.1,eval,6,456,easy,5,5,0.1,0.95,0.0,default,100,3.0,8,1,1,0,0,,
eps_fixed_0.1_456_86722af6,eps_fixed_0.1,eval,7,456,easy,5,5,0.1,0.95,0.0,default,100,3.0,8,1,1,0,0,,
eps_fixed_0.1_456_86722af6,eps_fixed_0.1,eval,8,456,easy,5,5,0.1,0.95,0.0,default,100,3.0,8,1,1,0,0,,
eps_fixed_0.1_456_86722af6,eps_fixed_0.1,eval,9,456,easy,5,5,0.1,0.95,0.0,default,100,3.0,8,1,1,0,0,,
eps_fixed_0.1_456_86722af6,eps_fixed_0.1,eval,10,456,easy,5,5,0.1,0.95,0.0,default,100,3.0,8,1,1,0,0,,
eps_fixed_0.1_456_86722af6,eps_fixed_0.1,eval,1,456,easy,5,5,0.1,0.95,0.0,default,100,3.0,8,1,1,0,0,,
eps_fixed_0.1_456_86722af6,eps_fixed_0.1,eval,2,456,easy,5,5,0.1,0.95,0.0,default,100,3.0,8,1,1,0,0,,
eps_fixed_0.1_456_86722af6,eps_fixed_0.1,eval,3,456,easy,5,5,0.1,0.95,0.0,default,100,3.0,8,1,1,0,0,,
eps_fixed_0.1_456_86722af6,eps_fixed_0.1,eval,4,456,easy,5,5,0.1,0.95,0.0,default,100,3.0,8,1,1,0,0,,
eps_fixed_0.1_456_86722af6,eps_fixed_0.1,eval,5,456,easy,5,5,0.1,0.95,0.0,default,100,3.0,8,1,1,0,0,,
eps_fixed_0.1_456_86722af6,eps_fixed_0.1,eval,6,456,easy,5,5,0.1,0.95,0.0,default,100,3.0,8,1,1,0,0,,
eps_fixed_0.1_456_86722af6,eps_fixed_0.1,eval,7,456,easy,5,5,0.1,0.95,0.0,default,100,3.0,8,1,1,0,0,,
eps_fixed_0.1_456_86722af6,eps_fixed_0.1,eval,8,456,easy,5,5,0.1,0.95,0.0,default,100,3.0,8,1,1,0,0,,
eps_fixed_0.1_456_86722af6,eps_fixed_0.1,eval,9,456,easy,5,5,0.1,0.95,0.0,default,100,3.0,8,1,1,0,0,,
eps_fixed_0.1_456_86722af6,eps_fixed_0.1,eval,10,456,easy,5,5,0.1,0.95,0.0,default,100,3.0,8,1,1,0,0,,
eps_fixed_0.1_456_86722af6,eps_fixed_0.1,eval,1,456,easy,5,5,0.1,0.95,0.0,default,100,3.0,8,1,1,0,0,,
eps_fixed_0.1_456_86722af6,eps_fixed_0.1,eval,2,456,easy,5,5,0.1,0.95,0.0,default,100,3.0,8,1,1,0,0,,
eps_fixed_0.1_456_86722af6,eps_fixed_0.1,eval,3,456,easy,5,5,0.1,0.95,0.0,default,100,3.0,8,1,1,0,0,,
eps_fixed_0.1_456_86722af6,eps_fixed_0.1,eval,4,456,easy,5,5,0.1,0.95,0.0,default,100,3.0,8,1,1,0,0,,
eps_fixed_0.1_456_86722af6,eps_fixed_0.1,eval,5,456,easy,5,5,0.1,0.95,0.0,default,100,3.0,8,1,1,0,0,,
eps_fixed_0.1_456_86722af6,eps_fixed_0.1,eval,6,456,easy,5,5,0.1,0.95,0.0,default,100,3.0,8,1,1,0,0,,
eps_fixed_0.1_456_86722af6,eps_fixed_0.1,eval,7,456,easy,5,5,0.1,0.95,0.0,default,100,3.0,8,1,1,0,0,,
eps_fixed_0.1_456_86722af6,eps_fixed_0.1,eval,8,456,easy,5,5,0.1,0.95,0.0,default,100,3.0,8,1,1,0,0,,
eps_fixed_0.1_456_86722af6,eps_fixed_0.1,eval,9,456,easy,5,5,0.1,0.95,0.0,default,100,3.0,8,1,1,0,0,,
eps_fixed_0.1_456_86722af6,eps_fixed_0.1,eval,10,456,easy,5,5,0.1,0.95,0.0,default,100,3.0,8,1,1,0,0,,
eps_fixed_0.1_456_86722af6,eps_fixed_0.1,eval,1,456,easy,5,5,0.1,0.95,0.0,default,100,3.0,8,1,1,0,0,,
eps_fixed_0.1_456_86722af6,eps_fixed_0.1,eval,2,456,easy,5,5,0.1,0.95,0.0,default,100,3.0,8,1,1,0,0,,
eps_fixed_0.1_456_86722af6,eps_fixed_0.1,eval,3,456,easy,5,5,0.1,0.95,0.0,default,100,3.0,8,1,1,0,0,,
eps_fixed_0.1_456_86722af6,eps_fixed_0.1,eval,4,456,easy,5,5,0.1,0.95,0.0,default,100,3.0,8,1,1,0,0,,
eps_fixed_0.1_456_86722af6,eps_fixed_0.1,eval,5,456,easy,5,5,0.1,0.95,0.0,default,100,3.0,8,1,1,0,0,,
eps_fixed_0.1_456_86722af6,eps_fixed_0.1,eval,6,456,easy,5,5,0.1,0.95,0.0,default,100,3.0,8,1,1,0,0,,
eps_fixed_0.1_456_86722af6,eps_fixed_0.1,eval,7,456,easy,5,5,0.1,0.95,0.0,default,100,3.0,8,1,1,0,0,,
eps_fixed_0.1_456_86722af6,eps_fixed_0.1,eval,8,456,easy,5,5,0.1,0.95,0.0,default,100,3.0,8,1,1,0,0,,
eps_fixed_0.1_456_86722af6,eps_fixed_0.1,eval,9,456,easy,5,5,0.1,0.95,0.0,default,100,3.0,8,1,1,0,0,,
eps_fixed_0.1_456_86722af6,eps_fixed_0.1,eval,10,456,easy,5,5,0.1,0.95,0.0,default,100,3.0,8,1,1,0,0,,
eps_fixed_0.1_456_86722af6,eps_fixed_0.1,eval,1,456,easy,5,5,0.1,0.95,0.0,default,100,3.0,8,1,1,0,0,,
eps_fixed_0.1_456_86722af6,eps_fixed_0.1,eval,2,456,easy,5,5,0.1,0.95,0.0,default,100,3.0,8,1,1,0,0,,
eps_fixed_0.1_456_86722af6,eps_fixed_0.1,eval,3,456,easy,5,5,0.1,0.95,0.0,default,100,3.0,8,1,1,0,0,,
eps_fixed_0.1_456_86722af6,eps_fixed_0.1,eval,4,456,easy,5,5,0.1,0.95,0.0,default,100,3.0,8,1,1,0,0,,
eps_fixed_0.1_456_86722af6,eps_fixed_0.1,eval,5,456,easy,5,5,0.1,0.95,0.0,default,100,3.0,8,1,1,0,0,,
eps_fixed_0.1_456_86722af6,eps_fixed_0.1,eval,6,456,easy,5,5,0.1,0.95,0.0,default,100,3.0,8,1,1,0,0,,
eps_fixed_0.1_456_86722af6,eps_fixed_0.1,eval,7,456,easy,5,5,0.1,0.95,0.0,default,100,3.0,8,1,1,0,0,,
eps_fixed_0.1_456_86722af6,eps_fixed_0.1,eval,8,456,easy,5,5,0.1,0.95,0.0,default,100,3.0,8,1,1,0,0,,
eps_fixed_0.1_456_86722af6,eps_fixed_0.1,eval,9,456,easy,5,5,0.1,0.95,0.0,default,100,3.0,8,1,1,0,0,,
eps_fixed_0.1_456_86722af6,eps_fixed_0.1,eval,10,456,easy,5,5,0.1,0.95,0.0,default,100,3.0,8,1,1,0,0,,
eps_fixed_0.1_456_86722af6,eps_fixed_0.1,eval,1,456,easy,5,5,0.1,0.95,0.0,default,100,3.0,8,1,1,0,0,,
eps_fixed_0.1_456_86722af6,eps_fixed_0.1,eval,2,456,easy,5,5,0.1,0.95,0.0,default,100,3.0,8,1,1,0,0,,
eps_fixed_0.1_456_86722af6,eps_fixed_0.1,eval,3,456,easy,5,5,0.1,0.95,0.0,default,100,3.0,8,1,1,0,0,,
eps_fixed_0.1_456_86722af6,eps_fixed_0.1,eval,4,456,easy,5,5,0.1,0.95,0.0,default,100,3.0,8,1,1,0,0,,
eps_fixed_0.1_456_86722af6,eps_fixed_0.1,eval,5,456,easy,5,5,0.1,0.95,0.0,default,100,3.0,8,1,1,0,0,,
eps_fixed_0.1_456_86722af6,eps_fixed_0.1,eval,6,456,easy,5,5,0.1,0.95,0.0,default,100,3.0,8,1,1,0,0,,
eps_fixed_0.1_456_86722af6,eps_fixed_0.1,eval,7,456,easy,5,5,0.1,0.95,0.0,default,100,3.0,8,1,1,0,0,,
eps_fixed_0.1_456_86722af6,eps_fixed_0.1,eval,8,456,easy,5,5,0.1,0.95,0.0,default,100,3.0,8,1,1,0,0,,
eps_fixed_0.1_456_86722af6,eps_fixed_0.1,eval,9,456,easy,5,5,0.1,0.95,0.0,default,100,3.0,8,1,1,0,0,,
eps_fixed_0.1_456_86722af6,eps_fixed_0.1,eval,10,456,easy,5,5,0.1,0.95,0.0,default,100,3.0,8,1,1,0,0,,
eps_fixed_0.1_456_86722af6,eps_fixed_0.1,eval,1,456,easy,5,5,0.1,0.95,0.0,default,100,3.0,8,1,1,0,0,,
eps_fixed_0.1_456_86722af6,eps_fixed_0.1,eval,2,456,easy,5,5,0.1,0.95,0.0,default,100,3.0,8,1,1,0,0,,
eps_fixed_0.1_456_86722af6,eps_fixed_0.1,eval,3,456,easy,5,5,0.1,0.95,0.0,default,100,3.0,8,1,1,0,0,,
eps_fixed_0.1_456_86722af6,eps_fixed_0.1,eval,4,456,easy,5,5,0.1,0.95,0.0,default,100,3.0,8,1,1,0,0,,
eps_fixed_0.1_456_86722af6,eps_fixed_0.1,eval,5,456,easy,5,5,0.1,0.95,0.0,default,100,3.0,8,1,1,0,0,,
eps_fixed_0.1_456_86722af6,eps_fixed_0.1,eval,6,456,easy,5,5,0.1,0.95,0.0,default,100,3.0,8,1,1,0,0,,
eps_fixed_0.1_456_86722af6,eps_fixed_0.1,eval,7,456,easy,5,5,0.1,0.95,0.0,default,100,3.0,8,1,1,0,0,,
eps_fixed_0.1_456_86722af6,eps_fixed_0.1,eval,8,456,easy,5,5,0.1,0.95,0.0,default,100,3.0,8,1,1,0,0,,
eps_fixed_0.1_456_86722af6,eps_fixed_0.1,eval,9,456,easy,5,5,0.1,0.95,0.0,default,100,3.0,8,1,1,0,0,,
eps_fixed_0.1_456_86722af6,eps_fixed_0.1,eval,10,456,easy,5,5,0.1,0.95,0.0,default,100,3.0,8,1,1,0,0,,
eps_fixed_0.1_456_86722af6,eps_fixed_0.1,eval,1,456,easy,5,5,0.1,0.95,0.0,default,100,3.0,8,1,1,0,0,,
eps_fixed_0.1_456_86722af6,eps_fixed_0.1,eval,2,456,easy,5,5,0.1,0.95,0.0,default,100,3.0,8,1,1,0,0,,
eps_fixed_0.1_456_86722af6,eps_fixed_0.1,eval,3,456,easy,5,5,0.1,0.95,0.0,default,100,3.0,8,1,1,0,0,,
eps_fixed_0.1_456_86722af6,eps_fixed_0.1,eval,4,456,easy,5,5,0.1,0.95,0.0,default,100,3.0,8,1,1,0,0,,
eps_fixed_0.1_456_86722af6,eps_fixed_0.1,eval,5,456,easy,5,5,0.1,0.95,0.0,default,100,3.0,8,1,1,0,0,,
eps_fixed_0.1_456_86722af6,eps_fixed_0.1,eval,6,456,easy,5,5,0.1,0.95,0.0,default,100,3.0,8,1,1,0,0,,
eps_fixed_0.1_456_86722af6,eps_fixed_0.1,eval,7,456,easy,5,5,0.1,0.95,0.0,default,100,3.0,8,1,1,0,0,,
eps_fixed_0.1_456_86722af6,eps_fixed_0.1,eval,8,456,easy,5,5,0.1,0.95,0.0,default,100,3.0,8,1,1,0,0,,
eps_fixed_0.1_456_86722af6,eps_fixed_0.1,eval,9,456,easy,5,5,0.1,0.95,0.0,default,100,3.0,8,1,1,0,0,,
eps_fixed_0.1_456_86722af6,eps_fixed_0.1,eval,10,456,easy,5,5,0.1,0.95,0.0,default,100,3.0,8,1,1,0,0,,
eps_fixed_0.1_456_86722af6,eps_fixed_0.1,eval,1,456,easy,5,5,0.1,0.95,0.0,default,100,3.0,8,1,1,0,0,,
eps_fixed_0.1_456_86722af6,eps_fixed_0.1,eval,2,456,easy,5,5,0.1,0.95,0.0,default,100,3.0,8,1,1,0,0,,
eps_fixed_0.1_456_86722af6,eps_fixed_0.1,eval,3,456,easy,5,5,0.1,0.95,0.0,default,100,3.0,8,1,1,0,0,,
eps_fixed_0.1_456_86722af6,eps_fixed_0.1,eval,4,456,easy,5,5,0.1,0.95,0.0,default,100,3.0,8,1,1,0,0,,
eps_fixed_0.1_456_86722af6,eps_fixed_0.1,eval,5,456,easy,5,5,0.1,0.95,0.0,default,100,3.0,8,1,1,0,0,,
eps_fixed_0.1_456_86722af6,eps_fixed_0.1,eval,6,456,easy,5,5,0.1,0.95,0.0,default,100,3.0,8,1,1,0,0,,
eps_fixed_0.1_456_86722af6,eps_fixed_0.1,eval,7,456,easy,5,5,0.1,0.95,0.0,default,100,3.0,8,1,1,0,0,,
eps_fixed_0.1_456_86722af6,eps_fixed_0.1,eval,8,456,easy,5,5,0.1,0.95,0.0,default,100,3.0,8,1,1,0,0,,
eps_fixed_0.1_456_86722af6,eps_fixed_0.1,eval,9,456,easy,5,5,0.1,0.95,0.0,default,100,3.0,8,1,1,0,0,,
eps_fixed_0.1_456_86722af6,eps_fixed_0.1,eval,10,456,easy,5,5,0.1,0.95,0.0,default,100,3.0,8,1,1,0,0,,
eps_fixed_0.1_456_86722af6,eps_fixed_0.1,eval,1,456,easy,5,5,0.1,0.95,0.0,default,100,3.0,8,1,1,0,0,,
eps_fixed_0.1_456_86722af6,eps_fixed_0.1,eval,2,456,easy,5,5,0.1,0.95,0.0,default,100,3.0,8,1,1,0,0,,
eps_fixed_0.1_456_86722af6,eps_fixed_0.1,eval,3,456,easy,5,5,0.1,0.95,0.0,default,100,3.0,8,1,1,0,0,,
eps_fixed_0.1_456_86722af6,eps_fixed_0.1,eval,4,456,easy,5,5,0.1,0.95,0.0,default,100,3.0,8,1,1,0,0,,
eps_fixed_0.1_456_86722af6,eps_fixed_0.1,eval,5,456,easy,5,5,0.1,0.95,0.0,default,100,3.0,8,1,1,0,0,,
eps_fixed_0.1_456_86722af6,eps_fixed_0.1,eval,6,456,easy,5,5,0.1,0.95,0.0,default,100,3.0,8,1,1,0,0,,
eps_fixed_0.1_456_86722af6,eps_fixed_0.1,eval,7,456,easy,5,5,0.1,0.95,0.0,default,100,3.0,8,1,1,0,0,,
eps_fixed_0.1_456_86722af6,eps_fixed_0.1,eval,8,456,easy,5,5,0.1,0.95,0.0,default,100,3.0,8,1,1,0,0,,
eps_fixed_0.1_456_86722af6,eps_fixed_0.1,eval,9,456,easy,5,5,0.1,0.95,0.0,default,100,3.0,8,1,1,0,0,,
eps_fixed_0.1_456_86722af6,eps_fixed_0.1,eval,10,456,easy,5,5,0.1,0.95,0.0,default,100,3.0,8,1,1,0,0,,
eps_fixed_0.1_456_86722af6,eps_fixed_0.1,eval,1,456,easy,5,5,0.1,0.95,0.0,default,100,3.0,8,1,1,0,0,,
eps_fixed_0.1_456_86722af6,eps_fixed_0.1,eval,2,456,easy,5,5,0.1,0.95,0.0,default,100,3.0,8,1,1,0,0,,
eps_fixed_0.1_456_86722af6,eps_fixed_0.1,eval,3,456,easy,5,5,0.1,0.95,0.0,default,100,3.0,8,1,1,0,0,,
eps_fixed_0.1_456_86722af6,eps_fixed_0.1,eval,4,456,easy,5,5,0.1,0.95,0.0,default,100,3.0,8,1,1,0,0,,
eps_fixed_0.1_456_86722af6,eps_fixed_0.1,eval,5,456,easy,5,5,0.1,0.95,0.0,default,100,3.0,8,1,1,0,0,,
eps_fixed_0.1_456_86722af6,eps_fixed_0.1,eval,6,456,easy,5,5,0.1,0.95,0.0,default,100,3.0,8,1,1,0,0,,
eps_fixed_0.1_456_86722af6,eps_fixed_0.1,eval,7,456,easy,5,5,0.1,0.95,0.0,default,100,3.0,8,1,1,0,0,,
eps_fixed_0.1_456_86722af6,eps_fixed_0.1,eval,8,456,easy,5,5,0.1,0.95,0.0,default,100,3.0,8,1,1,0,0,,
eps_fixed_0.1_456_86722af6,eps_fixed_0.1,eval,9,456,easy,5,5,0.1,0.95,0.0,default,100,3.0,8,1,1,0,0,,
eps_fixed_0.1_456_86722af6,eps_fixed_0.1,eval,10,456,easy,5,5,0.1,0.95,0.0,default,100,3.0,8,1,1,0,0,,
eps_fixed_0.1_456_86722af6,eps_fixed_0.1,eval,1,456,easy,5,5,0.1,0.95,0.0,default,100,3.0,8,1,1,0,0,,
eps_fixed_0.1_456_86722af6,eps_fixed_0.1,eval,2,456,easy,5,5,0.1,0.95,0.0,default,100,3.0,8,1,1,0,0,,
eps_fixed_0.1_456_86722af6,eps_fixed_0.1,eval,3,456,easy,5,5,0.1,0.95,0.0,default,100,3.0,8,1,1,0,0,,
eps_fixed_0.1_456_86722af6,eps_fixed_0.1,eval,4,456,easy,5,5,0.1,0.95,0.0,default,100,3.0,8,1,1,0,0,,
eps_fixed_0.1_456_86722af6,eps_fixed_0.1,eval,5,456,easy,5,5,0.1,0.95,0.0,default,100,3.0,8,1,1,0,0,,
eps_fixed_0.1_456_86722af6,eps_fixed_0.1,eval,6,456,easy,5,5,0.1,0.95,0.0,default,100,3.0,8,1,1,0,0,,
eps_fixed_0.1_456_86722af6,eps_fixed_0.1,eval,7,456,easy,5,5,0.1,0.95,0.0,default,100,3.0,8,1,1,0,0,,
eps_fixed_0.1_456_86722af6,eps_fixed_0.1,eval,8,456,easy,5,5,0.1,0.95,0.0,default,100,3.0,8,1,1,0,0,,
eps_fixed_0.1_456_86722af6,eps_fixed_0.1,eval,9,456,easy,5,5,0.1,0.95,0.0,default,100,3.0,8,1,1,0,0,,
eps_fixed_0.1_456_86722af6,eps_fixed_0.1,eval,10,456,easy,5,5,0.1,0.95,0.0,default,100,3.0,8,1,1,0,0,,
eps_fixed_0.1_456_86722af6,eps_fixed_0.1,eval,1,456,easy,5,5,0.1,0.95,0.0,default,100,3.0,8,1,1,0,0,,
eps_fixed_0.1_456_86722af6,eps_fixed_0.1,eval,2,456,easy,5,5,0.1,0.95,0.0,default,100,3.0,8,1,1,0,0,,
eps_fixed_0.1_456_86722af6,eps_fixed_0.1,eval,3,456,easy,5,5,0.1,0.95,0.0,default,100,3.0,8,1,1,0,0,,
eps_fixed_0.1_456_86722af6,eps_fixed_0.1,eval,4,456,easy,5,5,0.1,0.95,0.0,default,100,3.0,8,1,1,0,0,,
eps_fixed_0.1_456_86722af6,eps_fixed_0.1,eval,5,456,easy,5,5,0.1,0.95,0.0,default,100,3.0,8,1,1,0,0,,
eps_fixed_0.1_456_86722af6,eps_fixed_0.1,eval,6,456,easy,5,5,0.1,0.95,0.0,default,100,3.0,8,1,1,0,0,,
eps_fixed_0.1_456_86722af6,eps_fixed_0.1,eval,7,456,easy,5,5,0.1,0.95,0.0,default,100,3.0,8,1,1,0,0,,
eps_fixed_0.1_456_86722af6,eps_fixed_0.1,eval,8,456,easy,5,5,0.1,0.95,0.0,default,100,3.0,8,1,1,0,0,,
eps_fixed_0.1_456_86722af6,eps_fixed_0.1,eval,9,456,easy,5,5,0.1,0.95,0.0,default,100,3.0,8,1,1,0,0,,
eps_fixed_0.1_456_86722af6,eps_fixed_0.1,eval,10,456,easy,5,5,0.1,0.95,0.0,default,100,3.0,8,1,1,0,0,,
eps_fixed_0.1_456_86722af6,eps_fixed_0.1,eval,1,456,easy,5,5,0.1,0.95,0.0,default,100,3.0,8,1,1,0,0,,
eps_fixed_0.1_456_86722af6,eps_fixed_0.1,eval,2,456,easy,5,5,0.1,0.95,0.0,default,100,3.0,8,1,1,0,0,,
eps_fixed_0.1_456_86722af6,eps_fixed_0.1,eval,3,456,easy,5,5,0.1,0.95,0.0,default,100,3.0,8,1,1,0,0,,
eps_fixed_0.1_456_86722af6,eps_fixed_0.1,eval,4,456,easy,5,5,0.1,0.95,0.0,default,100,3.0,8,1,1,0,0,,
eps_fixed_0.1_456_86722af6,eps_fixed_0.1,eval,5,456,easy,5,5,0.1,0.95,0.0,default,100,3.0,8,1,1,0,0,,
eps_fixed_0.1_456_86722af6,eps_fixed_0.1,eval,6,456,easy,5,5,0.1,0.95,0.0,default,100,3.0,8,1,1,0,0,,
eps_fixed_0.1_456_86722af6,eps_fixed_0.1,eval,7,456,easy,5,5,0.1,0.95,0.0,default,100,3.0,8,1,1,0,0,,
eps_fixed_0.1_456_86722af6,eps_fixed_0.1,eval,8,456,easy,5,5,0.1,0.95,0.0,default,100,3.0,8,1,1,0,0,,
eps_fixed_0.1_456_86722af6,eps_fixed_0.1,eval,9,456,easy,5,5,0.1,0.95,0.0,default,100,3.0,8,1,1,0,0,,
eps_fixed_0.1_456_86722af6,eps_fixed_0.1,eval,10,456,easy,5,5,0.1,0.95,0.0,default,100,3.0,8,1,1,0,0,,
eps_fixed_0.1_456_86722af6,eps_fixed_0.1,eval,1,456,easy,5,5,0.1,0.95,0.0,default,100,3.0,8,1,1,0,0,,
eps_fixed_0.1_456_86722af6,eps_fixed_0.1,eval,2,456,easy,5,5,0.1,0.95,0.0,default,100,3.0,8,1,1,0,0,,
eps_fixed_0.1_456_86722af6,eps_fixed_0.1,eval,3,456,easy,5,5,0.1,0.95,0.0,default,100,3.0,8,1,1,0,0,,
eps_fixed_0.1_456_86722af6,eps_fixed_0.1,eval,4,456,easy,5,5,0.1,0.95,0.0,default,100,3.0,8,1,1,0,0,,
eps_fixed_0.1_456_86722af6,eps_fixed_0.1,eval,5,456,easy,5,5,0.1,0.95,0.0,default,100,3.0,8,1,1,0,0,,
eps_fixed_0.1_456_86722af6,eps_fixed_0.1,eval,6,456,easy,5,5,0.1,0.95,0.0,default,100,3.0,8,1,1,0,0,,
eps_fixed_0.1_456_86722af6,eps_fixed_0.1,eval,7,456,easy,5,5,0.1,0.95,0.0,default,100,3.0,8,1,1,0,0,,
eps_fixed_0.1_456_86722af6,eps_fixed_0.1,eval,8,456,easy,5,5,0.1,0.95,0.0,default,100,3.0,8,1,1,0,0,,
eps_fixed_0.1_456_86722af6,eps_fixed_0.1,eval,9,456,easy,5,5,0.1,0.95,0.0,default,100,3.0,8,1,1,0,0,,
eps_fixed_0.1_456_86722af6,eps_fixed_0.1,eval,10,456,easy,5,5,0.1,0.95,0.0,default,100,3.0,8,1,1,0,0,,
