run_id,exp_name,phase,episode,seed,map_name,rows,cols,alpha,gamma,epsilon,reward_setting,max_steps,total_reward,steps,success,terminated,truncated,hit_trap,elapsed_sec,qtable_path
baseline_123_c8805e04,baseline,train,1,123,easy,5,5,0.1,0.95,0.199,default,100,-28.0,39,1,1,0,0,0.0058600999909685925,
baseline_123_c8805e04,baseline,train,2,123,easy,5,5,0.1,0.95,0.19800500000000001,default,100,-37.0,28,0,1,0,1,0.003504099993733689,
baseline_123_c8805e04,baseline,train,3,123,easy,5,5,0.1,0.95,0.197014975,default,100,-18.0,29,1,1,0,0,0.0031546000100206584,
baseline_123_c8805e04,baseline,train,4,123,easy,5,5,0.1,0.95,0.19602990012500002,default,100,-38.0,29,0,1,0,1,0.0032475000043632463,
baseline_123_c8805e04,baseline,train,5,123,easy,5,5,0.1,0.95,0.19504975062437502,default,100,-72.0,83,1,1,0,0,0.00926070001150947,
baseline_123_c8805e04,baseline,train,6,123,easy,5,5,0.1,0.95,0.19407450187125314,default,100,-19.0,10,0,1,0,1,0.0010482999932719395,
baseline_123_c8805e04,baseline,train,7,123,easy,5,5,0.1,0.95,0.19310412936189686,default,100,-34.0,25,0,1,0,1,0.0029460999940056354,
baseline_123_c8805e04,baseline,train,8,123,easy,5,5,0.1,0.95,0.19213860871508737,default,100,-58.0,49,0,1,0,1,0.005619000003207475,
baseline_123_c8805e04,baseline,train,9,123,easy,5,5,0.1,0.95,0.19117791567151193,default,100,-24.0,35,1,1,0,0,0.004158799987635575,
baseline_123_c8805e04,baseline,train,10,123,easy,5,5,0.1,0.95,0.19022202609315436,default,100,-100.0,100,0,0,1,0,0.011173899998539127,
baseline_123_c8805e04,baseline,train,11,123,easy,5,5,0.1,0.95,0.18927091596268858,default,100,-23.0,34,1,1,0,0,0.004051399999298155,
baseline_123_c8805e04,baseline,train,12,123,easy,5,5,0.1,0.95,0.18832456138287512,default,100,-11.0,22,1,1,0,0,0.002475600005709566,
baseline_123_c8805e04,baseline,train,13,123,easy,5,5,0.1,0.95,0.18738293857596075,default,100,-4.0,15,1,1,0,0,0.0017575999954715371,
baseline_123_c8805e04,baseline,train,14,123,easy,5,5,0.1,0.95,0.18644602388308096,default,100,-56.0,67,1,1,0,0,0.007463399990228936,
baseline_123_c8805e04,baseline,train,15,123,easy,5,5,0.1,0.95,0.18551379376366556,default,100,-55.0,66,1,1,0,0,0.007363799988524988,
baseline_123_c8805e04,baseline,train,16,123,easy,5,5,0.1,0.95,0.18458622479484724,default,100,-41.0,32,0,1,0,1,0.0036598000006051734,
baseline_123_c8805e04,baseline,train,17,123,easy,5,5,0.1,0.95,0.183663293670873,default,100,-18.0,29,1,1,0,0,0.003332399995997548,
baseline_123_c8805e04,baseline,train,18,123,easy,5,5,0.1,0.95,0.18274497720251864,default,100,0.0,11,1,1,0,0,0.0013801000022795051,
baseline_123_c8805e04,baseline,train,19,123,easy,5,5,0.1,0.95,0.18183125231650604,default,100,-33.0,44,1,1,0,0,0.004925299988826737,
baseline_123_c8805e04,baseline,train,20,123,easy,5,5,0.1,0.95,0.18092209605492351,default,100,-13.0,24,1,1,0,0,0.002696800002013333,
baseline_123_c8805e04,baseline,train,21,123,easy,5,5,0.1,0.95,0.1800174855746489,default,100,-26.0,17,0,1,0,1,0.0021821000118507072,
baseline_123_c8805e04,baseline,train,22,123,easy,5,5,0.1,0.95,0.17911739814677563,default,100,-2.0,13,1,1,0,0,0.00170829999842681,
baseline_123_c8805e04,baseline,train,23,123,easy,5,5,0.1,0.95,0.17822181115604174,default,100,-20.0,11,0,1,0,1,0.001594800007296726,
baseline_123_c8805e04,baseline,train,24,123,easy,5,5,0.1,0.95,0.17733070210026153,default,100,-46.0,37,0,1,0,1,0.004457900009583682,
baseline_123_c8805e04,baseline,train,25,123,easy,5,5,0.1,0.95,0.17644404858976023,default,100,-6.0,17,1,1,0,0,0.0019638999947346747,
baseline_123_c8805e04,baseline,train,26,123,easy,5,5,0.1,0.95,0.17556182834681144,default,100,-18.0,29,1,1,0,0,0.00337579999177251,
baseline_123_c8805e04,baseline,train,27,123,easy,5,5,0.1,0.95,0.1746840192050774,default,100,-4.0,15,1,1,0,0,0.0018927000055555254,
baseline_123_c8805e04,baseline,train,28,123,easy,5,5,0.1,0.95,0.173810599109052,default,100,-5.0,16,1,1,0,0,0.0018955999985337257,
baseline_123_c8805e04,baseline,train,29,123,easy,5,5,0.1,0.95,0.17294154611350673,default,100,-3.0,14,1,1,0,0,0.0017030000017257407,
baseline_123_c8805e04,baseline,train,30,123,easy,5,5,0.1,0.95,0.1720768383829392,default,100,-9.0,20,1,1,0,0,0.0023827000113669783,
baseline_123_c8805e04,baseline,train,31,123,easy,5,5,0.1,0.95,0.1712164541910245,default,100,-5.0,16,1,1,0,0,0.0018971000099554658,
baseline_123_c8805e04,baseline,train,32,123,easy,5,5,0.1,0.95,0.17036037192006936,default,100,2.0,9,1,1,0,0,0.0011235999991185963,
baseline_123_c8805e04,baseline,train,33,123,easy,5,5,0.1,0.95,0.16950857006046902,default,100,-11.0,22,1,1,0,0,0.00256910000462085,
baseline_123_c8805e04,baseline,train,34,123,easy,5,5,0.1,0.95,0.16866102721016668,default,100,-22.0,13,0,1,0,1,0.0014969000039855018,
baseline_123_c8805e04,baseline,train,35,123,easy,5,5,0.1,0.95,0.16781772207411585,default,100,-11.0,22,1,1,0,0,0.0025061000051209703,
baseline_123_c8805e04,baseline,train,36,123,easy,5,5,0.1,0.95,0.16697863346374528,default,100,2.0,9,1,1,0,0,0.0013058000040473416,
baseline_123_c8805e04,baseline,train,37,123,easy,5,5,0.1,0.95,0.16614374029642656,default,100,-11.0,22,1,1,0,0,0.002532899990910664,
baseline_123_c8805e04,baseline,train,38,123,easy,5,5,0.1,0.95,0.16531302159494443,default,100,-6.0,17,1,1,0,0,0.0020090000034542754,
baseline_123_c8805e04,baseline,train,39,123,easy,5,5,0.1,0.95,0.16448645648696972,default,100,0.0,11,1,1,0,0,0.0014140999992378056,
baseline_123_c8805e04,baseline,train,40,123,easy,5,5,0.1,0.95,0.16366402420453488,default,100,-3.0,14,1,1,0,0,0.00167420000070706,
baseline_123_c8805e04,baseline,train,41,123,easy,5,5,0.1,0.95,0.1628457040835122,default,100,-10.0,21,1,1,0,0,0.002559200001996942,
baseline_123_c8805e04,baseline,train,42,123,easy,5,5,0.1,0.95,0.16203147556309463,default,100,-2.0,13,1,1,0,0,0.0015339999954449013,
baseline_123_c8805e04,baseline,train,43,123,easy,5,5,0.1,0.95,0.16122131818527916,default,100,-1.0,12,1,1,0,0,0.0014378000050783157,
baseline_123_c8805e04,baseline,train,44,123,easy,5,5,0.1,0.95,0.16041521159435276,default,100,-12.0,23,1,1,0,0,0.0026104999997187406,
baseline_123_c8805e04,baseline,train,45,123,easy,5,5,0.1,0.95,0.159613135536381,default,100,1.0,10,1,1,0,0,0.001208700006827712,
baseline_123_c8805e04,baseline,train,46,123,easy,5,5,0.1,0.95,0.15881506985869911,default,100,-1.0,12,1,1,0,0,0.0014644000038970262,
baseline_123_c8805e04,baseline,train,47,123,easy,5,5,0.1,0.95,0.15802099450940563,default,100,-8.0,19,1,1,0,0,0.0021124000049894676,
baseline_123_c8805e04,baseline,train,48,123,easy,5,5,0.1,0.95,0.1572308895368586,default,100,-11.0,22,1,1,0,0,0.0024821999977575615,
baseline_123_c8805e04,baseline,train,49,123,easy,5,5,0.1,0.95,0.1564447350891743,default,100,0.0,11,1,1,0,0,0.0013521999935619533,
baseline_123_c8805e04,baseline,train,50,123,easy,5,5,0.1,0.95,0.15566251141372844,default,100,0.0,11,1,1,0,0,0.0013727000041399151,
baseline_123_c8805e04,baseline,train,51,123,easy,5,5,0.1,0.95,0.1548841988566598,default,100,2.0,9,1,1,0,0,0.0011752999998861924,
baseline_123_c8805e04,baseline,train,52,123,easy,5,5,0.1,0.95,0.1541097778623765,default,100,-6.0,17,1,1,0,0,0.0019033999997191131,
baseline_123_c8805e04,baseline,train,53,123,easy,5,5,0.1,0.95,0.15333922897306462,default,100,-1.0,12,1,1,0,0,0.0013981000083731487,
baseline_123_c8805e04,baseline,train,54,123,easy,5,5,0.1,0.95,0.1525725328281993,default,100,1.0,10,1,1,0,0,0.0012802999990526587,
baseline_123_c8805e04,baseline,train,55,123,easy,5,5,0.1,0.95,0.1518096701640583,default,100,-3.0,14,1,1,0,0,0.0016998999926727265,
baseline_123_c8805e04,baseline,train,56,123,easy,5,5,0.1,0.95,0.151050621813238,default,100,2.0,9,1,1,0,0,0.0011040000099455938,
baseline_123_c8805e04,baseline,train,57,123,easy,5,5,0.1,0.95,0.15029536870417182,default,100,2.0,9,1,1,0,0,0.001192099996842444,
baseline_123_c8805e04,baseline,train,58,123,easy,5,5,0.1,0.95,0.14954389186065095,default,100,-9.0,20,1,1,0,0,0.0022619999945163727,
baseline_123_c8805e04,baseline,train,59,123,easy,5,5,0.1,0.95,0.1487961724013477,default,100,-6.0,17,1,1,0,0,0.0019369999936316162,
baseline_123_c8805e04,baseline,train,60,123,easy,5,5,0.1,0.95,0.14805219153934096,default,100,-2.0,13,1,1,0,0,0.001561299999593757,
baseline_123_c8805e04,baseline,train,61,123,easy,5,5,0.1,0.95,0.14731193058164427,default,100,2.0,9,1,1,0,0,0.0011038999946322292,
baseline_123_c8805e04,baseline,train,62,123,easy,5,5,0.1,0.95,0.14657537092873604,default,100,3.0,8,1,1,0,0,0.0011383999953977764,
baseline_123_c8805e04,baseline,train,63,123,easy,5,5,0.1,0.95,0.14584249407409236,default,100,-3.0,14,1,1,0,0,0.001690499993856065,
baseline_123_c8805e04,baseline,train,64,123,easy,5,5,0.1,0.95,0.1451132816037219,default,100,1.0,10,1,1,0,0,0.0012883000017609447,
baseline_123_c8805e04,baseline,train,65,123,easy,5,5,0.1,0.95,0.1443877151957033,default,100,-11.0,22,1,1,0,0,0.002240599991637282,
baseline_123_c8805e04,baseline,train,66,123,easy,5,5,0.1,0.95,0.14366577661972477,default,100,1.0,10,1,1,0,0,0.0012411000061547384,
baseline_123_c8805e04,baseline,train,67,123,easy,5,5,0.1,0.95,0.14294744773662615,default,100,-2.0,13,1,1,0,0,0.0014597999979741871,
baseline_123_c8805e04,baseline,train,68,123,easy,5,5,0.1,0.95,0.14223271049794303,default,100,2.0,9,1,1,0,0,0.001157000006060116,
baseline_123_c8805e04,baseline,train,69,123,easy,5,5,0.1,0.95,0.14152154694545332,default,100,2.0,9,1,1,0,0,0.0011757999891415238,
baseline_123_c8805e04,baseline,train,70,123,easy,5,5,0.1,0.95,0.14081393921072605,default,100,1.0,10,1,1,0,0,0.001241000005393289,
baseline_123_c8805e04,baseline,train,71,123,easy,5,5,0.1,0.95,0.1401098695146724,default,100,-2.0,13,1,1,0,0,0.0015258000057656318,
baseline_123_c8805e04,baseline,train,72,123,easy,5,5,0.1,0.95,0.13940932016709906,default,100,-1.0,12,1,1,0,0,0.001384699993650429,
baseline_123_c8805e04,baseline,train,73,123,easy,5,5,0.1,0.95,0.13871227356626356,default,100,3.0,8,1,1,0,0,0.0010618000087561086,
baseline_123_c8805e04,baseline,train,74,123,easy,5,5,0.1,0.95,0.13801871219843223,default,100,1.0,10,1,1,0,0,0.001155499994638376,
baseline_123_c8805e04,baseline,train,75,123,easy,5,5,0.1,0.95,0.13732861863744006,default,100,2.0,9,1,1,0,0,0.0011302000057185069,
baseline_123_c8805e04,baseline,train,76,123,easy,5,5,0.1,0.95,0.13664197554425286,default,100,2.0,9,1,1,0,0,0.001065600008587353,
baseline_123_c8805e04,baseline,train,77,123,easy,5,5,0.1,0.95,0.1359587656665316,default,100,-4.0,15,1,1,0,0,0.0016911999991862103,
baseline_123_c8805e04,baseline,train,78,123,easy,5,5,0.1,0.95,0.13527897183819892,default,100,3.0,8,1,1,0,0,0.001018900002236478,
baseline_123_c8805e04,baseline,train,79,123,easy,5,5,0.1,0.95,0.13460257697900793,default,100,2.0,9,1,1,0,0,0.0011488000018289313,
baseline_123_c8805e04,baseline,train,80,123,easy,5,5,0.1,0.95,0.13392956409411289,default,100,3.0,8,1,1,0,0,0.0011000999948009849,
baseline_123_c8805e04,baseline,train,81,123,easy,5,5,0.1,0.95,0.1332599162736423,default,100,1.0,10,1,1,0,0,0.0012421999999787658,
baseline_123_c8805e04,baseline,train,82,123,easy,5,5,0.1,0.95,0.1325936166922741,default,100,1.0,10,1,1,0,0,0.00125119999574963,
baseline_123_c8805e04,baseline,train,83,123,easy,5,5,0.1,0.95,0.13193064860881273,default,100,2.0,9,1,1,0,0,0.001080799993360415,
baseline_123_c8805e04,baseline,train,84,123,easy,5,5,0.1,0.95,0.13127099536576867,default,100,2.0,9,1,1,0,0,0.0011205000046174973,
baseline_123_c8805e04,baseline,train,85,123,easy,5,5,0.1,0.95,0.13061464038893983,default,100,1.0,10,1,1,0,0,0.0012387000024318695,
baseline_123_c8805e04,baseline,train,86,123,easy,5,5,0.1,0.95,0.12996156718699514,default,100,1.0,10,1,1,0,0,0.0011749999976018444,
baseline_123_c8805e04,baseline,train,87,123,easy,5,5,0.1,0.95,0.12931175935106015,default,100,3.0,8,1,1,0,0,0.0010170000023208559,
baseline_123_c8805e04,baseline,train,88,123,easy,5,5,0.1,0.95,0.12866520055430486,default,100,0.0,11,1,1,0,0,0.001288400002522394,
baseline_123_c8805e04,baseline,train,89,123,easy,5,5,0.1,0.95,0.12802187455153333,default,100,3.0,8,1,1,0,0,0.0010481999925104901,
baseline_123_c8805e04,baseline,train,90,123,easy,5,5,0.1,0.95,0.12738176517877567,default,100,3.0,8,1,1,0,0,0.0010372999968240038,
baseline_123_c8805e04,baseline,train,91,123,easy,5,5,0.1,0.95,0.1267448563528818,default,100,3.0,8,1,1,0,0,0.0010755999974207953,
baseline_123_c8805e04,baseline,train,92,123,easy,5,5,0.1,0.95,0.12611113207111738,default,100,3.0,8,1,1,0,0,0.0010519999923417345,
baseline_123_c8805e04,baseline,train,93,123,easy,5,5,0.1,0.95,0.1254805764107618,default,100,2.0,9,1,1,0,0,0.0011271000112174079,
baseline_123_c8805e04,baseline,train,94,123,easy,5,5,0.1,0.95,0.12485317352870799,default,100,3.0,8,1,1,0,0,0.0010673999931896105,
baseline_123_c8805e04,baseline,train,95,123,easy,5,5,0.1,0.95,0.12422890766106445,default,100,2.0,9,1,1,0,0,0.0011104000004706904,
baseline_123_c8805e04,baseline,train,96,123,easy,5,5,0.1,0.95,0.12360776312275913,default,100,3.0,8,1,1,0,0,0.0010091000003740191,
baseline_123_c8805e04,baseline,train,97,123,easy,5,5,0.1,0.95,0.12298972430714533,default,100,3.0,8,1,1,0,0,0.0010429999965708703,
baseline_123_c8805e04,baseline,train,98,123,easy,5,5,0.1,0.95,0.1223747756856096,default,100,0.0,11,1,1,0,0,0.0013029999972786754,
baseline_123_c8805e04,baseline,train,99,123,easy,5,5,0.1,0.95,0.12176290180718155,default,100,1.0,10,1,1,0,0,0.0011784000089392066,
baseline_123_c8805e04,baseline,train,100,123,easy,5,5,0.1,0.95,0.12115408729814564,default,100,3.0,8,1,1,0,0,0.0009992999985115603,
baseline_123_c8805e04,baseline,train,101,123,easy,5,5,0.1,0.95,0.12054831686165492,default,100,3.0,8,1,1,0,0,0.0010374999983469024,
baseline_123_c8805e04,baseline,train,102,123,easy,5,5,0.1,0.95,0.11994557527734664,default,100,3.0,8,1,1,0,0,0.0010916000028373674,
baseline_123_c8805e04,baseline,train,103,123,easy,5,5,0.1,0.95,0.11934584740095991,default,100,2.0,9,1,1,0,0,0.0011484999995445833,
baseline_123_c8805e04,baseline,train,104,123,easy,5,5,0.1,0.95,0.11874911816395511,default,100,2.0,9,1,1,0,0,0.0011224000045331195,
baseline_123_c8805e04,baseline,train,105,123,easy,5,5,0.1,0.95,0.11815537257313534,default,100,2.0,9,1,1,0,0,0.0011365000100340694,
baseline_123_c8805e04,baseline,train,106,123,easy,5,5,0.1,0.95,0.11756459571026966,default,100,2.0,9,1,1,0,0,0.0011196999985259026,
baseline_123_c8805e04,baseline,train,107,123,easy,5,5,0.1,0.95,0.1169767727317183,default,100,3.0,8,1,1,0,0,0.0010704000014811754,
baseline_123_c8805e04,baseline,train,108,123,easy,5,5,0.1,0.95,0.1163918888680597,default,100,3.0,8,1,1,0,0,0.0010457000025780872,
baseline_123_c8805e04,baseline,train,109,123,easy,5,5,0.1,0.95,0.11580992942371941,default,100,3.0,8,1,1,0,0,0.0010996000055456534,
baseline_123_c8805e04,baseline,train,110,123,easy,5,5,0.1,0.95,0.11523087977660082,default,100,3.0,8,1,1,0,0,0.0010457000025780872,
baseline_123_c8805e04,baseline,train,111,123,easy,5,5,0.1,0.95,0.11465472537771781,default,100,3.0,8,1,1,0,0,0.0010602000111248344,
baseline_123_c8805e04,baseline,train,112,123,easy,5,5,0.1,0.95,0.11408145175082922,default,100,1.0,10,1,1,0,0,0.0011371000000508502,
baseline_123_c8805e04,baseline,train,113,123,easy,5,5,0.1,0.95,0.11351104449207507,default,100,3.0,8,1,1,0,0,0.0009647999977460131,
baseline_123_c8805e04,baseline,train,114,123,easy,5,5,0.1,0.95,0.11294348926961469,default,100,2.0,9,1,1,0,0,0.001069999998435378,
baseline_123_c8805e04,baseline,train,115,123,easy,5,5,0.1,0.95,0.11237877182326661,default,100,2.0,9,1,1,0,0,0.0010874999861698598,
baseline_123_c8805e04,baseline,train,116,123,easy,5,5,0.1,0.95,0.11181687796415028,default,100,2.0,9,1,1,0,0,0.0011304000072414055,
baseline_123_c8805e04,baseline,train,117,123,easy,5,5,0.1,0.95,0.11125779357432954,default,100,0.0,11,1,1,0,0,0.0013158999936422333,
baseline_123_c8805e04,baseline,train,118,123,easy,5,5,0.1,0.95,0.11070150460645789,default,100,3.0,8,1,1,0,0,0.0010160999954678118,
baseline_123_c8805e04,baseline,train,119,123,easy,5,5,0.1,0.95,0.1101479970834256,default,100,3.0,8,1,1,0,0,0.0010503999947104603,
baseline_123_c8805e04,baseline,train,120,123,easy,5,5,0.1,0.95,0.10959725709800847,default,100,3.0,8,1,1,0,0,0.001057099987519905,
baseline_123_c8805e04,baseline,train,121,123,easy,5,5,0.1,0.95,0.10904927081251842,default,100,2.0,9,1,1,0,0,0.0011678999871946871,
baseline_123_c8805e04,baseline,train,122,123,easy,5,5,0.1,0.95,0.10850402445845582,default,100,3.0,8,1,1,0,0,0.001026300000376068,
baseline_123_c8805e04,baseline,train,123,123,easy,5,5,0.1,0.95,0.10796150433616354,default,100,3.0,8,1,1,0,0,0.0010138999932678416,
baseline_123_c8805e04,baseline,train,124,123,easy,5,5,0.1,0.95,0.10742169681448273,default,100,0.0,11,1,1,0,0,0.0013368999934755266,
baseline_123_c8805e04,baseline,train,125,123,easy,5,5,0.1,0.95,0.10688458833041031,default,100,3.0,8,1,1,0,0,0.0010590000019874424,
baseline_123_c8805e04,baseline,train,126,123,easy,5,5,0.1,0.95,0.10635016538875826,default,100,1.0,10,1,1,0,0,0.0011914000060642138,
baseline_123_c8805e04,baseline,train,127,123,easy,5,5,0.1,0.95,0.10581841456181447,default,100,2.0,9,1,1,0,0,0.0011591000074986368,
baseline_123_c8805e04,baseline,train,128,123,easy,5,5,0.1,0.95,0.1052893224890054,default,100,1.0,10,1,1,0,0,0.00125119999574963,
baseline_123_c8805e04,baseline,train,129,123,easy,5,5,0.1,0.95,0.10476287587656037,default,100,3.0,8,1,1,0,0,0.0010637999948812649,
baseline_123_c8805e04,baseline,train,130,123,easy,5,5,0.1,0.95,0.10423906149717757,default,100,3.0,8,1,1,0,0,0.0010457000025780872,
baseline_123_c8805e04,baseline,train,131,123,easy,5,5,0.1,0.95,0.10371786618969168,default,100,3.0,8,1,1,0,0,0.0010188000014750287,
baseline_123_c8805e04,baseline,train,132,123,easy,5,5,0.1,0.95,0.10319927685874322,default,100,3.0,8,1,1,0,0,0.0010055000020656735,
baseline_123_c8805e04,baseline,train,133,123,easy,5,5,0.1,0.95,0.10268328047444951,default,100,1.0,10,1,1,0,0,0.001105600007576868,
baseline_123_c8805e04,baseline,train,134,123,easy,5,5,0.1,0.95,0.10216986407207726,default,100,3.0,8,1,1,0,0,0.0010534000030020252,
baseline_123_c8805e04,baseline,train,135,123,easy,5,5,0.1,0.95,0.10165901475171688,default,100,3.0,8,1,1,0,0,0.0010698999976739287,
baseline_123_c8805e04,baseline,train,136,123,easy,5,5,0.1,0.95,0.10115071967795829,default,100,2.0,9,1,1,0,0,0.0011431000020820647,
baseline_123_c8805e04,baseline,train,137,123,easy,5,5,0.1,0.95,0.10064496607956849,default,100,2.0,9,1,1,0,0,0.0011254999990342185,
baseline_123_c8805e04,baseline,train,138,123,easy,5,5,0.1,0.95,0.10014174124917065,default,100,3.0,8,1,1,0,0,0.0010239999974146485,
baseline_123_c8805e04,baseline,train,139,123,easy,5,5,0.1,0.95,0.09964103254292479,default,100,3.0,8,1,1,0,0,0.0010447999957250431,
baseline_123_c8805e04,baseline,train,140,123,easy,5,5,0.1,0.95,0.09914282738021017,default,100,3.0,8,1,1,0,0,0.0010595999920042232,
baseline_123_c8805e04,baseline,train,141,123,easy,5,5,0.1,0.95,0.09864711324330912,default,100,3.0,8,1,1,0,0,0.0010664000001270324,
baseline_123_c8805e04,baseline,train,142,123,easy,5,5,0.1,0.95,0.09815387767709258,default,100,3.0,8,1,1,0,0,0.0010707000037655234,
baseline_123_c8805e04,baseline,train,143,123,easy,5,5,0.1,0.95,0.09766310828870711,default,100,-2.0,13,1,1,0,0,0.0014459999947575852,
baseline_123_c8805e04,baseline,train,144,123,easy,5,5,0.1,0.95,0.09717479274726358,default,100,3.0,8,1,1,0,0,0.0010847999947145581,
baseline_123_c8805e04,baseline,train,145,123,easy,5,5,0.1,0.95,0.09668891878352726,default,100,0.0,11,1,1,0,0,0.0013092999870423228,
baseline_123_c8805e04,baseline,train,146,123,easy,5,5,0.1,0.95,0.09620547418960962,default,100,-2.0,13,1,1,0,0,0.0014974000077927485,
baseline_123_c8805e04,baseline,train,147,123,easy,5,5,0.1,0.95,0.09572444681866157,default,100,3.0,8,1,1,0,0,0.0010833999986061826,
baseline_123_c8805e04,baseline,train,148,123,easy,5,5,0.1,0.95,0.09524582458456826,default,100,3.0,8,1,1,0,0,0.0010496000031707808,
baseline_123_c8805e04,baseline,train,149,123,easy,5,5,0.1,0.95,0.09476959546164541,default,100,1.0,10,1,1,0,0,0.0012398999970173463,
baseline_123_c8805e04,baseline,train,150,123,easy,5,5,0.1,0.95,0.09429574748433718,default,100,3.0,8,1,1,0,0,0.0010130000009667128,
baseline_123_c8805e04,baseline,train,151,123,easy,5,5,0.1,0.95,0.09382426874691549,default,100,2.0,9,1,1,0,0,0.0010813999979291111,
baseline_123_c8805e04,baseline,train,152,123,easy,5,5,0.1,0.95,0.09335514740318092,default,100,3.0,8,1,1,0,0,0.0010571000020718202,
baseline_123_c8805e04,baseline,train,153,123,easy,5,5,0.1,0.95,0.09288837166616501,default,100,1.0,10,1,1,0,0,0.0012305000127526,
baseline_123_c8805e04,baseline,train,154,123,easy,5,5,0.1,0.95,0.09242392980783419,default,100,3.0,8,1,1,0,0,0.0010713999945437536,
baseline_123_c8805e04,baseline,train,155,123,easy,5,5,0.1,0.95,0.09196181015879502,default,100,3.0,8,1,1,0,0,0.0010412999981781468,
baseline_123_c8805e04,baseline,train,156,123,easy,5,5,0.1,0.95,0.09150200110800105,default,100,3.0,8,1,1,0,0,0.0010569000005489215,
baseline_123_c8805e04,baseline,train,157,123,easy,5,5,0.1,0.95,0.09104449110246104,default,100,3.0,8,1,1,0,0,0.001080499991076067,
baseline_123_c8805e04,baseline,train,158,123,easy,5,5,0.1,0.95,0.09058926864694875,default,100,3.0,8,1,1,0,0,0.0010342999885324389,
baseline_123_c8805e04,baseline,train,159,123,easy,5,5,0.1,0.95,0.090136322303714,default,100,-1.0,12,1,1,0,0,0.001432900011423044,
baseline_123_c8805e04,baseline,train,160,123,easy,5,5,0.1,0.95,0.08968564069219544,default,100,1.0,10,1,1,0,0,0.0012433999945642427,
baseline_123_c8805e04,baseline,train,161,123,easy,5,5,0.1,0.95,0.08923721248873447,default,100,1.0,10,1,1,0,0,0.0012903000024380162,
baseline_123_c8805e04,baseline,train,162,123,easy,5,5,0.1,0.95,0.08879102642629079,default,100,3.0,8,1,1,0,0,0.0011165999894728884,
baseline_123_c8805e04,baseline,train,163,123,easy,5,5,0.1,0.95,0.08834707129415934,default,100,2.0,9,1,1,0,0,0.001160100000561215,
baseline_123_c8805e04,baseline,train,164,123,easy,5,5,0.1,0.95,0.08790533593768854,default,100,2.0,9,1,1,0,0,0.0011377999908290803,
baseline_123_c8805e04,baseline,train,165,123,easy,5,5,0.1,0.95,0.0874658092580001,default,100,0.0,11,1,1,0,0,0.001336699991952628,
baseline_123_c8805e04,baseline,train,166,123,easy,5,5,0.1,0.95,0.0870284802117101,default,100,3.0,8,1,1,0,0,0.0010722000006353483,
baseline_123_c8805e04,baseline,train,167,123,easy,5,5,0.1,0.95,0.08659333781065155,default,100,3.0,8,1,1,0,0,0.0010574000043561682,
baseline_123_c8805e04,baseline,train,168,123,easy,5,5,0.1,0.95,0.0861603711215983,default,100,3.0,8,1,1,0,0,0.0010634000063873827,
baseline_123_c8805e04,baseline,train,169,123,easy,5,5,0.1,0.95,0.0857295692659903,default,100,3.0,8,1,1,0,0,0.0010432000126456842,
baseline_123_c8805e04,baseline,train,170,123,easy,5,5,0.1,0.95,0.08530092141966035,default,100,3.0,8,1,1,0,0,0.0010725999891292304,
baseline_123_c8805e04,baseline,train,171,123,easy,5,5,0.1,0.95,0.08487441681256205,default,100,3.0,8,1,1,0,0,0.0010566999990260229,
baseline_123_c8805e04,baseline,train,172,123,easy,5,5,0.1,0.95,0.08445004472849925,default,100,1.0,10,1,1,0,0,0.001246599989826791,
baseline_123_c8805e04,baseline,train,173,123,easy,5,5,0.1,0.95,0.08402779450485676,default,100,3.0,8,1,1,0,0,0.0010488000116311014,
baseline_123_c8805e04,baseline,train,174,123,easy,5,5,0.1,0.95,0.08360765553233247,default,100,1.0,10,1,1,0,0,0.001261600002180785,
baseline_123_c8805e04,baseline,train,175,123,easy,5,5,0.1,0.95,0.0831896172546708,default,100,1.0,10,1,1,0,0,0.001224399995408021,
baseline_123_c8805e04,baseline,train,176,123,easy,5,5,0.1,0.95,0.08277366916839746,default,100,3.0,8,1,1,0,0,0.0010829000093508512,
baseline_123_c8805e04,baseline,train,177,123,easy,5,5,0.1,0.95,0.08235980082255547,default,100,3.0,8,1,1,0,0,0.0010830999963218346,
baseline_123_c8805e04,baseline,train,178,123,easy,5,5,0.1,0.95,0.08194800181844268,default,100,3.0,8,1,1,0,0,0.001050899998517707,
baseline_123_c8805e04,baseline,train,179,123,easy,5,5,0.1,0.95,0.08153826180935046,default,100,3.0,8,1,1,0,0,0.0010588000004645437,
baseline_123_c8805e04,baseline,train,180,123,easy,5,5,0.1,0.95,0.08113057050030371,default,100,3.0,8,1,1,0,0,0.0010577999928500503,
baseline_123_c8805e04,baseline,train,181,123,easy,5,5,0.1,0.95,0.0807249176478022,default,100,-1.0,12,1,1,0,0,0.001421299995854497,
baseline_123_c8805e04,baseline,train,182,123,easy,5,5,0.1,0.95,0.08032129305956318,default,100,-2.0,13,1,1,0,0,0.0014891999890096486,
baseline_123_c8805e04,baseline,train,183,123,easy,5,5,0.1,0.95,0.07991968659426536,default,100,3.0,8,1,1,0,0,0.0010177000076510012,
baseline_123_c8805e04,baseline,train,184,123,easy,5,5,0.1,0.95,0.07952008816129404,default,100,3.0,8,1,1,0,0,0.0010675999947125092,
baseline_123_c8805e04,baseline,train,185,123,easy,5,5,0.1,0.95,0.07912248772048756,default,100,3.0,8,1,1,0,0,0.0010532000014791265,
baseline_123_c8805e04,baseline,train,186,123,easy,5,5,0.1,0.95,0.07872687528188513,default,100,3.0,8,1,1,0,0,0.00101859999995213,
baseline_123_c8805e04,baseline,train,187,123,easy,5,5,0.1,0.95,0.0783332409054757,default,100,3.0,8,1,1,0,0,0.0010554000036790967,
baseline_123_c8805e04,baseline,train,188,123,easy,5,5,0.1,0.95,0.07794157470094833,default,100,-2.0,13,1,1,0,0,0.0015083000034792349,
baseline_123_c8805e04,baseline,train,189,123,easy,5,5,0.1,0.95,0.07755186682744358,default,100,3.0,8,1,1,0,0,0.001021699994453229,
baseline_123_c8805e04,baseline,train,190,123,easy,5,5,0.1,0.95,0.07716410749330636,default,100,3.0,8,1,1,0,0,0.0010414999997010455,
baseline_123_c8805e04,baseline,train,191,123,easy,5,5,0.1,0.95,0.07677828695583983,default,100,2.0,9,1,1,0,0,0.0011307999957352877,
baseline_123_c8805e04,baseline,train,192,123,easy,5,5,0.1,0.95,0.07639439552106063,default,100,3.0,8,1,1,0,0,0.0010466999956406653,
baseline_123_c8805e04,baseline,train,193,123,easy,5,5,0.1,0.95,0.07601242354345533,default,100,3.0,8,1,1,0,0,0.0010851999977603555,
baseline_123_c8805e04,baseline,train,194,123,easy,5,5,0.1,0.95,0.07563236142573805,default,100,3.0,8,1,1,0,0,0.0010618000087561086,
baseline_123_c8805e04,baseline,train,195,123,easy,5,5,0.1,0.95,0.07525419961860937,default,100,-1.0,12,1,1,0,0,0.0013978999922983348,
baseline_123_c8805e04,baseline,train,196,123,easy,5,5,0.1,0.95,0.07487792862051632,default,100,3.0,8,1,1,0,0,0.0010655999940354377,
baseline_123_c8805e04,baseline,train,197,123,easy,5,5,0.1,0.95,0.07450353897741373,default,100,2.0,9,1,1,0,0,0.0011350999993737787,
baseline_123_c8805e04,baseline,train,198,123,easy,5,5,0.1,0.95,0.07413102128252666,default,100,3.0,8,1,1,0,0,0.0010221999982604757,
baseline_123_c8805e04,baseline,train,199,123,easy,5,5,0.1,0.95,0.07376036617611402,default,100,-1.0,12,1,1,0,0,0.0014248999941628426,
baseline_123_c8805e04,baseline,train,200,123,easy,5,5,0.1,0.95,0.07339156434523345,default,100,3.0,8,1,1,0,0,0.0010690000053728,results\baseline\seed_123\qtable_ep200.npz
baseline_123_c8805e04,baseline,train,201,123,easy,5,5,0.1,0.95,0.07302460652350727,default,100,3.0,8,1,1,0,0,0.0011155999964103103,
baseline_123_c8805e04,baseline,train,202,123,easy,5,5,0.1,0.95,0.07265948349088973,default,100,3.0,8,1,1,0,0,0.0010904999944614246,
baseline_123_c8805e04,baseline,train,203,123,easy,5,5,0.1,0.95,0.07229618607343528,default,100,3.0,8,1,1,0,0,0.0010968999995384365,
baseline_123_c8805e04,baseline,train,204,123,easy,5,5,0.1,0.95,0.0719347051430681,default,100,3.0,8,1,1,0,0,0.0010594999912427738,
baseline_123_c8805e04,baseline,train,205,123,easy,5,5,0.1,0.95,0.07157503161735276,default,100,3.0,8,1,1,0,0,0.0010826999932760373,
baseline_123_c8805e04,baseline,train,206,123,easy,5,5,0.1,0.95,0.071217156459266,default,100,3.0,8,1,1,0,0,0.0010623999987728894,
baseline_123_c8805e04,baseline,train,207,123,easy,5,5,0.1,0.95,0.07086107067696967,default,100,3.0,8,1,1,0,0,0.001109000004362315,
baseline_123_c8805e04,baseline,train,208,123,easy,5,5,0.1,0.95,0.07050676532358482,default,100,2.0,9,1,1,0,0,0.0011597000120673329,
baseline_123_c8805e04,baseline,train,209,123,easy,5,5,0.1,0.95,0.0701542314969669,default,100,1.0,10,1,1,0,0,0.0012839000119129196,
baseline_123_c8805e04,baseline,train,210,123,easy,5,5,0.1,0.95,0.06980346033948207,default,100,0.0,11,1,1,0,0,0.0013594000047305599,
baseline_123_c8805e04,baseline,train,211,123,easy,5,5,0.1,0.95,0.06945444303778466,default,100,0.0,11,1,1,0,0,0.0013177000073483214,
baseline_123_c8805e04,baseline,train,212,123,easy,5,5,0.1,0.95,0.06910717082259574,default,100,3.0,8,1,1,0,0,0.0010960999934468418,
baseline_123_c8805e04,baseline,train,213,123,easy,5,5,0.1,0.95,0.06876163496848275,default,100,3.0,8,1,1,0,0,0.0010882999922614545,
baseline_123_c8805e04,baseline,train,214,123,easy,5,5,0.1,0.95,0.06841782679364034,default,100,3.0,8,1,1,0,0,0.0010742000013124198,
baseline_123_c8805e04,baseline,train,215,123,easy,5,5,0.1,0.95,0.06807573765967213,default,100,3.0,8,1,1,0,0,0.0010902000067289919,
baseline_123_c8805e04,baseline,train,216,123,easy,5,5,0.1,0.95,0.06773535897137377,default,100,3.0,8,1,1,0,0,0.0010160999954678118,
baseline_123_c8805e04,baseline,train,217,123,easy,5,5,0.1,0.95,0.0673966821765169,default,100,3.0,8,1,1,0,0,0.0010885000083362684,
baseline_123_c8805e04,baseline,train,218,123,easy,5,5,0.1,0.95,0.0670596987656343,default,100,2.0,9,1,1,0,0,0.0010562000097706914,
baseline_123_c8805e04,baseline,train,219,123,easy,5,5,0.1,0.95,0.06672440027180614,default,100,3.0,8,1,1,0,0,0.0010728999914135784,
baseline_123_c8805e04,baseline,train,220,123,easy,5,5,0.1,0.95,0.0663907782704471,default,100,2.0,9,1,1,0,0,0.0011574000091059133,
baseline_123_c8805e04,baseline,train,221,123,easy,5,5,0.1,0.95,0.06605882437909487,default,100,2.0,9,1,1,0,0,0.0011934999929508194,
baseline_123_c8805e04,baseline,train,222,123,easy,5,5,0.1,0.95,0.0657285302571994,default,100,0.0,11,1,1,0,0,0.0013608000008389354,
baseline_123_c8805e04,baseline,train,223,123,easy,5,5,0.1,0.95,0.06539988760591339,default,100,3.0,8,1,1,0,0,0.0010248999897157773,
baseline_123_c8805e04,baseline,train,224,123,easy,5,5,0.1,0.95,0.06507288816788383,default,100,3.0,8,1,1,0,0,0.001113300008000806,
baseline_123_c8805e04,baseline,train,225,123,easy,5,5,0.1,0.95,0.06474752372704441,default,100,3.0,8,1,1,0,0,0.0010726999898906797,
baseline_123_c8805e04,baseline,train,226,123,easy,5,5,0.1,0.95,0.0644237861084092,default,100,3.0,8,1,1,0,0,0.0010832000116351992,
baseline_123_c8805e04,baseline,train,227,123,easy,5,5,0.1,0.95,0.06410166717786715,default,100,3.0,8,1,1,0,0,0.0010742000013124198,
baseline_123_c8805e04,baseline,train,228,123,easy,5,5,0.1,0.95,0.06378115884197781,default,100,3.0,8,1,1,0,0,0.0010933000012300909,
baseline_123_c8805e04,baseline,train,229,123,easy,5,5,0.1,0.95,0.06346225304776792,default,100,3.0,8,1,1,0,0,0.0010640999971656129,
baseline_123_c8805e04,baseline,train,230,123,easy,5,5,0.1,0.95,0.06314494178252908,default,100,1.0,10,1,1,0,0,0.0012643000081880018,
baseline_123_c8805e04,baseline,train,231,123,easy,5,5,0.1,0.95,0.06282921707361644,default,100,2.0,9,1,1,0,0,0.0011544000008143485,
baseline_123_c8805e04,baseline,train,232,123,easy,5,5,0.1,0.95,0.06251507098824835,default,100,1.0,10,1,1,0,0,0.0012560999894049019,
baseline_123_c8805e04,baseline,train,233,123,easy,5,5,0.1,0.95,0.062202495633307105,default,100,1.0,10,1,1,0,0,0.0012162000057287514,
baseline_123_c8805e04,baseline,train,234,123,easy,5,5,0.1,0.95,0.06189148315514057,default,100,3.0,8,1,1,0,0,0.0010690000053728,
baseline_123_c8805e04,baseline,train,235,123,easy,5,5,0.1,0.95,0.061582025739364867,default,100,1.0,10,1,1,0,0,0.0012669999996433035,
baseline_123_c8805e04,baseline,train,236,123,easy,5,5,0.1,0.95,0.06127411561066804,default,100,3.0,8,1,1,0,0,0.0010738999990280718,
baseline_123_c8805e04,baseline,train,237,123,easy,5,5,0.1,0.95,0.0609677450326147,default,100,3.0,8,1,1,0,0,0.0011245000059716403,
baseline_123_c8805e04,baseline,train,238,123,easy,5,5,0.1,0.95,0.06066290630745162,default,100,3.0,8,1,1,0,0,0.0010919000051217154,
baseline_123_c8805e04,baseline,train,239,123,easy,5,5,0.1,0.95,0.060359591775914365,default,100,-2.0,13,1,1,0,0,0.0014759000041522086,
baseline_123_c8805e04,baseline,train,240,123,easy,5,5,0.1,0.95,0.06005779381703479,default,100,3.0,8,1,1,0,0,0.0010913999867625535,
baseline_123_c8805e04,baseline,train,241,123,easy,5,5,0.1,0.95,0.059757504847949616,default,100,3.0,8,1,1,0,0,0.0010975000041071326,
baseline_123_c8805e04,baseline,train,242,123,easy,5,5,0.1,0.95,0.059458717323709866,default,100,3.0,8,1,1,0,0,0.0009948999941116199,
baseline_123_c8805e04,baseline,train,243,123,easy,5,5,0.1,0.95,0.059161423737091316,default,100,3.0,8,1,1,0,0,0.001078899993444793,
baseline_123_c8805e04,baseline,train,244,123,easy,5,5,0.1,0.95,0.05886561661840586,default,100,3.0,8,1,1,0,0,0.001060100010363385,
baseline_123_c8805e04,baseline,train,245,123,easy,5,5,0.1,0.95,0.05857128853531383,default,100,3.0,8,1,1,0,0,0.0010710999922594056,
baseline_123_c8805e04,baseline,train,246,123,easy,5,5,0.1,0.95,0.05827843209263726,default,100,3.0,8,1,1,0,0,0.001066299999365583,
baseline_123_c8805e04,baseline,train,247,123,easy,5,5,0.1,0.95,0.05798703993217407,default,100,3.0,8,1,1,0,0,0.0010899000044446439,
baseline_123_c8805e04,baseline,train,248,123,easy,5,5,0.1,0.95,0.0576971047325132,default,100,3.0,8,1,1,0,0,0.0010628999880282208,
baseline_123_c8805e04,baseline,train,249,123,easy,5,5,0.1,0.95,0.05740861920885063,default,100,1.0,10,1,1,0,0,0.00126530000125058,
baseline_123_c8805e04,baseline,train,250,123,easy,5,5,0.1,0.95,0.057121576112806376,default,100,3.0,8,1,1,0,0,0.0010547999991104007,
baseline_123_c8805e04,baseline,train,251,123,easy,5,5,0.1,0.95,0.056835968232242344,default,100,3.0,8,1,1,0,0,0.0010718000121414661,
baseline_123_c8805e04,baseline,train,252,123,easy,5,5,0.1,0.95,0.05655178839108113,default,100,2.0,9,1,1,0,0,0.0011403999960748479,
baseline_123_c8805e04,baseline,train,253,123,easy,5,5,0.1,0.95,0.05626902944912573,default,100,3.0,8,1,1,0,0,0.0010677999962354079,
baseline_123_c8805e04,baseline,train,254,123,easy,5,5,0.1,0.95,0.0559876843018801,default,100,2.0,9,1,1,0,0,0.0011521000124048442,
baseline_123_c8805e04,baseline,train,255,123,easy,5,5,0.1,0.95,0.055707745880370696,default,100,2.0,9,1,1,0,0,0.0011522999993758276,
baseline_123_c8805e04,baseline,train,256,123,easy,5,5,0.1,0.95,0.05542920715096884,default,100,3.0,8,1,1,0,0,0.0010843999916687608,
baseline_123_c8805e04,baseline,train,257,123,easy,5,5,0.1,0.95,0.055152061115214,default,100,2.0,9,1,1,0,0,0.001102599999285303,
baseline_123_c8805e04,baseline,train,258,123,easy,5,5,0.1,0.95,0.05487630080963793,default,100,3.0,8,1,1,0,0,0.0010763000027509406,
baseline_123_c8805e04,baseline,train,259,123,easy,5,5,0.1,0.95,0.05460191930558974,default,100,3.0,8,1,1,0,0,0.0010254999942844734,
baseline_123_c8805e04,baseline,train,260,123,easy,5,5,0.1,0.95,0.05432890970906179,default,100,3.0,8,1,1,0,0,0.001079199995729141,
baseline_123_c8805e04,baseline,train,261,123,easy,5,5,0.1,0.95,0.05405726516051648,default,100,3.0,8,1,1,0,0,0.0010900000052060932,
baseline_123_c8805e04,baseline,train,262,123,easy,5,5,0.1,0.95,0.0537869788347139,default,100,3.0,8,1,1,0,0,0.0010570000013103709,
baseline_123_c8805e04,baseline,train,263,123,easy,5,5,0.1,0.95,0.053518043940540334,default,100,3.0,8,1,1,0,0,0.001062600000295788,
baseline_123_c8805e04,baseline,train,264,123,easy,5,5,0.1,0.95,0.053250453720837636,default,100,3.0,8,1,1,0,0,0.00108380000165198,
baseline_123_c8805e04,baseline,train,265,123,easy,5,5,0.1,0.95,0.05298420145223345,default,100,3.0,8,1,1,0,0,0.0010839999886229634,
baseline_123_c8805e04,baseline,train,266,123,easy,5,5,0.1,0.95,0.05271928044497228,default,100,3.0,8,1,1,0,0,0.0010629999887896702,
baseline_123_c8805e04,baseline,train,267,123,easy,5,5,0.1,0.95,0.05245568404274742,default,100,3.0,8,1,1,0,0,0.0010762999881990254,
baseline_123_c8805e04,baseline,train,268,123,easy,5,5,0.1,0.95,0.05219340562253368,default,100,3.0,8,1,1,0,0,0.001064100011717528,
baseline_123_c8805e04,baseline,train,269,123,easy,5,5,0.1,0.95,0.05193243859442102,default,100,3.0,8,1,1,0,0,0.0011266999936196953,
baseline_123_c8805e04,baseline,train,270,123,easy,5,5,0.1,0.95,0.05167277640144891,default,100,3.0,8,1,1,0,0,0.0010418000019853935,
baseline_123_c8805e04,baseline,train,271,123,easy,5,5,0.1,0.95,0.05141441251944167,default,100,3.0,8,1,1,0,0,0.0011205999908270314,
baseline_123_c8805e04,baseline,train,272,123,easy,5,5,0.1,0.95,0.05115734045684446,default,100,3.0,8,1,1,0,0,0.0010713999945437536,
baseline_123_c8805e04,baseline,train,273,123,easy,5,5,0.1,0.95,0.050901553754560236,default,100,3.0,8,1,1,0,0,0.0010796999995363876,
baseline_123_c8805e04,baseline,train,274,123,easy,5,5,0.1,0.95,0.05064704598578743,default,100,2.0,9,1,1,0,0,0.00114380000741221,
baseline_123_c8805e04,baseline,train,275,123,easy,5,5,0.1,0.95,0.0503938107558585,default,100,3.0,8,1,1,0,0,0.0010830999963218346,
baseline_123_c8805e04,baseline,train,276,123,easy,5,5,0.1,0.95,0.05014184170207921,default,100,3.0,8,1,1,0,0,0.0010760000004665926,
baseline_123_c8805e04,baseline,train,277,123,easy,5,5,0.1,0.95,0.05,default,100,3.0,8,1,1,0,0,0.0010729000059654936,
baseline_123_c8805e04,baseline,train,278,123,easy,5,5,0.1,0.95,0.05,default,100,3.0,8,1,1,0,0,0.001070300000719726,
baseline_123_c8805e04,baseline,train,279,123,easy,5,5,0.1,0.95,0.05,default,100,3.0,8,1,1,0,0,0.001051200000802055,
baseline_123_c8805e04,baseline,train,280,123,easy,5,5,0.1,0.95,0.05,default,100,3.0,8,1,1,0,0,0.0010802000033436343,
baseline_123_c8805e04,baseline,train,281,123,easy,5,5,0.1,0.95,0.05,default,100,3.0,8,1,1,0,0,0.0010925999958999455,
baseline_123_c8805e04,baseline,train,282,123,easy,5,5,0.1,0.95,0.05,default,100,3.0,8,1,1,0,0,0.0010888999968301505,
baseline_123_c8805e04,baseline,train,283,123,easy,5,5,0.1,0.95,0.05,default,100,3.0,8,1,1,0,0,0.0010859000030905008,
baseline_123_c8805e04,baseline,train,284,123,easy,5,5,0.1,0.95,0.05,default,100,3.0,8,1,1,0,0,0.0010768999927677214,
baseline_123_c8805e04,baseline,train,285,123,easy,5,5,0.1,0.95,0.05,default,100,2.0,9,1,1,0,0,0.0011026000138372183,
baseline_123_c8805e04,baseline,train,286,123,easy,5,5,0.1,0.95,0.05,default,100,3.0,8,1,1,0,0,0.0010951999865937978,
baseline_123_c8805e04,baseline,train,287,123,easy,5,5,0.1,0.95,0.05,default,100,3.0,8,1,1,0,0,0.0013170999882277101,
baseline_123_c8805e04,baseline,train,288,123,easy,5,5,0.1,0.95,0.05,default,100,3.0,8,1,1,0,0,0.0011501999979373068,
baseline_123_c8805e04,baseline,train,289,123,easy,5,5,0.1,0.95,0.05,default,100,3.0,8,1,1,0,0,0.0010923999943770468,
baseline_123_c8805e04,baseline,train,290,123,easy,5,5,0.1,0.95,0.05,default,100,3.0,8,1,1,0,0,0.0010600999958114699,
baseline_123_c8805e04,baseline,train,291,123,easy,5,5,0.1,0.95,0.05,default,100,1.0,10,1,1,0,0,0.0012930999946547672,
baseline_123_c8805e04,baseline,train,292,123,easy,5,5,0.1,0.95,0.05,default,100,3.0,8,1,1,0,0,0.0010212999914074317,
baseline_123_c8805e04,baseline,train,293,123,easy,5,5,0.1,0.95,0.05,default,100,3.0,8,1,1,0,0,0.0010752999951364473,
baseline_123_c8805e04,baseline,train,294,123,easy,5,5,0.1,0.95,0.05,default,100,2.0,9,1,1,0,0,0.0011262000043643638,
baseline_123_c8805e04,baseline,train,295,123,easy,5,5,0.1,0.95,0.05,default,100,1.0,10,1,1,0,0,0.0012075999984517694,
baseline_123_c8805e04,baseline,train,296,123,easy,5,5,0.1,0.95,0.05,default,100,3.0,8,1,1,0,0,0.00105640001129359,
baseline_123_c8805e04,baseline,train,297,123,easy,5,5,0.1,0.95,0.05,default,100,3.0,8,1,1,0,0,0.0010581000096863136,
baseline_123_c8805e04,baseline,train,298,123,easy,5,5,0.1,0.95,0.05,default,100,3.0,8,1,1,0,0,0.0010694999946281314,
baseline_123_c8805e04,baseline,train,299,123,easy,5,5,0.1,0.95,0.05,default,100,3.0,8,1,1,0,0,0.0010393999982625246,
baseline_123_c8805e04,baseline,train,300,123,easy,5,5,0.1,0.95,0.05,default,100,3.0,8,1,1,0,0,0.0009801999985938892,
baseline_123_c8805e04,baseline,train,301,123,easy,5,5,0.1,0.95,0.05,default,100,3.0,8,1,1,0,0,0.0010554999898886308,
baseline_123_c8805e04,baseline,train,302,123,easy,5,5,0.1,0.95,0.05,default,100,3.0,8,1,1,0,0,0.0010810999956447631,
baseline_123_c8805e04,baseline,train,303,123,easy,5,5,0.1,0.95,0.05,default,100,3.0,8,1,1,0,0,0.0010559999936958775,
baseline_123_c8805e04,baseline,train,304,123,easy,5,5,0.1,0.95,0.05,default,100,3.0,8,1,1,0,0,0.0010384000051999465,
baseline_123_c8805e04,baseline,train,305,123,easy,5,5,0.1,0.95,0.05,default,100,2.0,9,1,1,0,0,0.0011377999908290803,
baseline_123_c8805e04,baseline,train,306,123,easy,5,5,0.1,0.95,0.05,default,100,3.0,8,1,1,0,0,0.00102599999809172,
baseline_123_c8805e04,baseline,train,307,123,easy,5,5,0.1,0.95,0.05,default,100,3.0,8,1,1,0,0,0.0010544999968260527,
baseline_123_c8805e04,baseline,train,308,123,easy,5,5,0.1,0.95,0.05,default,100,3.0,8,1,1,0,0,0.0010688000038499013,
baseline_123_c8805e04,baseline,train,309,123,easy,5,5,0.1,0.95,0.05,default,100,3.0,8,1,1,0,0,0.001042299991240725,
baseline_123_c8805e04,baseline,train,310,123,easy,5,5,0.1,0.95,0.05,default,100,2.0,9,1,1,0,0,0.0011532000062288716,
baseline_123_c8805e04,baseline,train,311,123,easy,5,5,0.1,0.95,0.05,default,100,2.0,9,1,1,0,0,0.0011492999910842627,
baseline_123_c8805e04,baseline,train,312,123,easy,5,5,0.1,0.95,0.05,default,100,1.0,10,1,1,0,0,0.0012426000030245632,
baseline_123_c8805e04,baseline,train,313,123,easy,5,5,0.1,0.95,0.05,default,100,3.0,8,1,1,0,0,0.0010640999971656129,
baseline_123_c8805e04,baseline,train,314,123,easy,5,5,0.1,0.95,0.05,default,100,3.0,8,1,1,0,0,0.0010488999978406355,
baseline_123_c8805e04,baseline,train,315,123,easy,5,5,0.1,0.95,0.05,default,100,3.0,8,1,1,0,0,0.0010792999964905903,
baseline_123_c8805e04,baseline,train,316,123,easy,5,5,0.1,0.95,0.05,default,100,3.0,8,1,1,0,0,0.0010575999913271517,
baseline_123_c8805e04,baseline,train,317,123,easy,5,5,0.1,0.95,0.05,default,100,3.0,8,1,1,0,0,0.001078899993444793,
baseline_123_c8805e04,baseline,train,318,123,easy,5,5,0.1,0.95,0.05,default,100,3.0,8,1,1,0,0,0.001048100006300956,
baseline_123_c8805e04,baseline,train,319,123,easy,5,5,0.1,0.95,0.05,default,100,3.0,8,1,1,0,0,0.0010686999885365367,
baseline_123_c8805e04,baseline,train,320,123,easy,5,5,0.1,0.95,0.05,default,100,3.0,8,1,1,0,0,0.0010513000015635043,
baseline_123_c8805e04,baseline,train,321,123,easy,5,5,0.1,0.95,0.05,default,100,3.0,8,1,1,0,0,0.0010936000035144389,
baseline_123_c8805e04,baseline,train,322,123,easy,5,5,0.1,0.95,0.05,default,100,3.0,8,1,1,0,0,0.001065399992512539,
baseline_123_c8805e04,baseline,train,323,123,easy,5,5,0.1,0.95,0.05,default,100,3.0,8,1,1,0,0,0.001073699997505173,
baseline_123_c8805e04,baseline,train,324,123,easy,5,5,0.1,0.95,0.05,default,100,3.0,8,1,1,0,0,0.001071799997589551,
baseline_123_c8805e04,baseline,train,325,123,easy,5,5,0.1,0.95,0.05,default,100,3.0,8,1,1,0,0,0.0010728999914135784,
baseline_123_c8805e04,baseline,train,326,123,easy,5,5,0.1,0.95,0.05,default,100,3.0,8,1,1,0,0,0.0010347000061301515,
baseline_123_c8805e04,baseline,train,327,123,easy,5,5,0.1,0.95,0.05,default,100,3.0,8,1,1,0,0,0.001073399995220825,
baseline_123_c8805e04,baseline,train,328,123,easy,5,5,0.1,0.95,0.05,default,100,3.0,8,1,1,0,0,0.0010735000105341896,
baseline_123_c8805e04,baseline,train,329,123,easy,5,5,0.1,0.95,0.05,default,100,3.0,8,1,1,0,0,0.0010744000028353184,
baseline_123_c8805e04,baseline,train,330,123,easy,5,5,0.1,0.95,0.05,default,100,3.0,8,1,1,0,0,0.0010716999968281016,
baseline_123_c8805e04,baseline,train,331,123,easy,5,5,0.1,0.95,0.05,default,100,2.0,9,1,1,0,0,0.0011337999894749373,
baseline_123_c8805e04,baseline,train,332,123,easy,5,5,0.1,0.95,0.05,default,100,3.0,8,1,1,0,0,0.0010941000073216856,
baseline_123_c8805e04,baseline,train,333,123,easy,5,5,0.1,0.95,0.05,default,100,2.0,9,1,1,0,0,0.0011398999922676012,
baseline_123_c8805e04,baseline,train,334,123,easy,5,5,0.1,0.95,0.05,default,100,1.0,10,1,1,0,0,0.0012621000059880316,
baseline_123_c8805e04,baseline,train,335,123,easy,5,5,0.1,0.95,0.05,default,100,3.0,8,1,1,0,0,0.0010692999931052327,
baseline_123_c8805e04,baseline,train,336,123,easy,5,5,0.1,0.95,0.05,default,100,3.0,8,1,1,0,0,0.0010671000054571778,
baseline_123_c8805e04,baseline,train,337,123,easy,5,5,0.1,0.95,0.05,default,100,3.0,8,1,1,0,0,0.0010924999951384962,
baseline_123_c8805e04,baseline,train,338,123,easy,5,5,0.1,0.95,0.05,default,100,2.0,9,1,1,0,0,0.0010983999964082614,
baseline_123_c8805e04,baseline,train,339,123,easy,5,5,0.1,0.95,0.05,default,100,3.0,8,1,1,0,0,0.001067500008502975,
baseline_123_c8805e04,baseline,train,340,123,easy,5,5,0.1,0.95,0.05,default,100,3.0,8,1,1,0,0,0.0010214000067207962,
baseline_123_c8805e04,baseline,train,341,123,easy,5,5,0.1,0.95,0.05,default,100,2.0,9,1,1,0,0,0.00115709999226965,
baseline_123_c8805e04,baseline,train,342,123,easy,5,5,0.1,0.95,0.05,default,100,3.0,8,1,1,0,0,0.0010148000001208857,
baseline_123_c8805e04,baseline,train,343,123,easy,5,5,0.1,0.95,0.05,default,100,3.0,8,1,1,0,0,0.001068099998519756,
baseline_123_c8805e04,baseline,train,344,123,easy,5,5,0.1,0.95,0.05,default,100,3.0,8,1,1,0,0,0.0010533000022405759,
baseline_123_c8805e04,baseline,train,345,123,easy,5,5,0.1,0.95,0.05,default,100,3.0,8,1,1,0,0,0.0010692999931052327,
baseline_123_c8805e04,baseline,train,346,123,easy,5,5,0.1,0.95,0.05,default,100,3.0,8,1,1,0,0,0.001066600001649931,
baseline_123_c8805e04,baseline,train,347,123,easy,5,5,0.1,0.95,0.05,default,100,-1.0,12,1,1,0,0,0.001470800008974038,
baseline_123_c8805e04,baseline,train,348,123,easy,5,5,0.1,0.95,0.05,default,100,2.0,9,1,1,0,0,0.0011482000118121505,
baseline_123_c8805e04,baseline,train,349,123,easy,5,5,0.1,0.95,0.05,default,100,3.0,8,1,1,0,0,0.0010627000010572374,
baseline_123_c8805e04,baseline,train,350,123,easy,5,5,0.1,0.95,0.05,default,100,3.0,8,1,1,0,0,0.0010580999951343983,
baseline_123_c8805e04,baseline,train,351,123,easy,5,5,0.1,0.95,0.05,default,100,3.0,8,1,1,0,0,0.0010457000025780872,
baseline_123_c8805e04,baseline,train,352,123,easy,5,5,0.1,0.95,0.05,default,100,3.0,8,1,1,0,0,0.0010608000011416152,
baseline_123_c8805e04,baseline,train,353,123,easy,5,5,0.1,0.95,0.05,default,100,3.0,8,1,1,0,0,0.001042899995809421,
baseline_123_c8805e04,baseline,train,354,123,easy,5,5,0.1,0.95,0.05,default,100,1.0,10,1,1,0,0,0.0012059000000590459,
baseline_123_c8805e04,baseline,train,355,123,easy,5,5,0.1,0.95,0.05,default,100,0.0,11,1,1,0,0,0.0013346000050660223,
baseline_123_c8805e04,baseline,train,356,123,easy,5,5,0.1,0.95,0.05,default,100,3.0,8,1,1,0,0,0.0010586999997030944,
baseline_123_c8805e04,baseline,train,357,123,easy,5,5,0.1,0.95,0.05,default,100,3.0,8,1,1,0,0,0.0011017999931937084,
baseline_123_c8805e04,baseline,train,358,123,easy,5,5,0.1,0.95,0.05,default,100,3.0,8,1,1,0,0,0.0010623999987728894,
baseline_123_c8805e04,baseline,train,359,123,easy,5,5,0.1,0.95,0.05,default,100,3.0,8,1,1,0,0,0.0011035999923478812,
baseline_123_c8805e04,baseline,train,360,123,easy,5,5,0.1,0.95,0.05,default,100,3.0,8,1,1,0,0,0.0011011000024154782,
baseline_123_c8805e04,baseline,train,361,123,easy,5,5,0.1,0.95,0.05,default,100,3.0,8,1,1,0,0,0.0010958999919239432,
baseline_123_c8805e04,baseline,train,362,123,easy,5,5,0.1,0.95,0.05,default,100,2.0,9,1,1,0,0,0.001138299994636327,
baseline_123_c8805e04,baseline,train,363,123,easy,5,5,0.1,0.95,0.05,default,100,1.0,10,1,1,0,0,0.0012600000045495108,
baseline_123_c8805e04,baseline,train,364,123,easy,5,5,0.1,0.95,0.05,default,100,3.0,8,1,1,0,0,0.001102299997000955,
baseline_123_c8805e04,baseline,train,365,123,easy,5,5,0.1,0.95,0.05,default,100,3.0,8,1,1,0,0,0.0010671999916667119,
baseline_123_c8805e04,baseline,train,366,123,easy,5,5,0.1,0.95,0.05,default,100,1.0,10,1,1,0,0,0.0012401999993016943,
baseline_123_c8805e04,baseline,train,367,123,easy,5,5,0.1,0.95,0.05,default,100,1.0,10,1,1,0,0,0.0012682000087806955,
baseline_123_c8805e04,baseline,train,368,123,easy,5,5,0.1,0.95,0.05,default,100,3.0,8,1,1,0,0,0.00111859999014996,
baseline_123_c8805e04,baseline,train,369,123,easy,5,5,0.1,0.95,0.05,default,100,3.0,8,1,1,0,0,0.0010680000123102218,
baseline_123_c8805e04,baseline,train,370,123,easy,5,5,0.1,0.95,0.05,default,100,3.0,8,1,1,0,0,0.0010407999943709,
baseline_123_c8805e04,baseline,train,371,123,easy,5,5,0.1,0.95,0.05,default,100,3.0,8,1,1,0,0,0.0010722000006353483,
baseline_123_c8805e04,baseline,train,372,123,easy,5,5,0.1,0.95,0.05,default,100,3.0,8,1,1,0,0,0.0010575999913271517,
baseline_123_c8805e04,baseline,train,373,123,easy,5,5,0.1,0.95,0.05,default,100,3.0,8,1,1,0,0,0.0010658999963197857,
baseline_123_c8805e04,baseline,train,374,123,easy,5,5,0.1,0.95,0.05,default,100,3.0,8,1,1,0,0,0.0010620999964885414,
baseline_123_c8805e04,baseline,train,375,123,easy,5,5,0.1,0.95,0.05,default,100,3.0,8,1,1,0,0,0.0010731000074883923,
baseline_123_c8805e04,baseline,train,376,123,easy,5,5,0.1,0.95,0.05,default,100,3.0,8,1,1,0,0,0.0010544999968260527,
baseline_123_c8805e04,baseline,train,377,123,easy,5,5,0.1,0.95,0.05,default,100,3.0,8,1,1,0,0,0.0010927999974228442,
baseline_123_c8805e04,baseline,train,378,123,easy,5,5,0.1,0.95,0.05,default,100,3.0,8,1,1,0,0,0.0011455999920144677,
baseline_123_c8805e04,baseline,train,379,123,easy,5,5,0.1,0.95,0.05,default,100,3.0,8,1,1,0,0,0.0009949999948730692,
baseline_123_c8805e04,baseline,train,380,123,easy,5,5,0.1,0.95,0.05,default,100,3.0,8,1,1,0,0,0.0010697999969124794,
baseline_123_c8805e04,baseline,train,381,123,easy,5,5,0.1,0.95,0.05,default,100,3.0,8,1,1,0,0,0.0011283000058028847,
baseline_123_c8805e04,baseline,train,382,123,easy,5,5,0.1,0.95,0.05,default,100,3.0,8,1,1,0,0,0.001027200007229112,
baseline_123_c8805e04,baseline,train,383,123,easy,5,5,0.1,0.95,0.05,default,100,2.0,9,1,1,0,0,0.0011692000116454437,
baseline_123_c8805e04,baseline,train,384,123,easy,5,5,0.1,0.95,0.05,default,100,1.0,10,1,1,0,0,0.0012202000070828944,
baseline_123_c8805e04,baseline,train,385,123,easy,5,5,0.1,0.95,0.05,default,100,0.0,11,1,1,0,0,0.0013208000018494204,
baseline_123_c8805e04,baseline,train,386,123,easy,5,5,0.1,0.95,0.05,default,100,3.0,8,1,1,0,0,0.0010849999962374568,
baseline_123_c8805e04,baseline,train,387,123,easy,5,5,0.1,0.95,0.05,default,100,3.0,8,1,1,0,0,0.0010634999925969169,
baseline_123_c8805e04,baseline,train,388,123,easy,5,5,0.1,0.95,0.05,default,100,2.0,9,1,1,0,0,0.001178800011985004,
baseline_123_c8805e04,baseline,train,389,123,easy,5,5,0.1,0.95,0.05,default,100,3.0,8,1,1,0,0,0.0010689999908208847,
baseline_123_c8805e04,baseline,train,390,123,easy,5,5,0.1,0.95,0.05,default,100,3.0,8,1,1,0,0,0.0010967999987769872,
baseline_123_c8805e04,baseline,train,391,123,easy,5,5,0.1,0.95,0.05,default,100,3.0,8,1,1,0,0,0.0010756999981822446,
baseline_123_c8805e04,baseline,train,392,123,easy,5,5,0.1,0.95,0.05,default,100,3.0,8,1,1,0,0,0.0010564999975031242,
baseline_123_c8805e04,baseline,train,393,123,easy,5,5,0.1,0.95,0.05,default,100,3.0,8,1,1,0,0,0.0010635999933583662,
baseline_123_c8805e04,baseline,train,394,123,easy,5,5,0.1,0.95,0.05,default,100,0.0,11,1,1,0,0,0.0012671000004047528,
baseline_123_c8805e04,baseline,train,395,123,easy,5,5,0.1,0.95,0.05,default,100,3.0,8,1,1,0,0,0.0010756000119727105,
baseline_123_c8805e04,baseline,train,396,123,easy,5,5,0.1,0.95,0.05,default,100,1.0,10,1,1,0,0,0.0012584999931277707,
baseline_123_c8805e04,baseline,train,397,123,easy,5,5,0.1,0.95,0.05,default,100,3.0,8,1,1,0,0,0.00108380000165198,
baseline_123_c8805e04,baseline,train,398,123,easy,5,5,0.1,0.95,0.05,default,100,3.0,8,1,1,0,0,0.0010584999981801957,
baseline_123_c8805e04,baseline,train,399,123,easy,5,5,0.1,0.95,0.05,default,100,3.0,8,1,1,0,0,0.0010726000036811456,
baseline_123_c8805e04,baseline,train,400,123,easy,5,5,0.1,0.95,0.05,default,100,3.0,8,1,1,0,0,0.0010667999886209145,results\baseline\seed_123\qtable_ep400.npz
baseline_123_c8805e04,baseline,train,401,123,easy,5,5,0.1,0.95,0.05,default,100,-1.0,12,1,1,0,0,0.0015411999920615926,
baseline_123_c8805e04,baseline,train,402,123,easy,5,5,0.1,0.95,0.05,default,100,3.0,8,1,1,0,0,0.0010827999940374866,
baseline_123_c8805e04,baseline,train,403,123,easy,5,5,0.1,0.95,0.05,default,100,3.0,8,1,1,0,0,0.0010881999915000051,
baseline_123_c8805e04,baseline,train,404,123,easy,5,5,0.1,0.95,0.05,default,100,2.0,9,1,1,0,0,0.0011442999966675416,
baseline_123_c8805e04,baseline,train,405,123,easy,5,5,0.1,0.95,0.05,default,100,3.0,8,1,1,0,0,0.00107640000351239,
baseline_123_c8805e04,baseline,train,406,123,easy,5,5,0.1,0.95,0.05,default,100,3.0,8,1,1,0,0,0.001058599998941645,
baseline_123_c8805e04,baseline,train,407,123,easy,5,5,0.1,0.95,0.05,default,100,3.0,8,1,1,0,0,0.0010557999921729788,
baseline_123_c8805e04,baseline,train,408,123,easy,5,5,0.1,0.95,0.05,default,100,3.0,8,1,1,0,0,0.0010563999967416748,
baseline_123_c8805e04,baseline,train,409,123,easy,5,5,0.1,0.95,0.05,default,100,3.0,8,1,1,0,0,0.0010246000019833446,
baseline_123_c8805e04,baseline,train,410,123,easy,5,5,0.1,0.95,0.05,default,100,3.0,8,1,1,0,0,0.0011100999981863424,
baseline_123_c8805e04,baseline,train,411,123,easy,5,5,0.1,0.95,0.05,default,100,3.0,8,1,1,0,0,0.0010636999941198155,
baseline_123_c8805e04,baseline,train,412,123,easy,5,5,0.1,0.95,0.05,default,100,3.0,8,1,1,0,0,0.0010698999976739287,
baseline_123_c8805e04,baseline,train,413,123,easy,5,5,0.1,0.95,0.05,default,100,2.0,9,1,1,0,0,0.0011330999986967072,
baseline_123_c8805e04,baseline,train,414,123,easy,5,5,0.1,0.95,0.05,default,100,2.0,9,1,1,0,0,0.0011543000000528991,
baseline_123_c8805e04,baseline,train,415,123,easy,5,5,0.1,0.95,0.05,default,100,3.0,8,1,1,0,0,0.0010675999947125092,
baseline_123_c8805e04,baseline,train,416,123,easy,5,5,0.1,0.95,0.05,default,100,3.0,8,1,1,0,0,0.0010758999997051433,
baseline_123_c8805e04,baseline,train,417,123,easy,5,5,0.1,0.95,0.05,default,100,3.0,8,1,1,0,0,0.0010722000006353483,
baseline_123_c8805e04,baseline,train,418,123,easy,5,5,0.1,0.95,0.05,default,100,3.0,8,1,1,0,0,0.0010755000112112612,
baseline_123_c8805e04,baseline,train,419,123,easy,5,5,0.1,0.95,0.05,default,100,3.0,8,1,1,0,0,0.0010591999889584258,
baseline_123_c8805e04,baseline,train,420,123,easy,5,5,0.1,0.95,0.05,default,100,-1.0,12,1,1,0,0,0.0014528000028803945,
baseline_123_c8805e04,baseline,train,421,123,easy,5,5,0.1,0.95,0.05,default,100,3.0,8,1,1,0,0,0.0010505000100238249,
baseline_123_c8805e04,baseline,train,422,123,easy,5,5,0.1,0.95,0.05,default,100,-1.0,12,1,1,0,0,0.0013935000024503097,
baseline_123_c8805e04,baseline,train,423,123,easy,5,5,0.1,0.95,0.05,default,100,3.0,8,1,1,0,0,0.0010880000045290217,
baseline_123_c8805e04,baseline,train,424,123,easy,5,5,0.1,0.95,0.05,default,100,2.0,9,1,1,0,0,0.0010837000008905306,
baseline_123_c8805e04,baseline,train,425,123,easy,5,5,0.1,0.95,0.05,default,100,1.0,10,1,1,0,0,0.0012910000077681616,
baseline_123_c8805e04,baseline,train,426,123,easy,5,5,0.1,0.95,0.05,default,100,3.0,8,1,1,0,0,0.0010725999891292304,
baseline_123_c8805e04,baseline,train,427,123,easy,5,5,0.1,0.95,0.05,default,100,3.0,8,1,1,0,0,0.001096700012567453,
baseline_123_c8805e04,baseline,train,428,123,easy,5,5,0.1,0.95,0.05,default,100,1.0,10,1,1,0,0,0.001270200009457767,
baseline_123_c8805e04,baseline,train,429,123,easy,5,5,0.1,0.95,0.05,default,100,3.0,8,1,1,0,0,0.001053699990734458,
baseline_123_c8805e04,baseline,train,430,123,easy,5,5,0.1,0.95,0.05,default,100,3.0,8,1,1,0,0,0.001066900003934279,
baseline_123_c8805e04,baseline,train,431,123,easy,5,5,0.1,0.95,0.05,default,100,3.0,8,1,1,0,0,0.001059200003510341,
baseline_123_c8805e04,baseline,train,432,123,easy,5,5,0.1,0.95,0.05,default,100,3.0,8,1,1,0,0,0.0010809999948833138,
baseline_123_c8805e04,baseline,train,433,123,easy,5,5,0.1,0.95,0.05,default,100,3.0,8,1,1,0,0,0.0010537000052863732,
baseline_123_c8805e04,baseline,train,434,123,easy,5,5,0.1,0.95,0.05,default,100,3.0,8,1,1,0,0,0.001073099992936477,
baseline_123_c8805e04,baseline,train,435,123,easy,5,5,0.1,0.95,0.05,default,100,1.0,10,1,1,0,0,0.0012174000003142282,
baseline_123_c8805e04,baseline,train,436,123,easy,5,5,0.1,0.95,0.05,default,100,2.0,9,1,1,0,0,0.001124100002925843,
baseline_123_c8805e04,baseline,train,437,123,easy,5,5,0.1,0.95,0.05,default,100,3.0,8,1,1,0,0,0.001084100003936328,
baseline_123_c8805e04,baseline,train,438,123,easy,5,5,0.1,0.95,0.05,default,100,3.0,8,1,1,0,0,0.0010623999987728894,
baseline_123_c8805e04,baseline,train,439,123,easy,5,5,0.1,0.95,0.05,default,100,1.0,10,1,1,0,0,0.0012470000074245036,
baseline_123_c8805e04,baseline,train,440,123,easy,5,5,0.1,0.95,0.05,default,100,3.0,8,1,1,0,0,0.001061999995727092,
baseline_123_c8805e04,baseline,train,441,123,easy,5,5,0.1,0.95,0.05,default,100,3.0,8,1,1,0,0,0.0010960999934468418,
baseline_123_c8805e04,baseline,train,442,123,easy,5,5,0.1,0.95,0.05,default,100,3.0,8,1,1,0,0,0.0010890999983530492,
baseline_123_c8805e04,baseline,train,443,123,easy,5,5,0.1,0.95,0.05,default,100,1.0,10,1,1,0,0,0.0012597000022651628,
baseline_123_c8805e04,baseline,train,444,123,easy,5,5,0.1,0.95,0.05,default,100,3.0,8,1,1,0,0,0.0010830000101123005,
baseline_123_c8805e04,baseline,train,445,123,easy,5,5,0.1,0.95,0.05,default,100,2.0,9,1,1,0,0,0.0011563999869395047,
baseline_123_c8805e04,baseline,train,446,123,easy,5,5,0.1,0.95,0.05,default,100,3.0,8,1,1,0,0,0.0011002000101143494,
baseline_123_c8805e04,baseline,train,447,123,easy,5,5,0.1,0.95,0.05,default,100,3.0,8,1,1,0,0,0.0010638999956427142,
baseline_123_c8805e04,baseline,train,448,123,easy,5,5,0.1,0.95,0.05,default,100,3.0,8,1,1,0,0,0.0013267000031191856,
baseline_123_c8805e04,baseline,train,449,123,easy,5,5,0.1,0.95,0.05,default,100,3.0,8,1,1,0,0,0.0011503999994602054,
baseline_123_c8805e04,baseline,train,450,123,easy,5,5,0.1,0.95,0.05,default,100,-1.0,12,1,1,0,0,0.0014441999956034124,
baseline_123_c8805e04,baseline,train,451,123,easy,5,5,0.1,0.95,0.05,default,100,3.0,8,1,1,0,0,0.0010780000011436641,
baseline_123_c8805e04,baseline,train,452,123,easy,5,5,0.1,0.95,0.05,default,100,3.0,8,1,1,0,0,0.0010541999945417047,
baseline_123_c8805e04,baseline,train,453,123,easy,5,5,0.1,0.95,0.05,default,100,3.0,8,1,1,0,0,0.001061699993442744,
baseline_123_c8805e04,baseline,train,454,123,easy,5,5,0.1,0.95,0.05,default,100,2.0,9,1,1,0,0,0.0011181000008946285,
baseline_123_c8805e04,baseline,train,455,123,easy,5,5,0.1,0.95,0.05,default,100,3.0,8,1,1,0,0,0.0010760000004665926,
baseline_123_c8805e04,baseline,train,456,123,easy,5,5,0.1,0.95,0.05,default,100,2.0,9,1,1,0,0,0.0011354999878676608,
baseline_123_c8805e04,baseline,train,457,123,easy,5,5,0.1,0.95,0.05,default,100,3.0,8,1,1,0,0,0.0010725000029196963,
baseline_123_c8805e04,baseline,train,458,123,easy,5,5,0.1,0.95,0.05,default,100,3.0,8,1,1,0,0,0.0010634999925969169,
baseline_123_c8805e04,baseline,train,459,123,easy,5,5,0.1,0.95,0.05,default,100,3.0,8,1,1,0,0,0.001062600000295788,
baseline_123_c8805e04,baseline,train,460,123,easy,5,5,0.1,0.95,0.05,default,100,2.0,9,1,1,0,0,0.001144699999713339,
baseline_123_c8805e04,baseline,train,461,123,easy,5,5,0.1,0.95,0.05,default,100,1.0,10,1,1,0,0,0.001283400008105673,
baseline_123_c8805e04,baseline,train,462,123,easy,5,5,0.1,0.95,0.05,default,100,1.0,10,1,1,0,0,0.0013694000081159174,
baseline_123_c8805e04,baseline,train,463,123,easy,5,5,0.1,0.95,0.05,default,100,1.0,10,1,1,0,0,0.001269300002604723,
baseline_123_c8805e04,baseline,train,464,123,easy,5,5,0.1,0.95,0.05,default,100,1.0,10,1,1,0,0,0.0012365000002318993,
baseline_123_c8805e04,baseline,train,465,123,easy,5,5,0.1,0.95,0.05,default,100,3.0,8,1,1,0,0,0.0010708000045269728,
baseline_123_c8805e04,baseline,train,466,123,easy,5,5,0.1,0.95,0.05,default,100,3.0,8,1,1,0,0,0.0010594000050332397,
baseline_123_c8805e04,baseline,train,467,123,easy,5,5,0.1,0.95,0.05,default,100,3.0,8,1,1,0,0,0.001042299991240725,
baseline_123_c8805e04,baseline,train,468,123,easy,5,5,0.1,0.95,0.05,default,100,3.0,8,1,1,0,0,0.0010640999971656129,
baseline_123_c8805e04,baseline,train,469,123,easy,5,5,0.1,0.95,0.05,default,100,3.0,8,1,1,0,0,0.0010603999980958179,
baseline_123_c8805e04,baseline,train,470,123,easy,5,5,0.1,0.95,0.05,default,100,3.0,8,1,1,0,0,0.0010460000048624352,
baseline_123_c8805e04,baseline,train,471,123,easy,5,5,0.1,0.95,0.05,default,100,3.0,8,1,1,0,0,0.001073000006726943,
baseline_123_c8805e04,baseline,train,472,123,easy,5,5,0.1,0.95,0.05,default,100,3.0,8,1,1,0,0,0.0010633999918354675,
baseline_123_c8805e04,baseline,train,473,123,easy,5,5,0.1,0.95,0.05,default,100,3.0,8,1,1,0,0,0.00105489999987185,
baseline_123_c8805e04,baseline,train,474,123,easy,5,5,0.1,0.95,0.05,default,100,1.0,10,1,1,0,0,0.001262299992959015,
baseline_123_c8805e04,baseline,train,475,123,easy,5,5,0.1,0.95,0.05,default,100,3.0,8,1,1,0,0,0.0010586999997030944,
baseline_123_c8805e04,baseline,train,476,123,easy,5,5,0.1,0.95,0.05,default,100,2.0,9,1,1,0,0,0.0012224000092828646,
baseline_123_c8805e04,baseline,train,477,123,easy,5,5,0.1,0.95,0.05,default,100,2.0,9,1,1,0,0,0.0011632999958237633,
baseline_123_c8805e04,baseline,train,478,123,easy,5,5,0.1,0.95,0.05,default,100,3.0,8,1,1,0,0,0.0010796999995363876,
baseline_123_c8805e04,baseline,train,479,123,easy,5,5,0.1,0.95,0.05,default,100,3.0,8,1,1,0,0,0.0010602999973343685,
baseline_123_c8805e04,baseline,train,480,123,easy,5,5,0.1,0.95,0.05,default,100,3.0,8,1,1,0,0,0.0010830999963218346,
baseline_123_c8805e04,baseline,train,481,123,easy,5,5,0.1,0.95,0.05,default,100,-1.0,12,1,1,0,0,0.0014401000080397353,
baseline_123_c8805e04,baseline,train,482,123,easy,5,5,0.1,0.95,0.05,default,100,3.0,8,1,1,0,0,0.001068700003088452,
baseline_123_c8805e04,baseline,train,483,123,easy,5,5,0.1,0.95,0.05,default,100,3.0,8,1,1,0,0,0.0010294999956386164,
baseline_123_c8805e04,baseline,train,484,123,easy,5,5,0.1,0.95,0.05,default,100,1.0,10,1,1,0,0,0.0012377999955788255,
baseline_123_c8805e04,baseline,train,485,123,easy,5,5,0.1,0.95,0.05,default,100,3.0,8,1,1,0,0,0.0011061999975936487,
baseline_123_c8805e04,baseline,train,486,123,easy,5,5,0.1,0.95,0.05,default,100,3.0,8,1,1,0,0,0.0010578000074019656,
baseline_123_c8805e04,baseline,train,487,123,easy,5,5,0.1,0.95,0.05,default,100,3.0,8,1,1,0,0,0.001163199995062314,
baseline_123_c8805e04,baseline,train,488,123,easy,5,5,0.1,0.95,0.05,default,100,1.0,10,1,1,0,0,0.001279799995245412,
baseline_123_c8805e04,baseline,train,489,123,easy,5,5,0.1,0.95,0.05,default,100,3.0,8,1,1,0,0,0.0010547999991104007,
baseline_123_c8805e04,baseline,train,490,123,easy,5,5,0.1,0.95,0.05,default,100,2.0,9,1,1,0,0,0.0011317000025883317,
baseline_123_c8805e04,baseline,train,491,123,easy,5,5,0.1,0.95,0.05,default,100,3.0,8,1,1,0,0,0.0010113000025739893,
baseline_123_c8805e04,baseline,train,492,123,easy,5,5,0.1,0.95,0.05,default,100,3.0,8,1,1,0,0,0.0010269999911542982,
baseline_123_c8805e04,baseline,train,493,123,easy,5,5,0.1,0.95,0.05,default,100,3.0,8,1,1,0,0,0.0010439000034239143,
baseline_123_c8805e04,baseline,train,494,123,easy,5,5,0.1,0.95,0.05,default,100,3.0,8,1,1,0,0,0.0010916000028373674,
baseline_123_c8805e04,baseline,train,495,123,easy,5,5,0.1,0.95,0.05,default,100,2.0,9,1,1,0,0,0.0011298000026727095,
baseline_123_c8805e04,baseline,train,496,123,easy,5,5,0.1,0.95,0.05,default,100,3.0,8,1,1,0,0,0.0010667999886209145,
baseline_123_c8805e04,baseline,train,497,123,easy,5,5,0.1,0.95,0.05,default,100,3.0,8,1,1,0,0,0.001064100011717528,
baseline_123_c8805e04,baseline,train,498,123,easy,5,5,0.1,0.95,0.05,default,100,3.0,8,1,1,0,0,0.0010249999904772267,
baseline_123_c8805e04,baseline,train,499,123,easy,5,5,0.1,0.95,0.05,default,100,2.0,9,1,1,0,0,0.001134500009356998,
baseline_123_c8805e04,baseline,train,500,123,easy,5,5,0.1,0.95,0.05,default,100,0.0,11,1,1,0,0,0.001313300002948381,
baseline_123_c8805e04,baseline,train,501,123,easy,5,5,0.1,0.95,0.05,default,100,3.0,8,1,1,0,0,0.0010987999994540587,
baseline_123_c8805e04,baseline,train,502,123,easy,5,5,0.1,0.95,0.05,default,100,3.0,8,1,1,0,0,0.0010686000023270026,
baseline_123_c8805e04,baseline,train,503,123,easy,5,5,0.1,0.95,0.05,default,100,3.0,8,1,1,0,0,0.0010701999999582767,
baseline_123_c8805e04,baseline,train,504,123,easy,5,5,0.1,0.95,0.05,default,100,3.0,8,1,1,0,0,0.001006899998174049,
baseline_123_c8805e04,baseline,train,505,123,easy,5,5,0.1,0.95,0.05,default,100,3.0,8,1,1,0,0,0.001079800000297837,
baseline_123_c8805e04,baseline,train,506,123,easy,5,5,0.1,0.95,0.05,default,100,3.0,8,1,1,0,0,0.0010553000029176474,
baseline_123_c8805e04,baseline,train,507,123,easy,5,5,0.1,0.95,0.05,default,100,3.0,8,1,1,0,0,0.0010768000065581873,
baseline_123_c8805e04,baseline,train,508,123,easy,5,5,0.1,0.95,0.05,default,100,3.0,8,1,1,0,0,0.0010577999928500503,
baseline_123_c8805e04,baseline,train,509,123,easy,5,5,0.1,0.95,0.05,default,100,3.0,8,1,1,0,0,0.0010679999977583066,
baseline_123_c8805e04,baseline,train,510,123,easy,5,5,0.1,0.95,0.05,default,100,3.0,8,1,1,0,0,0.001017699993099086,
baseline_123_c8805e04,baseline,train,511,123,easy,5,5,0.1,0.95,0.05,default,100,3.0,8,1,1,0,0,0.001068400000804104,
baseline_123_c8805e04,baseline,train,512,123,easy,5,5,0.1,0.95,0.05,default,100,3.0,8,1,1,0,0,0.001079800000297837,
baseline_123_c8805e04,baseline,train,513,123,easy,5,5,0.1,0.95,0.05,default,100,3.0,8,1,1,0,0,0.0010542000090936199,
baseline_123_c8805e04,baseline,train,514,123,easy,5,5,0.1,0.95,0.05,default,100,1.0,10,1,1,0,0,0.0012618000037036836,
baseline_123_c8805e04,baseline,train,515,123,easy,5,5,0.1,0.95,0.05,default,100,3.0,8,1,1,0,0,0.0010129000002052635,
baseline_123_c8805e04,baseline,train,516,123,easy,5,5,0.1,0.95,0.05,default,100,3.0,8,1,1,0,0,0.001084700008505024,
baseline_123_c8805e04,baseline,train,517,123,easy,5,5,0.1,0.95,0.05,default,100,3.0,8,1,1,0,0,0.001061699993442744,
baseline_123_c8805e04,baseline,train,518,123,easy,5,5,0.1,0.95,0.05,default,100,0.0,11,1,1,0,0,0.0013188000011723489,
baseline_123_c8805e04,baseline,train,519,123,easy,5,5,0.1,0.95,0.05,default,100,3.0,8,1,1,0,0,0.0009996999870054424,
baseline_123_c8805e04,baseline,train,520,123,easy,5,5,0.1,0.95,0.05,default,100,3.0,8,1,1,0,0,0.0010708000045269728,
baseline_123_c8805e04,baseline,train,521,123,easy,5,5,0.1,0.95,0.05,default,100,-1.0,12,1,1,0,0,0.001509900001110509,
baseline_123_c8805e04,baseline,train,522,123,easy,5,5,0.1,0.95,0.05,default,100,0.0,11,1,1,0,0,0.0013378000003285706,
baseline_123_c8805e04,baseline,train,523,123,easy,5,5,0.1,0.95,0.05,default,100,3.0,8,1,1,0,0,0.0010840000031748787,
baseline_123_c8805e04,baseline,train,524,123,easy,5,5,0.1,0.95,0.05,default,100,3.0,8,1,1,0,0,0.0010744000028353184,
baseline_123_c8805e04,baseline,train,525,123,easy,5,5,0.1,0.95,0.05,default,100,1.0,10,1,1,0,0,0.0012593999999808148,
baseline_123_c8805e04,baseline,train,526,123,easy,5,5,0.1,0.95,0.05,default,100,3.0,8,1,1,0,0,0.0010768999927677214,
baseline_123_c8805e04,baseline,train,527,123,easy,5,5,0.1,0.95,0.05,default,100,1.0,10,1,1,0,0,0.0011670000094454736,
baseline_123_c8805e04,baseline,train,528,123,easy,5,5,0.1,0.95,0.05,default,100,3.0,8,1,1,0,0,0.0010847999947145581,
baseline_123_c8805e04,baseline,train,529,123,easy,5,5,0.1,0.95,0.05,default,100,3.0,8,1,1,0,0,0.001113000005716458,
baseline_123_c8805e04,baseline,train,530,123,easy,5,5,0.1,0.95,0.05,default,100,3.0,8,1,1,0,0,0.0010452999995322898,
baseline_123_c8805e04,baseline,train,531,123,easy,5,5,0.1,0.95,0.05,default,100,3.0,8,1,1,0,0,0.0010705000022426248,
baseline_123_c8805e04,baseline,train,532,123,easy,5,5,0.1,0.95,0.05,default,100,3.0,8,1,1,0,0,0.001025099991238676,
baseline_123_c8805e04,baseline,train,533,123,easy,5,5,0.1,0.95,0.05,default,100,3.0,8,1,1,0,0,0.0010524999961489812,
baseline_123_c8805e04,baseline,train,534,123,easy,5,5,0.1,0.95,0.05,default,100,3.0,8,1,1,0,0,0.001076100001228042,
baseline_123_c8805e04,baseline,train,535,123,easy,5,5,0.1,0.95,0.05,default,100,3.0,8,1,1,0,0,0.0010097000049427152,
baseline_123_c8805e04,baseline,train,536,123,easy,5,5,0.1,0.95,0.05,default,100,2.0,9,1,1,0,0,0.0011427999997977167,
baseline_123_c8805e04,baseline,train,537,123,easy,5,5,0.1,0.95,0.05,default,100,2.0,9,1,1,0,0,0.0011521999986143783,
baseline_123_c8805e04,baseline,train,538,123,easy,5,5,0.1,0.95,0.05,default,100,3.0,8,1,1,0,0,0.0010125999979209155,
baseline_123_c8805e04,baseline,train,539,123,easy,5,5,0.1,0.95,0.05,default,100,2.0,9,1,1,0,0,0.0010920999920926988,
baseline_123_c8805e04,baseline,train,540,123,easy,5,5,0.1,0.95,0.05,default,100,3.0,8,1,1,0,0,0.0010624000133248046,
baseline_123_c8805e04,baseline,train,541,123,easy,5,5,0.1,0.95,0.05,default,100,2.0,9,1,1,0,0,0.0011689999955706298,
baseline_123_c8805e04,baseline,train,542,123,easy,5,5,0.1,0.95,0.05,default,100,3.0,8,1,1,0,0,0.0010200999968219548,
baseline_123_c8805e04,baseline,train,543,123,easy,5,5,0.1,0.95,0.05,default,100,3.0,8,1,1,0,0,0.0010712999937823042,
baseline_123_c8805e04,baseline,train,544,123,easy,5,5,0.1,0.95,0.05,default,100,3.0,8,1,1,0,0,0.001051800005370751,
baseline_123_c8805e04,baseline,train,545,123,easy,5,5,0.1,0.95,0.05,default,100,2.0,9,1,1,0,0,0.001055200002156198,
baseline_123_c8805e04,baseline,train,546,123,easy,5,5,0.1,0.95,0.05,default,100,3.0,8,1,1,0,0,0.0010558999929344282,
baseline_123_c8805e04,baseline,train,547,123,easy,5,5,0.1,0.95,0.05,default,100,2.0,9,1,1,0,0,0.001105000003008172,
baseline_123_c8805e04,baseline,train,548,123,easy,5,5,0.1,0.95,0.05,default,100,2.0,9,1,1,0,0,0.0012119000020902604,
baseline_123_c8805e04,baseline,train,549,123,easy,5,5,0.1,0.95,0.05,default,100,2.0,9,1,1,0,0,0.001138899999205023,
baseline_123_c8805e04,baseline,train,550,123,easy,5,5,0.1,0.95,0.05,default,100,3.0,8,1,1,0,0,0.001080100002582185,
baseline_123_c8805e04,baseline,train,551,123,easy,5,5,0.1,0.95,0.05,default,100,3.0,8,1,1,0,0,0.0010715000098571181,
baseline_123_c8805e04,baseline,train,552,123,easy,5,5,0.1,0.95,0.05,default,100,3.0,8,1,1,0,0,0.0010316999978385866,
baseline_123_c8805e04,baseline,train,553,123,easy,5,5,0.1,0.95,0.05,default,100,3.0,8,1,1,0,0,0.001054599997587502,
baseline_123_c8805e04,baseline,train,554,123,easy,5,5,0.1,0.95,0.05,default,100,3.0,8,1,1,0,0,0.0010746000043582171,
baseline_123_c8805e04,baseline,train,555,123,easy,5,5,0.1,0.95,0.05,default,100,2.0,9,1,1,0,0,0.0011333000002196059,
baseline_123_c8805e04,baseline,train,556,123,easy,5,5,0.1,0.95,0.05,default,100,1.0,10,1,1,0,0,0.0012538000009953976,
baseline_123_c8805e04,baseline,train,557,123,easy,5,5,0.1,0.95,0.05,default,100,2.0,9,1,1,0,0,0.001153600009274669,
baseline_123_c8805e04,baseline,train,558,123,easy,5,5,0.1,0.95,0.05,default,100,3.0,8,1,1,0,0,0.0010569000005489215,
baseline_123_c8805e04,baseline,train,559,123,easy,5,5,0.1,0.95,0.05,default,100,2.0,9,1,1,0,0,0.0011293999996269122,
baseline_123_c8805e04,baseline,train,560,123,easy,5,5,0.1,0.95,0.05,default,100,0.0,11,1,1,0,0,0.0013245000009192154,
baseline_123_c8805e04,baseline,train,561,123,easy,5,5,0.1,0.95,0.05,default,100,3.0,8,1,1,0,0,0.0011384999961592257,
baseline_123_c8805e04,baseline,train,562,123,easy,5,5,0.1,0.95,0.05,default,100,3.0,8,1,1,0,0,0.001088700009859167,
baseline_123_c8805e04,baseline,train,563,123,easy,5,5,0.1,0.95,0.05,default,100,3.0,8,1,1,0,0,0.0010800999880302697,
baseline_123_c8805e04,baseline,train,564,123,easy,5,5,0.1,0.95,0.05,default,100,3.0,8,1,1,0,0,0.0011055000068154186,
baseline_123_c8805e04,baseline,train,565,123,easy,5,5,0.1,0.95,0.05,default,100,3.0,8,1,1,0,0,0.001145399990491569,
baseline_123_c8805e04,baseline,train,566,123,easy,5,5,0.1,0.95,0.05,default,100,3.0,8,1,1,0,0,0.001105000003008172,
baseline_123_c8805e04,baseline,train,567,123,easy,5,5,0.1,0.95,0.05,default,100,3.0,8,1,1,0,0,0.0010719999991124496,
baseline_123_c8805e04,baseline,train,568,123,easy,5,5,0.1,0.95,0.05,default,100,1.0,10,1,1,0,0,0.0012664999958360568,
baseline_123_c8805e04,baseline,train,569,123,easy,5,5,0.1,0.95,0.05,default,100,2.0,9,1,1,0,0,0.0011333000002196059,
baseline_123_c8805e04,baseline,train,570,123,easy,5,5,0.1,0.95,0.05,default,100,3.0,8,1,1,0,0,0.0010925999958999455,
baseline_123_c8805e04,baseline,train,571,123,easy,5,5,0.1,0.95,0.05,default,100,1.0,10,1,1,0,0,0.001273000001674518,
baseline_123_c8805e04,baseline,train,572,123,easy,5,5,0.1,0.95,0.05,default,100,2.0,9,1,1,0,0,0.0011399999930290505,
baseline_123_c8805e04,baseline,train,573,123,easy,5,5,0.1,0.95,0.05,default,100,2.0,9,1,1,0,0,0.0011677999864332378,
baseline_123_c8805e04,baseline,train,574,123,easy,5,5,0.1,0.95,0.05,default,100,3.0,8,1,1,0,0,0.0010594000050332397,
baseline_123_c8805e04,baseline,train,575,123,easy,5,5,0.1,0.95,0.05,default,100,1.0,10,1,1,0,0,0.001253900001756847,
baseline_123_c8805e04,baseline,train,576,123,easy,5,5,0.1,0.95,0.05,default,100,3.0,8,1,1,0,0,0.0010516000038478523,
baseline_123_c8805e04,baseline,train,577,123,easy,5,5,0.1,0.95,0.05,default,100,3.0,8,1,1,0,0,0.001094299994292669,
baseline_123_c8805e04,baseline,train,578,123,easy,5,5,0.1,0.95,0.05,default,100,0.0,11,1,1,0,0,0.0013510999997379258,
baseline_123_c8805e04,baseline,train,579,123,easy,5,5,0.1,0.95,0.05,default,100,3.0,8,1,1,0,0,0.0010092000011354685,
baseline_123_c8805e04,baseline,train,580,123,easy,5,5,0.1,0.95,0.05,default,100,3.0,8,1,1,0,0,0.0010784999903989956,
baseline_123_c8805e04,baseline,train,581,123,easy,5,5,0.1,0.95,0.05,default,100,3.0,8,1,1,0,0,0.0010802999895531684,
baseline_123_c8805e04,baseline,train,582,123,easy,5,5,0.1,0.95,0.05,default,100,3.0,8,1,1,0,0,0.0011054999922635034,
baseline_123_c8805e04,baseline,train,583,123,easy,5,5,0.1,0.95,0.05,default,100,3.0,8,1,1,0,0,0.001037399997585453,
baseline_123_c8805e04,baseline,train,584,123,easy,5,5,0.1,0.95,0.05,default,100,3.0,8,1,1,0,0,0.0010694999946281314,
baseline_123_c8805e04,baseline,train,585,123,easy,5,5,0.1,0.95,0.05,default,100,3.0,8,1,1,0,0,0.0010573000035947189,
baseline_123_c8805e04,baseline,train,586,123,easy,5,5,0.1,0.95,0.05,default,100,3.0,8,1,1,0,0,0.0010722000006353483,
baseline_123_c8805e04,baseline,train,587,123,easy,5,5,0.1,0.95,0.05,default,100,3.0,8,1,1,0,0,0.0010517000046093017,
baseline_123_c8805e04,baseline,train,588,123,easy,5,5,0.1,0.95,0.05,default,100,3.0,8,1,1,0,0,0.001080100002582185,
baseline_123_c8805e04,baseline,train,589,123,easy,5,5,0.1,0.95,0.05,default,100,3.0,8,1,1,0,0,0.0010605999996187165,
baseline_123_c8805e04,baseline,train,590,123,easy,5,5,0.1,0.95,0.05,default,100,3.0,8,1,1,0,0,0.0010683000000426546,
baseline_123_c8805e04,baseline,train,591,123,easy,5,5,0.1,0.95,0.05,default,100,3.0,8,1,1,0,0,0.0010805000056279823,
baseline_123_c8805e04,baseline,train,592,123,easy,5,5,0.1,0.95,0.05,default,100,3.0,8,1,1,0,0,0.0011092999920947477,
baseline_123_c8805e04,baseline,train,593,123,easy,5,5,0.1,0.95,0.05,default,100,3.0,8,1,1,0,0,0.0010907999967457727,
baseline_123_c8805e04,baseline,train,594,123,easy,5,5,0.1,0.95,0.05,default,100,3.0,8,1,1,0,0,0.0010947000118903816,
baseline_123_c8805e04,baseline,train,595,123,easy,5,5,0.1,0.95,0.05,default,100,3.0,8,1,1,0,0,0.0010750999936135486,
baseline_123_c8805e04,baseline,train,596,123,easy,5,5,0.1,0.95,0.05,default,100,3.0,8,1,1,0,0,0.0010683000000426546,
baseline_123_c8805e04,baseline,train,597,123,easy,5,5,0.1,0.95,0.05,default,100,1.0,10,1,1,0,0,0.0012952999968547374,
baseline_123_c8805e04,baseline,train,598,123,easy,5,5,0.1,0.95,0.05,default,100,3.0,8,1,1,0,0,0.0010719999991124496,
baseline_123_c8805e04,baseline,train,599,123,easy,5,5,0.1,0.95,0.05,default,100,3.0,8,1,1,0,0,0.001095200001145713,
baseline_123_c8805e04,baseline,train,600,123,easy,5,5,0.1,0.95,0.05,default,100,3.0,8,1,1,0,0,0.0010369999945396557,results\baseline\seed_123\qtable_ep600.npz
baseline_123_c8805e04,baseline,train,601,123,easy,5,5,0.1,0.95,0.05,default,100,3.0,8,1,1,0,0,0.0011151000071549788,
baseline_123_c8805e04,baseline,train,602,123,easy,5,5,0.1,0.95,0.05,default,100,0.0,11,1,1,0,0,0.0013571999879786745,
baseline_123_c8805e04,baseline,train,603,123,easy,5,5,0.1,0.95,0.05,default,100,3.0,8,1,1,0,0,0.0010990000009769574,
baseline_123_c8805e04,baseline,train,604,123,easy,5,5,0.1,0.95,0.05,default,100,3.0,8,1,1,0,0,0.001021600008243695,
baseline_123_c8805e04,baseline,train,605,123,easy,5,5,0.1,0.95,0.05,default,100,3.0,8,1,1,0,0,0.0010922999936155975,
baseline_123_c8805e04,baseline,train,606,123,easy,5,5,0.1,0.95,0.05,default,100,1.0,10,1,1,0,0,0.0012138000020058826,
baseline_123_c8805e04,baseline,train,607,123,easy,5,5,0.1,0.95,0.05,default,100,3.0,8,1,1,0,0,0.001086599993868731,
baseline_123_c8805e04,baseline,train,608,123,easy,5,5,0.1,0.95,0.05,default,100,3.0,8,1,1,0,0,0.0010886999953072518,
baseline_123_c8805e04,baseline,train,609,123,easy,5,5,0.1,0.95,0.05,default,100,1.0,10,1,1,0,0,0.0012654999882215634,
baseline_123_c8805e04,baseline,train,610,123,easy,5,5,0.1,0.95,0.05,default,100,3.0,8,1,1,0,0,0.0011584000021684915,
baseline_123_c8805e04,baseline,train,611,123,easy,5,5,0.1,0.95,0.05,default,100,3.0,8,1,1,0,0,0.001066900003934279,
baseline_123_c8805e04,baseline,train,612,123,easy,5,5,0.1,0.95,0.05,default,100,3.0,8,1,1,0,0,0.0010817000002134591,
baseline_123_c8805e04,baseline,train,613,123,easy,5,5,0.1,0.95,0.05,default,100,1.0,10,1,1,0,0,0.0011938999959966168,
baseline_123_c8805e04,baseline,train,614,123,easy,5,5,0.1,0.95,0.05,default,100,3.0,8,1,1,0,0,0.0010664999863365665,
baseline_123_c8805e04,baseline,train,615,123,easy,5,5,0.1,0.95,0.05,default,100,3.0,8,1,1,0,0,0.001051200000802055,
baseline_123_c8805e04,baseline,train,616,123,easy,5,5,0.1,0.95,0.05,default,100,2.0,9,1,1,0,0,0.0011353999871062115,
baseline_123_c8805e04,baseline,train,617,123,easy,5,5,0.1,0.95,0.05,default,100,3.0,8,1,1,0,0,0.0010671000054571778,
baseline_123_c8805e04,baseline,train,618,123,easy,5,5,0.1,0.95,0.05,default,100,2.0,9,1,1,0,0,0.0011437000066507608,
baseline_123_c8805e04,baseline,train,619,123,easy,5,5,0.1,0.95,0.05,default,100,1.0,10,1,1,0,0,0.0012537000002339482,
baseline_123_c8805e04,baseline,train,620,123,easy,5,5,0.1,0.95,0.05,default,100,2.0,9,1,1,0,0,0.0011297000019112602,
baseline_123_c8805e04,baseline,train,621,123,easy,5,5,0.1,0.95,0.05,default,100,3.0,8,1,1,0,0,0.001110600001993589,
baseline_123_c8805e04,baseline,train,622,123,easy,5,5,0.1,0.95,0.05,default,100,3.0,8,1,1,0,0,0.0010742000013124198,
baseline_123_c8805e04,baseline,train,623,123,easy,5,5,0.1,0.95,0.05,default,100,3.0,8,1,1,0,0,0.0010909999982686713,
baseline_123_c8805e04,baseline,train,624,123,easy,5,5,0.1,0.95,0.05,default,100,3.0,8,1,1,0,0,0.0010238999966531992,
baseline_123_c8805e04,baseline,train,625,123,easy,5,5,0.1,0.95,0.05,default,100,3.0,8,1,1,0,0,0.0010818000009749085,
baseline_123_c8805e04,baseline,train,626,123,easy,5,5,0.1,0.95,0.05,default,100,3.0,8,1,1,0,0,0.0010713000083342195,
baseline_123_c8805e04,baseline,train,627,123,easy,5,5,0.1,0.95,0.05,default,100,3.0,8,1,1,0,0,0.0010892999998759478,
baseline_123_c8805e04,baseline,train,628,123,easy,5,5,0.1,0.95,0.05,default,100,1.0,10,1,1,0,0,0.001334800006588921,
baseline_123_c8805e04,baseline,train,629,123,easy,5,5,0.1,0.95,0.05,default,100,3.0,8,1,1,0,0,0.001028099999530241,
baseline_123_c8805e04,baseline,train,630,123,easy,5,5,0.1,0.95,0.05,default,100,3.0,8,1,1,0,0,0.0010790999949676916,
baseline_123_c8805e04,baseline,train,631,123,easy,5,5,0.1,0.95,0.05,default,100,3.0,8,1,1,0,0,0.0010781000019051135,
baseline_123_c8805e04,baseline,train,632,123,easy,5,5,0.1,0.95,0.05,default,100,3.0,8,1,1,0,0,0.0011038999946322292,
baseline_123_c8805e04,baseline,train,633,123,easy,5,5,0.1,0.95,0.05,default,100,3.0,8,1,1,0,0,0.0010642000124789774,
baseline_123_c8805e04,baseline,train,634,123,easy,5,5,0.1,0.95,0.05,default,100,3.0,8,1,1,0,0,0.001083499999367632,
baseline_123_c8805e04,baseline,train,635,123,easy,5,5,0.1,0.95,0.05,default,100,3.0,8,1,1,0,0,0.0010601999965729192,
baseline_123_c8805e04,baseline,train,636,123,easy,5,5,0.1,0.95,0.05,default,100,3.0,8,1,1,0,0,0.0010813999979291111,
baseline_123_c8805e04,baseline,train,637,123,easy,5,5,0.1,0.95,0.05,default,100,3.0,8,1,1,0,0,0.0010779000003822148,
baseline_123_c8805e04,baseline,train,638,123,easy,5,5,0.1,0.95,0.05,default,100,1.0,10,1,1,0,0,0.001269000000320375,
baseline_123_c8805e04,baseline,train,639,123,easy,5,5,0.1,0.95,0.05,default,100,3.0,8,1,1,0,0,0.0010788000072352588,
baseline_123_c8805e04,baseline,train,640,123,easy,5,5,0.1,0.95,0.05,default,100,3.0,8,1,1,0,0,0.0010708000045269728,
baseline_123_c8805e04,baseline,train,641,123,easy,5,5,0.1,0.95,0.05,default,100,3.0,8,1,1,0,0,0.0010902000067289919,
baseline_123_c8805e04,baseline,train,642,123,easy,5,5,0.1,0.95,0.05,default,100,2.0,9,1,1,0,0,0.001099200002499856,
baseline_123_c8805e04,baseline,train,643,123,easy,5,5,0.1,0.95,0.05,default,100,3.0,8,1,1,0,0,0.001078899993444793,
baseline_123_c8805e04,baseline,train,644,123,easy,5,5,0.1,0.95,0.05,default,100,3.0,8,1,1,0,0,0.0010534000030020252,
baseline_123_c8805e04,baseline,train,645,123,easy,5,5,0.1,0.95,0.05,default,100,3.0,8,1,1,0,0,0.0010906000097747892,
baseline_123_c8805e04,baseline,train,646,123,easy,5,5,0.1,0.95,0.05,default,100,3.0,8,1,1,0,0,0.0010123999963980168,
baseline_123_c8805e04,baseline,train,647,123,easy,5,5,0.1,0.95,0.05,default,100,2.0,9,1,1,0,0,0.0012482000020099804,
baseline_123_c8805e04,baseline,train,648,123,easy,5,5,0.1,0.95,0.05,default,100,3.0,8,1,1,0,0,0.001088700009859167,
baseline_123_c8805e04,baseline,train,649,123,easy,5,5,0.1,0.95,0.05,default,100,2.0,9,1,1,0,0,0.0011330999986967072,
baseline_123_c8805e04,baseline,train,650,123,easy,5,5,0.1,0.95,0.05,default,100,3.0,8,1,1,0,0,0.0011041999969165772,
baseline_123_c8805e04,baseline,train,651,123,easy,5,5,0.1,0.95,0.05,default,100,3.0,8,1,1,0,0,0.0010898000036831945,
baseline_123_c8805e04,baseline,train,652,123,easy,5,5,0.1,0.95,0.05,default,100,2.0,9,1,1,0,0,0.0011544000008143485,
baseline_123_c8805e04,baseline,train,653,123,easy,5,5,0.1,0.95,0.05,default,100,2.0,9,1,1,0,0,0.0010977999918395653,
baseline_123_c8805e04,baseline,train,654,123,easy,5,5,0.1,0.95,0.05,default,100,1.0,10,1,1,0,0,0.0014863999967928976,
baseline_123_c8805e04,baseline,train,655,123,easy,5,5,0.1,0.95,0.05,default,100,3.0,8,1,1,0,0,0.0012170999980298802,
baseline_123_c8805e04,baseline,train,656,123,easy,5,5,0.1,0.95,0.05,default,100,1.0,10,1,1,0,0,0.0012728000001516193,
baseline_123_c8805e04,baseline,train,657,123,easy,5,5,0.1,0.95,0.05,default,100,3.0,8,1,1,0,0,0.0011111000058008358,
baseline_123_c8805e04,baseline,train,658,123,easy,5,5,0.1,0.95,0.05,default,100,3.0,8,1,1,0,0,0.001065600008587353,
baseline_123_c8805e04,baseline,train,659,123,easy,5,5,0.1,0.95,0.05,default,100,3.0,8,1,1,0,0,0.0011353000008966774,
baseline_123_c8805e04,baseline,train,660,123,easy,5,5,0.1,0.95,0.05,default,100,1.0,10,1,1,0,0,0.0012784999998984858,
baseline_123_c8805e04,baseline,train,661,123,easy,5,5,0.1,0.95,0.05,default,100,3.0,8,1,1,0,0,0.0010978000063914806,
baseline_123_c8805e04,baseline,train,662,123,easy,5,5,0.1,0.95,0.05,default,100,3.0,8,1,1,0,0,0.0010896000021602958,
baseline_123_c8805e04,baseline,train,663,123,easy,5,5,0.1,0.95,0.05,default,100,1.0,10,1,1,0,0,0.0012541999894892797,
baseline_123_c8805e04,baseline,train,664,123,easy,5,5,0.1,0.95,0.05,default,100,2.0,9,1,1,0,0,0.0012101000029360875,
baseline_123_c8805e04,baseline,train,665,123,easy,5,5,0.1,0.95,0.05,default,100,2.0,9,1,1,0,0,0.0011515999940456823,
baseline_123_c8805e04,baseline,train,666,123,easy,5,5,0.1,0.95,0.05,default,100,3.0,8,1,1,0,0,0.0010940999927697703,
baseline_123_c8805e04,baseline,train,667,123,easy,5,5,0.1,0.95,0.05,default,100,3.0,8,1,1,0,0,0.0010799000010592863,
baseline_123_c8805e04,baseline,train,668,123,easy,5,5,0.1,0.95,0.05,default,100,1.0,10,1,1,0,0,0.00126530000125058,
baseline_123_c8805e04,baseline,train,669,123,easy,5,5,0.1,0.95,0.05,default,100,3.0,8,1,1,0,0,0.0010877999884542078,
baseline_123_c8805e04,baseline,train,670,123,easy,5,5,0.1,0.95,0.05,default,100,3.0,8,1,1,0,0,0.001068400000804104,
baseline_123_c8805e04,baseline,train,671,123,easy,5,5,0.1,0.95,0.05,default,100,2.0,9,1,1,0,0,0.001160700005129911,
baseline_123_c8805e04,baseline,train,672,123,easy,5,5,0.1,0.95,0.05,default,100,3.0,8,1,1,0,0,0.0010876000014832243,
baseline_123_c8805e04,baseline,train,673,123,easy,5,5,0.1,0.95,0.05,default,100,3.0,8,1,1,0,0,0.0011484999995445833,
baseline_123_c8805e04,baseline,train,674,123,easy,5,5,0.1,0.95,0.05,default,100,3.0,8,1,1,0,0,0.0010895000013988465,
baseline_123_c8805e04,baseline,train,675,123,easy,5,5,0.1,0.95,0.05,default,100,3.0,8,1,1,0,0,0.0010614000057103112,
baseline_123_c8805e04,baseline,train,676,123,easy,5,5,0.1,0.95,0.05,default,100,3.0,8,1,1,0,0,0.0010689000046113506,
baseline_123_c8805e04,baseline,train,677,123,easy,5,5,0.1,0.95,0.05,default,100,3.0,8,1,1,0,0,0.0011115000088466331,
baseline_123_c8805e04,baseline,train,678,123,easy,5,5,0.1,0.95,0.05,default,100,3.0,8,1,1,0,0,0.0010823999909916893,
baseline_123_c8805e04,baseline,train,679,123,easy,5,5,0.1,0.95,0.05,default,100,3.0,8,1,1,0,0,0.0010596000065561384,
baseline_123_c8805e04,baseline,train,680,123,easy,5,5,0.1,0.95,0.05,default,100,2.0,9,1,1,0,0,0.0011478999949758872,
baseline_123_c8805e04,baseline,train,681,123,easy,5,5,0.1,0.95,0.05,default,100,2.0,9,1,1,0,0,0.0011681999894790351,
baseline_123_c8805e04,baseline,train,682,123,easy,5,5,0.1,0.95,0.05,default,100,3.0,8,1,1,0,0,0.001118899992434308,
baseline_123_c8805e04,baseline,train,683,123,easy,5,5,0.1,0.95,0.05,default,100,3.0,8,1,1,0,0,0.001017699993099086,
baseline_123_c8805e04,baseline,train,684,123,easy,5,5,0.1,0.95,0.05,default,100,3.0,8,1,1,0,0,0.0011341000063112006,
baseline_123_c8805e04,baseline,train,685,123,easy,5,5,0.1,0.95,0.05,default,100,2.0,9,1,1,0,0,0.0011559999984456226,
baseline_123_c8805e04,baseline,train,686,123,easy,5,5,0.1,0.95,0.05,default,100,3.0,8,1,1,0,0,0.0010518999915802851,
baseline_123_c8805e04,baseline,train,687,123,easy,5,5,0.1,0.95,0.05,default,100,3.0,8,1,1,0,0,0.0010873999999603257,
baseline_123_c8805e04,baseline,train,688,123,easy,5,5,0.1,0.95,0.05,default,100,3.0,8,1,1,0,0,0.0010646000009728596,
baseline_123_c8805e04,baseline,train,689,123,easy,5,5,0.1,0.95,0.05,default,100,3.0,8,1,1,0,0,0.0010722000006353483,
baseline_123_c8805e04,baseline,train,690,123,easy,5,5,0.1,0.95,0.05,default,100,1.0,10,1,1,0,0,0.0011961999989580363,
baseline_123_c8805e04,baseline,train,691,123,easy,5,5,0.1,0.95,0.05,default,100,3.0,8,1,1,0,0,0.0009827000030782074,
baseline_123_c8805e04,baseline,train,692,123,easy,5,5,0.1,0.95,0.05,default,100,1.0,10,1,1,0,0,0.0012415999954100698,
baseline_123_c8805e04,baseline,train,693,123,easy,5,5,0.1,0.95,0.05,default,100,2.0,9,1,1,0,0,0.001141300002927892,
baseline_123_c8805e04,baseline,train,694,123,easy,5,5,0.1,0.95,0.05,default,100,3.0,8,1,1,0,0,0.0010763000027509406,
baseline_123_c8805e04,baseline,train,695,123,easy,5,5,0.1,0.95,0.05,default,100,2.0,9,1,1,0,0,0.0011924999998882413,
baseline_123_c8805e04,baseline,train,696,123,easy,5,5,0.1,0.95,0.05,default,100,3.0,8,1,1,0,0,0.0010743000020738691,
baseline_123_c8805e04,baseline,train,697,123,easy,5,5,0.1,0.95,0.05,default,100,2.0,9,1,1,0,0,0.0011383000091882423,
baseline_123_c8805e04,baseline,train,698,123,easy,5,5,0.1,0.95,0.05,default,100,-1.0,12,1,1,0,0,0.0014503999991575256,
baseline_123_c8805e04,baseline,train,699,123,easy,5,5,0.1,0.95,0.05,default,100,3.0,8,1,1,0,0,0.0010499000054551288,
baseline_123_c8805e04,baseline,train,700,123,easy,5,5,0.1,0.95,0.05,default,100,3.0,8,1,1,0,0,0.0010734999959822744,
baseline_123_c8805e04,baseline,train,701,123,easy,5,5,0.1,0.95,0.05,default,100,3.0,8,1,1,0,0,0.0010916000028373674,
baseline_123_c8805e04,baseline,train,702,123,easy,5,5,0.1,0.95,0.05,default,100,3.0,8,1,1,0,0,0.0010796999995363876,
baseline_123_c8805e04,baseline,train,703,123,easy,5,5,0.1,0.95,0.05,default,100,3.0,8,1,1,0,0,0.0010900000052060932,
baseline_123_c8805e04,baseline,train,704,123,easy,5,5,0.1,0.95,0.05,default,100,1.0,10,1,1,0,0,0.0012482000020099804,
baseline_123_c8805e04,baseline,train,705,123,easy,5,5,0.1,0.95,0.05,default,100,3.0,8,1,1,0,0,0.0010779000003822148,
baseline_123_c8805e04,baseline,train,706,123,easy,5,5,0.1,0.95,0.05,default,100,3.0,8,1,1,0,0,0.0010628000018186867,
baseline_123_c8805e04,baseline,train,707,123,easy,5,5,0.1,0.95,0.05,default,100,3.0,8,1,1,0,0,0.0010793999972520396,
baseline_123_c8805e04,baseline,train,708,123,easy,5,5,0.1,0.95,0.05,default,100,3.0,8,1,1,0,0,0.0010671000054571778,
baseline_123_c8805e04,baseline,train,709,123,easy,5,5,0.1,0.95,0.05,default,100,3.0,8,1,1,0,0,0.001075499996659346,
baseline_123_c8805e04,baseline,train,710,123,easy,5,5,0.1,0.95,0.05,default,100,3.0,8,1,1,0,0,0.0010845000069821253,
baseline_123_c8805e04,baseline,train,711,123,easy,5,5,0.1,0.95,0.05,default,100,1.0,10,1,1,0,0,0.0012704999971901998,
baseline_123_c8805e04,baseline,train,712,123,easy,5,5,0.1,0.95,0.05,default,100,3.0,8,1,1,0,0,0.0010830999963218346,
baseline_123_c8805e04,baseline,train,713,123,easy,5,5,0.1,0.95,0.05,default,100,3.0,8,1,1,0,0,0.0010883000068133697,
baseline_123_c8805e04,baseline,train,714,123,easy,5,5,0.1,0.95,0.05,default,100,3.0,8,1,1,0,0,0.0010856000008061528,
baseline_123_c8805e04,baseline,train,715,123,easy,5,5,0.1,0.95,0.05,default,100,3.0,8,1,1,0,0,0.0010565999982645735,
baseline_123_c8805e04,baseline,train,716,123,easy,5,5,0.1,0.95,0.05,default,100,3.0,8,1,1,0,0,0.0010103999957209453,
baseline_123_c8805e04,baseline,train,717,123,easy,5,5,0.1,0.95,0.05,default,100,3.0,8,1,1,0,0,0.0010611000034259632,
baseline_123_c8805e04,baseline,train,718,123,easy,5,5,0.1,0.95,0.05,default,100,3.0,8,1,1,0,0,0.0010679999977583066,
baseline_123_c8805e04,baseline,train,719,123,easy,5,5,0.1,0.95,0.05,default,100,3.0,8,1,1,0,0,0.0010436000011395663,
baseline_123_c8805e04,baseline,train,720,123,easy,5,5,0.1,0.95,0.05,default,100,3.0,8,1,1,0,0,0.0010906000097747892,
baseline_123_c8805e04,baseline,train,721,123,easy,5,5,0.1,0.95,0.05,default,100,1.0,10,1,1,0,0,0.0012791000044671819,
baseline_123_c8805e04,baseline,train,722,123,easy,5,5,0.1,0.95,0.05,default,100,3.0,8,1,1,0,0,0.0010812999971676618,
baseline_123_c8805e04,baseline,train,723,123,easy,5,5,0.1,0.95,0.05,default,100,3.0,8,1,1,0,0,0.0010830000101123005,
baseline_123_c8805e04,baseline,train,724,123,easy,5,5,0.1,0.95,0.05,default,100,3.0,8,1,1,0,0,0.0010547999991104007,
baseline_123_c8805e04,baseline,train,725,123,easy,5,5,0.1,0.95,0.05,default,100,3.0,8,1,1,0,0,0.0010766999912448227,
baseline_123_c8805e04,baseline,train,726,123,easy,5,5,0.1,0.95,0.05,default,100,3.0,8,1,1,0,0,0.001059200003510341,
baseline_123_c8805e04,baseline,train,727,123,easy,5,5,0.1,0.95,0.05,default,100,3.0,8,1,1,0,0,0.0010805000056279823,
baseline_123_c8805e04,baseline,train,728,123,easy,5,5,0.1,0.95,0.05,default,100,3.0,8,1,1,0,0,0.0010600999958114699,
baseline_123_c8805e04,baseline,train,729,123,easy,5,5,0.1,0.95,0.05,default,100,3.0,8,1,1,0,0,0.0010741000005509704,
baseline_123_c8805e04,baseline,train,730,123,easy,5,5,0.1,0.95,0.05,default,100,3.0,8,1,1,0,0,0.0010547999991104007,
baseline_123_c8805e04,baseline,train,731,123,easy,5,5,0.1,0.95,0.05,default,100,3.0,8,1,1,0,0,0.001095200001145713,
baseline_123_c8805e04,baseline,train,732,123,easy,5,5,0.1,0.95,0.05,default,100,3.0,8,1,1,0,0,0.0010654999932739884,
baseline_123_c8805e04,baseline,train,733,123,easy,5,5,0.1,0.95,0.05,default,100,1.0,10,1,1,0,0,0.0013061000063316897,
baseline_123_c8805e04,baseline,train,734,123,easy,5,5,0.1,0.95,0.05,default,100,3.0,8,1,1,0,0,0.0010884999937843531,
baseline_123_c8805e04,baseline,train,735,123,easy,5,5,0.1,0.95,0.05,default,100,3.0,8,1,1,0,0,0.0010677000100258738,
baseline_123_c8805e04,baseline,train,736,123,easy,5,5,0.1,0.95,0.05,default,100,3.0,8,1,1,0,0,0.001078899993444793,
baseline_123_c8805e04,baseline,train,737,123,easy,5,5,0.1,0.95,0.05,default,100,3.0,8,1,1,0,0,0.0010722000006353483,
baseline_123_c8805e04,baseline,train,738,123,easy,5,5,0.1,0.95,0.05,default,100,2.0,9,1,1,0,0,0.001150299998698756,
baseline_123_c8805e04,baseline,train,739,123,easy,5,5,0.1,0.95,0.05,default,100,3.0,8,1,1,0,0,0.0010231000051135197,
baseline_123_c8805e04,baseline,train,740,123,easy,5,5,0.1,0.95,0.05,default,100,3.0,8,1,1,0,0,0.0010800000018207356,
baseline_123_c8805e04,baseline,train,741,123,easy,5,5,0.1,0.95,0.05,default,100,3.0,8,1,1,0,0,0.001080100002582185,
baseline_123_c8805e04,baseline,train,742,123,easy,5,5,0.1,0.95,0.05,default,100,3.0,8,1,1,0,0,0.0010796999995363876,
baseline_123_c8805e04,baseline,train,743,123,easy,5,5,0.1,0.95,0.05,default,100,2.0,9,1,1,0,0,0.001152400000137277,
baseline_123_c8805e04,baseline,train,744,123,easy,5,5,0.1,0.95,0.05,default,100,3.0,8,1,1,0,0,0.001015800007735379,
baseline_123_c8805e04,baseline,train,745,123,easy,5,5,0.1,0.95,0.05,default,100,3.0,8,1,1,0,0,0.0010763999889604747,
baseline_123_c8805e04,baseline,train,746,123,easy,5,5,0.1,0.95,0.05,default,100,3.0,8,1,1,0,0,0.0010590000019874424,
baseline_123_c8805e04,baseline,train,747,123,easy,5,5,0.1,0.95,0.05,default,100,3.0,8,1,1,0,0,0.0010657999955583364,
baseline_123_c8805e04,baseline,train,748,123,easy,5,5,0.1,0.95,0.05,default,100,3.0,8,1,1,0,0,0.001060100010363385,
baseline_123_c8805e04,baseline,train,749,123,easy,5,5,0.1,0.95,0.05,default,100,3.0,8,1,1,0,0,0.0010944999958155677,
baseline_123_c8805e04,baseline,train,750,123,easy,5,5,0.1,0.95,0.05,default,100,3.0,8,1,1,0,0,0.0010573000035947189,
baseline_123_c8805e04,baseline,train,751,123,easy,5,5,0.1,0.95,0.05,default,100,2.0,9,1,1,0,0,0.001148099996498786,
baseline_123_c8805e04,baseline,train,752,123,easy,5,5,0.1,0.95,0.05,default,100,3.0,8,1,1,0,0,0.0010630000033415854,
baseline_123_c8805e04,baseline,train,753,123,easy,5,5,0.1,0.95,0.05,default,100,3.0,8,1,1,0,0,0.0010710999922594056,
baseline_123_c8805e04,baseline,train,754,123,easy,5,5,0.1,0.95,0.05,default,100,3.0,8,1,1,0,0,0.0010855000000447035,
baseline_123_c8805e04,baseline,train,755,123,easy,5,5,0.1,0.95,0.05,default,100,3.0,8,1,1,0,0,0.001082899994798936,
baseline_123_c8805e04,baseline,train,756,123,easy,5,5,0.1,0.95,0.05,default,100,2.0,9,1,1,0,0,0.0011486000003060326,
baseline_123_c8805e04,baseline,train,757,123,easy,5,5,0.1,0.95,0.05,default,100,3.0,8,1,1,0,0,0.0010697999969124794,
baseline_123_c8805e04,baseline,train,758,123,easy,5,5,0.1,0.95,0.05,default,100,2.0,9,1,1,0,0,0.0011412000021664426,
baseline_123_c8805e04,baseline,train,759,123,easy,5,5,0.1,0.95,0.05,default,100,3.0,8,1,1,0,0,0.0010872999991988763,
baseline_123_c8805e04,baseline,train,760,123,easy,5,5,0.1,0.95,0.05,default,100,3.0,8,1,1,0,0,0.0010750000074040145,
baseline_123_c8805e04,baseline,train,761,123,easy,5,5,0.1,0.95,0.05,default,100,0.0,11,1,1,0,0,0.001247199994395487,
baseline_123_c8805e04,baseline,train,762,123,easy,5,5,0.1,0.95,0.05,default,100,3.0,8,1,1,0,0,0.0010888999968301505,
baseline_123_c8805e04,baseline,train,763,123,easy,5,5,0.1,0.95,0.05,default,100,2.0,9,1,1,0,0,0.001084400006220676,
baseline_123_c8805e04,baseline,train,764,123,easy,5,5,0.1,0.95,0.05,default,100,3.0,8,1,1,0,0,0.001069999998435378,
baseline_123_c8805e04,baseline,train,765,123,easy,5,5,0.1,0.95,0.05,default,100,3.0,8,1,1,0,0,0.001081000009435229,
baseline_123_c8805e04,baseline,train,766,123,easy,5,5,0.1,0.95,0.05,default,100,3.0,8,1,1,0,0,0.00106969999615103,
baseline_123_c8805e04,baseline,train,767,123,easy,5,5,0.1,0.95,0.05,default,100,2.0,9,1,1,0,0,0.0011929000029340386,
baseline_123_c8805e04,baseline,train,768,123,easy,5,5,0.1,0.95,0.05,default,100,3.0,8,1,1,0,0,0.0010695999953895807,
baseline_123_c8805e04,baseline,train,769,123,easy,5,5,0.1,0.95,0.05,default,100,3.0,8,1,1,0,0,0.0010762000019894913,
baseline_123_c8805e04,baseline,train,770,123,easy,5,5,0.1,0.95,0.05,default,100,1.0,10,1,1,0,0,0.001241000005393289,
baseline_123_c8805e04,baseline,train,771,123,easy,5,5,0.1,0.95,0.05,default,100,3.0,8,1,1,0,0,0.0010781000019051135,
baseline_123_c8805e04,baseline,train,772,123,easy,5,5,0.1,0.95,0.05,default,100,0.0,11,1,1,0,0,0.0012941000022692606,
baseline_123_c8805e04,baseline,train,773,123,easy,5,5,0.1,0.95,0.05,default,100,3.0,8,1,1,0,0,0.0010930999997071922,
baseline_123_c8805e04,baseline,train,774,123,easy,5,5,0.1,0.95,0.05,default,100,1.0,10,1,1,0,0,0.0012429000053089112,
baseline_123_c8805e04,baseline,train,775,123,easy,5,5,0.1,0.95,0.05,default,100,3.0,8,1,1,0,0,0.0010533000022405759,
baseline_123_c8805e04,baseline,train,776,123,easy,5,5,0.1,0.95,0.05,default,100,3.0,8,1,1,0,0,0.0010405000066384673,
baseline_123_c8805e04,baseline,train,777,123,easy,5,5,0.1,0.95,0.05,default,100,2.0,9,1,1,0,0,0.0011427999997977167,
baseline_123_c8805e04,baseline,train,778,123,easy,5,5,0.1,0.95,0.05,default,100,3.0,8,1,1,0,0,0.001087500000721775,
baseline_123_c8805e04,baseline,train,779,123,easy,5,5,0.1,0.95,0.05,default,100,2.0,9,1,1,0,0,0.0011324999941280112,
baseline_123_c8805e04,baseline,train,780,123,easy,5,5,0.1,0.95,0.05,default,100,3.0,8,1,1,0,0,0.0010697000107029453,
baseline_123_c8805e04,baseline,train,781,123,easy,5,5,0.1,0.95,0.05,default,100,3.0,8,1,1,0,0,0.0010711999930208549,
baseline_123_c8805e04,baseline,train,782,123,easy,5,5,0.1,0.95,0.05,default,100,3.0,8,1,1,0,0,0.0010849999962374568,
baseline_123_c8805e04,baseline,train,783,123,easy,5,5,0.1,0.95,0.05,default,100,3.0,8,1,1,0,0,0.0010674999939510599,
baseline_123_c8805e04,baseline,train,784,123,easy,5,5,0.1,0.95,0.05,default,100,3.0,8,1,1,0,0,0.001054500011377968,
baseline_123_c8805e04,baseline,train,785,123,easy,5,5,0.1,0.95,0.05,default,100,3.0,8,1,1,0,0,0.001133699988713488,
baseline_123_c8805e04,baseline,train,786,123,easy,5,5,0.1,0.95,0.05,default,100,3.0,8,1,1,0,0,0.0010602999973343685,
baseline_123_c8805e04,baseline,train,787,123,easy,5,5,0.1,0.95,0.05,default,100,3.0,8,1,1,0,0,0.0010742000013124198,
baseline_123_c8805e04,baseline,train,788,123,easy,5,5,0.1,0.95,0.05,default,100,3.0,8,1,1,0,0,0.0010569000005489215,
baseline_123_c8805e04,baseline,train,789,123,easy,5,5,0.1,0.95,0.05,default,100,2.0,9,1,1,0,0,0.0011381000076653436,
baseline_123_c8805e04,baseline,train,790,123,easy,5,5,0.1,0.95,0.05,default,100,2.0,9,1,1,0,0,0.001120499990065582,
baseline_123_c8805e04,baseline,train,791,123,easy,5,5,0.1,0.95,0.05,default,100,3.0,8,1,1,0,0,0.0010667000024113804,
baseline_123_c8805e04,baseline,train,792,123,easy,5,5,0.1,0.95,0.05,default,100,0.0,11,1,1,0,0,0.0013225000002421439,
baseline_123_c8805e04,baseline,train,793,123,easy,5,5,0.1,0.95,0.05,default,100,3.0,8,1,1,0,0,0.0010723000013967976,
baseline_123_c8805e04,baseline,train,794,123,easy,5,5,0.1,0.95,0.05,default,100,3.0,8,1,1,0,0,0.0011037000076612458,
baseline_123_c8805e04,baseline,train,795,123,easy,5,5,0.1,0.95,0.05,default,100,3.0,8,1,1,0,0,0.0010513000015635043,
baseline_123_c8805e04,baseline,train,796,123,easy,5,5,0.1,0.95,0.05,default,100,2.0,9,1,1,0,0,0.0011464999988675117,
baseline_123_c8805e04,baseline,train,797,123,easy,5,5,0.1,0.95,0.05,default,100,1.0,10,1,1,0,0,0.0012515999987954274,
baseline_123_c8805e04,baseline,train,798,123,easy,5,5,0.1,0.95,0.05,default,100,2.0,9,1,1,0,0,0.0011559999984456226,
baseline_123_c8805e04,baseline,train,799,123,easy,5,5,0.1,0.95,0.05,default,100,3.0,8,1,1,0,0,0.0010824000055436045,
baseline_123_c8805e04,baseline,train,800,123,easy,5,5,0.1,0.95,0.05,default,100,3.0,8,1,1,0,0,0.0010734999959822744,results\baseline\seed_123\qtable_ep800.npz
baseline_123_c8805e04,baseline,eval,1,123,easy,5,5,0.1,0.95,0.0,default,100,-100.0,100,0,0,1,0,,
baseline_123_c8805e04,baseline,eval,2,123,easy,5,5,0.1,0.95,0.0,default,100,-100.0,100,0,0,1,0,,
baseline_123_c8805e04,baseline,eval,3,123,easy,5,5,0.1,0.95,0.0,default,100,-100.0,100,0,0,1,0,,
baseline_123_c8805e04,baseline,eval,4,123,easy,5,5,0.1,0.95,0.0,default,100,-100.0,100,0,0,1,0,,
baseline_123_c8805e04,baseline,eval,5,123,easy,5,5,0.1,0.95,0.0,default,100,-100.0,100,0,0,1,0,,
baseline_123_c8805e04,baseline,eval,6,123,easy,5,5,0.1,0.95,0.0,default,100,-100.0,100,0,0,1,0,,
baseline_123_c8805e04,baseline,eval,7,123,easy,5,5,0.1,0.95,0.0,default,100,-100.0,100,0,0,1,0,,
baseline_123_c8805e04,baseline,eval,8,123,easy,5,5,0.1,0.95,0.0,default,100,-100.0,100,0,0,1,0,,
baseline_123_c8805e04,baseline,eval,9,123,easy,5,5,0.1,0.95,0.0,default,100,-100.0,100,0,0,1,0,,
baseline_123_c8805e04,baseline,eval,10,123,easy,5,5,0.1,0.95,0.0,default,100,-100.0,100,0,0,1,0,,
baseline_123_c8805e04,baseline,eval,1,123,easy,5,5,0.1,0.95,0.0,default,100,-100.0,100,0,0,1,0,,
baseline_123_c8805e04,baseline,eval,2,123,easy,5,5,0.1,0.95,0.0,default,100,-100.0,100,0,0,1,0,,
baseline_123_c8805e04,baseline,eval,3,123,easy,5,5,0.1,0.95,0.0,default,100,-100.0,100,0,0,1,0,,
baseline_123_c8805e04,baseline,eval,4,123,easy,5,5,0.1,0.95,0.0,default,100,-100.0,100,0,0,1,0,,
baseline_123_c8805e04,baseline,eval,5,123,easy,5,5,0.1,0.95,0.0,default,100,-100.0,100,0,0,1,0,,
baseline_123_c8805e04,baseline,eval,6,123,easy,5,5,0.1,0.95,0.0,default,100,-100.0,100,0,0,1,0,,
baseline_123_c8805e04,baseline,eval,7,123,easy,5,5,0.1,0.95,0.0,default,100,-100.0,100,0,0,1,0,,
baseline_123_c8805e04,baseline,eval,8,123,easy,5,5,0.1,0.95,0.0,default,100,-100.0,100,0,0,1,0,,
baseline_123_c8805e04,baseline,eval,9,123,easy,5,5,0.1,0.95,0.0,default,100,-100.0,100,0,0,1,0,,
baseline_123_c8805e04,baseline,eval,10,123,easy,5,5,0.1,0.95,0.0,default,100,-100.0,100,0,0,1,0,,
baseline_123_c8805e04,baseline,eval,1,123,easy,5,5,0.1,0.95,0.0,default,100,3.0,8,1,1,0,0,,
baseline_123_c8805e04,baseline,eval,2,123,easy,5,5,0.1,0.95,0.0,default,100,3.0,8,1,1,0,0,,
baseline_123_c8805e04,baseline,eval,3,123,easy,5,5,0.1,0.95,0.0,default,100,3.0,8,1,1,0,0,,
baseline_123_c8805e04,baseline,eval,4,123,easy,5,5,0.1,0.95,0.0,default,100,3.0,8,1,1,0,0,,
baseline_123_c8805e04,baseline,eval,5,123,easy,5,5,0.1,0.95,0.0,default,100,3.0,8,1,1,0,0,,
baseline_123_c8805e04,baseline,eval,6,123,easy,5,5,0.1,0.95,0.0,default,100,3.0,8,1,1,0,0,,
baseline_123_c8805e04,baseline,eval,7,123,easy,5,5,0.1,0.95,0.0,default,100,3.0,8,1,1,0,0,,
baseline_123_c8805e04,baseline,eval,8,123,easy,5,5,0.1,0.95,0.0,default,100,3.0,8,1,1,0,0,,
baseline_123_c8805e04,baseline,eval,9,123,easy,5,5,0.1,0.95,0.0,default,100,3.0,8,1,1,0,0,,
baseline_123_c8805e04,baseline,eval,10,123,easy,5,5,0.1,0.95,0.0,default,100,3.0,8,1,1,0,0,,
baseline_123_c8805e04,baseline,eval,1,123,easy,5,5,0.1,0.95,0.0,default,100,3.0,8,1,1,0,0,,
baseline_123_c8805e04,baseline,eval,2,123,easy,5,5,0.1,0.95,0.0,default,100,3.0,8,1,1,0,0,,
baseline_123_c8805e04,baseline,eval,3,123,easy,5,5,0.1,0.95,0.0,default,100,3.0,8,1,1,0,0,,
baseline_123_c8805e04,baseline,eval,4,123,easy,5,5,0.1,0.95,0.0,default,100,3.0,8,1,1,0,0,,
baseline_123_c8805e04,baseline,eval,5,123,easy,5,5,0.1,0.95,0.0,default,100,3.0,8,1,1,0,0,,
baseline_123_c8805e04,baseline,eval,6,123,easy,5,5,0.1,0.95,0.0,default,100,3.0,8,1,1,0,0,,
baseline_123_c8805e04,baseline,eval,7,123,easy,5,5,0.1,0.95,0.0,default,100,3.0,8,1,1,0,0,,
baseline_123_c8805e04,baseline,eval,8,123,easy,5,5,0.1,0.95,0.0,default,100,3.0,8,1,1,0,0,,
baseline_123_c8805e04,baseline,eval,9,123,easy,5,5,0.1,0.95,0.0,default,100,3.0,8,1,1,0,0,,
baseline_123_c8805e04,baseline,eval,10,123,easy,5,5,0.1,0.95,0.0,default,100,3.0,8,1,1,0,0,,
baseline_123_c8805e04,baseline,eval,1,123,easy,5,5,0.1,0.95,0.0,default,100,3.0,8,1,1,0,0,,
baseline_123_c8805e04,baseline,eval,2,123,easy,5,5,0.1,0.95,0.0,default,100,3.0,8,1,1,0,0,,
baseline_123_c8805e04,baseline,eval,3,123,easy,5,5,0.1,0.95,0.0,default,100,3.0,8,1,1,0,0,,
baseline_123_c8805e04,baseline,eval,4,123,easy,5,5,0.1,0.95,0.0,default,100,3.0,8,1,1,0,0,,
baseline_123_c8805e04,baseline,eval,5,123,easy,5,5,0.1,0.95,0.0,default,100,3.0,8,1,1,0,0,,
baseline_123_c8805e04,baseline,eval,6,123,easy,5,5,0.1,0.95,0.0,default,100,3.0,8,1,1,0,0,,
baseline_123_c8805e04,baseline,eval,7,123,easy,5,5,0.1,0.95,0.0,default,100,3.0,8,1,1,0,0,,
baseline_123_c8805e04,baseline,eval,8,123,easy,5,5,0.1,0.95,0.0,default,100,3.0,8,1,1,0,0,,
baseline_123_c8805e04,baseline,eval,9,123,easy,5,5,0.1,0.95,0.0,default,100,3.0,8,1,1,0,0,,
baseline_123_c8805e04,baseline,eval,10,123,easy,5,5,0.1,0.95,0.0,default,100,3.0,8,1,1,0,0,,
baseline_123_c8805e04,baseline,eval,1,123,easy,5,5,0.1,0.95,0.0,default,100,3.0,8,1,1,0,0,,
baseline_123_c8805e04,baseline,eval,2,123,easy,5,5,0.1,0.95,0.0,default,100,3.0,8,1,1,0,0,,
baseline_123_c8805e04,baseline,eval,3,123,easy,5,5,0.1,0.95,0.0,default,100,3.0,8,1,1,0,0,,
baseline_123_c8805e04,baseline,eval,4,123,easy,5,5,0.1,0.95,0.0,default,100,3.0,8,1,1,0,0,,
baseline_123_c8805e04,baseline,eval,5,123,easy,5,5,0.1,0.95,0.0,default,100,3.0,8,1,1,0,0,,
baseline_123_c8805e04,baseline,eval,6,123,easy,5,5,0.1,0.95,0.0,default,100,3.0,8,1,1,0,0,,
baseline_123_c8805e04,baseline,eval,7,123,easy,5,5,0.1,0.95,0.0,default,100,3.0,8,1,1,0,0,,
baseline_123_c8805e04,baseline,eval,8,123,easy,5,5,0.1,0.95,0.0,default,100,3.0,8,1,1,0,0,,
baseline_123_c8805e04,baseline,eval,9,123,easy,5,5,0.1,0.95,0.0,default,100,3.0,8,1,1,0,0,,
baseline_123_c8805e04,baseline,eval,10,123,easy,5,5,0.1,0.95,0.0,default,100,3.0,8,1,1,0,0,,
baseline_123_c8805e04,baseline,eval,1,123,easy,5,5,0.1,0.95,0.0,default,100,3.0,8,1,1,0,0,,
baseline_123_c8805e04,baseline,eval,2,123,easy,5,5,0.1,0.95,0.0,default,100,3.0,8,1,1,0,0,,
baseline_123_c8805e04,baseline,eval,3,123,easy,5,5,0.1,0.95,0.0,default,100,3.0,8,1,1,0,0,,
baseline_123_c8805e04,baseline,eval,4,123,easy,5,5,0.1,0.95,0.0,default,100,3.0,8,1,1,0,0,,
baseline_123_c8805e04,baseline,eval,5,123,easy,5,5,0.1,0.95,0.0,default,100,3.0,8,1,1,0,0,,
baseline_123_c8805e04,baseline,eval,6,123,easy,5,5,0.1,0.95,0.0,default,100,3.0,8,1,1,0,0,,
baseline_123_c8805e04,baseline,eval,7,123,easy,5,5,0.1,0.95,0.0,default,100,3.0,8,1,1,0,0,,
baseline_123_c8805e04,baseline,eval,8,123,easy,5,5,0.1,0.95,0.0,default,100,3.0,8,1,1,0,0,,
baseline_123_c8805e04,baseline,eval,9,123,easy,5,5,0.1,0.95,0.0,default,100,3.0,8,1,1,0,0,,
baseline_123_c8805e04,baseline,eval,10,123,easy,5,5,0.1,0.95,0.0,default,100,3.0,8,1,1,0,0,,
baseline_123_c8805e04,baseline,eval,1,123,easy,5,5,0.1,0.95,0.0,default,100,3.0,8,1,1,0,0,,
baseline_123_c8805e04,baseline,eval,2,123,easy,5,5,0.1,0.95,0.0,default,100,3.0,8,1,1,0,0,,
baseline_123_c8805e04,baseline,eval,3,123,easy,5,5,0.1,0.95,0.0,default,100,3.0,8,1,1,0,0,,
baseline_123_c8805e04,baseline,eval,4,123,easy,5,5,0.1,0.95,0.0,default,100,3.0,8,1,1,0,0,,
baseline_123_c8805e04,baseline,eval,5,123,easy,5,5,0.1,0.95,0.0,default,100,3.0,8,1,1,0,0,,
baseline_123_c8805e04,baseline,eval,6,123,easy,5,5,0.1,0.95,0.0,default,100,3.0,8,1,1,0,0,,
baseline_123_c8805e04,baseline,eval,7,123,easy,5,5,0.1,0.95,0.0,default,100,3.0,8,1,1,0,0,,
baseline_123_c8805e04,baseline,eval,8,123,easy,5,5,0.1,0.95,0.0,default,100,3.0,8,1,1,0,0,,
baseline_123_c8805e04,baseline,eval,9,123,easy,5,5,0.1,0.95,0.0,default,100,3.0,8,1,1,0,0,,
baseline_123_c8805e04,baseline,eval,10,123,easy,5,5,0.1,0.95,0.0,default,100,3.0,8,1,1,0,0,,
baseline_123_c8805e04,baseline,eval,1,123,easy,5,5,0.1,0.95,0.0,default,100,3.0,8,1,1,0,0,,
baseline_123_c8805e04,baseline,eval,2,123,easy,5,5,0.1,0.95,0.0,default,100,3.0,8,1,1,0,0,,
baseline_123_c8805e04,baseline,eval,3,123,easy,5,5,0.1,0.95,0.0,default,100,3.0,8,1,1,0,0,,
baseline_123_c8805e04,baseline,eval,4,123,easy,5,5,0.1,0.95,0.0,default,100,3.0,8,1,1,0,0,,
baseline_123_c8805e04,baseline,eval,5,123,easy,5,5,0.1,0.95,0.0,default,100,3.0,8,1,1,0,0,,
baseline_123_c8805e04,baseline,eval,6,123,easy,5,5,0.1,0.95,0.0,default,100,3.0,8,1,1,0,0,,
baseline_123_c8805e04,baseline,eval,7,123,easy,5,5,0.1,0.95,0.0,default,100,3.0,8,1,1,0,0,,
baseline_123_c8805e04,baseline,eval,8,123,easy,5,5,0.1,0.95,0.0,default,100,3.0,8,1,1,0,0,,
baseline_123_c8805e04,baseline,eval,9,123,easy,5,5,0.1,0.95,0.0,default,100,3.0,8,1,1,0,0,,
baseline_123_c8805e04,baseline,eval,10,123,easy,5,5,0.1,0.95,0.0,default,100,3.0,8,1,1,0,0,,
baseline_123_c8805e04,baseline,eval,1,123,easy,5,5,0.1,0.95,0.0,default,100,3.0,8,1,1,0,0,,
baseline_123_c8805e04,baseline,eval,2,123,easy,5,5,0.1,0.95,0.0,default,100,3.0,8,1,1,0,0,,
baseline_123_c8805e04,baseline,eval,3,123,easy,5,5,0.1,0.95,0.0,default,100,3.0,8,1,1,0,0,,
baseline_123_c8805e04,baseline,eval,4,123,easy,5,5,0.1,0.95,0.0,default,100,3.0,8,1,1,0,0,,
baseline_123_c8805e04,baseline,eval,5,123,easy,5,5,0.1,0.95,0.0,default,100,3.0,8,1,1,0,0,,
baseline_123_c8805e04,baseline,eval,6,123,easy,5,5,0.1,0.95,0.0,default,100,3.0,8,1,1,0,0,,
baseline_123_c8805e04,baseline,eval,7,123,easy,5,5,0.1,0.95,0.0,default,100,3.0,8,1,1,0,0,,
baseline_123_c8805e04,baseline,eval,8,123,easy,5,5,0.1,0.95,0.0,default,100,3.0,8,1,1,0,0,,
baseline_123_c8805e04,baseline,eval,9,123,easy,5,5,0.1,0.95,0.0,default,100,3.0,8,1,1,0,0,,
baseline_123_c8805e04,baseline,eval,10,123,easy,5,5,0.1,0.95,0.0,default,100,3.0,8,1,1,0,0,,
baseline_123_c8805e04,baseline,eval,1,123,easy,5,5,0.1,0.95,0.0,default,100,3.0,8,1,1,0,0,,
baseline_123_c8805e04,baseline,eval,2,123,easy,5,5,0.1,0.95,0.0,default,100,3.0,8,1,1,0,0,,
baseline_123_c8805e04,baseline,eval,3,123,easy,5,5,0.1,0.95,0.0,default,100,3.0,8,1,1,0,0,,
baseline_123_c8805e04,baseline,eval,4,123,easy,5,5,0.1,0.95,0.0,default,100,3.0,8,1,1,0,0,,
baseline_123_c8805e04,baseline,eval,5,123,easy,5,5,0.1,0.95,0.0,default,100,3.0,8,1,1,0,0,,
baseline_123_c8805e04,baseline,eval,6,123,easy,5,5,0.1,0.95,0.0,default,100,3.0,8,1,1,0,0,,
baseline_123_c8805e04,baseline,eval,7,123,easy,5,5,0.1,0.95,0.0,default,100,3.0,8,1,1,0,0,,
baseline_123_c8805e04,baseline,eval,8,123,easy,5,5,0.1,0.95,0.0,default,100,3.0,8,1,1,0,0,,
baseline_123_c8805e04,baseline,eval,9,123,easy,5,5,0.1,0.95,0.0,default,100,3.0,8,1,1,0,0,,
baseline_123_c8805e04,baseline,eval,10,123,easy,5,5,0.1,0.95,0.0,default,100,3.0,8,1,1,0,0,,
baseline_123_c8805e04,baseline,eval,1,123,easy,5,5,0.1,0.95,0.0,default,100,3.0,8,1,1,0,0,,
baseline_123_c8805e04,baseline,eval,2,123,easy,5,5,0.1,0.95,0.0,default,100,3.0,8,1,1,0,0,,
baseline_123_c8805e04,baseline,eval,3,123,easy,5,5,0.1,0.95,0.0,default,100,3.0,8,1,1,0,0,,
baseline_123_c8805e04,baseline,eval,4,123,easy,5,5,0.1,0.95,0.0,default,100,3.0,8,1,1,0,0,,
baseline_123_c8805e04,baseline,eval,5,123,easy,5,5,0.1,0.95,0.0,default,100,3.0,8,1,1,0,0,,
baseline_123_c8805e04,baseline,eval,6,123,easy,5,5,0.1,0.95,0.0,default,100,3.0,8,1,1,0,0,,
baseline_123_c8805e04,baseline,eval,7,123,easy,5,5,0.1,0.95,0.0,default,100,3.0,8,1,1,0,0,,
baseline_123_c8805e04,baseline,eval,8,123,easy,5,5,0.1,0.95,0.0,default,100,3.0,8,1,1,0,0,,
baseline_123_c8805e04,baseline,eval,9,123,easy,5,5,0.1,0.95,0.0,default,100,3.0,8,1,1,0,0,,
baseline_123_c8805e04,baseline,eval,10,123,easy,5,5,0.1,0.95,0.0,default,100,3.0,8,1,1,0,0,,
baseline_123_c8805e04,baseline,eval,1,123,easy,5,5,0.1,0.95,0.0,default,100,3.0,8,1,1,0,0,,
baseline_123_c8805e04,baseline,eval,2,123,easy,5,5,0.1,0.95,0.0,default,100,3.0,8,1,1,0,0,,
baseline_123_c8805e04,baseline,eval,3,123,easy,5,5,0.1,0.95,0.0,default,100,3.0,8,1,1,0,0,,
baseline_123_c8805e04,baseline,eval,4,123,easy,5,5,0.1,0.95,0.0,default,100,3.0,8,1,1,0,0,,
baseline_123_c8805e04,baseline,eval,5,123,easy,5,5,0.1,0.95,0.0,default,100,3.0,8,1,1,0,0,,
baseline_123_c8805e04,baseline,eval,6,123,easy,5,5,0.1,0.95,0.0,default,100,3.0,8,1,1,0,0,,
baseline_123_c8805e04,baseline,eval,7,123,easy,5,5,0.1,0.95,0.0,default,100,3.0,8,1,1,0,0,,
baseline_123_c8805e04,baseline,eval,8,123,easy,5,5,0.1,0.95,0.0,default,100,3.0,8,1,1,0,0,,
baseline_123_c8805e04,baseline,eval,9,123,easy,5,5,0.1,0.95,0.0,default,100,3.0,8,1,1,0,0,,
baseline_123_c8805e04,baseline,eval,10,123,easy,5,5,0.1,0.95,0.0,default,100,3.0,8,1,1,0,0,,
baseline_123_c8805e04,baseline,eval,1,123,easy,5,5,0.1,0.95,0.0,default,100,3.0,8,1,1,0,0,,
baseline_123_c8805e04,baseline,eval,2,123,easy,5,5,0.1,0.95,0.0,default,100,3.0,8,1,1,0,0,,
baseline_123_c8805e04,baseline,eval,3,123,easy,5,5,0.1,0.95,0.0,default,100,3.0,8,1,1,0,0,,
baseline_123_c8805e04,baseline,eval,4,123,easy,5,5,0.1,0.95,0.0,default,100,3.0,8,1,1,0,0,,
baseline_123_c8805e04,baseline,eval,5,123,easy,5,5,0.1,0.95,0.0,default,100,3.0,8,1,1,0,0,,
baseline_123_c8805e04,baseline,eval,6,123,easy,5,5,0.1,0.95,0.0,default,100,3.0,8,1,1,0,0,,
baseline_123_c8805e04,baseline,eval,7,123,easy,5,5,0.1,0.95,0.0,default,100,3.0,8,1,1,0,0,,
baseline_123_c8805e04,baseline,eval,8,123,easy,5,5,0.1,0.95,0.0,default,100,3.0,8,1,1,0,0,,
baseline_123_c8805e04,baseline,eval,9,123,easy,5,5,0.1,0.95,0.0,default,100,3.0,8,1,1,0,0,,
baseline_123_c8805e04,baseline,eval,10,123,easy,5,5,0.1,0.95,0.0,default,100,3.0,8,1,1,0,0,,
baseline_123_c8805e04,baseline,eval,1,123,easy,5,5,0.1,0.95,0.0,default,100,3.0,8,1,1,0,0,,
baseline_123_c8805e04,baseline,eval,2,123,easy,5,5,0.1,0.95,0.0,default,100,3.0,8,1,1,0,0,,
baseline_123_c8805e04,baseline,eval,3,123,easy,5,5,0.1,0.95,0.0,default,100,3.0,8,1,1,0,0,,
baseline_123_c8805e04,baseline,eval,4,123,easy,5,5,0.1,0.95,0.0,default,100,3.0,8,1,1,0,0,,
baseline_123_c8805e04,baseline,eval,5,123,easy,5,5,0.1,0.95,0.0,default,100,3.0,8,1,1,0,0,,
baseline_123_c8805e04,baseline,eval,6,123,easy,5,5,0.1,0.95,0.0,default,100,3.0,8,1,1,0,0,,
baseline_123_c8805e04,baseline,eval,7,123,easy,5,5,0.1,0.95,0.0,default,100,3.0,8,1,1,0,0,,
baseline_123_c8805e04,baseline,eval,8,123,easy,5,5,0.1,0.95,0.0,default,100,3.0,8,1,1,0,0,,
baseline_123_c8805e04,baseline,eval,9,123,easy,5,5,0.1,0.95,0.0,default,100,3.0,8,1,1,0,0,,
baseline_123_c8805e04,baseline,eval,10,123,easy,5,5,0.1,0.95,0.0,default,100,3.0,8,1,1,0,0,,
baseline_123_c8805e04,baseline,eval,1,123,easy,5,5,0.1,0.95,0.0,default,100,3.0,8,1,1,0,0,,
baseline_123_c8805e04,baseline,eval,2,123,easy,5,5,0.1,0.95,0.0,default,100,3.0,8,1,1,0,0,,
baseline_123_c8805e04,baseline,eval,3,123,easy,5,5,0.1,0.95,0.0,default,100,3.0,8,1,1,0,0,,
baseline_123_c8805e04,baseline,eval,4,123,easy,5,5,0.1,0.95,0.0,default,100,3.0,8,1,1,0,0,,
baseline_123_c8805e04,baseline,eval,5,123,easy,5,5,0.1,0.95,0.0,default,100,3.0,8,1,1,0,0,,
baseline_123_c8805e04,baseline,eval,6,123,easy,5,5,0.1,0.95,0.0,default,100,3.0,8,1,1,0,0,,
baseline_123_c8805e04,baseline,eval,7,123,easy,5,5,0.1,0.95,0.0,default,100,3.0,8,1,1,0,0,,
baseline_123_c8805e04,baseline,eval,8,123,easy,5,5,0.1,0.95,0.0,default,100,3.0,8,1,1,0,0,,
baseline_123_c8805e04,baseline,eval,9,123,easy,5,5,0.1,0.95,0.0,default,100,3.0,8,1,1,0,0,,
baseline_123_c8805e04,baseline,eval,10,123,easy,5,5,0.1,0.95,0.0,default,100,3.0,8,1,1,0,0,,
baseline_123_c8805e04,baseline,eval,1,123,easy,5,5,0.1,0.95,0.0,default,100,3.0,8,1,1,0,0,,
baseline_123_c8805e04,baseline,eval,2,123,easy,5,5,0.1,0.95,0.0,default,100,3.0,8,1,1,0,0,,
baseline_123_c8805e04,baseline,eval,3,123,easy,5,5,0.1,0.95,0.0,default,100,3.0,8,1,1,0,0,,
baseline_123_c8805e04,baseline,eval,4,123,easy,5,5,0.1,0.95,0.0,default,100,3.0,8,1,1,0,0,,
baseline_123_c8805e04,baseline,eval,5,123,easy,5,5,0.1,0.95,0.0,default,100,3.0,8,1,1,0,0,,
baseline_123_c8805e04,baseline,eval,6,123,easy,5,5,0.1,0.95,0.0,default,100,3.0,8,1,1,0,0,,
baseline_123_c8805e04,baseline,eval,7,123,easy,5,5,0.1,0.95,0.0,default,100,3.0,8,1,1,0,0,,
baseline_123_c8805e04,baseline,eval,8,123,easy,5,5,0.1,0.95,0.0,default,100,3.0,8,1,1,0,0,,
baseline_123_c8805e04,baseline,eval,9,123,easy,5,5,0.1,0.95,0.0,default,100,3.0,8,1,1,0,0,,
baseline_123_c8805e04,baseline,eval,10,123,easy,5,5,0.1,0.95,0.0,default,100,3.0,8,1,1,0,0,,
baseline_123_c8805e04,baseline,eval,1,123,easy,5,5,0.1,0.95,0.0,default,100,3.0,8,1,1,0,0,,
baseline_123_c8805e04,baseline,eval,2,123,easy,5,5,0.1,0.95,0.0,default,100,3.0,8,1,1,0,0,,
baseline_123_c8805e04,baseline,eval,3,123,easy,5,5,0.1,0.95,0.0,default,100,3.0,8,1,1,0,0,,
baseline_123_c8805e04,baseline,eval,4,123,easy,5,5,0.1,0.95,0.0,default,100,3.0,8,1,1,0,0,,
baseline_123_c8805e04,baseline,eval,5,123,easy,5,5,0.1,0.95,0.0,default,100,3.0,8,1,1,0,0,,
baseline_123_c8805e04,baseline,eval,6,123,easy,5,5,0.1,0.95,0.0,default,100,3.0,8,1,1,0,0,,
baseline_123_c8805e04,baseline,eval,7,123,easy,5,5,0.1,0.95,0.0,default,100,3.0,8,1,1,0,0,,
baseline_123_c8805e04,baseline,eval,8,123,easy,5,5,0.1,0.95,0.0,default,100,3.0,8,1,1,0,0,,
baseline_123_c8805e04,baseline,eval,9,123,easy,5,5,0.1,0.95,0.0,default,100,3.0,8,1,1,0,0,,
baseline_123_c8805e04,baseline,eval,10,123,easy,5,5,0.1,0.95,0.0,default,100,3.0,8,1,1,0,0,,
baseline_123_c8805e04,baseline,eval,1,123,easy,5,5,0.1,0.95,0.0,default,100,3.0,8,1,1,0,0,,
baseline_123_c8805e04,baseline,eval,2,123,easy,5,5,0.1,0.95,0.0,default,100,3.0,8,1,1,0,0,,
baseline_123_c8805e04,baseline,eval,3,123,easy,5,5,0.1,0.95,0.0,default,100,3.0,8,1,1,0,0,,
baseline_123_c8805e04,baseline,eval,4,123,easy,5,5,0.1,0.95,0.0,default,100,3.0,8,1,1,0,0,,
baseline_123_c8805e04,baseline,eval,5,123,easy,5,5,0.1,0.95,0.0,default,100,3.0,8,1,1,0,0,,
baseline_123_c8805e04,baseline,eval,6,123,easy,5,5,0.1,0.95,0.0,default,100,3.0,8,1,1,0,0,,
baseline_123_c8805e04,baseline,eval,7,123,easy,5,5,0.1,0.95,0.0,default,100,3.0,8,1,1,0,0,,
baseline_123_c8805e04,baseline,eval,8,123,easy,5,5,0.1,0.95,0.0,default,100,3.0,8,1,1,0,0,,
baseline_123_c8805e04,baseline,eval,9,123,easy,5,5,0.1,0.95,0.0,default,100,3.0,8,1,1,0,0,,
baseline_123_c8805e04,baseline,eval,10,123,easy,5,5,0.1,0.95,0.0,default,100,3.0,8,1,1,0,0,,
baseline_123_c8805e04,baseline,eval,1,123,easy,5,5,0.1,0.95,0.0,default,100,3.0,8,1,1,0,0,,
baseline_123_c8805e04,baseline,eval,2,123,easy,5,5,0.1,0.95,0.0,default,100,3.0,8,1,1,0,0,,
baseline_123_c8805e04,baseline,eval,3,123,easy,5,5,0.1,0.95,0.0,default,100,3.0,8,1,1,0,0,,
baseline_123_c8805e04,baseline,eval,4,123,easy,5,5,0.1,0.95,0.0,default,100,3.0,8,1,1,0,0,,
baseline_123_c8805e04,baseline,eval,5,123,easy,5,5,0.1,0.95,0.0,default,100,3.0,8,1,1,0,0,,
baseline_123_c8805e04,baseline,eval,6,123,easy,5,5,0.1,0.95,0.0,default,100,3.0,8,1,1,0,0,,
baseline_123_c8805e04,baseline,eval,7,123,easy,5,5,0.1,0.95,0.0,default,100,3.0,8,1,1,0,0,,
baseline_123_c8805e04,baseline,eval,8,123,easy,5,5,0.1,0.95,0.0,default,100,3.0,8,1,1,0,0,,
baseline_123_c8805e04,baseline,eval,9,123,easy,5,5,0.1,0.95,0.0,default,100,3.0,8,1,1,0,0,,
baseline_123_c8805e04,baseline,eval,10,123,easy,5,5,0.1,0.95,0.0,default,100,3.0,8,1,1,0,0,,
baseline_123_c8805e04,baseline,eval,1,123,easy,5,5,0.1,0.95,0.0,default,100,3.0,8,1,1,0,0,,
baseline_123_c8805e04,baseline,eval,2,123,easy,5,5,0.1,0.95,0.0,default,100,3.0,8,1,1,0,0,,
baseline_123_c8805e04,baseline,eval,3,123,easy,5,5,0.1,0.95,0.0,default,100,3.0,8,1,1,0,0,,
baseline_123_c8805e04,baseline,eval,4,123,easy,5,5,0.1,0.95,0.0,default,100,3.0,8,1,1,0,0,,
baseline_123_c8805e04,baseline,eval,5,123,easy,5,5,0.1,0.95,0.0,default,100,3.0,8,1,1,0,0,,
baseline_123_c8805e04,baseline,eval,6,123,easy,5,5,0.1,0.95,0.0,default,100,3.0,8,1,1,0,0,,
baseline_123_c8805e04,baseline,eval,7,123,easy,5,5,0.1,0.95,0.0,default,100,3.0,8,1,1,0,0,,
baseline_123_c8805e04,baseline,eval,8,123,easy,5,5,0.1,0.95,0.0,default,100,3.0,8,1,1,0,0,,
baseline_123_c8805e04,baseline,eval,9,123,easy,5,5,0.1,0.95,0.0,default,100,3.0,8,1,1,0,0,,
baseline_123_c8805e04,baseline,eval,10,123,easy,5,5,0.1,0.95,0.0,default,100,3.0,8,1,1,0,0,,
baseline_123_c8805e04,baseline,eval,1,123,easy,5,5,0.1,0.95,0.0,default,100,3.0,8,1,1,0,0,,
baseline_123_c8805e04,baseline,eval,2,123,easy,5,5,0.1,0.95,0.0,default,100,3.0,8,1,1,0,0,,
baseline_123_c8805e04,baseline,eval,3,123,easy,5,5,0.1,0.95,0.0,default,100,3.0,8,1,1,0,0,,
baseline_123_c8805e04,baseline,eval,4,123,easy,5,5,0.1,0.95,0.0,default,100,3.0,8,1,1,0,0,,
baseline_123_c8805e04,baseline,eval,5,123,easy,5,5,0.1,0.95,0.0,default,100,3.0,8,1,1,0,0,,
baseline_123_c8805e04,baseline,eval,6,123,easy,5,5,0.1,0.95,0.0,default,100,3.0,8,1,1,0,0,,
baseline_123_c8805e04,baseline,eval,7,123,easy,5,5,0.1,0.95,0.0,default,100,3.0,8,1,1,0,0,,
baseline_123_c8805e04,baseline,eval,8,123,easy,5,5,0.1,0.95,0.0,default,100,3.0,8,1,1,0,0,,
baseline_123_c8805e04,baseline,eval,9,123,easy,5,5,0.1,0.95,0.0,default,100,3.0,8,1,1,0,0,,
baseline_123_c8805e04,baseline,eval,10,123,easy,5,5,0.1,0.95,0.0,default,100,3.0,8,1,1,0,0,,
baseline_123_c8805e04,baseline,eval,1,123,easy,5,5,0.1,0.95,0.0,default,100,3.0,8,1,1,0,0,,
baseline_123_c8805e04,baseline,eval,2,123,easy,5,5,0.1,0.95,0.0,default,100,3.0,8,1,1,0,0,,
baseline_123_c8805e04,baseline,eval,3,123,easy,5,5,0.1,0.95,0.0,default,100,3.0,8,1,1,0,0,,
baseline_123_c8805e04,baseline,eval,4,123,easy,5,5,0.1,0.95,0.0,default,100,3.0,8,1,1,0,0,,
baseline_123_c8805e04,baseline,eval,5,123,easy,5,5,0.1,0.95,0.0,default,100,3.0,8,1,1,0,0,,
baseline_123_c8805e04,baseline,eval,6,123,easy,5,5,0.1,0.95,0.0,default,100,3.0,8,1,1,0,0,,
baseline_123_c8805e04,baseline,eval,7,123,easy,5,5,0.1,0.95,0.0,default,100,3.0,8,1,1,0,0,,
baseline_123_c8805e04,baseline,eval,8,123,easy,5,5,0.1,0.95,0.0,default,100,3.0,8,1,1,0,0,,
baseline_123_c8805e04,baseline,eval,9,123,easy,5,5,0.1,0.95,0.0,default,100,3.0,8,1,1,0,0,,
baseline_123_c8805e04,baseline,eval,10,123,easy,5,5,0.1,0.95,0.0,default,100,3.0,8,1,1,0,0,,
baseline_123_c8805e04,baseline,eval,1,123,easy,5,5,0.1,0.95,0.0,default,100,3.0,8,1,1,0,0,,
baseline_123_c8805e04,baseline,eval,2,123,easy,5,5,0.1,0.95,0.0,default,100,3.0,8,1,1,0,0,,
baseline_123_c8805e04,baseline,eval,3,123,easy,5,5,0.1,0.95,0.0,default,100,3.0,8,1,1,0,0,,
baseline_123_c8805e04,baseline,eval,4,123,easy,5,5,0.1,0.95,0.0,default,100,3.0,8,1,1,0,0,,
baseline_123_c8805e04,baseline,eval,5,123,easy,5,5,0.1,0.95,0.0,default,100,3.0,8,1,1,0,0,,
baseline_123_c8805e04,baseline,eval,6,123,easy,5,5,0.1,0.95,0.0,default,100,3.0,8,1,1,0,0,,
baseline_123_c8805e04,baseline,eval,7,123,easy,5,5,0.1,0.95,0.0,default,100,3.0,8,1,1,0,0,,
baseline_123_c8805e04,baseline,eval,8,123,easy,5,5,0.1,0.95,0.0,default,100,3.0,8,1,1,0,0,,
baseline_123_c8805e04,baseline,eval,9,123,easy,5,5,0.1,0.95,0.0,default,100,3.0,8,1,1,0,0,,
baseline_123_c8805e04,baseline,eval,10,123,easy,5,5,0.1,0.95,0.0,default,100,3.0,8,1,1,0,0,,
baseline_123_c8805e04,baseline,eval,1,123,easy,5,5,0.1,0.95,0.0,default,100,3.0,8,1,1,0,0,,
baseline_123_c8805e04,baseline,eval,2,123,easy,5,5,0.1,0.95,0.0,default,100,3.0,8,1,1,0,0,,
baseline_123_c8805e04,baseline,eval,3,123,easy,5,5,0.1,0.95,0.0,default,100,3.0,8,1,1,0,0,,
baseline_123_c8805e04,baseline,eval,4,123,easy,5,5,0.1,0.95,0.0,default,100,3.0,8,1,1,0,0,,
baseline_123_c8805e04,baseline,eval,5,123,easy,5,5,0.1,0.95,0.0,default,100,3.0,8,1,1,0,0,,
baseline_123_c8805e04,baseline,eval,6,123,easy,5,5,0.1,0.95,0.0,default,100,3.0,8,1,1,0,0,,
baseline_123_c8805e04,baseline,eval,7,123,easy,5,5,0.1,0.95,0.0,default,100,3.0,8,1,1,0,0,,
baseline_123_c8805e04,baseline,eval,8,123,easy,5,5,0.1,0.95,0.0,default,100,3.0,8,1,1,0,0,,
baseline_123_c8805e04,baseline,eval,9,123,easy,5,5,0.1,0.95,0.0,default,100,3.0,8,1,1,0,0,,
baseline_123_c8805e04,baseline,eval,10,123,easy,5,5,0.1,0.95,0.0,default,100,3.0,8,1,1,0,0,,
baseline_123_c8805e04,baseline,eval,1,123,easy,5,5,0.1,0.95,0.0,default,100,3.0,8,1,1,0,0,,
baseline_123_c8805e04,baseline,eval,2,123,easy,5,5,0.1,0.95,0.0,default,100,3.0,8,1,1,0,0,,
baseline_123_c8805e04,baseline,eval,3,123,easy,5,5,0.1,0.95,0.0,default,100,3.0,8,1,1,0,0,,
baseline_123_c8805e04,baseline,eval,4,123,easy,5,5,0.1,0.95,0.0,default,100,3.0,8,1,1,0,0,,
baseline_123_c8805e04,baseline,eval,5,123,easy,5,5,0.1,0.95,0.0,default,100,3.0,8,1,1,0,0,,
baseline_123_c8805e04,baseline,eval,6,123,easy,5,5,0.1,0.95,0.0,default,100,3.0,8,1,1,0,0,,
baseline_123_c8805e04,baseline,eval,7,123,easy,5,5,0.1,0.95,0.0,default,100,3.0,8,1,1,0,0,,
baseline_123_c8805e04,baseline,eval,8,123,easy,5,5,0.1,0.95,0.0,default,100,3.0,8,1,1,0,0,,
baseline_123_c8805e04,baseline,eval,9,123,easy,5,5,0.1,0.95,0.0,default,100,3.0,8,1,1,0,0,,
baseline_123_c8805e04,baseline,eval,10,123,easy,5,5,0.1,0.95,0.0,default,100,3.0,8,1,1,0,0,,
baseline_123_c8805e04,baseline,eval,1,123,easy,5,5,0.1,0.95,0.0,default,100,3.0,8,1,1,0,0,,
baseline_123_c8805e04,baseline,eval,2,123,easy,5,5,0.1,0.95,0.0,default,100,3.0,8,1,1,0,0,,
baseline_123_c8805e04,baseline,eval,3,123,easy,5,5,0.1,0.95,0.0,default,100,3.0,8,1,1,0,0,,
baseline_123_c8805e04,baseline,eval,4,123,easy,5,5,0.1,0.95,0.0,default,100,3.0,8,1,1,0,0,,
baseline_123_c8805e04,baseline,eval,5,123,easy,5,5,0.1,0.95,0.0,default,100,3.0,8,1,1,0,0,,
baseline_123_c8805e04,baseline,eval,6,123,easy,5,5,0.1,0.95,0.0,default,100,3.0,8,1,1,0,0,,
baseline_123_c8805e04,baseline,eval,7,123,easy,5,5,0.1,0.95,0.0,default,100,3.0,8,1,1,0,0,,
baseline_123_c8805e04,baseline,eval,8,123,easy,5,5,0.1,0.95,0.0,default,100,3.0,8,1,1,0,0,,
baseline_123_c8805e04,baseline,eval,9,123,easy,5,5,0.1,0.95,0.0,default,100,3.0,8,1,1,0,0,,
baseline_123_c8805e04,baseline,eval,10,123,easy,5,5,0.1,0.95,0.0,default,100,3.0,8,1,1,0,0,,
baseline_123_c8805e04,baseline,eval,1,123,easy,5,5,0.1,0.95,0.0,default,100,3.0,8,1,1,0,0,,
baseline_123_c8805e04,baseline,eval,2,123,easy,5,5,0.1,0.95,0.0,default,100,3.0,8,1,1,0,0,,
baseline_123_c8805e04,baseline,eval,3,123,easy,5,5,0.1,0.95,0.0,default,100,3.0,8,1,1,0,0,,
baseline_123_c8805e04,baseline,eval,4,123,easy,5,5,0.1,0.95,0.0,default,100,3.0,8,1,1,0,0,,
baseline_123_c8805e04,baseline,eval,5,123,easy,5,5,0.1,0.95,0.0,default,100,3.0,8,1,1,0,0,,
baseline_123_c8805e04,baseline,eval,6,123,easy,5,5,0.1,0.95,0.0,default,100,3.0,8,1,1,0,0,,
baseline_123_c8805e04,baseline,eval,7,123,easy,5,5,0.1,0.95,0.0,default,100,3.0,8,1,1,0,0,,
baseline_123_c8805e04,baseline,eval,8,123,easy,5,5,0.1,0.95,0.0,default,100,3.0,8,1,1,0,0,,
baseline_123_c8805e04,baseline,eval,9,123,easy,5,5,0.1,0.95,0.0,default,100,3.0,8,1,1,0,0,,
baseline_123_c8805e04,baseline,eval,10,123,easy,5,5,0.1,0.95,0.0,default,100,3.0,8,1,1,0,0,,
baseline_123_c8805e04,baseline,eval,1,123,easy,5,5,0.1,0.95,0.0,default,100,3.0,8,1,1,0,0,,
baseline_123_c8805e04,baseline,eval,2,123,easy,5,5,0.1,0.95,0.0,default,100,3.0,8,1,1,0,0,,
baseline_123_c8805e04,baseline,eval,3,123,easy,5,5,0.1,0.95,0.0,default,100,3.0,8,1,1,0,0,,
baseline_123_c8805e04,baseline,eval,4,123,easy,5,5,0.1,0.95,0.0,default,100,3.0,8,1,1,0,0,,
baseline_123_c8805e04,baseline,eval,5,123,easy,5,5,0.1,0.95,0.0,default,100,3.0,8,1,1,0,0,,
baseline_123_c8805e04,baseline,eval,6,123,easy,5,5,0.1,0.95,0.0,default,100,3.0,8,1,1,0,0,,
baseline_123_c8805e04,baseline,eval,7,123,easy,5,5,0.1,0.95,0.0,default,100,3.0,8,1,1,0,0,,
baseline_123_c8805e04,baseline,eval,8,123,easy,5,5,0.1,0.95,0.0,default,100,3.0,8,1,1,0,0,,
baseline_123_c8805e04,baseline,eval,9,123,easy,5,5,0.1,0.95,0.0,default,100,3.0,8,1,1,0,0,,
baseline_123_c8805e04,baseline,eval,10,123,easy,5,5,0.1,0.95,0.0,default,100,3.0,8,1,1,0,0,,
baseline_123_c8805e04,baseline,eval,1,123,easy,5,5,0.1,0.95,0.0,default,100,3.0,8,1,1,0,0,,
baseline_123_c8805e04,baseline,eval,2,123,easy,5,5,0.1,0.95,0.0,default,100,3.0,8,1,1,0,0,,
baseline_123_c8805e04,baseline,eval,3,123,easy,5,5,0.1,0.95,0.0,default,100,3.0,8,1,1,0,0,,
baseline_123_c8805e04,baseline,eval,4,123,easy,5,5,0.1,0.95,0.0,default,100,3.0,8,1,1,0,0,,
baseline_123_c8805e04,baseline,eval,5,123,easy,5,5,0.1,0.95,0.0,default,100,3.0,8,1,1,0,0,,
baseline_123_c8805e04,baseline,eval,6,123,easy,5,5,0.1,0.95,0.0,default,100,3.0,8,1,1,0,0,,
baseline_123_c8805e04,baseline,eval,7,123,easy,5,5,0.1,0.95,0.0,default,100,3.0,8,1,1,0,0,,
baseline_123_c8805e04,baseline,eval,8,123,easy,5,5,0.1,0.95,0.0,default,100,3.0,8,1,1,0,0,,
baseline_123_c8805e04,baseline,eval,9,123,easy,5,5,0.1,0.95,0.0,default,100,3.0,8,1,1,0,0,,
baseline_123_c8805e04,baseline,eval,10,123,easy,5,5,0.1,0.95,0.0,default,100,3.0,8,1,1,0,0,,
baseline_123_c8805e04,baseline,eval,1,123,easy,5,5,0.1,0.95,0.0,default,100,3.0,8,1,1,0,0,,
baseline_123_c8805e04,baseline,eval,2,123,easy,5,5,0.1,0.95,0.0,default,100,3.0,8,1,1,0,0,,
baseline_123_c8805e04,baseline,eval,3,123,easy,5,5,0.1,0.95,0.0,default,100,3.0,8,1,1,0,0,,
baseline_123_c8805e04,baseline,eval,4,123,easy,5,5,0.1,0.95,0.0,default,100,3.0,8,1,1,0,0,,
baseline_123_c8805e04,baseline,eval,5,123,easy,5,5,0.1,0.95,0.0,default,100,3.0,8,1,1,0,0,,
baseline_123_c8805e04,baseline,eval,6,123,easy,5,5,0.1,0.95,0.0,default,100,3.0,8,1,1,0,0,,
baseline_123_c8805e04,baseline,eval,7,123,easy,5,5,0.1,0.95,0.0,default,100,3.0,8,1,1,0,0,,
baseline_123_c8805e04,baseline,eval,8,123,easy,5,5,0.1,0.95,0.0,default,100,3.0,8,1,1,0,0,,
baseline_123_c8805e04,baseline,eval,9,123,easy,5,5,0.1,0.95,0.0,default,100,3.0,8,1,1,0,0,,
baseline_123_c8805e04,baseline,eval,10,123,easy,5,5,0.1,0.95,0.0,default,100,3.0,8,1,1,0,0,,
baseline_123_c8805e04,baseline,eval,1,123,easy,5,5,0.1,0.95,0.0,default,100,3.0,8,1,1,0,0,,
baseline_123_c8805e04,baseline,eval,2,123,easy,5,5,0.1,0.95,0.0,default,100,3.0,8,1,1,0,0,,
baseline_123_c8805e04,baseline,eval,3,123,easy,5,5,0.1,0.95,0.0,default,100,3.0,8,1,1,0,0,,
baseline_123_c8805e04,baseline,eval,4,123,easy,5,5,0.1,0.95,0.0,default,100,3.0,8,1,1,0,0,,
baseline_123_c8805e04,baseline,eval,5,123,easy,5,5,0.1,0.95,0.0,default,100,3.0,8,1,1,0,0,,
baseline_123_c8805e04,baseline,eval,6,123,easy,5,5,0.1,0.95,0.0,default,100,3.0,8,1,1,0,0,,
baseline_123_c8805e04,baseline,eval,7,123,easy,5,5,0.1,0.95,0.0,default,100,3.0,8,1,1,0,0,,
baseline_123_c8805e04,baseline,eval,8,123,easy,5,5,0.1,0.95,0.0,default,100,3.0,8,1,1,0,0,,
baseline_123_c8805e04,baseline,eval,9,123,easy,5,5,0.1,0.95,0.0,default,100,3.0,8,1,1,0,0,,
baseline_123_c8805e04,baseline,eval,10,123,easy,5,5,0.1,0.95,0.0,default,100,3.0,8,1,1,0,0,,
baseline_123_c8805e04,baseline,eval,1,123,easy,5,5,0.1,0.95,0.0,default,100,3.0,8,1,1,0,0,,
baseline_123_c8805e04,baseline,eval,2,123,easy,5,5,0.1,0.95,0.0,default,100,3.0,8,1,1,0,0,,
baseline_123_c8805e04,baseline,eval,3,123,easy,5,5,0.1,0.95,0.0,default,100,3.0,8,1,1,0,0,,
baseline_123_c8805e04,baseline,eval,4,123,easy,5,5,0.1,0.95,0.0,default,100,3.0,8,1,1,0,0,,
baseline_123_c8805e04,baseline,eval,5,123,easy,5,5,0.1,0.95,0.0,default,100,3.0,8,1,1,0,0,,
baseline_123_c8805e04,baseline,eval,6,123,easy,5,5,0.1,0.95,0.0,default,100,3.0,8,1,1,0,0,,
baseline_123_c8805e04,baseline,eval,7,123,easy,5,5,0.1,0.95,0.0,default,100,3.0,8,1,1,0,0,,
baseline_123_c8805e04,baseline,eval,8,123,easy,5,5,0.1,0.95,0.0,default,100,3.0,8,1,1,0,0,,
baseline_123_c8805e04,baseline,eval,9,123,easy,5,5,0.1,0.95,0.0,default,100,3.0,8,1,1,0,0,,
baseline_123_c8805e04,baseline,eval,10,123,easy,5,5,0.1,0.95,0.0,default,100,3.0,8,1,1,0,0,,
baseline_123_c8805e04,baseline,eval,1,123,easy,5,5,0.1,0.95,0.0,default,100,3.0,8,1,1,0,0,,
baseline_123_c8805e04,baseline,eval,2,123,easy,5,5,0.1,0.95,0.0,default,100,3.0,8,1,1,0,0,,
baseline_123_c8805e04,baseline,eval,3,123,easy,5,5,0.1,0.95,0.0,default,100,3.0,8,1,1,0,0,,
baseline_123_c8805e04,baseline,eval,4,123,easy,5,5,0.1,0.95,0.0,default,100,3.0,8,1,1,0,0,,
baseline_123_c8805e04,baseline,eval,5,123,easy,5,5,0.1,0.95,0.0,default,100,3.0,8,1,1,0,0,,
baseline_123_c8805e04,baseline,eval,6,123,easy,5,5,0.1,0.95,0.0,default,100,3.0,8,1,1,0,0,,
baseline_123_c8805e04,baseline,eval,7,123,easy,5,5,0.1,0.95,0.0,default,100,3.0,8,1,1,0,0,,
baseline_123_c8805e04,baseline,eval,8,123,easy,5,5,0.1,0.95,0.0,default,100,3.0,8,1,1,0,0,,
baseline_123_c8805e04,baseline,eval,9,123,easy,5,5,0.1,0.95,0.0,default,100,3.0,8,1,1,0,0,,
baseline_123_c8805e04,baseline,eval,10,123,easy,5,5,0.1,0.95,0.0,default,100,3.0,8,1,1,0,0,,
baseline_123_c8805e04,baseline,eval,1,123,easy,5,5,0.1,0.95,0.0,default,100,3.0,8,1,1,0,0,,
baseline_123_c8805e04,baseline,eval,2,123,easy,5,5,0.1,0.95,0.0,default,100,3.0,8,1,1,0,0,,
baseline_123_c8805e04,baseline,eval,3,123,easy,5,5,0.1,0.95,0.0,default,100,3.0,8,1,1,0,0,,
baseline_123_c8805e04,baseline,eval,4,123,easy,5,5,0.1,0.95,0.0,default,100,3.0,8,1,1,0,0,,
baseline_123_c8805e04,baseline,eval,5,123,easy,5,5,0.1,0.95,0.0,default,100,3.0,8,1,1,0,0,,
baseline_123_c8805e04,baseline,eval,6,123,easy,5,5,0.1,0.95,0.0,default,100,3.0,8,1,1,0,0,,
baseline_123_c8805e04,baseline,eval,7,123,easy,5,5,0.1,0.95,0.0,default,100,3.0,8,1,1,0,0,,
baseline_123_c8805e04,baseline,eval,8,123,easy,5,5,0.1,0.95,0.0,default,100,3.0,8,1,1,0,0,,
baseline_123_c8805e04,baseline,eval,9,123,easy,5,5,0.1,0.95,0.0,default,100,3.0,8,1,1,0,0,,
baseline_123_c8805e04,baseline,eval,10,123,easy,5,5,0.1,0.95,0.0,default,100,3.0,8,1,1,0,0,,
baseline_123_c8805e04,baseline,eval,1,123,easy,5,5,0.1,0.95,0.0,default,100,3.0,8,1,1,0,0,,
baseline_123_c8805e04,baseline,eval,2,123,easy,5,5,0.1,0.95,0.0,default,100,3.0,8,1,1,0,0,,
baseline_123_c8805e04,baseline,eval,3,123,easy,5,5,0.1,0.95,0.0,default,100,3.0,8,1,1,0,0,,
baseline_123_c8805e04,baseline,eval,4,123,easy,5,5,0.1,0.95,0.0,default,100,3.0,8,1,1,0,0,,
baseline_123_c8805e04,baseline,eval,5,123,easy,5,5,0.1,0.95,0.0,default,100,3.0,8,1,1,0,0,,
baseline_123_c8805e04,baseline,eval,6,123,easy,5,5,0.1,0.95,0.0,default,100,3.0,8,1,1,0,0,,
baseline_123_c8805e04,baseline,eval,7,123,easy,5,5,0.1,0.95,0.0,default,100,3.0,8,1,1,0,0,,
baseline_123_c8805e04,baseline,eval,8,123,easy,5,5,0.1,0.95,0.0,default,100,3.0,8,1,1,0,0,,
baseline_123_c8805e04,baseline,eval,9,123,easy,5,5,0.1,0.95,0.0,default,100,3.0,8,1,1,0,0,,
baseline_123_c8805e04,baseline,eval,10,123,easy,5,5,0.1,0.95,0.0,default,100,3.0,8,1,1,0,0,,
baseline_123_c8805e04,baseline,eval,1,123,easy,5,5,0.1,0.95,0.0,default,100,3.0,8,1,1,0,0,,
baseline_123_c8805e04,baseline,eval,2,123,easy,5,5,0.1,0.95,0.0,default,100,3.0,8,1,1,0,0,,
baseline_123_c8805e04,baseline,eval,3,123,easy,5,5,0.1,0.95,0.0,default,100,3.0,8,1,1,0,0,,
baseline_123_c8805e04,baseline,eval,4,123,easy,5,5,0.1,0.95,0.0,default,100,3.0,8,1,1,0,0,,
baseline_123_c8805e04,baseline,eval,5,123,easy,5,5,0.1,0.95,0.0,default,100,3.0,8,1,1,0,0,,
baseline_123_c8805e04,baseline,eval,6,123,easy,5,5,0.1,0.95,0.0,default,100,3.0,8,1,1,0,0,,
baseline_123_c8805e04,baseline,eval,7,123,easy,5,5,0.1,0.95,0.0,default,100,3.0,8,1,1,0,0,,
baseline_123_c8805e04,baseline,eval,8,123,easy,5,5,0.1,0.95,0.0,default,100,3.0,8,1,1,0,0,,
baseline_123_c8805e04,baseline,eval,9,123,easy,5,5,0.1,0.95,0.0,default,100,3.0,8,1,1,0,0,,
baseline_123_c8805e04,baseline,eval,10,123,easy,5,5,0.1,0.95,0.0,default,100,3.0,8,1,1,0,0,,
baseline_123_c8805e04,baseline,eval,1,123,easy,5,5,0.1,0.95,0.0,default,100,3.0,8,1,1,0,0,,
baseline_123_c8805e04,baseline,eval,2,123,easy,5,5,0.1,0.95,0.0,default,100,3.0,8,1,1,0,0,,
baseline_123_c8805e04,baseline,eval,3,123,easy,5,5,0.1,0.95,0.0,default,100,3.0,8,1,1,0,0,,
baseline_123_c8805e04,baseline,eval,4,123,easy,5,5,0.1,0.95,0.0,default,100,3.0,8,1,1,0,0,,
baseline_123_c8805e04,baseline,eval,5,123,easy,5,5,0.1,0.95,0.0,default,100,3.0,8,1,1,0,0,,
baseline_123_c8805e04,baseline,eval,6,123,easy,5,5,0.1,0.95,0.0,default,100,3.0,8,1,1,0,0,,
baseline_123_c8805e04,baseline,eval,7,123,easy,5,5,0.1,0.95,0.0,default,100,3.0,8,1,1,0,0,,
baseline_123_c8805e04,baseline,eval,8,123,easy,5,5,0.1,0.95,0.0,default,100,3.0,8,1,1,0,0,,
baseline_123_c8805e04,baseline,eval,9,123,easy,5,5,0.1,0.95,0.0,default,100,3.0,8,1,1,0,0,,
baseline_123_c8805e04,baseline,eval,10,123,easy,5,5,0.1,0.95,0.0,default,100,3.0,8,1,1,0,0,,
baseline_123_c8805e04,baseline,eval,1,123,easy,5,5,0.1,0.95,0.0,default,100,3.0,8,1,1,0,0,,
baseline_123_c8805e04,baseline,eval,2,123,easy,5,5,0.1,0.95,0.0,default,100,3.0,8,1,1,0,0,,
baseline_123_c8805e04,baseline,eval,3,123,easy,5,5,0.1,0.95,0.0,default,100,3.0,8,1,1,0,0,,
baseline_123_c8805e04,baseline,eval,4,123,easy,5,5,0.1,0.95,0.0,default,100,3.0,8,1,1,0,0,,
baseline_123_c8805e04,baseline,eval,5,123,easy,5,5,0.1,0.95,0.0,default,100,3.0,8,1,1,0,0,,
baseline_123_c8805e04,baseline,eval,6,123,easy,5,5,0.1,0.95,0.0,default,100,3.0,8,1,1,0,0,,
baseline_123_c8805e04,baseline,eval,7,123,easy,5,5,0.1,0.95,0.0,default,100,3.0,8,1,1,0,0,,
baseline_123_c8805e04,baseline,eval,8,123,easy,5,5,0.1,0.95,0.0,default,100,3.0,8,1,1,0,0,,
baseline_123_c8805e04,baseline,eval,9,123,easy,5,5,0.1,0.95,0.0,default,100,3.0,8,1,1,0,0,,
baseline_123_c8805e04,baseline,eval,10,123,easy,5,5,0.1,0.95,0.0,default,100,3.0,8,1,1,0,0,,
baseline_123_c8805e04,baseline,eval,1,123,easy,5,5,0.1,0.95,0.0,default,100,3.0,8,1,1,0,0,,
baseline_123_c8805e04,baseline,eval,2,123,easy,5,5,0.1,0.95,0.0,default,100,3.0,8,1,1,0,0,,
baseline_123_c8805e04,baseline,eval,3,123,easy,5,5,0.1,0.95,0.0,default,100,3.0,8,1,1,0,0,,
baseline_123_c8805e04,baseline,eval,4,123,easy,5,5,0.1,0.95,0.0,default,100,3.0,8,1,1,0,0,,
baseline_123_c8805e04,baseline,eval,5,123,easy,5,5,0.1,0.95,0.0,default,100,3.0,8,1,1,0,0,,
baseline_123_c8805e04,baseline,eval,6,123,easy,5,5,0.1,0.95,0.0,default,100,3.0,8,1,1,0,0,,
baseline_123_c8805e04,baseline,eval,7,123,easy,5,5,0.1,0.95,0.0,default,100,3.0,8,1,1,0,0,,
baseline_123_c8805e04,baseline,eval,8,123,easy,5,5,0.1,0.95,0.0,default,100,3.0,8,1,1,0,0,,
baseline_123_c8805e04,baseline,eval,9,123,easy,5,5,0.1,0.95,0.0,default,100,3.0,8,1,1,0,0,,
baseline_123_c8805e04,baseline,eval,10,123,easy,5,5,0.1,0.95,0.0,default,100,3.0,8,1,1,0,0,,
