run_id,exp_name,phase,episode,seed,map_name,rows,cols,alpha,gamma,epsilon,reward_setting,max_steps,total_reward,steps,success,terminated,truncated,hit_trap,elapsed_sec,qtable_path
random_policy_456_a4b606e1,random_policy,train,1,456,easy,5,5,0.0001,0.95,1.0,default,100,-16.0,7,0,1,0,1,0.0010375999991083518,
random_policy_456_a4b606e1,random_policy,train,2,456,easy,5,5,0.0001,0.95,1.0,default,100,-33.0,24,0,1,0,1,0.0018389000033494085,
random_policy_456_a4b606e1,random_policy,train,3,456,easy,5,5,0.0001,0.95,1.0,default,100,-54.0,45,0,1,0,1,0.0032337000011466444,
random_policy_456_a4b606e1,random_policy,train,4,456,easy,5,5,0.0001,0.95,1.0,default,100,-90.0,81,0,1,0,1,0.00571230000059586,
random_policy_456_a4b606e1,random_policy,train,5,456,easy,5,5,0.0001,0.95,1.0,default,100,-52.0,43,0,1,0,1,0.003104600007645786,
random_policy_456_a4b606e1,random_policy,train,6,456,easy,5,5,0.0001,0.95,1.0,default,100,-27.0,18,0,1,0,1,0.0013599000085378066,
random_policy_456_a4b606e1,random_policy,train,7,456,easy,5,5,0.0001,0.95,1.0,default,100,-5.0,16,1,1,0,0,0.0012408000038703904,
random_policy_456_a4b606e1,random_policy,train,8,456,easy,5,5,0.0001,0.95,1.0,default,100,-26.0,37,1,1,0,0,0.002663499995833263,
random_policy_456_a4b606e1,random_policy,train,9,456,easy,5,5,0.0001,0.95,1.0,default,100,-100.0,100,0,0,1,0,0.00701610000396613,
random_policy_456_a4b606e1,random_policy,train,10,456,easy,5,5,0.0001,0.95,1.0,default,100,-20.0,31,1,1,0,0,0.0022807000059401616,
random_policy_456_a4b606e1,random_policy,train,11,456,easy,5,5,0.0001,0.95,1.0,default,100,-58.0,49,0,1,0,1,0.003490100003546104,
random_policy_456_a4b606e1,random_policy,train,12,456,easy,5,5,0.0001,0.95,1.0,default,100,-40.0,51,1,1,0,0,0.0036358999932417646,
random_policy_456_a4b606e1,random_policy,train,13,456,easy,5,5,0.0001,0.95,1.0,default,100,-100.0,100,0,0,1,0,0.0070167999947443604,
random_policy_456_a4b606e1,random_policy,train,14,456,easy,5,5,0.0001,0.95,1.0,default,100,-39.0,30,0,1,0,1,0.0021757000067736953,
random_policy_456_a4b606e1,random_policy,train,15,456,easy,5,5,0.0001,0.95,1.0,default,100,-24.0,15,0,1,0,1,0.0011426999990362674,
random_policy_456_a4b606e1,random_policy,train,16,456,easy,5,5,0.0001,0.95,1.0,default,100,-49.0,60,1,1,0,0,0.0042209999955957755,
random_policy_456_a4b606e1,random_policy,train,17,456,easy,5,5,0.0001,0.95,1.0,default,100,-12.0,23,1,1,0,0,0.001695099999778904,
random_policy_456_a4b606e1,random_policy,train,18,456,easy,5,5,0.0001,0.95,1.0,default,100,-69.0,60,0,1,0,1,0.004228199992212467,
random_policy_456_a4b606e1,random_policy,train,19,456,easy,5,5,0.0001,0.95,1.0,default,100,-65.0,56,0,1,0,1,0.003965799987781793,
random_policy_456_a4b606e1,random_policy,train,20,456,easy,5,5,0.0001,0.95,1.0,default,100,-57.0,68,1,1,0,0,0.004786499994224869,
random_policy_456_a4b606e1,random_policy,train,21,456,easy,5,5,0.0001,0.95,1.0,default,100,-36.0,27,0,1,0,1,0.002077199998893775,
random_policy_456_a4b606e1,random_policy,train,22,456,easy,5,5,0.0001,0.95,1.0,default,100,-43.0,34,0,1,0,1,0.00249650000478141,
random_policy_456_a4b606e1,random_policy,train,23,456,easy,5,5,0.0001,0.95,1.0,default,100,-47.0,38,0,1,0,1,0.002794899992295541,
random_policy_456_a4b606e1,random_policy,train,24,456,easy,5,5,0.0001,0.95,1.0,default,100,-100.0,100,0,0,1,0,0.007105500000761822,
random_policy_456_a4b606e1,random_policy,train,25,456,easy,5,5,0.0001,0.95,1.0,default,100,-27.0,18,0,1,0,1,0.001382500006002374,
random_policy_456_a4b606e1,random_policy,train,26,456,easy,5,5,0.0001,0.95,1.0,default,100,-100.0,100,0,0,1,0,0.007108399993740022,
random_policy_456_a4b606e1,random_policy,train,27,456,easy,5,5,0.0001,0.95,1.0,default,100,-108.0,99,0,1,0,1,0.00702129999990575,
random_policy_456_a4b606e1,random_policy,train,28,456,easy,5,5,0.0001,0.95,1.0,default,100,-100.0,100,0,0,1,0,0.007109599988325499,
random_policy_456_a4b606e1,random_policy,train,29,456,easy,5,5,0.0001,0.95,1.0,default,100,-44.0,35,0,1,0,1,0.0025645999994594604,
random_policy_456_a4b606e1,random_policy,train,30,456,easy,5,5,0.0001,0.95,1.0,default,100,-32.0,23,0,1,0,1,0.0017164000018965453,
random_policy_456_a4b606e1,random_policy,train,31,456,easy,5,5,0.0001,0.95,1.0,default,100,-21.0,12,0,1,0,1,0.0009407000034116209,
random_policy_456_a4b606e1,random_policy,train,32,456,easy,5,5,0.0001,0.95,1.0,default,100,-20.0,11,0,1,0,1,0.000866900008986704,
random_policy_456_a4b606e1,random_policy,train,33,456,easy,5,5,0.0001,0.95,1.0,default,100,-100.0,100,0,0,1,0,0.0071238000091398135,
random_policy_456_a4b606e1,random_policy,train,34,456,easy,5,5,0.0001,0.95,1.0,default,100,-19.0,30,1,1,0,0,0.0022102999937487766,
random_policy_456_a4b606e1,random_policy,train,35,456,easy,5,5,0.0001,0.95,1.0,default,100,-36.0,27,0,1,0,1,0.0019943000079365447,
random_policy_456_a4b606e1,random_policy,train,36,456,easy,5,5,0.0001,0.95,1.0,default,100,-100.0,100,0,0,1,0,0.0070973999972920865,
random_policy_456_a4b606e1,random_policy,train,37,456,easy,5,5,0.0001,0.95,1.0,default,100,-35.0,46,1,1,0,0,0.0033232999994652346,
random_policy_456_a4b606e1,random_policy,train,38,456,easy,5,5,0.0001,0.95,1.0,default,100,-55.0,46,0,1,0,1,0.003319700001156889,
random_policy_456_a4b606e1,random_policy,train,39,456,easy,5,5,0.0001,0.95,1.0,default,100,-91.0,82,0,1,0,1,0.005825499989441596,
random_policy_456_a4b606e1,random_policy,train,40,456,easy,5,5,0.0001,0.95,1.0,default,100,-16.0,7,0,1,0,1,0.0005906000005779788,
random_policy_456_a4b606e1,random_policy,train,41,456,easy,5,5,0.0001,0.95,1.0,default,100,-60.0,51,0,1,0,1,0.003725899994606152,
random_policy_456_a4b606e1,random_policy,train,42,456,easy,5,5,0.0001,0.95,1.0,default,100,-20.0,11,0,1,0,1,0.0008862999966368079,
random_policy_456_a4b606e1,random_policy,train,43,456,easy,5,5,0.0001,0.95,1.0,default,100,-33.0,44,1,1,0,0,0.0032057000062195584,
random_policy_456_a4b606e1,random_policy,train,44,456,easy,5,5,0.0001,0.95,1.0,default,100,-100.0,100,0,0,1,0,0.007165199989685789,
random_policy_456_a4b606e1,random_policy,train,45,456,easy,5,5,0.0001,0.95,1.0,default,100,-27.0,18,0,1,0,1,0.0013722000003326684,
random_policy_456_a4b606e1,random_policy,train,46,456,easy,5,5,0.0001,0.95,1.0,default,100,-99.0,90,0,1,0,1,0.0064239999919664115,
random_policy_456_a4b606e1,random_policy,train,47,456,easy,5,5,0.0001,0.95,1.0,default,100,-39.0,50,1,1,0,0,0.0036159000010229647,
random_policy_456_a4b606e1,random_policy,train,48,456,easy,5,5,0.0001,0.95,1.0,default,100,-100.0,100,0,0,1,0,0.007105999990017153,
random_policy_456_a4b606e1,random_policy,train,49,456,easy,5,5,0.0001,0.95,1.0,default,100,-35.0,26,0,1,0,1,0.0019288999901618809,
random_policy_456_a4b606e1,random_policy,train,50,456,easy,5,5,0.0001,0.95,1.0,default,100,-65.0,76,1,1,0,0,0.005409799996414222,
random_policy_456_a4b606e1,random_policy,train,51,456,easy,5,5,0.0001,0.95,1.0,default,100,-44.0,55,1,1,0,0,0.003961499998695217,
random_policy_456_a4b606e1,random_policy,train,52,456,easy,5,5,0.0001,0.95,1.0,default,100,-35.0,26,0,1,0,1,0.0019185999990440905,
random_policy_456_a4b606e1,random_policy,train,53,456,easy,5,5,0.0001,0.95,1.0,default,100,-32.0,23,0,1,0,1,0.0017265000060433522,
random_policy_456_a4b606e1,random_policy,train,54,456,easy,5,5,0.0001,0.95,1.0,default,100,-47.0,58,1,1,0,0,0.0041628000035416335,
random_policy_456_a4b606e1,random_policy,train,55,456,easy,5,5,0.0001,0.95,1.0,default,100,-21.0,12,0,1,0,1,0.0009578000026522204,
random_policy_456_a4b606e1,random_policy,train,56,456,easy,5,5,0.0001,0.95,1.0,default,100,-100.0,100,0,0,1,0,0.0071127999981399626,
random_policy_456_a4b606e1,random_policy,train,57,456,easy,5,5,0.0001,0.95,1.0,default,100,-45.0,36,0,1,0,1,0.0026329999964218587,
random_policy_456_a4b606e1,random_policy,train,58,456,easy,5,5,0.0001,0.95,1.0,default,100,-100.0,100,0,0,1,0,0.007099800001014955,
random_policy_456_a4b606e1,random_policy,train,59,456,easy,5,5,0.0001,0.95,1.0,default,100,-18.0,9,0,1,0,1,0.0007426999945892021,
random_policy_456_a4b606e1,random_policy,train,60,456,easy,5,5,0.0001,0.95,1.0,default,100,-100.0,100,0,0,1,0,0.00710949998756405,
random_policy_456_a4b606e1,random_policy,train,61,456,easy,5,5,0.0001,0.95,1.0,default,100,-78.0,69,0,1,0,1,0.004997899988666177,
random_policy_456_a4b606e1,random_policy,train,62,456,easy,5,5,0.0001,0.95,1.0,default,100,-57.0,48,0,1,0,1,0.0034657000069273636,
random_policy_456_a4b606e1,random_policy,train,63,456,easy,5,5,0.0001,0.95,1.0,default,100,-68.0,59,0,1,0,1,0.004219800001010299,
random_policy_456_a4b606e1,random_policy,train,64,456,easy,5,5,0.0001,0.95,1.0,default,100,-86.0,97,1,1,0,0,0.006871500008855946,
random_policy_456_a4b606e1,random_policy,train,65,456,easy,5,5,0.0001,0.95,1.0,default,100,-42.0,33,0,1,0,1,0.0024126999924192205,
random_policy_456_a4b606e1,random_policy,train,66,456,easy,5,5,0.0001,0.95,1.0,default,100,-84.0,95,1,1,0,0,0.006744900005287491,
random_policy_456_a4b606e1,random_policy,train,67,456,easy,5,5,0.0001,0.95,1.0,default,100,-65.0,56,0,1,0,1,0.0040129999979399145,
random_policy_456_a4b606e1,random_policy,train,68,456,easy,5,5,0.0001,0.95,1.0,default,100,-100.0,100,0,0,1,0,0.0070835000078659505,
random_policy_456_a4b606e1,random_policy,train,69,456,easy,5,5,0.0001,0.95,1.0,default,100,-55.0,66,1,1,0,0,0.004691099995397963,
random_policy_456_a4b606e1,random_policy,train,70,456,easy,5,5,0.0001,0.95,1.0,default,100,-51.0,62,1,1,0,0,0.004415199990035035,
random_policy_456_a4b606e1,random_policy,train,71,456,easy,5,5,0.0001,0.95,1.0,default,100,-59.0,50,0,1,0,1,0.003590499996789731,
random_policy_456_a4b606e1,random_policy,train,72,456,easy,5,5,0.0001,0.95,1.0,default,100,-37.0,28,0,1,0,1,0.002055600009043701,
random_policy_456_a4b606e1,random_policy,train,73,456,easy,5,5,0.0001,0.95,1.0,default,100,-109.0,100,0,1,0,1,0.007059700001263991,
random_policy_456_a4b606e1,random_policy,train,74,456,easy,5,5,0.0001,0.95,1.0,default,100,-22.0,33,1,1,0,0,0.0023934999917401,
random_policy_456_a4b606e1,random_policy,train,75,456,easy,5,5,0.0001,0.95,1.0,default,100,-25.0,16,0,1,0,1,0.0012278999929549173,
random_policy_456_a4b606e1,random_policy,train,76,456,easy,5,5,0.0001,0.95,1.0,default,100,-61.0,52,0,1,0,1,0.003718499996466562,
random_policy_456_a4b606e1,random_policy,train,77,456,easy,5,5,0.0001,0.95,1.0,default,100,-33.0,24,0,1,0,1,0.0017670000088401139,
random_policy_456_a4b606e1,random_policy,train,78,456,easy,5,5,0.0001,0.95,1.0,default,100,-28.0,19,0,1,0,1,0.0014260000025387853,
random_policy_456_a4b606e1,random_policy,train,79,456,easy,5,5,0.0001,0.95,1.0,default,100,-51.0,42,0,1,0,1,0.0030163000046741217,
random_policy_456_a4b606e1,random_policy,train,80,456,easy,5,5,0.0001,0.95,1.0,default,100,-26.0,17,0,1,0,1,0.0012808999890694395,
random_policy_456_a4b606e1,random_policy,train,81,456,easy,5,5,0.0001,0.95,1.0,default,100,-100.0,100,0,0,1,0,0.007155600003898144,
random_policy_456_a4b606e1,random_policy,train,82,456,easy,5,5,0.0001,0.95,1.0,default,100,-19.0,30,1,1,0,0,0.0022157999919727445,
random_policy_456_a4b606e1,random_policy,train,83,456,easy,5,5,0.0001,0.95,1.0,default,100,-15.0,26,1,1,0,0,0.0019258999964222312,
random_policy_456_a4b606e1,random_policy,train,84,456,easy,5,5,0.0001,0.95,1.0,default,100,-100.0,100,0,0,1,0,0.007155300001613796,
random_policy_456_a4b606e1,random_policy,train,85,456,easy,5,5,0.0001,0.95,1.0,default,100,-15.0,26,1,1,0,0,0.0019302000000607222,
random_policy_456_a4b606e1,random_policy,train,86,456,easy,5,5,0.0001,0.95,1.0,default,100,-34.0,25,0,1,0,1,0.0018432000069878995,
random_policy_456_a4b606e1,random_policy,train,87,456,easy,5,5,0.0001,0.95,1.0,default,100,-31.0,22,0,1,0,1,0.0016499999910593033,
random_policy_456_a4b606e1,random_policy,train,88,456,easy,5,5,0.0001,0.95,1.0,default,100,-100.0,100,0,0,1,0,0.007118499997886829,
random_policy_456_a4b606e1,random_policy,train,89,456,easy,5,5,0.0001,0.95,1.0,default,100,-33.0,24,0,1,0,1,0.001787100001820363,
random_policy_456_a4b606e1,random_policy,train,90,456,easy,5,5,0.0001,0.95,1.0,default,100,-9.0,20,1,1,0,0,0.0014897999935783446,
random_policy_456_a4b606e1,random_policy,train,91,456,easy,5,5,0.0001,0.95,1.0,default,100,-100.0,91,0,1,0,1,0.0064396999950986356,
random_policy_456_a4b606e1,random_policy,train,92,456,easy,5,5,0.0001,0.95,1.0,default,100,-42.0,33,0,1,0,1,0.0024031999928411096,
random_policy_456_a4b606e1,random_policy,train,93,456,easy,5,5,0.0001,0.95,1.0,default,100,-59.0,70,1,1,0,0,0.004976099997293204,
random_policy_456_a4b606e1,random_policy,train,94,456,easy,5,5,0.0001,0.95,1.0,default,100,-100.0,100,0,0,1,0,0.007061600001179613,
random_policy_456_a4b606e1,random_policy,train,95,456,easy,5,5,0.0001,0.95,1.0,default,100,-15.0,26,1,1,0,0,0.0019154000037815422,
random_policy_456_a4b606e1,random_policy,train,96,456,easy,5,5,0.0001,0.95,1.0,default,100,-100.0,100,0,0,1,0,0.007064399993396364,
random_policy_456_a4b606e1,random_policy,train,97,456,easy,5,5,0.0001,0.95,1.0,default,100,-100.0,100,0,0,1,0,0.007123400006094016,
random_policy_456_a4b606e1,random_policy,train,98,456,easy,5,5,0.0001,0.95,1.0,default,100,-79.0,70,0,1,0,1,0.005005500002880581,
random_policy_456_a4b606e1,random_policy,train,99,456,easy,5,5,0.0001,0.95,1.0,default,100,-56.0,47,0,1,0,1,0.0033893000072566792,
random_policy_456_a4b606e1,random_policy,train,100,456,easy,5,5,0.0001,0.95,1.0,default,100,-82.0,73,0,1,0,1,0.005196600002818741,
random_policy_456_a4b606e1,random_policy,train,101,456,easy,5,5,0.0001,0.95,1.0,default,100,-100.0,100,0,0,1,0,0.007138899993151426,
random_policy_456_a4b606e1,random_policy,train,102,456,easy,5,5,0.0001,0.95,1.0,default,100,-38.0,29,0,1,0,1,0.0021440999989863485,
random_policy_456_a4b606e1,random_policy,train,103,456,easy,5,5,0.0001,0.95,1.0,default,100,-100.0,100,0,0,1,0,0.007099599999492057,
random_policy_456_a4b606e1,random_policy,train,104,456,easy,5,5,0.0001,0.95,1.0,default,100,-31.0,22,0,1,0,1,0.0016985999973258004,
random_policy_456_a4b606e1,random_policy,train,105,456,easy,5,5,0.0001,0.95,1.0,default,100,-64.0,55,0,1,0,1,0.003938499998184852,
random_policy_456_a4b606e1,random_policy,train,106,456,easy,5,5,0.0001,0.95,1.0,default,100,-40.0,51,1,1,0,0,0.003653899999335408,
random_policy_456_a4b606e1,random_policy,train,107,456,easy,5,5,0.0001,0.95,1.0,default,100,-24.0,35,1,1,0,0,0.002535599996917881,
random_policy_456_a4b606e1,random_policy,train,108,456,easy,5,5,0.0001,0.95,1.0,default,100,-50.0,61,1,1,0,0,0.004392800008645281,
random_policy_456_a4b606e1,random_policy,train,109,456,easy,5,5,0.0001,0.95,1.0,default,100,-100.0,100,0,0,1,0,0.007087499994668178,
random_policy_456_a4b606e1,random_policy,train,110,456,easy,5,5,0.0001,0.95,1.0,default,100,-63.0,54,0,1,0,1,0.0038859000051161274,
random_policy_456_a4b606e1,random_policy,train,111,456,easy,5,5,0.0001,0.95,1.0,default,100,-76.0,87,1,1,0,0,0.006172499997774139,
random_policy_456_a4b606e1,random_policy,train,112,456,easy,5,5,0.0001,0.95,1.0,default,100,-44.0,35,0,1,0,1,0.0025427000073250383,
random_policy_456_a4b606e1,random_policy,train,113,456,easy,5,5,0.0001,0.95,1.0,default,100,-43.0,34,0,1,0,1,0.002473400003509596,
random_policy_456_a4b606e1,random_policy,train,114,456,easy,5,5,0.0001,0.95,1.0,default,100,-4.0,15,1,1,0,0,0.001153399993199855,
random_policy_456_a4b606e1,random_policy,train,115,456,easy,5,5,0.0001,0.95,1.0,default,100,-100.0,100,0,0,1,0,0.007144299990613945,
random_policy_456_a4b606e1,random_policy,train,116,456,easy,5,5,0.0001,0.95,1.0,default,100,-21.0,12,0,1,0,1,0.0009608000109437853,
random_policy_456_a4b606e1,random_policy,train,117,456,easy,5,5,0.0001,0.95,1.0,default,100,-81.0,72,0,1,0,1,0.005129199998918921,
random_policy_456_a4b606e1,random_policy,train,118,456,easy,5,5,0.0001,0.95,1.0,default,100,-54.0,45,0,1,0,1,0.0032556000078329816,
random_policy_456_a4b606e1,random_policy,train,119,456,easy,5,5,0.0001,0.95,1.0,default,100,-48.0,59,1,1,0,0,0.004230100006680004,
random_policy_456_a4b606e1,random_policy,train,120,456,easy,5,5,0.0001,0.95,1.0,default,100,-100.0,100,0,0,1,0,0.007071600004564971,
random_policy_456_a4b606e1,random_policy,train,121,456,easy,5,5,0.0001,0.95,1.0,default,100,-87.0,78,0,1,0,1,0.005661299990606494,
random_policy_456_a4b606e1,random_policy,train,122,456,easy,5,5,0.0001,0.95,1.0,default,100,-61.0,72,1,1,0,0,0.005147499992744997,
random_policy_456_a4b606e1,random_policy,train,123,456,easy,5,5,0.0001,0.95,1.0,default,100,-42.0,33,0,1,0,1,0.0024290000001201406,
random_policy_456_a4b606e1,random_policy,train,124,456,easy,5,5,0.0001,0.95,1.0,default,100,-54.0,65,1,1,0,0,0.004647899986593984,
random_policy_456_a4b606e1,random_policy,train,125,456,easy,5,5,0.0001,0.95,1.0,default,100,-15.0,6,0,1,0,1,0.0005474999925354496,
random_policy_456_a4b606e1,random_policy,train,126,456,easy,5,5,0.0001,0.95,1.0,default,100,-100.0,100,0,0,1,0,0.007108899997547269,
random_policy_456_a4b606e1,random_policy,train,127,456,easy,5,5,0.0001,0.95,1.0,default,100,-48.0,39,0,1,0,1,0.00284319999627769,
random_policy_456_a4b606e1,random_policy,train,128,456,easy,5,5,0.0001,0.95,1.0,default,100,-100.0,100,0,0,1,0,0.007120800000848249,
random_policy_456_a4b606e1,random_policy,train,129,456,easy,5,5,0.0001,0.95,1.0,default,100,-66.0,57,0,1,0,1,0.00410109999938868,
random_policy_456_a4b606e1,random_policy,train,130,456,easy,5,5,0.0001,0.95,1.0,default,100,-35.0,46,1,1,0,0,0.0033131999953184277,
random_policy_456_a4b606e1,random_policy,train,131,456,easy,5,5,0.0001,0.95,1.0,default,100,-51.0,42,0,1,0,1,0.003042600001208484,
random_policy_456_a4b606e1,random_policy,train,132,456,easy,5,5,0.0001,0.95,1.0,default,100,-100.0,100,0,0,1,0,0.0071064999938244,
random_policy_456_a4b606e1,random_policy,train,133,456,easy,5,5,0.0001,0.95,1.0,default,100,-22.0,13,0,1,0,1,0.001025099991238676,
random_policy_456_a4b606e1,random_policy,train,134,456,easy,5,5,0.0001,0.95,1.0,default,100,-42.0,53,1,1,0,0,0.0038167000020621344,
random_policy_456_a4b606e1,random_policy,train,135,456,easy,5,5,0.0001,0.95,1.0,default,100,-48.0,39,0,1,0,1,0.0028282999992370605,
random_policy_456_a4b606e1,random_policy,train,136,456,easy,5,5,0.0001,0.95,1.0,default,100,-100.0,100,0,0,1,0,0.007154700011597015,
random_policy_456_a4b606e1,random_policy,train,137,456,easy,5,5,0.0001,0.95,1.0,default,100,-49.0,40,0,1,0,1,0.002915499993832782,
random_policy_456_a4b606e1,random_policy,train,138,456,easy,5,5,0.0001,0.95,1.0,default,100,-75.0,66,0,1,0,1,0.004738299991004169,
random_policy_456_a4b606e1,random_policy,train,139,456,easy,5,5,0.0001,0.95,1.0,default,100,-71.0,62,0,1,0,1,0.004474699991988018,
random_policy_456_a4b606e1,random_policy,train,140,456,easy,5,5,0.0001,0.95,1.0,default,100,-44.0,35,0,1,0,1,0.0025640999956522137,
random_policy_456_a4b606e1,random_policy,train,141,456,easy,5,5,0.0001,0.95,1.0,default,100,-77.0,68,0,1,0,1,0.004893399993306957,
random_policy_456_a4b606e1,random_policy,train,142,456,easy,5,5,0.0001,0.95,1.0,default,100,-17.0,8,0,1,0,1,0.0006778000097256154,
random_policy_456_a4b606e1,random_policy,train,143,456,easy,5,5,0.0001,0.95,1.0,default,100,-44.0,35,0,1,0,1,0.0025628000003052875,
random_policy_456_a4b606e1,random_policy,train,144,456,easy,5,5,0.0001,0.95,1.0,default,100,-28.0,39,1,1,0,0,0.0028479999891715124,
random_policy_456_a4b606e1,random_policy,train,145,456,easy,5,5,0.0001,0.95,1.0,default,100,-19.0,10,0,1,0,1,0.000806999989436008,
random_policy_456_a4b606e1,random_policy,train,146,456,easy,5,5,0.0001,0.95,1.0,default,100,-25.0,16,0,1,0,1,0.0012193000002298504,
random_policy_456_a4b606e1,random_policy,train,147,456,easy,5,5,0.0001,0.95,1.0,default,100,-100.0,100,0,0,1,0,0.0070798999950056896,
random_policy_456_a4b606e1,random_policy,train,148,456,easy,5,5,0.0001,0.95,1.0,default,100,-10.0,21,1,1,0,0,0.0015991000109352171,
random_policy_456_a4b606e1,random_policy,train,149,456,easy,5,5,0.0001,0.95,1.0,default,100,-36.0,27,0,1,0,1,0.0019874999998137355,
random_policy_456_a4b606e1,random_policy,train,150,456,easy,5,5,0.0001,0.95,1.0,default,100,-70.0,81,1,1,0,0,0.005737700004829094,
random_policy_456_a4b606e1,random_policy,train,151,456,easy,5,5,0.0001,0.95,1.0,default,100,-26.0,17,0,1,0,1,0.001297599999816157,
random_policy_456_a4b606e1,random_policy,train,152,456,easy,5,5,0.0001,0.95,1.0,default,100,-25.0,16,0,1,0,1,0.0012143000058131292,
random_policy_456_a4b606e1,random_policy,train,153,456,easy,5,5,0.0001,0.95,1.0,default,100,-43.0,54,1,1,0,0,0.0038588000024901703,
random_policy_456_a4b606e1,random_policy,train,154,456,easy,5,5,0.0001,0.95,1.0,default,100,-32.0,23,0,1,0,1,0.0017224000039277598,
random_policy_456_a4b606e1,random_policy,train,155,456,easy,5,5,0.0001,0.95,1.0,default,100,-15.0,6,0,1,0,1,0.0005231000104686245,
random_policy_456_a4b606e1,random_policy,train,156,456,easy,5,5,0.0001,0.95,1.0,default,100,-89.0,80,0,1,0,1,0.005663300005835481,
random_policy_456_a4b606e1,random_policy,train,157,456,easy,5,5,0.0001,0.95,1.0,default,100,-87.0,98,1,1,0,0,0.006933199998456985,
random_policy_456_a4b606e1,random_policy,train,158,456,easy,5,5,0.0001,0.95,1.0,default,100,-18.0,9,0,1,0,1,0.0007420999900205061,
random_policy_456_a4b606e1,random_policy,train,159,456,easy,5,5,0.0001,0.95,1.0,default,100,-11.0,22,1,1,0,0,0.00163050000264775,
random_policy_456_a4b606e1,random_policy,train,160,456,easy,5,5,0.0001,0.95,1.0,default,100,-36.0,27,0,1,0,1,0.001977500010980293,
random_policy_456_a4b606e1,random_policy,train,161,456,easy,5,5,0.0001,0.95,1.0,default,100,-23.0,14,0,1,0,1,0.0011424999975133687,
random_policy_456_a4b606e1,random_policy,train,162,456,easy,5,5,0.0001,0.95,1.0,default,100,-72.0,83,1,1,0,0,0.00590570000349544,
random_policy_456_a4b606e1,random_policy,train,163,456,easy,5,5,0.0001,0.95,1.0,default,100,-64.0,55,0,1,0,1,0.0039766999980201945,
random_policy_456_a4b606e1,random_policy,train,164,456,easy,5,5,0.0001,0.95,1.0,default,100,-6.0,17,1,1,0,0,0.00129489999380894,
random_policy_456_a4b606e1,random_policy,train,165,456,easy,5,5,0.0001,0.95,1.0,default,100,-27.0,18,0,1,0,1,0.001366500000585802,
random_policy_456_a4b606e1,random_policy,train,166,456,easy,5,5,0.0001,0.95,1.0,default,100,-32.0,43,1,1,0,0,0.003122800000710413,
random_policy_456_a4b606e1,random_policy,train,167,456,easy,5,5,0.0001,0.95,1.0,default,100,-16.0,7,0,1,0,1,0.0005997000116622075,
random_policy_456_a4b606e1,random_policy,train,168,456,easy,5,5,0.0001,0.95,1.0,default,100,-21.0,12,0,1,0,1,0.0009371000051032752,
random_policy_456_a4b606e1,random_policy,train,169,456,easy,5,5,0.0001,0.95,1.0,default,100,-100.0,100,0,0,1,0,0.00711540000338573,
random_policy_456_a4b606e1,random_policy,train,170,456,easy,5,5,0.0001,0.95,1.0,default,100,-100.0,100,0,0,1,0,0.007121700007701293,
random_policy_456_a4b606e1,random_policy,train,171,456,easy,5,5,0.0001,0.95,1.0,default,100,-14.0,5,0,1,0,1,0.00045980000868439674,
random_policy_456_a4b606e1,random_policy,train,172,456,easy,5,5,0.0001,0.95,1.0,default,100,-23.0,14,0,1,0,1,0.0010729000059654936,
random_policy_456_a4b606e1,random_policy,train,173,456,easy,5,5,0.0001,0.95,1.0,default,100,-20.0,11,0,1,0,1,0.0008763000078033656,
random_policy_456_a4b606e1,random_policy,train,174,456,easy,5,5,0.0001,0.95,1.0,default,100,-73.0,64,0,1,0,1,0.0045845999993616715,
random_policy_456_a4b606e1,random_policy,train,175,456,easy,5,5,0.0001,0.95,1.0,default,100,-109.0,100,0,1,0,1,0.007131399994250387,
random_policy_456_a4b606e1,random_policy,train,176,456,easy,5,5,0.0001,0.95,1.0,default,100,-19.0,10,0,1,0,1,0.0008096000092336908,
random_policy_456_a4b606e1,random_policy,train,177,456,easy,5,5,0.0001,0.95,1.0,default,100,-35.0,26,0,1,0,1,0.0019314000091981143,
random_policy_456_a4b606e1,random_policy,train,178,456,easy,5,5,0.0001,0.95,1.0,default,100,-100.0,100,0,0,1,0,0.007222400003229268,
random_policy_456_a4b606e1,random_policy,train,179,456,easy,5,5,0.0001,0.95,1.0,default,100,-22.0,13,0,1,0,1,0.001064700001734309,
random_policy_456_a4b606e1,random_policy,train,180,456,easy,5,5,0.0001,0.95,1.0,default,100,-31.0,22,0,1,0,1,0.0016405999922426417,
random_policy_456_a4b606e1,random_policy,train,181,456,easy,5,5,0.0001,0.95,1.0,default,100,-25.0,16,0,1,0,1,0.0013003000058233738,
random_policy_456_a4b606e1,random_policy,train,182,456,easy,5,5,0.0001,0.95,1.0,default,100,-44.0,55,1,1,0,0,0.003977999993367121,
random_policy_456_a4b606e1,random_policy,train,183,456,easy,5,5,0.0001,0.95,1.0,default,100,-58.0,49,0,1,0,1,0.0035435000027064234,
random_policy_456_a4b606e1,random_policy,train,184,456,easy,5,5,0.0001,0.95,1.0,default,100,-20.0,11,0,1,0,1,0.0008753000001888722,
random_policy_456_a4b606e1,random_policy,train,185,456,easy,5,5,0.0001,0.95,1.0,default,100,-100.0,100,0,0,1,0,0.00709840000490658,
random_policy_456_a4b606e1,random_policy,train,186,456,easy,5,5,0.0001,0.95,1.0,default,100,-28.0,19,0,1,0,1,0.0014328999968711287,
random_policy_456_a4b606e1,random_policy,train,187,456,easy,5,5,0.0001,0.95,1.0,default,100,-27.0,18,0,1,0,1,0.0013790999946650118,
random_policy_456_a4b606e1,random_policy,train,188,456,easy,5,5,0.0001,0.95,1.0,default,100,-79.0,70,0,1,0,1,0.005106299999170005,
random_policy_456_a4b606e1,random_policy,train,189,456,easy,5,5,0.0001,0.95,1.0,default,100,-61.0,52,0,1,0,1,0.0037569999985862523,
random_policy_456_a4b606e1,random_policy,train,190,456,easy,5,5,0.0001,0.95,1.0,default,100,-55.0,66,1,1,0,0,0.004691100009949878,
random_policy_456_a4b606e1,random_policy,train,191,456,easy,5,5,0.0001,0.95,1.0,default,100,-36.0,27,0,1,0,1,0.0019915000011678785,
random_policy_456_a4b606e1,random_policy,train,192,456,easy,5,5,0.0001,0.95,1.0,default,100,-41.0,32,0,1,0,1,0.002315899997483939,
random_policy_456_a4b606e1,random_policy,train,193,456,easy,5,5,0.0001,0.95,1.0,default,100,-100.0,100,0,0,1,0,0.007167100004153326,
random_policy_456_a4b606e1,random_policy,train,194,456,easy,5,5,0.0001,0.95,1.0,default,100,-74.0,85,1,1,0,0,0.0060457000072347,
random_policy_456_a4b606e1,random_policy,train,195,456,easy,5,5,0.0001,0.95,1.0,default,100,-100.0,100,0,0,1,0,0.0070755999913671985,
random_policy_456_a4b606e1,random_policy,train,196,456,easy,5,5,0.0001,0.95,1.0,default,100,-24.0,35,1,1,0,0,0.002550699995481409,
random_policy_456_a4b606e1,random_policy,train,197,456,easy,5,5,0.0001,0.95,1.0,default,100,-37.0,28,0,1,0,1,0.002062400002614595,
random_policy_456_a4b606e1,random_policy,train,198,456,easy,5,5,0.0001,0.95,1.0,default,100,-63.0,74,1,1,0,0,0.005345500001567416,
random_policy_456_a4b606e1,random_policy,train,199,456,easy,5,5,0.0001,0.95,1.0,default,100,-38.0,29,0,1,0,1,0.002172200009226799,
random_policy_456_a4b606e1,random_policy,train,200,456,easy,5,5,0.0001,0.95,1.0,default,100,-42.0,33,0,1,0,1,0.002388799999607727,results\random_policy\seed_456\qtable_ep200.npz
random_policy_456_a4b606e1,random_policy,train,201,456,easy,5,5,0.0001,0.95,1.0,default,100,-74.0,65,0,1,0,1,0.004739099997095764,
random_policy_456_a4b606e1,random_policy,train,202,456,easy,5,5,0.0001,0.95,1.0,default,100,-16.0,7,0,1,0,1,0.0006196999893290922,
random_policy_456_a4b606e1,random_policy,train,203,456,easy,5,5,0.0001,0.95,1.0,default,100,-49.0,60,1,1,0,0,0.004288800002541393,
random_policy_456_a4b606e1,random_policy,train,204,456,easy,5,5,0.0001,0.95,1.0,default,100,-71.0,82,1,1,0,0,0.005817400000523776,
random_policy_456_a4b606e1,random_policy,train,205,456,easy,5,5,0.0001,0.95,1.0,default,100,-94.0,85,0,1,0,1,0.006025199996656738,
random_policy_456_a4b606e1,random_policy,train,206,456,easy,5,5,0.0001,0.95,1.0,default,100,-73.0,64,0,1,0,1,0.004553299993858673,
random_policy_456_a4b606e1,random_policy,train,207,456,easy,5,5,0.0001,0.95,1.0,default,100,-98.0,89,0,1,0,1,0.006300399996689521,
random_policy_456_a4b606e1,random_policy,train,208,456,easy,5,5,0.0001,0.95,1.0,default,100,-100.0,100,0,0,1,0,0.007067800004733726,
random_policy_456_a4b606e1,random_policy,train,209,456,easy,5,5,0.0001,0.95,1.0,default,100,-55.0,46,0,1,0,1,0.003304300000309013,
random_policy_456_a4b606e1,random_policy,train,210,456,easy,5,5,0.0001,0.95,1.0,default,100,-45.0,56,1,1,0,0,0.004000800006906502,
random_policy_456_a4b606e1,random_policy,train,211,456,easy,5,5,0.0001,0.95,1.0,default,100,-39.0,30,0,1,0,1,0.002191899999161251,
random_policy_456_a4b606e1,random_policy,train,212,456,easy,5,5,0.0001,0.95,1.0,default,100,-36.0,47,1,1,0,0,0.0033651999983703718,
random_policy_456_a4b606e1,random_policy,train,213,456,easy,5,5,0.0001,0.95,1.0,default,100,-58.0,69,1,1,0,0,0.004882799999904819,
random_policy_456_a4b606e1,random_policy,train,214,456,easy,5,5,0.0001,0.95,1.0,default,100,-18.0,9,0,1,0,1,0.0007359000010183081,
random_policy_456_a4b606e1,random_policy,train,215,456,easy,5,5,0.0001,0.95,1.0,default,100,-15.0,26,1,1,0,0,0.0019302000000607222,
random_policy_456_a4b606e1,random_policy,train,216,456,easy,5,5,0.0001,0.95,1.0,default,100,-36.0,27,0,1,0,1,0.0019855999998981133,
random_policy_456_a4b606e1,random_policy,train,217,456,easy,5,5,0.0001,0.95,1.0,default,100,-27.0,18,0,1,0,1,0.001361000002361834,
random_policy_456_a4b606e1,random_policy,train,218,456,easy,5,5,0.0001,0.95,1.0,default,100,-100.0,100,0,0,1,0,0.007171999997808598,
random_policy_456_a4b606e1,random_policy,train,219,456,easy,5,5,0.0001,0.95,1.0,default,100,-67.0,58,0,1,0,1,0.004224200005410239,
random_policy_456_a4b606e1,random_policy,train,220,456,easy,5,5,0.0001,0.95,1.0,default,100,-53.0,44,0,1,0,1,0.003159100000630133,
random_policy_456_a4b606e1,random_policy,train,221,456,easy,5,5,0.0001,0.95,1.0,default,100,-51.0,42,0,1,0,1,0.0031039000023156404,
random_policy_456_a4b606e1,random_policy,train,222,456,easy,5,5,0.0001,0.95,1.0,default,100,-20.0,11,0,1,0,1,0.000900499988347292,
random_policy_456_a4b606e1,random_policy,train,223,456,easy,5,5,0.0001,0.95,1.0,default,100,-46.0,37,0,1,0,1,0.002689400003873743,
random_policy_456_a4b606e1,random_policy,train,224,456,easy,5,5,0.0001,0.95,1.0,default,100,-32.0,23,0,1,0,1,0.0017933000053744763,
random_policy_456_a4b606e1,random_policy,train,225,456,easy,5,5,0.0001,0.95,1.0,default,100,-55.0,66,1,1,0,0,0.004725699996924959,
random_policy_456_a4b606e1,random_policy,train,226,456,easy,5,5,0.0001,0.95,1.0,default,100,-22.0,33,1,1,0,0,0.0024129000084940344,
random_policy_456_a4b606e1,random_policy,train,227,456,easy,5,5,0.0001,0.95,1.0,default,100,-100.0,100,0,0,1,0,0.0071494000003440306,
random_policy_456_a4b606e1,random_policy,train,228,456,easy,5,5,0.0001,0.95,1.0,default,100,-5.0,16,1,1,0,0,0.0012396999954944476,
random_policy_456_a4b606e1,random_policy,train,229,456,easy,5,5,0.0001,0.95,1.0,default,100,-22.0,13,0,1,0,1,0.001007500002742745,
random_policy_456_a4b606e1,random_policy,train,230,456,easy,5,5,0.0001,0.95,1.0,default,100,-34.0,25,0,1,0,1,0.0018430000054650009,
random_policy_456_a4b606e1,random_policy,train,231,456,easy,5,5,0.0001,0.95,1.0,default,100,-100.0,100,0,0,1,0,0.0071020000032149255,
random_policy_456_a4b606e1,random_policy,train,232,456,easy,5,5,0.0001,0.95,1.0,default,100,-100.0,100,0,0,1,0,0.0070983000041451305,
random_policy_456_a4b606e1,random_policy,train,233,456,easy,5,5,0.0001,0.95,1.0,default,100,-18.0,9,0,1,0,1,0.0007369000086328015,
random_policy_456_a4b606e1,random_policy,train,234,456,easy,5,5,0.0001,0.95,1.0,default,100,-51.0,42,0,1,0,1,0.0030495000100927427,
random_policy_456_a4b606e1,random_policy,train,235,456,easy,5,5,0.0001,0.95,1.0,default,100,-20.0,11,0,1,0,1,0.0008675999997649342,
random_policy_456_a4b606e1,random_policy,train,236,456,easy,5,5,0.0001,0.95,1.0,default,100,-93.0,84,0,1,0,1,0.005966900003841147,
random_policy_456_a4b606e1,random_policy,train,237,456,easy,5,5,0.0001,0.95,1.0,default,100,-64.0,55,0,1,0,1,0.004016299993963912,
random_policy_456_a4b606e1,random_policy,train,238,456,easy,5,5,0.0001,0.95,1.0,default,100,-16.0,7,0,1,0,1,0.0006113999988883734,
random_policy_456_a4b606e1,random_policy,train,239,456,easy,5,5,0.0001,0.95,1.0,default,100,-24.0,15,0,1,0,1,0.0011482999980216846,
random_policy_456_a4b606e1,random_policy,train,240,456,easy,5,5,0.0001,0.95,1.0,default,100,-83.0,74,0,1,0,1,0.005277800009935163,
random_policy_456_a4b606e1,random_policy,train,241,456,easy,5,5,0.0001,0.95,1.0,default,100,-45.0,36,0,1,0,1,0.002727200000663288,
random_policy_456_a4b606e1,random_policy,train,242,456,easy,5,5,0.0001,0.95,1.0,default,100,-35.0,26,0,1,0,1,0.001938400004291907,
random_policy_456_a4b606e1,random_policy,train,243,456,easy,5,5,0.0001,0.95,1.0,default,100,-100.0,100,0,0,1,0,0.007080500014126301,
random_policy_456_a4b606e1,random_policy,train,244,456,easy,5,5,0.0001,0.95,1.0,default,100,-17.0,8,0,1,0,1,0.0006778999959351495,
random_policy_456_a4b606e1,random_policy,train,245,456,easy,5,5,0.0001,0.95,1.0,default,100,-100.0,100,0,0,1,0,0.007143399998312816,
random_policy_456_a4b606e1,random_policy,train,246,456,easy,5,5,0.0001,0.95,1.0,default,100,-100.0,100,0,0,1,0,0.007100999995600432,
random_policy_456_a4b606e1,random_policy,train,247,456,easy,5,5,0.0001,0.95,1.0,default,100,-61.0,52,0,1,0,1,0.0037413999962154776,
random_policy_456_a4b606e1,random_policy,train,248,456,easy,5,5,0.0001,0.95,1.0,default,100,-63.0,54,0,1,0,1,0.00389069999800995,
random_policy_456_a4b606e1,random_policy,train,249,456,easy,5,5,0.0001,0.95,1.0,default,100,-42.0,33,0,1,0,1,0.0025351000076625496,
random_policy_456_a4b606e1,random_policy,train,250,456,easy,5,5,0.0001,0.95,1.0,default,100,-41.0,32,0,1,0,1,0.0023806000099284574,
random_policy_456_a4b606e1,random_policy,train,251,456,easy,5,5,0.0001,0.95,1.0,default,100,0.0,11,1,1,0,0,0.0008773000008659437,
random_policy_456_a4b606e1,random_policy,train,252,456,easy,5,5,0.0001,0.95,1.0,default,100,-39.0,30,0,1,0,1,0.0021877999970456585,
random_policy_456_a4b606e1,random_policy,train,253,456,easy,5,5,0.0001,0.95,1.0,default,100,-42.0,33,0,1,0,1,0.0024021999997785315,
random_policy_456_a4b606e1,random_policy,train,254,456,easy,5,5,0.0001,0.95,1.0,default,100,-95.0,86,0,1,0,1,0.0060656999994535,
random_policy_456_a4b606e1,random_policy,train,255,456,easy,5,5,0.0001,0.95,1.0,default,100,-63.0,54,0,1,0,1,0.003856800001813099,
random_policy_456_a4b606e1,random_policy,train,256,456,easy,5,5,0.0001,0.95,1.0,default,100,-81.0,92,1,1,0,0,0.006549600002472289,
random_policy_456_a4b606e1,random_policy,train,257,456,easy,5,5,0.0001,0.95,1.0,default,100,-100.0,100,0,0,1,0,0.007070299994666129,
random_policy_456_a4b606e1,random_policy,train,258,456,easy,5,5,0.0001,0.95,1.0,default,100,-100.0,100,0,0,1,0,0.007066800011671148,
random_policy_456_a4b606e1,random_policy,train,259,456,easy,5,5,0.0001,0.95,1.0,default,100,-32.0,23,0,1,0,1,0.001720699990983121,
random_policy_456_a4b606e1,random_policy,train,260,456,easy,5,5,0.0001,0.95,1.0,default,100,-100.0,91,0,1,0,1,0.006428199994843453,
random_policy_456_a4b606e1,random_policy,train,261,456,easy,5,5,0.0001,0.95,1.0,default,100,-32.0,23,0,1,0,1,0.0017863000102806836,
random_policy_456_a4b606e1,random_policy,train,262,456,easy,5,5,0.0001,0.95,1.0,default,100,-38.0,49,1,1,0,0,0.003568999993149191,
random_policy_456_a4b606e1,random_policy,train,263,456,easy,5,5,0.0001,0.95,1.0,default,100,-69.0,60,0,1,0,1,0.004301499997382052,
random_policy_456_a4b606e1,random_policy,train,264,456,easy,5,5,0.0001,0.95,1.0,default,100,-29.0,40,1,1,0,0,0.0029100000101607293,
random_policy_456_a4b606e1,random_policy,train,265,456,easy,5,5,0.0001,0.95,1.0,default,100,-7.0,18,1,1,0,0,0.001370500001939945,
random_policy_456_a4b606e1,random_policy,train,266,456,easy,5,5,0.0001,0.95,1.0,default,100,-77.0,88,1,1,0,0,0.006306499999482185,
random_policy_456_a4b606e1,random_policy,train,267,456,easy,5,5,0.0001,0.95,1.0,default,100,-49.0,60,1,1,0,0,0.0043304999999236315,
random_policy_456_a4b606e1,random_policy,train,268,456,easy,5,5,0.0001,0.95,1.0,default,100,-56.0,47,0,1,0,1,0.0033941000001505017,
random_policy_456_a4b606e1,random_policy,train,269,456,easy,5,5,0.0001,0.95,1.0,default,100,-76.0,67,0,1,0,1,0.0047946999984560534,
random_policy_456_a4b606e1,random_policy,train,270,456,easy,5,5,0.0001,0.95,1.0,default,100,-100.0,100,0,0,1,0,0.007113600004231557,
random_policy_456_a4b606e1,random_policy,train,271,456,easy,5,5,0.0001,0.95,1.0,default,100,-19.0,10,0,1,0,1,0.0008164000028045848,
random_policy_456_a4b606e1,random_policy,train,272,456,easy,5,5,0.0001,0.95,1.0,default,100,-100.0,100,0,0,1,0,0.007112000006600283,
random_policy_456_a4b606e1,random_policy,train,273,456,easy,5,5,0.0001,0.95,1.0,default,100,-100.0,100,0,0,1,0,0.007135499996365979,
random_policy_456_a4b606e1,random_policy,train,274,456,easy,5,5,0.0001,0.95,1.0,default,100,-57.0,48,0,1,0,1,0.003460600011749193,
random_policy_456_a4b606e1,random_policy,train,275,456,easy,5,5,0.0001,0.95,1.0,default,100,-45.0,56,1,1,0,0,0.004014599995571189,
random_policy_456_a4b606e1,random_policy,train,276,456,easy,5,5,0.0001,0.95,1.0,default,100,-87.0,78,0,1,0,1,0.0055773999920347705,
random_policy_456_a4b606e1,random_policy,train,277,456,easy,5,5,0.0001,0.95,1.0,default,100,-22.0,13,0,1,0,1,0.0010487999970791861,
random_policy_456_a4b606e1,random_policy,train,278,456,easy,5,5,0.0001,0.95,1.0,default,100,-67.0,58,0,1,0,1,0.0041402999922866,
random_policy_456_a4b606e1,random_policy,train,279,456,easy,5,5,0.0001,0.95,1.0,default,100,-100.0,100,0,0,1,0,0.007123899995349348,
random_policy_456_a4b606e1,random_policy,train,280,456,easy,5,5,0.0001,0.95,1.0,default,100,-48.0,39,0,1,0,1,0.0028371999942464754,
random_policy_456_a4b606e1,random_policy,train,281,456,easy,5,5,0.0001,0.95,1.0,default,100,-40.0,31,0,1,0,1,0.0023341999913100153,
random_policy_456_a4b606e1,random_policy,train,282,456,easy,5,5,0.0001,0.95,1.0,default,100,-52.0,43,0,1,0,1,0.0031214000046020374,
random_policy_456_a4b606e1,random_policy,train,283,456,easy,5,5,0.0001,0.95,1.0,default,100,-43.0,34,0,1,0,1,0.0025033000129042193,
random_policy_456_a4b606e1,random_policy,train,284,456,easy,5,5,0.0001,0.95,1.0,default,100,-100.0,100,0,0,1,0,0.007079199989675544,
random_policy_456_a4b606e1,random_policy,train,285,456,easy,5,5,0.0001,0.95,1.0,default,100,-44.0,35,0,1,0,1,0.002547500000218861,
random_policy_456_a4b606e1,random_policy,train,286,456,easy,5,5,0.0001,0.95,1.0,default,100,-13.0,24,1,1,0,0,0.0017793000006349757,
random_policy_456_a4b606e1,random_policy,train,287,456,easy,5,5,0.0001,0.95,1.0,default,100,-50.0,41,0,1,0,1,0.0029834000015398487,
random_policy_456_a4b606e1,random_policy,train,288,456,easy,5,5,0.0001,0.95,1.0,default,100,-34.0,25,0,1,0,1,0.0018506000051274896,
random_policy_456_a4b606e1,random_policy,train,289,456,easy,5,5,0.0001,0.95,1.0,default,100,-42.0,33,0,1,0,1,0.002406600004178472,
random_policy_456_a4b606e1,random_policy,train,290,456,easy,5,5,0.0001,0.95,1.0,default,100,-51.0,62,1,1,0,0,0.004427300009410828,
random_policy_456_a4b606e1,random_policy,train,291,456,easy,5,5,0.0001,0.95,1.0,default,100,-39.0,30,0,1,0,1,0.0021919999999227002,
random_policy_456_a4b606e1,random_policy,train,292,456,easy,5,5,0.0001,0.95,1.0,default,100,-100.0,100,0,0,1,0,0.007093900014297105,
random_policy_456_a4b606e1,random_policy,train,293,456,easy,5,5,0.0001,0.95,1.0,default,100,-45.0,36,0,1,0,1,0.0026164000009885058,
random_policy_456_a4b606e1,random_policy,train,294,456,easy,5,5,0.0001,0.95,1.0,default,100,-100.0,100,0,0,1,0,0.00708130000566598,
random_policy_456_a4b606e1,random_policy,train,295,456,easy,5,5,0.0001,0.95,1.0,default,100,-16.0,7,0,1,0,1,0.0005936000088695437,
random_policy_456_a4b606e1,random_policy,train,296,456,easy,5,5,0.0001,0.95,1.0,default,100,-19.0,10,0,1,0,1,0.0007947999984025955,
random_policy_456_a4b606e1,random_policy,train,297,456,easy,5,5,0.0001,0.95,1.0,default,100,-49.0,40,0,1,0,1,0.0029147000022931024,
random_policy_456_a4b606e1,random_policy,train,298,456,easy,5,5,0.0001,0.95,1.0,default,100,-18.0,9,0,1,0,1,0.0007333999965339899,
random_policy_456_a4b606e1,random_policy,train,299,456,easy,5,5,0.0001,0.95,1.0,default,100,-26.0,17,0,1,0,1,0.0012894999963464215,
random_policy_456_a4b606e1,random_policy,train,300,456,easy,5,5,0.0001,0.95,1.0,default,100,-75.0,66,0,1,0,1,0.004702400008682162,
random_policy_456_a4b606e1,random_policy,train,301,456,easy,5,5,0.0001,0.95,1.0,default,100,-44.0,35,0,1,0,1,0.0026145000010728836,
random_policy_456_a4b606e1,random_policy,train,302,456,easy,5,5,0.0001,0.95,1.0,default,100,-81.0,72,0,1,0,1,0.005118200002470985,
random_policy_456_a4b606e1,random_policy,train,303,456,easy,5,5,0.0001,0.95,1.0,default,100,-67.0,58,0,1,0,1,0.004162099998211488,
random_policy_456_a4b606e1,random_policy,train,304,456,easy,5,5,0.0001,0.95,1.0,default,100,-59.0,50,0,1,0,1,0.0035836000024573877,
random_policy_456_a4b606e1,random_policy,train,305,456,easy,5,5,0.0001,0.95,1.0,default,100,-21.0,12,0,1,0,1,0.0009488000068813562,
random_policy_456_a4b606e1,random_policy,train,306,456,easy,5,5,0.0001,0.95,1.0,default,100,-100.0,100,0,0,1,0,0.007099599999492057,
random_policy_456_a4b606e1,random_policy,train,307,456,easy,5,5,0.0001,0.95,1.0,default,100,-27.0,18,0,1,0,1,0.0013755999971181154,
random_policy_456_a4b606e1,random_policy,train,308,456,easy,5,5,0.0001,0.95,1.0,default,100,-40.0,51,1,1,0,0,0.003650099999504164,
random_policy_456_a4b606e1,random_policy,train,309,456,easy,5,5,0.0001,0.95,1.0,default,100,-63.0,54,0,1,0,1,0.0038746000063838437,
random_policy_456_a4b606e1,random_policy,train,310,456,easy,5,5,0.0001,0.95,1.0,default,100,-100.0,100,0,0,1,0,0.007086400000844151,
random_policy_456_a4b606e1,random_policy,train,311,456,easy,5,5,0.0001,0.95,1.0,default,100,-34.0,25,0,1,0,1,0.001866799997515045,
random_policy_456_a4b606e1,random_policy,train,312,456,easy,5,5,0.0001,0.95,1.0,default,100,-105.0,96,0,1,0,1,0.006793299995479174,
random_policy_456_a4b606e1,random_policy,train,313,456,easy,5,5,0.0001,0.95,1.0,default,100,-17.0,8,0,1,0,1,0.0006786000012652948,
random_policy_456_a4b606e1,random_policy,train,314,456,easy,5,5,0.0001,0.95,1.0,default,100,-100.0,100,0,0,1,0,0.007060700008878484,
random_policy_456_a4b606e1,random_policy,train,315,456,easy,5,5,0.0001,0.95,1.0,default,100,-28.0,19,0,1,0,1,0.0014324000076157972,
random_policy_456_a4b606e1,random_policy,train,316,456,easy,5,5,0.0001,0.95,1.0,default,100,-15.0,6,0,1,0,1,0.0005200000014156103,
random_policy_456_a4b606e1,random_policy,train,317,456,easy,5,5,0.0001,0.95,1.0,default,100,-50.0,41,0,1,0,1,0.002967100008390844,
random_policy_456_a4b606e1,random_policy,train,318,456,easy,5,5,0.0001,0.95,1.0,default,100,-41.0,32,0,1,0,1,0.0023530000034952536,
random_policy_456_a4b606e1,random_policy,train,319,456,easy,5,5,0.0001,0.95,1.0,default,100,-51.0,62,1,1,0,0,0.004423600010341033,
random_policy_456_a4b606e1,random_policy,train,320,456,easy,5,5,0.0001,0.95,1.0,default,100,-31.0,42,1,1,0,0,0.003044400000362657,
random_policy_456_a4b606e1,random_policy,train,321,456,easy,5,5,0.0001,0.95,1.0,default,100,-77.0,68,0,1,0,1,0.004924000008031726,
random_policy_456_a4b606e1,random_policy,train,322,456,easy,5,5,0.0001,0.95,1.0,default,100,-49.0,40,0,1,0,1,0.002893099997891113,
random_policy_456_a4b606e1,random_policy,train,323,456,easy,5,5,0.0001,0.95,1.0,default,100,-28.0,39,1,1,0,0,0.0028085999947506934,
random_policy_456_a4b606e1,random_policy,train,324,456,easy,5,5,0.0001,0.95,1.0,default,100,-28.0,19,0,1,0,1,0.0014238000003388152,
random_policy_456_a4b606e1,random_policy,train,325,456,easy,5,5,0.0001,0.95,1.0,default,100,-33.0,44,1,1,0,0,0.0031559000053675845,
random_policy_456_a4b606e1,random_policy,train,326,456,easy,5,5,0.0001,0.95,1.0,default,100,-60.0,51,0,1,0,1,0.003657799999928102,
random_policy_456_a4b606e1,random_policy,train,327,456,easy,5,5,0.0001,0.95,1.0,default,100,-37.0,28,0,1,0,1,0.002056899989838712,
random_policy_456_a4b606e1,random_policy,train,328,456,easy,5,5,0.0001,0.95,1.0,default,100,-21.0,32,1,1,0,0,0.002326999994693324,
random_policy_456_a4b606e1,random_policy,train,329,456,easy,5,5,0.0001,0.95,1.0,default,100,-100.0,100,0,0,1,0,0.007043600009637885,
random_policy_456_a4b606e1,random_policy,train,330,456,easy,5,5,0.0001,0.95,1.0,default,100,-47.0,58,1,1,0,0,0.004136400006245822,
random_policy_456_a4b606e1,random_policy,train,331,456,easy,5,5,0.0001,0.95,1.0,default,100,-4.0,15,1,1,0,0,0.0011513000063132495,
random_policy_456_a4b606e1,random_policy,train,332,456,easy,5,5,0.0001,0.95,1.0,default,100,-61.0,52,0,1,0,1,0.0037026000063633546,
random_policy_456_a4b606e1,random_policy,train,333,456,easy,5,5,0.0001,0.95,1.0,default,100,-100.0,100,0,0,1,0,0.0070297000056598336,
random_policy_456_a4b606e1,random_policy,train,334,456,easy,5,5,0.0001,0.95,1.0,default,100,-105.0,96,0,1,0,1,0.006767500002752058,
random_policy_456_a4b606e1,random_policy,train,335,456,easy,5,5,0.0001,0.95,1.0,default,100,-71.0,62,0,1,0,1,0.00440550000348594,
random_policy_456_a4b606e1,random_policy,train,336,456,easy,5,5,0.0001,0.95,1.0,default,100,-15.0,6,0,1,0,1,0.000527900003362447,
random_policy_456_a4b606e1,random_policy,train,337,456,easy,5,5,0.0001,0.95,1.0,default,100,-8.0,19,1,1,0,0,0.0014186999906087294,
random_policy_456_a4b606e1,random_policy,train,338,456,easy,5,5,0.0001,0.95,1.0,default,100,-62.0,53,0,1,0,1,0.0038372999988496304,
random_policy_456_a4b606e1,random_policy,train,339,456,easy,5,5,0.0001,0.95,1.0,default,100,-38.0,29,0,1,0,1,0.0021231999999145046,
random_policy_456_a4b606e1,random_policy,train,340,456,easy,5,5,0.0001,0.95,1.0,default,100,-70.0,61,0,1,0,1,0.004360799997812137,
random_policy_456_a4b606e1,random_policy,train,341,456,easy,5,5,0.0001,0.95,1.0,default,100,-14.0,5,0,1,0,1,0.0004926000110572204,
random_policy_456_a4b606e1,random_policy,train,342,456,easy,5,5,0.0001,0.95,1.0,default,100,-38.0,29,0,1,0,1,0.002124299993738532,
random_policy_456_a4b606e1,random_policy,train,343,456,easy,5,5,0.0001,0.95,1.0,default,100,-62.0,73,1,1,0,0,0.005192900003748946,
random_policy_456_a4b606e1,random_policy,train,344,456,easy,5,5,0.0001,0.95,1.0,default,100,-66.0,57,0,1,0,1,0.004078700003447011,
random_policy_456_a4b606e1,random_policy,train,345,456,easy,5,5,0.0001,0.95,1.0,default,100,-25.0,16,0,1,0,1,0.0012174000003142282,
random_policy_456_a4b606e1,random_policy,train,346,456,easy,5,5,0.0001,0.95,1.0,default,100,-32.0,43,1,1,0,0,0.003097500011790544,
random_policy_456_a4b606e1,random_policy,train,347,456,easy,5,5,0.0001,0.95,1.0,default,100,-31.0,22,0,1,0,1,0.0016322000010404736,
random_policy_456_a4b606e1,random_policy,train,348,456,easy,5,5,0.0001,0.95,1.0,default,100,-100.0,100,0,0,1,0,0.007133000006433576,
random_policy_456_a4b606e1,random_policy,train,349,456,easy,5,5,0.0001,0.95,1.0,default,100,-19.0,30,1,1,0,0,0.002200899994932115,
random_policy_456_a4b606e1,random_policy,train,350,456,easy,5,5,0.0001,0.95,1.0,default,100,-28.0,19,0,1,0,1,0.0014340000052470714,
random_policy_456_a4b606e1,random_policy,train,351,456,easy,5,5,0.0001,0.95,1.0,default,100,-23.0,14,0,1,0,1,0.0010741000005509704,
random_policy_456_a4b606e1,random_policy,train,352,456,easy,5,5,0.0001,0.95,1.0,default,100,-74.0,65,0,1,0,1,0.004688100001658313,
random_policy_456_a4b606e1,random_policy,train,353,456,easy,5,5,0.0001,0.95,1.0,default,100,-13.0,24,1,1,0,0,0.001786499997251667,
random_policy_456_a4b606e1,random_policy,train,354,456,easy,5,5,0.0001,0.95,1.0,default,100,-100.0,100,0,0,1,0,0.007075100002111867,
random_policy_456_a4b606e1,random_policy,train,355,456,easy,5,5,0.0001,0.95,1.0,default,100,-32.0,23,0,1,0,1,0.0017205000040121377,
random_policy_456_a4b606e1,random_policy,train,356,456,easy,5,5,0.0001,0.95,1.0,default,100,-39.0,30,0,1,0,1,0.0021908000053372234,
random_policy_456_a4b606e1,random_policy,train,357,456,easy,5,5,0.0001,0.95,1.0,default,100,-30.0,41,1,1,0,0,0.0029768000094918534,
random_policy_456_a4b606e1,random_policy,train,358,456,easy,5,5,0.0001,0.95,1.0,default,100,-41.0,32,0,1,0,1,0.0023305999930016696,
random_policy_456_a4b606e1,random_policy,train,359,456,easy,5,5,0.0001,0.95,1.0,default,100,-61.0,72,1,1,0,0,0.005089099999167956,
random_policy_456_a4b606e1,random_policy,train,360,456,easy,5,5,0.0001,0.95,1.0,default,100,-100.0,100,0,0,1,0,0.007069800005410798,
random_policy_456_a4b606e1,random_policy,train,361,456,easy,5,5,0.0001,0.95,1.0,default,100,-42.0,53,1,1,0,0,0.003839400000288151,
random_policy_456_a4b606e1,random_policy,train,362,456,easy,5,5,0.0001,0.95,1.0,default,100,-9.0,20,1,1,0,0,0.0015041999868117273,
random_policy_456_a4b606e1,random_policy,train,363,456,easy,5,5,0.0001,0.95,1.0,default,100,-18.0,9,0,1,0,1,0.0007291999936569482,
random_policy_456_a4b606e1,random_policy,train,364,456,easy,5,5,0.0001,0.95,1.0,default,100,-47.0,58,1,1,0,0,0.0041258999990532175,
random_policy_456_a4b606e1,random_policy,train,365,456,easy,5,5,0.0001,0.95,1.0,default,100,-32.0,43,1,1,0,0,0.0031417999998666346,
random_policy_456_a4b606e1,random_policy,train,366,456,easy,5,5,0.0001,0.95,1.0,default,100,-51.0,42,0,1,0,1,0.0030239000043366104,
random_policy_456_a4b606e1,random_policy,train,367,456,easy,5,5,0.0001,0.95,1.0,default,100,-100.0,100,0,0,1,0,0.007066199992550537,
random_policy_456_a4b606e1,random_policy,train,368,456,easy,5,5,0.0001,0.95,1.0,default,100,-100.0,100,0,0,1,0,0.007074900000588968,
random_policy_456_a4b606e1,random_policy,train,369,456,easy,5,5,0.0001,0.95,1.0,default,100,-100.0,100,0,0,1,0,0.0070927999913692474,
random_policy_456_a4b606e1,random_policy,train,370,456,easy,5,5,0.0001,0.95,1.0,default,100,-21.0,12,0,1,0,1,0.0009396999957971275,
random_policy_456_a4b606e1,random_policy,train,371,456,easy,5,5,0.0001,0.95,1.0,default,100,-13.0,24,1,1,0,0,0.001775400000042282,
random_policy_456_a4b606e1,random_policy,train,372,456,easy,5,5,0.0001,0.95,1.0,default,100,-19.0,10,0,1,0,1,0.0008202000026358292,
random_policy_456_a4b606e1,random_policy,train,373,456,easy,5,5,0.0001,0.95,1.0,default,100,-77.0,68,0,1,0,1,0.004816400003619492,
random_policy_456_a4b606e1,random_policy,train,374,456,easy,5,5,0.0001,0.95,1.0,default,100,-61.0,52,0,1,0,1,0.0037089999968884513,
random_policy_456_a4b606e1,random_policy,train,375,456,easy,5,5,0.0001,0.95,1.0,default,100,-29.0,20,0,1,0,1,0.0014921999973012134,
random_policy_456_a4b606e1,random_policy,train,376,456,easy,5,5,0.0001,0.95,1.0,default,100,-91.0,82,0,1,0,1,0.00585980000323616,
random_policy_456_a4b606e1,random_policy,train,377,456,easy,5,5,0.0001,0.95,1.0,default,100,-100.0,100,0,0,1,0,0.0070580000028712675,
random_policy_456_a4b606e1,random_policy,train,378,456,easy,5,5,0.0001,0.95,1.0,default,100,-84.0,75,0,1,0,1,0.005326400001649745,
random_policy_456_a4b606e1,random_policy,train,379,456,easy,5,5,0.0001,0.95,1.0,default,100,-20.0,31,1,1,0,0,0.002267699994263239,
random_policy_456_a4b606e1,random_policy,train,380,456,easy,5,5,0.0001,0.95,1.0,default,100,-100.0,100,0,0,1,0,0.007056800008285791,
random_policy_456_a4b606e1,random_policy,train,381,456,easy,5,5,0.0001,0.95,1.0,default,100,-100.0,100,0,0,1,0,0.007149700002628379,
random_policy_456_a4b606e1,random_policy,train,382,456,easy,5,5,0.0001,0.95,1.0,default,100,-16.0,7,0,1,0,1,0.0006021000008331612,
random_policy_456_a4b606e1,random_policy,train,383,456,easy,5,5,0.0001,0.95,1.0,default,100,-45.0,56,1,1,0,0,0.004006699993624352,
random_policy_456_a4b606e1,random_policy,train,384,456,easy,5,5,0.0001,0.95,1.0,default,100,-30.0,41,1,1,0,0,0.002953300005174242,
random_policy_456_a4b606e1,random_policy,train,385,456,easy,5,5,0.0001,0.95,1.0,default,100,-44.0,35,0,1,0,1,0.002559000000474043,
random_policy_456_a4b606e1,random_policy,train,386,456,easy,5,5,0.0001,0.95,1.0,default,100,-81.0,72,0,1,0,1,0.005105500007630326,
random_policy_456_a4b606e1,random_policy,train,387,456,easy,5,5,0.0001,0.95,1.0,default,100,-63.0,74,1,1,0,0,0.005264999999781139,
random_policy_456_a4b606e1,random_policy,train,388,456,easy,5,5,0.0001,0.95,1.0,default,100,-58.0,49,0,1,0,1,0.0035208000044804066,
random_policy_456_a4b606e1,random_policy,train,389,456,easy,5,5,0.0001,0.95,1.0,default,100,-100.0,100,0,0,1,0,0.007066800011671148,
random_policy_456_a4b606e1,random_policy,train,390,456,easy,5,5,0.0001,0.95,1.0,default,100,-18.0,29,1,1,0,0,0.0021261999936541542,
random_policy_456_a4b606e1,random_policy,train,391,456,easy,5,5,0.0001,0.95,1.0,default,100,-36.0,27,0,1,0,1,0.001980000000912696,
random_policy_456_a4b606e1,random_policy,train,392,456,easy,5,5,0.0001,0.95,1.0,default,100,-100.0,100,0,0,1,0,0.007082399999490008,
random_policy_456_a4b606e1,random_policy,train,393,456,easy,5,5,0.0001,0.95,1.0,default,100,-22.0,33,1,1,0,0,0.0023985000007087365,
random_policy_456_a4b606e1,random_policy,train,394,456,easy,5,5,0.0001,0.95,1.0,default,100,-36.0,27,0,1,0,1,0.0019785999902524054,
random_policy_456_a4b606e1,random_policy,train,395,456,easy,5,5,0.0001,0.95,1.0,default,100,-69.0,60,0,1,0,1,0.004277200001524761,
random_policy_456_a4b606e1,random_policy,train,396,456,easy,5,5,0.0001,0.95,1.0,default,100,-100.0,100,0,0,1,0,0.007104100004653446,
random_policy_456_a4b606e1,random_policy,train,397,456,easy,5,5,0.0001,0.95,1.0,default,100,-83.0,94,1,1,0,0,0.006652299998677336,
random_policy_456_a4b606e1,random_policy,train,398,456,easy,5,5,0.0001,0.95,1.0,default,100,-32.0,23,0,1,0,1,0.001705500006210059,
random_policy_456_a4b606e1,random_policy,train,399,456,easy,5,5,0.0001,0.95,1.0,default,100,-72.0,63,0,1,0,1,0.004539900008239783,
random_policy_456_a4b606e1,random_policy,train,400,456,easy,5,5,0.0001,0.95,1.0,default,100,-100.0,100,0,0,1,0,0.007078599999658763,results\random_policy\seed_456\qtable_ep400.npz
random_policy_456_a4b606e1,random_policy,train,401,456,easy,5,5,0.0001,0.95,1.0,default,100,-18.0,9,0,1,0,1,0.0008003000111784786,
random_policy_456_a4b606e1,random_policy,train,402,456,easy,5,5,0.0001,0.95,1.0,default,100,-42.0,33,0,1,0,1,0.002419899989035912,
random_policy_456_a4b606e1,random_policy,train,403,456,easy,5,5,0.0001,0.95,1.0,default,100,-100.0,100,0,0,1,0,0.007085999997798353,
random_policy_456_a4b606e1,random_policy,train,404,456,easy,5,5,0.0001,0.95,1.0,default,100,-67.0,58,0,1,0,1,0.004189900006167591,
random_policy_456_a4b606e1,random_policy,train,405,456,easy,5,5,0.0001,0.95,1.0,default,100,-24.0,15,0,1,0,1,0.0011519999970914796,
random_policy_456_a4b606e1,random_policy,train,406,456,easy,5,5,0.0001,0.95,1.0,default,100,-33.0,24,0,1,0,1,0.001776300006895326,
random_policy_456_a4b606e1,random_policy,train,407,456,easy,5,5,0.0001,0.95,1.0,default,100,-74.0,85,1,1,0,0,0.0060391000006347895,
random_policy_456_a4b606e1,random_policy,train,408,456,easy,5,5,0.0001,0.95,1.0,default,100,-21.0,12,0,1,0,1,0.0009561000042594969,
random_policy_456_a4b606e1,random_policy,train,409,456,easy,5,5,0.0001,0.95,1.0,default,100,-100.0,100,0,0,1,0,0.0071161000087158754,
random_policy_456_a4b606e1,random_policy,train,410,456,easy,5,5,0.0001,0.95,1.0,default,100,-13.0,24,1,1,0,0,0.0018030000064754859,
random_policy_456_a4b606e1,random_policy,train,411,456,easy,5,5,0.0001,0.95,1.0,default,100,-60.0,51,0,1,0,1,0.0036666999949375167,
random_policy_456_a4b606e1,random_policy,train,412,456,easy,5,5,0.0001,0.95,1.0,default,100,-60.0,51,0,1,0,1,0.0036683999933302402,
random_policy_456_a4b606e1,random_policy,train,413,456,easy,5,5,0.0001,0.95,1.0,default,100,-62.0,53,0,1,0,1,0.003823000006377697,
random_policy_456_a4b606e1,random_policy,train,414,456,easy,5,5,0.0001,0.95,1.0,default,100,-95.0,86,0,1,0,1,0.006104500003857538,
random_policy_456_a4b606e1,random_policy,train,415,456,easy,5,5,0.0001,0.95,1.0,default,100,-16.0,7,0,1,0,1,0.000592199998209253,
random_policy_456_a4b606e1,random_policy,train,416,456,easy,5,5,0.0001,0.95,1.0,default,100,-57.0,68,1,1,0,0,0.004844400013098493,
random_policy_456_a4b606e1,random_policy,train,417,456,easy,5,5,0.0001,0.95,1.0,default,100,-31.0,22,0,1,0,1,0.0017165000026579946,
random_policy_456_a4b606e1,random_policy,train,418,456,easy,5,5,0.0001,0.95,1.0,default,100,-97.0,88,0,1,0,1,0.006265699994401075,
random_policy_456_a4b606e1,random_policy,train,419,456,easy,5,5,0.0001,0.95,1.0,default,100,-89.0,80,0,1,0,1,0.005697200002032332,
random_policy_456_a4b606e1,random_policy,train,420,456,easy,5,5,0.0001,0.95,1.0,default,100,-75.0,66,0,1,0,1,0.004718500000308268,
random_policy_456_a4b606e1,random_policy,train,421,456,easy,5,5,0.0001,0.95,1.0,default,100,-100.0,100,0,0,1,0,0.007204499997897074,
random_policy_456_a4b606e1,random_policy,train,422,456,easy,5,5,0.0001,0.95,1.0,default,100,-54.0,45,0,1,0,1,0.003303999998024665,
random_policy_456_a4b606e1,random_policy,train,423,456,easy,5,5,0.0001,0.95,1.0,default,100,-59.0,50,0,1,0,1,0.003617800000938587,
random_policy_456_a4b606e1,random_policy,train,424,456,easy,5,5,0.0001,0.95,1.0,default,100,-100.0,100,0,0,1,0,0.007107700002961792,
random_policy_456_a4b606e1,random_policy,train,425,456,easy,5,5,0.0001,0.95,1.0,default,100,-95.0,86,0,1,0,1,0.0061452000081771985,
random_policy_456_a4b606e1,random_policy,train,426,456,easy,5,5,0.0001,0.95,1.0,default,100,-10.0,21,1,1,0,0,0.0015812000056030229,
random_policy_456_a4b606e1,random_policy,train,427,456,easy,5,5,0.0001,0.95,1.0,default,100,-69.0,60,0,1,0,1,0.004349599999841303,
random_policy_456_a4b606e1,random_policy,train,428,456,easy,5,5,0.0001,0.95,1.0,default,100,-5.0,16,1,1,0,0,0.0012374999932944775,
random_policy_456_a4b606e1,random_policy,train,429,456,easy,5,5,0.0001,0.95,1.0,default,100,-55.0,46,0,1,0,1,0.003336999987368472,
random_policy_456_a4b606e1,random_policy,train,430,456,easy,5,5,0.0001,0.95,1.0,default,100,-100.0,100,0,0,1,0,0.007130800004233606,
random_policy_456_a4b606e1,random_policy,train,431,456,easy,5,5,0.0001,0.95,1.0,default,100,-36.0,47,1,1,0,0,0.003402400005143136,
random_policy_456_a4b606e1,random_policy,train,432,456,easy,5,5,0.0001,0.95,1.0,default,100,-20.0,31,1,1,0,0,0.002269499993417412,
random_policy_456_a4b606e1,random_policy,train,433,456,easy,5,5,0.0001,0.95,1.0,default,100,-65.0,76,1,1,0,0,0.005425600000307895,
random_policy_456_a4b606e1,random_policy,train,434,456,easy,5,5,0.0001,0.95,1.0,default,100,-79.0,70,0,1,0,1,0.004992599991965108,
random_policy_456_a4b606e1,random_policy,train,435,456,easy,5,5,0.0001,0.95,1.0,default,100,-20.0,31,1,1,0,0,0.002287900002556853,
random_policy_456_a4b606e1,random_policy,train,436,456,easy,5,5,0.0001,0.95,1.0,default,100,-48.0,39,0,1,0,1,0.0028326000028755516,
random_policy_456_a4b606e1,random_policy,train,437,456,easy,5,5,0.0001,0.95,1.0,default,100,-65.0,76,1,1,0,0,0.005434999999124557,
random_policy_456_a4b606e1,random_policy,train,438,456,easy,5,5,0.0001,0.95,1.0,default,100,-91.0,82,0,1,0,1,0.005859400000190362,
random_policy_456_a4b606e1,random_policy,train,439,456,easy,5,5,0.0001,0.95,1.0,default,100,-44.0,35,0,1,0,1,0.0025529999984428287,
random_policy_456_a4b606e1,random_policy,train,440,456,easy,5,5,0.0001,0.95,1.0,default,100,-85.0,76,0,1,0,1,0.005476999998791143,
random_policy_456_a4b606e1,random_policy,train,441,456,easy,5,5,0.0001,0.95,1.0,default,100,-81.0,92,1,1,0,0,0.006573599996045232,
random_policy_456_a4b606e1,random_policy,train,442,456,easy,5,5,0.0001,0.95,1.0,default,100,-100.0,100,0,0,1,0,0.0071115999890025705,
random_policy_456_a4b606e1,random_policy,train,443,456,easy,5,5,0.0001,0.95,1.0,default,100,-100.0,100,0,0,1,0,0.007096800007275306,
random_policy_456_a4b606e1,random_policy,train,444,456,easy,5,5,0.0001,0.95,1.0,default,100,-30.0,21,0,1,0,1,0.0015721999952802435,
random_policy_456_a4b606e1,random_policy,train,445,456,easy,5,5,0.0001,0.95,1.0,default,100,-73.0,64,0,1,0,1,0.004613499986589886,
random_policy_456_a4b606e1,random_policy,train,446,456,easy,5,5,0.0001,0.95,1.0,default,100,-40.0,31,0,1,0,1,0.002279899999848567,
random_policy_456_a4b606e1,random_policy,train,447,456,easy,5,5,0.0001,0.95,1.0,default,100,-100.0,100,0,0,1,0,0.007113300001947209,
random_policy_456_a4b606e1,random_policy,train,448,456,easy,5,5,0.0001,0.95,1.0,default,100,-29.0,20,0,1,0,1,0.001517600001534447,
random_policy_456_a4b606e1,random_policy,train,449,456,easy,5,5,0.0001,0.95,1.0,default,100,-88.0,79,0,1,0,1,0.005622900003800169,
random_policy_456_a4b606e1,random_policy,train,450,456,easy,5,5,0.0001,0.95,1.0,default,100,-100.0,100,0,0,1,0,0.007084199998644181,
random_policy_456_a4b606e1,random_policy,train,451,456,easy,5,5,0.0001,0.95,1.0,default,100,-26.0,17,0,1,0,1,0.0012974999990547076,
random_policy_456_a4b606e1,random_policy,train,452,456,easy,5,5,0.0001,0.95,1.0,default,100,-34.0,25,0,1,0,1,0.001853800000390038,
random_policy_456_a4b606e1,random_policy,train,453,456,easy,5,5,0.0001,0.95,1.0,default,100,-49.0,60,1,1,0,0,0.0043049000087194145,
random_policy_456_a4b606e1,random_policy,train,454,456,easy,5,5,0.0001,0.95,1.0,default,100,-47.0,38,0,1,0,1,0.0027815000066766515,
random_policy_456_a4b606e1,random_policy,train,455,456,easy,5,5,0.0001,0.95,1.0,default,100,-35.0,26,0,1,0,1,0.0019253999926149845,
random_policy_456_a4b606e1,random_policy,train,456,456,easy,5,5,0.0001,0.95,1.0,default,100,-21.0,12,0,1,0,1,0.0009510999952908605,
random_policy_456_a4b606e1,random_policy,train,457,456,easy,5,5,0.0001,0.95,1.0,default,100,-100.0,100,0,0,1,0,0.007110199992894195,
random_policy_456_a4b606e1,random_policy,train,458,456,easy,5,5,0.0001,0.95,1.0,default,100,-100.0,100,0,0,1,0,0.007102200004737824,
random_policy_456_a4b606e1,random_policy,train,459,456,easy,5,5,0.0001,0.95,1.0,default,100,-100.0,100,0,0,1,0,0.007104400006937794,
random_policy_456_a4b606e1,random_policy,train,460,456,easy,5,5,0.0001,0.95,1.0,default,100,-57.0,48,0,1,0,1,0.003457500002696179,
random_policy_456_a4b606e1,random_policy,train,461,456,easy,5,5,0.0001,0.95,1.0,default,100,-25.0,16,0,1,0,1,0.0012601000053109601,
random_policy_456_a4b606e1,random_policy,train,462,456,easy,5,5,0.0001,0.95,1.0,default,100,-100.0,100,0,0,1,0,0.007140400004573166,
random_policy_456_a4b606e1,random_policy,train,463,456,easy,5,5,0.0001,0.95,1.0,default,100,-100.0,100,0,0,1,0,0.007098500005668029,
random_policy_456_a4b606e1,random_policy,train,464,456,easy,5,5,0.0001,0.95,1.0,default,100,-12.0,23,1,1,0,0,0.0017201000009663403,
random_policy_456_a4b606e1,random_policy,train,465,456,easy,5,5,0.0001,0.95,1.0,default,100,-25.0,16,0,1,0,1,0.0012270000006537884,
random_policy_456_a4b606e1,random_policy,train,466,456,easy,5,5,0.0001,0.95,1.0,default,100,-5.0,16,1,1,0,0,0.0012146000080974773,
random_policy_456_a4b606e1,random_policy,train,467,456,easy,5,5,0.0001,0.95,1.0,default,100,-61.0,52,0,1,0,1,0.0037687000003643334,
random_policy_456_a4b606e1,random_policy,train,468,456,easy,5,5,0.0001,0.95,1.0,default,100,-7.0,18,1,1,0,0,0.001372099999571219,
random_policy_456_a4b606e1,random_policy,train,469,456,easy,5,5,0.0001,0.95,1.0,default,100,-100.0,100,0,0,1,0,0.007146100004320033,
random_policy_456_a4b606e1,random_policy,train,470,456,easy,5,5,0.0001,0.95,1.0,default,100,-35.0,26,0,1,0,1,0.0019388999935472384,
random_policy_456_a4b606e1,random_policy,train,471,456,easy,5,5,0.0001,0.95,1.0,default,100,-56.0,47,0,1,0,1,0.003398799992282875,
random_policy_456_a4b606e1,random_policy,train,472,456,easy,5,5,0.0001,0.95,1.0,default,100,-18.0,29,1,1,0,0,0.0021385000000009313,
random_policy_456_a4b606e1,random_policy,train,473,456,easy,5,5,0.0001,0.95,1.0,default,100,-29.0,20,0,1,0,1,0.0015037999983178452,
random_policy_456_a4b606e1,random_policy,train,474,456,easy,5,5,0.0001,0.95,1.0,default,100,-80.0,71,0,1,0,1,0.005060600000433624,
random_policy_456_a4b606e1,random_policy,train,475,456,easy,5,5,0.0001,0.95,1.0,default,100,-100.0,100,0,0,1,0,0.007098899994161911,
random_policy_456_a4b606e1,random_policy,train,476,456,easy,5,5,0.0001,0.95,1.0,default,100,-26.0,17,0,1,0,1,0.0013030999980401248,
random_policy_456_a4b606e1,random_policy,train,477,456,easy,5,5,0.0001,0.95,1.0,default,100,-36.0,27,0,1,0,1,0.0020004999969387427,
random_policy_456_a4b606e1,random_policy,train,478,456,easy,5,5,0.0001,0.95,1.0,default,100,-100.0,100,0,0,1,0,0.007092100000591017,
random_policy_456_a4b606e1,random_policy,train,479,456,easy,5,5,0.0001,0.95,1.0,default,100,-35.0,26,0,1,0,1,0.0019219999958295375,
random_policy_456_a4b606e1,random_policy,train,480,456,easy,5,5,0.0001,0.95,1.0,default,100,-26.0,17,0,1,0,1,0.0013107000122545287,
random_policy_456_a4b606e1,random_policy,train,481,456,easy,5,5,0.0001,0.95,1.0,default,100,-29.0,20,0,1,0,1,0.001556000002892688,
random_policy_456_a4b606e1,random_policy,train,482,456,easy,5,5,0.0001,0.95,1.0,default,100,-21.0,12,0,1,0,1,0.0009692999883554876,
random_policy_456_a4b606e1,random_policy,train,483,456,easy,5,5,0.0001,0.95,1.0,default,100,-22.0,13,0,1,0,1,0.0010143000108655542,
random_policy_456_a4b606e1,random_policy,train,484,456,easy,5,5,0.0001,0.95,1.0,default,100,-100.0,100,0,0,1,0,0.007158899999922141,
random_policy_456_a4b606e1,random_policy,train,485,456,easy,5,5,0.0001,0.95,1.0,default,100,-50.0,41,0,1,0,1,0.0029706999921472743,
random_policy_456_a4b606e1,random_policy,train,486,456,easy,5,5,0.0001,0.95,1.0,default,100,-42.0,33,0,1,0,1,0.0024123999901348725,
random_policy_456_a4b606e1,random_policy,train,487,456,easy,5,5,0.0001,0.95,1.0,default,100,-47.0,38,0,1,0,1,0.002776400011498481,
random_policy_456_a4b606e1,random_policy,train,488,456,easy,5,5,0.0001,0.95,1.0,default,100,-37.0,28,0,1,0,1,0.0020622000010916963,
random_policy_456_a4b606e1,random_policy,train,489,456,easy,5,5,0.0001,0.95,1.0,default,100,-100.0,100,0,0,1,0,0.007097900001099333,
random_policy_456_a4b606e1,random_policy,train,490,456,easy,5,5,0.0001,0.95,1.0,default,100,-20.0,11,0,1,0,1,0.0008916999940993264,
random_policy_456_a4b606e1,random_policy,train,491,456,easy,5,5,0.0001,0.95,1.0,default,100,-58.0,69,1,1,0,0,0.004916700010653585,
random_policy_456_a4b606e1,random_policy,train,492,456,easy,5,5,0.0001,0.95,1.0,default,100,-100.0,100,0,0,1,0,0.007098999994923361,
random_policy_456_a4b606e1,random_policy,train,493,456,easy,5,5,0.0001,0.95,1.0,default,100,-35.0,46,1,1,0,0,0.0033479000121587887,
random_policy_456_a4b606e1,random_policy,train,494,456,easy,5,5,0.0001,0.95,1.0,default,100,-79.0,90,1,1,0,0,0.006427500004065223,
random_policy_456_a4b606e1,random_policy,train,495,456,easy,5,5,0.0001,0.95,1.0,default,100,-100.0,100,0,0,1,0,0.007121000002371147,
random_policy_456_a4b606e1,random_policy,train,496,456,easy,5,5,0.0001,0.95,1.0,default,100,-85.0,96,1,1,0,0,0.006844100003945641,
random_policy_456_a4b606e1,random_policy,train,497,456,easy,5,5,0.0001,0.95,1.0,default,100,-38.0,29,0,1,0,1,0.0021385000000009313,
random_policy_456_a4b606e1,random_policy,train,498,456,easy,5,5,0.0001,0.95,1.0,default,100,-18.0,9,0,1,0,1,0.0007309000066015869,
random_policy_456_a4b606e1,random_policy,train,499,456,easy,5,5,0.0001,0.95,1.0,default,100,-32.0,23,0,1,0,1,0.0017116000090027228,
random_policy_456_a4b606e1,random_policy,train,500,456,easy,5,5,0.0001,0.95,1.0,default,100,-58.0,69,1,1,0,0,0.004924500011838973,
random_policy_456_a4b606e1,random_policy,train,501,456,easy,5,5,0.0001,0.95,1.0,default,100,-15.0,6,0,1,0,1,0.0005652000108966604,
random_policy_456_a4b606e1,random_policy,train,502,456,easy,5,5,0.0001,0.95,1.0,default,100,-36.0,27,0,1,0,1,0.0020069000020157546,
random_policy_456_a4b606e1,random_policy,train,503,456,easy,5,5,0.0001,0.95,1.0,default,100,-39.0,50,1,1,0,0,0.003613200009567663,
random_policy_456_a4b606e1,random_policy,train,504,456,easy,5,5,0.0001,0.95,1.0,default,100,-68.0,79,1,1,0,0,0.005681599999661557,
random_policy_456_a4b606e1,random_policy,train,505,456,easy,5,5,0.0001,0.95,1.0,default,100,-107.0,98,0,1,0,1,0.0070294000033754855,
random_policy_456_a4b606e1,random_policy,train,506,456,easy,5,5,0.0001,0.95,1.0,default,100,-100.0,100,0,0,1,0,0.007203100001788698,
random_policy_456_a4b606e1,random_policy,train,507,456,easy,5,5,0.0001,0.95,1.0,default,100,-100.0,100,0,0,1,0,0.007116399996448308,
random_policy_456_a4b606e1,random_policy,train,508,456,easy,5,5,0.0001,0.95,1.0,default,100,-88.0,79,0,1,0,1,0.005644099990604445,
random_policy_456_a4b606e1,random_policy,train,509,456,easy,5,5,0.0001,0.95,1.0,default,100,-59.0,50,0,1,0,1,0.003608999992138706,
random_policy_456_a4b606e1,random_policy,train,510,456,easy,5,5,0.0001,0.95,1.0,default,100,-31.0,22,0,1,0,1,0.0016693000070517883,
random_policy_456_a4b606e1,random_policy,train,511,456,easy,5,5,0.0001,0.95,1.0,default,100,-16.0,7,0,1,0,1,0.000597400008700788,
random_policy_456_a4b606e1,random_policy,train,512,456,easy,5,5,0.0001,0.95,1.0,default,100,-83.0,74,0,1,0,1,0.005288100001052953,
random_policy_456_a4b606e1,random_policy,train,513,456,easy,5,5,0.0001,0.95,1.0,default,100,-86.0,77,0,1,0,1,0.00550420000217855,
random_policy_456_a4b606e1,random_policy,train,514,456,easy,5,5,0.0001,0.95,1.0,default,100,-6.0,17,1,1,0,0,0.0012940000015078112,
random_policy_456_a4b606e1,random_policy,train,515,456,easy,5,5,0.0001,0.95,1.0,default,100,-19.0,10,0,1,0,1,0.0008129000052576885,
random_policy_456_a4b606e1,random_policy,train,516,456,easy,5,5,0.0001,0.95,1.0,default,100,-23.0,34,1,1,0,0,0.0024776000063866377,
random_policy_456_a4b606e1,random_policy,train,517,456,easy,5,5,0.0001,0.95,1.0,default,100,-26.0,17,0,1,0,1,0.0013068999978713691,
random_policy_456_a4b606e1,random_policy,train,518,456,easy,5,5,0.0001,0.95,1.0,default,100,-59.0,70,1,1,0,0,0.004996799994842149,
random_policy_456_a4b606e1,random_policy,train,519,456,easy,5,5,0.0001,0.95,1.0,default,100,-100.0,100,0,0,1,0,0.007111399987479672,
random_policy_456_a4b606e1,random_policy,train,520,456,easy,5,5,0.0001,0.95,1.0,default,100,-46.0,37,0,1,0,1,0.002699499993468635,
random_policy_456_a4b606e1,random_policy,train,521,456,easy,5,5,0.0001,0.95,1.0,default,100,-25.0,36,1,1,0,0,0.002681400001165457,
random_policy_456_a4b606e1,random_policy,train,522,456,easy,5,5,0.0001,0.95,1.0,default,100,-100.0,91,0,1,0,1,0.006483299992396496,
random_policy_456_a4b606e1,random_policy,train,523,456,easy,5,5,0.0001,0.95,1.0,default,100,-100.0,100,0,0,1,0,0.007191800003056414,
random_policy_456_a4b606e1,random_policy,train,524,456,easy,5,5,0.0001,0.95,1.0,default,100,-18.0,29,1,1,0,0,0.002148500003386289,
random_policy_456_a4b606e1,random_policy,train,525,456,easy,5,5,0.0001,0.95,1.0,default,100,-66.0,57,0,1,0,1,0.004089499998372048,
random_policy_456_a4b606e1,random_policy,train,526,456,easy,5,5,0.0001,0.95,1.0,default,100,-17.0,28,1,1,0,0,0.0020755000005010515,
random_policy_456_a4b606e1,random_policy,train,527,456,easy,5,5,0.0001,0.95,1.0,default,100,-45.0,36,0,1,0,1,0.0026350999978603795,
random_policy_456_a4b606e1,random_policy,train,528,456,easy,5,5,0.0001,0.95,1.0,default,100,-32.0,23,0,1,0,1,0.0017360999918309972,
random_policy_456_a4b606e1,random_policy,train,529,456,easy,5,5,0.0001,0.95,1.0,default,100,-44.0,55,1,1,0,0,0.003986400013673119,
random_policy_456_a4b606e1,random_policy,train,530,456,easy,5,5,0.0001,0.95,1.0,default,100,-51.0,42,0,1,0,1,0.003058599992073141,
random_policy_456_a4b606e1,random_policy,train,531,456,easy,5,5,0.0001,0.95,1.0,default,100,-100.0,100,0,0,1,0,0.007114800013368949,
random_policy_456_a4b606e1,random_policy,train,532,456,easy,5,5,0.0001,0.95,1.0,default,100,-44.0,35,0,1,0,1,0.002577399995061569,
random_policy_456_a4b606e1,random_policy,train,533,456,easy,5,5,0.0001,0.95,1.0,default,100,-41.0,32,0,1,0,1,0.002348200010601431,
random_policy_456_a4b606e1,random_policy,train,534,456,easy,5,5,0.0001,0.95,1.0,default,100,-34.0,45,1,1,0,0,0.0032534000056330115,
random_policy_456_a4b606e1,random_policy,train,535,456,easy,5,5,0.0001,0.95,1.0,default,100,-100.0,100,0,0,1,0,0.007111500002793036,
random_policy_456_a4b606e1,random_policy,train,536,456,easy,5,5,0.0001,0.95,1.0,default,100,-83.0,74,0,1,0,1,0.00534940000216011,
random_policy_456_a4b606e1,random_policy,train,537,456,easy,5,5,0.0001,0.95,1.0,default,100,-14.0,25,1,1,0,0,0.0019167999998899177,
random_policy_456_a4b606e1,random_policy,train,538,456,easy,5,5,0.0001,0.95,1.0,default,100,-72.0,63,0,1,0,1,0.0045123000018065795,
random_policy_456_a4b606e1,random_policy,train,539,456,easy,5,5,0.0001,0.95,1.0,default,100,-85.0,96,1,1,0,0,0.00688510001054965,
random_policy_456_a4b606e1,random_policy,train,540,456,easy,5,5,0.0001,0.95,1.0,default,100,-89.0,80,0,1,0,1,0.0057133000082103536,
random_policy_456_a4b606e1,random_policy,train,541,456,easy,5,5,0.0001,0.95,1.0,default,100,-100.0,100,0,0,1,0,0.007150999997975305,
random_policy_456_a4b606e1,random_policy,train,542,456,easy,5,5,0.0001,0.95,1.0,default,100,-51.0,42,0,1,0,1,0.0030633999995188788,
random_policy_456_a4b606e1,random_policy,train,543,456,easy,5,5,0.0001,0.95,1.0,default,100,-53.0,44,0,1,0,1,0.0031906000076560304,
random_policy_456_a4b606e1,random_policy,train,544,456,easy,5,5,0.0001,0.95,1.0,default,100,-81.0,92,1,1,0,0,0.006567899996298365,
random_policy_456_a4b606e1,random_policy,train,545,456,easy,5,5,0.0001,0.95,1.0,default,100,-100.0,100,0,0,1,0,0.007102400006260723,
random_policy_456_a4b606e1,random_policy,train,546,456,easy,5,5,0.0001,0.95,1.0,default,100,-66.0,57,0,1,0,1,0.00410109999938868,
random_policy_456_a4b606e1,random_policy,train,547,456,easy,5,5,0.0001,0.95,1.0,default,100,-54.0,45,0,1,0,1,0.0033306999976048246,
random_policy_456_a4b606e1,random_policy,train,548,456,easy,5,5,0.0001,0.95,1.0,default,100,-72.0,63,0,1,0,1,0.0045298999903025106,
random_policy_456_a4b606e1,random_policy,train,549,456,easy,5,5,0.0001,0.95,1.0,default,100,-39.0,30,0,1,0,1,0.0022089999984018505,
random_policy_456_a4b606e1,random_policy,train,550,456,easy,5,5,0.0001,0.95,1.0,default,100,-42.0,33,0,1,0,1,0.0024301999947056174,
random_policy_456_a4b606e1,random_policy,train,551,456,easy,5,5,0.0001,0.95,1.0,default,100,-98.0,89,0,1,0,1,0.006350299998302944,
random_policy_456_a4b606e1,random_policy,train,552,456,easy,5,5,0.0001,0.95,1.0,default,100,-21.0,12,0,1,0,1,0.0009454999963054433,
random_policy_456_a4b606e1,random_policy,train,553,456,easy,5,5,0.0001,0.95,1.0,default,100,-23.0,34,1,1,0,0,0.0024877999967429787,
random_policy_456_a4b606e1,random_policy,train,554,456,easy,5,5,0.0001,0.95,1.0,default,100,-30.0,21,0,1,0,1,0.0015647000109311193,
random_policy_456_a4b606e1,random_policy,train,555,456,easy,5,5,0.0001,0.95,1.0,default,100,-100.0,100,0,0,1,0,0.007110100006684661,
random_policy_456_a4b606e1,random_policy,train,556,456,easy,5,5,0.0001,0.95,1.0,default,100,-28.0,19,0,1,0,1,0.001490800001192838,
random_policy_456_a4b606e1,random_policy,train,557,456,easy,5,5,0.0001,0.95,1.0,default,100,-39.0,50,1,1,0,0,0.003617800000938587,
random_policy_456_a4b606e1,random_policy,train,558,456,easy,5,5,0.0001,0.95,1.0,default,100,-100.0,100,0,0,1,0,0.007119000001694076,
random_policy_456_a4b606e1,random_policy,train,559,456,easy,5,5,0.0001,0.95,1.0,default,100,-26.0,37,1,1,0,0,0.002701099991099909,
random_policy_456_a4b606e1,random_policy,train,560,456,easy,5,5,0.0001,0.95,1.0,default,100,-38.0,29,0,1,0,1,0.002142700002877973,
random_policy_456_a4b606e1,random_policy,train,561,456,easy,5,5,0.0001,0.95,1.0,default,100,-33.0,24,0,1,0,1,0.0018426000024192035,
random_policy_456_a4b606e1,random_policy,train,562,456,easy,5,5,0.0001,0.95,1.0,default,100,-49.0,40,0,1,0,1,0.0029198999982327223,
random_policy_456_a4b606e1,random_policy,train,563,456,easy,5,5,0.0001,0.95,1.0,default,100,-26.0,17,0,1,0,1,0.0012996000004932284,
random_policy_456_a4b606e1,random_policy,train,564,456,easy,5,5,0.0001,0.95,1.0,default,100,-34.0,25,0,1,0,1,0.0018543000041972846,
random_policy_456_a4b606e1,random_policy,train,565,456,easy,5,5,0.0001,0.95,1.0,default,100,-33.0,24,0,1,0,1,0.0017998999974224716,
random_policy_456_a4b606e1,random_policy,train,566,456,easy,5,5,0.0001,0.95,1.0,default,100,-64.0,55,0,1,0,1,0.0039548999920953065,
random_policy_456_a4b606e1,random_policy,train,567,456,easy,5,5,0.0001,0.95,1.0,default,100,-47.0,38,0,1,0,1,0.002776699999230914,
random_policy_456_a4b606e1,random_policy,train,568,456,easy,5,5,0.0001,0.95,1.0,default,100,-84.0,95,1,1,0,0,0.006754100002581254,
random_policy_456_a4b606e1,random_policy,train,569,456,easy,5,5,0.0001,0.95,1.0,default,100,-87.0,78,0,1,0,1,0.0056394999992335215,
random_policy_456_a4b606e1,random_policy,train,570,456,easy,5,5,0.0001,0.95,1.0,default,100,-34.0,45,1,1,0,0,0.0032626000029267743,
random_policy_456_a4b606e1,random_policy,train,571,456,easy,5,5,0.0001,0.95,1.0,default,100,-35.0,46,1,1,0,0,0.003339100003358908,
random_policy_456_a4b606e1,random_policy,train,572,456,easy,5,5,0.0001,0.95,1.0,default,100,-17.0,8,0,1,0,1,0.0006775000074412674,
random_policy_456_a4b606e1,random_policy,train,573,456,easy,5,5,0.0001,0.95,1.0,default,100,-25.0,16,0,1,0,1,0.0012252000014996156,
random_policy_456_a4b606e1,random_policy,train,574,456,easy,5,5,0.0001,0.95,1.0,default,100,-38.0,29,0,1,0,1,0.002153199995518662,
random_policy_456_a4b606e1,random_policy,train,575,456,easy,5,5,0.0001,0.95,1.0,default,100,-46.0,37,0,1,0,1,0.0026981000119121745,
random_policy_456_a4b606e1,random_policy,train,576,456,easy,5,5,0.0001,0.95,1.0,default,100,-26.0,17,0,1,0,1,0.0013018000026931986,
random_policy_456_a4b606e1,random_policy,train,577,456,easy,5,5,0.0001,0.95,1.0,default,100,-74.0,65,0,1,0,1,0.004671299990150146,
random_policy_456_a4b606e1,random_policy,train,578,456,easy,5,5,0.0001,0.95,1.0,default,100,-7.0,18,1,1,0,0,0.001371499995002523,
random_policy_456_a4b606e1,random_policy,train,579,456,easy,5,5,0.0001,0.95,1.0,default,100,-62.0,53,0,1,0,1,0.0038207999896258116,
random_policy_456_a4b606e1,random_policy,train,580,456,easy,5,5,0.0001,0.95,1.0,default,100,-78.0,69,0,1,0,1,0.004985499996109866,
random_policy_456_a4b606e1,random_policy,train,581,456,easy,5,5,0.0001,0.95,1.0,default,100,-75.0,66,0,1,0,1,0.004808199999388307,
random_policy_456_a4b606e1,random_policy,train,582,456,easy,5,5,0.0001,0.95,1.0,default,100,-24.0,15,0,1,0,1,0.001188099995488301,
random_policy_456_a4b606e1,random_policy,train,583,456,easy,5,5,0.0001,0.95,1.0,default,100,-41.0,52,1,1,0,0,0.003760599996894598,
random_policy_456_a4b606e1,random_policy,train,584,456,easy,5,5,0.0001,0.95,1.0,default,100,-20.0,11,0,1,0,1,0.0008749999979045242,
random_policy_456_a4b606e1,random_policy,train,585,456,easy,5,5,0.0001,0.95,1.0,default,100,-31.0,22,0,1,0,1,0.0016512000001966953,
random_policy_456_a4b606e1,random_policy,train,586,456,easy,5,5,0.0001,0.95,1.0,default,100,-62.0,53,0,1,0,1,0.003822700004093349,
random_policy_456_a4b606e1,random_policy,train,587,456,easy,5,5,0.0001,0.95,1.0,default,100,-51.0,42,0,1,0,1,0.0030525000038323924,
random_policy_456_a4b606e1,random_policy,train,588,456,easy,5,5,0.0001,0.95,1.0,default,100,-49.0,40,0,1,0,1,0.0029601999995065853,
random_policy_456_a4b606e1,random_policy,train,589,456,easy,5,5,0.0001,0.95,1.0,default,100,-28.0,19,0,1,0,1,0.0014521999983116984,
random_policy_456_a4b606e1,random_policy,train,590,456,easy,5,5,0.0001,0.95,1.0,default,100,-56.0,47,0,1,0,1,0.0034005000052275136,
random_policy_456_a4b606e1,random_policy,train,591,456,easy,5,5,0.0001,0.95,1.0,default,100,-30.0,21,0,1,0,1,0.0015750000020489097,
random_policy_456_a4b606e1,random_policy,train,592,456,easy,5,5,0.0001,0.95,1.0,default,100,-39.0,30,0,1,0,1,0.0022089999984018505,
random_policy_456_a4b606e1,random_policy,train,593,456,easy,5,5,0.0001,0.95,1.0,default,100,-30.0,21,0,1,0,1,0.0015762999973958358,
random_policy_456_a4b606e1,random_policy,train,594,456,easy,5,5,0.0001,0.95,1.0,default,100,-40.0,51,1,1,0,0,0.0036975999973947182,
random_policy_456_a4b606e1,random_policy,train,595,456,easy,5,5,0.0001,0.95,1.0,default,100,-5.0,16,1,1,0,0,0.0012355000071693212,
random_policy_456_a4b606e1,random_policy,train,596,456,easy,5,5,0.0001,0.95,1.0,default,100,-31.0,22,0,1,0,1,0.001640000002225861,
random_policy_456_a4b606e1,random_policy,train,597,456,easy,5,5,0.0001,0.95,1.0,default,100,-15.0,6,0,1,0,1,0.0005393000028561801,
random_policy_456_a4b606e1,random_policy,train,598,456,easy,5,5,0.0001,0.95,1.0,default,100,-92.0,83,0,1,0,1,0.005911200001719408,
random_policy_456_a4b606e1,random_policy,train,599,456,easy,5,5,0.0001,0.95,1.0,default,100,-73.0,84,1,1,0,0,0.006042099994374439,
random_policy_456_a4b606e1,random_policy,train,600,456,easy,5,5,0.0001,0.95,1.0,default,100,-55.0,66,1,1,0,0,0.004735099995741621,results\random_policy\seed_456\qtable_ep600.npz
random_policy_456_a4b606e1,random_policy,train,601,456,easy,5,5,0.0001,0.95,1.0,default,100,-80.0,91,1,1,0,0,0.006498199989437126,
random_policy_456_a4b606e1,random_policy,train,602,456,easy,5,5,0.0001,0.95,1.0,default,100,-28.0,19,0,1,0,1,0.0014418999926419929,
random_policy_456_a4b606e1,random_policy,train,603,456,easy,5,5,0.0001,0.95,1.0,default,100,-44.0,35,0,1,0,1,0.0025451999972574413,
random_policy_456_a4b606e1,random_policy,train,604,456,easy,5,5,0.0001,0.95,1.0,default,100,-73.0,64,0,1,0,1,0.004551899997750297,
random_policy_456_a4b606e1,random_policy,train,605,456,easy,5,5,0.0001,0.95,1.0,default,100,-100.0,100,0,0,1,0,0.007080700001097284,
random_policy_456_a4b606e1,random_policy,train,606,456,easy,5,5,0.0001,0.95,1.0,default,100,-65.0,56,0,1,0,1,0.004005800001323223,
random_policy_456_a4b606e1,random_policy,train,607,456,easy,5,5,0.0001,0.95,1.0,default,100,-100.0,100,0,0,1,0,0.007083899996359833,
random_policy_456_a4b606e1,random_policy,train,608,456,easy,5,5,0.0001,0.95,1.0,default,100,-30.0,21,0,1,0,1,0.0015814000071259215,
random_policy_456_a4b606e1,random_policy,train,609,456,easy,5,5,0.0001,0.95,1.0,default,100,-25.0,16,0,1,0,1,0.001224399995408021,
random_policy_456_a4b606e1,random_policy,train,610,456,easy,5,5,0.0001,0.95,1.0,default,100,-40.0,31,0,1,0,1,0.0022515000018756837,
random_policy_456_a4b606e1,random_policy,train,611,456,easy,5,5,0.0001,0.95,1.0,default,100,-100.0,100,0,0,1,0,0.0070389999891631305,
random_policy_456_a4b606e1,random_policy,train,612,456,easy,5,5,0.0001,0.95,1.0,default,100,-32.0,23,0,1,0,1,0.0017194000101881102,
random_policy_456_a4b606e1,random_policy,train,613,456,easy,5,5,0.0001,0.95,1.0,default,100,-100.0,100,0,0,1,0,0.00705240000388585,
random_policy_456_a4b606e1,random_policy,train,614,456,easy,5,5,0.0001,0.95,1.0,default,100,-24.0,15,0,1,0,1,0.0011437999928602949,
random_policy_456_a4b606e1,random_policy,train,615,456,easy,5,5,0.0001,0.95,1.0,default,100,-23.0,14,0,1,0,1,0.0010769999935291708,
random_policy_456_a4b606e1,random_policy,train,616,456,easy,5,5,0.0001,0.95,1.0,default,100,-35.0,26,0,1,0,1,0.0019303000008221716,
random_policy_456_a4b606e1,random_policy,train,617,456,easy,5,5,0.0001,0.95,1.0,default,100,-100.0,100,0,0,1,0,0.00708130000566598,
random_policy_456_a4b606e1,random_policy,train,618,456,easy,5,5,0.0001,0.95,1.0,default,100,-15.0,26,1,1,0,0,0.0019192000036127865,
random_policy_456_a4b606e1,random_policy,train,619,456,easy,5,5,0.0001,0.95,1.0,default,100,-16.0,7,0,1,0,1,0.0005971999926259741,
random_policy_456_a4b606e1,random_policy,train,620,456,easy,5,5,0.0001,0.95,1.0,default,100,-64.0,55,0,1,0,1,0.003922799995052628,
random_policy_456_a4b606e1,random_policy,train,621,456,easy,5,5,0.0001,0.95,1.0,default,100,-100.0,100,0,0,1,0,0.007137199994758703,
random_policy_456_a4b606e1,random_policy,train,622,456,easy,5,5,0.0001,0.95,1.0,default,100,-12.0,23,1,1,0,0,0.0017351999995298684,
random_policy_456_a4b606e1,random_policy,train,623,456,easy,5,5,0.0001,0.95,1.0,default,100,-100.0,100,0,0,1,0,0.007110400008969009,
random_policy_456_a4b606e1,random_policy,train,624,456,easy,5,5,0.0001,0.95,1.0,default,100,-38.0,29,0,1,0,1,0.0021321999956853688,
random_policy_456_a4b606e1,random_policy,train,625,456,easy,5,5,0.0001,0.95,1.0,default,100,-46.0,37,0,1,0,1,0.00268990000768099,
random_policy_456_a4b606e1,random_policy,train,626,456,easy,5,5,0.0001,0.95,1.0,default,100,-35.0,26,0,1,0,1,0.001928600002429448,
random_policy_456_a4b606e1,random_policy,train,627,456,easy,5,5,0.0001,0.95,1.0,default,100,-16.0,27,1,1,0,0,0.001999600004637614,
random_policy_456_a4b606e1,random_policy,train,628,456,easy,5,5,0.0001,0.95,1.0,default,100,-54.0,45,0,1,0,1,0.0032531000033486634,
random_policy_456_a4b606e1,random_policy,train,629,456,easy,5,5,0.0001,0.95,1.0,default,100,-11.0,22,1,1,0,0,0.0016487999964738265,
random_policy_456_a4b606e1,random_policy,train,630,456,easy,5,5,0.0001,0.95,1.0,default,100,-89.0,100,1,1,0,0,0.007133299994166009,
random_policy_456_a4b606e1,random_policy,train,631,456,easy,5,5,0.0001,0.95,1.0,default,100,-100.0,100,0,0,1,0,0.007119700007024221,
random_policy_456_a4b606e1,random_policy,train,632,456,easy,5,5,0.0001,0.95,1.0,default,100,-30.0,21,0,1,0,1,0.0015732000028947368,
random_policy_456_a4b606e1,random_policy,train,633,456,easy,5,5,0.0001,0.95,1.0,default,100,-21.0,32,1,1,0,0,0.002363000006880611,
random_policy_456_a4b606e1,random_policy,train,634,456,easy,5,5,0.0001,0.95,1.0,default,100,-102.0,93,0,1,0,1,0.006583199996384792,
random_policy_456_a4b606e1,random_policy,train,635,456,easy,5,5,0.0001,0.95,1.0,default,100,-45.0,36,0,1,0,1,0.002610900002764538,
random_policy_456_a4b606e1,random_policy,train,636,456,easy,5,5,0.0001,0.95,1.0,default,100,-30.0,21,0,1,0,1,0.0015673000016249716,
random_policy_456_a4b606e1,random_policy,train,637,456,easy,5,5,0.0001,0.95,1.0,default,100,-108.0,99,0,1,0,1,0.007041000004392117,
random_policy_456_a4b606e1,random_policy,train,638,456,easy,5,5,0.0001,0.95,1.0,default,100,-79.0,70,0,1,0,1,0.004991800000425428,
random_policy_456_a4b606e1,random_policy,train,639,456,easy,5,5,0.0001,0.95,1.0,default,100,-43.0,34,0,1,0,1,0.0024756999919191003,
random_policy_456_a4b606e1,random_policy,train,640,456,easy,5,5,0.0001,0.95,1.0,default,100,-56.0,67,1,1,0,0,0.0048165999905904755,
random_policy_456_a4b606e1,random_policy,train,641,456,easy,5,5,0.0001,0.95,1.0,default,100,-34.0,25,0,1,0,1,0.0019071999995503575,
random_policy_456_a4b606e1,random_policy,train,642,456,easy,5,5,0.0001,0.95,1.0,default,100,-82.0,73,0,1,0,1,0.005233700008830056,
random_policy_456_a4b606e1,random_policy,train,643,456,easy,5,5,0.0001,0.95,1.0,default,100,-100.0,100,0,0,1,0,0.00715170000330545,
random_policy_456_a4b606e1,random_policy,train,644,456,easy,5,5,0.0001,0.95,1.0,default,100,-22.0,13,0,1,0,1,0.0010294999956386164,
random_policy_456_a4b606e1,random_policy,train,645,456,easy,5,5,0.0001,0.95,1.0,default,100,-52.0,43,0,1,0,1,0.0031300999980885535,
random_policy_456_a4b606e1,random_policy,train,646,456,easy,5,5,0.0001,0.95,1.0,default,100,-63.0,54,0,1,0,1,0.0038938999932724983,
random_policy_456_a4b606e1,random_policy,train,647,456,easy,5,5,0.0001,0.95,1.0,default,100,-100.0,100,0,0,1,0,0.007118900000932626,
random_policy_456_a4b606e1,random_policy,train,648,456,easy,5,5,0.0001,0.95,1.0,default,100,-51.0,42,0,1,0,1,0.003049699997063726,
random_policy_456_a4b606e1,random_policy,train,649,456,easy,5,5,0.0001,0.95,1.0,default,100,-25.0,16,0,1,0,1,0.0012229999992996454,
random_policy_456_a4b606e1,random_policy,train,650,456,easy,5,5,0.0001,0.95,1.0,default,100,-100.0,100,0,0,1,0,0.007125899996026419,
random_policy_456_a4b606e1,random_policy,train,651,456,easy,5,5,0.0001,0.95,1.0,default,100,-100.0,100,0,0,1,0,0.0071090999990701675,
random_policy_456_a4b606e1,random_policy,train,652,456,easy,5,5,0.0001,0.95,1.0,default,100,-37.0,28,0,1,0,1,0.002070799993816763,
random_policy_456_a4b606e1,random_policy,train,653,456,easy,5,5,0.0001,0.95,1.0,default,100,-69.0,80,1,1,0,0,0.005731199998990633,
random_policy_456_a4b606e1,random_policy,train,654,456,easy,5,5,0.0001,0.95,1.0,default,100,-23.0,14,0,1,0,1,0.0011017999931937084,
random_policy_456_a4b606e1,random_policy,train,655,456,easy,5,5,0.0001,0.95,1.0,default,100,-100.0,100,0,0,1,0,0.00711099999898579,
random_policy_456_a4b606e1,random_policy,train,656,456,easy,5,5,0.0001,0.95,1.0,default,100,-70.0,61,0,1,0,1,0.0043836999975610524,
random_policy_456_a4b606e1,random_policy,train,657,456,easy,5,5,0.0001,0.95,1.0,default,100,-80.0,71,0,1,0,1,0.0050869999977294356,
random_policy_456_a4b606e1,random_policy,train,658,456,easy,5,5,0.0001,0.95,1.0,default,100,-26.0,37,1,1,0,0,0.002690200009965338,
random_policy_456_a4b606e1,random_policy,train,659,456,easy,5,5,0.0001,0.95,1.0,default,100,-31.0,22,0,1,0,1,0.0016527999978279695,
random_policy_456_a4b606e1,random_policy,train,660,456,easy,5,5,0.0001,0.95,1.0,default,100,-19.0,10,0,1,0,1,0.0008110000053420663,
random_policy_456_a4b606e1,random_policy,train,661,456,easy,5,5,0.0001,0.95,1.0,default,100,-16.0,7,0,1,0,1,0.0006545000069309026,
random_policy_456_a4b606e1,random_policy,train,662,456,easy,5,5,0.0001,0.95,1.0,default,100,-100.0,100,0,0,1,0,0.007131499995011836,
random_policy_456_a4b606e1,random_policy,train,663,456,easy,5,5,0.0001,0.95,1.0,default,100,-34.0,25,0,1,0,1,0.0018649999983608723,
random_policy_456_a4b606e1,random_policy,train,664,456,easy,5,5,0.0001,0.95,1.0,default,100,-100.0,100,0,0,1,0,0.007119700007024221,
random_policy_456_a4b606e1,random_policy,train,665,456,easy,5,5,0.0001,0.95,1.0,default,100,-63.0,54,0,1,0,1,0.003891000000294298,
random_policy_456_a4b606e1,random_policy,train,666,456,easy,5,5,0.0001,0.95,1.0,default,100,-79.0,70,0,1,0,1,0.005022199999075383,
random_policy_456_a4b606e1,random_policy,train,667,456,easy,5,5,0.0001,0.95,1.0,default,100,-42.0,33,0,1,0,1,0.0024219000042648986,
random_policy_456_a4b606e1,random_policy,train,668,456,easy,5,5,0.0001,0.95,1.0,default,100,-24.0,15,0,1,0,1,0.0011612000089371577,
random_policy_456_a4b606e1,random_policy,train,669,456,easy,5,5,0.0001,0.95,1.0,default,100,-65.0,56,0,1,0,1,0.004082300001755357,
random_policy_456_a4b606e1,random_policy,train,670,456,easy,5,5,0.0001,0.95,1.0,default,100,-100.0,100,0,0,1,0,0.007121300004655495,
random_policy_456_a4b606e1,random_policy,train,671,456,easy,5,5,0.0001,0.95,1.0,default,100,-36.0,47,1,1,0,0,0.0034124999947380275,
random_policy_456_a4b606e1,random_policy,train,672,456,easy,5,5,0.0001,0.95,1.0,default,100,-27.0,18,0,1,0,1,0.0013835999998264015,
random_policy_456_a4b606e1,random_policy,train,673,456,easy,5,5,0.0001,0.95,1.0,default,100,-105.0,96,0,1,0,1,0.0067949999938718975,
random_policy_456_a4b606e1,random_policy,train,674,456,easy,5,5,0.0001,0.95,1.0,default,100,-42.0,33,0,1,0,1,0.002405499995802529,
random_policy_456_a4b606e1,random_policy,train,675,456,easy,5,5,0.0001,0.95,1.0,default,100,-25.0,16,0,1,0,1,0.0012251000007381663,
random_policy_456_a4b606e1,random_policy,train,676,456,easy,5,5,0.0001,0.95,1.0,default,100,-100.0,100,0,0,1,0,0.007110100006684661,
random_policy_456_a4b606e1,random_policy,train,677,456,easy,5,5,0.0001,0.95,1.0,default,100,-32.0,23,0,1,0,1,0.0017112000059569255,
random_policy_456_a4b606e1,random_policy,train,678,456,easy,5,5,0.0001,0.95,1.0,default,100,-100.0,100,0,0,1,0,0.007094400003552437,
random_policy_456_a4b606e1,random_policy,train,679,456,easy,5,5,0.0001,0.95,1.0,default,100,-31.0,42,1,1,0,0,0.003056700006709434,
random_policy_456_a4b606e1,random_policy,train,680,456,easy,5,5,0.0001,0.95,1.0,default,100,-55.0,46,0,1,0,1,0.0033152999967569485,
random_policy_456_a4b606e1,random_policy,train,681,456,easy,5,5,0.0001,0.95,1.0,default,100,-100.0,100,0,0,1,0,0.007108200006769039,
random_policy_456_a4b606e1,random_policy,train,682,456,easy,5,5,0.0001,0.95,1.0,default,100,-23.0,14,0,1,0,1,0.001161000007414259,
random_policy_456_a4b606e1,random_policy,train,683,456,easy,5,5,0.0001,0.95,1.0,default,100,-17.0,8,0,1,0,1,0.0006704999977955595,
random_policy_456_a4b606e1,random_policy,train,684,456,easy,5,5,0.0001,0.95,1.0,default,100,-50.0,61,1,1,0,0,0.004345400011516176,
random_policy_456_a4b606e1,random_policy,train,685,456,easy,5,5,0.0001,0.95,1.0,default,100,-23.0,14,0,1,0,1,0.0010851999977603555,
random_policy_456_a4b606e1,random_policy,train,686,456,easy,5,5,0.0001,0.95,1.0,default,100,-100.0,100,0,0,1,0,0.007094800006598234,
random_policy_456_a4b606e1,random_policy,train,687,456,easy,5,5,0.0001,0.95,1.0,default,100,-42.0,33,0,1,0,1,0.0024979000008897856,
random_policy_456_a4b606e1,random_policy,train,688,456,easy,5,5,0.0001,0.95,1.0,default,100,-100.0,100,0,0,1,0,0.007052300003124401,
random_policy_456_a4b606e1,random_policy,train,689,456,easy,5,5,0.0001,0.95,1.0,default,100,-42.0,33,0,1,0,1,0.0024028000043472275,
random_policy_456_a4b606e1,random_policy,train,690,456,easy,5,5,0.0001,0.95,1.0,default,100,-71.0,82,1,1,0,0,0.005818000005092472,
random_policy_456_a4b606e1,random_policy,train,691,456,easy,5,5,0.0001,0.95,1.0,default,100,-56.0,67,1,1,0,0,0.00477080000564456,
random_policy_456_a4b606e1,random_policy,train,692,456,easy,5,5,0.0001,0.95,1.0,default,100,-24.0,15,0,1,0,1,0.001146900001913309,
random_policy_456_a4b606e1,random_policy,train,693,456,easy,5,5,0.0001,0.95,1.0,default,100,-100.0,100,0,0,1,0,0.007048500003293157,
random_policy_456_a4b606e1,random_policy,train,694,456,easy,5,5,0.0001,0.95,1.0,default,100,-64.0,55,0,1,0,1,0.003932800012989901,
random_policy_456_a4b606e1,random_policy,train,695,456,easy,5,5,0.0001,0.95,1.0,default,100,-15.0,26,1,1,0,0,0.0019099999917671084,
random_policy_456_a4b606e1,random_policy,train,696,456,easy,5,5,0.0001,0.95,1.0,default,100,-11.0,22,1,1,0,0,0.0016254999936791137,
random_policy_456_a4b606e1,random_policy,train,697,456,easy,5,5,0.0001,0.95,1.0,default,100,-91.0,82,0,1,0,1,0.005783100001281127,
random_policy_456_a4b606e1,random_policy,train,698,456,easy,5,5,0.0001,0.95,1.0,default,100,-58.0,49,0,1,0,1,0.003581500001018867,
random_policy_456_a4b606e1,random_policy,train,699,456,easy,5,5,0.0001,0.95,1.0,default,100,-67.0,78,1,1,0,0,0.0055272000026889145,
random_policy_456_a4b606e1,random_policy,train,700,456,easy,5,5,0.0001,0.95,1.0,default,100,-34.0,25,0,1,0,1,0.0018450000061420724,
random_policy_456_a4b606e1,random_policy,train,701,456,easy,5,5,0.0001,0.95,1.0,default,100,-44.0,55,1,1,0,0,0.003999399996246211,
random_policy_456_a4b606e1,random_policy,train,702,456,easy,5,5,0.0001,0.95,1.0,default,100,-58.0,49,0,1,0,1,0.003520600002957508,
random_policy_456_a4b606e1,random_policy,train,703,456,easy,5,5,0.0001,0.95,1.0,default,100,-6.0,17,1,1,0,0,0.0012963999906787649,
random_policy_456_a4b606e1,random_policy,train,704,456,easy,5,5,0.0001,0.95,1.0,default,100,-25.0,16,0,1,0,1,0.0012190000124974176,
random_policy_456_a4b606e1,random_policy,train,705,456,easy,5,5,0.0001,0.95,1.0,default,100,-100.0,100,0,0,1,0,0.007062399992719293,
random_policy_456_a4b606e1,random_policy,train,706,456,easy,5,5,0.0001,0.95,1.0,default,100,-82.0,73,0,1,0,1,0.005176500009838492,
random_policy_456_a4b606e1,random_policy,train,707,456,easy,5,5,0.0001,0.95,1.0,default,100,-24.0,15,0,1,0,1,0.001164400004199706,
random_policy_456_a4b606e1,random_policy,train,708,456,easy,5,5,0.0001,0.95,1.0,default,100,-93.0,84,0,1,0,1,0.0059883999929297715,
random_policy_456_a4b606e1,random_policy,train,709,456,easy,5,5,0.0001,0.95,1.0,default,100,-90.0,81,0,1,0,1,0.005832599999848753,
random_policy_456_a4b606e1,random_policy,train,710,456,easy,5,5,0.0001,0.95,1.0,default,100,-77.0,88,1,1,0,0,0.006223000003956258,
random_policy_456_a4b606e1,random_policy,train,711,456,easy,5,5,0.0001,0.95,1.0,default,100,-39.0,30,0,1,0,1,0.0021889000054216012,
random_policy_456_a4b606e1,random_policy,train,712,456,easy,5,5,0.0001,0.95,1.0,default,100,-100.0,100,0,0,1,0,0.007070300009218045,
random_policy_456_a4b606e1,random_policy,train,713,456,easy,5,5,0.0001,0.95,1.0,default,100,-35.0,46,1,1,0,0,0.0033016999950632453,
random_policy_456_a4b606e1,random_policy,train,714,456,easy,5,5,0.0001,0.95,1.0,default,100,-100.0,100,0,0,1,0,0.0070758999936515465,
random_policy_456_a4b606e1,random_policy,train,715,456,easy,5,5,0.0001,0.95,1.0,default,100,-56.0,47,0,1,0,1,0.0033899000118253753,
random_policy_456_a4b606e1,random_policy,train,716,456,easy,5,5,0.0001,0.95,1.0,default,100,-48.0,39,0,1,0,1,0.0028153000021120533,
random_policy_456_a4b606e1,random_policy,train,717,456,easy,5,5,0.0001,0.95,1.0,default,100,-51.0,42,0,1,0,1,0.003022200005943887,
random_policy_456_a4b606e1,random_policy,train,718,456,easy,5,5,0.0001,0.95,1.0,default,100,-56.0,47,0,1,0,1,0.0033663000067463145,
random_policy_456_a4b606e1,random_policy,train,719,456,easy,5,5,0.0001,0.95,1.0,default,100,-55.0,46,0,1,0,1,0.0033679000043775886,
random_policy_456_a4b606e1,random_policy,train,720,456,easy,5,5,0.0001,0.95,1.0,default,100,-100.0,100,0,0,1,0,0.007053900000755675,
random_policy_456_a4b606e1,random_policy,train,721,456,easy,5,5,0.0001,0.95,1.0,default,100,-18.0,9,0,1,0,1,0.0007640999974682927,
random_policy_456_a4b606e1,random_policy,train,722,456,easy,5,5,0.0001,0.95,1.0,default,100,-64.0,55,0,1,0,1,0.0039585999911651015,
random_policy_456_a4b606e1,random_policy,train,723,456,easy,5,5,0.0001,0.95,1.0,default,100,-28.0,19,0,1,0,1,0.0014347999967867509,
random_policy_456_a4b606e1,random_policy,train,724,456,easy,5,5,0.0001,0.95,1.0,default,100,-40.0,31,0,1,0,1,0.002252899997984059,
random_policy_456_a4b606e1,random_policy,train,725,456,easy,5,5,0.0001,0.95,1.0,default,100,-24.0,15,0,1,0,1,0.0011497000086819753,
random_policy_456_a4b606e1,random_policy,train,726,456,easy,5,5,0.0001,0.95,1.0,default,100,-100.0,100,0,0,1,0,0.007090099999913946,
random_policy_456_a4b606e1,random_policy,train,727,456,easy,5,5,0.0001,0.95,1.0,default,100,-37.0,28,0,1,0,1,0.002087000000756234,
random_policy_456_a4b606e1,random_policy,train,728,456,easy,5,5,0.0001,0.95,1.0,default,100,-100.0,100,0,0,1,0,0.007075000001350418,
random_policy_456_a4b606e1,random_policy,train,729,456,easy,5,5,0.0001,0.95,1.0,default,100,-19.0,10,0,1,0,1,0.00080669998715166,
random_policy_456_a4b606e1,random_policy,train,730,456,easy,5,5,0.0001,0.95,1.0,default,100,-100.0,100,0,0,1,0,0.007078399998135865,
random_policy_456_a4b606e1,random_policy,train,731,456,easy,5,5,0.0001,0.95,1.0,default,100,-42.0,33,0,1,0,1,0.0024193000135710463,
random_policy_456_a4b606e1,random_policy,train,732,456,easy,5,5,0.0001,0.95,1.0,default,100,-55.0,66,1,1,0,0,0.004703800004790537,
random_policy_456_a4b606e1,random_policy,train,733,456,easy,5,5,0.0001,0.95,1.0,default,100,-29.0,40,1,1,0,0,0.002896999998483807,
random_policy_456_a4b606e1,random_policy,train,734,456,easy,5,5,0.0001,0.95,1.0,default,100,-24.0,15,0,1,0,1,0.0011464000126579776,
random_policy_456_a4b606e1,random_policy,train,735,456,easy,5,5,0.0001,0.95,1.0,default,100,-60.0,51,0,1,0,1,0.003668899997137487,
random_policy_456_a4b606e1,random_policy,train,736,456,easy,5,5,0.0001,0.95,1.0,default,100,-37.0,28,0,1,0,1,0.002057499994407408,
random_policy_456_a4b606e1,random_policy,train,737,456,easy,5,5,0.0001,0.95,1.0,default,100,-37.0,28,0,1,0,1,0.002061799998045899,
random_policy_456_a4b606e1,random_policy,train,738,456,easy,5,5,0.0001,0.95,1.0,default,100,-33.0,24,0,1,0,1,0.0017795000021578744,
random_policy_456_a4b606e1,random_policy,train,739,456,easy,5,5,0.0001,0.95,1.0,default,100,-62.0,53,0,1,0,1,0.003791099996306002,
random_policy_456_a4b606e1,random_policy,train,740,456,easy,5,5,0.0001,0.95,1.0,default,100,-52.0,43,0,1,0,1,0.0030949999927543104,
random_policy_456_a4b606e1,random_policy,train,741,456,easy,5,5,0.0001,0.95,1.0,default,100,-59.0,50,0,1,0,1,0.003643699994427152,
random_policy_456_a4b606e1,random_policy,train,742,456,easy,5,5,0.0001,0.95,1.0,default,100,-26.0,17,0,1,0,1,0.001291799999307841,
random_policy_456_a4b606e1,random_policy,train,743,456,easy,5,5,0.0001,0.95,1.0,default,100,-55.0,46,0,1,0,1,0.0033245999948121607,
random_policy_456_a4b606e1,random_policy,train,744,456,easy,5,5,0.0001,0.95,1.0,default,100,-88.0,79,0,1,0,1,0.005631899999571033,
random_policy_456_a4b606e1,random_policy,train,745,456,easy,5,5,0.0001,0.95,1.0,default,100,-38.0,29,0,1,0,1,0.002136899987817742,
random_policy_456_a4b606e1,random_policy,train,746,456,easy,5,5,0.0001,0.95,1.0,default,100,-16.0,27,1,1,0,0,0.001997799990931526,
random_policy_456_a4b606e1,random_policy,train,747,456,easy,5,5,0.0001,0.95,1.0,default,100,-19.0,10,0,1,0,1,0.0008150999929057434,
random_policy_456_a4b606e1,random_policy,train,748,456,easy,5,5,0.0001,0.95,1.0,default,100,-100.0,100,0,0,1,0,0.007078599999658763,
random_policy_456_a4b606e1,random_policy,train,749,456,easy,5,5,0.0001,0.95,1.0,default,100,-19.0,10,0,1,0,1,0.000800199995865114,
random_policy_456_a4b606e1,random_policy,train,750,456,easy,5,5,0.0001,0.95,1.0,default,100,-100.0,100,0,0,1,0,0.007128900004317984,
random_policy_456_a4b606e1,random_policy,train,751,456,easy,5,5,0.0001,0.95,1.0,default,100,-17.0,28,1,1,0,0,0.0020726000075228512,
random_policy_456_a4b606e1,random_policy,train,752,456,easy,5,5,0.0001,0.95,1.0,default,100,-53.0,44,0,1,0,1,0.0031670999887865037,
random_policy_456_a4b606e1,random_policy,train,753,456,easy,5,5,0.0001,0.95,1.0,default,100,-48.0,39,0,1,0,1,0.0028334999951766804,
random_policy_456_a4b606e1,random_policy,train,754,456,easy,5,5,0.0001,0.95,1.0,default,100,-79.0,70,0,1,0,1,0.005031200009398162,
random_policy_456_a4b606e1,random_policy,train,755,456,easy,5,5,0.0001,0.95,1.0,default,100,-50.0,41,0,1,0,1,0.0029931000026408583,
random_policy_456_a4b606e1,random_policy,train,756,456,easy,5,5,0.0001,0.95,1.0,default,100,-12.0,23,1,1,0,0,0.0017107000021496788,
random_policy_456_a4b606e1,random_policy,train,757,456,easy,5,5,0.0001,0.95,1.0,default,100,-71.0,62,0,1,0,1,0.004454599999007769,
random_policy_456_a4b606e1,random_policy,train,758,456,easy,5,5,0.0001,0.95,1.0,default,100,-52.0,43,0,1,0,1,0.003115500003332272,
random_policy_456_a4b606e1,random_policy,train,759,456,easy,5,5,0.0001,0.95,1.0,default,100,-100.0,100,0,0,1,0,0.007068500010063872,
random_policy_456_a4b606e1,random_policy,train,760,456,easy,5,5,0.0001,0.95,1.0,default,100,-66.0,77,1,1,0,0,0.005468300005304627,
random_policy_456_a4b606e1,random_policy,train,761,456,easy,5,5,0.0001,0.95,1.0,default,100,-100.0,100,0,0,1,0,0.0071195999917108566,
random_policy_456_a4b606e1,random_policy,train,762,456,easy,5,5,0.0001,0.95,1.0,default,100,-40.0,31,0,1,0,1,0.0022763000015402213,
random_policy_456_a4b606e1,random_policy,train,763,456,easy,5,5,0.0001,0.95,1.0,default,100,-32.0,23,0,1,0,1,0.0017156000103568658,
random_policy_456_a4b606e1,random_policy,train,764,456,easy,5,5,0.0001,0.95,1.0,default,100,-14.0,25,1,1,0,0,0.0019004999921889976,
random_policy_456_a4b606e1,random_policy,train,765,456,easy,5,5,0.0001,0.95,1.0,default,100,-49.0,40,0,1,0,1,0.0029341000044951215,
random_policy_456_a4b606e1,random_policy,train,766,456,easy,5,5,0.0001,0.95,1.0,default,100,-26.0,17,0,1,0,1,0.0013057000032858923,
random_policy_456_a4b606e1,random_policy,train,767,456,easy,5,5,0.0001,0.95,1.0,default,100,-59.0,50,0,1,0,1,0.003599400006351061,
random_policy_456_a4b606e1,random_policy,train,768,456,easy,5,5,0.0001,0.95,1.0,default,100,-19.0,10,0,1,0,1,0.0008114999945973977,
random_policy_456_a4b606e1,random_policy,train,769,456,easy,5,5,0.0001,0.95,1.0,default,100,-34.0,45,1,1,0,0,0.0032370999979320914,
random_policy_456_a4b606e1,random_policy,train,770,456,easy,5,5,0.0001,0.95,1.0,default,100,-48.0,59,1,1,0,0,0.004236399996443652,
random_policy_456_a4b606e1,random_policy,train,771,456,easy,5,5,0.0001,0.95,1.0,default,100,-35.0,26,0,1,0,1,0.0019293999939691275,
random_policy_456_a4b606e1,random_policy,train,772,456,easy,5,5,0.0001,0.95,1.0,default,100,-100.0,100,0,0,1,0,0.00707840001268778,
random_policy_456_a4b606e1,random_policy,train,773,456,easy,5,5,0.0001,0.95,1.0,default,100,-25.0,16,0,1,0,1,0.0012275000044610351,
random_policy_456_a4b606e1,random_policy,train,774,456,easy,5,5,0.0001,0.95,1.0,default,100,-51.0,42,0,1,0,1,0.0030446000018855557,
random_policy_456_a4b606e1,random_policy,train,775,456,easy,5,5,0.0001,0.95,1.0,default,100,-27.0,18,0,1,0,1,0.001370800004224293,
random_policy_456_a4b606e1,random_policy,train,776,456,easy,5,5,0.0001,0.95,1.0,default,100,-45.0,56,1,1,0,0,0.004005100010544993,
random_policy_456_a4b606e1,random_policy,train,777,456,easy,5,5,0.0001,0.95,1.0,default,100,-100.0,100,0,0,1,0,0.00708429999940563,
random_policy_456_a4b606e1,random_policy,train,778,456,easy,5,5,0.0001,0.95,1.0,default,100,-100.0,100,0,0,1,0,0.007123000003048219,
random_policy_456_a4b606e1,random_policy,train,779,456,easy,5,5,0.0001,0.95,1.0,default,100,-28.0,39,1,1,0,0,0.0028328000043984503,
random_policy_456_a4b606e1,random_policy,train,780,456,easy,5,5,0.0001,0.95,1.0,default,100,-57.0,68,1,1,0,0,0.004864000002271496,
random_policy_456_a4b606e1,random_policy,train,781,456,easy,5,5,0.0001,0.95,1.0,default,100,-24.0,15,0,1,0,1,0.0012526999926194549,
random_policy_456_a4b606e1,random_policy,train,782,456,easy,5,5,0.0001,0.95,1.0,default,100,-28.0,19,0,1,0,1,0.001496999990195036,
random_policy_456_a4b606e1,random_policy,train,783,456,easy,5,5,0.0001,0.95,1.0,default,100,-100.0,100,0,0,1,0,0.007086799989338033,
random_policy_456_a4b606e1,random_policy,train,784,456,easy,5,5,0.0001,0.95,1.0,default,100,-100.0,100,0,0,1,0,0.007123300005332567,
random_policy_456_a4b606e1,random_policy,train,785,456,easy,5,5,0.0001,0.95,1.0,default,100,-91.0,82,0,1,0,1,0.005954899999778718,
random_policy_456_a4b606e1,random_policy,train,786,456,easy,5,5,0.0001,0.95,1.0,default,100,-100.0,100,0,0,1,0,0.007082800002535805,
random_policy_456_a4b606e1,random_policy,train,787,456,easy,5,5,0.0001,0.95,1.0,default,100,-45.0,36,0,1,0,1,0.002635600001667626,
random_policy_456_a4b606e1,random_policy,train,788,456,easy,5,5,0.0001,0.95,1.0,default,100,-100.0,100,0,0,1,0,0.0070242999936454,
random_policy_456_a4b606e1,random_policy,train,789,456,easy,5,5,0.0001,0.95,1.0,default,100,-27.0,18,0,1,0,1,0.0013565999979618937,
random_policy_456_a4b606e1,random_policy,train,790,456,easy,5,5,0.0001,0.95,1.0,default,100,-100.0,100,0,0,1,0,0.007096600005752407,
random_policy_456_a4b606e1,random_policy,train,791,456,easy,5,5,0.0001,0.95,1.0,default,100,-29.0,20,0,1,0,1,0.0015224000089801848,
random_policy_456_a4b606e1,random_policy,train,792,456,easy,5,5,0.0001,0.95,1.0,default,100,-65.0,76,1,1,0,0,0.005381299997679889,
random_policy_456_a4b606e1,random_policy,train,793,456,easy,5,5,0.0001,0.95,1.0,default,100,-75.0,86,1,1,0,0,0.00604870000097435,
random_policy_456_a4b606e1,random_policy,train,794,456,easy,5,5,0.0001,0.95,1.0,default,100,-102.0,93,0,1,0,1,0.006508399994345382,
random_policy_456_a4b606e1,random_policy,train,795,456,easy,5,5,0.0001,0.95,1.0,default,100,-45.0,56,1,1,0,0,0.003975500003434718,
random_policy_456_a4b606e1,random_policy,train,796,456,easy,5,5,0.0001,0.95,1.0,default,100,-100.0,100,0,0,1,0,0.007117500004824251,
random_policy_456_a4b606e1,random_policy,train,797,456,easy,5,5,0.0001,0.95,1.0,default,100,-100.0,100,0,0,1,0,0.007168099997215904,
random_policy_456_a4b606e1,random_policy,train,798,456,easy,5,5,0.0001,0.95,1.0,default,100,-100.0,100,0,0,1,0,0.007052700006170198,
random_policy_456_a4b606e1,random_policy,train,799,456,easy,5,5,0.0001,0.95,1.0,default,100,-100.0,100,0,0,1,0,0.0070001999993110076,
random_policy_456_a4b606e1,random_policy,train,800,456,easy,5,5,0.0001,0.95,1.0,default,100,-100.0,100,0,0,1,0,0.007020400007604621,results\random_policy\seed_456\qtable_ep800.npz
random_policy_456_a4b606e1,random_policy,eval,1,456,easy,5,5,0.0001,0.95,0.0,default,100,-100.0,100,0,0,1,0,,
random_policy_456_a4b606e1,random_policy,eval,2,456,easy,5,5,0.0001,0.95,0.0,default,100,-100.0,100,0,0,1,0,,
random_policy_456_a4b606e1,random_policy,eval,3,456,easy,5,5,0.0001,0.95,0.0,default,100,-100.0,100,0,0,1,0,,
random_policy_456_a4b606e1,random_policy,eval,4,456,easy,5,5,0.0001,0.95,0.0,default,100,-100.0,100,0,0,1,0,,
random_policy_456_a4b606e1,random_policy,eval,5,456,easy,5,5,0.0001,0.95,0.0,default,100,-100.0,100,0,0,1,0,,
random_policy_456_a4b606e1,random_policy,eval,6,456,easy,5,5,0.0001,0.95,0.0,default,100,-100.0,100,0,0,1,0,,
random_policy_456_a4b606e1,random_policy,eval,7,456,easy,5,5,0.0001,0.95,0.0,default,100,-100.0,100,0,0,1,0,,
random_policy_456_a4b606e1,random_policy,eval,8,456,easy,5,5,0.0001,0.95,0.0,default,100,-100.0,100,0,0,1,0,,
random_policy_456_a4b606e1,random_policy,eval,9,456,easy,5,5,0.0001,0.95,0.0,default,100,-100.0,100,0,0,1,0,,
random_policy_456_a4b606e1,random_policy,eval,10,456,easy,5,5,0.0001,0.95,0.0,default,100,-100.0,100,0,0,1,0,,
random_policy_456_a4b606e1,random_policy,eval,1,456,easy,5,5,0.0001,0.95,0.0,default,100,-100.0,100,0,0,1,0,,
random_policy_456_a4b606e1,random_policy,eval,2,456,easy,5,5,0.0001,0.95,0.0,default,100,-100.0,100,0,0,1,0,,
random_policy_456_a4b606e1,random_policy,eval,3,456,easy,5,5,0.0001,0.95,0.0,default,100,-100.0,100,0,0,1,0,,
random_policy_456_a4b606e1,random_policy,eval,4,456,easy,5,5,0.0001,0.95,0.0,default,100,-100.0,100,0,0,1,0,,
random_policy_456_a4b606e1,random_policy,eval,5,456,easy,5,5,0.0001,0.95,0.0,default,100,-100.0,100,0,0,1,0,,
random_policy_456_a4b606e1,random_policy,eval,6,456,easy,5,5,0.0001,0.95,0.0,default,100,-100.0,100,0,0,1,0,,
random_policy_456_a4b606e1,random_policy,eval,7,456,easy,5,5,0.0001,0.95,0.0,default,100,-100.0,100,0,0,1,0,,
random_policy_456_a4b606e1,random_policy,eval,8,456,easy,5,5,0.0001,0.95,0.0,default,100,-100.0,100,0,0,1,0,,
random_policy_456_a4b606e1,random_policy,eval,9,456,easy,5,5,0.0001,0.95,0.0,default,100,-100.0,100,0,0,1,0,,
random_policy_456_a4b606e1,random_policy,eval,10,456,easy,5,5,0.0001,0.95,0.0,default,100,-100.0,100,0,0,1,0,,
random_policy_456_a4b606e1,random_policy,eval,1,456,easy,5,5,0.0001,0.95,0.0,default,100,-100.0,100,0,0,1,0,,
random_policy_456_a4b606e1,random_policy,eval,2,456,easy,5,5,0.0001,0.95,0.0,default,100,-100.0,100,0,0,1,0,,
random_policy_456_a4b606e1,random_policy,eval,3,456,easy,5,5,0.0001,0.95,0.0,default,100,-100.0,100,0,0,1,0,,
random_policy_456_a4b606e1,random_policy,eval,4,456,easy,5,5,0.0001,0.95,0.0,default,100,-100.0,100,0,0,1,0,,
random_policy_456_a4b606e1,random_policy,eval,5,456,easy,5,5,0.0001,0.95,0.0,default,100,-100.0,100,0,0,1,0,,
random_policy_456_a4b606e1,random_policy,eval,6,456,easy,5,5,0.0001,0.95,0.0,default,100,-100.0,100,0,0,1,0,,
random_policy_456_a4b606e1,random_policy,eval,7,456,easy,5,5,0.0001,0.95,0.0,default,100,-100.0,100,0,0,1,0,,
random_policy_456_a4b606e1,random_policy,eval,8,456,easy,5,5,0.0001,0.95,0.0,default,100,-100.0,100,0,0,1,0,,
random_policy_456_a4b606e1,random_policy,eval,9,456,easy,5,5,0.0001,0.95,0.0,default,100,-100.0,100,0,0,1,0,,
random_policy_456_a4b606e1,random_policy,eval,10,456,easy,5,5,0.0001,0.95,0.0,default,100,-100.0,100,0,0,1,0,,
random_policy_456_a4b606e1,random_policy,eval,1,456,easy,5,5,0.0001,0.95,0.0,default,100,-100.0,100,0,0,1,0,,
random_policy_456_a4b606e1,random_policy,eval,2,456,easy,5,5,0.0001,0.95,0.0,default,100,-100.0,100,0,0,1,0,,
random_policy_456_a4b606e1,random_policy,eval,3,456,easy,5,5,0.0001,0.95,0.0,default,100,-100.0,100,0,0,1,0,,
random_policy_456_a4b606e1,random_policy,eval,4,456,easy,5,5,0.0001,0.95,0.0,default,100,-100.0,100,0,0,1,0,,
random_policy_456_a4b606e1,random_policy,eval,5,456,easy,5,5,0.0001,0.95,0.0,default,100,-100.0,100,0,0,1,0,,
random_policy_456_a4b606e1,random_policy,eval,6,456,easy,5,5,0.0001,0.95,0.0,default,100,-100.0,100,0,0,1,0,,
random_policy_456_a4b606e1,random_policy,eval,7,456,easy,5,5,0.0001,0.95,0.0,default,100,-100.0,100,0,0,1,0,,
random_policy_456_a4b606e1,random_policy,eval,8,456,easy,5,5,0.0001,0.95,0.0,default,100,-100.0,100,0,0,1,0,,
random_policy_456_a4b606e1,random_policy,eval,9,456,easy,5,5,0.0001,0.95,0.0,default,100,-100.0,100,0,0,1,0,,
random_policy_456_a4b606e1,random_policy,eval,10,456,easy,5,5,0.0001,0.95,0.0,default,100,-100.0,100,0,0,1,0,,
random_policy_456_a4b606e1,random_policy,eval,1,456,easy,5,5,0.0001,0.95,0.0,default,100,-100.0,100,0,0,1,0,,
random_policy_456_a4b606e1,random_policy,eval,2,456,easy,5,5,0.0001,0.95,0.0,default,100,-100.0,100,0,0,1,0,,
random_policy_456_a4b606e1,random_policy,eval,3,456,easy,5,5,0.0001,0.95,0.0,default,100,-100.0,100,0,0,1,0,,
random_policy_456_a4b606e1,random_policy,eval,4,456,easy,5,5,0.0001,0.95,0.0,default,100,-100.0,100,0,0,1,0,,
random_policy_456_a4b606e1,random_policy,eval,5,456,easy,5,5,0.0001,0.95,0.0,default,100,-100.0,100,0,0,1,0,,
random_policy_456_a4b606e1,random_policy,eval,6,456,easy,5,5,0.0001,0.95,0.0,default,100,-100.0,100,0,0,1,0,,
random_policy_456_a4b606e1,random_policy,eval,7,456,easy,5,5,0.0001,0.95,0.0,default,100,-100.0,100,0,0,1,0,,
random_policy_456_a4b606e1,random_policy,eval,8,456,easy,5,5,0.0001,0.95,0.0,default,100,-100.0,100,0,0,1,0,,
random_policy_456_a4b606e1,random_policy,eval,9,456,easy,5,5,0.0001,0.95,0.0,default,100,-100.0,100,0,0,1,0,,
random_policy_456_a4b606e1,random_policy,eval,10,456,easy,5,5,0.0001,0.95,0.0,default,100,-100.0,100,0,0,1,0,,
random_policy_456_a4b606e1,random_policy,eval,1,456,easy,5,5,0.0001,0.95,0.0,default,100,-100.0,100,0,0,1,0,,
random_policy_456_a4b606e1,random_policy,eval,2,456,easy,5,5,0.0001,0.95,0.0,default,100,-100.0,100,0,0,1,0,,
random_policy_456_a4b606e1,random_policy,eval,3,456,easy,5,5,0.0001,0.95,0.0,default,100,-100.0,100,0,0,1,0,,
random_policy_456_a4b606e1,random_policy,eval,4,456,easy,5,5,0.0001,0.95,0.0,default,100,-100.0,100,0,0,1,0,,
random_policy_456_a4b606e1,random_policy,eval,5,456,easy,5,5,0.0001,0.95,0.0,default,100,-100.0,100,0,0,1,0,,
random_policy_456_a4b606e1,random_policy,eval,6,456,easy,5,5,0.0001,0.95,0.0,default,100,-100.0,100,0,0,1,0,,
random_policy_456_a4b606e1,random_policy,eval,7,456,easy,5,5,0.0001,0.95,0.0,default,100,-100.0,100,0,0,1,0,,
random_policy_456_a4b606e1,random_policy,eval,8,456,easy,5,5,0.0001,0.95,0.0,default,100,-100.0,100,0,0,1,0,,
random_policy_456_a4b606e1,random_policy,eval,9,456,easy,5,5,0.0001,0.95,0.0,default,100,-100.0,100,0,0,1,0,,
random_policy_456_a4b606e1,random_policy,eval,10,456,easy,5,5,0.0001,0.95,0.0,default,100,-100.0,100,0,0,1,0,,
random_policy_456_a4b606e1,random_policy,eval,1,456,easy,5,5,0.0001,0.95,0.0,default,100,-100.0,100,0,0,1,0,,
random_policy_456_a4b606e1,random_policy,eval,2,456,easy,5,5,0.0001,0.95,0.0,default,100,-100.0,100,0,0,1,0,,
random_policy_456_a4b606e1,random_policy,eval,3,456,easy,5,5,0.0001,0.95,0.0,default,100,-100.0,100,0,0,1,0,,
random_policy_456_a4b606e1,random_policy,eval,4,456,easy,5,5,0.0001,0.95,0.0,default,100,-100.0,100,0,0,1,0,,
random_policy_456_a4b606e1,random_policy,eval,5,456,easy,5,5,0.0001,0.95,0.0,default,100,-100.0,100,0,0,1,0,,
random_policy_456_a4b606e1,random_policy,eval,6,456,easy,5,5,0.0001,0.95,0.0,default,100,-100.0,100,0,0,1,0,,
random_policy_456_a4b606e1,random_policy,eval,7,456,easy,5,5,0.0001,0.95,0.0,default,100,-100.0,100,0,0,1,0,,
random_policy_456_a4b606e1,random_policy,eval,8,456,easy,5,5,0.0001,0.95,0.0,default,100,-100.0,100,0,0,1,0,,
random_policy_456_a4b606e1,random_policy,eval,9,456,easy,5,5,0.0001,0.95,0.0,default,100,-100.0,100,0,0,1,0,,
random_policy_456_a4b606e1,random_policy,eval,10,456,easy,5,5,0.0001,0.95,0.0,default,100,-100.0,100,0,0,1,0,,
random_policy_456_a4b606e1,random_policy,eval,1,456,easy,5,5,0.0001,0.95,0.0,default,100,-100.0,100,0,0,1,0,,
random_policy_456_a4b606e1,random_policy,eval,2,456,easy,5,5,0.0001,0.95,0.0,default,100,-100.0,100,0,0,1,0,,
random_policy_456_a4b606e1,random_policy,eval,3,456,easy,5,5,0.0001,0.95,0.0,default,100,-100.0,100,0,0,1,0,,
random_policy_456_a4b606e1,random_policy,eval,4,456,easy,5,5,0.0001,0.95,0.0,default,100,-100.0,100,0,0,1,0,,
random_policy_456_a4b606e1,random_policy,eval,5,456,easy,5,5,0.0001,0.95,0.0,default,100,-100.0,100,0,0,1,0,,
random_policy_456_a4b606e1,random_policy,eval,6,456,easy,5,5,0.0001,0.95,0.0,default,100,-100.0,100,0,0,1,0,,
random_policy_456_a4b606e1,random_policy,eval,7,456,easy,5,5,0.0001,0.95,0.0,default,100,-100.0,100,0,0,1,0,,
random_policy_456_a4b606e1,random_policy,eval,8,456,easy,5,5,0.0001,0.95,0.0,default,100,-100.0,100,0,0,1,0,,
random_policy_456_a4b606e1,random_policy,eval,9,456,easy,5,5,0.0001,0.95,0.0,default,100,-100.0,100,0,0,1,0,,
random_policy_456_a4b606e1,random_policy,eval,10,456,easy,5,5,0.0001,0.95,0.0,default,100,-100.0,100,0,0,1,0,,
random_policy_456_a4b606e1,random_policy,eval,1,456,easy,5,5,0.0001,0.95,0.0,default,100,-100.0,100,0,0,1,0,,
random_policy_456_a4b606e1,random_policy,eval,2,456,easy,5,5,0.0001,0.95,0.0,default,100,-100.0,100,0,0,1,0,,
random_policy_456_a4b606e1,random_policy,eval,3,456,easy,5,5,0.0001,0.95,0.0,default,100,-100.0,100,0,0,1,0,,
random_policy_456_a4b606e1,random_policy,eval,4,456,easy,5,5,0.0001,0.95,0.0,default,100,-100.0,100,0,0,1,0,,
random_policy_456_a4b606e1,random_policy,eval,5,456,easy,5,5,0.0001,0.95,0.0,default,100,-100.0,100,0,0,1,0,,
random_policy_456_a4b606e1,random_policy,eval,6,456,easy,5,5,0.0001,0.95,0.0,default,100,-100.0,100,0,0,1,0,,
random_policy_456_a4b606e1,random_policy,eval,7,456,easy,5,5,0.0001,0.95,0.0,default,100,-100.0,100,0,0,1,0,,
random_policy_456_a4b606e1,random_policy,eval,8,456,easy,5,5,0.0001,0.95,0.0,default,100,-100.0,100,0,0,1,0,,
random_policy_456_a4b606e1,random_policy,eval,9,456,easy,5,5,0.0001,0.95,0.0,default,100,-100.0,100,0,0,1,0,,
random_policy_456_a4b606e1,random_policy,eval,10,456,easy,5,5,0.0001,0.95,0.0,default,100,-100.0,100,0,0,1,0,,
random_policy_456_a4b606e1,random_policy,eval,1,456,easy,5,5,0.0001,0.95,0.0,default,100,-100.0,100,0,0,1,0,,
random_policy_456_a4b606e1,random_policy,eval,2,456,easy,5,5,0.0001,0.95,0.0,default,100,-100.0,100,0,0,1,0,,
random_policy_456_a4b606e1,random_policy,eval,3,456,easy,5,5,0.0001,0.95,0.0,default,100,-100.0,100,0,0,1,0,,
random_policy_456_a4b606e1,random_policy,eval,4,456,easy,5,5,0.0001,0.95,0.0,default,100,-100.0,100,0,0,1,0,,
random_policy_456_a4b606e1,random_policy,eval,5,456,easy,5,5,0.0001,0.95,0.0,default,100,-100.0,100,0,0,1,0,,
random_policy_456_a4b606e1,random_policy,eval,6,456,easy,5,5,0.0001,0.95,0.0,default,100,-100.0,100,0,0,1,0,,
random_policy_456_a4b606e1,random_policy,eval,7,456,easy,5,5,0.0001,0.95,0.0,default,100,-100.0,100,0,0,1,0,,
random_policy_456_a4b606e1,random_policy,eval,8,456,easy,5,5,0.0001,0.95,0.0,default,100,-100.0,100,0,0,1,0,,
random_policy_456_a4b606e1,random_policy,eval,9,456,easy,5,5,0.0001,0.95,0.0,default,100,-100.0,100,0,0,1,0,,
random_policy_456_a4b606e1,random_policy,eval,10,456,easy,5,5,0.0001,0.95,0.0,default,100,-100.0,100,0,0,1,0,,
random_policy_456_a4b606e1,random_policy,eval,1,456,easy,5,5,0.0001,0.95,0.0,default,100,-100.0,100,0,0,1,0,,
random_policy_456_a4b606e1,random_policy,eval,2,456,easy,5,5,0.0001,0.95,0.0,default,100,-100.0,100,0,0,1,0,,
random_policy_456_a4b606e1,random_policy,eval,3,456,easy,5,5,0.0001,0.95,0.0,default,100,-100.0,100,0,0,1,0,,
random_policy_456_a4b606e1,random_policy,eval,4,456,easy,5,5,0.0001,0.95,0.0,default,100,-100.0,100,0,0,1,0,,
random_policy_456_a4b606e1,random_policy,eval,5,456,easy,5,5,0.0001,0.95,0.0,default,100,-100.0,100,0,0,1,0,,
random_policy_456_a4b606e1,random_policy,eval,6,456,easy,5,5,0.0001,0.95,0.0,default,100,-100.0,100,0,0,1,0,,
random_policy_456_a4b606e1,random_policy,eval,7,456,easy,5,5,0.0001,0.95,0.0,default,100,-100.0,100,0,0,1,0,,
random_policy_456_a4b606e1,random_policy,eval,8,456,easy,5,5,0.0001,0.95,0.0,default,100,-100.0,100,0,0,1,0,,
random_policy_456_a4b606e1,random_policy,eval,9,456,easy,5,5,0.0001,0.95,0.0,default,100,-100.0,100,0,0,1,0,,
random_policy_456_a4b606e1,random_policy,eval,10,456,easy,5,5,0.0001,0.95,0.0,default,100,-100.0,100,0,0,1,0,,
random_policy_456_a4b606e1,random_policy,eval,1,456,easy,5,5,0.0001,0.95,0.0,default,100,-100.0,100,0,0,1,0,,
random_policy_456_a4b606e1,random_policy,eval,2,456,easy,5,5,0.0001,0.95,0.0,default,100,-100.0,100,0,0,1,0,,
random_policy_456_a4b606e1,random_policy,eval,3,456,easy,5,5,0.0001,0.95,0.0,default,100,-100.0,100,0,0,1,0,,
random_policy_456_a4b606e1,random_policy,eval,4,456,easy,5,5,0.0001,0.95,0.0,default,100,-100.0,100,0,0,1,0,,
random_policy_456_a4b606e1,random_policy,eval,5,456,easy,5,5,0.0001,0.95,0.0,default,100,-100.0,100,0,0,1,0,,
random_policy_456_a4b606e1,random_policy,eval,6,456,easy,5,5,0.0001,0.95,0.0,default,100,-100.0,100,0,0,1,0,,
random_policy_456_a4b606e1,random_policy,eval,7,456,easy,5,5,0.0001,0.95,0.0,default,100,-100.0,100,0,0,1,0,,
random_policy_456_a4b606e1,random_policy,eval,8,456,easy,5,5,0.0001,0.95,0.0,default,100,-100.0,100,0,0,1,0,,
random_policy_456_a4b606e1,random_policy,eval,9,456,easy,5,5,0.0001,0.95,0.0,default,100,-100.0,100,0,0,1,0,,
random_policy_456_a4b606e1,random_policy,eval,10,456,easy,5,5,0.0001,0.95,0.0,default,100,-100.0,100,0,0,1,0,,
random_policy_456_a4b606e1,random_policy,eval,1,456,easy,5,5,0.0001,0.95,0.0,default,100,-100.0,100,0,0,1,0,,
random_policy_456_a4b606e1,random_policy,eval,2,456,easy,5,5,0.0001,0.95,0.0,default,100,-100.0,100,0,0,1,0,,
random_policy_456_a4b606e1,random_policy,eval,3,456,easy,5,5,0.0001,0.95,0.0,default,100,-100.0,100,0,0,1,0,,
random_policy_456_a4b606e1,random_policy,eval,4,456,easy,5,5,0.0001,0.95,0.0,default,100,-100.0,100,0,0,1,0,,
random_policy_456_a4b606e1,random_policy,eval,5,456,easy,5,5,0.0001,0.95,0.0,default,100,-100.0,100,0,0,1,0,,
random_policy_456_a4b606e1,random_policy,eval,6,456,easy,5,5,0.0001,0.95,0.0,default,100,-100.0,100,0,0,1,0,,
random_policy_456_a4b606e1,random_policy,eval,7,456,easy,5,5,0.0001,0.95,0.0,default,100,-100.0,100,0,0,1,0,,
random_policy_456_a4b606e1,random_policy,eval,8,456,easy,5,5,0.0001,0.95,0.0,default,100,-100.0,100,0,0,1,0,,
random_policy_456_a4b606e1,random_policy,eval,9,456,easy,5,5,0.0001,0.95,0.0,default,100,-100.0,100,0,0,1,0,,
random_policy_456_a4b606e1,random_policy,eval,10,456,easy,5,5,0.0001,0.95,0.0,default,100,-100.0,100,0,0,1,0,,
random_policy_456_a4b606e1,random_policy,eval,1,456,easy,5,5,0.0001,0.95,0.0,default,100,-100.0,100,0,0,1,0,,
random_policy_456_a4b606e1,random_policy,eval,2,456,easy,5,5,0.0001,0.95,0.0,default,100,-100.0,100,0,0,1,0,,
random_policy_456_a4b606e1,random_policy,eval,3,456,easy,5,5,0.0001,0.95,0.0,default,100,-100.0,100,0,0,1,0,,
random_policy_456_a4b606e1,random_policy,eval,4,456,easy,5,5,0.0001,0.95,0.0,default,100,-100.0,100,0,0,1,0,,
random_policy_456_a4b606e1,random_policy,eval,5,456,easy,5,5,0.0001,0.95,0.0,default,100,-100.0,100,0,0,1,0,,
random_policy_456_a4b606e1,random_policy,eval,6,456,easy,5,5,0.0001,0.95,0.0,default,100,-100.0,100,0,0,1,0,,
random_policy_456_a4b606e1,random_policy,eval,7,456,easy,5,5,0.0001,0.95,0.0,default,100,-100.0,100,0,0,1,0,,
random_policy_456_a4b606e1,random_policy,eval,8,456,easy,5,5,0.0001,0.95,0.0,default,100,-100.0,100,0,0,1,0,,
random_policy_456_a4b606e1,random_policy,eval,9,456,easy,5,5,0.0001,0.95,0.0,default,100,-100.0,100,0,0,1,0,,
random_policy_456_a4b606e1,random_policy,eval,10,456,easy,5,5,0.0001,0.95,0.0,default,100,-100.0,100,0,0,1,0,,
random_policy_456_a4b606e1,random_policy,eval,1,456,easy,5,5,0.0001,0.95,0.0,default,100,-100.0,100,0,0,1,0,,
random_policy_456_a4b606e1,random_policy,eval,2,456,easy,5,5,0.0001,0.95,0.0,default,100,-100.0,100,0,0,1,0,,
random_policy_456_a4b606e1,random_policy,eval,3,456,easy,5,5,0.0001,0.95,0.0,default,100,-100.0,100,0,0,1,0,,
random_policy_456_a4b606e1,random_policy,eval,4,456,easy,5,5,0.0001,0.95,0.0,default,100,-100.0,100,0,0,1,0,,
random_policy_456_a4b606e1,random_policy,eval,5,456,easy,5,5,0.0001,0.95,0.0,default,100,-100.0,100,0,0,1,0,,
random_policy_456_a4b606e1,random_policy,eval,6,456,easy,5,5,0.0001,0.95,0.0,default,100,-100.0,100,0,0,1,0,,
random_policy_456_a4b606e1,random_policy,eval,7,456,easy,5,5,0.0001,0.95,0.0,default,100,-100.0,100,0,0,1,0,,
random_policy_456_a4b606e1,random_policy,eval,8,456,easy,5,5,0.0001,0.95,0.0,default,100,-100.0,100,0,0,1,0,,
random_policy_456_a4b606e1,random_policy,eval,9,456,easy,5,5,0.0001,0.95,0.0,default,100,-100.0,100,0,0,1,0,,
random_policy_456_a4b606e1,random_policy,eval,10,456,easy,5,5,0.0001,0.95,0.0,default,100,-100.0,100,0,0,1,0,,
random_policy_456_a4b606e1,random_policy,eval,1,456,easy,5,5,0.0001,0.95,0.0,default,100,-100.0,100,0,0,1,0,,
random_policy_456_a4b606e1,random_policy,eval,2,456,easy,5,5,0.0001,0.95,0.0,default,100,-100.0,100,0,0,1,0,,
random_policy_456_a4b606e1,random_policy,eval,3,456,easy,5,5,0.0001,0.95,0.0,default,100,-100.0,100,0,0,1,0,,
random_policy_456_a4b606e1,random_policy,eval,4,456,easy,5,5,0.0001,0.95,0.0,default,100,-100.0,100,0,0,1,0,,
random_policy_456_a4b606e1,random_policy,eval,5,456,easy,5,5,0.0001,0.95,0.0,default,100,-100.0,100,0,0,1,0,,
random_policy_456_a4b606e1,random_policy,eval,6,456,easy,5,5,0.0001,0.95,0.0,default,100,-100.0,100,0,0,1,0,,
random_policy_456_a4b606e1,random_policy,eval,7,456,easy,5,5,0.0001,0.95,0.0,default,100,-100.0,100,0,0,1,0,,
random_policy_456_a4b606e1,random_policy,eval,8,456,easy,5,5,0.0001,0.95,0.0,default,100,-100.0,100,0,0,1,0,,
random_policy_456_a4b606e1,random_policy,eval,9,456,easy,5,5,0.0001,0.95,0.0,default,100,-100.0,100,0,0,1,0,,
random_policy_456_a4b606e1,random_policy,eval,10,456,easy,5,5,0.0001,0.95,0.0,default,100,-100.0,100,0,0,1,0,,
random_policy_456_a4b606e1,random_policy,eval,1,456,easy,5,5,0.0001,0.95,0.0,default,100,-100.0,100,0,0,1,0,,
random_policy_456_a4b606e1,random_policy,eval,2,456,easy,5,5,0.0001,0.95,0.0,default,100,-100.0,100,0,0,1,0,,
random_policy_456_a4b606e1,random_policy,eval,3,456,easy,5,5,0.0001,0.95,0.0,default,100,-100.0,100,0,0,1,0,,
random_policy_456_a4b606e1,random_policy,eval,4,456,easy,5,5,0.0001,0.95,0.0,default,100,-100.0,100,0,0,1,0,,
random_policy_456_a4b606e1,random_policy,eval,5,456,easy,5,5,0.0001,0.95,0.0,default,100,-100.0,100,0,0,1,0,,
random_policy_456_a4b606e1,random_policy,eval,6,456,easy,5,5,0.0001,0.95,0.0,default,100,-100.0,100,0,0,1,0,,
random_policy_456_a4b606e1,random_policy,eval,7,456,easy,5,5,0.0001,0.95,0.0,default,100,-100.0,100,0,0,1,0,,
random_policy_456_a4b606e1,random_policy,eval,8,456,easy,5,5,0.0001,0.95,0.0,default,100,-100.0,100,0,0,1,0,,
random_policy_456_a4b606e1,random_policy,eval,9,456,easy,5,5,0.0001,0.95,0.0,default,100,-100.0,100,0,0,1,0,,
random_policy_456_a4b606e1,random_policy,eval,10,456,easy,5,5,0.0001,0.95,0.0,default,100,-100.0,100,0,0,1,0,,
random_policy_456_a4b606e1,random_policy,eval,1,456,easy,5,5,0.0001,0.95,0.0,default,100,-100.0,100,0,0,1,0,,
random_policy_456_a4b606e1,random_policy,eval,2,456,easy,5,5,0.0001,0.95,0.0,default,100,-100.0,100,0,0,1,0,,
random_policy_456_a4b606e1,random_policy,eval,3,456,easy,5,5,0.0001,0.95,0.0,default,100,-100.0,100,0,0,1,0,,
random_policy_456_a4b606e1,random_policy,eval,4,456,easy,5,5,0.0001,0.95,0.0,default,100,-100.0,100,0,0,1,0,,
random_policy_456_a4b606e1,random_policy,eval,5,456,easy,5,5,0.0001,0.95,0.0,default,100,-100.0,100,0,0,1,0,,
random_policy_456_a4b606e1,random_policy,eval,6,456,easy,5,5,0.0001,0.95,0.0,default,100,-100.0,100,0,0,1,0,,
random_policy_456_a4b606e1,random_policy,eval,7,456,easy,5,5,0.0001,0.95,0.0,default,100,-100.0,100,0,0,1,0,,
random_policy_456_a4b606e1,random_policy,eval,8,456,easy,5,5,0.0001,0.95,0.0,default,100,-100.0,100,0,0,1,0,,
random_policy_456_a4b606e1,random_policy,eval,9,456,easy,5,5,0.0001,0.95,0.0,default,100,-100.0,100,0,0,1,0,,
random_policy_456_a4b606e1,random_policy,eval,10,456,easy,5,5,0.0001,0.95,0.0,default,100,-100.0,100,0,0,1,0,,
random_policy_456_a4b606e1,random_policy,eval,1,456,easy,5,5,0.0001,0.95,0.0,default,100,-100.0,100,0,0,1,0,,
random_policy_456_a4b606e1,random_policy,eval,2,456,easy,5,5,0.0001,0.95,0.0,default,100,-100.0,100,0,0,1,0,,
random_policy_456_a4b606e1,random_policy,eval,3,456,easy,5,5,0.0001,0.95,0.0,default,100,-100.0,100,0,0,1,0,,
random_policy_456_a4b606e1,random_policy,eval,4,456,easy,5,5,0.0001,0.95,0.0,default,100,-100.0,100,0,0,1,0,,
random_policy_456_a4b606e1,random_policy,eval,5,456,easy,5,5,0.0001,0.95,0.0,default,100,-100.0,100,0,0,1,0,,
random_policy_456_a4b606e1,random_policy,eval,6,456,easy,5,5,0.0001,0.95,0.0,default,100,-100.0,100,0,0,1,0,,
random_policy_456_a4b606e1,random_policy,eval,7,456,easy,5,5,0.0001,0.95,0.0,default,100,-100.0,100,0,0,1,0,,
random_policy_456_a4b606e1,random_policy,eval,8,456,easy,5,5,0.0001,0.95,0.0,default,100,-100.0,100,0,0,1,0,,
random_policy_456_a4b606e1,random_policy,eval,9,456,easy,5,5,0.0001,0.95,0.0,default,100,-100.0,100,0,0,1,0,,
random_policy_456_a4b606e1,random_policy,eval,10,456,easy,5,5,0.0001,0.95,0.0,default,100,-100.0,100,0,0,1,0,,
random_policy_456_a4b606e1,random_policy,eval,1,456,easy,5,5,0.0001,0.95,0.0,default,100,-100.0,100,0,0,1,0,,
random_policy_456_a4b606e1,random_policy,eval,2,456,easy,5,5,0.0001,0.95,0.0,default,100,-100.0,100,0,0,1,0,,
random_policy_456_a4b606e1,random_policy,eval,3,456,easy,5,5,0.0001,0.95,0.0,default,100,-100.0,100,0,0,1,0,,
random_policy_456_a4b606e1,random_policy,eval,4,456,easy,5,5,0.0001,0.95,0.0,default,100,-100.0,100,0,0,1,0,,
random_policy_456_a4b606e1,random_policy,eval,5,456,easy,5,5,0.0001,0.95,0.0,default,100,-100.0,100,0,0,1,0,,
random_policy_456_a4b606e1,random_policy,eval,6,456,easy,5,5,0.0001,0.95,0.0,default,100,-100.0,100,0,0,1,0,,
random_policy_456_a4b606e1,random_policy,eval,7,456,easy,5,5,0.0001,0.95,0.0,default,100,-100.0,100,0,0,1,0,,
random_policy_456_a4b606e1,random_policy,eval,8,456,easy,5,5,0.0001,0.95,0.0,default,100,-100.0,100,0,0,1,0,,
random_policy_456_a4b606e1,random_policy,eval,9,456,easy,5,5,0.0001,0.95,0.0,default,100,-100.0,100,0,0,1,0,,
random_policy_456_a4b606e1,random_policy,eval,10,456,easy,5,5,0.0001,0.95,0.0,default,100,-100.0,100,0,0,1,0,,
random_policy_456_a4b606e1,random_policy,eval,1,456,easy,5,5,0.0001,0.95,0.0,default,100,-100.0,100,0,0,1,0,,
random_policy_456_a4b606e1,random_policy,eval,2,456,easy,5,5,0.0001,0.95,0.0,default,100,-100.0,100,0,0,1,0,,
random_policy_456_a4b606e1,random_policy,eval,3,456,easy,5,5,0.0001,0.95,0.0,default,100,-100.0,100,0,0,1,0,,
random_policy_456_a4b606e1,random_policy,eval,4,456,easy,5,5,0.0001,0.95,0.0,default,100,-100.0,100,0,0,1,0,,
random_policy_456_a4b606e1,random_policy,eval,5,456,easy,5,5,0.0001,0.95,0.0,default,100,-100.0,100,0,0,1,0,,
random_policy_456_a4b606e1,random_policy,eval,6,456,easy,5,5,0.0001,0.95,0.0,default,100,-100.0,100,0,0,1,0,,
random_policy_456_a4b606e1,random_policy,eval,7,456,easy,5,5,0.0001,0.95,0.0,default,100,-100.0,100,0,0,1,0,,
random_policy_456_a4b606e1,random_policy,eval,8,456,easy,5,5,0.0001,0.95,0.0,default,100,-100.0,100,0,0,1,0,,
random_policy_456_a4b606e1,random_policy,eval,9,456,easy,5,5,0.0001,0.95,0.0,default,100,-100.0,100,0,0,1,0,,
random_policy_456_a4b606e1,random_policy,eval,10,456,easy,5,5,0.0001,0.95,0.0,default,100,-100.0,100,0,0,1,0,,
random_policy_456_a4b606e1,random_policy,eval,1,456,easy,5,5,0.0001,0.95,0.0,default,100,-100.0,100,0,0,1,0,,
random_policy_456_a4b606e1,random_policy,eval,2,456,easy,5,5,0.0001,0.95,0.0,default,100,-100.0,100,0,0,1,0,,
random_policy_456_a4b606e1,random_policy,eval,3,456,easy,5,5,0.0001,0.95,0.0,default,100,-100.0,100,0,0,1,0,,
random_policy_456_a4b606e1,random_policy,eval,4,456,easy,5,5,0.0001,0.95,0.0,default,100,-100.0,100,0,0,1,0,,
random_policy_456_a4b606e1,random_policy,eval,5,456,easy,5,5,0.0001,0.95,0.0,default,100,-100.0,100,0,0,1,0,,
random_policy_456_a4b606e1,random_policy,eval,6,456,easy,5,5,0.0001,0.95,0.0,default,100,-100.0,100,0,0,1,0,,
random_policy_456_a4b606e1,random_policy,eval,7,456,easy,5,5,0.0001,0.95,0.0,default,100,-100.0,100,0,0,1,0,,
random_policy_456_a4b606e1,random_policy,eval,8,456,easy,5,5,0.0001,0.95,0.0,default,100,-100.0,100,0,0,1,0,,
random_policy_456_a4b606e1,random_policy,eval,9,456,easy,5,5,0.0001,0.95,0.0,default,100,-100.0,100,0,0,1,0,,
random_policy_456_a4b606e1,random_policy,eval,10,456,easy,5,5,0.0001,0.95,0.0,default,100,-100.0,100,0,0,1,0,,
random_policy_456_a4b606e1,random_policy,eval,1,456,easy,5,5,0.0001,0.95,0.0,default,100,-100.0,100,0,0,1,0,,
random_policy_456_a4b606e1,random_policy,eval,2,456,easy,5,5,0.0001,0.95,0.0,default,100,-100.0,100,0,0,1,0,,
random_policy_456_a4b606e1,random_policy,eval,3,456,easy,5,5,0.0001,0.95,0.0,default,100,-100.0,100,0,0,1,0,,
random_policy_456_a4b606e1,random_policy,eval,4,456,easy,5,5,0.0001,0.95,0.0,default,100,-100.0,100,0,0,1,0,,
random_policy_456_a4b606e1,random_policy,eval,5,456,easy,5,5,0.0001,0.95,0.0,default,100,-100.0,100,0,0,1,0,,
random_policy_456_a4b606e1,random_policy,eval,6,456,easy,5,5,0.0001,0.95,0.0,default,100,-100.0,100,0,0,1,0,,
random_policy_456_a4b606e1,random_policy,eval,7,456,easy,5,5,0.0001,0.95,0.0,default,100,-100.0,100,0,0,1,0,,
random_policy_456_a4b606e1,random_policy,eval,8,456,easy,5,5,0.0001,0.95,0.0,default,100,-100.0,100,0,0,1,0,,
random_policy_456_a4b606e1,random_policy,eval,9,456,easy,5,5,0.0001,0.95,0.0,default,100,-100.0,100,0,0,1,0,,
random_policy_456_a4b606e1,random_policy,eval,10,456,easy,5,5,0.0001,0.95,0.0,default,100,-100.0,100,0,0,1,0,,
random_policy_456_a4b606e1,random_policy,eval,1,456,easy,5,5,0.0001,0.95,0.0,default,100,-100.0,100,0,0,1,0,,
random_policy_456_a4b606e1,random_policy,eval,2,456,easy,5,5,0.0001,0.95,0.0,default,100,-100.0,100,0,0,1,0,,
random_policy_456_a4b606e1,random_policy,eval,3,456,easy,5,5,0.0001,0.95,0.0,default,100,-100.0,100,0,0,1,0,,
random_policy_456_a4b606e1,random_policy,eval,4,456,easy,5,5,0.0001,0.95,0.0,default,100,-100.0,100,0,0,1,0,,
random_policy_456_a4b606e1,random_policy,eval,5,456,easy,5,5,0.0001,0.95,0.0,default,100,-100.0,100,0,0,1,0,,
random_policy_456_a4b606e1,random_policy,eval,6,456,easy,5,5,0.0001,0.95,0.0,default,100,-100.0,100,0,0,1,0,,
random_policy_456_a4b606e1,random_policy,eval,7,456,easy,5,5,0.0001,0.95,0.0,default,100,-100.0,100,0,0,1,0,,
random_policy_456_a4b606e1,random_policy,eval,8,456,easy,5,5,0.0001,0.95,0.0,default,100,-100.0,100,0,0,1,0,,
random_policy_456_a4b606e1,random_policy,eval,9,456,easy,5,5,0.0001,0.95,0.0,default,100,-100.0,100,0,0,1,0,,
random_policy_456_a4b606e1,random_policy,eval,10,456,easy,5,5,0.0001,0.95,0.0,default,100,-100.0,100,0,0,1,0,,
random_policy_456_a4b606e1,random_policy,eval,1,456,easy,5,5,0.0001,0.95,0.0,default,100,-100.0,100,0,0,1,0,,
random_policy_456_a4b606e1,random_policy,eval,2,456,easy,5,5,0.0001,0.95,0.0,default,100,-100.0,100,0,0,1,0,,
random_policy_456_a4b606e1,random_policy,eval,3,456,easy,5,5,0.0001,0.95,0.0,default,100,-100.0,100,0,0,1,0,,
random_policy_456_a4b606e1,random_policy,eval,4,456,easy,5,5,0.0001,0.95,0.0,default,100,-100.0,100,0,0,1,0,,
random_policy_456_a4b606e1,random_policy,eval,5,456,easy,5,5,0.0001,0.95,0.0,default,100,-100.0,100,0,0,1,0,,
random_policy_456_a4b606e1,random_policy,eval,6,456,easy,5,5,0.0001,0.95,0.0,default,100,-100.0,100,0,0,1,0,,
random_policy_456_a4b606e1,random_policy,eval,7,456,easy,5,5,0.0001,0.95,0.0,default,100,-100.0,100,0,0,1,0,,
random_policy_456_a4b606e1,random_policy,eval,8,456,easy,5,5,0.0001,0.95,0.0,default,100,-100.0,100,0,0,1,0,,
random_policy_456_a4b606e1,random_policy,eval,9,456,easy,5,5,0.0001,0.95,0.0,default,100,-100.0,100,0,0,1,0,,
random_policy_456_a4b606e1,random_policy,eval,10,456,easy,5,5,0.0001,0.95,0.0,default,100,-100.0,100,0,0,1,0,,
random_policy_456_a4b606e1,random_policy,eval,1,456,easy,5,5,0.0001,0.95,0.0,default,100,-100.0,100,0,0,1,0,,
random_policy_456_a4b606e1,random_policy,eval,2,456,easy,5,5,0.0001,0.95,0.0,default,100,-100.0,100,0,0,1,0,,
random_policy_456_a4b606e1,random_policy,eval,3,456,easy,5,5,0.0001,0.95,0.0,default,100,-100.0,100,0,0,1,0,,
random_policy_456_a4b606e1,random_policy,eval,4,456,easy,5,5,0.0001,0.95,0.0,default,100,-100.0,100,0,0,1,0,,
random_policy_456_a4b606e1,random_policy,eval,5,456,easy,5,5,0.0001,0.95,0.0,default,100,-100.0,100,0,0,1,0,,
random_policy_456_a4b606e1,random_policy,eval,6,456,easy,5,5,0.0001,0.95,0.0,default,100,-100.0,100,0,0,1,0,,
random_policy_456_a4b606e1,random_policy,eval,7,456,easy,5,5,0.0001,0.95,0.0,default,100,-100.0,100,0,0,1,0,,
random_policy_456_a4b606e1,random_policy,eval,8,456,easy,5,5,0.0001,0.95,0.0,default,100,-100.0,100,0,0,1,0,,
random_policy_456_a4b606e1,random_policy,eval,9,456,easy,5,5,0.0001,0.95,0.0,default,100,-100.0,100,0,0,1,0,,
random_policy_456_a4b606e1,random_policy,eval,10,456,easy,5,5,0.0001,0.95,0.0,default,100,-100.0,100,0,0,1,0,,
random_policy_456_a4b606e1,random_policy,eval,1,456,easy,5,5,0.0001,0.95,0.0,default,100,-100.0,100,0,0,1,0,,
random_policy_456_a4b606e1,random_policy,eval,2,456,easy,5,5,0.0001,0.95,0.0,default,100,-100.0,100,0,0,1,0,,
random_policy_456_a4b606e1,random_policy,eval,3,456,easy,5,5,0.0001,0.95,0.0,default,100,-100.0,100,0,0,1,0,,
random_policy_456_a4b606e1,random_policy,eval,4,456,easy,5,5,0.0001,0.95,0.0,default,100,-100.0,100,0,0,1,0,,
random_policy_456_a4b606e1,random_policy,eval,5,456,easy,5,5,0.0001,0.95,0.0,default,100,-100.0,100,0,0,1,0,,
random_policy_456_a4b606e1,random_policy,eval,6,456,easy,5,5,0.0001,0.95,0.0,default,100,-100.0,100,0,0,1,0,,
random_policy_456_a4b606e1,random_policy,eval,7,456,easy,5,5,0.0001,0.95,0.0,default,100,-100.0,100,0,0,1,0,,
random_policy_456_a4b606e1,random_policy,eval,8,456,easy,5,5,0.0001,0.95,0.0,default,100,-100.0,100,0,0,1,0,,
random_policy_456_a4b606e1,random_policy,eval,9,456,easy,5,5,0.0001,0.95,0.0,default,100,-100.0,100,0,0,1,0,,
random_policy_456_a4b606e1,random_policy,eval,10,456,easy,5,5,0.0001,0.95,0.0,default,100,-100.0,100,0,0,1,0,,
random_policy_456_a4b606e1,random_policy,eval,1,456,easy,5,5,0.0001,0.95,0.0,default,100,-100.0,100,0,0,1,0,,
random_policy_456_a4b606e1,random_policy,eval,2,456,easy,5,5,0.0001,0.95,0.0,default,100,-100.0,100,0,0,1,0,,
random_policy_456_a4b606e1,random_policy,eval,3,456,easy,5,5,0.0001,0.95,0.0,default,100,-100.0,100,0,0,1,0,,
random_policy_456_a4b606e1,random_policy,eval,4,456,easy,5,5,0.0001,0.95,0.0,default,100,-100.0,100,0,0,1,0,,
random_policy_456_a4b606e1,random_policy,eval,5,456,easy,5,5,0.0001,0.95,0.0,default,100,-100.0,100,0,0,1,0,,
random_policy_456_a4b606e1,random_policy,eval,6,456,easy,5,5,0.0001,0.95,0.0,default,100,-100.0,100,0,0,1,0,,
random_policy_456_a4b606e1,random_policy,eval,7,456,easy,5,5,0.0001,0.95,0.0,default,100,-100.0,100,0,0,1,0,,
random_policy_456_a4b606e1,random_policy,eval,8,456,easy,5,5,0.0001,0.95,0.0,default,100,-100.0,100,0,0,1,0,,
random_policy_456_a4b606e1,random_policy,eval,9,456,easy,5,5,0.0001,0.95,0.0,default,100,-100.0,100,0,0,1,0,,
random_policy_456_a4b606e1,random_policy,eval,10,456,easy,5,5,0.0001,0.95,0.0,default,100,-100.0,100,0,0,1,0,,
random_policy_456_a4b606e1,random_policy,eval,1,456,easy,5,5,0.0001,0.95,0.0,default,100,-100.0,100,0,0,1,0,,
random_policy_456_a4b606e1,random_policy,eval,2,456,easy,5,5,0.0001,0.95,0.0,default,100,-100.0,100,0,0,1,0,,
random_policy_456_a4b606e1,random_policy,eval,3,456,easy,5,5,0.0001,0.95,0.0,default,100,-100.0,100,0,0,1,0,,
random_policy_456_a4b606e1,random_policy,eval,4,456,easy,5,5,0.0001,0.95,0.0,default,100,-100.0,100,0,0,1,0,,
random_policy_456_a4b606e1,random_policy,eval,5,456,easy,5,5,0.0001,0.95,0.0,default,100,-100.0,100,0,0,1,0,,
random_policy_456_a4b606e1,random_policy,eval,6,456,easy,5,5,0.0001,0.95,0.0,default,100,-100.0,100,0,0,1,0,,
random_policy_456_a4b606e1,random_policy,eval,7,456,easy,5,5,0.0001,0.95,0.0,default,100,-100.0,100,0,0,1,0,,
random_policy_456_a4b606e1,random_policy,eval,8,456,easy,5,5,0.0001,0.95,0.0,default,100,-100.0,100,0,0,1,0,,
random_policy_456_a4b606e1,random_policy,eval,9,456,easy,5,5,0.0001,0.95,0.0,default,100,-100.0,100,0,0,1,0,,
random_policy_456_a4b606e1,random_policy,eval,10,456,easy,5,5,0.0001,0.95,0.0,default,100,-100.0,100,0,0,1,0,,
random_policy_456_a4b606e1,random_policy,eval,1,456,easy,5,5,0.0001,0.95,0.0,default,100,-100.0,100,0,0,1,0,,
random_policy_456_a4b606e1,random_policy,eval,2,456,easy,5,5,0.0001,0.95,0.0,default,100,-100.0,100,0,0,1,0,,
random_policy_456_a4b606e1,random_policy,eval,3,456,easy,5,5,0.0001,0.95,0.0,default,100,-100.0,100,0,0,1,0,,
random_policy_456_a4b606e1,random_policy,eval,4,456,easy,5,5,0.0001,0.95,0.0,default,100,-100.0,100,0,0,1,0,,
random_policy_456_a4b606e1,random_policy,eval,5,456,easy,5,5,0.0001,0.95,0.0,default,100,-100.0,100,0,0,1,0,,
random_policy_456_a4b606e1,random_policy,eval,6,456,easy,5,5,0.0001,0.95,0.0,default,100,-100.0,100,0,0,1,0,,
random_policy_456_a4b606e1,random_policy,eval,7,456,easy,5,5,0.0001,0.95,0.0,default,100,-100.0,100,0,0,1,0,,
random_policy_456_a4b606e1,random_policy,eval,8,456,easy,5,5,0.0001,0.95,0.0,default,100,-100.0,100,0,0,1,0,,
random_policy_456_a4b606e1,random_policy,eval,9,456,easy,5,5,0.0001,0.95,0.0,default,100,-100.0,100,0,0,1,0,,
random_policy_456_a4b606e1,random_policy,eval,10,456,easy,5,5,0.0001,0.95,0.0,default,100,-100.0,100,0,0,1,0,,
random_policy_456_a4b606e1,random_policy,eval,1,456,easy,5,5,0.0001,0.95,0.0,default,100,-100.0,100,0,0,1,0,,
random_policy_456_a4b606e1,random_policy,eval,2,456,easy,5,5,0.0001,0.95,0.0,default,100,-100.0,100,0,0,1,0,,
random_policy_456_a4b606e1,random_policy,eval,3,456,easy,5,5,0.0001,0.95,0.0,default,100,-100.0,100,0,0,1,0,,
random_policy_456_a4b606e1,random_policy,eval,4,456,easy,5,5,0.0001,0.95,0.0,default,100,-100.0,100,0,0,1,0,,
random_policy_456_a4b606e1,random_policy,eval,5,456,easy,5,5,0.0001,0.95,0.0,default,100,-100.0,100,0,0,1,0,,
random_policy_456_a4b606e1,random_policy,eval,6,456,easy,5,5,0.0001,0.95,0.0,default,100,-100.0,100,0,0,1,0,,
random_policy_456_a4b606e1,random_policy,eval,7,456,easy,5,5,0.0001,0.95,0.0,default,100,-100.0,100,0,0,1,0,,
random_policy_456_a4b606e1,random_policy,eval,8,456,easy,5,5,0.0001,0.95,0.0,default,100,-100.0,100,0,0,1,0,,
random_policy_456_a4b606e1,random_policy,eval,9,456,easy,5,5,0.0001,0.95,0.0,default,100,-100.0,100,0,0,1,0,,
random_policy_456_a4b606e1,random_policy,eval,10,456,easy,5,5,0.0001,0.95,0.0,default,100,-100.0,100,0,0,1,0,,
random_policy_456_a4b606e1,random_policy,eval,1,456,easy,5,5,0.0001,0.95,0.0,default,100,-100.0,100,0,0,1,0,,
random_policy_456_a4b606e1,random_policy,eval,2,456,easy,5,5,0.0001,0.95,0.0,default,100,-100.0,100,0,0,1,0,,
random_policy_456_a4b606e1,random_policy,eval,3,456,easy,5,5,0.0001,0.95,0.0,default,100,-100.0,100,0,0,1,0,,
random_policy_456_a4b606e1,random_policy,eval,4,456,easy,5,5,0.0001,0.95,0.0,default,100,-100.0,100,0,0,1,0,,
random_policy_456_a4b606e1,random_policy,eval,5,456,easy,5,5,0.0001,0.95,0.0,default,100,-100.0,100,0,0,1,0,,
random_policy_456_a4b606e1,random_policy,eval,6,456,easy,5,5,0.0001,0.95,0.0,default,100,-100.0,100,0,0,1,0,,
random_policy_456_a4b606e1,random_policy,eval,7,456,easy,5,5,0.0001,0.95,0.0,default,100,-100.0,100,0,0,1,0,,
random_policy_456_a4b606e1,random_policy,eval,8,456,easy,5,5,0.0001,0.95,0.0,default,100,-100.0,100,0,0,1,0,,
random_policy_456_a4b606e1,random_policy,eval,9,456,easy,5,5,0.0001,0.95,0.0,default,100,-100.0,100,0,0,1,0,,
random_policy_456_a4b606e1,random_policy,eval,10,456,easy,5,5,0.0001,0.95,0.0,default,100,-100.0,100,0,0,1,0,,
random_policy_456_a4b606e1,random_policy,eval,1,456,easy,5,5,0.0001,0.95,0.0,default,100,-100.0,100,0,0,1,0,,
random_policy_456_a4b606e1,random_policy,eval,2,456,easy,5,5,0.0001,0.95,0.0,default,100,-100.0,100,0,0,1,0,,
random_policy_456_a4b606e1,random_policy,eval,3,456,easy,5,5,0.0001,0.95,0.0,default,100,-100.0,100,0,0,1,0,,
random_policy_456_a4b606e1,random_policy,eval,4,456,easy,5,5,0.0001,0.95,0.0,default,100,-100.0,100,0,0,1,0,,
random_policy_456_a4b606e1,random_policy,eval,5,456,easy,5,5,0.0001,0.95,0.0,default,100,-100.0,100,0,0,1,0,,
random_policy_456_a4b606e1,random_policy,eval,6,456,easy,5,5,0.0001,0.95,0.0,default,100,-100.0,100,0,0,1,0,,
random_policy_456_a4b606e1,random_policy,eval,7,456,easy,5,5,0.0001,0.95,0.0,default,100,-100.0,100,0,0,1,0,,
random_policy_456_a4b606e1,random_policy,eval,8,456,easy,5,5,0.0001,0.95,0.0,default,100,-100.0,100,0,0,1,0,,
random_policy_456_a4b606e1,random_policy,eval,9,456,easy,5,5,0.0001,0.95,0.0,default,100,-100.0,100,0,0,1,0,,
random_policy_456_a4b606e1,random_policy,eval,10,456,easy,5,5,0.0001,0.95,0.0,default,100,-100.0,100,0,0,1,0,,
random_policy_456_a4b606e1,random_policy,eval,1,456,easy,5,5,0.0001,0.95,0.0,default,100,-100.0,100,0,0,1,0,,
random_policy_456_a4b606e1,random_policy,eval,2,456,easy,5,5,0.0001,0.95,0.0,default,100,-100.0,100,0,0,1,0,,
random_policy_456_a4b606e1,random_policy,eval,3,456,easy,5,5,0.0001,0.95,0.0,default,100,-100.0,100,0,0,1,0,,
random_policy_456_a4b606e1,random_policy,eval,4,456,easy,5,5,0.0001,0.95,0.0,default,100,-100.0,100,0,0,1,0,,
random_policy_456_a4b606e1,random_policy,eval,5,456,easy,5,5,0.0001,0.95,0.0,default,100,-100.0,100,0,0,1,0,,
random_policy_456_a4b606e1,random_policy,eval,6,456,easy,5,5,0.0001,0.95,0.0,default,100,-100.0,100,0,0,1,0,,
random_policy_456_a4b606e1,random_policy,eval,7,456,easy,5,5,0.0001,0.95,0.0,default,100,-100.0,100,0,0,1,0,,
random_policy_456_a4b606e1,random_policy,eval,8,456,easy,5,5,0.0001,0.95,0.0,default,100,-100.0,100,0,0,1,0,,
random_policy_456_a4b606e1,random_policy,eval,9,456,easy,5,5,0.0001,0.95,0.0,default,100,-100.0,100,0,0,1,0,,
random_policy_456_a4b606e1,random_policy,eval,10,456,easy,5,5,0.0001,0.95,0.0,default,100,-100.0,100,0,0,1,0,,
random_policy_456_a4b606e1,random_policy,eval,1,456,easy,5,5,0.0001,0.95,0.0,default,100,-100.0,100,0,0,1,0,,
random_policy_456_a4b606e1,random_policy,eval,2,456,easy,5,5,0.0001,0.95,0.0,default,100,-100.0,100,0,0,1,0,,
random_policy_456_a4b606e1,random_policy,eval,3,456,easy,5,5,0.0001,0.95,0.0,default,100,-100.0,100,0,0,1,0,,
random_policy_456_a4b606e1,random_policy,eval,4,456,easy,5,5,0.0001,0.95,0.0,default,100,-100.0,100,0,0,1,0,,
random_policy_456_a4b606e1,random_policy,eval,5,456,easy,5,5,0.0001,0.95,0.0,default,100,-100.0,100,0,0,1,0,,
random_policy_456_a4b606e1,random_policy,eval,6,456,easy,5,5,0.0001,0.95,0.0,default,100,-100.0,100,0,0,1,0,,
random_policy_456_a4b606e1,random_policy,eval,7,456,easy,5,5,0.0001,0.95,0.0,default,100,-100.0,100,0,0,1,0,,
random_policy_456_a4b606e1,random_policy,eval,8,456,easy,5,5,0.0001,0.95,0.0,default,100,-100.0,100,0,0,1,0,,
random_policy_456_a4b606e1,random_policy,eval,9,456,easy,5,5,0.0001,0.95,0.0,default,100,-100.0,100,0,0,1,0,,
random_policy_456_a4b606e1,random_policy,eval,10,456,easy,5,5,0.0001,0.95,0.0,default,100,-100.0,100,0,0,1,0,,
random_policy_456_a4b606e1,random_policy,eval,1,456,easy,5,5,0.0001,0.95,0.0,default,100,-100.0,100,0,0,1,0,,
random_policy_456_a4b606e1,random_policy,eval,2,456,easy,5,5,0.0001,0.95,0.0,default,100,-100.0,100,0,0,1,0,,
random_policy_456_a4b606e1,random_policy,eval,3,456,easy,5,5,0.0001,0.95,0.0,default,100,-100.0,100,0,0,1,0,,
random_policy_456_a4b606e1,random_policy,eval,4,456,easy,5,5,0.0001,0.95,0.0,default,100,-100.0,100,0,0,1,0,,
random_policy_456_a4b606e1,random_policy,eval,5,456,easy,5,5,0.0001,0.95,0.0,default,100,-100.0,100,0,0,1,0,,
random_policy_456_a4b606e1,random_policy,eval,6,456,easy,5,5,0.0001,0.95,0.0,default,100,-100.0,100,0,0,1,0,,
random_policy_456_a4b606e1,random_policy,eval,7,456,easy,5,5,0.0001,0.95,0.0,default,100,-100.0,100,0,0,1,0,,
random_policy_456_a4b606e1,random_policy,eval,8,456,easy,5,5,0.0001,0.95,0.0,default,100,-100.0,100,0,0,1,0,,
random_policy_456_a4b606e1,random_policy,eval,9,456,easy,5,5,0.0001,0.95,0.0,default,100,-100.0,100,0,0,1,0,,
random_policy_456_a4b606e1,random_policy,eval,10,456,easy,5,5,0.0001,0.95,0.0,default,100,-100.0,100,0,0,1,0,,
random_policy_456_a4b606e1,random_policy,eval,1,456,easy,5,5,0.0001,0.95,0.0,default,100,-100.0,100,0,0,1,0,,
random_policy_456_a4b606e1,random_policy,eval,2,456,easy,5,5,0.0001,0.95,0.0,default,100,-100.0,100,0,0,1,0,,
random_policy_456_a4b606e1,random_policy,eval,3,456,easy,5,5,0.0001,0.95,0.0,default,100,-100.0,100,0,0,1,0,,
random_policy_456_a4b606e1,random_policy,eval,4,456,easy,5,5,0.0001,0.95,0.0,default,100,-100.0,100,0,0,1,0,,
random_policy_456_a4b606e1,random_policy,eval,5,456,easy,5,5,0.0001,0.95,0.0,default,100,-100.0,100,0,0,1,0,,
random_policy_456_a4b606e1,random_policy,eval,6,456,easy,5,5,0.0001,0.95,0.0,default,100,-100.0,100,0,0,1,0,,
random_policy_456_a4b606e1,random_policy,eval,7,456,easy,5,5,0.0001,0.95,0.0,default,100,-100.0,100,0,0,1,0,,
random_policy_456_a4b606e1,random_policy,eval,8,456,easy,5,5,0.0001,0.95,0.0,default,100,-100.0,100,0,0,1,0,,
random_policy_456_a4b606e1,random_policy,eval,9,456,easy,5,5,0.0001,0.95,0.0,default,100,-100.0,100,0,0,1,0,,
random_policy_456_a4b606e1,random_policy,eval,10,456,easy,5,5,0.0001,0.95,0.0,default,100,-100.0,100,0,0,1,0,,
random_policy_456_a4b606e1,random_policy,eval,1,456,easy,5,5,0.0001,0.95,0.0,default,100,-100.0,100,0,0,1,0,,
random_policy_456_a4b606e1,random_policy,eval,2,456,easy,5,5,0.0001,0.95,0.0,default,100,-100.0,100,0,0,1,0,,
random_policy_456_a4b606e1,random_policy,eval,3,456,easy,5,5,0.0001,0.95,0.0,default,100,-100.0,100,0,0,1,0,,
random_policy_456_a4b606e1,random_policy,eval,4,456,easy,5,5,0.0001,0.95,0.0,default,100,-100.0,100,0,0,1,0,,
random_policy_456_a4b606e1,random_policy,eval,5,456,easy,5,5,0.0001,0.95,0.0,default,100,-100.0,100,0,0,1,0,,
random_policy_456_a4b606e1,random_policy,eval,6,456,easy,5,5,0.0001,0.95,0.0,default,100,-100.0,100,0,0,1,0,,
random_policy_456_a4b606e1,random_policy,eval,7,456,easy,5,5,0.0001,0.95,0.0,default,100,-100.0,100,0,0,1,0,,
random_policy_456_a4b606e1,random_policy,eval,8,456,easy,5,5,0.0001,0.95,0.0,default,100,-100.0,100,0,0,1,0,,
random_policy_456_a4b606e1,random_policy,eval,9,456,easy,5,5,0.0001,0.95,0.0,default,100,-100.0,100,0,0,1,0,,
random_policy_456_a4b606e1,random_policy,eval,10,456,easy,5,5,0.0001,0.95,0.0,default,100,-100.0,100,0,0,1,0,,
random_policy_456_a4b606e1,random_policy,eval,1,456,easy,5,5,0.0001,0.95,0.0,default,100,-100.0,100,0,0,1,0,,
random_policy_456_a4b606e1,random_policy,eval,2,456,easy,5,5,0.0001,0.95,0.0,default,100,-100.0,100,0,0,1,0,,
random_policy_456_a4b606e1,random_policy,eval,3,456,easy,5,5,0.0001,0.95,0.0,default,100,-100.0,100,0,0,1,0,,
random_policy_456_a4b606e1,random_policy,eval,4,456,easy,5,5,0.0001,0.95,0.0,default,100,-100.0,100,0,0,1,0,,
random_policy_456_a4b606e1,random_policy,eval,5,456,easy,5,5,0.0001,0.95,0.0,default,100,-100.0,100,0,0,1,0,,
random_policy_456_a4b606e1,random_policy,eval,6,456,easy,5,5,0.0001,0.95,0.0,default,100,-100.0,100,0,0,1,0,,
random_policy_456_a4b606e1,random_policy,eval,7,456,easy,5,5,0.0001,0.95,0.0,default,100,-100.0,100,0,0,1,0,,
random_policy_456_a4b606e1,random_policy,eval,8,456,easy,5,5,0.0001,0.95,0.0,default,100,-100.0,100,0,0,1,0,,
random_policy_456_a4b606e1,random_policy,eval,9,456,easy,5,5,0.0001,0.95,0.0,default,100,-100.0,100,0,0,1,0,,
random_policy_456_a4b606e1,random_policy,eval,10,456,easy,5,5,0.0001,0.95,0.0,default,100,-100.0,100,0,0,1,0,,
random_policy_456_a4b606e1,random_policy,eval,1,456,easy,5,5,0.0001,0.95,0.0,default,100,-100.0,100,0,0,1,0,,
random_policy_456_a4b606e1,random_policy,eval,2,456,easy,5,5,0.0001,0.95,0.0,default,100,-100.0,100,0,0,1,0,,
random_policy_456_a4b606e1,random_policy,eval,3,456,easy,5,5,0.0001,0.95,0.0,default,100,-100.0,100,0,0,1,0,,
random_policy_456_a4b606e1,random_policy,eval,4,456,easy,5,5,0.0001,0.95,0.0,default,100,-100.0,100,0,0,1,0,,
random_policy_456_a4b606e1,random_policy,eval,5,456,easy,5,5,0.0001,0.95,0.0,default,100,-100.0,100,0,0,1,0,,
random_policy_456_a4b606e1,random_policy,eval,6,456,easy,5,5,0.0001,0.95,0.0,default,100,-100.0,100,0,0,1,0,,
random_policy_456_a4b606e1,random_policy,eval,7,456,easy,5,5,0.0001,0.95,0.0,default,100,-100.0,100,0,0,1,0,,
random_policy_456_a4b606e1,random_policy,eval,8,456,easy,5,5,0.0001,0.95,0.0,default,100,-100.0,100,0,0,1,0,,
random_policy_456_a4b606e1,random_policy,eval,9,456,easy,5,5,0.0001,0.95,0.0,default,100,-100.0,100,0,0,1,0,,
random_policy_456_a4b606e1,random_policy,eval,10,456,easy,5,5,0.0001,0.95,0.0,default,100,-100.0,100,0,0,1,0,,
