run_id,exp_name,phase,episode,seed,map_name,rows,cols,alpha,gamma,epsilon,reward_setting,max_steps,total_reward,steps,success,terminated,truncated,hit_trap,elapsed_sec,qtable_path
gamma_0.8_456_345f4dca,gamma_0.8,train,1,456,easy,5,5,0.1,0.8,0.199,default,100,-71.0,62,0,1,0,1,0.007800200008205138,
gamma_0.8_456_345f4dca,gamma_0.8,train,2,456,easy,5,5,0.1,0.8,0.19800500000000001,default,100,-22.0,33,1,1,0,0,0.0037343000003602356,
gamma_0.8_456_345f4dca,gamma_0.8,train,3,456,easy,5,5,0.1,0.8,0.197014975,default,100,-13.0,24,1,1,0,0,0.0026664999895729125,
gamma_0.8_456_345f4dca,gamma_0.8,train,4,456,easy,5,5,0.1,0.8,0.19602990012500002,default,100,-15.0,26,1,1,0,0,0.0031660999957239255,
gamma_0.8_456_345f4dca,gamma_0.8,train,5,456,easy,5,5,0.1,0.8,0.19504975062437502,default,100,-42.0,33,0,1,0,1,0.0036657000018749386,
gamma_0.8_456_345f4dca,gamma_0.8,train,6,456,easy,5,5,0.1,0.8,0.19407450187125314,default,100,-64.0,55,0,1,0,1,0.006102999992435798,
gamma_0.8_456_345f4dca,gamma_0.8,train,7,456,easy,5,5,0.1,0.8,0.19310412936189686,default,100,-56.0,67,1,1,0,0,0.007442800007993355,
gamma_0.8_456_345f4dca,gamma_0.8,train,8,456,easy,5,5,0.1,0.8,0.19213860871508737,default,100,-53.0,64,1,1,0,0,0.007105500000761822,
gamma_0.8_456_345f4dca,gamma_0.8,train,9,456,easy,5,5,0.1,0.8,0.19117791567151193,default,100,-33.0,44,1,1,0,0,0.005019000003812835,
gamma_0.8_456_345f4dca,gamma_0.8,train,10,456,easy,5,5,0.1,0.8,0.19022202609315436,default,100,-70.0,81,1,1,0,0,0.00885559999733232,
gamma_0.8_456_345f4dca,gamma_0.8,train,11,456,easy,5,5,0.1,0.8,0.18927091596268858,default,100,-52.0,63,1,1,0,0,0.006913300006999634,
gamma_0.8_456_345f4dca,gamma_0.8,train,12,456,easy,5,5,0.1,0.8,0.18832456138287512,default,100,-18.0,9,0,1,0,1,0.0011543000000528991,
gamma_0.8_456_345f4dca,gamma_0.8,train,13,456,easy,5,5,0.1,0.8,0.18738293857596075,default,100,-43.0,34,0,1,0,1,0.0038443999947048724,
gamma_0.8_456_345f4dca,gamma_0.8,train,14,456,easy,5,5,0.1,0.8,0.18644602388308096,default,100,-5.0,16,1,1,0,0,0.0018940000009024516,
gamma_0.8_456_345f4dca,gamma_0.8,train,15,456,easy,5,5,0.1,0.8,0.18551379376366556,default,100,-16.0,27,1,1,0,0,0.0030383999983314425,
gamma_0.8_456_345f4dca,gamma_0.8,train,16,456,easy,5,5,0.1,0.8,0.18458622479484724,default,100,-40.0,51,1,1,0,0,0.005667299992637709,
gamma_0.8_456_345f4dca,gamma_0.8,train,17,456,easy,5,5,0.1,0.8,0.183663293670873,default,100,-36.0,47,1,1,0,0,0.0053699999989476055,
gamma_0.8_456_345f4dca,gamma_0.8,train,18,456,easy,5,5,0.1,0.8,0.18274497720251864,default,100,-31.0,22,0,1,0,1,0.002540500005125068,
gamma_0.8_456_345f4dca,gamma_0.8,train,19,456,easy,5,5,0.1,0.8,0.18183125231650604,default,100,-7.0,18,1,1,0,0,0.0022686000011162832,
gamma_0.8_456_345f4dca,gamma_0.8,train,20,456,easy,5,5,0.1,0.8,0.18092209605492351,default,100,-29.0,40,1,1,0,0,0.004655100012314506,
gamma_0.8_456_345f4dca,gamma_0.8,train,21,456,easy,5,5,0.1,0.8,0.1800174855746489,default,100,-4.0,15,1,1,0,0,0.001959300003363751,
gamma_0.8_456_345f4dca,gamma_0.8,train,22,456,easy,5,5,0.1,0.8,0.17911739814677563,default,100,-7.0,18,1,1,0,0,0.0021606999944197014,
gamma_0.8_456_345f4dca,gamma_0.8,train,23,456,easy,5,5,0.1,0.8,0.17822181115604174,default,100,-5.0,16,1,1,0,0,0.0018373000057181343,
gamma_0.8_456_345f4dca,gamma_0.8,train,24,456,easy,5,5,0.1,0.8,0.17733070210026153,default,100,-24.0,35,1,1,0,0,0.004089699999894947,
gamma_0.8_456_345f4dca,gamma_0.8,train,25,456,easy,5,5,0.1,0.8,0.17644404858976023,default,100,-21.0,32,1,1,0,0,0.0037233000039123,
gamma_0.8_456_345f4dca,gamma_0.8,train,26,456,easy,5,5,0.1,0.8,0.17556182834681144,default,100,-13.0,24,1,1,0,0,0.002824800001690164,
gamma_0.8_456_345f4dca,gamma_0.8,train,27,456,easy,5,5,0.1,0.8,0.1746840192050774,default,100,-21.0,32,1,1,0,0,0.003711299999849871,
gamma_0.8_456_345f4dca,gamma_0.8,train,28,456,easy,5,5,0.1,0.8,0.173810599109052,default,100,-11.0,22,1,1,0,0,0.0027208999963477254,
gamma_0.8_456_345f4dca,gamma_0.8,train,29,456,easy,5,5,0.1,0.8,0.17294154611350673,default,100,-21.0,32,1,1,0,0,0.00360549999459181,
gamma_0.8_456_345f4dca,gamma_0.8,train,30,456,easy,5,5,0.1,0.8,0.1720768383829392,default,100,-4.0,15,1,1,0,0,0.0018321999959880486,
gamma_0.8_456_345f4dca,gamma_0.8,train,31,456,easy,5,5,0.1,0.8,0.1712164541910245,default,100,0.0,11,1,1,0,0,0.0012843000004068017,
gamma_0.8_456_345f4dca,gamma_0.8,train,32,456,easy,5,5,0.1,0.8,0.17036037192006936,default,100,-8.0,19,1,1,0,0,0.0022360000002663583,
gamma_0.8_456_345f4dca,gamma_0.8,train,33,456,easy,5,5,0.1,0.8,0.16950857006046902,default,100,-14.0,25,1,1,0,0,0.0029513000044971704,
gamma_0.8_456_345f4dca,gamma_0.8,train,34,456,easy,5,5,0.1,0.8,0.16866102721016668,default,100,-10.0,21,1,1,0,0,0.002382399994530715,
gamma_0.8_456_345f4dca,gamma_0.8,train,35,456,easy,5,5,0.1,0.8,0.16781772207411585,default,100,-20.0,31,1,1,0,0,0.00362989999121055,
gamma_0.8_456_345f4dca,gamma_0.8,train,36,456,easy,5,5,0.1,0.8,0.16697863346374528,default,100,-6.0,17,1,1,0,0,0.0020634000102290884,
gamma_0.8_456_345f4dca,gamma_0.8,train,37,456,easy,5,5,0.1,0.8,0.16614374029642656,default,100,-5.0,16,1,1,0,0,0.001869299987447448,
gamma_0.8_456_345f4dca,gamma_0.8,train,38,456,easy,5,5,0.1,0.8,0.16531302159494443,default,100,-10.0,21,1,1,0,0,0.0026046999992104247,
gamma_0.8_456_345f4dca,gamma_0.8,train,39,456,easy,5,5,0.1,0.8,0.16448645648696972,default,100,2.0,9,1,1,0,0,0.0011839000071631745,
gamma_0.8_456_345f4dca,gamma_0.8,train,40,456,easy,5,5,0.1,0.8,0.16366402420453488,default,100,2.0,9,1,1,0,0,0.0011457999935373664,
gamma_0.8_456_345f4dca,gamma_0.8,train,41,456,easy,5,5,0.1,0.8,0.1628457040835122,default,100,-2.0,13,1,1,0,0,0.0016724000015528873,
gamma_0.8_456_345f4dca,gamma_0.8,train,42,456,easy,5,5,0.1,0.8,0.16203147556309463,default,100,-12.0,23,1,1,0,0,0.002774000007775612,
gamma_0.8_456_345f4dca,gamma_0.8,train,43,456,easy,5,5,0.1,0.8,0.16122131818527916,default,100,0.0,11,1,1,0,0,0.0014005999983055517,
gamma_0.8_456_345f4dca,gamma_0.8,train,44,456,easy,5,5,0.1,0.8,0.16041521159435276,default,100,3.0,8,1,1,0,0,0.0010697999969124794,
gamma_0.8_456_345f4dca,gamma_0.8,train,45,456,easy,5,5,0.1,0.8,0.159613135536381,default,100,-10.0,21,1,1,0,0,0.0024553999974159524,
gamma_0.8_456_345f4dca,gamma_0.8,train,46,456,easy,5,5,0.1,0.8,0.15881506985869911,default,100,-2.0,13,1,1,0,0,0.001603700002306141,
gamma_0.8_456_345f4dca,gamma_0.8,train,47,456,easy,5,5,0.1,0.8,0.15802099450940563,default,100,-2.0,13,1,1,0,0,0.0015856999962124974,
gamma_0.8_456_345f4dca,gamma_0.8,train,48,456,easy,5,5,0.1,0.8,0.1572308895368586,default,100,-8.0,19,1,1,0,0,0.0022329000057652593,
gamma_0.8_456_345f4dca,gamma_0.8,train,49,456,easy,5,5,0.1,0.8,0.1564447350891743,default,100,2.0,9,1,1,0,0,0.0011202000023331493,
gamma_0.8_456_345f4dca,gamma_0.8,train,50,456,easy,5,5,0.1,0.8,0.15566251141372844,default,100,-7.0,18,1,1,0,0,0.002141799996024929,
gamma_0.8_456_345f4dca,gamma_0.8,train,51,456,easy,5,5,0.1,0.8,0.1548841988566598,default,100,1.0,10,1,1,0,0,0.001239499993971549,
gamma_0.8_456_345f4dca,gamma_0.8,train,52,456,easy,5,5,0.1,0.8,0.1541097778623765,default,100,2.0,9,1,1,0,0,0.001182200008770451,
gamma_0.8_456_345f4dca,gamma_0.8,train,53,456,easy,5,5,0.1,0.8,0.15333922897306462,default,100,1.0,10,1,1,0,0,0.0013323000021046028,
gamma_0.8_456_345f4dca,gamma_0.8,train,54,456,easy,5,5,0.1,0.8,0.1525725328281993,default,100,0.0,11,1,1,0,0,0.0014818999916315079,
gamma_0.8_456_345f4dca,gamma_0.8,train,55,456,easy,5,5,0.1,0.8,0.1518096701640583,default,100,2.0,9,1,1,0,0,0.001183200001833029,
gamma_0.8_456_345f4dca,gamma_0.8,train,56,456,easy,5,5,0.1,0.8,0.151050621813238,default,100,-6.0,17,1,1,0,0,0.0019179999944753945,
gamma_0.8_456_345f4dca,gamma_0.8,train,57,456,easy,5,5,0.1,0.8,0.15029536870417182,default,100,-2.0,13,1,1,0,0,0.0016336999979102984,
gamma_0.8_456_345f4dca,gamma_0.8,train,58,456,easy,5,5,0.1,0.8,0.14954389186065095,default,100,1.0,10,1,1,0,0,0.0011749999976018444,
gamma_0.8_456_345f4dca,gamma_0.8,train,59,456,easy,5,5,0.1,0.8,0.1487961724013477,default,100,2.0,9,1,1,0,0,0.001272099994821474,
gamma_0.8_456_345f4dca,gamma_0.8,train,60,456,easy,5,5,0.1,0.8,0.14805219153934096,default,100,-2.0,13,1,1,0,0,0.0016754999960539863,
gamma_0.8_456_345f4dca,gamma_0.8,train,61,456,easy,5,5,0.1,0.8,0.14731193058164427,default,100,1.0,10,1,1,0,0,0.0012765999999828637,
gamma_0.8_456_345f4dca,gamma_0.8,train,62,456,easy,5,5,0.1,0.8,0.14657537092873604,default,100,-3.0,14,1,1,0,0,0.0017665000050328672,
gamma_0.8_456_345f4dca,gamma_0.8,train,63,456,easy,5,5,0.1,0.8,0.14584249407409236,default,100,1.0,10,1,1,0,0,0.0013316000113263726,
gamma_0.8_456_345f4dca,gamma_0.8,train,64,456,easy,5,5,0.1,0.8,0.1451132816037219,default,100,-3.0,14,1,1,0,0,0.001755699995555915,
gamma_0.8_456_345f4dca,gamma_0.8,train,65,456,easy,5,5,0.1,0.8,0.1443877151957033,default,100,2.0,9,1,1,0,0,0.0011913999915122986,
gamma_0.8_456_345f4dca,gamma_0.8,train,66,456,easy,5,5,0.1,0.8,0.14366577661972477,default,100,3.0,8,1,1,0,0,0.0010325000039301813,
gamma_0.8_456_345f4dca,gamma_0.8,train,67,456,easy,5,5,0.1,0.8,0.14294744773662615,default,100,2.0,9,1,1,0,0,0.0012153999996371567,
gamma_0.8_456_345f4dca,gamma_0.8,train,68,456,easy,5,5,0.1,0.8,0.14223271049794303,default,100,-1.0,12,1,1,0,0,0.0014685999922221527,
gamma_0.8_456_345f4dca,gamma_0.8,train,69,456,easy,5,5,0.1,0.8,0.14152154694545332,default,100,2.0,9,1,1,0,0,0.0011578999983612448,
gamma_0.8_456_345f4dca,gamma_0.8,train,70,456,easy,5,5,0.1,0.8,0.14081393921072605,default,100,1.0,10,1,1,0,0,0.0012972000113222748,
gamma_0.8_456_345f4dca,gamma_0.8,train,71,456,easy,5,5,0.1,0.8,0.1401098695146724,default,100,-7.0,18,1,1,0,0,0.0022210000024642795,
gamma_0.8_456_345f4dca,gamma_0.8,train,72,456,easy,5,5,0.1,0.8,0.13940932016709906,default,100,1.0,10,1,1,0,0,0.001291499997023493,
gamma_0.8_456_345f4dca,gamma_0.8,train,73,456,easy,5,5,0.1,0.8,0.13871227356626356,default,100,1.0,10,1,1,0,0,0.001268399995751679,
gamma_0.8_456_345f4dca,gamma_0.8,train,74,456,easy,5,5,0.1,0.8,0.13801871219843223,default,100,2.0,9,1,1,0,0,0.00114160000521224,
gamma_0.8_456_345f4dca,gamma_0.8,train,75,456,easy,5,5,0.1,0.8,0.13732861863744006,default,100,-1.0,12,1,1,0,0,0.0013766000047326088,
gamma_0.8_456_345f4dca,gamma_0.8,train,76,456,easy,5,5,0.1,0.8,0.13664197554425286,default,100,-1.0,12,1,1,0,0,0.0014577999972971156,
gamma_0.8_456_345f4dca,gamma_0.8,train,77,456,easy,5,5,0.1,0.8,0.1359587656665316,default,100,2.0,9,1,1,0,0,0.0011691999970935285,
gamma_0.8_456_345f4dca,gamma_0.8,train,78,456,easy,5,5,0.1,0.8,0.13527897183819892,default,100,-5.0,16,1,1,0,0,0.0018297000060556456,
gamma_0.8_456_345f4dca,gamma_0.8,train,79,456,easy,5,5,0.1,0.8,0.13460257697900793,default,100,0.0,11,1,1,0,0,0.0013601999962702394,
gamma_0.8_456_345f4dca,gamma_0.8,train,80,456,easy,5,5,0.1,0.8,0.13392956409411289,default,100,-18.0,9,0,1,0,1,0.00111270000343211,
gamma_0.8_456_345f4dca,gamma_0.8,train,81,456,easy,5,5,0.1,0.8,0.1332599162736423,default,100,3.0,8,1,1,0,0,0.0011177999986102805,
gamma_0.8_456_345f4dca,gamma_0.8,train,82,456,easy,5,5,0.1,0.8,0.1325936166922741,default,100,2.0,9,1,1,0,0,0.0012467000051401556,
gamma_0.8_456_345f4dca,gamma_0.8,train,83,456,easy,5,5,0.1,0.8,0.13193064860881273,default,100,1.0,10,1,1,0,0,0.0012224000092828646,
gamma_0.8_456_345f4dca,gamma_0.8,train,84,456,easy,5,5,0.1,0.8,0.13127099536576867,default,100,1.0,10,1,1,0,0,0.0012998999882256612,
gamma_0.8_456_345f4dca,gamma_0.8,train,85,456,easy,5,5,0.1,0.8,0.13061464038893983,default,100,2.0,9,1,1,0,0,0.0011226000060560182,
gamma_0.8_456_345f4dca,gamma_0.8,train,86,456,easy,5,5,0.1,0.8,0.12996156718699514,default,100,1.0,10,1,1,0,0,0.0012544999917736277,
gamma_0.8_456_345f4dca,gamma_0.8,train,87,456,easy,5,5,0.1,0.8,0.12931175935106015,default,100,2.0,9,1,1,0,0,0.0011624000035226345,
gamma_0.8_456_345f4dca,gamma_0.8,train,88,456,easy,5,5,0.1,0.8,0.12866520055430486,default,100,3.0,8,1,1,0,0,0.0010751000081654638,
gamma_0.8_456_345f4dca,gamma_0.8,train,89,456,easy,5,5,0.1,0.8,0.12802187455153333,default,100,0.0,11,1,1,0,0,0.0013938000047346577,
gamma_0.8_456_345f4dca,gamma_0.8,train,90,456,easy,5,5,0.1,0.8,0.12738176517877567,default,100,3.0,8,1,1,0,0,0.0010337999992771074,
gamma_0.8_456_345f4dca,gamma_0.8,train,91,456,easy,5,5,0.1,0.8,0.1267448563528818,default,100,-14.0,5,0,1,0,1,0.000668799999402836,
gamma_0.8_456_345f4dca,gamma_0.8,train,92,456,easy,5,5,0.1,0.8,0.12611113207111738,default,100,2.0,9,1,1,0,0,0.0011663000041153282,
gamma_0.8_456_345f4dca,gamma_0.8,train,93,456,easy,5,5,0.1,0.8,0.1254805764107618,default,100,2.0,9,1,1,0,0,0.001108700002077967,
gamma_0.8_456_345f4dca,gamma_0.8,train,94,456,easy,5,5,0.1,0.8,0.12485317352870799,default,100,3.0,8,1,1,0,0,0.0010508000123081729,
gamma_0.8_456_345f4dca,gamma_0.8,train,95,456,easy,5,5,0.1,0.8,0.12422890766106445,default,100,-1.0,12,1,1,0,0,0.0013948999985586852,
gamma_0.8_456_345f4dca,gamma_0.8,train,96,456,easy,5,5,0.1,0.8,0.12360776312275913,default,100,-1.0,12,1,1,0,0,0.001410199998645112,
gamma_0.8_456_345f4dca,gamma_0.8,train,97,456,easy,5,5,0.1,0.8,0.12298972430714533,default,100,3.0,8,1,1,0,0,0.0010876000014832243,
gamma_0.8_456_345f4dca,gamma_0.8,train,98,456,easy,5,5,0.1,0.8,0.1223747756856096,default,100,2.0,9,1,1,0,0,0.001187499990919605,
gamma_0.8_456_345f4dca,gamma_0.8,train,99,456,easy,5,5,0.1,0.8,0.12176290180718155,default,100,2.0,9,1,1,0,0,0.0011497000086819753,
gamma_0.8_456_345f4dca,gamma_0.8,train,100,456,easy,5,5,0.1,0.8,0.12115408729814564,default,100,3.0,8,1,1,0,0,0.0010920999920926988,
gamma_0.8_456_345f4dca,gamma_0.8,train,101,456,easy,5,5,0.1,0.8,0.12054831686165492,default,100,1.0,10,1,1,0,0,0.0012627000105567276,
gamma_0.8_456_345f4dca,gamma_0.8,train,102,456,easy,5,5,0.1,0.8,0.11994557527734664,default,100,2.0,9,1,1,0,0,0.0011804999958258122,
gamma_0.8_456_345f4dca,gamma_0.8,train,103,456,easy,5,5,0.1,0.8,0.11934584740095991,default,100,0.0,11,1,1,0,0,0.0013286000030348077,
gamma_0.8_456_345f4dca,gamma_0.8,train,104,456,easy,5,5,0.1,0.8,0.11874911816395511,default,100,3.0,8,1,1,0,0,0.0010843000054592267,
gamma_0.8_456_345f4dca,gamma_0.8,train,105,456,easy,5,5,0.1,0.8,0.11815537257313534,default,100,3.0,8,1,1,0,0,0.0009814999939408153,
gamma_0.8_456_345f4dca,gamma_0.8,train,106,456,easy,5,5,0.1,0.8,0.11756459571026966,default,100,3.0,8,1,1,0,0,0.0010406000073999166,
gamma_0.8_456_345f4dca,gamma_0.8,train,107,456,easy,5,5,0.1,0.8,0.1169767727317183,default,100,1.0,10,1,1,0,0,0.0012557000009110197,
gamma_0.8_456_345f4dca,gamma_0.8,train,108,456,easy,5,5,0.1,0.8,0.1163918888680597,default,100,3.0,8,1,1,0,0,0.0011290999973425642,
gamma_0.8_456_345f4dca,gamma_0.8,train,109,456,easy,5,5,0.1,0.8,0.11580992942371941,default,100,3.0,8,1,1,0,0,0.0010242999996989965,
gamma_0.8_456_345f4dca,gamma_0.8,train,110,456,easy,5,5,0.1,0.8,0.11523087977660082,default,100,0.0,11,1,1,0,0,0.0013776999985566363,
gamma_0.8_456_345f4dca,gamma_0.8,train,111,456,easy,5,5,0.1,0.8,0.11465472537771781,default,100,3.0,8,1,1,0,0,0.0010889999975915998,
gamma_0.8_456_345f4dca,gamma_0.8,train,112,456,easy,5,5,0.1,0.8,0.11408145175082922,default,100,2.0,9,1,1,0,0,0.0011375000030966476,
gamma_0.8_456_345f4dca,gamma_0.8,train,113,456,easy,5,5,0.1,0.8,0.11351104449207507,default,100,3.0,8,1,1,0,0,0.0010808000079123303,
gamma_0.8_456_345f4dca,gamma_0.8,train,114,456,easy,5,5,0.1,0.8,0.11294348926961469,default,100,0.0,11,1,1,0,0,0.001328700003796257,
gamma_0.8_456_345f4dca,gamma_0.8,train,115,456,easy,5,5,0.1,0.8,0.11237877182326661,default,100,2.0,9,1,1,0,0,0.0011246999929426238,
gamma_0.8_456_345f4dca,gamma_0.8,train,116,456,easy,5,5,0.1,0.8,0.11181687796415028,default,100,1.0,10,1,1,0,0,0.0012748000008286908,
gamma_0.8_456_345f4dca,gamma_0.8,train,117,456,easy,5,5,0.1,0.8,0.11125779357432954,default,100,3.0,8,1,1,0,0,0.0010742000013124198,
gamma_0.8_456_345f4dca,gamma_0.8,train,118,456,easy,5,5,0.1,0.8,0.11070150460645789,default,100,1.0,10,1,1,0,0,0.0012713999894913286,
gamma_0.8_456_345f4dca,gamma_0.8,train,119,456,easy,5,5,0.1,0.8,0.1101479970834256,default,100,0.0,11,1,1,0,0,0.0013404000055743381,
gamma_0.8_456_345f4dca,gamma_0.8,train,120,456,easy,5,5,0.1,0.8,0.10959725709800847,default,100,2.0,9,1,1,0,0,0.0011442999966675416,
gamma_0.8_456_345f4dca,gamma_0.8,train,121,456,easy,5,5,0.1,0.8,0.10904927081251842,default,100,-2.0,13,1,1,0,0,0.0015673000016249716,
gamma_0.8_456_345f4dca,gamma_0.8,train,122,456,easy,5,5,0.1,0.8,0.10850402445845582,default,100,1.0,10,1,1,0,0,0.0013021999911870807,
gamma_0.8_456_345f4dca,gamma_0.8,train,123,456,easy,5,5,0.1,0.8,0.10796150433616354,default,100,3.0,8,1,1,0,0,0.001032100000884384,
gamma_0.8_456_345f4dca,gamma_0.8,train,124,456,easy,5,5,0.1,0.8,0.10742169681448273,default,100,2.0,9,1,1,0,0,0.0011555000091902912,
gamma_0.8_456_345f4dca,gamma_0.8,train,125,456,easy,5,5,0.1,0.8,0.10688458833041031,default,100,-14.0,5,0,1,0,1,0.0006235999899217859,
gamma_0.8_456_345f4dca,gamma_0.8,train,126,456,easy,5,5,0.1,0.8,0.10635016538875826,default,100,1.0,10,1,1,0,0,0.0012669999996433035,
gamma_0.8_456_345f4dca,gamma_0.8,train,127,456,easy,5,5,0.1,0.8,0.10581841456181447,default,100,2.0,9,1,1,0,0,0.0011941000120714307,
gamma_0.8_456_345f4dca,gamma_0.8,train,128,456,easy,5,5,0.1,0.8,0.1052893224890054,default,100,1.0,10,1,1,0,0,0.0012851999927079305,
gamma_0.8_456_345f4dca,gamma_0.8,train,129,456,easy,5,5,0.1,0.8,0.10476287587656037,default,100,3.0,8,1,1,0,0,0.0010895000013988465,
gamma_0.8_456_345f4dca,gamma_0.8,train,130,456,easy,5,5,0.1,0.8,0.10423906149717757,default,100,-2.0,13,1,1,0,0,0.0015262000088114291,
gamma_0.8_456_345f4dca,gamma_0.8,train,131,456,easy,5,5,0.1,0.8,0.10371786618969168,default,100,2.0,9,1,1,0,0,0.001153099990915507,
gamma_0.8_456_345f4dca,gamma_0.8,train,132,456,easy,5,5,0.1,0.8,0.10319927685874322,default,100,-16.0,7,0,1,0,1,0.0008531000057701021,
gamma_0.8_456_345f4dca,gamma_0.8,train,133,456,easy,5,5,0.1,0.8,0.10268328047444951,default,100,3.0,8,1,1,0,0,0.0010738999990280718,
gamma_0.8_456_345f4dca,gamma_0.8,train,134,456,easy,5,5,0.1,0.8,0.10216986407207726,default,100,-16.0,7,0,1,0,1,0.0008607000054325908,
gamma_0.8_456_345f4dca,gamma_0.8,train,135,456,easy,5,5,0.1,0.8,0.10165901475171688,default,100,3.0,8,1,1,0,0,0.001073300009011291,
gamma_0.8_456_345f4dca,gamma_0.8,train,136,456,easy,5,5,0.1,0.8,0.10115071967795829,default,100,3.0,8,1,1,0,0,0.0010129000002052635,
gamma_0.8_456_345f4dca,gamma_0.8,train,137,456,easy,5,5,0.1,0.8,0.10064496607956849,default,100,3.0,8,1,1,0,0,0.0010507999977562577,
gamma_0.8_456_345f4dca,gamma_0.8,train,138,456,easy,5,5,0.1,0.8,0.10014174124917065,default,100,3.0,8,1,1,0,0,0.0010212000051978976,
gamma_0.8_456_345f4dca,gamma_0.8,train,139,456,easy,5,5,0.1,0.8,0.09964103254292479,default,100,3.0,8,1,1,0,0,0.0010726000036811456,
gamma_0.8_456_345f4dca,gamma_0.8,train,140,456,easy,5,5,0.1,0.8,0.09914282738021017,default,100,3.0,8,1,1,0,0,0.0010604999988572672,
gamma_0.8_456_345f4dca,gamma_0.8,train,141,456,easy,5,5,0.1,0.8,0.09864711324330912,default,100,2.0,9,1,1,0,0,0.0011790999997174367,
gamma_0.8_456_345f4dca,gamma_0.8,train,142,456,easy,5,5,0.1,0.8,0.09815387767709258,default,100,1.0,10,1,1,0,0,0.0012782999983755872,
gamma_0.8_456_345f4dca,gamma_0.8,train,143,456,easy,5,5,0.1,0.8,0.09766310828870711,default,100,1.0,10,1,1,0,0,0.0012642999936360866,
gamma_0.8_456_345f4dca,gamma_0.8,train,144,456,easy,5,5,0.1,0.8,0.09717479274726358,default,100,-14.0,5,0,1,0,1,0.0006853999948361889,
gamma_0.8_456_345f4dca,gamma_0.8,train,145,456,easy,5,5,0.1,0.8,0.09668891878352726,default,100,3.0,8,1,1,0,0,0.0010930999997071922,
gamma_0.8_456_345f4dca,gamma_0.8,train,146,456,easy,5,5,0.1,0.8,0.09620547418960962,default,100,3.0,8,1,1,0,0,0.0010925000096904114,
gamma_0.8_456_345f4dca,gamma_0.8,train,147,456,easy,5,5,0.1,0.8,0.09572444681866157,default,100,3.0,8,1,1,0,0,0.0010755999974207953,
gamma_0.8_456_345f4dca,gamma_0.8,train,148,456,easy,5,5,0.1,0.8,0.09524582458456826,default,100,3.0,8,1,1,0,0,0.001094599996577017,
gamma_0.8_456_345f4dca,gamma_0.8,train,149,456,easy,5,5,0.1,0.8,0.09476959546164541,default,100,3.0,8,1,1,0,0,0.001069300007657148,
gamma_0.8_456_345f4dca,gamma_0.8,train,150,456,easy,5,5,0.1,0.8,0.09429574748433718,default,100,3.0,8,1,1,0,0,0.0010809999948833138,
gamma_0.8_456_345f4dca,gamma_0.8,train,151,456,easy,5,5,0.1,0.8,0.09382426874691549,default,100,3.0,8,1,1,0,0,0.0010602999973343685,
gamma_0.8_456_345f4dca,gamma_0.8,train,152,456,easy,5,5,0.1,0.8,0.09335514740318092,default,100,3.0,8,1,1,0,0,0.0010789999942062423,
gamma_0.8_456_345f4dca,gamma_0.8,train,153,456,easy,5,5,0.1,0.8,0.09288837166616501,default,100,1.0,10,1,1,0,0,0.0012516999995568767,
gamma_0.8_456_345f4dca,gamma_0.8,train,154,456,easy,5,5,0.1,0.8,0.09242392980783419,default,100,3.0,8,1,1,0,0,0.0010827999940374866,
gamma_0.8_456_345f4dca,gamma_0.8,train,155,456,easy,5,5,0.1,0.8,0.09196181015879502,default,100,-16.0,7,0,1,0,1,0.0009018999990075827,
gamma_0.8_456_345f4dca,gamma_0.8,train,156,456,easy,5,5,0.1,0.8,0.09150200110800105,default,100,3.0,8,1,1,0,0,0.0010781999881146476,
gamma_0.8_456_345f4dca,gamma_0.8,train,157,456,easy,5,5,0.1,0.8,0.09104449110246104,default,100,2.0,9,1,1,0,0,0.0011147999903187156,
gamma_0.8_456_345f4dca,gamma_0.8,train,158,456,easy,5,5,0.1,0.8,0.09058926864694875,default,100,2.0,9,1,1,0,0,0.0011389999999664724,
gamma_0.8_456_345f4dca,gamma_0.8,train,159,456,easy,5,5,0.1,0.8,0.090136322303714,default,100,3.0,8,1,1,0,0,0.001057099987519905,
gamma_0.8_456_345f4dca,gamma_0.8,train,160,456,easy,5,5,0.1,0.8,0.08968564069219544,default,100,2.0,9,1,1,0,0,0.001148799987277016,
gamma_0.8_456_345f4dca,gamma_0.8,train,161,456,easy,5,5,0.1,0.8,0.08923721248873447,default,100,1.0,10,1,1,0,0,0.001256400006241165,
gamma_0.8_456_345f4dca,gamma_0.8,train,162,456,easy,5,5,0.1,0.8,0.08879102642629079,default,100,3.0,8,1,1,0,0,0.0010795999987749383,
gamma_0.8_456_345f4dca,gamma_0.8,train,163,456,easy,5,5,0.1,0.8,0.08834707129415934,default,100,3.0,8,1,1,0,0,0.001098900000215508,
gamma_0.8_456_345f4dca,gamma_0.8,train,164,456,easy,5,5,0.1,0.8,0.08790533593768854,default,100,3.0,8,1,1,0,0,0.001021600008243695,
gamma_0.8_456_345f4dca,gamma_0.8,train,165,456,easy,5,5,0.1,0.8,0.0874658092580001,default,100,1.0,10,1,1,0,0,0.0012289000005694106,
gamma_0.8_456_345f4dca,gamma_0.8,train,166,456,easy,5,5,0.1,0.8,0.0870284802117101,default,100,3.0,8,1,1,0,0,0.0010884999937843531,
gamma_0.8_456_345f4dca,gamma_0.8,train,167,456,easy,5,5,0.1,0.8,0.08659333781065155,default,100,3.0,8,1,1,0,0,0.0010689000046113506,
gamma_0.8_456_345f4dca,gamma_0.8,train,168,456,easy,5,5,0.1,0.8,0.0861603711215983,default,100,3.0,8,1,1,0,0,0.0010843000054592267,
gamma_0.8_456_345f4dca,gamma_0.8,train,169,456,easy,5,5,0.1,0.8,0.0857295692659903,default,100,3.0,8,1,1,0,0,0.0011020999954780564,
gamma_0.8_456_345f4dca,gamma_0.8,train,170,456,easy,5,5,0.1,0.8,0.08530092141966035,default,100,1.0,10,1,1,0,0,0.0012754000053973868,
gamma_0.8_456_345f4dca,gamma_0.8,train,171,456,easy,5,5,0.1,0.8,0.08487441681256205,default,100,-16.0,7,0,1,0,1,0.0009108999947784469,
gamma_0.8_456_345f4dca,gamma_0.8,train,172,456,easy,5,5,0.1,0.8,0.08445004472849925,default,100,3.0,8,1,1,0,0,0.0010788000072352588,
gamma_0.8_456_345f4dca,gamma_0.8,train,173,456,easy,5,5,0.1,0.8,0.08402779450485676,default,100,3.0,8,1,1,0,0,0.0009740999958012253,
gamma_0.8_456_345f4dca,gamma_0.8,train,174,456,easy,5,5,0.1,0.8,0.08360765553233247,default,100,3.0,8,1,1,0,0,0.0010832999978447333,
gamma_0.8_456_345f4dca,gamma_0.8,train,175,456,easy,5,5,0.1,0.8,0.0831896172546708,default,100,2.0,9,1,1,0,0,0.0010888999968301505,
gamma_0.8_456_345f4dca,gamma_0.8,train,176,456,easy,5,5,0.1,0.8,0.08277366916839746,default,100,3.0,8,1,1,0,0,0.001087800003006123,
gamma_0.8_456_345f4dca,gamma_0.8,train,177,456,easy,5,5,0.1,0.8,0.08235980082255547,default,100,3.0,8,1,1,0,0,0.0012066999915987253,
gamma_0.8_456_345f4dca,gamma_0.8,train,178,456,easy,5,5,0.1,0.8,0.08194800181844268,default,100,3.0,8,1,1,0,0,0.0010298999986844137,
gamma_0.8_456_345f4dca,gamma_0.8,train,179,456,easy,5,5,0.1,0.8,0.08153826180935046,default,100,-1.0,12,1,1,0,0,0.0014568999904440716,
gamma_0.8_456_345f4dca,gamma_0.8,train,180,456,easy,5,5,0.1,0.8,0.08113057050030371,default,100,1.0,10,1,1,0,0,0.0012573999993037432,
gamma_0.8_456_345f4dca,gamma_0.8,train,181,456,easy,5,5,0.1,0.8,0.0807249176478022,default,100,2.0,9,1,1,0,0,0.0011655000125756487,
gamma_0.8_456_345f4dca,gamma_0.8,train,182,456,easy,5,5,0.1,0.8,0.08032129305956318,default,100,2.0,9,1,1,0,0,0.0011737000022549182,
gamma_0.8_456_345f4dca,gamma_0.8,train,183,456,easy,5,5,0.1,0.8,0.07991968659426536,default,100,-14.0,5,0,1,0,1,0.0006773000059183687,
gamma_0.8_456_345f4dca,gamma_0.8,train,184,456,easy,5,5,0.1,0.8,0.07952008816129404,default,100,3.0,8,1,1,0,0,0.0010873999999603257,
gamma_0.8_456_345f4dca,gamma_0.8,train,185,456,easy,5,5,0.1,0.8,0.07912248772048756,default,100,3.0,8,1,1,0,0,0.0010652999917510897,
gamma_0.8_456_345f4dca,gamma_0.8,train,186,456,easy,5,5,0.1,0.8,0.07872687528188513,default,100,3.0,8,1,1,0,0,0.0011044999992009252,
gamma_0.8_456_345f4dca,gamma_0.8,train,187,456,easy,5,5,0.1,0.8,0.0783332409054757,default,100,3.0,8,1,1,0,0,0.0010610000026645139,
gamma_0.8_456_345f4dca,gamma_0.8,train,188,456,easy,5,5,0.1,0.8,0.07794157470094833,default,100,3.0,8,1,1,0,0,0.0010866000084206462,
gamma_0.8_456_345f4dca,gamma_0.8,train,189,456,easy,5,5,0.1,0.8,0.07755186682744358,default,100,2.0,9,1,1,0,0,0.0011626000050455332,
gamma_0.8_456_345f4dca,gamma_0.8,train,190,456,easy,5,5,0.1,0.8,0.07716410749330636,default,100,3.0,8,1,1,0,0,0.0010963999957311898,
gamma_0.8_456_345f4dca,gamma_0.8,train,191,456,easy,5,5,0.1,0.8,0.07677828695583983,default,100,-14.0,5,0,1,0,1,0.0006928000075276941,
gamma_0.8_456_345f4dca,gamma_0.8,train,192,456,easy,5,5,0.1,0.8,0.07639439552106063,default,100,1.0,10,1,1,0,0,0.001268699998036027,
gamma_0.8_456_345f4dca,gamma_0.8,train,193,456,easy,5,5,0.1,0.8,0.07601242354345533,default,100,3.0,8,1,1,0,0,0.0010897999891312793,
gamma_0.8_456_345f4dca,gamma_0.8,train,194,456,easy,5,5,0.1,0.8,0.07563236142573805,default,100,2.0,9,1,1,0,0,0.0011746999953174964,
gamma_0.8_456_345f4dca,gamma_0.8,train,195,456,easy,5,5,0.1,0.8,0.07525419961860937,default,100,2.0,9,1,1,0,0,0.001189999995403923,
gamma_0.8_456_345f4dca,gamma_0.8,train,196,456,easy,5,5,0.1,0.8,0.07487792862051632,default,100,3.0,8,1,1,0,0,0.001064100011717528,
gamma_0.8_456_345f4dca,gamma_0.8,train,197,456,easy,5,5,0.1,0.8,0.07450353897741373,default,100,3.0,8,1,1,0,0,0.0010443999926792458,
gamma_0.8_456_345f4dca,gamma_0.8,train,198,456,easy,5,5,0.1,0.8,0.07413102128252666,default,100,1.0,10,1,1,0,0,0.0012853999942308292,
gamma_0.8_456_345f4dca,gamma_0.8,train,199,456,easy,5,5,0.1,0.8,0.07376036617611402,default,100,3.0,8,1,1,0,0,0.0010411000112071633,
gamma_0.8_456_345f4dca,gamma_0.8,train,200,456,easy,5,5,0.1,0.8,0.07339156434523345,default,100,3.0,8,1,1,0,0,0.0010197999945376068,results\gamma_comparison\gamma_0.8\seed_456\qtable_ep200.npz
gamma_0.8_456_345f4dca,gamma_0.8,train,201,456,easy,5,5,0.1,0.8,0.07302460652350727,default,100,1.0,10,1,1,0,0,0.0013092000008327886,
gamma_0.8_456_345f4dca,gamma_0.8,train,202,456,easy,5,5,0.1,0.8,0.07265948349088973,default,100,3.0,8,1,1,0,0,0.0010919000051217154,
gamma_0.8_456_345f4dca,gamma_0.8,train,203,456,easy,5,5,0.1,0.8,0.07229618607343528,default,100,3.0,8,1,1,0,0,0.001029600010951981,
gamma_0.8_456_345f4dca,gamma_0.8,train,204,456,easy,5,5,0.1,0.8,0.0719347051430681,default,100,3.0,8,1,1,0,0,0.001092100006644614,
gamma_0.8_456_345f4dca,gamma_0.8,train,205,456,easy,5,5,0.1,0.8,0.07157503161735276,default,100,2.0,9,1,1,0,0,0.001108700002077967,
gamma_0.8_456_345f4dca,gamma_0.8,train,206,456,easy,5,5,0.1,0.8,0.071217156459266,default,100,3.0,8,1,1,0,0,0.0010920000058831647,
gamma_0.8_456_345f4dca,gamma_0.8,train,207,456,easy,5,5,0.1,0.8,0.07086107067696967,default,100,3.0,8,1,1,0,0,0.0010929999989457428,
gamma_0.8_456_345f4dca,gamma_0.8,train,208,456,easy,5,5,0.1,0.8,0.07050676532358482,default,100,3.0,8,1,1,0,0,0.0010572000028332695,
gamma_0.8_456_345f4dca,gamma_0.8,train,209,456,easy,5,5,0.1,0.8,0.0701542314969669,default,100,0.0,11,1,1,0,0,0.0014004999975441024,
gamma_0.8_456_345f4dca,gamma_0.8,train,210,456,easy,5,5,0.1,0.8,0.06980346033948207,default,100,3.0,8,1,1,0,0,0.0010639999964041635,
gamma_0.8_456_345f4dca,gamma_0.8,train,211,456,easy,5,5,0.1,0.8,0.06945444303778466,default,100,3.0,8,1,1,0,0,0.0010238999966531992,
gamma_0.8_456_345f4dca,gamma_0.8,train,212,456,easy,5,5,0.1,0.8,0.06910717082259574,default,100,-1.0,12,1,1,0,0,0.0014312999992398545,
gamma_0.8_456_345f4dca,gamma_0.8,train,213,456,easy,5,5,0.1,0.8,0.06876163496848275,default,100,3.0,8,1,1,0,0,0.0010762000019894913,
gamma_0.8_456_345f4dca,gamma_0.8,train,214,456,easy,5,5,0.1,0.8,0.06841782679364034,default,100,3.0,8,1,1,0,0,0.0010861000046133995,
gamma_0.8_456_345f4dca,gamma_0.8,train,215,456,easy,5,5,0.1,0.8,0.06807573765967213,default,100,2.0,9,1,1,0,0,0.001116100000217557,
gamma_0.8_456_345f4dca,gamma_0.8,train,216,456,easy,5,5,0.1,0.8,0.06773535897137377,default,100,3.0,8,1,1,0,0,0.0010832999978447333,
gamma_0.8_456_345f4dca,gamma_0.8,train,217,456,easy,5,5,0.1,0.8,0.0673966821765169,default,100,0.0,11,1,1,0,0,0.0013263000000733882,
gamma_0.8_456_345f4dca,gamma_0.8,train,218,456,easy,5,5,0.1,0.8,0.0670596987656343,default,100,3.0,8,1,1,0,0,0.0011033999908249825,
gamma_0.8_456_345f4dca,gamma_0.8,train,219,456,easy,5,5,0.1,0.8,0.06672440027180614,default,100,3.0,8,1,1,0,0,0.0010593000042717904,
gamma_0.8_456_345f4dca,gamma_0.8,train,220,456,easy,5,5,0.1,0.8,0.0663907782704471,default,100,3.0,8,1,1,0,0,0.001075199994374998,
gamma_0.8_456_345f4dca,gamma_0.8,train,221,456,easy,5,5,0.1,0.8,0.06605882437909487,default,100,1.0,10,1,1,0,0,0.001320700001087971,
gamma_0.8_456_345f4dca,gamma_0.8,train,222,456,easy,5,5,0.1,0.8,0.0657285302571994,default,100,3.0,8,1,1,0,0,0.0010360000014770776,
gamma_0.8_456_345f4dca,gamma_0.8,train,223,456,easy,5,5,0.1,0.8,0.06539988760591339,default,100,-2.0,13,1,1,0,0,0.0015423000004375353,
gamma_0.8_456_345f4dca,gamma_0.8,train,224,456,easy,5,5,0.1,0.8,0.06507288816788383,default,100,1.0,10,1,1,0,0,0.0012382999993860722,
gamma_0.8_456_345f4dca,gamma_0.8,train,225,456,easy,5,5,0.1,0.8,0.06474752372704441,default,100,2.0,9,1,1,0,0,0.0012409000046318397,
gamma_0.8_456_345f4dca,gamma_0.8,train,226,456,easy,5,5,0.1,0.8,0.0644237861084092,default,100,3.0,8,1,1,0,0,0.0010605999996187165,
gamma_0.8_456_345f4dca,gamma_0.8,train,227,456,easy,5,5,0.1,0.8,0.06410166717786715,default,100,3.0,8,1,1,0,0,0.0010889000113820657,
gamma_0.8_456_345f4dca,gamma_0.8,train,228,456,easy,5,5,0.1,0.8,0.06378115884197781,default,100,1.0,10,1,1,0,0,0.001293599998462014,
gamma_0.8_456_345f4dca,gamma_0.8,train,229,456,easy,5,5,0.1,0.8,0.06346225304776792,default,100,3.0,8,1,1,0,0,0.001057699992088601,
gamma_0.8_456_345f4dca,gamma_0.8,train,230,456,easy,5,5,0.1,0.8,0.06314494178252908,default,100,3.0,8,1,1,0,0,0.0010826000070665032,
gamma_0.8_456_345f4dca,gamma_0.8,train,231,456,easy,5,5,0.1,0.8,0.06282921707361644,default,100,3.0,8,1,1,0,0,0.0010563999967416748,
gamma_0.8_456_345f4dca,gamma_0.8,train,232,456,easy,5,5,0.1,0.8,0.06251507098824835,default,100,1.0,10,1,1,0,0,0.0012648999982047826,
gamma_0.8_456_345f4dca,gamma_0.8,train,233,456,easy,5,5,0.1,0.8,0.062202495633307105,default,100,3.0,8,1,1,0,0,0.0010423999920021743,
gamma_0.8_456_345f4dca,gamma_0.8,train,234,456,easy,5,5,0.1,0.8,0.06189148315514057,default,100,3.0,8,1,1,0,0,0.001068099998519756,
gamma_0.8_456_345f4dca,gamma_0.8,train,235,456,easy,5,5,0.1,0.8,0.061582025739364867,default,100,3.0,8,1,1,0,0,0.0010312999947927892,
gamma_0.8_456_345f4dca,gamma_0.8,train,236,456,easy,5,5,0.1,0.8,0.06127411561066804,default,100,3.0,8,1,1,0,0,0.0010563999967416748,
gamma_0.8_456_345f4dca,gamma_0.8,train,237,456,easy,5,5,0.1,0.8,0.0609677450326147,default,100,2.0,9,1,1,0,0,0.001215800002682954,
gamma_0.8_456_345f4dca,gamma_0.8,train,238,456,easy,5,5,0.1,0.8,0.06066290630745162,default,100,3.0,8,1,1,0,0,0.0010737999982666224,
gamma_0.8_456_345f4dca,gamma_0.8,train,239,456,easy,5,5,0.1,0.8,0.060359591775914365,default,100,3.0,8,1,1,0,0,0.0011030000023311004,
gamma_0.8_456_345f4dca,gamma_0.8,train,240,456,easy,5,5,0.1,0.8,0.06005779381703479,default,100,3.0,8,1,1,0,0,0.0010806999925989658,
gamma_0.8_456_345f4dca,gamma_0.8,train,241,456,easy,5,5,0.1,0.8,0.059757504847949616,default,100,3.0,8,1,1,0,0,0.001110600001993589,
gamma_0.8_456_345f4dca,gamma_0.8,train,242,456,easy,5,5,0.1,0.8,0.059458717323709866,default,100,2.0,9,1,1,0,0,0.0011608000058913603,
gamma_0.8_456_345f4dca,gamma_0.8,train,243,456,easy,5,5,0.1,0.8,0.059161423737091316,default,100,1.0,10,1,1,0,0,0.001283799996599555,
gamma_0.8_456_345f4dca,gamma_0.8,train,244,456,easy,5,5,0.1,0.8,0.05886561661840586,default,100,2.0,9,1,1,0,0,0.001159799998276867,
gamma_0.8_456_345f4dca,gamma_0.8,train,245,456,easy,5,5,0.1,0.8,0.05857128853531383,default,100,3.0,8,1,1,0,0,0.0010678999969968572,
gamma_0.8_456_345f4dca,gamma_0.8,train,246,456,easy,5,5,0.1,0.8,0.05827843209263726,default,100,3.0,8,1,1,0,0,0.0010326000046916306,
gamma_0.8_456_345f4dca,gamma_0.8,train,247,456,easy,5,5,0.1,0.8,0.05798703993217407,default,100,3.0,8,1,1,0,0,0.0010906999959843233,
gamma_0.8_456_345f4dca,gamma_0.8,train,248,456,easy,5,5,0.1,0.8,0.0576971047325132,default,100,3.0,8,1,1,0,0,0.0010326000046916306,
gamma_0.8_456_345f4dca,gamma_0.8,train,249,456,easy,5,5,0.1,0.8,0.05740861920885063,default,100,1.0,10,1,1,0,0,0.0012748000008286908,
gamma_0.8_456_345f4dca,gamma_0.8,train,250,456,easy,5,5,0.1,0.8,0.057121576112806376,default,100,3.0,8,1,1,0,0,0.0010533000022405759,
gamma_0.8_456_345f4dca,gamma_0.8,train,251,456,easy,5,5,0.1,0.8,0.056835968232242344,default,100,3.0,8,1,1,0,0,0.0010971000010613352,
gamma_0.8_456_345f4dca,gamma_0.8,train,252,456,easy,5,5,0.1,0.8,0.05655178839108113,default,100,3.0,8,1,1,0,0,0.0010564999975031242,
gamma_0.8_456_345f4dca,gamma_0.8,train,253,456,easy,5,5,0.1,0.8,0.05626902944912573,default,100,3.0,8,1,1,0,0,0.000978299998678267,
gamma_0.8_456_345f4dca,gamma_0.8,train,254,456,easy,5,5,0.1,0.8,0.0559876843018801,default,100,3.0,8,1,1,0,0,0.0010556999914115295,
gamma_0.8_456_345f4dca,gamma_0.8,train,255,456,easy,5,5,0.1,0.8,0.055707745880370696,default,100,3.0,8,1,1,0,0,0.0010744000028353184,
gamma_0.8_456_345f4dca,gamma_0.8,train,256,456,easy,5,5,0.1,0.8,0.05542920715096884,default,100,3.0,8,1,1,0,0,0.0010141000093426555,
gamma_0.8_456_345f4dca,gamma_0.8,train,257,456,easy,5,5,0.1,0.8,0.055152061115214,default,100,3.0,8,1,1,0,0,0.0011058999953093007,
gamma_0.8_456_345f4dca,gamma_0.8,train,258,456,easy,5,5,0.1,0.8,0.05487630080963793,default,100,3.0,8,1,1,0,0,0.0010608000011416152,
gamma_0.8_456_345f4dca,gamma_0.8,train,259,456,easy,5,5,0.1,0.8,0.05460191930558974,default,100,1.0,10,1,1,0,0,0.0012132999981986359,
gamma_0.8_456_345f4dca,gamma_0.8,train,260,456,easy,5,5,0.1,0.8,0.05432890970906179,default,100,3.0,8,1,1,0,0,0.0010564999975031242,
gamma_0.8_456_345f4dca,gamma_0.8,train,261,456,easy,5,5,0.1,0.8,0.05405726516051648,default,100,3.0,8,1,1,0,0,0.00111859999014996,
gamma_0.8_456_345f4dca,gamma_0.8,train,262,456,easy,5,5,0.1,0.8,0.0537869788347139,default,100,3.0,8,1,1,0,0,0.0010859000030905008,
gamma_0.8_456_345f4dca,gamma_0.8,train,263,456,easy,5,5,0.1,0.8,0.053518043940540334,default,100,3.0,8,1,1,0,0,0.001065999997081235,
gamma_0.8_456_345f4dca,gamma_0.8,train,264,456,easy,5,5,0.1,0.8,0.053250453720837636,default,100,1.0,10,1,1,0,0,0.0012741999962599948,
gamma_0.8_456_345f4dca,gamma_0.8,train,265,456,easy,5,5,0.1,0.8,0.05298420145223345,default,100,3.0,8,1,1,0,0,0.0010254999942844734,
gamma_0.8_456_345f4dca,gamma_0.8,train,266,456,easy,5,5,0.1,0.8,0.05271928044497228,default,100,3.0,8,1,1,0,0,0.0010796000133268535,
gamma_0.8_456_345f4dca,gamma_0.8,train,267,456,easy,5,5,0.1,0.8,0.05245568404274742,default,100,2.0,9,1,1,0,0,0.0011417999921832234,
gamma_0.8_456_345f4dca,gamma_0.8,train,268,456,easy,5,5,0.1,0.8,0.05219340562253368,default,100,3.0,8,1,1,0,0,0.0010575000051176175,
gamma_0.8_456_345f4dca,gamma_0.8,train,269,456,easy,5,5,0.1,0.8,0.05193243859442102,default,100,3.0,8,1,1,0,0,0.0010731000074883923,
gamma_0.8_456_345f4dca,gamma_0.8,train,270,456,easy,5,5,0.1,0.8,0.05167277640144891,default,100,0.0,11,1,1,0,0,0.0013547999988077208,
gamma_0.8_456_345f4dca,gamma_0.8,train,271,456,easy,5,5,0.1,0.8,0.05141441251944167,default,100,3.0,8,1,1,0,0,0.001079499998013489,
gamma_0.8_456_345f4dca,gamma_0.8,train,272,456,easy,5,5,0.1,0.8,0.05115734045684446,default,100,3.0,8,1,1,0,0,0.001065399992512539,
gamma_0.8_456_345f4dca,gamma_0.8,train,273,456,easy,5,5,0.1,0.8,0.050901553754560236,default,100,3.0,8,1,1,0,0,0.001072700004442595,
gamma_0.8_456_345f4dca,gamma_0.8,train,274,456,easy,5,5,0.1,0.8,0.05064704598578743,default,100,1.0,10,1,1,0,0,0.0012491000088630244,
gamma_0.8_456_345f4dca,gamma_0.8,train,275,456,easy,5,5,0.1,0.8,0.0503938107558585,default,100,-16.0,7,0,1,0,1,0.0009367000020574778,
gamma_0.8_456_345f4dca,gamma_0.8,train,276,456,easy,5,5,0.1,0.8,0.05014184170207921,default,100,3.0,8,1,1,0,0,0.0010624999995343387,
gamma_0.8_456_345f4dca,gamma_0.8,train,277,456,easy,5,5,0.1,0.8,0.05,default,100,-14.0,5,0,1,0,1,0.0006947999936528504,
gamma_0.8_456_345f4dca,gamma_0.8,train,278,456,easy,5,5,0.1,0.8,0.05,default,100,3.0,8,1,1,0,0,0.0010750000074040145,
gamma_0.8_456_345f4dca,gamma_0.8,train,279,456,easy,5,5,0.1,0.8,0.05,default,100,3.0,8,1,1,0,0,0.0010313999955542386,
gamma_0.8_456_345f4dca,gamma_0.8,train,280,456,easy,5,5,0.1,0.8,0.05,default,100,3.0,8,1,1,0,0,0.0010630000033415854,
gamma_0.8_456_345f4dca,gamma_0.8,train,281,456,easy,5,5,0.1,0.8,0.05,default,100,3.0,8,1,1,0,0,0.0011100999981863424,
gamma_0.8_456_345f4dca,gamma_0.8,train,282,456,easy,5,5,0.1,0.8,0.05,default,100,3.0,8,1,1,0,0,0.001086599993868731,
gamma_0.8_456_345f4dca,gamma_0.8,train,283,456,easy,5,5,0.1,0.8,0.05,default,100,3.0,8,1,1,0,0,0.0010903999936999753,
gamma_0.8_456_345f4dca,gamma_0.8,train,284,456,easy,5,5,0.1,0.8,0.05,default,100,1.0,10,1,1,0,0,0.0012820999982068315,
gamma_0.8_456_345f4dca,gamma_0.8,train,285,456,easy,5,5,0.1,0.8,0.05,default,100,3.0,8,1,1,0,0,0.0010719999991124496,
gamma_0.8_456_345f4dca,gamma_0.8,train,286,456,easy,5,5,0.1,0.8,0.05,default,100,3.0,8,1,1,0,0,0.0010981000086758286,
gamma_0.8_456_345f4dca,gamma_0.8,train,287,456,easy,5,5,0.1,0.8,0.05,default,100,3.0,8,1,1,0,0,0.0010857000015676022,
gamma_0.8_456_345f4dca,gamma_0.8,train,288,456,easy,5,5,0.1,0.8,0.05,default,100,3.0,8,1,1,0,0,0.0011338000040268525,
gamma_0.8_456_345f4dca,gamma_0.8,train,289,456,easy,5,5,0.1,0.8,0.05,default,100,3.0,8,1,1,0,0,0.0010675999947125092,
gamma_0.8_456_345f4dca,gamma_0.8,train,290,456,easy,5,5,0.1,0.8,0.05,default,100,3.0,8,1,1,0,0,0.0010913000005530193,
gamma_0.8_456_345f4dca,gamma_0.8,train,291,456,easy,5,5,0.1,0.8,0.05,default,100,3.0,8,1,1,0,0,0.0010973000025842339,
gamma_0.8_456_345f4dca,gamma_0.8,train,292,456,easy,5,5,0.1,0.8,0.05,default,100,1.0,10,1,1,0,0,0.0012949999945703894,
gamma_0.8_456_345f4dca,gamma_0.8,train,293,456,easy,5,5,0.1,0.8,0.05,default,100,3.0,8,1,1,0,0,0.0011048000014852732,
gamma_0.8_456_345f4dca,gamma_0.8,train,294,456,easy,5,5,0.1,0.8,0.05,default,100,3.0,8,1,1,0,0,0.001029999999445863,
gamma_0.8_456_345f4dca,gamma_0.8,train,295,456,easy,5,5,0.1,0.8,0.05,default,100,3.0,8,1,1,0,0,0.0010792999964905903,
gamma_0.8_456_345f4dca,gamma_0.8,train,296,456,easy,5,5,0.1,0.8,0.05,default,100,3.0,8,1,1,0,0,0.0010285000025760382,
gamma_0.8_456_345f4dca,gamma_0.8,train,297,456,easy,5,5,0.1,0.8,0.05,default,100,3.0,8,1,1,0,0,0.0010889999975915998,
gamma_0.8_456_345f4dca,gamma_0.8,train,298,456,easy,5,5,0.1,0.8,0.05,default,100,3.0,8,1,1,0,0,0.0010605999996187165,
gamma_0.8_456_345f4dca,gamma_0.8,train,299,456,easy,5,5,0.1,0.8,0.05,default,100,3.0,8,1,1,0,0,0.0011240999883739278,
gamma_0.8_456_345f4dca,gamma_0.8,train,300,456,easy,5,5,0.1,0.8,0.05,default,100,3.0,8,1,1,0,0,0.0010673000069800764,
gamma_0.8_456_345f4dca,gamma_0.8,train,301,456,easy,5,5,0.1,0.8,0.05,default,100,1.0,10,1,1,0,0,0.001299499999731779,
gamma_0.8_456_345f4dca,gamma_0.8,train,302,456,easy,5,5,0.1,0.8,0.05,default,100,3.0,8,1,1,0,0,0.0010903000074904412,
gamma_0.8_456_345f4dca,gamma_0.8,train,303,456,easy,5,5,0.1,0.8,0.05,default,100,2.0,9,1,1,0,0,0.0011408999998820946,
gamma_0.8_456_345f4dca,gamma_0.8,train,304,456,easy,5,5,0.1,0.8,0.05,default,100,3.0,8,1,1,0,0,0.0010800000018207356,
gamma_0.8_456_345f4dca,gamma_0.8,train,305,456,easy,5,5,0.1,0.8,0.05,default,100,3.0,8,1,1,0,0,0.0010615999926812947,
gamma_0.8_456_345f4dca,gamma_0.8,train,306,456,easy,5,5,0.1,0.8,0.05,default,100,3.0,8,1,1,0,0,0.0011005999986082315,
gamma_0.8_456_345f4dca,gamma_0.8,train,307,456,easy,5,5,0.1,0.8,0.05,default,100,3.0,8,1,1,0,0,0.0010728999914135784,
gamma_0.8_456_345f4dca,gamma_0.8,train,308,456,easy,5,5,0.1,0.8,0.05,default,100,3.0,8,1,1,0,0,0.0010363000037614256,
gamma_0.8_456_345f4dca,gamma_0.8,train,309,456,easy,5,5,0.1,0.8,0.05,default,100,3.0,8,1,1,0,0,0.0010621999972499907,
gamma_0.8_456_345f4dca,gamma_0.8,train,310,456,easy,5,5,0.1,0.8,0.05,default,100,3.0,8,1,1,0,0,0.0010769000073196366,
gamma_0.8_456_345f4dca,gamma_0.8,train,311,456,easy,5,5,0.1,0.8,0.05,default,100,3.0,8,1,1,0,0,0.0010940000065602362,
gamma_0.8_456_345f4dca,gamma_0.8,train,312,456,easy,5,5,0.1,0.8,0.05,default,100,3.0,8,1,1,0,0,0.0011166999902343377,
gamma_0.8_456_345f4dca,gamma_0.8,train,313,456,easy,5,5,0.1,0.8,0.05,default,100,3.0,8,1,1,0,0,0.001021099989884533,
gamma_0.8_456_345f4dca,gamma_0.8,train,314,456,easy,5,5,0.1,0.8,0.05,default,100,3.0,8,1,1,0,0,0.0010861000046133995,
gamma_0.8_456_345f4dca,gamma_0.8,train,315,456,easy,5,5,0.1,0.8,0.05,default,100,2.0,9,1,1,0,0,0.0011528000031830743,
gamma_0.8_456_345f4dca,gamma_0.8,train,316,456,easy,5,5,0.1,0.8,0.05,default,100,1.0,10,1,1,0,0,0.0012549999955808744,
gamma_0.8_456_345f4dca,gamma_0.8,train,317,456,easy,5,5,0.1,0.8,0.05,default,100,3.0,8,1,1,0,0,0.0010928000119747594,
gamma_0.8_456_345f4dca,gamma_0.8,train,318,456,easy,5,5,0.1,0.8,0.05,default,100,3.0,8,1,1,0,0,0.0010705000022426248,
gamma_0.8_456_345f4dca,gamma_0.8,train,319,456,easy,5,5,0.1,0.8,0.05,default,100,3.0,8,1,1,0,0,0.0010729000059654936,
gamma_0.8_456_345f4dca,gamma_0.8,train,320,456,easy,5,5,0.1,0.8,0.05,default,100,3.0,8,1,1,0,0,0.0010609000019030645,
gamma_0.8_456_345f4dca,gamma_0.8,train,321,456,easy,5,5,0.1,0.8,0.05,default,100,3.0,8,1,1,0,0,0.0011001000093529,
gamma_0.8_456_345f4dca,gamma_0.8,train,322,456,easy,5,5,0.1,0.8,0.05,default,100,3.0,8,1,1,0,0,0.0010645000002114102,
gamma_0.8_456_345f4dca,gamma_0.8,train,323,456,easy,5,5,0.1,0.8,0.05,default,100,3.0,8,1,1,0,0,0.001095500003430061,
gamma_0.8_456_345f4dca,gamma_0.8,train,324,456,easy,5,5,0.1,0.8,0.05,default,100,1.0,10,1,1,0,0,0.0012695000041276217,
gamma_0.8_456_345f4dca,gamma_0.8,train,325,456,easy,5,5,0.1,0.8,0.05,default,100,2.0,9,1,1,0,0,0.0010947999980999157,
gamma_0.8_456_345f4dca,gamma_0.8,train,326,456,easy,5,5,0.1,0.8,0.05,default,100,3.0,8,1,1,0,0,0.00109119999979157,
gamma_0.8_456_345f4dca,gamma_0.8,train,327,456,easy,5,5,0.1,0.8,0.05,default,100,3.0,8,1,1,0,0,0.0010732000082498416,
gamma_0.8_456_345f4dca,gamma_0.8,train,328,456,easy,5,5,0.1,0.8,0.05,default,100,3.0,8,1,1,0,0,0.0010808999941218644,
gamma_0.8_456_345f4dca,gamma_0.8,train,329,456,easy,5,5,0.1,0.8,0.05,default,100,3.0,8,1,1,0,0,0.0010888000106206164,
gamma_0.8_456_345f4dca,gamma_0.8,train,330,456,easy,5,5,0.1,0.8,0.05,default,100,3.0,8,1,1,0,0,0.0010786999919218943,
gamma_0.8_456_345f4dca,gamma_0.8,train,331,456,easy,5,5,0.1,0.8,0.05,default,100,3.0,8,1,1,0,0,0.0010790000087581575,
gamma_0.8_456_345f4dca,gamma_0.8,train,332,456,easy,5,5,0.1,0.8,0.05,default,100,3.0,8,1,1,0,0,0.0011030999885406345,
gamma_0.8_456_345f4dca,gamma_0.8,train,333,456,easy,5,5,0.1,0.8,0.05,default,100,3.0,8,1,1,0,0,0.0010975999903166667,
gamma_0.8_456_345f4dca,gamma_0.8,train,334,456,easy,5,5,0.1,0.8,0.05,default,100,3.0,8,1,1,0,0,0.0010775000118883327,
gamma_0.8_456_345f4dca,gamma_0.8,train,335,456,easy,5,5,0.1,0.8,0.05,default,100,1.0,10,1,1,0,0,0.0012888999917777255,
gamma_0.8_456_345f4dca,gamma_0.8,train,336,456,easy,5,5,0.1,0.8,0.05,default,100,3.0,8,1,1,0,0,0.0010562999959802255,
gamma_0.8_456_345f4dca,gamma_0.8,train,337,456,easy,5,5,0.1,0.8,0.05,default,100,2.0,9,1,1,0,0,0.0011512000055518001,
gamma_0.8_456_345f4dca,gamma_0.8,train,338,456,easy,5,5,0.1,0.8,0.05,default,100,1.0,10,1,1,0,0,0.0012425000022631139,
gamma_0.8_456_345f4dca,gamma_0.8,train,339,456,easy,5,5,0.1,0.8,0.05,default,100,3.0,8,1,1,0,0,0.0010688000038499013,
gamma_0.8_456_345f4dca,gamma_0.8,train,340,456,easy,5,5,0.1,0.8,0.05,default,100,3.0,8,1,1,0,0,0.0010676000092644244,
gamma_0.8_456_345f4dca,gamma_0.8,train,341,456,easy,5,5,0.1,0.8,0.05,default,100,3.0,8,1,1,0,0,0.001083499999367632,
gamma_0.8_456_345f4dca,gamma_0.8,train,342,456,easy,5,5,0.1,0.8,0.05,default,100,3.0,8,1,1,0,0,0.0010862000053748488,
gamma_0.8_456_345f4dca,gamma_0.8,train,343,456,easy,5,5,0.1,0.8,0.05,default,100,3.0,8,1,1,0,0,0.001062900002580136,
gamma_0.8_456_345f4dca,gamma_0.8,train,344,456,easy,5,5,0.1,0.8,0.05,default,100,3.0,8,1,1,0,0,0.0010826999932760373,
gamma_0.8_456_345f4dca,gamma_0.8,train,345,456,easy,5,5,0.1,0.8,0.05,default,100,3.0,8,1,1,0,0,0.00106160000723321,
gamma_0.8_456_345f4dca,gamma_0.8,train,346,456,easy,5,5,0.1,0.8,0.05,default,100,1.0,10,1,1,0,0,0.0012886999902548268,
gamma_0.8_456_345f4dca,gamma_0.8,train,347,456,easy,5,5,0.1,0.8,0.05,default,100,3.0,8,1,1,0,0,0.0010866000084206462,
gamma_0.8_456_345f4dca,gamma_0.8,train,348,456,easy,5,5,0.1,0.8,0.05,default,100,1.0,10,1,1,0,0,0.0012702999956673011,
gamma_0.8_456_345f4dca,gamma_0.8,train,349,456,easy,5,5,0.1,0.8,0.05,default,100,3.0,8,1,1,0,0,0.0010826000070665032,
gamma_0.8_456_345f4dca,gamma_0.8,train,350,456,easy,5,5,0.1,0.8,0.05,default,100,1.0,10,1,1,0,0,0.0012451999937184155,
gamma_0.8_456_345f4dca,gamma_0.8,train,351,456,easy,5,5,0.1,0.8,0.05,default,100,-1.0,12,1,1,0,0,0.0014639999862993136,
gamma_0.8_456_345f4dca,gamma_0.8,train,352,456,easy,5,5,0.1,0.8,0.05,default,100,3.0,8,1,1,0,0,0.0010977999918395653,
gamma_0.8_456_345f4dca,gamma_0.8,train,353,456,easy,5,5,0.1,0.8,0.05,default,100,3.0,8,1,1,0,0,0.001085000010789372,
gamma_0.8_456_345f4dca,gamma_0.8,train,354,456,easy,5,5,0.1,0.8,0.05,default,100,3.0,8,1,1,0,0,0.0010830000101123005,
gamma_0.8_456_345f4dca,gamma_0.8,train,355,456,easy,5,5,0.1,0.8,0.05,default,100,3.0,8,1,1,0,0,0.0010583999974187464,
gamma_0.8_456_345f4dca,gamma_0.8,train,356,456,easy,5,5,0.1,0.8,0.05,default,100,1.0,10,1,1,0,0,0.0012634000013349578,
gamma_0.8_456_345f4dca,gamma_0.8,train,357,456,easy,5,5,0.1,0.8,0.05,default,100,3.0,8,1,1,0,0,0.0010800000018207356,
gamma_0.8_456_345f4dca,gamma_0.8,train,358,456,easy,5,5,0.1,0.8,0.05,default,100,2.0,9,1,1,0,0,0.0011529000039445236,
gamma_0.8_456_345f4dca,gamma_0.8,train,359,456,easy,5,5,0.1,0.8,0.05,default,100,3.0,8,1,1,0,0,0.0010637999948812649,
gamma_0.8_456_345f4dca,gamma_0.8,train,360,456,easy,5,5,0.1,0.8,0.05,default,100,3.0,8,1,1,0,0,0.0010942000080831349,
gamma_0.8_456_345f4dca,gamma_0.8,train,361,456,easy,5,5,0.1,0.8,0.05,default,100,1.0,10,1,1,0,0,0.0012901000009151176,
gamma_0.8_456_345f4dca,gamma_0.8,train,362,456,easy,5,5,0.1,0.8,0.05,default,100,3.0,8,1,1,0,0,0.001075499996659346,
gamma_0.8_456_345f4dca,gamma_0.8,train,363,456,easy,5,5,0.1,0.8,0.05,default,100,3.0,8,1,1,0,0,0.0010824000055436045,
gamma_0.8_456_345f4dca,gamma_0.8,train,364,456,easy,5,5,0.1,0.8,0.05,default,100,3.0,8,1,1,0,0,0.0011247999937040731,
gamma_0.8_456_345f4dca,gamma_0.8,train,365,456,easy,5,5,0.1,0.8,0.05,default,100,1.0,10,1,1,0,0,0.0012737999932141975,
gamma_0.8_456_345f4dca,gamma_0.8,train,366,456,easy,5,5,0.1,0.8,0.05,default,100,3.0,8,1,1,0,0,0.001063200004864484,
gamma_0.8_456_345f4dca,gamma_0.8,train,367,456,easy,5,5,0.1,0.8,0.05,default,100,3.0,8,1,1,0,0,0.0011064999998779967,
gamma_0.8_456_345f4dca,gamma_0.8,train,368,456,easy,5,5,0.1,0.8,0.05,default,100,3.0,8,1,1,0,0,0.0010758999997051433,
gamma_0.8_456_345f4dca,gamma_0.8,train,369,456,easy,5,5,0.1,0.8,0.05,default,100,3.0,8,1,1,0,0,0.001017699993099086,
gamma_0.8_456_345f4dca,gamma_0.8,train,370,456,easy,5,5,0.1,0.8,0.05,default,100,3.0,8,1,1,0,0,0.001076700005796738,
gamma_0.8_456_345f4dca,gamma_0.8,train,371,456,easy,5,5,0.1,0.8,0.05,default,100,3.0,8,1,1,0,0,0.0010728000052040443,
gamma_0.8_456_345f4dca,gamma_0.8,train,372,456,easy,5,5,0.1,0.8,0.05,default,100,3.0,8,1,1,0,0,0.001116400002501905,
gamma_0.8_456_345f4dca,gamma_0.8,train,373,456,easy,5,5,0.1,0.8,0.05,default,100,3.0,8,1,1,0,0,0.0010608000011416152,
gamma_0.8_456_345f4dca,gamma_0.8,train,374,456,easy,5,5,0.1,0.8,0.05,default,100,3.0,8,1,1,0,0,0.0010935000027529895,
gamma_0.8_456_345f4dca,gamma_0.8,train,375,456,easy,5,5,0.1,0.8,0.05,default,100,3.0,8,1,1,0,0,0.001068400000804104,
gamma_0.8_456_345f4dca,gamma_0.8,train,376,456,easy,5,5,0.1,0.8,0.05,default,100,3.0,8,1,1,0,0,0.0010737999982666224,
gamma_0.8_456_345f4dca,gamma_0.8,train,377,456,easy,5,5,0.1,0.8,0.05,default,100,3.0,8,1,1,0,0,0.0010737000120570883,
gamma_0.8_456_345f4dca,gamma_0.8,train,378,456,easy,5,5,0.1,0.8,0.05,default,100,3.0,8,1,1,0,0,0.0011470000026747584,
gamma_0.8_456_345f4dca,gamma_0.8,train,379,456,easy,5,5,0.1,0.8,0.05,default,100,3.0,8,1,1,0,0,0.001078599991160445,
gamma_0.8_456_345f4dca,gamma_0.8,train,380,456,easy,5,5,0.1,0.8,0.05,default,100,3.0,8,1,1,0,0,0.0010965999972540885,
gamma_0.8_456_345f4dca,gamma_0.8,train,381,456,easy,5,5,0.1,0.8,0.05,default,100,3.0,8,1,1,0,0,0.0011052000045310706,
gamma_0.8_456_345f4dca,gamma_0.8,train,382,456,easy,5,5,0.1,0.8,0.05,default,100,3.0,8,1,1,0,0,0.001094899998861365,
gamma_0.8_456_345f4dca,gamma_0.8,train,383,456,easy,5,5,0.1,0.8,0.05,default,100,3.0,8,1,1,0,0,0.0010790999949676916,
gamma_0.8_456_345f4dca,gamma_0.8,train,384,456,easy,5,5,0.1,0.8,0.05,default,100,3.0,8,1,1,0,0,0.0010593000042717904,
gamma_0.8_456_345f4dca,gamma_0.8,train,385,456,easy,5,5,0.1,0.8,0.05,default,100,3.0,8,1,1,0,0,0.0010762000019894913,
gamma_0.8_456_345f4dca,gamma_0.8,train,386,456,easy,5,5,0.1,0.8,0.05,default,100,3.0,8,1,1,0,0,0.0010628999880282208,
gamma_0.8_456_345f4dca,gamma_0.8,train,387,456,easy,5,5,0.1,0.8,0.05,default,100,3.0,8,1,1,0,0,0.001083199997083284,
gamma_0.8_456_345f4dca,gamma_0.8,train,388,456,easy,5,5,0.1,0.8,0.05,default,100,3.0,8,1,1,0,0,0.0010215999936917797,
gamma_0.8_456_345f4dca,gamma_0.8,train,389,456,easy,5,5,0.1,0.8,0.05,default,100,3.0,8,1,1,0,0,0.0010769999935291708,
gamma_0.8_456_345f4dca,gamma_0.8,train,390,456,easy,5,5,0.1,0.8,0.05,default,100,3.0,8,1,1,0,0,0.0010623999987728894,
gamma_0.8_456_345f4dca,gamma_0.8,train,391,456,easy,5,5,0.1,0.8,0.05,default,100,3.0,8,1,1,0,0,0.001036700006807223,
gamma_0.8_456_345f4dca,gamma_0.8,train,392,456,easy,5,5,0.1,0.8,0.05,default,100,2.0,9,1,1,0,0,0.0011704000062309206,
gamma_0.8_456_345f4dca,gamma_0.8,train,393,456,easy,5,5,0.1,0.8,0.05,default,100,-14.0,5,0,1,0,1,0.0006734999915352091,
gamma_0.8_456_345f4dca,gamma_0.8,train,394,456,easy,5,5,0.1,0.8,0.05,default,100,3.0,8,1,1,0,0,0.0010209000029135495,
gamma_0.8_456_345f4dca,gamma_0.8,train,395,456,easy,5,5,0.1,0.8,0.05,default,100,1.0,10,1,1,0,0,0.0012788000021828339,
gamma_0.8_456_345f4dca,gamma_0.8,train,396,456,easy,5,5,0.1,0.8,0.05,default,100,3.0,8,1,1,0,0,0.001095500003430061,
gamma_0.8_456_345f4dca,gamma_0.8,train,397,456,easy,5,5,0.1,0.8,0.05,default,100,1.0,10,1,1,0,0,0.0012668999988818541,
gamma_0.8_456_345f4dca,gamma_0.8,train,398,456,easy,5,5,0.1,0.8,0.05,default,100,3.0,8,1,1,0,0,0.0010760000004665926,
gamma_0.8_456_345f4dca,gamma_0.8,train,399,456,easy,5,5,0.1,0.8,0.05,default,100,3.0,8,1,1,0,0,0.0010566999990260229,
gamma_0.8_456_345f4dca,gamma_0.8,train,400,456,easy,5,5,0.1,0.8,0.05,default,100,3.0,8,1,1,0,0,0.0010746000043582171,results\gamma_comparison\gamma_0.8\seed_456\qtable_ep400.npz
gamma_0.8_456_345f4dca,gamma_0.8,train,401,456,easy,5,5,0.1,0.8,0.05,default,100,3.0,8,1,1,0,0,0.0011280000035185367,
gamma_0.8_456_345f4dca,gamma_0.8,train,402,456,easy,5,5,0.1,0.8,0.05,default,100,2.0,9,1,1,0,0,0.0011603000020841137,
gamma_0.8_456_345f4dca,gamma_0.8,train,403,456,easy,5,5,0.1,0.8,0.05,default,100,3.0,8,1,1,0,0,0.001087800003006123,
gamma_0.8_456_345f4dca,gamma_0.8,train,404,456,easy,5,5,0.1,0.8,0.05,default,100,3.0,8,1,1,0,0,0.0010231000051135197,
gamma_0.8_456_345f4dca,gamma_0.8,train,405,456,easy,5,5,0.1,0.8,0.05,default,100,2.0,9,1,1,0,0,0.0011472999904071912,
gamma_0.8_456_345f4dca,gamma_0.8,train,406,456,easy,5,5,0.1,0.8,0.05,default,100,3.0,8,1,1,0,0,0.0010110000002896413,
gamma_0.8_456_345f4dca,gamma_0.8,train,407,456,easy,5,5,0.1,0.8,0.05,default,100,3.0,8,1,1,0,0,0.001029999999445863,
gamma_0.8_456_345f4dca,gamma_0.8,train,408,456,easy,5,5,0.1,0.8,0.05,default,100,2.0,9,1,1,0,0,0.0011280999897280708,
gamma_0.8_456_345f4dca,gamma_0.8,train,409,456,easy,5,5,0.1,0.8,0.05,default,100,3.0,8,1,1,0,0,0.0010745000035967678,
gamma_0.8_456_345f4dca,gamma_0.8,train,410,456,easy,5,5,0.1,0.8,0.05,default,100,-4.0,15,1,1,0,0,0.0017937999946298078,
gamma_0.8_456_345f4dca,gamma_0.8,train,411,456,easy,5,5,0.1,0.8,0.05,default,100,3.0,8,1,1,0,0,0.0010657999955583364,
gamma_0.8_456_345f4dca,gamma_0.8,train,412,456,easy,5,5,0.1,0.8,0.05,default,100,-14.0,5,0,1,0,1,0.000691299996105954,
gamma_0.8_456_345f4dca,gamma_0.8,train,413,456,easy,5,5,0.1,0.8,0.05,default,100,3.0,8,1,1,0,0,0.00105640001129359,
gamma_0.8_456_345f4dca,gamma_0.8,train,414,456,easy,5,5,0.1,0.8,0.05,default,100,3.0,8,1,1,0,0,0.001078599991160445,
gamma_0.8_456_345f4dca,gamma_0.8,train,415,456,easy,5,5,0.1,0.8,0.05,default,100,3.0,8,1,1,0,0,0.0010126999986823648,
gamma_0.8_456_345f4dca,gamma_0.8,train,416,456,easy,5,5,0.1,0.8,0.05,default,100,3.0,8,1,1,0,0,0.001061999995727092,
gamma_0.8_456_345f4dca,gamma_0.8,train,417,456,easy,5,5,0.1,0.8,0.05,default,100,3.0,8,1,1,0,0,0.0010567999997874722,
gamma_0.8_456_345f4dca,gamma_0.8,train,418,456,easy,5,5,0.1,0.8,0.05,default,100,3.0,8,1,1,0,0,0.0010688000038499013,
gamma_0.8_456_345f4dca,gamma_0.8,train,419,456,easy,5,5,0.1,0.8,0.05,default,100,3.0,8,1,1,0,0,0.0010531000007176772,
gamma_0.8_456_345f4dca,gamma_0.8,train,420,456,easy,5,5,0.1,0.8,0.05,default,100,3.0,8,1,1,0,0,0.001087500000721775,
gamma_0.8_456_345f4dca,gamma_0.8,train,421,456,easy,5,5,0.1,0.8,0.05,default,100,3.0,8,1,1,0,0,0.0010872999991988763,
gamma_0.8_456_345f4dca,gamma_0.8,train,422,456,easy,5,5,0.1,0.8,0.05,default,100,1.0,10,1,1,0,0,0.0012846999889006838,
gamma_0.8_456_345f4dca,gamma_0.8,train,423,456,easy,5,5,0.1,0.8,0.05,default,100,1.0,10,1,1,0,0,0.0012720000086119398,
gamma_0.8_456_345f4dca,gamma_0.8,train,424,456,easy,5,5,0.1,0.8,0.05,default,100,3.0,8,1,1,0,0,0.001062200011801906,
gamma_0.8_456_345f4dca,gamma_0.8,train,425,456,easy,5,5,0.1,0.8,0.05,default,100,3.0,8,1,1,0,0,0.001071499995305203,
gamma_0.8_456_345f4dca,gamma_0.8,train,426,456,easy,5,5,0.1,0.8,0.05,default,100,1.0,10,1,1,0,0,0.0012024999887216836,
gamma_0.8_456_345f4dca,gamma_0.8,train,427,456,easy,5,5,0.1,0.8,0.05,default,100,2.0,9,1,1,0,0,0.0011498000094434246,
gamma_0.8_456_345f4dca,gamma_0.8,train,428,456,easy,5,5,0.1,0.8,0.05,default,100,3.0,8,1,1,0,0,0.0010817000002134591,
gamma_0.8_456_345f4dca,gamma_0.8,train,429,456,easy,5,5,0.1,0.8,0.05,default,100,1.0,10,1,1,0,0,0.001266599996597506,
gamma_0.8_456_345f4dca,gamma_0.8,train,430,456,easy,5,5,0.1,0.8,0.05,default,100,2.0,9,1,1,0,0,0.0011543000000528991,
gamma_0.8_456_345f4dca,gamma_0.8,train,431,456,easy,5,5,0.1,0.8,0.05,default,100,3.0,8,1,1,0,0,0.001011800006381236,
gamma_0.8_456_345f4dca,gamma_0.8,train,432,456,easy,5,5,0.1,0.8,0.05,default,100,3.0,8,1,1,0,0,0.0010964999964926392,
gamma_0.8_456_345f4dca,gamma_0.8,train,433,456,easy,5,5,0.1,0.8,0.05,default,100,3.0,8,1,1,0,0,0.0010506999969948083,
gamma_0.8_456_345f4dca,gamma_0.8,train,434,456,easy,5,5,0.1,0.8,0.05,default,100,3.0,8,1,1,0,0,0.001062600000295788,
gamma_0.8_456_345f4dca,gamma_0.8,train,435,456,easy,5,5,0.1,0.8,0.05,default,100,3.0,8,1,1,0,0,0.0010623999987728894,
gamma_0.8_456_345f4dca,gamma_0.8,train,436,456,easy,5,5,0.1,0.8,0.05,default,100,-1.0,12,1,1,0,0,0.0014439999940805137,
gamma_0.8_456_345f4dca,gamma_0.8,train,437,456,easy,5,5,0.1,0.8,0.05,default,100,3.0,8,1,1,0,0,0.0010840000031748787,
gamma_0.8_456_345f4dca,gamma_0.8,train,438,456,easy,5,5,0.1,0.8,0.05,default,100,3.0,8,1,1,0,0,0.0010565999982645735,
gamma_0.8_456_345f4dca,gamma_0.8,train,439,456,easy,5,5,0.1,0.8,0.05,default,100,3.0,8,1,1,0,0,0.0010241999989375472,
gamma_0.8_456_345f4dca,gamma_0.8,train,440,456,easy,5,5,0.1,0.8,0.05,default,100,3.0,8,1,1,0,0,0.001051200000802055,
gamma_0.8_456_345f4dca,gamma_0.8,train,441,456,easy,5,5,0.1,0.8,0.05,default,100,3.0,8,1,1,0,0,0.0010923999943770468,
gamma_0.8_456_345f4dca,gamma_0.8,train,442,456,easy,5,5,0.1,0.8,0.05,default,100,3.0,8,1,1,0,0,0.0010596999927656725,
gamma_0.8_456_345f4dca,gamma_0.8,train,443,456,easy,5,5,0.1,0.8,0.05,default,100,0.0,11,1,1,0,0,0.0012885000032838434,
gamma_0.8_456_345f4dca,gamma_0.8,train,444,456,easy,5,5,0.1,0.8,0.05,default,100,2.0,9,1,1,0,0,0.0010917000035988167,
gamma_0.8_456_345f4dca,gamma_0.8,train,445,456,easy,5,5,0.1,0.8,0.05,default,100,3.0,8,1,1,0,0,0.0010810999956447631,
gamma_0.8_456_345f4dca,gamma_0.8,train,446,456,easy,5,5,0.1,0.8,0.05,default,100,3.0,8,1,1,0,0,0.0010436000011395663,
gamma_0.8_456_345f4dca,gamma_0.8,train,447,456,easy,5,5,0.1,0.8,0.05,default,100,3.0,8,1,1,0,0,0.001098299995646812,
gamma_0.8_456_345f4dca,gamma_0.8,train,448,456,easy,5,5,0.1,0.8,0.05,default,100,3.0,8,1,1,0,0,0.0010839000024134293,
gamma_0.8_456_345f4dca,gamma_0.8,train,449,456,easy,5,5,0.1,0.8,0.05,default,100,3.0,8,1,1,0,0,0.0010251000057905912,
gamma_0.8_456_345f4dca,gamma_0.8,train,450,456,easy,5,5,0.1,0.8,0.05,default,100,2.0,9,1,1,0,0,0.0011448000004747882,
gamma_0.8_456_345f4dca,gamma_0.8,train,451,456,easy,5,5,0.1,0.8,0.05,default,100,1.0,10,1,1,0,0,0.0012463000020943582,
gamma_0.8_456_345f4dca,gamma_0.8,train,452,456,easy,5,5,0.1,0.8,0.05,default,100,3.0,8,1,1,0,0,0.0010692000068956986,
gamma_0.8_456_345f4dca,gamma_0.8,train,453,456,easy,5,5,0.1,0.8,0.05,default,100,3.0,8,1,1,0,0,0.00099709999631159,
gamma_0.8_456_345f4dca,gamma_0.8,train,454,456,easy,5,5,0.1,0.8,0.05,default,100,3.0,8,1,1,0,0,0.0010716000106185675,
gamma_0.8_456_345f4dca,gamma_0.8,train,455,456,easy,5,5,0.1,0.8,0.05,default,100,3.0,8,1,1,0,0,0.0010474000009708107,
gamma_0.8_456_345f4dca,gamma_0.8,train,456,456,easy,5,5,0.1,0.8,0.05,default,100,2.0,9,1,1,0,0,0.0011350999993737787,
gamma_0.8_456_345f4dca,gamma_0.8,train,457,456,easy,5,5,0.1,0.8,0.05,default,100,3.0,8,1,1,0,0,0.0010617000079946592,
gamma_0.8_456_345f4dca,gamma_0.8,train,458,456,easy,5,5,0.1,0.8,0.05,default,100,3.0,8,1,1,0,0,0.0010328999924240634,
gamma_0.8_456_345f4dca,gamma_0.8,train,459,456,easy,5,5,0.1,0.8,0.05,default,100,3.0,8,1,1,0,0,0.0010902000067289919,
gamma_0.8_456_345f4dca,gamma_0.8,train,460,456,easy,5,5,0.1,0.8,0.05,default,100,3.0,8,1,1,0,0,0.0010384000051999465,
gamma_0.8_456_345f4dca,gamma_0.8,train,461,456,easy,5,5,0.1,0.8,0.05,default,100,0.0,11,1,1,0,0,0.0013453999999910593,
gamma_0.8_456_345f4dca,gamma_0.8,train,462,456,easy,5,5,0.1,0.8,0.05,default,100,-14.0,5,0,1,0,1,0.0006711000023642555,
gamma_0.8_456_345f4dca,gamma_0.8,train,463,456,easy,5,5,0.1,0.8,0.05,default,100,3.0,8,1,1,0,0,0.0010861000046133995,
gamma_0.8_456_345f4dca,gamma_0.8,train,464,456,easy,5,5,0.1,0.8,0.05,default,100,1.0,10,1,1,0,0,0.0012544999917736277,
gamma_0.8_456_345f4dca,gamma_0.8,train,465,456,easy,5,5,0.1,0.8,0.05,default,100,3.0,8,1,1,0,0,0.0010975000041071326,
gamma_0.8_456_345f4dca,gamma_0.8,train,466,456,easy,5,5,0.1,0.8,0.05,default,100,3.0,8,1,1,0,0,0.0010612999903969467,
gamma_0.8_456_345f4dca,gamma_0.8,train,467,456,easy,5,5,0.1,0.8,0.05,default,100,3.0,8,1,1,0,0,0.0010418000019853935,
gamma_0.8_456_345f4dca,gamma_0.8,train,468,456,easy,5,5,0.1,0.8,0.05,default,100,2.0,9,1,1,0,0,0.0011288999958196655,
gamma_0.8_456_345f4dca,gamma_0.8,train,469,456,easy,5,5,0.1,0.8,0.05,default,100,2.0,9,1,1,0,0,0.0011034000053768978,
gamma_0.8_456_345f4dca,gamma_0.8,train,470,456,easy,5,5,0.1,0.8,0.05,default,100,3.0,8,1,1,0,0,0.0010577999928500503,
gamma_0.8_456_345f4dca,gamma_0.8,train,471,456,easy,5,5,0.1,0.8,0.05,default,100,3.0,8,1,1,0,0,0.0010718999983510002,
gamma_0.8_456_345f4dca,gamma_0.8,train,472,456,easy,5,5,0.1,0.8,0.05,default,100,3.0,8,1,1,0,0,0.001069099991582334,
gamma_0.8_456_345f4dca,gamma_0.8,train,473,456,easy,5,5,0.1,0.8,0.05,default,100,2.0,9,1,1,0,0,0.001135200000135228,
gamma_0.8_456_345f4dca,gamma_0.8,train,474,456,easy,5,5,0.1,0.8,0.05,default,100,3.0,8,1,1,0,0,0.0010861999908229336,
gamma_0.8_456_345f4dca,gamma_0.8,train,475,456,easy,5,5,0.1,0.8,0.05,default,100,3.0,8,1,1,0,0,0.0010583000112092122,
gamma_0.8_456_345f4dca,gamma_0.8,train,476,456,easy,5,5,0.1,0.8,0.05,default,100,3.0,8,1,1,0,0,0.0010892999998759478,
gamma_0.8_456_345f4dca,gamma_0.8,train,477,456,easy,5,5,0.1,0.8,0.05,default,100,3.0,8,1,1,0,0,0.00106229999801144,
gamma_0.8_456_345f4dca,gamma_0.8,train,478,456,easy,5,5,0.1,0.8,0.05,default,100,3.0,8,1,1,0,0,0.0010901000059675425,
gamma_0.8_456_345f4dca,gamma_0.8,train,479,456,easy,5,5,0.1,0.8,0.05,default,100,3.0,8,1,1,0,0,0.0010564999975031242,
gamma_0.8_456_345f4dca,gamma_0.8,train,480,456,easy,5,5,0.1,0.8,0.05,default,100,3.0,8,1,1,0,0,0.0010695999953895807,
gamma_0.8_456_345f4dca,gamma_0.8,train,481,456,easy,5,5,0.1,0.8,0.05,default,100,3.0,8,1,1,0,0,0.001035499997669831,
gamma_0.8_456_345f4dca,gamma_0.8,train,482,456,easy,5,5,0.1,0.8,0.05,default,100,0.0,11,1,1,0,0,0.0012934999977005646,
gamma_0.8_456_345f4dca,gamma_0.8,train,483,456,easy,5,5,0.1,0.8,0.05,default,100,3.0,8,1,1,0,0,0.001167800000985153,
gamma_0.8_456_345f4dca,gamma_0.8,train,484,456,easy,5,5,0.1,0.8,0.05,default,100,3.0,8,1,1,0,0,0.001065699994796887,
gamma_0.8_456_345f4dca,gamma_0.8,train,485,456,easy,5,5,0.1,0.8,0.05,default,100,3.0,8,1,1,0,0,0.0010889999975915998,
gamma_0.8_456_345f4dca,gamma_0.8,train,486,456,easy,5,5,0.1,0.8,0.05,default,100,3.0,8,1,1,0,0,0.0010688999900594354,
gamma_0.8_456_345f4dca,gamma_0.8,train,487,456,easy,5,5,0.1,0.8,0.05,default,100,3.0,8,1,1,0,0,0.0010980999941239133,
gamma_0.8_456_345f4dca,gamma_0.8,train,488,456,easy,5,5,0.1,0.8,0.05,default,100,3.0,8,1,1,0,0,0.0009754000057000667,
gamma_0.8_456_345f4dca,gamma_0.8,train,489,456,easy,5,5,0.1,0.8,0.05,default,100,3.0,8,1,1,0,0,0.0010671000054571778,
gamma_0.8_456_345f4dca,gamma_0.8,train,490,456,easy,5,5,0.1,0.8,0.05,default,100,3.0,8,1,1,0,0,0.0010076000035041943,
gamma_0.8_456_345f4dca,gamma_0.8,train,491,456,easy,5,5,0.1,0.8,0.05,default,100,3.0,8,1,1,0,0,0.0010673000069800764,
gamma_0.8_456_345f4dca,gamma_0.8,train,492,456,easy,5,5,0.1,0.8,0.05,default,100,3.0,8,1,1,0,0,0.0010570000013103709,
gamma_0.8_456_345f4dca,gamma_0.8,train,493,456,easy,5,5,0.1,0.8,0.05,default,100,3.0,8,1,1,0,0,0.0010723000013967976,
gamma_0.8_456_345f4dca,gamma_0.8,train,494,456,easy,5,5,0.1,0.8,0.05,default,100,3.0,8,1,1,0,0,0.0010519000061322004,
gamma_0.8_456_345f4dca,gamma_0.8,train,495,456,easy,5,5,0.1,0.8,0.05,default,100,3.0,8,1,1,0,0,0.0010851999977603555,
gamma_0.8_456_345f4dca,gamma_0.8,train,496,456,easy,5,5,0.1,0.8,0.05,default,100,1.0,10,1,1,0,0,0.0012692000018432736,
gamma_0.8_456_345f4dca,gamma_0.8,train,497,456,easy,5,5,0.1,0.8,0.05,default,100,3.0,8,1,1,0,0,0.0010994000040227547,
gamma_0.8_456_345f4dca,gamma_0.8,train,498,456,easy,5,5,0.1,0.8,0.05,default,100,2.0,9,1,1,0,0,0.001156700003775768,
gamma_0.8_456_345f4dca,gamma_0.8,train,499,456,easy,5,5,0.1,0.8,0.05,default,100,1.0,10,1,1,0,0,0.001247499996679835,
gamma_0.8_456_345f4dca,gamma_0.8,train,500,456,easy,5,5,0.1,0.8,0.05,default,100,1.0,10,1,1,0,0,0.0012157999881310388,
gamma_0.8_456_345f4dca,gamma_0.8,train,501,456,easy,5,5,0.1,0.8,0.05,default,100,0.0,11,1,1,0,0,0.0013985999976284802,
gamma_0.8_456_345f4dca,gamma_0.8,train,502,456,easy,5,5,0.1,0.8,0.05,default,100,1.0,10,1,1,0,0,0.0012533999979496002,
gamma_0.8_456_345f4dca,gamma_0.8,train,503,456,easy,5,5,0.1,0.8,0.05,default,100,3.0,8,1,1,0,0,0.0010763000027509406,
gamma_0.8_456_345f4dca,gamma_0.8,train,504,456,easy,5,5,0.1,0.8,0.05,default,100,3.0,8,1,1,0,0,0.0010738999990280718,
gamma_0.8_456_345f4dca,gamma_0.8,train,505,456,easy,5,5,0.1,0.8,0.05,default,100,3.0,8,1,1,0,0,0.0010769000073196366,
gamma_0.8_456_345f4dca,gamma_0.8,train,506,456,easy,5,5,0.1,0.8,0.05,default,100,3.0,8,1,1,0,0,0.0010563999967416748,
gamma_0.8_456_345f4dca,gamma_0.8,train,507,456,easy,5,5,0.1,0.8,0.05,default,100,1.0,10,1,1,0,0,0.001262599995243363,
gamma_0.8_456_345f4dca,gamma_0.8,train,508,456,easy,5,5,0.1,0.8,0.05,default,100,3.0,8,1,1,0,0,0.001094500010367483,
gamma_0.8_456_345f4dca,gamma_0.8,train,509,456,easy,5,5,0.1,0.8,0.05,default,100,3.0,8,1,1,0,0,0.0010632999910740182,
gamma_0.8_456_345f4dca,gamma_0.8,train,510,456,easy,5,5,0.1,0.8,0.05,default,100,3.0,8,1,1,0,0,0.0010701000137487426,
gamma_0.8_456_345f4dca,gamma_0.8,train,511,456,easy,5,5,0.1,0.8,0.05,default,100,3.0,8,1,1,0,0,0.0010522999946260825,
gamma_0.8_456_345f4dca,gamma_0.8,train,512,456,easy,5,5,0.1,0.8,0.05,default,100,1.0,10,1,1,0,0,0.0012107000075047836,
gamma_0.8_456_345f4dca,gamma_0.8,train,513,456,easy,5,5,0.1,0.8,0.05,default,100,3.0,8,1,1,0,0,0.0010538999922573566,
gamma_0.8_456_345f4dca,gamma_0.8,train,514,456,easy,5,5,0.1,0.8,0.05,default,100,0.0,11,1,1,0,0,0.0013313999952515587,
gamma_0.8_456_345f4dca,gamma_0.8,train,515,456,easy,5,5,0.1,0.8,0.05,default,100,2.0,9,1,1,0,0,0.0011526000016601756,
gamma_0.8_456_345f4dca,gamma_0.8,train,516,456,easy,5,5,0.1,0.8,0.05,default,100,3.0,8,1,1,0,0,0.0010968999995384365,
gamma_0.8_456_345f4dca,gamma_0.8,train,517,456,easy,5,5,0.1,0.8,0.05,default,100,3.0,8,1,1,0,0,0.0011012000031769276,
gamma_0.8_456_345f4dca,gamma_0.8,train,518,456,easy,5,5,0.1,0.8,0.05,default,100,3.0,8,1,1,0,0,0.0010593999904813245,
gamma_0.8_456_345f4dca,gamma_0.8,train,519,456,easy,5,5,0.1,0.8,0.05,default,100,3.0,8,1,1,0,0,0.001072700004442595,
gamma_0.8_456_345f4dca,gamma_0.8,train,520,456,easy,5,5,0.1,0.8,0.05,default,100,3.0,8,1,1,0,0,0.0010563999967416748,
gamma_0.8_456_345f4dca,gamma_0.8,train,521,456,easy,5,5,0.1,0.8,0.05,default,100,3.0,8,1,1,0,0,0.0011033999908249825,
gamma_0.8_456_345f4dca,gamma_0.8,train,522,456,easy,5,5,0.1,0.8,0.05,default,100,3.0,8,1,1,0,0,0.0010707000037655234,
gamma_0.8_456_345f4dca,gamma_0.8,train,523,456,easy,5,5,0.1,0.8,0.05,default,100,1.0,10,1,1,0,0,0.001266599996597506,
gamma_0.8_456_345f4dca,gamma_0.8,train,524,456,easy,5,5,0.1,0.8,0.05,default,100,3.0,8,1,1,0,0,0.0010815999994520098,
gamma_0.8_456_345f4dca,gamma_0.8,train,525,456,easy,5,5,0.1,0.8,0.05,default,100,3.0,8,1,1,0,0,0.0010732999944593757,
gamma_0.8_456_345f4dca,gamma_0.8,train,526,456,easy,5,5,0.1,0.8,0.05,default,100,3.0,8,1,1,0,0,0.0010806000063894317,
gamma_0.8_456_345f4dca,gamma_0.8,train,527,456,easy,5,5,0.1,0.8,0.05,default,100,1.0,10,1,1,0,0,0.0012541000032797456,
gamma_0.8_456_345f4dca,gamma_0.8,train,528,456,easy,5,5,0.1,0.8,0.05,default,100,3.0,8,1,1,0,0,0.0010732999944593757,
gamma_0.8_456_345f4dca,gamma_0.8,train,529,456,easy,5,5,0.1,0.8,0.05,default,100,1.0,10,1,1,0,0,0.001161000007414259,
gamma_0.8_456_345f4dca,gamma_0.8,train,530,456,easy,5,5,0.1,0.8,0.05,default,100,3.0,8,1,1,0,0,0.0010866000084206462,
gamma_0.8_456_345f4dca,gamma_0.8,train,531,456,easy,5,5,0.1,0.8,0.05,default,100,3.0,8,1,1,0,0,0.0010590000019874424,
gamma_0.8_456_345f4dca,gamma_0.8,train,532,456,easy,5,5,0.1,0.8,0.05,default,100,3.0,8,1,1,0,0,0.0010970000002998859,
gamma_0.8_456_345f4dca,gamma_0.8,train,533,456,easy,5,5,0.1,0.8,0.05,default,100,3.0,8,1,1,0,0,0.001029399994877167,
gamma_0.8_456_345f4dca,gamma_0.8,train,534,456,easy,5,5,0.1,0.8,0.05,default,100,3.0,8,1,1,0,0,0.0010895000013988465,
gamma_0.8_456_345f4dca,gamma_0.8,train,535,456,easy,5,5,0.1,0.8,0.05,default,100,3.0,8,1,1,0,0,0.0010822000040207058,
gamma_0.8_456_345f4dca,gamma_0.8,train,536,456,easy,5,5,0.1,0.8,0.05,default,100,3.0,8,1,1,0,0,0.0010617000079946592,
gamma_0.8_456_345f4dca,gamma_0.8,train,537,456,easy,5,5,0.1,0.8,0.05,default,100,3.0,8,1,1,0,0,0.0011086000013165176,
gamma_0.8_456_345f4dca,gamma_0.8,train,538,456,easy,5,5,0.1,0.8,0.05,default,100,3.0,8,1,1,0,0,0.0010691999923437834,
gamma_0.8_456_345f4dca,gamma_0.8,train,539,456,easy,5,5,0.1,0.8,0.05,default,100,3.0,8,1,1,0,0,0.0010806000063894317,
gamma_0.8_456_345f4dca,gamma_0.8,train,540,456,easy,5,5,0.1,0.8,0.05,default,100,3.0,8,1,1,0,0,0.0010612000041874126,
gamma_0.8_456_345f4dca,gamma_0.8,train,541,456,easy,5,5,0.1,0.8,0.05,default,100,3.0,8,1,1,0,0,0.0011777000036090612,
gamma_0.8_456_345f4dca,gamma_0.8,train,542,456,easy,5,5,0.1,0.8,0.05,default,100,3.0,8,1,1,0,0,0.0010564999975031242,
gamma_0.8_456_345f4dca,gamma_0.8,train,543,456,easy,5,5,0.1,0.8,0.05,default,100,3.0,8,1,1,0,0,0.001096100007998757,
gamma_0.8_456_345f4dca,gamma_0.8,train,544,456,easy,5,5,0.1,0.8,0.05,default,100,1.0,10,1,1,0,0,0.0012210000131744891,
gamma_0.8_456_345f4dca,gamma_0.8,train,545,456,easy,5,5,0.1,0.8,0.05,default,100,3.0,8,1,1,0,0,0.0010668999893823639,
gamma_0.8_456_345f4dca,gamma_0.8,train,546,456,easy,5,5,0.1,0.8,0.05,default,100,3.0,8,1,1,0,0,0.001035499997669831,
gamma_0.8_456_345f4dca,gamma_0.8,train,547,456,easy,5,5,0.1,0.8,0.05,default,100,3.0,8,1,1,0,0,0.0010728000052040443,
gamma_0.8_456_345f4dca,gamma_0.8,train,548,456,easy,5,5,0.1,0.8,0.05,default,100,3.0,8,1,1,0,0,0.0010805000056279823,
gamma_0.8_456_345f4dca,gamma_0.8,train,549,456,easy,5,5,0.1,0.8,0.05,default,100,3.0,8,1,1,0,0,0.0010700999991968274,
gamma_0.8_456_345f4dca,gamma_0.8,train,550,456,easy,5,5,0.1,0.8,0.05,default,100,3.0,8,1,1,0,0,0.0010935000027529895,
gamma_0.8_456_345f4dca,gamma_0.8,train,551,456,easy,5,5,0.1,0.8,0.05,default,100,2.0,9,1,1,0,0,0.0011318999895593151,
gamma_0.8_456_345f4dca,gamma_0.8,train,552,456,easy,5,5,0.1,0.8,0.05,default,100,3.0,8,1,1,0,0,0.0010783000034280121,
gamma_0.8_456_345f4dca,gamma_0.8,train,553,456,easy,5,5,0.1,0.8,0.05,default,100,2.0,9,1,1,0,0,0.0012263999960850924,
gamma_0.8_456_345f4dca,gamma_0.8,train,554,456,easy,5,5,0.1,0.8,0.05,default,100,3.0,8,1,1,0,0,0.0013011999981245026,
gamma_0.8_456_345f4dca,gamma_0.8,train,555,456,easy,5,5,0.1,0.8,0.05,default,100,2.0,9,1,1,0,0,0.0011629000073298812,
gamma_0.8_456_345f4dca,gamma_0.8,train,556,456,easy,5,5,0.1,0.8,0.05,default,100,2.0,9,1,1,0,0,0.0011368999985279515,
gamma_0.8_456_345f4dca,gamma_0.8,train,557,456,easy,5,5,0.1,0.8,0.05,default,100,3.0,8,1,1,0,0,0.0010919999913312495,
gamma_0.8_456_345f4dca,gamma_0.8,train,558,456,easy,5,5,0.1,0.8,0.05,default,100,3.0,8,1,1,0,0,0.0010618999949656427,
gamma_0.8_456_345f4dca,gamma_0.8,train,559,456,easy,5,5,0.1,0.8,0.05,default,100,3.0,8,1,1,0,0,0.0010711999930208549,
gamma_0.8_456_345f4dca,gamma_0.8,train,560,456,easy,5,5,0.1,0.8,0.05,default,100,3.0,8,1,1,0,0,0.0009879999997792765,
gamma_0.8_456_345f4dca,gamma_0.8,train,561,456,easy,5,5,0.1,0.8,0.05,default,100,3.0,8,1,1,0,0,0.0010718999983510002,
gamma_0.8_456_345f4dca,gamma_0.8,train,562,456,easy,5,5,0.1,0.8,0.05,default,100,1.0,10,1,1,0,0,0.0012721999955829233,
gamma_0.8_456_345f4dca,gamma_0.8,train,563,456,easy,5,5,0.1,0.8,0.05,default,100,3.0,8,1,1,0,0,0.0010595999920042232,
gamma_0.8_456_345f4dca,gamma_0.8,train,564,456,easy,5,5,0.1,0.8,0.05,default,100,3.0,8,1,1,0,0,0.0010879000037675723,
gamma_0.8_456_345f4dca,gamma_0.8,train,565,456,easy,5,5,0.1,0.8,0.05,default,100,3.0,8,1,1,0,0,0.0010611000034259632,
gamma_0.8_456_345f4dca,gamma_0.8,train,566,456,easy,5,5,0.1,0.8,0.05,default,100,2.0,9,1,1,0,0,0.0011492999910842627,
gamma_0.8_456_345f4dca,gamma_0.8,train,567,456,easy,5,5,0.1,0.8,0.05,default,100,2.0,9,1,1,0,0,0.0011441000096965581,
gamma_0.8_456_345f4dca,gamma_0.8,train,568,456,easy,5,5,0.1,0.8,0.05,default,100,3.0,8,1,1,0,0,0.001059200003510341,
gamma_0.8_456_345f4dca,gamma_0.8,train,569,456,easy,5,5,0.1,0.8,0.05,default,100,3.0,8,1,1,0,0,0.001058599998941645,
gamma_0.8_456_345f4dca,gamma_0.8,train,570,456,easy,5,5,0.1,0.8,0.05,default,100,3.0,8,1,1,0,0,0.001070300000719726,
gamma_0.8_456_345f4dca,gamma_0.8,train,571,456,easy,5,5,0.1,0.8,0.05,default,100,2.0,9,1,1,0,0,0.001150899988715537,
gamma_0.8_456_345f4dca,gamma_0.8,train,572,456,easy,5,5,0.1,0.8,0.05,default,100,1.0,10,1,1,0,0,0.0012567999947350472,
gamma_0.8_456_345f4dca,gamma_0.8,train,573,456,easy,5,5,0.1,0.8,0.05,default,100,3.0,8,1,1,0,0,0.0010467999964021146,
gamma_0.8_456_345f4dca,gamma_0.8,train,574,456,easy,5,5,0.1,0.8,0.05,default,100,2.0,9,1,1,0,0,0.001149900010204874,
gamma_0.8_456_345f4dca,gamma_0.8,train,575,456,easy,5,5,0.1,0.8,0.05,default,100,-1.0,12,1,1,0,0,0.0014144000015221536,
gamma_0.8_456_345f4dca,gamma_0.8,train,576,456,easy,5,5,0.1,0.8,0.05,default,100,3.0,8,1,1,0,0,0.001062900002580136,
gamma_0.8_456_345f4dca,gamma_0.8,train,577,456,easy,5,5,0.1,0.8,0.05,default,100,3.0,8,1,1,0,0,0.0010953000019071624,
gamma_0.8_456_345f4dca,gamma_0.8,train,578,456,easy,5,5,0.1,0.8,0.05,default,100,3.0,8,1,1,0,0,0.0010839000024134293,
gamma_0.8_456_345f4dca,gamma_0.8,train,579,456,easy,5,5,0.1,0.8,0.05,default,100,-16.0,7,0,1,0,1,0.0009078000002773479,
gamma_0.8_456_345f4dca,gamma_0.8,train,580,456,easy,5,5,0.1,0.8,0.05,default,100,3.0,8,1,1,0,0,0.0011518999963300303,
gamma_0.8_456_345f4dca,gamma_0.8,train,581,456,easy,5,5,0.1,0.8,0.05,default,100,2.0,9,1,1,0,0,0.0011341000063112006,
gamma_0.8_456_345f4dca,gamma_0.8,train,582,456,easy,5,5,0.1,0.8,0.05,default,100,-1.0,12,1,1,0,0,0.0014639000000897795,
gamma_0.8_456_345f4dca,gamma_0.8,train,583,456,easy,5,5,0.1,0.8,0.05,default,100,3.0,8,1,1,0,0,0.0010144000116270036,
gamma_0.8_456_345f4dca,gamma_0.8,train,584,456,easy,5,5,0.1,0.8,0.05,default,100,3.0,8,1,1,0,0,0.0010708999907365069,
gamma_0.8_456_345f4dca,gamma_0.8,train,585,456,easy,5,5,0.1,0.8,0.05,default,100,3.0,8,1,1,0,0,0.0010697000107029453,
gamma_0.8_456_345f4dca,gamma_0.8,train,586,456,easy,5,5,0.1,0.8,0.05,default,100,3.0,8,1,1,0,0,0.0011358999909134582,
gamma_0.8_456_345f4dca,gamma_0.8,train,587,456,easy,5,5,0.1,0.8,0.05,default,100,-14.0,5,0,1,0,1,0.0006709000008413568,
gamma_0.8_456_345f4dca,gamma_0.8,train,588,456,easy,5,5,0.1,0.8,0.05,default,100,3.0,8,1,1,0,0,0.0010763000027509406,
gamma_0.8_456_345f4dca,gamma_0.8,train,589,456,easy,5,5,0.1,0.8,0.05,default,100,3.0,8,1,1,0,0,0.0010116000048583373,
gamma_0.8_456_345f4dca,gamma_0.8,train,590,456,easy,5,5,0.1,0.8,0.05,default,100,3.0,8,1,1,0,0,0.001066900003934279,
gamma_0.8_456_345f4dca,gamma_0.8,train,591,456,easy,5,5,0.1,0.8,0.05,default,100,3.0,8,1,1,0,0,0.0010737999982666224,
gamma_0.8_456_345f4dca,gamma_0.8,train,592,456,easy,5,5,0.1,0.8,0.05,default,100,3.0,8,1,1,0,0,0.001013699991744943,
gamma_0.8_456_345f4dca,gamma_0.8,train,593,456,easy,5,5,0.1,0.8,0.05,default,100,3.0,8,1,1,0,0,0.001026300000376068,
gamma_0.8_456_345f4dca,gamma_0.8,train,594,456,easy,5,5,0.1,0.8,0.05,default,100,1.0,10,1,1,0,0,0.0012526999926194549,
gamma_0.8_456_345f4dca,gamma_0.8,train,595,456,easy,5,5,0.1,0.8,0.05,default,100,3.0,8,1,1,0,0,0.001029300008667633,
gamma_0.8_456_345f4dca,gamma_0.8,train,596,456,easy,5,5,0.1,0.8,0.05,default,100,2.0,9,1,1,0,0,0.0011337999894749373,
gamma_0.8_456_345f4dca,gamma_0.8,train,597,456,easy,5,5,0.1,0.8,0.05,default,100,3.0,8,1,1,0,0,0.0011115999950561672,
gamma_0.8_456_345f4dca,gamma_0.8,train,598,456,easy,5,5,0.1,0.8,0.05,default,100,3.0,8,1,1,0,0,0.001011800006381236,
gamma_0.8_456_345f4dca,gamma_0.8,train,599,456,easy,5,5,0.1,0.8,0.05,default,100,3.0,8,1,1,0,0,0.0010923999943770468,
gamma_0.8_456_345f4dca,gamma_0.8,train,600,456,easy,5,5,0.1,0.8,0.05,default,100,3.0,8,1,1,0,0,0.0011079999967478216,results\gamma_comparison\gamma_0.8\seed_456\qtable_ep600.npz
gamma_0.8_456_345f4dca,gamma_0.8,train,601,456,easy,5,5,0.1,0.8,0.05,default,100,3.0,8,1,1,0,0,0.0011643999896477908,
gamma_0.8_456_345f4dca,gamma_0.8,train,602,456,easy,5,5,0.1,0.8,0.05,default,100,3.0,8,1,1,0,0,0.0010879000037675723,
gamma_0.8_456_345f4dca,gamma_0.8,train,603,456,easy,5,5,0.1,0.8,0.05,default,100,3.0,8,1,1,0,0,0.001099200002499856,
gamma_0.8_456_345f4dca,gamma_0.8,train,604,456,easy,5,5,0.1,0.8,0.05,default,100,1.0,10,1,1,0,0,0.0012617999891517684,
gamma_0.8_456_345f4dca,gamma_0.8,train,605,456,easy,5,5,0.1,0.8,0.05,default,100,2.0,9,1,1,0,0,0.001163499997346662,
gamma_0.8_456_345f4dca,gamma_0.8,train,606,456,easy,5,5,0.1,0.8,0.05,default,100,3.0,8,1,1,0,0,0.0010962999949697405,
gamma_0.8_456_345f4dca,gamma_0.8,train,607,456,easy,5,5,0.1,0.8,0.05,default,100,3.0,8,1,1,0,0,0.0010965999972540885,
gamma_0.8_456_345f4dca,gamma_0.8,train,608,456,easy,5,5,0.1,0.8,0.05,default,100,2.0,9,1,1,0,0,0.0011701000039465725,
gamma_0.8_456_345f4dca,gamma_0.8,train,609,456,easy,5,5,0.1,0.8,0.05,default,100,3.0,8,1,1,0,0,0.0010910999990301207,
gamma_0.8_456_345f4dca,gamma_0.8,train,610,456,easy,5,5,0.1,0.8,0.05,default,100,3.0,8,1,1,0,0,0.0010808999941218644,
gamma_0.8_456_345f4dca,gamma_0.8,train,611,456,easy,5,5,0.1,0.8,0.05,default,100,3.0,8,1,1,0,0,0.0010765000042738393,
gamma_0.8_456_345f4dca,gamma_0.8,train,612,456,easy,5,5,0.1,0.8,0.05,default,100,1.0,10,1,1,0,0,0.0012859999987995252,
gamma_0.8_456_345f4dca,gamma_0.8,train,613,456,easy,5,5,0.1,0.8,0.05,default,100,3.0,8,1,1,0,0,0.0011518999963300303,
gamma_0.8_456_345f4dca,gamma_0.8,train,614,456,easy,5,5,0.1,0.8,0.05,default,100,-17.0,8,0,1,0,1,0.000992799992673099,
gamma_0.8_456_345f4dca,gamma_0.8,train,615,456,easy,5,5,0.1,0.8,0.05,default,100,2.0,9,1,1,0,0,0.0011706000077538192,
gamma_0.8_456_345f4dca,gamma_0.8,train,616,456,easy,5,5,0.1,0.8,0.05,default,100,3.0,8,1,1,0,0,0.0010825000063050538,
gamma_0.8_456_345f4dca,gamma_0.8,train,617,456,easy,5,5,0.1,0.8,0.05,default,100,3.0,8,1,1,0,0,0.0010960000072373077,
gamma_0.8_456_345f4dca,gamma_0.8,train,618,456,easy,5,5,0.1,0.8,0.05,default,100,3.0,8,1,1,0,0,0.0010882000060519204,
gamma_0.8_456_345f4dca,gamma_0.8,train,619,456,easy,5,5,0.1,0.8,0.05,default,100,3.0,8,1,1,0,0,0.0010867999953916296,
gamma_0.8_456_345f4dca,gamma_0.8,train,620,456,easy,5,5,0.1,0.8,0.05,default,100,3.0,8,1,1,0,0,0.0010623999987728894,
gamma_0.8_456_345f4dca,gamma_0.8,train,621,456,easy,5,5,0.1,0.8,0.05,default,100,3.0,8,1,1,0,0,0.0011220000014873222,
gamma_0.8_456_345f4dca,gamma_0.8,train,622,456,easy,5,5,0.1,0.8,0.05,default,100,3.0,8,1,1,0,0,0.0010900000052060932,
gamma_0.8_456_345f4dca,gamma_0.8,train,623,456,easy,5,5,0.1,0.8,0.05,default,100,3.0,8,1,1,0,0,0.0010935000027529895,
gamma_0.8_456_345f4dca,gamma_0.8,train,624,456,easy,5,5,0.1,0.8,0.05,default,100,3.0,8,1,1,0,0,0.0010962999949697405,
gamma_0.8_456_345f4dca,gamma_0.8,train,625,456,easy,5,5,0.1,0.8,0.05,default,100,3.0,8,1,1,0,0,0.001073999999789521,
gamma_0.8_456_345f4dca,gamma_0.8,train,626,456,easy,5,5,0.1,0.8,0.05,default,100,3.0,8,1,1,0,0,0.0010901000059675425,
gamma_0.8_456_345f4dca,gamma_0.8,train,627,456,easy,5,5,0.1,0.8,0.05,default,100,3.0,8,1,1,0,0,0.00108380000165198,
gamma_0.8_456_345f4dca,gamma_0.8,train,628,456,easy,5,5,0.1,0.8,0.05,default,100,3.0,8,1,1,0,0,0.0010944999958155677,
gamma_0.8_456_345f4dca,gamma_0.8,train,629,456,easy,5,5,0.1,0.8,0.05,default,100,2.0,9,1,1,0,0,0.00114229999599047,
gamma_0.8_456_345f4dca,gamma_0.8,train,630,456,easy,5,5,0.1,0.8,0.05,default,100,3.0,8,1,1,0,0,0.0010938999912468717,
gamma_0.8_456_345f4dca,gamma_0.8,train,631,456,easy,5,5,0.1,0.8,0.05,default,100,2.0,9,1,1,0,0,0.0012843000004068017,
gamma_0.8_456_345f4dca,gamma_0.8,train,632,456,easy,5,5,0.1,0.8,0.05,default,100,3.0,8,1,1,0,0,0.0010944999958155677,
gamma_0.8_456_345f4dca,gamma_0.8,train,633,456,easy,5,5,0.1,0.8,0.05,default,100,3.0,8,1,1,0,0,0.00108380000165198,
gamma_0.8_456_345f4dca,gamma_0.8,train,634,456,easy,5,5,0.1,0.8,0.05,default,100,3.0,8,1,1,0,0,0.001072099999873899,
gamma_0.8_456_345f4dca,gamma_0.8,train,635,456,easy,5,5,0.1,0.8,0.05,default,100,3.0,8,1,1,0,0,0.0010885000083362684,
gamma_0.8_456_345f4dca,gamma_0.8,train,636,456,easy,5,5,0.1,0.8,0.05,default,100,3.0,8,1,1,0,0,0.0010784000041894615,
gamma_0.8_456_345f4dca,gamma_0.8,train,637,456,easy,5,5,0.1,0.8,0.05,default,100,3.0,8,1,1,0,0,0.0010901999921770766,
gamma_0.8_456_345f4dca,gamma_0.8,train,638,456,easy,5,5,0.1,0.8,0.05,default,100,2.0,9,1,1,0,0,0.001139800006058067,
gamma_0.8_456_345f4dca,gamma_0.8,train,639,456,easy,5,5,0.1,0.8,0.05,default,100,3.0,8,1,1,0,0,0.0010796999995363876,
gamma_0.8_456_345f4dca,gamma_0.8,train,640,456,easy,5,5,0.1,0.8,0.05,default,100,3.0,8,1,1,0,0,0.001060100010363385,
gamma_0.8_456_345f4dca,gamma_0.8,train,641,456,easy,5,5,0.1,0.8,0.05,default,100,-16.0,7,0,1,0,1,0.0009491000091657043,
gamma_0.8_456_345f4dca,gamma_0.8,train,642,456,easy,5,5,0.1,0.8,0.05,default,100,3.0,8,1,1,0,0,0.0010732000082498416,
gamma_0.8_456_345f4dca,gamma_0.8,train,643,456,easy,5,5,0.1,0.8,0.05,default,100,-17.0,8,0,1,0,1,0.0010003999923355877,
gamma_0.8_456_345f4dca,gamma_0.8,train,644,456,easy,5,5,0.1,0.8,0.05,default,100,3.0,8,1,1,0,0,0.0010346999915782362,
gamma_0.8_456_345f4dca,gamma_0.8,train,645,456,easy,5,5,0.1,0.8,0.05,default,100,3.0,8,1,1,0,0,0.0011000000085914508,
gamma_0.8_456_345f4dca,gamma_0.8,train,646,456,easy,5,5,0.1,0.8,0.05,default,100,3.0,8,1,1,0,0,0.0010814999986905605,
gamma_0.8_456_345f4dca,gamma_0.8,train,647,456,easy,5,5,0.1,0.8,0.05,default,100,3.0,8,1,1,0,0,0.001044199991156347,
gamma_0.8_456_345f4dca,gamma_0.8,train,648,456,easy,5,5,0.1,0.8,0.05,default,100,3.0,8,1,1,0,0,0.0010808000079123303,
gamma_0.8_456_345f4dca,gamma_0.8,train,649,456,easy,5,5,0.1,0.8,0.05,default,100,3.0,8,1,1,0,0,0.0010461000056238845,
gamma_0.8_456_345f4dca,gamma_0.8,train,650,456,easy,5,5,0.1,0.8,0.05,default,100,3.0,8,1,1,0,0,0.0010349999938625842,
gamma_0.8_456_345f4dca,gamma_0.8,train,651,456,easy,5,5,0.1,0.8,0.05,default,100,3.0,8,1,1,0,0,0.0010612000041874126,
gamma_0.8_456_345f4dca,gamma_0.8,train,652,456,easy,5,5,0.1,0.8,0.05,default,100,1.0,10,1,1,0,0,0.0012640000059036538,
gamma_0.8_456_345f4dca,gamma_0.8,train,653,456,easy,5,5,0.1,0.8,0.05,default,100,3.0,8,1,1,0,0,0.001059200003510341,
gamma_0.8_456_345f4dca,gamma_0.8,train,654,456,easy,5,5,0.1,0.8,0.05,default,100,3.0,8,1,1,0,0,0.0010963999957311898,
gamma_0.8_456_345f4dca,gamma_0.8,train,655,456,easy,5,5,0.1,0.8,0.05,default,100,3.0,8,1,1,0,0,0.00105640001129359,
gamma_0.8_456_345f4dca,gamma_0.8,train,656,456,easy,5,5,0.1,0.8,0.05,default,100,3.0,8,1,1,0,0,0.001070600003004074,
gamma_0.8_456_345f4dca,gamma_0.8,train,657,456,easy,5,5,0.1,0.8,0.05,default,100,3.0,8,1,1,0,0,0.0010771999950520694,
gamma_0.8_456_345f4dca,gamma_0.8,train,658,456,easy,5,5,0.1,0.8,0.05,default,100,3.0,8,1,1,0,0,0.0010638999956427142,
gamma_0.8_456_345f4dca,gamma_0.8,train,659,456,easy,5,5,0.1,0.8,0.05,default,100,3.0,8,1,1,0,0,0.001102200010791421,
gamma_0.8_456_345f4dca,gamma_0.8,train,660,456,easy,5,5,0.1,0.8,0.05,default,100,3.0,8,1,1,0,0,0.0010620999964885414,
gamma_0.8_456_345f4dca,gamma_0.8,train,661,456,easy,5,5,0.1,0.8,0.05,default,100,3.0,8,1,1,0,0,0.001110600001993589,
gamma_0.8_456_345f4dca,gamma_0.8,train,662,456,easy,5,5,0.1,0.8,0.05,default,100,3.0,8,1,1,0,0,0.0010756000119727105,
gamma_0.8_456_345f4dca,gamma_0.8,train,663,456,easy,5,5,0.1,0.8,0.05,default,100,3.0,8,1,1,0,0,0.0010857999877771363,
gamma_0.8_456_345f4dca,gamma_0.8,train,664,456,easy,5,5,0.1,0.8,0.05,default,100,3.0,8,1,1,0,0,0.001072700004442595,
gamma_0.8_456_345f4dca,gamma_0.8,train,665,456,easy,5,5,0.1,0.8,0.05,default,100,3.0,8,1,1,0,0,0.001101600006222725,
gamma_0.8_456_345f4dca,gamma_0.8,train,666,456,easy,5,5,0.1,0.8,0.05,default,100,3.0,8,1,1,0,0,0.0010660999978426844,
gamma_0.8_456_345f4dca,gamma_0.8,train,667,456,easy,5,5,0.1,0.8,0.05,default,100,1.0,10,1,1,0,0,0.001306299993302673,
gamma_0.8_456_345f4dca,gamma_0.8,train,668,456,easy,5,5,0.1,0.8,0.05,default,100,3.0,8,1,1,0,0,0.0011356000031810254,
gamma_0.8_456_345f4dca,gamma_0.8,train,669,456,easy,5,5,0.1,0.8,0.05,default,100,3.0,8,1,1,0,0,0.0010342000023229048,
gamma_0.8_456_345f4dca,gamma_0.8,train,670,456,easy,5,5,0.1,0.8,0.05,default,100,2.0,9,1,1,0,0,0.0011178999993717298,
gamma_0.8_456_345f4dca,gamma_0.8,train,671,456,easy,5,5,0.1,0.8,0.05,default,100,3.0,8,1,1,0,0,0.0010642999986885116,
gamma_0.8_456_345f4dca,gamma_0.8,train,672,456,easy,5,5,0.1,0.8,0.05,default,100,3.0,8,1,1,0,0,0.0010993000032613054,
gamma_0.8_456_345f4dca,gamma_0.8,train,673,456,easy,5,5,0.1,0.8,0.05,default,100,3.0,8,1,1,0,0,0.0010728000052040443,
gamma_0.8_456_345f4dca,gamma_0.8,train,674,456,easy,5,5,0.1,0.8,0.05,default,100,3.0,8,1,1,0,0,0.0010819000017363578,
gamma_0.8_456_345f4dca,gamma_0.8,train,675,456,easy,5,5,0.1,0.8,0.05,default,100,3.0,8,1,1,0,0,0.0010578999936114997,
gamma_0.8_456_345f4dca,gamma_0.8,train,676,456,easy,5,5,0.1,0.8,0.05,default,100,3.0,8,1,1,0,0,0.001071799997589551,
gamma_0.8_456_345f4dca,gamma_0.8,train,677,456,easy,5,5,0.1,0.8,0.05,default,100,3.0,8,1,1,0,0,0.0010353999969083816,
gamma_0.8_456_345f4dca,gamma_0.8,train,678,456,easy,5,5,0.1,0.8,0.05,default,100,3.0,8,1,1,0,0,0.001037099995301105,
gamma_0.8_456_345f4dca,gamma_0.8,train,679,456,easy,5,5,0.1,0.8,0.05,default,100,-15.0,6,0,1,0,1,0.0007477999897673726,
gamma_0.8_456_345f4dca,gamma_0.8,train,680,456,easy,5,5,0.1,0.8,0.05,default,100,3.0,8,1,1,0,0,0.0010957000049529597,
gamma_0.8_456_345f4dca,gamma_0.8,train,681,456,easy,5,5,0.1,0.8,0.05,default,100,2.0,9,1,1,0,0,0.0011851000017486513,
gamma_0.8_456_345f4dca,gamma_0.8,train,682,456,easy,5,5,0.1,0.8,0.05,default,100,2.0,9,1,1,0,0,0.0011515000078361481,
gamma_0.8_456_345f4dca,gamma_0.8,train,683,456,easy,5,5,0.1,0.8,0.05,default,100,3.0,8,1,1,0,0,0.0010928999981842935,
gamma_0.8_456_345f4dca,gamma_0.8,train,684,456,easy,5,5,0.1,0.8,0.05,default,100,3.0,8,1,1,0,0,0.0010609999881125987,
gamma_0.8_456_345f4dca,gamma_0.8,train,685,456,easy,5,5,0.1,0.8,0.05,default,100,3.0,8,1,1,0,0,0.0010752000089269131,
gamma_0.8_456_345f4dca,gamma_0.8,train,686,456,easy,5,5,0.1,0.8,0.05,default,100,1.0,10,1,1,0,0,0.0012896999978693202,
gamma_0.8_456_345f4dca,gamma_0.8,train,687,456,easy,5,5,0.1,0.8,0.05,default,100,3.0,8,1,1,0,0,0.0010978000063914806,
gamma_0.8_456_345f4dca,gamma_0.8,train,688,456,easy,5,5,0.1,0.8,0.05,default,100,3.0,8,1,1,0,0,0.0010620999964885414,
gamma_0.8_456_345f4dca,gamma_0.8,train,689,456,easy,5,5,0.1,0.8,0.05,default,100,3.0,8,1,1,0,0,0.0010817000002134591,
gamma_0.8_456_345f4dca,gamma_0.8,train,690,456,easy,5,5,0.1,0.8,0.05,default,100,3.0,8,1,1,0,0,0.001092400008928962,
gamma_0.8_456_345f4dca,gamma_0.8,train,691,456,easy,5,5,0.1,0.8,0.05,default,100,2.0,9,1,1,0,0,0.001095500003430061,
gamma_0.8_456_345f4dca,gamma_0.8,train,692,456,easy,5,5,0.1,0.8,0.05,default,100,3.0,8,1,1,0,0,0.0010312999947927892,
gamma_0.8_456_345f4dca,gamma_0.8,train,693,456,easy,5,5,0.1,0.8,0.05,default,100,2.0,9,1,1,0,0,0.0011337000032654032,
gamma_0.8_456_345f4dca,gamma_0.8,train,694,456,easy,5,5,0.1,0.8,0.05,default,100,3.0,8,1,1,0,0,0.0010710000060498714,
gamma_0.8_456_345f4dca,gamma_0.8,train,695,456,easy,5,5,0.1,0.8,0.05,default,100,3.0,8,1,1,0,0,0.0010501999931875616,
gamma_0.8_456_345f4dca,gamma_0.8,train,696,456,easy,5,5,0.1,0.8,0.05,default,100,3.0,8,1,1,0,0,0.0010697000107029453,
gamma_0.8_456_345f4dca,gamma_0.8,train,697,456,easy,5,5,0.1,0.8,0.05,default,100,3.0,8,1,1,0,0,0.0010698999976739287,
gamma_0.8_456_345f4dca,gamma_0.8,train,698,456,easy,5,5,0.1,0.8,0.05,default,100,1.0,10,1,1,0,0,0.0012611999991349876,
gamma_0.8_456_345f4dca,gamma_0.8,train,699,456,easy,5,5,0.1,0.8,0.05,default,100,3.0,8,1,1,0,0,0.001136100006988272,
gamma_0.8_456_345f4dca,gamma_0.8,train,700,456,easy,5,5,0.1,0.8,0.05,default,100,3.0,8,1,1,0,0,0.0011060000106226653,
gamma_0.8_456_345f4dca,gamma_0.8,train,701,456,easy,5,5,0.1,0.8,0.05,default,100,3.0,8,1,1,0,0,0.0011097999959019944,
gamma_0.8_456_345f4dca,gamma_0.8,train,702,456,easy,5,5,0.1,0.8,0.05,default,100,3.0,8,1,1,0,0,0.0010628000018186867,
gamma_0.8_456_345f4dca,gamma_0.8,train,703,456,easy,5,5,0.1,0.8,0.05,default,100,3.0,8,1,1,0,0,0.001080199988791719,
gamma_0.8_456_345f4dca,gamma_0.8,train,704,456,easy,5,5,0.1,0.8,0.05,default,100,1.0,10,1,1,0,0,0.0013159999944036826,
gamma_0.8_456_345f4dca,gamma_0.8,train,705,456,easy,5,5,0.1,0.8,0.05,default,100,3.0,8,1,1,0,0,0.0010845999931916595,
gamma_0.8_456_345f4dca,gamma_0.8,train,706,456,easy,5,5,0.1,0.8,0.05,default,100,1.0,10,1,1,0,0,0.0012641000066651031,
gamma_0.8_456_345f4dca,gamma_0.8,train,707,456,easy,5,5,0.1,0.8,0.05,default,100,3.0,8,1,1,0,0,0.0010789000079967082,
gamma_0.8_456_345f4dca,gamma_0.8,train,708,456,easy,5,5,0.1,0.8,0.05,default,100,3.0,8,1,1,0,0,0.0010447999957250431,
gamma_0.8_456_345f4dca,gamma_0.8,train,709,456,easy,5,5,0.1,0.8,0.05,default,100,3.0,8,1,1,0,0,0.0010631000041030347,
gamma_0.8_456_345f4dca,gamma_0.8,train,710,456,easy,5,5,0.1,0.8,0.05,default,100,3.0,8,1,1,0,0,0.0010781000019051135,
gamma_0.8_456_345f4dca,gamma_0.8,train,711,456,easy,5,5,0.1,0.8,0.05,default,100,-14.0,5,0,1,0,1,0.0006717000069329515,
gamma_0.8_456_345f4dca,gamma_0.8,train,712,456,easy,5,5,0.1,0.8,0.05,default,100,1.0,10,1,1,0,0,0.0012698999926215038,
gamma_0.8_456_345f4dca,gamma_0.8,train,713,456,easy,5,5,0.1,0.8,0.05,default,100,3.0,8,1,1,0,0,0.0010612000041874126,
gamma_0.8_456_345f4dca,gamma_0.8,train,714,456,easy,5,5,0.1,0.8,0.05,default,100,1.0,10,1,1,0,0,0.0012226999970152974,
gamma_0.8_456_345f4dca,gamma_0.8,train,715,456,easy,5,5,0.1,0.8,0.05,default,100,3.0,8,1,1,0,0,0.001061099988874048,
gamma_0.8_456_345f4dca,gamma_0.8,train,716,456,easy,5,5,0.1,0.8,0.05,default,100,3.0,8,1,1,0,0,0.0010734999959822744,
gamma_0.8_456_345f4dca,gamma_0.8,train,717,456,easy,5,5,0.1,0.8,0.05,default,100,3.0,8,1,1,0,0,0.0011221000022487715,
gamma_0.8_456_345f4dca,gamma_0.8,train,718,456,easy,5,5,0.1,0.8,0.05,default,100,3.0,8,1,1,0,0,0.0011008999863406643,
gamma_0.8_456_345f4dca,gamma_0.8,train,719,456,easy,5,5,0.1,0.8,0.05,default,100,3.0,8,1,1,0,0,0.001069099991582334,
gamma_0.8_456_345f4dca,gamma_0.8,train,720,456,easy,5,5,0.1,0.8,0.05,default,100,3.0,8,1,1,0,0,0.0011322000063955784,
gamma_0.8_456_345f4dca,gamma_0.8,train,721,456,easy,5,5,0.1,0.8,0.05,default,100,3.0,8,1,1,0,0,0.0011055999930249527,
gamma_0.8_456_345f4dca,gamma_0.8,train,722,456,easy,5,5,0.1,0.8,0.05,default,100,3.0,8,1,1,0,0,0.0010980999941239133,
gamma_0.8_456_345f4dca,gamma_0.8,train,723,456,easy,5,5,0.1,0.8,0.05,default,100,3.0,8,1,1,0,0,0.0010888000106206164,
gamma_0.8_456_345f4dca,gamma_0.8,train,724,456,easy,5,5,0.1,0.8,0.05,default,100,3.0,8,1,1,0,0,0.0010611000034259632,
gamma_0.8_456_345f4dca,gamma_0.8,train,725,456,easy,5,5,0.1,0.8,0.05,default,100,3.0,8,1,1,0,0,0.00107640000351239,
gamma_0.8_456_345f4dca,gamma_0.8,train,726,456,easy,5,5,0.1,0.8,0.05,default,100,3.0,8,1,1,0,0,0.001059800008079037,
gamma_0.8_456_345f4dca,gamma_0.8,train,727,456,easy,5,5,0.1,0.8,0.05,default,100,3.0,8,1,1,0,0,0.0010901999921770766,
gamma_0.8_456_345f4dca,gamma_0.8,train,728,456,easy,5,5,0.1,0.8,0.05,default,100,3.0,8,1,1,0,0,0.0010621000110404566,
gamma_0.8_456_345f4dca,gamma_0.8,train,729,456,easy,5,5,0.1,0.8,0.05,default,100,3.0,8,1,1,0,0,0.001087500000721775,
gamma_0.8_456_345f4dca,gamma_0.8,train,730,456,easy,5,5,0.1,0.8,0.05,default,100,3.0,8,1,1,0,0,0.0010614999919198453,
gamma_0.8_456_345f4dca,gamma_0.8,train,731,456,easy,5,5,0.1,0.8,0.05,default,100,3.0,8,1,1,0,0,0.0010791000095196068,
gamma_0.8_456_345f4dca,gamma_0.8,train,732,456,easy,5,5,0.1,0.8,0.05,default,100,3.0,8,1,1,0,0,0.0010752999951364473,
gamma_0.8_456_345f4dca,gamma_0.8,train,733,456,easy,5,5,0.1,0.8,0.05,default,100,-14.0,5,0,1,0,1,0.0006296000065049157,
gamma_0.8_456_345f4dca,gamma_0.8,train,734,456,easy,5,5,0.1,0.8,0.05,default,100,3.0,8,1,1,0,0,0.001054599997587502,
gamma_0.8_456_345f4dca,gamma_0.8,train,735,456,easy,5,5,0.1,0.8,0.05,default,100,3.0,8,1,1,0,0,0.001072400002158247,
gamma_0.8_456_345f4dca,gamma_0.8,train,736,456,easy,5,5,0.1,0.8,0.05,default,100,3.0,8,1,1,0,0,0.001080700007150881,
gamma_0.8_456_345f4dca,gamma_0.8,train,737,456,easy,5,5,0.1,0.8,0.05,default,100,3.0,8,1,1,0,0,0.001086599993868731,
gamma_0.8_456_345f4dca,gamma_0.8,train,738,456,easy,5,5,0.1,0.8,0.05,default,100,3.0,8,1,1,0,0,0.0010750000074040145,
gamma_0.8_456_345f4dca,gamma_0.8,train,739,456,easy,5,5,0.1,0.8,0.05,default,100,2.0,9,1,1,0,0,0.001130899996496737,
gamma_0.8_456_345f4dca,gamma_0.8,train,740,456,easy,5,5,0.1,0.8,0.05,default,100,1.0,10,1,1,0,0,0.0013318999990588054,
gamma_0.8_456_345f4dca,gamma_0.8,train,741,456,easy,5,5,0.1,0.8,0.05,default,100,3.0,8,1,1,0,0,0.0011534999939613044,
gamma_0.8_456_345f4dca,gamma_0.8,train,742,456,easy,5,5,0.1,0.8,0.05,default,100,-4.0,15,1,1,0,0,0.001756600002408959,
gamma_0.8_456_345f4dca,gamma_0.8,train,743,456,easy,5,5,0.1,0.8,0.05,default,100,2.0,9,1,1,0,0,0.0011741000053007156,
gamma_0.8_456_345f4dca,gamma_0.8,train,744,456,easy,5,5,0.1,0.8,0.05,default,100,3.0,8,1,1,0,0,0.0010562000097706914,
gamma_0.8_456_345f4dca,gamma_0.8,train,745,456,easy,5,5,0.1,0.8,0.05,default,100,1.0,10,1,1,0,0,0.0012581000046338886,
gamma_0.8_456_345f4dca,gamma_0.8,train,746,456,easy,5,5,0.1,0.8,0.05,default,100,3.0,8,1,1,0,0,0.0010844999924302101,
gamma_0.8_456_345f4dca,gamma_0.8,train,747,456,easy,5,5,0.1,0.8,0.05,default,100,3.0,8,1,1,0,0,0.0010811000101966783,
gamma_0.8_456_345f4dca,gamma_0.8,train,748,456,easy,5,5,0.1,0.8,0.05,default,100,3.0,8,1,1,0,0,0.0010879999899771065,
gamma_0.8_456_345f4dca,gamma_0.8,train,749,456,easy,5,5,0.1,0.8,0.05,default,100,3.0,8,1,1,0,0,0.0011310999980196357,
gamma_0.8_456_345f4dca,gamma_0.8,train,750,456,easy,5,5,0.1,0.8,0.05,default,100,0.0,11,1,1,0,0,0.0013461999915307388,
gamma_0.8_456_345f4dca,gamma_0.8,train,751,456,easy,5,5,0.1,0.8,0.05,default,100,1.0,10,1,1,0,0,0.0012435999960871413,
gamma_0.8_456_345f4dca,gamma_0.8,train,752,456,easy,5,5,0.1,0.8,0.05,default,100,3.0,8,1,1,0,0,0.0010792999964905903,
gamma_0.8_456_345f4dca,gamma_0.8,train,753,456,easy,5,5,0.1,0.8,0.05,default,100,3.0,8,1,1,0,0,0.0010972000018227845,
gamma_0.8_456_345f4dca,gamma_0.8,train,754,456,easy,5,5,0.1,0.8,0.05,default,100,3.0,8,1,1,0,0,0.0010615000064717606,
gamma_0.8_456_345f4dca,gamma_0.8,train,755,456,easy,5,5,0.1,0.8,0.05,default,100,3.0,8,1,1,0,0,0.0010881999915000051,
gamma_0.8_456_345f4dca,gamma_0.8,train,756,456,easy,5,5,0.1,0.8,0.05,default,100,3.0,8,1,1,0,0,0.0010089000134030357,
gamma_0.8_456_345f4dca,gamma_0.8,train,757,456,easy,5,5,0.1,0.8,0.05,default,100,3.0,8,1,1,0,0,0.0010799000010592863,
gamma_0.8_456_345f4dca,gamma_0.8,train,758,456,easy,5,5,0.1,0.8,0.05,default,100,3.0,8,1,1,0,0,0.0010897000029217452,
gamma_0.8_456_345f4dca,gamma_0.8,train,759,456,easy,5,5,0.1,0.8,0.05,default,100,3.0,8,1,1,0,0,0.001112400001147762,
gamma_0.8_456_345f4dca,gamma_0.8,train,760,456,easy,5,5,0.1,0.8,0.05,default,100,3.0,8,1,1,0,0,0.0010786000057123601,
gamma_0.8_456_345f4dca,gamma_0.8,train,761,456,easy,5,5,0.1,0.8,0.05,default,100,3.0,8,1,1,0,0,0.0010955999896395952,
gamma_0.8_456_345f4dca,gamma_0.8,train,762,456,easy,5,5,0.1,0.8,0.05,default,100,3.0,8,1,1,0,0,0.0010904999944614246,
gamma_0.8_456_345f4dca,gamma_0.8,train,763,456,easy,5,5,0.1,0.8,0.05,default,100,3.0,8,1,1,0,0,0.0010930999997071922,
gamma_0.8_456_345f4dca,gamma_0.8,train,764,456,easy,5,5,0.1,0.8,0.05,default,100,3.0,8,1,1,0,0,0.001087800003006123,
gamma_0.8_456_345f4dca,gamma_0.8,train,765,456,easy,5,5,0.1,0.8,0.05,default,100,3.0,8,1,1,0,0,0.001068700003088452,
gamma_0.8_456_345f4dca,gamma_0.8,train,766,456,easy,5,5,0.1,0.8,0.05,default,100,1.0,10,1,1,0,0,0.0012210999993840232,
gamma_0.8_456_345f4dca,gamma_0.8,train,767,456,easy,5,5,0.1,0.8,0.05,default,100,3.0,8,1,1,0,0,0.0010933000012300909,
gamma_0.8_456_345f4dca,gamma_0.8,train,768,456,easy,5,5,0.1,0.8,0.05,default,100,3.0,8,1,1,0,0,0.0010926999966613948,
gamma_0.8_456_345f4dca,gamma_0.8,train,769,456,easy,5,5,0.1,0.8,0.05,default,100,2.0,9,1,1,0,0,0.0011541999992914498,
gamma_0.8_456_345f4dca,gamma_0.8,train,770,456,easy,5,5,0.1,0.8,0.05,default,100,3.0,8,1,1,0,0,0.001069900012225844,
gamma_0.8_456_345f4dca,gamma_0.8,train,771,456,easy,5,5,0.1,0.8,0.05,default,100,2.0,9,1,1,0,0,0.001177300000563264,
gamma_0.8_456_345f4dca,gamma_0.8,train,772,456,easy,5,5,0.1,0.8,0.05,default,100,3.0,8,1,1,0,0,0.0010664000001270324,
gamma_0.8_456_345f4dca,gamma_0.8,train,773,456,easy,5,5,0.1,0.8,0.05,default,100,3.0,8,1,1,0,0,0.0010799000010592863,
gamma_0.8_456_345f4dca,gamma_0.8,train,774,456,easy,5,5,0.1,0.8,0.05,default,100,3.0,8,1,1,0,0,0.0010900999914156273,
gamma_0.8_456_345f4dca,gamma_0.8,train,775,456,easy,5,5,0.1,0.8,0.05,default,100,3.0,8,1,1,0,0,0.0010901000059675425,
gamma_0.8_456_345f4dca,gamma_0.8,train,776,456,easy,5,5,0.1,0.8,0.05,default,100,3.0,8,1,1,0,0,0.0010360000014770776,
gamma_0.8_456_345f4dca,gamma_0.8,train,777,456,easy,5,5,0.1,0.8,0.05,default,100,-16.0,7,0,1,0,1,0.0008819999929983169,
gamma_0.8_456_345f4dca,gamma_0.8,train,778,456,easy,5,5,0.1,0.8,0.05,default,100,3.0,8,1,1,0,0,0.0011182000016560778,
gamma_0.8_456_345f4dca,gamma_0.8,train,779,456,easy,5,5,0.1,0.8,0.05,default,100,3.0,8,1,1,0,0,0.0010954000026686117,
gamma_0.8_456_345f4dca,gamma_0.8,train,780,456,easy,5,5,0.1,0.8,0.05,default,100,3.0,8,1,1,0,0,0.001091500002075918,
gamma_0.8_456_345f4dca,gamma_0.8,train,781,456,easy,5,5,0.1,0.8,0.05,default,100,1.0,10,1,1,0,0,0.0012830999912694097,
gamma_0.8_456_345f4dca,gamma_0.8,train,782,456,easy,5,5,0.1,0.8,0.05,default,100,3.0,8,1,1,0,0,0.0010929999989457428,
gamma_0.8_456_345f4dca,gamma_0.8,train,783,456,easy,5,5,0.1,0.8,0.05,default,100,1.0,10,1,1,0,0,0.0012504000042099506,
gamma_0.8_456_345f4dca,gamma_0.8,train,784,456,easy,5,5,0.1,0.8,0.05,default,100,3.0,8,1,1,0,0,0.001079499998013489,
gamma_0.8_456_345f4dca,gamma_0.8,train,785,456,easy,5,5,0.1,0.8,0.05,default,100,3.0,8,1,1,0,0,0.0011024999985238537,
gamma_0.8_456_345f4dca,gamma_0.8,train,786,456,easy,5,5,0.1,0.8,0.05,default,100,2.0,9,1,1,0,0,0.0011391000007279217,
gamma_0.8_456_345f4dca,gamma_0.8,train,787,456,easy,5,5,0.1,0.8,0.05,default,100,3.0,8,1,1,0,0,0.0010808000079123303,
gamma_0.8_456_345f4dca,gamma_0.8,train,788,456,easy,5,5,0.1,0.8,0.05,default,100,3.0,8,1,1,0,0,0.0010214999929303303,
gamma_0.8_456_345f4dca,gamma_0.8,train,789,456,easy,5,5,0.1,0.8,0.05,default,100,3.0,8,1,1,0,0,0.0011789999989559874,
gamma_0.8_456_345f4dca,gamma_0.8,train,790,456,easy,5,5,0.1,0.8,0.05,default,100,3.0,8,1,1,0,0,0.0010869999969145283,
gamma_0.8_456_345f4dca,gamma_0.8,train,791,456,easy,5,5,0.1,0.8,0.05,default,100,3.0,8,1,1,0,0,0.0011356000031810254,
gamma_0.8_456_345f4dca,gamma_0.8,train,792,456,easy,5,5,0.1,0.8,0.05,default,100,3.0,8,1,1,0,0,0.0010603999980958179,
gamma_0.8_456_345f4dca,gamma_0.8,train,793,456,easy,5,5,0.1,0.8,0.05,default,100,3.0,8,1,1,0,0,0.0010789999942062423,
gamma_0.8_456_345f4dca,gamma_0.8,train,794,456,easy,5,5,0.1,0.8,0.05,default,100,2.0,9,1,1,0,0,0.0011628000065684319,
gamma_0.8_456_345f4dca,gamma_0.8,train,795,456,easy,5,5,0.1,0.8,0.05,default,100,3.0,8,1,1,0,0,0.001098900000215508,
gamma_0.8_456_345f4dca,gamma_0.8,train,796,456,easy,5,5,0.1,0.8,0.05,default,100,3.0,8,1,1,0,0,0.001047199999447912,
gamma_0.8_456_345f4dca,gamma_0.8,train,797,456,easy,5,5,0.1,0.8,0.05,default,100,3.0,8,1,1,0,0,0.001076499989721924,
gamma_0.8_456_345f4dca,gamma_0.8,train,798,456,easy,5,5,0.1,0.8,0.05,default,100,3.0,8,1,1,0,0,0.0010473000002093613,
gamma_0.8_456_345f4dca,gamma_0.8,train,799,456,easy,5,5,0.1,0.8,0.05,default,100,3.0,8,1,1,0,0,0.0010819000017363578,
gamma_0.8_456_345f4dca,gamma_0.8,train,800,456,easy,5,5,0.1,0.8,0.05,default,100,3.0,8,1,1,0,0,0.0010880999907385558,results\gamma_comparison\gamma_0.8\seed_456\qtable_ep800.npz
gamma_0.8_456_345f4dca,gamma_0.8,eval,1,456,easy,5,5,0.1,0.8,0.0,default,100,-100.0,100,0,0,1,0,,
gamma_0.8_456_345f4dca,gamma_0.8,eval,2,456,easy,5,5,0.1,0.8,0.0,default,100,-100.0,100,0,0,1,0,,
gamma_0.8_456_345f4dca,gamma_0.8,eval,3,456,easy,5,5,0.1,0.8,0.0,default,100,-100.0,100,0,0,1,0,,
gamma_0.8_456_345f4dca,gamma_0.8,eval,4,456,easy,5,5,0.1,0.8,0.0,default,100,-100.0,100,0,0,1,0,,
gamma_0.8_456_345f4dca,gamma_0.8,eval,5,456,easy,5,5,0.1,0.8,0.0,default,100,-100.0,100,0,0,1,0,,
gamma_0.8_456_345f4dca,gamma_0.8,eval,6,456,easy,5,5,0.1,0.8,0.0,default,100,-100.0,100,0,0,1,0,,
gamma_0.8_456_345f4dca,gamma_0.8,eval,7,456,easy,5,5,0.1,0.8,0.0,default,100,-100.0,100,0,0,1,0,,
gamma_0.8_456_345f4dca,gamma_0.8,eval,8,456,easy,5,5,0.1,0.8,0.0,default,100,-100.0,100,0,0,1,0,,
gamma_0.8_456_345f4dca,gamma_0.8,eval,9,456,easy,5,5,0.1,0.8,0.0,default,100,-100.0,100,0,0,1,0,,
gamma_0.8_456_345f4dca,gamma_0.8,eval,10,456,easy,5,5,0.1,0.8,0.0,default,100,-100.0,100,0,0,1,0,,
gamma_0.8_456_345f4dca,gamma_0.8,eval,1,456,easy,5,5,0.1,0.8,0.0,default,100,-100.0,100,0,0,1,0,,
gamma_0.8_456_345f4dca,gamma_0.8,eval,2,456,easy,5,5,0.1,0.8,0.0,default,100,-100.0,100,0,0,1,0,,
gamma_0.8_456_345f4dca,gamma_0.8,eval,3,456,easy,5,5,0.1,0.8,0.0,default,100,-100.0,100,0,0,1,0,,
gamma_0.8_456_345f4dca,gamma_0.8,eval,4,456,easy,5,5,0.1,0.8,0.0,default,100,-100.0,100,0,0,1,0,,
gamma_0.8_456_345f4dca,gamma_0.8,eval,5,456,easy,5,5,0.1,0.8,0.0,default,100,-100.0,100,0,0,1,0,,
gamma_0.8_456_345f4dca,gamma_0.8,eval,6,456,easy,5,5,0.1,0.8,0.0,default,100,-100.0,100,0,0,1,0,,
gamma_0.8_456_345f4dca,gamma_0.8,eval,7,456,easy,5,5,0.1,0.8,0.0,default,100,-100.0,100,0,0,1,0,,
gamma_0.8_456_345f4dca,gamma_0.8,eval,8,456,easy,5,5,0.1,0.8,0.0,default,100,-100.0,100,0,0,1,0,,
gamma_0.8_456_345f4dca,gamma_0.8,eval,9,456,easy,5,5,0.1,0.8,0.0,default,100,-100.0,100,0,0,1,0,,
gamma_0.8_456_345f4dca,gamma_0.8,eval,10,456,easy,5,5,0.1,0.8,0.0,default,100,-100.0,100,0,0,1,0,,
gamma_0.8_456_345f4dca,gamma_0.8,eval,1,456,easy,5,5,0.1,0.8,0.0,default,100,-100.0,100,0,0,1,0,,
gamma_0.8_456_345f4dca,gamma_0.8,eval,2,456,easy,5,5,0.1,0.8,0.0,default,100,-100.0,100,0,0,1,0,,
gamma_0.8_456_345f4dca,gamma_0.8,eval,3,456,easy,5,5,0.1,0.8,0.0,default,100,-100.0,100,0,0,1,0,,
gamma_0.8_456_345f4dca,gamma_0.8,eval,4,456,easy,5,5,0.1,0.8,0.0,default,100,-100.0,100,0,0,1,0,,
gamma_0.8_456_345f4dca,gamma_0.8,eval,5,456,easy,5,5,0.1,0.8,0.0,default,100,-100.0,100,0,0,1,0,,
gamma_0.8_456_345f4dca,gamma_0.8,eval,6,456,easy,5,5,0.1,0.8,0.0,default,100,-100.0,100,0,0,1,0,,
gamma_0.8_456_345f4dca,gamma_0.8,eval,7,456,easy,5,5,0.1,0.8,0.0,default,100,-100.0,100,0,0,1,0,,
gamma_0.8_456_345f4dca,gamma_0.8,eval,8,456,easy,5,5,0.1,0.8,0.0,default,100,-100.0,100,0,0,1,0,,
gamma_0.8_456_345f4dca,gamma_0.8,eval,9,456,easy,5,5,0.1,0.8,0.0,default,100,-100.0,100,0,0,1,0,,
gamma_0.8_456_345f4dca,gamma_0.8,eval,10,456,easy,5,5,0.1,0.8,0.0,default,100,-100.0,100,0,0,1,0,,
gamma_0.8_456_345f4dca,gamma_0.8,eval,1,456,easy,5,5,0.1,0.8,0.0,default,100,3.0,8,1,1,0,0,,
gamma_0.8_456_345f4dca,gamma_0.8,eval,2,456,easy,5,5,0.1,0.8,0.0,default,100,3.0,8,1,1,0,0,,
gamma_0.8_456_345f4dca,gamma_0.8,eval,3,456,easy,5,5,0.1,0.8,0.0,default,100,3.0,8,1,1,0,0,,
gamma_0.8_456_345f4dca,gamma_0.8,eval,4,456,easy,5,5,0.1,0.8,0.0,default,100,3.0,8,1,1,0,0,,
gamma_0.8_456_345f4dca,gamma_0.8,eval,5,456,easy,5,5,0.1,0.8,0.0,default,100,3.0,8,1,1,0,0,,
gamma_0.8_456_345f4dca,gamma_0.8,eval,6,456,easy,5,5,0.1,0.8,0.0,default,100,3.0,8,1,1,0,0,,
gamma_0.8_456_345f4dca,gamma_0.8,eval,7,456,easy,5,5,0.1,0.8,0.0,default,100,3.0,8,1,1,0,0,,
gamma_0.8_456_345f4dca,gamma_0.8,eval,8,456,easy,5,5,0.1,0.8,0.0,default,100,3.0,8,1,1,0,0,,
gamma_0.8_456_345f4dca,gamma_0.8,eval,9,456,easy,5,5,0.1,0.8,0.0,default,100,3.0,8,1,1,0,0,,
gamma_0.8_456_345f4dca,gamma_0.8,eval,10,456,easy,5,5,0.1,0.8,0.0,default,100,3.0,8,1,1,0,0,,
gamma_0.8_456_345f4dca,gamma_0.8,eval,1,456,easy,5,5,0.1,0.8,0.0,default,100,3.0,8,1,1,0,0,,
gamma_0.8_456_345f4dca,gamma_0.8,eval,2,456,easy,5,5,0.1,0.8,0.0,default,100,3.0,8,1,1,0,0,,
gamma_0.8_456_345f4dca,gamma_0.8,eval,3,456,easy,5,5,0.1,0.8,0.0,default,100,3.0,8,1,1,0,0,,
gamma_0.8_456_345f4dca,gamma_0.8,eval,4,456,easy,5,5,0.1,0.8,0.0,default,100,3.0,8,1,1,0,0,,
gamma_0.8_456_345f4dca,gamma_0.8,eval,5,456,easy,5,5,0.1,0.8,0.0,default,100,3.0,8,1,1,0,0,,
gamma_0.8_456_345f4dca,gamma_0.8,eval,6,456,easy,5,5,0.1,0.8,0.0,default,100,3.0,8,1,1,0,0,,
gamma_0.8_456_345f4dca,gamma_0.8,eval,7,456,easy,5,5,0.1,0.8,0.0,default,100,3.0,8,1,1,0,0,,
gamma_0.8_456_345f4dca,gamma_0.8,eval,8,456,easy,5,5,0.1,0.8,0.0,default,100,3.0,8,1,1,0,0,,
gamma_0.8_456_345f4dca,gamma_0.8,eval,9,456,easy,5,5,0.1,0.8,0.0,default,100,3.0,8,1,1,0,0,,
gamma_0.8_456_345f4dca,gamma_0.8,eval,10,456,easy,5,5,0.1,0.8,0.0,default,100,3.0,8,1,1,0,0,,
gamma_0.8_456_345f4dca,gamma_0.8,eval,1,456,easy,5,5,0.1,0.8,0.0,default,100,3.0,8,1,1,0,0,,
gamma_0.8_456_345f4dca,gamma_0.8,eval,2,456,easy,5,5,0.1,0.8,0.0,default,100,3.0,8,1,1,0,0,,
gamma_0.8_456_345f4dca,gamma_0.8,eval,3,456,easy,5,5,0.1,0.8,0.0,default,100,3.0,8,1,1,0,0,,
gamma_0.8_456_345f4dca,gamma_0.8,eval,4,456,easy,5,5,0.1,0.8,0.0,default,100,3.0,8,1,1,0,0,,
gamma_0.8_456_345f4dca,gamma_0.8,eval,5,456,easy,5,5,0.1,0.8,0.0,default,100,3.0,8,1,1,0,0,,
gamma_0.8_456_345f4dca,gamma_0.8,eval,6,456,easy,5,5,0.1,0.8,0.0,default,100,3.0,8,1,1,0,0,,
gamma_0.8_456_345f4dca,gamma_0.8,eval,7,456,easy,5,5,0.1,0.8,0.0,default,100,3.0,8,1,1,0,0,,
gamma_0.8_456_345f4dca,gamma_0.8,eval,8,456,easy,5,5,0.1,0.8,0.0,default,100,3.0,8,1,1,0,0,,
gamma_0.8_456_345f4dca,gamma_0.8,eval,9,456,easy,5,5,0.1,0.8,0.0,default,100,3.0,8,1,1,0,0,,
gamma_0.8_456_345f4dca,gamma_0.8,eval,10,456,easy,5,5,0.1,0.8,0.0,default,100,3.0,8,1,1,0,0,,
gamma_0.8_456_345f4dca,gamma_0.8,eval,1,456,easy,5,5,0.1,0.8,0.0,default,100,3.0,8,1,1,0,0,,
gamma_0.8_456_345f4dca,gamma_0.8,eval,2,456,easy,5,5,0.1,0.8,0.0,default,100,3.0,8,1,1,0,0,,
gamma_0.8_456_345f4dca,gamma_0.8,eval,3,456,easy,5,5,0.1,0.8,0.0,default,100,3.0,8,1,1,0,0,,
gamma_0.8_456_345f4dca,gamma_0.8,eval,4,456,easy,5,5,0.1,0.8,0.0,default,100,3.0,8,1,1,0,0,,
gamma_0.8_456_345f4dca,gamma_0.8,eval,5,456,easy,5,5,0.1,0.8,0.0,default,100,3.0,8,1,1,0,0,,
gamma_0.8_456_345f4dca,gamma_0.8,eval,6,456,easy,5,5,0.1,0.8,0.0,default,100,3.0,8,1,1,0,0,,
gamma_0.8_456_345f4dca,gamma_0.8,eval,7,456,easy,5,5,0.1,0.8,0.0,default,100,3.0,8,1,1,0,0,,
gamma_0.8_456_345f4dca,gamma_0.8,eval,8,456,easy,5,5,0.1,0.8,0.0,default,100,3.0,8,1,1,0,0,,
gamma_0.8_456_345f4dca,gamma_0.8,eval,9,456,easy,5,5,0.1,0.8,0.0,default,100,3.0,8,1,1,0,0,,
gamma_0.8_456_345f4dca,gamma_0.8,eval,10,456,easy,5,5,0.1,0.8,0.0,default,100,3.0,8,1,1,0,0,,
gamma_0.8_456_345f4dca,gamma_0.8,eval,1,456,easy,5,5,0.1,0.8,0.0,default,100,3.0,8,1,1,0,0,,
gamma_0.8_456_345f4dca,gamma_0.8,eval,2,456,easy,5,5,0.1,0.8,0.0,default,100,3.0,8,1,1,0,0,,
gamma_0.8_456_345f4dca,gamma_0.8,eval,3,456,easy,5,5,0.1,0.8,0.0,default,100,3.0,8,1,1,0,0,,
gamma_0.8_456_345f4dca,gamma_0.8,eval,4,456,easy,5,5,0.1,0.8,0.0,default,100,3.0,8,1,1,0,0,,
gamma_0.8_456_345f4dca,gamma_0.8,eval,5,456,easy,5,5,0.1,0.8,0.0,default,100,3.0,8,1,1,0,0,,
gamma_0.8_456_345f4dca,gamma_0.8,eval,6,456,easy,5,5,0.1,0.8,0.0,default,100,3.0,8,1,1,0,0,,
gamma_0.8_456_345f4dca,gamma_0.8,eval,7,456,easy,5,5,0.1,0.8,0.0,default,100,3.0,8,1,1,0,0,,
gamma_0.8_456_345f4dca,gamma_0.8,eval,8,456,easy,5,5,0.1,0.8,0.0,default,100,3.0,8,1,1,0,0,,
gamma_0.8_456_345f4dca,gamma_0.8,eval,9,456,easy,5,5,0.1,0.8,0.0,default,100,3.0,8,1,1,0,0,,
gamma_0.8_456_345f4dca,gamma_0.8,eval,10,456,easy,5,5,0.1,0.8,0.0,default,100,3.0,8,1,1,0,0,,
gamma_0.8_456_345f4dca,gamma_0.8,eval,1,456,easy,5,5,0.1,0.8,0.0,default,100,3.0,8,1,1,0,0,,
gamma_0.8_456_345f4dca,gamma_0.8,eval,2,456,easy,5,5,0.1,0.8,0.0,default,100,3.0,8,1,1,0,0,,
gamma_0.8_456_345f4dca,gamma_0.8,eval,3,456,easy,5,5,0.1,0.8,0.0,default,100,3.0,8,1,1,0,0,,
gamma_0.8_456_345f4dca,gamma_0.8,eval,4,456,easy,5,5,0.1,0.8,0.0,default,100,3.0,8,1,1,0,0,,
gamma_0.8_456_345f4dca,gamma_0.8,eval,5,456,easy,5,5,0.1,0.8,0.0,default,100,3.0,8,1,1,0,0,,
gamma_0.8_456_345f4dca,gamma_0.8,eval,6,456,easy,5,5,0.1,0.8,0.0,default,100,3.0,8,1,1,0,0,,
gamma_0.8_456_345f4dca,gamma_0.8,eval,7,456,easy,5,5,0.1,0.8,0.0,default,100,3.0,8,1,1,0,0,,
gamma_0.8_456_345f4dca,gamma_0.8,eval,8,456,easy,5,5,0.1,0.8,0.0,default,100,3.0,8,1,1,0,0,,
gamma_0.8_456_345f4dca,gamma_0.8,eval,9,456,easy,5,5,0.1,0.8,0.0,default,100,3.0,8,1,1,0,0,,
gamma_0.8_456_345f4dca,gamma_0.8,eval,10,456,easy,5,5,0.1,0.8,0.0,default,100,3.0,8,1,1,0,0,,
gamma_0.8_456_345f4dca,gamma_0.8,eval,1,456,easy,5,5,0.1,0.8,0.0,default,100,3.0,8,1,1,0,0,,
gamma_0.8_456_345f4dca,gamma_0.8,eval,2,456,easy,5,5,0.1,0.8,0.0,default,100,3.0,8,1,1,0,0,,
gamma_0.8_456_345f4dca,gamma_0.8,eval,3,456,easy,5,5,0.1,0.8,0.0,default,100,3.0,8,1,1,0,0,,
gamma_0.8_456_345f4dca,gamma_0.8,eval,4,456,easy,5,5,0.1,0.8,0.0,default,100,3.0,8,1,1,0,0,,
gamma_0.8_456_345f4dca,gamma_0.8,eval,5,456,easy,5,5,0.1,0.8,0.0,default,100,3.0,8,1,1,0,0,,
gamma_0.8_456_345f4dca,gamma_0.8,eval,6,456,easy,5,5,0.1,0.8,0.0,default,100,3.0,8,1,1,0,0,,
gamma_0.8_456_345f4dca,gamma_0.8,eval,7,456,easy,5,5,0.1,0.8,0.0,default,100,3.0,8,1,1,0,0,,
gamma_0.8_456_345f4dca,gamma_0.8,eval,8,456,easy,5,5,0.1,0.8,0.0,default,100,3.0,8,1,1,0,0,,
gamma_0.8_456_345f4dca,gamma_0.8,eval,9,456,easy,5,5,0.1,0.8,0.0,default,100,3.0,8,1,1,0,0,,
gamma_0.8_456_345f4dca,gamma_0.8,eval,10,456,easy,5,5,0.1,0.8,0.0,default,100,3.0,8,1,1,0,0,,
gamma_0.8_456_345f4dca,gamma_0.8,eval,1,456,easy,5,5,0.1,0.8,0.0,default,100,3.0,8,1,1,0,0,,
gamma_0.8_456_345f4dca,gamma_0.8,eval,2,456,easy,5,5,0.1,0.8,0.0,default,100,3.0,8,1,1,0,0,,
gamma_0.8_456_345f4dca,gamma_0.8,eval,3,456,easy,5,5,0.1,0.8,0.0,default,100,3.0,8,1,1,0,0,,
gamma_0.8_456_345f4dca,gamma_0.8,eval,4,456,easy,5,5,0.1,0.8,0.0,default,100,3.0,8,1,1,0,0,,
gamma_0.8_456_345f4dca,gamma_0.8,eval,5,456,easy,5,5,0.1,0.8,0.0,default,100,3.0,8,1,1,0,0,,
gamma_0.8_456_345f4dca,gamma_0.8,eval,6,456,easy,5,5,0.1,0.8,0.0,default,100,3.0,8,1,1,0,0,,
gamma_0.8_456_345f4dca,gamma_0.8,eval,7,456,easy,5,5,0.1,0.8,0.0,default,100,3.0,8,1,1,0,0,,
gamma_0.8_456_345f4dca,gamma_0.8,eval,8,456,easy,5,5,0.1,0.8,0.0,default,100,3.0,8,1,1,0,0,,
gamma_0.8_456_345f4dca,gamma_0.8,eval,9,456,easy,5,5,0.1,0.8,0.0,default,100,3.0,8,1,1,0,0,,
gamma_0.8_456_345f4dca,gamma_0.8,eval,10,456,easy,5,5,0.1,0.8,0.0,default,100,3.0,8,1,1,0,0,,
gamma_0.8_456_345f4dca,gamma_0.8,eval,1,456,easy,5,5,0.1,0.8,0.0,default,100,3.0,8,1,1,0,0,,
gamma_0.8_456_345f4dca,gamma_0.8,eval,2,456,easy,5,5,0.1,0.8,0.0,default,100,3.0,8,1,1,0,0,,
gamma_0.8_456_345f4dca,gamma_0.8,eval,3,456,easy,5,5,0.1,0.8,0.0,default,100,3.0,8,1,1,0,0,,
gamma_0.8_456_345f4dca,gamma_0.8,eval,4,456,easy,5,5,0.1,0.8,0.0,default,100,3.0,8,1,1,0,0,,
gamma_0.8_456_345f4dca,gamma_0.8,eval,5,456,easy,5,5,0.1,0.8,0.0,default,100,3.0,8,1,1,0,0,,
gamma_0.8_456_345f4dca,gamma_0.8,eval,6,456,easy,5,5,0.1,0.8,0.0,default,100,3.0,8,1,1,0,0,,
gamma_0.8_456_345f4dca,gamma_0.8,eval,7,456,easy,5,5,0.1,0.8,0.0,default,100,3.0,8,1,1,0,0,,
gamma_0.8_456_345f4dca,gamma_0.8,eval,8,456,easy,5,5,0.1,0.8,0.0,default,100,3.0,8,1,1,0,0,,
gamma_0.8_456_345f4dca,gamma_0.8,eval,9,456,easy,5,5,0.1,0.8,0.0,default,100,3.0,8,1,1,0,0,,
gamma_0.8_456_345f4dca,gamma_0.8,eval,10,456,easy,5,5,0.1,0.8,0.0,default,100,3.0,8,1,1,0,0,,
gamma_0.8_456_345f4dca,gamma_0.8,eval,1,456,easy,5,5,0.1,0.8,0.0,default,100,3.0,8,1,1,0,0,,
gamma_0.8_456_345f4dca,gamma_0.8,eval,2,456,easy,5,5,0.1,0.8,0.0,default,100,3.0,8,1,1,0,0,,
gamma_0.8_456_345f4dca,gamma_0.8,eval,3,456,easy,5,5,0.1,0.8,0.0,default,100,3.0,8,1,1,0,0,,
gamma_0.8_456_345f4dca,gamma_0.8,eval,4,456,easy,5,5,0.1,0.8,0.0,default,100,3.0,8,1,1,0,0,,
gamma_0.8_456_345f4dca,gamma_0.8,eval,5,456,easy,5,5,0.1,0.8,0.0,default,100,3.0,8,1,1,0,0,,
gamma_0.8_456_345f4dca,gamma_0.8,eval,6,456,easy,5,5,0.1,0.8,0.0,default,100,3.0,8,1,1,0,0,,
gamma_0.8_456_345f4dca,gamma_0.8,eval,7,456,easy,5,5,0.1,0.8,0.0,default,100,3.0,8,1,1,0,0,,
gamma_0.8_456_345f4dca,gamma_0.8,eval,8,456,easy,5,5,0.1,0.8,0.0,default,100,3.0,8,1,1,0,0,,
gamma_0.8_456_345f4dca,gamma_0.8,eval,9,456,easy,5,5,0.1,0.8,0.0,default,100,3.0,8,1,1,0,0,,
gamma_0.8_456_345f4dca,gamma_0.8,eval,10,456,easy,5,5,0.1,0.8,0.0,default,100,3.0,8,1,1,0,0,,
gamma_0.8_456_345f4dca,gamma_0.8,eval,1,456,easy,5,5,0.1,0.8,0.0,default,100,3.0,8,1,1,0,0,,
gamma_0.8_456_345f4dca,gamma_0.8,eval,2,456,easy,5,5,0.1,0.8,0.0,default,100,3.0,8,1,1,0,0,,
gamma_0.8_456_345f4dca,gamma_0.8,eval,3,456,easy,5,5,0.1,0.8,0.0,default,100,3.0,8,1,1,0,0,,
gamma_0.8_456_345f4dca,gamma_0.8,eval,4,456,easy,5,5,0.1,0.8,0.0,default,100,3.0,8,1,1,0,0,,
gamma_0.8_456_345f4dca,gamma_0.8,eval,5,456,easy,5,5,0.1,0.8,0.0,default,100,3.0,8,1,1,0,0,,
gamma_0.8_456_345f4dca,gamma_0.8,eval,6,456,easy,5,5,0.1,0.8,0.0,default,100,3.0,8,1,1,0,0,,
gamma_0.8_456_345f4dca,gamma_0.8,eval,7,456,easy,5,5,0.1,0.8,0.0,default,100,3.0,8,1,1,0,0,,
gamma_0.8_456_345f4dca,gamma_0.8,eval,8,456,easy,5,5,0.1,0.8,0.0,default,100,3.0,8,1,1,0,0,,
gamma_0.8_456_345f4dca,gamma_0.8,eval,9,456,easy,5,5,0.1,0.8,0.0,default,100,3.0,8,1,1,0,0,,
gamma_0.8_456_345f4dca,gamma_0.8,eval,10,456,easy,5,5,0.1,0.8,0.0,default,100,3.0,8,1,1,0,0,,
gamma_0.8_456_345f4dca,gamma_0.8,eval,1,456,easy,5,5,0.1,0.8,0.0,default,100,3.0,8,1,1,0,0,,
gamma_0.8_456_345f4dca,gamma_0.8,eval,2,456,easy,5,5,0.1,0.8,0.0,default,100,3.0,8,1,1,0,0,,
gamma_0.8_456_345f4dca,gamma_0.8,eval,3,456,easy,5,5,0.1,0.8,0.0,default,100,3.0,8,1,1,0,0,,
gamma_0.8_456_345f4dca,gamma_0.8,eval,4,456,easy,5,5,0.1,0.8,0.0,default,100,3.0,8,1,1,0,0,,
gamma_0.8_456_345f4dca,gamma_0.8,eval,5,456,easy,5,5,0.1,0.8,0.0,default,100,3.0,8,1,1,0,0,,
gamma_0.8_456_345f4dca,gamma_0.8,eval,6,456,easy,5,5,0.1,0.8,0.0,default,100,3.0,8,1,1,0,0,,
gamma_0.8_456_345f4dca,gamma_0.8,eval,7,456,easy,5,5,0.1,0.8,0.0,default,100,3.0,8,1,1,0,0,,
gamma_0.8_456_345f4dca,gamma_0.8,eval,8,456,easy,5,5,0.1,0.8,0.0,default,100,3.0,8,1,1,0,0,,
gamma_0.8_456_345f4dca,gamma_0.8,eval,9,456,easy,5,5,0.1,0.8,0.0,default,100,3.0,8,1,1,0,0,,
gamma_0.8_456_345f4dca,gamma_0.8,eval,10,456,easy,5,5,0.1,0.8,0.0,default,100,3.0,8,1,1,0,0,,
gamma_0.8_456_345f4dca,gamma_0.8,eval,1,456,easy,5,5,0.1,0.8,0.0,default,100,3.0,8,1,1,0,0,,
gamma_0.8_456_345f4dca,gamma_0.8,eval,2,456,easy,5,5,0.1,0.8,0.0,default,100,3.0,8,1,1,0,0,,
gamma_0.8_456_345f4dca,gamma_0.8,eval,3,456,easy,5,5,0.1,0.8,0.0,default,100,3.0,8,1,1,0,0,,
gamma_0.8_456_345f4dca,gamma_0.8,eval,4,456,easy,5,5,0.1,0.8,0.0,default,100,3.0,8,1,1,0,0,,
gamma_0.8_456_345f4dca,gamma_0.8,eval,5,456,easy,5,5,0.1,0.8,0.0,default,100,3.0,8,1,1,0,0,,
gamma_0.8_456_345f4dca,gamma_0.8,eval,6,456,easy,5,5,0.1,0.8,0.0,default,100,3.0,8,1,1,0,0,,
gamma_0.8_456_345f4dca,gamma_0.8,eval,7,456,easy,5,5,0.1,0.8,0.0,default,100,3.0,8,1,1,0,0,,
gamma_0.8_456_345f4dca,gamma_0.8,eval,8,456,easy,5,5,0.1,0.8,0.0,default,100,3.0,8,1,1,0,0,,
gamma_0.8_456_345f4dca,gamma_0.8,eval,9,456,easy,5,5,0.1,0.8,0.0,default,100,3.0,8,1,1,0,0,,
gamma_0.8_456_345f4dca,gamma_0.8,eval,10,456,easy,5,5,0.1,0.8,0.0,default,100,3.0,8,1,1,0,0,,
gamma_0.8_456_345f4dca,gamma_0.8,eval,1,456,easy,5,5,0.1,0.8,0.0,default,100,3.0,8,1,1,0,0,,
gamma_0.8_456_345f4dca,gamma_0.8,eval,2,456,easy,5,5,0.1,0.8,0.0,default,100,3.0,8,1,1,0,0,,
gamma_0.8_456_345f4dca,gamma_0.8,eval,3,456,easy,5,5,0.1,0.8,0.0,default,100,3.0,8,1,1,0,0,,
gamma_0.8_456_345f4dca,gamma_0.8,eval,4,456,easy,5,5,0.1,0.8,0.0,default,100,3.0,8,1,1,0,0,,
gamma_0.8_456_345f4dca,gamma_0.8,eval,5,456,easy,5,5,0.1,0.8,0.0,default,100,3.0,8,1,1,0,0,,
gamma_0.8_456_345f4dca,gamma_0.8,eval,6,456,easy,5,5,0.1,0.8,0.0,default,100,3.0,8,1,1,0,0,,
gamma_0.8_456_345f4dca,gamma_0.8,eval,7,456,easy,5,5,0.1,0.8,0.0,default,100,3.0,8,1,1,0,0,,
gamma_0.8_456_345f4dca,gamma_0.8,eval,8,456,easy,5,5,0.1,0.8,0.0,default,100,3.0,8,1,1,0,0,,
gamma_0.8_456_345f4dca,gamma_0.8,eval,9,456,easy,5,5,0.1,0.8,0.0,default,100,3.0,8,1,1,0,0,,
gamma_0.8_456_345f4dca,gamma_0.8,eval,10,456,easy,5,5,0.1,0.8,0.0,default,100,3.0,8,1,1,0,0,,
gamma_0.8_456_345f4dca,gamma_0.8,eval,1,456,easy,5,5,0.1,0.8,0.0,default,100,3.0,8,1,1,0,0,,
gamma_0.8_456_345f4dca,gamma_0.8,eval,2,456,easy,5,5,0.1,0.8,0.0,default,100,3.0,8,1,1,0,0,,
gamma_0.8_456_345f4dca,gamma_0.8,eval,3,456,easy,5,5,0.1,0.8,0.0,default,100,3.0,8,1,1,0,0,,
gamma_0.8_456_345f4dca,gamma_0.8,eval,4,456,easy,5,5,0.1,0.8,0.0,default,100,3.0,8,1,1,0,0,,
gamma_0.8_456_345f4dca,gamma_0.8,eval,5,456,easy,5,5,0.1,0.8,0.0,default,100,3.0,8,1,1,0,0,,
gamma_0.8_456_345f4dca,gamma_0.8,eval,6,456,easy,5,5,0.1,0.8,0.0,default,100,3.0,8,1,1,0,0,,
gamma_0.8_456_345f4dca,gamma_0.8,eval,7,456,easy,5,5,0.1,0.8,0.0,default,100,3.0,8,1,1,0,0,,
gamma_0.8_456_345f4dca,gamma_0.8,eval,8,456,easy,5,5,0.1,0.8,0.0,default,100,3.0,8,1,1,0,0,,
gamma_0.8_456_345f4dca,gamma_0.8,eval,9,456,easy,5,5,0.1,0.8,0.0,default,100,3.0,8,1,1,0,0,,
gamma_0.8_456_345f4dca,gamma_0.8,eval,10,456,easy,5,5,0.1,0.8,0.0,default,100,3.0,8,1,1,0,0,,
gamma_0.8_456_345f4dca,gamma_0.8,eval,1,456,easy,5,5,0.1,0.8,0.0,default,100,3.0,8,1,1,0,0,,
gamma_0.8_456_345f4dca,gamma_0.8,eval,2,456,easy,5,5,0.1,0.8,0.0,default,100,3.0,8,1,1,0,0,,
gamma_0.8_456_345f4dca,gamma_0.8,eval,3,456,easy,5,5,0.1,0.8,0.0,default,100,3.0,8,1,1,0,0,,
gamma_0.8_456_345f4dca,gamma_0.8,eval,4,456,easy,5,5,0.1,0.8,0.0,default,100,3.0,8,1,1,0,0,,
gamma_0.8_456_345f4dca,gamma_0.8,eval,5,456,easy,5,5,0.1,0.8,0.0,default,100,3.0,8,1,1,0,0,,
gamma_0.8_456_345f4dca,gamma_0.8,eval,6,456,easy,5,5,0.1,0.8,0.0,default,100,3.0,8,1,1,0,0,,
gamma_0.8_456_345f4dca,gamma_0.8,eval,7,456,easy,5,5,0.1,0.8,0.0,default,100,3.0,8,1,1,0,0,,
gamma_0.8_456_345f4dca,gamma_0.8,eval,8,456,easy,5,5,0.1,0.8,0.0,default,100,3.0,8,1,1,0,0,,
gamma_0.8_456_345f4dca,gamma_0.8,eval,9,456,easy,5,5,0.1,0.8,0.0,default,100,3.0,8,1,1,0,0,,
gamma_0.8_456_345f4dca,gamma_0.8,eval,10,456,easy,5,5,0.1,0.8,0.0,default,100,3.0,8,1,1,0,0,,
gamma_0.8_456_345f4dca,gamma_0.8,eval,1,456,easy,5,5,0.1,0.8,0.0,default,100,3.0,8,1,1,0,0,,
gamma_0.8_456_345f4dca,gamma_0.8,eval,2,456,easy,5,5,0.1,0.8,0.0,default,100,3.0,8,1,1,0,0,,
gamma_0.8_456_345f4dca,gamma_0.8,eval,3,456,easy,5,5,0.1,0.8,0.0,default,100,3.0,8,1,1,0,0,,
gamma_0.8_456_345f4dca,gamma_0.8,eval,4,456,easy,5,5,0.1,0.8,0.0,default,100,3.0,8,1,1,0,0,,
gamma_0.8_456_345f4dca,gamma_0.8,eval,5,456,easy,5,5,0.1,0.8,0.0,default,100,3.0,8,1,1,0,0,,
gamma_0.8_456_345f4dca,gamma_0.8,eval,6,456,easy,5,5,0.1,0.8,0.0,default,100,3.0,8,1,1,0,0,,
gamma_0.8_456_345f4dca,gamma_0.8,eval,7,456,easy,5,5,0.1,0.8,0.0,default,100,3.0,8,1,1,0,0,,
gamma_0.8_456_345f4dca,gamma_0.8,eval,8,456,easy,5,5,0.1,0.8,0.0,default,100,3.0,8,1,1,0,0,,
gamma_0.8_456_345f4dca,gamma_0.8,eval,9,456,easy,5,5,0.1,0.8,0.0,default,100,3.0,8,1,1,0,0,,
gamma_0.8_456_345f4dca,gamma_0.8,eval,10,456,easy,5,5,0.1,0.8,0.0,default,100,3.0,8,1,1,0,0,,
gamma_0.8_456_345f4dca,gamma_0.8,eval,1,456,easy,5,5,0.1,0.8,0.0,default,100,3.0,8,1,1,0,0,,
gamma_0.8_456_345f4dca,gamma_0.8,eval,2,456,easy,5,5,0.1,0.8,0.0,default,100,3.0,8,1,1,0,0,,
gamma_0.8_456_345f4dca,gamma_0.8,eval,3,456,easy,5,5,0.1,0.8,0.0,default,100,3.0,8,1,1,0,0,,
gamma_0.8_456_345f4dca,gamma_0.8,eval,4,456,easy,5,5,0.1,0.8,0.0,default,100,3.0,8,1,1,0,0,,
gamma_0.8_456_345f4dca,gamma_0.8,eval,5,456,easy,5,5,0.1,0.8,0.0,default,100,3.0,8,1,1,0,0,,
gamma_0.8_456_345f4dca,gamma_0.8,eval,6,456,easy,5,5,0.1,0.8,0.0,default,100,3.0,8,1,1,0,0,,
gamma_0.8_456_345f4dca,gamma_0.8,eval,7,456,easy,5,5,0.1,0.8,0.0,default,100,3.0,8,1,1,0,0,,
gamma_0.8_456_345f4dca,gamma_0.8,eval,8,456,easy,5,5,0.1,0.8,0.0,default,100,3.0,8,1,1,0,0,,
gamma_0.8_456_345f4dca,gamma_0.8,eval,9,456,easy,5,5,0.1,0.8,0.0,default,100,3.0,8,1,1,0,0,,
gamma_0.8_456_345f4dca,gamma_0.8,eval,10,456,easy,5,5,0.1,0.8,0.0,default,100,3.0,8,1,1,0,0,,
gamma_0.8_456_345f4dca,gamma_0.8,eval,1,456,easy,5,5,0.1,0.8,0.0,default,100,3.0,8,1,1,0,0,,
gamma_0.8_456_345f4dca,gamma_0.8,eval,2,456,easy,5,5,0.1,0.8,0.0,default,100,3.0,8,1,1,0,0,,
gamma_0.8_456_345f4dca,gamma_0.8,eval,3,456,easy,5,5,0.1,0.8,0.0,default,100,3.0,8,1,1,0,0,,
gamma_0.8_456_345f4dca,gamma_0.8,eval,4,456,easy,5,5,0.1,0.8,0.0,default,100,3.0,8,1,1,0,0,,
gamma_0.8_456_345f4dca,gamma_0.8,eval,5,456,easy,5,5,0.1,0.8,0.0,default,100,3.0,8,1,1,0,0,,
gamma_0.8_456_345f4dca,gamma_0.8,eval,6,456,easy,5,5,0.1,0.8,0.0,default,100,3.0,8,1,1,0,0,,
gamma_0.8_456_345f4dca,gamma_0.8,eval,7,456,easy,5,5,0.1,0.8,0.0,default,100,3.0,8,1,1,0,0,,
gamma_0.8_456_345f4dca,gamma_0.8,eval,8,456,easy,5,5,0.1,0.8,0.0,default,100,3.0,8,1,1,0,0,,
gamma_0.8_456_345f4dca,gamma_0.8,eval,9,456,easy,5,5,0.1,0.8,0.0,default,100,3.0,8,1,1,0,0,,
gamma_0.8_456_345f4dca,gamma_0.8,eval,10,456,easy,5,5,0.1,0.8,0.0,default,100,3.0,8,1,1,0,0,,
gamma_0.8_456_345f4dca,gamma_0.8,eval,1,456,easy,5,5,0.1,0.8,0.0,default,100,3.0,8,1,1,0,0,,
gamma_0.8_456_345f4dca,gamma_0.8,eval,2,456,easy,5,5,0.1,0.8,0.0,default,100,3.0,8,1,1,0,0,,
gamma_0.8_456_345f4dca,gamma_0.8,eval,3,456,easy,5,5,0.1,0.8,0.0,default,100,3.0,8,1,1,0,0,,
gamma_0.8_456_345f4dca,gamma_0.8,eval,4,456,easy,5,5,0.1,0.8,0.0,default,100,3.0,8,1,1,0,0,,
gamma_0.8_456_345f4dca,gamma_0.8,eval,5,456,easy,5,5,0.1,0.8,0.0,default,100,3.0,8,1,1,0,0,,
gamma_0.8_456_345f4dca,gamma_0.8,eval,6,456,easy,5,5,0.1,0.8,0.0,default,100,3.0,8,1,1,0,0,,
gamma_0.8_456_345f4dca,gamma_0.8,eval,7,456,easy,5,5,0.1,0.8,0.0,default,100,3.0,8,1,1,0,0,,
gamma_0.8_456_345f4dca,gamma_0.8,eval,8,456,easy,5,5,0.1,0.8,0.0,default,100,3.0,8,1,1,0,0,,
gamma_0.8_456_345f4dca,gamma_0.8,eval,9,456,easy,5,5,0.1,0.8,0.0,default,100,3.0,8,1,1,0,0,,
gamma_0.8_456_345f4dca,gamma_0.8,eval,10,456,easy,5,5,0.1,0.8,0.0,default,100,3.0,8,1,1,0,0,,
gamma_0.8_456_345f4dca,gamma_0.8,eval,1,456,easy,5,5,0.1,0.8,0.0,default,100,3.0,8,1,1,0,0,,
gamma_0.8_456_345f4dca,gamma_0.8,eval,2,456,easy,5,5,0.1,0.8,0.0,default,100,3.0,8,1,1,0,0,,
gamma_0.8_456_345f4dca,gamma_0.8,eval,3,456,easy,5,5,0.1,0.8,0.0,default,100,3.0,8,1,1,0,0,,
gamma_0.8_456_345f4dca,gamma_0.8,eval,4,456,easy,5,5,0.1,0.8,0.0,default,100,3.0,8,1,1,0,0,,
gamma_0.8_456_345f4dca,gamma_0.8,eval,5,456,easy,5,5,0.1,0.8,0.0,default,100,3.0,8,1,1,0,0,,
gamma_0.8_456_345f4dca,gamma_0.8,eval,6,456,easy,5,5,0.1,0.8,0.0,default,100,3.0,8,1,1,0,0,,
gamma_0.8_456_345f4dca,gamma_0.8,eval,7,456,easy,5,5,0.1,0.8,0.0,default,100,3.0,8,1,1,0,0,,
gamma_0.8_456_345f4dca,gamma_0.8,eval,8,456,easy,5,5,0.1,0.8,0.0,default,100,3.0,8,1,1,0,0,,
gamma_0.8_456_345f4dca,gamma_0.8,eval,9,456,easy,5,5,0.1,0.8,0.0,default,100,3.0,8,1,1,0,0,,
gamma_0.8_456_345f4dca,gamma_0.8,eval,10,456,easy,5,5,0.1,0.8,0.0,default,100,3.0,8,1,1,0,0,,
gamma_0.8_456_345f4dca,gamma_0.8,eval,1,456,easy,5,5,0.1,0.8,0.0,default,100,3.0,8,1,1,0,0,,
gamma_0.8_456_345f4dca,gamma_0.8,eval,2,456,easy,5,5,0.1,0.8,0.0,default,100,3.0,8,1,1,0,0,,
gamma_0.8_456_345f4dca,gamma_0.8,eval,3,456,easy,5,5,0.1,0.8,0.0,default,100,3.0,8,1,1,0,0,,
gamma_0.8_456_345f4dca,gamma_0.8,eval,4,456,easy,5,5,0.1,0.8,0.0,default,100,3.0,8,1,1,0,0,,
gamma_0.8_456_345f4dca,gamma_0.8,eval,5,456,easy,5,5,0.1,0.8,0.0,default,100,3.0,8,1,1,0,0,,
gamma_0.8_456_345f4dca,gamma_0.8,eval,6,456,easy,5,5,0.1,0.8,0.0,default,100,3.0,8,1,1,0,0,,
gamma_0.8_456_345f4dca,gamma_0.8,eval,7,456,easy,5,5,0.1,0.8,0.0,default,100,3.0,8,1,1,0,0,,
gamma_0.8_456_345f4dca,gamma_0.8,eval,8,456,easy,5,5,0.1,0.8,0.0,default,100,3.0,8,1,1,0,0,,
gamma_0.8_456_345f4dca,gamma_0.8,eval,9,456,easy,5,5,0.1,0.8,0.0,default,100,3.0,8,1,1,0,0,,
gamma_0.8_456_345f4dca,gamma_0.8,eval,10,456,easy,5,5,0.1,0.8,0.0,default,100,3.0,8,1,1,0,0,,
gamma_0.8_456_345f4dca,gamma_0.8,eval,1,456,easy,5,5,0.1,0.8,0.0,default,100,3.0,8,1,1,0,0,,
gamma_0.8_456_345f4dca,gamma_0.8,eval,2,456,easy,5,5,0.1,0.8,0.0,default,100,3.0,8,1,1,0,0,,
gamma_0.8_456_345f4dca,gamma_0.8,eval,3,456,easy,5,5,0.1,0.8,0.0,default,100,3.0,8,1,1,0,0,,
gamma_0.8_456_345f4dca,gamma_0.8,eval,4,456,easy,5,5,0.1,0.8,0.0,default,100,3.0,8,1,1,0,0,,
gamma_0.8_456_345f4dca,gamma_0.8,eval,5,456,easy,5,5,0.1,0.8,0.0,default,100,3.0,8,1,1,0,0,,
gamma_0.8_456_345f4dca,gamma_0.8,eval,6,456,easy,5,5,0.1,0.8,0.0,default,100,3.0,8,1,1,0,0,,
gamma_0.8_456_345f4dca,gamma_0.8,eval,7,456,easy,5,5,0.1,0.8,0.0,default,100,3.0,8,1,1,0,0,,
gamma_0.8_456_345f4dca,gamma_0.8,eval,8,456,easy,5,5,0.1,0.8,0.0,default,100,3.0,8,1,1,0,0,,
gamma_0.8_456_345f4dca,gamma_0.8,eval,9,456,easy,5,5,0.1,0.8,0.0,default,100,3.0,8,1,1,0,0,,
gamma_0.8_456_345f4dca,gamma_0.8,eval,10,456,easy,5,5,0.1,0.8,0.0,default,100,3.0,8,1,1,0,0,,
gamma_0.8_456_345f4dca,gamma_0.8,eval,1,456,easy,5,5,0.1,0.8,0.0,default,100,3.0,8,1,1,0,0,,
gamma_0.8_456_345f4dca,gamma_0.8,eval,2,456,easy,5,5,0.1,0.8,0.0,default,100,3.0,8,1,1,0,0,,
gamma_0.8_456_345f4dca,gamma_0.8,eval,3,456,easy,5,5,0.1,0.8,0.0,default,100,3.0,8,1,1,0,0,,
gamma_0.8_456_345f4dca,gamma_0.8,eval,4,456,easy,5,5,0.1,0.8,0.0,default,100,3.0,8,1,1,0,0,,
gamma_0.8_456_345f4dca,gamma_0.8,eval,5,456,easy,5,5,0.1,0.8,0.0,default,100,3.0,8,1,1,0,0,,
gamma_0.8_456_345f4dca,gamma_0.8,eval,6,456,easy,5,5,0.1,0.8,0.0,default,100,3.0,8,1,1,0,0,,
gamma_0.8_456_345f4dca,gamma_0.8,eval,7,456,easy,5,5,0.1,0.8,0.0,default,100,3.0,8,1,1,0,0,,
gamma_0.8_456_345f4dca,gamma_0.8,eval,8,456,easy,5,5,0.1,0.8,0.0,default,100,3.0,8,1,1,0,0,,
gamma_0.8_456_345f4dca,gamma_0.8,eval,9,456,easy,5,5,0.1,0.8,0.0,default,100,3.0,8,1,1,0,0,,
gamma_0.8_456_345f4dca,gamma_0.8,eval,10,456,easy,5,5,0.1,0.8,0.0,default,100,3.0,8,1,1,0,0,,
gamma_0.8_456_345f4dca,gamma_0.8,eval,1,456,easy,5,5,0.1,0.8,0.0,default,100,3.0,8,1,1,0,0,,
gamma_0.8_456_345f4dca,gamma_0.8,eval,2,456,easy,5,5,0.1,0.8,0.0,default,100,3.0,8,1,1,0,0,,
gamma_0.8_456_345f4dca,gamma_0.8,eval,3,456,easy,5,5,0.1,0.8,0.0,default,100,3.0,8,1,1,0,0,,
gamma_0.8_456_345f4dca,gamma_0.8,eval,4,456,easy,5,5,0.1,0.8,0.0,default,100,3.0,8,1,1,0,0,,
gamma_0.8_456_345f4dca,gamma_0.8,eval,5,456,easy,5,5,0.1,0.8,0.0,default,100,3.0,8,1,1,0,0,,
gamma_0.8_456_345f4dca,gamma_0.8,eval,6,456,easy,5,5,0.1,0.8,0.0,default,100,3.0,8,1,1,0,0,,
gamma_0.8_456_345f4dca,gamma_0.8,eval,7,456,easy,5,5,0.1,0.8,0.0,default,100,3.0,8,1,1,0,0,,
gamma_0.8_456_345f4dca,gamma_0.8,eval,8,456,easy,5,5,0.1,0.8,0.0,default,100,3.0,8,1,1,0,0,,
gamma_0.8_456_345f4dca,gamma_0.8,eval,9,456,easy,5,5,0.1,0.8,0.0,default,100,3.0,8,1,1,0,0,,
gamma_0.8_456_345f4dca,gamma_0.8,eval,10,456,easy,5,5,0.1,0.8,0.0,default,100,3.0,8,1,1,0,0,,
gamma_0.8_456_345f4dca,gamma_0.8,eval,1,456,easy,5,5,0.1,0.8,0.0,default,100,3.0,8,1,1,0,0,,
gamma_0.8_456_345f4dca,gamma_0.8,eval,2,456,easy,5,5,0.1,0.8,0.0,default,100,3.0,8,1,1,0,0,,
gamma_0.8_456_345f4dca,gamma_0.8,eval,3,456,easy,5,5,0.1,0.8,0.0,default,100,3.0,8,1,1,0,0,,
gamma_0.8_456_345f4dca,gamma_0.8,eval,4,456,easy,5,5,0.1,0.8,0.0,default,100,3.0,8,1,1,0,0,,
gamma_0.8_456_345f4dca,gamma_0.8,eval,5,456,easy,5,5,0.1,0.8,0.0,default,100,3.0,8,1,1,0,0,,
gamma_0.8_456_345f4dca,gamma_0.8,eval,6,456,easy,5,5,0.1,0.8,0.0,default,100,3.0,8,1,1,0,0,,
gamma_0.8_456_345f4dca,gamma_0.8,eval,7,456,easy,5,5,0.1,0.8,0.0,default,100,3.0,8,1,1,0,0,,
gamma_0.8_456_345f4dca,gamma_0.8,eval,8,456,easy,5,5,0.1,0.8,0.0,default,100,3.0,8,1,1,0,0,,
gamma_0.8_456_345f4dca,gamma_0.8,eval,9,456,easy,5,5,0.1,0.8,0.0,default,100,3.0,8,1,1,0,0,,
gamma_0.8_456_345f4dca,gamma_0.8,eval,10,456,easy,5,5,0.1,0.8,0.0,default,100,3.0,8,1,1,0,0,,
gamma_0.8_456_345f4dca,gamma_0.8,eval,1,456,easy,5,5,0.1,0.8,0.0,default,100,3.0,8,1,1,0,0,,
gamma_0.8_456_345f4dca,gamma_0.8,eval,2,456,easy,5,5,0.1,0.8,0.0,default,100,3.0,8,1,1,0,0,,
gamma_0.8_456_345f4dca,gamma_0.8,eval,3,456,easy,5,5,0.1,0.8,0.0,default,100,3.0,8,1,1,0,0,,
gamma_0.8_456_345f4dca,gamma_0.8,eval,4,456,easy,5,5,0.1,0.8,0.0,default,100,3.0,8,1,1,0,0,,
gamma_0.8_456_345f4dca,gamma_0.8,eval,5,456,easy,5,5,0.1,0.8,0.0,default,100,3.0,8,1,1,0,0,,
gamma_0.8_456_345f4dca,gamma_0.8,eval,6,456,easy,5,5,0.1,0.8,0.0,default,100,3.0,8,1,1,0,0,,
gamma_0.8_456_345f4dca,gamma_0.8,eval,7,456,easy,5,5,0.1,0.8,0.0,default,100,3.0,8,1,1,0,0,,
gamma_0.8_456_345f4dca,gamma_0.8,eval,8,456,easy,5,5,0.1,0.8,0.0,default,100,3.0,8,1,1,0,0,,
gamma_0.8_456_345f4dca,gamma_0.8,eval,9,456,easy,5,5,0.1,0.8,0.0,default,100,3.0,8,1,1,0,0,,
gamma_0.8_456_345f4dca,gamma_0.8,eval,10,456,easy,5,5,0.1,0.8,0.0,default,100,3.0,8,1,1,0,0,,
gamma_0.8_456_345f4dca,gamma_0.8,eval,1,456,easy,5,5,0.1,0.8,0.0,default,100,3.0,8,1,1,0,0,,
gamma_0.8_456_345f4dca,gamma_0.8,eval,2,456,easy,5,5,0.1,0.8,0.0,default,100,3.0,8,1,1,0,0,,
gamma_0.8_456_345f4dca,gamma_0.8,eval,3,456,easy,5,5,0.1,0.8,0.0,default,100,3.0,8,1,1,0,0,,
gamma_0.8_456_345f4dca,gamma_0.8,eval,4,456,easy,5,5,0.1,0.8,0.0,default,100,3.0,8,1,1,0,0,,
gamma_0.8_456_345f4dca,gamma_0.8,eval,5,456,easy,5,5,0.1,0.8,0.0,default,100,3.0,8,1,1,0,0,,
gamma_0.8_456_345f4dca,gamma_0.8,eval,6,456,easy,5,5,0.1,0.8,0.0,default,100,3.0,8,1,1,0,0,,
gamma_0.8_456_345f4dca,gamma_0.8,eval,7,456,easy,5,5,0.1,0.8,0.0,default,100,3.0,8,1,1,0,0,,
gamma_0.8_456_345f4dca,gamma_0.8,eval,8,456,easy,5,5,0.1,0.8,0.0,default,100,3.0,8,1,1,0,0,,
gamma_0.8_456_345f4dca,gamma_0.8,eval,9,456,easy,5,5,0.1,0.8,0.0,default,100,3.0,8,1,1,0,0,,
gamma_0.8_456_345f4dca,gamma_0.8,eval,10,456,easy,5,5,0.1,0.8,0.0,default,100,3.0,8,1,1,0,0,,
gamma_0.8_456_345f4dca,gamma_0.8,eval,1,456,easy,5,5,0.1,0.8,0.0,default,100,3.0,8,1,1,0,0,,
gamma_0.8_456_345f4dca,gamma_0.8,eval,2,456,easy,5,5,0.1,0.8,0.0,default,100,3.0,8,1,1,0,0,,
gamma_0.8_456_345f4dca,gamma_0.8,eval,3,456,easy,5,5,0.1,0.8,0.0,default,100,3.0,8,1,1,0,0,,
gamma_0.8_456_345f4dca,gamma_0.8,eval,4,456,easy,5,5,0.1,0.8,0.0,default,100,3.0,8,1,1,0,0,,
gamma_0.8_456_345f4dca,gamma_0.8,eval,5,456,easy,5,5,0.1,0.8,0.0,default,100,3.0,8,1,1,0,0,,
gamma_0.8_456_345f4dca,gamma_0.8,eval,6,456,easy,5,5,0.1,0.8,0.0,default,100,3.0,8,1,1,0,0,,
gamma_0.8_456_345f4dca,gamma_0.8,eval,7,456,easy,5,5,0.1,0.8,0.0,default,100,3.0,8,1,1,0,0,,
gamma_0.8_456_345f4dca,gamma_0.8,eval,8,456,easy,5,5,0.1,0.8,0.0,default,100,3.0,8,1,1,0,0,,
gamma_0.8_456_345f4dca,gamma_0.8,eval,9,456,easy,5,5,0.1,0.8,0.0,default,100,3.0,8,1,1,0,0,,
gamma_0.8_456_345f4dca,gamma_0.8,eval,10,456,easy,5,5,0.1,0.8,0.0,default,100,3.0,8,1,1,0,0,,
gamma_0.8_456_345f4dca,gamma_0.8,eval,1,456,easy,5,5,0.1,0.8,0.0,default,100,3.0,8,1,1,0,0,,
gamma_0.8_456_345f4dca,gamma_0.8,eval,2,456,easy,5,5,0.1,0.8,0.0,default,100,3.0,8,1,1,0,0,,
gamma_0.8_456_345f4dca,gamma_0.8,eval,3,456,easy,5,5,0.1,0.8,0.0,default,100,3.0,8,1,1,0,0,,
gamma_0.8_456_345f4dca,gamma_0.8,eval,4,456,easy,5,5,0.1,0.8,0.0,default,100,3.0,8,1,1,0,0,,
gamma_0.8_456_345f4dca,gamma_0.8,eval,5,456,easy,5,5,0.1,0.8,0.0,default,100,3.0,8,1,1,0,0,,
gamma_0.8_456_345f4dca,gamma_0.8,eval,6,456,easy,5,5,0.1,0.8,0.0,default,100,3.0,8,1,1,0,0,,
gamma_0.8_456_345f4dca,gamma_0.8,eval,7,456,easy,5,5,0.1,0.8,0.0,default,100,3.0,8,1,1,0,0,,
gamma_0.8_456_345f4dca,gamma_0.8,eval,8,456,easy,5,5,0.1,0.8,0.0,default,100,3.0,8,1,1,0,0,,
gamma_0.8_456_345f4dca,gamma_0.8,eval,9,456,easy,5,5,0.1,0.8,0.0,default,100,3.0,8,1,1,0,0,,
gamma_0.8_456_345f4dca,gamma_0.8,eval,10,456,easy,5,5,0.1,0.8,0.0,default,100,3.0,8,1,1,0,0,,
gamma_0.8_456_345f4dca,gamma_0.8,eval,1,456,easy,5,5,0.1,0.8,0.0,default,100,3.0,8,1,1,0,0,,
gamma_0.8_456_345f4dca,gamma_0.8,eval,2,456,easy,5,5,0.1,0.8,0.0,default,100,3.0,8,1,1,0,0,,
gamma_0.8_456_345f4dca,gamma_0.8,eval,3,456,easy,5,5,0.1,0.8,0.0,default,100,3.0,8,1,1,0,0,,
gamma_0.8_456_345f4dca,gamma_0.8,eval,4,456,easy,5,5,0.1,0.8,0.0,default,100,3.0,8,1,1,0,0,,
gamma_0.8_456_345f4dca,gamma_0.8,eval,5,456,easy,5,5,0.1,0.8,0.0,default,100,3.0,8,1,1,0,0,,
gamma_0.8_456_345f4dca,gamma_0.8,eval,6,456,easy,5,5,0.1,0.8,0.0,default,100,3.0,8,1,1,0,0,,
gamma_0.8_456_345f4dca,gamma_0.8,eval,7,456,easy,5,5,0.1,0.8,0.0,default,100,3.0,8,1,1,0,0,,
gamma_0.8_456_345f4dca,gamma_0.8,eval,8,456,easy,5,5,0.1,0.8,0.0,default,100,3.0,8,1,1,0,0,,
gamma_0.8_456_345f4dca,gamma_0.8,eval,9,456,easy,5,5,0.1,0.8,0.0,default,100,3.0,8,1,1,0,0,,
gamma_0.8_456_345f4dca,gamma_0.8,eval,10,456,easy,5,5,0.1,0.8,0.0,default,100,3.0,8,1,1,0,0,,
gamma_0.8_456_345f4dca,gamma_0.8,eval,1,456,easy,5,5,0.1,0.8,0.0,default,100,3.0,8,1,1,0,0,,
gamma_0.8_456_345f4dca,gamma_0.8,eval,2,456,easy,5,5,0.1,0.8,0.0,default,100,3.0,8,1,1,0,0,,
gamma_0.8_456_345f4dca,gamma_0.8,eval,3,456,easy,5,5,0.1,0.8,0.0,default,100,3.0,8,1,1,0,0,,
gamma_0.8_456_345f4dca,gamma_0.8,eval,4,456,easy,5,5,0.1,0.8,0.0,default,100,3.0,8,1,1,0,0,,
gamma_0.8_456_345f4dca,gamma_0.8,eval,5,456,easy,5,5,0.1,0.8,0.0,default,100,3.0,8,1,1,0,0,,
gamma_0.8_456_345f4dca,gamma_0.8,eval,6,456,easy,5,5,0.1,0.8,0.0,default,100,3.0,8,1,1,0,0,,
gamma_0.8_456_345f4dca,gamma_0.8,eval,7,456,easy,5,5,0.1,0.8,0.0,default,100,3.0,8,1,1,0,0,,
gamma_0.8_456_345f4dca,gamma_0.8,eval,8,456,easy,5,5,0.1,0.8,0.0,default,100,3.0,8,1,1,0,0,,
gamma_0.8_456_345f4dca,gamma_0.8,eval,9,456,easy,5,5,0.1,0.8,0.0,default,100,3.0,8,1,1,0,0,,
gamma_0.8_456_345f4dca,gamma_0.8,eval,10,456,easy,5,5,0.1,0.8,0.0,default,100,3.0,8,1,1,0,0,,
gamma_0.8_456_345f4dca,gamma_0.8,eval,1,456,easy,5,5,0.1,0.8,0.0,default,100,3.0,8,1,1,0,0,,
gamma_0.8_456_345f4dca,gamma_0.8,eval,2,456,easy,5,5,0.1,0.8,0.0,default,100,3.0,8,1,1,0,0,,
gamma_0.8_456_345f4dca,gamma_0.8,eval,3,456,easy,5,5,0.1,0.8,0.0,default,100,3.0,8,1,1,0,0,,
gamma_0.8_456_345f4dca,gamma_0.8,eval,4,456,easy,5,5,0.1,0.8,0.0,default,100,3.0,8,1,1,0,0,,
gamma_0.8_456_345f4dca,gamma_0.8,eval,5,456,easy,5,5,0.1,0.8,0.0,default,100,3.0,8,1,1,0,0,,
gamma_0.8_456_345f4dca,gamma_0.8,eval,6,456,easy,5,5,0.1,0.8,0.0,default,100,3.0,8,1,1,0,0,,
gamma_0.8_456_345f4dca,gamma_0.8,eval,7,456,easy,5,5,0.1,0.8,0.0,default,100,3.0,8,1,1,0,0,,
gamma_0.8_456_345f4dca,gamma_0.8,eval,8,456,easy,5,5,0.1,0.8,0.0,default,100,3.0,8,1,1,0,0,,
gamma_0.8_456_345f4dca,gamma_0.8,eval,9,456,easy,5,5,0.1,0.8,0.0,default,100,3.0,8,1,1,0,0,,
gamma_0.8_456_345f4dca,gamma_0.8,eval,10,456,easy,5,5,0.1,0.8,0.0,default,100,3.0,8,1,1,0,0,,
gamma_0.8_456_345f4dca,gamma_0.8,eval,1,456,easy,5,5,0.1,0.8,0.0,default,100,3.0,8,1,1,0,0,,
gamma_0.8_456_345f4dca,gamma_0.8,eval,2,456,easy,5,5,0.1,0.8,0.0,default,100,3.0,8,1,1,0,0,,
gamma_0.8_456_345f4dca,gamma_0.8,eval,3,456,easy,5,5,0.1,0.8,0.0,default,100,3.0,8,1,1,0,0,,
gamma_0.8_456_345f4dca,gamma_0.8,eval,4,456,easy,5,5,0.1,0.8,0.0,default,100,3.0,8,1,1,0,0,,
gamma_0.8_456_345f4dca,gamma_0.8,eval,5,456,easy,5,5,0.1,0.8,0.0,default,100,3.0,8,1,1,0,0,,
gamma_0.8_456_345f4dca,gamma_0.8,eval,6,456,easy,5,5,0.1,0.8,0.0,default,100,3.0,8,1,1,0,0,,
gamma_0.8_456_345f4dca,gamma_0.8,eval,7,456,easy,5,5,0.1,0.8,0.0,default,100,3.0,8,1,1,0,0,,
gamma_0.8_456_345f4dca,gamma_0.8,eval,8,456,easy,5,5,0.1,0.8,0.0,default,100,3.0,8,1,1,0,0,,
gamma_0.8_456_345f4dca,gamma_0.8,eval,9,456,easy,5,5,0.1,0.8,0.0,default,100,3.0,8,1,1,0,0,,
gamma_0.8_456_345f4dca,gamma_0.8,eval,10,456,easy,5,5,0.1,0.8,0.0,default,100,3.0,8,1,1,0,0,,
gamma_0.8_456_345f4dca,gamma_0.8,eval,1,456,easy,5,5,0.1,0.8,0.0,default,100,3.0,8,1,1,0,0,,
gamma_0.8_456_345f4dca,gamma_0.8,eval,2,456,easy,5,5,0.1,0.8,0.0,default,100,3.0,8,1,1,0,0,,
gamma_0.8_456_345f4dca,gamma_0.8,eval,3,456,easy,5,5,0.1,0.8,0.0,default,100,3.0,8,1,1,0,0,,
gamma_0.8_456_345f4dca,gamma_0.8,eval,4,456,easy,5,5,0.1,0.8,0.0,default,100,3.0,8,1,1,0,0,,
gamma_0.8_456_345f4dca,gamma_0.8,eval,5,456,easy,5,5,0.1,0.8,0.0,default,100,3.0,8,1,1,0,0,,
gamma_0.8_456_345f4dca,gamma_0.8,eval,6,456,easy,5,5,0.1,0.8,0.0,default,100,3.0,8,1,1,0,0,,
gamma_0.8_456_345f4dca,gamma_0.8,eval,7,456,easy,5,5,0.1,0.8,0.0,default,100,3.0,8,1,1,0,0,,
gamma_0.8_456_345f4dca,gamma_0.8,eval,8,456,easy,5,5,0.1,0.8,0.0,default,100,3.0,8,1,1,0,0,,
gamma_0.8_456_345f4dca,gamma_0.8,eval,9,456,easy,5,5,0.1,0.8,0.0,default,100,3.0,8,1,1,0,0,,
gamma_0.8_456_345f4dca,gamma_0.8,eval,10,456,easy,5,5,0.1,0.8,0.0,default,100,3.0,8,1,1,0,0,,
gamma_0.8_456_345f4dca,gamma_0.8,eval,1,456,easy,5,5,0.1,0.8,0.0,default,100,3.0,8,1,1,0,0,,
gamma_0.8_456_345f4dca,gamma_0.8,eval,2,456,easy,5,5,0.1,0.8,0.0,default,100,3.0,8,1,1,0,0,,
gamma_0.8_456_345f4dca,gamma_0.8,eval,3,456,easy,5,5,0.1,0.8,0.0,default,100,3.0,8,1,1,0,0,,
gamma_0.8_456_345f4dca,gamma_0.8,eval,4,456,easy,5,5,0.1,0.8,0.0,default,100,3.0,8,1,1,0,0,,
gamma_0.8_456_345f4dca,gamma_0.8,eval,5,456,easy,5,5,0.1,0.8,0.0,default,100,3.0,8,1,1,0,0,,
gamma_0.8_456_345f4dca,gamma_0.8,eval,6,456,easy,5,5,0.1,0.8,0.0,default,100,3.0,8,1,1,0,0,,
gamma_0.8_456_345f4dca,gamma_0.8,eval,7,456,easy,5,5,0.1,0.8,0.0,default,100,3.0,8,1,1,0,0,,
gamma_0.8_456_345f4dca,gamma_0.8,eval,8,456,easy,5,5,0.1,0.8,0.0,default,100,3.0,8,1,1,0,0,,
gamma_0.8_456_345f4dca,gamma_0.8,eval,9,456,easy,5,5,0.1,0.8,0.0,default,100,3.0,8,1,1,0,0,,
gamma_0.8_456_345f4dca,gamma_0.8,eval,10,456,easy,5,5,0.1,0.8,0.0,default,100,3.0,8,1,1,0,0,,
gamma_0.8_456_345f4dca,gamma_0.8,eval,1,456,easy,5,5,0.1,0.8,0.0,default,100,3.0,8,1,1,0,0,,
gamma_0.8_456_345f4dca,gamma_0.8,eval,2,456,easy,5,5,0.1,0.8,0.0,default,100,3.0,8,1,1,0,0,,
gamma_0.8_456_345f4dca,gamma_0.8,eval,3,456,easy,5,5,0.1,0.8,0.0,default,100,3.0,8,1,1,0,0,,
gamma_0.8_456_345f4dca,gamma_0.8,eval,4,456,easy,5,5,0.1,0.8,0.0,default,100,3.0,8,1,1,0,0,,
gamma_0.8_456_345f4dca,gamma_0.8,eval,5,456,easy,5,5,0.1,0.8,0.0,default,100,3.0,8,1,1,0,0,,
gamma_0.8_456_345f4dca,gamma_0.8,eval,6,456,easy,5,5,0.1,0.8,0.0,default,100,3.0,8,1,1,0,0,,
gamma_0.8_456_345f4dca,gamma_0.8,eval,7,456,easy,5,5,0.1,0.8,0.0,default,100,3.0,8,1,1,0,0,,
gamma_0.8_456_345f4dca,gamma_0.8,eval,8,456,easy,5,5,0.1,0.8,0.0,default,100,3.0,8,1,1,0,0,,
gamma_0.8_456_345f4dca,gamma_0.8,eval,9,456,easy,5,5,0.1,0.8,0.0,default,100,3.0,8,1,1,0,0,,
gamma_0.8_456_345f4dca,gamma_0.8,eval,10,456,easy,5,5,0.1,0.8,0.0,default,100,3.0,8,1,1,0,0,,
