run_id,exp_name,phase,episode,seed,map_name,rows,cols,alpha,gamma,epsilon,reward_setting,max_steps,total_reward,steps,success,terminated,truncated,hit_trap,elapsed_sec,qtable_path
reward_sparse_123_cc068aa0,reward_sparse,train,1,123,easy,5,5,0.1,0.95,0.199,default,100,-16.0,21,0,1,0,1,0.003277600000728853,
reward_sparse_123_cc068aa0,reward_sparse,train,2,123,easy,5,5,0.1,0.95,0.19800500000000001,default,100,-19.0,34,0,1,0,1,0.00407439999980852,
reward_sparse_123_cc068aa0,reward_sparse,train,3,123,easy,5,5,0.1,0.95,0.197014975,default,100,-17.0,90,0,1,0,1,0.010133899995707907,
reward_sparse_123_cc068aa0,reward_sparse,train,4,123,easy,5,5,0.1,0.95,0.19602990012500002,default,100,-1.0,59,1,1,0,0,0.006594799997401424,
reward_sparse_123_cc068aa0,reward_sparse,train,5,123,easy,5,5,0.1,0.95,0.19504975062437502,default,100,-16.0,57,0,1,0,1,0.006147400010377169,
reward_sparse_123_cc068aa0,reward_sparse,train,6,123,easy,5,5,0.1,0.95,0.19407450187125314,default,100,8.0,26,1,1,0,0,0.0032505999988643453,
reward_sparse_123_cc068aa0,reward_sparse,train,7,123,easy,5,5,0.1,0.95,0.19310412936189686,default,100,8.0,24,1,1,0,0,0.002871799995773472,
reward_sparse_123_cc068aa0,reward_sparse,train,8,123,easy,5,5,0.1,0.95,0.19213860871508737,default,100,6.0,78,1,1,0,0,0.008771900000283495,
reward_sparse_123_cc068aa0,reward_sparse,train,9,123,easy,5,5,0.1,0.95,0.19117791567151193,default,100,6.0,20,1,1,0,0,0.0023027000133879483,
reward_sparse_123_cc068aa0,reward_sparse,train,10,123,easy,5,5,0.1,0.95,0.19022202609315436,default,100,6.0,38,1,1,0,0,0.0041920000076061115,
reward_sparse_123_cc068aa0,reward_sparse,train,11,123,easy,5,5,0.1,0.95,0.18927091596268858,default,100,9.0,15,1,1,0,0,0.0018198999896412715,
reward_sparse_123_cc068aa0,reward_sparse,train,12,123,easy,5,5,0.1,0.95,0.18832456138287512,default,100,8.0,10,1,1,0,0,0.0012171000125817955,
reward_sparse_123_cc068aa0,reward_sparse,train,13,123,easy,5,5,0.1,0.95,0.18738293857596075,default,100,9.0,17,1,1,0,0,0.0020068000012543052,
reward_sparse_123_cc068aa0,reward_sparse,train,14,123,easy,5,5,0.1,0.95,0.18644602388308096,default,100,10.0,12,1,1,0,0,0.0014660000015283003,
reward_sparse_123_cc068aa0,reward_sparse,train,15,123,easy,5,5,0.1,0.95,0.18551379376366556,default,100,10.0,8,1,1,0,0,0.0010926000104518607,
reward_sparse_123_cc068aa0,reward_sparse,train,16,123,easy,5,5,0.1,0.95,0.18458622479484724,default,100,10.0,14,1,1,0,0,0.0016521999932592735,
reward_sparse_123_cc068aa0,reward_sparse,train,17,123,easy,5,5,0.1,0.95,0.183663293670873,default,100,10.0,8,1,1,0,0,0.0011052000045310706,
reward_sparse_123_cc068aa0,reward_sparse,train,18,123,easy,5,5,0.1,0.95,0.18274497720251864,default,100,8.0,14,1,1,0,0,0.0016850999963935465,
reward_sparse_123_cc068aa0,reward_sparse,train,19,123,easy,5,5,0.1,0.95,0.18183125231650604,default,100,10.0,12,1,1,0,0,0.001413299993146211,
reward_sparse_123_cc068aa0,reward_sparse,train,20,123,easy,5,5,0.1,0.95,0.18092209605492351,default,100,8.0,12,1,1,0,0,0.0013980000076116994,
reward_sparse_123_cc068aa0,reward_sparse,train,21,123,easy,5,5,0.1,0.95,0.1800174855746489,default,100,10.0,8,1,1,0,0,0.0011209000076632947,
reward_sparse_123_cc068aa0,reward_sparse,train,22,123,easy,5,5,0.1,0.95,0.17911739814677563,default,100,10.0,8,1,1,0,0,0.00104599999031052,
reward_sparse_123_cc068aa0,reward_sparse,train,23,123,easy,5,5,0.1,0.95,0.17822181115604174,default,100,10.0,8,1,1,0,0,0.0011049000022467226,
reward_sparse_123_cc068aa0,reward_sparse,train,24,123,easy,5,5,0.1,0.95,0.17733070210026153,default,100,10.0,8,1,1,0,0,0.0009980000031646341,
reward_sparse_123_cc068aa0,reward_sparse,train,25,123,easy,5,5,0.1,0.95,0.17644404858976023,default,100,10.0,10,1,1,0,0,0.0012706999987130985,
reward_sparse_123_cc068aa0,reward_sparse,train,26,123,easy,5,5,0.1,0.95,0.17556182834681144,default,100,9.0,11,1,1,0,0,0.0012998000020161271,
reward_sparse_123_cc068aa0,reward_sparse,train,27,123,easy,5,5,0.1,0.95,0.1746840192050774,default,100,10.0,8,1,1,0,0,0.0010419000027468428,
reward_sparse_123_cc068aa0,reward_sparse,train,28,123,easy,5,5,0.1,0.95,0.173810599109052,default,100,9.0,9,1,1,0,0,0.0011688999948091805,
reward_sparse_123_cc068aa0,reward_sparse,train,29,123,easy,5,5,0.1,0.95,0.17294154611350673,default,100,10.0,8,1,1,0,0,0.0010753000096883625,
reward_sparse_123_cc068aa0,reward_sparse,train,30,123,easy,5,5,0.1,0.95,0.1720768383829392,default,100,8.0,12,1,1,0,0,0.0014387999981408939,
reward_sparse_123_cc068aa0,reward_sparse,train,31,123,easy,5,5,0.1,0.95,0.1712164541910245,default,100,9.0,9,1,1,0,0,0.0011609999928623438,
reward_sparse_123_cc068aa0,reward_sparse,train,32,123,easy,5,5,0.1,0.95,0.17036037192006936,default,100,10.0,8,1,1,0,0,0.0010929000127362087,
reward_sparse_123_cc068aa0,reward_sparse,train,33,123,easy,5,5,0.1,0.95,0.16950857006046902,default,100,10.0,8,1,1,0,0,0.0010949999996228144,
reward_sparse_123_cc068aa0,reward_sparse,train,34,123,easy,5,5,0.1,0.95,0.16866102721016668,default,100,10.0,8,1,1,0,0,0.0010715999960666522,
reward_sparse_123_cc068aa0,reward_sparse,train,35,123,easy,5,5,0.1,0.95,0.16781772207411585,default,100,9.0,9,1,1,0,0,0.0011681999894790351,
reward_sparse_123_cc068aa0,reward_sparse,train,36,123,easy,5,5,0.1,0.95,0.16697863346374528,default,100,10.0,8,1,1,0,0,0.0010869000107049942,
reward_sparse_123_cc068aa0,reward_sparse,train,37,123,easy,5,5,0.1,0.95,0.16614374029642656,default,100,8.0,10,1,1,0,0,0.0012368000025162473,
reward_sparse_123_cc068aa0,reward_sparse,train,38,123,easy,5,5,0.1,0.95,0.16531302159494443,default,100,10.0,12,1,1,0,0,0.0014916999934939668,
reward_sparse_123_cc068aa0,reward_sparse,train,39,123,easy,5,5,0.1,0.95,0.16448645648696972,default,100,9.0,11,1,1,0,0,0.001301900003454648,
reward_sparse_123_cc068aa0,reward_sparse,train,40,123,easy,5,5,0.1,0.95,0.16366402420453488,default,100,8.0,10,1,1,0,0,0.001219199999468401,
reward_sparse_123_cc068aa0,reward_sparse,train,41,123,easy,5,5,0.1,0.95,0.1628457040835122,default,100,10.0,12,1,1,0,0,0.0014996999962022528,
reward_sparse_123_cc068aa0,reward_sparse,train,42,123,easy,5,5,0.1,0.95,0.16203147556309463,default,100,10.0,10,1,1,0,0,0.0013661999983014539,
reward_sparse_123_cc068aa0,reward_sparse,train,43,123,easy,5,5,0.1,0.95,0.16122131818527916,default,100,10.0,8,1,1,0,0,0.0010936000035144389,
reward_sparse_123_cc068aa0,reward_sparse,train,44,123,easy,5,5,0.1,0.95,0.16041521159435276,default,100,10.0,8,1,1,0,0,0.0010997999925166368,
reward_sparse_123_cc068aa0,reward_sparse,train,45,123,easy,5,5,0.1,0.95,0.159613135536381,default,100,10.0,8,1,1,0,0,0.0010867000091820955,
reward_sparse_123_cc068aa0,reward_sparse,train,46,123,easy,5,5,0.1,0.95,0.15881506985869911,default,100,9.0,9,1,1,0,0,0.0011679000017466024,
reward_sparse_123_cc068aa0,reward_sparse,train,47,123,easy,5,5,0.1,0.95,0.15802099450940563,default,100,7.0,11,1,1,0,0,0.0013611999893328175,
reward_sparse_123_cc068aa0,reward_sparse,train,48,123,easy,5,5,0.1,0.95,0.1572308895368586,default,100,10.0,8,1,1,0,0,0.0011621000012382865,
reward_sparse_123_cc068aa0,reward_sparse,train,49,123,easy,5,5,0.1,0.95,0.1564447350891743,default,100,10.0,8,1,1,0,0,0.00109859999793116,
reward_sparse_123_cc068aa0,reward_sparse,train,50,123,easy,5,5,0.1,0.95,0.15566251141372844,default,100,10.0,8,1,1,0,0,0.0010776999988593161,
reward_sparse_123_cc068aa0,reward_sparse,train,51,123,easy,5,5,0.1,0.95,0.1548841988566598,default,100,9.0,9,1,1,0,0,0.001162899992777966,
reward_sparse_123_cc068aa0,reward_sparse,train,52,123,easy,5,5,0.1,0.95,0.1541097778623765,default,100,9.0,9,1,1,0,0,0.001174800010630861,
reward_sparse_123_cc068aa0,reward_sparse,train,53,123,easy,5,5,0.1,0.95,0.15333922897306462,default,100,10.0,10,1,1,0,0,0.0012864000018453225,
reward_sparse_123_cc068aa0,reward_sparse,train,54,123,easy,5,5,0.1,0.95,0.1525725328281993,default,100,10.0,8,1,1,0,0,0.0010938999912468717,
reward_sparse_123_cc068aa0,reward_sparse,train,55,123,easy,5,5,0.1,0.95,0.1518096701640583,default,100,9.0,13,1,1,0,0,0.0015294999902835116,
reward_sparse_123_cc068aa0,reward_sparse,train,56,123,easy,5,5,0.1,0.95,0.151050621813238,default,100,10.0,8,1,1,0,0,0.001014900000882335,
reward_sparse_123_cc068aa0,reward_sparse,train,57,123,easy,5,5,0.1,0.95,0.15029536870417182,default,100,8.0,12,1,1,0,0,0.001461899999412708,
reward_sparse_123_cc068aa0,reward_sparse,train,58,123,easy,5,5,0.1,0.95,0.14954389186065095,default,100,-10.0,9,0,1,0,1,0.0010794000118039548,
reward_sparse_123_cc068aa0,reward_sparse,train,59,123,easy,5,5,0.1,0.95,0.1487961724013477,default,100,9.0,11,1,1,0,0,0.0014280000032158569,
reward_sparse_123_cc068aa0,reward_sparse,train,60,123,easy,5,5,0.1,0.95,0.14805219153934096,default,100,10.0,8,1,1,0,0,0.001104399998439476,
reward_sparse_123_cc068aa0,reward_sparse,train,61,123,easy,5,5,0.1,0.95,0.14731193058164427,default,100,10.0,10,1,1,0,0,0.0013007999950787053,
reward_sparse_123_cc068aa0,reward_sparse,train,62,123,easy,5,5,0.1,0.95,0.14657537092873604,default,100,10.0,8,1,1,0,0,0.0010594999912427738,
reward_sparse_123_cc068aa0,reward_sparse,train,63,123,easy,5,5,0.1,0.95,0.14584249407409236,default,100,10.0,16,1,1,0,0,0.0018815999937942252,
reward_sparse_123_cc068aa0,reward_sparse,train,64,123,easy,5,5,0.1,0.95,0.1451132816037219,default,100,10.0,8,1,1,0,0,0.001095500003430061,
reward_sparse_123_cc068aa0,reward_sparse,train,65,123,easy,5,5,0.1,0.95,0.1443877151957033,default,100,10.0,8,1,1,0,0,0.0011110000050393865,
reward_sparse_123_cc068aa0,reward_sparse,train,66,123,easy,5,5,0.1,0.95,0.14366577661972477,default,100,10.0,10,1,1,0,0,0.0012162000057287514,
reward_sparse_123_cc068aa0,reward_sparse,train,67,123,easy,5,5,0.1,0.95,0.14294744773662615,default,100,10.0,8,1,1,0,0,0.0011005999986082315,
reward_sparse_123_cc068aa0,reward_sparse,train,68,123,easy,5,5,0.1,0.95,0.14223271049794303,default,100,9.0,11,1,1,0,0,0.001357000001007691,
reward_sparse_123_cc068aa0,reward_sparse,train,69,123,easy,5,5,0.1,0.95,0.14152154694545332,default,100,10.0,8,1,1,0,0,0.0010728000052040443,
reward_sparse_123_cc068aa0,reward_sparse,train,70,123,easy,5,5,0.1,0.95,0.14081393921072605,default,100,-10.0,5,0,1,0,1,0.0006245999975362793,
reward_sparse_123_cc068aa0,reward_sparse,train,71,123,easy,5,5,0.1,0.95,0.1401098695146724,default,100,10.0,8,1,1,0,0,0.0010499000054551288,
reward_sparse_123_cc068aa0,reward_sparse,train,72,123,easy,5,5,0.1,0.95,0.13940932016709906,default,100,9.0,11,1,1,0,0,0.001342599993222393,
reward_sparse_123_cc068aa0,reward_sparse,train,73,123,easy,5,5,0.1,0.95,0.13871227356626356,default,100,8.0,10,1,1,0,0,0.0012103000044589862,
reward_sparse_123_cc068aa0,reward_sparse,train,74,123,easy,5,5,0.1,0.95,0.13801871219843223,default,100,10.0,8,1,1,0,0,0.0010877000022446737,
reward_sparse_123_cc068aa0,reward_sparse,train,75,123,easy,5,5,0.1,0.95,0.13732861863744006,default,100,9.0,11,1,1,0,0,0.001349600002868101,
reward_sparse_123_cc068aa0,reward_sparse,train,76,123,easy,5,5,0.1,0.95,0.13664197554425286,default,100,10.0,10,1,1,0,0,0.001228699999046512,
reward_sparse_123_cc068aa0,reward_sparse,train,77,123,easy,5,5,0.1,0.95,0.1359587656665316,default,100,10.0,8,1,1,0,0,0.0011266000074101612,
reward_sparse_123_cc068aa0,reward_sparse,train,78,123,easy,5,5,0.1,0.95,0.13527897183819892,default,100,9.0,9,1,1,0,0,0.0011661000025924295,
reward_sparse_123_cc068aa0,reward_sparse,train,79,123,easy,5,5,0.1,0.95,0.13460257697900793,default,100,9.0,9,1,1,0,0,0.0010089999996125698,
reward_sparse_123_cc068aa0,reward_sparse,train,80,123,easy,5,5,0.1,0.95,0.13392956409411289,default,100,8.0,10,1,1,0,0,0.0012100000021746382,
reward_sparse_123_cc068aa0,reward_sparse,train,81,123,easy,5,5,0.1,0.95,0.1332599162736423,default,100,10.0,10,1,1,0,0,0.0012728000001516193,
reward_sparse_123_cc068aa0,reward_sparse,train,82,123,easy,5,5,0.1,0.95,0.1325936166922741,default,100,10.0,8,1,1,0,0,0.0011086999875260517,
reward_sparse_123_cc068aa0,reward_sparse,train,83,123,easy,5,5,0.1,0.95,0.13193064860881273,default,100,10.0,8,1,1,0,0,0.0010889000113820657,
reward_sparse_123_cc068aa0,reward_sparse,train,84,123,easy,5,5,0.1,0.95,0.13127099536576867,default,100,9.0,9,1,1,0,0,0.0011602000013226643,
reward_sparse_123_cc068aa0,reward_sparse,train,85,123,easy,5,5,0.1,0.95,0.13061464038893983,default,100,10.0,8,1,1,0,0,0.001074599989806302,
reward_sparse_123_cc068aa0,reward_sparse,train,86,123,easy,5,5,0.1,0.95,0.12996156718699514,default,100,9.0,11,1,1,0,0,0.0013431999977910891,
reward_sparse_123_cc068aa0,reward_sparse,train,87,123,easy,5,5,0.1,0.95,0.12931175935106015,default,100,10.0,10,1,1,0,0,0.001288700004806742,
reward_sparse_123_cc068aa0,reward_sparse,train,88,123,easy,5,5,0.1,0.95,0.12866520055430486,default,100,9.0,9,1,1,0,0,0.001144399997428991,
reward_sparse_123_cc068aa0,reward_sparse,train,89,123,easy,5,5,0.1,0.95,0.12802187455153333,default,100,10.0,8,1,1,0,0,0.0010908000112976879,
reward_sparse_123_cc068aa0,reward_sparse,train,90,123,easy,5,5,0.1,0.95,0.12738176517877567,default,100,9.0,9,1,1,0,0,0.0011374000023351982,
reward_sparse_123_cc068aa0,reward_sparse,train,91,123,easy,5,5,0.1,0.95,0.1267448563528818,default,100,10.0,8,1,1,0,0,0.0010824999917531386,
reward_sparse_123_cc068aa0,reward_sparse,train,92,123,easy,5,5,0.1,0.95,0.12611113207111738,default,100,10.0,12,1,1,0,0,0.0015330999885918573,
reward_sparse_123_cc068aa0,reward_sparse,train,93,123,easy,5,5,0.1,0.95,0.1254805764107618,default,100,10.0,8,1,1,0,0,0.001080799993360415,
reward_sparse_123_cc068aa0,reward_sparse,train,94,123,easy,5,5,0.1,0.95,0.12485317352870799,default,100,9.0,11,1,1,0,0,0.0014421000087168068,
reward_sparse_123_cc068aa0,reward_sparse,train,95,123,easy,5,5,0.1,0.95,0.12422890766106445,default,100,9.0,11,1,1,0,0,0.0013949999993201345,
reward_sparse_123_cc068aa0,reward_sparse,train,96,123,easy,5,5,0.1,0.95,0.12360776312275913,default,100,9.0,11,1,1,0,0,0.001298899995163083,
reward_sparse_123_cc068aa0,reward_sparse,train,97,123,easy,5,5,0.1,0.95,0.12298972430714533,default,100,9.0,13,1,1,0,0,0.0015534999984083697,
reward_sparse_123_cc068aa0,reward_sparse,train,98,123,easy,5,5,0.1,0.95,0.1223747756856096,default,100,9.0,9,1,1,0,0,0.0011545000015757978,
reward_sparse_123_cc068aa0,reward_sparse,train,99,123,easy,5,5,0.1,0.95,0.12176290180718155,default,100,10.0,8,1,1,0,0,0.0010292000079061836,
reward_sparse_123_cc068aa0,reward_sparse,train,100,123,easy,5,5,0.1,0.95,0.12115408729814564,default,100,10.0,8,1,1,0,0,0.0010812999971676618,
reward_sparse_123_cc068aa0,reward_sparse,train,101,123,easy,5,5,0.1,0.95,0.12054831686165492,default,100,10.0,12,1,1,0,0,0.001483400003053248,
reward_sparse_123_cc068aa0,reward_sparse,train,102,123,easy,5,5,0.1,0.95,0.11994557527734664,default,100,10.0,8,1,1,0,0,0.0011033000046154484,
reward_sparse_123_cc068aa0,reward_sparse,train,103,123,easy,5,5,0.1,0.95,0.11934584740095991,default,100,-11.0,10,0,1,0,1,0.001189600006910041,
reward_sparse_123_cc068aa0,reward_sparse,train,104,123,easy,5,5,0.1,0.95,0.11874911816395511,default,100,9.0,13,1,1,0,0,0.0014287999947555363,
reward_sparse_123_cc068aa0,reward_sparse,train,105,123,easy,5,5,0.1,0.95,0.11815537257313534,default,100,9.0,9,1,1,0,0,0.0011653999972622842,
reward_sparse_123_cc068aa0,reward_sparse,train,106,123,easy,5,5,0.1,0.95,0.11756459571026966,default,100,9.0,13,1,1,0,0,0.0015595000004395843,
reward_sparse_123_cc068aa0,reward_sparse,train,107,123,easy,5,5,0.1,0.95,0.1169767727317183,default,100,10.0,8,1,1,0,0,0.0010708000045269728,
reward_sparse_123_cc068aa0,reward_sparse,train,108,123,easy,5,5,0.1,0.95,0.1163918888680597,default,100,10.0,8,1,1,0,0,0.0011030000023311004,
reward_sparse_123_cc068aa0,reward_sparse,train,109,123,easy,5,5,0.1,0.95,0.11580992942371941,default,100,10.0,8,1,1,0,0,0.0010735999967437238,
reward_sparse_123_cc068aa0,reward_sparse,train,110,123,easy,5,5,0.1,0.95,0.11523087977660082,default,100,10.0,14,1,1,0,0,0.001752299998770468,
reward_sparse_123_cc068aa0,reward_sparse,train,111,123,easy,5,5,0.1,0.95,0.11465472537771781,default,100,10.0,8,1,1,0,0,0.0010934000019915402,
reward_sparse_123_cc068aa0,reward_sparse,train,112,123,easy,5,5,0.1,0.95,0.11408145175082922,default,100,-10.0,7,0,1,0,1,0.000909399997908622,
reward_sparse_123_cc068aa0,reward_sparse,train,113,123,easy,5,5,0.1,0.95,0.11351104449207507,default,100,10.0,8,1,1,0,0,0.0011064999998779967,
reward_sparse_123_cc068aa0,reward_sparse,train,114,123,easy,5,5,0.1,0.95,0.11294348926961469,default,100,9.0,9,1,1,0,0,0.0011538999970071018,
reward_sparse_123_cc068aa0,reward_sparse,train,115,123,easy,5,5,0.1,0.95,0.11237877182326661,default,100,9.0,9,1,1,0,0,0.0011303999926894903,
reward_sparse_123_cc068aa0,reward_sparse,train,116,123,easy,5,5,0.1,0.95,0.11181687796415028,default,100,10.0,10,1,1,0,0,0.0012786999868694693,
reward_sparse_123_cc068aa0,reward_sparse,train,117,123,easy,5,5,0.1,0.95,0.11125779357432954,default,100,-10.0,11,0,1,0,1,0.0013219999964348972,
reward_sparse_123_cc068aa0,reward_sparse,train,118,123,easy,5,5,0.1,0.95,0.11070150460645789,default,100,9.0,9,1,1,0,0,0.0011728999961633235,
reward_sparse_123_cc068aa0,reward_sparse,train,119,123,easy,5,5,0.1,0.95,0.1101479970834256,default,100,9.0,9,1,1,0,0,0.0011531000054674223,
reward_sparse_123_cc068aa0,reward_sparse,train,120,123,easy,5,5,0.1,0.95,0.10959725709800847,default,100,10.0,8,1,1,0,0,0.0010991000017384067,
reward_sparse_123_cc068aa0,reward_sparse,train,121,123,easy,5,5,0.1,0.95,0.10904927081251842,default,100,-10.0,7,0,1,0,1,0.0009372000058647245,
reward_sparse_123_cc068aa0,reward_sparse,train,122,123,easy,5,5,0.1,0.95,0.10850402445845582,default,100,10.0,10,1,1,0,0,0.0012907000054838136,
reward_sparse_123_cc068aa0,reward_sparse,train,123,123,easy,5,5,0.1,0.95,0.10796150433616354,default,100,10.0,10,1,1,0,0,0.0012901000009151176,
reward_sparse_123_cc068aa0,reward_sparse,train,124,123,easy,5,5,0.1,0.95,0.10742169681448273,default,100,10.0,8,1,1,0,0,0.0010339000000385568,
reward_sparse_123_cc068aa0,reward_sparse,train,125,123,easy,5,5,0.1,0.95,0.10688458833041031,default,100,10.0,10,1,1,0,0,0.0012403000000631437,
reward_sparse_123_cc068aa0,reward_sparse,train,126,123,easy,5,5,0.1,0.95,0.10635016538875826,default,100,10.0,8,1,1,0,0,0.0010601999965729192,
reward_sparse_123_cc068aa0,reward_sparse,train,127,123,easy,5,5,0.1,0.95,0.10581841456181447,default,100,-10.0,7,0,1,0,1,0.0009446000040043145,
reward_sparse_123_cc068aa0,reward_sparse,train,128,123,easy,5,5,0.1,0.95,0.1052893224890054,default,100,9.0,9,1,1,0,0,0.0011687999940477312,
reward_sparse_123_cc068aa0,reward_sparse,train,129,123,easy,5,5,0.1,0.95,0.10476287587656037,default,100,10.0,8,1,1,0,0,0.0010894000006373972,
reward_sparse_123_cc068aa0,reward_sparse,train,130,123,easy,5,5,0.1,0.95,0.10423906149717757,default,100,9.0,9,1,1,0,0,0.001170299990917556,
reward_sparse_123_cc068aa0,reward_sparse,train,131,123,easy,5,5,0.1,0.95,0.10371786618969168,default,100,10.0,8,1,1,0,0,0.0010728999914135784,
reward_sparse_123_cc068aa0,reward_sparse,train,132,123,easy,5,5,0.1,0.95,0.10319927685874322,default,100,10.0,8,1,1,0,0,0.0010821000032592565,
reward_sparse_123_cc068aa0,reward_sparse,train,133,123,easy,5,5,0.1,0.95,0.10268328047444951,default,100,10.0,8,1,1,0,0,0.0010723000013967976,
reward_sparse_123_cc068aa0,reward_sparse,train,134,123,easy,5,5,0.1,0.95,0.10216986407207726,default,100,10.0,8,1,1,0,0,0.001090899997507222,
reward_sparse_123_cc068aa0,reward_sparse,train,135,123,easy,5,5,0.1,0.95,0.10165901475171688,default,100,10.0,10,1,1,0,0,0.001290200001676567,
reward_sparse_123_cc068aa0,reward_sparse,train,136,123,easy,5,5,0.1,0.95,0.10115071967795829,default,100,9.0,9,1,1,0,0,0.0011793000012403354,
reward_sparse_123_cc068aa0,reward_sparse,train,137,123,easy,5,5,0.1,0.95,0.10064496607956849,default,100,10.0,8,1,1,0,0,0.0010830999963218346,
reward_sparse_123_cc068aa0,reward_sparse,train,138,123,easy,5,5,0.1,0.95,0.10014174124917065,default,100,10.0,8,1,1,0,0,0.0010449999972479418,
reward_sparse_123_cc068aa0,reward_sparse,train,139,123,easy,5,5,0.1,0.95,0.09964103254292479,default,100,-10.0,7,0,1,0,1,0.0009117000008700415,
reward_sparse_123_cc068aa0,reward_sparse,train,140,123,easy,5,5,0.1,0.95,0.09914282738021017,default,100,10.0,8,1,1,0,0,0.001103800008422695,
reward_sparse_123_cc068aa0,reward_sparse,train,141,123,easy,5,5,0.1,0.95,0.09864711324330912,default,100,10.0,10,1,1,0,0,0.0013105999969411641,
reward_sparse_123_cc068aa0,reward_sparse,train,142,123,easy,5,5,0.1,0.95,0.09815387767709258,default,100,10.0,10,1,1,0,0,0.0012765999999828637,
reward_sparse_123_cc068aa0,reward_sparse,train,143,123,easy,5,5,0.1,0.95,0.09766310828870711,default,100,10.0,8,1,1,0,0,0.0010455000010551885,
reward_sparse_123_cc068aa0,reward_sparse,train,144,123,easy,5,5,0.1,0.95,0.09717479274726358,default,100,10.0,8,1,1,0,0,0.0011679000017466024,
reward_sparse_123_cc068aa0,reward_sparse,train,145,123,easy,5,5,0.1,0.95,0.09668891878352726,default,100,9.0,9,1,1,0,0,0.0011808999988716096,
reward_sparse_123_cc068aa0,reward_sparse,train,146,123,easy,5,5,0.1,0.95,0.09620547418960962,default,100,9.0,9,1,1,0,0,0.001174200006062165,
reward_sparse_123_cc068aa0,reward_sparse,train,147,123,easy,5,5,0.1,0.95,0.09572444681866157,default,100,9.0,9,1,1,0,0,0.001159799998276867,
reward_sparse_123_cc068aa0,reward_sparse,train,148,123,easy,5,5,0.1,0.95,0.09524582458456826,default,100,9.0,9,1,1,0,0,0.0011707000085152686,
reward_sparse_123_cc068aa0,reward_sparse,train,149,123,easy,5,5,0.1,0.95,0.09476959546164541,default,100,10.0,8,1,1,0,0,0.001079800000297837,
reward_sparse_123_cc068aa0,reward_sparse,train,150,123,easy,5,5,0.1,0.95,0.09429574748433718,default,100,10.0,8,1,1,0,0,0.0010887999960687011,
reward_sparse_123_cc068aa0,reward_sparse,train,151,123,easy,5,5,0.1,0.95,0.09382426874691549,default,100,10.0,8,1,1,0,0,0.0010889999975915998,
reward_sparse_123_cc068aa0,reward_sparse,train,152,123,easy,5,5,0.1,0.95,0.09335514740318092,default,100,10.0,8,1,1,0,0,0.0011064999998779967,
reward_sparse_123_cc068aa0,reward_sparse,train,153,123,easy,5,5,0.1,0.95,0.09288837166616501,default,100,10.0,8,1,1,0,0,0.001084100003936328,
reward_sparse_123_cc068aa0,reward_sparse,train,154,123,easy,5,5,0.1,0.95,0.09242392980783419,default,100,8.0,14,1,1,0,0,0.0015661000070394948,
reward_sparse_123_cc068aa0,reward_sparse,train,155,123,easy,5,5,0.1,0.95,0.09196181015879502,default,100,10.0,8,1,1,0,0,0.0011193999962415546,
reward_sparse_123_cc068aa0,reward_sparse,train,156,123,easy,5,5,0.1,0.95,0.09150200110800105,default,100,8.0,12,1,1,0,0,0.0013837000005878508,
reward_sparse_123_cc068aa0,reward_sparse,train,157,123,easy,5,5,0.1,0.95,0.09104449110246104,default,100,-10.0,7,0,1,0,1,0.0009462000016355887,
reward_sparse_123_cc068aa0,reward_sparse,train,158,123,easy,5,5,0.1,0.95,0.09058926864694875,default,100,10.0,8,1,1,0,0,0.0010902000067289919,
reward_sparse_123_cc068aa0,reward_sparse,train,159,123,easy,5,5,0.1,0.95,0.090136322303714,default,100,10.0,10,1,1,0,0,0.001265900005819276,
reward_sparse_123_cc068aa0,reward_sparse,train,160,123,easy,5,5,0.1,0.95,0.08968564069219544,default,100,9.0,9,1,1,0,0,0.0011563000007299706,
reward_sparse_123_cc068aa0,reward_sparse,train,161,123,easy,5,5,0.1,0.95,0.08923721248873447,default,100,10.0,8,1,1,0,0,0.0011324999941280112,
reward_sparse_123_cc068aa0,reward_sparse,train,162,123,easy,5,5,0.1,0.95,0.08879102642629079,default,100,10.0,8,1,1,0,0,0.0010959000064758584,
reward_sparse_123_cc068aa0,reward_sparse,train,163,123,easy,5,5,0.1,0.95,0.08834707129415934,default,100,10.0,10,1,1,0,0,0.0012418999976944178,
reward_sparse_123_cc068aa0,reward_sparse,train,164,123,easy,5,5,0.1,0.95,0.08790533593768854,default,100,10.0,8,1,1,0,0,0.0010752999951364473,
reward_sparse_123_cc068aa0,reward_sparse,train,165,123,easy,5,5,0.1,0.95,0.0874658092580001,default,100,10.0,12,1,1,0,0,0.0014266999933170155,
reward_sparse_123_cc068aa0,reward_sparse,train,166,123,easy,5,5,0.1,0.95,0.0870284802117101,default,100,10.0,8,1,1,0,0,0.0010745000035967678,
reward_sparse_123_cc068aa0,reward_sparse,train,167,123,easy,5,5,0.1,0.95,0.08659333781065155,default,100,10.0,8,1,1,0,0,0.0011126000026706606,
reward_sparse_123_cc068aa0,reward_sparse,train,168,123,easy,5,5,0.1,0.95,0.0861603711215983,default,100,9.0,9,1,1,0,0,0.0011236999998800457,
reward_sparse_123_cc068aa0,reward_sparse,train,169,123,easy,5,5,0.1,0.95,0.0857295692659903,default,100,10.0,10,1,1,0,0,0.0012970000097993761,
reward_sparse_123_cc068aa0,reward_sparse,train,170,123,easy,5,5,0.1,0.95,0.08530092141966035,default,100,9.0,9,1,1,0,0,0.0011746000091079623,
reward_sparse_123_cc068aa0,reward_sparse,train,171,123,easy,5,5,0.1,0.95,0.08487441681256205,default,100,10.0,8,1,1,0,0,0.0010842999909073114,
reward_sparse_123_cc068aa0,reward_sparse,train,172,123,easy,5,5,0.1,0.95,0.08445004472849925,default,100,10.0,8,1,1,0,0,0.0010531999869272113,
reward_sparse_123_cc068aa0,reward_sparse,train,173,123,easy,5,5,0.1,0.95,0.08402779450485676,default,100,10.0,8,1,1,0,0,0.0010959999926853925,
reward_sparse_123_cc068aa0,reward_sparse,train,174,123,easy,5,5,0.1,0.95,0.08360765553233247,default,100,10.0,10,1,1,0,0,0.0012243000091984868,
reward_sparse_123_cc068aa0,reward_sparse,train,175,123,easy,5,5,0.1,0.95,0.0831896172546708,default,100,9.0,9,1,1,0,0,0.001167800000985153,
reward_sparse_123_cc068aa0,reward_sparse,train,176,123,easy,5,5,0.1,0.95,0.08277366916839746,default,100,10.0,8,1,1,0,0,0.0010777999996207654,
reward_sparse_123_cc068aa0,reward_sparse,train,177,123,easy,5,5,0.1,0.95,0.08235980082255547,default,100,10.0,8,1,1,0,0,0.0012483000027714297,
reward_sparse_123_cc068aa0,reward_sparse,train,178,123,easy,5,5,0.1,0.95,0.08194800181844268,default,100,9.0,9,1,1,0,0,0.001408700001775287,
reward_sparse_123_cc068aa0,reward_sparse,train,179,123,easy,5,5,0.1,0.95,0.08153826180935046,default,100,9.0,9,1,1,0,0,0.0011986000026809052,
reward_sparse_123_cc068aa0,reward_sparse,train,180,123,easy,5,5,0.1,0.95,0.08113057050030371,default,100,10.0,8,1,1,0,0,0.001102299997000955,
reward_sparse_123_cc068aa0,reward_sparse,train,181,123,easy,5,5,0.1,0.95,0.0807249176478022,default,100,10.0,8,1,1,0,0,0.0011162000009790063,
reward_sparse_123_cc068aa0,reward_sparse,train,182,123,easy,5,5,0.1,0.95,0.08032129305956318,default,100,10.0,8,1,1,0,0,0.0011295000003883615,
reward_sparse_123_cc068aa0,reward_sparse,train,183,123,easy,5,5,0.1,0.95,0.07991968659426536,default,100,10.0,8,1,1,0,0,0.001079800000297837,
reward_sparse_123_cc068aa0,reward_sparse,train,184,123,easy,5,5,0.1,0.95,0.07952008816129404,default,100,9.0,9,1,1,0,0,0.0011675999994622543,
reward_sparse_123_cc068aa0,reward_sparse,train,185,123,easy,5,5,0.1,0.95,0.07912248772048756,default,100,9.0,11,1,1,0,0,0.0013605999993160367,
reward_sparse_123_cc068aa0,reward_sparse,train,186,123,easy,5,5,0.1,0.95,0.07872687528188513,default,100,10.0,8,1,1,0,0,0.0010848999954760075,
reward_sparse_123_cc068aa0,reward_sparse,train,187,123,easy,5,5,0.1,0.95,0.0783332409054757,default,100,10.0,10,1,1,0,0,0.0012483000027714297,
reward_sparse_123_cc068aa0,reward_sparse,train,188,123,easy,5,5,0.1,0.95,0.07794157470094833,default,100,10.0,12,1,1,0,0,0.001402800000505522,
reward_sparse_123_cc068aa0,reward_sparse,train,189,123,easy,5,5,0.1,0.95,0.07755186682744358,default,100,10.0,8,1,1,0,0,0.0010919999913312495,
reward_sparse_123_cc068aa0,reward_sparse,train,190,123,easy,5,5,0.1,0.95,0.07716410749330636,default,100,10.0,8,1,1,0,0,0.001073999999789521,
reward_sparse_123_cc068aa0,reward_sparse,train,191,123,easy,5,5,0.1,0.95,0.07677828695583983,default,100,10.0,8,1,1,0,0,0.0011230999953113496,
reward_sparse_123_cc068aa0,reward_sparse,train,192,123,easy,5,5,0.1,0.95,0.07639439552106063,default,100,10.0,10,1,1,0,0,0.0013169000012567267,
reward_sparse_123_cc068aa0,reward_sparse,train,193,123,easy,5,5,0.1,0.95,0.07601242354345533,default,100,10.0,8,1,1,0,0,0.001104399998439476,
reward_sparse_123_cc068aa0,reward_sparse,train,194,123,easy,5,5,0.1,0.95,0.07563236142573805,default,100,9.0,9,1,1,0,0,0.0011871999886352569,
reward_sparse_123_cc068aa0,reward_sparse,train,195,123,easy,5,5,0.1,0.95,0.07525419961860937,default,100,-10.0,7,0,1,0,1,0.0009301000100094825,
reward_sparse_123_cc068aa0,reward_sparse,train,196,123,easy,5,5,0.1,0.95,0.07487792862051632,default,100,10.0,8,1,1,0,0,0.0010929999989457428,
reward_sparse_123_cc068aa0,reward_sparse,train,197,123,easy,5,5,0.1,0.95,0.07450353897741373,default,100,10.0,8,1,1,0,0,0.0010851999977603555,
reward_sparse_123_cc068aa0,reward_sparse,train,198,123,easy,5,5,0.1,0.95,0.07413102128252666,default,100,10.0,8,1,1,0,0,0.0011002999963238835,
reward_sparse_123_cc068aa0,reward_sparse,train,199,123,easy,5,5,0.1,0.95,0.07376036617611402,default,100,10.0,8,1,1,0,0,0.0010763000027509406,
reward_sparse_123_cc068aa0,reward_sparse,train,200,123,easy,5,5,0.1,0.95,0.07339156434523345,default,100,10.0,8,1,1,0,0,0.0010965999972540885,results\reward\sparse\seed_123\qtable_ep200.npz
reward_sparse_123_cc068aa0,reward_sparse,train,201,123,easy,5,5,0.1,0.95,0.07302460652350727,default,100,10.0,8,1,1,0,0,0.0011366000107955188,
reward_sparse_123_cc068aa0,reward_sparse,train,202,123,easy,5,5,0.1,0.95,0.07265948349088973,default,100,9.0,11,1,1,0,0,0.0013784000038867816,
reward_sparse_123_cc068aa0,reward_sparse,train,203,123,easy,5,5,0.1,0.95,0.07229618607343528,default,100,10.0,8,1,1,0,0,0.0009976000001188368,
reward_sparse_123_cc068aa0,reward_sparse,train,204,123,easy,5,5,0.1,0.95,0.0719347051430681,default,100,10.0,8,1,1,0,0,0.0011489000025903806,
reward_sparse_123_cc068aa0,reward_sparse,train,205,123,easy,5,5,0.1,0.95,0.07157503161735276,default,100,10.0,8,1,1,0,0,0.0010903999936999753,
reward_sparse_123_cc068aa0,reward_sparse,train,206,123,easy,5,5,0.1,0.95,0.071217156459266,default,100,10.0,8,1,1,0,0,0.0010424000065540895,
reward_sparse_123_cc068aa0,reward_sparse,train,207,123,easy,5,5,0.1,0.95,0.07086107067696967,default,100,10.0,8,1,1,0,0,0.001032100000884384,
reward_sparse_123_cc068aa0,reward_sparse,train,208,123,easy,5,5,0.1,0.95,0.07050676532358482,default,100,10.0,12,1,1,0,0,0.0014634999970439821,
reward_sparse_123_cc068aa0,reward_sparse,train,209,123,easy,5,5,0.1,0.95,0.0701542314969669,default,100,10.0,8,1,1,0,0,0.001161000007414259,
reward_sparse_123_cc068aa0,reward_sparse,train,210,123,easy,5,5,0.1,0.95,0.06980346033948207,default,100,10.0,8,1,1,0,0,0.0010712000075727701,
reward_sparse_123_cc068aa0,reward_sparse,train,211,123,easy,5,5,0.1,0.95,0.06945444303778466,default,100,10.0,8,1,1,0,0,0.0010932000004686415,
reward_sparse_123_cc068aa0,reward_sparse,train,212,123,easy,5,5,0.1,0.95,0.06910717082259574,default,100,10.0,8,1,1,0,0,0.0010559999936958775,
reward_sparse_123_cc068aa0,reward_sparse,train,213,123,easy,5,5,0.1,0.95,0.06876163496848275,default,100,10.0,8,1,1,0,0,0.0010738999990280718,
reward_sparse_123_cc068aa0,reward_sparse,train,214,123,easy,5,5,0.1,0.95,0.06841782679364034,default,100,10.0,8,1,1,0,0,0.0010547999991104007,
reward_sparse_123_cc068aa0,reward_sparse,train,215,123,easy,5,5,0.1,0.95,0.06807573765967213,default,100,10.0,8,1,1,0,0,0.0010346000053687021,
reward_sparse_123_cc068aa0,reward_sparse,train,216,123,easy,5,5,0.1,0.95,0.06773535897137377,default,100,10.0,8,1,1,0,0,0.0010577999928500503,
reward_sparse_123_cc068aa0,reward_sparse,train,217,123,easy,5,5,0.1,0.95,0.0673966821765169,default,100,10.0,8,1,1,0,0,0.0010849999962374568,
reward_sparse_123_cc068aa0,reward_sparse,train,218,123,easy,5,5,0.1,0.95,0.0670596987656343,default,100,10.0,8,1,1,0,0,0.0010818000009749085,
reward_sparse_123_cc068aa0,reward_sparse,train,219,123,easy,5,5,0.1,0.95,0.06672440027180614,default,100,10.0,10,1,1,0,0,0.0012199000047985464,
reward_sparse_123_cc068aa0,reward_sparse,train,220,123,easy,5,5,0.1,0.95,0.0663907782704471,default,100,10.0,8,1,1,0,0,0.0011040999961551279,
reward_sparse_123_cc068aa0,reward_sparse,train,221,123,easy,5,5,0.1,0.95,0.06605882437909487,default,100,10.0,8,1,1,0,0,0.001131500001065433,
reward_sparse_123_cc068aa0,reward_sparse,train,222,123,easy,5,5,0.1,0.95,0.0657285302571994,default,100,10.0,8,1,1,0,0,0.001133000012487173,
reward_sparse_123_cc068aa0,reward_sparse,train,223,123,easy,5,5,0.1,0.95,0.06539988760591339,default,100,10.0,8,1,1,0,0,0.0010957000049529597,
reward_sparse_123_cc068aa0,reward_sparse,train,224,123,easy,5,5,0.1,0.95,0.06507288816788383,default,100,10.0,8,1,1,0,0,0.0010726999898906797,
reward_sparse_123_cc068aa0,reward_sparse,train,225,123,easy,5,5,0.1,0.95,0.06474752372704441,default,100,10.0,8,1,1,0,0,0.0011057000083383173,
reward_sparse_123_cc068aa0,reward_sparse,train,226,123,easy,5,5,0.1,0.95,0.0644237861084092,default,100,7.0,11,1,1,0,0,0.0015195000014500692,
reward_sparse_123_cc068aa0,reward_sparse,train,227,123,easy,5,5,0.1,0.95,0.06410166717786715,default,100,9.0,13,1,1,0,0,0.001854499991168268,
reward_sparse_123_cc068aa0,reward_sparse,train,228,123,easy,5,5,0.1,0.95,0.06378115884197781,default,100,10.0,8,1,1,0,0,0.0012453999952413142,
reward_sparse_123_cc068aa0,reward_sparse,train,229,123,easy,5,5,0.1,0.95,0.06346225304776792,default,100,10.0,8,1,1,0,0,0.001083499999367632,
reward_sparse_123_cc068aa0,reward_sparse,train,230,123,easy,5,5,0.1,0.95,0.06314494178252908,default,100,10.0,8,1,1,0,0,0.00104750000173226,
reward_sparse_123_cc068aa0,reward_sparse,train,231,123,easy,5,5,0.1,0.95,0.06282921707361644,default,100,10.0,8,1,1,0,0,0.0011703999916790053,
reward_sparse_123_cc068aa0,reward_sparse,train,232,123,easy,5,5,0.1,0.95,0.06251507098824835,default,100,9.0,11,1,1,0,0,0.0013347999920370057,
reward_sparse_123_cc068aa0,reward_sparse,train,233,123,easy,5,5,0.1,0.95,0.062202495633307105,default,100,9.0,9,1,1,0,0,0.0011654999980237335,
reward_sparse_123_cc068aa0,reward_sparse,train,234,123,easy,5,5,0.1,0.95,0.06189148315514057,default,100,10.0,8,1,1,0,0,0.0010590000019874424,
reward_sparse_123_cc068aa0,reward_sparse,train,235,123,easy,5,5,0.1,0.95,0.061582025739364867,default,100,10.0,10,1,1,0,0,0.0012993999989703298,
reward_sparse_123_cc068aa0,reward_sparse,train,236,123,easy,5,5,0.1,0.95,0.06127411561066804,default,100,10.0,8,1,1,0,0,0.0011095000081695616,
reward_sparse_123_cc068aa0,reward_sparse,train,237,123,easy,5,5,0.1,0.95,0.0609677450326147,default,100,10.0,8,1,1,0,0,0.0010380000021541491,
reward_sparse_123_cc068aa0,reward_sparse,train,238,123,easy,5,5,0.1,0.95,0.06066290630745162,default,100,10.0,8,1,1,0,0,0.0011182000016560778,
reward_sparse_123_cc068aa0,reward_sparse,train,239,123,easy,5,5,0.1,0.95,0.060359591775914365,default,100,9.0,11,1,1,0,0,0.0013392999971983954,
reward_sparse_123_cc068aa0,reward_sparse,train,240,123,easy,5,5,0.1,0.95,0.06005779381703479,default,100,10.0,8,1,1,0,0,0.0010940999927697703,
reward_sparse_123_cc068aa0,reward_sparse,train,241,123,easy,5,5,0.1,0.95,0.059757504847949616,default,100,10.0,10,1,1,0,0,0.001334200002020225,
reward_sparse_123_cc068aa0,reward_sparse,train,242,123,easy,5,5,0.1,0.95,0.059458717323709866,default,100,10.0,8,1,1,0,0,0.0010467000101925805,
reward_sparse_123_cc068aa0,reward_sparse,train,243,123,easy,5,5,0.1,0.95,0.059161423737091316,default,100,9.0,9,1,1,0,0,0.0013069000124232844,
reward_sparse_123_cc068aa0,reward_sparse,train,244,123,easy,5,5,0.1,0.95,0.05886561661840586,default,100,10.0,8,1,1,0,0,0.00110530000529252,
reward_sparse_123_cc068aa0,reward_sparse,train,245,123,easy,5,5,0.1,0.95,0.05857128853531383,default,100,10.0,8,1,1,0,0,0.0011209000076632947,
reward_sparse_123_cc068aa0,reward_sparse,train,246,123,easy,5,5,0.1,0.95,0.05827843209263726,default,100,10.0,8,1,1,0,0,0.0010815999994520098,
reward_sparse_123_cc068aa0,reward_sparse,train,247,123,easy,5,5,0.1,0.95,0.05798703993217407,default,100,10.0,8,1,1,0,0,0.0011017999931937084,
reward_sparse_123_cc068aa0,reward_sparse,train,248,123,easy,5,5,0.1,0.95,0.0576971047325132,default,100,10.0,8,1,1,0,0,0.0012160000042058527,
reward_sparse_123_cc068aa0,reward_sparse,train,249,123,easy,5,5,0.1,0.95,0.05740861920885063,default,100,10.0,8,1,1,0,0,0.0011162999871885404,
reward_sparse_123_cc068aa0,reward_sparse,train,250,123,easy,5,5,0.1,0.95,0.057121576112806376,default,100,10.0,8,1,1,0,0,0.0011948000028496608,
reward_sparse_123_cc068aa0,reward_sparse,train,251,123,easy,5,5,0.1,0.95,0.056835968232242344,default,100,10.0,8,1,1,0,0,0.0011155999964103103,
reward_sparse_123_cc068aa0,reward_sparse,train,252,123,easy,5,5,0.1,0.95,0.05655178839108113,default,100,10.0,8,1,1,0,0,0.0010953000019071624,
reward_sparse_123_cc068aa0,reward_sparse,train,253,123,easy,5,5,0.1,0.95,0.05626902944912573,default,100,10.0,8,1,1,0,0,0.0010209000029135495,
reward_sparse_123_cc068aa0,reward_sparse,train,254,123,easy,5,5,0.1,0.95,0.0559876843018801,default,100,10.0,8,1,1,0,0,0.0010856000008061528,
reward_sparse_123_cc068aa0,reward_sparse,train,255,123,easy,5,5,0.1,0.95,0.055707745880370696,default,100,8.0,10,1,1,0,0,0.0012398000108078122,
reward_sparse_123_cc068aa0,reward_sparse,train,256,123,easy,5,5,0.1,0.95,0.05542920715096884,default,100,9.0,9,1,1,0,0,0.0011491999903228134,
reward_sparse_123_cc068aa0,reward_sparse,train,257,123,easy,5,5,0.1,0.95,0.055152061115214,default,100,10.0,10,1,1,0,0,0.001288700004806742,
reward_sparse_123_cc068aa0,reward_sparse,train,258,123,easy,5,5,0.1,0.95,0.05487630080963793,default,100,10.0,8,1,1,0,0,0.001067500008502975,
reward_sparse_123_cc068aa0,reward_sparse,train,259,123,easy,5,5,0.1,0.95,0.05460191930558974,default,100,10.0,8,1,1,0,0,0.0010941999935312197,
reward_sparse_123_cc068aa0,reward_sparse,train,260,123,easy,5,5,0.1,0.95,0.05432890970906179,default,100,10.0,8,1,1,0,0,0.0010788000072352588,
reward_sparse_123_cc068aa0,reward_sparse,train,261,123,easy,5,5,0.1,0.95,0.05405726516051648,default,100,9.0,9,1,1,0,0,0.0012070000084349886,
reward_sparse_123_cc068aa0,reward_sparse,train,262,123,easy,5,5,0.1,0.95,0.0537869788347139,default,100,10.0,8,1,1,0,0,0.001104399998439476,
reward_sparse_123_cc068aa0,reward_sparse,train,263,123,easy,5,5,0.1,0.95,0.053518043940540334,default,100,10.0,14,1,1,0,0,0.001665899995714426,
reward_sparse_123_cc068aa0,reward_sparse,train,264,123,easy,5,5,0.1,0.95,0.053250453720837636,default,100,10.0,8,1,1,0,0,0.0011001999955624342,
reward_sparse_123_cc068aa0,reward_sparse,train,265,123,easy,5,5,0.1,0.95,0.05298420145223345,default,100,10.0,10,1,1,0,0,0.001285000005736947,
reward_sparse_123_cc068aa0,reward_sparse,train,266,123,easy,5,5,0.1,0.95,0.05271928044497228,default,100,10.0,12,1,1,0,0,0.0014052999904379249,
reward_sparse_123_cc068aa0,reward_sparse,train,267,123,easy,5,5,0.1,0.95,0.05245568404274742,default,100,9.0,9,1,1,0,0,0.0013433999993139878,
reward_sparse_123_cc068aa0,reward_sparse,train,268,123,easy,5,5,0.1,0.95,0.05219340562253368,default,100,10.0,8,1,1,0,0,0.001132700010202825,
reward_sparse_123_cc068aa0,reward_sparse,train,269,123,easy,5,5,0.1,0.95,0.05193243859442102,default,100,10.0,8,1,1,0,0,0.0011760000052163377,
reward_sparse_123_cc068aa0,reward_sparse,train,270,123,easy,5,5,0.1,0.95,0.05167277640144891,default,100,10.0,8,1,1,0,0,0.001109999997424893,
reward_sparse_123_cc068aa0,reward_sparse,train,271,123,easy,5,5,0.1,0.95,0.05141441251944167,default,100,10.0,8,1,1,0,0,0.0010749999928520992,
reward_sparse_123_cc068aa0,reward_sparse,train,272,123,easy,5,5,0.1,0.95,0.05115734045684446,default,100,10.0,8,1,1,0,0,0.00108380000165198,
reward_sparse_123_cc068aa0,reward_sparse,train,273,123,easy,5,5,0.1,0.95,0.050901553754560236,default,100,10.0,8,1,1,0,0,0.001096400010283105,
reward_sparse_123_cc068aa0,reward_sparse,train,274,123,easy,5,5,0.1,0.95,0.05064704598578743,default,100,10.0,8,1,1,0,0,0.001123499998357147,
reward_sparse_123_cc068aa0,reward_sparse,train,275,123,easy,5,5,0.1,0.95,0.0503938107558585,default,100,8.0,10,1,1,0,0,0.0012567999947350472,
reward_sparse_123_cc068aa0,reward_sparse,train,276,123,easy,5,5,0.1,0.95,0.05014184170207921,default,100,10.0,8,1,1,0,0,0.00107640000351239,
reward_sparse_123_cc068aa0,reward_sparse,train,277,123,easy,5,5,0.1,0.95,0.05,default,100,9.0,9,1,1,0,0,0.0011269000096945092,
reward_sparse_123_cc068aa0,reward_sparse,train,278,123,easy,5,5,0.1,0.95,0.05,default,100,10.0,8,1,1,0,0,0.0010705999884521589,
reward_sparse_123_cc068aa0,reward_sparse,train,279,123,easy,5,5,0.1,0.95,0.05,default,100,10.0,8,1,1,0,0,0.0010975999903166667,
reward_sparse_123_cc068aa0,reward_sparse,train,280,123,easy,5,5,0.1,0.95,0.05,default,100,9.0,9,1,1,0,0,0.0012728000001516193,
reward_sparse_123_cc068aa0,reward_sparse,train,281,123,easy,5,5,0.1,0.95,0.05,default,100,10.0,8,1,1,0,0,0.001131500001065433,
reward_sparse_123_cc068aa0,reward_sparse,train,282,123,easy,5,5,0.1,0.95,0.05,default,100,10.0,8,1,1,0,0,0.0011165000032633543,
reward_sparse_123_cc068aa0,reward_sparse,train,283,123,easy,5,5,0.1,0.95,0.05,default,100,10.0,8,1,1,0,0,0.0011060000106226653,
reward_sparse_123_cc068aa0,reward_sparse,train,284,123,easy,5,5,0.1,0.95,0.05,default,100,-11.0,8,0,1,0,1,0.0010067999974125996,
reward_sparse_123_cc068aa0,reward_sparse,train,285,123,easy,5,5,0.1,0.95,0.05,default,100,10.0,8,1,1,0,0,0.0010554999898886308,
reward_sparse_123_cc068aa0,reward_sparse,train,286,123,easy,5,5,0.1,0.95,0.05,default,100,-10.0,7,0,1,0,1,0.000934600000618957,
reward_sparse_123_cc068aa0,reward_sparse,train,287,123,easy,5,5,0.1,0.95,0.05,default,100,9.0,9,1,1,0,0,0.0014939000102458522,
reward_sparse_123_cc068aa0,reward_sparse,train,288,123,easy,5,5,0.1,0.95,0.05,default,100,9.0,9,1,1,0,0,0.001484300009906292,
reward_sparse_123_cc068aa0,reward_sparse,train,289,123,easy,5,5,0.1,0.95,0.05,default,100,10.0,8,1,1,0,0,0.0011961999989580363,
reward_sparse_123_cc068aa0,reward_sparse,train,290,123,easy,5,5,0.1,0.95,0.05,default,100,10.0,8,1,1,0,0,0.0011081999982707202,
reward_sparse_123_cc068aa0,reward_sparse,train,291,123,easy,5,5,0.1,0.95,0.05,default,100,10.0,8,1,1,0,0,0.0010861000046133995,
reward_sparse_123_cc068aa0,reward_sparse,train,292,123,easy,5,5,0.1,0.95,0.05,default,100,10.0,8,1,1,0,0,0.0010722000006353483,
reward_sparse_123_cc068aa0,reward_sparse,train,293,123,easy,5,5,0.1,0.95,0.05,default,100,10.0,8,1,1,0,0,0.0010746000043582171,
reward_sparse_123_cc068aa0,reward_sparse,train,294,123,easy,5,5,0.1,0.95,0.05,default,100,10.0,8,1,1,0,0,0.0010612000041874126,
reward_sparse_123_cc068aa0,reward_sparse,train,295,123,easy,5,5,0.1,0.95,0.05,default,100,9.0,9,1,1,0,0,0.0011482999980216846,
reward_sparse_123_cc068aa0,reward_sparse,train,296,123,easy,5,5,0.1,0.95,0.05,default,100,10.0,8,1,1,0,0,0.0010803000041050836,
reward_sparse_123_cc068aa0,reward_sparse,train,297,123,easy,5,5,0.1,0.95,0.05,default,100,10.0,8,1,1,0,0,0.0010812999971676618,
reward_sparse_123_cc068aa0,reward_sparse,train,298,123,easy,5,5,0.1,0.95,0.05,default,100,10.0,8,1,1,0,0,0.0010566999990260229,
reward_sparse_123_cc068aa0,reward_sparse,train,299,123,easy,5,5,0.1,0.95,0.05,default,100,10.0,8,1,1,0,0,0.0010665000008884817,
reward_sparse_123_cc068aa0,reward_sparse,train,300,123,easy,5,5,0.1,0.95,0.05,default,100,8.0,10,1,1,0,0,0.0012395000085234642,
reward_sparse_123_cc068aa0,reward_sparse,train,301,123,easy,5,5,0.1,0.95,0.05,default,100,10.0,8,1,1,0,0,0.0011118999973405153,
reward_sparse_123_cc068aa0,reward_sparse,train,302,123,easy,5,5,0.1,0.95,0.05,default,100,10.0,8,1,1,0,0,0.0010876000014832243,
reward_sparse_123_cc068aa0,reward_sparse,train,303,123,easy,5,5,0.1,0.95,0.05,default,100,10.0,10,1,1,0,0,0.0014130999916233122,
reward_sparse_123_cc068aa0,reward_sparse,train,304,123,easy,5,5,0.1,0.95,0.05,default,100,10.0,8,1,1,0,0,0.0010926999966613948,
reward_sparse_123_cc068aa0,reward_sparse,train,305,123,easy,5,5,0.1,0.95,0.05,default,100,9.0,9,1,1,0,0,0.0011727999954018742,
reward_sparse_123_cc068aa0,reward_sparse,train,306,123,easy,5,5,0.1,0.95,0.05,default,100,10.0,8,1,1,0,0,0.0010766000050352886,
reward_sparse_123_cc068aa0,reward_sparse,train,307,123,easy,5,5,0.1,0.95,0.05,default,100,10.0,10,1,1,0,0,0.001421299995854497,
reward_sparse_123_cc068aa0,reward_sparse,train,308,123,easy,5,5,0.1,0.95,0.05,default,100,10.0,8,1,1,0,0,0.0011373000015737489,
reward_sparse_123_cc068aa0,reward_sparse,train,309,123,easy,5,5,0.1,0.95,0.05,default,100,10.0,8,1,1,0,0,0.001068700003088452,
reward_sparse_123_cc068aa0,reward_sparse,train,310,123,easy,5,5,0.1,0.95,0.05,default,100,10.0,8,1,1,0,0,0.0010867999953916296,
reward_sparse_123_cc068aa0,reward_sparse,train,311,123,easy,5,5,0.1,0.95,0.05,default,100,10.0,8,1,1,0,0,0.00119270000141114,
reward_sparse_123_cc068aa0,reward_sparse,train,312,123,easy,5,5,0.1,0.95,0.05,default,100,10.0,8,1,1,0,0,0.0011039000091841444,
reward_sparse_123_cc068aa0,reward_sparse,train,313,123,easy,5,5,0.1,0.95,0.05,default,100,10.0,8,1,1,0,0,0.0010689999908208847,
reward_sparse_123_cc068aa0,reward_sparse,train,314,123,easy,5,5,0.1,0.95,0.05,default,100,10.0,8,1,1,0,0,0.0010847999947145581,
reward_sparse_123_cc068aa0,reward_sparse,train,315,123,easy,5,5,0.1,0.95,0.05,default,100,9.0,9,1,1,0,0,0.0012335000064922497,
reward_sparse_123_cc068aa0,reward_sparse,train,316,123,easy,5,5,0.1,0.95,0.05,default,100,10.0,8,1,1,0,0,0.001087199998437427,
reward_sparse_123_cc068aa0,reward_sparse,train,317,123,easy,5,5,0.1,0.95,0.05,default,100,10.0,8,1,1,0,0,0.001098900000215508,
reward_sparse_123_cc068aa0,reward_sparse,train,318,123,easy,5,5,0.1,0.95,0.05,default,100,10.0,8,1,1,0,0,0.0010746000043582171,
reward_sparse_123_cc068aa0,reward_sparse,train,319,123,easy,5,5,0.1,0.95,0.05,default,100,9.0,9,1,1,0,0,0.0011712999985320494,
reward_sparse_123_cc068aa0,reward_sparse,train,320,123,easy,5,5,0.1,0.95,0.05,default,100,10.0,8,1,1,0,0,0.0010820000024978071,
reward_sparse_123_cc068aa0,reward_sparse,train,321,123,easy,5,5,0.1,0.95,0.05,default,100,10.0,8,1,1,0,0,0.0011229999945499003,
reward_sparse_123_cc068aa0,reward_sparse,train,322,123,easy,5,5,0.1,0.95,0.05,default,100,10.0,8,1,1,0,0,0.001087500000721775,
reward_sparse_123_cc068aa0,reward_sparse,train,323,123,easy,5,5,0.1,0.95,0.05,default,100,10.0,8,1,1,0,0,0.0010897000029217452,
reward_sparse_123_cc068aa0,reward_sparse,train,324,123,easy,5,5,0.1,0.95,0.05,default,100,10.0,8,1,1,0,0,0.0010914000013144687,
reward_sparse_123_cc068aa0,reward_sparse,train,325,123,easy,5,5,0.1,0.95,0.05,default,100,10.0,8,1,1,0,0,0.0013101999938953668,
reward_sparse_123_cc068aa0,reward_sparse,train,326,123,easy,5,5,0.1,0.95,0.05,default,100,10.0,8,1,1,0,0,0.0012580999900819734,
reward_sparse_123_cc068aa0,reward_sparse,train,327,123,easy,5,5,0.1,0.95,0.05,default,100,10.0,8,1,1,0,0,0.001291499997023493,
reward_sparse_123_cc068aa0,reward_sparse,train,328,123,easy,5,5,0.1,0.95,0.05,default,100,10.0,8,1,1,0,0,0.0010898000036831945,
reward_sparse_123_cc068aa0,reward_sparse,train,329,123,easy,5,5,0.1,0.95,0.05,default,100,10.0,8,1,1,0,0,0.0011267999943811446,
reward_sparse_123_cc068aa0,reward_sparse,train,330,123,easy,5,5,0.1,0.95,0.05,default,100,10.0,10,1,1,0,0,0.001327700010733679,
reward_sparse_123_cc068aa0,reward_sparse,train,331,123,easy,5,5,0.1,0.95,0.05,default,100,10.0,8,1,1,0,0,0.0011168000055477023,
reward_sparse_123_cc068aa0,reward_sparse,train,332,123,easy,5,5,0.1,0.95,0.05,default,100,10.0,8,1,1,0,0,0.0010993000032613054,
reward_sparse_123_cc068aa0,reward_sparse,train,333,123,easy,5,5,0.1,0.95,0.05,default,100,10.0,8,1,1,0,0,0.001090299992938526,
reward_sparse_123_cc068aa0,reward_sparse,train,334,123,easy,5,5,0.1,0.95,0.05,default,100,10.0,8,1,1,0,0,0.001072700004442595,
reward_sparse_123_cc068aa0,reward_sparse,train,335,123,easy,5,5,0.1,0.95,0.05,default,100,10.0,8,1,1,0,0,0.0010847999947145581,
reward_sparse_123_cc068aa0,reward_sparse,train,336,123,easy,5,5,0.1,0.95,0.05,default,100,10.0,10,1,1,0,0,0.0012496999988798052,
reward_sparse_123_cc068aa0,reward_sparse,train,337,123,easy,5,5,0.1,0.95,0.05,default,100,10.0,10,1,1,0,0,0.0012716999917756766,
reward_sparse_123_cc068aa0,reward_sparse,train,338,123,easy,5,5,0.1,0.95,0.05,default,100,10.0,8,1,1,0,0,0.0010929000127362087,
reward_sparse_123_cc068aa0,reward_sparse,train,339,123,easy,5,5,0.1,0.95,0.05,default,100,10.0,8,1,1,0,0,0.0010230999905616045,
reward_sparse_123_cc068aa0,reward_sparse,train,340,123,easy,5,5,0.1,0.95,0.05,default,100,10.0,12,1,1,0,0,0.0014895000058459118,
reward_sparse_123_cc068aa0,reward_sparse,train,341,123,easy,5,5,0.1,0.95,0.05,default,100,10.0,8,1,1,0,0,0.0011135999957332388,
reward_sparse_123_cc068aa0,reward_sparse,train,342,123,easy,5,5,0.1,0.95,0.05,default,100,10.0,8,1,1,0,0,0.0010792000102810562,
reward_sparse_123_cc068aa0,reward_sparse,train,343,123,easy,5,5,0.1,0.95,0.05,default,100,10.0,8,1,1,0,0,0.0010878999892156571,
reward_sparse_123_cc068aa0,reward_sparse,train,344,123,easy,5,5,0.1,0.95,0.05,default,100,9.0,9,1,1,0,0,0.0011454000050434843,
reward_sparse_123_cc068aa0,reward_sparse,train,345,123,easy,5,5,0.1,0.95,0.05,default,100,10.0,12,1,1,0,0,0.0014666000060969964,
reward_sparse_123_cc068aa0,reward_sparse,train,346,123,easy,5,5,0.1,0.95,0.05,default,100,10.0,8,1,1,0,0,0.0010907000105362386,
reward_sparse_123_cc068aa0,reward_sparse,train,347,123,easy,5,5,0.1,0.95,0.05,default,100,10.0,8,1,1,0,0,0.0012113999982830137,
reward_sparse_123_cc068aa0,reward_sparse,train,348,123,easy,5,5,0.1,0.95,0.05,default,100,10.0,8,1,1,0,0,0.001069399993866682,
reward_sparse_123_cc068aa0,reward_sparse,train,349,123,easy,5,5,0.1,0.95,0.05,default,100,9.0,9,1,1,0,0,0.001415799997630529,
reward_sparse_123_cc068aa0,reward_sparse,train,350,123,easy,5,5,0.1,0.95,0.05,default,100,-10.0,7,0,1,0,1,0.000986300001386553,
reward_sparse_123_cc068aa0,reward_sparse,train,351,123,easy,5,5,0.1,0.95,0.05,default,100,10.0,8,1,1,0,0,0.0010866999946301803,
reward_sparse_123_cc068aa0,reward_sparse,train,352,123,easy,5,5,0.1,0.95,0.05,default,100,10.0,8,1,1,0,0,0.0010792999964905903,
reward_sparse_123_cc068aa0,reward_sparse,train,353,123,easy,5,5,0.1,0.95,0.05,default,100,10.0,8,1,1,0,0,0.0010906999959843233,
reward_sparse_123_cc068aa0,reward_sparse,train,354,123,easy,5,5,0.1,0.95,0.05,default,100,10.0,10,1,1,0,0,0.0012672000011662021,
reward_sparse_123_cc068aa0,reward_sparse,train,355,123,easy,5,5,0.1,0.95,0.05,default,100,10.0,10,1,1,0,0,0.0012762000114889815,
reward_sparse_123_cc068aa0,reward_sparse,train,356,123,easy,5,5,0.1,0.95,0.05,default,100,9.0,9,1,1,0,0,0.001141000000643544,
reward_sparse_123_cc068aa0,reward_sparse,train,357,123,easy,5,5,0.1,0.95,0.05,default,100,10.0,8,1,1,0,0,0.0010993000032613054,
reward_sparse_123_cc068aa0,reward_sparse,train,358,123,easy,5,5,0.1,0.95,0.05,default,100,10.0,8,1,1,0,0,0.0011112999927718192,
reward_sparse_123_cc068aa0,reward_sparse,train,359,123,easy,5,5,0.1,0.95,0.05,default,100,10.0,8,1,1,0,0,0.00109790000715293,
reward_sparse_123_cc068aa0,reward_sparse,train,360,123,easy,5,5,0.1,0.95,0.05,default,100,10.0,8,1,1,0,0,0.001087199998437427,
reward_sparse_123_cc068aa0,reward_sparse,train,361,123,easy,5,5,0.1,0.95,0.05,default,100,10.0,8,1,1,0,0,0.0011014000046998262,
reward_sparse_123_cc068aa0,reward_sparse,train,362,123,easy,5,5,0.1,0.95,0.05,default,100,10.0,8,1,1,0,0,0.0010956999904010445,
reward_sparse_123_cc068aa0,reward_sparse,train,363,123,easy,5,5,0.1,0.95,0.05,default,100,10.0,8,1,1,0,0,0.001180699997348711,
reward_sparse_123_cc068aa0,reward_sparse,train,364,123,easy,5,5,0.1,0.95,0.05,default,100,10.0,8,1,1,0,0,0.0011095999943790957,
reward_sparse_123_cc068aa0,reward_sparse,train,365,123,easy,5,5,0.1,0.95,0.05,default,100,10.0,8,1,1,0,0,0.0010851000115508214,
reward_sparse_123_cc068aa0,reward_sparse,train,366,123,easy,5,5,0.1,0.95,0.05,default,100,10.0,8,1,1,0,0,0.0012339999957475811,
reward_sparse_123_cc068aa0,reward_sparse,train,367,123,easy,5,5,0.1,0.95,0.05,default,100,10.0,8,1,1,0,0,0.0011265000066487119,
reward_sparse_123_cc068aa0,reward_sparse,train,368,123,easy,5,5,0.1,0.95,0.05,default,100,10.0,8,1,1,0,0,0.0010913000005530193,
reward_sparse_123_cc068aa0,reward_sparse,train,369,123,easy,5,5,0.1,0.95,0.05,default,100,10.0,8,1,1,0,0,0.0010943999950541183,
reward_sparse_123_cc068aa0,reward_sparse,train,370,123,easy,5,5,0.1,0.95,0.05,default,100,9.0,9,1,1,0,0,0.0011518000101204962,
reward_sparse_123_cc068aa0,reward_sparse,train,371,123,easy,5,5,0.1,0.95,0.05,default,100,10.0,8,1,1,0,0,0.0011909999884665012,
reward_sparse_123_cc068aa0,reward_sparse,train,372,123,easy,5,5,0.1,0.95,0.05,default,100,10.0,8,1,1,0,0,0.0011075999937020242,
reward_sparse_123_cc068aa0,reward_sparse,train,373,123,easy,5,5,0.1,0.95,0.05,default,100,10.0,8,1,1,0,0,0.0010780999873531982,
reward_sparse_123_cc068aa0,reward_sparse,train,374,123,easy,5,5,0.1,0.95,0.05,default,100,9.0,9,1,1,0,0,0.0011596999975154176,
reward_sparse_123_cc068aa0,reward_sparse,train,375,123,easy,5,5,0.1,0.95,0.05,default,100,10.0,8,1,1,0,0,0.001065099990228191,
reward_sparse_123_cc068aa0,reward_sparse,train,376,123,easy,5,5,0.1,0.95,0.05,default,100,10.0,8,1,1,0,0,0.0010847999947145581,
reward_sparse_123_cc068aa0,reward_sparse,train,377,123,easy,5,5,0.1,0.95,0.05,default,100,10.0,10,1,1,0,0,0.0012702999956673011,
reward_sparse_123_cc068aa0,reward_sparse,train,378,123,easy,5,5,0.1,0.95,0.05,default,100,10.0,8,1,1,0,0,0.001076700005796738,
reward_sparse_123_cc068aa0,reward_sparse,train,379,123,easy,5,5,0.1,0.95,0.05,default,100,10.0,8,1,1,0,0,0.0010742000013124198,
reward_sparse_123_cc068aa0,reward_sparse,train,380,123,easy,5,5,0.1,0.95,0.05,default,100,10.0,8,1,1,0,0,0.001175800003693439,
reward_sparse_123_cc068aa0,reward_sparse,train,381,123,easy,5,5,0.1,0.95,0.05,default,100,10.0,8,1,1,0,0,0.0011265000066487119,
reward_sparse_123_cc068aa0,reward_sparse,train,382,123,easy,5,5,0.1,0.95,0.05,default,100,10.0,10,1,1,0,0,0.0014254999987315387,
reward_sparse_123_cc068aa0,reward_sparse,train,383,123,easy,5,5,0.1,0.95,0.05,default,100,10.0,8,1,1,0,0,0.0011158999986946583,
reward_sparse_123_cc068aa0,reward_sparse,train,384,123,easy,5,5,0.1,0.95,0.05,default,100,9.0,9,1,1,0,0,0.001168700007838197,
reward_sparse_123_cc068aa0,reward_sparse,train,385,123,easy,5,5,0.1,0.95,0.05,default,100,9.0,11,1,1,0,0,0.0013915999879827723,
reward_sparse_123_cc068aa0,reward_sparse,train,386,123,easy,5,5,0.1,0.95,0.05,default,100,10.0,8,1,1,0,0,0.0012697999918600544,
reward_sparse_123_cc068aa0,reward_sparse,train,387,123,easy,5,5,0.1,0.95,0.05,default,100,10.0,8,1,1,0,0,0.0011340999917592853,
reward_sparse_123_cc068aa0,reward_sparse,train,388,123,easy,5,5,0.1,0.95,0.05,default,100,10.0,8,1,1,0,0,0.0011817000049632043,
reward_sparse_123_cc068aa0,reward_sparse,train,389,123,easy,5,5,0.1,0.95,0.05,default,100,10.0,8,1,1,0,0,0.001286599988816306,
reward_sparse_123_cc068aa0,reward_sparse,train,390,123,easy,5,5,0.1,0.95,0.05,default,100,10.0,10,1,1,0,0,0.0012971999967703596,
reward_sparse_123_cc068aa0,reward_sparse,train,391,123,easy,5,5,0.1,0.95,0.05,default,100,9.0,11,1,1,0,0,0.0013288999907672405,
reward_sparse_123_cc068aa0,reward_sparse,train,392,123,easy,5,5,0.1,0.95,0.05,default,100,10.0,8,1,1,0,0,0.001084100003936328,
reward_sparse_123_cc068aa0,reward_sparse,train,393,123,easy,5,5,0.1,0.95,0.05,default,100,10.0,8,1,1,0,0,0.0010618000087561086,
reward_sparse_123_cc068aa0,reward_sparse,train,394,123,easy,5,5,0.1,0.95,0.05,default,100,10.0,8,1,1,0,0,0.0010839999886229634,
reward_sparse_123_cc068aa0,reward_sparse,train,395,123,easy,5,5,0.1,0.95,0.05,default,100,10.0,8,1,1,0,0,0.0011592000082600862,
reward_sparse_123_cc068aa0,reward_sparse,train,396,123,easy,5,5,0.1,0.95,0.05,default,100,10.0,8,1,1,0,0,0.0010975000041071326,
reward_sparse_123_cc068aa0,reward_sparse,train,397,123,easy,5,5,0.1,0.95,0.05,default,100,10.0,8,1,1,0,0,0.0011035999923478812,
reward_sparse_123_cc068aa0,reward_sparse,train,398,123,easy,5,5,0.1,0.95,0.05,default,100,10.0,10,1,1,0,0,0.0011736000014934689,
reward_sparse_123_cc068aa0,reward_sparse,train,399,123,easy,5,5,0.1,0.95,0.05,default,100,10.0,8,1,1,0,0,0.0010451000125613064,
reward_sparse_123_cc068aa0,reward_sparse,train,400,123,easy,5,5,0.1,0.95,0.05,default,100,10.0,8,1,1,0,0,0.001065699994796887,results\reward\sparse\seed_123\qtable_ep400.npz
reward_sparse_123_cc068aa0,reward_sparse,train,401,123,easy,5,5,0.1,0.95,0.05,default,100,10.0,8,1,1,0,0,0.0012817999959224835,
reward_sparse_123_cc068aa0,reward_sparse,train,402,123,easy,5,5,0.1,0.95,0.05,default,100,10.0,8,1,1,0,0,0.0010974000033456832,
reward_sparse_123_cc068aa0,reward_sparse,train,403,123,easy,5,5,0.1,0.95,0.05,default,100,10.0,8,1,1,0,0,0.0011051999899791554,
reward_sparse_123_cc068aa0,reward_sparse,train,404,123,easy,5,5,0.1,0.95,0.05,default,100,9.0,9,1,1,0,0,0.0011514000070746988,
reward_sparse_123_cc068aa0,reward_sparse,train,405,123,easy,5,5,0.1,0.95,0.05,default,100,10.0,8,1,1,0,0,0.0011189000069862232,
reward_sparse_123_cc068aa0,reward_sparse,train,406,123,easy,5,5,0.1,0.95,0.05,default,100,10.0,8,1,1,0,0,0.0014277000009315088,
reward_sparse_123_cc068aa0,reward_sparse,train,407,123,easy,5,5,0.1,0.95,0.05,default,100,9.0,9,1,1,0,0,0.0013583999971160665,
reward_sparse_123_cc068aa0,reward_sparse,train,408,123,easy,5,5,0.1,0.95,0.05,default,100,10.0,8,1,1,0,0,0.0010967999987769872,
reward_sparse_123_cc068aa0,reward_sparse,train,409,123,easy,5,5,0.1,0.95,0.05,default,100,10.0,8,1,1,0,0,0.0010861000046133995,
reward_sparse_123_cc068aa0,reward_sparse,train,410,123,easy,5,5,0.1,0.95,0.05,default,100,10.0,8,1,1,0,0,0.0010880999907385558,
reward_sparse_123_cc068aa0,reward_sparse,train,411,123,easy,5,5,0.1,0.95,0.05,default,100,10.0,12,1,1,0,0,0.0014654999977210537,
reward_sparse_123_cc068aa0,reward_sparse,train,412,123,easy,5,5,0.1,0.95,0.05,default,100,10.0,8,1,1,0,0,0.0010615000064717606,
reward_sparse_123_cc068aa0,reward_sparse,train,413,123,easy,5,5,0.1,0.95,0.05,default,100,10.0,8,1,1,0,0,0.0010766000050352886,
reward_sparse_123_cc068aa0,reward_sparse,train,414,123,easy,5,5,0.1,0.95,0.05,default,100,10.0,10,1,1,0,0,0.0012403000000631437,
reward_sparse_123_cc068aa0,reward_sparse,train,415,123,easy,5,5,0.1,0.95,0.05,default,100,10.0,8,1,1,0,0,0.001071499995305203,
reward_sparse_123_cc068aa0,reward_sparse,train,416,123,easy,5,5,0.1,0.95,0.05,default,100,10.0,8,1,1,0,0,0.0010495000024093315,
reward_sparse_123_cc068aa0,reward_sparse,train,417,123,easy,5,5,0.1,0.95,0.05,default,100,10.0,8,1,1,0,0,0.0010830000101123005,
reward_sparse_123_cc068aa0,reward_sparse,train,418,123,easy,5,5,0.1,0.95,0.05,default,100,10.0,8,1,1,0,0,0.0010723999876063317,
reward_sparse_123_cc068aa0,reward_sparse,train,419,123,easy,5,5,0.1,0.95,0.05,default,100,10.0,8,1,1,0,0,0.0010781999881146476,
reward_sparse_123_cc068aa0,reward_sparse,train,420,123,easy,5,5,0.1,0.95,0.05,default,100,10.0,8,1,1,0,0,0.0010879000037675723,
reward_sparse_123_cc068aa0,reward_sparse,train,421,123,easy,5,5,0.1,0.95,0.05,default,100,10.0,8,1,1,0,0,0.0011030000023311004,
reward_sparse_123_cc068aa0,reward_sparse,train,422,123,easy,5,5,0.1,0.95,0.05,default,100,-10.0,7,0,1,0,1,0.0009334999922430143,
reward_sparse_123_cc068aa0,reward_sparse,train,423,123,easy,5,5,0.1,0.95,0.05,default,100,10.0,8,1,1,0,0,0.0011544000008143485,
reward_sparse_123_cc068aa0,reward_sparse,train,424,123,easy,5,5,0.1,0.95,0.05,default,100,10.0,8,1,1,0,0,0.0011058000090997666,
reward_sparse_123_cc068aa0,reward_sparse,train,425,123,easy,5,5,0.1,0.95,0.05,default,100,10.0,8,1,1,0,0,0.0010680000123102218,
reward_sparse_123_cc068aa0,reward_sparse,train,426,123,easy,5,5,0.1,0.95,0.05,default,100,10.0,10,1,1,0,0,0.001238899989402853,
reward_sparse_123_cc068aa0,reward_sparse,train,427,123,easy,5,5,0.1,0.95,0.05,default,100,10.0,8,1,1,0,0,0.0011430000013206154,
reward_sparse_123_cc068aa0,reward_sparse,train,428,123,easy,5,5,0.1,0.95,0.05,default,100,9.0,11,1,1,0,0,0.0013431999977910891,
reward_sparse_123_cc068aa0,reward_sparse,train,429,123,easy,5,5,0.1,0.95,0.05,default,100,9.0,9,1,1,0,0,0.0011648999934550375,
reward_sparse_123_cc068aa0,reward_sparse,train,430,123,easy,5,5,0.1,0.95,0.05,default,100,10.0,8,1,1,0,0,0.001065000004018657,
reward_sparse_123_cc068aa0,reward_sparse,train,431,123,easy,5,5,0.1,0.95,0.05,default,100,10.0,8,1,1,0,0,0.0010714000090956688,
reward_sparse_123_cc068aa0,reward_sparse,train,432,123,easy,5,5,0.1,0.95,0.05,default,100,10.0,10,1,1,0,0,0.0012658999912673607,
reward_sparse_123_cc068aa0,reward_sparse,train,433,123,easy,5,5,0.1,0.95,0.05,default,100,10.0,8,1,1,0,0,0.0010564999975031242,
reward_sparse_123_cc068aa0,reward_sparse,train,434,123,easy,5,5,0.1,0.95,0.05,default,100,10.0,8,1,1,0,0,0.0010772000096039847,
reward_sparse_123_cc068aa0,reward_sparse,train,435,123,easy,5,5,0.1,0.95,0.05,default,100,10.0,8,1,1,0,0,0.0010607000003801659,
reward_sparse_123_cc068aa0,reward_sparse,train,436,123,easy,5,5,0.1,0.95,0.05,default,100,10.0,8,1,1,0,0,0.0010713999945437536,
reward_sparse_123_cc068aa0,reward_sparse,train,437,123,easy,5,5,0.1,0.95,0.05,default,100,10.0,8,1,1,0,0,0.0010708000045269728,
reward_sparse_123_cc068aa0,reward_sparse,train,438,123,easy,5,5,0.1,0.95,0.05,default,100,9.0,9,1,1,0,0,0.001113300008000806,
reward_sparse_123_cc068aa0,reward_sparse,train,439,123,easy,5,5,0.1,0.95,0.05,default,100,10.0,8,1,1,0,0,0.0010163999977521598,
reward_sparse_123_cc068aa0,reward_sparse,train,440,123,easy,5,5,0.1,0.95,0.05,default,100,10.0,12,1,1,0,0,0.0015812000056030229,
reward_sparse_123_cc068aa0,reward_sparse,train,441,123,easy,5,5,0.1,0.95,0.05,default,100,10.0,8,1,1,0,0,0.0011000999948009849,
reward_sparse_123_cc068aa0,reward_sparse,train,442,123,easy,5,5,0.1,0.95,0.05,default,100,10.0,8,1,1,0,0,0.0010858000023290515,
reward_sparse_123_cc068aa0,reward_sparse,train,443,123,easy,5,5,0.1,0.95,0.05,default,100,10.0,8,1,1,0,0,0.0012547999940579757,
reward_sparse_123_cc068aa0,reward_sparse,train,444,123,easy,5,5,0.1,0.95,0.05,default,100,10.0,8,1,1,0,0,0.001105399991502054,
reward_sparse_123_cc068aa0,reward_sparse,train,445,123,easy,5,5,0.1,0.95,0.05,default,100,8.0,10,1,1,0,0,0.0013270000054035336,
reward_sparse_123_cc068aa0,reward_sparse,train,446,123,easy,5,5,0.1,0.95,0.05,default,100,10.0,8,1,1,0,0,0.0011082999990321696,
reward_sparse_123_cc068aa0,reward_sparse,train,447,123,easy,5,5,0.1,0.95,0.05,default,100,10.0,8,1,1,0,0,0.0010926999966613948,
reward_sparse_123_cc068aa0,reward_sparse,train,448,123,easy,5,5,0.1,0.95,0.05,default,100,10.0,10,1,1,0,0,0.0012717000063275918,
reward_sparse_123_cc068aa0,reward_sparse,train,449,123,easy,5,5,0.1,0.95,0.05,default,100,10.0,8,1,1,0,0,0.0010786000057123601,
reward_sparse_123_cc068aa0,reward_sparse,train,450,123,easy,5,5,0.1,0.95,0.05,default,100,10.0,8,1,1,0,0,0.0010866999946301803,
reward_sparse_123_cc068aa0,reward_sparse,train,451,123,easy,5,5,0.1,0.95,0.05,default,100,10.0,10,1,1,0,0,0.0012620000052265823,
reward_sparse_123_cc068aa0,reward_sparse,train,452,123,easy,5,5,0.1,0.95,0.05,default,100,10.0,8,1,1,0,0,0.0010612000041874126,
reward_sparse_123_cc068aa0,reward_sparse,train,453,123,easy,5,5,0.1,0.95,0.05,default,100,10.0,8,1,1,0,0,0.0010273999942000955,
reward_sparse_123_cc068aa0,reward_sparse,train,454,123,easy,5,5,0.1,0.95,0.05,default,100,10.0,8,1,1,0,0,0.0010566999990260229,
reward_sparse_123_cc068aa0,reward_sparse,train,455,123,easy,5,5,0.1,0.95,0.05,default,100,10.0,8,1,1,0,0,0.0010707999899750575,
reward_sparse_123_cc068aa0,reward_sparse,train,456,123,easy,5,5,0.1,0.95,0.05,default,100,10.0,8,1,1,0,0,0.0010551000013947487,
reward_sparse_123_cc068aa0,reward_sparse,train,457,123,easy,5,5,0.1,0.95,0.05,default,100,9.0,9,1,1,0,0,0.0011922000121558085,
reward_sparse_123_cc068aa0,reward_sparse,train,458,123,easy,5,5,0.1,0.95,0.05,default,100,9.0,9,1,1,0,0,0.0011310000118101016,
reward_sparse_123_cc068aa0,reward_sparse,train,459,123,easy,5,5,0.1,0.95,0.05,default,100,10.0,8,1,1,0,0,0.001086299991584383,
reward_sparse_123_cc068aa0,reward_sparse,train,460,123,easy,5,5,0.1,0.95,0.05,default,100,10.0,8,1,1,0,0,0.0010578000074019656,
reward_sparse_123_cc068aa0,reward_sparse,train,461,123,easy,5,5,0.1,0.95,0.05,default,100,10.0,8,1,1,0,0,0.0011913000053027645,
reward_sparse_123_cc068aa0,reward_sparse,train,462,123,easy,5,5,0.1,0.95,0.05,default,100,10.0,8,1,1,0,0,0.0010936000035144389,
reward_sparse_123_cc068aa0,reward_sparse,train,463,123,easy,5,5,0.1,0.95,0.05,default,100,10.0,8,1,1,0,0,0.001206599990837276,
reward_sparse_123_cc068aa0,reward_sparse,train,464,123,easy,5,5,0.1,0.95,0.05,default,100,9.0,9,1,1,0,0,0.0011590999929467216,
reward_sparse_123_cc068aa0,reward_sparse,train,465,123,easy,5,5,0.1,0.95,0.05,default,100,10.0,10,1,1,0,0,0.0013498000043909997,
reward_sparse_123_cc068aa0,reward_sparse,train,466,123,easy,5,5,0.1,0.95,0.05,default,100,8.0,12,1,1,0,0,0.001457899998058565,
reward_sparse_123_cc068aa0,reward_sparse,train,467,123,easy,5,5,0.1,0.95,0.05,default,100,10.0,8,1,1,0,0,0.0010967999987769872,
reward_sparse_123_cc068aa0,reward_sparse,train,468,123,easy,5,5,0.1,0.95,0.05,default,100,9.0,11,1,1,0,0,0.0012764999992214143,
reward_sparse_123_cc068aa0,reward_sparse,train,469,123,easy,5,5,0.1,0.95,0.05,default,100,10.0,8,1,1,0,0,0.0013329999928828329,
reward_sparse_123_cc068aa0,reward_sparse,train,470,123,easy,5,5,0.1,0.95,0.05,default,100,10.0,8,1,1,0,0,0.0010641999979270622,
reward_sparse_123_cc068aa0,reward_sparse,train,471,123,easy,5,5,0.1,0.95,0.05,default,100,10.0,8,1,1,0,0,0.0010776999988593161,
reward_sparse_123_cc068aa0,reward_sparse,train,472,123,easy,5,5,0.1,0.95,0.05,default,100,10.0,12,1,1,0,0,0.0014933999918866903,
reward_sparse_123_cc068aa0,reward_sparse,train,473,123,easy,5,5,0.1,0.95,0.05,default,100,10.0,8,1,1,0,0,0.0010895000013988465,
reward_sparse_123_cc068aa0,reward_sparse,train,474,123,easy,5,5,0.1,0.95,0.05,default,100,10.0,8,1,1,0,0,0.001228099994477816,
reward_sparse_123_cc068aa0,reward_sparse,train,475,123,easy,5,5,0.1,0.95,0.05,default,100,10.0,8,1,1,0,0,0.0010823000047821552,
reward_sparse_123_cc068aa0,reward_sparse,train,476,123,easy,5,5,0.1,0.95,0.05,default,100,10.0,8,1,1,0,0,0.001093699989723973,
reward_sparse_123_cc068aa0,reward_sparse,train,477,123,easy,5,5,0.1,0.95,0.05,default,100,10.0,8,1,1,0,0,0.0011012000031769276,
reward_sparse_123_cc068aa0,reward_sparse,train,478,123,easy,5,5,0.1,0.95,0.05,default,100,9.0,9,1,1,0,0,0.0011603000020841137,
reward_sparse_123_cc068aa0,reward_sparse,train,479,123,easy,5,5,0.1,0.95,0.05,default,100,9.0,9,1,1,0,0,0.0011470000026747584,
reward_sparse_123_cc068aa0,reward_sparse,train,480,123,easy,5,5,0.1,0.95,0.05,default,100,10.0,8,1,1,0,0,0.0010131000017281622,
reward_sparse_123_cc068aa0,reward_sparse,train,481,123,easy,5,5,0.1,0.95,0.05,default,100,10.0,8,1,1,0,0,0.0012661999935517088,
reward_sparse_123_cc068aa0,reward_sparse,train,482,123,easy,5,5,0.1,0.95,0.05,default,100,10.0,8,1,1,0,0,0.0011092000058852136,
reward_sparse_123_cc068aa0,reward_sparse,train,483,123,easy,5,5,0.1,0.95,0.05,default,100,10.0,10,1,1,0,0,0.0012981999898329377,
reward_sparse_123_cc068aa0,reward_sparse,train,484,123,easy,5,5,0.1,0.95,0.05,default,100,10.0,8,1,1,0,0,0.001103200003853999,
reward_sparse_123_cc068aa0,reward_sparse,train,485,123,easy,5,5,0.1,0.95,0.05,default,100,10.0,8,1,1,0,0,0.0010853999992832541,
reward_sparse_123_cc068aa0,reward_sparse,train,486,123,easy,5,5,0.1,0.95,0.05,default,100,10.0,8,1,1,0,0,0.0010442000057082623,
reward_sparse_123_cc068aa0,reward_sparse,train,487,123,easy,5,5,0.1,0.95,0.05,default,100,10.0,8,1,1,0,0,0.0011762999929487705,
reward_sparse_123_cc068aa0,reward_sparse,train,488,123,easy,5,5,0.1,0.95,0.05,default,100,10.0,8,1,1,0,0,0.0011076999944634736,
reward_sparse_123_cc068aa0,reward_sparse,train,489,123,easy,5,5,0.1,0.95,0.05,default,100,10.0,8,1,1,0,0,0.0010294999956386164,
reward_sparse_123_cc068aa0,reward_sparse,train,490,123,easy,5,5,0.1,0.95,0.05,default,100,10.0,8,1,1,0,0,0.0010879000037675723,
reward_sparse_123_cc068aa0,reward_sparse,train,491,123,easy,5,5,0.1,0.95,0.05,default,100,10.0,8,1,1,0,0,0.001105699993786402,
reward_sparse_123_cc068aa0,reward_sparse,train,492,123,easy,5,5,0.1,0.95,0.05,default,100,10.0,8,1,1,0,0,0.0010726999898906797,
reward_sparse_123_cc068aa0,reward_sparse,train,493,123,easy,5,5,0.1,0.95,0.05,default,100,10.0,8,1,1,0,0,0.0010746000043582171,
reward_sparse_123_cc068aa0,reward_sparse,train,494,123,easy,5,5,0.1,0.95,0.05,default,100,10.0,10,1,1,0,0,0.0012133999989600852,
reward_sparse_123_cc068aa0,reward_sparse,train,495,123,easy,5,5,0.1,0.95,0.05,default,100,10.0,8,1,1,0,0,0.0010842000046977773,
reward_sparse_123_cc068aa0,reward_sparse,train,496,123,easy,5,5,0.1,0.95,0.05,default,100,10.0,8,1,1,0,0,0.0010603999980958179,
reward_sparse_123_cc068aa0,reward_sparse,train,497,123,easy,5,5,0.1,0.95,0.05,default,100,10.0,8,1,1,0,0,0.0010891999991144985,
reward_sparse_123_cc068aa0,reward_sparse,train,498,123,easy,5,5,0.1,0.95,0.05,default,100,9.0,9,1,1,0,0,0.0011314000003039837,
reward_sparse_123_cc068aa0,reward_sparse,train,499,123,easy,5,5,0.1,0.95,0.05,default,100,10.0,8,1,1,0,0,0.001077399996574968,
reward_sparse_123_cc068aa0,reward_sparse,train,500,123,easy,5,5,0.1,0.95,0.05,default,100,10.0,10,1,1,0,0,0.0012607999960891902,
reward_sparse_123_cc068aa0,reward_sparse,train,501,123,easy,5,5,0.1,0.95,0.05,default,100,10.0,8,1,1,0,0,0.0010972000018227845,
reward_sparse_123_cc068aa0,reward_sparse,train,502,123,easy,5,5,0.1,0.95,0.05,default,100,10.0,8,1,1,0,0,0.0010493000008864328,
reward_sparse_123_cc068aa0,reward_sparse,train,503,123,easy,5,5,0.1,0.95,0.05,default,100,10.0,8,1,1,0,0,0.0012136000004829839,
reward_sparse_123_cc068aa0,reward_sparse,train,504,123,easy,5,5,0.1,0.95,0.05,default,100,10.0,10,1,1,0,0,0.0013802000030409545,
reward_sparse_123_cc068aa0,reward_sparse,train,505,123,easy,5,5,0.1,0.95,0.05,default,100,10.0,10,1,1,0,0,0.0012946000060765073,
reward_sparse_123_cc068aa0,reward_sparse,train,506,123,easy,5,5,0.1,0.95,0.05,default,100,9.0,9,1,1,0,0,0.0012510999949881807,
reward_sparse_123_cc068aa0,reward_sparse,train,507,123,easy,5,5,0.1,0.95,0.05,default,100,10.0,8,1,1,0,0,0.0010538999922573566,
reward_sparse_123_cc068aa0,reward_sparse,train,508,123,easy,5,5,0.1,0.95,0.05,default,100,9.0,9,1,1,0,0,0.0011613999959081411,
reward_sparse_123_cc068aa0,reward_sparse,train,509,123,easy,5,5,0.1,0.95,0.05,default,100,10.0,8,1,1,0,0,0.0010827000078279525,
reward_sparse_123_cc068aa0,reward_sparse,train,510,123,easy,5,5,0.1,0.95,0.05,default,100,10.0,8,1,1,0,0,0.001061699993442744,
reward_sparse_123_cc068aa0,reward_sparse,train,511,123,easy,5,5,0.1,0.95,0.05,default,100,8.0,10,1,1,0,0,0.001248700005817227,
reward_sparse_123_cc068aa0,reward_sparse,train,512,123,easy,5,5,0.1,0.95,0.05,default,100,10.0,8,1,1,0,0,0.0011024999985238537,
reward_sparse_123_cc068aa0,reward_sparse,train,513,123,easy,5,5,0.1,0.95,0.05,default,100,10.0,8,1,1,0,0,0.0010618000087561086,
reward_sparse_123_cc068aa0,reward_sparse,train,514,123,easy,5,5,0.1,0.95,0.05,default,100,10.0,8,1,1,0,0,0.0010725000029196963,
reward_sparse_123_cc068aa0,reward_sparse,train,515,123,easy,5,5,0.1,0.95,0.05,default,100,10.0,8,1,1,0,0,0.0010573000035947189,
reward_sparse_123_cc068aa0,reward_sparse,train,516,123,easy,5,5,0.1,0.95,0.05,default,100,10.0,8,1,1,0,0,0.001072400002158247,
reward_sparse_123_cc068aa0,reward_sparse,train,517,123,easy,5,5,0.1,0.95,0.05,default,100,10.0,8,1,1,0,0,0.0010725000029196963,
reward_sparse_123_cc068aa0,reward_sparse,train,518,123,easy,5,5,0.1,0.95,0.05,default,100,10.0,8,1,1,0,0,0.001071799997589551,
reward_sparse_123_cc068aa0,reward_sparse,train,519,123,easy,5,5,0.1,0.95,0.05,default,100,10.0,8,1,1,0,0,0.0010119000071426854,
reward_sparse_123_cc068aa0,reward_sparse,train,520,123,easy,5,5,0.1,0.95,0.05,default,100,10.0,12,1,1,0,0,0.0014989000046625733,
reward_sparse_123_cc068aa0,reward_sparse,train,521,123,easy,5,5,0.1,0.95,0.05,default,100,10.0,10,1,1,0,0,0.001309300001594238,
reward_sparse_123_cc068aa0,reward_sparse,train,522,123,easy,5,5,0.1,0.95,0.05,default,100,10.0,8,1,1,0,0,0.0010811999964062124,
reward_sparse_123_cc068aa0,reward_sparse,train,523,123,easy,5,5,0.1,0.95,0.05,default,100,10.0,8,1,1,0,0,0.0012581999908434227,
reward_sparse_123_cc068aa0,reward_sparse,train,524,123,easy,5,5,0.1,0.95,0.05,default,100,10.0,8,1,1,0,0,0.0011983000003965572,
reward_sparse_123_cc068aa0,reward_sparse,train,525,123,easy,5,5,0.1,0.95,0.05,default,100,-11.0,10,0,1,0,1,0.0015127999940887094,
reward_sparse_123_cc068aa0,reward_sparse,train,526,123,easy,5,5,0.1,0.95,0.05,default,100,10.0,8,1,1,0,0,0.0013763000024482608,
reward_sparse_123_cc068aa0,reward_sparse,train,527,123,easy,5,5,0.1,0.95,0.05,default,100,9.0,9,1,1,0,0,0.001257299998542294,
reward_sparse_123_cc068aa0,reward_sparse,train,528,123,easy,5,5,0.1,0.95,0.05,default,100,10.0,8,1,1,0,0,0.0010796999995363876,
reward_sparse_123_cc068aa0,reward_sparse,train,529,123,easy,5,5,0.1,0.95,0.05,default,100,9.0,9,1,1,0,0,0.0011623999889707193,
reward_sparse_123_cc068aa0,reward_sparse,train,530,123,easy,5,5,0.1,0.95,0.05,default,100,10.0,8,1,1,0,0,0.0010750000074040145,
reward_sparse_123_cc068aa0,reward_sparse,train,531,123,easy,5,5,0.1,0.95,0.05,default,100,10.0,8,1,1,0,0,0.0010596999927656725,
reward_sparse_123_cc068aa0,reward_sparse,train,532,123,easy,5,5,0.1,0.95,0.05,default,100,10.0,10,1,1,0,0,0.0012501000019256026,
reward_sparse_123_cc068aa0,reward_sparse,train,533,123,easy,5,5,0.1,0.95,0.05,default,100,10.0,8,1,1,0,0,0.0010445000079926103,
reward_sparse_123_cc068aa0,reward_sparse,train,534,123,easy,5,5,0.1,0.95,0.05,default,100,10.0,8,1,1,0,0,0.0010745000035967678,
reward_sparse_123_cc068aa0,reward_sparse,train,535,123,easy,5,5,0.1,0.95,0.05,default,100,9.0,9,1,1,0,0,0.0010685999877750874,
reward_sparse_123_cc068aa0,reward_sparse,train,536,123,easy,5,5,0.1,0.95,0.05,default,100,9.0,9,1,1,0,0,0.0011290999973425642,
reward_sparse_123_cc068aa0,reward_sparse,train,537,123,easy,5,5,0.1,0.95,0.05,default,100,10.0,8,1,1,0,0,0.0010677999962354079,
reward_sparse_123_cc068aa0,reward_sparse,train,538,123,easy,5,5,0.1,0.95,0.05,default,100,10.0,8,1,1,0,0,0.0011071000044466928,
reward_sparse_123_cc068aa0,reward_sparse,train,539,123,easy,5,5,0.1,0.95,0.05,default,100,10.0,8,1,1,0,0,0.001051500003086403,
reward_sparse_123_cc068aa0,reward_sparse,train,540,123,easy,5,5,0.1,0.95,0.05,default,100,10.0,10,1,1,0,0,0.0012564999924506992,
reward_sparse_123_cc068aa0,reward_sparse,train,541,123,easy,5,5,0.1,0.95,0.05,default,100,10.0,8,1,1,0,0,0.0011277000012341887,
reward_sparse_123_cc068aa0,reward_sparse,train,542,123,easy,5,5,0.1,0.95,0.05,default,100,10.0,8,1,1,0,0,0.0010349999938625842,
reward_sparse_123_cc068aa0,reward_sparse,train,543,123,easy,5,5,0.1,0.95,0.05,default,100,10.0,8,1,1,0,0,0.0010748000058811158,
reward_sparse_123_cc068aa0,reward_sparse,train,544,123,easy,5,5,0.1,0.95,0.05,default,100,10.0,8,1,1,0,0,0.001029399994877167,
reward_sparse_123_cc068aa0,reward_sparse,train,545,123,easy,5,5,0.1,0.95,0.05,default,100,10.0,10,1,1,0,0,0.0012483000027714297,
reward_sparse_123_cc068aa0,reward_sparse,train,546,123,easy,5,5,0.1,0.95,0.05,default,100,10.0,8,1,1,0,0,0.0010588000004645437,
reward_sparse_123_cc068aa0,reward_sparse,train,547,123,easy,5,5,0.1,0.95,0.05,default,100,10.0,8,1,1,0,0,0.0010819000017363578,
reward_sparse_123_cc068aa0,reward_sparse,train,548,123,easy,5,5,0.1,0.95,0.05,default,100,9.0,9,1,1,0,0,0.0011314000003039837,
reward_sparse_123_cc068aa0,reward_sparse,train,549,123,easy,5,5,0.1,0.95,0.05,default,100,10.0,8,1,1,0,0,0.001065999997081235,
reward_sparse_123_cc068aa0,reward_sparse,train,550,123,easy,5,5,0.1,0.95,0.05,default,100,10.0,8,1,1,0,0,0.0010600000096019357,
reward_sparse_123_cc068aa0,reward_sparse,train,551,123,easy,5,5,0.1,0.95,0.05,default,100,10.0,8,1,1,0,0,0.00106969999615103,
reward_sparse_123_cc068aa0,reward_sparse,train,552,123,easy,5,5,0.1,0.95,0.05,default,100,10.0,8,1,1,0,0,0.0010193000052822754,
reward_sparse_123_cc068aa0,reward_sparse,train,553,123,easy,5,5,0.1,0.95,0.05,default,100,10.0,8,1,1,0,0,0.0010571000020718202,
reward_sparse_123_cc068aa0,reward_sparse,train,554,123,easy,5,5,0.1,0.95,0.05,default,100,9.0,9,1,1,0,0,0.0011598999990383163,
reward_sparse_123_cc068aa0,reward_sparse,train,555,123,easy,5,5,0.1,0.95,0.05,default,100,10.0,8,1,1,0,0,0.0010654000070644543,
reward_sparse_123_cc068aa0,reward_sparse,train,556,123,easy,5,5,0.1,0.95,0.05,default,100,10.0,8,1,1,0,0,0.0010884999937843531,
reward_sparse_123_cc068aa0,reward_sparse,train,557,123,easy,5,5,0.1,0.95,0.05,default,100,10.0,8,1,1,0,0,0.0010639999964041635,
reward_sparse_123_cc068aa0,reward_sparse,train,558,123,easy,5,5,0.1,0.95,0.05,default,100,9.0,9,1,1,0,0,0.0011384999961592257,
reward_sparse_123_cc068aa0,reward_sparse,train,559,123,easy,5,5,0.1,0.95,0.05,default,100,9.0,9,1,1,0,0,0.0011235999991185963,
reward_sparse_123_cc068aa0,reward_sparse,train,560,123,easy,5,5,0.1,0.95,0.05,default,100,10.0,8,1,1,0,0,0.0010944999958155677,
reward_sparse_123_cc068aa0,reward_sparse,train,561,123,easy,5,5,0.1,0.95,0.05,default,100,10.0,8,1,1,0,0,0.0011175999970873818,
reward_sparse_123_cc068aa0,reward_sparse,train,562,123,easy,5,5,0.1,0.95,0.05,default,100,9.0,9,1,1,0,0,0.0011155999964103103,
reward_sparse_123_cc068aa0,reward_sparse,train,563,123,easy,5,5,0.1,0.95,0.05,default,100,9.0,9,1,1,0,0,0.0011539999977685511,
reward_sparse_123_cc068aa0,reward_sparse,train,564,123,easy,5,5,0.1,0.95,0.05,default,100,10.0,8,1,1,0,0,0.001079499998013489,
reward_sparse_123_cc068aa0,reward_sparse,train,565,123,easy,5,5,0.1,0.95,0.05,default,100,-10.0,7,0,1,0,1,0.0009194000012939796,
reward_sparse_123_cc068aa0,reward_sparse,train,566,123,easy,5,5,0.1,0.95,0.05,default,100,10.0,10,1,1,0,0,0.0012547999940579757,
reward_sparse_123_cc068aa0,reward_sparse,train,567,123,easy,5,5,0.1,0.95,0.05,default,100,8.0,10,1,1,0,0,0.0012468000059016049,
reward_sparse_123_cc068aa0,reward_sparse,train,568,123,easy,5,5,0.1,0.95,0.05,default,100,10.0,8,1,1,0,0,0.0010560999944573268,
reward_sparse_123_cc068aa0,reward_sparse,train,569,123,easy,5,5,0.1,0.95,0.05,default,100,10.0,10,1,1,0,0,0.0012671000004047528,
reward_sparse_123_cc068aa0,reward_sparse,train,570,123,easy,5,5,0.1,0.95,0.05,default,100,10.0,8,1,1,0,0,0.0010791000095196068,
reward_sparse_123_cc068aa0,reward_sparse,train,571,123,easy,5,5,0.1,0.95,0.05,default,100,9.0,11,1,1,0,0,0.0012692000018432736,
reward_sparse_123_cc068aa0,reward_sparse,train,572,123,easy,5,5,0.1,0.95,0.05,default,100,10.0,8,1,1,0,0,0.0010743000020738691,
reward_sparse_123_cc068aa0,reward_sparse,train,573,123,easy,5,5,0.1,0.95,0.05,default,100,10.0,8,1,1,0,0,0.0010566999990260229,
reward_sparse_123_cc068aa0,reward_sparse,train,574,123,easy,5,5,0.1,0.95,0.05,default,100,10.0,8,1,1,0,0,0.0011408999998820946,
reward_sparse_123_cc068aa0,reward_sparse,train,575,123,easy,5,5,0.1,0.95,0.05,default,100,10.0,8,1,1,0,0,0.0010141999955521896,
reward_sparse_123_cc068aa0,reward_sparse,train,576,123,easy,5,5,0.1,0.95,0.05,default,100,10.0,8,1,1,0,0,0.0010726999898906797,
reward_sparse_123_cc068aa0,reward_sparse,train,577,123,easy,5,5,0.1,0.95,0.05,default,100,10.0,8,1,1,0,0,0.0010210000036749989,
reward_sparse_123_cc068aa0,reward_sparse,train,578,123,easy,5,5,0.1,0.95,0.05,default,100,10.0,8,1,1,0,0,0.0010786000057123601,
reward_sparse_123_cc068aa0,reward_sparse,train,579,123,easy,5,5,0.1,0.95,0.05,default,100,10.0,8,1,1,0,0,0.0011112000065622851,
reward_sparse_123_cc068aa0,reward_sparse,train,580,123,easy,5,5,0.1,0.95,0.05,default,100,10.0,8,1,1,0,0,0.0010332999954698607,
reward_sparse_123_cc068aa0,reward_sparse,train,581,123,easy,5,5,0.1,0.95,0.05,default,100,10.0,12,1,1,0,0,0.0014983000000938773,
reward_sparse_123_cc068aa0,reward_sparse,train,582,123,easy,5,5,0.1,0.95,0.05,default,100,9.0,9,1,1,0,0,0.0011532999924384058,
reward_sparse_123_cc068aa0,reward_sparse,train,583,123,easy,5,5,0.1,0.95,0.05,default,100,9.0,9,1,1,0,0,0.0011168000055477023,
reward_sparse_123_cc068aa0,reward_sparse,train,584,123,easy,5,5,0.1,0.95,0.05,default,100,10.0,8,1,1,0,0,0.0010623999987728894,
reward_sparse_123_cc068aa0,reward_sparse,train,585,123,easy,5,5,0.1,0.95,0.05,default,100,10.0,8,1,1,0,0,0.001034000000800006,
reward_sparse_123_cc068aa0,reward_sparse,train,586,123,easy,5,5,0.1,0.95,0.05,default,100,10.0,8,1,1,0,0,0.0010307000047760084,
reward_sparse_123_cc068aa0,reward_sparse,train,587,123,easy,5,5,0.1,0.95,0.05,default,100,10.0,8,1,1,0,0,0.0010847999947145581,
reward_sparse_123_cc068aa0,reward_sparse,train,588,123,easy,5,5,0.1,0.95,0.05,default,100,10.0,8,1,1,0,0,0.0010777999996207654,
reward_sparse_123_cc068aa0,reward_sparse,train,589,123,easy,5,5,0.1,0.95,0.05,default,100,9.0,11,1,1,0,0,0.0012816999951610342,
reward_sparse_123_cc068aa0,reward_sparse,train,590,123,easy,5,5,0.1,0.95,0.05,default,100,10.0,8,1,1,0,0,0.001073300009011291,
reward_sparse_123_cc068aa0,reward_sparse,train,591,123,easy,5,5,0.1,0.95,0.05,default,100,9.0,9,1,1,0,0,0.00107709999429062,
reward_sparse_123_cc068aa0,reward_sparse,train,592,123,easy,5,5,0.1,0.95,0.05,default,100,10.0,10,1,1,0,0,0.0013426000077743083,
reward_sparse_123_cc068aa0,reward_sparse,train,593,123,easy,5,5,0.1,0.95,0.05,default,100,10.0,8,1,1,0,0,0.001029000006383285,
reward_sparse_123_cc068aa0,reward_sparse,train,594,123,easy,5,5,0.1,0.95,0.05,default,100,10.0,8,1,1,0,0,0.001094500010367483,
reward_sparse_123_cc068aa0,reward_sparse,train,595,123,easy,5,5,0.1,0.95,0.05,default,100,10.0,8,1,1,0,0,0.0010742000013124198,
reward_sparse_123_cc068aa0,reward_sparse,train,596,123,easy,5,5,0.1,0.95,0.05,default,100,9.0,9,1,1,0,0,0.0011472999904071912,
reward_sparse_123_cc068aa0,reward_sparse,train,597,123,easy,5,5,0.1,0.95,0.05,default,100,10.0,8,1,1,0,0,0.001090599995222874,
reward_sparse_123_cc068aa0,reward_sparse,train,598,123,easy,5,5,0.1,0.95,0.05,default,100,10.0,8,1,1,0,0,0.0010573000035947189,
reward_sparse_123_cc068aa0,reward_sparse,train,599,123,easy,5,5,0.1,0.95,0.05,default,100,10.0,12,1,1,0,0,0.001440399995772168,
reward_sparse_123_cc068aa0,reward_sparse,train,600,123,easy,5,5,0.1,0.95,0.05,default,100,-10.0,7,0,1,0,1,0.000894299999345094,results\reward\sparse\seed_123\qtable_ep600.npz
reward_sparse_123_cc068aa0,reward_sparse,train,601,123,easy,5,5,0.1,0.95,0.05,default,100,10.0,8,1,1,0,0,0.0011213999969186261,
reward_sparse_123_cc068aa0,reward_sparse,train,602,123,easy,5,5,0.1,0.95,0.05,default,100,10.0,8,1,1,0,0,0.0011363999947207049,
reward_sparse_123_cc068aa0,reward_sparse,train,603,123,easy,5,5,0.1,0.95,0.05,default,100,10.0,8,1,1,0,0,0.0010843999916687608,
reward_sparse_123_cc068aa0,reward_sparse,train,604,123,easy,5,5,0.1,0.95,0.05,default,100,10.0,8,1,1,0,0,0.0010526999976718798,
reward_sparse_123_cc068aa0,reward_sparse,train,605,123,easy,5,5,0.1,0.95,0.05,default,100,9.0,9,1,1,0,0,0.0011633999965852126,
reward_sparse_123_cc068aa0,reward_sparse,train,606,123,easy,5,5,0.1,0.95,0.05,default,100,10.0,8,1,1,0,0,0.0010889999975915998,
reward_sparse_123_cc068aa0,reward_sparse,train,607,123,easy,5,5,0.1,0.95,0.05,default,100,10.0,8,1,1,0,0,0.0011017000069841743,
reward_sparse_123_cc068aa0,reward_sparse,train,608,123,easy,5,5,0.1,0.95,0.05,default,100,10.0,8,1,1,0,0,0.0010618999949656427,
reward_sparse_123_cc068aa0,reward_sparse,train,609,123,easy,5,5,0.1,0.95,0.05,default,100,10.0,8,1,1,0,0,0.0010780000011436641,
reward_sparse_123_cc068aa0,reward_sparse,train,610,123,easy,5,5,0.1,0.95,0.05,default,100,10.0,8,1,1,0,0,0.0010557999921729788,
reward_sparse_123_cc068aa0,reward_sparse,train,611,123,easy,5,5,0.1,0.95,0.05,default,100,10.0,8,1,1,0,0,0.0010796999995363876,
reward_sparse_123_cc068aa0,reward_sparse,train,612,123,easy,5,5,0.1,0.95,0.05,default,100,10.0,10,1,1,0,0,0.0012882000009994954,
reward_sparse_123_cc068aa0,reward_sparse,train,613,123,easy,5,5,0.1,0.95,0.05,default,100,-10.0,7,0,1,0,1,0.0009147999953711405,
reward_sparse_123_cc068aa0,reward_sparse,train,614,123,easy,5,5,0.1,0.95,0.05,default,100,10.0,8,1,1,0,0,0.0010726000036811456,
reward_sparse_123_cc068aa0,reward_sparse,train,615,123,easy,5,5,0.1,0.95,0.05,default,100,10.0,8,1,1,0,0,0.0010765000042738393,
reward_sparse_123_cc068aa0,reward_sparse,train,616,123,easy,5,5,0.1,0.95,0.05,default,100,10.0,10,1,1,0,0,0.0012846000026911497,
reward_sparse_123_cc068aa0,reward_sparse,train,617,123,easy,5,5,0.1,0.95,0.05,default,100,9.0,11,1,1,0,0,0.001344099990092218,
reward_sparse_123_cc068aa0,reward_sparse,train,618,123,easy,5,5,0.1,0.95,0.05,default,100,10.0,8,1,1,0,0,0.0010849000100279227,
reward_sparse_123_cc068aa0,reward_sparse,train,619,123,easy,5,5,0.1,0.95,0.05,default,100,10.0,8,1,1,0,0,0.001086599993868731,
reward_sparse_123_cc068aa0,reward_sparse,train,620,123,easy,5,5,0.1,0.95,0.05,default,100,10.0,10,1,1,0,0,0.0012722999963443726,
reward_sparse_123_cc068aa0,reward_sparse,train,621,123,easy,5,5,0.1,0.95,0.05,default,100,10.0,8,1,1,0,0,0.0011224000045331195,
reward_sparse_123_cc068aa0,reward_sparse,train,622,123,easy,5,5,0.1,0.95,0.05,default,100,10.0,10,1,1,0,0,0.0013229000032879412,
reward_sparse_123_cc068aa0,reward_sparse,train,623,123,easy,5,5,0.1,0.95,0.05,default,100,10.0,10,1,1,0,0,0.0013085999962640926,
reward_sparse_123_cc068aa0,reward_sparse,train,624,123,easy,5,5,0.1,0.95,0.05,default,100,10.0,8,1,1,0,0,0.0010563999967416748,
reward_sparse_123_cc068aa0,reward_sparse,train,625,123,easy,5,5,0.1,0.95,0.05,default,100,10.0,8,1,1,0,0,0.0010812000109581277,
reward_sparse_123_cc068aa0,reward_sparse,train,626,123,easy,5,5,0.1,0.95,0.05,default,100,10.0,8,1,1,0,0,0.0010819000017363578,
reward_sparse_123_cc068aa0,reward_sparse,train,627,123,easy,5,5,0.1,0.95,0.05,default,100,10.0,8,1,1,0,0,0.0010311999940313399,
reward_sparse_123_cc068aa0,reward_sparse,train,628,123,easy,5,5,0.1,0.95,0.05,default,100,10.0,8,1,1,0,0,0.0010814999986905605,
reward_sparse_123_cc068aa0,reward_sparse,train,629,123,easy,5,5,0.1,0.95,0.05,default,100,10.0,8,1,1,0,0,0.001072400002158247,
reward_sparse_123_cc068aa0,reward_sparse,train,630,123,easy,5,5,0.1,0.95,0.05,default,100,10.0,8,1,1,0,0,0.0010852999985218048,
reward_sparse_123_cc068aa0,reward_sparse,train,631,123,easy,5,5,0.1,0.95,0.05,default,100,10.0,8,1,1,0,0,0.0010590999881969765,
reward_sparse_123_cc068aa0,reward_sparse,train,632,123,easy,5,5,0.1,0.95,0.05,default,100,10.0,8,1,1,0,0,0.00109709998650942,
reward_sparse_123_cc068aa0,reward_sparse,train,633,123,easy,5,5,0.1,0.95,0.05,default,100,10.0,8,1,1,0,0,0.0010651999909896404,
reward_sparse_123_cc068aa0,reward_sparse,train,634,123,easy,5,5,0.1,0.95,0.05,default,100,10.0,8,1,1,0,0,0.0010827000078279525,
reward_sparse_123_cc068aa0,reward_sparse,train,635,123,easy,5,5,0.1,0.95,0.05,default,100,10.0,8,1,1,0,0,0.0010694999946281314,
reward_sparse_123_cc068aa0,reward_sparse,train,636,123,easy,5,5,0.1,0.95,0.05,default,100,10.0,8,1,1,0,0,0.0010817999864229932,
reward_sparse_123_cc068aa0,reward_sparse,train,637,123,easy,5,5,0.1,0.95,0.05,default,100,10.0,8,1,1,0,0,0.0011079999967478216,
reward_sparse_123_cc068aa0,reward_sparse,train,638,123,easy,5,5,0.1,0.95,0.05,default,100,10.0,8,1,1,0,0,0.0010738999990280718,
reward_sparse_123_cc068aa0,reward_sparse,train,639,123,easy,5,5,0.1,0.95,0.05,default,100,10.0,8,1,1,0,0,0.0010953000019071624,
reward_sparse_123_cc068aa0,reward_sparse,train,640,123,easy,5,5,0.1,0.95,0.05,default,100,10.0,8,1,1,0,0,0.0010834000131580979,
reward_sparse_123_cc068aa0,reward_sparse,train,641,123,easy,5,5,0.1,0.95,0.05,default,100,10.0,8,1,1,0,0,0.0011436000058893114,
reward_sparse_123_cc068aa0,reward_sparse,train,642,123,easy,5,5,0.1,0.95,0.05,default,100,9.0,9,1,1,0,0,0.0011569000052986667,
reward_sparse_123_cc068aa0,reward_sparse,train,643,123,easy,5,5,0.1,0.95,0.05,default,100,10.0,8,1,1,0,0,0.0011233999975956976,
reward_sparse_123_cc068aa0,reward_sparse,train,644,123,easy,5,5,0.1,0.95,0.05,default,100,9.0,9,1,1,0,0,0.001150299998698756,
reward_sparse_123_cc068aa0,reward_sparse,train,645,123,easy,5,5,0.1,0.95,0.05,default,100,10.0,8,1,1,0,0,0.0011042999976780266,
reward_sparse_123_cc068aa0,reward_sparse,train,646,123,easy,5,5,0.1,0.95,0.05,default,100,10.0,8,1,1,0,0,0.001073999999789521,
reward_sparse_123_cc068aa0,reward_sparse,train,647,123,easy,5,5,0.1,0.95,0.05,default,100,9.0,11,1,1,0,0,0.0013329000066732988,
reward_sparse_123_cc068aa0,reward_sparse,train,648,123,easy,5,5,0.1,0.95,0.05,default,100,9.0,9,1,1,0,0,0.0011513999925227836,
reward_sparse_123_cc068aa0,reward_sparse,train,649,123,easy,5,5,0.1,0.95,0.05,default,100,10.0,8,1,1,0,0,0.0010583000112092122,
reward_sparse_123_cc068aa0,reward_sparse,train,650,123,easy,5,5,0.1,0.95,0.05,default,100,10.0,14,1,1,0,0,0.001682499991147779,
reward_sparse_123_cc068aa0,reward_sparse,train,651,123,easy,5,5,0.1,0.95,0.05,default,100,10.0,8,1,1,0,0,0.001079800000297837,
reward_sparse_123_cc068aa0,reward_sparse,train,652,123,easy,5,5,0.1,0.95,0.05,default,100,10.0,8,1,1,0,0,0.0010601999965729192,
reward_sparse_123_cc068aa0,reward_sparse,train,653,123,easy,5,5,0.1,0.95,0.05,default,100,9.0,9,1,1,0,0,0.0011554000084288418,
reward_sparse_123_cc068aa0,reward_sparse,train,654,123,easy,5,5,0.1,0.95,0.05,default,100,10.0,8,1,1,0,0,0.0010940999927697703,
reward_sparse_123_cc068aa0,reward_sparse,train,655,123,easy,5,5,0.1,0.95,0.05,default,100,10.0,8,1,1,0,0,0.0010776999988593161,
reward_sparse_123_cc068aa0,reward_sparse,train,656,123,easy,5,5,0.1,0.95,0.05,default,100,10.0,8,1,1,0,0,0.0010617000079946592,
reward_sparse_123_cc068aa0,reward_sparse,train,657,123,easy,5,5,0.1,0.95,0.05,default,100,9.0,9,1,1,0,0,0.0011338000040268525,
reward_sparse_123_cc068aa0,reward_sparse,train,658,123,easy,5,5,0.1,0.95,0.05,default,100,10.0,8,1,1,0,0,0.0010814999986905605,
reward_sparse_123_cc068aa0,reward_sparse,train,659,123,easy,5,5,0.1,0.95,0.05,default,100,10.0,8,1,1,0,0,0.0010700999991968274,
reward_sparse_123_cc068aa0,reward_sparse,train,660,123,easy,5,5,0.1,0.95,0.05,default,100,10.0,8,1,1,0,0,0.0010533000022405759,
reward_sparse_123_cc068aa0,reward_sparse,train,661,123,easy,5,5,0.1,0.95,0.05,default,100,10.0,8,1,1,0,0,0.0010935999889625236,
reward_sparse_123_cc068aa0,reward_sparse,train,662,123,easy,5,5,0.1,0.95,0.05,default,100,10.0,8,1,1,0,0,0.0010609000019030645,
reward_sparse_123_cc068aa0,reward_sparse,train,663,123,easy,5,5,0.1,0.95,0.05,default,100,10.0,8,1,1,0,0,0.0010923000081675127,
reward_sparse_123_cc068aa0,reward_sparse,train,664,123,easy,5,5,0.1,0.95,0.05,default,100,10.0,10,1,1,0,0,0.0012742999970214441,
reward_sparse_123_cc068aa0,reward_sparse,train,665,123,easy,5,5,0.1,0.95,0.05,default,100,10.0,10,1,1,0,0,0.0013139999937266111,
reward_sparse_123_cc068aa0,reward_sparse,train,666,123,easy,5,5,0.1,0.95,0.05,default,100,10.0,8,1,1,0,0,0.0010676000092644244,
reward_sparse_123_cc068aa0,reward_sparse,train,667,123,easy,5,5,0.1,0.95,0.05,default,100,10.0,8,1,1,0,0,0.0010775999980978668,
reward_sparse_123_cc068aa0,reward_sparse,train,668,123,easy,5,5,0.1,0.95,0.05,default,100,9.0,9,1,1,0,0,0.0011580999998841435,
reward_sparse_123_cc068aa0,reward_sparse,train,669,123,easy,5,5,0.1,0.95,0.05,default,100,10.0,8,1,1,0,0,0.001099500004784204,
reward_sparse_123_cc068aa0,reward_sparse,train,670,123,easy,5,5,0.1,0.95,0.05,default,100,10.0,8,1,1,0,0,0.001075799998943694,
reward_sparse_123_cc068aa0,reward_sparse,train,671,123,easy,5,5,0.1,0.95,0.05,default,100,10.0,8,1,1,0,0,0.001082899994798936,
reward_sparse_123_cc068aa0,reward_sparse,train,672,123,easy,5,5,0.1,0.95,0.05,default,100,10.0,10,1,1,0,0,0.0012738999939756468,
reward_sparse_123_cc068aa0,reward_sparse,train,673,123,easy,5,5,0.1,0.95,0.05,default,100,9.0,9,1,1,0,0,0.0011639000003924593,
reward_sparse_123_cc068aa0,reward_sparse,train,674,123,easy,5,5,0.1,0.95,0.05,default,100,10.0,8,1,1,0,0,0.0010844999924302101,
reward_sparse_123_cc068aa0,reward_sparse,train,675,123,easy,5,5,0.1,0.95,0.05,default,100,10.0,8,1,1,0,0,0.001068700003088452,
reward_sparse_123_cc068aa0,reward_sparse,train,676,123,easy,5,5,0.1,0.95,0.05,default,100,10.0,8,1,1,0,0,0.0010787000064738095,
reward_sparse_123_cc068aa0,reward_sparse,train,677,123,easy,5,5,0.1,0.95,0.05,default,100,10.0,8,1,1,0,0,0.0010884999937843531,
reward_sparse_123_cc068aa0,reward_sparse,train,678,123,easy,5,5,0.1,0.95,0.05,default,100,10.0,8,1,1,0,0,0.0011089000036008656,
reward_sparse_123_cc068aa0,reward_sparse,train,679,123,easy,5,5,0.1,0.95,0.05,default,100,10.0,8,1,1,0,0,0.001081000009435229,
reward_sparse_123_cc068aa0,reward_sparse,train,680,123,easy,5,5,0.1,0.95,0.05,default,100,10.0,8,1,1,0,0,0.00108229999023024,
reward_sparse_123_cc068aa0,reward_sparse,train,681,123,easy,5,5,0.1,0.95,0.05,default,100,10.0,8,1,1,0,0,0.0010990000009769574,
reward_sparse_123_cc068aa0,reward_sparse,train,682,123,easy,5,5,0.1,0.95,0.05,default,100,10.0,10,1,1,0,0,0.0012838999973610044,
reward_sparse_123_cc068aa0,reward_sparse,train,683,123,easy,5,5,0.1,0.95,0.05,default,100,10.0,8,1,1,0,0,0.001113699996494688,
reward_sparse_123_cc068aa0,reward_sparse,train,684,123,easy,5,5,0.1,0.95,0.05,default,100,10.0,8,1,1,0,0,0.001068400000804104,
reward_sparse_123_cc068aa0,reward_sparse,train,685,123,easy,5,5,0.1,0.95,0.05,default,100,10.0,10,1,1,0,0,0.0012836999958381057,
reward_sparse_123_cc068aa0,reward_sparse,train,686,123,easy,5,5,0.1,0.95,0.05,default,100,10.0,10,1,1,0,0,0.0012758999946527183,
reward_sparse_123_cc068aa0,reward_sparse,train,687,123,easy,5,5,0.1,0.95,0.05,default,100,10.0,8,1,1,0,0,0.001101699992432259,
reward_sparse_123_cc068aa0,reward_sparse,train,688,123,easy,5,5,0.1,0.95,0.05,default,100,10.0,8,1,1,0,0,0.0010963000095216557,
reward_sparse_123_cc068aa0,reward_sparse,train,689,123,easy,5,5,0.1,0.95,0.05,default,100,10.0,8,1,1,0,0,0.0010844999924302101,
reward_sparse_123_cc068aa0,reward_sparse,train,690,123,easy,5,5,0.1,0.95,0.05,default,100,10.0,10,1,1,0,0,0.0012309000012464821,
reward_sparse_123_cc068aa0,reward_sparse,train,691,123,easy,5,5,0.1,0.95,0.05,default,100,10.0,8,1,1,0,0,0.0010678000107873231,
reward_sparse_123_cc068aa0,reward_sparse,train,692,123,easy,5,5,0.1,0.95,0.05,default,100,10.0,8,1,1,0,0,0.0010913000005530193,
reward_sparse_123_cc068aa0,reward_sparse,train,693,123,easy,5,5,0.1,0.95,0.05,default,100,10.0,10,1,1,0,0,0.001264999998966232,
reward_sparse_123_cc068aa0,reward_sparse,train,694,123,easy,5,5,0.1,0.95,0.05,default,100,10.0,8,1,1,0,0,0.0010786000057123601,
reward_sparse_123_cc068aa0,reward_sparse,train,695,123,easy,5,5,0.1,0.95,0.05,default,100,10.0,8,1,1,0,0,0.0010725999891292304,
reward_sparse_123_cc068aa0,reward_sparse,train,696,123,easy,5,5,0.1,0.95,0.05,default,100,10.0,14,1,1,0,0,0.0016324000025633723,
reward_sparse_123_cc068aa0,reward_sparse,train,697,123,easy,5,5,0.1,0.95,0.05,default,100,10.0,10,1,1,0,0,0.0012344000133452937,
reward_sparse_123_cc068aa0,reward_sparse,train,698,123,easy,5,5,0.1,0.95,0.05,default,100,10.0,10,1,1,0,0,0.001301299998885952,
reward_sparse_123_cc068aa0,reward_sparse,train,699,123,easy,5,5,0.1,0.95,0.05,default,100,10.0,8,1,1,0,0,0.0010784999903989956,
reward_sparse_123_cc068aa0,reward_sparse,train,700,123,easy,5,5,0.1,0.95,0.05,default,100,10.0,8,1,1,0,0,0.0010960000072373077,
reward_sparse_123_cc068aa0,reward_sparse,train,701,123,easy,5,5,0.1,0.95,0.05,default,100,10.0,8,1,1,0,0,0.001104700000723824,
reward_sparse_123_cc068aa0,reward_sparse,train,702,123,easy,5,5,0.1,0.95,0.05,default,100,10.0,8,1,1,0,0,0.0010971000010613352,
reward_sparse_123_cc068aa0,reward_sparse,train,703,123,easy,5,5,0.1,0.95,0.05,default,100,9.0,9,1,1,0,0,0.0011518999963300303,
reward_sparse_123_cc068aa0,reward_sparse,train,704,123,easy,5,5,0.1,0.95,0.05,default,100,10.0,8,1,1,0,0,0.0011085000005550683,
reward_sparse_123_cc068aa0,reward_sparse,train,705,123,easy,5,5,0.1,0.95,0.05,default,100,10.0,8,1,1,0,0,0.0010843000054592267,
reward_sparse_123_cc068aa0,reward_sparse,train,706,123,easy,5,5,0.1,0.95,0.05,default,100,10.0,10,1,1,0,0,0.001284000012674369,
reward_sparse_123_cc068aa0,reward_sparse,train,707,123,easy,5,5,0.1,0.95,0.05,default,100,10.0,8,1,1,0,0,0.0010596999927656725,
reward_sparse_123_cc068aa0,reward_sparse,train,708,123,easy,5,5,0.1,0.95,0.05,default,100,10.0,8,1,1,0,0,0.0010218999959761277,
reward_sparse_123_cc068aa0,reward_sparse,train,709,123,easy,5,5,0.1,0.95,0.05,default,100,10.0,8,1,1,0,0,0.0010814999986905605,
reward_sparse_123_cc068aa0,reward_sparse,train,710,123,easy,5,5,0.1,0.95,0.05,default,100,10.0,8,1,1,0,0,0.0010590000019874424,
reward_sparse_123_cc068aa0,reward_sparse,train,711,123,easy,5,5,0.1,0.95,0.05,default,100,10.0,8,1,1,0,0,0.0010870999976759776,
reward_sparse_123_cc068aa0,reward_sparse,train,712,123,easy,5,5,0.1,0.95,0.05,default,100,9.0,9,1,1,0,0,0.0011393000022508204,
reward_sparse_123_cc068aa0,reward_sparse,train,713,123,easy,5,5,0.1,0.95,0.05,default,100,10.0,8,1,1,0,0,0.001082899994798936,
reward_sparse_123_cc068aa0,reward_sparse,train,714,123,easy,5,5,0.1,0.95,0.05,default,100,10.0,8,1,1,0,0,0.001065600008587353,
reward_sparse_123_cc068aa0,reward_sparse,train,715,123,easy,5,5,0.1,0.95,0.05,default,100,10.0,10,1,1,0,0,0.001273900008527562,
reward_sparse_123_cc068aa0,reward_sparse,train,716,123,easy,5,5,0.1,0.95,0.05,default,100,10.0,8,1,1,0,0,0.0010849999962374568,
reward_sparse_123_cc068aa0,reward_sparse,train,717,123,easy,5,5,0.1,0.95,0.05,default,100,10.0,8,1,1,0,0,0.0010796999995363876,
reward_sparse_123_cc068aa0,reward_sparse,train,718,123,easy,5,5,0.1,0.95,0.05,default,100,10.0,8,1,1,0,0,0.0010830000101123005,
reward_sparse_123_cc068aa0,reward_sparse,train,719,123,easy,5,5,0.1,0.95,0.05,default,100,10.0,8,1,1,0,0,0.0010670999909052625,
reward_sparse_123_cc068aa0,reward_sparse,train,720,123,easy,5,5,0.1,0.95,0.05,default,100,10.0,8,1,1,0,0,0.0011513999925227836,
reward_sparse_123_cc068aa0,reward_sparse,train,721,123,easy,5,5,0.1,0.95,0.05,default,100,10.0,8,1,1,0,0,0.0010947999980999157,
reward_sparse_123_cc068aa0,reward_sparse,train,722,123,easy,5,5,0.1,0.95,0.05,default,100,10.0,8,1,1,0,0,0.0010898000036831945,
reward_sparse_123_cc068aa0,reward_sparse,train,723,123,easy,5,5,0.1,0.95,0.05,default,100,10.0,8,1,1,0,0,0.0010225000005448237,
reward_sparse_123_cc068aa0,reward_sparse,train,724,123,easy,5,5,0.1,0.95,0.05,default,100,10.0,10,1,1,0,0,0.0013956000038888305,
reward_sparse_123_cc068aa0,reward_sparse,train,725,123,easy,5,5,0.1,0.95,0.05,default,100,10.0,8,1,1,0,0,0.0011108999897260219,
reward_sparse_123_cc068aa0,reward_sparse,train,726,123,easy,5,5,0.1,0.95,0.05,default,100,9.0,9,1,1,0,0,0.0011455999920144677,
reward_sparse_123_cc068aa0,reward_sparse,train,727,123,easy,5,5,0.1,0.95,0.05,default,100,10.0,8,1,1,0,0,0.0010848000092664734,
reward_sparse_123_cc068aa0,reward_sparse,train,728,123,easy,5,5,0.1,0.95,0.05,default,100,9.0,9,1,1,0,0,0.0011329999979352579,
reward_sparse_123_cc068aa0,reward_sparse,train,729,123,easy,5,5,0.1,0.95,0.05,default,100,10.0,8,1,1,0,0,0.001073000006726943,
reward_sparse_123_cc068aa0,reward_sparse,train,730,123,easy,5,5,0.1,0.95,0.05,default,100,10.0,8,1,1,0,0,0.001057999994372949,
reward_sparse_123_cc068aa0,reward_sparse,train,731,123,easy,5,5,0.1,0.95,0.05,default,100,10.0,8,1,1,0,0,0.0010753000096883625,
reward_sparse_123_cc068aa0,reward_sparse,train,732,123,easy,5,5,0.1,0.95,0.05,default,100,10.0,8,1,1,0,0,0.0010776999988593161,
reward_sparse_123_cc068aa0,reward_sparse,train,733,123,easy,5,5,0.1,0.95,0.05,default,100,-11.0,8,0,1,0,1,0.0009815999947022647,
reward_sparse_123_cc068aa0,reward_sparse,train,734,123,easy,5,5,0.1,0.95,0.05,default,100,10.0,8,1,1,0,0,0.000984499987680465,
reward_sparse_123_cc068aa0,reward_sparse,train,735,123,easy,5,5,0.1,0.95,0.05,default,100,10.0,8,1,1,0,0,0.0010702999861678109,
reward_sparse_123_cc068aa0,reward_sparse,train,736,123,easy,5,5,0.1,0.95,0.05,default,100,9.0,9,1,1,0,0,0.001151199990999885,
reward_sparse_123_cc068aa0,reward_sparse,train,737,123,easy,5,5,0.1,0.95,0.05,default,100,10.0,10,1,1,0,0,0.0012596000015037134,
reward_sparse_123_cc068aa0,reward_sparse,train,738,123,easy,5,5,0.1,0.95,0.05,default,100,10.0,10,1,1,0,0,0.0013313000090420246,
reward_sparse_123_cc068aa0,reward_sparse,train,739,123,easy,5,5,0.1,0.95,0.05,default,100,10.0,8,1,1,0,0,0.0010637999948812649,
reward_sparse_123_cc068aa0,reward_sparse,train,740,123,easy,5,5,0.1,0.95,0.05,default,100,9.0,9,1,1,0,0,0.0011463999981060624,
reward_sparse_123_cc068aa0,reward_sparse,train,741,123,easy,5,5,0.1,0.95,0.05,default,100,9.0,9,1,1,0,0,0.0011787999974330887,
reward_sparse_123_cc068aa0,reward_sparse,train,742,123,easy,5,5,0.1,0.95,0.05,default,100,9.0,9,1,1,0,0,0.0011613999959081411,
reward_sparse_123_cc068aa0,reward_sparse,train,743,123,easy,5,5,0.1,0.95,0.05,default,100,10.0,8,1,1,0,0,0.0010870999976759776,
reward_sparse_123_cc068aa0,reward_sparse,train,744,123,easy,5,5,0.1,0.95,0.05,default,100,10.0,8,1,1,0,0,0.0010909999982686713,
reward_sparse_123_cc068aa0,reward_sparse,train,745,123,easy,5,5,0.1,0.95,0.05,default,100,10.0,8,1,1,0,0,0.0010935000027529895,
reward_sparse_123_cc068aa0,reward_sparse,train,746,123,easy,5,5,0.1,0.95,0.05,default,100,10.0,8,1,1,0,0,0.001070300000719726,
reward_sparse_123_cc068aa0,reward_sparse,train,747,123,easy,5,5,0.1,0.95,0.05,default,100,10.0,8,1,1,0,0,0.0010855000000447035,
reward_sparse_123_cc068aa0,reward_sparse,train,748,123,easy,5,5,0.1,0.95,0.05,default,100,10.0,10,1,1,0,0,0.0012973999982932582,
reward_sparse_123_cc068aa0,reward_sparse,train,749,123,easy,5,5,0.1,0.95,0.05,default,100,10.0,8,1,1,0,0,0.0010725000029196963,
reward_sparse_123_cc068aa0,reward_sparse,train,750,123,easy,5,5,0.1,0.95,0.05,default,100,10.0,8,1,1,0,0,0.0010758999997051433,
reward_sparse_123_cc068aa0,reward_sparse,train,751,123,easy,5,5,0.1,0.95,0.05,default,100,10.0,8,1,1,0,0,0.00106160000723321,
reward_sparse_123_cc068aa0,reward_sparse,train,752,123,easy,5,5,0.1,0.95,0.05,default,100,10.0,8,1,1,0,0,0.0010732999944593757,
reward_sparse_123_cc068aa0,reward_sparse,train,753,123,easy,5,5,0.1,0.95,0.05,default,100,10.0,8,1,1,0,0,0.001061300004948862,
reward_sparse_123_cc068aa0,reward_sparse,train,754,123,easy,5,5,0.1,0.95,0.05,default,100,9.0,9,1,1,0,0,0.001149300005636178,
reward_sparse_123_cc068aa0,reward_sparse,train,755,123,easy,5,5,0.1,0.95,0.05,default,100,10.0,8,1,1,0,0,0.0011289999965811148,
reward_sparse_123_cc068aa0,reward_sparse,train,756,123,easy,5,5,0.1,0.95,0.05,default,100,10.0,8,1,1,0,0,0.0010806000063894317,
reward_sparse_123_cc068aa0,reward_sparse,train,757,123,easy,5,5,0.1,0.95,0.05,default,100,10.0,8,1,1,0,0,0.001068700003088452,
reward_sparse_123_cc068aa0,reward_sparse,train,758,123,easy,5,5,0.1,0.95,0.05,default,100,10.0,8,1,1,0,0,0.0010758999997051433,
reward_sparse_123_cc068aa0,reward_sparse,train,759,123,easy,5,5,0.1,0.95,0.05,default,100,9.0,9,1,1,0,0,0.001150299998698756,
reward_sparse_123_cc068aa0,reward_sparse,train,760,123,easy,5,5,0.1,0.95,0.05,default,100,10.0,8,1,1,0,0,0.0010623999987728894,
reward_sparse_123_cc068aa0,reward_sparse,train,761,123,easy,5,5,0.1,0.95,0.05,default,100,10.0,8,1,1,0,0,0.0011079999967478216,
reward_sparse_123_cc068aa0,reward_sparse,train,762,123,easy,5,5,0.1,0.95,0.05,default,100,10.0,8,1,1,0,0,0.0010760000004665926,
reward_sparse_123_cc068aa0,reward_sparse,train,763,123,easy,5,5,0.1,0.95,0.05,default,100,10.0,8,1,1,0,0,0.0010863999923458323,
reward_sparse_123_cc068aa0,reward_sparse,train,764,123,easy,5,5,0.1,0.95,0.05,default,100,9.0,9,1,1,0,0,0.0011374000023351982,
reward_sparse_123_cc068aa0,reward_sparse,train,765,123,easy,5,5,0.1,0.95,0.05,default,100,10.0,8,1,1,0,0,0.0010806000063894317,
reward_sparse_123_cc068aa0,reward_sparse,train,766,123,easy,5,5,0.1,0.95,0.05,default,100,10.0,8,1,1,0,0,0.0010646000009728596,
reward_sparse_123_cc068aa0,reward_sparse,train,767,123,easy,5,5,0.1,0.95,0.05,default,100,10.0,8,1,1,0,0,0.0011116000096080825,
reward_sparse_123_cc068aa0,reward_sparse,train,768,123,easy,5,5,0.1,0.95,0.05,default,100,10.0,8,1,1,0,0,0.001175199999124743,
reward_sparse_123_cc068aa0,reward_sparse,train,769,123,easy,5,5,0.1,0.95,0.05,default,100,10.0,8,1,1,0,0,0.0010859000030905008,
reward_sparse_123_cc068aa0,reward_sparse,train,770,123,easy,5,5,0.1,0.95,0.05,default,100,10.0,8,1,1,0,0,0.001079800000297837,
reward_sparse_123_cc068aa0,reward_sparse,train,771,123,easy,5,5,0.1,0.95,0.05,default,100,10.0,8,1,1,0,0,0.001062900002580136,
reward_sparse_123_cc068aa0,reward_sparse,train,772,123,easy,5,5,0.1,0.95,0.05,default,100,10.0,8,1,1,0,0,0.0010822000040207058,
reward_sparse_123_cc068aa0,reward_sparse,train,773,123,easy,5,5,0.1,0.95,0.05,default,100,10.0,8,1,1,0,0,0.0010876000014832243,
reward_sparse_123_cc068aa0,reward_sparse,train,774,123,easy,5,5,0.1,0.95,0.05,default,100,10.0,8,1,1,0,0,0.001086899996153079,
reward_sparse_123_cc068aa0,reward_sparse,train,775,123,easy,5,5,0.1,0.95,0.05,default,100,10.0,8,1,1,0,0,0.0010636000079102814,
reward_sparse_123_cc068aa0,reward_sparse,train,776,123,easy,5,5,0.1,0.95,0.05,default,100,10.0,8,1,1,0,0,0.0010755999974207953,
reward_sparse_123_cc068aa0,reward_sparse,train,777,123,easy,5,5,0.1,0.95,0.05,default,100,10.0,10,1,1,0,0,0.0012729000009130687,
reward_sparse_123_cc068aa0,reward_sparse,train,778,123,easy,5,5,0.1,0.95,0.05,default,100,10.0,8,1,1,0,0,0.001092100006644614,
reward_sparse_123_cc068aa0,reward_sparse,train,779,123,easy,5,5,0.1,0.95,0.05,default,100,10.0,8,1,1,0,0,0.0010932000004686415,
reward_sparse_123_cc068aa0,reward_sparse,train,780,123,easy,5,5,0.1,0.95,0.05,default,100,10.0,8,1,1,0,0,0.001080100002582185,
reward_sparse_123_cc068aa0,reward_sparse,train,781,123,easy,5,5,0.1,0.95,0.05,default,100,10.0,8,1,1,0,0,0.0011150999926030636,
reward_sparse_123_cc068aa0,reward_sparse,train,782,123,easy,5,5,0.1,0.95,0.05,default,100,8.0,10,1,1,0,0,0.001226299995323643,
reward_sparse_123_cc068aa0,reward_sparse,train,783,123,easy,5,5,0.1,0.95,0.05,default,100,10.0,8,1,1,0,0,0.0010927999974228442,
reward_sparse_123_cc068aa0,reward_sparse,train,784,123,easy,5,5,0.1,0.95,0.05,default,100,10.0,8,1,1,0,0,0.0010805999918375164,
reward_sparse_123_cc068aa0,reward_sparse,train,785,123,easy,5,5,0.1,0.95,0.05,default,100,10.0,8,1,1,0,0,0.0010892000136664137,
reward_sparse_123_cc068aa0,reward_sparse,train,786,123,easy,5,5,0.1,0.95,0.05,default,100,10.0,10,1,1,0,0,0.0012780999968526885,
reward_sparse_123_cc068aa0,reward_sparse,train,787,123,easy,5,5,0.1,0.95,0.05,default,100,9.0,9,1,1,0,0,0.0011571999930310994,
reward_sparse_123_cc068aa0,reward_sparse,train,788,123,easy,5,5,0.1,0.95,0.05,default,100,10.0,8,1,1,0,0,0.0011932000052183867,
reward_sparse_123_cc068aa0,reward_sparse,train,789,123,easy,5,5,0.1,0.95,0.05,default,100,10.0,8,1,1,0,0,0.0011094999936176464,
reward_sparse_123_cc068aa0,reward_sparse,train,790,123,easy,5,5,0.1,0.95,0.05,default,100,10.0,8,1,1,0,0,0.0011101999989477918,
reward_sparse_123_cc068aa0,reward_sparse,train,791,123,easy,5,5,0.1,0.95,0.05,default,100,10.0,8,1,1,0,0,0.0011082000128226355,
reward_sparse_123_cc068aa0,reward_sparse,train,792,123,easy,5,5,0.1,0.95,0.05,default,100,10.0,8,1,1,0,0,0.0011000999948009849,
reward_sparse_123_cc068aa0,reward_sparse,train,793,123,easy,5,5,0.1,0.95,0.05,default,100,10.0,8,1,1,0,0,0.001110600001993589,
reward_sparse_123_cc068aa0,reward_sparse,train,794,123,easy,5,5,0.1,0.95,0.05,default,100,10.0,10,1,1,0,0,0.001284099998883903,
reward_sparse_123_cc068aa0,reward_sparse,train,795,123,easy,5,5,0.1,0.95,0.05,default,100,10.0,8,1,1,0,0,0.0010967999987769872,
reward_sparse_123_cc068aa0,reward_sparse,train,796,123,easy,5,5,0.1,0.95,0.05,default,100,10.0,8,1,1,0,0,0.0010752000089269131,
reward_sparse_123_cc068aa0,reward_sparse,train,797,123,easy,5,5,0.1,0.95,0.05,default,100,10.0,8,1,1,0,0,0.0010964999964926392,
reward_sparse_123_cc068aa0,reward_sparse,train,798,123,easy,5,5,0.1,0.95,0.05,default,100,10.0,8,1,1,0,0,0.0010737999982666224,
reward_sparse_123_cc068aa0,reward_sparse,train,799,123,easy,5,5,0.1,0.95,0.05,default,100,10.0,10,1,1,0,0,0.0012851000064983964,
reward_sparse_123_cc068aa0,reward_sparse,train,800,123,easy,5,5,0.1,0.95,0.05,default,100,10.0,8,1,1,0,0,0.0010920000058831647,results\reward\sparse\seed_123\qtable_ep800.npz
reward_sparse_123_cc068aa0,reward_sparse,eval,1,123,easy,5,5,0.1,0.95,0.0,default,100,10.0,8,1,1,0,0,,
reward_sparse_123_cc068aa0,reward_sparse,eval,2,123,easy,5,5,0.1,0.95,0.0,default,100,10.0,8,1,1,0,0,,
reward_sparse_123_cc068aa0,reward_sparse,eval,3,123,easy,5,5,0.1,0.95,0.0,default,100,10.0,8,1,1,0,0,,
reward_sparse_123_cc068aa0,reward_sparse,eval,4,123,easy,5,5,0.1,0.95,0.0,default,100,10.0,8,1,1,0,0,,
reward_sparse_123_cc068aa0,reward_sparse,eval,5,123,easy,5,5,0.1,0.95,0.0,default,100,10.0,8,1,1,0,0,,
reward_sparse_123_cc068aa0,reward_sparse,eval,6,123,easy,5,5,0.1,0.95,0.0,default,100,10.0,8,1,1,0,0,,
reward_sparse_123_cc068aa0,reward_sparse,eval,7,123,easy,5,5,0.1,0.95,0.0,default,100,10.0,8,1,1,0,0,,
reward_sparse_123_cc068aa0,reward_sparse,eval,8,123,easy,5,5,0.1,0.95,0.0,default,100,10.0,8,1,1,0,0,,
reward_sparse_123_cc068aa0,reward_sparse,eval,9,123,easy,5,5,0.1,0.95,0.0,default,100,10.0,8,1,1,0,0,,
reward_sparse_123_cc068aa0,reward_sparse,eval,10,123,easy,5,5,0.1,0.95,0.0,default,100,10.0,8,1,1,0,0,,
reward_sparse_123_cc068aa0,reward_sparse,eval,1,123,easy,5,5,0.1,0.95,0.0,default,100,10.0,8,1,1,0,0,,
reward_sparse_123_cc068aa0,reward_sparse,eval,2,123,easy,5,5,0.1,0.95,0.0,default,100,10.0,8,1,1,0,0,,
reward_sparse_123_cc068aa0,reward_sparse,eval,3,123,easy,5,5,0.1,0.95,0.0,default,100,10.0,8,1,1,0,0,,
reward_sparse_123_cc068aa0,reward_sparse,eval,4,123,easy,5,5,0.1,0.95,0.0,default,100,10.0,8,1,1,0,0,,
reward_sparse_123_cc068aa0,reward_sparse,eval,5,123,easy,5,5,0.1,0.95,0.0,default,100,10.0,8,1,1,0,0,,
reward_sparse_123_cc068aa0,reward_sparse,eval,6,123,easy,5,5,0.1,0.95,0.0,default,100,10.0,8,1,1,0,0,,
reward_sparse_123_cc068aa0,reward_sparse,eval,7,123,easy,5,5,0.1,0.95,0.0,default,100,10.0,8,1,1,0,0,,
reward_sparse_123_cc068aa0,reward_sparse,eval,8,123,easy,5,5,0.1,0.95,0.0,default,100,10.0,8,1,1,0,0,,
reward_sparse_123_cc068aa0,reward_sparse,eval,9,123,easy,5,5,0.1,0.95,0.0,default,100,10.0,8,1,1,0,0,,
reward_sparse_123_cc068aa0,reward_sparse,eval,10,123,easy,5,5,0.1,0.95,0.0,default,100,10.0,8,1,1,0,0,,
reward_sparse_123_cc068aa0,reward_sparse,eval,1,123,easy,5,5,0.1,0.95,0.0,default,100,10.0,8,1,1,0,0,,
reward_sparse_123_cc068aa0,reward_sparse,eval,2,123,easy,5,5,0.1,0.95,0.0,default,100,10.0,8,1,1,0,0,,
reward_sparse_123_cc068aa0,reward_sparse,eval,3,123,easy,5,5,0.1,0.95,0.0,default,100,10.0,8,1,1,0,0,,
reward_sparse_123_cc068aa0,reward_sparse,eval,4,123,easy,5,5,0.1,0.95,0.0,default,100,10.0,8,1,1,0,0,,
reward_sparse_123_cc068aa0,reward_sparse,eval,5,123,easy,5,5,0.1,0.95,0.0,default,100,10.0,8,1,1,0,0,,
reward_sparse_123_cc068aa0,reward_sparse,eval,6,123,easy,5,5,0.1,0.95,0.0,default,100,10.0,8,1,1,0,0,,
reward_sparse_123_cc068aa0,reward_sparse,eval,7,123,easy,5,5,0.1,0.95,0.0,default,100,10.0,8,1,1,0,0,,
reward_sparse_123_cc068aa0,reward_sparse,eval,8,123,easy,5,5,0.1,0.95,0.0,default,100,10.0,8,1,1,0,0,,
reward_sparse_123_cc068aa0,reward_sparse,eval,9,123,easy,5,5,0.1,0.95,0.0,default,100,10.0,8,1,1,0,0,,
reward_sparse_123_cc068aa0,reward_sparse,eval,10,123,easy,5,5,0.1,0.95,0.0,default,100,10.0,8,1,1,0,0,,
reward_sparse_123_cc068aa0,reward_sparse,eval,1,123,easy,5,5,0.1,0.95,0.0,default,100,10.0,8,1,1,0,0,,
reward_sparse_123_cc068aa0,reward_sparse,eval,2,123,easy,5,5,0.1,0.95,0.0,default,100,10.0,8,1,1,0,0,,
reward_sparse_123_cc068aa0,reward_sparse,eval,3,123,easy,5,5,0.1,0.95,0.0,default,100,10.0,8,1,1,0,0,,
reward_sparse_123_cc068aa0,reward_sparse,eval,4,123,easy,5,5,0.1,0.95,0.0,default,100,10.0,8,1,1,0,0,,
reward_sparse_123_cc068aa0,reward_sparse,eval,5,123,easy,5,5,0.1,0.95,0.0,default,100,10.0,8,1,1,0,0,,
reward_sparse_123_cc068aa0,reward_sparse,eval,6,123,easy,5,5,0.1,0.95,0.0,default,100,10.0,8,1,1,0,0,,
reward_sparse_123_cc068aa0,reward_sparse,eval,7,123,easy,5,5,0.1,0.95,0.0,default,100,10.0,8,1,1,0,0,,
reward_sparse_123_cc068aa0,reward_sparse,eval,8,123,easy,5,5,0.1,0.95,0.0,default,100,10.0,8,1,1,0,0,,
reward_sparse_123_cc068aa0,reward_sparse,eval,9,123,easy,5,5,0.1,0.95,0.0,default,100,10.0,8,1,1,0,0,,
reward_sparse_123_cc068aa0,reward_sparse,eval,10,123,easy,5,5,0.1,0.95,0.0,default,100,10.0,8,1,1,0,0,,
reward_sparse_123_cc068aa0,reward_sparse,eval,1,123,easy,5,5,0.1,0.95,0.0,default,100,10.0,8,1,1,0,0,,
reward_sparse_123_cc068aa0,reward_sparse,eval,2,123,easy,5,5,0.1,0.95,0.0,default,100,10.0,8,1,1,0,0,,
reward_sparse_123_cc068aa0,reward_sparse,eval,3,123,easy,5,5,0.1,0.95,0.0,default,100,10.0,8,1,1,0,0,,
reward_sparse_123_cc068aa0,reward_sparse,eval,4,123,easy,5,5,0.1,0.95,0.0,default,100,10.0,8,1,1,0,0,,
reward_sparse_123_cc068aa0,reward_sparse,eval,5,123,easy,5,5,0.1,0.95,0.0,default,100,10.0,8,1,1,0,0,,
reward_sparse_123_cc068aa0,reward_sparse,eval,6,123,easy,5,5,0.1,0.95,0.0,default,100,10.0,8,1,1,0,0,,
reward_sparse_123_cc068aa0,reward_sparse,eval,7,123,easy,5,5,0.1,0.95,0.0,default,100,10.0,8,1,1,0,0,,
reward_sparse_123_cc068aa0,reward_sparse,eval,8,123,easy,5,5,0.1,0.95,0.0,default,100,10.0,8,1,1,0,0,,
reward_sparse_123_cc068aa0,reward_sparse,eval,9,123,easy,5,5,0.1,0.95,0.0,default,100,10.0,8,1,1,0,0,,
reward_sparse_123_cc068aa0,reward_sparse,eval,10,123,easy,5,5,0.1,0.95,0.0,default,100,10.0,8,1,1,0,0,,
reward_sparse_123_cc068aa0,reward_sparse,eval,1,123,easy,5,5,0.1,0.95,0.0,default,100,10.0,8,1,1,0,0,,
reward_sparse_123_cc068aa0,reward_sparse,eval,2,123,easy,5,5,0.1,0.95,0.0,default,100,10.0,8,1,1,0,0,,
reward_sparse_123_cc068aa0,reward_sparse,eval,3,123,easy,5,5,0.1,0.95,0.0,default,100,10.0,8,1,1,0,0,,
reward_sparse_123_cc068aa0,reward_sparse,eval,4,123,easy,5,5,0.1,0.95,0.0,default,100,10.0,8,1,1,0,0,,
reward_sparse_123_cc068aa0,reward_sparse,eval,5,123,easy,5,5,0.1,0.95,0.0,default,100,10.0,8,1,1,0,0,,
reward_sparse_123_cc068aa0,reward_sparse,eval,6,123,easy,5,5,0.1,0.95,0.0,default,100,10.0,8,1,1,0,0,,
reward_sparse_123_cc068aa0,reward_sparse,eval,7,123,easy,5,5,0.1,0.95,0.0,default,100,10.0,8,1,1,0,0,,
reward_sparse_123_cc068aa0,reward_sparse,eval,8,123,easy,5,5,0.1,0.95,0.0,default,100,10.0,8,1,1,0,0,,
reward_sparse_123_cc068aa0,reward_sparse,eval,9,123,easy,5,5,0.1,0.95,0.0,default,100,10.0,8,1,1,0,0,,
reward_sparse_123_cc068aa0,reward_sparse,eval,10,123,easy,5,5,0.1,0.95,0.0,default,100,10.0,8,1,1,0,0,,
reward_sparse_123_cc068aa0,reward_sparse,eval,1,123,easy,5,5,0.1,0.95,0.0,default,100,10.0,8,1,1,0,0,,
reward_sparse_123_cc068aa0,reward_sparse,eval,2,123,easy,5,5,0.1,0.95,0.0,default,100,10.0,8,1,1,0,0,,
reward_sparse_123_cc068aa0,reward_sparse,eval,3,123,easy,5,5,0.1,0.95,0.0,default,100,10.0,8,1,1,0,0,,
reward_sparse_123_cc068aa0,reward_sparse,eval,4,123,easy,5,5,0.1,0.95,0.0,default,100,10.0,8,1,1,0,0,,
reward_sparse_123_cc068aa0,reward_sparse,eval,5,123,easy,5,5,0.1,0.95,0.0,default,100,10.0,8,1,1,0,0,,
reward_sparse_123_cc068aa0,reward_sparse,eval,6,123,easy,5,5,0.1,0.95,0.0,default,100,10.0,8,1,1,0,0,,
reward_sparse_123_cc068aa0,reward_sparse,eval,7,123,easy,5,5,0.1,0.95,0.0,default,100,10.0,8,1,1,0,0,,
reward_sparse_123_cc068aa0,reward_sparse,eval,8,123,easy,5,5,0.1,0.95,0.0,default,100,10.0,8,1,1,0,0,,
reward_sparse_123_cc068aa0,reward_sparse,eval,9,123,easy,5,5,0.1,0.95,0.0,default,100,10.0,8,1,1,0,0,,
reward_sparse_123_cc068aa0,reward_sparse,eval,10,123,easy,5,5,0.1,0.95,0.0,default,100,10.0,8,1,1,0,0,,
reward_sparse_123_cc068aa0,reward_sparse,eval,1,123,easy,5,5,0.1,0.95,0.0,default,100,10.0,8,1,1,0,0,,
reward_sparse_123_cc068aa0,reward_sparse,eval,2,123,easy,5,5,0.1,0.95,0.0,default,100,10.0,8,1,1,0,0,,
reward_sparse_123_cc068aa0,reward_sparse,eval,3,123,easy,5,5,0.1,0.95,0.0,default,100,10.0,8,1,1,0,0,,
reward_sparse_123_cc068aa0,reward_sparse,eval,4,123,easy,5,5,0.1,0.95,0.0,default,100,10.0,8,1,1,0,0,,
reward_sparse_123_cc068aa0,reward_sparse,eval,5,123,easy,5,5,0.1,0.95,0.0,default,100,10.0,8,1,1,0,0,,
reward_sparse_123_cc068aa0,reward_sparse,eval,6,123,easy,5,5,0.1,0.95,0.0,default,100,10.0,8,1,1,0,0,,
reward_sparse_123_cc068aa0,reward_sparse,eval,7,123,easy,5,5,0.1,0.95,0.0,default,100,10.0,8,1,1,0,0,,
reward_sparse_123_cc068aa0,reward_sparse,eval,8,123,easy,5,5,0.1,0.95,0.0,default,100,10.0,8,1,1,0,0,,
reward_sparse_123_cc068aa0,reward_sparse,eval,9,123,easy,5,5,0.1,0.95,0.0,default,100,10.0,8,1,1,0,0,,
reward_sparse_123_cc068aa0,reward_sparse,eval,10,123,easy,5,5,0.1,0.95,0.0,default,100,10.0,8,1,1,0,0,,
reward_sparse_123_cc068aa0,reward_sparse,eval,1,123,easy,5,5,0.1,0.95,0.0,default,100,10.0,8,1,1,0,0,,
reward_sparse_123_cc068aa0,reward_sparse,eval,2,123,easy,5,5,0.1,0.95,0.0,default,100,10.0,8,1,1,0,0,,
reward_sparse_123_cc068aa0,reward_sparse,eval,3,123,easy,5,5,0.1,0.95,0.0,default,100,10.0,8,1,1,0,0,,
reward_sparse_123_cc068aa0,reward_sparse,eval,4,123,easy,5,5,0.1,0.95,0.0,default,100,10.0,8,1,1,0,0,,
reward_sparse_123_cc068aa0,reward_sparse,eval,5,123,easy,5,5,0.1,0.95,0.0,default,100,10.0,8,1,1,0,0,,
reward_sparse_123_cc068aa0,reward_sparse,eval,6,123,easy,5,5,0.1,0.95,0.0,default,100,10.0,8,1,1,0,0,,
reward_sparse_123_cc068aa0,reward_sparse,eval,7,123,easy,5,5,0.1,0.95,0.0,default,100,10.0,8,1,1,0,0,,
reward_sparse_123_cc068aa0,reward_sparse,eval,8,123,easy,5,5,0.1,0.95,0.0,default,100,10.0,8,1,1,0,0,,
reward_sparse_123_cc068aa0,reward_sparse,eval,9,123,easy,5,5,0.1,0.95,0.0,default,100,10.0,8,1,1,0,0,,
reward_sparse_123_cc068aa0,reward_sparse,eval,10,123,easy,5,5,0.1,0.95,0.0,default,100,10.0,8,1,1,0,0,,
reward_sparse_123_cc068aa0,reward_sparse,eval,1,123,easy,5,5,0.1,0.95,0.0,default,100,10.0,8,1,1,0,0,,
reward_sparse_123_cc068aa0,reward_sparse,eval,2,123,easy,5,5,0.1,0.95,0.0,default,100,10.0,8,1,1,0,0,,
reward_sparse_123_cc068aa0,reward_sparse,eval,3,123,easy,5,5,0.1,0.95,0.0,default,100,10.0,8,1,1,0,0,,
reward_sparse_123_cc068aa0,reward_sparse,eval,4,123,easy,5,5,0.1,0.95,0.0,default,100,10.0,8,1,1,0,0,,
reward_sparse_123_cc068aa0,reward_sparse,eval,5,123,easy,5,5,0.1,0.95,0.0,default,100,10.0,8,1,1,0,0,,
reward_sparse_123_cc068aa0,reward_sparse,eval,6,123,easy,5,5,0.1,0.95,0.0,default,100,10.0,8,1,1,0,0,,
reward_sparse_123_cc068aa0,reward_sparse,eval,7,123,easy,5,5,0.1,0.95,0.0,default,100,10.0,8,1,1,0,0,,
reward_sparse_123_cc068aa0,reward_sparse,eval,8,123,easy,5,5,0.1,0.95,0.0,default,100,10.0,8,1,1,0,0,,
reward_sparse_123_cc068aa0,reward_sparse,eval,9,123,easy,5,5,0.1,0.95,0.0,default,100,10.0,8,1,1,0,0,,
reward_sparse_123_cc068aa0,reward_sparse,eval,10,123,easy,5,5,0.1,0.95,0.0,default,100,10.0,8,1,1,0,0,,
reward_sparse_123_cc068aa0,reward_sparse,eval,1,123,easy,5,5,0.1,0.95,0.0,default,100,10.0,8,1,1,0,0,,
reward_sparse_123_cc068aa0,reward_sparse,eval,2,123,easy,5,5,0.1,0.95,0.0,default,100,10.0,8,1,1,0,0,,
reward_sparse_123_cc068aa0,reward_sparse,eval,3,123,easy,5,5,0.1,0.95,0.0,default,100,10.0,8,1,1,0,0,,
reward_sparse_123_cc068aa0,reward_sparse,eval,4,123,easy,5,5,0.1,0.95,0.0,default,100,10.0,8,1,1,0,0,,
reward_sparse_123_cc068aa0,reward_sparse,eval,5,123,easy,5,5,0.1,0.95,0.0,default,100,10.0,8,1,1,0,0,,
reward_sparse_123_cc068aa0,reward_sparse,eval,6,123,easy,5,5,0.1,0.95,0.0,default,100,10.0,8,1,1,0,0,,
reward_sparse_123_cc068aa0,reward_sparse,eval,7,123,easy,5,5,0.1,0.95,0.0,default,100,10.0,8,1,1,0,0,,
reward_sparse_123_cc068aa0,reward_sparse,eval,8,123,easy,5,5,0.1,0.95,0.0,default,100,10.0,8,1,1,0,0,,
reward_sparse_123_cc068aa0,reward_sparse,eval,9,123,easy,5,5,0.1,0.95,0.0,default,100,10.0,8,1,1,0,0,,
reward_sparse_123_cc068aa0,reward_sparse,eval,10,123,easy,5,5,0.1,0.95,0.0,default,100,10.0,8,1,1,0,0,,
reward_sparse_123_cc068aa0,reward_sparse,eval,1,123,easy,5,5,0.1,0.95,0.0,default,100,10.0,8,1,1,0,0,,
reward_sparse_123_cc068aa0,reward_sparse,eval,2,123,easy,5,5,0.1,0.95,0.0,default,100,10.0,8,1,1,0,0,,
reward_sparse_123_cc068aa0,reward_sparse,eval,3,123,easy,5,5,0.1,0.95,0.0,default,100,10.0,8,1,1,0,0,,
reward_sparse_123_cc068aa0,reward_sparse,eval,4,123,easy,5,5,0.1,0.95,0.0,default,100,10.0,8,1,1,0,0,,
reward_sparse_123_cc068aa0,reward_sparse,eval,5,123,easy,5,5,0.1,0.95,0.0,default,100,10.0,8,1,1,0,0,,
reward_sparse_123_cc068aa0,reward_sparse,eval,6,123,easy,5,5,0.1,0.95,0.0,default,100,10.0,8,1,1,0,0,,
reward_sparse_123_cc068aa0,reward_sparse,eval,7,123,easy,5,5,0.1,0.95,0.0,default,100,10.0,8,1,1,0,0,,
reward_sparse_123_cc068aa0,reward_sparse,eval,8,123,easy,5,5,0.1,0.95,0.0,default,100,10.0,8,1,1,0,0,,
reward_sparse_123_cc068aa0,reward_sparse,eval,9,123,easy,5,5,0.1,0.95,0.0,default,100,10.0,8,1,1,0,0,,
reward_sparse_123_cc068aa0,reward_sparse,eval,10,123,easy,5,5,0.1,0.95,0.0,default,100,10.0,8,1,1,0,0,,
reward_sparse_123_cc068aa0,reward_sparse,eval,1,123,easy,5,5,0.1,0.95,0.0,default,100,10.0,8,1,1,0,0,,
reward_sparse_123_cc068aa0,reward_sparse,eval,2,123,easy,5,5,0.1,0.95,0.0,default,100,10.0,8,1,1,0,0,,
reward_sparse_123_cc068aa0,reward_sparse,eval,3,123,easy,5,5,0.1,0.95,0.0,default,100,10.0,8,1,1,0,0,,
reward_sparse_123_cc068aa0,reward_sparse,eval,4,123,easy,5,5,0.1,0.95,0.0,default,100,10.0,8,1,1,0,0,,
reward_sparse_123_cc068aa0,reward_sparse,eval,5,123,easy,5,5,0.1,0.95,0.0,default,100,10.0,8,1,1,0,0,,
reward_sparse_123_cc068aa0,reward_sparse,eval,6,123,easy,5,5,0.1,0.95,0.0,default,100,10.0,8,1,1,0,0,,
reward_sparse_123_cc068aa0,reward_sparse,eval,7,123,easy,5,5,0.1,0.95,0.0,default,100,10.0,8,1,1,0,0,,
reward_sparse_123_cc068aa0,reward_sparse,eval,8,123,easy,5,5,0.1,0.95,0.0,default,100,10.0,8,1,1,0,0,,
reward_sparse_123_cc068aa0,reward_sparse,eval,9,123,easy,5,5,0.1,0.95,0.0,default,100,10.0,8,1,1,0,0,,
reward_sparse_123_cc068aa0,reward_sparse,eval,10,123,easy,5,5,0.1,0.95,0.0,default,100,10.0,8,1,1,0,0,,
reward_sparse_123_cc068aa0,reward_sparse,eval,1,123,easy,5,5,0.1,0.95,0.0,default,100,10.0,8,1,1,0,0,,
reward_sparse_123_cc068aa0,reward_sparse,eval,2,123,easy,5,5,0.1,0.95,0.0,default,100,10.0,8,1,1,0,0,,
reward_sparse_123_cc068aa0,reward_sparse,eval,3,123,easy,5,5,0.1,0.95,0.0,default,100,10.0,8,1,1,0,0,,
reward_sparse_123_cc068aa0,reward_sparse,eval,4,123,easy,5,5,0.1,0.95,0.0,default,100,10.0,8,1,1,0,0,,
reward_sparse_123_cc068aa0,reward_sparse,eval,5,123,easy,5,5,0.1,0.95,0.0,default,100,10.0,8,1,1,0,0,,
reward_sparse_123_cc068aa0,reward_sparse,eval,6,123,easy,5,5,0.1,0.95,0.0,default,100,10.0,8,1,1,0,0,,
reward_sparse_123_cc068aa0,reward_sparse,eval,7,123,easy,5,5,0.1,0.95,0.0,default,100,10.0,8,1,1,0,0,,
reward_sparse_123_cc068aa0,reward_sparse,eval,8,123,easy,5,5,0.1,0.95,0.0,default,100,10.0,8,1,1,0,0,,
reward_sparse_123_cc068aa0,reward_sparse,eval,9,123,easy,5,5,0.1,0.95,0.0,default,100,10.0,8,1,1,0,0,,
reward_sparse_123_cc068aa0,reward_sparse,eval,10,123,easy,5,5,0.1,0.95,0.0,default,100,10.0,8,1,1,0,0,,
reward_sparse_123_cc068aa0,reward_sparse,eval,1,123,easy,5,5,0.1,0.95,0.0,default,100,10.0,8,1,1,0,0,,
reward_sparse_123_cc068aa0,reward_sparse,eval,2,123,easy,5,5,0.1,0.95,0.0,default,100,10.0,8,1,1,0,0,,
reward_sparse_123_cc068aa0,reward_sparse,eval,3,123,easy,5,5,0.1,0.95,0.0,default,100,10.0,8,1,1,0,0,,
reward_sparse_123_cc068aa0,reward_sparse,eval,4,123,easy,5,5,0.1,0.95,0.0,default,100,10.0,8,1,1,0,0,,
reward_sparse_123_cc068aa0,reward_sparse,eval,5,123,easy,5,5,0.1,0.95,0.0,default,100,10.0,8,1,1,0,0,,
reward_sparse_123_cc068aa0,reward_sparse,eval,6,123,easy,5,5,0.1,0.95,0.0,default,100,10.0,8,1,1,0,0,,
reward_sparse_123_cc068aa0,reward_sparse,eval,7,123,easy,5,5,0.1,0.95,0.0,default,100,10.0,8,1,1,0,0,,
reward_sparse_123_cc068aa0,reward_sparse,eval,8,123,easy,5,5,0.1,0.95,0.0,default,100,10.0,8,1,1,0,0,,
reward_sparse_123_cc068aa0,reward_sparse,eval,9,123,easy,5,5,0.1,0.95,0.0,default,100,10.0,8,1,1,0,0,,
reward_sparse_123_cc068aa0,reward_sparse,eval,10,123,easy,5,5,0.1,0.95,0.0,default,100,10.0,8,1,1,0,0,,
reward_sparse_123_cc068aa0,reward_sparse,eval,1,123,easy,5,5,0.1,0.95,0.0,default,100,10.0,8,1,1,0,0,,
reward_sparse_123_cc068aa0,reward_sparse,eval,2,123,easy,5,5,0.1,0.95,0.0,default,100,10.0,8,1,1,0,0,,
reward_sparse_123_cc068aa0,reward_sparse,eval,3,123,easy,5,5,0.1,0.95,0.0,default,100,10.0,8,1,1,0,0,,
reward_sparse_123_cc068aa0,reward_sparse,eval,4,123,easy,5,5,0.1,0.95,0.0,default,100,10.0,8,1,1,0,0,,
reward_sparse_123_cc068aa0,reward_sparse,eval,5,123,easy,5,5,0.1,0.95,0.0,default,100,10.0,8,1,1,0,0,,
reward_sparse_123_cc068aa0,reward_sparse,eval,6,123,easy,5,5,0.1,0.95,0.0,default,100,10.0,8,1,1,0,0,,
reward_sparse_123_cc068aa0,reward_sparse,eval,7,123,easy,5,5,0.1,0.95,0.0,default,100,10.0,8,1,1,0,0,,
reward_sparse_123_cc068aa0,reward_sparse,eval,8,123,easy,5,5,0.1,0.95,0.0,default,100,10.0,8,1,1,0,0,,
reward_sparse_123_cc068aa0,reward_sparse,eval,9,123,easy,5,5,0.1,0.95,0.0,default,100,10.0,8,1,1,0,0,,
reward_sparse_123_cc068aa0,reward_sparse,eval,10,123,easy,5,5,0.1,0.95,0.0,default,100,10.0,8,1,1,0,0,,
reward_sparse_123_cc068aa0,reward_sparse,eval,1,123,easy,5,5,0.1,0.95,0.0,default,100,10.0,8,1,1,0,0,,
reward_sparse_123_cc068aa0,reward_sparse,eval,2,123,easy,5,5,0.1,0.95,0.0,default,100,10.0,8,1,1,0,0,,
reward_sparse_123_cc068aa0,reward_sparse,eval,3,123,easy,5,5,0.1,0.95,0.0,default,100,10.0,8,1,1,0,0,,
reward_sparse_123_cc068aa0,reward_sparse,eval,4,123,easy,5,5,0.1,0.95,0.0,default,100,10.0,8,1,1,0,0,,
reward_sparse_123_cc068aa0,reward_sparse,eval,5,123,easy,5,5,0.1,0.95,0.0,default,100,10.0,8,1,1,0,0,,
reward_sparse_123_cc068aa0,reward_sparse,eval,6,123,easy,5,5,0.1,0.95,0.0,default,100,10.0,8,1,1,0,0,,
reward_sparse_123_cc068aa0,reward_sparse,eval,7,123,easy,5,5,0.1,0.95,0.0,default,100,10.0,8,1,1,0,0,,
reward_sparse_123_cc068aa0,reward_sparse,eval,8,123,easy,5,5,0.1,0.95,0.0,default,100,10.0,8,1,1,0,0,,
reward_sparse_123_cc068aa0,reward_sparse,eval,9,123,easy,5,5,0.1,0.95,0.0,default,100,10.0,8,1,1,0,0,,
reward_sparse_123_cc068aa0,reward_sparse,eval,10,123,easy,5,5,0.1,0.95,0.0,default,100,10.0,8,1,1,0,0,,
reward_sparse_123_cc068aa0,reward_sparse,eval,1,123,easy,5,5,0.1,0.95,0.0,default,100,10.0,8,1,1,0,0,,
reward_sparse_123_cc068aa0,reward_sparse,eval,2,123,easy,5,5,0.1,0.95,0.0,default,100,10.0,8,1,1,0,0,,
reward_sparse_123_cc068aa0,reward_sparse,eval,3,123,easy,5,5,0.1,0.95,0.0,default,100,10.0,8,1,1,0,0,,
reward_sparse_123_cc068aa0,reward_sparse,eval,4,123,easy,5,5,0.1,0.95,0.0,default,100,10.0,8,1,1,0,0,,
reward_sparse_123_cc068aa0,reward_sparse,eval,5,123,easy,5,5,0.1,0.95,0.0,default,100,10.0,8,1,1,0,0,,
reward_sparse_123_cc068aa0,reward_sparse,eval,6,123,easy,5,5,0.1,0.95,0.0,default,100,10.0,8,1,1,0,0,,
reward_sparse_123_cc068aa0,reward_sparse,eval,7,123,easy,5,5,0.1,0.95,0.0,default,100,10.0,8,1,1,0,0,,
reward_sparse_123_cc068aa0,reward_sparse,eval,8,123,easy,5,5,0.1,0.95,0.0,default,100,10.0,8,1,1,0,0,,
reward_sparse_123_cc068aa0,reward_sparse,eval,9,123,easy,5,5,0.1,0.95,0.0,default,100,10.0,8,1,1,0,0,,
reward_sparse_123_cc068aa0,reward_sparse,eval,10,123,easy,5,5,0.1,0.95,0.0,default,100,10.0,8,1,1,0,0,,
reward_sparse_123_cc068aa0,reward_sparse,eval,1,123,easy,5,5,0.1,0.95,0.0,default,100,10.0,8,1,1,0,0,,
reward_sparse_123_cc068aa0,reward_sparse,eval,2,123,easy,5,5,0.1,0.95,0.0,default,100,10.0,8,1,1,0,0,,
reward_sparse_123_cc068aa0,reward_sparse,eval,3,123,easy,5,5,0.1,0.95,0.0,default,100,10.0,8,1,1,0,0,,
reward_sparse_123_cc068aa0,reward_sparse,eval,4,123,easy,5,5,0.1,0.95,0.0,default,100,10.0,8,1,1,0,0,,
reward_sparse_123_cc068aa0,reward_sparse,eval,5,123,easy,5,5,0.1,0.95,0.0,default,100,10.0,8,1,1,0,0,,
reward_sparse_123_cc068aa0,reward_sparse,eval,6,123,easy,5,5,0.1,0.95,0.0,default,100,10.0,8,1,1,0,0,,
reward_sparse_123_cc068aa0,reward_sparse,eval,7,123,easy,5,5,0.1,0.95,0.0,default,100,10.0,8,1,1,0,0,,
reward_sparse_123_cc068aa0,reward_sparse,eval,8,123,easy,5,5,0.1,0.95,0.0,default,100,10.0,8,1,1,0,0,,
reward_sparse_123_cc068aa0,reward_sparse,eval,9,123,easy,5,5,0.1,0.95,0.0,default,100,10.0,8,1,1,0,0,,
reward_sparse_123_cc068aa0,reward_sparse,eval,10,123,easy,5,5,0.1,0.95,0.0,default,100,10.0,8,1,1,0,0,,
reward_sparse_123_cc068aa0,reward_sparse,eval,1,123,easy,5,5,0.1,0.95,0.0,default,100,10.0,8,1,1,0,0,,
reward_sparse_123_cc068aa0,reward_sparse,eval,2,123,easy,5,5,0.1,0.95,0.0,default,100,10.0,8,1,1,0,0,,
reward_sparse_123_cc068aa0,reward_sparse,eval,3,123,easy,5,5,0.1,0.95,0.0,default,100,10.0,8,1,1,0,0,,
reward_sparse_123_cc068aa0,reward_sparse,eval,4,123,easy,5,5,0.1,0.95,0.0,default,100,10.0,8,1,1,0,0,,
reward_sparse_123_cc068aa0,reward_sparse,eval,5,123,easy,5,5,0.1,0.95,0.0,default,100,10.0,8,1,1,0,0,,
reward_sparse_123_cc068aa0,reward_sparse,eval,6,123,easy,5,5,0.1,0.95,0.0,default,100,10.0,8,1,1,0,0,,
reward_sparse_123_cc068aa0,reward_sparse,eval,7,123,easy,5,5,0.1,0.95,0.0,default,100,10.0,8,1,1,0,0,,
reward_sparse_123_cc068aa0,reward_sparse,eval,8,123,easy,5,5,0.1,0.95,0.0,default,100,10.0,8,1,1,0,0,,
reward_sparse_123_cc068aa0,reward_sparse,eval,9,123,easy,5,5,0.1,0.95,0.0,default,100,10.0,8,1,1,0,0,,
reward_sparse_123_cc068aa0,reward_sparse,eval,10,123,easy,5,5,0.1,0.95,0.0,default,100,10.0,8,1,1,0,0,,
reward_sparse_123_cc068aa0,reward_sparse,eval,1,123,easy,5,5,0.1,0.95,0.0,default,100,10.0,8,1,1,0,0,,
reward_sparse_123_cc068aa0,reward_sparse,eval,2,123,easy,5,5,0.1,0.95,0.0,default,100,10.0,8,1,1,0,0,,
reward_sparse_123_cc068aa0,reward_sparse,eval,3,123,easy,5,5,0.1,0.95,0.0,default,100,10.0,8,1,1,0,0,,
reward_sparse_123_cc068aa0,reward_sparse,eval,4,123,easy,5,5,0.1,0.95,0.0,default,100,10.0,8,1,1,0,0,,
reward_sparse_123_cc068aa0,reward_sparse,eval,5,123,easy,5,5,0.1,0.95,0.0,default,100,10.0,8,1,1,0,0,,
reward_sparse_123_cc068aa0,reward_sparse,eval,6,123,easy,5,5,0.1,0.95,0.0,default,100,10.0,8,1,1,0,0,,
reward_sparse_123_cc068aa0,reward_sparse,eval,7,123,easy,5,5,0.1,0.95,0.0,default,100,10.0,8,1,1,0,0,,
reward_sparse_123_cc068aa0,reward_sparse,eval,8,123,easy,5,5,0.1,0.95,0.0,default,100,10.0,8,1,1,0,0,,
reward_sparse_123_cc068aa0,reward_sparse,eval,9,123,easy,5,5,0.1,0.95,0.0,default,100,10.0,8,1,1,0,0,,
reward_sparse_123_cc068aa0,reward_sparse,eval,10,123,easy,5,5,0.1,0.95,0.0,default,100,10.0,8,1,1,0,0,,
reward_sparse_123_cc068aa0,reward_sparse,eval,1,123,easy,5,5,0.1,0.95,0.0,default,100,10.0,8,1,1,0,0,,
reward_sparse_123_cc068aa0,reward_sparse,eval,2,123,easy,5,5,0.1,0.95,0.0,default,100,10.0,8,1,1,0,0,,
reward_sparse_123_cc068aa0,reward_sparse,eval,3,123,easy,5,5,0.1,0.95,0.0,default,100,10.0,8,1,1,0,0,,
reward_sparse_123_cc068aa0,reward_sparse,eval,4,123,easy,5,5,0.1,0.95,0.0,default,100,10.0,8,1,1,0,0,,
reward_sparse_123_cc068aa0,reward_sparse,eval,5,123,easy,5,5,0.1,0.95,0.0,default,100,10.0,8,1,1,0,0,,
reward_sparse_123_cc068aa0,reward_sparse,eval,6,123,easy,5,5,0.1,0.95,0.0,default,100,10.0,8,1,1,0,0,,
reward_sparse_123_cc068aa0,reward_sparse,eval,7,123,easy,5,5,0.1,0.95,0.0,default,100,10.0,8,1,1,0,0,,
reward_sparse_123_cc068aa0,reward_sparse,eval,8,123,easy,5,5,0.1,0.95,0.0,default,100,10.0,8,1,1,0,0,,
reward_sparse_123_cc068aa0,reward_sparse,eval,9,123,easy,5,5,0.1,0.95,0.0,default,100,10.0,8,1,1,0,0,,
reward_sparse_123_cc068aa0,reward_sparse,eval,10,123,easy,5,5,0.1,0.95,0.0,default,100,10.0,8,1,1,0,0,,
reward_sparse_123_cc068aa0,reward_sparse,eval,1,123,easy,5,5,0.1,0.95,0.0,default,100,10.0,8,1,1,0,0,,
reward_sparse_123_cc068aa0,reward_sparse,eval,2,123,easy,5,5,0.1,0.95,0.0,default,100,10.0,8,1,1,0,0,,
reward_sparse_123_cc068aa0,reward_sparse,eval,3,123,easy,5,5,0.1,0.95,0.0,default,100,10.0,8,1,1,0,0,,
reward_sparse_123_cc068aa0,reward_sparse,eval,4,123,easy,5,5,0.1,0.95,0.0,default,100,10.0,8,1,1,0,0,,
reward_sparse_123_cc068aa0,reward_sparse,eval,5,123,easy,5,5,0.1,0.95,0.0,default,100,10.0,8,1,1,0,0,,
reward_sparse_123_cc068aa0,reward_sparse,eval,6,123,easy,5,5,0.1,0.95,0.0,default,100,10.0,8,1,1,0,0,,
reward_sparse_123_cc068aa0,reward_sparse,eval,7,123,easy,5,5,0.1,0.95,0.0,default,100,10.0,8,1,1,0,0,,
reward_sparse_123_cc068aa0,reward_sparse,eval,8,123,easy,5,5,0.1,0.95,0.0,default,100,10.0,8,1,1,0,0,,
reward_sparse_123_cc068aa0,reward_sparse,eval,9,123,easy,5,5,0.1,0.95,0.0,default,100,10.0,8,1,1,0,0,,
reward_sparse_123_cc068aa0,reward_sparse,eval,10,123,easy,5,5,0.1,0.95,0.0,default,100,10.0,8,1,1,0,0,,
reward_sparse_123_cc068aa0,reward_sparse,eval,1,123,easy,5,5,0.1,0.95,0.0,default,100,10.0,8,1,1,0,0,,
reward_sparse_123_cc068aa0,reward_sparse,eval,2,123,easy,5,5,0.1,0.95,0.0,default,100,10.0,8,1,1,0,0,,
reward_sparse_123_cc068aa0,reward_sparse,eval,3,123,easy,5,5,0.1,0.95,0.0,default,100,10.0,8,1,1,0,0,,
reward_sparse_123_cc068aa0,reward_sparse,eval,4,123,easy,5,5,0.1,0.95,0.0,default,100,10.0,8,1,1,0,0,,
reward_sparse_123_cc068aa0,reward_sparse,eval,5,123,easy,5,5,0.1,0.95,0.0,default,100,10.0,8,1,1,0,0,,
reward_sparse_123_cc068aa0,reward_sparse,eval,6,123,easy,5,5,0.1,0.95,0.0,default,100,10.0,8,1,1,0,0,,
reward_sparse_123_cc068aa0,reward_sparse,eval,7,123,easy,5,5,0.1,0.95,0.0,default,100,10.0,8,1,1,0,0,,
reward_sparse_123_cc068aa0,reward_sparse,eval,8,123,easy,5,5,0.1,0.95,0.0,default,100,10.0,8,1,1,0,0,,
reward_sparse_123_cc068aa0,reward_sparse,eval,9,123,easy,5,5,0.1,0.95,0.0,default,100,10.0,8,1,1,0,0,,
reward_sparse_123_cc068aa0,reward_sparse,eval,10,123,easy,5,5,0.1,0.95,0.0,default,100,10.0,8,1,1,0,0,,
reward_sparse_123_cc068aa0,reward_sparse,eval,1,123,easy,5,5,0.1,0.95,0.0,default,100,10.0,8,1,1,0,0,,
reward_sparse_123_cc068aa0,reward_sparse,eval,2,123,easy,5,5,0.1,0.95,0.0,default,100,10.0,8,1,1,0,0,,
reward_sparse_123_cc068aa0,reward_sparse,eval,3,123,easy,5,5,0.1,0.95,0.0,default,100,10.0,8,1,1,0,0,,
reward_sparse_123_cc068aa0,reward_sparse,eval,4,123,easy,5,5,0.1,0.95,0.0,default,100,10.0,8,1,1,0,0,,
reward_sparse_123_cc068aa0,reward_sparse,eval,5,123,easy,5,5,0.1,0.95,0.0,default,100,10.0,8,1,1,0,0,,
reward_sparse_123_cc068aa0,reward_sparse,eval,6,123,easy,5,5,0.1,0.95,0.0,default,100,10.0,8,1,1,0,0,,
reward_sparse_123_cc068aa0,reward_sparse,eval,7,123,easy,5,5,0.1,0.95,0.0,default,100,10.0,8,1,1,0,0,,
reward_sparse_123_cc068aa0,reward_sparse,eval,8,123,easy,5,5,0.1,0.95,0.0,default,100,10.0,8,1,1,0,0,,
reward_sparse_123_cc068aa0,reward_sparse,eval,9,123,easy,5,5,0.1,0.95,0.0,default,100,10.0,8,1,1,0,0,,
reward_sparse_123_cc068aa0,reward_sparse,eval,10,123,easy,5,5,0.1,0.95,0.0,default,100,10.0,8,1,1,0,0,,
reward_sparse_123_cc068aa0,reward_sparse,eval,1,123,easy,5,5,0.1,0.95,0.0,default,100,10.0,8,1,1,0,0,,
reward_sparse_123_cc068aa0,reward_sparse,eval,2,123,easy,5,5,0.1,0.95,0.0,default,100,10.0,8,1,1,0,0,,
reward_sparse_123_cc068aa0,reward_sparse,eval,3,123,easy,5,5,0.1,0.95,0.0,default,100,10.0,8,1,1,0,0,,
reward_sparse_123_cc068aa0,reward_sparse,eval,4,123,easy,5,5,0.1,0.95,0.0,default,100,10.0,8,1,1,0,0,,
reward_sparse_123_cc068aa0,reward_sparse,eval,5,123,easy,5,5,0.1,0.95,0.0,default,100,10.0,8,1,1,0,0,,
reward_sparse_123_cc068aa0,reward_sparse,eval,6,123,easy,5,5,0.1,0.95,0.0,default,100,10.0,8,1,1,0,0,,
reward_sparse_123_cc068aa0,reward_sparse,eval,7,123,easy,5,5,0.1,0.95,0.0,default,100,10.0,8,1,1,0,0,,
reward_sparse_123_cc068aa0,reward_sparse,eval,8,123,easy,5,5,0.1,0.95,0.0,default,100,10.0,8,1,1,0,0,,
reward_sparse_123_cc068aa0,reward_sparse,eval,9,123,easy,5,5,0.1,0.95,0.0,default,100,10.0,8,1,1,0,0,,
reward_sparse_123_cc068aa0,reward_sparse,eval,10,123,easy,5,5,0.1,0.95,0.0,default,100,10.0,8,1,1,0,0,,
reward_sparse_123_cc068aa0,reward_sparse,eval,1,123,easy,5,5,0.1,0.95,0.0,default,100,10.0,8,1,1,0,0,,
reward_sparse_123_cc068aa0,reward_sparse,eval,2,123,easy,5,5,0.1,0.95,0.0,default,100,10.0,8,1,1,0,0,,
reward_sparse_123_cc068aa0,reward_sparse,eval,3,123,easy,5,5,0.1,0.95,0.0,default,100,10.0,8,1,1,0,0,,
reward_sparse_123_cc068aa0,reward_sparse,eval,4,123,easy,5,5,0.1,0.95,0.0,default,100,10.0,8,1,1,0,0,,
reward_sparse_123_cc068aa0,reward_sparse,eval,5,123,easy,5,5,0.1,0.95,0.0,default,100,10.0,8,1,1,0,0,,
reward_sparse_123_cc068aa0,reward_sparse,eval,6,123,easy,5,5,0.1,0.95,0.0,default,100,10.0,8,1,1,0,0,,
reward_sparse_123_cc068aa0,reward_sparse,eval,7,123,easy,5,5,0.1,0.95,0.0,default,100,10.0,8,1,1,0,0,,
reward_sparse_123_cc068aa0,reward_sparse,eval,8,123,easy,5,5,0.1,0.95,0.0,default,100,10.0,8,1,1,0,0,,
reward_sparse_123_cc068aa0,reward_sparse,eval,9,123,easy,5,5,0.1,0.95,0.0,default,100,10.0,8,1,1,0,0,,
reward_sparse_123_cc068aa0,reward_sparse,eval,10,123,easy,5,5,0.1,0.95,0.0,default,100,10.0,8,1,1,0,0,,
reward_sparse_123_cc068aa0,reward_sparse,eval,1,123,easy,5,5,0.1,0.95,0.0,default,100,10.0,8,1,1,0,0,,
reward_sparse_123_cc068aa0,reward_sparse,eval,2,123,easy,5,5,0.1,0.95,0.0,default,100,10.0,8,1,1,0,0,,
reward_sparse_123_cc068aa0,reward_sparse,eval,3,123,easy,5,5,0.1,0.95,0.0,default,100,10.0,8,1,1,0,0,,
reward_sparse_123_cc068aa0,reward_sparse,eval,4,123,easy,5,5,0.1,0.95,0.0,default,100,10.0,8,1,1,0,0,,
reward_sparse_123_cc068aa0,reward_sparse,eval,5,123,easy,5,5,0.1,0.95,0.0,default,100,10.0,8,1,1,0,0,,
reward_sparse_123_cc068aa0,reward_sparse,eval,6,123,easy,5,5,0.1,0.95,0.0,default,100,10.0,8,1,1,0,0,,
reward_sparse_123_cc068aa0,reward_sparse,eval,7,123,easy,5,5,0.1,0.95,0.0,default,100,10.0,8,1,1,0,0,,
reward_sparse_123_cc068aa0,reward_sparse,eval,8,123,easy,5,5,0.1,0.95,0.0,default,100,10.0,8,1,1,0,0,,
reward_sparse_123_cc068aa0,reward_sparse,eval,9,123,easy,5,5,0.1,0.95,0.0,default,100,10.0,8,1,1,0,0,,
reward_sparse_123_cc068aa0,reward_sparse,eval,10,123,easy,5,5,0.1,0.95,0.0,default,100,10.0,8,1,1,0,0,,
reward_sparse_123_cc068aa0,reward_sparse,eval,1,123,easy,5,5,0.1,0.95,0.0,default,100,10.0,8,1,1,0,0,,
reward_sparse_123_cc068aa0,reward_sparse,eval,2,123,easy,5,5,0.1,0.95,0.0,default,100,10.0,8,1,1,0,0,,
reward_sparse_123_cc068aa0,reward_sparse,eval,3,123,easy,5,5,0.1,0.95,0.0,default,100,10.0,8,1,1,0,0,,
reward_sparse_123_cc068aa0,reward_sparse,eval,4,123,easy,5,5,0.1,0.95,0.0,default,100,10.0,8,1,1,0,0,,
reward_sparse_123_cc068aa0,reward_sparse,eval,5,123,easy,5,5,0.1,0.95,0.0,default,100,10.0,8,1,1,0,0,,
reward_sparse_123_cc068aa0,reward_sparse,eval,6,123,easy,5,5,0.1,0.95,0.0,default,100,10.0,8,1,1,0,0,,
reward_sparse_123_cc068aa0,reward_sparse,eval,7,123,easy,5,5,0.1,0.95,0.0,default,100,10.0,8,1,1,0,0,,
reward_sparse_123_cc068aa0,reward_sparse,eval,8,123,easy,5,5,0.1,0.95,0.0,default,100,10.0,8,1,1,0,0,,
reward_sparse_123_cc068aa0,reward_sparse,eval,9,123,easy,5,5,0.1,0.95,0.0,default,100,10.0,8,1,1,0,0,,
reward_sparse_123_cc068aa0,reward_sparse,eval,10,123,easy,5,5,0.1,0.95,0.0,default,100,10.0,8,1,1,0,0,,
reward_sparse_123_cc068aa0,reward_sparse,eval,1,123,easy,5,5,0.1,0.95,0.0,default,100,10.0,8,1,1,0,0,,
reward_sparse_123_cc068aa0,reward_sparse,eval,2,123,easy,5,5,0.1,0.95,0.0,default,100,10.0,8,1,1,0,0,,
reward_sparse_123_cc068aa0,reward_sparse,eval,3,123,easy,5,5,0.1,0.95,0.0,default,100,10.0,8,1,1,0,0,,
reward_sparse_123_cc068aa0,reward_sparse,eval,4,123,easy,5,5,0.1,0.95,0.0,default,100,10.0,8,1,1,0,0,,
reward_sparse_123_cc068aa0,reward_sparse,eval,5,123,easy,5,5,0.1,0.95,0.0,default,100,10.0,8,1,1,0,0,,
reward_sparse_123_cc068aa0,reward_sparse,eval,6,123,easy,5,5,0.1,0.95,0.0,default,100,10.0,8,1,1,0,0,,
reward_sparse_123_cc068aa0,reward_sparse,eval,7,123,easy,5,5,0.1,0.95,0.0,default,100,10.0,8,1,1,0,0,,
reward_sparse_123_cc068aa0,reward_sparse,eval,8,123,easy,5,5,0.1,0.95,0.0,default,100,10.0,8,1,1,0,0,,
reward_sparse_123_cc068aa0,reward_sparse,eval,9,123,easy,5,5,0.1,0.95,0.0,default,100,10.0,8,1,1,0,0,,
reward_sparse_123_cc068aa0,reward_sparse,eval,10,123,easy,5,5,0.1,0.95,0.0,default,100,10.0,8,1,1,0,0,,
reward_sparse_123_cc068aa0,reward_sparse,eval,1,123,easy,5,5,0.1,0.95,0.0,default,100,10.0,8,1,1,0,0,,
reward_sparse_123_cc068aa0,reward_sparse,eval,2,123,easy,5,5,0.1,0.95,0.0,default,100,10.0,8,1,1,0,0,,
reward_sparse_123_cc068aa0,reward_sparse,eval,3,123,easy,5,5,0.1,0.95,0.0,default,100,10.0,8,1,1,0,0,,
reward_sparse_123_cc068aa0,reward_sparse,eval,4,123,easy,5,5,0.1,0.95,0.0,default,100,10.0,8,1,1,0,0,,
reward_sparse_123_cc068aa0,reward_sparse,eval,5,123,easy,5,5,0.1,0.95,0.0,default,100,10.0,8,1,1,0,0,,
reward_sparse_123_cc068aa0,reward_sparse,eval,6,123,easy,5,5,0.1,0.95,0.0,default,100,10.0,8,1,1,0,0,,
reward_sparse_123_cc068aa0,reward_sparse,eval,7,123,easy,5,5,0.1,0.95,0.0,default,100,10.0,8,1,1,0,0,,
reward_sparse_123_cc068aa0,reward_sparse,eval,8,123,easy,5,5,0.1,0.95,0.0,default,100,10.0,8,1,1,0,0,,
reward_sparse_123_cc068aa0,reward_sparse,eval,9,123,easy,5,5,0.1,0.95,0.0,default,100,10.0,8,1,1,0,0,,
reward_sparse_123_cc068aa0,reward_sparse,eval,10,123,easy,5,5,0.1,0.95,0.0,default,100,10.0,8,1,1,0,0,,
reward_sparse_123_cc068aa0,reward_sparse,eval,1,123,easy,5,5,0.1,0.95,0.0,default,100,10.0,8,1,1,0,0,,
reward_sparse_123_cc068aa0,reward_sparse,eval,2,123,easy,5,5,0.1,0.95,0.0,default,100,10.0,8,1,1,0,0,,
reward_sparse_123_cc068aa0,reward_sparse,eval,3,123,easy,5,5,0.1,0.95,0.0,default,100,10.0,8,1,1,0,0,,
reward_sparse_123_cc068aa0,reward_sparse,eval,4,123,easy,5,5,0.1,0.95,0.0,default,100,10.0,8,1,1,0,0,,
reward_sparse_123_cc068aa0,reward_sparse,eval,5,123,easy,5,5,0.1,0.95,0.0,default,100,10.0,8,1,1,0,0,,
reward_sparse_123_cc068aa0,reward_sparse,eval,6,123,easy,5,5,0.1,0.95,0.0,default,100,10.0,8,1,1,0,0,,
reward_sparse_123_cc068aa0,reward_sparse,eval,7,123,easy,5,5,0.1,0.95,0.0,default,100,10.0,8,1,1,0,0,,
reward_sparse_123_cc068aa0,reward_sparse,eval,8,123,easy,5,5,0.1,0.95,0.0,default,100,10.0,8,1,1,0,0,,
reward_sparse_123_cc068aa0,reward_sparse,eval,9,123,easy,5,5,0.1,0.95,0.0,default,100,10.0,8,1,1,0,0,,
reward_sparse_123_cc068aa0,reward_sparse,eval,10,123,easy,5,5,0.1,0.95,0.0,default,100,10.0,8,1,1,0,0,,
reward_sparse_123_cc068aa0,reward_sparse,eval,1,123,easy,5,5,0.1,0.95,0.0,default,100,10.0,8,1,1,0,0,,
reward_sparse_123_cc068aa0,reward_sparse,eval,2,123,easy,5,5,0.1,0.95,0.0,default,100,10.0,8,1,1,0,0,,
reward_sparse_123_cc068aa0,reward_sparse,eval,3,123,easy,5,5,0.1,0.95,0.0,default,100,10.0,8,1,1,0,0,,
reward_sparse_123_cc068aa0,reward_sparse,eval,4,123,easy,5,5,0.1,0.95,0.0,default,100,10.0,8,1,1,0,0,,
reward_sparse_123_cc068aa0,reward_sparse,eval,5,123,easy,5,5,0.1,0.95,0.0,default,100,10.0,8,1,1,0,0,,
reward_sparse_123_cc068aa0,reward_sparse,eval,6,123,easy,5,5,0.1,0.95,0.0,default,100,10.0,8,1,1,0,0,,
reward_sparse_123_cc068aa0,reward_sparse,eval,7,123,easy,5,5,0.1,0.95,0.0,default,100,10.0,8,1,1,0,0,,
reward_sparse_123_cc068aa0,reward_sparse,eval,8,123,easy,5,5,0.1,0.95,0.0,default,100,10.0,8,1,1,0,0,,
reward_sparse_123_cc068aa0,reward_sparse,eval,9,123,easy,5,5,0.1,0.95,0.0,default,100,10.0,8,1,1,0,0,,
reward_sparse_123_cc068aa0,reward_sparse,eval,10,123,easy,5,5,0.1,0.95,0.0,default,100,10.0,8,1,1,0,0,,
reward_sparse_123_cc068aa0,reward_sparse,eval,1,123,easy,5,5,0.1,0.95,0.0,default,100,10.0,8,1,1,0,0,,
reward_sparse_123_cc068aa0,reward_sparse,eval,2,123,easy,5,5,0.1,0.95,0.0,default,100,10.0,8,1,1,0,0,,
reward_sparse_123_cc068aa0,reward_sparse,eval,3,123,easy,5,5,0.1,0.95,0.0,default,100,10.0,8,1,1,0,0,,
reward_sparse_123_cc068aa0,reward_sparse,eval,4,123,easy,5,5,0.1,0.95,0.0,default,100,10.0,8,1,1,0,0,,
reward_sparse_123_cc068aa0,reward_sparse,eval,5,123,easy,5,5,0.1,0.95,0.0,default,100,10.0,8,1,1,0,0,,
reward_sparse_123_cc068aa0,reward_sparse,eval,6,123,easy,5,5,0.1,0.95,0.0,default,100,10.0,8,1,1,0,0,,
reward_sparse_123_cc068aa0,reward_sparse,eval,7,123,easy,5,5,0.1,0.95,0.0,default,100,10.0,8,1,1,0,0,,
reward_sparse_123_cc068aa0,reward_sparse,eval,8,123,easy,5,5,0.1,0.95,0.0,default,100,10.0,8,1,1,0,0,,
reward_sparse_123_cc068aa0,reward_sparse,eval,9,123,easy,5,5,0.1,0.95,0.0,default,100,10.0,8,1,1,0,0,,
reward_sparse_123_cc068aa0,reward_sparse,eval,10,123,easy,5,5,0.1,0.95,0.0,default,100,10.0,8,1,1,0,0,,
reward_sparse_123_cc068aa0,reward_sparse,eval,1,123,easy,5,5,0.1,0.95,0.0,default,100,10.0,8,1,1,0,0,,
reward_sparse_123_cc068aa0,reward_sparse,eval,2,123,easy,5,5,0.1,0.95,0.0,default,100,10.0,8,1,1,0,0,,
reward_sparse_123_cc068aa0,reward_sparse,eval,3,123,easy,5,5,0.1,0.95,0.0,default,100,10.0,8,1,1,0,0,,
reward_sparse_123_cc068aa0,reward_sparse,eval,4,123,easy,5,5,0.1,0.95,0.0,default,100,10.0,8,1,1,0,0,,
reward_sparse_123_cc068aa0,reward_sparse,eval,5,123,easy,5,5,0.1,0.95,0.0,default,100,10.0,8,1,1,0,0,,
reward_sparse_123_cc068aa0,reward_sparse,eval,6,123,easy,5,5,0.1,0.95,0.0,default,100,10.0,8,1,1,0,0,,
reward_sparse_123_cc068aa0,reward_sparse,eval,7,123,easy,5,5,0.1,0.95,0.0,default,100,10.0,8,1,1,0,0,,
reward_sparse_123_cc068aa0,reward_sparse,eval,8,123,easy,5,5,0.1,0.95,0.0,default,100,10.0,8,1,1,0,0,,
reward_sparse_123_cc068aa0,reward_sparse,eval,9,123,easy,5,5,0.1,0.95,0.0,default,100,10.0,8,1,1,0,0,,
reward_sparse_123_cc068aa0,reward_sparse,eval,10,123,easy,5,5,0.1,0.95,0.0,default,100,10.0,8,1,1,0,0,,
reward_sparse_123_cc068aa0,reward_sparse,eval,1,123,easy,5,5,0.1,0.95,0.0,default,100,10.0,8,1,1,0,0,,
reward_sparse_123_cc068aa0,reward_sparse,eval,2,123,easy,5,5,0.1,0.95,0.0,default,100,10.0,8,1,1,0,0,,
reward_sparse_123_cc068aa0,reward_sparse,eval,3,123,easy,5,5,0.1,0.95,0.0,default,100,10.0,8,1,1,0,0,,
reward_sparse_123_cc068aa0,reward_sparse,eval,4,123,easy,5,5,0.1,0.95,0.0,default,100,10.0,8,1,1,0,0,,
reward_sparse_123_cc068aa0,reward_sparse,eval,5,123,easy,5,5,0.1,0.95,0.0,default,100,10.0,8,1,1,0,0,,
reward_sparse_123_cc068aa0,reward_sparse,eval,6,123,easy,5,5,0.1,0.95,0.0,default,100,10.0,8,1,1,0,0,,
reward_sparse_123_cc068aa0,reward_sparse,eval,7,123,easy,5,5,0.1,0.95,0.0,default,100,10.0,8,1,1,0,0,,
reward_sparse_123_cc068aa0,reward_sparse,eval,8,123,easy,5,5,0.1,0.95,0.0,default,100,10.0,8,1,1,0,0,,
reward_sparse_123_cc068aa0,reward_sparse,eval,9,123,easy,5,5,0.1,0.95,0.0,default,100,10.0,8,1,1,0,0,,
reward_sparse_123_cc068aa0,reward_sparse,eval,10,123,easy,5,5,0.1,0.95,0.0,default,100,10.0,8,1,1,0,0,,
reward_sparse_123_cc068aa0,reward_sparse,eval,1,123,easy,5,5,0.1,0.95,0.0,default,100,10.0,8,1,1,0,0,,
reward_sparse_123_cc068aa0,reward_sparse,eval,2,123,easy,5,5,0.1,0.95,0.0,default,100,10.0,8,1,1,0,0,,
reward_sparse_123_cc068aa0,reward_sparse,eval,3,123,easy,5,5,0.1,0.95,0.0,default,100,10.0,8,1,1,0,0,,
reward_sparse_123_cc068aa0,reward_sparse,eval,4,123,easy,5,5,0.1,0.95,0.0,default,100,10.0,8,1,1,0,0,,
reward_sparse_123_cc068aa0,reward_sparse,eval,5,123,easy,5,5,0.1,0.95,0.0,default,100,10.0,8,1,1,0,0,,
reward_sparse_123_cc068aa0,reward_sparse,eval,6,123,easy,5,5,0.1,0.95,0.0,default,100,10.0,8,1,1,0,0,,
reward_sparse_123_cc068aa0,reward_sparse,eval,7,123,easy,5,5,0.1,0.95,0.0,default,100,10.0,8,1,1,0,0,,
reward_sparse_123_cc068aa0,reward_sparse,eval,8,123,easy,5,5,0.1,0.95,0.0,default,100,10.0,8,1,1,0,0,,
reward_sparse_123_cc068aa0,reward_sparse,eval,9,123,easy,5,5,0.1,0.95,0.0,default,100,10.0,8,1,1,0,0,,
reward_sparse_123_cc068aa0,reward_sparse,eval,10,123,easy,5,5,0.1,0.95,0.0,default,100,10.0,8,1,1,0,0,,
reward_sparse_123_cc068aa0,reward_sparse,eval,1,123,easy,5,5,0.1,0.95,0.0,default,100,10.0,8,1,1,0,0,,
reward_sparse_123_cc068aa0,reward_sparse,eval,2,123,easy,5,5,0.1,0.95,0.0,default,100,10.0,8,1,1,0,0,,
reward_sparse_123_cc068aa0,reward_sparse,eval,3,123,easy,5,5,0.1,0.95,0.0,default,100,10.0,8,1,1,0,0,,
reward_sparse_123_cc068aa0,reward_sparse,eval,4,123,easy,5,5,0.1,0.95,0.0,default,100,10.0,8,1,1,0,0,,
reward_sparse_123_cc068aa0,reward_sparse,eval,5,123,easy,5,5,0.1,0.95,0.0,default,100,10.0,8,1,1,0,0,,
reward_sparse_123_cc068aa0,reward_sparse,eval,6,123,easy,5,5,0.1,0.95,0.0,default,100,10.0,8,1,1,0,0,,
reward_sparse_123_cc068aa0,reward_sparse,eval,7,123,easy,5,5,0.1,0.95,0.0,default,100,10.0,8,1,1,0,0,,
reward_sparse_123_cc068aa0,reward_sparse,eval,8,123,easy,5,5,0.1,0.95,0.0,default,100,10.0,8,1,1,0,0,,
reward_sparse_123_cc068aa0,reward_sparse,eval,9,123,easy,5,5,0.1,0.95,0.0,default,100,10.0,8,1,1,0,0,,
reward_sparse_123_cc068aa0,reward_sparse,eval,10,123,easy,5,5,0.1,0.95,0.0,default,100,10.0,8,1,1,0,0,,
reward_sparse_123_cc068aa0,reward_sparse,eval,1,123,easy,5,5,0.1,0.95,0.0,default,100,10.0,8,1,1,0,0,,
reward_sparse_123_cc068aa0,reward_sparse,eval,2,123,easy,5,5,0.1,0.95,0.0,default,100,10.0,8,1,1,0,0,,
reward_sparse_123_cc068aa0,reward_sparse,eval,3,123,easy,5,5,0.1,0.95,0.0,default,100,10.0,8,1,1,0,0,,
reward_sparse_123_cc068aa0,reward_sparse,eval,4,123,easy,5,5,0.1,0.95,0.0,default,100,10.0,8,1,1,0,0,,
reward_sparse_123_cc068aa0,reward_sparse,eval,5,123,easy,5,5,0.1,0.95,0.0,default,100,10.0,8,1,1,0,0,,
reward_sparse_123_cc068aa0,reward_sparse,eval,6,123,easy,5,5,0.1,0.95,0.0,default,100,10.0,8,1,1,0,0,,
reward_sparse_123_cc068aa0,reward_sparse,eval,7,123,easy,5,5,0.1,0.95,0.0,default,100,10.0,8,1,1,0,0,,
reward_sparse_123_cc068aa0,reward_sparse,eval,8,123,easy,5,5,0.1,0.95,0.0,default,100,10.0,8,1,1,0,0,,
reward_sparse_123_cc068aa0,reward_sparse,eval,9,123,easy,5,5,0.1,0.95,0.0,default,100,10.0,8,1,1,0,0,,
reward_sparse_123_cc068aa0,reward_sparse,eval,10,123,easy,5,5,0.1,0.95,0.0,default,100,10.0,8,1,1,0,0,,
reward_sparse_123_cc068aa0,reward_sparse,eval,1,123,easy,5,5,0.1,0.95,0.0,default,100,10.0,8,1,1,0,0,,
reward_sparse_123_cc068aa0,reward_sparse,eval,2,123,easy,5,5,0.1,0.95,0.0,default,100,10.0,8,1,1,0,0,,
reward_sparse_123_cc068aa0,reward_sparse,eval,3,123,easy,5,5,0.1,0.95,0.0,default,100,10.0,8,1,1,0,0,,
reward_sparse_123_cc068aa0,reward_sparse,eval,4,123,easy,5,5,0.1,0.95,0.0,default,100,10.0,8,1,1,0,0,,
reward_sparse_123_cc068aa0,reward_sparse,eval,5,123,easy,5,5,0.1,0.95,0.0,default,100,10.0,8,1,1,0,0,,
reward_sparse_123_cc068aa0,reward_sparse,eval,6,123,easy,5,5,0.1,0.95,0.0,default,100,10.0,8,1,1,0,0,,
reward_sparse_123_cc068aa0,reward_sparse,eval,7,123,easy,5,5,0.1,0.95,0.0,default,100,10.0,8,1,1,0,0,,
reward_sparse_123_cc068aa0,reward_sparse,eval,8,123,easy,5,5,0.1,0.95,0.0,default,100,10.0,8,1,1,0,0,,
reward_sparse_123_cc068aa0,reward_sparse,eval,9,123,easy,5,5,0.1,0.95,0.0,default,100,10.0,8,1,1,0,0,,
reward_sparse_123_cc068aa0,reward_sparse,eval,10,123,easy,5,5,0.1,0.95,0.0,default,100,10.0,8,1,1,0,0,,
