run_id,exp_name,phase,episode,seed,map_name,rows,cols,alpha,gamma,epsilon,reward_setting,max_steps,total_reward,steps,success,terminated,truncated,hit_trap,elapsed_sec,qtable_path
map_medium_123_491d0f17,map_medium,train,1,123,medium,5,5,0.1,0.95,0.199,default,100,-38.0,29,0,1,0,1,0.004564599992590956,
map_medium_123_491d0f17,map_medium,train,2,123,medium,5,5,0.1,0.95,0.19800500000000001,default,100,-25.0,16,0,1,0,1,0.0022918000031495467,
map_medium_123_491d0f17,map_medium,train,3,123,medium,5,5,0.1,0.95,0.197014975,default,100,-22.0,13,0,1,0,1,0.0017973000067286193,
map_medium_123_491d0f17,map_medium,train,4,123,medium,5,5,0.1,0.95,0.19602990012500002,default,100,-81.0,72,0,1,0,1,0.008149200002662838,
map_medium_123_491d0f17,map_medium,train,5,123,medium,5,5,0.1,0.95,0.19504975062437502,default,100,-16.0,27,1,1,0,0,0.003575999988242984,
map_medium_123_491d0f17,map_medium,train,6,123,medium,5,5,0.1,0.95,0.19407450187125314,default,100,-21.0,12,0,1,0,1,0.0016247999883489683,
map_medium_123_491d0f17,map_medium,train,7,123,medium,5,5,0.1,0.95,0.19310412936189686,default,100,-60.0,71,1,1,0,0,0.008379400009289384,
map_medium_123_491d0f17,map_medium,train,8,123,medium,5,5,0.1,0.95,0.19213860871508737,default,100,-18.0,9,0,1,0,1,0.0015684000100009143,
map_medium_123_491d0f17,map_medium,train,9,123,medium,5,5,0.1,0.95,0.19117791567151193,default,100,-60.0,71,1,1,0,0,0.00863700000627432,
map_medium_123_491d0f17,map_medium,train,10,123,medium,5,5,0.1,0.95,0.19022202609315436,default,100,-4.0,15,1,1,0,0,0.0021943000028841197,
map_medium_123_491d0f17,map_medium,train,11,123,medium,5,5,0.1,0.95,0.18927091596268858,default,100,-10.0,21,1,1,0,0,0.0027425000007497147,
map_medium_123_491d0f17,map_medium,train,12,123,medium,5,5,0.1,0.95,0.18832456138287512,default,100,-16.0,27,1,1,0,0,0.003989599994383752,
map_medium_123_491d0f17,map_medium,train,13,123,medium,5,5,0.1,0.95,0.18738293857596075,default,100,-62.0,53,0,1,0,1,0.00668279999808874,
map_medium_123_491d0f17,map_medium,train,14,123,medium,5,5,0.1,0.95,0.18644602388308096,default,100,-2.0,13,1,1,0,0,0.0016815999988466501,
map_medium_123_491d0f17,map_medium,train,15,123,medium,5,5,0.1,0.95,0.18551379376366556,default,100,-14.0,25,1,1,0,0,0.0032590000046184286,
map_medium_123_491d0f17,map_medium,train,16,123,medium,5,5,0.1,0.95,0.18458622479484724,default,100,-43.0,54,1,1,0,0,0.006169500004034489,
map_medium_123_491d0f17,map_medium,train,17,123,medium,5,5,0.1,0.95,0.183663293670873,default,100,-21.0,12,0,1,0,1,0.001878799987025559,
map_medium_123_491d0f17,map_medium,train,18,123,medium,5,5,0.1,0.95,0.18274497720251864,default,100,-6.0,17,1,1,0,0,0.0021428000036394224,
map_medium_123_491d0f17,map_medium,train,19,123,medium,5,5,0.1,0.95,0.18183125231650604,default,100,-19.0,10,0,1,0,1,0.001268399995751679,
map_medium_123_491d0f17,map_medium,train,20,123,medium,5,5,0.1,0.95,0.18092209605492351,default,100,-30.0,41,1,1,0,0,0.005178799998247996,
map_medium_123_491d0f17,map_medium,train,21,123,medium,5,5,0.1,0.95,0.1800174855746489,default,100,-9.0,20,1,1,0,0,0.0022649000020464882,
map_medium_123_491d0f17,map_medium,train,22,123,medium,5,5,0.1,0.95,0.17911739814677563,default,100,-13.0,24,1,1,0,0,0.002586999995401129,
map_medium_123_491d0f17,map_medium,train,23,123,medium,5,5,0.1,0.95,0.17822181115604174,default,100,-14.0,25,1,1,0,0,0.0026347999955760315,
map_medium_123_491d0f17,map_medium,train,24,123,medium,5,5,0.1,0.95,0.17733070210026153,default,100,-18.0,29,1,1,0,0,0.0030553999968105927,
map_medium_123_491d0f17,map_medium,train,25,123,medium,5,5,0.1,0.95,0.17644404858976023,default,100,-10.0,21,1,1,0,0,0.002337400001124479,
map_medium_123_491d0f17,map_medium,train,26,123,medium,5,5,0.1,0.95,0.17556182834681144,default,100,1.0,10,1,1,0,0,0.001115499995648861,
map_medium_123_491d0f17,map_medium,train,27,123,medium,5,5,0.1,0.95,0.1746840192050774,default,100,-21.0,32,1,1,0,0,0.003346500001498498,
map_medium_123_491d0f17,map_medium,train,28,123,medium,5,5,0.1,0.95,0.173810599109052,default,100,-8.0,19,1,1,0,0,0.0019442000048002228,
map_medium_123_491d0f17,map_medium,train,29,123,medium,5,5,0.1,0.95,0.17294154611350673,default,100,-22.0,33,1,1,0,0,0.0036244000075384974,
map_medium_123_491d0f17,map_medium,train,30,123,medium,5,5,0.1,0.95,0.1720768383829392,default,100,-1.0,12,1,1,0,0,0.0014045000134501606,
map_medium_123_491d0f17,map_medium,train,31,123,medium,5,5,0.1,0.95,0.1712164541910245,default,100,-1.0,12,1,1,0,0,0.0014650000084657222,
map_medium_123_491d0f17,map_medium,train,32,123,medium,5,5,0.1,0.95,0.17036037192006936,default,100,-19.0,10,0,1,0,1,0.001039499999023974,
map_medium_123_491d0f17,map_medium,train,33,123,medium,5,5,0.1,0.95,0.16950857006046902,default,100,-6.0,17,1,1,0,0,0.001811699999962002,
map_medium_123_491d0f17,map_medium,train,34,123,medium,5,5,0.1,0.95,0.16866102721016668,default,100,-28.0,19,0,1,0,1,0.0019903000065824017,
map_medium_123_491d0f17,map_medium,train,35,123,medium,5,5,0.1,0.95,0.16781772207411585,default,100,-11.0,22,1,1,0,0,0.0023901999957161024,
map_medium_123_491d0f17,map_medium,train,36,123,medium,5,5,0.1,0.95,0.16697863346374528,default,100,-1.0,12,1,1,0,0,0.0014189000066835433,
map_medium_123_491d0f17,map_medium,train,37,123,medium,5,5,0.1,0.95,0.16614374029642656,default,100,-23.0,14,0,1,0,1,0.0015847000031499192,
map_medium_123_491d0f17,map_medium,train,38,123,medium,5,5,0.1,0.95,0.16531302159494443,default,100,-4.0,15,1,1,0,0,0.0016016999870771542,
map_medium_123_491d0f17,map_medium,train,39,123,medium,5,5,0.1,0.95,0.16448645648696972,default,100,-4.0,15,1,1,0,0,0.001662800001213327,
map_medium_123_491d0f17,map_medium,train,40,123,medium,5,5,0.1,0.95,0.16366402420453488,default,100,0.0,11,1,1,0,0,0.0013185999996494502,
map_medium_123_491d0f17,map_medium,train,41,123,medium,5,5,0.1,0.95,0.1628457040835122,default,100,1.0,10,1,1,0,0,0.001211100010550581,
map_medium_123_491d0f17,map_medium,train,42,123,medium,5,5,0.1,0.95,0.16203147556309463,default,100,-6.0,17,1,1,0,0,0.0019054000003961846,
map_medium_123_491d0f17,map_medium,train,43,123,medium,5,5,0.1,0.95,0.16122131818527916,default,100,-3.0,14,1,1,0,0,0.001603400000021793,
map_medium_123_491d0f17,map_medium,train,44,123,medium,5,5,0.1,0.95,0.16041521159435276,default,100,-15.0,26,1,1,0,0,0.0026876000047195703,
map_medium_123_491d0f17,map_medium,train,45,123,medium,5,5,0.1,0.95,0.159613135536381,default,100,-8.0,19,1,1,0,0,0.0020220000005792826,
map_medium_123_491d0f17,map_medium,train,46,123,medium,5,5,0.1,0.95,0.15881506985869911,default,100,-1.0,12,1,1,0,0,0.0014024999982211739,
map_medium_123_491d0f17,map_medium,train,47,123,medium,5,5,0.1,0.95,0.15802099450940563,default,100,-8.0,19,1,1,0,0,0.0019755999965127558,
map_medium_123_491d0f17,map_medium,train,48,123,medium,5,5,0.1,0.95,0.1572308895368586,default,100,-1.0,12,1,1,0,0,0.0014018000074429438,
map_medium_123_491d0f17,map_medium,train,49,123,medium,5,5,0.1,0.95,0.1564447350891743,default,100,0.0,11,1,1,0,0,0.0013155000051483512,
map_medium_123_491d0f17,map_medium,train,50,123,medium,5,5,0.1,0.95,0.15566251141372844,default,100,-5.0,16,1,1,0,0,0.00176830000418704,
map_medium_123_491d0f17,map_medium,train,51,123,medium,5,5,0.1,0.95,0.1548841988566598,default,100,-2.0,13,1,1,0,0,0.0021979000011924654,
map_medium_123_491d0f17,map_medium,train,52,123,medium,5,5,0.1,0.95,0.1541097778623765,default,100,2.0,9,1,1,0,0,0.001485000000684522,
map_medium_123_491d0f17,map_medium,train,53,123,medium,5,5,0.1,0.95,0.15333922897306462,default,100,3.0,8,1,1,0,0,0.0010100000072270632,
map_medium_123_491d0f17,map_medium,train,54,123,medium,5,5,0.1,0.95,0.1525725328281993,default,100,-4.0,15,1,1,0,0,0.0016604999982519075,
map_medium_123_491d0f17,map_medium,train,55,123,medium,5,5,0.1,0.95,0.1518096701640583,default,100,-2.0,13,1,1,0,0,0.0014723000058438629,
map_medium_123_491d0f17,map_medium,train,56,123,medium,5,5,0.1,0.95,0.151050621813238,default,100,3.0,8,1,1,0,0,0.000945699997828342,
map_medium_123_491d0f17,map_medium,train,57,123,medium,5,5,0.1,0.95,0.15029536870417182,default,100,0.0,11,1,1,0,0,0.0012706999987130985,
map_medium_123_491d0f17,map_medium,train,58,123,medium,5,5,0.1,0.95,0.14954389186065095,default,100,-3.0,14,1,1,0,0,0.001847699997597374,
map_medium_123_491d0f17,map_medium,train,59,123,medium,5,5,0.1,0.95,0.1487961724013477,default,100,-25.0,16,0,1,0,1,0.0017772999999579042,
map_medium_123_491d0f17,map_medium,train,60,123,medium,5,5,0.1,0.95,0.14805219153934096,default,100,-16.0,7,0,1,0,1,0.000821699999505654,
map_medium_123_491d0f17,map_medium,train,61,123,medium,5,5,0.1,0.95,0.14731193058164427,default,100,0.0,11,1,1,0,0,0.0013411999971140176,
map_medium_123_491d0f17,map_medium,train,62,123,medium,5,5,0.1,0.95,0.14657537092873604,default,100,0.0,11,1,1,0,0,0.0015179999900283292,
map_medium_123_491d0f17,map_medium,train,63,123,medium,5,5,0.1,0.95,0.14584249407409236,default,100,3.0,8,1,1,0,0,0.0010310999932698905,
map_medium_123_491d0f17,map_medium,train,64,123,medium,5,5,0.1,0.95,0.1451132816037219,default,100,2.0,9,1,1,0,0,0.0010768999927677214,
map_medium_123_491d0f17,map_medium,train,65,123,medium,5,5,0.1,0.95,0.1443877151957033,default,100,3.0,8,1,1,0,0,0.000995199996395968,
map_medium_123_491d0f17,map_medium,train,66,123,medium,5,5,0.1,0.95,0.14366577661972477,default,100,-3.0,14,1,1,0,0,0.0015330000023823231,
map_medium_123_491d0f17,map_medium,train,67,123,medium,5,5,0.1,0.95,0.14294744773662615,default,100,-6.0,17,1,1,0,0,0.0018948999932035804,
map_medium_123_491d0f17,map_medium,train,68,123,medium,5,5,0.1,0.95,0.14223271049794303,default,100,1.0,10,1,1,0,0,0.0012208999978611246,
map_medium_123_491d0f17,map_medium,train,69,123,medium,5,5,0.1,0.95,0.14152154694545332,default,100,2.0,9,1,1,0,0,0.0010433999996166676,
map_medium_123_491d0f17,map_medium,train,70,123,medium,5,5,0.1,0.95,0.14081393921072605,default,100,3.0,8,1,1,0,0,0.0009993999992730096,
map_medium_123_491d0f17,map_medium,train,71,123,medium,5,5,0.1,0.95,0.1401098695146724,default,100,0.0,11,1,1,0,0,0.0012565999932121485,
map_medium_123_491d0f17,map_medium,train,72,123,medium,5,5,0.1,0.95,0.13940932016709906,default,100,2.0,9,1,1,0,0,0.0010971000010613352,
map_medium_123_491d0f17,map_medium,train,73,123,medium,5,5,0.1,0.95,0.13871227356626356,default,100,1.0,10,1,1,0,0,0.001087199998437427,
map_medium_123_491d0f17,map_medium,train,74,123,medium,5,5,0.1,0.95,0.13801871219843223,default,100,0.0,11,1,1,0,0,0.001280399999814108,
map_medium_123_491d0f17,map_medium,train,75,123,medium,5,5,0.1,0.95,0.13732861863744006,default,100,-16.0,7,0,1,0,1,0.0007481000066036358,
map_medium_123_491d0f17,map_medium,train,76,123,medium,5,5,0.1,0.95,0.13664197554425286,default,100,3.0,8,1,1,0,0,0.0009374999935971573,
map_medium_123_491d0f17,map_medium,train,77,123,medium,5,5,0.1,0.95,0.1359587656665316,default,100,1.0,10,1,1,0,0,0.0011350999993737787,
map_medium_123_491d0f17,map_medium,train,78,123,medium,5,5,0.1,0.95,0.13527897183819892,default,100,-13.0,4,0,1,0,1,0.0005107000033603981,
map_medium_123_491d0f17,map_medium,train,79,123,medium,5,5,0.1,0.95,0.13460257697900793,default,100,2.0,9,1,1,0,0,0.0011078999959863722,
map_medium_123_491d0f17,map_medium,train,80,123,medium,5,5,0.1,0.95,0.13392956409411289,default,100,1.0,10,1,1,0,0,0.0013601999962702394,
map_medium_123_491d0f17,map_medium,train,81,123,medium,5,5,0.1,0.95,0.1332599162736423,default,100,-1.0,12,1,1,0,0,0.001378500004648231,
map_medium_123_491d0f17,map_medium,train,82,123,medium,5,5,0.1,0.95,0.1325936166922741,default,100,3.0,8,1,1,0,0,0.0010204999998677522,
map_medium_123_491d0f17,map_medium,train,83,123,medium,5,5,0.1,0.95,0.13193064860881273,default,100,2.0,9,1,1,0,0,0.0010140999947907403,
map_medium_123_491d0f17,map_medium,train,84,123,medium,5,5,0.1,0.95,0.13127099536576867,default,100,-20.0,11,0,1,0,1,0.0009696000051917508,
map_medium_123_491d0f17,map_medium,train,85,123,medium,5,5,0.1,0.95,0.13061464038893983,default,100,2.0,9,1,1,0,0,0.0010485000093467534,
map_medium_123_491d0f17,map_medium,train,86,123,medium,5,5,0.1,0.95,0.12996156718699514,default,100,0.0,11,1,1,0,0,0.0012294999905861914,
map_medium_123_491d0f17,map_medium,train,87,123,medium,5,5,0.1,0.95,0.12931175935106015,default,100,2.0,9,1,1,0,0,0.0010746000043582171,
map_medium_123_491d0f17,map_medium,train,88,123,medium,5,5,0.1,0.95,0.12866520055430486,default,100,3.0,8,1,1,0,0,0.0009785000002011657,
map_medium_123_491d0f17,map_medium,train,89,123,medium,5,5,0.1,0.95,0.12802187455153333,default,100,3.0,8,1,1,0,0,0.0009949999948730692,
map_medium_123_491d0f17,map_medium,train,90,123,medium,5,5,0.1,0.95,0.12738176517877567,default,100,-15.0,6,0,1,0,1,0.0006759999960195273,
map_medium_123_491d0f17,map_medium,train,91,123,medium,5,5,0.1,0.95,0.1267448563528818,default,100,1.0,10,1,1,0,0,0.0011041999969165772,
map_medium_123_491d0f17,map_medium,train,92,123,medium,5,5,0.1,0.95,0.12611113207111738,default,100,3.0,8,1,1,0,0,0.0010043999936897308,
map_medium_123_491d0f17,map_medium,train,93,123,medium,5,5,0.1,0.95,0.1254805764107618,default,100,1.0,10,1,1,0,0,0.0011668000079225749,
map_medium_123_491d0f17,map_medium,train,94,123,medium,5,5,0.1,0.95,0.12485317352870799,default,100,3.0,8,1,1,0,0,0.000996100003249012,
map_medium_123_491d0f17,map_medium,train,95,123,medium,5,5,0.1,0.95,0.12422890766106445,default,100,1.0,10,1,1,0,0,0.0011441999959060922,
map_medium_123_491d0f17,map_medium,train,96,123,medium,5,5,0.1,0.95,0.12360776312275913,default,100,3.0,8,1,1,0,0,0.0009431000071344897,
map_medium_123_491d0f17,map_medium,train,97,123,medium,5,5,0.1,0.95,0.12298972430714533,default,100,-1.0,12,1,1,0,0,0.0013727999903494492,
map_medium_123_491d0f17,map_medium,train,98,123,medium,5,5,0.1,0.95,0.1223747756856096,default,100,-2.0,13,1,1,0,0,0.001488300011260435,
map_medium_123_491d0f17,map_medium,train,99,123,medium,5,5,0.1,0.95,0.12176290180718155,default,100,2.0,9,1,1,0,0,0.0010621000110404566,
map_medium_123_491d0f17,map_medium,train,100,123,medium,5,5,0.1,0.95,0.12115408729814564,default,100,3.0,8,1,1,0,0,0.0010074000019812956,
map_medium_123_491d0f17,map_medium,train,101,123,medium,5,5,0.1,0.95,0.12054831686165492,default,100,3.0,8,1,1,0,0,0.0010566999990260229,
map_medium_123_491d0f17,map_medium,train,102,123,medium,5,5,0.1,0.95,0.11994557527734664,default,100,0.0,11,1,1,0,0,0.001259199998457916,
map_medium_123_491d0f17,map_medium,train,103,123,medium,5,5,0.1,0.95,0.11934584740095991,default,100,1.0,10,1,1,0,0,0.0011976999958278611,
map_medium_123_491d0f17,map_medium,train,104,123,medium,5,5,0.1,0.95,0.11874911816395511,default,100,3.0,8,1,1,0,0,0.0009533999982522801,
map_medium_123_491d0f17,map_medium,train,105,123,medium,5,5,0.1,0.95,0.11815537257313534,default,100,1.0,10,1,1,0,0,0.0011206999915884808,
map_medium_123_491d0f17,map_medium,train,106,123,medium,5,5,0.1,0.95,0.11756459571026966,default,100,3.0,8,1,1,0,0,0.0009600000048521906,
map_medium_123_491d0f17,map_medium,train,107,123,medium,5,5,0.1,0.95,0.1169767727317183,default,100,1.0,10,1,1,0,0,0.001175199999124743,
map_medium_123_491d0f17,map_medium,train,108,123,medium,5,5,0.1,0.95,0.1163918888680597,default,100,3.0,8,1,1,0,0,0.0009209999989252537,
map_medium_123_491d0f17,map_medium,train,109,123,medium,5,5,0.1,0.95,0.11580992942371941,default,100,-15.0,6,0,1,0,1,0.0007314999966183677,
map_medium_123_491d0f17,map_medium,train,110,123,medium,5,5,0.1,0.95,0.11523087977660082,default,100,3.0,8,1,1,0,0,0.0009984999924199656,
map_medium_123_491d0f17,map_medium,train,111,123,medium,5,5,0.1,0.95,0.11465472537771781,default,100,3.0,8,1,1,0,0,0.000997700000880286,
map_medium_123_491d0f17,map_medium,train,112,123,medium,5,5,0.1,0.95,0.11408145175082922,default,100,3.0,8,1,1,0,0,0.0009979000024031848,
map_medium_123_491d0f17,map_medium,train,113,123,medium,5,5,0.1,0.95,0.11351104449207507,default,100,3.0,8,1,1,0,0,0.0009947999933501706,
map_medium_123_491d0f17,map_medium,train,114,123,medium,5,5,0.1,0.95,0.11294348926961469,default,100,3.0,8,1,1,0,0,0.0009987000084947795,
map_medium_123_491d0f17,map_medium,train,115,123,medium,5,5,0.1,0.95,0.11237877182326661,default,100,2.0,9,1,1,0,0,0.001051500003086403,
map_medium_123_491d0f17,map_medium,train,116,123,medium,5,5,0.1,0.95,0.11181687796415028,default,100,3.0,8,1,1,0,0,0.000988799991318956,
map_medium_123_491d0f17,map_medium,train,117,123,medium,5,5,0.1,0.95,0.11125779357432954,default,100,3.0,8,1,1,0,0,0.0009873000090010464,
map_medium_123_491d0f17,map_medium,train,118,123,medium,5,5,0.1,0.95,0.11070150460645789,default,100,3.0,8,1,1,0,0,0.0009369999897899106,
map_medium_123_491d0f17,map_medium,train,119,123,medium,5,5,0.1,0.95,0.1101479970834256,default,100,3.0,8,1,1,0,0,0.001000400006887503,
map_medium_123_491d0f17,map_medium,train,120,123,medium,5,5,0.1,0.95,0.10959725709800847,default,100,2.0,9,1,1,0,0,0.0010520000068936497,
map_medium_123_491d0f17,map_medium,train,121,123,medium,5,5,0.1,0.95,0.10904927081251842,default,100,1.0,10,1,1,0,0,0.0012125999928684905,
map_medium_123_491d0f17,map_medium,train,122,123,medium,5,5,0.1,0.95,0.10850402445845582,default,100,3.0,8,1,1,0,0,0.000952499991399236,
map_medium_123_491d0f17,map_medium,train,123,123,medium,5,5,0.1,0.95,0.10796150433616354,default,100,3.0,8,1,1,0,0,0.0009825000015553087,
map_medium_123_491d0f17,map_medium,train,124,123,medium,5,5,0.1,0.95,0.10742169681448273,default,100,3.0,8,1,1,0,0,0.0009857000113697723,
map_medium_123_491d0f17,map_medium,train,125,123,medium,5,5,0.1,0.95,0.10688458833041031,default,100,1.0,10,1,1,0,0,0.0011746999953174964,
map_medium_123_491d0f17,map_medium,train,126,123,medium,5,5,0.1,0.95,0.10635016538875826,default,100,3.0,8,1,1,0,0,0.0009371000051032752,
map_medium_123_491d0f17,map_medium,train,127,123,medium,5,5,0.1,0.95,0.10581841456181447,default,100,1.0,10,1,1,0,0,0.001173999989987351,
map_medium_123_491d0f17,map_medium,train,128,123,medium,5,5,0.1,0.95,0.1052893224890054,default,100,2.0,9,1,1,0,0,0.0010604999988572672,
map_medium_123_491d0f17,map_medium,train,129,123,medium,5,5,0.1,0.95,0.10476287587656037,default,100,3.0,8,1,1,0,0,0.0009972999978344887,
map_medium_123_491d0f17,map_medium,train,130,123,medium,5,5,0.1,0.95,0.10423906149717757,default,100,3.0,8,1,1,0,0,0.0009783000132301822,
map_medium_123_491d0f17,map_medium,train,131,123,medium,5,5,0.1,0.95,0.10371786618969168,default,100,3.0,8,1,1,0,0,0.0009976000001188368,
map_medium_123_491d0f17,map_medium,train,132,123,medium,5,5,0.1,0.95,0.10319927685874322,default,100,3.0,8,1,1,0,0,0.0009775000071385875,
map_medium_123_491d0f17,map_medium,train,133,123,medium,5,5,0.1,0.95,0.10268328047444951,default,100,3.0,8,1,1,0,0,0.000990600005025044,
map_medium_123_491d0f17,map_medium,train,134,123,medium,5,5,0.1,0.95,0.10216986407207726,default,100,-13.0,4,0,1,0,1,0.0005073999927844852,
map_medium_123_491d0f17,map_medium,train,135,123,medium,5,5,0.1,0.95,0.10165901475171688,default,100,1.0,10,1,1,0,0,0.0010765000042738393,
map_medium_123_491d0f17,map_medium,train,136,123,medium,5,5,0.1,0.95,0.10115071967795829,default,100,3.0,8,1,1,0,0,0.0009404000011272728,
map_medium_123_491d0f17,map_medium,train,137,123,medium,5,5,0.1,0.95,0.10064496607956849,default,100,-2.0,13,1,1,0,0,0.0014964000001782551,
map_medium_123_491d0f17,map_medium,train,138,123,medium,5,5,0.1,0.95,0.10014174124917065,default,100,3.0,8,1,1,0,0,0.0009570999973220751,
map_medium_123_491d0f17,map_medium,train,139,123,medium,5,5,0.1,0.95,0.09964103254292479,default,100,3.0,8,1,1,0,0,0.0010015000007115304,
map_medium_123_491d0f17,map_medium,train,140,123,medium,5,5,0.1,0.95,0.09914282738021017,default,100,0.0,11,1,1,0,0,0.001228399996762164,
map_medium_123_491d0f17,map_medium,train,141,123,medium,5,5,0.1,0.95,0.09864711324330912,default,100,3.0,8,1,1,0,0,0.000982900004601106,
map_medium_123_491d0f17,map_medium,train,142,123,medium,5,5,0.1,0.95,0.09815387767709258,default,100,3.0,8,1,1,0,0,0.000999199997750111,
map_medium_123_491d0f17,map_medium,train,143,123,medium,5,5,0.1,0.95,0.09766310828870711,default,100,3.0,8,1,1,0,0,0.0010277999972458929,
map_medium_123_491d0f17,map_medium,train,144,123,medium,5,5,0.1,0.95,0.09717479274726358,default,100,2.0,9,1,1,0,0,0.0010146999993594363,
map_medium_123_491d0f17,map_medium,train,145,123,medium,5,5,0.1,0.95,0.09668891878352726,default,100,3.0,8,1,1,0,0,0.0010086999973282218,
map_medium_123_491d0f17,map_medium,train,146,123,medium,5,5,0.1,0.95,0.09620547418960962,default,100,-1.0,12,1,1,0,0,0.0012852000072598457,
map_medium_123_491d0f17,map_medium,train,147,123,medium,5,5,0.1,0.95,0.09572444681866157,default,100,3.0,8,1,1,0,0,0.0010115999903064221,
map_medium_123_491d0f17,map_medium,train,148,123,medium,5,5,0.1,0.95,0.09524582458456826,default,100,3.0,8,1,1,0,0,0.0009969000093406066,
map_medium_123_491d0f17,map_medium,train,149,123,medium,5,5,0.1,0.95,0.09476959546164541,default,100,2.0,9,1,1,0,0,0.0010159000084968284,
map_medium_123_491d0f17,map_medium,train,150,123,medium,5,5,0.1,0.95,0.09429574748433718,default,100,2.0,9,1,1,0,0,0.0010422000050311908,
map_medium_123_491d0f17,map_medium,train,151,123,medium,5,5,0.1,0.95,0.09382426874691549,default,100,1.0,10,1,1,0,0,0.0011731999984476715,
map_medium_123_491d0f17,map_medium,train,152,123,medium,5,5,0.1,0.95,0.09335514740318092,default,100,3.0,8,1,1,0,0,0.000981999997748062,
map_medium_123_491d0f17,map_medium,train,153,123,medium,5,5,0.1,0.95,0.09288837166616501,default,100,3.0,8,1,1,0,0,0.0009492999961366877,
map_medium_123_491d0f17,map_medium,train,154,123,medium,5,5,0.1,0.95,0.09242392980783419,default,100,3.0,8,1,1,0,0,0.0009902000019792467,
map_medium_123_491d0f17,map_medium,train,155,123,medium,5,5,0.1,0.95,0.09196181015879502,default,100,1.0,10,1,1,0,0,0.0011183000024175271,
map_medium_123_491d0f17,map_medium,train,156,123,medium,5,5,0.1,0.95,0.09150200110800105,default,100,2.0,9,1,1,0,0,0.0010053000005427748,
map_medium_123_491d0f17,map_medium,train,157,123,medium,5,5,0.1,0.95,0.09104449110246104,default,100,3.0,8,1,1,0,0,0.0010282000002916902,
map_medium_123_491d0f17,map_medium,train,158,123,medium,5,5,0.1,0.95,0.09058926864694875,default,100,3.0,8,1,1,0,0,0.0009851999930106103,
map_medium_123_491d0f17,map_medium,train,159,123,medium,5,5,0.1,0.95,0.090136322303714,default,100,2.0,9,1,1,0,0,0.0010591000027488917,
map_medium_123_491d0f17,map_medium,train,160,123,medium,5,5,0.1,0.95,0.08968564069219544,default,100,2.0,9,1,1,0,0,0.0010040000051958486,
map_medium_123_491d0f17,map_medium,train,161,123,medium,5,5,0.1,0.95,0.08923721248873447,default,100,3.0,8,1,1,0,0,0.0010658000101102516,
map_medium_123_491d0f17,map_medium,train,162,123,medium,5,5,0.1,0.95,0.08879102642629079,default,100,3.0,8,1,1,0,0,0.0010130000009667128,
map_medium_123_491d0f17,map_medium,train,163,123,medium,5,5,0.1,0.95,0.08834707129415934,default,100,3.0,8,1,1,0,0,0.0010206000006292015,
map_medium_123_491d0f17,map_medium,train,164,123,medium,5,5,0.1,0.95,0.08790533593768854,default,100,3.0,8,1,1,0,0,0.000996700007817708,
map_medium_123_491d0f17,map_medium,train,165,123,medium,5,5,0.1,0.95,0.0874658092580001,default,100,2.0,9,1,1,0,0,0.001064700001734309,
map_medium_123_491d0f17,map_medium,train,166,123,medium,5,5,0.1,0.95,0.0870284802117101,default,100,0.0,11,1,1,0,0,0.0012199000047985464,
map_medium_123_491d0f17,map_medium,train,167,123,medium,5,5,0.1,0.95,0.08659333781065155,default,100,3.0,8,1,1,0,0,0.0010134000040125102,
map_medium_123_491d0f17,map_medium,train,168,123,medium,5,5,0.1,0.95,0.0861603711215983,default,100,2.0,9,1,1,0,0,0.0010060999920824543,
map_medium_123_491d0f17,map_medium,train,169,123,medium,5,5,0.1,0.95,0.0857295692659903,default,100,-1.0,12,1,1,0,0,0.0012928999931318685,
map_medium_123_491d0f17,map_medium,train,170,123,medium,5,5,0.1,0.95,0.08530092141966035,default,100,3.0,8,1,1,0,0,0.0009972999978344887,
map_medium_123_491d0f17,map_medium,train,171,123,medium,5,5,0.1,0.95,0.08487441681256205,default,100,3.0,8,1,1,0,0,0.0009898999996948987,
map_medium_123_491d0f17,map_medium,train,172,123,medium,5,5,0.1,0.95,0.08445004472849925,default,100,3.0,8,1,1,0,0,0.0009898999996948987,
map_medium_123_491d0f17,map_medium,train,173,123,medium,5,5,0.1,0.95,0.08402779450485676,default,100,1.0,10,1,1,0,0,0.0011915999930351973,
map_medium_123_491d0f17,map_medium,train,174,123,medium,5,5,0.1,0.95,0.08360765553233247,default,100,3.0,8,1,1,0,0,0.0010067999974125996,
map_medium_123_491d0f17,map_medium,train,175,123,medium,5,5,0.1,0.95,0.0831896172546708,default,100,2.0,9,1,1,0,0,0.0010414999997010455,
map_medium_123_491d0f17,map_medium,train,176,123,medium,5,5,0.1,0.95,0.08277366916839746,default,100,1.0,10,1,1,0,0,0.0012392000062391162,
map_medium_123_491d0f17,map_medium,train,177,123,medium,5,5,0.1,0.95,0.08235980082255547,default,100,3.0,8,1,1,0,0,0.000995899987174198,
map_medium_123_491d0f17,map_medium,train,178,123,medium,5,5,0.1,0.95,0.08194800181844268,default,100,3.0,8,1,1,0,0,0.0009962000040104613,
map_medium_123_491d0f17,map_medium,train,179,123,medium,5,5,0.1,0.95,0.08153826180935046,default,100,3.0,8,1,1,0,0,0.0009767000010469928,
map_medium_123_491d0f17,map_medium,train,180,123,medium,5,5,0.1,0.95,0.08113057050030371,default,100,3.0,8,1,1,0,0,0.000996700007817708,
map_medium_123_491d0f17,map_medium,train,181,123,medium,5,5,0.1,0.95,0.0807249176478022,default,100,2.0,9,1,1,0,0,0.0011074000067310408,
map_medium_123_491d0f17,map_medium,train,182,123,medium,5,5,0.1,0.95,0.08032129305956318,default,100,-1.0,12,1,1,0,0,0.001432600009138696,
map_medium_123_491d0f17,map_medium,train,183,123,medium,5,5,0.1,0.95,0.07991968659426536,default,100,1.0,10,1,1,0,0,0.001183200001833029,
map_medium_123_491d0f17,map_medium,train,184,123,medium,5,5,0.1,0.95,0.07952008816129404,default,100,2.0,9,1,1,0,0,0.0010802999895531684,
map_medium_123_491d0f17,map_medium,train,185,123,medium,5,5,0.1,0.95,0.07912248772048756,default,100,3.0,8,1,1,0,0,0.0009916999988490716,
map_medium_123_491d0f17,map_medium,train,186,123,medium,5,5,0.1,0.95,0.07872687528188513,default,100,1.0,10,1,1,0,0,0.001182200008770451,
map_medium_123_491d0f17,map_medium,train,187,123,medium,5,5,0.1,0.95,0.0783332409054757,default,100,2.0,9,1,1,0,0,0.0010555999906500801,
map_medium_123_491d0f17,map_medium,train,188,123,medium,5,5,0.1,0.95,0.07794157470094833,default,100,0.0,11,1,1,0,0,0.0012461000005714595,
map_medium_123_491d0f17,map_medium,train,189,123,medium,5,5,0.1,0.95,0.07755186682744358,default,100,3.0,8,1,1,0,0,0.000992799992673099,
map_medium_123_491d0f17,map_medium,train,190,123,medium,5,5,0.1,0.95,0.07716410749330636,default,100,3.0,8,1,1,0,0,0.001004400008241646,
map_medium_123_491d0f17,map_medium,train,191,123,medium,5,5,0.1,0.95,0.07677828695583983,default,100,3.0,8,1,1,0,0,0.0009844000014709309,
map_medium_123_491d0f17,map_medium,train,192,123,medium,5,5,0.1,0.95,0.07639439552106063,default,100,3.0,8,1,1,0,0,0.001015500005451031,
map_medium_123_491d0f17,map_medium,train,193,123,medium,5,5,0.1,0.95,0.07601242354345533,default,100,3.0,8,1,1,0,0,0.0010395999997854233,
map_medium_123_491d0f17,map_medium,train,194,123,medium,5,5,0.1,0.95,0.07563236142573805,default,100,3.0,8,1,1,0,0,0.00100229999225121,
map_medium_123_491d0f17,map_medium,train,195,123,medium,5,5,0.1,0.95,0.07525419961860937,default,100,2.0,9,1,1,0,0,0.0010793999972520396,
map_medium_123_491d0f17,map_medium,train,196,123,medium,5,5,0.1,0.95,0.07487792862051632,default,100,3.0,8,1,1,0,0,0.0010138999932678416,
map_medium_123_491d0f17,map_medium,train,197,123,medium,5,5,0.1,0.95,0.07450353897741373,default,100,3.0,8,1,1,0,0,0.001035199995385483,
map_medium_123_491d0f17,map_medium,train,198,123,medium,5,5,0.1,0.95,0.07413102128252666,default,100,0.0,11,1,1,0,0,0.001225699990754947,
map_medium_123_491d0f17,map_medium,train,199,123,medium,5,5,0.1,0.95,0.07376036617611402,default,100,3.0,8,1,1,0,0,0.00101120000181254,
map_medium_123_491d0f17,map_medium,train,200,123,medium,5,5,0.1,0.95,0.07339156434523345,default,100,3.0,8,1,1,0,0,0.0009876000112853944,results\map\medium\seed_123\qtable_ep200.npz
map_medium_123_491d0f17,map_medium,train,201,123,medium,5,5,0.1,0.95,0.07302460652350727,default,100,3.0,8,1,1,0,0,0.0010722000006353483,
map_medium_123_491d0f17,map_medium,train,202,123,medium,5,5,0.1,0.95,0.07265948349088973,default,100,3.0,8,1,1,0,0,0.0010127999994438142,
map_medium_123_491d0f17,map_medium,train,203,123,medium,5,5,0.1,0.95,0.07229618607343528,default,100,3.0,8,1,1,0,0,0.001028400001814589,
map_medium_123_491d0f17,map_medium,train,204,123,medium,5,5,0.1,0.95,0.0719347051430681,default,100,3.0,8,1,1,0,0,0.0009955999994417652,
map_medium_123_491d0f17,map_medium,train,205,123,medium,5,5,0.1,0.95,0.07157503161735276,default,100,-17.0,8,0,1,0,1,0.000884400011273101,
map_medium_123_491d0f17,map_medium,train,206,123,medium,5,5,0.1,0.95,0.071217156459266,default,100,-1.0,12,1,1,0,0,0.0012974999990547076,
map_medium_123_491d0f17,map_medium,train,207,123,medium,5,5,0.1,0.95,0.07086107067696967,default,100,3.0,8,1,1,0,0,0.0009858999983407557,
map_medium_123_491d0f17,map_medium,train,208,123,medium,5,5,0.1,0.95,0.07050676532358482,default,100,3.0,8,1,1,0,0,0.000993699999526143,
map_medium_123_491d0f17,map_medium,train,209,123,medium,5,5,0.1,0.95,0.0701542314969669,default,100,3.0,8,1,1,0,0,0.0010045999952126294,
map_medium_123_491d0f17,map_medium,train,210,123,medium,5,5,0.1,0.95,0.06980346033948207,default,100,3.0,8,1,1,0,0,0.0009462000016355887,
map_medium_123_491d0f17,map_medium,train,211,123,medium,5,5,0.1,0.95,0.06945444303778466,default,100,3.0,8,1,1,0,0,0.0010283000010531396,
map_medium_123_491d0f17,map_medium,train,212,123,medium,5,5,0.1,0.95,0.06910717082259574,default,100,-2.0,13,1,1,0,0,0.0013988999999128282,
map_medium_123_491d0f17,map_medium,train,213,123,medium,5,5,0.1,0.95,0.06876163496848275,default,100,2.0,9,1,1,0,0,0.00111270000343211,
map_medium_123_491d0f17,map_medium,train,214,123,medium,5,5,0.1,0.95,0.06841782679364034,default,100,3.0,8,1,1,0,0,0.0009932999964803457,
map_medium_123_491d0f17,map_medium,train,215,123,medium,5,5,0.1,0.95,0.06807573765967213,default,100,2.0,9,1,1,0,0,0.0010762000019894913,
map_medium_123_491d0f17,map_medium,train,216,123,medium,5,5,0.1,0.95,0.06773535897137377,default,100,2.0,9,1,1,0,0,0.001069999998435378,
map_medium_123_491d0f17,map_medium,train,217,123,medium,5,5,0.1,0.95,0.0673966821765169,default,100,3.0,8,1,1,0,0,0.001011500004096888,
map_medium_123_491d0f17,map_medium,train,218,123,medium,5,5,0.1,0.95,0.0670596987656343,default,100,-3.0,14,1,1,0,0,0.001526499996543862,
map_medium_123_491d0f17,map_medium,train,219,123,medium,5,5,0.1,0.95,0.06672440027180614,default,100,3.0,8,1,1,0,0,0.0009942000033333898,
map_medium_123_491d0f17,map_medium,train,220,123,medium,5,5,0.1,0.95,0.0663907782704471,default,100,2.0,9,1,1,0,0,0.0010695999953895807,
map_medium_123_491d0f17,map_medium,train,221,123,medium,5,5,0.1,0.95,0.06605882437909487,default,100,3.0,8,1,1,0,0,0.0009788000024855137,
map_medium_123_491d0f17,map_medium,train,222,123,medium,5,5,0.1,0.95,0.0657285302571994,default,100,3.0,8,1,1,0,0,0.0010132000024896115,
map_medium_123_491d0f17,map_medium,train,223,123,medium,5,5,0.1,0.95,0.06539988760591339,default,100,1.0,10,1,1,0,0,0.0011244999914197251,
map_medium_123_491d0f17,map_medium,train,224,123,medium,5,5,0.1,0.95,0.06507288816788383,default,100,3.0,8,1,1,0,0,0.001006599995889701,
map_medium_123_491d0f17,map_medium,train,225,123,medium,5,5,0.1,0.95,0.06474752372704441,default,100,3.0,8,1,1,0,0,0.0009894000104395673,
map_medium_123_491d0f17,map_medium,train,226,123,medium,5,5,0.1,0.95,0.0644237861084092,default,100,3.0,8,1,1,0,0,0.00100449999445118,
map_medium_123_491d0f17,map_medium,train,227,123,medium,5,5,0.1,0.95,0.06410166717786715,default,100,3.0,8,1,1,0,0,0.0009989999962272123,
map_medium_123_491d0f17,map_medium,train,228,123,medium,5,5,0.1,0.95,0.06378115884197781,default,100,3.0,8,1,1,0,0,0.0009983000054489821,
map_medium_123_491d0f17,map_medium,train,229,123,medium,5,5,0.1,0.95,0.06346225304776792,default,100,3.0,8,1,1,0,0,0.0009914999973261729,
map_medium_123_491d0f17,map_medium,train,230,123,medium,5,5,0.1,0.95,0.06314494178252908,default,100,3.0,8,1,1,0,0,0.0010283000010531396,
map_medium_123_491d0f17,map_medium,train,231,123,medium,5,5,0.1,0.95,0.06282921707361644,default,100,3.0,8,1,1,0,0,0.0009913000103551894,
map_medium_123_491d0f17,map_medium,train,232,123,medium,5,5,0.1,0.95,0.06251507098824835,default,100,3.0,8,1,1,0,0,0.0010027999960584566,
map_medium_123_491d0f17,map_medium,train,233,123,medium,5,5,0.1,0.95,0.062202495633307105,default,100,1.0,10,1,1,0,0,0.0011142000003019348,
map_medium_123_491d0f17,map_medium,train,234,123,medium,5,5,0.1,0.95,0.06189148315514057,default,100,1.0,10,1,1,0,0,0.0011276000004727393,
map_medium_123_491d0f17,map_medium,train,235,123,medium,5,5,0.1,0.95,0.061582025739364867,default,100,2.0,9,1,1,0,0,0.0010462000063853338,
map_medium_123_491d0f17,map_medium,train,236,123,medium,5,5,0.1,0.95,0.06127411561066804,default,100,3.0,8,1,1,0,0,0.000953099995967932,
map_medium_123_491d0f17,map_medium,train,237,123,medium,5,5,0.1,0.95,0.0609677450326147,default,100,3.0,8,1,1,0,0,0.0010470999986864626,
map_medium_123_491d0f17,map_medium,train,238,123,medium,5,5,0.1,0.95,0.06066290630745162,default,100,3.0,8,1,1,0,0,0.0010171000030823052,
map_medium_123_491d0f17,map_medium,train,239,123,medium,5,5,0.1,0.95,0.060359591775914365,default,100,3.0,8,1,1,0,0,0.000989699998172,
map_medium_123_491d0f17,map_medium,train,240,123,medium,5,5,0.1,0.95,0.06005779381703479,default,100,2.0,9,1,1,0,0,0.0010742000013124198,
map_medium_123_491d0f17,map_medium,train,241,123,medium,5,5,0.1,0.95,0.059757504847949616,default,100,3.0,8,1,1,0,0,0.001030900006298907,
map_medium_123_491d0f17,map_medium,train,242,123,medium,5,5,0.1,0.95,0.059458717323709866,default,100,2.0,9,1,1,0,0,0.0009835999953793362,
map_medium_123_491d0f17,map_medium,train,243,123,medium,5,5,0.1,0.95,0.059161423737091316,default,100,3.0,8,1,1,0,0,0.0010019000037573278,
map_medium_123_491d0f17,map_medium,train,244,123,medium,5,5,0.1,0.95,0.05886561661840586,default,100,3.0,8,1,1,0,0,0.0009999999892897904,
map_medium_123_491d0f17,map_medium,train,245,123,medium,5,5,0.1,0.95,0.05857128853531383,default,100,3.0,8,1,1,0,0,0.0009513000113656744,
map_medium_123_491d0f17,map_medium,train,246,123,medium,5,5,0.1,0.95,0.05827843209263726,default,100,0.0,11,1,1,0,0,0.0011947000020882115,
map_medium_123_491d0f17,map_medium,train,247,123,medium,5,5,0.1,0.95,0.05798703993217407,default,100,3.0,8,1,1,0,0,0.0010027000098489225,
map_medium_123_491d0f17,map_medium,train,248,123,medium,5,5,0.1,0.95,0.0576971047325132,default,100,3.0,8,1,1,0,0,0.0009596000018063933,
map_medium_123_491d0f17,map_medium,train,249,123,medium,5,5,0.1,0.95,0.05740861920885063,default,100,3.0,8,1,1,0,0,0.0009931999957188964,
map_medium_123_491d0f17,map_medium,train,250,123,medium,5,5,0.1,0.95,0.057121576112806376,default,100,3.0,8,1,1,0,0,0.00102750000951346,
map_medium_123_491d0f17,map_medium,train,251,123,medium,5,5,0.1,0.95,0.056835968232242344,default,100,3.0,8,1,1,0,0,0.0009928999934345484,
map_medium_123_491d0f17,map_medium,train,252,123,medium,5,5,0.1,0.95,0.05655178839108113,default,100,3.0,8,1,1,0,0,0.0010061000066343695,
map_medium_123_491d0f17,map_medium,train,253,123,medium,5,5,0.1,0.95,0.05626902944912573,default,100,3.0,8,1,1,0,0,0.0009882000013021752,
map_medium_123_491d0f17,map_medium,train,254,123,medium,5,5,0.1,0.95,0.0559876843018801,default,100,3.0,8,1,1,0,0,0.0010036000021500513,
map_medium_123_491d0f17,map_medium,train,255,123,medium,5,5,0.1,0.95,0.055707745880370696,default,100,1.0,10,1,1,0,0,0.0011163999879499897,
map_medium_123_491d0f17,map_medium,train,256,123,medium,5,5,0.1,0.95,0.05542920715096884,default,100,3.0,8,1,1,0,0,0.0010063999943668023,
map_medium_123_491d0f17,map_medium,train,257,123,medium,5,5,0.1,0.95,0.055152061115214,default,100,2.0,9,1,1,0,0,0.001061300004948862,
map_medium_123_491d0f17,map_medium,train,258,123,medium,5,5,0.1,0.95,0.05487630080963793,default,100,3.0,8,1,1,0,0,0.0011694999993778765,
map_medium_123_491d0f17,map_medium,train,259,123,medium,5,5,0.1,0.95,0.05460191930558974,default,100,3.0,8,1,1,0,0,0.0010561999952187762,
map_medium_123_491d0f17,map_medium,train,260,123,medium,5,5,0.1,0.95,0.05432890970906179,default,100,1.0,10,1,1,0,0,0.0011900999961653724,
map_medium_123_491d0f17,map_medium,train,261,123,medium,5,5,0.1,0.95,0.05405726516051648,default,100,3.0,8,1,1,0,0,0.001051200000802055,
map_medium_123_491d0f17,map_medium,train,262,123,medium,5,5,0.1,0.95,0.0537869788347139,default,100,3.0,8,1,1,0,0,0.0009923999896273017,
map_medium_123_491d0f17,map_medium,train,263,123,medium,5,5,0.1,0.95,0.053518043940540334,default,100,3.0,8,1,1,0,0,0.001015200003166683,
map_medium_123_491d0f17,map_medium,train,264,123,medium,5,5,0.1,0.95,0.053250453720837636,default,100,-17.0,8,0,1,0,1,0.0008490000036545098,
map_medium_123_491d0f17,map_medium,train,265,123,medium,5,5,0.1,0.95,0.05298420145223345,default,100,3.0,8,1,1,0,0,0.0009552999981679022,
map_medium_123_491d0f17,map_medium,train,266,123,medium,5,5,0.1,0.95,0.05271928044497228,default,100,1.0,10,1,1,0,0,0.00116229998820927,
map_medium_123_491d0f17,map_medium,train,267,123,medium,5,5,0.1,0.95,0.05245568404274742,default,100,0.0,11,1,1,0,0,0.0012620000052265823,
map_medium_123_491d0f17,map_medium,train,268,123,medium,5,5,0.1,0.95,0.05219340562253368,default,100,3.0,8,1,1,0,0,0.0010133000032510608,
map_medium_123_491d0f17,map_medium,train,269,123,medium,5,5,0.1,0.95,0.05193243859442102,default,100,3.0,8,1,1,0,0,0.0009875999967334792,
map_medium_123_491d0f17,map_medium,train,270,123,medium,5,5,0.1,0.95,0.05167277640144891,default,100,3.0,8,1,1,0,0,0.0010374999983469024,
map_medium_123_491d0f17,map_medium,train,271,123,medium,5,5,0.1,0.95,0.05141441251944167,default,100,3.0,8,1,1,0,0,0.0009895999974105507,
map_medium_123_491d0f17,map_medium,train,272,123,medium,5,5,0.1,0.95,0.05115734045684446,default,100,3.0,8,1,1,0,0,0.000999199997750111,
map_medium_123_491d0f17,map_medium,train,273,123,medium,5,5,0.1,0.95,0.050901553754560236,default,100,3.0,8,1,1,0,0,0.0009763999987626448,
map_medium_123_491d0f17,map_medium,train,274,123,medium,5,5,0.1,0.95,0.05064704598578743,default,100,2.0,9,1,1,0,0,0.0010560000082477927,
map_medium_123_491d0f17,map_medium,train,275,123,medium,5,5,0.1,0.95,0.0503938107558585,default,100,3.0,8,1,1,0,0,0.0009775999933481216,
map_medium_123_491d0f17,map_medium,train,276,123,medium,5,5,0.1,0.95,0.05014184170207921,default,100,3.0,8,1,1,0,0,0.0009894999966491014,
map_medium_123_491d0f17,map_medium,train,277,123,medium,5,5,0.1,0.95,0.05,default,100,2.0,9,1,1,0,0,0.0010463000071467832,
map_medium_123_491d0f17,map_medium,train,278,123,medium,5,5,0.1,0.95,0.05,default,100,3.0,8,1,1,0,0,0.0009953999979188666,
map_medium_123_491d0f17,map_medium,train,279,123,medium,5,5,0.1,0.95,0.05,default,100,1.0,10,1,1,0,0,0.0011519999970914796,
map_medium_123_491d0f17,map_medium,train,280,123,medium,5,5,0.1,0.95,0.05,default,100,3.0,8,1,1,0,0,0.0009477999992668629,
map_medium_123_491d0f17,map_medium,train,281,123,medium,5,5,0.1,0.95,0.05,default,100,3.0,8,1,1,0,0,0.0010496000031707808,
map_medium_123_491d0f17,map_medium,train,282,123,medium,5,5,0.1,0.95,0.05,default,100,2.0,9,1,1,0,0,0.0010119000071426854,
map_medium_123_491d0f17,map_medium,train,283,123,medium,5,5,0.1,0.95,0.05,default,100,3.0,8,1,1,0,0,0.001006599995889701,
map_medium_123_491d0f17,map_medium,train,284,123,medium,5,5,0.1,0.95,0.05,default,100,3.0,8,1,1,0,0,0.0009809999901335686,
map_medium_123_491d0f17,map_medium,train,285,123,medium,5,5,0.1,0.95,0.05,default,100,3.0,8,1,1,0,0,0.0009642000077292323,
map_medium_123_491d0f17,map_medium,train,286,123,medium,5,5,0.1,0.95,0.05,default,100,3.0,8,1,1,0,0,0.0009862000006251037,
map_medium_123_491d0f17,map_medium,train,287,123,medium,5,5,0.1,0.95,0.05,default,100,2.0,9,1,1,0,0,0.0010792000102810562,
map_medium_123_491d0f17,map_medium,train,288,123,medium,5,5,0.1,0.95,0.05,default,100,3.0,8,1,1,0,0,0.0009854999952949584,
map_medium_123_491d0f17,map_medium,train,289,123,medium,5,5,0.1,0.95,0.05,default,100,3.0,8,1,1,0,0,0.0009949999948730692,
map_medium_123_491d0f17,map_medium,train,290,123,medium,5,5,0.1,0.95,0.05,default,100,3.0,8,1,1,0,0,0.0009948000079020858,
map_medium_123_491d0f17,map_medium,train,291,123,medium,5,5,0.1,0.95,0.05,default,100,3.0,8,1,1,0,0,0.000998599993181415,
map_medium_123_491d0f17,map_medium,train,292,123,medium,5,5,0.1,0.95,0.05,default,100,3.0,8,1,1,0,0,0.0009780000109458342,
map_medium_123_491d0f17,map_medium,train,293,123,medium,5,5,0.1,0.95,0.05,default,100,3.0,8,1,1,0,0,0.0009885000035865232,
map_medium_123_491d0f17,map_medium,train,294,123,medium,5,5,0.1,0.95,0.05,default,100,3.0,8,1,1,0,0,0.0009788000024855137,
map_medium_123_491d0f17,map_medium,train,295,123,medium,5,5,0.1,0.95,0.05,default,100,2.0,9,1,1,0,0,0.0010819000017363578,
map_medium_123_491d0f17,map_medium,train,296,123,medium,5,5,0.1,0.95,0.05,default,100,3.0,8,1,1,0,0,0.0010124999971594661,
map_medium_123_491d0f17,map_medium,train,297,123,medium,5,5,0.1,0.95,0.05,default,100,3.0,8,1,1,0,0,0.0010156000062124804,
map_medium_123_491d0f17,map_medium,train,298,123,medium,5,5,0.1,0.95,0.05,default,100,3.0,8,1,1,0,0,0.0009909999935189262,
map_medium_123_491d0f17,map_medium,train,299,123,medium,5,5,0.1,0.95,0.05,default,100,2.0,9,1,1,0,0,0.0010580999951343983,
map_medium_123_491d0f17,map_medium,train,300,123,medium,5,5,0.1,0.95,0.05,default,100,3.0,8,1,1,0,0,0.0009775999933481216,
map_medium_123_491d0f17,map_medium,train,301,123,medium,5,5,0.1,0.95,0.05,default,100,3.0,8,1,1,0,0,0.001059500005794689,
map_medium_123_491d0f17,map_medium,train,302,123,medium,5,5,0.1,0.95,0.05,default,100,3.0,8,1,1,0,0,0.0009990999969886616,
map_medium_123_491d0f17,map_medium,train,303,123,medium,5,5,0.1,0.95,0.05,default,100,3.0,8,1,1,0,0,0.0012181999918539077,
map_medium_123_491d0f17,map_medium,train,304,123,medium,5,5,0.1,0.95,0.05,default,100,3.0,8,1,1,0,0,0.0010474000009708107,
map_medium_123_491d0f17,map_medium,train,305,123,medium,5,5,0.1,0.95,0.05,default,100,3.0,8,1,1,0,0,0.0010271000064676628,
map_medium_123_491d0f17,map_medium,train,306,123,medium,5,5,0.1,0.95,0.05,default,100,3.0,8,1,1,0,0,0.001005000012810342,
map_medium_123_491d0f17,map_medium,train,307,123,medium,5,5,0.1,0.95,0.05,default,100,3.0,8,1,1,0,0,0.0010207000013906509,
map_medium_123_491d0f17,map_medium,train,308,123,medium,5,5,0.1,0.95,0.05,default,100,3.0,8,1,1,0,0,0.0009847000037552789,
map_medium_123_491d0f17,map_medium,train,309,123,medium,5,5,0.1,0.95,0.05,default,100,2.0,9,1,1,0,0,0.0010781999881146476,
map_medium_123_491d0f17,map_medium,train,310,123,medium,5,5,0.1,0.95,0.05,default,100,2.0,9,1,1,0,0,0.0010856000008061528,
map_medium_123_491d0f17,map_medium,train,311,123,medium,5,5,0.1,0.95,0.05,default,100,3.0,8,1,1,0,0,0.0010101999941980466,
map_medium_123_491d0f17,map_medium,train,312,123,medium,5,5,0.1,0.95,0.05,default,100,3.0,8,1,1,0,0,0.0009873999952105805,
map_medium_123_491d0f17,map_medium,train,313,123,medium,5,5,0.1,0.95,0.05,default,100,3.0,8,1,1,0,0,0.0010040000051958486,
map_medium_123_491d0f17,map_medium,train,314,123,medium,5,5,0.1,0.95,0.05,default,100,3.0,8,1,1,0,0,0.0009821999992709607,
map_medium_123_491d0f17,map_medium,train,315,123,medium,5,5,0.1,0.95,0.05,default,100,2.0,9,1,1,0,0,0.001076100001228042,
map_medium_123_491d0f17,map_medium,train,316,123,medium,5,5,0.1,0.95,0.05,default,100,2.0,9,1,1,0,0,0.0010022000060416758,
map_medium_123_491d0f17,map_medium,train,317,123,medium,5,5,0.1,0.95,0.05,default,100,3.0,8,1,1,0,0,0.0010318999993614852,
map_medium_123_491d0f17,map_medium,train,318,123,medium,5,5,0.1,0.95,0.05,default,100,3.0,8,1,1,0,0,0.0009965999925043434,
map_medium_123_491d0f17,map_medium,train,319,123,medium,5,5,0.1,0.95,0.05,default,100,3.0,8,1,1,0,0,0.0009458999993512407,
map_medium_123_491d0f17,map_medium,train,320,123,medium,5,5,0.1,0.95,0.05,default,100,-1.0,12,1,1,0,0,0.001339199996436946,
map_medium_123_491d0f17,map_medium,train,321,123,medium,5,5,0.1,0.95,0.05,default,100,3.0,8,1,1,0,0,0.0010623999987728894,
map_medium_123_491d0f17,map_medium,train,322,123,medium,5,5,0.1,0.95,0.05,default,100,3.0,8,1,1,0,0,0.0009987999947043136,
map_medium_123_491d0f17,map_medium,train,323,123,medium,5,5,0.1,0.95,0.05,default,100,3.0,8,1,1,0,0,0.0010501999931875616,
map_medium_123_491d0f17,map_medium,train,324,123,medium,5,5,0.1,0.95,0.05,default,100,2.0,9,1,1,0,0,0.0010609000019030645,
map_medium_123_491d0f17,map_medium,train,325,123,medium,5,5,0.1,0.95,0.05,default,100,-15.0,6,0,1,0,1,0.0006964000058360398,
map_medium_123_491d0f17,map_medium,train,326,123,medium,5,5,0.1,0.95,0.05,default,100,3.0,8,1,1,0,0,0.0009857999975793064,
map_medium_123_491d0f17,map_medium,train,327,123,medium,5,5,0.1,0.95,0.05,default,100,3.0,8,1,1,0,0,0.0010113000025739893,
map_medium_123_491d0f17,map_medium,train,328,123,medium,5,5,0.1,0.95,0.05,default,100,3.0,8,1,1,0,0,0.000989300009678118,
map_medium_123_491d0f17,map_medium,train,329,123,medium,5,5,0.1,0.95,0.05,default,100,2.0,9,1,1,0,0,0.001073999999789521,
map_medium_123_491d0f17,map_medium,train,330,123,medium,5,5,0.1,0.95,0.05,default,100,3.0,8,1,1,0,0,0.000945099993259646,
map_medium_123_491d0f17,map_medium,train,331,123,medium,5,5,0.1,0.95,0.05,default,100,1.0,10,1,1,0,0,0.001293000008445233,
map_medium_123_491d0f17,map_medium,train,332,123,medium,5,5,0.1,0.95,0.05,default,100,3.0,8,1,1,0,0,0.0010085000103572384,
map_medium_123_491d0f17,map_medium,train,333,123,medium,5,5,0.1,0.95,0.05,default,100,3.0,8,1,1,0,0,0.0010066000104416162,
map_medium_123_491d0f17,map_medium,train,334,123,medium,5,5,0.1,0.95,0.05,default,100,1.0,10,1,1,0,0,0.001170599993201904,
map_medium_123_491d0f17,map_medium,train,335,123,medium,5,5,0.1,0.95,0.05,default,100,1.0,10,1,1,0,0,0.00117859999591019,
map_medium_123_491d0f17,map_medium,train,336,123,medium,5,5,0.1,0.95,0.05,default,100,3.0,8,1,1,0,0,0.0009446000040043145,
map_medium_123_491d0f17,map_medium,train,337,123,medium,5,5,0.1,0.95,0.05,default,100,3.0,8,1,1,0,0,0.0010144999978365377,
map_medium_123_491d0f17,map_medium,train,338,123,medium,5,5,0.1,0.95,0.05,default,100,3.0,8,1,1,0,0,0.0010009999969042838,
map_medium_123_491d0f17,map_medium,train,339,123,medium,5,5,0.1,0.95,0.05,default,100,3.0,8,1,1,0,0,0.0010125999979209155,
map_medium_123_491d0f17,map_medium,train,340,123,medium,5,5,0.1,0.95,0.05,default,100,3.0,8,1,1,0,0,0.0009852000075625256,
map_medium_123_491d0f17,map_medium,train,341,123,medium,5,5,0.1,0.95,0.05,default,100,3.0,8,1,1,0,0,0.0010316999978385866,
map_medium_123_491d0f17,map_medium,train,342,123,medium,5,5,0.1,0.95,0.05,default,100,3.0,8,1,1,0,0,0.0009931000095093623,
map_medium_123_491d0f17,map_medium,train,343,123,medium,5,5,0.1,0.95,0.05,default,100,3.0,8,1,1,0,0,0.0010086999973282218,
map_medium_123_491d0f17,map_medium,train,344,123,medium,5,5,0.1,0.95,0.05,default,100,3.0,8,1,1,0,0,0.0009906999912345782,
map_medium_123_491d0f17,map_medium,train,345,123,medium,5,5,0.1,0.95,0.05,default,100,3.0,8,1,1,0,0,0.0010017000022344291,
map_medium_123_491d0f17,map_medium,train,346,123,medium,5,5,0.1,0.95,0.05,default,100,3.0,8,1,1,0,0,0.0009965999925043434,
map_medium_123_491d0f17,map_medium,train,347,123,medium,5,5,0.1,0.95,0.05,default,100,3.0,8,1,1,0,0,0.0010018000029958785,
map_medium_123_491d0f17,map_medium,train,348,123,medium,5,5,0.1,0.95,0.05,default,100,3.0,8,1,1,0,0,0.000986600003670901,
map_medium_123_491d0f17,map_medium,train,349,123,medium,5,5,0.1,0.95,0.05,default,100,3.0,8,1,1,0,0,0.0010121999948751181,
map_medium_123_491d0f17,map_medium,train,350,123,medium,5,5,0.1,0.95,0.05,default,100,1.0,10,1,1,0,0,0.0011799000058090314,
map_medium_123_491d0f17,map_medium,train,351,123,medium,5,5,0.1,0.95,0.05,default,100,3.0,8,1,1,0,0,0.0010137999925063923,
map_medium_123_491d0f17,map_medium,train,352,123,medium,5,5,0.1,0.95,0.05,default,100,3.0,8,1,1,0,0,0.0009957000002032146,
map_medium_123_491d0f17,map_medium,train,353,123,medium,5,5,0.1,0.95,0.05,default,100,3.0,8,1,1,0,0,0.0010122999956365675,
map_medium_123_491d0f17,map_medium,train,354,123,medium,5,5,0.1,0.95,0.05,default,100,3.0,8,1,1,0,0,0.0009931999957188964,
map_medium_123_491d0f17,map_medium,train,355,123,medium,5,5,0.1,0.95,0.05,default,100,3.0,8,1,1,0,0,0.0009687999991001561,
map_medium_123_491d0f17,map_medium,train,356,123,medium,5,5,0.1,0.95,0.05,default,100,3.0,8,1,1,0,0,0.000988400002825074,
map_medium_123_491d0f17,map_medium,train,357,123,medium,5,5,0.1,0.95,0.05,default,100,3.0,8,1,1,0,0,0.0009710999875096604,
map_medium_123_491d0f17,map_medium,train,358,123,medium,5,5,0.1,0.95,0.05,default,100,3.0,8,1,1,0,0,0.000993300011032261,
map_medium_123_491d0f17,map_medium,train,359,123,medium,5,5,0.1,0.95,0.05,default,100,2.0,9,1,1,0,0,0.0010954999888781458,
map_medium_123_491d0f17,map_medium,train,360,123,medium,5,5,0.1,0.95,0.05,default,100,3.0,8,1,1,0,0,0.0009929000079864636,
map_medium_123_491d0f17,map_medium,train,361,123,medium,5,5,0.1,0.95,0.05,default,100,3.0,8,1,1,0,0,0.0010141000093426555,
map_medium_123_491d0f17,map_medium,train,362,123,medium,5,5,0.1,0.95,0.05,default,100,3.0,8,1,1,0,0,0.0010126999986823648,
map_medium_123_491d0f17,map_medium,train,363,123,medium,5,5,0.1,0.95,0.05,default,100,2.0,9,1,1,0,0,0.0010104999964823946,
map_medium_123_491d0f17,map_medium,train,364,123,medium,5,5,0.1,0.95,0.05,default,100,3.0,8,1,1,0,0,0.0010154999908991158,
map_medium_123_491d0f17,map_medium,train,365,123,medium,5,5,0.1,0.95,0.05,default,100,3.0,8,1,1,0,0,0.0009615000017220154,
map_medium_123_491d0f17,map_medium,train,366,123,medium,5,5,0.1,0.95,0.05,default,100,0.0,11,1,1,0,0,0.001268699998036027,
map_medium_123_491d0f17,map_medium,train,367,123,medium,5,5,0.1,0.95,0.05,default,100,3.0,8,1,1,0,0,0.0010274999949615449,
map_medium_123_491d0f17,map_medium,train,368,123,medium,5,5,0.1,0.95,0.05,default,100,3.0,8,1,1,0,0,0.0010037000029115006,
map_medium_123_491d0f17,map_medium,train,369,123,medium,5,5,0.1,0.95,0.05,default,100,3.0,8,1,1,0,0,0.0010076000035041943,
map_medium_123_491d0f17,map_medium,train,370,123,medium,5,5,0.1,0.95,0.05,default,100,3.0,8,1,1,0,0,0.0010034000006271526,
map_medium_123_491d0f17,map_medium,train,371,123,medium,5,5,0.1,0.95,0.05,default,100,1.0,10,1,1,0,0,0.0011762000067392364,
map_medium_123_491d0f17,map_medium,train,372,123,medium,5,5,0.1,0.95,0.05,default,100,1.0,10,1,1,0,0,0.00112079999234993,
map_medium_123_491d0f17,map_medium,train,373,123,medium,5,5,0.1,0.95,0.05,default,100,3.0,8,1,1,0,0,0.001029600010951981,
map_medium_123_491d0f17,map_medium,train,374,123,medium,5,5,0.1,0.95,0.05,default,100,3.0,8,1,1,0,0,0.0009836000099312514,
map_medium_123_491d0f17,map_medium,train,375,123,medium,5,5,0.1,0.95,0.05,default,100,3.0,8,1,1,0,0,0.0010141999955521896,
map_medium_123_491d0f17,map_medium,train,376,123,medium,5,5,0.1,0.95,0.05,default,100,3.0,8,1,1,0,0,0.000994000001810491,
map_medium_123_491d0f17,map_medium,train,377,123,medium,5,5,0.1,0.95,0.05,default,100,3.0,8,1,1,0,0,0.0010123999963980168,
map_medium_123_491d0f17,map_medium,train,378,123,medium,5,5,0.1,0.95,0.05,default,100,3.0,8,1,1,0,0,0.0009979000024031848,
map_medium_123_491d0f17,map_medium,train,379,123,medium,5,5,0.1,0.95,0.05,default,100,1.0,10,1,1,0,0,0.0010870999976759776,
map_medium_123_491d0f17,map_medium,train,380,123,medium,5,5,0.1,0.95,0.05,default,100,3.0,8,1,1,0,0,0.0009503000037511811,
map_medium_123_491d0f17,map_medium,train,381,123,medium,5,5,0.1,0.95,0.05,default,100,3.0,8,1,1,0,0,0.0010024000075645745,
map_medium_123_491d0f17,map_medium,train,382,123,medium,5,5,0.1,0.95,0.05,default,100,3.0,8,1,1,0,0,0.0010126999986823648,
map_medium_123_491d0f17,map_medium,train,383,123,medium,5,5,0.1,0.95,0.05,default,100,3.0,8,1,1,0,0,0.0009923000034177676,
map_medium_123_491d0f17,map_medium,train,384,123,medium,5,5,0.1,0.95,0.05,default,100,3.0,8,1,1,0,0,0.0010091000003740191,
map_medium_123_491d0f17,map_medium,train,385,123,medium,5,5,0.1,0.95,0.05,default,100,2.0,9,1,1,0,0,0.001069999998435378,
map_medium_123_491d0f17,map_medium,train,386,123,medium,5,5,0.1,0.95,0.05,default,100,3.0,8,1,1,0,0,0.0010127999994438142,
map_medium_123_491d0f17,map_medium,train,387,123,medium,5,5,0.1,0.95,0.05,default,100,3.0,8,1,1,0,0,0.0009732000035000965,
map_medium_123_491d0f17,map_medium,train,388,123,medium,5,5,0.1,0.95,0.05,default,100,2.0,9,1,1,0,0,0.0010886999953072518,
map_medium_123_491d0f17,map_medium,train,389,123,medium,5,5,0.1,0.95,0.05,default,100,3.0,8,1,1,0,0,0.0010167000000365078,
map_medium_123_491d0f17,map_medium,train,390,123,medium,5,5,0.1,0.95,0.05,default,100,3.0,8,1,1,0,0,0.0010202999983448535,
map_medium_123_491d0f17,map_medium,train,391,123,medium,5,5,0.1,0.95,0.05,default,100,3.0,8,1,1,0,0,0.0009633000008761883,
map_medium_123_491d0f17,map_medium,train,392,123,medium,5,5,0.1,0.95,0.05,default,100,-1.0,12,1,1,0,0,0.0013423999916994944,
map_medium_123_491d0f17,map_medium,train,393,123,medium,5,5,0.1,0.95,0.05,default,100,3.0,8,1,1,0,0,0.001005699989036657,
map_medium_123_491d0f17,map_medium,train,394,123,medium,5,5,0.1,0.95,0.05,default,100,3.0,8,1,1,0,0,0.0009920000011334196,
map_medium_123_491d0f17,map_medium,train,395,123,medium,5,5,0.1,0.95,0.05,default,100,1.0,10,1,1,0,0,0.0011833000025944784,
map_medium_123_491d0f17,map_medium,train,396,123,medium,5,5,0.1,0.95,0.05,default,100,3.0,8,1,1,0,0,0.0009883000020636246,
map_medium_123_491d0f17,map_medium,train,397,123,medium,5,5,0.1,0.95,0.05,default,100,3.0,8,1,1,0,0,0.0010203000128967687,
map_medium_123_491d0f17,map_medium,train,398,123,medium,5,5,0.1,0.95,0.05,default,100,3.0,8,1,1,0,0,0.0010043999936897308,
map_medium_123_491d0f17,map_medium,train,399,123,medium,5,5,0.1,0.95,0.05,default,100,3.0,8,1,1,0,0,0.001004400008241646,
map_medium_123_491d0f17,map_medium,train,400,123,medium,5,5,0.1,0.95,0.05,default,100,3.0,8,1,1,0,0,0.0009886000043479726,results\map\medium\seed_123\qtable_ep400.npz
map_medium_123_491d0f17,map_medium,train,401,123,medium,5,5,0.1,0.95,0.05,default,100,3.0,8,1,1,0,0,0.0010603999980958179,
map_medium_123_491d0f17,map_medium,train,402,123,medium,5,5,0.1,0.95,0.05,default,100,3.0,8,1,1,0,0,0.000996700007817708,
map_medium_123_491d0f17,map_medium,train,403,123,medium,5,5,0.1,0.95,0.05,default,100,1.0,10,1,1,0,0,0.001177300000563264,
map_medium_123_491d0f17,map_medium,train,404,123,medium,5,5,0.1,0.95,0.05,default,100,3.0,8,1,1,0,0,0.0009467000054428354,
map_medium_123_491d0f17,map_medium,train,405,123,medium,5,5,0.1,0.95,0.05,default,100,3.0,8,1,1,0,0,0.0010039000044343993,
map_medium_123_491d0f17,map_medium,train,406,123,medium,5,5,0.1,0.95,0.05,default,100,3.0,8,1,1,0,0,0.0009694000036688522,
map_medium_123_491d0f17,map_medium,train,407,123,medium,5,5,0.1,0.95,0.05,default,100,3.0,8,1,1,0,0,0.0009743999980855733,
map_medium_123_491d0f17,map_medium,train,408,123,medium,5,5,0.1,0.95,0.05,default,100,3.0,8,1,1,0,0,0.0009422000002814457,
map_medium_123_491d0f17,map_medium,train,409,123,medium,5,5,0.1,0.95,0.05,default,100,1.0,10,1,1,0,0,0.0011417999921832234,
map_medium_123_491d0f17,map_medium,train,410,123,medium,5,5,0.1,0.95,0.05,default,100,2.0,9,1,1,0,0,0.0010538000060478225,
map_medium_123_491d0f17,map_medium,train,411,123,medium,5,5,0.1,0.95,0.05,default,100,3.0,8,1,1,0,0,0.001001999989966862,
map_medium_123_491d0f17,map_medium,train,412,123,medium,5,5,0.1,0.95,0.05,default,100,3.0,8,1,1,0,0,0.0009873000090010464,
map_medium_123_491d0f17,map_medium,train,413,123,medium,5,5,0.1,0.95,0.05,default,100,3.0,8,1,1,0,0,0.0009700999944470823,
map_medium_123_491d0f17,map_medium,train,414,123,medium,5,5,0.1,0.95,0.05,default,100,3.0,8,1,1,0,0,0.0010106999980052933,
map_medium_123_491d0f17,map_medium,train,415,123,medium,5,5,0.1,0.95,0.05,default,100,3.0,8,1,1,0,0,0.00100380000367295,
map_medium_123_491d0f17,map_medium,train,416,123,medium,5,5,0.1,0.95,0.05,default,100,3.0,8,1,1,0,0,0.0009871999936876819,
map_medium_123_491d0f17,map_medium,train,417,123,medium,5,5,0.1,0.95,0.05,default,100,3.0,8,1,1,0,0,0.0010184999991906807,
map_medium_123_491d0f17,map_medium,train,418,123,medium,5,5,0.1,0.95,0.05,default,100,3.0,8,1,1,0,0,0.000988700005109422,
map_medium_123_491d0f17,map_medium,train,419,123,medium,5,5,0.1,0.95,0.05,default,100,3.0,8,1,1,0,0,0.0009532999974908307,
map_medium_123_491d0f17,map_medium,train,420,123,medium,5,5,0.1,0.95,0.05,default,100,3.0,8,1,1,0,0,0.0009062000026460737,
map_medium_123_491d0f17,map_medium,train,421,123,medium,5,5,0.1,0.95,0.05,default,100,3.0,8,1,1,0,0,0.001029300008667633,
map_medium_123_491d0f17,map_medium,train,422,123,medium,5,5,0.1,0.95,0.05,default,100,2.0,9,1,1,0,0,0.0010944999958155677,
map_medium_123_491d0f17,map_medium,train,423,123,medium,5,5,0.1,0.95,0.05,default,100,3.0,8,1,1,0,0,0.0009894999966491014,
map_medium_123_491d0f17,map_medium,train,424,123,medium,5,5,0.1,0.95,0.05,default,100,3.0,8,1,1,0,0,0.0010042999929282814,
map_medium_123_491d0f17,map_medium,train,425,123,medium,5,5,0.1,0.95,0.05,default,100,3.0,8,1,1,0,0,0.0009907000057864934,
map_medium_123_491d0f17,map_medium,train,426,123,medium,5,5,0.1,0.95,0.05,default,100,3.0,8,1,1,0,0,0.0010177999938605353,
map_medium_123_491d0f17,map_medium,train,427,123,medium,5,5,0.1,0.95,0.05,default,100,1.0,10,1,1,0,0,0.0011404999968362972,
map_medium_123_491d0f17,map_medium,train,428,123,medium,5,5,0.1,0.95,0.05,default,100,3.0,8,1,1,0,0,0.0010480000055395067,
map_medium_123_491d0f17,map_medium,train,429,123,medium,5,5,0.1,0.95,0.05,default,100,3.0,8,1,1,0,0,0.001027200007229112,
map_medium_123_491d0f17,map_medium,train,430,123,medium,5,5,0.1,0.95,0.05,default,100,2.0,9,1,1,0,0,0.001065399992512539,
map_medium_123_491d0f17,map_medium,train,431,123,medium,5,5,0.1,0.95,0.05,default,100,3.0,8,1,1,0,0,0.001010899999528192,
map_medium_123_491d0f17,map_medium,train,432,123,medium,5,5,0.1,0.95,0.05,default,100,3.0,8,1,1,0,0,0.0009910000080708414,
map_medium_123_491d0f17,map_medium,train,433,123,medium,5,5,0.1,0.95,0.05,default,100,2.0,9,1,1,0,0,0.0010747000051196665,
map_medium_123_491d0f17,map_medium,train,434,123,medium,5,5,0.1,0.95,0.05,default,100,3.0,8,1,1,0,0,0.0009868999914033338,
map_medium_123_491d0f17,map_medium,train,435,123,medium,5,5,0.1,0.95,0.05,default,100,3.0,8,1,1,0,0,0.0009736000065458938,
map_medium_123_491d0f17,map_medium,train,436,123,medium,5,5,0.1,0.95,0.05,default,100,3.0,8,1,1,0,0,0.0009901000012177974,
map_medium_123_491d0f17,map_medium,train,437,123,medium,5,5,0.1,0.95,0.05,default,100,3.0,8,1,1,0,0,0.0010123999963980168,
map_medium_123_491d0f17,map_medium,train,438,123,medium,5,5,0.1,0.95,0.05,default,100,3.0,8,1,1,0,0,0.0011974000080954283,
map_medium_123_491d0f17,map_medium,train,439,123,medium,5,5,0.1,0.95,0.05,default,100,2.0,9,1,1,0,0,0.0012512999965110794,
map_medium_123_491d0f17,map_medium,train,440,123,medium,5,5,0.1,0.95,0.05,default,100,2.0,9,1,1,0,0,0.001075799998943694,
map_medium_123_491d0f17,map_medium,train,441,123,medium,5,5,0.1,0.95,0.05,default,100,3.0,8,1,1,0,0,0.0010474999871803448,
map_medium_123_491d0f17,map_medium,train,442,123,medium,5,5,0.1,0.95,0.05,default,100,3.0,8,1,1,0,0,0.000999500000034459,
map_medium_123_491d0f17,map_medium,train,443,123,medium,5,5,0.1,0.95,0.05,default,100,3.0,8,1,1,0,0,0.0010083999950438738,
map_medium_123_491d0f17,map_medium,train,444,123,medium,5,5,0.1,0.95,0.05,default,100,3.0,8,1,1,0,0,0.0010245000012218952,
map_medium_123_491d0f17,map_medium,train,445,123,medium,5,5,0.1,0.95,0.05,default,100,3.0,8,1,1,0,0,0.001028099999530241,
map_medium_123_491d0f17,map_medium,train,446,123,medium,5,5,0.1,0.95,0.05,default,100,2.0,9,1,1,0,0,0.0010848999954760075,
map_medium_123_491d0f17,map_medium,train,447,123,medium,5,5,0.1,0.95,0.05,default,100,1.0,10,1,1,0,0,0.001196400000480935,
map_medium_123_491d0f17,map_medium,train,448,123,medium,5,5,0.1,0.95,0.05,default,100,-1.0,12,1,1,0,0,0.0012879999994765967,
map_medium_123_491d0f17,map_medium,train,449,123,medium,5,5,0.1,0.95,0.05,default,100,3.0,8,1,1,0,0,0.0010167000000365078,
map_medium_123_491d0f17,map_medium,train,450,123,medium,5,5,0.1,0.95,0.05,default,100,0.0,11,1,1,0,0,0.001208100002259016,
map_medium_123_491d0f17,map_medium,train,451,123,medium,5,5,0.1,0.95,0.05,default,100,3.0,8,1,1,0,0,0.001000499993097037,
map_medium_123_491d0f17,map_medium,train,452,123,medium,5,5,0.1,0.95,0.05,default,100,3.0,8,1,1,0,0,0.001010599997243844,
map_medium_123_491d0f17,map_medium,train,453,123,medium,5,5,0.1,0.95,0.05,default,100,3.0,8,1,1,0,0,0.0009948999941116199,
map_medium_123_491d0f17,map_medium,train,454,123,medium,5,5,0.1,0.95,0.05,default,100,-15.0,6,0,1,0,1,0.0007287000044016168,
map_medium_123_491d0f17,map_medium,train,455,123,medium,5,5,0.1,0.95,0.05,default,100,3.0,8,1,1,0,0,0.0010016000014729798,
map_medium_123_491d0f17,map_medium,train,456,123,medium,5,5,0.1,0.95,0.05,default,100,3.0,8,1,1,0,0,0.0009905000042635947,
map_medium_123_491d0f17,map_medium,train,457,123,medium,5,5,0.1,0.95,0.05,default,100,3.0,8,1,1,0,0,0.0010171000030823052,
map_medium_123_491d0f17,map_medium,train,458,123,medium,5,5,0.1,0.95,0.05,default,100,3.0,8,1,1,0,0,0.000995800000964664,
map_medium_123_491d0f17,map_medium,train,459,123,medium,5,5,0.1,0.95,0.05,default,100,3.0,8,1,1,0,0,0.0009992999985115603,
map_medium_123_491d0f17,map_medium,train,460,123,medium,5,5,0.1,0.95,0.05,default,100,3.0,8,1,1,0,0,0.0010021000052802265,
map_medium_123_491d0f17,map_medium,train,461,123,medium,5,5,0.1,0.95,0.05,default,100,2.0,9,1,1,0,0,0.001097699991078116,
map_medium_123_491d0f17,map_medium,train,462,123,medium,5,5,0.1,0.95,0.05,default,100,1.0,10,1,1,0,0,0.0011222000030102208,
map_medium_123_491d0f17,map_medium,train,463,123,medium,5,5,0.1,0.95,0.05,default,100,3.0,8,1,1,0,0,0.0010148000001208857,
map_medium_123_491d0f17,map_medium,train,464,123,medium,5,5,0.1,0.95,0.05,default,100,3.0,8,1,1,0,0,0.0009952999971574172,
map_medium_123_491d0f17,map_medium,train,465,123,medium,5,5,0.1,0.95,0.05,default,100,3.0,8,1,1,0,0,0.0010051000135717914,
map_medium_123_491d0f17,map_medium,train,466,123,medium,5,5,0.1,0.95,0.05,default,100,2.0,9,1,1,0,0,0.0010769000073196366,
map_medium_123_491d0f17,map_medium,train,467,123,medium,5,5,0.1,0.95,0.05,default,100,3.0,8,1,1,0,0,0.001019200004520826,
map_medium_123_491d0f17,map_medium,train,468,123,medium,5,5,0.1,0.95,0.05,default,100,3.0,8,1,1,0,0,0.000988400002825074,
map_medium_123_491d0f17,map_medium,train,469,123,medium,5,5,0.1,0.95,0.05,default,100,3.0,8,1,1,0,0,0.0009580999903846532,
map_medium_123_491d0f17,map_medium,train,470,123,medium,5,5,0.1,0.95,0.05,default,100,3.0,8,1,1,0,0,0.0009855000098468736,
map_medium_123_491d0f17,map_medium,train,471,123,medium,5,5,0.1,0.95,0.05,default,100,3.0,8,1,1,0,0,0.0010045999952126294,
map_medium_123_491d0f17,map_medium,train,472,123,medium,5,5,0.1,0.95,0.05,default,100,3.0,8,1,1,0,0,0.0009549999958835542,
map_medium_123_491d0f17,map_medium,train,473,123,medium,5,5,0.1,0.95,0.05,default,100,3.0,8,1,1,0,0,0.0010026000090874732,
map_medium_123_491d0f17,map_medium,train,474,123,medium,5,5,0.1,0.95,0.05,default,100,3.0,8,1,1,0,0,0.0009867999906418845,
map_medium_123_491d0f17,map_medium,train,475,123,medium,5,5,0.1,0.95,0.05,default,100,3.0,8,1,1,0,0,0.0010117000056197867,
map_medium_123_491d0f17,map_medium,train,476,123,medium,5,5,0.1,0.95,0.05,default,100,2.0,9,1,1,0,0,0.0010686000023270026,
map_medium_123_491d0f17,map_medium,train,477,123,medium,5,5,0.1,0.95,0.05,default,100,1.0,10,1,1,0,0,0.001185600005555898,
map_medium_123_491d0f17,map_medium,train,478,123,medium,5,5,0.1,0.95,0.05,default,100,3.0,8,1,1,0,0,0.000992199988104403,
map_medium_123_491d0f17,map_medium,train,479,123,medium,5,5,0.1,0.95,0.05,default,100,3.0,8,1,1,0,0,0.001006599995889701,
map_medium_123_491d0f17,map_medium,train,480,123,medium,5,5,0.1,0.95,0.05,default,100,3.0,8,1,1,0,0,0.0010003999923355877,
map_medium_123_491d0f17,map_medium,train,481,123,medium,5,5,0.1,0.95,0.05,default,100,3.0,8,1,1,0,0,0.000974599999608472,
map_medium_123_491d0f17,map_medium,train,482,123,medium,5,5,0.1,0.95,0.05,default,100,3.0,8,1,1,0,0,0.0010154999908991158,
map_medium_123_491d0f17,map_medium,train,483,123,medium,5,5,0.1,0.95,0.05,default,100,1.0,10,1,1,0,0,0.0011871000024257228,
map_medium_123_491d0f17,map_medium,train,484,123,medium,5,5,0.1,0.95,0.05,default,100,3.0,8,1,1,0,0,0.0009963000047719106,
map_medium_123_491d0f17,map_medium,train,485,123,medium,5,5,0.1,0.95,0.05,default,100,2.0,9,1,1,0,0,0.0010906999959843233,
map_medium_123_491d0f17,map_medium,train,486,123,medium,5,5,0.1,0.95,0.05,default,100,3.0,8,1,1,0,0,0.001079499998013489,
map_medium_123_491d0f17,map_medium,train,487,123,medium,5,5,0.1,0.95,0.05,default,100,1.0,10,1,1,0,0,0.0012033999955747277,
map_medium_123_491d0f17,map_medium,train,488,123,medium,5,5,0.1,0.95,0.05,default,100,2.0,9,1,1,0,0,0.0010601999965729192,
map_medium_123_491d0f17,map_medium,train,489,123,medium,5,5,0.1,0.95,0.05,default,100,2.0,9,1,1,0,0,0.0010750000074040145,
map_medium_123_491d0f17,map_medium,train,490,123,medium,5,5,0.1,0.95,0.05,default,100,3.0,8,1,1,0,0,0.0009583999926690012,
map_medium_123_491d0f17,map_medium,train,491,123,medium,5,5,0.1,0.95,0.05,default,100,3.0,8,1,1,0,0,0.0009644999954616651,
map_medium_123_491d0f17,map_medium,train,492,123,medium,5,5,0.1,0.95,0.05,default,100,3.0,8,1,1,0,0,0.0010086000111186877,
map_medium_123_491d0f17,map_medium,train,493,123,medium,5,5,0.1,0.95,0.05,default,100,3.0,8,1,1,0,0,0.0010172999900532886,
map_medium_123_491d0f17,map_medium,train,494,123,medium,5,5,0.1,0.95,0.05,default,100,2.0,9,1,1,0,0,0.0010294999956386164,
map_medium_123_491d0f17,map_medium,train,495,123,medium,5,5,0.1,0.95,0.05,default,100,3.0,8,1,1,0,0,0.0010132000024896115,
map_medium_123_491d0f17,map_medium,train,496,123,medium,5,5,0.1,0.95,0.05,default,100,3.0,8,1,1,0,0,0.0009857999975793064,
map_medium_123_491d0f17,map_medium,train,497,123,medium,5,5,0.1,0.95,0.05,default,100,3.0,8,1,1,0,0,0.0010215000074822456,
map_medium_123_491d0f17,map_medium,train,498,123,medium,5,5,0.1,0.95,0.05,default,100,3.0,8,1,1,0,0,0.0009906999912345782,
map_medium_123_491d0f17,map_medium,train,499,123,medium,5,5,0.1,0.95,0.05,default,100,3.0,8,1,1,0,0,0.0010084999958053231,
map_medium_123_491d0f17,map_medium,train,500,123,medium,5,5,0.1,0.95,0.05,default,100,3.0,8,1,1,0,0,0.0010234999936074018,
map_medium_123_491d0f17,map_medium,train,501,123,medium,5,5,0.1,0.95,0.05,default,100,3.0,8,1,1,0,0,0.001029699997161515,
map_medium_123_491d0f17,map_medium,train,502,123,medium,5,5,0.1,0.95,0.05,default,100,3.0,8,1,1,0,0,0.0009607999963918701,
map_medium_123_491d0f17,map_medium,train,503,123,medium,5,5,0.1,0.95,0.05,default,100,-15.0,6,0,1,0,1,0.0007321000011870638,
map_medium_123_491d0f17,map_medium,train,504,123,medium,5,5,0.1,0.95,0.05,default,100,3.0,8,1,1,0,0,0.0010137000062968582,
map_medium_123_491d0f17,map_medium,train,505,123,medium,5,5,0.1,0.95,0.05,default,100,2.0,9,1,1,0,0,0.0010514000023249537,
map_medium_123_491d0f17,map_medium,train,506,123,medium,5,5,0.1,0.95,0.05,default,100,3.0,8,1,1,0,0,0.0010272999934386462,
map_medium_123_491d0f17,map_medium,train,507,123,medium,5,5,0.1,0.95,0.05,default,100,3.0,8,1,1,0,0,0.0009907000057864934,
map_medium_123_491d0f17,map_medium,train,508,123,medium,5,5,0.1,0.95,0.05,default,100,1.0,10,1,1,0,0,0.0011737000022549182,
map_medium_123_491d0f17,map_medium,train,509,123,medium,5,5,0.1,0.95,0.05,default,100,-15.0,6,0,1,0,1,0.0007273999945027754,
map_medium_123_491d0f17,map_medium,train,510,123,medium,5,5,0.1,0.95,0.05,default,100,2.0,9,1,1,0,0,0.0010620999964885414,
map_medium_123_491d0f17,map_medium,train,511,123,medium,5,5,0.1,0.95,0.05,default,100,2.0,9,1,1,0,0,0.0010474999871803448,
map_medium_123_491d0f17,map_medium,train,512,123,medium,5,5,0.1,0.95,0.05,default,100,3.0,8,1,1,0,0,0.0010006999946199358,
map_medium_123_491d0f17,map_medium,train,513,123,medium,5,5,0.1,0.95,0.05,default,100,2.0,9,1,1,0,0,0.001050299993949011,
map_medium_123_491d0f17,map_medium,train,514,123,medium,5,5,0.1,0.95,0.05,default,100,3.0,8,1,1,0,0,0.0010030999983428046,
map_medium_123_491d0f17,map_medium,train,515,123,medium,5,5,0.1,0.95,0.05,default,100,3.0,8,1,1,0,0,0.0009949999948730692,
map_medium_123_491d0f17,map_medium,train,516,123,medium,5,5,0.1,0.95,0.05,default,100,1.0,10,1,1,0,0,0.0011738000030163676,
map_medium_123_491d0f17,map_medium,train,517,123,medium,5,5,0.1,0.95,0.05,default,100,3.0,8,1,1,0,0,0.0010086000111186877,
map_medium_123_491d0f17,map_medium,train,518,123,medium,5,5,0.1,0.95,0.05,default,100,3.0,8,1,1,0,0,0.0010040999914053828,
map_medium_123_491d0f17,map_medium,train,519,123,medium,5,5,0.1,0.95,0.05,default,100,2.0,9,1,1,0,0,0.0010197999945376068,
map_medium_123_491d0f17,map_medium,train,520,123,medium,5,5,0.1,0.95,0.05,default,100,2.0,9,1,1,0,0,0.0010600999958114699,
map_medium_123_491d0f17,map_medium,train,521,123,medium,5,5,0.1,0.95,0.05,default,100,3.0,8,1,1,0,0,0.001017999995383434,
map_medium_123_491d0f17,map_medium,train,522,123,medium,5,5,0.1,0.95,0.05,default,100,3.0,8,1,1,0,0,0.001017999995383434,
map_medium_123_491d0f17,map_medium,train,523,123,medium,5,5,0.1,0.95,0.05,default,100,3.0,8,1,1,0,0,0.0009987000084947795,
map_medium_123_491d0f17,map_medium,train,524,123,medium,5,5,0.1,0.95,0.05,default,100,3.0,8,1,1,0,0,0.0009693999891169369,
map_medium_123_491d0f17,map_medium,train,525,123,medium,5,5,0.1,0.95,0.05,default,100,3.0,8,1,1,0,0,0.0009931999957188964,
map_medium_123_491d0f17,map_medium,train,526,123,medium,5,5,0.1,0.95,0.05,default,100,3.0,8,1,1,0,0,0.0009790000040084124,
map_medium_123_491d0f17,map_medium,train,527,123,medium,5,5,0.1,0.95,0.05,default,100,3.0,8,1,1,0,0,0.0009547999943606555,
map_medium_123_491d0f17,map_medium,train,528,123,medium,5,5,0.1,0.95,0.05,default,100,3.0,8,1,1,0,0,0.0010271999926771969,
map_medium_123_491d0f17,map_medium,train,529,123,medium,5,5,0.1,0.95,0.05,default,100,0.0,11,1,1,0,0,0.0013480000052368268,
map_medium_123_491d0f17,map_medium,train,530,123,medium,5,5,0.1,0.95,0.05,default,100,3.0,8,1,1,0,0,0.0010087999980896711,
map_medium_123_491d0f17,map_medium,train,531,123,medium,5,5,0.1,0.95,0.05,default,100,3.0,8,1,1,0,0,0.000995800000964664,
map_medium_123_491d0f17,map_medium,train,532,123,medium,5,5,0.1,0.95,0.05,default,100,3.0,8,1,1,0,0,0.0010053000005427748,
map_medium_123_491d0f17,map_medium,train,533,123,medium,5,5,0.1,0.95,0.05,default,100,3.0,8,1,1,0,0,0.0009381999989273027,
map_medium_123_491d0f17,map_medium,train,534,123,medium,5,5,0.1,0.95,0.05,default,100,3.0,8,1,1,0,0,0.0010148000001208857,
map_medium_123_491d0f17,map_medium,train,535,123,medium,5,5,0.1,0.95,0.05,default,100,3.0,8,1,1,0,0,0.000987200008239597,
map_medium_123_491d0f17,map_medium,train,536,123,medium,5,5,0.1,0.95,0.05,default,100,3.0,8,1,1,0,0,0.0009556000004522502,
map_medium_123_491d0f17,map_medium,train,537,123,medium,5,5,0.1,0.95,0.05,default,100,3.0,8,1,1,0,0,0.001000100004603155,
map_medium_123_491d0f17,map_medium,train,538,123,medium,5,5,0.1,0.95,0.05,default,100,3.0,8,1,1,0,0,0.0010164999985136092,
map_medium_123_491d0f17,map_medium,train,539,123,medium,5,5,0.1,0.95,0.05,default,100,3.0,8,1,1,0,0,0.0009474999969825149,
map_medium_123_491d0f17,map_medium,train,540,123,medium,5,5,0.1,0.95,0.05,default,100,3.0,8,1,1,0,0,0.001004100005957298,
map_medium_123_491d0f17,map_medium,train,541,123,medium,5,5,0.1,0.95,0.05,default,100,3.0,8,1,1,0,0,0.0010136000055354089,
map_medium_123_491d0f17,map_medium,train,542,123,medium,5,5,0.1,0.95,0.05,default,100,2.0,9,1,1,0,0,0.001079800000297837,
map_medium_123_491d0f17,map_medium,train,543,123,medium,5,5,0.1,0.95,0.05,default,100,2.0,9,1,1,0,0,0.0010605999996187165,
map_medium_123_491d0f17,map_medium,train,544,123,medium,5,5,0.1,0.95,0.05,default,100,3.0,8,1,1,0,0,0.0010147000139113516,
map_medium_123_491d0f17,map_medium,train,545,123,medium,5,5,0.1,0.95,0.05,default,100,3.0,8,1,1,0,0,0.0010006999946199358,
map_medium_123_491d0f17,map_medium,train,546,123,medium,5,5,0.1,0.95,0.05,default,100,0.0,11,1,1,0,0,0.0012575000000651926,
map_medium_123_491d0f17,map_medium,train,547,123,medium,5,5,0.1,0.95,0.05,default,100,3.0,8,1,1,0,0,0.0009993999992730096,
map_medium_123_491d0f17,map_medium,train,548,123,medium,5,5,0.1,0.95,0.05,default,100,3.0,8,1,1,0,0,0.0009628999978303909,
map_medium_123_491d0f17,map_medium,train,549,123,medium,5,5,0.1,0.95,0.05,default,100,3.0,8,1,1,0,0,0.0009905000042635947,
map_medium_123_491d0f17,map_medium,train,550,123,medium,5,5,0.1,0.95,0.05,default,100,0.0,11,1,1,0,0,0.0012403000000631437,
map_medium_123_491d0f17,map_medium,train,551,123,medium,5,5,0.1,0.95,0.05,default,100,1.0,10,1,1,0,0,0.001116100000217557,
map_medium_123_491d0f17,map_medium,train,552,123,medium,5,5,0.1,0.95,0.05,default,100,3.0,8,1,1,0,0,0.001002599994535558,
map_medium_123_491d0f17,map_medium,train,553,123,medium,5,5,0.1,0.95,0.05,default,100,1.0,10,1,1,0,0,0.0011617999989539385,
map_medium_123_491d0f17,map_medium,train,554,123,medium,5,5,0.1,0.95,0.05,default,100,3.0,8,1,1,0,0,0.0010131000017281622,
map_medium_123_491d0f17,map_medium,train,555,123,medium,5,5,0.1,0.95,0.05,default,100,0.0,11,1,1,0,0,0.0012019999994663522,
map_medium_123_491d0f17,map_medium,train,556,123,medium,5,5,0.1,0.95,0.05,default,100,3.0,8,1,1,0,0,0.0009845000022323802,
map_medium_123_491d0f17,map_medium,train,557,123,medium,5,5,0.1,0.95,0.05,default,100,3.0,8,1,1,0,0,0.0010223999997833744,
map_medium_123_491d0f17,map_medium,train,558,123,medium,5,5,0.1,0.95,0.05,default,100,3.0,8,1,1,0,0,0.000988700005109422,
map_medium_123_491d0f17,map_medium,train,559,123,medium,5,5,0.1,0.95,0.05,default,100,3.0,8,1,1,0,0,0.0009564000065438449,
map_medium_123_491d0f17,map_medium,train,560,123,medium,5,5,0.1,0.95,0.05,default,100,3.0,8,1,1,0,0,0.0009941000025719404,
map_medium_123_491d0f17,map_medium,train,561,123,medium,5,5,0.1,0.95,0.05,default,100,3.0,8,1,1,0,0,0.000978900003246963,
map_medium_123_491d0f17,map_medium,train,562,123,medium,5,5,0.1,0.95,0.05,default,100,3.0,8,1,1,0,0,0.0010459000041009858,
map_medium_123_491d0f17,map_medium,train,563,123,medium,5,5,0.1,0.95,0.05,default,100,3.0,8,1,1,0,0,0.0009912999958032742,
map_medium_123_491d0f17,map_medium,train,564,123,medium,5,5,0.1,0.95,0.05,default,100,3.0,8,1,1,0,0,0.0009610999986762181,
map_medium_123_491d0f17,map_medium,train,565,123,medium,5,5,0.1,0.95,0.05,default,100,-13.0,4,0,1,0,1,0.000509100005729124,
map_medium_123_491d0f17,map_medium,train,566,123,medium,5,5,0.1,0.95,0.05,default,100,1.0,10,1,1,0,0,0.0011949000036111102,
map_medium_123_491d0f17,map_medium,train,567,123,medium,5,5,0.1,0.95,0.05,default,100,3.0,8,1,1,0,0,0.0009606999956304207,
map_medium_123_491d0f17,map_medium,train,568,123,medium,5,5,0.1,0.95,0.05,default,100,2.0,9,1,1,0,0,0.0010586999997030944,
map_medium_123_491d0f17,map_medium,train,569,123,medium,5,5,0.1,0.95,0.05,default,100,3.0,8,1,1,0,0,0.001015800007735379,
map_medium_123_491d0f17,map_medium,train,570,123,medium,5,5,0.1,0.95,0.05,default,100,3.0,8,1,1,0,0,0.0009600000048521906,
map_medium_123_491d0f17,map_medium,train,571,123,medium,5,5,0.1,0.95,0.05,default,100,3.0,8,1,1,0,0,0.0009585999941918999,
map_medium_123_491d0f17,map_medium,train,572,123,medium,5,5,0.1,0.95,0.05,default,100,3.0,8,1,1,0,0,0.0010120000079041347,
map_medium_123_491d0f17,map_medium,train,573,123,medium,5,5,0.1,0.95,0.05,default,100,3.0,8,1,1,0,0,0.000990300002740696,
map_medium_123_491d0f17,map_medium,train,574,123,medium,5,5,0.1,0.95,0.05,default,100,1.0,10,1,1,0,0,0.0010873999999603257,
map_medium_123_491d0f17,map_medium,train,575,123,medium,5,5,0.1,0.95,0.05,default,100,3.0,8,1,1,0,0,0.0009982000046875328,
map_medium_123_491d0f17,map_medium,train,576,123,medium,5,5,0.1,0.95,0.05,default,100,2.0,9,1,1,0,0,0.0010231999913230538,
map_medium_123_491d0f17,map_medium,train,577,123,medium,5,5,0.1,0.95,0.05,default,100,1.0,10,1,1,0,0,0.001168400005553849,
map_medium_123_491d0f17,map_medium,train,578,123,medium,5,5,0.1,0.95,0.05,default,100,3.0,8,1,1,0,0,0.0009682000090833753,
map_medium_123_491d0f17,map_medium,train,579,123,medium,5,5,0.1,0.95,0.05,default,100,3.0,8,1,1,0,0,0.0009960999886970967,
map_medium_123_491d0f17,map_medium,train,580,123,medium,5,5,0.1,0.95,0.05,default,100,3.0,8,1,1,0,0,0.0009996000007959083,
map_medium_123_491d0f17,map_medium,train,581,123,medium,5,5,0.1,0.95,0.05,default,100,2.0,9,1,1,0,0,0.0011335999879520386,
map_medium_123_491d0f17,map_medium,train,582,123,medium,5,5,0.1,0.95,0.05,default,100,3.0,8,1,1,0,0,0.0010050999990198761,
map_medium_123_491d0f17,map_medium,train,583,123,medium,5,5,0.1,0.95,0.05,default,100,3.0,8,1,1,0,0,0.0010135999909834936,
map_medium_123_491d0f17,map_medium,train,584,123,medium,5,5,0.1,0.95,0.05,default,100,-1.0,12,1,1,0,0,0.0013789000076940283,
map_medium_123_491d0f17,map_medium,train,585,123,medium,5,5,0.1,0.95,0.05,default,100,1.0,10,1,1,0,0,0.001178899998194538,
map_medium_123_491d0f17,map_medium,train,586,123,medium,5,5,0.1,0.95,0.05,default,100,3.0,8,1,1,0,0,0.0010271999926771969,
map_medium_123_491d0f17,map_medium,train,587,123,medium,5,5,0.1,0.95,0.05,default,100,3.0,8,1,1,0,0,0.0009883000020636246,
map_medium_123_491d0f17,map_medium,train,588,123,medium,5,5,0.1,0.95,0.05,default,100,-13.0,4,0,1,0,1,0.0005178999999770895,
map_medium_123_491d0f17,map_medium,train,589,123,medium,5,5,0.1,0.95,0.05,default,100,2.0,9,1,1,0,0,0.0010722000006353483,
map_medium_123_491d0f17,map_medium,train,590,123,medium,5,5,0.1,0.95,0.05,default,100,2.0,9,1,1,0,0,0.0011463999981060624,
map_medium_123_491d0f17,map_medium,train,591,123,medium,5,5,0.1,0.95,0.05,default,100,3.0,8,1,1,0,0,0.001007200000458397,
map_medium_123_491d0f17,map_medium,train,592,123,medium,5,5,0.1,0.95,0.05,default,100,3.0,8,1,1,0,0,0.0010057999897981063,
map_medium_123_491d0f17,map_medium,train,593,123,medium,5,5,0.1,0.95,0.05,default,100,3.0,8,1,1,0,0,0.000984799989964813,
map_medium_123_491d0f17,map_medium,train,594,123,medium,5,5,0.1,0.95,0.05,default,100,3.0,8,1,1,0,0,0.0010023000068031251,
map_medium_123_491d0f17,map_medium,train,595,123,medium,5,5,0.1,0.95,0.05,default,100,3.0,8,1,1,0,0,0.0009906999912345782,
map_medium_123_491d0f17,map_medium,train,596,123,medium,5,5,0.1,0.95,0.05,default,100,3.0,8,1,1,0,0,0.0010155999916605651,
map_medium_123_491d0f17,map_medium,train,597,123,medium,5,5,0.1,0.95,0.05,default,100,1.0,10,1,1,0,0,0.0011781000066548586,
map_medium_123_491d0f17,map_medium,train,598,123,medium,5,5,0.1,0.95,0.05,default,100,1.0,10,1,1,0,0,0.001177300000563264,
map_medium_123_491d0f17,map_medium,train,599,123,medium,5,5,0.1,0.95,0.05,default,100,3.0,8,1,1,0,0,0.0009886000043479726,
map_medium_123_491d0f17,map_medium,train,600,123,medium,5,5,0.1,0.95,0.05,default,100,1.0,10,1,1,0,0,0.0011831000010715798,results\map\medium\seed_123\qtable_ep600.npz
map_medium_123_491d0f17,map_medium,train,601,123,medium,5,5,0.1,0.95,0.05,default,100,-15.0,6,0,1,0,1,0.000785700001870282,
map_medium_123_491d0f17,map_medium,train,602,123,medium,5,5,0.1,0.95,0.05,default,100,1.0,10,1,1,0,0,0.0012143000058131292,
map_medium_123_491d0f17,map_medium,train,603,123,medium,5,5,0.1,0.95,0.05,default,100,3.0,8,1,1,0,0,0.001013699991744943,
map_medium_123_491d0f17,map_medium,train,604,123,medium,5,5,0.1,0.95,0.05,default,100,3.0,8,1,1,0,0,0.0010024999937741086,
map_medium_123_491d0f17,map_medium,train,605,123,medium,5,5,0.1,0.95,0.05,default,100,1.0,10,1,1,0,0,0.0011664999910863116,
map_medium_123_491d0f17,map_medium,train,606,123,medium,5,5,0.1,0.95,0.05,default,100,3.0,8,1,1,0,0,0.0010264000011375174,
map_medium_123_491d0f17,map_medium,train,607,123,medium,5,5,0.1,0.95,0.05,default,100,1.0,10,1,1,0,0,0.0011710999970091507,
map_medium_123_491d0f17,map_medium,train,608,123,medium,5,5,0.1,0.95,0.05,default,100,-13.0,4,0,1,0,1,0.0005107999895699322,
map_medium_123_491d0f17,map_medium,train,609,123,medium,5,5,0.1,0.95,0.05,default,100,2.0,9,1,1,0,0,0.0010676999954739586,
map_medium_123_491d0f17,map_medium,train,610,123,medium,5,5,0.1,0.95,0.05,default,100,3.0,8,1,1,0,0,0.0009821999992709607,
map_medium_123_491d0f17,map_medium,train,611,123,medium,5,5,0.1,0.95,0.05,default,100,3.0,8,1,1,0,0,0.0010020000045187771,
map_medium_123_491d0f17,map_medium,train,612,123,medium,5,5,0.1,0.95,0.05,default,100,3.0,8,1,1,0,0,0.0009832999930949882,
map_medium_123_491d0f17,map_medium,train,613,123,medium,5,5,0.1,0.95,0.05,default,100,3.0,8,1,1,0,0,0.0009608999971533194,
map_medium_123_491d0f17,map_medium,train,614,123,medium,5,5,0.1,0.95,0.05,default,100,3.0,8,1,1,0,0,0.0009794000070542097,
map_medium_123_491d0f17,map_medium,train,615,123,medium,5,5,0.1,0.95,0.05,default,100,3.0,8,1,1,0,0,0.001002899996819906,
map_medium_123_491d0f17,map_medium,train,616,123,medium,5,5,0.1,0.95,0.05,default,100,3.0,8,1,1,0,0,0.0009787000017240644,
map_medium_123_491d0f17,map_medium,train,617,123,medium,5,5,0.1,0.95,0.05,default,100,3.0,8,1,1,0,0,0.0010255999950459227,
map_medium_123_491d0f17,map_medium,train,618,123,medium,5,5,0.1,0.95,0.05,default,100,3.0,8,1,1,0,0,0.000982900004601106,
map_medium_123_491d0f17,map_medium,train,619,123,medium,5,5,0.1,0.95,0.05,default,100,3.0,8,1,1,0,0,0.00100449999445118,
map_medium_123_491d0f17,map_medium,train,620,123,medium,5,5,0.1,0.95,0.05,default,100,3.0,8,1,1,0,0,0.0009812000062083825,
map_medium_123_491d0f17,map_medium,train,621,123,medium,5,5,0.1,0.95,0.05,default,100,3.0,8,1,1,0,0,0.0010546999983489513,
map_medium_123_491d0f17,map_medium,train,622,123,medium,5,5,0.1,0.95,0.05,default,100,3.0,8,1,1,0,0,0.0010228000028291717,
map_medium_123_491d0f17,map_medium,train,623,123,medium,5,5,0.1,0.95,0.05,default,100,3.0,8,1,1,0,0,0.0010221999982604757,
map_medium_123_491d0f17,map_medium,train,624,123,medium,5,5,0.1,0.95,0.05,default,100,3.0,8,1,1,0,0,0.0009923000034177676,
map_medium_123_491d0f17,map_medium,train,625,123,medium,5,5,0.1,0.95,0.05,default,100,3.0,8,1,1,0,0,0.0010525999969104305,
map_medium_123_491d0f17,map_medium,train,626,123,medium,5,5,0.1,0.95,0.05,default,100,3.0,8,1,1,0,0,0.0009949999948730692,
map_medium_123_491d0f17,map_medium,train,627,123,medium,5,5,0.1,0.95,0.05,default,100,1.0,10,1,1,0,0,0.0012012999941362068,
map_medium_123_491d0f17,map_medium,train,628,123,medium,5,5,0.1,0.95,0.05,default,100,3.0,8,1,1,0,0,0.0009874999959720299,
map_medium_123_491d0f17,map_medium,train,629,123,medium,5,5,0.1,0.95,0.05,default,100,3.0,8,1,1,0,0,0.0010066000104416162,
map_medium_123_491d0f17,map_medium,train,630,123,medium,5,5,0.1,0.95,0.05,default,100,3.0,8,1,1,0,0,0.0009430999925825745,
map_medium_123_491d0f17,map_medium,train,631,123,medium,5,5,0.1,0.95,0.05,default,100,3.0,8,1,1,0,0,0.0010016000014729798,
map_medium_123_491d0f17,map_medium,train,632,123,medium,5,5,0.1,0.95,0.05,default,100,-15.0,6,0,1,0,1,0.0007363000040641055,
map_medium_123_491d0f17,map_medium,train,633,123,medium,5,5,0.1,0.95,0.05,default,100,3.0,8,1,1,0,0,0.0009560000034980476,
map_medium_123_491d0f17,map_medium,train,634,123,medium,5,5,0.1,0.95,0.05,default,100,3.0,8,1,1,0,0,0.0010187000007135794,
map_medium_123_491d0f17,map_medium,train,635,123,medium,5,5,0.1,0.95,0.05,default,100,3.0,8,1,1,0,0,0.0009532999974908307,
map_medium_123_491d0f17,map_medium,train,636,123,medium,5,5,0.1,0.95,0.05,default,100,3.0,8,1,1,0,0,0.0009913999965647236,
map_medium_123_491d0f17,map_medium,train,637,123,medium,5,5,0.1,0.95,0.05,default,100,1.0,10,1,1,0,0,0.0012175000010756776,
map_medium_123_491d0f17,map_medium,train,638,123,medium,5,5,0.1,0.95,0.05,default,100,3.0,8,1,1,0,0,0.0010016000014729798,
map_medium_123_491d0f17,map_medium,train,639,123,medium,5,5,0.1,0.95,0.05,default,100,1.0,10,1,1,0,0,0.0011804000096162781,
map_medium_123_491d0f17,map_medium,train,640,123,medium,5,5,0.1,0.95,0.05,default,100,3.0,8,1,1,0,0,0.0009906999912345782,
map_medium_123_491d0f17,map_medium,train,641,123,medium,5,5,0.1,0.95,0.05,default,100,3.0,8,1,1,0,0,0.0010156000062124804,
map_medium_123_491d0f17,map_medium,train,642,123,medium,5,5,0.1,0.95,0.05,default,100,3.0,8,1,1,0,0,0.00103270000545308,
map_medium_123_491d0f17,map_medium,train,643,123,medium,5,5,0.1,0.95,0.05,default,100,3.0,8,1,1,0,0,0.0010134999902220443,
map_medium_123_491d0f17,map_medium,train,644,123,medium,5,5,0.1,0.95,0.05,default,100,2.0,9,1,1,0,0,0.0010362000029999763,
map_medium_123_491d0f17,map_medium,train,645,123,medium,5,5,0.1,0.95,0.05,default,100,3.0,8,1,1,0,0,0.001014599998597987,
map_medium_123_491d0f17,map_medium,train,646,123,medium,5,5,0.1,0.95,0.05,default,100,3.0,8,1,1,0,0,0.0010046999959740788,
map_medium_123_491d0f17,map_medium,train,647,123,medium,5,5,0.1,0.95,0.05,default,100,3.0,8,1,1,0,0,0.000966899999184534,
map_medium_123_491d0f17,map_medium,train,648,123,medium,5,5,0.1,0.95,0.05,default,100,3.0,8,1,1,0,0,0.0010042999929282814,
map_medium_123_491d0f17,map_medium,train,649,123,medium,5,5,0.1,0.95,0.05,default,100,-13.0,4,0,1,0,1,0.0005265000072540715,
map_medium_123_491d0f17,map_medium,train,650,123,medium,5,5,0.1,0.95,0.05,default,100,3.0,8,1,1,0,0,0.0010239999974146485,
map_medium_123_491d0f17,map_medium,train,651,123,medium,5,5,0.1,0.95,0.05,default,100,1.0,10,1,1,0,0,0.001160400002845563,
map_medium_123_491d0f17,map_medium,train,652,123,medium,5,5,0.1,0.95,0.05,default,100,2.0,9,1,1,0,0,0.0010623999987728894,
map_medium_123_491d0f17,map_medium,train,653,123,medium,5,5,0.1,0.95,0.05,default,100,3.0,8,1,1,0,0,0.000981399993179366,
map_medium_123_491d0f17,map_medium,train,654,123,medium,5,5,0.1,0.95,0.05,default,100,3.0,8,1,1,0,0,0.0009982000046875328,
map_medium_123_491d0f17,map_medium,train,655,123,medium,5,5,0.1,0.95,0.05,default,100,3.0,8,1,1,0,0,0.0009827000030782074,
map_medium_123_491d0f17,map_medium,train,656,123,medium,5,5,0.1,0.95,0.05,default,100,3.0,8,1,1,0,0,0.0009545999928377569,
map_medium_123_491d0f17,map_medium,train,657,123,medium,5,5,0.1,0.95,0.05,default,100,3.0,8,1,1,0,0,0.0009934999980032444,
map_medium_123_491d0f17,map_medium,train,658,123,medium,5,5,0.1,0.95,0.05,default,100,3.0,8,1,1,0,0,0.0010184000129811466,
map_medium_123_491d0f17,map_medium,train,659,123,medium,5,5,0.1,0.95,0.05,default,100,3.0,8,1,1,0,0,0.0009851999930106103,
map_medium_123_491d0f17,map_medium,train,660,123,medium,5,5,0.1,0.95,0.05,default,100,2.0,9,1,1,0,0,0.0010726000036811456,
map_medium_123_491d0f17,map_medium,train,661,123,medium,5,5,0.1,0.95,0.05,default,100,3.0,8,1,1,0,0,0.0009846999892033637,
map_medium_123_491d0f17,map_medium,train,662,123,medium,5,5,0.1,0.95,0.05,default,100,3.0,8,1,1,0,0,0.0009911999950418249,
map_medium_123_491d0f17,map_medium,train,663,123,medium,5,5,0.1,0.95,0.05,default,100,3.0,8,1,1,0,0,0.0010180000099353492,
map_medium_123_491d0f17,map_medium,train,664,123,medium,5,5,0.1,0.95,0.05,default,100,3.0,8,1,1,0,0,0.0009974999993573874,
map_medium_123_491d0f17,map_medium,train,665,123,medium,5,5,0.1,0.95,0.05,default,100,3.0,8,1,1,0,0,0.0010131999879376963,
map_medium_123_491d0f17,map_medium,train,666,123,medium,5,5,0.1,0.95,0.05,default,100,3.0,8,1,1,0,0,0.0009862000006251037,
map_medium_123_491d0f17,map_medium,train,667,123,medium,5,5,0.1,0.95,0.05,default,100,3.0,8,1,1,0,0,0.0010050999990198761,
map_medium_123_491d0f17,map_medium,train,668,123,medium,5,5,0.1,0.95,0.05,default,100,3.0,8,1,1,0,0,0.0010013999999500811,
map_medium_123_491d0f17,map_medium,train,669,123,medium,5,5,0.1,0.95,0.05,default,100,3.0,8,1,1,0,0,0.0010102000087499619,
map_medium_123_491d0f17,map_medium,train,670,123,medium,5,5,0.1,0.95,0.05,default,100,2.0,9,1,1,0,0,0.00107709999429062,
map_medium_123_491d0f17,map_medium,train,671,123,medium,5,5,0.1,0.95,0.05,default,100,3.0,8,1,1,0,0,0.0010187000007135794,
map_medium_123_491d0f17,map_medium,train,672,123,medium,5,5,0.1,0.95,0.05,default,100,3.0,8,1,1,0,0,0.0009929999941959977,
map_medium_123_491d0f17,map_medium,train,673,123,medium,5,5,0.1,0.95,0.05,default,100,1.0,10,1,1,0,0,0.0011411000014049932,
map_medium_123_491d0f17,map_medium,train,674,123,medium,5,5,0.1,0.95,0.05,default,100,3.0,8,1,1,0,0,0.0010132000024896115,
map_medium_123_491d0f17,map_medium,train,675,123,medium,5,5,0.1,0.95,0.05,default,100,3.0,8,1,1,0,0,0.0009915999980876222,
map_medium_123_491d0f17,map_medium,train,676,123,medium,5,5,0.1,0.95,0.05,default,100,3.0,8,1,1,0,0,0.0010187000007135794,
map_medium_123_491d0f17,map_medium,train,677,123,medium,5,5,0.1,0.95,0.05,default,100,3.0,8,1,1,0,0,0.0010021999914897606,
map_medium_123_491d0f17,map_medium,train,678,123,medium,5,5,0.1,0.95,0.05,default,100,-15.0,6,0,1,0,1,0.0007461000059265643,
map_medium_123_491d0f17,map_medium,train,679,123,medium,5,5,0.1,0.95,0.05,default,100,3.0,8,1,1,0,0,0.0010178000084124506,
map_medium_123_491d0f17,map_medium,train,680,123,medium,5,5,0.1,0.95,0.05,default,100,3.0,8,1,1,0,0,0.0009833999938564375,
map_medium_123_491d0f17,map_medium,train,681,123,medium,5,5,0.1,0.95,0.05,default,100,3.0,8,1,1,0,0,0.0009993999992730096,
map_medium_123_491d0f17,map_medium,train,682,123,medium,5,5,0.1,0.95,0.05,default,100,3.0,8,1,1,0,0,0.0010040999914053828,
map_medium_123_491d0f17,map_medium,train,683,123,medium,5,5,0.1,0.95,0.05,default,100,3.0,8,1,1,0,0,0.0010239999974146485,
map_medium_123_491d0f17,map_medium,train,684,123,medium,5,5,0.1,0.95,0.05,default,100,3.0,8,1,1,0,0,0.0010178000084124506,
map_medium_123_491d0f17,map_medium,train,685,123,medium,5,5,0.1,0.95,0.05,default,100,0.0,11,1,1,0,0,0.0012469000066630542,
map_medium_123_491d0f17,map_medium,train,686,123,medium,5,5,0.1,0.95,0.05,default,100,1.0,10,1,1,0,0,0.0012657000042963773,
map_medium_123_491d0f17,map_medium,train,687,123,medium,5,5,0.1,0.95,0.05,default,100,3.0,8,1,1,0,0,0.00101709998853039,
map_medium_123_491d0f17,map_medium,train,688,123,medium,5,5,0.1,0.95,0.05,default,100,2.0,9,1,1,0,0,0.0010495000024093315,
map_medium_123_491d0f17,map_medium,train,689,123,medium,5,5,0.1,0.95,0.05,default,100,3.0,8,1,1,0,0,0.0010086999973282218,
map_medium_123_491d0f17,map_medium,train,690,123,medium,5,5,0.1,0.95,0.05,default,100,3.0,8,1,1,0,0,0.0009846000029938295,
map_medium_123_491d0f17,map_medium,train,691,123,medium,5,5,0.1,0.95,0.05,default,100,3.0,8,1,1,0,0,0.001006599995889701,
map_medium_123_491d0f17,map_medium,train,692,123,medium,5,5,0.1,0.95,0.05,default,100,2.0,9,1,1,0,0,0.0010517000046093017,
map_medium_123_491d0f17,map_medium,train,693,123,medium,5,5,0.1,0.95,0.05,default,100,3.0,8,1,1,0,0,0.001012100008665584,
map_medium_123_491d0f17,map_medium,train,694,123,medium,5,5,0.1,0.95,0.05,default,100,3.0,8,1,1,0,0,0.0009870000067166984,
map_medium_123_491d0f17,map_medium,train,695,123,medium,5,5,0.1,0.95,0.05,default,100,1.0,10,1,1,0,0,0.0011754000006476417,
map_medium_123_491d0f17,map_medium,train,696,123,medium,5,5,0.1,0.95,0.05,default,100,2.0,9,1,1,0,0,0.0010839000024134293,
map_medium_123_491d0f17,map_medium,train,697,123,medium,5,5,0.1,0.95,0.05,default,100,3.0,8,1,1,0,0,0.0009962000040104613,
map_medium_123_491d0f17,map_medium,train,698,123,medium,5,5,0.1,0.95,0.05,default,100,3.0,8,1,1,0,0,0.0010053000005427748,
map_medium_123_491d0f17,map_medium,train,699,123,medium,5,5,0.1,0.95,0.05,default,100,3.0,8,1,1,0,0,0.0009885000035865232,
map_medium_123_491d0f17,map_medium,train,700,123,medium,5,5,0.1,0.95,0.05,default,100,3.0,8,1,1,0,0,0.0009981000039260834,
map_medium_123_491d0f17,map_medium,train,701,123,medium,5,5,0.1,0.95,0.05,default,100,1.0,10,1,1,0,0,0.0011987999896518886,
map_medium_123_491d0f17,map_medium,train,702,123,medium,5,5,0.1,0.95,0.05,default,100,3.0,8,1,1,0,0,0.0010026999952970073,
map_medium_123_491d0f17,map_medium,train,703,123,medium,5,5,0.1,0.95,0.05,default,100,3.0,8,1,1,0,0,0.0010194999922532588,
map_medium_123_491d0f17,map_medium,train,704,123,medium,5,5,0.1,0.95,0.05,default,100,2.0,9,1,1,0,0,0.0010754000104498118,
map_medium_123_491d0f17,map_medium,train,705,123,medium,5,5,0.1,0.95,0.05,default,100,3.0,8,1,1,0,0,0.0010085999965667725,
map_medium_123_491d0f17,map_medium,train,706,123,medium,5,5,0.1,0.95,0.05,default,100,3.0,8,1,1,0,0,0.0009981999901356176,
map_medium_123_491d0f17,map_medium,train,707,123,medium,5,5,0.1,0.95,0.05,default,100,3.0,8,1,1,0,0,0.0010257999965688214,
map_medium_123_491d0f17,map_medium,train,708,123,medium,5,5,0.1,0.95,0.05,default,100,3.0,8,1,1,0,0,0.0009915999980876222,
map_medium_123_491d0f17,map_medium,train,709,123,medium,5,5,0.1,0.95,0.05,default,100,3.0,8,1,1,0,0,0.0010083999950438738,
map_medium_123_491d0f17,map_medium,train,710,123,medium,5,5,0.1,0.95,0.05,default,100,3.0,8,1,1,0,0,0.0009839000122155994,
map_medium_123_491d0f17,map_medium,train,711,123,medium,5,5,0.1,0.95,0.05,default,100,3.0,8,1,1,0,0,0.001006599995889701,
map_medium_123_491d0f17,map_medium,train,712,123,medium,5,5,0.1,0.95,0.05,default,100,2.0,9,1,1,0,0,0.0010496000031707808,
map_medium_123_491d0f17,map_medium,train,713,123,medium,5,5,0.1,0.95,0.05,default,100,1.0,10,1,1,0,0,0.0011723999923560768,
map_medium_123_491d0f17,map_medium,train,714,123,medium,5,5,0.1,0.95,0.05,default,100,3.0,8,1,1,0,0,0.0009847000037552789,
map_medium_123_491d0f17,map_medium,train,715,123,medium,5,5,0.1,0.95,0.05,default,100,2.0,9,1,1,0,0,0.0010652000055415556,
map_medium_123_491d0f17,map_medium,train,716,123,medium,5,5,0.1,0.95,0.05,default,100,3.0,8,1,1,0,0,0.0009844000014709309,
map_medium_123_491d0f17,map_medium,train,717,123,medium,5,5,0.1,0.95,0.05,default,100,1.0,10,1,1,0,0,0.00118530000327155,
map_medium_123_491d0f17,map_medium,train,718,123,medium,5,5,0.1,0.95,0.05,default,100,3.0,8,1,1,0,0,0.0010301000002073124,
map_medium_123_491d0f17,map_medium,train,719,123,medium,5,5,0.1,0.95,0.05,default,100,3.0,8,1,1,0,0,0.001007200000458397,
map_medium_123_491d0f17,map_medium,train,720,123,medium,5,5,0.1,0.95,0.05,default,100,3.0,8,1,1,0,0,0.0010121999948751181,
map_medium_123_491d0f17,map_medium,train,721,123,medium,5,5,0.1,0.95,0.05,default,100,3.0,8,1,1,0,0,0.0010308000055374578,
map_medium_123_491d0f17,map_medium,train,722,123,medium,5,5,0.1,0.95,0.05,default,100,-1.0,12,1,1,0,0,0.001292100001592189,
map_medium_123_491d0f17,map_medium,train,723,123,medium,5,5,0.1,0.95,0.05,default,100,3.0,8,1,1,0,0,0.0009877999982563779,
map_medium_123_491d0f17,map_medium,train,724,123,medium,5,5,0.1,0.95,0.05,default,100,1.0,10,1,1,0,0,0.0011611000081757084,
map_medium_123_491d0f17,map_medium,train,725,123,medium,5,5,0.1,0.95,0.05,default,100,-13.0,4,0,1,0,1,0.0005292999994708225,
map_medium_123_491d0f17,map_medium,train,726,123,medium,5,5,0.1,0.95,0.05,default,100,3.0,8,1,1,0,0,0.0009876999974949285,
map_medium_123_491d0f17,map_medium,train,727,123,medium,5,5,0.1,0.95,0.05,default,100,1.0,10,1,1,0,0,0.001272099994821474,
map_medium_123_491d0f17,map_medium,train,728,123,medium,5,5,0.1,0.95,0.05,default,100,3.0,8,1,1,0,0,0.0010033999860752374,
map_medium_123_491d0f17,map_medium,train,729,123,medium,5,5,0.1,0.95,0.05,default,100,2.0,9,1,1,0,0,0.0010712999937823042,
map_medium_123_491d0f17,map_medium,train,730,123,medium,5,5,0.1,0.95,0.05,default,100,2.0,9,1,1,0,0,0.0010547999991104007,
map_medium_123_491d0f17,map_medium,train,731,123,medium,5,5,0.1,0.95,0.05,default,100,1.0,10,1,1,0,0,0.0011737000022549182,
map_medium_123_491d0f17,map_medium,train,732,123,medium,5,5,0.1,0.95,0.05,default,100,3.0,8,1,1,0,0,0.0009920000011334196,
map_medium_123_491d0f17,map_medium,train,733,123,medium,5,5,0.1,0.95,0.05,default,100,3.0,8,1,1,0,0,0.0010167000000365078,
map_medium_123_491d0f17,map_medium,train,734,123,medium,5,5,0.1,0.95,0.05,default,100,3.0,8,1,1,0,0,0.0009865000029094517,
map_medium_123_491d0f17,map_medium,train,735,123,medium,5,5,0.1,0.95,0.05,default,100,3.0,8,1,1,0,0,0.0010132999886991456,
map_medium_123_491d0f17,map_medium,train,736,123,medium,5,5,0.1,0.95,0.05,default,100,3.0,8,1,1,0,0,0.000985000006039627,
map_medium_123_491d0f17,map_medium,train,737,123,medium,5,5,0.1,0.95,0.05,default,100,1.0,10,1,1,0,0,0.0011985000019194558,
map_medium_123_491d0f17,map_medium,train,738,123,medium,5,5,0.1,0.95,0.05,default,100,3.0,8,1,1,0,0,0.0010686000023270026,
map_medium_123_491d0f17,map_medium,train,739,123,medium,5,5,0.1,0.95,0.05,default,100,3.0,8,1,1,0,0,0.0009947999933501706,
map_medium_123_491d0f17,map_medium,train,740,123,medium,5,5,0.1,0.95,0.05,default,100,3.0,8,1,1,0,0,0.0010101000079885125,
map_medium_123_491d0f17,map_medium,train,741,123,medium,5,5,0.1,0.95,0.05,default,100,3.0,8,1,1,0,0,0.001030300001730211,
map_medium_123_491d0f17,map_medium,train,742,123,medium,5,5,0.1,0.95,0.05,default,100,3.0,8,1,1,0,0,0.0009960000024875626,
map_medium_123_491d0f17,map_medium,train,743,123,medium,5,5,0.1,0.95,0.05,default,100,2.0,9,1,1,0,0,0.0010951000003842637,
map_medium_123_491d0f17,map_medium,train,744,123,medium,5,5,0.1,0.95,0.05,default,100,3.0,8,1,1,0,0,0.001007200000458397,
map_medium_123_491d0f17,map_medium,train,745,123,medium,5,5,0.1,0.95,0.05,default,100,3.0,8,1,1,0,0,0.0010119000071426854,
map_medium_123_491d0f17,map_medium,train,746,123,medium,5,5,0.1,0.95,0.05,default,100,3.0,8,1,1,0,0,0.0009939000010490417,
map_medium_123_491d0f17,map_medium,train,747,123,medium,5,5,0.1,0.95,0.05,default,100,3.0,8,1,1,0,0,0.001006299993605353,
map_medium_123_491d0f17,map_medium,train,748,123,medium,5,5,0.1,0.95,0.05,default,100,2.0,9,1,1,0,0,0.0010618000087561086,
map_medium_123_491d0f17,map_medium,train,749,123,medium,5,5,0.1,0.95,0.05,default,100,3.0,8,1,1,0,0,0.0010100999934365973,
map_medium_123_491d0f17,map_medium,train,750,123,medium,5,5,0.1,0.95,0.05,default,100,3.0,8,1,1,0,0,0.000992400004179217,
map_medium_123_491d0f17,map_medium,train,751,123,medium,5,5,0.1,0.95,0.05,default,100,3.0,8,1,1,0,0,0.0010045000090030953,
map_medium_123_491d0f17,map_medium,train,752,123,medium,5,5,0.1,0.95,0.05,default,100,3.0,8,1,1,0,0,0.0009974999993573874,
map_medium_123_491d0f17,map_medium,train,753,123,medium,5,5,0.1,0.95,0.05,default,100,2.0,9,1,1,0,0,0.001065699994796887,
map_medium_123_491d0f17,map_medium,train,754,123,medium,5,5,0.1,0.95,0.05,default,100,3.0,8,1,1,0,0,0.0010037000029115006,
map_medium_123_491d0f17,map_medium,train,755,123,medium,5,5,0.1,0.95,0.05,default,100,3.0,8,1,1,0,0,0.0010021000052802265,
map_medium_123_491d0f17,map_medium,train,756,123,medium,5,5,0.1,0.95,0.05,default,100,3.0,8,1,1,0,0,0.0009809999901335686,
map_medium_123_491d0f17,map_medium,train,757,123,medium,5,5,0.1,0.95,0.05,default,100,3.0,8,1,1,0,0,0.0010176000068895519,
map_medium_123_491d0f17,map_medium,train,758,123,medium,5,5,0.1,0.95,0.05,default,100,3.0,8,1,1,0,0,0.0010575999913271517,
map_medium_123_491d0f17,map_medium,train,759,123,medium,5,5,0.1,0.95,0.05,default,100,3.0,8,1,1,0,0,0.001014900000882335,
map_medium_123_491d0f17,map_medium,train,760,123,medium,5,5,0.1,0.95,0.05,default,100,3.0,8,1,1,0,0,0.000985699996817857,
map_medium_123_491d0f17,map_medium,train,761,123,medium,5,5,0.1,0.95,0.05,default,100,3.0,8,1,1,0,0,0.0011262000043643638,
map_medium_123_491d0f17,map_medium,train,762,123,medium,5,5,0.1,0.95,0.05,default,100,3.0,8,1,1,0,0,0.0010019000037573278,
map_medium_123_491d0f17,map_medium,train,763,123,medium,5,5,0.1,0.95,0.05,default,100,3.0,8,1,1,0,0,0.001028099999530241,
map_medium_123_491d0f17,map_medium,train,764,123,medium,5,5,0.1,0.95,0.05,default,100,3.0,8,1,1,0,0,0.0009867999906418845,
map_medium_123_491d0f17,map_medium,train,765,123,medium,5,5,0.1,0.95,0.05,default,100,3.0,8,1,1,0,0,0.0010022000060416758,
map_medium_123_491d0f17,map_medium,train,766,123,medium,5,5,0.1,0.95,0.05,default,100,1.0,10,1,1,0,0,0.0011649999942164868,
map_medium_123_491d0f17,map_medium,train,767,123,medium,5,5,0.1,0.95,0.05,default,100,3.0,8,1,1,0,0,0.001025000005029142,
map_medium_123_491d0f17,map_medium,train,768,123,medium,5,5,0.1,0.95,0.05,default,100,3.0,8,1,1,0,0,0.0009923000034177676,
map_medium_123_491d0f17,map_medium,train,769,123,medium,5,5,0.1,0.95,0.05,default,100,3.0,8,1,1,0,0,0.0010036000021500513,
map_medium_123_491d0f17,map_medium,train,770,123,medium,5,5,0.1,0.95,0.05,default,100,3.0,8,1,1,0,0,0.0009877999982563779,
map_medium_123_491d0f17,map_medium,train,771,123,medium,5,5,0.1,0.95,0.05,default,100,1.0,10,1,1,0,0,0.0011325000086799264,
map_medium_123_491d0f17,map_medium,train,772,123,medium,5,5,0.1,0.95,0.05,default,100,3.0,8,1,1,0,0,0.0009883999882731587,
map_medium_123_491d0f17,map_medium,train,773,123,medium,5,5,0.1,0.95,0.05,default,100,3.0,8,1,1,0,0,0.0010051999997813255,
map_medium_123_491d0f17,map_medium,train,774,123,medium,5,5,0.1,0.95,0.05,default,100,3.0,8,1,1,0,0,0.000979800010100007,
map_medium_123_491d0f17,map_medium,train,775,123,medium,5,5,0.1,0.95,0.05,default,100,1.0,10,1,1,0,0,0.0011703999916790053,
map_medium_123_491d0f17,map_medium,train,776,123,medium,5,5,0.1,0.95,0.05,default,100,2.0,9,1,1,0,0,0.0010596000065561384,
map_medium_123_491d0f17,map_medium,train,777,123,medium,5,5,0.1,0.95,0.05,default,100,3.0,8,1,1,0,0,0.0010172000038437545,
map_medium_123_491d0f17,map_medium,train,778,123,medium,5,5,0.1,0.95,0.05,default,100,3.0,8,1,1,0,0,0.0010149999870918691,
map_medium_123_491d0f17,map_medium,train,779,123,medium,5,5,0.1,0.95,0.05,default,100,3.0,8,1,1,0,0,0.0010180000099353492,
map_medium_123_491d0f17,map_medium,train,780,123,medium,5,5,0.1,0.95,0.05,default,100,3.0,8,1,1,0,0,0.0009864999883575365,
map_medium_123_491d0f17,map_medium,train,781,123,medium,5,5,0.1,0.95,0.05,default,100,3.0,8,1,1,0,0,0.0010329999931855127,
map_medium_123_491d0f17,map_medium,train,782,123,medium,5,5,0.1,0.95,0.05,default,100,3.0,8,1,1,0,0,0.0009962999902199954,
map_medium_123_491d0f17,map_medium,train,783,123,medium,5,5,0.1,0.95,0.05,default,100,1.0,10,1,1,0,0,0.0012120000028517097,
map_medium_123_491d0f17,map_medium,train,784,123,medium,5,5,0.1,0.95,0.05,default,100,3.0,8,1,1,0,0,0.000999500000034459,
map_medium_123_491d0f17,map_medium,train,785,123,medium,5,5,0.1,0.95,0.05,default,100,3.0,8,1,1,0,0,0.001013999994029291,
map_medium_123_491d0f17,map_medium,train,786,123,medium,5,5,0.1,0.95,0.05,default,100,3.0,8,1,1,0,0,0.0009955999994417652,
map_medium_123_491d0f17,map_medium,train,787,123,medium,5,5,0.1,0.95,0.05,default,100,3.0,8,1,1,0,0,0.0010232999920845032,
map_medium_123_491d0f17,map_medium,train,788,123,medium,5,5,0.1,0.95,0.05,default,100,1.0,10,1,1,0,0,0.0011626000050455332,
map_medium_123_491d0f17,map_medium,train,789,123,medium,5,5,0.1,0.95,0.05,default,100,3.0,8,1,1,0,0,0.0010091000003740191,
map_medium_123_491d0f17,map_medium,train,790,123,medium,5,5,0.1,0.95,0.05,default,100,3.0,8,1,1,0,0,0.0009447000047657639,
map_medium_123_491d0f17,map_medium,train,791,123,medium,5,5,0.1,0.95,0.05,default,100,3.0,8,1,1,0,0,0.0010339000000385568,
map_medium_123_491d0f17,map_medium,train,792,123,medium,5,5,0.1,0.95,0.05,default,100,3.0,8,1,1,0,0,0.0009990999969886616,
map_medium_123_491d0f17,map_medium,train,793,123,medium,5,5,0.1,0.95,0.05,default,100,2.0,9,1,1,0,0,0.0009282999963033944,
map_medium_123_491d0f17,map_medium,train,794,123,medium,5,5,0.1,0.95,0.05,default,100,3.0,8,1,1,0,0,0.0009914000111166388,
map_medium_123_491d0f17,map_medium,train,795,123,medium,5,5,0.1,0.95,0.05,default,100,1.0,10,1,1,0,0,0.0011323999933665618,
map_medium_123_491d0f17,map_medium,train,796,123,medium,5,5,0.1,0.95,0.05,default,100,3.0,8,1,1,0,0,0.0009966000070562586,
map_medium_123_491d0f17,map_medium,train,797,123,medium,5,5,0.1,0.95,0.05,default,100,3.0,8,1,1,0,0,0.0010158999939449131,
map_medium_123_491d0f17,map_medium,train,798,123,medium,5,5,0.1,0.95,0.05,default,100,3.0,8,1,1,0,0,0.0010107999987667426,
map_medium_123_491d0f17,map_medium,train,799,123,medium,5,5,0.1,0.95,0.05,default,100,-15.0,6,0,1,0,1,0.00074970000423491,
map_medium_123_491d0f17,map_medium,train,800,123,medium,5,5,0.1,0.95,0.05,default,100,3.0,8,1,1,0,0,0.0009993999992730096,results\map\medium\seed_123\qtable_ep800.npz
map_medium_123_491d0f17,map_medium,eval,1,123,medium,5,5,0.1,0.95,0.0,default,100,-100.0,100,0,0,1,0,,
map_medium_123_491d0f17,map_medium,eval,2,123,medium,5,5,0.1,0.95,0.0,default,100,-100.0,100,0,0,1,0,,
map_medium_123_491d0f17,map_medium,eval,3,123,medium,5,5,0.1,0.95,0.0,default,100,-100.0,100,0,0,1,0,,
map_medium_123_491d0f17,map_medium,eval,4,123,medium,5,5,0.1,0.95,0.0,default,100,-100.0,100,0,0,1,0,,
map_medium_123_491d0f17,map_medium,eval,5,123,medium,5,5,0.1,0.95,0.0,default,100,-100.0,100,0,0,1,0,,
map_medium_123_491d0f17,map_medium,eval,6,123,medium,5,5,0.1,0.95,0.0,default,100,-100.0,100,0,0,1,0,,
map_medium_123_491d0f17,map_medium,eval,7,123,medium,5,5,0.1,0.95,0.0,default,100,-100.0,100,0,0,1,0,,
map_medium_123_491d0f17,map_medium,eval,8,123,medium,5,5,0.1,0.95,0.0,default,100,-100.0,100,0,0,1,0,,
map_medium_123_491d0f17,map_medium,eval,9,123,medium,5,5,0.1,0.95,0.0,default,100,-100.0,100,0,0,1,0,,
map_medium_123_491d0f17,map_medium,eval,10,123,medium,5,5,0.1,0.95,0.0,default,100,-100.0,100,0,0,1,0,,
map_medium_123_491d0f17,map_medium,eval,1,123,medium,5,5,0.1,0.95,0.0,default,100,-100.0,100,0,0,1,0,,
map_medium_123_491d0f17,map_medium,eval,2,123,medium,5,5,0.1,0.95,0.0,default,100,-100.0,100,0,0,1,0,,
map_medium_123_491d0f17,map_medium,eval,3,123,medium,5,5,0.1,0.95,0.0,default,100,-100.0,100,0,0,1,0,,
map_medium_123_491d0f17,map_medium,eval,4,123,medium,5,5,0.1,0.95,0.0,default,100,-100.0,100,0,0,1,0,,
map_medium_123_491d0f17,map_medium,eval,5,123,medium,5,5,0.1,0.95,0.0,default,100,-100.0,100,0,0,1,0,,
map_medium_123_491d0f17,map_medium,eval,6,123,medium,5,5,0.1,0.95,0.0,default,100,-100.0,100,0,0,1,0,,
map_medium_123_491d0f17,map_medium,eval,7,123,medium,5,5,0.1,0.95,0.0,default,100,-100.0,100,0,0,1,0,,
map_medium_123_491d0f17,map_medium,eval,8,123,medium,5,5,0.1,0.95,0.0,default,100,-100.0,100,0,0,1,0,,
map_medium_123_491d0f17,map_medium,eval,9,123,medium,5,5,0.1,0.95,0.0,default,100,-100.0,100,0,0,1,0,,
map_medium_123_491d0f17,map_medium,eval,10,123,medium,5,5,0.1,0.95,0.0,default,100,-100.0,100,0,0,1,0,,
map_medium_123_491d0f17,map_medium,eval,1,123,medium,5,5,0.1,0.95,0.0,default,100,-100.0,100,0,0,1,0,,
map_medium_123_491d0f17,map_medium,eval,2,123,medium,5,5,0.1,0.95,0.0,default,100,-100.0,100,0,0,1,0,,
map_medium_123_491d0f17,map_medium,eval,3,123,medium,5,5,0.1,0.95,0.0,default,100,-100.0,100,0,0,1,0,,
map_medium_123_491d0f17,map_medium,eval,4,123,medium,5,5,0.1,0.95,0.0,default,100,-100.0,100,0,0,1,0,,
map_medium_123_491d0f17,map_medium,eval,5,123,medium,5,5,0.1,0.95,0.0,default,100,-100.0,100,0,0,1,0,,
map_medium_123_491d0f17,map_medium,eval,6,123,medium,5,5,0.1,0.95,0.0,default,100,-100.0,100,0,0,1,0,,
map_medium_123_491d0f17,map_medium,eval,7,123,medium,5,5,0.1,0.95,0.0,default,100,-100.0,100,0,0,1,0,,
map_medium_123_491d0f17,map_medium,eval,8,123,medium,5,5,0.1,0.95,0.0,default,100,-100.0,100,0,0,1,0,,
map_medium_123_491d0f17,map_medium,eval,9,123,medium,5,5,0.1,0.95,0.0,default,100,-100.0,100,0,0,1,0,,
map_medium_123_491d0f17,map_medium,eval,10,123,medium,5,5,0.1,0.95,0.0,default,100,-100.0,100,0,0,1,0,,
map_medium_123_491d0f17,map_medium,eval,1,123,medium,5,5,0.1,0.95,0.0,default,100,3.0,8,1,1,0,0,,
map_medium_123_491d0f17,map_medium,eval,2,123,medium,5,5,0.1,0.95,0.0,default,100,3.0,8,1,1,0,0,,
map_medium_123_491d0f17,map_medium,eval,3,123,medium,5,5,0.1,0.95,0.0,default,100,3.0,8,1,1,0,0,,
map_medium_123_491d0f17,map_medium,eval,4,123,medium,5,5,0.1,0.95,0.0,default,100,3.0,8,1,1,0,0,,
map_medium_123_491d0f17,map_medium,eval,5,123,medium,5,5,0.1,0.95,0.0,default,100,3.0,8,1,1,0,0,,
map_medium_123_491d0f17,map_medium,eval,6,123,medium,5,5,0.1,0.95,0.0,default,100,3.0,8,1,1,0,0,,
map_medium_123_491d0f17,map_medium,eval,7,123,medium,5,5,0.1,0.95,0.0,default,100,3.0,8,1,1,0,0,,
map_medium_123_491d0f17,map_medium,eval,8,123,medium,5,5,0.1,0.95,0.0,default,100,3.0,8,1,1,0,0,,
map_medium_123_491d0f17,map_medium,eval,9,123,medium,5,5,0.1,0.95,0.0,default,100,3.0,8,1,1,0,0,,
map_medium_123_491d0f17,map_medium,eval,10,123,medium,5,5,0.1,0.95,0.0,default,100,3.0,8,1,1,0,0,,
map_medium_123_491d0f17,map_medium,eval,1,123,medium,5,5,0.1,0.95,0.0,default,100,3.0,8,1,1,0,0,,
map_medium_123_491d0f17,map_medium,eval,2,123,medium,5,5,0.1,0.95,0.0,default,100,3.0,8,1,1,0,0,,
map_medium_123_491d0f17,map_medium,eval,3,123,medium,5,5,0.1,0.95,0.0,default,100,3.0,8,1,1,0,0,,
map_medium_123_491d0f17,map_medium,eval,4,123,medium,5,5,0.1,0.95,0.0,default,100,3.0,8,1,1,0,0,,
map_medium_123_491d0f17,map_medium,eval,5,123,medium,5,5,0.1,0.95,0.0,default,100,3.0,8,1,1,0,0,,
map_medium_123_491d0f17,map_medium,eval,6,123,medium,5,5,0.1,0.95,0.0,default,100,3.0,8,1,1,0,0,,
map_medium_123_491d0f17,map_medium,eval,7,123,medium,5,5,0.1,0.95,0.0,default,100,3.0,8,1,1,0,0,,
map_medium_123_491d0f17,map_medium,eval,8,123,medium,5,5,0.1,0.95,0.0,default,100,3.0,8,1,1,0,0,,
map_medium_123_491d0f17,map_medium,eval,9,123,medium,5,5,0.1,0.95,0.0,default,100,3.0,8,1,1,0,0,,
map_medium_123_491d0f17,map_medium,eval,10,123,medium,5,5,0.1,0.95,0.0,default,100,3.0,8,1,1,0,0,,
map_medium_123_491d0f17,map_medium,eval,1,123,medium,5,5,0.1,0.95,0.0,default,100,3.0,8,1,1,0,0,,
map_medium_123_491d0f17,map_medium,eval,2,123,medium,5,5,0.1,0.95,0.0,default,100,3.0,8,1,1,0,0,,
map_medium_123_491d0f17,map_medium,eval,3,123,medium,5,5,0.1,0.95,0.0,default,100,3.0,8,1,1,0,0,,
map_medium_123_491d0f17,map_medium,eval,4,123,medium,5,5,0.1,0.95,0.0,default,100,3.0,8,1,1,0,0,,
map_medium_123_491d0f17,map_medium,eval,5,123,medium,5,5,0.1,0.95,0.0,default,100,3.0,8,1,1,0,0,,
map_medium_123_491d0f17,map_medium,eval,6,123,medium,5,5,0.1,0.95,0.0,default,100,3.0,8,1,1,0,0,,
map_medium_123_491d0f17,map_medium,eval,7,123,medium,5,5,0.1,0.95,0.0,default,100,3.0,8,1,1,0,0,,
map_medium_123_491d0f17,map_medium,eval,8,123,medium,5,5,0.1,0.95,0.0,default,100,3.0,8,1,1,0,0,,
map_medium_123_491d0f17,map_medium,eval,9,123,medium,5,5,0.1,0.95,0.0,default,100,3.0,8,1,1,0,0,,
map_medium_123_491d0f17,map_medium,eval,10,123,medium,5,5,0.1,0.95,0.0,default,100,3.0,8,1,1,0,0,,
map_medium_123_491d0f17,map_medium,eval,1,123,medium,5,5,0.1,0.95,0.0,default,100,3.0,8,1,1,0,0,,
map_medium_123_491d0f17,map_medium,eval,2,123,medium,5,5,0.1,0.95,0.0,default,100,3.0,8,1,1,0,0,,
map_medium_123_491d0f17,map_medium,eval,3,123,medium,5,5,0.1,0.95,0.0,default,100,3.0,8,1,1,0,0,,
map_medium_123_491d0f17,map_medium,eval,4,123,medium,5,5,0.1,0.95,0.0,default,100,3.0,8,1,1,0,0,,
map_medium_123_491d0f17,map_medium,eval,5,123,medium,5,5,0.1,0.95,0.0,default,100,3.0,8,1,1,0,0,,
map_medium_123_491d0f17,map_medium,eval,6,123,medium,5,5,0.1,0.95,0.0,default,100,3.0,8,1,1,0,0,,
map_medium_123_491d0f17,map_medium,eval,7,123,medium,5,5,0.1,0.95,0.0,default,100,3.0,8,1,1,0,0,,
map_medium_123_491d0f17,map_medium,eval,8,123,medium,5,5,0.1,0.95,0.0,default,100,3.0,8,1,1,0,0,,
map_medium_123_491d0f17,map_medium,eval,9,123,medium,5,5,0.1,0.95,0.0,default,100,3.0,8,1,1,0,0,,
map_medium_123_491d0f17,map_medium,eval,10,123,medium,5,5,0.1,0.95,0.0,default,100,3.0,8,1,1,0,0,,
map_medium_123_491d0f17,map_medium,eval,1,123,medium,5,5,0.1,0.95,0.0,default,100,3.0,8,1,1,0,0,,
map_medium_123_491d0f17,map_medium,eval,2,123,medium,5,5,0.1,0.95,0.0,default,100,3.0,8,1,1,0,0,,
map_medium_123_491d0f17,map_medium,eval,3,123,medium,5,5,0.1,0.95,0.0,default,100,3.0,8,1,1,0,0,,
map_medium_123_491d0f17,map_medium,eval,4,123,medium,5,5,0.1,0.95,0.0,default,100,3.0,8,1,1,0,0,,
map_medium_123_491d0f17,map_medium,eval,5,123,medium,5,5,0.1,0.95,0.0,default,100,3.0,8,1,1,0,0,,
map_medium_123_491d0f17,map_medium,eval,6,123,medium,5,5,0.1,0.95,0.0,default,100,3.0,8,1,1,0,0,,
map_medium_123_491d0f17,map_medium,eval,7,123,medium,5,5,0.1,0.95,0.0,default,100,3.0,8,1,1,0,0,,
map_medium_123_491d0f17,map_medium,eval,8,123,medium,5,5,0.1,0.95,0.0,default,100,3.0,8,1,1,0,0,,
map_medium_123_491d0f17,map_medium,eval,9,123,medium,5,5,0.1,0.95,0.0,default,100,3.0,8,1,1,0,0,,
map_medium_123_491d0f17,map_medium,eval,10,123,medium,5,5,0.1,0.95,0.0,default,100,3.0,8,1,1,0,0,,
map_medium_123_491d0f17,map_medium,eval,1,123,medium,5,5,0.1,0.95,0.0,default,100,3.0,8,1,1,0,0,,
map_medium_123_491d0f17,map_medium,eval,2,123,medium,5,5,0.1,0.95,0.0,default,100,3.0,8,1,1,0,0,,
map_medium_123_491d0f17,map_medium,eval,3,123,medium,5,5,0.1,0.95,0.0,default,100,3.0,8,1,1,0,0,,
map_medium_123_491d0f17,map_medium,eval,4,123,medium,5,5,0.1,0.95,0.0,default,100,3.0,8,1,1,0,0,,
map_medium_123_491d0f17,map_medium,eval,5,123,medium,5,5,0.1,0.95,0.0,default,100,3.0,8,1,1,0,0,,
map_medium_123_491d0f17,map_medium,eval,6,123,medium,5,5,0.1,0.95,0.0,default,100,3.0,8,1,1,0,0,,
map_medium_123_491d0f17,map_medium,eval,7,123,medium,5,5,0.1,0.95,0.0,default,100,3.0,8,1,1,0,0,,
map_medium_123_491d0f17,map_medium,eval,8,123,medium,5,5,0.1,0.95,0.0,default,100,3.0,8,1,1,0,0,,
map_medium_123_491d0f17,map_medium,eval,9,123,medium,5,5,0.1,0.95,0.0,default,100,3.0,8,1,1,0,0,,
map_medium_123_491d0f17,map_medium,eval,10,123,medium,5,5,0.1,0.95,0.0,default,100,3.0,8,1,1,0,0,,
map_medium_123_491d0f17,map_medium,eval,1,123,medium,5,5,0.1,0.95,0.0,default,100,3.0,8,1,1,0,0,,
map_medium_123_491d0f17,map_medium,eval,2,123,medium,5,5,0.1,0.95,0.0,default,100,3.0,8,1,1,0,0,,
map_medium_123_491d0f17,map_medium,eval,3,123,medium,5,5,0.1,0.95,0.0,default,100,3.0,8,1,1,0,0,,
map_medium_123_491d0f17,map_medium,eval,4,123,medium,5,5,0.1,0.95,0.0,default,100,3.0,8,1,1,0,0,,
map_medium_123_491d0f17,map_medium,eval,5,123,medium,5,5,0.1,0.95,0.0,default,100,3.0,8,1,1,0,0,,
map_medium_123_491d0f17,map_medium,eval,6,123,medium,5,5,0.1,0.95,0.0,default,100,3.0,8,1,1,0,0,,
map_medium_123_491d0f17,map_medium,eval,7,123,medium,5,5,0.1,0.95,0.0,default,100,3.0,8,1,1,0,0,,
map_medium_123_491d0f17,map_medium,eval,8,123,medium,5,5,0.1,0.95,0.0,default,100,3.0,8,1,1,0,0,,
map_medium_123_491d0f17,map_medium,eval,9,123,medium,5,5,0.1,0.95,0.0,default,100,3.0,8,1,1,0,0,,
map_medium_123_491d0f17,map_medium,eval,10,123,medium,5,5,0.1,0.95,0.0,default,100,3.0,8,1,1,0,0,,
map_medium_123_491d0f17,map_medium,eval,1,123,medium,5,5,0.1,0.95,0.0,default,100,3.0,8,1,1,0,0,,
map_medium_123_491d0f17,map_medium,eval,2,123,medium,5,5,0.1,0.95,0.0,default,100,3.0,8,1,1,0,0,,
map_medium_123_491d0f17,map_medium,eval,3,123,medium,5,5,0.1,0.95,0.0,default,100,3.0,8,1,1,0,0,,
map_medium_123_491d0f17,map_medium,eval,4,123,medium,5,5,0.1,0.95,0.0,default,100,3.0,8,1,1,0,0,,
map_medium_123_491d0f17,map_medium,eval,5,123,medium,5,5,0.1,0.95,0.0,default,100,3.0,8,1,1,0,0,,
map_medium_123_491d0f17,map_medium,eval,6,123,medium,5,5,0.1,0.95,0.0,default,100,3.0,8,1,1,0,0,,
map_medium_123_491d0f17,map_medium,eval,7,123,medium,5,5,0.1,0.95,0.0,default,100,3.0,8,1,1,0,0,,
map_medium_123_491d0f17,map_medium,eval,8,123,medium,5,5,0.1,0.95,0.0,default,100,3.0,8,1,1,0,0,,
map_medium_123_491d0f17,map_medium,eval,9,123,medium,5,5,0.1,0.95,0.0,default,100,3.0,8,1,1,0,0,,
map_medium_123_491d0f17,map_medium,eval,10,123,medium,5,5,0.1,0.95,0.0,default,100,3.0,8,1,1,0,0,,
map_medium_123_491d0f17,map_medium,eval,1,123,medium,5,5,0.1,0.95,0.0,default,100,3.0,8,1,1,0,0,,
map_medium_123_491d0f17,map_medium,eval,2,123,medium,5,5,0.1,0.95,0.0,default,100,3.0,8,1,1,0,0,,
map_medium_123_491d0f17,map_medium,eval,3,123,medium,5,5,0.1,0.95,0.0,default,100,3.0,8,1,1,0,0,,
map_medium_123_491d0f17,map_medium,eval,4,123,medium,5,5,0.1,0.95,0.0,default,100,3.0,8,1,1,0,0,,
map_medium_123_491d0f17,map_medium,eval,5,123,medium,5,5,0.1,0.95,0.0,default,100,3.0,8,1,1,0,0,,
map_medium_123_491d0f17,map_medium,eval,6,123,medium,5,5,0.1,0.95,0.0,default,100,3.0,8,1,1,0,0,,
map_medium_123_491d0f17,map_medium,eval,7,123,medium,5,5,0.1,0.95,0.0,default,100,3.0,8,1,1,0,0,,
map_medium_123_491d0f17,map_medium,eval,8,123,medium,5,5,0.1,0.95,0.0,default,100,3.0,8,1,1,0,0,,
map_medium_123_491d0f17,map_medium,eval,9,123,medium,5,5,0.1,0.95,0.0,default,100,3.0,8,1,1,0,0,,
map_medium_123_491d0f17,map_medium,eval,10,123,medium,5,5,0.1,0.95,0.0,default,100,3.0,8,1,1,0,0,,
map_medium_123_491d0f17,map_medium,eval,1,123,medium,5,5,0.1,0.95,0.0,default,100,3.0,8,1,1,0,0,,
map_medium_123_491d0f17,map_medium,eval,2,123,medium,5,5,0.1,0.95,0.0,default,100,3.0,8,1,1,0,0,,
map_medium_123_491d0f17,map_medium,eval,3,123,medium,5,5,0.1,0.95,0.0,default,100,3.0,8,1,1,0,0,,
map_medium_123_491d0f17,map_medium,eval,4,123,medium,5,5,0.1,0.95,0.0,default,100,3.0,8,1,1,0,0,,
map_medium_123_491d0f17,map_medium,eval,5,123,medium,5,5,0.1,0.95,0.0,default,100,3.0,8,1,1,0,0,,
map_medium_123_491d0f17,map_medium,eval,6,123,medium,5,5,0.1,0.95,0.0,default,100,3.0,8,1,1,0,0,,
map_medium_123_491d0f17,map_medium,eval,7,123,medium,5,5,0.1,0.95,0.0,default,100,3.0,8,1,1,0,0,,
map_medium_123_491d0f17,map_medium,eval,8,123,medium,5,5,0.1,0.95,0.0,default,100,3.0,8,1,1,0,0,,
map_medium_123_491d0f17,map_medium,eval,9,123,medium,5,5,0.1,0.95,0.0,default,100,3.0,8,1,1,0,0,,
map_medium_123_491d0f17,map_medium,eval,10,123,medium,5,5,0.1,0.95,0.0,default,100,3.0,8,1,1,0,0,,
map_medium_123_491d0f17,map_medium,eval,1,123,medium,5,5,0.1,0.95,0.0,default,100,3.0,8,1,1,0,0,,
map_medium_123_491d0f17,map_medium,eval,2,123,medium,5,5,0.1,0.95,0.0,default,100,3.0,8,1,1,0,0,,
map_medium_123_491d0f17,map_medium,eval,3,123,medium,5,5,0.1,0.95,0.0,default,100,3.0,8,1,1,0,0,,
map_medium_123_491d0f17,map_medium,eval,4,123,medium,5,5,0.1,0.95,0.0,default,100,3.0,8,1,1,0,0,,
map_medium_123_491d0f17,map_medium,eval,5,123,medium,5,5,0.1,0.95,0.0,default,100,3.0,8,1,1,0,0,,
map_medium_123_491d0f17,map_medium,eval,6,123,medium,5,5,0.1,0.95,0.0,default,100,3.0,8,1,1,0,0,,
map_medium_123_491d0f17,map_medium,eval,7,123,medium,5,5,0.1,0.95,0.0,default,100,3.0,8,1,1,0,0,,
map_medium_123_491d0f17,map_medium,eval,8,123,medium,5,5,0.1,0.95,0.0,default,100,3.0,8,1,1,0,0,,
map_medium_123_491d0f17,map_medium,eval,9,123,medium,5,5,0.1,0.95,0.0,default,100,3.0,8,1,1,0,0,,
map_medium_123_491d0f17,map_medium,eval,10,123,medium,5,5,0.1,0.95,0.0,default,100,3.0,8,1,1,0,0,,
map_medium_123_491d0f17,map_medium,eval,1,123,medium,5,5,0.1,0.95,0.0,default,100,3.0,8,1,1,0,0,,
map_medium_123_491d0f17,map_medium,eval,2,123,medium,5,5,0.1,0.95,0.0,default,100,3.0,8,1,1,0,0,,
map_medium_123_491d0f17,map_medium,eval,3,123,medium,5,5,0.1,0.95,0.0,default,100,3.0,8,1,1,0,0,,
map_medium_123_491d0f17,map_medium,eval,4,123,medium,5,5,0.1,0.95,0.0,default,100,3.0,8,1,1,0,0,,
map_medium_123_491d0f17,map_medium,eval,5,123,medium,5,5,0.1,0.95,0.0,default,100,3.0,8,1,1,0,0,,
map_medium_123_491d0f17,map_medium,eval,6,123,medium,5,5,0.1,0.95,0.0,default,100,3.0,8,1,1,0,0,,
map_medium_123_491d0f17,map_medium,eval,7,123,medium,5,5,0.1,0.95,0.0,default,100,3.0,8,1,1,0,0,,
map_medium_123_491d0f17,map_medium,eval,8,123,medium,5,5,0.1,0.95,0.0,default,100,3.0,8,1,1,0,0,,
map_medium_123_491d0f17,map_medium,eval,9,123,medium,5,5,0.1,0.95,0.0,default,100,3.0,8,1,1,0,0,,
map_medium_123_491d0f17,map_medium,eval,10,123,medium,5,5,0.1,0.95,0.0,default,100,3.0,8,1,1,0,0,,
map_medium_123_491d0f17,map_medium,eval,1,123,medium,5,5,0.1,0.95,0.0,default,100,3.0,8,1,1,0,0,,
map_medium_123_491d0f17,map_medium,eval,2,123,medium,5,5,0.1,0.95,0.0,default,100,3.0,8,1,1,0,0,,
map_medium_123_491d0f17,map_medium,eval,3,123,medium,5,5,0.1,0.95,0.0,default,100,3.0,8,1,1,0,0,,
map_medium_123_491d0f17,map_medium,eval,4,123,medium,5,5,0.1,0.95,0.0,default,100,3.0,8,1,1,0,0,,
map_medium_123_491d0f17,map_medium,eval,5,123,medium,5,5,0.1,0.95,0.0,default,100,3.0,8,1,1,0,0,,
map_medium_123_491d0f17,map_medium,eval,6,123,medium,5,5,0.1,0.95,0.0,default,100,3.0,8,1,1,0,0,,
map_medium_123_491d0f17,map_medium,eval,7,123,medium,5,5,0.1,0.95,0.0,default,100,3.0,8,1,1,0,0,,
map_medium_123_491d0f17,map_medium,eval,8,123,medium,5,5,0.1,0.95,0.0,default,100,3.0,8,1,1,0,0,,
map_medium_123_491d0f17,map_medium,eval,9,123,medium,5,5,0.1,0.95,0.0,default,100,3.0,8,1,1,0,0,,
map_medium_123_491d0f17,map_medium,eval,10,123,medium,5,5,0.1,0.95,0.0,default,100,3.0,8,1,1,0,0,,
map_medium_123_491d0f17,map_medium,eval,1,123,medium,5,5,0.1,0.95,0.0,default,100,3.0,8,1,1,0,0,,
map_medium_123_491d0f17,map_medium,eval,2,123,medium,5,5,0.1,0.95,0.0,default,100,3.0,8,1,1,0,0,,
map_medium_123_491d0f17,map_medium,eval,3,123,medium,5,5,0.1,0.95,0.0,default,100,3.0,8,1,1,0,0,,
map_medium_123_491d0f17,map_medium,eval,4,123,medium,5,5,0.1,0.95,0.0,default,100,3.0,8,1,1,0,0,,
map_medium_123_491d0f17,map_medium,eval,5,123,medium,5,5,0.1,0.95,0.0,default,100,3.0,8,1,1,0,0,,
map_medium_123_491d0f17,map_medium,eval,6,123,medium,5,5,0.1,0.95,0.0,default,100,3.0,8,1,1,0,0,,
map_medium_123_491d0f17,map_medium,eval,7,123,medium,5,5,0.1,0.95,0.0,default,100,3.0,8,1,1,0,0,,
map_medium_123_491d0f17,map_medium,eval,8,123,medium,5,5,0.1,0.95,0.0,default,100,3.0,8,1,1,0,0,,
map_medium_123_491d0f17,map_medium,eval,9,123,medium,5,5,0.1,0.95,0.0,default,100,3.0,8,1,1,0,0,,
map_medium_123_491d0f17,map_medium,eval,10,123,medium,5,5,0.1,0.95,0.0,default,100,3.0,8,1,1,0,0,,
map_medium_123_491d0f17,map_medium,eval,1,123,medium,5,5,0.1,0.95,0.0,default,100,3.0,8,1,1,0,0,,
map_medium_123_491d0f17,map_medium,eval,2,123,medium,5,5,0.1,0.95,0.0,default,100,3.0,8,1,1,0,0,,
map_medium_123_491d0f17,map_medium,eval,3,123,medium,5,5,0.1,0.95,0.0,default,100,3.0,8,1,1,0,0,,
map_medium_123_491d0f17,map_medium,eval,4,123,medium,5,5,0.1,0.95,0.0,default,100,3.0,8,1,1,0,0,,
map_medium_123_491d0f17,map_medium,eval,5,123,medium,5,5,0.1,0.95,0.0,default,100,3.0,8,1,1,0,0,,
map_medium_123_491d0f17,map_medium,eval,6,123,medium,5,5,0.1,0.95,0.0,default,100,3.0,8,1,1,0,0,,
map_medium_123_491d0f17,map_medium,eval,7,123,medium,5,5,0.1,0.95,0.0,default,100,3.0,8,1,1,0,0,,
map_medium_123_491d0f17,map_medium,eval,8,123,medium,5,5,0.1,0.95,0.0,default,100,3.0,8,1,1,0,0,,
map_medium_123_491d0f17,map_medium,eval,9,123,medium,5,5,0.1,0.95,0.0,default,100,3.0,8,1,1,0,0,,
map_medium_123_491d0f17,map_medium,eval,10,123,medium,5,5,0.1,0.95,0.0,default,100,3.0,8,1,1,0,0,,
map_medium_123_491d0f17,map_medium,eval,1,123,medium,5,5,0.1,0.95,0.0,default,100,3.0,8,1,1,0,0,,
map_medium_123_491d0f17,map_medium,eval,2,123,medium,5,5,0.1,0.95,0.0,default,100,3.0,8,1,1,0,0,,
map_medium_123_491d0f17,map_medium,eval,3,123,medium,5,5,0.1,0.95,0.0,default,100,3.0,8,1,1,0,0,,
map_medium_123_491d0f17,map_medium,eval,4,123,medium,5,5,0.1,0.95,0.0,default,100,3.0,8,1,1,0,0,,
map_medium_123_491d0f17,map_medium,eval,5,123,medium,5,5,0.1,0.95,0.0,default,100,3.0,8,1,1,0,0,,
map_medium_123_491d0f17,map_medium,eval,6,123,medium,5,5,0.1,0.95,0.0,default,100,3.0,8,1,1,0,0,,
map_medium_123_491d0f17,map_medium,eval,7,123,medium,5,5,0.1,0.95,0.0,default,100,3.0,8,1,1,0,0,,
map_medium_123_491d0f17,map_medium,eval,8,123,medium,5,5,0.1,0.95,0.0,default,100,3.0,8,1,1,0,0,,
map_medium_123_491d0f17,map_medium,eval,9,123,medium,5,5,0.1,0.95,0.0,default,100,3.0,8,1,1,0,0,,
map_medium_123_491d0f17,map_medium,eval,10,123,medium,5,5,0.1,0.95,0.0,default,100,3.0,8,1,1,0,0,,
map_medium_123_491d0f17,map_medium,eval,1,123,medium,5,5,0.1,0.95,0.0,default,100,3.0,8,1,1,0,0,,
map_medium_123_491d0f17,map_medium,eval,2,123,medium,5,5,0.1,0.95,0.0,default,100,3.0,8,1,1,0,0,,
map_medium_123_491d0f17,map_medium,eval,3,123,medium,5,5,0.1,0.95,0.0,default,100,3.0,8,1,1,0,0,,
map_medium_123_491d0f17,map_medium,eval,4,123,medium,5,5,0.1,0.95,0.0,default,100,3.0,8,1,1,0,0,,
map_medium_123_491d0f17,map_medium,eval,5,123,medium,5,5,0.1,0.95,0.0,default,100,3.0,8,1,1,0,0,,
map_medium_123_491d0f17,map_medium,eval,6,123,medium,5,5,0.1,0.95,0.0,default,100,3.0,8,1,1,0,0,,
map_medium_123_491d0f17,map_medium,eval,7,123,medium,5,5,0.1,0.95,0.0,default,100,3.0,8,1,1,0,0,,
map_medium_123_491d0f17,map_medium,eval,8,123,medium,5,5,0.1,0.95,0.0,default,100,3.0,8,1,1,0,0,,
map_medium_123_491d0f17,map_medium,eval,9,123,medium,5,5,0.1,0.95,0.0,default,100,3.0,8,1,1,0,0,,
map_medium_123_491d0f17,map_medium,eval,10,123,medium,5,5,0.1,0.95,0.0,default,100,3.0,8,1,1,0,0,,
map_medium_123_491d0f17,map_medium,eval,1,123,medium,5,5,0.1,0.95,0.0,default,100,3.0,8,1,1,0,0,,
map_medium_123_491d0f17,map_medium,eval,2,123,medium,5,5,0.1,0.95,0.0,default,100,3.0,8,1,1,0,0,,
map_medium_123_491d0f17,map_medium,eval,3,123,medium,5,5,0.1,0.95,0.0,default,100,3.0,8,1,1,0,0,,
map_medium_123_491d0f17,map_medium,eval,4,123,medium,5,5,0.1,0.95,0.0,default,100,3.0,8,1,1,0,0,,
map_medium_123_491d0f17,map_medium,eval,5,123,medium,5,5,0.1,0.95,0.0,default,100,3.0,8,1,1,0,0,,
map_medium_123_491d0f17,map_medium,eval,6,123,medium,5,5,0.1,0.95,0.0,default,100,3.0,8,1,1,0,0,,
map_medium_123_491d0f17,map_medium,eval,7,123,medium,5,5,0.1,0.95,0.0,default,100,3.0,8,1,1,0,0,,
map_medium_123_491d0f17,map_medium,eval,8,123,medium,5,5,0.1,0.95,0.0,default,100,3.0,8,1,1,0,0,,
map_medium_123_491d0f17,map_medium,eval,9,123,medium,5,5,0.1,0.95,0.0,default,100,3.0,8,1,1,0,0,,
map_medium_123_491d0f17,map_medium,eval,10,123,medium,5,5,0.1,0.95,0.0,default,100,3.0,8,1,1,0,0,,
map_medium_123_491d0f17,map_medium,eval,1,123,medium,5,5,0.1,0.95,0.0,default,100,3.0,8,1,1,0,0,,
map_medium_123_491d0f17,map_medium,eval,2,123,medium,5,5,0.1,0.95,0.0,default,100,3.0,8,1,1,0,0,,
map_medium_123_491d0f17,map_medium,eval,3,123,medium,5,5,0.1,0.95,0.0,default,100,3.0,8,1,1,0,0,,
map_medium_123_491d0f17,map_medium,eval,4,123,medium,5,5,0.1,0.95,0.0,default,100,3.0,8,1,1,0,0,,
map_medium_123_491d0f17,map_medium,eval,5,123,medium,5,5,0.1,0.95,0.0,default,100,3.0,8,1,1,0,0,,
map_medium_123_491d0f17,map_medium,eval,6,123,medium,5,5,0.1,0.95,0.0,default,100,3.0,8,1,1,0,0,,
map_medium_123_491d0f17,map_medium,eval,7,123,medium,5,5,0.1,0.95,0.0,default,100,3.0,8,1,1,0,0,,
map_medium_123_491d0f17,map_medium,eval,8,123,medium,5,5,0.1,0.95,0.0,default,100,3.0,8,1,1,0,0,,
map_medium_123_491d0f17,map_medium,eval,9,123,medium,5,5,0.1,0.95,0.0,default,100,3.0,8,1,1,0,0,,
map_medium_123_491d0f17,map_medium,eval,10,123,medium,5,5,0.1,0.95,0.0,default,100,3.0,8,1,1,0,0,,
map_medium_123_491d0f17,map_medium,eval,1,123,medium,5,5,0.1,0.95,0.0,default,100,3.0,8,1,1,0,0,,
map_medium_123_491d0f17,map_medium,eval,2,123,medium,5,5,0.1,0.95,0.0,default,100,3.0,8,1,1,0,0,,
map_medium_123_491d0f17,map_medium,eval,3,123,medium,5,5,0.1,0.95,0.0,default,100,3.0,8,1,1,0,0,,
map_medium_123_491d0f17,map_medium,eval,4,123,medium,5,5,0.1,0.95,0.0,default,100,3.0,8,1,1,0,0,,
map_medium_123_491d0f17,map_medium,eval,5,123,medium,5,5,0.1,0.95,0.0,default,100,3.0,8,1,1,0,0,,
map_medium_123_491d0f17,map_medium,eval,6,123,medium,5,5,0.1,0.95,0.0,default,100,3.0,8,1,1,0,0,,
map_medium_123_491d0f17,map_medium,eval,7,123,medium,5,5,0.1,0.95,0.0,default,100,3.0,8,1,1,0,0,,
map_medium_123_491d0f17,map_medium,eval,8,123,medium,5,5,0.1,0.95,0.0,default,100,3.0,8,1,1,0,0,,
map_medium_123_491d0f17,map_medium,eval,9,123,medium,5,5,0.1,0.95,0.0,default,100,3.0,8,1,1,0,0,,
map_medium_123_491d0f17,map_medium,eval,10,123,medium,5,5,0.1,0.95,0.0,default,100,3.0,8,1,1,0,0,,
map_medium_123_491d0f17,map_medium,eval,1,123,medium,5,5,0.1,0.95,0.0,default,100,3.0,8,1,1,0,0,,
map_medium_123_491d0f17,map_medium,eval,2,123,medium,5,5,0.1,0.95,0.0,default,100,3.0,8,1,1,0,0,,
map_medium_123_491d0f17,map_medium,eval,3,123,medium,5,5,0.1,0.95,0.0,default,100,3.0,8,1,1,0,0,,
map_medium_123_491d0f17,map_medium,eval,4,123,medium,5,5,0.1,0.95,0.0,default,100,3.0,8,1,1,0,0,,
map_medium_123_491d0f17,map_medium,eval,5,123,medium,5,5,0.1,0.95,0.0,default,100,3.0,8,1,1,0,0,,
map_medium_123_491d0f17,map_medium,eval,6,123,medium,5,5,0.1,0.95,0.0,default,100,3.0,8,1,1,0,0,,
map_medium_123_491d0f17,map_medium,eval,7,123,medium,5,5,0.1,0.95,0.0,default,100,3.0,8,1,1,0,0,,
map_medium_123_491d0f17,map_medium,eval,8,123,medium,5,5,0.1,0.95,0.0,default,100,3.0,8,1,1,0,0,,
map_medium_123_491d0f17,map_medium,eval,9,123,medium,5,5,0.1,0.95,0.0,default,100,3.0,8,1,1,0,0,,
map_medium_123_491d0f17,map_medium,eval,10,123,medium,5,5,0.1,0.95,0.0,default,100,3.0,8,1,1,0,0,,
map_medium_123_491d0f17,map_medium,eval,1,123,medium,5,5,0.1,0.95,0.0,default,100,3.0,8,1,1,0,0,,
map_medium_123_491d0f17,map_medium,eval,2,123,medium,5,5,0.1,0.95,0.0,default,100,3.0,8,1,1,0,0,,
map_medium_123_491d0f17,map_medium,eval,3,123,medium,5,5,0.1,0.95,0.0,default,100,3.0,8,1,1,0,0,,
map_medium_123_491d0f17,map_medium,eval,4,123,medium,5,5,0.1,0.95,0.0,default,100,3.0,8,1,1,0,0,,
map_medium_123_491d0f17,map_medium,eval,5,123,medium,5,5,0.1,0.95,0.0,default,100,3.0,8,1,1,0,0,,
map_medium_123_491d0f17,map_medium,eval,6,123,medium,5,5,0.1,0.95,0.0,default,100,3.0,8,1,1,0,0,,
map_medium_123_491d0f17,map_medium,eval,7,123,medium,5,5,0.1,0.95,0.0,default,100,3.0,8,1,1,0,0,,
map_medium_123_491d0f17,map_medium,eval,8,123,medium,5,5,0.1,0.95,0.0,default,100,3.0,8,1,1,0,0,,
map_medium_123_491d0f17,map_medium,eval,9,123,medium,5,5,0.1,0.95,0.0,default,100,3.0,8,1,1,0,0,,
map_medium_123_491d0f17,map_medium,eval,10,123,medium,5,5,0.1,0.95,0.0,default,100,3.0,8,1,1,0,0,,
map_medium_123_491d0f17,map_medium,eval,1,123,medium,5,5,0.1,0.95,0.0,default,100,3.0,8,1,1,0,0,,
map_medium_123_491d0f17,map_medium,eval,2,123,medium,5,5,0.1,0.95,0.0,default,100,3.0,8,1,1,0,0,,
map_medium_123_491d0f17,map_medium,eval,3,123,medium,5,5,0.1,0.95,0.0,default,100,3.0,8,1,1,0,0,,
map_medium_123_491d0f17,map_medium,eval,4,123,medium,5,5,0.1,0.95,0.0,default,100,3.0,8,1,1,0,0,,
map_medium_123_491d0f17,map_medium,eval,5,123,medium,5,5,0.1,0.95,0.0,default,100,3.0,8,1,1,0,0,,
map_medium_123_491d0f17,map_medium,eval,6,123,medium,5,5,0.1,0.95,0.0,default,100,3.0,8,1,1,0,0,,
map_medium_123_491d0f17,map_medium,eval,7,123,medium,5,5,0.1,0.95,0.0,default,100,3.0,8,1,1,0,0,,
map_medium_123_491d0f17,map_medium,eval,8,123,medium,5,5,0.1,0.95,0.0,default,100,3.0,8,1,1,0,0,,
map_medium_123_491d0f17,map_medium,eval,9,123,medium,5,5,0.1,0.95,0.0,default,100,3.0,8,1,1,0,0,,
map_medium_123_491d0f17,map_medium,eval,10,123,medium,5,5,0.1,0.95,0.0,default,100,3.0,8,1,1,0,0,,
map_medium_123_491d0f17,map_medium,eval,1,123,medium,5,5,0.1,0.95,0.0,default,100,3.0,8,1,1,0,0,,
map_medium_123_491d0f17,map_medium,eval,2,123,medium,5,5,0.1,0.95,0.0,default,100,3.0,8,1,1,0,0,,
map_medium_123_491d0f17,map_medium,eval,3,123,medium,5,5,0.1,0.95,0.0,default,100,3.0,8,1,1,0,0,,
map_medium_123_491d0f17,map_medium,eval,4,123,medium,5,5,0.1,0.95,0.0,default,100,3.0,8,1,1,0,0,,
map_medium_123_491d0f17,map_medium,eval,5,123,medium,5,5,0.1,0.95,0.0,default,100,3.0,8,1,1,0,0,,
map_medium_123_491d0f17,map_medium,eval,6,123,medium,5,5,0.1,0.95,0.0,default,100,3.0,8,1,1,0,0,,
map_medium_123_491d0f17,map_medium,eval,7,123,medium,5,5,0.1,0.95,0.0,default,100,3.0,8,1,1,0,0,,
map_medium_123_491d0f17,map_medium,eval,8,123,medium,5,5,0.1,0.95,0.0,default,100,3.0,8,1,1,0,0,,
map_medium_123_491d0f17,map_medium,eval,9,123,medium,5,5,0.1,0.95,0.0,default,100,3.0,8,1,1,0,0,,
map_medium_123_491d0f17,map_medium,eval,10,123,medium,5,5,0.1,0.95,0.0,default,100,3.0,8,1,1,0,0,,
map_medium_123_491d0f17,map_medium,eval,1,123,medium,5,5,0.1,0.95,0.0,default,100,3.0,8,1,1,0,0,,
map_medium_123_491d0f17,map_medium,eval,2,123,medium,5,5,0.1,0.95,0.0,default,100,3.0,8,1,1,0,0,,
map_medium_123_491d0f17,map_medium,eval,3,123,medium,5,5,0.1,0.95,0.0,default,100,3.0,8,1,1,0,0,,
map_medium_123_491d0f17,map_medium,eval,4,123,medium,5,5,0.1,0.95,0.0,default,100,3.0,8,1,1,0,0,,
map_medium_123_491d0f17,map_medium,eval,5,123,medium,5,5,0.1,0.95,0.0,default,100,3.0,8,1,1,0,0,,
map_medium_123_491d0f17,map_medium,eval,6,123,medium,5,5,0.1,0.95,0.0,default,100,3.0,8,1,1,0,0,,
map_medium_123_491d0f17,map_medium,eval,7,123,medium,5,5,0.1,0.95,0.0,default,100,3.0,8,1,1,0,0,,
map_medium_123_491d0f17,map_medium,eval,8,123,medium,5,5,0.1,0.95,0.0,default,100,3.0,8,1,1,0,0,,
map_medium_123_491d0f17,map_medium,eval,9,123,medium,5,5,0.1,0.95,0.0,default,100,3.0,8,1,1,0,0,,
map_medium_123_491d0f17,map_medium,eval,10,123,medium,5,5,0.1,0.95,0.0,default,100,3.0,8,1,1,0,0,,
map_medium_123_491d0f17,map_medium,eval,1,123,medium,5,5,0.1,0.95,0.0,default,100,3.0,8,1,1,0,0,,
map_medium_123_491d0f17,map_medium,eval,2,123,medium,5,5,0.1,0.95,0.0,default,100,3.0,8,1,1,0,0,,
map_medium_123_491d0f17,map_medium,eval,3,123,medium,5,5,0.1,0.95,0.0,default,100,3.0,8,1,1,0,0,,
map_medium_123_491d0f17,map_medium,eval,4,123,medium,5,5,0.1,0.95,0.0,default,100,3.0,8,1,1,0,0,,
map_medium_123_491d0f17,map_medium,eval,5,123,medium,5,5,0.1,0.95,0.0,default,100,3.0,8,1,1,0,0,,
map_medium_123_491d0f17,map_medium,eval,6,123,medium,5,5,0.1,0.95,0.0,default,100,3.0,8,1,1,0,0,,
map_medium_123_491d0f17,map_medium,eval,7,123,medium,5,5,0.1,0.95,0.0,default,100,3.0,8,1,1,0,0,,
map_medium_123_491d0f17,map_medium,eval,8,123,medium,5,5,0.1,0.95,0.0,default,100,3.0,8,1,1,0,0,,
map_medium_123_491d0f17,map_medium,eval,9,123,medium,5,5,0.1,0.95,0.0,default,100,3.0,8,1,1,0,0,,
map_medium_123_491d0f17,map_medium,eval,10,123,medium,5,5,0.1,0.95,0.0,default,100,3.0,8,1,1,0,0,,
map_medium_123_491d0f17,map_medium,eval,1,123,medium,5,5,0.1,0.95,0.0,default,100,3.0,8,1,1,0,0,,
map_medium_123_491d0f17,map_medium,eval,2,123,medium,5,5,0.1,0.95,0.0,default,100,3.0,8,1,1,0,0,,
map_medium_123_491d0f17,map_medium,eval,3,123,medium,5,5,0.1,0.95,0.0,default,100,3.0,8,1,1,0,0,,
map_medium_123_491d0f17,map_medium,eval,4,123,medium,5,5,0.1,0.95,0.0,default,100,3.0,8,1,1,0,0,,
map_medium_123_491d0f17,map_medium,eval,5,123,medium,5,5,0.1,0.95,0.0,default,100,3.0,8,1,1,0,0,,
map_medium_123_491d0f17,map_medium,eval,6,123,medium,5,5,0.1,0.95,0.0,default,100,3.0,8,1,1,0,0,,
map_medium_123_491d0f17,map_medium,eval,7,123,medium,5,5,0.1,0.95,0.0,default,100,3.0,8,1,1,0,0,,
map_medium_123_491d0f17,map_medium,eval,8,123,medium,5,5,0.1,0.95,0.0,default,100,3.0,8,1,1,0,0,,
map_medium_123_491d0f17,map_medium,eval,9,123,medium,5,5,0.1,0.95,0.0,default,100,3.0,8,1,1,0,0,,
map_medium_123_491d0f17,map_medium,eval,10,123,medium,5,5,0.1,0.95,0.0,default,100,3.0,8,1,1,0,0,,
map_medium_123_491d0f17,map_medium,eval,1,123,medium,5,5,0.1,0.95,0.0,default,100,3.0,8,1,1,0,0,,
map_medium_123_491d0f17,map_medium,eval,2,123,medium,5,5,0.1,0.95,0.0,default,100,3.0,8,1,1,0,0,,
map_medium_123_491d0f17,map_medium,eval,3,123,medium,5,5,0.1,0.95,0.0,default,100,3.0,8,1,1,0,0,,
map_medium_123_491d0f17,map_medium,eval,4,123,medium,5,5,0.1,0.95,0.0,default,100,3.0,8,1,1,0,0,,
map_medium_123_491d0f17,map_medium,eval,5,123,medium,5,5,0.1,0.95,0.0,default,100,3.0,8,1,1,0,0,,
map_medium_123_491d0f17,map_medium,eval,6,123,medium,5,5,0.1,0.95,0.0,default,100,3.0,8,1,1,0,0,,
map_medium_123_491d0f17,map_medium,eval,7,123,medium,5,5,0.1,0.95,0.0,default,100,3.0,8,1,1,0,0,,
map_medium_123_491d0f17,map_medium,eval,8,123,medium,5,5,0.1,0.95,0.0,default,100,3.0,8,1,1,0,0,,
map_medium_123_491d0f17,map_medium,eval,9,123,medium,5,5,0.1,0.95,0.0,default,100,3.0,8,1,1,0,0,,
map_medium_123_491d0f17,map_medium,eval,10,123,medium,5,5,0.1,0.95,0.0,default,100,3.0,8,1,1,0,0,,
map_medium_123_491d0f17,map_medium,eval,1,123,medium,5,5,0.1,0.95,0.0,default,100,3.0,8,1,1,0,0,,
map_medium_123_491d0f17,map_medium,eval,2,123,medium,5,5,0.1,0.95,0.0,default,100,3.0,8,1,1,0,0,,
map_medium_123_491d0f17,map_medium,eval,3,123,medium,5,5,0.1,0.95,0.0,default,100,3.0,8,1,1,0,0,,
map_medium_123_491d0f17,map_medium,eval,4,123,medium,5,5,0.1,0.95,0.0,default,100,3.0,8,1,1,0,0,,
map_medium_123_491d0f17,map_medium,eval,5,123,medium,5,5,0.1,0.95,0.0,default,100,3.0,8,1,1,0,0,,
map_medium_123_491d0f17,map_medium,eval,6,123,medium,5,5,0.1,0.95,0.0,default,100,3.0,8,1,1,0,0,,
map_medium_123_491d0f17,map_medium,eval,7,123,medium,5,5,0.1,0.95,0.0,default,100,3.0,8,1,1,0,0,,
map_medium_123_491d0f17,map_medium,eval,8,123,medium,5,5,0.1,0.95,0.0,default,100,3.0,8,1,1,0,0,,
map_medium_123_491d0f17,map_medium,eval,9,123,medium,5,5,0.1,0.95,0.0,default,100,3.0,8,1,1,0,0,,
map_medium_123_491d0f17,map_medium,eval,10,123,medium,5,5,0.1,0.95,0.0,default,100,3.0,8,1,1,0,0,,
map_medium_123_491d0f17,map_medium,eval,1,123,medium,5,5,0.1,0.95,0.0,default,100,3.0,8,1,1,0,0,,
map_medium_123_491d0f17,map_medium,eval,2,123,medium,5,5,0.1,0.95,0.0,default,100,3.0,8,1,1,0,0,,
map_medium_123_491d0f17,map_medium,eval,3,123,medium,5,5,0.1,0.95,0.0,default,100,3.0,8,1,1,0,0,,
map_medium_123_491d0f17,map_medium,eval,4,123,medium,5,5,0.1,0.95,0.0,default,100,3.0,8,1,1,0,0,,
map_medium_123_491d0f17,map_medium,eval,5,123,medium,5,5,0.1,0.95,0.0,default,100,3.0,8,1,1,0,0,,
map_medium_123_491d0f17,map_medium,eval,6,123,medium,5,5,0.1,0.95,0.0,default,100,3.0,8,1,1,0,0,,
map_medium_123_491d0f17,map_medium,eval,7,123,medium,5,5,0.1,0.95,0.0,default,100,3.0,8,1,1,0,0,,
map_medium_123_491d0f17,map_medium,eval,8,123,medium,5,5,0.1,0.95,0.0,default,100,3.0,8,1,1,0,0,,
map_medium_123_491d0f17,map_medium,eval,9,123,medium,5,5,0.1,0.95,0.0,default,100,3.0,8,1,1,0,0,,
map_medium_123_491d0f17,map_medium,eval,10,123,medium,5,5,0.1,0.95,0.0,default,100,3.0,8,1,1,0,0,,
map_medium_123_491d0f17,map_medium,eval,1,123,medium,5,5,0.1,0.95,0.0,default,100,3.0,8,1,1,0,0,,
map_medium_123_491d0f17,map_medium,eval,2,123,medium,5,5,0.1,0.95,0.0,default,100,3.0,8,1,1,0,0,,
map_medium_123_491d0f17,map_medium,eval,3,123,medium,5,5,0.1,0.95,0.0,default,100,3.0,8,1,1,0,0,,
map_medium_123_491d0f17,map_medium,eval,4,123,medium,5,5,0.1,0.95,0.0,default,100,3.0,8,1,1,0,0,,
map_medium_123_491d0f17,map_medium,eval,5,123,medium,5,5,0.1,0.95,0.0,default,100,3.0,8,1,1,0,0,,
map_medium_123_491d0f17,map_medium,eval,6,123,medium,5,5,0.1,0.95,0.0,default,100,3.0,8,1,1,0,0,,
map_medium_123_491d0f17,map_medium,eval,7,123,medium,5,5,0.1,0.95,0.0,default,100,3.0,8,1,1,0,0,,
map_medium_123_491d0f17,map_medium,eval,8,123,medium,5,5,0.1,0.95,0.0,default,100,3.0,8,1,1,0,0,,
map_medium_123_491d0f17,map_medium,eval,9,123,medium,5,5,0.1,0.95,0.0,default,100,3.0,8,1,1,0,0,,
map_medium_123_491d0f17,map_medium,eval,10,123,medium,5,5,0.1,0.95,0.0,default,100,3.0,8,1,1,0,0,,
map_medium_123_491d0f17,map_medium,eval,1,123,medium,5,5,0.1,0.95,0.0,default,100,3.0,8,1,1,0,0,,
map_medium_123_491d0f17,map_medium,eval,2,123,medium,5,5,0.1,0.95,0.0,default,100,3.0,8,1,1,0,0,,
map_medium_123_491d0f17,map_medium,eval,3,123,medium,5,5,0.1,0.95,0.0,default,100,3.0,8,1,1,0,0,,
map_medium_123_491d0f17,map_medium,eval,4,123,medium,5,5,0.1,0.95,0.0,default,100,3.0,8,1,1,0,0,,
map_medium_123_491d0f17,map_medium,eval,5,123,medium,5,5,0.1,0.95,0.0,default,100,3.0,8,1,1,0,0,,
map_medium_123_491d0f17,map_medium,eval,6,123,medium,5,5,0.1,0.95,0.0,default,100,3.0,8,1,1,0,0,,
map_medium_123_491d0f17,map_medium,eval,7,123,medium,5,5,0.1,0.95,0.0,default,100,3.0,8,1,1,0,0,,
map_medium_123_491d0f17,map_medium,eval,8,123,medium,5,5,0.1,0.95,0.0,default,100,3.0,8,1,1,0,0,,
map_medium_123_491d0f17,map_medium,eval,9,123,medium,5,5,0.1,0.95,0.0,default,100,3.0,8,1,1,0,0,,
map_medium_123_491d0f17,map_medium,eval,10,123,medium,5,5,0.1,0.95,0.0,default,100,3.0,8,1,1,0,0,,
map_medium_123_491d0f17,map_medium,eval,1,123,medium,5,5,0.1,0.95,0.0,default,100,3.0,8,1,1,0,0,,
map_medium_123_491d0f17,map_medium,eval,2,123,medium,5,5,0.1,0.95,0.0,default,100,3.0,8,1,1,0,0,,
map_medium_123_491d0f17,map_medium,eval,3,123,medium,5,5,0.1,0.95,0.0,default,100,3.0,8,1,1,0,0,,
map_medium_123_491d0f17,map_medium,eval,4,123,medium,5,5,0.1,0.95,0.0,default,100,3.0,8,1,1,0,0,,
map_medium_123_491d0f17,map_medium,eval,5,123,medium,5,5,0.1,0.95,0.0,default,100,3.0,8,1,1,0,0,,
map_medium_123_491d0f17,map_medium,eval,6,123,medium,5,5,0.1,0.95,0.0,default,100,3.0,8,1,1,0,0,,
map_medium_123_491d0f17,map_medium,eval,7,123,medium,5,5,0.1,0.95,0.0,default,100,3.0,8,1,1,0,0,,
map_medium_123_491d0f17,map_medium,eval,8,123,medium,5,5,0.1,0.95,0.0,default,100,3.0,8,1,1,0,0,,
map_medium_123_491d0f17,map_medium,eval,9,123,medium,5,5,0.1,0.95,0.0,default,100,3.0,8,1,1,0,0,,
map_medium_123_491d0f17,map_medium,eval,10,123,medium,5,5,0.1,0.95,0.0,default,100,3.0,8,1,1,0,0,,
map_medium_123_491d0f17,map_medium,eval,1,123,medium,5,5,0.1,0.95,0.0,default,100,3.0,8,1,1,0,0,,
map_medium_123_491d0f17,map_medium,eval,2,123,medium,5,5,0.1,0.95,0.0,default,100,3.0,8,1,1,0,0,,
map_medium_123_491d0f17,map_medium,eval,3,123,medium,5,5,0.1,0.95,0.0,default,100,3.0,8,1,1,0,0,,
map_medium_123_491d0f17,map_medium,eval,4,123,medium,5,5,0.1,0.95,0.0,default,100,3.0,8,1,1,0,0,,
map_medium_123_491d0f17,map_medium,eval,5,123,medium,5,5,0.1,0.95,0.0,default,100,3.0,8,1,1,0,0,,
map_medium_123_491d0f17,map_medium,eval,6,123,medium,5,5,0.1,0.95,0.0,default,100,3.0,8,1,1,0,0,,
map_medium_123_491d0f17,map_medium,eval,7,123,medium,5,5,0.1,0.95,0.0,default,100,3.0,8,1,1,0,0,,
map_medium_123_491d0f17,map_medium,eval,8,123,medium,5,5,0.1,0.95,0.0,default,100,3.0,8,1,1,0,0,,
map_medium_123_491d0f17,map_medium,eval,9,123,medium,5,5,0.1,0.95,0.0,default,100,3.0,8,1,1,0,0,,
map_medium_123_491d0f17,map_medium,eval,10,123,medium,5,5,0.1,0.95,0.0,default,100,3.0,8,1,1,0,0,,
map_medium_123_491d0f17,map_medium,eval,1,123,medium,5,5,0.1,0.95,0.0,default,100,3.0,8,1,1,0,0,,
map_medium_123_491d0f17,map_medium,eval,2,123,medium,5,5,0.1,0.95,0.0,default,100,3.0,8,1,1,0,0,,
map_medium_123_491d0f17,map_medium,eval,3,123,medium,5,5,0.1,0.95,0.0,default,100,3.0,8,1,1,0,0,,
map_medium_123_491d0f17,map_medium,eval,4,123,medium,5,5,0.1,0.95,0.0,default,100,3.0,8,1,1,0,0,,
map_medium_123_491d0f17,map_medium,eval,5,123,medium,5,5,0.1,0.95,0.0,default,100,3.0,8,1,1,0,0,,
map_medium_123_491d0f17,map_medium,eval,6,123,medium,5,5,0.1,0.95,0.0,default,100,3.0,8,1,1,0,0,,
map_medium_123_491d0f17,map_medium,eval,7,123,medium,5,5,0.1,0.95,0.0,default,100,3.0,8,1,1,0,0,,
map_medium_123_491d0f17,map_medium,eval,8,123,medium,5,5,0.1,0.95,0.0,default,100,3.0,8,1,1,0,0,,
map_medium_123_491d0f17,map_medium,eval,9,123,medium,5,5,0.1,0.95,0.0,default,100,3.0,8,1,1,0,0,,
map_medium_123_491d0f17,map_medium,eval,10,123,medium,5,5,0.1,0.95,0.0,default,100,3.0,8,1,1,0,0,,
map_medium_123_491d0f17,map_medium,eval,1,123,medium,5,5,0.1,0.95,0.0,default,100,3.0,8,1,1,0,0,,
map_medium_123_491d0f17,map_medium,eval,2,123,medium,5,5,0.1,0.95,0.0,default,100,3.0,8,1,1,0,0,,
map_medium_123_491d0f17,map_medium,eval,3,123,medium,5,5,0.1,0.95,0.0,default,100,3.0,8,1,1,0,0,,
map_medium_123_491d0f17,map_medium,eval,4,123,medium,5,5,0.1,0.95,0.0,default,100,3.0,8,1,1,0,0,,
map_medium_123_491d0f17,map_medium,eval,5,123,medium,5,5,0.1,0.95,0.0,default,100,3.0,8,1,1,0,0,,
map_medium_123_491d0f17,map_medium,eval,6,123,medium,5,5,0.1,0.95,0.0,default,100,3.0,8,1,1,0,0,,
map_medium_123_491d0f17,map_medium,eval,7,123,medium,5,5,0.1,0.95,0.0,default,100,3.0,8,1,1,0,0,,
map_medium_123_491d0f17,map_medium,eval,8,123,medium,5,5,0.1,0.95,0.0,default,100,3.0,8,1,1,0,0,,
map_medium_123_491d0f17,map_medium,eval,9,123,medium,5,5,0.1,0.95,0.0,default,100,3.0,8,1,1,0,0,,
map_medium_123_491d0f17,map_medium,eval,10,123,medium,5,5,0.1,0.95,0.0,default,100,3.0,8,1,1,0,0,,
map_medium_123_491d0f17,map_medium,eval,1,123,medium,5,5,0.1,0.95,0.0,default,100,3.0,8,1,1,0,0,,
map_medium_123_491d0f17,map_medium,eval,2,123,medium,5,5,0.1,0.95,0.0,default,100,3.0,8,1,1,0,0,,
map_medium_123_491d0f17,map_medium,eval,3,123,medium,5,5,0.1,0.95,0.0,default,100,3.0,8,1,1,0,0,,
map_medium_123_491d0f17,map_medium,eval,4,123,medium,5,5,0.1,0.95,0.0,default,100,3.0,8,1,1,0,0,,
map_medium_123_491d0f17,map_medium,eval,5,123,medium,5,5,0.1,0.95,0.0,default,100,3.0,8,1,1,0,0,,
map_medium_123_491d0f17,map_medium,eval,6,123,medium,5,5,0.1,0.95,0.0,default,100,3.0,8,1,1,0,0,,
map_medium_123_491d0f17,map_medium,eval,7,123,medium,5,5,0.1,0.95,0.0,default,100,3.0,8,1,1,0,0,,
map_medium_123_491d0f17,map_medium,eval,8,123,medium,5,5,0.1,0.95,0.0,default,100,3.0,8,1,1,0,0,,
map_medium_123_491d0f17,map_medium,eval,9,123,medium,5,5,0.1,0.95,0.0,default,100,3.0,8,1,1,0,0,,
map_medium_123_491d0f17,map_medium,eval,10,123,medium,5,5,0.1,0.95,0.0,default,100,3.0,8,1,1,0,0,,
