run_id,exp_name,algorithm,phase,episode,seed,map_name,rows,cols,alpha,gamma,epsilon,reward_setting,max_steps,total_reward,steps,success,terminated,truncated,hit_trap,elapsed_sec,qtable_path
trap_penalty_q_learning_5_q_learning_123_e176afe3,trap_penalty_q_learning_5,q_learning,train,1,123,risk,5,5,0.1,0.9,0.995,default,100,-10.799999999999999,14,0,1,0,1,0.0009290880000207835,
trap_penalty_q_learning_5_q_learning_123_e176afe3,trap_penalty_q_learning_5,q_learning,train,2,123,risk,5,5,0.1,0.9,0.990025,default,100,-7.4,7,0,1,0,1,0.0004874109999946086,
trap_penalty_q_learning_5_q_learning_123_e176afe3,trap_penalty_q_learning_5,q_learning,train,3,123,risk,5,5,0.1,0.9,0.985074875,default,100,-22.100000000000037,79,1,1,0,0,0.0036724000001413515,
trap_penalty_q_learning_5_q_learning_123_e176afe3,trap_penalty_q_learning_5,q_learning,train,4,123,risk,5,5,0.1,0.9,0.9801495006250001,default,100,1.3000000000000025,16,1,1,0,0,0.0008534030000646453,
trap_penalty_q_learning_5_q_learning_123_e176afe3,trap_penalty_q_learning_5,q_learning,train,5,123,risk,5,5,0.1,0.9,0.9752487531218751,default,100,-5.899999999999995,34,1,1,0,0,0.00205281700004889,
trap_penalty_q_learning_5_q_learning_123_e176afe3,trap_penalty_q_learning_5,q_learning,train,6,123,risk,5,5,0.1,0.9,0.9703725093562657,default,100,-46.000000000000064,100,0,0,1,0,0.0047404459999143,
trap_penalty_q_learning_5_q_learning_123_e176afe3,trap_penalty_q_learning_5,q_learning,train,7,123,risk,5,5,0.1,0.9,0.9655206468094844,default,100,3.1000000000000014,16,1,1,0,0,0.0008725229999981821,
trap_penalty_q_learning_5_q_learning_123_e176afe3,trap_penalty_q_learning_5,q_learning,train,8,123,risk,5,5,0.1,0.9,0.960693043575437,default,100,-17.4,26,0,1,0,1,0.0012802999999621534,
trap_penalty_q_learning_5_q_learning_123_e176afe3,trap_penalty_q_learning_5,q_learning,train,9,123,risk,5,5,0.1,0.9,0.9558895783575597,default,100,-46.00000000000005,100,0,0,1,0,0.005313878999913868,
trap_penalty_q_learning_5_q_learning_123_e176afe3,trap_penalty_q_learning_5,q_learning,train,10,123,risk,5,5,0.1,0.9,0.9511101304657719,default,100,-37.00000000000006,100,0,0,1,0,0.004910921000146118,
trap_penalty_q_learning_5_q_learning_123_e176afe3,trap_penalty_q_learning_5,q_learning,train,11,123,risk,5,5,0.1,0.9,0.946354579813443,default,100,-3.899999999999995,32,1,1,0,0,0.0017382930000167107,
trap_penalty_q_learning_5_q_learning_123_e176afe3,trap_penalty_q_learning_5,q_learning,train,12,123,risk,5,5,0.1,0.9,0.9416228069143757,default,100,-13.399999999999999,13,0,1,0,1,0.0007167539999954897,
trap_penalty_q_learning_5_q_learning_123_e176afe3,trap_penalty_q_learning_5,q_learning,train,13,123,risk,5,5,0.1,0.9,0.9369146928798039,default,100,-2.0999999999999908,41,1,1,0,0,0.002294489999940197,
trap_penalty_q_learning_5_q_learning_123_e176afe3,trap_penalty_q_learning_5,q_learning,train,14,123,risk,5,5,0.1,0.9,0.9322301194154049,default,100,6.699999999999999,7,1,1,0,0,0.00044880799987367936,
trap_penalty_q_learning_5_q_learning_123_e176afe3,trap_penalty_q_learning_5,q_learning,train,15,123,risk,5,5,0.1,0.9,0.9275689688183278,default,100,-17.4,17,0,1,0,1,0.000888462000148138,
trap_penalty_q_learning_5_q_learning_123_e176afe3,trap_penalty_q_learning_5,q_learning,train,16,123,risk,5,5,0.1,0.9,0.9229311239742362,default,100,-23.900000000000034,88,1,1,0,0,0.004798531999995248,
trap_penalty_q_learning_5_q_learning_123_e176afe3,trap_penalty_q_learning_5,q_learning,train,17,123,risk,5,5,0.1,0.9,0.918316468354365,default,100,4.700000000000001,9,1,1,0,0,0.0007884999999987485,
trap_penalty_q_learning_5_q_learning_123_e176afe3,trap_penalty_q_learning_5,q_learning,train,18,123,risk,5,5,0.1,0.9,0.9137248860125932,default,100,-9.6,11,0,1,0,1,0.0008186539998860098,
trap_penalty_q_learning_5_q_learning_123_e176afe3,trap_penalty_q_learning_5,q_learning,train,19,123,risk,5,5,0.1,0.9,0.9091562615825302,default,100,-11.199999999999998,18,0,1,0,1,0.0011055779998514481,
trap_penalty_q_learning_5_q_learning_123_e176afe3,trap_penalty_q_learning_5,q_learning,train,20,123,risk,5,5,0.1,0.9,0.9046104802746175,default,100,-8.8,12,0,1,0,1,0.0008463659999051742,
trap_penalty_q_learning_5_q_learning_123_e176afe3,trap_penalty_q_learning_5,q_learning,train,21,123,risk,5,5,0.1,0.9,0.9000874278732445,default,100,7.5,8,1,1,0,0,0.0006096650001836679,
trap_penalty_q_learning_5_q_learning_123_e176afe3,trap_penalty_q_learning_5,q_learning,train,22,123,risk,5,5,0.1,0.9,0.8955869907338783,default,100,-2.6999999999999993,20,1,1,0,0,0.0011965710000367835,
trap_penalty_q_learning_5_q_learning_123_e176afe3,trap_penalty_q_learning_5,q_learning,train,23,123,risk,5,5,0.1,0.9,0.8911090557802088,default,100,-7.700000000000003,25,1,1,0,0,0.0013417340001069533,
trap_penalty_q_learning_5_q_learning_123_e176afe3,trap_penalty_q_learning_5,q_learning,train,24,123,risk,5,5,0.1,0.9,0.8866535105013078,default,100,-6.2,4,0,1,0,1,0.00031906699996397947,
trap_penalty_q_learning_5_q_learning_123_e176afe3,trap_penalty_q_learning_5,q_learning,train,25,123,risk,5,5,0.1,0.9,0.8822202429488013,default,100,-5.2,3,0,1,0,1,0.00037202399994384905,
trap_penalty_q_learning_5_q_learning_123_e176afe3,trap_penalty_q_learning_5,q_learning,train,26,123,risk,5,5,0.1,0.9,0.8778091417340573,default,100,0.6999999999999993,13,1,1,0,0,0.0008166630000232544,
trap_penalty_q_learning_5_q_learning_123_e176afe3,trap_penalty_q_learning_5,q_learning,train,27,123,risk,5,5,0.1,0.9,0.8734200960253871,default,100,4.500000000000001,11,1,1,0,0,0.0008657619998757582,
trap_penalty_q_learning_5_q_learning_123_e176afe3,trap_penalty_q_learning_5,q_learning,train,28,123,risk,5,5,0.1,0.9,0.8690529955452602,default,100,-18.0,23,0,1,0,1,0.0014043129999663506,
trap_penalty_q_learning_5_q_learning_123_e176afe3,trap_penalty_q_learning_5,q_learning,train,29,123,risk,5,5,0.1,0.9,0.8647077305675338,default,100,-24.999999999999996,48,0,1,0,1,0.002648135999834267,
trap_penalty_q_learning_5_q_learning_123_e176afe3,trap_penalty_q_learning_5,q_learning,train,30,123,risk,5,5,0.1,0.9,0.8603841919146962,default,100,4.5,11,1,1,0,0,0.0007986409998466115,
trap_penalty_q_learning_5_q_learning_123_e176afe3,trap_penalty_q_learning_5,q_learning,train,31,123,risk,5,5,0.1,0.9,0.8560822709551227,default,100,-5.2,3,0,1,0,1,0.00034124700005122577,
trap_penalty_q_learning_5_q_learning_123_e176afe3,trap_penalty_q_learning_5,q_learning,train,32,123,risk,5,5,0.1,0.9,0.851801859600347,default,100,2.3,15,1,1,0,0,0.0010671649999949295,
trap_penalty_q_learning_5_q_learning_123_e176afe3,trap_penalty_q_learning_5,q_learning,train,33,123,risk,5,5,0.1,0.9,0.8475428503023453,default,100,7.299999999999999,10,1,1,0,0,0.000825859000087803,
trap_penalty_q_learning_5_q_learning_123_e176afe3,trap_penalty_q_learning_5,q_learning,train,34,123,risk,5,5,0.1,0.9,0.8433051360508336,default,100,-6.499999999999993,49,1,1,0,0,0.002744888000052015,
trap_penalty_q_learning_5_q_learning_123_e176afe3,trap_penalty_q_learning_5,q_learning,train,35,123,risk,5,5,0.1,0.9,0.8390886103705794,default,100,-8.2,6,0,1,0,1,0.0005002329999115318,
trap_penalty_q_learning_5_q_learning_123_e176afe3,trap_penalty_q_learning_5,q_learning,train,36,123,risk,5,5,0.1,0.9,0.8348931673187264,default,100,3.700000000000001,10,1,1,0,0,0.0007495810000364145,
trap_penalty_q_learning_5_q_learning_123_e176afe3,trap_penalty_q_learning_5,q_learning,train,37,123,risk,5,5,0.1,0.9,0.8307187014821328,default,100,6.5,9,1,1,0,0,0.0006923619998815411,
trap_penalty_q_learning_5_q_learning_123_e176afe3,trap_penalty_q_learning_5,q_learning,train,38,123,risk,5,5,0.1,0.9,0.8265651079747222,default,100,-5.499999999999993,39,1,1,0,0,0.0023168980001173622,
trap_penalty_q_learning_5_q_learning_123_e176afe3,trap_penalty_q_learning_5,q_learning,train,39,123,risk,5,5,0.1,0.9,0.8224322824348486,default,100,-15.3,65,1,1,0,0,0.0038638530002117477,
trap_penalty_q_learning_5_q_learning_123_e176afe3,trap_penalty_q_learning_5,q_learning,train,40,123,risk,5,5,0.1,0.9,0.8183201210226743,default,100,-10.0,15,0,1,0,1,0.0010975329998927918,
trap_penalty_q_learning_5_q_learning_123_e176afe3,trap_penalty_q_learning_5,q_learning,train,41,123,risk,5,5,0.1,0.9,0.8142285204175609,default,100,6.699999999999999,7,1,1,0,0,0.00045992500008651405,
trap_penalty_q_learning_5_q_learning_123_e176afe3,trap_penalty_q_learning_5,q_learning,train,42,123,risk,5,5,0.1,0.9,0.810157377815473,default,100,-9.4,9,0,1,0,1,0.0007115779999367078,
trap_penalty_q_learning_5_q_learning_123_e176afe3,trap_penalty_q_learning_5,q_learning,train,43,123,risk,5,5,0.1,0.9,0.8061065909263957,default,100,-10.6,12,0,1,0,1,0.0009534139999232139,
trap_penalty_q_learning_5_q_learning_123_e176afe3,trap_penalty_q_learning_5,q_learning,train,44,123,risk,5,5,0.1,0.9,0.8020760579717637,default,100,2.9000000000000012,18,1,1,0,0,0.0012600919999385951,
trap_penalty_q_learning_5_q_learning_123_e176afe3,trap_penalty_q_learning_5,q_learning,train,45,123,risk,5,5,0.1,0.9,0.798065677681905,default,100,-16.90000000000001,63,1,1,0,0,0.003917600999784554,
trap_penalty_q_learning_5_q_learning_123_e176afe3,trap_penalty_q_learning_5,q_learning,train,46,123,risk,5,5,0.1,0.9,0.7940753492934954,default,100,-6.2,4,0,1,0,1,0.0003981120000844385,
trap_penalty_q_learning_5_q_learning_123_e176afe3,trap_penalty_q_learning_5,q_learning,train,47,123,risk,5,5,0.1,0.9,0.7901049725470279,default,100,-12.799999999999999,16,0,1,0,1,0.0010915320001458895,
trap_penalty_q_learning_5_q_learning_123_e176afe3,trap_penalty_q_learning_5,q_learning,train,48,123,risk,5,5,0.1,0.9,0.7861544476842928,default,100,-13.4,13,0,1,0,1,0.000920408999945721,
trap_penalty_q_learning_5_q_learning_123_e176afe3,trap_penalty_q_learning_5,q_learning,train,49,123,risk,5,5,0.1,0.9,0.7822236754458713,default,100,-0.29999999999999716,23,1,1,0,0,0.0014957020000565535,
trap_penalty_q_learning_5_q_learning_123_e176afe3,trap_penalty_q_learning_5,q_learning,train,50,123,risk,5,5,0.1,0.9,0.778312557068642,default,100,-14.799999999999995,27,0,1,0,1,0.0017327739999473124,
trap_penalty_q_learning_5_q_learning_123_e176afe3,trap_penalty_q_learning_5,q_learning,train,51,123,risk,5,5,0.1,0.9,0.7744209942832988,default,100,-8.2,6,0,1,0,1,0.000521114000093803,
trap_penalty_q_learning_5_q_learning_123_e176afe3,trap_penalty_q_learning_5,q_learning,train,52,123,risk,5,5,0.1,0.9,0.7705488893118823,default,100,7.299999999999999,10,1,1,0,0,0.0007537569999840343,
trap_penalty_q_learning_5_q_learning_123_e176afe3,trap_penalty_q_learning_5,q_learning,train,53,123,risk,5,5,0.1,0.9,0.7666961448653229,default,100,8.5,7,1,1,0,0,0.0005203680000249733,
trap_penalty_q_learning_5_q_learning_123_e176afe3,trap_penalty_q_learning_5,q_learning,train,54,123,risk,5,5,0.1,0.9,0.7628626641409962,default,100,9.5,6,1,1,0,0,0.0004838439999730326,
trap_penalty_q_learning_5_q_learning_123_e176afe3,trap_penalty_q_learning_5,q_learning,train,55,123,risk,5,5,0.1,0.9,0.7590483508202912,default,100,9.7,4,1,1,0,0,0.0005244220001259237,
trap_penalty_q_learning_5_q_learning_123_e176afe3,trap_penalty_q_learning_5,q_learning,train,56,123,risk,5,5,0.1,0.9,0.7552531090661897,default,100,2.3,15,1,1,0,0,0.0011891890001152206,
trap_penalty_q_learning_5_q_learning_123_e176afe3,trap_penalty_q_learning_5,q_learning,train,57,123,risk,5,5,0.1,0.9,0.7514768435208588,default,100,8.7,5,1,1,0,0,0.0004722430001038447,
trap_penalty_q_learning_5_q_learning_123_e176afe3,trap_penalty_q_learning_5,q_learning,train,58,123,risk,5,5,0.1,0.9,0.7477194593032545,default,100,-12.999999999999996,18,0,1,0,1,0.001265811999928701,
trap_penalty_q_learning_5_q_learning_123_e176afe3,trap_penalty_q_learning_5,q_learning,train,59,123,risk,5,5,0.1,0.9,0.7439808620067382,default,100,-5.4999999999999964,30,1,1,0,0,0.001890776999971422,
trap_penalty_q_learning_5_q_learning_123_e176afe3,trap_penalty_q_learning_5,q_learning,train,60,123,risk,5,5,0.1,0.9,0.7402609576967045,default,100,-5.2,3,0,1,0,1,0.00027721699984795123,
trap_penalty_q_learning_5_q_learning_123_e176afe3,trap_penalty_q_learning_5,q_learning,train,61,123,risk,5,5,0.1,0.9,0.736559652908221,default,100,3.8999999999999995,17,1,1,0,0,0.0012208139999074774,
trap_penalty_q_learning_5_q_learning_123_e176afe3,trap_penalty_q_learning_5,q_learning,train,62,123,risk,5,5,0.1,0.9,0.7328768546436799,default,100,8.7,5,1,1,0,0,0.0003633779999745457,
trap_penalty_q_learning_5_q_learning_123_e176afe3,trap_penalty_q_learning_5,q_learning,train,63,123,risk,5,5,0.1,0.9,0.7292124703704616,default,100,-6.4,6,0,1,0,1,0.00038491500004056434,
trap_penalty_q_learning_5_q_learning_123_e176afe3,trap_penalty_q_learning_5,q_learning,train,64,123,risk,5,5,0.1,0.9,0.7255664080186093,default,100,-8.2,6,0,1,0,1,0.00037626300013471337,
trap_penalty_q_learning_5_q_learning_123_e176afe3,trap_penalty_q_learning_5,q_learning,train,65,123,risk,5,5,0.1,0.9,0.7219385759785162,default,100,3.1000000000000014,16,1,1,0,0,0.0012784819998614694,
trap_penalty_q_learning_5_q_learning_123_e176afe3,trap_penalty_q_learning_5,q_learning,train,66,123,risk,5,5,0.1,0.9,0.7183288830986236,default,100,6.299999999999999,11,1,1,0,0,0.0009349009999368718,
trap_penalty_q_learning_5_q_learning_123_e176afe3,trap_penalty_q_learning_5,q_learning,train,67,123,risk,5,5,0.1,0.9,0.7147372386831305,default,100,6.5,9,1,1,0,0,0.0007510179998462263,
trap_penalty_q_learning_5_q_learning_123_e176afe3,trap_penalty_q_learning_5,q_learning,train,68,123,risk,5,5,0.1,0.9,0.7111635524897149,default,100,3.900000000000002,17,1,1,0,0,0.0012044489999425423,
trap_penalty_q_learning_5_q_learning_123_e176afe3,trap_penalty_q_learning_5,q_learning,train,69,123,risk,5,5,0.1,0.9,0.7076077347272662,default,100,5.1,14,1,1,0,0,0.0010197310000421567,
trap_penalty_q_learning_5_q_learning_123_e176afe3,trap_penalty_q_learning_5,q_learning,train,70,123,risk,5,5,0.1,0.9,0.7040696960536299,default,100,5.299999999999999,12,1,1,0,0,0.0009110510000027716,
trap_penalty_q_learning_5_q_learning_123_e176afe3,trap_penalty_q_learning_5,q_learning,train,71,123,risk,5,5,0.1,0.9,0.7005493475733617,default,100,-6.6000000000000005,8,0,1,0,1,0.000636060999795518,
trap_penalty_q_learning_5_q_learning_123_e176afe3,trap_penalty_q_learning_5,q_learning,train,72,123,risk,5,5,0.1,0.9,0.697046600835495,default,100,6.7,7,1,1,0,0,0.0007432590000462369,
trap_penalty_q_learning_5_q_learning_123_e176afe3,trap_penalty_q_learning_5,q_learning,train,73,123,risk,5,5,0.1,0.9,0.6935613678313175,default,100,5.699999999999999,8,1,1,0,0,0.0007961969999996654,
trap_penalty_q_learning_5_q_learning_123_e176afe3,trap_penalty_q_learning_5,q_learning,train,74,123,risk,5,5,0.1,0.9,0.6900935609921609,default,100,8.3,9,1,1,0,0,0.0008074649999798567,
trap_penalty_q_learning_5_q_learning_123_e176afe3,trap_penalty_q_learning_5,q_learning,train,75,123,risk,5,5,0.1,0.9,0.6866430931872001,default,100,7.7,6,1,1,0,0,0.0004755459999614686,
trap_penalty_q_learning_5_q_learning_123_e176afe3,trap_penalty_q_learning_5,q_learning,train,76,123,risk,5,5,0.1,0.9,0.6832098777212641,default,100,5.7,17,1,1,0,0,0.0013520009999865579,
trap_penalty_q_learning_5_q_learning_123_e176afe3,trap_penalty_q_learning_5,q_learning,train,77,123,risk,5,5,0.1,0.9,0.6797938283326578,default,100,-12.799999999999999,16,0,1,0,1,0.001003357999934451,
trap_penalty_q_learning_5_q_learning_123_e176afe3,trap_penalty_q_learning_5,q_learning,train,78,123,risk,5,5,0.1,0.9,0.6763948591909945,default,100,6.699999999999999,7,1,1,0,0,0.0006685780001589592,
trap_penalty_q_learning_5_q_learning_123_e176afe3,trap_penalty_q_learning_5,q_learning,train,79,123,risk,5,5,0.1,0.9,0.6730128848950395,default,100,-9.600000000000001,11,0,1,0,1,0.0008018649998575711,
trap_penalty_q_learning_5_q_learning_123_e176afe3,trap_penalty_q_learning_5,q_learning,train,80,123,risk,5,5,0.1,0.9,0.6696478204705644,default,100,-6.4,6,0,1,0,1,0.0005680389999724866,
trap_penalty_q_learning_5_q_learning_123_e176afe3,trap_penalty_q_learning_5,q_learning,train,81,123,risk,5,5,0.1,0.9,0.6662995813682115,default,100,8.7,5,1,1,0,0,0.0005899140001019987,
trap_penalty_q_learning_5_q_learning_123_e176afe3,trap_penalty_q_learning_5,q_learning,train,82,123,risk,5,5,0.1,0.9,0.6629680834613705,default,100,5.300000000000002,12,1,1,0,0,0.0009444530001019302,
trap_penalty_q_learning_5_q_learning_123_e176afe3,trap_penalty_q_learning_5,q_learning,train,83,123,risk,5,5,0.1,0.9,0.6596532430440636,default,100,-2.4999999999999947,27,1,1,0,0,0.0019410669999615493,
trap_penalty_q_learning_5_q_learning_123_e176afe3,trap_penalty_q_learning_5,q_learning,train,84,123,risk,5,5,0.1,0.9,0.6563549768288433,default,100,8.7,5,1,1,0,0,0.000453580000112197,
trap_penalty_q_learning_5_q_learning_123_e176afe3,trap_penalty_q_learning_5,q_learning,train,85,123,risk,5,5,0.1,0.9,0.653073201944699,default,100,-5.2,3,0,1,0,1,0.0003432369999245566,
trap_penalty_q_learning_5_q_learning_123_e176afe3,trap_penalty_q_learning_5,q_learning,train,86,123,risk,5,5,0.1,0.9,0.6498078359349755,default,100,4.5,11,1,1,0,0,0.000888472000042384,
trap_penalty_q_learning_5_q_learning_123_e176afe3,trap_penalty_q_learning_5,q_learning,train,87,123,risk,5,5,0.1,0.9,0.6465587967553006,default,100,3.9000000000000004,17,1,1,0,0,0.0012297480000142968,
trap_penalty_q_learning_5_q_learning_123_e176afe3,trap_penalty_q_learning_5,q_learning,train,88,123,risk,5,5,0.1,0.9,0.6433260027715241,default,100,7.5,8,1,1,0,0,0.0007230129999697965,
trap_penalty_q_learning_5_q_learning_123_e176afe3,trap_penalty_q_learning_5,q_learning,train,89,123,risk,5,5,0.1,0.9,0.6401093727576664,default,100,6.5,9,1,1,0,0,0.0007947829999466194,
trap_penalty_q_learning_5_q_learning_123_e176afe3,trap_penalty_q_learning_5,q_learning,train,90,123,risk,5,5,0.1,0.9,0.6369088258938781,default,100,-8.4,8,0,1,0,1,0.0006487519999609503,
trap_penalty_q_learning_5_q_learning_123_e176afe3,trap_penalty_q_learning_5,q_learning,train,91,123,risk,5,5,0.1,0.9,0.6337242817644086,default,100,6.299999999999999,11,1,1,0,0,0.0008267139999134088,
trap_penalty_q_learning_5_q_learning_123_e176afe3,trap_penalty_q_learning_5,q_learning,train,92,123,risk,5,5,0.1,0.9,0.6305556603555866,default,100,8.7,5,1,1,0,0,0.0004646069999125757,
trap_penalty_q_learning_5_q_learning_123_e176afe3,trap_penalty_q_learning_5,q_learning,train,93,123,risk,5,5,0.1,0.9,0.6274028820538087,default,100,-6.2,4,0,1,0,1,0.0004494990000694088,
trap_penalty_q_learning_5_q_learning_123_e176afe3,trap_penalty_q_learning_5,q_learning,train,94,123,risk,5,5,0.1,0.9,0.6242658676435396,default,100,6.699999999999999,7,1,1,0,0,0.0006708119999530027,
trap_penalty_q_learning_5_q_learning_123_e176afe3,trap_penalty_q_learning_5,q_learning,train,95,123,risk,5,5,0.1,0.9,0.6211445383053219,default,100,4.500000000000002,20,1,1,0,0,0.0013619530000141822,
trap_penalty_q_learning_5_q_learning_123_e176afe3,trap_penalty_q_learning_5,q_learning,train,96,123,risk,5,5,0.1,0.9,0.6180388156137953,default,100,-5.4,5,0,1,0,1,0.0005094089999602147,
trap_penalty_q_learning_5_q_learning_123_e176afe3,trap_penalty_q_learning_5,q_learning,train,97,123,risk,5,5,0.1,0.9,0.6149486215357263,default,100,4.700000000000001,9,1,1,0,0,0.0008619330001238268,
trap_penalty_q_learning_5_q_learning_123_e176afe3,trap_penalty_q_learning_5,q_learning,train,98,123,risk,5,5,0.1,0.9,0.6118738784280476,default,100,0.7000000000000028,22,1,1,0,0,0.0014412729999548901,
trap_penalty_q_learning_5_q_learning_123_e176afe3,trap_penalty_q_learning_5,q_learning,train,99,123,risk,5,5,0.1,0.9,0.6088145090359074,default,100,5.1,14,1,1,0,0,0.0009594660000402655,
trap_penalty_q_learning_5_q_learning_123_e176afe3,trap_penalty_q_learning_5,q_learning,train,100,123,risk,5,5,0.1,0.9,0.6057704364907278,default,100,-5.2,3,0,1,0,1,0.00036654899986388045,
trap_penalty_q_learning_5_q_learning_123_e176afe3,trap_penalty_q_learning_5,q_learning,train,101,123,risk,5,5,0.1,0.9,0.6027415843082742,default,100,-5.2,3,0,1,0,1,0.00027704399985850614,
trap_penalty_q_learning_5_q_learning_123_e176afe3,trap_penalty_q_learning_5,q_learning,train,102,123,risk,5,5,0.1,0.9,0.5997278763867329,default,100,6.5,9,1,1,0,0,0.0009826699999848643,
trap_penalty_q_learning_5_q_learning_123_e176afe3,trap_penalty_q_learning_5,q_learning,train,103,123,risk,5,5,0.1,0.9,0.5967292370047992,default,100,5.500000000000002,10,1,1,0,0,0.0009505460000127641,
trap_penalty_q_learning_5_q_learning_123_e176afe3,trap_penalty_q_learning_5,q_learning,train,104,123,risk,5,5,0.1,0.9,0.5937455908197752,default,100,-6.2,4,0,1,0,1,0.00046231300007093523,
trap_penalty_q_learning_5_q_learning_123_e176afe3,trap_penalty_q_learning_5,q_learning,train,105,123,risk,5,5,0.1,0.9,0.5907768628656763,default,100,4.700000000000001,9,1,1,0,0,0.0007805569998708961,
trap_penalty_q_learning_5_q_learning_123_e176afe3,trap_penalty_q_learning_5,q_learning,train,106,123,risk,5,5,0.1,0.9,0.5878229785513479,default,100,8.7,5,1,1,0,0,0.0005830879999848548,
trap_penalty_q_learning_5_q_learning_123_e176afe3,trap_penalty_q_learning_5,q_learning,train,107,123,risk,5,5,0.1,0.9,0.5848838636585911,default,100,3.700000000000001,10,1,1,0,0,0.0008055890000377985,
trap_penalty_q_learning_5_q_learning_123_e176afe3,trap_penalty_q_learning_5,q_learning,train,108,123,risk,5,5,0.1,0.9,0.5819594443402982,default,100,7.5,8,1,1,0,0,0.0006324409998796909,
trap_penalty_q_learning_5_q_learning_123_e176afe3,trap_penalty_q_learning_5,q_learning,train,109,123,risk,5,5,0.1,0.9,0.5790496471185967,default,100,7.699999999999999,6,1,1,0,0,0.0006931420000455546,
trap_penalty_q_learning_5_q_learning_123_e176afe3,trap_penalty_q_learning_5,q_learning,train,110,123,risk,5,5,0.1,0.9,0.5761543988830038,default,100,-5.2,3,0,1,0,1,0.00042136699994443916,
trap_penalty_q_learning_5_q_learning_123_e176afe3,trap_penalty_q_learning_5,q_learning,train,111,123,risk,5,5,0.1,0.9,0.5732736268885887,default,100,8.7,5,1,1,0,0,0.000669367999989845,
trap_penalty_q_learning_5_q_learning_123_e176afe3,trap_penalty_q_learning_5,q_learning,train,112,123,risk,5,5,0.1,0.9,0.5704072587541458,default,100,-7.4,7,0,1,0,1,0.000688797000066188,
trap_penalty_q_learning_5_q_learning_123_e176afe3,trap_penalty_q_learning_5,q_learning,train,113,123,risk,5,5,0.1,0.9,0.567555222460375,default,100,-5.2,3,0,1,0,1,0.00040301299986822414,
trap_penalty_q_learning_5_q_learning_123_e176afe3,trap_penalty_q_learning_5,q_learning,train,114,123,risk,5,5,0.1,0.9,0.5647174463480732,default,100,9.7,4,1,1,0,0,0.0004814229998828523,
trap_penalty_q_learning_5_q_learning_123_e176afe3,trap_penalty_q_learning_5,q_learning,train,115,123,risk,5,5,0.1,0.9,0.5618938591163328,default,100,-5.2,3,0,1,0,1,0.0003401809999559191,
trap_penalty_q_learning_5_q_learning_123_e176afe3,trap_penalty_q_learning_5,q_learning,train,116,123,risk,5,5,0.1,0.9,0.5590843898207511,default,100,4.700000000000001,9,1,1,0,0,0.0006961909998608462,
trap_penalty_q_learning_5_q_learning_123_e176afe3,trap_penalty_q_learning_5,q_learning,train,117,123,risk,5,5,0.1,0.9,0.5562889678716474,default,100,-6.4,6,0,1,0,1,0.0006136889999197592,
trap_penalty_q_learning_5_q_learning_123_e176afe3,trap_penalty_q_learning_5,q_learning,train,118,123,risk,5,5,0.1,0.9,0.5535075230322891,default,100,7.5,8,1,1,0,0,0.0008163500001501234,
trap_penalty_q_learning_5_q_learning_123_e176afe3,trap_penalty_q_learning_5,q_learning,train,119,123,risk,5,5,0.1,0.9,0.5507399854171277,default,100,8.7,5,1,1,0,0,0.0006487210000614141,
trap_penalty_q_learning_5_q_learning_123_e176afe3,trap_penalty_q_learning_5,q_learning,train,120,123,risk,5,5,0.1,0.9,0.547986285490042,default,100,8.7,5,1,1,0,0,0.0006456010000874812,
trap_penalty_q_learning_5_q_learning_123_e176afe3,trap_penalty_q_learning_5,q_learning,train,121,123,risk,5,5,0.1,0.9,0.5452463540625918,default,100,9.5,6,1,1,0,0,0.0007765679999920394,
trap_penalty_q_learning_5_q_learning_123_e176afe3,trap_penalty_q_learning_5,q_learning,train,122,123,risk,5,5,0.1,0.9,0.5425201222922789,default,100,2.100000000000003,17,1,1,0,0,0.0012554820000332256,
trap_penalty_q_learning_5_q_learning_123_e176afe3,trap_penalty_q_learning_5,q_learning,train,123,123,risk,5,5,0.1,0.9,0.5398075216808175,default,100,4.300000000000001,13,1,1,0,0,0.0009908399999858375,
trap_penalty_q_learning_5_q_learning_123_e176afe3,trap_penalty_q_learning_5,q_learning,train,124,123,risk,5,5,0.1,0.9,0.5371084840724134,default,100,7.7,6,1,1,0,0,0.0006246820000797015,
trap_penalty_q_learning_5_q_learning_123_e176afe3,trap_penalty_q_learning_5,q_learning,train,125,123,risk,5,5,0.1,0.9,0.5344229416520513,default,100,-5.2,3,0,1,0,1,0.0003943379999782337,
trap_penalty_q_learning_5_q_learning_123_e176afe3,trap_penalty_q_learning_5,q_learning,train,126,123,risk,5,5,0.1,0.9,0.531750826943791,default,100,-7.4,7,0,1,0,1,0.0006028329999026028,
trap_penalty_q_learning_5_q_learning_123_e176afe3,trap_penalty_q_learning_5,q_learning,train,127,123,risk,5,5,0.1,0.9,0.5290920728090721,default,100,-5.2,3,0,1,0,1,0.00043717900007322896,
trap_penalty_q_learning_5_q_learning_123_e176afe3,trap_penalty_q_learning_5,q_learning,train,128,123,risk,5,5,0.1,0.9,0.5264466124450268,default,100,-5.2,3,0,1,0,1,0.00034402500000396685,
trap_penalty_q_learning_5_q_learning_123_e176afe3,trap_penalty_q_learning_5,q_learning,train,129,123,risk,5,5,0.1,0.9,0.5238143793828016,default,100,8.5,7,1,1,0,0,0.0005937609998909466,
trap_penalty_q_learning_5_q_learning_123_e176afe3,trap_penalty_q_learning_5,q_learning,train,130,123,risk,5,5,0.1,0.9,0.5211953074858876,default,100,-1.0999999999999943,40,1,1,0,0,0.002931374000127107,
trap_penalty_q_learning_5_q_learning_123_e176afe3,trap_penalty_q_learning_5,q_learning,train,131,123,risk,5,5,0.1,0.9,0.5185893309484582,default,100,-8.0,13,0,1,0,1,0.0010927110001830442,
trap_penalty_q_learning_5_q_learning_123_e176afe3,trap_penalty_q_learning_5,q_learning,train,132,123,risk,5,5,0.1,0.9,0.5159963842937159,default,100,7.5,8,1,1,0,0,0.0007851830000618065,
trap_penalty_q_learning_5_q_learning_123_e176afe3,trap_penalty_q_learning_5,q_learning,train,133,123,risk,5,5,0.1,0.9,0.5134164023722473,default,100,7.299999999999999,10,1,1,0,0,0.0008740279999983613,
trap_penalty_q_learning_5_q_learning_123_e176afe3,trap_penalty_q_learning_5,q_learning,train,134,123,risk,5,5,0.1,0.9,0.510849320360386,default,100,8.3,9,1,1,0,0,0.0009228249998614046,
trap_penalty_q_learning_5_q_learning_123_e176afe3,trap_penalty_q_learning_5,q_learning,train,135,123,risk,5,5,0.1,0.9,0.5082950737585841,default,100,6.699999999999999,7,1,1,0,0,0.0006350460000703606,
trap_penalty_q_learning_5_q_learning_123_e176afe3,trap_penalty_q_learning_5,q_learning,train,136,123,risk,5,5,0.1,0.9,0.5057535983897912,default,100,6.1,13,1,1,0,0,0.0010595789999570115,
trap_penalty_q_learning_5_q_learning_123_e176afe3,trap_penalty_q_learning_5,q_learning,train,137,123,risk,5,5,0.1,0.9,0.5032248303978422,default,100,-5.4,5,0,1,0,1,0.0004509330001383205,
trap_penalty_q_learning_5_q_learning_123_e176afe3,trap_penalty_q_learning_5,q_learning,train,138,123,risk,5,5,0.1,0.9,0.500708706245853,default,100,6.299999999999999,11,1,1,0,0,0.0008886999999049294,
trap_penalty_q_learning_5_q_learning_123_e176afe3,trap_penalty_q_learning_5,q_learning,train,139,123,risk,5,5,0.1,0.9,0.4982051627146237,default,100,9.5,6,1,1,0,0,0.0005637430001570465,
trap_penalty_q_learning_5_q_learning_123_e176afe3,trap_penalty_q_learning_5,q_learning,train,140,123,risk,5,5,0.1,0.9,0.49571413690105054,default,100,8.7,5,1,1,0,0,0.0005852589999904012,
trap_penalty_q_learning_5_q_learning_123_e176afe3,trap_penalty_q_learning_5,q_learning,train,141,123,risk,5,5,0.1,0.9,0.4932355662165453,default,100,7.699999999999999,6,1,1,0,0,0.0006901060000927828,
trap_penalty_q_learning_5_q_learning_123_e176afe3,trap_penalty_q_learning_5,q_learning,train,142,123,risk,5,5,0.1,0.9,0.4907693883854626,default,100,8.7,5,1,1,0,0,0.0005254140000943153,
trap_penalty_q_learning_5_q_learning_123_e176afe3,trap_penalty_q_learning_5,q_learning,train,143,123,risk,5,5,0.1,0.9,0.4883155414435353,default,100,-5.2,3,0,1,0,1,0.00030099199989308545,
trap_penalty_q_learning_5_q_learning_123_e176afe3,trap_penalty_q_learning_5,q_learning,train,144,123,risk,5,5,0.1,0.9,0.4858739637363176,default,100,9.7,4,1,1,0,0,0.000524938999888036,
trap_penalty_q_learning_5_q_learning_123_e176afe3,trap_penalty_q_learning_5,q_learning,train,145,123,risk,5,5,0.1,0.9,0.483444593917636,default,100,8.299999999999999,9,1,1,0,0,0.0009337689998574206,
trap_penalty_q_learning_5_q_learning_123_e176afe3,trap_penalty_q_learning_5,q_learning,train,146,123,risk,5,5,0.1,0.9,0.4810273709480478,default,100,9.7,4,1,1,0,0,0.0005613880000510107,
trap_penalty_q_learning_5_q_learning_123_e176afe3,trap_penalty_q_learning_5,q_learning,train,147,123,risk,5,5,0.1,0.9,0.47862223409330756,default,100,9.7,4,1,1,0,0,0.0004747230000248237,
trap_penalty_q_learning_5_q_learning_123_e176afe3,trap_penalty_q_learning_5,q_learning,train,148,123,risk,5,5,0.1,0.9,0.47622912292284103,default,100,5.5,10,1,1,0,0,0.0007311130000289268,
trap_penalty_q_learning_5_q_learning_123_e176afe3,trap_penalty_q_learning_5,q_learning,train,149,123,risk,5,5,0.1,0.9,0.4738479773082268,default,100,6.1,13,1,1,0,0,0.0011373150000508758,
trap_penalty_q_learning_5_q_learning_123_e176afe3,trap_penalty_q_learning_5,q_learning,train,150,123,risk,5,5,0.1,0.9,0.47147873742168567,default,100,9.7,4,1,1,0,0,0.0005315560001690756,
trap_penalty_q_learning_5_q_learning_123_e176afe3,trap_penalty_q_learning_5,q_learning,train,151,123,risk,5,5,0.1,0.9,0.46912134373457726,default,100,7.299999999999999,10,1,1,0,0,0.0009634939999614289,
trap_penalty_q_learning_5_q_learning_123_e176afe3,trap_penalty_q_learning_5,q_learning,train,152,123,risk,5,5,0.1,0.9,0.46677573701590436,default,100,8.5,7,1,1,0,0,0.0005084920001081628,
trap_penalty_q_learning_5_q_learning_123_e176afe3,trap_penalty_q_learning_5,q_learning,train,153,123,risk,5,5,0.1,0.9,0.46444185833082485,default,100,8.5,7,1,1,0,0,0.0005467390001285821,
trap_penalty_q_learning_5_q_learning_123_e176afe3,trap_penalty_q_learning_5,q_learning,train,154,123,risk,5,5,0.1,0.9,0.46211964903917074,default,100,8.5,7,1,1,0,0,0.0006713100001434213,
trap_penalty_q_learning_5_q_learning_123_e176afe3,trap_penalty_q_learning_5,q_learning,train,155,123,risk,5,5,0.1,0.9,0.4598090507939749,default,100,8.7,5,1,1,0,0,0.0005698540001048968,
trap_penalty_q_learning_5_q_learning_123_e176afe3,trap_penalty_q_learning_5,q_learning,train,156,123,risk,5,5,0.1,0.9,0.457510005540005,default,100,-5.2,3,0,1,0,1,0.00037213899986454635,
trap_penalty_q_learning_5_q_learning_123_e176afe3,trap_penalty_q_learning_5,q_learning,train,157,123,risk,5,5,0.1,0.9,0.45522245551230495,default,100,8.7,5,1,1,0,0,0.0005962819998330815,
trap_penalty_q_learning_5_q_learning_123_e176afe3,trap_penalty_q_learning_5,q_learning,train,158,123,risk,5,5,0.1,0.9,0.4529463432347434,default,100,7.9,13,1,1,0,0,0.0010388480000074196,
trap_penalty_q_learning_5_q_learning_123_e176afe3,trap_penalty_q_learning_5,q_learning,train,159,123,risk,5,5,0.1,0.9,0.4506816115185697,default,100,8.299999999999999,9,1,1,0,0,0.0009348609999051405,
trap_penalty_q_learning_5_q_learning_123_e176afe3,trap_penalty_q_learning_5,q_learning,train,160,123,risk,5,5,0.1,0.9,0.4484282034609769,default,100,9.7,4,1,1,0,0,0.00045229800002744014,
trap_penalty_q_learning_5_q_learning_123_e176afe3,trap_penalty_q_learning_5,q_learning,train,161,123,risk,5,5,0.1,0.9,0.446186062443672,default,100,9.5,6,1,1,0,0,0.0007066640000630287,
trap_penalty_q_learning_5_q_learning_123_e176afe3,trap_penalty_q_learning_5,q_learning,train,162,123,risk,5,5,0.1,0.9,0.4439551321314536,default,100,8.7,5,1,1,0,0,0.0005243379998773889,
trap_penalty_q_learning_5_q_learning_123_e176afe3,trap_penalty_q_learning_5,q_learning,train,163,123,risk,5,5,0.1,0.9,0.4417353564707963,default,100,6.5,9,1,1,0,0,0.0006753570000910258,
trap_penalty_q_learning_5_q_learning_123_e176afe3,trap_penalty_q_learning_5,q_learning,train,164,123,risk,5,5,0.1,0.9,0.43952667968844233,default,100,5.3,12,1,1,0,0,0.000998285000150645,
trap_penalty_q_learning_5_q_learning_123_e176afe3,trap_penalty_q_learning_5,q_learning,train,165,123,risk,5,5,0.1,0.9,0.43732904629000013,default,100,8.7,5,1,1,0,0,0.0005208360000779066,
trap_penalty_q_learning_5_q_learning_123_e176afe3,trap_penalty_q_learning_5,q_learning,train,166,123,risk,5,5,0.1,0.9,0.4351424010585501,default,100,2.5,13,1,1,0,0,0.0009967200001028687,
trap_penalty_q_learning_5_q_learning_123_e176afe3,trap_penalty_q_learning_5,q_learning,train,167,123,risk,5,5,0.1,0.9,0.43296668905325736,default,100,9.7,4,1,1,0,0,0.0004691940000611794,
trap_penalty_q_learning_5_q_learning_123_e176afe3,trap_penalty_q_learning_5,q_learning,train,168,123,risk,5,5,0.1,0.9,0.43080185560799106,default,100,-7.2,5,0,1,0,1,0.0004014160001588607,
trap_penalty_q_learning_5_q_learning_123_e176afe3,trap_penalty_q_learning_5,q_learning,train,169,123,risk,5,5,0.1,0.9,0.4286478463299511,default,100,9.7,4,1,1,0,0,0.000522458999967057,
trap_penalty_q_learning_5_q_learning_123_e176afe3,trap_penalty_q_learning_5,q_learning,train,170,123,risk,5,5,0.1,0.9,0.42650460709830135,default,100,9.5,6,1,1,0,0,0.0006169929999941814,
trap_penalty_q_learning_5_q_learning_123_e176afe3,trap_penalty_q_learning_5,q_learning,train,171,123,risk,5,5,0.1,0.9,0.42437208406280985,default,100,8.1,11,1,1,0,0,0.001018972999872858,
trap_penalty_q_learning_5_q_learning_123_e176afe3,trap_penalty_q_learning_5,q_learning,train,172,123,risk,5,5,0.1,0.9,0.4222502236424958,default,100,5.1,14,1,1,0,0,0.001131902999986778,
trap_penalty_q_learning_5_q_learning_123_e176afe3,trap_penalty_q_learning_5,q_learning,train,173,123,risk,5,5,0.1,0.9,0.42013897252428334,default,100,6.299999999999999,11,1,1,0,0,0.0010030519999872922,
trap_penalty_q_learning_5_q_learning_123_e176afe3,trap_penalty_q_learning_5,q_learning,train,174,123,risk,5,5,0.1,0.9,0.4180382776616619,default,100,8.5,7,1,1,0,0,0.0008125270001073659,
trap_penalty_q_learning_5_q_learning_123_e176afe3,trap_penalty_q_learning_5,q_learning,train,175,123,risk,5,5,0.1,0.9,0.4159480862733536,default,100,-5.2,3,0,1,0,1,0.0003990889999840874,
trap_penalty_q_learning_5_q_learning_123_e176afe3,trap_penalty_q_learning_5,q_learning,train,176,123,risk,5,5,0.1,0.9,0.41386834584198684,default,100,9.7,4,1,1,0,0,0.0004545399999642541,
trap_penalty_q_learning_5_q_learning_123_e176afe3,trap_penalty_q_learning_5,q_learning,train,177,123,risk,5,5,0.1,0.9,0.4117990041127769,default,100,8.7,5,1,1,0,0,0.0005388009999478527,
trap_penalty_q_learning_5_q_learning_123_e176afe3,trap_penalty_q_learning_5,q_learning,train,178,123,risk,5,5,0.1,0.9,0.40974000909221303,default,100,8.7,5,1,1,0,0,0.0005995410001560231,
trap_penalty_q_learning_5_q_learning_123_e176afe3,trap_penalty_q_learning_5,q_learning,train,179,123,risk,5,5,0.1,0.9,0.40769130904675194,default,100,8.7,5,1,1,0,0,0.0005753790001108428,
trap_penalty_q_learning_5_q_learning_123_e176afe3,trap_penalty_q_learning_5,q_learning,train,180,123,risk,5,5,0.1,0.9,0.40565285250151817,default,100,9.5,6,1,1,0,0,0.0006045449999874108,
trap_penalty_q_learning_5_q_learning_123_e176afe3,trap_penalty_q_learning_5,q_learning,train,181,123,risk,5,5,0.1,0.9,0.4036245882390106,default,100,9.5,6,1,1,0,0,0.0007720409998910327,
trap_penalty_q_learning_5_q_learning_123_e176afe3,trap_penalty_q_learning_5,q_learning,train,182,123,risk,5,5,0.1,0.9,0.4016064652978155,default,100,8.5,7,1,1,0,0,0.0007744600000023638,
trap_penalty_q_learning_5_q_learning_123_e176afe3,trap_penalty_q_learning_5,q_learning,train,183,123,risk,5,5,0.1,0.9,0.3995984329713264,default,100,8.5,7,1,1,0,0,0.0007744179999917833,
trap_penalty_q_learning_5_q_learning_123_e176afe3,trap_penalty_q_learning_5,q_learning,train,184,123,risk,5,5,0.1,0.9,0.3976004408064698,default,100,8.7,5,1,1,0,0,0.0006154779998723825,
trap_penalty_q_learning_5_q_learning_123_e176afe3,trap_penalty_q_learning_5,q_learning,train,185,123,risk,5,5,0.1,0.9,0.39561243860243744,default,100,9.7,4,1,1,0,0,0.0005410359999586944,
trap_penalty_q_learning_5_q_learning_123_e176afe3,trap_penalty_q_learning_5,q_learning,train,186,123,risk,5,5,0.1,0.9,0.3936343764094253,default,100,9.7,4,1,1,0,0,0.0004635059999600344,
trap_penalty_q_learning_5_q_learning_123_e176afe3,trap_penalty_q_learning_5,q_learning,train,187,123,risk,5,5,0.1,0.9,0.39166620452737816,default,100,7.5,8,1,1,0,0,0.0006462899998496141,
trap_penalty_q_learning_5_q_learning_123_e176afe3,trap_penalty_q_learning_5,q_learning,train,188,123,risk,5,5,0.1,0.9,0.3897078735047413,default,100,6.699999999999999,7,1,1,0,0,0.0006643960000474181,
trap_penalty_q_learning_5_q_learning_123_e176afe3,trap_penalty_q_learning_5,q_learning,train,189,123,risk,5,5,0.1,0.9,0.3877593341372176,default,100,7.699999999999999,6,1,1,0,0,0.00048680300005798927,
trap_penalty_q_learning_5_q_learning_123_e176afe3,trap_penalty_q_learning_5,q_learning,train,190,123,risk,5,5,0.1,0.9,0.3858205374665315,default,100,0.9000000000000021,20,1,1,0,0,0.0013970980000976851,
trap_penalty_q_learning_5_q_learning_123_e176afe3,trap_penalty_q_learning_5,q_learning,train,191,123,risk,5,5,0.1,0.9,0.38389143477919885,default,100,8.5,7,1,1,0,0,0.0007194960001015716,
trap_penalty_q_learning_5_q_learning_123_e176afe3,trap_penalty_q_learning_5,q_learning,train,192,123,risk,5,5,0.1,0.9,0.3819719776053028,default,100,-5.2,3,0,1,0,1,0.0003118610000001354,
trap_penalty_q_learning_5_q_learning_123_e176afe3,trap_penalty_q_learning_5,q_learning,train,193,123,risk,5,5,0.1,0.9,0.3800621177172763,default,100,9.7,4,1,1,0,0,0.0005169480000404292,
trap_penalty_q_learning_5_q_learning_123_e176afe3,trap_penalty_q_learning_5,q_learning,train,194,123,risk,5,5,0.1,0.9,0.37816180712868996,default,100,7.299999999999999,10,1,1,0,0,0.000927576000094632,
trap_penalty_q_learning_5_q_learning_123_e176afe3,trap_penalty_q_learning_5,q_learning,train,195,123,risk,5,5,0.1,0.9,0.37627099809304654,default,100,8.7,5,1,1,0,0,0.0005277509999359609,
trap_penalty_q_learning_5_q_learning_123_e176afe3,trap_penalty_q_learning_5,q_learning,train,196,123,risk,5,5,0.1,0.9,0.3743896431025813,default,100,9.3,8,1,1,0,0,0.0007901100000253791,
trap_penalty_q_learning_5_q_learning_123_e176afe3,trap_penalty_q_learning_5,q_learning,train,197,123,risk,5,5,0.1,0.9,0.37251769488706843,default,100,9.7,4,1,1,0,0,0.000472591999823635,
trap_penalty_q_learning_5_q_learning_123_e176afe3,trap_penalty_q_learning_5,q_learning,train,198,123,risk,5,5,0.1,0.9,0.3706551064126331,default,100,9.7,4,1,1,0,0,0.0005163089999768999,
trap_penalty_q_learning_5_q_learning_123_e176afe3,trap_penalty_q_learning_5,q_learning,train,199,123,risk,5,5,0.1,0.9,0.36880183088056995,default,100,8.7,5,1,1,0,0,0.0005696980001630436,
trap_penalty_q_learning_5_q_learning_123_e176afe3,trap_penalty_q_learning_5,q_learning,train,200,123,risk,5,5,0.1,0.9,0.3669578217261671,default,100,-5.2,3,0,1,0,1,0.0003557239999736339,results/trap_penalty/q_learning/trap_5/seed_123/qtable_ep200.npz
trap_penalty_q_learning_5_q_learning_123_e176afe3,trap_penalty_q_learning_5,q_learning,train,201,123,risk,5,5,0.1,0.9,0.36512303261753626,default,100,8.7,5,1,1,0,0,0.0005948659998011863,
trap_penalty_q_learning_5_q_learning_123_e176afe3,trap_penalty_q_learning_5,q_learning,train,202,123,risk,5,5,0.1,0.9,0.3632974174544486,default,100,7.5,8,1,1,0,0,0.0007163729999319912,
trap_penalty_q_learning_5_q_learning_123_e176afe3,trap_penalty_q_learning_5,q_learning,train,203,123,risk,5,5,0.1,0.9,0.3614809303671764,default,100,9.7,4,1,1,0,0,0.0005445510000754439,
trap_penalty_q_learning_5_q_learning_123_e176afe3,trap_penalty_q_learning_5,q_learning,train,204,123,risk,5,5,0.1,0.9,0.3596735257153405,default,100,7.699999999999999,6,1,1,0,0,0.0006327609999061679,
trap_penalty_q_learning_5_q_learning_123_e176afe3,trap_penalty_q_learning_5,q_learning,train,205,123,risk,5,5,0.1,0.9,0.3578751580867638,default,100,-5.2,3,0,1,0,1,0.0003158910001275217,
trap_penalty_q_learning_5_q_learning_123_e176afe3,trap_penalty_q_learning_5,q_learning,train,206,123,risk,5,5,0.1,0.9,0.35608578229633,default,100,5.700000000000001,8,1,1,0,0,0.0006967520000671357,
trap_penalty_q_learning_5_q_learning_123_e176afe3,trap_penalty_q_learning_5,q_learning,train,207,123,risk,5,5,0.1,0.9,0.3543053533848483,default,100,9.7,4,1,1,0,0,0.0006076340000618075,
trap_penalty_q_learning_5_q_learning_123_e176afe3,trap_penalty_q_learning_5,q_learning,train,208,123,risk,5,5,0.1,0.9,0.35253382661792404,default,100,8.7,5,1,1,0,0,0.0006315020000329241,
trap_penalty_q_learning_5_q_learning_123_e176afe3,trap_penalty_q_learning_5,q_learning,train,209,123,risk,5,5,0.1,0.9,0.3507711574848344,default,100,-6.2,4,0,1,0,1,0.00044410500004232745,
trap_penalty_q_learning_5_q_learning_123_e176afe3,trap_penalty_q_learning_5,q_learning,train,210,123,risk,5,5,0.1,0.9,0.34901730169741024,default,100,8.5,7,1,1,0,0,0.0006621319998885156,
trap_penalty_q_learning_5_q_learning_123_e176afe3,trap_penalty_q_learning_5,q_learning,train,211,123,risk,5,5,0.1,0.9,0.3472722151889232,default,100,9.7,4,1,1,0,0,0.0005450930000279186,
trap_penalty_q_learning_5_q_learning_123_e176afe3,trap_penalty_q_learning_5,q_learning,train,212,123,risk,5,5,0.1,0.9,0.3455358541129786,default,100,9.7,4,1,1,0,0,0.0005294899999626068,
trap_penalty_q_learning_5_q_learning_123_e176afe3,trap_penalty_q_learning_5,q_learning,train,213,123,risk,5,5,0.1,0.9,0.3438081748424137,default,100,8.7,5,1,1,0,0,0.00056036299997686,
trap_penalty_q_learning_5_q_learning_123_e176afe3,trap_penalty_q_learning_5,q_learning,train,214,123,risk,5,5,0.1,0.9,0.3420891339682016,default,100,9.7,4,1,1,0,0,0.00047796900003049814,
trap_penalty_q_learning_5_q_learning_123_e176afe3,trap_penalty_q_learning_5,q_learning,train,215,123,risk,5,5,0.1,0.9,0.3403786882983606,default,100,9.7,4,1,1,0,0,0.00045732000012321805,
trap_penalty_q_learning_5_q_learning_123_e176afe3,trap_penalty_q_learning_5,q_learning,train,216,123,risk,5,5,0.1,0.9,0.3386767948568688,default,100,8.7,5,1,1,0,0,0.0005136380000294594,
trap_penalty_q_learning_5_q_learning_123_e176afe3,trap_penalty_q_learning_5,q_learning,train,217,123,risk,5,5,0.1,0.9,0.33698341088258443,default,100,-5.2,3,0,1,0,1,0.00029473700010385073,
trap_penalty_q_learning_5_q_learning_123_e176afe3,trap_penalty_q_learning_5,q_learning,train,218,123,risk,5,5,0.1,0.9,0.3352984938281715,default,100,7.299999999999999,10,1,1,0,0,0.0009083939999072754,
trap_penalty_q_learning_5_q_learning_123_e176afe3,trap_penalty_q_learning_5,q_learning,train,219,123,risk,5,5,0.1,0.9,0.33362200135903064,default,100,9.7,4,1,1,0,0,0.00060079200011387,
trap_penalty_q_learning_5_q_learning_123_e176afe3,trap_penalty_q_learning_5,q_learning,train,220,123,risk,5,5,0.1,0.9,0.33195389135223546,default,100,9.5,6,1,1,0,0,0.000713203000032081,
trap_penalty_q_learning_5_q_learning_123_e176afe3,trap_penalty_q_learning_5,q_learning,train,221,123,risk,5,5,0.1,0.9,0.3302941218954743,default,100,8.5,7,1,1,0,0,0.000630059000059191,
trap_penalty_q_learning_5_q_learning_123_e176afe3,trap_penalty_q_learning_5,q_learning,train,222,123,risk,5,5,0.1,0.9,0.32864265128599696,default,100,8.7,5,1,1,0,0,0.0005844990000696271,
trap_penalty_q_learning_5_q_learning_123_e176afe3,trap_penalty_q_learning_5,q_learning,train,223,123,risk,5,5,0.1,0.9,0.326999438029567,default,100,9.7,4,1,1,0,0,0.0005510490000233403,
trap_penalty_q_learning_5_q_learning_123_e176afe3,trap_penalty_q_learning_5,q_learning,train,224,123,risk,5,5,0.1,0.9,0.3253644408394192,default,100,-7.2,5,0,1,0,1,0.00046236100001806335,
trap_penalty_q_learning_5_q_learning_123_e176afe3,trap_penalty_q_learning_5,q_learning,train,225,123,risk,5,5,0.1,0.9,0.3237376186352221,default,100,9.7,4,1,1,0,0,0.0004651659999126423,
trap_penalty_q_learning_5_q_learning_123_e176afe3,trap_penalty_q_learning_5,q_learning,train,226,123,risk,5,5,0.1,0.9,0.322118930542046,default,100,9.7,4,1,1,0,0,0.0004768320000039239,
trap_penalty_q_learning_5_q_learning_123_e176afe3,trap_penalty_q_learning_5,q_learning,train,227,123,risk,5,5,0.1,0.9,0.32050833588933575,default,100,8.5,7,1,1,0,0,0.000706239999999525,
trap_penalty_q_learning_5_q_learning_123_e176afe3,trap_penalty_q_learning_5,q_learning,train,228,123,risk,5,5,0.1,0.9,0.31890579420988907,default,100,9.7,4,1,1,0,0,0.0004763809999985824,
trap_penalty_q_learning_5_q_learning_123_e176afe3,trap_penalty_q_learning_5,q_learning,train,229,123,risk,5,5,0.1,0.9,0.3173112652388396,default,100,9.7,4,1,1,0,0,0.000515406999966217,
trap_penalty_q_learning_5_q_learning_123_e176afe3,trap_penalty_q_learning_5,q_learning,train,230,123,risk,5,5,0.1,0.9,0.3157247089126454,default,100,-5.2,3,0,1,0,1,0.0003796660000716656,
trap_penalty_q_learning_5_q_learning_123_e176afe3,trap_penalty_q_learning_5,q_learning,train,231,123,risk,5,5,0.1,0.9,0.3141460853680822,default,100,7.7,6,1,1,0,0,0.0006709440001486655,
trap_penalty_q_learning_5_q_learning_123_e176afe3,trap_penalty_q_learning_5,q_learning,train,232,123,risk,5,5,0.1,0.9,0.3125753549412418,default,100,9.7,4,1,1,0,0,0.0004813020000256074,
trap_penalty_q_learning_5_q_learning_123_e176afe3,trap_penalty_q_learning_5,q_learning,train,233,123,risk,5,5,0.1,0.9,0.31101247816653554,default,100,8.299999999999999,9,1,1,0,0,0.0008194560000447382,
trap_penalty_q_learning_5_q_learning_123_e176afe3,trap_penalty_q_learning_5,q_learning,train,234,123,risk,5,5,0.1,0.9,0.30945741577570285,default,100,7.5,8,1,1,0,0,0.000634840999964581,
trap_penalty_q_learning_5_q_learning_123_e176afe3,trap_penalty_q_learning_5,q_learning,train,235,123,risk,5,5,0.1,0.9,0.3079101286968243,default,100,-5.2,3,0,1,0,1,0.0004197890000341431,
trap_penalty_q_learning_5_q_learning_123_e176afe3,trap_penalty_q_learning_5,q_learning,train,236,123,risk,5,5,0.1,0.9,0.3063705780533402,default,100,8.7,5,1,1,0,0,0.0006244720000267989,
trap_penalty_q_learning_5_q_learning_123_e176afe3,trap_penalty_q_learning_5,q_learning,train,237,123,risk,5,5,0.1,0.9,0.30483872516307353,default,100,9.7,4,1,1,0,0,0.0006237710001641972,
trap_penalty_q_learning_5_q_learning_123_e176afe3,trap_penalty_q_learning_5,q_learning,train,238,123,risk,5,5,0.1,0.9,0.3033145315372582,default,100,9.7,4,1,1,0,0,0.0005909860001338529,
trap_penalty_q_learning_5_q_learning_123_e176afe3,trap_penalty_q_learning_5,q_learning,train,239,123,risk,5,5,0.1,0.9,0.3017979588795719,default,100,8.299999999999999,9,1,1,0,0,0.000913133000040034,
trap_penalty_q_learning_5_q_learning_123_e176afe3,trap_penalty_q_learning_5,q_learning,train,240,123,risk,5,5,0.1,0.9,0.30028896908517405,default,100,-5.2,3,0,1,0,1,0.0002976870000566123,
trap_penalty_q_learning_5_q_learning_123_e176afe3,trap_penalty_q_learning_5,q_learning,train,241,123,risk,5,5,0.1,0.9,0.2987875242397482,default,100,-5.4,5,0,1,0,1,0.0006214210000052844,
trap_penalty_q_learning_5_q_learning_123_e176afe3,trap_penalty_q_learning_5,q_learning,train,242,123,risk,5,5,0.1,0.9,0.29729358661854943,default,100,8.5,7,1,1,0,0,0.000712217000000237,
trap_penalty_q_learning_5_q_learning_123_e176afe3,trap_penalty_q_learning_5,q_learning,train,243,123,risk,5,5,0.1,0.9,0.29580711868545667,default,100,9.7,4,1,1,0,0,0.0005430610001440073,
trap_penalty_q_learning_5_q_learning_123_e176afe3,trap_penalty_q_learning_5,q_learning,train,244,123,risk,5,5,0.1,0.9,0.2943280830920294,default,100,8.5,7,1,1,0,0,0.0007137960001273314,
trap_penalty_q_learning_5_q_learning_123_e176afe3,trap_penalty_q_learning_5,q_learning,train,245,123,risk,5,5,0.1,0.9,0.29285644267656924,default,100,9.7,4,1,1,0,0,0.00045944599992253643,
trap_penalty_q_learning_5_q_learning_123_e176afe3,trap_penalty_q_learning_5,q_learning,train,246,123,risk,5,5,0.1,0.9,0.2913921604631864,default,100,6.699999999999999,7,1,1,0,0,0.0006642060000103811,
trap_penalty_q_learning_5_q_learning_123_e176afe3,trap_penalty_q_learning_5,q_learning,train,247,123,risk,5,5,0.1,0.9,0.28993519966087045,default,100,8.7,5,1,1,0,0,0.0005052340000020195,
trap_penalty_q_learning_5_q_learning_123_e176afe3,trap_penalty_q_learning_5,q_learning,train,248,123,risk,5,5,0.1,0.9,0.2884855236625661,default,100,8.7,5,1,1,0,0,0.0005784549998679722,
trap_penalty_q_learning_5_q_learning_123_e176afe3,trap_penalty_q_learning_5,q_learning,train,249,123,risk,5,5,0.1,0.9,0.28704309604425327,default,100,8.7,5,1,1,0,0,0.0005308329998570116,
trap_penalty_q_learning_5_q_learning_123_e176afe3,trap_penalty_q_learning_5,q_learning,train,250,123,risk,5,5,0.1,0.9,0.285607880564032,default,100,9.7,4,1,1,0,0,0.0004809700001260353,
trap_penalty_q_learning_5_q_learning_123_e176afe3,trap_penalty_q_learning_5,q_learning,train,251,123,risk,5,5,0.1,0.9,0.28417984116121187,default,100,8.5,7,1,1,0,0,0.0006504039999981615,
trap_penalty_q_learning_5_q_learning_123_e176afe3,trap_penalty_q_learning_5,q_learning,train,252,123,risk,5,5,0.1,0.9,0.2827589419554058,default,100,9.7,4,1,1,0,0,0.0004723270001250057,
trap_penalty_q_learning_5_q_learning_123_e176afe3,trap_penalty_q_learning_5,q_learning,train,253,123,risk,5,5,0.1,0.9,0.28134514724562876,default,100,9.7,4,1,1,0,0,0.0005153740000878315,
trap_penalty_q_learning_5_q_learning_123_e176afe3,trap_penalty_q_learning_5,q_learning,train,254,123,risk,5,5,0.1,0.9,0.2799384215094006,default,100,8.5,7,1,1,0,0,0.0007217099998797494,
trap_penalty_q_learning_5_q_learning_123_e176afe3,trap_penalty_q_learning_5,q_learning,train,255,123,risk,5,5,0.1,0.9,0.27853872940185365,default,100,9.7,4,1,1,0,0,0.0005633079999824986,
trap_penalty_q_learning_5_q_learning_123_e176afe3,trap_penalty_q_learning_5,q_learning,train,256,123,risk,5,5,0.1,0.9,0.27714603575484437,default,100,-5.4,5,0,1,0,1,0.0005660950000674347,
trap_penalty_q_learning_5_q_learning_123_e176afe3,trap_penalty_q_learning_5,q_learning,train,257,123,risk,5,5,0.1,0.9,0.2757603055760701,default,100,8.7,5,1,1,0,0,0.0005737110000154644,
trap_penalty_q_learning_5_q_learning_123_e176afe3,trap_penalty_q_learning_5,q_learning,train,258,123,risk,5,5,0.1,0.9,0.2743815040481898,default,100,9.7,4,1,1,0,0,0.0004596409999066964,
trap_penalty_q_learning_5_q_learning_123_e176afe3,trap_penalty_q_learning_5,q_learning,train,259,123,risk,5,5,0.1,0.9,0.2730095965279488,default,100,9.7,4,1,1,0,0,0.0005435800001123425,
trap_penalty_q_learning_5_q_learning_123_e176afe3,trap_penalty_q_learning_5,q_learning,train,260,123,risk,5,5,0.1,0.9,0.27164454854530906,default,100,-5.2,3,0,1,0,1,0.00036687800002255244,
trap_penalty_q_learning_5_q_learning_123_e176afe3,trap_penalty_q_learning_5,q_learning,train,261,123,risk,5,5,0.1,0.9,0.2702863258025825,default,100,9.7,4,1,1,0,0,0.0004937349999636353,
trap_penalty_q_learning_5_q_learning_123_e176afe3,trap_penalty_q_learning_5,q_learning,train,262,123,risk,5,5,0.1,0.9,0.2689348941735696,default,100,9.7,4,1,1,0,0,0.0005515180000656983,
trap_penalty_q_learning_5_q_learning_123_e176afe3,trap_penalty_q_learning_5,q_learning,train,263,123,risk,5,5,0.1,0.9,0.26759021970270175,default,100,9.7,4,1,1,0,0,0.000536240999963411,
trap_penalty_q_learning_5_q_learning_123_e176afe3,trap_penalty_q_learning_5,q_learning,train,264,123,risk,5,5,0.1,0.9,0.2662522686041882,default,100,9.7,4,1,1,0,0,0.000465479000013147,
trap_penalty_q_learning_5_q_learning_123_e176afe3,trap_penalty_q_learning_5,q_learning,train,265,123,risk,5,5,0.1,0.9,0.2649210072611673,default,100,8.5,7,1,1,0,0,0.0006665259998044348,
trap_penalty_q_learning_5_q_learning_123_e176afe3,trap_penalty_q_learning_5,q_learning,train,266,123,risk,5,5,0.1,0.9,0.26359640222486147,default,100,9.7,4,1,1,0,0,0.0005324339999788208,
trap_penalty_q_learning_5_q_learning_123_e176afe3,trap_penalty_q_learning_5,q_learning,train,267,123,risk,5,5,0.1,0.9,0.26227842021373715,default,100,9.7,4,1,1,0,0,0.0005144469998867862,
trap_penalty_q_learning_5_q_learning_123_e176afe3,trap_penalty_q_learning_5,q_learning,train,268,123,risk,5,5,0.1,0.9,0.2609670281126685,default,100,7.699999999999999,6,1,1,0,0,0.0006129580001470458,
trap_penalty_q_learning_5_q_learning_123_e176afe3,trap_penalty_q_learning_5,q_learning,train,269,123,risk,5,5,0.1,0.9,0.25966219297210513,default,100,9.5,6,1,1,0,0,0.0006299029998899641,
trap_penalty_q_learning_5_q_learning_123_e176afe3,trap_penalty_q_learning_5,q_learning,train,270,123,risk,5,5,0.1,0.9,0.2583638820072446,default,100,7.699999999999999,6,1,1,0,0,0.0006625099999837403,
trap_penalty_q_learning_5_q_learning_123_e176afe3,trap_penalty_q_learning_5,q_learning,train,271,123,risk,5,5,0.1,0.9,0.2570720625972084,default,100,9.7,4,1,1,0,0,0.000530449000052613,
trap_penalty_q_learning_5_q_learning_123_e176afe3,trap_penalty_q_learning_5,q_learning,train,272,123,risk,5,5,0.1,0.9,0.25578670228422234,default,100,8.7,5,1,1,0,0,0.0005613089999769727,
trap_penalty_q_learning_5_q_learning_123_e176afe3,trap_penalty_q_learning_5,q_learning,train,273,123,risk,5,5,0.1,0.9,0.25450776877280124,default,100,7.699999999999999,6,1,1,0,0,0.0006125689999407768,
trap_penalty_q_learning_5_q_learning_123_e176afe3,trap_penalty_q_learning_5,q_learning,train,274,123,risk,5,5,0.1,0.9,0.2532352299289372,default,100,9.5,6,1,1,0,0,0.0006908219997967535,
trap_penalty_q_learning_5_q_learning_123_e176afe3,trap_penalty_q_learning_5,q_learning,train,275,123,risk,5,5,0.1,0.9,0.2519690537792925,default,100,9.7,4,1,1,0,0,0.0005403469999691879,
trap_penalty_q_learning_5_q_learning_123_e176afe3,trap_penalty_q_learning_5,q_learning,train,276,123,risk,5,5,0.1,0.9,0.2507092085103961,default,100,9.5,6,1,1,0,0,0.0006817480000336218,
trap_penalty_q_learning_5_q_learning_123_e176afe3,trap_penalty_q_learning_5,q_learning,train,277,123,risk,5,5,0.1,0.9,0.2494556624678441,default,100,9.7,4,1,1,0,0,0.0005177860000458168,
trap_penalty_q_learning_5_q_learning_123_e176afe3,trap_penalty_q_learning_5,q_learning,train,278,123,risk,5,5,0.1,0.9,0.24820838415550486,default,100,9.7,4,1,1,0,0,0.00046839300011924934,
trap_penalty_q_learning_5_q_learning_123_e176afe3,trap_penalty_q_learning_5,q_learning,train,279,123,risk,5,5,0.1,0.9,0.24696734223472733,default,100,9.5,6,1,1,0,0,0.0006646660001479177,
trap_penalty_q_learning_5_q_learning_123_e176afe3,trap_penalty_q_learning_5,q_learning,train,280,123,risk,5,5,0.1,0.9,0.2457325055235537,default,100,8.5,7,1,1,0,0,0.0007592160000058357,
trap_penalty_q_learning_5_q_learning_123_e176afe3,trap_penalty_q_learning_5,q_learning,train,281,123,risk,5,5,0.1,0.9,0.24450384299593592,default,100,8.7,5,1,1,0,0,0.0006643880001320213,
trap_penalty_q_learning_5_q_learning_123_e176afe3,trap_penalty_q_learning_5,q_learning,train,282,123,risk,5,5,0.1,0.9,0.24328132378095624,default,100,9.5,6,1,1,0,0,0.0006277569998474064,
trap_penalty_q_learning_5_q_learning_123_e176afe3,trap_penalty_q_learning_5,q_learning,train,283,123,risk,5,5,0.1,0.9,0.24206491716205145,default,100,9.7,4,1,1,0,0,0.000520491999850492,
trap_penalty_q_learning_5_q_learning_123_e176afe3,trap_penalty_q_learning_5,q_learning,train,284,123,risk,5,5,0.1,0.9,0.2408545925762412,default,100,9.7,4,1,1,0,0,0.0005275280000205385,
trap_penalty_q_learning_5_q_learning_123_e176afe3,trap_penalty_q_learning_5,q_learning,train,285,123,risk,5,5,0.1,0.9,0.23965031961336,default,100,9.7,4,1,1,0,0,0.0005251019999832351,
trap_penalty_q_learning_5_q_learning_123_e176afe3,trap_penalty_q_learning_5,q_learning,train,286,123,risk,5,5,0.1,0.9,0.2384520680152932,default,100,7.699999999999999,6,1,1,0,0,0.0006350389999170147,
trap_penalty_q_learning_5_q_learning_123_e176afe3,trap_penalty_q_learning_5,q_learning,train,287,123,risk,5,5,0.1,0.9,0.23725980767521673,default,100,9.7,4,1,1,0,0,0.0005332359999101755,
trap_penalty_q_learning_5_q_learning_123_e176afe3,trap_penalty_q_learning_5,q_learning,train,288,123,risk,5,5,0.1,0.9,0.23607350863684065,default,100,8.7,5,1,1,0,0,0.000596350000023449,
trap_penalty_q_learning_5_q_learning_123_e176afe3,trap_penalty_q_learning_5,q_learning,train,289,123,risk,5,5,0.1,0.9,0.23489314109365644,default,100,9.7,4,1,1,0,0,0.0005845480000061798,
trap_penalty_q_learning_5_q_learning_123_e176afe3,trap_penalty_q_learning_5,q_learning,train,290,123,risk,5,5,0.1,0.9,0.23371867538818816,default,100,9.7,4,1,1,0,0,0.0005525139999917883,
trap_penalty_q_learning_5_q_learning_123_e176afe3,trap_penalty_q_learning_5,q_learning,train,291,123,risk,5,5,0.1,0.9,0.23255008201124722,default,100,9.7,4,1,1,0,0,0.00047186799997689377,
trap_penalty_q_learning_5_q_learning_123_e176afe3,trap_penalty_q_learning_5,q_learning,train,292,123,risk,5,5,0.1,0.9,0.231387331601191,default,100,9.7,4,1,1,0,0,0.0005110450001666322,
trap_penalty_q_learning_5_q_learning_123_e176afe3,trap_penalty_q_learning_5,q_learning,train,293,123,risk,5,5,0.1,0.9,0.23023039494318503,default,100,9.7,4,1,1,0,0,0.0005234389998349798,
trap_penalty_q_learning_5_q_learning_123_e176afe3,trap_penalty_q_learning_5,q_learning,train,294,123,risk,5,5,0.1,0.9,0.2290792429684691,default,100,9.7,4,1,1,0,0,0.0006099780000567989,
trap_penalty_q_learning_5_q_learning_123_e176afe3,trap_penalty_q_learning_5,q_learning,train,295,123,risk,5,5,0.1,0.9,0.22793384675362674,default,100,9.5,6,1,1,0,0,0.0007303590000447002,
trap_penalty_q_learning_5_q_learning_123_e176afe3,trap_penalty_q_learning_5,q_learning,train,296,123,risk,5,5,0.1,0.9,0.22679417751985861,default,100,8.7,5,1,1,0,0,0.0005710899999940011,
trap_penalty_q_learning_5_q_learning_123_e176afe3,trap_penalty_q_learning_5,q_learning,train,297,123,risk,5,5,0.1,0.9,0.22566020663225933,default,100,9.7,4,1,1,0,0,0.0005174819998501334,
trap_penalty_q_learning_5_q_learning_123_e176afe3,trap_penalty_q_learning_5,q_learning,train,298,123,risk,5,5,0.1,0.9,0.22453190559909803,default,100,9.5,6,1,1,0,0,0.0006134570000995154,
trap_penalty_q_learning_5_q_learning_123_e176afe3,trap_penalty_q_learning_5,q_learning,train,299,123,risk,5,5,0.1,0.9,0.22340924607110255,default,100,9.7,4,1,1,0,0,0.0005130869999447896,
trap_penalty_q_learning_5_q_learning_123_e176afe3,trap_penalty_q_learning_5,q_learning,train,300,123,risk,5,5,0.1,0.9,0.22229219984074702,default,100,8.7,5,1,1,0,0,0.0005950300001131836,
trap_penalty_q_learning_5_q_learning_123_e176afe3,trap_penalty_q_learning_5,q_learning,train,301,123,risk,5,5,0.1,0.9,0.2211807388415433,default,100,8.1,11,1,1,0,0,0.0010315560000435653,
trap_penalty_q_learning_5_q_learning_123_e176afe3,trap_penalty_q_learning_5,q_learning,train,302,123,risk,5,5,0.1,0.9,0.22007483514733558,default,100,9.7,4,1,1,0,0,0.0005664870000146038,
trap_penalty_q_learning_5_q_learning_123_e176afe3,trap_penalty_q_learning_5,q_learning,train,303,123,risk,5,5,0.1,0.9,0.2189744609715989,default,100,8.7,5,1,1,0,0,0.0005618190000404866,
trap_penalty_q_learning_5_q_learning_123_e176afe3,trap_penalty_q_learning_5,q_learning,train,304,123,risk,5,5,0.1,0.9,0.2178795886667409,default,100,9.7,4,1,1,0,0,0.0006050700001196674,
trap_penalty_q_learning_5_q_learning_123_e176afe3,trap_penalty_q_learning_5,q_learning,train,305,123,risk,5,5,0.1,0.9,0.2167901907234072,default,100,-5.2,3,0,1,0,1,0.00042224499998155807,
trap_penalty_q_learning_5_q_learning_123_e176afe3,trap_penalty_q_learning_5,q_learning,train,306,123,risk,5,5,0.1,0.9,0.21570623976979014,default,100,9.7,4,1,1,0,0,0.0005961540000498644,
trap_penalty_q_learning_5_q_learning_123_e176afe3,trap_penalty_q_learning_5,q_learning,train,307,123,risk,5,5,0.1,0.9,0.21462770857094118,default,100,9.5,6,1,1,0,0,0.0007006509999882837,
trap_penalty_q_learning_5_q_learning_123_e176afe3,trap_penalty_q_learning_5,q_learning,train,308,123,risk,5,5,0.1,0.9,0.21355457002808648,default,100,6.699999999999999,7,1,1,0,0,0.0007150429999001062,
trap_penalty_q_learning_5_q_learning_123_e176afe3,trap_penalty_q_learning_5,q_learning,train,309,123,risk,5,5,0.1,0.9,0.21248679717794605,default,100,9.7,4,1,1,0,0,0.0005627130001357727,
trap_penalty_q_learning_5_q_learning_123_e176afe3,trap_penalty_q_learning_5,q_learning,train,310,123,risk,5,5,0.1,0.9,0.21142436319205632,default,100,9.7,4,1,1,0,0,0.0005112050000661839,
trap_penalty_q_learning_5_q_learning_123_e176afe3,trap_penalty_q_learning_5,q_learning,train,311,123,risk,5,5,0.1,0.9,0.21036724137609603,default,100,8.3,9,1,1,0,0,0.0009831719999056077,
trap_penalty_q_learning_5_q_learning_123_e176afe3,trap_penalty_q_learning_5,q_learning,train,312,123,risk,5,5,0.1,0.9,0.20931540516921554,default,100,-5.2,3,0,1,0,1,0.0004175730000497424,
trap_penalty_q_learning_5_q_learning_123_e176afe3,trap_penalty_q_learning_5,q_learning,train,313,123,risk,5,5,0.1,0.9,0.20826882814336947,default,100,9.7,4,1,1,0,0,0.000569409000036103,
trap_penalty_q_learning_5_q_learning_123_e176afe3,trap_penalty_q_learning_5,q_learning,train,314,123,risk,5,5,0.1,0.9,0.20722748400265262,default,100,9.7,4,1,1,0,0,0.0004992310000488942,
trap_penalty_q_learning_5_q_learning_123_e176afe3,trap_penalty_q_learning_5,q_learning,train,315,123,risk,5,5,0.1,0.9,0.20619134658263935,default,100,9.5,6,1,1,0,0,0.0006889509998018184,
trap_penalty_q_learning_5_q_learning_123_e176afe3,trap_penalty_q_learning_5,q_learning,train,316,123,risk,5,5,0.1,0.9,0.20516038984972615,default,100,9.7,4,1,1,0,0,0.0005177590001039789,
trap_penalty_q_learning_5_q_learning_123_e176afe3,trap_penalty_q_learning_5,q_learning,train,317,123,risk,5,5,0.1,0.9,0.2041345879004775,default,100,8.7,5,1,1,0,0,0.0005725539999730245,
trap_penalty_q_learning_5_q_learning_123_e176afe3,trap_penalty_q_learning_5,q_learning,train,318,123,risk,5,5,0.1,0.9,0.2031139149609751,default,100,8.7,5,1,1,0,0,0.0005952400001660862,
trap_penalty_q_learning_5_q_learning_123_e176afe3,trap_penalty_q_learning_5,q_learning,train,319,123,risk,5,5,0.1,0.9,0.20209834538617025,default,100,8.7,5,1,1,0,0,0.0005846929998369887,
trap_penalty_q_learning_5_q_learning_123_e176afe3,trap_penalty_q_learning_5,q_learning,train,320,123,risk,5,5,0.1,0.9,0.2010878536592394,default,100,8.5,7,1,1,0,0,0.0006018439999024849,
trap_penalty_q_learning_5_q_learning_123_e176afe3,trap_penalty_q_learning_5,q_learning,train,321,123,risk,5,5,0.1,0.9,0.2000824143909432,default,100,9.5,6,1,1,0,0,0.0007034580000890855,
trap_penalty_q_learning_5_q_learning_123_e176afe3,trap_penalty_q_learning_5,q_learning,train,322,123,risk,5,5,0.1,0.9,0.19908200231898848,default,100,9.5,6,1,1,0,0,0.0006238660000690288,
trap_penalty_q_learning_5_q_learning_123_e176afe3,trap_penalty_q_learning_5,q_learning,train,323,123,risk,5,5,0.1,0.9,0.19808659230739353,default,100,9.7,4,1,1,0,0,0.0005423459999747138,
trap_penalty_q_learning_5_q_learning_123_e176afe3,trap_penalty_q_learning_5,q_learning,train,324,123,risk,5,5,0.1,0.9,0.19709615934585656,default,100,9.7,4,1,1,0,0,0.0005339770000318822,
trap_penalty_q_learning_5_q_learning_123_e176afe3,trap_penalty_q_learning_5,q_learning,train,325,123,risk,5,5,0.1,0.9,0.19611067854912728,default,100,9.7,4,1,1,0,0,0.00048627599994688353,
trap_penalty_q_learning_5_q_learning_123_e176afe3,trap_penalty_q_learning_5,q_learning,train,326,123,risk,5,5,0.1,0.9,0.19513012515638165,default,100,9.5,6,1,1,0,0,0.0007598699999107339,
trap_penalty_q_learning_5_q_learning_123_e176afe3,trap_penalty_q_learning_5,q_learning,train,327,123,risk,5,5,0.1,0.9,0.19415447453059972,default,100,9.7,4,1,1,0,0,0.0005862370001068484,
trap_penalty_q_learning_5_q_learning_123_e176afe3,trap_penalty_q_learning_5,q_learning,train,328,123,risk,5,5,0.1,0.9,0.19318370215794672,default,100,9.7,4,1,1,0,0,0.0005309799998940434,
trap_penalty_q_learning_5_q_learning_123_e176afe3,trap_penalty_q_learning_5,q_learning,train,329,123,risk,5,5,0.1,0.9,0.192217783647157,default,100,8.7,5,1,1,0,0,0.0005699869998352369,
trap_penalty_q_learning_5_q_learning_123_e176afe3,trap_penalty_q_learning_5,q_learning,train,330,123,risk,5,5,0.1,0.9,0.1912566947289212,default,100,9.3,8,1,1,0,0,0.000848442000005889,
trap_penalty_q_learning_5_q_learning_123_e176afe3,trap_penalty_q_learning_5,q_learning,train,331,123,risk,5,5,0.1,0.9,0.1903004112552766,default,100,9.7,4,1,1,0,0,0.00051591900000858,
trap_penalty_q_learning_5_q_learning_123_e176afe3,trap_penalty_q_learning_5,q_learning,train,332,123,risk,5,5,0.1,0.9,0.18934890919900021,default,100,9.7,4,1,1,0,0,0.0004696240000612306,
trap_penalty_q_learning_5_q_learning_123_e176afe3,trap_penalty_q_learning_5,q_learning,train,333,123,risk,5,5,0.1,0.9,0.18840216465300522,default,100,7.5,8,1,1,0,0,0.0008152529999279068,
trap_penalty_q_learning_5_q_learning_123_e176afe3,trap_penalty_q_learning_5,q_learning,train,334,123,risk,5,5,0.1,0.9,0.18746015382974018,default,100,8.7,5,1,1,0,0,0.0006202019999363984,
trap_penalty_q_learning_5_q_learning_123_e176afe3,trap_penalty_q_learning_5,q_learning,train,335,123,risk,5,5,0.1,0.9,0.1865228530605915,default,100,8.7,5,1,1,0,0,0.0006008039999869652,
trap_penalty_q_learning_5_q_learning_123_e176afe3,trap_penalty_q_learning_5,q_learning,train,336,123,risk,5,5,0.1,0.9,0.18559023879528855,default,100,-7.2,5,0,1,0,1,0.0004631749998225132,
trap_penalty_q_learning_5_q_learning_123_e176afe3,trap_penalty_q_learning_5,q_learning,train,337,123,risk,5,5,0.1,0.9,0.1846622876013121,default,100,9.7,4,1,1,0,0,0.000529636000010214,
trap_penalty_q_learning_5_q_learning_123_e176afe3,trap_penalty_q_learning_5,q_learning,train,338,123,risk,5,5,0.1,0.9,0.18373897616330553,default,100,8.5,7,1,1,0,0,0.0007547570000951964,
trap_penalty_q_learning_5_q_learning_123_e176afe3,trap_penalty_q_learning_5,q_learning,train,339,123,risk,5,5,0.1,0.9,0.182820281282489,default,100,9.7,4,1,1,0,0,0.0005118680001032772,
trap_penalty_q_learning_5_q_learning_123_e176afe3,trap_penalty_q_learning_5,q_learning,train,340,123,risk,5,5,0.1,0.9,0.18190617987607657,default,100,9.7,4,1,1,0,0,0.0005305739998675563,
trap_penalty_q_learning_5_q_learning_123_e176afe3,trap_penalty_q_learning_5,q_learning,train,341,123,risk,5,5,0.1,0.9,0.18099664897669618,default,100,9.7,4,1,1,0,0,0.0005644360001042514,
trap_penalty_q_learning_5_q_learning_123_e176afe3,trap_penalty_q_learning_5,q_learning,train,342,123,risk,5,5,0.1,0.9,0.1800916657318127,default,100,-5.2,3,0,1,0,1,0.00037870799997108406,
trap_penalty_q_learning_5_q_learning_123_e176afe3,trap_penalty_q_learning_5,q_learning,train,343,123,risk,5,5,0.1,0.9,0.17919120740315364,default,100,9.7,4,1,1,0,0,0.0005232140001680818,
trap_penalty_q_learning_5_q_learning_123_e176afe3,trap_penalty_q_learning_5,q_learning,train,344,123,risk,5,5,0.1,0.9,0.17829525136613786,default,100,9.7,4,1,1,0,0,0.0005271790000733745,
trap_penalty_q_learning_5_q_learning_123_e176afe3,trap_penalty_q_learning_5,q_learning,train,345,123,risk,5,5,0.1,0.9,0.17740377510930716,default,100,9.7,4,1,1,0,0,0.0005207959998188016,
trap_penalty_q_learning_5_q_learning_123_e176afe3,trap_penalty_q_learning_5,q_learning,train,346,123,risk,5,5,0.1,0.9,0.17651675623376062,default,100,8.3,9,1,1,0,0,0.0008027500000480359,
trap_penalty_q_learning_5_q_learning_123_e176afe3,trap_penalty_q_learning_5,q_learning,train,347,123,risk,5,5,0.1,0.9,0.1756341724525918,default,100,9.7,4,1,1,0,0,0.000519356000040716,
trap_penalty_q_learning_5_q_learning_123_e176afe3,trap_penalty_q_learning_5,q_learning,train,348,123,risk,5,5,0.1,0.9,0.17475600159032884,default,100,9.7,4,1,1,0,0,0.0004741729999295785,
trap_penalty_q_learning_5_q_learning_123_e176afe3,trap_penalty_q_learning_5,q_learning,train,349,123,risk,5,5,0.1,0.9,0.17388222158237718,default,100,9.7,4,1,1,0,0,0.0005402660001436743,
trap_penalty_q_learning_5_q_learning_123_e176afe3,trap_penalty_q_learning_5,q_learning,train,350,123,risk,5,5,0.1,0.9,0.1730128104744653,default,100,9.7,4,1,1,0,0,0.000529234000168799,
trap_penalty_q_learning_5_q_learning_123_e176afe3,trap_penalty_q_learning_5,q_learning,train,351,123,risk,5,5,0.1,0.9,0.17214774642209296,default,100,9.7,4,1,1,0,0,0.00046839300011924934,
trap_penalty_q_learning_5_q_learning_123_e176afe3,trap_penalty_q_learning_5,q_learning,train,352,123,risk,5,5,0.1,0.9,0.1712870076899825,default,100,9.5,6,1,1,0,0,0.0006638649999786139,
trap_penalty_q_learning_5_q_learning_123_e176afe3,trap_penalty_q_learning_5,q_learning,train,353,123,risk,5,5,0.1,0.9,0.17043057265153258,default,100,8.7,5,1,1,0,0,0.0005165969998870423,
trap_penalty_q_learning_5_q_learning_123_e176afe3,trap_penalty_q_learning_5,q_learning,train,354,123,risk,5,5,0.1,0.9,0.16957841978827493,default,100,9.5,6,1,1,0,0,0.0006049369999345799,
trap_penalty_q_learning_5_q_learning_123_e176afe3,trap_penalty_q_learning_5,q_learning,train,355,123,risk,5,5,0.1,0.9,0.16873052768933355,default,100,8.7,5,1,1,0,0,0.0005723799999941548,
trap_penalty_q_learning_5_q_learning_123_e176afe3,trap_penalty_q_learning_5,q_learning,train,356,123,risk,5,5,0.1,0.9,0.1678868750508869,default,100,8.7,5,1,1,0,0,0.000607899999977235,
trap_penalty_q_learning_5_q_learning_123_e176afe3,trap_penalty_q_learning_5,q_learning,train,357,123,risk,5,5,0.1,0.9,0.16704744067563246,default,100,9.7,4,1,1,0,0,0.0005188229999930627,
trap_penalty_q_learning_5_q_learning_123_e176afe3,trap_penalty_q_learning_5,q_learning,train,358,123,risk,5,5,0.1,0.9,0.1662122034722543,default,100,9.7,4,1,1,0,0,0.0004681840000557713,
trap_penalty_q_learning_5_q_learning_123_e176afe3,trap_penalty_q_learning_5,q_learning,train,359,123,risk,5,5,0.1,0.9,0.16538114245489302,default,100,9.7,4,1,1,0,0,0.0005156790000455658,
trap_penalty_q_learning_5_q_learning_123_e176afe3,trap_penalty_q_learning_5,q_learning,train,360,123,risk,5,5,0.1,0.9,0.16455423674261854,default,100,9.7,4,1,1,0,0,0.0005281149999518675,
trap_penalty_q_learning_5_q_learning_123_e176afe3,trap_penalty_q_learning_5,q_learning,train,361,123,risk,5,5,0.1,0.9,0.16373146555890544,default,100,8.7,5,1,1,0,0,0.0006032890000824409,
trap_penalty_q_learning_5_q_learning_123_e176afe3,trap_penalty_q_learning_5,q_learning,train,362,123,risk,5,5,0.1,0.9,0.16291280823111093,default,100,9.1,10,1,1,0,0,0.0009762879999470897,
trap_penalty_q_learning_5_q_learning_123_e176afe3,trap_penalty_q_learning_5,q_learning,train,363,123,risk,5,5,0.1,0.9,0.16209824418995536,default,100,9.7,4,1,1,0,0,0.0005345189999843569,
trap_penalty_q_learning_5_q_learning_123_e176afe3,trap_penalty_q_learning_5,q_learning,train,364,123,risk,5,5,0.1,0.9,0.16128775296900558,default,100,9.7,4,1,1,0,0,0.0005221359999723063,
trap_penalty_q_learning_5_q_learning_123_e176afe3,trap_penalty_q_learning_5,q_learning,train,365,123,risk,5,5,0.1,0.9,0.16048131420416054,default,100,7.699999999999999,6,1,1,0,0,0.0006205519998729869,
trap_penalty_q_learning_5_q_learning_123_e176afe3,trap_penalty_q_learning_5,q_learning,train,366,123,risk,5,5,0.1,0.9,0.15967890763313974,default,100,9.7,4,1,1,0,0,0.0005608219998975983,
trap_penalty_q_learning_5_q_learning_123_e176afe3,trap_penalty_q_learning_5,q_learning,train,367,123,risk,5,5,0.1,0.9,0.15888051309497406,default,100,9.7,4,1,1,0,0,0.0006050389999927575,
trap_penalty_q_learning_5_q_learning_123_e176afe3,trap_penalty_q_learning_5,q_learning,train,368,123,risk,5,5,0.1,0.9,0.1580861105294992,default,100,9.5,6,1,1,0,0,0.000755232000074102,
trap_penalty_q_learning_5_q_learning_123_e176afe3,trap_penalty_q_learning_5,q_learning,train,369,123,risk,5,5,0.1,0.9,0.1572956799768517,default,100,9.7,4,1,1,0,0,0.0005200369998874521,
trap_penalty_q_learning_5_q_learning_123_e176afe3,trap_penalty_q_learning_5,q_learning,train,370,123,risk,5,5,0.1,0.9,0.15650920157696743,default,100,9.7,4,1,1,0,0,0.0005237420000412385,
trap_penalty_q_learning_5_q_learning_123_e176afe3,trap_penalty_q_learning_5,q_learning,train,371,123,risk,5,5,0.1,0.9,0.1557266555690826,default,100,9.7,4,1,1,0,0,0.0004710670000349637,
trap_penalty_q_learning_5_q_learning_123_e176afe3,trap_penalty_q_learning_5,q_learning,train,372,123,risk,5,5,0.1,0.9,0.1549480222912372,default,100,7.699999999999999,6,1,1,0,0,0.0006284130001859012,
trap_penalty_q_learning_5_q_learning_123_e176afe3,trap_penalty_q_learning_5,q_learning,train,373,123,risk,5,5,0.1,0.9,0.15417328217978102,default,100,9.7,4,1,1,0,0,0.0005329509999683069,
trap_penalty_q_learning_5_q_learning_123_e176afe3,trap_penalty_q_learning_5,q_learning,train,374,123,risk,5,5,0.1,0.9,0.1534024157688821,default,100,8.5,7,1,1,0,0,0.000620575999846551,
trap_penalty_q_learning_5_q_learning_123_e176afe3,trap_penalty_q_learning_5,q_learning,train,375,123,risk,5,5,0.1,0.9,0.1526354036900377,default,100,9.7,4,1,1,0,0,0.0005349870000372903,
trap_penalty_q_learning_5_q_learning_123_e176afe3,trap_penalty_q_learning_5,q_learning,train,376,123,risk,5,5,0.1,0.9,0.1518722266715875,default,100,9.7,4,1,1,0,0,0.000515974999871105,
trap_penalty_q_learning_5_q_learning_123_e176afe3,trap_penalty_q_learning_5,q_learning,train,377,123,risk,5,5,0.1,0.9,0.15111286553822956,default,100,9.7,4,1,1,0,0,0.0005278759999782778,
trap_penalty_q_learning_5_q_learning_123_e176afe3,trap_penalty_q_learning_5,q_learning,train,378,123,risk,5,5,0.1,0.9,0.15035730121053842,default,100,9.3,8,1,1,0,0,0.0008293770001728262,
trap_penalty_q_learning_5_q_learning_123_e176afe3,trap_penalty_q_learning_5,q_learning,train,379,123,risk,5,5,0.1,0.9,0.14960551470448571,default,100,9.7,4,1,1,0,0,0.0005181819999506843,
trap_penalty_q_learning_5_q_learning_123_e176afe3,trap_penalty_q_learning_5,q_learning,train,380,123,risk,5,5,0.1,0.9,0.14885748713096328,default,100,8.7,5,1,1,0,0,0.0005762410000897944,
trap_penalty_q_learning_5_q_learning_123_e176afe3,trap_penalty_q_learning_5,q_learning,train,381,123,risk,5,5,0.1,0.9,0.14811319969530845,default,100,9.7,4,1,1,0,0,0.0005350419999103906,
trap_penalty_q_learning_5_q_learning_123_e176afe3,trap_penalty_q_learning_5,q_learning,train,382,123,risk,5,5,0.1,0.9,0.1473726336968319,default,100,8.5,7,1,1,0,0,0.0007986529999470804,
trap_penalty_q_learning_5_q_learning_123_e176afe3,trap_penalty_q_learning_5,q_learning,train,383,123,risk,5,5,0.1,0.9,0.14663577052834775,default,100,9.7,4,1,1,0,0,0.00041351899994879204,
trap_penalty_q_learning_5_q_learning_123_e176afe3,trap_penalty_q_learning_5,q_learning,train,384,123,risk,5,5,0.1,0.9,0.14590259167570602,default,100,7.7,6,1,1,0,0,0.0006063200000880897,
trap_penalty_q_learning_5_q_learning_123_e176afe3,trap_penalty_q_learning_5,q_learning,train,385,123,risk,5,5,0.1,0.9,0.1451730787173275,default,100,9.7,4,1,1,0,0,0.0005338070000107109,
trap_penalty_q_learning_5_q_learning_123_e176afe3,trap_penalty_q_learning_5,q_learning,train,386,123,risk,5,5,0.1,0.9,0.14444721332374086,default,100,9.7,4,1,1,0,0,0.0005406190000485367,
trap_penalty_q_learning_5_q_learning_123_e176afe3,trap_penalty_q_learning_5,q_learning,train,387,123,risk,5,5,0.1,0.9,0.14372497725712216,default,100,9.7,4,1,1,0,0,0.0005283200000576471,
trap_penalty_q_learning_5_q_learning_123_e176afe3,trap_penalty_q_learning_5,q_learning,train,388,123,risk,5,5,0.1,0.9,0.14300635237083656,default,100,9.7,4,1,1,0,0,0.000512862000050518,
trap_penalty_q_learning_5_q_learning_123_e176afe3,trap_penalty_q_learning_5,q_learning,train,389,123,risk,5,5,0.1,0.9,0.14229132060898236,default,100,8.7,5,1,1,0,0,0.0006164119999994,
trap_penalty_q_learning_5_q_learning_123_e176afe3,trap_penalty_q_learning_5,q_learning,train,390,123,risk,5,5,0.1,0.9,0.14157986400593744,default,100,9.7,4,1,1,0,0,0.000597848999859707,
trap_penalty_q_learning_5_q_learning_123_e176afe3,trap_penalty_q_learning_5,q_learning,train,391,123,risk,5,5,0.1,0.9,0.14087196468590776,default,100,9.7,4,1,1,0,0,0.0005693509999673552,
trap_penalty_q_learning_5_q_learning_123_e176afe3,trap_penalty_q_learning_5,q_learning,train,392,123,risk,5,5,0.1,0.9,0.14016760486247823,default,100,9.7,4,1,1,0,0,0.0005826250001064182,
trap_penalty_q_learning_5_q_learning_123_e176afe3,trap_penalty_q_learning_5,q_learning,train,393,123,risk,5,5,0.1,0.9,0.13946676683816583,default,100,-5.6,7,0,1,0,1,0.0007488769999781653,
trap_penalty_q_learning_5_q_learning_123_e176afe3,trap_penalty_q_learning_5,q_learning,train,394,123,risk,5,5,0.1,0.9,0.138769433003975,default,100,9.7,4,1,1,0,0,0.0005950170000232902,
trap_penalty_q_learning_5_q_learning_123_e176afe3,trap_penalty_q_learning_5,q_learning,train,395,123,risk,5,5,0.1,0.9,0.13807558583895513,default,100,9.7,4,1,1,0,0,0.0005328269999154145,
trap_penalty_q_learning_5_q_learning_123_e176afe3,trap_penalty_q_learning_5,q_learning,train,396,123,risk,5,5,0.1,0.9,0.13738520790976036,default,100,9.5,6,1,1,0,0,0.0006588219998775457,
trap_penalty_q_learning_5_q_learning_123_e176afe3,trap_penalty_q_learning_5,q_learning,train,397,123,risk,5,5,0.1,0.9,0.13669828187021155,default,100,9.7,4,1,1,0,0,0.0005261770002107369,
trap_penalty_q_learning_5_q_learning_123_e176afe3,trap_penalty_q_learning_5,q_learning,train,398,123,risk,5,5,0.1,0.9,0.13601479046086049,default,100,8.7,5,1,1,0,0,0.0005608279998341459,
trap_penalty_q_learning_5_q_learning_123_e176afe3,trap_penalty_q_learning_5,q_learning,train,399,123,risk,5,5,0.1,0.9,0.1353347165085562,default,100,8.7,5,1,1,0,0,0.0006155190001209121,
trap_penalty_q_learning_5_q_learning_123_e176afe3,trap_penalty_q_learning_5,q_learning,train,400,123,risk,5,5,0.1,0.9,0.1346580429260134,default,100,9.5,6,1,1,0,0,0.0006396070000391774,results/trap_penalty/q_learning/trap_5/seed_123/qtable_ep400.npz
trap_penalty_q_learning_5_q_learning_123_e176afe3,trap_penalty_q_learning_5,q_learning,train,401,123,risk,5,5,0.1,0.9,0.13398475271138335,default,100,9.7,4,1,1,0,0,0.0004900429998997424,
trap_penalty_q_learning_5_q_learning_123_e176afe3,trap_penalty_q_learning_5,q_learning,train,402,123,risk,5,5,0.1,0.9,0.13331482894782642,default,100,9.7,4,1,1,0,0,0.000569233999840435,
trap_penalty_q_learning_5_q_learning_123_e176afe3,trap_penalty_q_learning_5,q_learning,train,403,123,risk,5,5,0.1,0.9,0.13264825480308728,default,100,9.7,4,1,1,0,0,0.000543249000202195,
trap_penalty_q_learning_5_q_learning_123_e176afe3,trap_penalty_q_learning_5,q_learning,train,404,123,risk,5,5,0.1,0.9,0.13198501352907185,default,100,9.5,6,1,1,0,0,0.0006696930001908186,
trap_penalty_q_learning_5_q_learning_123_e176afe3,trap_penalty_q_learning_5,q_learning,train,405,123,risk,5,5,0.1,0.9,0.1313250884614265,default,100,9.7,4,1,1,0,0,0.0005342580000160524,
trap_penalty_q_learning_5_q_learning_123_e176afe3,trap_penalty_q_learning_5,q_learning,train,406,123,risk,5,5,0.1,0.9,0.13066846301911936,default,100,9.5,6,1,1,0,0,0.000664831000221966,
trap_penalty_q_learning_5_q_learning_123_e176afe3,trap_penalty_q_learning_5,q_learning,train,407,123,risk,5,5,0.1,0.9,0.13001512070402377,default,100,9.7,4,1,1,0,0,0.0005337169998256286,
trap_penalty_q_learning_5_q_learning_123_e176afe3,trap_penalty_q_learning_5,q_learning,train,408,123,risk,5,5,0.1,0.9,0.12936504510050365,default,100,9.7,4,1,1,0,0,0.0005250340000202414,
trap_penalty_q_learning_5_q_learning_123_e176afe3,trap_penalty_q_learning_5,q_learning,train,409,123,risk,5,5,0.1,0.9,0.12871821987500112,default,100,9.7,4,1,1,0,0,0.0005413199999111384,
trap_penalty_q_learning_5_q_learning_123_e176afe3,trap_penalty_q_learning_5,q_learning,train,410,123,risk,5,5,0.1,0.9,0.12807462877562611,default,100,9.7,4,1,1,0,0,0.0005405950000749726,
trap_penalty_q_learning_5_q_learning_123_e176afe3,trap_penalty_q_learning_5,q_learning,train,411,123,risk,5,5,0.1,0.9,0.12743425563174798,default,100,9.7,4,1,1,0,0,0.0005188840000300843,
trap_penalty_q_learning_5_q_learning_123_e176afe3,trap_penalty_q_learning_5,q_learning,train,412,123,risk,5,5,0.1,0.9,0.12679708435358925,default,100,7.699999999999999,6,1,1,0,0,0.0006166189998566551,
trap_penalty_q_learning_5_q_learning_123_e176afe3,trap_penalty_q_learning_5,q_learning,train,413,123,risk,5,5,0.1,0.9,0.1261630989318213,default,100,9.5,6,1,1,0,0,0.0005471009999382659,
trap_penalty_q_learning_5_q_learning_123_e176afe3,trap_penalty_q_learning_5,q_learning,train,414,123,risk,5,5,0.1,0.9,0.1255322834371622,default,100,9.7,4,1,1,0,0,0.0005308920001425577,
trap_penalty_q_learning_5_q_learning_123_e176afe3,trap_penalty_q_learning_5,q_learning,train,415,123,risk,5,5,0.1,0.9,0.12490462201997637,default,100,9.5,6,1,1,0,0,0.0006746550000116258,
trap_penalty_q_learning_5_q_learning_123_e176afe3,trap_penalty_q_learning_5,q_learning,train,416,123,risk,5,5,0.1,0.9,0.1242800989098765,default,100,9.7,4,1,1,0,0,0.0005489070001658547,
trap_penalty_q_learning_5_q_learning_123_e176afe3,trap_penalty_q_learning_5,q_learning,train,417,123,risk,5,5,0.1,0.9,0.12365869841532712,default,100,9.7,4,1,1,0,0,0.0005345509998733178,
trap_penalty_q_learning_5_q_learning_123_e176afe3,trap_penalty_q_learning_5,q_learning,train,418,123,risk,5,5,0.1,0.9,0.12304040492325048,default,100,9.5,6,1,1,0,0,0.0006640530000368017,
trap_penalty_q_learning_5_q_learning_123_e176afe3,trap_penalty_q_learning_5,q_learning,train,419,123,risk,5,5,0.1,0.9,0.12242520289863423,default,100,9.7,4,1,1,0,0,0.0005300039999838191,
trap_penalty_q_learning_5_q_learning_123_e176afe3,trap_penalty_q_learning_5,q_learning,train,420,123,risk,5,5,0.1,0.9,0.12181307688414106,default,100,8.7,5,1,1,0,0,0.0005639940000037313,
trap_penalty_q_learning_5_q_learning_123_e176afe3,trap_penalty_q_learning_5,q_learning,train,421,123,risk,5,5,0.1,0.9,0.12120401149972035,default,100,9.7,4,1,1,0,0,0.0006363420000070619,
trap_penalty_q_learning_5_q_learning_123_e176afe3,trap_penalty_q_learning_5,q_learning,train,422,123,risk,5,5,0.1,0.9,0.12059799144222175,default,100,9.7,4,1,1,0,0,0.0005808269997942261,
trap_penalty_q_learning_5_q_learning_123_e176afe3,trap_penalty_q_learning_5,q_learning,train,423,123,risk,5,5,0.1,0.9,0.11999500148501063,default,100,9.7,4,1,1,0,0,0.0005838760000642651,
trap_penalty_q_learning_5_q_learning_123_e176afe3,trap_penalty_q_learning_5,q_learning,train,424,123,risk,5,5,0.1,0.9,0.11939502647758558,default,100,8.7,5,1,1,0,0,0.0005638990000988997,
trap_penalty_q_learning_5_q_learning_123_e176afe3,trap_penalty_q_learning_5,q_learning,train,425,123,risk,5,5,0.1,0.9,0.11879805134519765,default,100,9.7,4,1,1,0,0,0.0005322790000263922,
trap_penalty_q_learning_5_q_learning_123_e176afe3,trap_penalty_q_learning_5,q_learning,train,426,123,risk,5,5,0.1,0.9,0.11820406108847166,default,100,9.7,4,1,1,0,0,0.0005212109999774839,
trap_penalty_q_learning_5_q_learning_123_e176afe3,trap_penalty_q_learning_5,q_learning,train,427,123,risk,5,5,0.1,0.9,0.1176130407830293,default,100,9.7,4,1,1,0,0,0.0005233100000623381,
trap_penalty_q_learning_5_q_learning_123_e176afe3,trap_penalty_q_learning_5,q_learning,train,428,123,risk,5,5,0.1,0.9,0.11702497557911415,default,100,9.7,4,1,1,0,0,0.0006291970000802394,
trap_penalty_q_learning_5_q_learning_123_e176afe3,trap_penalty_q_learning_5,q_learning,train,429,123,risk,5,5,0.1,0.9,0.11643985070121858,default,100,9.7,4,1,1,0,0,0.0005759349999152619,
trap_penalty_q_learning_5_q_learning_123_e176afe3,trap_penalty_q_learning_5,q_learning,train,430,123,risk,5,5,0.1,0.9,0.11585765144771248,default,100,9.7,4,1,1,0,0,0.0005836380000801,
trap_penalty_q_learning_5_q_learning_123_e176afe3,trap_penalty_q_learning_5,q_learning,train,431,123,risk,5,5,0.1,0.9,0.11527836319047392,default,100,9.7,4,1,1,0,0,0.000561084999844752,
trap_penalty_q_learning_5_q_learning_123_e176afe3,trap_penalty_q_learning_5,q_learning,train,432,123,risk,5,5,0.1,0.9,0.11470197137452155,default,100,9.5,6,1,1,0,0,0.0006756870000117488,
trap_penalty_q_learning_5_q_learning_123_e176afe3,trap_penalty_q_learning_5,q_learning,train,433,123,risk,5,5,0.1,0.9,0.11412846151764894,default,100,9.7,4,1,1,0,0,0.0005152010000983864,
trap_penalty_q_learning_5_q_learning_123_e176afe3,trap_penalty_q_learning_5,q_learning,train,434,123,risk,5,5,0.1,0.9,0.1135578192100607,default,100,9.7,4,1,1,0,0,0.0005487619998802984,
trap_penalty_q_learning_5_q_learning_123_e176afe3,trap_penalty_q_learning_5,q_learning,train,435,123,risk,5,5,0.1,0.9,0.11299003011401039,default,100,8.3,9,1,1,0,0,0.0008707499998763524,
trap_penalty_q_learning_5_q_learning_123_e176afe3,trap_penalty_q_learning_5,q_learning,train,436,123,risk,5,5,0.1,0.9,0.11242507996344034,default,100,9.5,6,1,1,0,0,0.0006847449999440869,
trap_penalty_q_learning_5_q_learning_123_e176afe3,trap_penalty_q_learning_5,q_learning,train,437,123,risk,5,5,0.1,0.9,0.11186295456362313,default,100,9.7,4,1,1,0,0,0.0005185529998925631,
trap_penalty_q_learning_5_q_learning_123_e176afe3,trap_penalty_q_learning_5,q_learning,train,438,123,risk,5,5,0.1,0.9,0.11130363979080501,default,100,9.7,4,1,1,0,0,0.0005281200001263642,
trap_penalty_q_learning_5_q_learning_123_e176afe3,trap_penalty_q_learning_5,q_learning,train,439,123,risk,5,5,0.1,0.9,0.11074712159185099,default,100,9.7,4,1,1,0,0,0.0005151210000349238,
trap_penalty_q_learning_5_q_learning_123_e176afe3,trap_penalty_q_learning_5,q_learning,train,440,123,risk,5,5,0.1,0.9,0.11019338598389174,default,100,9.7,4,1,1,0,0,0.0005248959998880309,
trap_penalty_q_learning_5_q_learning_123_e176afe3,trap_penalty_q_learning_5,q_learning,train,441,123,risk,5,5,0.1,0.9,0.10964241905397228,default,100,9.7,4,1,1,0,0,0.0005487990001711296,
trap_penalty_q_learning_5_q_learning_123_e176afe3,trap_penalty_q_learning_5,q_learning,train,442,123,risk,5,5,0.1,0.9,0.10909420695870241,default,100,9.7,4,1,1,0,0,0.0005601220000244211,
trap_penalty_q_learning_5_q_learning_123_e176afe3,trap_penalty_q_learning_5,q_learning,train,443,123,risk,5,5,0.1,0.9,0.1085487359239089,default,100,9.7,4,1,1,0,0,0.0005876519999219454,
trap_penalty_q_learning_5_q_learning_123_e176afe3,trap_penalty_q_learning_5,q_learning,train,444,123,risk,5,5,0.1,0.9,0.10800599224428936,default,100,9.7,4,1,1,0,0,0.0005707249999886699,
trap_penalty_q_learning_5_q_learning_123_e176afe3,trap_penalty_q_learning_5,q_learning,train,445,123,risk,5,5,0.1,0.9,0.10746596228306791,default,100,9.7,4,1,1,0,0,0.0006027050001193857,
trap_penalty_q_learning_5_q_learning_123_e176afe3,trap_penalty_q_learning_5,q_learning,train,446,123,risk,5,5,0.1,0.9,0.10692863247165257,default,100,9.7,4,1,1,0,0,0.0005955439999070222,
trap_penalty_q_learning_5_q_learning_123_e176afe3,trap_penalty_q_learning_5,q_learning,train,447,123,risk,5,5,0.1,0.9,0.1063939893092943,default,100,8.5,7,1,1,0,0,0.0007807609999872511,
trap_penalty_q_learning_5_q_learning_123_e176afe3,trap_penalty_q_learning_5,q_learning,train,448,123,risk,5,5,0.1,0.9,0.10586201936274783,default,100,9.7,4,1,1,0,0,0.0005221179999352898,
trap_penalty_q_learning_5_q_learning_123_e176afe3,trap_penalty_q_learning_5,q_learning,train,449,123,risk,5,5,0.1,0.9,0.10533270926593409,default,100,9.5,6,1,1,0,0,0.0007414750000407366,
trap_penalty_q_learning_5_q_learning_123_e176afe3,trap_penalty_q_learning_5,q_learning,train,450,123,risk,5,5,0.1,0.9,0.10480604571960442,default,100,8.7,5,1,1,0,0,0.0006157409998195362,
trap_penalty_q_learning_5_q_learning_123_e176afe3,trap_penalty_q_learning_5,q_learning,train,451,123,risk,5,5,0.1,0.9,0.1042820154910064,default,100,8.5,7,1,1,0,0,0.0008333830000992748,
trap_penalty_q_learning_5_q_learning_123_e176afe3,trap_penalty_q_learning_5,q_learning,train,452,123,risk,5,5,0.1,0.9,0.10376060541355137,default,100,9.7,4,1,1,0,0,0.0005971799998860661,
trap_penalty_q_learning_5_q_learning_123_e176afe3,trap_penalty_q_learning_5,q_learning,train,453,123,risk,5,5,0.1,0.9,0.1032418023864836,default,100,9.5,6,1,1,0,0,0.000735716000008324,
trap_penalty_q_learning_5_q_learning_123_e176afe3,trap_penalty_q_learning_5,q_learning,train,454,123,risk,5,5,0.1,0.9,0.10272559337455119,default,100,9.7,4,1,1,0,0,0.0005218190001414769,
trap_penalty_q_learning_5_q_learning_123_e176afe3,trap_penalty_q_learning_5,q_learning,train,455,123,risk,5,5,0.1,0.9,0.10221196540767843,default,100,8.7,5,1,1,0,0,0.0005702959999780433,
trap_penalty_q_learning_5_q_learning_123_e176afe3,trap_penalty_q_learning_5,q_learning,train,456,123,risk,5,5,0.1,0.9,0.10170090558064004,default,100,9.5,6,1,1,0,0,0.0007345579999764595,
trap_penalty_q_learning_5_q_learning_123_e176afe3,trap_penalty_q_learning_5,q_learning,train,457,123,risk,5,5,0.1,0.9,0.10119240105273684,default,100,9.7,4,1,1,0,0,0.0005969389999336272,
trap_penalty_q_learning_5_q_learning_123_e176afe3,trap_penalty_q_learning_5,q_learning,train,458,123,risk,5,5,0.1,0.9,0.10068643904747315,default,100,9.7,4,1,1,0,0,0.0005981750000501052,
trap_penalty_q_learning_5_q_learning_123_e176afe3,trap_penalty_q_learning_5,q_learning,train,459,123,risk,5,5,0.1,0.9,0.10018300685223579,default,100,9.7,4,1,1,0,0,0.0005758620000051451,
trap_penalty_q_learning_5_q_learning_123_e176afe3,trap_penalty_q_learning_5,q_learning,train,460,123,risk,5,5,0.1,0.9,0.0996820918179746,default,100,9.7,4,1,1,0,0,0.0005837819999214844,
trap_penalty_q_learning_5_q_learning_123_e176afe3,trap_penalty_q_learning_5,q_learning,train,461,123,risk,5,5,0.1,0.9,0.09918368135888474,default,100,-5.2,3,0,1,0,1,0.0004280289999769593,
trap_penalty_q_learning_5_q_learning_123_e176afe3,trap_penalty_q_learning_5,q_learning,train,462,123,risk,5,5,0.1,0.9,0.09868776295209031,default,100,9.7,4,1,1,0,0,0.0006155930000204535,
trap_penalty_q_learning_5_q_learning_123_e176afe3,trap_penalty_q_learning_5,q_learning,train,463,123,risk,5,5,0.1,0.9,0.09819432413732986,default,100,8.7,5,1,1,0,0,0.0006435299999338895,
trap_penalty_q_learning_5_q_learning_123_e176afe3,trap_penalty_q_learning_5,q_learning,train,464,123,risk,5,5,0.1,0.9,0.09770335251664321,default,100,9.7,4,1,1,0,0,0.000571386000046914,
trap_penalty_q_learning_5_q_learning_123_e176afe3,trap_penalty_q_learning_5,q_learning,train,465,123,risk,5,5,0.1,0.9,0.09721483575406,default,100,9.7,4,1,1,0,0,0.0005855520000750403,
trap_penalty_q_learning_5_q_learning_123_e176afe3,trap_penalty_q_learning_5,q_learning,train,466,123,risk,5,5,0.1,0.9,0.09672876157528969,default,100,9.7,4,1,1,0,0,0.0005862259999958042,
trap_penalty_q_learning_5_q_learning_123_e176afe3,trap_penalty_q_learning_5,q_learning,train,467,123,risk,5,5,0.1,0.9,0.09624511776741324,default,100,8.7,5,1,1,0,0,0.0006185030001688574,
trap_penalty_q_learning_5_q_learning_123_e176afe3,trap_penalty_q_learning_5,q_learning,train,468,123,risk,5,5,0.1,0.9,0.09576389217857617,default,100,9.7,4,1,1,0,0,0.0005825599998843245,
trap_penalty_q_learning_5_q_learning_123_e176afe3,trap_penalty_q_learning_5,q_learning,train,469,123,risk,5,5,0.1,0.9,0.09528507271768329,default,100,9.7,4,1,1,0,0,0.0006059479999294126,
trap_penalty_q_learning_5_q_learning_123_e176afe3,trap_penalty_q_learning_5,q_learning,train,470,123,risk,5,5,0.1,0.9,0.09480864735409487,default,100,9.7,4,1,1,0,0,0.000585406000027433,
trap_penalty_q_learning_5_q_learning_123_e176afe3,trap_penalty_q_learning_5,q_learning,train,471,123,risk,5,5,0.1,0.9,0.0943346041173244,default,100,9.7,4,1,1,0,0,0.0005269020000469027,
trap_penalty_q_learning_5_q_learning_123_e176afe3,trap_penalty_q_learning_5,q_learning,train,472,123,risk,5,5,0.1,0.9,0.09386293109673778,default,100,9.7,4,1,1,0,0,0.0005698100001154671,
trap_penalty_q_learning_5_q_learning_123_e176afe3,trap_penalty_q_learning_5,q_learning,train,473,123,risk,5,5,0.1,0.9,0.09339361644125409,default,100,9.7,4,1,1,0,0,0.0005827799998314731,
trap_penalty_q_learning_5_q_learning_123_e176afe3,trap_penalty_q_learning_5,q_learning,train,474,123,risk,5,5,0.1,0.9,0.09292664835904782,default,100,9.3,8,1,1,0,0,0.0009086070001558255,
trap_penalty_q_learning_5_q_learning_123_e176afe3,trap_penalty_q_learning_5,q_learning,train,475,123,risk,5,5,0.1,0.9,0.09246201511725258,default,100,9.7,4,1,1,0,0,0.0005965519999335811,
trap_penalty_q_learning_5_q_learning_123_e176afe3,trap_penalty_q_learning_5,q_learning,train,476,123,risk,5,5,0.1,0.9,0.09199970504166631,default,100,8.7,5,1,1,0,0,0.0006366229999912321,
trap_penalty_q_learning_5_q_learning_123_e176afe3,trap_penalty_q_learning_5,q_learning,train,477,123,risk,5,5,0.1,0.9,0.09153970651645797,default,100,9.7,4,1,1,0,0,0.0005281119999835937,
trap_penalty_q_learning_5_q_learning_123_e176afe3,trap_penalty_q_learning_5,q_learning,train,478,123,risk,5,5,0.1,0.9,0.09108200798387568,default,100,9.7,4,1,1,0,0,0.0005879780001123436,
trap_penalty_q_learning_5_q_learning_123_e176afe3,trap_penalty_q_learning_5,q_learning,train,479,123,risk,5,5,0.1,0.9,0.0906265979439563,default,100,9.7,4,1,1,0,0,0.0006828719999703026,
trap_penalty_q_learning_5_q_learning_123_e176afe3,trap_penalty_q_learning_5,q_learning,train,480,123,risk,5,5,0.1,0.9,0.09017346495423652,default,100,9.7,4,1,1,0,0,0.0005836110001382622,
trap_penalty_q_learning_5_q_learning_123_e176afe3,trap_penalty_q_learning_5,q_learning,train,481,123,risk,5,5,0.1,0.9,0.08972259762946533,default,100,9.7,4,1,1,0,0,0.0006017700000029436,
trap_penalty_q_learning_5_q_learning_123_e176afe3,trap_penalty_q_learning_5,q_learning,train,482,123,risk,5,5,0.1,0.9,0.089273984641318,default,100,9.7,4,1,1,0,0,0.0005360810000638594,
trap_penalty_q_learning_5_q_learning_123_e176afe3,trap_penalty_q_learning_5,q_learning,train,483,123,risk,5,5,0.1,0.9,0.0888276147181114,default,100,9.7,4,1,1,0,0,0.000517658000035226,
trap_penalty_q_learning_5_q_learning_123_e176afe3,trap_penalty_q_learning_5,q_learning,train,484,123,risk,5,5,0.1,0.9,0.08838347664452084,default,100,9.5,6,1,1,0,0,0.0007572570000320411,
trap_penalty_q_learning_5_q_learning_123_e176afe3,trap_penalty_q_learning_5,q_learning,train,485,123,risk,5,5,0.1,0.9,0.08794155926129824,default,100,9.7,4,1,1,0,0,0.0006139570000414096,
trap_penalty_q_learning_5_q_learning_123_e176afe3,trap_penalty_q_learning_5,q_learning,train,486,123,risk,5,5,0.1,0.9,0.08750185146499175,default,100,9.7,4,1,1,0,0,0.0006157320001420885,
trap_penalty_q_learning_5_q_learning_123_e176afe3,trap_penalty_q_learning_5,q_learning,train,487,123,risk,5,5,0.1,0.9,0.08706434220766679,default,100,9.7,4,1,1,0,0,0.0005994699999973818,
trap_penalty_q_learning_5_q_learning_123_e176afe3,trap_penalty_q_learning_5,q_learning,train,488,123,risk,5,5,0.1,0.9,0.08662902049662846,default,100,9.7,4,1,1,0,0,0.0005520019999494252,
trap_penalty_q_learning_5_q_learning_123_e176afe3,trap_penalty_q_learning_5,q_learning,train,489,123,risk,5,5,0.1,0.9,0.08619587539414532,default,100,9.7,4,1,1,0,0,0.0005296340000313648,
trap_penalty_q_learning_5_q_learning_123_e176afe3,trap_penalty_q_learning_5,q_learning,train,490,123,risk,5,5,0.1,0.9,0.08576489601717459,default,100,9.7,4,1,1,0,0,0.0005295309999837627,
trap_penalty_q_learning_5_q_learning_123_e176afe3,trap_penalty_q_learning_5,q_learning,train,491,123,risk,5,5,0.1,0.9,0.08533607153708872,default,100,8.7,5,1,1,0,0,0.0005637270000988792,
trap_penalty_q_learning_5_q_learning_123_e176afe3,trap_penalty_q_learning_5,q_learning,train,492,123,risk,5,5,0.1,0.9,0.08490939117940327,default,100,9.7,4,1,1,0,0,0.0005340879999948811,
trap_penalty_q_learning_5_q_learning_123_e176afe3,trap_penalty_q_learning_5,q_learning,train,493,123,risk,5,5,0.1,0.9,0.08448484422350626,default,100,9.7,4,1,1,0,0,0.0006005560001085541,
trap_penalty_q_learning_5_q_learning_123_e176afe3,trap_penalty_q_learning_5,q_learning,train,494,123,risk,5,5,0.1,0.9,0.08406242000238873,default,100,9.7,4,1,1,0,0,0.0005873269999483455,
trap_penalty_q_learning_5_q_learning_123_e176afe3,trap_penalty_q_learning_5,q_learning,train,495,123,risk,5,5,0.1,0.9,0.08364210790237678,default,100,9.7,4,1,1,0,0,0.0004972310000539437,
trap_penalty_q_learning_5_q_learning_123_e176afe3,trap_penalty_q_learning_5,q_learning,train,496,123,risk,5,5,0.1,0.9,0.0832238973628649,default,100,9.7,4,1,1,0,0,0.0005240090001734643,
trap_penalty_q_learning_5_q_learning_123_e176afe3,trap_penalty_q_learning_5,q_learning,train,497,123,risk,5,5,0.1,0.9,0.08280777787605056,default,100,9.7,4,1,1,0,0,0.0005389810000906436,
trap_penalty_q_learning_5_q_learning_123_e176afe3,trap_penalty_q_learning_5,q_learning,train,498,123,risk,5,5,0.1,0.9,0.08239373898667031,default,100,9.7,4,1,1,0,0,0.0005813850000322418,
trap_penalty_q_learning_5_q_learning_123_e176afe3,trap_penalty_q_learning_5,q_learning,train,499,123,risk,5,5,0.1,0.9,0.08198177029173696,default,100,9.7,4,1,1,0,0,0.0005906230001073709,
trap_penalty_q_learning_5_q_learning_123_e176afe3,trap_penalty_q_learning_5,q_learning,train,500,123,risk,5,5,0.1,0.9,0.08157186144027828,default,100,9.7,4,1,1,0,0,0.0005814150001697271,
trap_penalty_q_learning_5_q_learning_123_e176afe3,trap_penalty_q_learning_5,q_learning,train,501,123,risk,5,5,0.1,0.9,0.0811640021330769,default,100,9.7,4,1,1,0,0,0.0005792810000002646,
trap_penalty_q_learning_5_q_learning_123_e176afe3,trap_penalty_q_learning_5,q_learning,train,502,123,risk,5,5,0.1,0.9,0.08075818212241151,default,100,9.7,4,1,1,0,0,0.0005334499999207765,
trap_penalty_q_learning_5_q_learning_123_e176afe3,trap_penalty_q_learning_5,q_learning,train,503,123,risk,5,5,0.1,0.9,0.08035439121179945,default,100,9.7,4,1,1,0,0,0.0005213919998823258,
trap_penalty_q_learning_5_q_learning_123_e176afe3,trap_penalty_q_learning_5,q_learning,train,504,123,risk,5,5,0.1,0.9,0.07995261925574046,default,100,9.7,4,1,1,0,0,0.0005284970000047906,
trap_penalty_q_learning_5_q_learning_123_e176afe3,trap_penalty_q_learning_5,q_learning,train,505,123,risk,5,5,0.1,0.9,0.07955285615946175,default,100,9.7,4,1,1,0,0,0.0005248810000466619,
trap_penalty_q_learning_5_q_learning_123_e176afe3,trap_penalty_q_learning_5,q_learning,train,506,123,risk,5,5,0.1,0.9,0.07915509187866444,default,100,9.5,6,1,1,0,0,0.0007522139999309729,
trap_penalty_q_learning_5_q_learning_123_e176afe3,trap_penalty_q_learning_5,q_learning,train,507,123,risk,5,5,0.1,0.9,0.07875931641927113,default,100,9.7,4,1,1,0,0,0.0005482619999384042,
trap_penalty_q_learning_5_q_learning_123_e176afe3,trap_penalty_q_learning_5,q_learning,train,508,123,risk,5,5,0.1,0.9,0.07836551983717477,default,100,9.7,4,1,1,0,0,0.0004629960001238942,
trap_penalty_q_learning_5_q_learning_123_e176afe3,trap_penalty_q_learning_5,q_learning,train,509,123,risk,5,5,0.1,0.9,0.07797369223798889,default,100,9.7,4,1,1,0,0,0.0005094389998703264,
trap_penalty_q_learning_5_q_learning_123_e176afe3,trap_penalty_q_learning_5,q_learning,train,510,123,risk,5,5,0.1,0.9,0.07758382377679894,default,100,9.7,4,1,1,0,0,0.00055407800005014,
trap_penalty_q_learning_5_q_learning_123_e176afe3,trap_penalty_q_learning_5,q_learning,train,511,123,risk,5,5,0.1,0.9,0.07719590465791494,default,100,9.7,4,1,1,0,0,0.0005814240000745485,
trap_penalty_q_learning_5_q_learning_123_e176afe3,trap_penalty_q_learning_5,q_learning,train,512,123,risk,5,5,0.1,0.9,0.07680992513462537,default,100,9.7,4,1,1,0,0,0.0006040570001459855,
trap_penalty_q_learning_5_q_learning_123_e176afe3,trap_penalty_q_learning_5,q_learning,train,513,123,risk,5,5,0.1,0.9,0.07642587550895225,default,100,9.7,4,1,1,0,0,0.0005978789999971923,
trap_penalty_q_learning_5_q_learning_123_e176afe3,trap_penalty_q_learning_5,q_learning,train,514,123,risk,5,5,0.1,0.9,0.07604374613140748,default,100,9.7,4,1,1,0,0,0.0004955520000748947,
trap_penalty_q_learning_5_q_learning_123_e176afe3,trap_penalty_q_learning_5,q_learning,train,515,123,risk,5,5,0.1,0.9,0.07566352740075044,default,100,9.7,4,1,1,0,0,0.0005263040000045294,
trap_penalty_q_learning_5_q_learning_123_e176afe3,trap_penalty_q_learning_5,q_learning,train,516,123,risk,5,5,0.1,0.9,0.07528520976374668,default,100,9.7,4,1,1,0,0,0.0005138409999290161,
trap_penalty_q_learning_5_q_learning_123_e176afe3,trap_penalty_q_learning_5,q_learning,train,517,123,risk,5,5,0.1,0.9,0.07490878371492794,default,100,9.7,4,1,1,0,0,0.0006016970000928268,
trap_penalty_q_learning_5_q_learning_123_e176afe3,trap_penalty_q_learning_5,q_learning,train,518,123,risk,5,5,0.1,0.9,0.0745342397963533,default,100,9.5,6,1,1,0,0,0.0007536020000316057,
trap_penalty_q_learning_5_q_learning_123_e176afe3,trap_penalty_q_learning_5,q_learning,train,519,123,risk,5,5,0.1,0.9,0.07416156859737154,default,100,9.7,4,1,1,0,0,0.0006062489999294485,
trap_penalty_q_learning_5_q_learning_123_e176afe3,trap_penalty_q_learning_5,q_learning,train,520,123,risk,5,5,0.1,0.9,0.07379076075438468,default,100,9.7,4,1,1,0,0,0.0005268600000363222,
trap_penalty_q_learning_5_q_learning_123_e176afe3,trap_penalty_q_learning_5,q_learning,train,521,123,risk,5,5,0.1,0.9,0.07342180695061275,default,100,9.7,4,1,1,0,0,0.0005452949999380508,
trap_penalty_q_learning_5_q_learning_123_e176afe3,trap_penalty_q_learning_5,q_learning,train,522,123,risk,5,5,0.1,0.9,0.07305469791585968,default,100,8.7,5,1,1,0,0,0.0005722030000470113,
trap_penalty_q_learning_5_q_learning_123_e176afe3,trap_penalty_q_learning_5,q_learning,train,523,123,risk,5,5,0.1,0.9,0.07268942442628039,default,100,9.7,4,1,1,0,0,0.0005310819999522209,
trap_penalty_q_learning_5_q_learning_123_e176afe3,trap_penalty_q_learning_5,q_learning,train,524,123,risk,5,5,0.1,0.9,0.07232597730414898,default,100,9.7,4,1,1,0,0,0.0006058399999346875,
trap_penalty_q_learning_5_q_learning_123_e176afe3,trap_penalty_q_learning_5,q_learning,train,525,123,risk,5,5,0.1,0.9,0.07196434741762824,default,100,9.7,4,1,1,0,0,0.00063330600005429,
trap_penalty_q_learning_5_q_learning_123_e176afe3,trap_penalty_q_learning_5,q_learning,train,526,123,risk,5,5,0.1,0.9,0.0716045256805401,default,100,8.5,7,1,1,0,0,0.0007413959999666986,
trap_penalty_q_learning_5_q_learning_123_e176afe3,trap_penalty_q_learning_5,q_learning,train,527,123,risk,5,5,0.1,0.9,0.0712465030521374,default,100,8.7,5,1,1,0,0,0.0005643419999614707,
trap_penalty_q_learning_5_q_learning_123_e176afe3,trap_penalty_q_learning_5,q_learning,train,528,123,risk,5,5,0.1,0.9,0.0708902705368767,default,100,9.7,4,1,1,0,0,0.0005961920001027465,
trap_penalty_q_learning_5_q_learning_123_e176afe3,trap_penalty_q_learning_5,q_learning,train,529,123,risk,5,5,0.1,0.9,0.07053581918419231,default,100,8.7,5,1,1,0,0,0.0006373239998538338,
trap_penalty_q_learning_5_q_learning_123_e176afe3,trap_penalty_q_learning_5,q_learning,train,530,123,risk,5,5,0.1,0.9,0.07018314008827135,default,100,9.7,4,1,1,0,0,0.0005862680000063847,
trap_penalty_q_learning_5_q_learning_123_e176afe3,trap_penalty_q_learning_5,q_learning,train,531,123,risk,5,5,0.1,0.9,0.06983222438783,default,100,8.7,5,1,1,0,0,0.0006416629998966528,
trap_penalty_q_learning_5_q_learning_123_e176afe3,trap_penalty_q_learning_5,q_learning,train,532,123,risk,5,5,0.1,0.9,0.06948306326589085,default,100,9.7,4,1,1,0,0,0.0005567319999499887,
trap_penalty_q_learning_5_q_learning_123_e176afe3,trap_penalty_q_learning_5,q_learning,train,533,123,risk,5,5,0.1,0.9,0.0691356479495614,default,100,8.7,5,1,1,0,0,0.0005730529999254941,
trap_penalty_q_learning_5_q_learning_123_e176afe3,trap_penalty_q_learning_5,q_learning,train,534,123,risk,5,5,0.1,0.9,0.06878996970981359,default,100,9.7,4,1,1,0,0,0.0005251630000202567,
trap_penalty_q_learning_5_q_learning_123_e176afe3,trap_penalty_q_learning_5,q_learning,train,535,123,risk,5,5,0.1,0.9,0.06844601986126451,default,100,9.7,4,1,1,0,0,0.0005447910000384582,
trap_penalty_q_learning_5_q_learning_123_e176afe3,trap_penalty_q_learning_5,q_learning,train,536,123,risk,5,5,0.1,0.9,0.06810378976195819,default,100,9.7,4,1,1,0,0,0.0005790889999843785,
trap_penalty_q_learning_5_q_learning_123_e176afe3,trap_penalty_q_learning_5,q_learning,train,537,123,risk,5,5,0.1,0.9,0.0677632708131484,default,100,9.7,4,1,1,0,0,0.0005454599997847254,
trap_penalty_q_learning_5_q_learning_123_e176afe3,trap_penalty_q_learning_5,q_learning,train,538,123,risk,5,5,0.1,0.9,0.06742445445908266,default,100,9.7,4,1,1,0,0,0.0005887160000384029,
trap_penalty_q_learning_5_q_learning_123_e176afe3,trap_penalty_q_learning_5,q_learning,train,539,123,risk,5,5,0.1,0.9,0.06708733218678724,default,100,9.5,6,1,1,0,0,0.0006788840000808705,
trap_penalty_q_learning_5_q_learning_123_e176afe3,trap_penalty_q_learning_5,q_learning,train,540,123,risk,5,5,0.1,0.9,0.0667518955258533,default,100,9.7,4,1,1,0,0,0.0005723699998725351,
trap_penalty_q_learning_5_q_learning_123_e176afe3,trap_penalty_q_learning_5,q_learning,train,541,123,risk,5,5,0.1,0.9,0.06641813604822402,default,100,9.7,4,1,1,0,0,0.0006277800000589195,
trap_penalty_q_learning_5_q_learning_123_e176afe3,trap_penalty_q_learning_5,q_learning,train,542,123,risk,5,5,0.1,0.9,0.0660860453679829,default,100,9.7,4,1,1,0,0,0.0006185180000102264,
trap_penalty_q_learning_5_q_learning_123_e176afe3,trap_penalty_q_learning_5,q_learning,train,543,123,risk,5,5,0.1,0.9,0.06575561514114299,default,100,9.7,4,1,1,0,0,0.0005575299999236449,
trap_penalty_q_learning_5_q_learning_123_e176afe3,trap_penalty_q_learning_5,q_learning,train,544,123,risk,5,5,0.1,0.9,0.06542683706543727,default,100,9.7,4,1,1,0,0,0.0005834139999478793,
trap_penalty_q_learning_5_q_learning_123_e176afe3,trap_penalty_q_learning_5,q_learning,train,545,123,risk,5,5,0.1,0.9,0.06509970288011008,default,100,9.7,4,1,1,0,0,0.0005509459999757382,
trap_penalty_q_learning_5_q_learning_123_e176afe3,trap_penalty_q_learning_5,q_learning,train,546,123,risk,5,5,0.1,0.9,0.06477420436570952,default,100,9.7,4,1,1,0,0,0.0005258589999357355,
trap_penalty_q_learning_5_q_learning_123_e176afe3,trap_penalty_q_learning_5,q_learning,train,547,123,risk,5,5,0.1,0.9,0.06445033334388098,default,100,9.7,4,1,1,0,0,0.0005120189998706337,
trap_penalty_q_learning_5_q_learning_123_e176afe3,trap_penalty_q_learning_5,q_learning,train,548,123,risk,5,5,0.1,0.9,0.06412808167716157,default,100,9.7,4,1,1,0,0,0.0005318200001056539,
trap_penalty_q_learning_5_q_learning_123_e176afe3,trap_penalty_q_learning_5,q_learning,train,549,123,risk,5,5,0.1,0.9,0.06380744126877576,default,100,9.7,4,1,1,0,0,0.0005374240001856379,
trap_penalty_q_learning_5_q_learning_123_e176afe3,trap_penalty_q_learning_5,q_learning,train,550,123,risk,5,5,0.1,0.9,0.06348840406243188,default,100,9.7,4,1,1,0,0,0.000528411999994205,
trap_penalty_q_learning_5_q_learning_123_e176afe3,trap_penalty_q_learning_5,q_learning,train,551,123,risk,5,5,0.1,0.9,0.06317096204211972,default,100,9.7,4,1,1,0,0,0.0005275140001685941,
trap_penalty_q_learning_5_q_learning_123_e176afe3,trap_penalty_q_learning_5,q_learning,train,552,123,risk,5,5,0.1,0.9,0.06285510723190912,default,100,9.7,4,1,1,0,0,0.0005174020000140445,
trap_penalty_q_learning_5_q_learning_123_e176afe3,trap_penalty_q_learning_5,q_learning,train,553,123,risk,5,5,0.1,0.9,0.06254083169574957,default,100,9.7,4,1,1,0,0,0.0005318549999628885,
trap_penalty_q_learning_5_q_learning_123_e176afe3,trap_penalty_q_learning_5,q_learning,train,554,123,risk,5,5,0.1,0.9,0.062228127537270826,default,100,9.7,4,1,1,0,0,0.0004567870000755647,
trap_penalty_q_learning_5_q_learning_123_e176afe3,trap_penalty_q_learning_5,q_learning,train,555,123,risk,5,5,0.1,0.9,0.06191698689958447,default,100,9.7,4,1,1,0,0,0.0005262539998511784,
trap_penalty_q_learning_5_q_learning_123_e176afe3,trap_penalty_q_learning_5,q_learning,train,556,123,risk,5,5,0.1,0.9,0.061607401965086545,default,100,9.7,4,1,1,0,0,0.0005364640001062071,
trap_penalty_q_learning_5_q_learning_123_e176afe3,trap_penalty_q_learning_5,q_learning,train,557,123,risk,5,5,0.1,0.9,0.06129936495526111,default,100,9.5,6,1,1,0,0,0.0006740800001807656,
trap_penalty_q_learning_5_q_learning_123_e176afe3,trap_penalty_q_learning_5,q_learning,train,558,123,risk,5,5,0.1,0.9,0.0609928681304848,default,100,9.7,4,1,1,0,0,0.0005187770000247838,
trap_penalty_q_learning_5_q_learning_123_e176afe3,trap_penalty_q_learning_5,q_learning,train,559,123,risk,5,5,0.1,0.9,0.060687903789832374,default,100,9.5,6,1,1,0,0,0.000671814000043014,
trap_penalty_q_learning_5_q_learning_123_e176afe3,trap_penalty_q_learning_5,q_learning,train,560,123,risk,5,5,0.1,0.9,0.06038446427088321,default,100,9.7,4,1,1,0,0,0.0005285590000312368,
trap_penalty_q_learning_5_q_learning_123_e176afe3,trap_penalty_q_learning_5,q_learning,train,561,123,risk,5,5,0.1,0.9,0.06008254194952879,default,100,9.7,4,1,1,0,0,0.0006144989999938844,
trap_penalty_q_learning_5_q_learning_123_e176afe3,trap_penalty_q_learning_5,q_learning,train,562,123,risk,5,5,0.1,0.9,0.05978212923978115,default,100,9.7,4,1,1,0,0,0.0005930010001975461,
trap_penalty_q_learning_5_q_learning_123_e176afe3,trap_penalty_q_learning_5,q_learning,train,563,123,risk,5,5,0.1,0.9,0.05948321859358224,default,100,9.7,4,1,1,0,0,0.0005573390001245571,
trap_penalty_q_learning_5_q_learning_123_e176afe3,trap_penalty_q_learning_5,q_learning,train,564,123,risk,5,5,0.1,0.9,0.05918580250061433,default,100,9.7,4,1,1,0,0,0.0005305099998622609,
trap_penalty_q_learning_5_q_learning_123_e176afe3,trap_penalty_q_learning_5,q_learning,train,565,123,risk,5,5,0.1,0.9,0.058889873488111255,default,100,9.7,4,1,1,0,0,0.0005964860001768102,
trap_penalty_q_learning_5_q_learning_123_e176afe3,trap_penalty_q_learning_5,q_learning,train,566,123,risk,5,5,0.1,0.9,0.058595424120670696,default,100,9.7,4,1,1,0,0,0.0005678170000464888,
trap_penalty_q_learning_5_q_learning_123_e176afe3,trap_penalty_q_learning_5,q_learning,train,567,123,risk,5,5,0.1,0.9,0.05830244700006734,default,100,8.7,5,1,1,0,0,0.0006321400001070288,
trap_penalty_q_learning_5_q_learning_123_e176afe3,trap_penalty_q_learning_5,q_learning,train,568,123,risk,5,5,0.1,0.9,0.058010934765067,default,100,8.5,7,1,1,0,0,0.0008177130000603938,
trap_penalty_q_learning_5_q_learning_123_e176afe3,trap_penalty_q_learning_5,q_learning,train,569,123,risk,5,5,0.1,0.9,0.05772088009124167,default,100,9.7,4,1,1,0,0,0.0005833740001435217,
trap_penalty_q_learning_5_q_learning_123_e176afe3,trap_penalty_q_learning_5,q_learning,train,570,123,risk,5,5,0.1,0.9,0.05743227569078546,default,100,9.7,4,1,1,0,0,0.0005967219999547524,
trap_penalty_q_learning_5_q_learning_123_e176afe3,trap_penalty_q_learning_5,q_learning,train,571,123,risk,5,5,0.1,0.9,0.05714511431233153,default,100,9.7,4,1,1,0,0,0.0005462809999698948,
trap_penalty_q_learning_5_q_learning_123_e176afe3,trap_penalty_q_learning_5,q_learning,train,572,123,risk,5,5,0.1,0.9,0.05685938874076987,default,100,9.7,4,1,1,0,0,0.0004796390001047257,
trap_penalty_q_learning_5_q_learning_123_e176afe3,trap_penalty_q_learning_5,q_learning,train,573,123,risk,5,5,0.1,0.9,0.056575091797066025,default,100,9.7,4,1,1,0,0,0.0005149480000454787,
trap_penalty_q_learning_5_q_learning_123_e176afe3,trap_penalty_q_learning_5,q_learning,train,574,123,risk,5,5,0.1,0.9,0.056292216338080694,default,100,8.7,5,1,1,0,0,0.0005922220000229572,
trap_penalty_q_learning_5_q_learning_123_e176afe3,trap_penalty_q_learning_5,q_learning,train,575,123,risk,5,5,0.1,0.9,0.05601075525639029,default,100,9.7,4,1,1,0,0,0.0005358209998576058,
trap_penalty_q_learning_5_q_learning_123_e176afe3,trap_penalty_q_learning_5,q_learning,train,576,123,risk,5,5,0.1,0.9,0.05573070148010834,default,100,9.7,4,1,1,0,0,0.00057399100001021,
trap_penalty_q_learning_5_q_learning_123_e176afe3,trap_penalty_q_learning_5,q_learning,train,577,123,risk,5,5,0.1,0.9,0.0554520479727078,default,100,9.7,4,1,1,0,0,0.0005810049999581679,
trap_penalty_q_learning_5_q_learning_123_e176afe3,trap_penalty_q_learning_5,q_learning,train,578,123,risk,5,5,0.1,0.9,0.05517478773284426,default,100,9.7,4,1,1,0,0,0.000540827999884641,
trap_penalty_q_learning_5_q_learning_123_e176afe3,trap_penalty_q_learning_5,q_learning,train,579,123,risk,5,5,0.1,0.9,0.05489891379418004,default,100,9.7,4,1,1,0,0,0.000594122999928004,
trap_penalty_q_learning_5_q_learning_123_e176afe3,trap_penalty_q_learning_5,q_learning,train,580,123,risk,5,5,0.1,0.9,0.05462441922520914,default,100,9.7,4,1,1,0,0,0.000569024000014906,
trap_penalty_q_learning_5_q_learning_123_e176afe3,trap_penalty_q_learning_5,q_learning,train,581,123,risk,5,5,0.1,0.9,0.0543512971290831,default,100,9.7,4,1,1,0,0,0.0005678400000306283,
trap_penalty_q_learning_5_q_learning_123_e176afe3,trap_penalty_q_learning_5,q_learning,train,582,123,risk,5,5,0.1,0.9,0.05407954064343768,default,100,8.7,5,1,1,0,0,0.0005822670000270591,
trap_penalty_q_learning_5_q_learning_123_e176afe3,trap_penalty_q_learning_5,q_learning,train,583,123,risk,5,5,0.1,0.9,0.05380914294022049,default,100,9.7,4,1,1,0,0,0.0005187940000723756,
trap_penalty_q_learning_5_q_learning_123_e176afe3,trap_penalty_q_learning_5,q_learning,train,584,123,risk,5,5,0.1,0.9,0.05354009722551939,default,100,9.7,4,1,1,0,0,0.000528147999830253,
trap_penalty_q_learning_5_q_learning_123_e176afe3,trap_penalty_q_learning_5,q_learning,train,585,123,risk,5,5,0.1,0.9,0.05327239673939179,default,100,9.7,4,1,1,0,0,0.0005168730001514632,
trap_penalty_q_learning_5_q_learning_123_e176afe3,trap_penalty_q_learning_5,q_learning,train,586,123,risk,5,5,0.1,0.9,0.053006034755694834,default,100,9.7,4,1,1,0,0,0.0005891420000807557,
trap_penalty_q_learning_5_q_learning_123_e176afe3,trap_penalty_q_learning_5,q_learning,train,587,123,risk,5,5,0.1,0.9,0.052741004581916356,default,100,8.7,5,1,1,0,0,0.000640060000023368,
trap_penalty_q_learning_5_q_learning_123_e176afe3,trap_penalty_q_learning_5,q_learning,train,588,123,risk,5,5,0.1,0.9,0.052477299559006776,default,100,8.7,5,1,1,0,0,0.0005940780001765233,
trap_penalty_q_learning_5_q_learning_123_e176afe3,trap_penalty_q_learning_5,q_learning,train,589,123,risk,5,5,0.1,0.9,0.052214913061211746,default,100,9.7,4,1,1,0,0,0.0005250799999885203,
trap_penalty_q_learning_5_q_learning_123_e176afe3,trap_penalty_q_learning_5,q_learning,train,590,123,risk,5,5,0.1,0.9,0.05195383849590569,default,100,9.7,4,1,1,0,0,0.00045640299981641874,
trap_penalty_q_learning_5_q_learning_123_e176afe3,trap_penalty_q_learning_5,q_learning,train,591,123,risk,5,5,0.1,0.9,0.05169406930342616,default,100,9.7,4,1,1,0,0,0.0005256279998775426,
trap_penalty_q_learning_5_q_learning_123_e176afe3,trap_penalty_q_learning_5,q_learning,train,592,123,risk,5,5,0.1,0.9,0.05143559895690903,default,100,9.7,4,1,1,0,0,0.0005125229999976,
trap_penalty_q_learning_5_q_learning_123_e176afe3,trap_penalty_q_learning_5,q_learning,train,593,123,risk,5,5,0.1,0.9,0.051178420962124486,default,100,9.7,4,1,1,0,0,0.0005613319999611122,
trap_penalty_q_learning_5_q_learning_123_e176afe3,trap_penalty_q_learning_5,q_learning,train,594,123,risk,5,5,0.1,0.9,0.05092252885731386,default,100,9.7,4,1,1,0,0,0.0007248599999911676,
trap_penalty_q_learning_5_q_learning_123_e176afe3,trap_penalty_q_learning_5,q_learning,train,595,123,risk,5,5,0.1,0.9,0.05066791621302729,default,100,9.7,4,1,1,0,0,0.0005758400000104302,
trap_penalty_q_learning_5_q_learning_123_e176afe3,trap_penalty_q_learning_5,q_learning,train,596,123,risk,5,5,0.1,0.9,0.05041457663196215,default,100,9.7,4,1,1,0,0,0.0005835560000377882,
trap_penalty_q_learning_5_q_learning_123_e176afe3,trap_penalty_q_learning_5,q_learning,train,597,123,risk,5,5,0.1,0.9,0.050162503748802344,default,100,9.5,6,1,1,0,0,0.000734780000129831,
trap_penalty_q_learning_5_q_learning_123_e176afe3,trap_penalty_q_learning_5,q_learning,train,598,123,risk,5,5,0.1,0.9,0.05,default,100,9.7,4,1,1,0,0,0.0005730079999466398,
trap_penalty_q_learning_5_q_learning_123_e176afe3,trap_penalty_q_learning_5,q_learning,train,599,123,risk,5,5,0.1,0.9,0.05,default,100,9.7,4,1,1,0,0,0.0005899880000015401,
trap_penalty_q_learning_5_q_learning_123_e176afe3,trap_penalty_q_learning_5,q_learning,train,600,123,risk,5,5,0.1,0.9,0.05,default,100,9.7,4,1,1,0,0,0.0006006920000345417,results/trap_penalty/q_learning/trap_5/seed_123/qtable_ep600.npz
trap_penalty_q_learning_5_q_learning_123_e176afe3,trap_penalty_q_learning_5,q_learning,train,601,123,risk,5,5,0.1,0.9,0.05,default,100,9.7,4,1,1,0,0,0.0005313890001161781,
trap_penalty_q_learning_5_q_learning_123_e176afe3,trap_penalty_q_learning_5,q_learning,train,602,123,risk,5,5,0.1,0.9,0.05,default,100,9.7,4,1,1,0,0,0.0005955159999757598,
trap_penalty_q_learning_5_q_learning_123_e176afe3,trap_penalty_q_learning_5,q_learning,train,603,123,risk,5,5,0.1,0.9,0.05,default,100,9.7,4,1,1,0,0,0.0006056009999610978,
trap_penalty_q_learning_5_q_learning_123_e176afe3,trap_penalty_q_learning_5,q_learning,train,604,123,risk,5,5,0.1,0.9,0.05,default,100,9.5,6,1,1,0,0,0.0007482299999992392,
trap_penalty_q_learning_5_q_learning_123_e176afe3,trap_penalty_q_learning_5,q_learning,train,605,123,risk,5,5,0.1,0.9,0.05,default,100,9.7,4,1,1,0,0,0.0005314800000633113,
trap_penalty_q_learning_5_q_learning_123_e176afe3,trap_penalty_q_learning_5,q_learning,train,606,123,risk,5,5,0.1,0.9,0.05,default,100,8.5,7,1,1,0,0,0.0007126569998945342,
trap_penalty_q_learning_5_q_learning_123_e176afe3,trap_penalty_q_learning_5,q_learning,train,607,123,risk,5,5,0.1,0.9,0.05,default,100,9.7,4,1,1,0,0,0.000527798999883089,
trap_penalty_q_learning_5_q_learning_123_e176afe3,trap_penalty_q_learning_5,q_learning,train,608,123,risk,5,5,0.1,0.9,0.05,default,100,9.7,4,1,1,0,0,0.0005336570000054053,
trap_penalty_q_learning_5_q_learning_123_e176afe3,trap_penalty_q_learning_5,q_learning,train,609,123,risk,5,5,0.1,0.9,0.05,default,100,9.7,4,1,1,0,0,0.0005715560000680853,
trap_penalty_q_learning_5_q_learning_123_e176afe3,trap_penalty_q_learning_5,q_learning,train,610,123,risk,5,5,0.1,0.9,0.05,default,100,9.7,4,1,1,0,0,0.0005862410000645468,
trap_penalty_q_learning_5_q_learning_123_e176afe3,trap_penalty_q_learning_5,q_learning,train,611,123,risk,5,5,0.1,0.9,0.05,default,100,9.7,4,1,1,0,0,0.0005714339999940421,
trap_penalty_q_learning_5_q_learning_123_e176afe3,trap_penalty_q_learning_5,q_learning,train,612,123,risk,5,5,0.1,0.9,0.05,default,100,9.7,4,1,1,0,0,0.0005302790000314417,
trap_penalty_q_learning_5_q_learning_123_e176afe3,trap_penalty_q_learning_5,q_learning,train,613,123,risk,5,5,0.1,0.9,0.05,default,100,9.7,4,1,1,0,0,0.000520626000025004,
trap_penalty_q_learning_5_q_learning_123_e176afe3,trap_penalty_q_learning_5,q_learning,train,614,123,risk,5,5,0.1,0.9,0.05,default,100,9.7,4,1,1,0,0,0.0005221789999723114,
trap_penalty_q_learning_5_q_learning_123_e176afe3,trap_penalty_q_learning_5,q_learning,train,615,123,risk,5,5,0.1,0.9,0.05,default,100,9.7,4,1,1,0,0,0.000579758999947444,
trap_penalty_q_learning_5_q_learning_123_e176afe3,trap_penalty_q_learning_5,q_learning,train,616,123,risk,5,5,0.1,0.9,0.05,default,100,9.7,4,1,1,0,0,0.0005881540000700625,
trap_penalty_q_learning_5_q_learning_123_e176afe3,trap_penalty_q_learning_5,q_learning,train,617,123,risk,5,5,0.1,0.9,0.05,default,100,9.7,4,1,1,0,0,0.00058819100013352,
trap_penalty_q_learning_5_q_learning_123_e176afe3,trap_penalty_q_learning_5,q_learning,train,618,123,risk,5,5,0.1,0.9,0.05,default,100,9.7,4,1,1,0,0,0.0005698729999039642,
trap_penalty_q_learning_5_q_learning_123_e176afe3,trap_penalty_q_learning_5,q_learning,train,619,123,risk,5,5,0.1,0.9,0.05,default,100,9.7,4,1,1,0,0,0.000586866000048758,
trap_penalty_q_learning_5_q_learning_123_e176afe3,trap_penalty_q_learning_5,q_learning,train,620,123,risk,5,5,0.1,0.9,0.05,default,100,9.7,4,1,1,0,0,0.0004832399999941117,
trap_penalty_q_learning_5_q_learning_123_e176afe3,trap_penalty_q_learning_5,q_learning,train,621,123,risk,5,5,0.1,0.9,0.05,default,100,9.7,4,1,1,0,0,0.0005679019998297008,
trap_penalty_q_learning_5_q_learning_123_e176afe3,trap_penalty_q_learning_5,q_learning,train,622,123,risk,5,5,0.1,0.9,0.05,default,100,9.7,4,1,1,0,0,0.0005422760000328708,
trap_penalty_q_learning_5_q_learning_123_e176afe3,trap_penalty_q_learning_5,q_learning,train,623,123,risk,5,5,0.1,0.9,0.05,default,100,9.7,4,1,1,0,0,0.0005210120000356255,
trap_penalty_q_learning_5_q_learning_123_e176afe3,trap_penalty_q_learning_5,q_learning,train,624,123,risk,5,5,0.1,0.9,0.05,default,100,9.7,4,1,1,0,0,0.0005322530000739789,
trap_penalty_q_learning_5_q_learning_123_e176afe3,trap_penalty_q_learning_5,q_learning,train,625,123,risk,5,5,0.1,0.9,0.05,default,100,9.7,4,1,1,0,0,0.0005155660001037177,
trap_penalty_q_learning_5_q_learning_123_e176afe3,trap_penalty_q_learning_5,q_learning,train,626,123,risk,5,5,0.1,0.9,0.05,default,100,9.7,4,1,1,0,0,0.0004706409999926109,
trap_penalty_q_learning_5_q_learning_123_e176afe3,trap_penalty_q_learning_5,q_learning,train,627,123,risk,5,5,0.1,0.9,0.05,default,100,9.7,4,1,1,0,0,0.0005520040001556481,
trap_penalty_q_learning_5_q_learning_123_e176afe3,trap_penalty_q_learning_5,q_learning,train,628,123,risk,5,5,0.1,0.9,0.05,default,100,9.7,4,1,1,0,0,0.000583299000027182,
trap_penalty_q_learning_5_q_learning_123_e176afe3,trap_penalty_q_learning_5,q_learning,train,629,123,risk,5,5,0.1,0.9,0.05,default,100,9.7,4,1,1,0,0,0.0005774380001639656,
trap_penalty_q_learning_5_q_learning_123_e176afe3,trap_penalty_q_learning_5,q_learning,train,630,123,risk,5,5,0.1,0.9,0.05,default,100,9.7,4,1,1,0,0,0.0005320430000210763,
trap_penalty_q_learning_5_q_learning_123_e176afe3,trap_penalty_q_learning_5,q_learning,train,631,123,risk,5,5,0.1,0.9,0.05,default,100,9.7,4,1,1,0,0,0.0005429930001810135,
trap_penalty_q_learning_5_q_learning_123_e176afe3,trap_penalty_q_learning_5,q_learning,train,632,123,risk,5,5,0.1,0.9,0.05,default,100,9.7,4,1,1,0,0,0.0005842230000325799,
trap_penalty_q_learning_5_q_learning_123_e176afe3,trap_penalty_q_learning_5,q_learning,train,633,123,risk,5,5,0.1,0.9,0.05,default,100,8.7,5,1,1,0,0,0.0006308719998742163,
trap_penalty_q_learning_5_q_learning_123_e176afe3,trap_penalty_q_learning_5,q_learning,train,634,123,risk,5,5,0.1,0.9,0.05,default,100,9.7,4,1,1,0,0,0.0005760449998888362,
trap_penalty_q_learning_5_q_learning_123_e176afe3,trap_penalty_q_learning_5,q_learning,train,635,123,risk,5,5,0.1,0.9,0.05,default,100,9.7,4,1,1,0,0,0.0005130740000822698,
trap_penalty_q_learning_5_q_learning_123_e176afe3,trap_penalty_q_learning_5,q_learning,train,636,123,risk,5,5,0.1,0.9,0.05,default,100,9.7,4,1,1,0,0,0.0005379090000587894,
trap_penalty_q_learning_5_q_learning_123_e176afe3,trap_penalty_q_learning_5,q_learning,train,637,123,risk,5,5,0.1,0.9,0.05,default,100,9.7,4,1,1,0,0,0.0005318170001373801,
trap_penalty_q_learning_5_q_learning_123_e176afe3,trap_penalty_q_learning_5,q_learning,train,638,123,risk,5,5,0.1,0.9,0.05,default,100,9.7,4,1,1,0,0,0.0005334940001375799,
trap_penalty_q_learning_5_q_learning_123_e176afe3,trap_penalty_q_learning_5,q_learning,train,639,123,risk,5,5,0.1,0.9,0.05,default,100,9.7,4,1,1,0,0,0.000585107999995671,
trap_penalty_q_learning_5_q_learning_123_e176afe3,trap_penalty_q_learning_5,q_learning,train,640,123,risk,5,5,0.1,0.9,0.05,default,100,9.7,4,1,1,0,0,0.0005844830000114598,
trap_penalty_q_learning_5_q_learning_123_e176afe3,trap_penalty_q_learning_5,q_learning,train,641,123,risk,5,5,0.1,0.9,0.05,default,100,8.7,5,1,1,0,0,0.0005468530000598548,
trap_penalty_q_learning_5_q_learning_123_e176afe3,trap_penalty_q_learning_5,q_learning,train,642,123,risk,5,5,0.1,0.9,0.05,default,100,9.7,4,1,1,0,0,0.0005409460000009858,
trap_penalty_q_learning_5_q_learning_123_e176afe3,trap_penalty_q_learning_5,q_learning,train,643,123,risk,5,5,0.1,0.9,0.05,default,100,9.7,4,1,1,0,0,0.0005211310001413949,
trap_penalty_q_learning_5_q_learning_123_e176afe3,trap_penalty_q_learning_5,q_learning,train,644,123,risk,5,5,0.1,0.9,0.05,default,100,9.7,4,1,1,0,0,0.00047186500000861997,
trap_penalty_q_learning_5_q_learning_123_e176afe3,trap_penalty_q_learning_5,q_learning,train,645,123,risk,5,5,0.1,0.9,0.05,default,100,9.7,4,1,1,0,0,0.0005235730000094918,
trap_penalty_q_learning_5_q_learning_123_e176afe3,trap_penalty_q_learning_5,q_learning,train,646,123,risk,5,5,0.1,0.9,0.05,default,100,9.7,4,1,1,0,0,0.0005269299999781651,
trap_penalty_q_learning_5_q_learning_123_e176afe3,trap_penalty_q_learning_5,q_learning,train,647,123,risk,5,5,0.1,0.9,0.05,default,100,9.7,4,1,1,0,0,0.0005152510000243637,
trap_penalty_q_learning_5_q_learning_123_e176afe3,trap_penalty_q_learning_5,q_learning,train,648,123,risk,5,5,0.1,0.9,0.05,default,100,9.5,6,1,1,0,0,0.0006889279998176789,
trap_penalty_q_learning_5_q_learning_123_e176afe3,trap_penalty_q_learning_5,q_learning,train,649,123,risk,5,5,0.1,0.9,0.05,default,100,9.5,6,1,1,0,0,0.0006802699999752804,
trap_penalty_q_learning_5_q_learning_123_e176afe3,trap_penalty_q_learning_5,q_learning,train,650,123,risk,5,5,0.1,0.9,0.05,default,100,9.5,6,1,1,0,0,0.0006665949999842269,
trap_penalty_q_learning_5_q_learning_123_e176afe3,trap_penalty_q_learning_5,q_learning,train,651,123,risk,5,5,0.1,0.9,0.05,default,100,8.7,5,1,1,0,0,0.0005744370000684285,
trap_penalty_q_learning_5_q_learning_123_e176afe3,trap_penalty_q_learning_5,q_learning,train,652,123,risk,5,5,0.1,0.9,0.05,default,100,9.7,4,1,1,0,0,0.0005140090001987119,
trap_penalty_q_learning_5_q_learning_123_e176afe3,trap_penalty_q_learning_5,q_learning,train,653,123,risk,5,5,0.1,0.9,0.05,default,100,9.7,4,1,1,0,0,0.0005501040000126523,
trap_penalty_q_learning_5_q_learning_123_e176afe3,trap_penalty_q_learning_5,q_learning,train,654,123,risk,5,5,0.1,0.9,0.05,default,100,9.7,4,1,1,0,0,0.0005790139998680388,
trap_penalty_q_learning_5_q_learning_123_e176afe3,trap_penalty_q_learning_5,q_learning,train,655,123,risk,5,5,0.1,0.9,0.05,default,100,8.7,5,1,1,0,0,0.0006558029999723658,
trap_penalty_q_learning_5_q_learning_123_e176afe3,trap_penalty_q_learning_5,q_learning,train,656,123,risk,5,5,0.1,0.9,0.05,default,100,9.7,4,1,1,0,0,0.0005851149999216432,
trap_penalty_q_learning_5_q_learning_123_e176afe3,trap_penalty_q_learning_5,q_learning,train,657,123,risk,5,5,0.1,0.9,0.05,default,100,9.7,4,1,1,0,0,0.0005686920001153339,
trap_penalty_q_learning_5_q_learning_123_e176afe3,trap_penalty_q_learning_5,q_learning,train,658,123,risk,5,5,0.1,0.9,0.05,default,100,9.7,4,1,1,0,0,0.0005832450001435063,
trap_penalty_q_learning_5_q_learning_123_e176afe3,trap_penalty_q_learning_5,q_learning,train,659,123,risk,5,5,0.1,0.9,0.05,default,100,8.7,5,1,1,0,0,0.0006292349999057478,
trap_penalty_q_learning_5_q_learning_123_e176afe3,trap_penalty_q_learning_5,q_learning,train,660,123,risk,5,5,0.1,0.9,0.05,default,100,8.7,5,1,1,0,0,0.0005703369999991992,
trap_penalty_q_learning_5_q_learning_123_e176afe3,trap_penalty_q_learning_5,q_learning,train,661,123,risk,5,5,0.1,0.9,0.05,default,100,9.7,4,1,1,0,0,0.000561269999934666,
trap_penalty_q_learning_5_q_learning_123_e176afe3,trap_penalty_q_learning_5,q_learning,train,662,123,risk,5,5,0.1,0.9,0.05,default,100,9.7,4,1,1,0,0,0.0005777559999842197,
trap_penalty_q_learning_5_q_learning_123_e176afe3,trap_penalty_q_learning_5,q_learning,train,663,123,risk,5,5,0.1,0.9,0.05,default,100,9.7,4,1,1,0,0,0.0005642560001888342,
trap_penalty_q_learning_5_q_learning_123_e176afe3,trap_penalty_q_learning_5,q_learning,train,664,123,risk,5,5,0.1,0.9,0.05,default,100,9.7,4,1,1,0,0,0.0005284470000788133,
trap_penalty_q_learning_5_q_learning_123_e176afe3,trap_penalty_q_learning_5,q_learning,train,665,123,risk,5,5,0.1,0.9,0.05,default,100,9.7,4,1,1,0,0,0.0005244550000043091,
trap_penalty_q_learning_5_q_learning_123_e176afe3,trap_penalty_q_learning_5,q_learning,train,666,123,risk,5,5,0.1,0.9,0.05,default,100,9.7,4,1,1,0,0,0.0004664709999815386,
trap_penalty_q_learning_5_q_learning_123_e176afe3,trap_penalty_q_learning_5,q_learning,train,667,123,risk,5,5,0.1,0.9,0.05,default,100,9.7,4,1,1,0,0,0.0005412509999587201,
trap_penalty_q_learning_5_q_learning_123_e176afe3,trap_penalty_q_learning_5,q_learning,train,668,123,risk,5,5,0.1,0.9,0.05,default,100,9.7,4,1,1,0,0,0.0005352959999527229,
trap_penalty_q_learning_5_q_learning_123_e176afe3,trap_penalty_q_learning_5,q_learning,train,669,123,risk,5,5,0.1,0.9,0.05,default,100,9.7,4,1,1,0,0,0.0005133570000452892,
trap_penalty_q_learning_5_q_learning_123_e176afe3,trap_penalty_q_learning_5,q_learning,train,670,123,risk,5,5,0.1,0.9,0.05,default,100,9.7,4,1,1,0,0,0.0005312440000579954,
trap_penalty_q_learning_5_q_learning_123_e176afe3,trap_penalty_q_learning_5,q_learning,train,671,123,risk,5,5,0.1,0.9,0.05,default,100,9.7,4,1,1,0,0,0.000472023999918747,
trap_penalty_q_learning_5_q_learning_123_e176afe3,trap_penalty_q_learning_5,q_learning,train,672,123,risk,5,5,0.1,0.9,0.05,default,100,9.7,4,1,1,0,0,0.000529970000116009,
trap_penalty_q_learning_5_q_learning_123_e176afe3,trap_penalty_q_learning_5,q_learning,train,673,123,risk,5,5,0.1,0.9,0.05,default,100,9.7,4,1,1,0,0,0.00051694600006158,
trap_penalty_q_learning_5_q_learning_123_e176afe3,trap_penalty_q_learning_5,q_learning,train,674,123,risk,5,5,0.1,0.9,0.05,default,100,9.7,4,1,1,0,0,0.0005324449998624914,
trap_penalty_q_learning_5_q_learning_123_e176afe3,trap_penalty_q_learning_5,q_learning,train,675,123,risk,5,5,0.1,0.9,0.05,default,100,9.7,4,1,1,0,0,0.0005396480000854353,
trap_penalty_q_learning_5_q_learning_123_e176afe3,trap_penalty_q_learning_5,q_learning,train,676,123,risk,5,5,0.1,0.9,0.05,default,100,9.7,4,1,1,0,0,0.0005295070000101987,
trap_penalty_q_learning_5_q_learning_123_e176afe3,trap_penalty_q_learning_5,q_learning,train,677,123,risk,5,5,0.1,0.9,0.05,default,100,9.7,4,1,1,0,0,0.00045887900000707305,
trap_penalty_q_learning_5_q_learning_123_e176afe3,trap_penalty_q_learning_5,q_learning,train,678,123,risk,5,5,0.1,0.9,0.05,default,100,9.7,4,1,1,0,0,0.0005287240001052851,
trap_penalty_q_learning_5_q_learning_123_e176afe3,trap_penalty_q_learning_5,q_learning,train,679,123,risk,5,5,0.1,0.9,0.05,default,100,-5.2,3,0,1,0,1,0.0003572250000161148,
trap_penalty_q_learning_5_q_learning_123_e176afe3,trap_penalty_q_learning_5,q_learning,train,680,123,risk,5,5,0.1,0.9,0.05,default,100,9.5,6,1,1,0,0,0.0006739319999269355,
trap_penalty_q_learning_5_q_learning_123_e176afe3,trap_penalty_q_learning_5,q_learning,train,681,123,risk,5,5,0.1,0.9,0.05,default,100,9.7,4,1,1,0,0,0.0005718509999041999,
trap_penalty_q_learning_5_q_learning_123_e176afe3,trap_penalty_q_learning_5,q_learning,train,682,123,risk,5,5,0.1,0.9,0.05,default,100,9.7,4,1,1,0,0,0.000468293000039921,
trap_penalty_q_learning_5_q_learning_123_e176afe3,trap_penalty_q_learning_5,q_learning,train,683,123,risk,5,5,0.1,0.9,0.05,default,100,9.7,4,1,1,0,0,0.0005273740000575344,
trap_penalty_q_learning_5_q_learning_123_e176afe3,trap_penalty_q_learning_5,q_learning,train,684,123,risk,5,5,0.1,0.9,0.05,default,100,8.7,5,1,1,0,0,0.0005122219999975641,
trap_penalty_q_learning_5_q_learning_123_e176afe3,trap_penalty_q_learning_5,q_learning,train,685,123,risk,5,5,0.1,0.9,0.05,default,100,9.7,4,1,1,0,0,0.000529114000073605,
trap_penalty_q_learning_5_q_learning_123_e176afe3,trap_penalty_q_learning_5,q_learning,train,686,123,risk,5,5,0.1,0.9,0.05,default,100,9.7,4,1,1,0,0,0.0005180419998396246,
trap_penalty_q_learning_5_q_learning_123_e176afe3,trap_penalty_q_learning_5,q_learning,train,687,123,risk,5,5,0.1,0.9,0.05,default,100,9.7,4,1,1,0,0,0.0005278969999835681,
trap_penalty_q_learning_5_q_learning_123_e176afe3,trap_penalty_q_learning_5,q_learning,train,688,123,risk,5,5,0.1,0.9,0.05,default,100,9.7,4,1,1,0,0,0.000536524999915855,
trap_penalty_q_learning_5_q_learning_123_e176afe3,trap_penalty_q_learning_5,q_learning,train,689,123,risk,5,5,0.1,0.9,0.05,default,100,-5.2,3,0,1,0,1,0.0003724470000179281,
trap_penalty_q_learning_5_q_learning_123_e176afe3,trap_penalty_q_learning_5,q_learning,train,690,123,risk,5,5,0.1,0.9,0.05,default,100,9.7,4,1,1,0,0,0.0005160210000667576,
trap_penalty_q_learning_5_q_learning_123_e176afe3,trap_penalty_q_learning_5,q_learning,train,691,123,risk,5,5,0.1,0.9,0.05,default,100,8.7,5,1,1,0,0,0.0006265480001275137,
trap_penalty_q_learning_5_q_learning_123_e176afe3,trap_penalty_q_learning_5,q_learning,train,692,123,risk,5,5,0.1,0.9,0.05,default,100,9.7,4,1,1,0,0,0.0005529250001927721,
trap_penalty_q_learning_5_q_learning_123_e176afe3,trap_penalty_q_learning_5,q_learning,train,693,123,risk,5,5,0.1,0.9,0.05,default,100,9.7,4,1,1,0,0,0.0005234720001681126,
trap_penalty_q_learning_5_q_learning_123_e176afe3,trap_penalty_q_learning_5,q_learning,train,694,123,risk,5,5,0.1,0.9,0.05,default,100,9.7,4,1,1,0,0,0.0005169890000615851,
trap_penalty_q_learning_5_q_learning_123_e176afe3,trap_penalty_q_learning_5,q_learning,train,695,123,risk,5,5,0.1,0.9,0.05,default,100,9.7,4,1,1,0,0,0.0005238769999778015,
trap_penalty_q_learning_5_q_learning_123_e176afe3,trap_penalty_q_learning_5,q_learning,train,696,123,risk,5,5,0.1,0.9,0.05,default,100,8.7,5,1,1,0,0,0.0005813299999317678,
trap_penalty_q_learning_5_q_learning_123_e176afe3,trap_penalty_q_learning_5,q_learning,train,697,123,risk,5,5,0.1,0.9,0.05,default,100,-5.2,3,0,1,0,1,0.0003126710000742605,
trap_penalty_q_learning_5_q_learning_123_e176afe3,trap_penalty_q_learning_5,q_learning,train,698,123,risk,5,5,0.1,0.9,0.05,default,100,9.7,4,1,1,0,0,0.000512806000187993,
trap_penalty_q_learning_5_q_learning_123_e176afe3,trap_penalty_q_learning_5,q_learning,train,699,123,risk,5,5,0.1,0.9,0.05,default,100,9.7,4,1,1,0,0,0.0005240899999989779,
trap_penalty_q_learning_5_q_learning_123_e176afe3,trap_penalty_q_learning_5,q_learning,train,700,123,risk,5,5,0.1,0.9,0.05,default,100,9.7,4,1,1,0,0,0.000518588999966596,
trap_penalty_q_learning_5_q_learning_123_e176afe3,trap_penalty_q_learning_5,q_learning,train,701,123,risk,5,5,0.1,0.9,0.05,default,100,9.7,4,1,1,0,0,0.0005632340000829572,
trap_penalty_q_learning_5_q_learning_123_e176afe3,trap_penalty_q_learning_5,q_learning,train,702,123,risk,5,5,0.1,0.9,0.05,default,100,8.299999999999999,9,1,1,0,0,0.0008822340000733675,
trap_penalty_q_learning_5_q_learning_123_e176afe3,trap_penalty_q_learning_5,q_learning,train,703,123,risk,5,5,0.1,0.9,0.05,default,100,9.7,4,1,1,0,0,0.0005178760000035254,
trap_penalty_q_learning_5_q_learning_123_e176afe3,trap_penalty_q_learning_5,q_learning,train,704,123,risk,5,5,0.1,0.9,0.05,default,100,9.7,4,1,1,0,0,0.00047137800015661924,
trap_penalty_q_learning_5_q_learning_123_e176afe3,trap_penalty_q_learning_5,q_learning,train,705,123,risk,5,5,0.1,0.9,0.05,default,100,9.7,4,1,1,0,0,0.0005217410000568634,
trap_penalty_q_learning_5_q_learning_123_e176afe3,trap_penalty_q_learning_5,q_learning,train,706,123,risk,5,5,0.1,0.9,0.05,default,100,9.7,4,1,1,0,0,0.0005289940002057847,
trap_penalty_q_learning_5_q_learning_123_e176afe3,trap_penalty_q_learning_5,q_learning,train,707,123,risk,5,5,0.1,0.9,0.05,default,100,9.7,4,1,1,0,0,0.0005259480001313932,
trap_penalty_q_learning_5_q_learning_123_e176afe3,trap_penalty_q_learning_5,q_learning,train,708,123,risk,5,5,0.1,0.9,0.05,default,100,9.7,4,1,1,0,0,0.0005506370000603056,
trap_penalty_q_learning_5_q_learning_123_e176afe3,trap_penalty_q_learning_5,q_learning,train,709,123,risk,5,5,0.1,0.9,0.05,default,100,9.7,4,1,1,0,0,0.0005321889998413099,
trap_penalty_q_learning_5_q_learning_123_e176afe3,trap_penalty_q_learning_5,q_learning,train,710,123,risk,5,5,0.1,0.9,0.05,default,100,9.7,4,1,1,0,0,0.0005193039999085158,
trap_penalty_q_learning_5_q_learning_123_e176afe3,trap_penalty_q_learning_5,q_learning,train,711,123,risk,5,5,0.1,0.9,0.05,default,100,9.7,4,1,1,0,0,0.00047110900004554424,
trap_penalty_q_learning_5_q_learning_123_e176afe3,trap_penalty_q_learning_5,q_learning,train,712,123,risk,5,5,0.1,0.9,0.05,default,100,9.7,4,1,1,0,0,0.0005134929999712767,
trap_penalty_q_learning_5_q_learning_123_e176afe3,trap_penalty_q_learning_5,q_learning,train,713,123,risk,5,5,0.1,0.9,0.05,default,100,9.7,4,1,1,0,0,0.0005240039999989676,
trap_penalty_q_learning_5_q_learning_123_e176afe3,trap_penalty_q_learning_5,q_learning,train,714,123,risk,5,5,0.1,0.9,0.05,default,100,9.7,4,1,1,0,0,0.0005146280000190018,
trap_penalty_q_learning_5_q_learning_123_e176afe3,trap_penalty_q_learning_5,q_learning,train,715,123,risk,5,5,0.1,0.9,0.05,default,100,9.7,4,1,1,0,0,0.000525761999824681,
trap_penalty_q_learning_5_q_learning_123_e176afe3,trap_penalty_q_learning_5,q_learning,train,716,123,risk,5,5,0.1,0.9,0.05,default,100,9.7,4,1,1,0,0,0.000532281999994666,
trap_penalty_q_learning_5_q_learning_123_e176afe3,trap_penalty_q_learning_5,q_learning,train,717,123,risk,5,5,0.1,0.9,0.05,default,100,8.7,5,1,1,0,0,0.0005748419998781173,
trap_penalty_q_learning_5_q_learning_123_e176afe3,trap_penalty_q_learning_5,q_learning,train,718,123,risk,5,5,0.1,0.9,0.05,default,100,8.7,5,1,1,0,0,0.0006143929999780084,
trap_penalty_q_learning_5_q_learning_123_e176afe3,trap_penalty_q_learning_5,q_learning,train,719,123,risk,5,5,0.1,0.9,0.05,default,100,9.7,4,1,1,0,0,0.0005924960000811552,
trap_penalty_q_learning_5_q_learning_123_e176afe3,trap_penalty_q_learning_5,q_learning,train,720,123,risk,5,5,0.1,0.9,0.05,default,100,9.5,6,1,1,0,0,0.0007060220000312256,
trap_penalty_q_learning_5_q_learning_123_e176afe3,trap_penalty_q_learning_5,q_learning,train,721,123,risk,5,5,0.1,0.9,0.05,default,100,9.7,4,1,1,0,0,0.0006114529999194929,
trap_penalty_q_learning_5_q_learning_123_e176afe3,trap_penalty_q_learning_5,q_learning,train,722,123,risk,5,5,0.1,0.9,0.05,default,100,9.7,4,1,1,0,0,0.0005753989998993347,
trap_penalty_q_learning_5_q_learning_123_e176afe3,trap_penalty_q_learning_5,q_learning,train,723,123,risk,5,5,0.1,0.9,0.05,default,100,9.7,4,1,1,0,0,0.0005857769999693119,
trap_penalty_q_learning_5_q_learning_123_e176afe3,trap_penalty_q_learning_5,q_learning,train,724,123,risk,5,5,0.1,0.9,0.05,default,100,9.7,4,1,1,0,0,0.0005689810000149009,
trap_penalty_q_learning_5_q_learning_123_e176afe3,trap_penalty_q_learning_5,q_learning,train,725,123,risk,5,5,0.1,0.9,0.05,default,100,-5.2,3,0,1,0,1,0.0003961229999731586,
trap_penalty_q_learning_5_q_learning_123_e176afe3,trap_penalty_q_learning_5,q_learning,train,726,123,risk,5,5,0.1,0.9,0.05,default,100,9.7,4,1,1,0,0,0.0005847260001701216,
trap_penalty_q_learning_5_q_learning_123_e176afe3,trap_penalty_q_learning_5,q_learning,train,727,123,risk,5,5,0.1,0.9,0.05,default,100,9.7,4,1,1,0,0,0.0005290349999995669,
trap_penalty_q_learning_5_q_learning_123_e176afe3,trap_penalty_q_learning_5,q_learning,train,728,123,risk,5,5,0.1,0.9,0.05,default,100,9.5,6,1,1,0,0,0.0007478350000837963,
trap_penalty_q_learning_5_q_learning_123_e176afe3,trap_penalty_q_learning_5,q_learning,train,729,123,risk,5,5,0.1,0.9,0.05,default,100,9.7,4,1,1,0,0,0.0005669810000199504,
trap_penalty_q_learning_5_q_learning_123_e176afe3,trap_penalty_q_learning_5,q_learning,train,730,123,risk,5,5,0.1,0.9,0.05,default,100,9.7,4,1,1,0,0,0.0005803950000426994,
trap_penalty_q_learning_5_q_learning_123_e176afe3,trap_penalty_q_learning_5,q_learning,train,731,123,risk,5,5,0.1,0.9,0.05,default,100,9.7,4,1,1,0,0,0.0005873190000329487,
trap_penalty_q_learning_5_q_learning_123_e176afe3,trap_penalty_q_learning_5,q_learning,train,732,123,risk,5,5,0.1,0.9,0.05,default,100,9.7,4,1,1,0,0,0.0005690020000201912,
trap_penalty_q_learning_5_q_learning_123_e176afe3,trap_penalty_q_learning_5,q_learning,train,733,123,risk,5,5,0.1,0.9,0.05,default,100,9.7,4,1,1,0,0,0.0005802169998787576,
trap_penalty_q_learning_5_q_learning_123_e176afe3,trap_penalty_q_learning_5,q_learning,train,734,123,risk,5,5,0.1,0.9,0.05,default,100,9.7,4,1,1,0,0,0.0005903290000333072,
trap_penalty_q_learning_5_q_learning_123_e176afe3,trap_penalty_q_learning_5,q_learning,train,735,123,risk,5,5,0.1,0.9,0.05,default,100,9.7,4,1,1,0,0,0.0005829720000747329,
trap_penalty_q_learning_5_q_learning_123_e176afe3,trap_penalty_q_learning_5,q_learning,train,736,123,risk,5,5,0.1,0.9,0.05,default,100,9.7,4,1,1,0,0,0.0005900369999380928,
trap_penalty_q_learning_5_q_learning_123_e176afe3,trap_penalty_q_learning_5,q_learning,train,737,123,risk,5,5,0.1,0.9,0.05,default,100,9.7,4,1,1,0,0,0.0005733339999096643,
trap_penalty_q_learning_5_q_learning_123_e176afe3,trap_penalty_q_learning_5,q_learning,train,738,123,risk,5,5,0.1,0.9,0.05,default,100,9.7,4,1,1,0,0,0.0005808119999528571,
trap_penalty_q_learning_5_q_learning_123_e176afe3,trap_penalty_q_learning_5,q_learning,train,739,123,risk,5,5,0.1,0.9,0.05,default,100,9.7,4,1,1,0,0,0.0005672490001416008,
trap_penalty_q_learning_5_q_learning_123_e176afe3,trap_penalty_q_learning_5,q_learning,train,740,123,risk,5,5,0.1,0.9,0.05,default,100,9.7,4,1,1,0,0,0.0005795740000849037,
trap_penalty_q_learning_5_q_learning_123_e176afe3,trap_penalty_q_learning_5,q_learning,train,741,123,risk,5,5,0.1,0.9,0.05,default,100,9.7,4,1,1,0,0,0.0006186860000525485,
trap_penalty_q_learning_5_q_learning_123_e176afe3,trap_penalty_q_learning_5,q_learning,train,742,123,risk,5,5,0.1,0.9,0.05,default,100,9.7,4,1,1,0,0,0.0005978159999813215,
trap_penalty_q_learning_5_q_learning_123_e176afe3,trap_penalty_q_learning_5,q_learning,train,743,123,risk,5,5,0.1,0.9,0.05,default,100,8.7,5,1,1,0,0,0.0006270619999213523,
trap_penalty_q_learning_5_q_learning_123_e176afe3,trap_penalty_q_learning_5,q_learning,train,744,123,risk,5,5,0.1,0.9,0.05,default,100,9.7,4,1,1,0,0,0.0005926110000018525,
trap_penalty_q_learning_5_q_learning_123_e176afe3,trap_penalty_q_learning_5,q_learning,train,745,123,risk,5,5,0.1,0.9,0.05,default,100,9.5,6,1,1,0,0,0.000780304000045362,
trap_penalty_q_learning_5_q_learning_123_e176afe3,trap_penalty_q_learning_5,q_learning,train,746,123,risk,5,5,0.1,0.9,0.05,default,100,9.7,4,1,1,0,0,0.0005732070001158718,
trap_penalty_q_learning_5_q_learning_123_e176afe3,trap_penalty_q_learning_5,q_learning,train,747,123,risk,5,5,0.1,0.9,0.05,default,100,9.7,4,1,1,0,0,0.0005867840000064461,
trap_penalty_q_learning_5_q_learning_123_e176afe3,trap_penalty_q_learning_5,q_learning,train,748,123,risk,5,5,0.1,0.9,0.05,default,100,9.7,4,1,1,0,0,0.0005707509999410831,
trap_penalty_q_learning_5_q_learning_123_e176afe3,trap_penalty_q_learning_5,q_learning,train,749,123,risk,5,5,0.1,0.9,0.05,default,100,9.7,4,1,1,0,0,0.0005813779998788959,
trap_penalty_q_learning_5_q_learning_123_e176afe3,trap_penalty_q_learning_5,q_learning,train,750,123,risk,5,5,0.1,0.9,0.05,default,100,8.7,5,1,1,0,0,0.0006320729999060859,
trap_penalty_q_learning_5_q_learning_123_e176afe3,trap_penalty_q_learning_5,q_learning,train,751,123,risk,5,5,0.1,0.9,0.05,default,100,9.5,6,1,1,0,0,0.0007690269999329757,
trap_penalty_q_learning_5_q_learning_123_e176afe3,trap_penalty_q_learning_5,q_learning,train,752,123,risk,5,5,0.1,0.9,0.05,default,100,9.7,4,1,1,0,0,0.0005335939999895345,
trap_penalty_q_learning_5_q_learning_123_e176afe3,trap_penalty_q_learning_5,q_learning,train,753,123,risk,5,5,0.1,0.9,0.05,default,100,9.5,6,1,1,0,0,0.0007069129999308643,
trap_penalty_q_learning_5_q_learning_123_e176afe3,trap_penalty_q_learning_5,q_learning,train,754,123,risk,5,5,0.1,0.9,0.05,default,100,9.7,4,1,1,0,0,0.000568074000057095,
trap_penalty_q_learning_5_q_learning_123_e176afe3,trap_penalty_q_learning_5,q_learning,train,755,123,risk,5,5,0.1,0.9,0.05,default,100,9.7,4,1,1,0,0,0.0005707329999040667,
trap_penalty_q_learning_5_q_learning_123_e176afe3,trap_penalty_q_learning_5,q_learning,train,756,123,risk,5,5,0.1,0.9,0.05,default,100,9.7,4,1,1,0,0,0.0005151959999238898,
trap_penalty_q_learning_5_q_learning_123_e176afe3,trap_penalty_q_learning_5,q_learning,train,757,123,risk,5,5,0.1,0.9,0.05,default,100,9.7,4,1,1,0,0,0.0005305660001795331,
trap_penalty_q_learning_5_q_learning_123_e176afe3,trap_penalty_q_learning_5,q_learning,train,758,123,risk,5,5,0.1,0.9,0.05,default,100,8.7,5,1,1,0,0,0.0006528399999297108,
trap_penalty_q_learning_5_q_learning_123_e176afe3,trap_penalty_q_learning_5,q_learning,train,759,123,risk,5,5,0.1,0.9,0.05,default,100,9.7,4,1,1,0,0,0.0005716880000363744,
trap_penalty_q_learning_5_q_learning_123_e176afe3,trap_penalty_q_learning_5,q_learning,train,760,123,risk,5,5,0.1,0.9,0.05,default,100,9.7,4,1,1,0,0,0.0005577239999183803,
trap_penalty_q_learning_5_q_learning_123_e176afe3,trap_penalty_q_learning_5,q_learning,train,761,123,risk,5,5,0.1,0.9,0.05,default,100,9.7,4,1,1,0,0,0.0005385770000430057,
trap_penalty_q_learning_5_q_learning_123_e176afe3,trap_penalty_q_learning_5,q_learning,train,762,123,risk,5,5,0.1,0.9,0.05,default,100,9.7,4,1,1,0,0,0.0005556860000979214,
trap_penalty_q_learning_5_q_learning_123_e176afe3,trap_penalty_q_learning_5,q_learning,train,763,123,risk,5,5,0.1,0.9,0.05,default,100,8.7,5,1,1,0,0,0.0006456500000240339,
trap_penalty_q_learning_5_q_learning_123_e176afe3,trap_penalty_q_learning_5,q_learning,train,764,123,risk,5,5,0.1,0.9,0.05,default,100,8.7,5,1,1,0,0,0.0006215139999312669,
trap_penalty_q_learning_5_q_learning_123_e176afe3,trap_penalty_q_learning_5,q_learning,train,765,123,risk,5,5,0.1,0.9,0.05,default,100,9.7,4,1,1,0,0,0.0005717770000046585,
trap_penalty_q_learning_5_q_learning_123_e176afe3,trap_penalty_q_learning_5,q_learning,train,766,123,risk,5,5,0.1,0.9,0.05,default,100,9.7,4,1,1,0,0,0.00045753500012324366,
trap_penalty_q_learning_5_q_learning_123_e176afe3,trap_penalty_q_learning_5,q_learning,train,767,123,risk,5,5,0.1,0.9,0.05,default,100,9.7,4,1,1,0,0,0.0005252830001154507,
trap_penalty_q_learning_5_q_learning_123_e176afe3,trap_penalty_q_learning_5,q_learning,train,768,123,risk,5,5,0.1,0.9,0.05,default,100,9.7,4,1,1,0,0,0.0005132669998602069,
trap_penalty_q_learning_5_q_learning_123_e176afe3,trap_penalty_q_learning_5,q_learning,train,769,123,risk,5,5,0.1,0.9,0.05,default,100,9.7,4,1,1,0,0,0.0005806589999792777,
trap_penalty_q_learning_5_q_learning_123_e176afe3,trap_penalty_q_learning_5,q_learning,train,770,123,risk,5,5,0.1,0.9,0.05,default,100,9.7,4,1,1,0,0,0.0006077909999930853,
trap_penalty_q_learning_5_q_learning_123_e176afe3,trap_penalty_q_learning_5,q_learning,train,771,123,risk,5,5,0.1,0.9,0.05,default,100,9.7,4,1,1,0,0,0.0005768279997937498,
trap_penalty_q_learning_5_q_learning_123_e176afe3,trap_penalty_q_learning_5,q_learning,train,772,123,risk,5,5,0.1,0.9,0.05,default,100,9.7,4,1,1,0,0,0.0005799000000479282,
trap_penalty_q_learning_5_q_learning_123_e176afe3,trap_penalty_q_learning_5,q_learning,train,773,123,risk,5,5,0.1,0.9,0.05,default,100,9.7,4,1,1,0,0,0.0005036210000071151,
trap_penalty_q_learning_5_q_learning_123_e176afe3,trap_penalty_q_learning_5,q_learning,train,774,123,risk,5,5,0.1,0.9,0.05,default,100,9.7,4,1,1,0,0,0.0005575469999712368,
trap_penalty_q_learning_5_q_learning_123_e176afe3,trap_penalty_q_learning_5,q_learning,train,775,123,risk,5,5,0.1,0.9,0.05,default,100,9.7,4,1,1,0,0,0.000579349999952683,
trap_penalty_q_learning_5_q_learning_123_e176afe3,trap_penalty_q_learning_5,q_learning,train,776,123,risk,5,5,0.1,0.9,0.05,default,100,9.7,4,1,1,0,0,0.0005998090000502998,
trap_penalty_q_learning_5_q_learning_123_e176afe3,trap_penalty_q_learning_5,q_learning,train,777,123,risk,5,5,0.1,0.9,0.05,default,100,9.7,4,1,1,0,0,0.0005856319999111292,
trap_penalty_q_learning_5_q_learning_123_e176afe3,trap_penalty_q_learning_5,q_learning,train,778,123,risk,5,5,0.1,0.9,0.05,default,100,9.7,4,1,1,0,0,0.0005688159999408526,
trap_penalty_q_learning_5_q_learning_123_e176afe3,trap_penalty_q_learning_5,q_learning,train,779,123,risk,5,5,0.1,0.9,0.05,default,100,9.7,4,1,1,0,0,0.0005762920000051963,
trap_penalty_q_learning_5_q_learning_123_e176afe3,trap_penalty_q_learning_5,q_learning,train,780,123,risk,5,5,0.1,0.9,0.05,default,100,9.7,4,1,1,0,0,0.0005697240001154569,
trap_penalty_q_learning_5_q_learning_123_e176afe3,trap_penalty_q_learning_5,q_learning,train,781,123,risk,5,5,0.1,0.9,0.05,default,100,9.7,4,1,1,0,0,0.0006139900001471688,
trap_penalty_q_learning_5_q_learning_123_e176afe3,trap_penalty_q_learning_5,q_learning,train,782,123,risk,5,5,0.1,0.9,0.05,default,100,9.7,4,1,1,0,0,0.0005958140000075218,
trap_penalty_q_learning_5_q_learning_123_e176afe3,trap_penalty_q_learning_5,q_learning,train,783,123,risk,5,5,0.1,0.9,0.05,default,100,9.7,4,1,1,0,0,0.0005707610000627028,
trap_penalty_q_learning_5_q_learning_123_e176afe3,trap_penalty_q_learning_5,q_learning,train,784,123,risk,5,5,0.1,0.9,0.05,default,100,9.7,4,1,1,0,0,0.0005805640000744461,
trap_penalty_q_learning_5_q_learning_123_e176afe3,trap_penalty_q_learning_5,q_learning,train,785,123,risk,5,5,0.1,0.9,0.05,default,100,9.7,4,1,1,0,0,0.0005328990000634803,
trap_penalty_q_learning_5_q_learning_123_e176afe3,trap_penalty_q_learning_5,q_learning,train,786,123,risk,5,5,0.1,0.9,0.05,default,100,9.7,4,1,1,0,0,0.0005151349998868682,
trap_penalty_q_learning_5_q_learning_123_e176afe3,trap_penalty_q_learning_5,q_learning,train,787,123,risk,5,5,0.1,0.9,0.05,default,100,9.7,4,1,1,0,0,0.0005251869999938208,
trap_penalty_q_learning_5_q_learning_123_e176afe3,trap_penalty_q_learning_5,q_learning,train,788,123,risk,5,5,0.1,0.9,0.05,default,100,9.7,4,1,1,0,0,0.0005373580002014933,
trap_penalty_q_learning_5_q_learning_123_e176afe3,trap_penalty_q_learning_5,q_learning,train,789,123,risk,5,5,0.1,0.9,0.05,default,100,9.7,4,1,1,0,0,0.0005300169998463389,
trap_penalty_q_learning_5_q_learning_123_e176afe3,trap_penalty_q_learning_5,q_learning,train,790,123,risk,5,5,0.1,0.9,0.05,default,100,9.7,4,1,1,0,0,0.0005192309999983991,
trap_penalty_q_learning_5_q_learning_123_e176afe3,trap_penalty_q_learning_5,q_learning,train,791,123,risk,5,5,0.1,0.9,0.05,default,100,9.7,4,1,1,0,0,0.0005273300000681047,
trap_penalty_q_learning_5_q_learning_123_e176afe3,trap_penalty_q_learning_5,q_learning,train,792,123,risk,5,5,0.1,0.9,0.05,default,100,9.7,4,1,1,0,0,0.0005167360000086774,
trap_penalty_q_learning_5_q_learning_123_e176afe3,trap_penalty_q_learning_5,q_learning,train,793,123,risk,5,5,0.1,0.9,0.05,default,100,9.7,4,1,1,0,0,0.0005214820000674081,
trap_penalty_q_learning_5_q_learning_123_e176afe3,trap_penalty_q_learning_5,q_learning,train,794,123,risk,5,5,0.1,0.9,0.05,default,100,9.7,4,1,1,0,0,0.0005139940001299692,
trap_penalty_q_learning_5_q_learning_123_e176afe3,trap_penalty_q_learning_5,q_learning,train,795,123,risk,5,5,0.1,0.9,0.05,default,100,9.7,4,1,1,0,0,0.0005265739998776553,
trap_penalty_q_learning_5_q_learning_123_e176afe3,trap_penalty_q_learning_5,q_learning,train,796,123,risk,5,5,0.1,0.9,0.05,default,100,9.7,4,1,1,0,0,0.0005371340000692726,
trap_penalty_q_learning_5_q_learning_123_e176afe3,trap_penalty_q_learning_5,q_learning,train,797,123,risk,5,5,0.1,0.9,0.05,default,100,9.7,4,1,1,0,0,0.0005177339999136166,
trap_penalty_q_learning_5_q_learning_123_e176afe3,trap_penalty_q_learning_5,q_learning,train,798,123,risk,5,5,0.1,0.9,0.05,default,100,9.7,4,1,1,0,0,0.0005258139999568812,
trap_penalty_q_learning_5_q_learning_123_e176afe3,trap_penalty_q_learning_5,q_learning,train,799,123,risk,5,5,0.1,0.9,0.05,default,100,9.7,4,1,1,0,0,0.0005170029999135295,
trap_penalty_q_learning_5_q_learning_123_e176afe3,trap_penalty_q_learning_5,q_learning,train,800,123,risk,5,5,0.1,0.9,0.05,default,100,9.7,4,1,1,0,0,0.0005228709999300918,results/trap_penalty/q_learning/trap_5/seed_123/qtable_ep800.npz
trap_penalty_q_learning_5_q_learning_123_e176afe3,trap_penalty_q_learning_5,q_learning,train,801,123,risk,5,5,0.1,0.9,0.05,default,100,9.7,4,1,1,0,0,0.0006146130001525307,
trap_penalty_q_learning_5_q_learning_123_e176afe3,trap_penalty_q_learning_5,q_learning,train,802,123,risk,5,5,0.1,0.9,0.05,default,100,8.7,5,1,1,0,0,0.0006310829999165435,
trap_penalty_q_learning_5_q_learning_123_e176afe3,trap_penalty_q_learning_5,q_learning,train,803,123,risk,5,5,0.1,0.9,0.05,default,100,9.7,4,1,1,0,0,0.0005910149998271663,
trap_penalty_q_learning_5_q_learning_123_e176afe3,trap_penalty_q_learning_5,q_learning,train,804,123,risk,5,5,0.1,0.9,0.05,default,100,9.7,4,1,1,0,0,0.0005420790000698616,
trap_penalty_q_learning_5_q_learning_123_e176afe3,trap_penalty_q_learning_5,q_learning,train,805,123,risk,5,5,0.1,0.9,0.05,default,100,9.7,4,1,1,0,0,0.0005320140001003892,
trap_penalty_q_learning_5_q_learning_123_e176afe3,trap_penalty_q_learning_5,q_learning,train,806,123,risk,5,5,0.1,0.9,0.05,default,100,9.7,4,1,1,0,0,0.0006410159999177267,
trap_penalty_q_learning_5_q_learning_123_e176afe3,trap_penalty_q_learning_5,q_learning,train,807,123,risk,5,5,0.1,0.9,0.05,default,100,9.7,4,1,1,0,0,0.0005143880000559875,
trap_penalty_q_learning_5_q_learning_123_e176afe3,trap_penalty_q_learning_5,q_learning,train,808,123,risk,5,5,0.1,0.9,0.05,default,100,9.7,4,1,1,0,0,0.000585122000074989,
trap_penalty_q_learning_5_q_learning_123_e176afe3,trap_penalty_q_learning_5,q_learning,train,809,123,risk,5,5,0.1,0.9,0.05,default,100,9.7,4,1,1,0,0,0.0005600150000191206,
trap_penalty_q_learning_5_q_learning_123_e176afe3,trap_penalty_q_learning_5,q_learning,train,810,123,risk,5,5,0.1,0.9,0.05,default,100,9.7,4,1,1,0,0,0.0005258300000150484,
trap_penalty_q_learning_5_q_learning_123_e176afe3,trap_penalty_q_learning_5,q_learning,train,811,123,risk,5,5,0.1,0.9,0.05,default,100,9.7,4,1,1,0,0,0.0005201999999826512,
trap_penalty_q_learning_5_q_learning_123_e176afe3,trap_penalty_q_learning_5,q_learning,train,812,123,risk,5,5,0.1,0.9,0.05,default,100,8.5,7,1,1,0,0,0.0007413710000037099,
trap_penalty_q_learning_5_q_learning_123_e176afe3,trap_penalty_q_learning_5,q_learning,train,813,123,risk,5,5,0.1,0.9,0.05,default,100,9.7,4,1,1,0,0,0.0005354190000161907,
trap_penalty_q_learning_5_q_learning_123_e176afe3,trap_penalty_q_learning_5,q_learning,train,814,123,risk,5,5,0.1,0.9,0.05,default,100,9.7,4,1,1,0,0,0.0005169189998923684,
trap_penalty_q_learning_5_q_learning_123_e176afe3,trap_penalty_q_learning_5,q_learning,train,815,123,risk,5,5,0.1,0.9,0.05,default,100,9.7,4,1,1,0,0,0.0005267750000257365,
trap_penalty_q_learning_5_q_learning_123_e176afe3,trap_penalty_q_learning_5,q_learning,train,816,123,risk,5,5,0.1,0.9,0.05,default,100,9.7,4,1,1,0,0,0.00045992900004421244,
trap_penalty_q_learning_5_q_learning_123_e176afe3,trap_penalty_q_learning_5,q_learning,train,817,123,risk,5,5,0.1,0.9,0.05,default,100,9.7,4,1,1,0,0,0.0005390289998103981,
trap_penalty_q_learning_5_q_learning_123_e176afe3,trap_penalty_q_learning_5,q_learning,train,818,123,risk,5,5,0.1,0.9,0.05,default,100,9.7,4,1,1,0,0,0.0005148109999026929,
trap_penalty_q_learning_5_q_learning_123_e176afe3,trap_penalty_q_learning_5,q_learning,train,819,123,risk,5,5,0.1,0.9,0.05,default,100,9.7,4,1,1,0,0,0.0005658889999722305,
trap_penalty_q_learning_5_q_learning_123_e176afe3,trap_penalty_q_learning_5,q_learning,train,820,123,risk,5,5,0.1,0.9,0.05,default,100,7.699999999999999,6,1,1,0,0,0.000629421999974511,
trap_penalty_q_learning_5_q_learning_123_e176afe3,trap_penalty_q_learning_5,q_learning,train,821,123,risk,5,5,0.1,0.9,0.05,default,100,9.7,4,1,1,0,0,0.0005535089999284537,
trap_penalty_q_learning_5_q_learning_123_e176afe3,trap_penalty_q_learning_5,q_learning,train,822,123,risk,5,5,0.1,0.9,0.05,default,100,9.7,4,1,1,0,0,0.0005283850000523671,
trap_penalty_q_learning_5_q_learning_123_e176afe3,trap_penalty_q_learning_5,q_learning,train,823,123,risk,5,5,0.1,0.9,0.05,default,100,9.7,4,1,1,0,0,0.0005332830000952526,
trap_penalty_q_learning_5_q_learning_123_e176afe3,trap_penalty_q_learning_5,q_learning,train,824,123,risk,5,5,0.1,0.9,0.05,default,100,9.7,4,1,1,0,0,0.0005262820000098145,
trap_penalty_q_learning_5_q_learning_123_e176afe3,trap_penalty_q_learning_5,q_learning,train,825,123,risk,5,5,0.1,0.9,0.05,default,100,8.7,5,1,1,0,0,0.0006091619998187525,
trap_penalty_q_learning_5_q_learning_123_e176afe3,trap_penalty_q_learning_5,q_learning,train,826,123,risk,5,5,0.1,0.9,0.05,default,100,9.7,4,1,1,0,0,0.0005379900001116766,
trap_penalty_q_learning_5_q_learning_123_e176afe3,trap_penalty_q_learning_5,q_learning,train,827,123,risk,5,5,0.1,0.9,0.05,default,100,9.7,4,1,1,0,0,0.0005202270001518627,
trap_penalty_q_learning_5_q_learning_123_e176afe3,trap_penalty_q_learning_5,q_learning,train,828,123,risk,5,5,0.1,0.9,0.05,default,100,9.7,4,1,1,0,0,0.0005334709999260667,
trap_penalty_q_learning_5_q_learning_123_e176afe3,trap_penalty_q_learning_5,q_learning,train,829,123,risk,5,5,0.1,0.9,0.05,default,100,9.7,4,1,1,0,0,0.000519216999919081,
trap_penalty_q_learning_5_q_learning_123_e176afe3,trap_penalty_q_learning_5,q_learning,train,830,123,risk,5,5,0.1,0.9,0.05,default,100,9.7,4,1,1,0,0,0.0005331540000952373,
trap_penalty_q_learning_5_q_learning_123_e176afe3,trap_penalty_q_learning_5,q_learning,train,831,123,risk,5,5,0.1,0.9,0.05,default,100,9.7,4,1,1,0,0,0.0005528140000023996,
trap_penalty_q_learning_5_q_learning_123_e176afe3,trap_penalty_q_learning_5,q_learning,train,832,123,risk,5,5,0.1,0.9,0.05,default,100,9.7,4,1,1,0,0,0.0006023600001299201,
trap_penalty_q_learning_5_q_learning_123_e176afe3,trap_penalty_q_learning_5,q_learning,train,833,123,risk,5,5,0.1,0.9,0.05,default,100,9.7,4,1,1,0,0,0.000540091999937431,
trap_penalty_q_learning_5_q_learning_123_e176afe3,trap_penalty_q_learning_5,q_learning,train,834,123,risk,5,5,0.1,0.9,0.05,default,100,8.7,5,1,1,0,0,0.0005065670000021782,
trap_penalty_q_learning_5_q_learning_123_e176afe3,trap_penalty_q_learning_5,q_learning,train,835,123,risk,5,5,0.1,0.9,0.05,default,100,9.7,4,1,1,0,0,0.0005301559999679739,
trap_penalty_q_learning_5_q_learning_123_e176afe3,trap_penalty_q_learning_5,q_learning,train,836,123,risk,5,5,0.1,0.9,0.05,default,100,9.7,4,1,1,0,0,0.0005181469998660759,
trap_penalty_q_learning_5_q_learning_123_e176afe3,trap_penalty_q_learning_5,q_learning,train,837,123,risk,5,5,0.1,0.9,0.05,default,100,9.7,4,1,1,0,0,0.000531533999946987,
trap_penalty_q_learning_5_q_learning_123_e176afe3,trap_penalty_q_learning_5,q_learning,train,838,123,risk,5,5,0.1,0.9,0.05,default,100,9.7,4,1,1,0,0,0.000514923999844541,
trap_penalty_q_learning_5_q_learning_123_e176afe3,trap_penalty_q_learning_5,q_learning,train,839,123,risk,5,5,0.1,0.9,0.05,default,100,9.7,4,1,1,0,0,0.0005257459999938874,
trap_penalty_q_learning_5_q_learning_123_e176afe3,trap_penalty_q_learning_5,q_learning,train,840,123,risk,5,5,0.1,0.9,0.05,default,100,9.7,4,1,1,0,0,0.0005374959998789564,
trap_penalty_q_learning_5_q_learning_123_e176afe3,trap_penalty_q_learning_5,q_learning,train,841,123,risk,5,5,0.1,0.9,0.05,default,100,-5.2,3,0,1,0,1,0.0003932489998987876,
trap_penalty_q_learning_5_q_learning_123_e176afe3,trap_penalty_q_learning_5,q_learning,train,842,123,risk,5,5,0.1,0.9,0.05,default,100,9.7,4,1,1,0,0,0.0005287160001898883,
trap_penalty_q_learning_5_q_learning_123_e176afe3,trap_penalty_q_learning_5,q_learning,train,843,123,risk,5,5,0.1,0.9,0.05,default,100,9.7,4,1,1,0,0,0.0005380729999160394,
trap_penalty_q_learning_5_q_learning_123_e176afe3,trap_penalty_q_learning_5,q_learning,train,844,123,risk,5,5,0.1,0.9,0.05,default,100,9.7,4,1,1,0,0,0.0005633130001569953,
trap_penalty_q_learning_5_q_learning_123_e176afe3,trap_penalty_q_learning_5,q_learning,train,845,123,risk,5,5,0.1,0.9,0.05,default,100,8.7,5,1,1,0,0,0.0006383329998698173,
trap_penalty_q_learning_5_q_learning_123_e176afe3,trap_penalty_q_learning_5,q_learning,train,846,123,risk,5,5,0.1,0.9,0.05,default,100,9.7,4,1,1,0,0,0.0006124789999830682,
trap_penalty_q_learning_5_q_learning_123_e176afe3,trap_penalty_q_learning_5,q_learning,train,847,123,risk,5,5,0.1,0.9,0.05,default,100,9.7,4,1,1,0,0,0.0005745820001266111,
trap_penalty_q_learning_5_q_learning_123_e176afe3,trap_penalty_q_learning_5,q_learning,train,848,123,risk,5,5,0.1,0.9,0.05,default,100,8.7,5,1,1,0,0,0.000639567000007446,
trap_penalty_q_learning_5_q_learning_123_e176afe3,trap_penalty_q_learning_5,q_learning,train,849,123,risk,5,5,0.1,0.9,0.05,default,100,9.7,4,1,1,0,0,0.0005658400000356778,
trap_penalty_q_learning_5_q_learning_123_e176afe3,trap_penalty_q_learning_5,q_learning,train,850,123,risk,5,5,0.1,0.9,0.05,default,100,9.5,6,1,1,0,0,0.0007427809998716839,
trap_penalty_q_learning_5_q_learning_123_e176afe3,trap_penalty_q_learning_5,q_learning,train,851,123,risk,5,5,0.1,0.9,0.05,default,100,9.7,4,1,1,0,0,0.0005851560001701728,
trap_penalty_q_learning_5_q_learning_123_e176afe3,trap_penalty_q_learning_5,q_learning,train,852,123,risk,5,5,0.1,0.9,0.05,default,100,9.7,4,1,1,0,0,0.0005918330000440619,
trap_penalty_q_learning_5_q_learning_123_e176afe3,trap_penalty_q_learning_5,q_learning,train,853,123,risk,5,5,0.1,0.9,0.05,default,100,9.7,4,1,1,0,0,0.0006024390002039581,
trap_penalty_q_learning_5_q_learning_123_e176afe3,trap_penalty_q_learning_5,q_learning,train,854,123,risk,5,5,0.1,0.9,0.05,default,100,9.7,4,1,1,0,0,0.0005706809999992402,
trap_penalty_q_learning_5_q_learning_123_e176afe3,trap_penalty_q_learning_5,q_learning,train,855,123,risk,5,5,0.1,0.9,0.05,default,100,9.7,4,1,1,0,0,0.000583782999910909,
trap_penalty_q_learning_5_q_learning_123_e176afe3,trap_penalty_q_learning_5,q_learning,train,856,123,risk,5,5,0.1,0.9,0.05,default,100,9.7,4,1,1,0,0,0.0005698309998933837,
trap_penalty_q_learning_5_q_learning_123_e176afe3,trap_penalty_q_learning_5,q_learning,train,857,123,risk,5,5,0.1,0.9,0.05,default,100,9.7,4,1,1,0,0,0.00049719699995876,
trap_penalty_q_learning_5_q_learning_123_e176afe3,trap_penalty_q_learning_5,q_learning,train,858,123,risk,5,5,0.1,0.9,0.05,default,100,9.7,4,1,1,0,0,0.0005850580000696937,
trap_penalty_q_learning_5_q_learning_123_e176afe3,trap_penalty_q_learning_5,q_learning,train,859,123,risk,5,5,0.1,0.9,0.05,default,100,9.7,4,1,1,0,0,0.0005913679999594024,
trap_penalty_q_learning_5_q_learning_123_e176afe3,trap_penalty_q_learning_5,q_learning,train,860,123,risk,5,5,0.1,0.9,0.05,default,100,9.7,4,1,1,0,0,0.0005848270000115008,
trap_penalty_q_learning_5_q_learning_123_e176afe3,trap_penalty_q_learning_5,q_learning,train,861,123,risk,5,5,0.1,0.9,0.05,default,100,9.7,4,1,1,0,0,0.0006111959999088867,
trap_penalty_q_learning_5_q_learning_123_e176afe3,trap_penalty_q_learning_5,q_learning,train,862,123,risk,5,5,0.1,0.9,0.05,default,100,9.7,4,1,1,0,0,0.0005957660000603937,
trap_penalty_q_learning_5_q_learning_123_e176afe3,trap_penalty_q_learning_5,q_learning,train,863,123,risk,5,5,0.1,0.9,0.05,default,100,9.7,4,1,1,0,0,0.0005981869999232003,
trap_penalty_q_learning_5_q_learning_123_e176afe3,trap_penalty_q_learning_5,q_learning,train,864,123,risk,5,5,0.1,0.9,0.05,default,100,9.7,4,1,1,0,0,0.0005870729999060131,
trap_penalty_q_learning_5_q_learning_123_e176afe3,trap_penalty_q_learning_5,q_learning,train,865,123,risk,5,5,0.1,0.9,0.05,default,100,8.7,5,1,1,0,0,0.0006219629999577592,
trap_penalty_q_learning_5_q_learning_123_e176afe3,trap_penalty_q_learning_5,q_learning,train,866,123,risk,5,5,0.1,0.9,0.05,default,100,9.7,4,1,1,0,0,0.0005878839999695629,
trap_penalty_q_learning_5_q_learning_123_e176afe3,trap_penalty_q_learning_5,q_learning,train,867,123,risk,5,5,0.1,0.9,0.05,default,100,9.7,4,1,1,0,0,0.0005817989999741258,
trap_penalty_q_learning_5_q_learning_123_e176afe3,trap_penalty_q_learning_5,q_learning,train,868,123,risk,5,5,0.1,0.9,0.05,default,100,9.7,4,1,1,0,0,0.0005161540000244713,
trap_penalty_q_learning_5_q_learning_123_e176afe3,trap_penalty_q_learning_5,q_learning,train,869,123,risk,5,5,0.1,0.9,0.05,default,100,9.7,4,1,1,0,0,0.00058322999984739,
trap_penalty_q_learning_5_q_learning_123_e176afe3,trap_penalty_q_learning_5,q_learning,train,870,123,risk,5,5,0.1,0.9,0.05,default,100,9.7,4,1,1,0,0,0.0006073130000459059,
trap_penalty_q_learning_5_q_learning_123_e176afe3,trap_penalty_q_learning_5,q_learning,train,871,123,risk,5,5,0.1,0.9,0.05,default,100,9.7,4,1,1,0,0,0.0005861529998583137,
trap_penalty_q_learning_5_q_learning_123_e176afe3,trap_penalty_q_learning_5,q_learning,train,872,123,risk,5,5,0.1,0.9,0.05,default,100,9.7,4,1,1,0,0,0.0005793519999315322,
trap_penalty_q_learning_5_q_learning_123_e176afe3,trap_penalty_q_learning_5,q_learning,train,873,123,risk,5,5,0.1,0.9,0.05,default,100,9.7,4,1,1,0,0,0.0005891470000278787,
trap_penalty_q_learning_5_q_learning_123_e176afe3,trap_penalty_q_learning_5,q_learning,train,874,123,risk,5,5,0.1,0.9,0.05,default,100,9.7,4,1,1,0,0,0.0005793980001271848,
trap_penalty_q_learning_5_q_learning_123_e176afe3,trap_penalty_q_learning_5,q_learning,train,875,123,risk,5,5,0.1,0.9,0.05,default,100,9.7,4,1,1,0,0,0.0005677340000147524,
trap_penalty_q_learning_5_q_learning_123_e176afe3,trap_penalty_q_learning_5,q_learning,train,876,123,risk,5,5,0.1,0.9,0.05,default,100,9.7,4,1,1,0,0,0.0005804280001484585,
trap_penalty_q_learning_5_q_learning_123_e176afe3,trap_penalty_q_learning_5,q_learning,train,877,123,risk,5,5,0.1,0.9,0.05,default,100,9.7,4,1,1,0,0,0.0005976029999601451,
trap_penalty_q_learning_5_q_learning_123_e176afe3,trap_penalty_q_learning_5,q_learning,train,878,123,risk,5,5,0.1,0.9,0.05,default,100,9.7,4,1,1,0,0,0.0005827380000482663,
trap_penalty_q_learning_5_q_learning_123_e176afe3,trap_penalty_q_learning_5,q_learning,train,879,123,risk,5,5,0.1,0.9,0.05,default,100,9.7,4,1,1,0,0,0.0005974989999231184,
trap_penalty_q_learning_5_q_learning_123_e176afe3,trap_penalty_q_learning_5,q_learning,train,880,123,risk,5,5,0.1,0.9,0.05,default,100,9.7,4,1,1,0,0,0.000568302999909065,
trap_penalty_q_learning_5_q_learning_123_e176afe3,trap_penalty_q_learning_5,q_learning,train,881,123,risk,5,5,0.1,0.9,0.05,default,100,9.7,4,1,1,0,0,0.0006164439998883608,
trap_penalty_q_learning_5_q_learning_123_e176afe3,trap_penalty_q_learning_5,q_learning,train,882,123,risk,5,5,0.1,0.9,0.05,default,100,9.7,4,1,1,0,0,0.0005941609999808861,
trap_penalty_q_learning_5_q_learning_123_e176afe3,trap_penalty_q_learning_5,q_learning,train,883,123,risk,5,5,0.1,0.9,0.05,default,100,9.7,4,1,1,0,0,0.0005866829999376932,
trap_penalty_q_learning_5_q_learning_123_e176afe3,trap_penalty_q_learning_5,q_learning,train,884,123,risk,5,5,0.1,0.9,0.05,default,100,9.7,4,1,1,0,0,0.0005736789998991298,
trap_penalty_q_learning_5_q_learning_123_e176afe3,trap_penalty_q_learning_5,q_learning,train,885,123,risk,5,5,0.1,0.9,0.05,default,100,9.7,4,1,1,0,0,0.0005838340000536846,
trap_penalty_q_learning_5_q_learning_123_e176afe3,trap_penalty_q_learning_5,q_learning,train,886,123,risk,5,5,0.1,0.9,0.05,default,100,8.7,5,1,1,0,0,0.0006230379999578872,
trap_penalty_q_learning_5_q_learning_123_e176afe3,trap_penalty_q_learning_5,q_learning,train,887,123,risk,5,5,0.1,0.9,0.05,default,100,9.7,4,1,1,0,0,0.00058486299985816,
trap_penalty_q_learning_5_q_learning_123_e176afe3,trap_penalty_q_learning_5,q_learning,train,888,123,risk,5,5,0.1,0.9,0.05,default,100,9.7,4,1,1,0,0,0.0005949019998752192,
trap_penalty_q_learning_5_q_learning_123_e176afe3,trap_penalty_q_learning_5,q_learning,train,889,123,risk,5,5,0.1,0.9,0.05,default,100,9.7,4,1,1,0,0,0.0005910769998536125,
trap_penalty_q_learning_5_q_learning_123_e176afe3,trap_penalty_q_learning_5,q_learning,train,890,123,risk,5,5,0.1,0.9,0.05,default,100,9.7,4,1,1,0,0,0.0005901219999486784,
trap_penalty_q_learning_5_q_learning_123_e176afe3,trap_penalty_q_learning_5,q_learning,train,891,123,risk,5,5,0.1,0.9,0.05,default,100,9.7,4,1,1,0,0,0.0005823880001116777,
trap_penalty_q_learning_5_q_learning_123_e176afe3,trap_penalty_q_learning_5,q_learning,train,892,123,risk,5,5,0.1,0.9,0.05,default,100,8.7,5,1,1,0,0,0.0006364260000282229,
trap_penalty_q_learning_5_q_learning_123_e176afe3,trap_penalty_q_learning_5,q_learning,train,893,123,risk,5,5,0.1,0.9,0.05,default,100,8.7,5,1,1,0,0,0.0006415939999442344,
trap_penalty_q_learning_5_q_learning_123_e176afe3,trap_penalty_q_learning_5,q_learning,train,894,123,risk,5,5,0.1,0.9,0.05,default,100,9.7,4,1,1,0,0,0.0005945089999386255,
trap_penalty_q_learning_5_q_learning_123_e176afe3,trap_penalty_q_learning_5,q_learning,train,895,123,risk,5,5,0.1,0.9,0.05,default,100,9.7,4,1,1,0,0,0.0005842309999479767,
trap_penalty_q_learning_5_q_learning_123_e176afe3,trap_penalty_q_learning_5,q_learning,train,896,123,risk,5,5,0.1,0.9,0.05,default,100,9.7,4,1,1,0,0,0.0005683419999513717,
trap_penalty_q_learning_5_q_learning_123_e176afe3,trap_penalty_q_learning_5,q_learning,train,897,123,risk,5,5,0.1,0.9,0.05,default,100,9.7,4,1,1,0,0,0.0005825990001540049,
trap_penalty_q_learning_5_q_learning_123_e176afe3,trap_penalty_q_learning_5,q_learning,train,898,123,risk,5,5,0.1,0.9,0.05,default,100,9.7,4,1,1,0,0,0.0005840589999479562,
trap_penalty_q_learning_5_q_learning_123_e176afe3,trap_penalty_q_learning_5,q_learning,train,899,123,risk,5,5,0.1,0.9,0.05,default,100,9.7,4,1,1,0,0,0.0005682969999725174,
trap_penalty_q_learning_5_q_learning_123_e176afe3,trap_penalty_q_learning_5,q_learning,train,900,123,risk,5,5,0.1,0.9,0.05,default,100,9.7,4,1,1,0,0,0.0005783520000477438,
trap_penalty_q_learning_5_q_learning_123_e176afe3,trap_penalty_q_learning_5,q_learning,train,901,123,risk,5,5,0.1,0.9,0.05,default,100,9.7,4,1,1,0,0,0.000547682000160421,
trap_penalty_q_learning_5_q_learning_123_e176afe3,trap_penalty_q_learning_5,q_learning,train,902,123,risk,5,5,0.1,0.9,0.05,default,100,9.5,6,1,1,0,0,0.0007533570001214684,
trap_penalty_q_learning_5_q_learning_123_e176afe3,trap_penalty_q_learning_5,q_learning,train,903,123,risk,5,5,0.1,0.9,0.05,default,100,9.7,4,1,1,0,0,0.0005886720000489731,
trap_penalty_q_learning_5_q_learning_123_e176afe3,trap_penalty_q_learning_5,q_learning,train,904,123,risk,5,5,0.1,0.9,0.05,default,100,9.7,4,1,1,0,0,0.000586094000027515,
trap_penalty_q_learning_5_q_learning_123_e176afe3,trap_penalty_q_learning_5,q_learning,train,905,123,risk,5,5,0.1,0.9,0.05,default,100,9.7,4,1,1,0,0,0.000596494000092207,
trap_penalty_q_learning_5_q_learning_123_e176afe3,trap_penalty_q_learning_5,q_learning,train,906,123,risk,5,5,0.1,0.9,0.05,default,100,9.7,4,1,1,0,0,0.0005878510000911774,
trap_penalty_q_learning_5_q_learning_123_e176afe3,trap_penalty_q_learning_5,q_learning,train,907,123,risk,5,5,0.1,0.9,0.05,default,100,9.7,4,1,1,0,0,0.0005807120001009025,
trap_penalty_q_learning_5_q_learning_123_e176afe3,trap_penalty_q_learning_5,q_learning,train,908,123,risk,5,5,0.1,0.9,0.05,default,100,9.5,6,1,1,0,0,0.0007342939998125075,
trap_penalty_q_learning_5_q_learning_123_e176afe3,trap_penalty_q_learning_5,q_learning,train,909,123,risk,5,5,0.1,0.9,0.05,default,100,9.7,4,1,1,0,0,0.0005875920001017221,
trap_penalty_q_learning_5_q_learning_123_e176afe3,trap_penalty_q_learning_5,q_learning,train,910,123,risk,5,5,0.1,0.9,0.05,default,100,9.7,4,1,1,0,0,0.0005668039998454333,
trap_penalty_q_learning_5_q_learning_123_e176afe3,trap_penalty_q_learning_5,q_learning,train,911,123,risk,5,5,0.1,0.9,0.05,default,100,9.7,4,1,1,0,0,0.0006202800000210118,
trap_penalty_q_learning_5_q_learning_123_e176afe3,trap_penalty_q_learning_5,q_learning,train,912,123,risk,5,5,0.1,0.9,0.05,default,100,9.7,4,1,1,0,0,0.0006019699999342265,
trap_penalty_q_learning_5_q_learning_123_e176afe3,trap_penalty_q_learning_5,q_learning,train,913,123,risk,5,5,0.1,0.9,0.05,default,100,-5.2,3,0,1,0,1,0.0003969290000895853,
trap_penalty_q_learning_5_q_learning_123_e176afe3,trap_penalty_q_learning_5,q_learning,train,914,123,risk,5,5,0.1,0.9,0.05,default,100,8.5,7,1,1,0,0,0.0008010879998892051,
trap_penalty_q_learning_5_q_learning_123_e176afe3,trap_penalty_q_learning_5,q_learning,train,915,123,risk,5,5,0.1,0.9,0.05,default,100,9.7,4,1,1,0,0,0.0005719609998777742,
trap_penalty_q_learning_5_q_learning_123_e176afe3,trap_penalty_q_learning_5,q_learning,train,916,123,risk,5,5,0.1,0.9,0.05,default,100,9.5,6,1,1,0,0,0.0006795840001814213,
trap_penalty_q_learning_5_q_learning_123_e176afe3,trap_penalty_q_learning_5,q_learning,train,917,123,risk,5,5,0.1,0.9,0.05,default,100,9.7,4,1,1,0,0,0.0005837809999320598,
trap_penalty_q_learning_5_q_learning_123_e176afe3,trap_penalty_q_learning_5,q_learning,train,918,123,risk,5,5,0.1,0.9,0.05,default,100,9.7,4,1,1,0,0,0.0005939909999597148,
trap_penalty_q_learning_5_q_learning_123_e176afe3,trap_penalty_q_learning_5,q_learning,train,919,123,risk,5,5,0.1,0.9,0.05,default,100,9.7,4,1,1,0,0,0.0005918389999806095,
trap_penalty_q_learning_5_q_learning_123_e176afe3,trap_penalty_q_learning_5,q_learning,train,920,123,risk,5,5,0.1,0.9,0.05,default,100,8.7,5,1,1,0,0,0.000631524000027639,
trap_penalty_q_learning_5_q_learning_123_e176afe3,trap_penalty_q_learning_5,q_learning,train,921,123,risk,5,5,0.1,0.9,0.05,default,100,9.7,4,1,1,0,0,0.0006048979998922732,
trap_penalty_q_learning_5_q_learning_123_e176afe3,trap_penalty_q_learning_5,q_learning,train,922,123,risk,5,5,0.1,0.9,0.05,default,100,9.7,4,1,1,0,0,0.0005997670000397193,
trap_penalty_q_learning_5_q_learning_123_e176afe3,trap_penalty_q_learning_5,q_learning,train,923,123,risk,5,5,0.1,0.9,0.05,default,100,9.7,4,1,1,0,0,0.0005867610000223067,
trap_penalty_q_learning_5_q_learning_123_e176afe3,trap_penalty_q_learning_5,q_learning,train,924,123,risk,5,5,0.1,0.9,0.05,default,100,9.7,4,1,1,0,0,0.000572437000073478,
trap_penalty_q_learning_5_q_learning_123_e176afe3,trap_penalty_q_learning_5,q_learning,train,925,123,risk,5,5,0.1,0.9,0.05,default,100,9.7,4,1,1,0,0,0.000601057000039873,
trap_penalty_q_learning_5_q_learning_123_e176afe3,trap_penalty_q_learning_5,q_learning,train,926,123,risk,5,5,0.1,0.9,0.05,default,100,9.7,4,1,1,0,0,0.0005865760001597664,
trap_penalty_q_learning_5_q_learning_123_e176afe3,trap_penalty_q_learning_5,q_learning,train,927,123,risk,5,5,0.1,0.9,0.05,default,100,9.7,4,1,1,0,0,0.0005742949999785196,
trap_penalty_q_learning_5_q_learning_123_e176afe3,trap_penalty_q_learning_5,q_learning,train,928,123,risk,5,5,0.1,0.9,0.05,default,100,8.7,5,1,1,0,0,0.0006363669999700505,
trap_penalty_q_learning_5_q_learning_123_e176afe3,trap_penalty_q_learning_5,q_learning,train,929,123,risk,5,5,0.1,0.9,0.05,default,100,9.7,4,1,1,0,0,0.0005949410001448996,
trap_penalty_q_learning_5_q_learning_123_e176afe3,trap_penalty_q_learning_5,q_learning,train,930,123,risk,5,5,0.1,0.9,0.05,default,100,9.7,4,1,1,0,0,0.0005936480001764721,
trap_penalty_q_learning_5_q_learning_123_e176afe3,trap_penalty_q_learning_5,q_learning,train,931,123,risk,5,5,0.1,0.9,0.05,default,100,9.7,4,1,1,0,0,0.0005841709999003797,
trap_penalty_q_learning_5_q_learning_123_e176afe3,trap_penalty_q_learning_5,q_learning,train,932,123,risk,5,5,0.1,0.9,0.05,default,100,9.7,4,1,1,0,0,0.0005683409999619471,
trap_penalty_q_learning_5_q_learning_123_e176afe3,trap_penalty_q_learning_5,q_learning,train,933,123,risk,5,5,0.1,0.9,0.05,default,100,9.7,4,1,1,0,0,0.0005806290000691661,
trap_penalty_q_learning_5_q_learning_123_e176afe3,trap_penalty_q_learning_5,q_learning,train,934,123,risk,5,5,0.1,0.9,0.05,default,100,9.7,4,1,1,0,0,0.0005663229999299801,
trap_penalty_q_learning_5_q_learning_123_e176afe3,trap_penalty_q_learning_5,q_learning,train,935,123,risk,5,5,0.1,0.9,0.05,default,100,9.5,6,1,1,0,0,0.0007728079999651527,
trap_penalty_q_learning_5_q_learning_123_e176afe3,trap_penalty_q_learning_5,q_learning,train,936,123,risk,5,5,0.1,0.9,0.05,default,100,9.7,4,1,1,0,0,0.0005886550000013813,
trap_penalty_q_learning_5_q_learning_123_e176afe3,trap_penalty_q_learning_5,q_learning,train,937,123,risk,5,5,0.1,0.9,0.05,default,100,9.7,4,1,1,0,0,0.0005067170000074839,
trap_penalty_q_learning_5_q_learning_123_e176afe3,trap_penalty_q_learning_5,q_learning,train,938,123,risk,5,5,0.1,0.9,0.05,default,100,9.7,4,1,1,0,0,0.0005815100000745588,
trap_penalty_q_learning_5_q_learning_123_e176afe3,trap_penalty_q_learning_5,q_learning,train,939,123,risk,5,5,0.1,0.9,0.05,default,100,9.7,4,1,1,0,0,0.000566722999792546,
trap_penalty_q_learning_5_q_learning_123_e176afe3,trap_penalty_q_learning_5,q_learning,train,940,123,risk,5,5,0.1,0.9,0.05,default,100,8.7,5,1,1,0,0,0.0006404230000498501,
trap_penalty_q_learning_5_q_learning_123_e176afe3,trap_penalty_q_learning_5,q_learning,train,941,123,risk,5,5,0.1,0.9,0.05,default,100,9.7,4,1,1,0,0,0.0005982550001135678,
trap_penalty_q_learning_5_q_learning_123_e176afe3,trap_penalty_q_learning_5,q_learning,train,942,123,risk,5,5,0.1,0.9,0.05,default,100,9.7,4,1,1,0,0,0.0005913489999329613,
trap_penalty_q_learning_5_q_learning_123_e176afe3,trap_penalty_q_learning_5,q_learning,train,943,123,risk,5,5,0.1,0.9,0.05,default,100,9.7,4,1,1,0,0,0.0005722460000470164,
trap_penalty_q_learning_5_q_learning_123_e176afe3,trap_penalty_q_learning_5,q_learning,train,944,123,risk,5,5,0.1,0.9,0.05,default,100,9.7,4,1,1,0,0,0.0005819909999900119,
trap_penalty_q_learning_5_q_learning_123_e176afe3,trap_penalty_q_learning_5,q_learning,train,945,123,risk,5,5,0.1,0.9,0.05,default,100,9.7,4,1,1,0,0,0.0005717849999200553,
trap_penalty_q_learning_5_q_learning_123_e176afe3,trap_penalty_q_learning_5,q_learning,train,946,123,risk,5,5,0.1,0.9,0.05,default,100,9.5,6,1,1,0,0,0.0007801770000241959,
trap_penalty_q_learning_5_q_learning_123_e176afe3,trap_penalty_q_learning_5,q_learning,train,947,123,risk,5,5,0.1,0.9,0.05,default,100,9.7,4,1,1,0,0,0.0005891240000437392,
trap_penalty_q_learning_5_q_learning_123_e176afe3,trap_penalty_q_learning_5,q_learning,train,948,123,risk,5,5,0.1,0.9,0.05,default,100,9.7,4,1,1,0,0,0.0005676180001046305,
trap_penalty_q_learning_5_q_learning_123_e176afe3,trap_penalty_q_learning_5,q_learning,train,949,123,risk,5,5,0.1,0.9,0.05,default,100,9.7,4,1,1,0,0,0.0005870140000752144,
trap_penalty_q_learning_5_q_learning_123_e176afe3,trap_penalty_q_learning_5,q_learning,train,950,123,risk,5,5,0.1,0.9,0.05,default,100,9.7,4,1,1,0,0,0.0005861319998530234,
trap_penalty_q_learning_5_q_learning_123_e176afe3,trap_penalty_q_learning_5,q_learning,train,951,123,risk,5,5,0.1,0.9,0.05,default,100,9.7,4,1,1,0,0,0.0005672929999036569,
trap_penalty_q_learning_5_q_learning_123_e176afe3,trap_penalty_q_learning_5,q_learning,train,952,123,risk,5,5,0.1,0.9,0.05,default,100,8.7,5,1,1,0,0,0.0006303000000116299,
trap_penalty_q_learning_5_q_learning_123_e176afe3,trap_penalty_q_learning_5,q_learning,train,953,123,risk,5,5,0.1,0.9,0.05,default,100,9.7,4,1,1,0,0,0.000604299000087849,
trap_penalty_q_learning_5_q_learning_123_e176afe3,trap_penalty_q_learning_5,q_learning,train,954,123,risk,5,5,0.1,0.9,0.05,default,100,9.7,4,1,1,0,0,0.0005895009999221656,
trap_penalty_q_learning_5_q_learning_123_e176afe3,trap_penalty_q_learning_5,q_learning,train,955,123,risk,5,5,0.1,0.9,0.05,default,100,9.7,4,1,1,0,0,0.0005826240001169936,
trap_penalty_q_learning_5_q_learning_123_e176afe3,trap_penalty_q_learning_5,q_learning,train,956,123,risk,5,5,0.1,0.9,0.05,default,100,9.7,4,1,1,0,0,0.0005896049999591924,
trap_penalty_q_learning_5_q_learning_123_e176afe3,trap_penalty_q_learning_5,q_learning,train,957,123,risk,5,5,0.1,0.9,0.05,default,100,9.7,4,1,1,0,0,0.0005852150000009715,
trap_penalty_q_learning_5_q_learning_123_e176afe3,trap_penalty_q_learning_5,q_learning,train,958,123,risk,5,5,0.1,0.9,0.05,default,100,9.7,4,1,1,0,0,0.0005676980001680931,
trap_penalty_q_learning_5_q_learning_123_e176afe3,trap_penalty_q_learning_5,q_learning,train,959,123,risk,5,5,0.1,0.9,0.05,default,100,9.7,4,1,1,0,0,0.0006034220000401547,
trap_penalty_q_learning_5_q_learning_123_e176afe3,trap_penalty_q_learning_5,q_learning,train,960,123,risk,5,5,0.1,0.9,0.05,default,100,9.7,4,1,1,0,0,0.0005920959999912156,
trap_penalty_q_learning_5_q_learning_123_e176afe3,trap_penalty_q_learning_5,q_learning,train,961,123,risk,5,5,0.1,0.9,0.05,default,100,9.7,4,1,1,0,0,0.0006015330000082031,
trap_penalty_q_learning_5_q_learning_123_e176afe3,trap_penalty_q_learning_5,q_learning,train,962,123,risk,5,5,0.1,0.9,0.05,default,100,9.7,4,1,1,0,0,0.0005793780001113191,
trap_penalty_q_learning_5_q_learning_123_e176afe3,trap_penalty_q_learning_5,q_learning,train,963,123,risk,5,5,0.1,0.9,0.05,default,100,9.7,4,1,1,0,0,0.0005865190000804432,
trap_penalty_q_learning_5_q_learning_123_e176afe3,trap_penalty_q_learning_5,q_learning,train,964,123,risk,5,5,0.1,0.9,0.05,default,100,9.7,4,1,1,0,0,0.0006218500000159111,
trap_penalty_q_learning_5_q_learning_123_e176afe3,trap_penalty_q_learning_5,q_learning,train,965,123,risk,5,5,0.1,0.9,0.05,default,100,9.7,4,1,1,0,0,0.0005927239999437006,
trap_penalty_q_learning_5_q_learning_123_e176afe3,trap_penalty_q_learning_5,q_learning,train,966,123,risk,5,5,0.1,0.9,0.05,default,100,9.7,4,1,1,0,0,0.0005889719998322107,
trap_penalty_q_learning_5_q_learning_123_e176afe3,trap_penalty_q_learning_5,q_learning,train,967,123,risk,5,5,0.1,0.9,0.05,default,100,9.7,4,1,1,0,0,0.0005710790001103305,
trap_penalty_q_learning_5_q_learning_123_e176afe3,trap_penalty_q_learning_5,q_learning,train,968,123,risk,5,5,0.1,0.9,0.05,default,100,9.7,4,1,1,0,0,0.0005823849999160302,
trap_penalty_q_learning_5_q_learning_123_e176afe3,trap_penalty_q_learning_5,q_learning,train,969,123,risk,5,5,0.1,0.9,0.05,default,100,9.7,4,1,1,0,0,0.0005054890000337764,
trap_penalty_q_learning_5_q_learning_123_e176afe3,trap_penalty_q_learning_5,q_learning,train,970,123,risk,5,5,0.1,0.9,0.05,default,100,9.7,4,1,1,0,0,0.0005810250002014072,
trap_penalty_q_learning_5_q_learning_123_e176afe3,trap_penalty_q_learning_5,q_learning,train,971,123,risk,5,5,0.1,0.9,0.05,default,100,9.5,6,1,1,0,0,0.0007628159999057971,
trap_penalty_q_learning_5_q_learning_123_e176afe3,trap_penalty_q_learning_5,q_learning,train,972,123,risk,5,5,0.1,0.9,0.05,default,100,9.7,4,1,1,0,0,0.0005740450001212594,
trap_penalty_q_learning_5_q_learning_123_e176afe3,trap_penalty_q_learning_5,q_learning,train,973,123,risk,5,5,0.1,0.9,0.05,default,100,9.7,4,1,1,0,0,0.0005854190001173265,
trap_penalty_q_learning_5_q_learning_123_e176afe3,trap_penalty_q_learning_5,q_learning,train,974,123,risk,5,5,0.1,0.9,0.05,default,100,9.7,4,1,1,0,0,0.0005878140000277199,
trap_penalty_q_learning_5_q_learning_123_e176afe3,trap_penalty_q_learning_5,q_learning,train,975,123,risk,5,5,0.1,0.9,0.05,default,100,9.7,4,1,1,0,0,0.0005719250000311149,
trap_penalty_q_learning_5_q_learning_123_e176afe3,trap_penalty_q_learning_5,q_learning,train,976,123,risk,5,5,0.1,0.9,0.05,default,100,9.7,4,1,1,0,0,0.0005172569999558618,
trap_penalty_q_learning_5_q_learning_123_e176afe3,trap_penalty_q_learning_5,q_learning,train,977,123,risk,5,5,0.1,0.9,0.05,default,100,9.7,4,1,1,0,0,0.0005940990001818136,
trap_penalty_q_learning_5_q_learning_123_e176afe3,trap_penalty_q_learning_5,q_learning,train,978,123,risk,5,5,0.1,0.9,0.05,default,100,9.5,6,1,1,0,0,0.0007476040000256035,
trap_penalty_q_learning_5_q_learning_123_e176afe3,trap_penalty_q_learning_5,q_learning,train,979,123,risk,5,5,0.1,0.9,0.05,default,100,9.7,4,1,1,0,0,0.0005810750001273846,
trap_penalty_q_learning_5_q_learning_123_e176afe3,trap_penalty_q_learning_5,q_learning,train,980,123,risk,5,5,0.1,0.9,0.05,default,100,9.7,4,1,1,0,0,0.0005681459999777871,
trap_penalty_q_learning_5_q_learning_123_e176afe3,trap_penalty_q_learning_5,q_learning,train,981,123,risk,5,5,0.1,0.9,0.05,default,100,9.7,4,1,1,0,0,0.0006191029999627062,
trap_penalty_q_learning_5_q_learning_123_e176afe3,trap_penalty_q_learning_5,q_learning,train,982,123,risk,5,5,0.1,0.9,0.05,default,100,9.7,4,1,1,0,0,0.0005915769997955067,
trap_penalty_q_learning_5_q_learning_123_e176afe3,trap_penalty_q_learning_5,q_learning,train,983,123,risk,5,5,0.1,0.9,0.05,default,100,9.7,4,1,1,0,0,0.0005712629999834462,
trap_penalty_q_learning_5_q_learning_123_e176afe3,trap_penalty_q_learning_5,q_learning,train,984,123,risk,5,5,0.1,0.9,0.05,default,100,9.7,4,1,1,0,0,0.000583792000043104,
trap_penalty_q_learning_5_q_learning_123_e176afe3,trap_penalty_q_learning_5,q_learning,train,985,123,risk,5,5,0.1,0.9,0.05,default,100,9.7,4,1,1,0,0,0.0005811149999317422,
trap_penalty_q_learning_5_q_learning_123_e176afe3,trap_penalty_q_learning_5,q_learning,train,986,123,risk,5,5,0.1,0.9,0.05,default,100,9.7,4,1,1,0,0,0.0005700619999515766,
trap_penalty_q_learning_5_q_learning_123_e176afe3,trap_penalty_q_learning_5,q_learning,train,987,123,risk,5,5,0.1,0.9,0.05,default,100,9.7,4,1,1,0,0,0.0005821849999847473,
trap_penalty_q_learning_5_q_learning_123_e176afe3,trap_penalty_q_learning_5,q_learning,train,988,123,risk,5,5,0.1,0.9,0.05,default,100,9.7,4,1,1,0,0,0.0005962330001239025,
trap_penalty_q_learning_5_q_learning_123_e176afe3,trap_penalty_q_learning_5,q_learning,train,989,123,risk,5,5,0.1,0.9,0.05,default,100,9.7,4,1,1,0,0,0.0005924189999859664,
trap_penalty_q_learning_5_q_learning_123_e176afe3,trap_penalty_q_learning_5,q_learning,train,990,123,risk,5,5,0.1,0.9,0.05,default,100,9.5,6,1,1,0,0,0.0006183269999837648,
trap_penalty_q_learning_5_q_learning_123_e176afe3,trap_penalty_q_learning_5,q_learning,train,991,123,risk,5,5,0.1,0.9,0.05,default,100,9.5,6,1,1,0,0,0.0007375649997811706,
trap_penalty_q_learning_5_q_learning_123_e176afe3,trap_penalty_q_learning_5,q_learning,train,992,123,risk,5,5,0.1,0.9,0.05,default,100,9.7,4,1,1,0,0,0.0005847769998581498,
trap_penalty_q_learning_5_q_learning_123_e176afe3,trap_penalty_q_learning_5,q_learning,train,993,123,risk,5,5,0.1,0.9,0.05,default,100,8.7,5,1,1,0,0,0.0006303769998794451,
trap_penalty_q_learning_5_q_learning_123_e176afe3,trap_penalty_q_learning_5,q_learning,train,994,123,risk,5,5,0.1,0.9,0.05,default,100,9.7,4,1,1,0,0,0.0006101550000039424,
trap_penalty_q_learning_5_q_learning_123_e176afe3,trap_penalty_q_learning_5,q_learning,train,995,123,risk,5,5,0.1,0.9,0.05,default,100,-5.2,3,0,1,0,1,0.00041207899994333275,
trap_penalty_q_learning_5_q_learning_123_e176afe3,trap_penalty_q_learning_5,q_learning,train,996,123,risk,5,5,0.1,0.9,0.05,default,100,9.7,4,1,1,0,0,0.0005694240001048456,
trap_penalty_q_learning_5_q_learning_123_e176afe3,trap_penalty_q_learning_5,q_learning,train,997,123,risk,5,5,0.1,0.9,0.05,default,100,9.7,4,1,1,0,0,0.0005820649998895533,
trap_penalty_q_learning_5_q_learning_123_e176afe3,trap_penalty_q_learning_5,q_learning,train,998,123,risk,5,5,0.1,0.9,0.05,default,100,9.7,4,1,1,0,0,0.0005662349999511207,
trap_penalty_q_learning_5_q_learning_123_e176afe3,trap_penalty_q_learning_5,q_learning,train,999,123,risk,5,5,0.1,0.9,0.05,default,100,8.7,5,1,1,0,0,0.0006279009999161644,
trap_penalty_q_learning_5_q_learning_123_e176afe3,trap_penalty_q_learning_5,q_learning,train,1000,123,risk,5,5,0.1,0.9,0.05,default,100,9.7,4,1,1,0,0,0.0006063809998977376,results/trap_penalty/q_learning/trap_5/seed_123/qtable_ep1000.npz
trap_penalty_q_learning_5_q_learning_123_e176afe3,trap_penalty_q_learning_5,q_learning,eval,1,123,risk,5,5,0.1,0.9,0.0,default,100,9.7,4,1,1,0,0,,
trap_penalty_q_learning_5_q_learning_123_e176afe3,trap_penalty_q_learning_5,q_learning,eval,2,123,risk,5,5,0.1,0.9,0.0,default,100,9.7,4,1,1,0,0,,
trap_penalty_q_learning_5_q_learning_123_e176afe3,trap_penalty_q_learning_5,q_learning,eval,3,123,risk,5,5,0.1,0.9,0.0,default,100,9.7,4,1,1,0,0,,
trap_penalty_q_learning_5_q_learning_123_e176afe3,trap_penalty_q_learning_5,q_learning,eval,4,123,risk,5,5,0.1,0.9,0.0,default,100,9.7,4,1,1,0,0,,
trap_penalty_q_learning_5_q_learning_123_e176afe3,trap_penalty_q_learning_5,q_learning,eval,5,123,risk,5,5,0.1,0.9,0.0,default,100,9.7,4,1,1,0,0,,
trap_penalty_q_learning_5_q_learning_123_e176afe3,trap_penalty_q_learning_5,q_learning,eval,6,123,risk,5,5,0.1,0.9,0.0,default,100,9.7,4,1,1,0,0,,
trap_penalty_q_learning_5_q_learning_123_e176afe3,trap_penalty_q_learning_5,q_learning,eval,7,123,risk,5,5,0.1,0.9,0.0,default,100,9.7,4,1,1,0,0,,
trap_penalty_q_learning_5_q_learning_123_e176afe3,trap_penalty_q_learning_5,q_learning,eval,8,123,risk,5,5,0.1,0.9,0.0,default,100,9.7,4,1,1,0,0,,
trap_penalty_q_learning_5_q_learning_123_e176afe3,trap_penalty_q_learning_5,q_learning,eval,9,123,risk,5,5,0.1,0.9,0.0,default,100,9.7,4,1,1,0,0,,
trap_penalty_q_learning_5_q_learning_123_e176afe3,trap_penalty_q_learning_5,q_learning,eval,10,123,risk,5,5,0.1,0.9,0.0,default,100,9.7,4,1,1,0,0,,
trap_penalty_q_learning_5_q_learning_123_e176afe3,trap_penalty_q_learning_5,q_learning,eval,1,123,risk,5,5,0.1,0.9,0.0,default,100,9.7,4,1,1,0,0,,
trap_penalty_q_learning_5_q_learning_123_e176afe3,trap_penalty_q_learning_5,q_learning,eval,2,123,risk,5,5,0.1,0.9,0.0,default,100,9.7,4,1,1,0,0,,
trap_penalty_q_learning_5_q_learning_123_e176afe3,trap_penalty_q_learning_5,q_learning,eval,3,123,risk,5,5,0.1,0.9,0.0,default,100,9.7,4,1,1,0,0,,
trap_penalty_q_learning_5_q_learning_123_e176afe3,trap_penalty_q_learning_5,q_learning,eval,4,123,risk,5,5,0.1,0.9,0.0,default,100,9.7,4,1,1,0,0,,
trap_penalty_q_learning_5_q_learning_123_e176afe3,trap_penalty_q_learning_5,q_learning,eval,5,123,risk,5,5,0.1,0.9,0.0,default,100,9.7,4,1,1,0,0,,
trap_penalty_q_learning_5_q_learning_123_e176afe3,trap_penalty_q_learning_5,q_learning,eval,6,123,risk,5,5,0.1,0.9,0.0,default,100,9.7,4,1,1,0,0,,
trap_penalty_q_learning_5_q_learning_123_e176afe3,trap_penalty_q_learning_5,q_learning,eval,7,123,risk,5,5,0.1,0.9,0.0,default,100,9.7,4,1,1,0,0,,
trap_penalty_q_learning_5_q_learning_123_e176afe3,trap_penalty_q_learning_5,q_learning,eval,8,123,risk,5,5,0.1,0.9,0.0,default,100,9.7,4,1,1,0,0,,
trap_penalty_q_learning_5_q_learning_123_e176afe3,trap_penalty_q_learning_5,q_learning,eval,9,123,risk,5,5,0.1,0.9,0.0,default,100,9.7,4,1,1,0,0,,
trap_penalty_q_learning_5_q_learning_123_e176afe3,trap_penalty_q_learning_5,q_learning,eval,10,123,risk,5,5,0.1,0.9,0.0,default,100,9.7,4,1,1,0,0,,
trap_penalty_q_learning_5_q_learning_123_e176afe3,trap_penalty_q_learning_5,q_learning,eval,1,123,risk,5,5,0.1,0.9,0.0,default,100,9.7,4,1,1,0,0,,
trap_penalty_q_learning_5_q_learning_123_e176afe3,trap_penalty_q_learning_5,q_learning,eval,2,123,risk,5,5,0.1,0.9,0.0,default,100,9.7,4,1,1,0,0,,
trap_penalty_q_learning_5_q_learning_123_e176afe3,trap_penalty_q_learning_5,q_learning,eval,3,123,risk,5,5,0.1,0.9,0.0,default,100,9.7,4,1,1,0,0,,
trap_penalty_q_learning_5_q_learning_123_e176afe3,trap_penalty_q_learning_5,q_learning,eval,4,123,risk,5,5,0.1,0.9,0.0,default,100,9.7,4,1,1,0,0,,
trap_penalty_q_learning_5_q_learning_123_e176afe3,trap_penalty_q_learning_5,q_learning,eval,5,123,risk,5,5,0.1,0.9,0.0,default,100,9.7,4,1,1,0,0,,
trap_penalty_q_learning_5_q_learning_123_e176afe3,trap_penalty_q_learning_5,q_learning,eval,6,123,risk,5,5,0.1,0.9,0.0,default,100,9.7,4,1,1,0,0,,
trap_penalty_q_learning_5_q_learning_123_e176afe3,trap_penalty_q_learning_5,q_learning,eval,7,123,risk,5,5,0.1,0.9,0.0,default,100,9.7,4,1,1,0,0,,
trap_penalty_q_learning_5_q_learning_123_e176afe3,trap_penalty_q_learning_5,q_learning,eval,8,123,risk,5,5,0.1,0.9,0.0,default,100,9.7,4,1,1,0,0,,
trap_penalty_q_learning_5_q_learning_123_e176afe3,trap_penalty_q_learning_5,q_learning,eval,9,123,risk,5,5,0.1,0.9,0.0,default,100,9.7,4,1,1,0,0,,
trap_penalty_q_learning_5_q_learning_123_e176afe3,trap_penalty_q_learning_5,q_learning,eval,10,123,risk,5,5,0.1,0.9,0.0,default,100,9.7,4,1,1,0,0,,
trap_penalty_q_learning_5_q_learning_123_e176afe3,trap_penalty_q_learning_5,q_learning,eval,1,123,risk,5,5,0.1,0.9,0.0,default,100,9.7,4,1,1,0,0,,
trap_penalty_q_learning_5_q_learning_123_e176afe3,trap_penalty_q_learning_5,q_learning,eval,2,123,risk,5,5,0.1,0.9,0.0,default,100,9.7,4,1,1,0,0,,
trap_penalty_q_learning_5_q_learning_123_e176afe3,trap_penalty_q_learning_5,q_learning,eval,3,123,risk,5,5,0.1,0.9,0.0,default,100,9.7,4,1,1,0,0,,
trap_penalty_q_learning_5_q_learning_123_e176afe3,trap_penalty_q_learning_5,q_learning,eval,4,123,risk,5,5,0.1,0.9,0.0,default,100,9.7,4,1,1,0,0,,
trap_penalty_q_learning_5_q_learning_123_e176afe3,trap_penalty_q_learning_5,q_learning,eval,5,123,risk,5,5,0.1,0.9,0.0,default,100,9.7,4,1,1,0,0,,
trap_penalty_q_learning_5_q_learning_123_e176afe3,trap_penalty_q_learning_5,q_learning,eval,6,123,risk,5,5,0.1,0.9,0.0,default,100,9.7,4,1,1,0,0,,
trap_penalty_q_learning_5_q_learning_123_e176afe3,trap_penalty_q_learning_5,q_learning,eval,7,123,risk,5,5,0.1,0.9,0.0,default,100,9.7,4,1,1,0,0,,
trap_penalty_q_learning_5_q_learning_123_e176afe3,trap_penalty_q_learning_5,q_learning,eval,8,123,risk,5,5,0.1,0.9,0.0,default,100,9.7,4,1,1,0,0,,
trap_penalty_q_learning_5_q_learning_123_e176afe3,trap_penalty_q_learning_5,q_learning,eval,9,123,risk,5,5,0.1,0.9,0.0,default,100,9.7,4,1,1,0,0,,
trap_penalty_q_learning_5_q_learning_123_e176afe3,trap_penalty_q_learning_5,q_learning,eval,10,123,risk,5,5,0.1,0.9,0.0,default,100,9.7,4,1,1,0,0,,
trap_penalty_q_learning_5_q_learning_123_e176afe3,trap_penalty_q_learning_5,q_learning,eval,1,123,risk,5,5,0.1,0.9,0.0,default,100,9.7,4,1,1,0,0,,
trap_penalty_q_learning_5_q_learning_123_e176afe3,trap_penalty_q_learning_5,q_learning,eval,2,123,risk,5,5,0.1,0.9,0.0,default,100,9.7,4,1,1,0,0,,
trap_penalty_q_learning_5_q_learning_123_e176afe3,trap_penalty_q_learning_5,q_learning,eval,3,123,risk,5,5,0.1,0.9,0.0,default,100,9.7,4,1,1,0,0,,
trap_penalty_q_learning_5_q_learning_123_e176afe3,trap_penalty_q_learning_5,q_learning,eval,4,123,risk,5,5,0.1,0.9,0.0,default,100,9.7,4,1,1,0,0,,
trap_penalty_q_learning_5_q_learning_123_e176afe3,trap_penalty_q_learning_5,q_learning,eval,5,123,risk,5,5,0.1,0.9,0.0,default,100,9.7,4,1,1,0,0,,
trap_penalty_q_learning_5_q_learning_123_e176afe3,trap_penalty_q_learning_5,q_learning,eval,6,123,risk,5,5,0.1,0.9,0.0,default,100,9.7,4,1,1,0,0,,
trap_penalty_q_learning_5_q_learning_123_e176afe3,trap_penalty_q_learning_5,q_learning,eval,7,123,risk,5,5,0.1,0.9,0.0,default,100,9.7,4,1,1,0,0,,
trap_penalty_q_learning_5_q_learning_123_e176afe3,trap_penalty_q_learning_5,q_learning,eval,8,123,risk,5,5,0.1,0.9,0.0,default,100,9.7,4,1,1,0,0,,
trap_penalty_q_learning_5_q_learning_123_e176afe3,trap_penalty_q_learning_5,q_learning,eval,9,123,risk,5,5,0.1,0.9,0.0,default,100,9.7,4,1,1,0,0,,
trap_penalty_q_learning_5_q_learning_123_e176afe3,trap_penalty_q_learning_5,q_learning,eval,10,123,risk,5,5,0.1,0.9,0.0,default,100,9.7,4,1,1,0,0,,
trap_penalty_q_learning_5_q_learning_123_e176afe3,trap_penalty_q_learning_5,q_learning,eval,1,123,risk,5,5,0.1,0.9,0.0,default,100,9.7,4,1,1,0,0,,
trap_penalty_q_learning_5_q_learning_123_e176afe3,trap_penalty_q_learning_5,q_learning,eval,2,123,risk,5,5,0.1,0.9,0.0,default,100,9.7,4,1,1,0,0,,
trap_penalty_q_learning_5_q_learning_123_e176afe3,trap_penalty_q_learning_5,q_learning,eval,3,123,risk,5,5,0.1,0.9,0.0,default,100,9.7,4,1,1,0,0,,
trap_penalty_q_learning_5_q_learning_123_e176afe3,trap_penalty_q_learning_5,q_learning,eval,4,123,risk,5,5,0.1,0.9,0.0,default,100,9.7,4,1,1,0,0,,
trap_penalty_q_learning_5_q_learning_123_e176afe3,trap_penalty_q_learning_5,q_learning,eval,5,123,risk,5,5,0.1,0.9,0.0,default,100,9.7,4,1,1,0,0,,
trap_penalty_q_learning_5_q_learning_123_e176afe3,trap_penalty_q_learning_5,q_learning,eval,6,123,risk,5,5,0.1,0.9,0.0,default,100,9.7,4,1,1,0,0,,
trap_penalty_q_learning_5_q_learning_123_e176afe3,trap_penalty_q_learning_5,q_learning,eval,7,123,risk,5,5,0.1,0.9,0.0,default,100,9.7,4,1,1,0,0,,
trap_penalty_q_learning_5_q_learning_123_e176afe3,trap_penalty_q_learning_5,q_learning,eval,8,123,risk,5,5,0.1,0.9,0.0,default,100,9.7,4,1,1,0,0,,
trap_penalty_q_learning_5_q_learning_123_e176afe3,trap_penalty_q_learning_5,q_learning,eval,9,123,risk,5,5,0.1,0.9,0.0,default,100,9.7,4,1,1,0,0,,
trap_penalty_q_learning_5_q_learning_123_e176afe3,trap_penalty_q_learning_5,q_learning,eval,10,123,risk,5,5,0.1,0.9,0.0,default,100,9.7,4,1,1,0,0,,
trap_penalty_q_learning_5_q_learning_123_e176afe3,trap_penalty_q_learning_5,q_learning,eval,1,123,risk,5,5,0.1,0.9,0.0,default,100,9.7,4,1,1,0,0,,
trap_penalty_q_learning_5_q_learning_123_e176afe3,trap_penalty_q_learning_5,q_learning,eval,2,123,risk,5,5,0.1,0.9,0.0,default,100,9.7,4,1,1,0,0,,
trap_penalty_q_learning_5_q_learning_123_e176afe3,trap_penalty_q_learning_5,q_learning,eval,3,123,risk,5,5,0.1,0.9,0.0,default,100,9.7,4,1,1,0,0,,
trap_penalty_q_learning_5_q_learning_123_e176afe3,trap_penalty_q_learning_5,q_learning,eval,4,123,risk,5,5,0.1,0.9,0.0,default,100,9.7,4,1,1,0,0,,
trap_penalty_q_learning_5_q_learning_123_e176afe3,trap_penalty_q_learning_5,q_learning,eval,5,123,risk,5,5,0.1,0.9,0.0,default,100,9.7,4,1,1,0,0,,
trap_penalty_q_learning_5_q_learning_123_e176afe3,trap_penalty_q_learning_5,q_learning,eval,6,123,risk,5,5,0.1,0.9,0.0,default,100,9.7,4,1,1,0,0,,
trap_penalty_q_learning_5_q_learning_123_e176afe3,trap_penalty_q_learning_5,q_learning,eval,7,123,risk,5,5,0.1,0.9,0.0,default,100,9.7,4,1,1,0,0,,
trap_penalty_q_learning_5_q_learning_123_e176afe3,trap_penalty_q_learning_5,q_learning,eval,8,123,risk,5,5,0.1,0.9,0.0,default,100,9.7,4,1,1,0,0,,
trap_penalty_q_learning_5_q_learning_123_e176afe3,trap_penalty_q_learning_5,q_learning,eval,9,123,risk,5,5,0.1,0.9,0.0,default,100,9.7,4,1,1,0,0,,
trap_penalty_q_learning_5_q_learning_123_e176afe3,trap_penalty_q_learning_5,q_learning,eval,10,123,risk,5,5,0.1,0.9,0.0,default,100,9.7,4,1,1,0,0,,
trap_penalty_q_learning_5_q_learning_123_e176afe3,trap_penalty_q_learning_5,q_learning,eval,1,123,risk,5,5,0.1,0.9,0.0,default,100,9.7,4,1,1,0,0,,
trap_penalty_q_learning_5_q_learning_123_e176afe3,trap_penalty_q_learning_5,q_learning,eval,2,123,risk,5,5,0.1,0.9,0.0,default,100,9.7,4,1,1,0,0,,
trap_penalty_q_learning_5_q_learning_123_e176afe3,trap_penalty_q_learning_5,q_learning,eval,3,123,risk,5,5,0.1,0.9,0.0,default,100,9.7,4,1,1,0,0,,
trap_penalty_q_learning_5_q_learning_123_e176afe3,trap_penalty_q_learning_5,q_learning,eval,4,123,risk,5,5,0.1,0.9,0.0,default,100,9.7,4,1,1,0,0,,
trap_penalty_q_learning_5_q_learning_123_e176afe3,trap_penalty_q_learning_5,q_learning,eval,5,123,risk,5,5,0.1,0.9,0.0,default,100,9.7,4,1,1,0,0,,
trap_penalty_q_learning_5_q_learning_123_e176afe3,trap_penalty_q_learning_5,q_learning,eval,6,123,risk,5,5,0.1,0.9,0.0,default,100,9.7,4,1,1,0,0,,
trap_penalty_q_learning_5_q_learning_123_e176afe3,trap_penalty_q_learning_5,q_learning,eval,7,123,risk,5,5,0.1,0.9,0.0,default,100,9.7,4,1,1,0,0,,
trap_penalty_q_learning_5_q_learning_123_e176afe3,trap_penalty_q_learning_5,q_learning,eval,8,123,risk,5,5,0.1,0.9,0.0,default,100,9.7,4,1,1,0,0,,
trap_penalty_q_learning_5_q_learning_123_e176afe3,trap_penalty_q_learning_5,q_learning,eval,9,123,risk,5,5,0.1,0.9,0.0,default,100,9.7,4,1,1,0,0,,
trap_penalty_q_learning_5_q_learning_123_e176afe3,trap_penalty_q_learning_5,q_learning,eval,10,123,risk,5,5,0.1,0.9,0.0,default,100,9.7,4,1,1,0,0,,
trap_penalty_q_learning_5_q_learning_123_e176afe3,trap_penalty_q_learning_5,q_learning,eval,1,123,risk,5,5,0.1,0.9,0.0,default,100,9.7,4,1,1,0,0,,
trap_penalty_q_learning_5_q_learning_123_e176afe3,trap_penalty_q_learning_5,q_learning,eval,2,123,risk,5,5,0.1,0.9,0.0,default,100,9.7,4,1,1,0,0,,
trap_penalty_q_learning_5_q_learning_123_e176afe3,trap_penalty_q_learning_5,q_learning,eval,3,123,risk,5,5,0.1,0.9,0.0,default,100,9.7,4,1,1,0,0,,
trap_penalty_q_learning_5_q_learning_123_e176afe3,trap_penalty_q_learning_5,q_learning,eval,4,123,risk,5,5,0.1,0.9,0.0,default,100,9.7,4,1,1,0,0,,
trap_penalty_q_learning_5_q_learning_123_e176afe3,trap_penalty_q_learning_5,q_learning,eval,5,123,risk,5,5,0.1,0.9,0.0,default,100,9.7,4,1,1,0,0,,
trap_penalty_q_learning_5_q_learning_123_e176afe3,trap_penalty_q_learning_5,q_learning,eval,6,123,risk,5,5,0.1,0.9,0.0,default,100,9.7,4,1,1,0,0,,
trap_penalty_q_learning_5_q_learning_123_e176afe3,trap_penalty_q_learning_5,q_learning,eval,7,123,risk,5,5,0.1,0.9,0.0,default,100,9.7,4,1,1,0,0,,
trap_penalty_q_learning_5_q_learning_123_e176afe3,trap_penalty_q_learning_5,q_learning,eval,8,123,risk,5,5,0.1,0.9,0.0,default,100,9.7,4,1,1,0,0,,
trap_penalty_q_learning_5_q_learning_123_e176afe3,trap_penalty_q_learning_5,q_learning,eval,9,123,risk,5,5,0.1,0.9,0.0,default,100,9.7,4,1,1,0,0,,
trap_penalty_q_learning_5_q_learning_123_e176afe3,trap_penalty_q_learning_5,q_learning,eval,10,123,risk,5,5,0.1,0.9,0.0,default,100,9.7,4,1,1,0,0,,
trap_penalty_q_learning_5_q_learning_123_e176afe3,trap_penalty_q_learning_5,q_learning,eval,1,123,risk,5,5,0.1,0.9,0.0,default,100,9.7,4,1,1,0,0,,
trap_penalty_q_learning_5_q_learning_123_e176afe3,trap_penalty_q_learning_5,q_learning,eval,2,123,risk,5,5,0.1,0.9,0.0,default,100,9.7,4,1,1,0,0,,
trap_penalty_q_learning_5_q_learning_123_e176afe3,trap_penalty_q_learning_5,q_learning,eval,3,123,risk,5,5,0.1,0.9,0.0,default,100,9.7,4,1,1,0,0,,
trap_penalty_q_learning_5_q_learning_123_e176afe3,trap_penalty_q_learning_5,q_learning,eval,4,123,risk,5,5,0.1,0.9,0.0,default,100,9.7,4,1,1,0,0,,
trap_penalty_q_learning_5_q_learning_123_e176afe3,trap_penalty_q_learning_5,q_learning,eval,5,123,risk,5,5,0.1,0.9,0.0,default,100,9.7,4,1,1,0,0,,
trap_penalty_q_learning_5_q_learning_123_e176afe3,trap_penalty_q_learning_5,q_learning,eval,6,123,risk,5,5,0.1,0.9,0.0,default,100,9.7,4,1,1,0,0,,
trap_penalty_q_learning_5_q_learning_123_e176afe3,trap_penalty_q_learning_5,q_learning,eval,7,123,risk,5,5,0.1,0.9,0.0,default,100,9.7,4,1,1,0,0,,
trap_penalty_q_learning_5_q_learning_123_e176afe3,trap_penalty_q_learning_5,q_learning,eval,8,123,risk,5,5,0.1,0.9,0.0,default,100,9.7,4,1,1,0,0,,
trap_penalty_q_learning_5_q_learning_123_e176afe3,trap_penalty_q_learning_5,q_learning,eval,9,123,risk,5,5,0.1,0.9,0.0,default,100,9.7,4,1,1,0,0,,
trap_penalty_q_learning_5_q_learning_123_e176afe3,trap_penalty_q_learning_5,q_learning,eval,10,123,risk,5,5,0.1,0.9,0.0,default,100,9.7,4,1,1,0,0,,
trap_penalty_q_learning_5_q_learning_123_e176afe3,trap_penalty_q_learning_5,q_learning,eval,1,123,risk,5,5,0.1,0.9,0.0,default,100,9.7,4,1,1,0,0,,
trap_penalty_q_learning_5_q_learning_123_e176afe3,trap_penalty_q_learning_5,q_learning,eval,2,123,risk,5,5,0.1,0.9,0.0,default,100,9.7,4,1,1,0,0,,
trap_penalty_q_learning_5_q_learning_123_e176afe3,trap_penalty_q_learning_5,q_learning,eval,3,123,risk,5,5,0.1,0.9,0.0,default,100,9.7,4,1,1,0,0,,
trap_penalty_q_learning_5_q_learning_123_e176afe3,trap_penalty_q_learning_5,q_learning,eval,4,123,risk,5,5,0.1,0.9,0.0,default,100,9.7,4,1,1,0,0,,
trap_penalty_q_learning_5_q_learning_123_e176afe3,trap_penalty_q_learning_5,q_learning,eval,5,123,risk,5,5,0.1,0.9,0.0,default,100,9.7,4,1,1,0,0,,
trap_penalty_q_learning_5_q_learning_123_e176afe3,trap_penalty_q_learning_5,q_learning,eval,6,123,risk,5,5,0.1,0.9,0.0,default,100,9.7,4,1,1,0,0,,
trap_penalty_q_learning_5_q_learning_123_e176afe3,trap_penalty_q_learning_5,q_learning,eval,7,123,risk,5,5,0.1,0.9,0.0,default,100,9.7,4,1,1,0,0,,
trap_penalty_q_learning_5_q_learning_123_e176afe3,trap_penalty_q_learning_5,q_learning,eval,8,123,risk,5,5,0.1,0.9,0.0,default,100,9.7,4,1,1,0,0,,
trap_penalty_q_learning_5_q_learning_123_e176afe3,trap_penalty_q_learning_5,q_learning,eval,9,123,risk,5,5,0.1,0.9,0.0,default,100,9.7,4,1,1,0,0,,
trap_penalty_q_learning_5_q_learning_123_e176afe3,trap_penalty_q_learning_5,q_learning,eval,10,123,risk,5,5,0.1,0.9,0.0,default,100,9.7,4,1,1,0,0,,
trap_penalty_q_learning_5_q_learning_123_e176afe3,trap_penalty_q_learning_5,q_learning,eval,1,123,risk,5,5,0.1,0.9,0.0,default,100,9.7,4,1,1,0,0,,
trap_penalty_q_learning_5_q_learning_123_e176afe3,trap_penalty_q_learning_5,q_learning,eval,2,123,risk,5,5,0.1,0.9,0.0,default,100,9.7,4,1,1,0,0,,
trap_penalty_q_learning_5_q_learning_123_e176afe3,trap_penalty_q_learning_5,q_learning,eval,3,123,risk,5,5,0.1,0.9,0.0,default,100,9.7,4,1,1,0,0,,
trap_penalty_q_learning_5_q_learning_123_e176afe3,trap_penalty_q_learning_5,q_learning,eval,4,123,risk,5,5,0.1,0.9,0.0,default,100,9.7,4,1,1,0,0,,
trap_penalty_q_learning_5_q_learning_123_e176afe3,trap_penalty_q_learning_5,q_learning,eval,5,123,risk,5,5,0.1,0.9,0.0,default,100,9.7,4,1,1,0,0,,
trap_penalty_q_learning_5_q_learning_123_e176afe3,trap_penalty_q_learning_5,q_learning,eval,6,123,risk,5,5,0.1,0.9,0.0,default,100,9.7,4,1,1,0,0,,
trap_penalty_q_learning_5_q_learning_123_e176afe3,trap_penalty_q_learning_5,q_learning,eval,7,123,risk,5,5,0.1,0.9,0.0,default,100,9.7,4,1,1,0,0,,
trap_penalty_q_learning_5_q_learning_123_e176afe3,trap_penalty_q_learning_5,q_learning,eval,8,123,risk,5,5,0.1,0.9,0.0,default,100,9.7,4,1,1,0,0,,
trap_penalty_q_learning_5_q_learning_123_e176afe3,trap_penalty_q_learning_5,q_learning,eval,9,123,risk,5,5,0.1,0.9,0.0,default,100,9.7,4,1,1,0,0,,
trap_penalty_q_learning_5_q_learning_123_e176afe3,trap_penalty_q_learning_5,q_learning,eval,10,123,risk,5,5,0.1,0.9,0.0,default,100,9.7,4,1,1,0,0,,
trap_penalty_q_learning_5_q_learning_123_e176afe3,trap_penalty_q_learning_5,q_learning,eval,1,123,risk,5,5,0.1,0.9,0.0,default,100,9.7,4,1,1,0,0,,
trap_penalty_q_learning_5_q_learning_123_e176afe3,trap_penalty_q_learning_5,q_learning,eval,2,123,risk,5,5,0.1,0.9,0.0,default,100,9.7,4,1,1,0,0,,
trap_penalty_q_learning_5_q_learning_123_e176afe3,trap_penalty_q_learning_5,q_learning,eval,3,123,risk,5,5,0.1,0.9,0.0,default,100,9.7,4,1,1,0,0,,
trap_penalty_q_learning_5_q_learning_123_e176afe3,trap_penalty_q_learning_5,q_learning,eval,4,123,risk,5,5,0.1,0.9,0.0,default,100,9.7,4,1,1,0,0,,
trap_penalty_q_learning_5_q_learning_123_e176afe3,trap_penalty_q_learning_5,q_learning,eval,5,123,risk,5,5,0.1,0.9,0.0,default,100,9.7,4,1,1,0,0,,
trap_penalty_q_learning_5_q_learning_123_e176afe3,trap_penalty_q_learning_5,q_learning,eval,6,123,risk,5,5,0.1,0.9,0.0,default,100,9.7,4,1,1,0,0,,
trap_penalty_q_learning_5_q_learning_123_e176afe3,trap_penalty_q_learning_5,q_learning,eval,7,123,risk,5,5,0.1,0.9,0.0,default,100,9.7,4,1,1,0,0,,
trap_penalty_q_learning_5_q_learning_123_e176afe3,trap_penalty_q_learning_5,q_learning,eval,8,123,risk,5,5,0.1,0.9,0.0,default,100,9.7,4,1,1,0,0,,
trap_penalty_q_learning_5_q_learning_123_e176afe3,trap_penalty_q_learning_5,q_learning,eval,9,123,risk,5,5,0.1,0.9,0.0,default,100,9.7,4,1,1,0,0,,
trap_penalty_q_learning_5_q_learning_123_e176afe3,trap_penalty_q_learning_5,q_learning,eval,10,123,risk,5,5,0.1,0.9,0.0,default,100,9.7,4,1,1,0,0,,
trap_penalty_q_learning_5_q_learning_123_e176afe3,trap_penalty_q_learning_5,q_learning,eval,1,123,risk,5,5,0.1,0.9,0.0,default,100,9.7,4,1,1,0,0,,
trap_penalty_q_learning_5_q_learning_123_e176afe3,trap_penalty_q_learning_5,q_learning,eval,2,123,risk,5,5,0.1,0.9,0.0,default,100,9.7,4,1,1,0,0,,
trap_penalty_q_learning_5_q_learning_123_e176afe3,trap_penalty_q_learning_5,q_learning,eval,3,123,risk,5,5,0.1,0.9,0.0,default,100,9.7,4,1,1,0,0,,
trap_penalty_q_learning_5_q_learning_123_e176afe3,trap_penalty_q_learning_5,q_learning,eval,4,123,risk,5,5,0.1,0.9,0.0,default,100,9.7,4,1,1,0,0,,
trap_penalty_q_learning_5_q_learning_123_e176afe3,trap_penalty_q_learning_5,q_learning,eval,5,123,risk,5,5,0.1,0.9,0.0,default,100,9.7,4,1,1,0,0,,
trap_penalty_q_learning_5_q_learning_123_e176afe3,trap_penalty_q_learning_5,q_learning,eval,6,123,risk,5,5,0.1,0.9,0.0,default,100,9.7,4,1,1,0,0,,
trap_penalty_q_learning_5_q_learning_123_e176afe3,trap_penalty_q_learning_5,q_learning,eval,7,123,risk,5,5,0.1,0.9,0.0,default,100,9.7,4,1,1,0,0,,
trap_penalty_q_learning_5_q_learning_123_e176afe3,trap_penalty_q_learning_5,q_learning,eval,8,123,risk,5,5,0.1,0.9,0.0,default,100,9.7,4,1,1,0,0,,
trap_penalty_q_learning_5_q_learning_123_e176afe3,trap_penalty_q_learning_5,q_learning,eval,9,123,risk,5,5,0.1,0.9,0.0,default,100,9.7,4,1,1,0,0,,
trap_penalty_q_learning_5_q_learning_123_e176afe3,trap_penalty_q_learning_5,q_learning,eval,10,123,risk,5,5,0.1,0.9,0.0,default,100,9.7,4,1,1,0,0,,
trap_penalty_q_learning_5_q_learning_123_e176afe3,trap_penalty_q_learning_5,q_learning,eval,1,123,risk,5,5,0.1,0.9,0.0,default,100,9.7,4,1,1,0,0,,
trap_penalty_q_learning_5_q_learning_123_e176afe3,trap_penalty_q_learning_5,q_learning,eval,2,123,risk,5,5,0.1,0.9,0.0,default,100,9.7,4,1,1,0,0,,
trap_penalty_q_learning_5_q_learning_123_e176afe3,trap_penalty_q_learning_5,q_learning,eval,3,123,risk,5,5,0.1,0.9,0.0,default,100,9.7,4,1,1,0,0,,
trap_penalty_q_learning_5_q_learning_123_e176afe3,trap_penalty_q_learning_5,q_learning,eval,4,123,risk,5,5,0.1,0.9,0.0,default,100,9.7,4,1,1,0,0,,
trap_penalty_q_learning_5_q_learning_123_e176afe3,trap_penalty_q_learning_5,q_learning,eval,5,123,risk,5,5,0.1,0.9,0.0,default,100,9.7,4,1,1,0,0,,
trap_penalty_q_learning_5_q_learning_123_e176afe3,trap_penalty_q_learning_5,q_learning,eval,6,123,risk,5,5,0.1,0.9,0.0,default,100,9.7,4,1,1,0,0,,
trap_penalty_q_learning_5_q_learning_123_e176afe3,trap_penalty_q_learning_5,q_learning,eval,7,123,risk,5,5,0.1,0.9,0.0,default,100,9.7,4,1,1,0,0,,
trap_penalty_q_learning_5_q_learning_123_e176afe3,trap_penalty_q_learning_5,q_learning,eval,8,123,risk,5,5,0.1,0.9,0.0,default,100,9.7,4,1,1,0,0,,
trap_penalty_q_learning_5_q_learning_123_e176afe3,trap_penalty_q_learning_5,q_learning,eval,9,123,risk,5,5,0.1,0.9,0.0,default,100,9.7,4,1,1,0,0,,
trap_penalty_q_learning_5_q_learning_123_e176afe3,trap_penalty_q_learning_5,q_learning,eval,10,123,risk,5,5,0.1,0.9,0.0,default,100,9.7,4,1,1,0,0,,
trap_penalty_q_learning_5_q_learning_123_e176afe3,trap_penalty_q_learning_5,q_learning,eval,1,123,risk,5,5,0.1,0.9,0.0,default,100,9.7,4,1,1,0,0,,
trap_penalty_q_learning_5_q_learning_123_e176afe3,trap_penalty_q_learning_5,q_learning,eval,2,123,risk,5,5,0.1,0.9,0.0,default,100,9.7,4,1,1,0,0,,
trap_penalty_q_learning_5_q_learning_123_e176afe3,trap_penalty_q_learning_5,q_learning,eval,3,123,risk,5,5,0.1,0.9,0.0,default,100,9.7,4,1,1,0,0,,
trap_penalty_q_learning_5_q_learning_123_e176afe3,trap_penalty_q_learning_5,q_learning,eval,4,123,risk,5,5,0.1,0.9,0.0,default,100,9.7,4,1,1,0,0,,
trap_penalty_q_learning_5_q_learning_123_e176afe3,trap_penalty_q_learning_5,q_learning,eval,5,123,risk,5,5,0.1,0.9,0.0,default,100,9.7,4,1,1,0,0,,
trap_penalty_q_learning_5_q_learning_123_e176afe3,trap_penalty_q_learning_5,q_learning,eval,6,123,risk,5,5,0.1,0.9,0.0,default,100,9.7,4,1,1,0,0,,
trap_penalty_q_learning_5_q_learning_123_e176afe3,trap_penalty_q_learning_5,q_learning,eval,7,123,risk,5,5,0.1,0.9,0.0,default,100,9.7,4,1,1,0,0,,
trap_penalty_q_learning_5_q_learning_123_e176afe3,trap_penalty_q_learning_5,q_learning,eval,8,123,risk,5,5,0.1,0.9,0.0,default,100,9.7,4,1,1,0,0,,
trap_penalty_q_learning_5_q_learning_123_e176afe3,trap_penalty_q_learning_5,q_learning,eval,9,123,risk,5,5,0.1,0.9,0.0,default,100,9.7,4,1,1,0,0,,
trap_penalty_q_learning_5_q_learning_123_e176afe3,trap_penalty_q_learning_5,q_learning,eval,10,123,risk,5,5,0.1,0.9,0.0,default,100,9.7,4,1,1,0,0,,
trap_penalty_q_learning_5_q_learning_123_e176afe3,trap_penalty_q_learning_5,q_learning,eval,1,123,risk,5,5,0.1,0.9,0.0,default,100,9.7,4,1,1,0,0,,
trap_penalty_q_learning_5_q_learning_123_e176afe3,trap_penalty_q_learning_5,q_learning,eval,2,123,risk,5,5,0.1,0.9,0.0,default,100,9.7,4,1,1,0,0,,
trap_penalty_q_learning_5_q_learning_123_e176afe3,trap_penalty_q_learning_5,q_learning,eval,3,123,risk,5,5,0.1,0.9,0.0,default,100,9.7,4,1,1,0,0,,
trap_penalty_q_learning_5_q_learning_123_e176afe3,trap_penalty_q_learning_5,q_learning,eval,4,123,risk,5,5,0.1,0.9,0.0,default,100,9.7,4,1,1,0,0,,
trap_penalty_q_learning_5_q_learning_123_e176afe3,trap_penalty_q_learning_5,q_learning,eval,5,123,risk,5,5,0.1,0.9,0.0,default,100,9.7,4,1,1,0,0,,
trap_penalty_q_learning_5_q_learning_123_e176afe3,trap_penalty_q_learning_5,q_learning,eval,6,123,risk,5,5,0.1,0.9,0.0,default,100,9.7,4,1,1,0,0,,
trap_penalty_q_learning_5_q_learning_123_e176afe3,trap_penalty_q_learning_5,q_learning,eval,7,123,risk,5,5,0.1,0.9,0.0,default,100,9.7,4,1,1,0,0,,
trap_penalty_q_learning_5_q_learning_123_e176afe3,trap_penalty_q_learning_5,q_learning,eval,8,123,risk,5,5,0.1,0.9,0.0,default,100,9.7,4,1,1,0,0,,
trap_penalty_q_learning_5_q_learning_123_e176afe3,trap_penalty_q_learning_5,q_learning,eval,9,123,risk,5,5,0.1,0.9,0.0,default,100,9.7,4,1,1,0,0,,
trap_penalty_q_learning_5_q_learning_123_e176afe3,trap_penalty_q_learning_5,q_learning,eval,10,123,risk,5,5,0.1,0.9,0.0,default,100,9.7,4,1,1,0,0,,
trap_penalty_q_learning_5_q_learning_123_e176afe3,trap_penalty_q_learning_5,q_learning,eval,1,123,risk,5,5,0.1,0.9,0.0,default,100,9.7,4,1,1,0,0,,
trap_penalty_q_learning_5_q_learning_123_e176afe3,trap_penalty_q_learning_5,q_learning,eval,2,123,risk,5,5,0.1,0.9,0.0,default,100,9.7,4,1,1,0,0,,
trap_penalty_q_learning_5_q_learning_123_e176afe3,trap_penalty_q_learning_5,q_learning,eval,3,123,risk,5,5,0.1,0.9,0.0,default,100,9.7,4,1,1,0,0,,
trap_penalty_q_learning_5_q_learning_123_e176afe3,trap_penalty_q_learning_5,q_learning,eval,4,123,risk,5,5,0.1,0.9,0.0,default,100,9.7,4,1,1,0,0,,
trap_penalty_q_learning_5_q_learning_123_e176afe3,trap_penalty_q_learning_5,q_learning,eval,5,123,risk,5,5,0.1,0.9,0.0,default,100,9.7,4,1,1,0,0,,
trap_penalty_q_learning_5_q_learning_123_e176afe3,trap_penalty_q_learning_5,q_learning,eval,6,123,risk,5,5,0.1,0.9,0.0,default,100,9.7,4,1,1,0,0,,
trap_penalty_q_learning_5_q_learning_123_e176afe3,trap_penalty_q_learning_5,q_learning,eval,7,123,risk,5,5,0.1,0.9,0.0,default,100,9.7,4,1,1,0,0,,
trap_penalty_q_learning_5_q_learning_123_e176afe3,trap_penalty_q_learning_5,q_learning,eval,8,123,risk,5,5,0.1,0.9,0.0,default,100,9.7,4,1,1,0,0,,
trap_penalty_q_learning_5_q_learning_123_e176afe3,trap_penalty_q_learning_5,q_learning,eval,9,123,risk,5,5,0.1,0.9,0.0,default,100,9.7,4,1,1,0,0,,
trap_penalty_q_learning_5_q_learning_123_e176afe3,trap_penalty_q_learning_5,q_learning,eval,10,123,risk,5,5,0.1,0.9,0.0,default,100,9.7,4,1,1,0,0,,
trap_penalty_q_learning_5_q_learning_123_e176afe3,trap_penalty_q_learning_5,q_learning,eval,1,123,risk,5,5,0.1,0.9,0.0,default,100,9.7,4,1,1,0,0,,
trap_penalty_q_learning_5_q_learning_123_e176afe3,trap_penalty_q_learning_5,q_learning,eval,2,123,risk,5,5,0.1,0.9,0.0,default,100,9.7,4,1,1,0,0,,
trap_penalty_q_learning_5_q_learning_123_e176afe3,trap_penalty_q_learning_5,q_learning,eval,3,123,risk,5,5,0.1,0.9,0.0,default,100,9.7,4,1,1,0,0,,
trap_penalty_q_learning_5_q_learning_123_e176afe3,trap_penalty_q_learning_5,q_learning,eval,4,123,risk,5,5,0.1,0.9,0.0,default,100,9.7,4,1,1,0,0,,
trap_penalty_q_learning_5_q_learning_123_e176afe3,trap_penalty_q_learning_5,q_learning,eval,5,123,risk,5,5,0.1,0.9,0.0,default,100,9.7,4,1,1,0,0,,
trap_penalty_q_learning_5_q_learning_123_e176afe3,trap_penalty_q_learning_5,q_learning,eval,6,123,risk,5,5,0.1,0.9,0.0,default,100,9.7,4,1,1,0,0,,
trap_penalty_q_learning_5_q_learning_123_e176afe3,trap_penalty_q_learning_5,q_learning,eval,7,123,risk,5,5,0.1,0.9,0.0,default,100,9.7,4,1,1,0,0,,
trap_penalty_q_learning_5_q_learning_123_e176afe3,trap_penalty_q_learning_5,q_learning,eval,8,123,risk,5,5,0.1,0.9,0.0,default,100,9.7,4,1,1,0,0,,
trap_penalty_q_learning_5_q_learning_123_e176afe3,trap_penalty_q_learning_5,q_learning,eval,9,123,risk,5,5,0.1,0.9,0.0,default,100,9.7,4,1,1,0,0,,
trap_penalty_q_learning_5_q_learning_123_e176afe3,trap_penalty_q_learning_5,q_learning,eval,10,123,risk,5,5,0.1,0.9,0.0,default,100,9.7,4,1,1,0,0,,
trap_penalty_q_learning_5_q_learning_123_e176afe3,trap_penalty_q_learning_5,q_learning,eval,1,123,risk,5,5,0.1,0.9,0.0,default,100,9.7,4,1,1,0,0,,
trap_penalty_q_learning_5_q_learning_123_e176afe3,trap_penalty_q_learning_5,q_learning,eval,2,123,risk,5,5,0.1,0.9,0.0,default,100,9.7,4,1,1,0,0,,
trap_penalty_q_learning_5_q_learning_123_e176afe3,trap_penalty_q_learning_5,q_learning,eval,3,123,risk,5,5,0.1,0.9,0.0,default,100,9.7,4,1,1,0,0,,
trap_penalty_q_learning_5_q_learning_123_e176afe3,trap_penalty_q_learning_5,q_learning,eval,4,123,risk,5,5,0.1,0.9,0.0,default,100,9.7,4,1,1,0,0,,
trap_penalty_q_learning_5_q_learning_123_e176afe3,trap_penalty_q_learning_5,q_learning,eval,5,123,risk,5,5,0.1,0.9,0.0,default,100,9.7,4,1,1,0,0,,
trap_penalty_q_learning_5_q_learning_123_e176afe3,trap_penalty_q_learning_5,q_learning,eval,6,123,risk,5,5,0.1,0.9,0.0,default,100,9.7,4,1,1,0,0,,
trap_penalty_q_learning_5_q_learning_123_e176afe3,trap_penalty_q_learning_5,q_learning,eval,7,123,risk,5,5,0.1,0.9,0.0,default,100,9.7,4,1,1,0,0,,
trap_penalty_q_learning_5_q_learning_123_e176afe3,trap_penalty_q_learning_5,q_learning,eval,8,123,risk,5,5,0.1,0.9,0.0,default,100,9.7,4,1,1,0,0,,
trap_penalty_q_learning_5_q_learning_123_e176afe3,trap_penalty_q_learning_5,q_learning,eval,9,123,risk,5,5,0.1,0.9,0.0,default,100,9.7,4,1,1,0,0,,
trap_penalty_q_learning_5_q_learning_123_e176afe3,trap_penalty_q_learning_5,q_learning,eval,10,123,risk,5,5,0.1,0.9,0.0,default,100,9.7,4,1,1,0,0,,
trap_penalty_q_learning_5_q_learning_123_e176afe3,trap_penalty_q_learning_5,q_learning,eval,1,123,risk,5,5,0.1,0.9,0.0,default,100,9.7,4,1,1,0,0,,
trap_penalty_q_learning_5_q_learning_123_e176afe3,trap_penalty_q_learning_5,q_learning,eval,2,123,risk,5,5,0.1,0.9,0.0,default,100,9.7,4,1,1,0,0,,
trap_penalty_q_learning_5_q_learning_123_e176afe3,trap_penalty_q_learning_5,q_learning,eval,3,123,risk,5,5,0.1,0.9,0.0,default,100,9.7,4,1,1,0,0,,
trap_penalty_q_learning_5_q_learning_123_e176afe3,trap_penalty_q_learning_5,q_learning,eval,4,123,risk,5,5,0.1,0.9,0.0,default,100,9.7,4,1,1,0,0,,
trap_penalty_q_learning_5_q_learning_123_e176afe3,trap_penalty_q_learning_5,q_learning,eval,5,123,risk,5,5,0.1,0.9,0.0,default,100,9.7,4,1,1,0,0,,
trap_penalty_q_learning_5_q_learning_123_e176afe3,trap_penalty_q_learning_5,q_learning,eval,6,123,risk,5,5,0.1,0.9,0.0,default,100,9.7,4,1,1,0,0,,
trap_penalty_q_learning_5_q_learning_123_e176afe3,trap_penalty_q_learning_5,q_learning,eval,7,123,risk,5,5,0.1,0.9,0.0,default,100,9.7,4,1,1,0,0,,
trap_penalty_q_learning_5_q_learning_123_e176afe3,trap_penalty_q_learning_5,q_learning,eval,8,123,risk,5,5,0.1,0.9,0.0,default,100,9.7,4,1,1,0,0,,
trap_penalty_q_learning_5_q_learning_123_e176afe3,trap_penalty_q_learning_5,q_learning,eval,9,123,risk,5,5,0.1,0.9,0.0,default,100,9.7,4,1,1,0,0,,
trap_penalty_q_learning_5_q_learning_123_e176afe3,trap_penalty_q_learning_5,q_learning,eval,10,123,risk,5,5,0.1,0.9,0.0,default,100,9.7,4,1,1,0,0,,
trap_penalty_q_learning_5_q_learning_123_e176afe3,trap_penalty_q_learning_5,q_learning,eval,1,123,risk,5,5,0.1,0.9,0.0,default,100,9.7,4,1,1,0,0,,
trap_penalty_q_learning_5_q_learning_123_e176afe3,trap_penalty_q_learning_5,q_learning,eval,2,123,risk,5,5,0.1,0.9,0.0,default,100,9.7,4,1,1,0,0,,
trap_penalty_q_learning_5_q_learning_123_e176afe3,trap_penalty_q_learning_5,q_learning,eval,3,123,risk,5,5,0.1,0.9,0.0,default,100,9.7,4,1,1,0,0,,
trap_penalty_q_learning_5_q_learning_123_e176afe3,trap_penalty_q_learning_5,q_learning,eval,4,123,risk,5,5,0.1,0.9,0.0,default,100,9.7,4,1,1,0,0,,
trap_penalty_q_learning_5_q_learning_123_e176afe3,trap_penalty_q_learning_5,q_learning,eval,5,123,risk,5,5,0.1,0.9,0.0,default,100,9.7,4,1,1,0,0,,
trap_penalty_q_learning_5_q_learning_123_e176afe3,trap_penalty_q_learning_5,q_learning,eval,6,123,risk,5,5,0.1,0.9,0.0,default,100,9.7,4,1,1,0,0,,
trap_penalty_q_learning_5_q_learning_123_e176afe3,trap_penalty_q_learning_5,q_learning,eval,7,123,risk,5,5,0.1,0.9,0.0,default,100,9.7,4,1,1,0,0,,
trap_penalty_q_learning_5_q_learning_123_e176afe3,trap_penalty_q_learning_5,q_learning,eval,8,123,risk,5,5,0.1,0.9,0.0,default,100,9.7,4,1,1,0,0,,
trap_penalty_q_learning_5_q_learning_123_e176afe3,trap_penalty_q_learning_5,q_learning,eval,9,123,risk,5,5,0.1,0.9,0.0,default,100,9.7,4,1,1,0,0,,
trap_penalty_q_learning_5_q_learning_123_e176afe3,trap_penalty_q_learning_5,q_learning,eval,10,123,risk,5,5,0.1,0.9,0.0,default,100,9.7,4,1,1,0,0,,
trap_penalty_q_learning_5_q_learning_123_e176afe3,trap_penalty_q_learning_5,q_learning,eval,1,123,risk,5,5,0.1,0.9,0.0,default,100,9.7,4,1,1,0,0,,
trap_penalty_q_learning_5_q_learning_123_e176afe3,trap_penalty_q_learning_5,q_learning,eval,2,123,risk,5,5,0.1,0.9,0.0,default,100,9.7,4,1,1,0,0,,
trap_penalty_q_learning_5_q_learning_123_e176afe3,trap_penalty_q_learning_5,q_learning,eval,3,123,risk,5,5,0.1,0.9,0.0,default,100,9.7,4,1,1,0,0,,
trap_penalty_q_learning_5_q_learning_123_e176afe3,trap_penalty_q_learning_5,q_learning,eval,4,123,risk,5,5,0.1,0.9,0.0,default,100,9.7,4,1,1,0,0,,
trap_penalty_q_learning_5_q_learning_123_e176afe3,trap_penalty_q_learning_5,q_learning,eval,5,123,risk,5,5,0.1,0.9,0.0,default,100,9.7,4,1,1,0,0,,
trap_penalty_q_learning_5_q_learning_123_e176afe3,trap_penalty_q_learning_5,q_learning,eval,6,123,risk,5,5,0.1,0.9,0.0,default,100,9.7,4,1,1,0,0,,
trap_penalty_q_learning_5_q_learning_123_e176afe3,trap_penalty_q_learning_5,q_learning,eval,7,123,risk,5,5,0.1,0.9,0.0,default,100,9.7,4,1,1,0,0,,
trap_penalty_q_learning_5_q_learning_123_e176afe3,trap_penalty_q_learning_5,q_learning,eval,8,123,risk,5,5,0.1,0.9,0.0,default,100,9.7,4,1,1,0,0,,
trap_penalty_q_learning_5_q_learning_123_e176afe3,trap_penalty_q_learning_5,q_learning,eval,9,123,risk,5,5,0.1,0.9,0.0,default,100,9.7,4,1,1,0,0,,
trap_penalty_q_learning_5_q_learning_123_e176afe3,trap_penalty_q_learning_5,q_learning,eval,10,123,risk,5,5,0.1,0.9,0.0,default,100,9.7,4,1,1,0,0,,
trap_penalty_q_learning_5_q_learning_123_e176afe3,trap_penalty_q_learning_5,q_learning,eval,1,123,risk,5,5,0.1,0.9,0.0,default,100,9.7,4,1,1,0,0,,
trap_penalty_q_learning_5_q_learning_123_e176afe3,trap_penalty_q_learning_5,q_learning,eval,2,123,risk,5,5,0.1,0.9,0.0,default,100,9.7,4,1,1,0,0,,
trap_penalty_q_learning_5_q_learning_123_e176afe3,trap_penalty_q_learning_5,q_learning,eval,3,123,risk,5,5,0.1,0.9,0.0,default,100,9.7,4,1,1,0,0,,
trap_penalty_q_learning_5_q_learning_123_e176afe3,trap_penalty_q_learning_5,q_learning,eval,4,123,risk,5,5,0.1,0.9,0.0,default,100,9.7,4,1,1,0,0,,
trap_penalty_q_learning_5_q_learning_123_e176afe3,trap_penalty_q_learning_5,q_learning,eval,5,123,risk,5,5,0.1,0.9,0.0,default,100,9.7,4,1,1,0,0,,
trap_penalty_q_learning_5_q_learning_123_e176afe3,trap_penalty_q_learning_5,q_learning,eval,6,123,risk,5,5,0.1,0.9,0.0,default,100,9.7,4,1,1,0,0,,
trap_penalty_q_learning_5_q_learning_123_e176afe3,trap_penalty_q_learning_5,q_learning,eval,7,123,risk,5,5,0.1,0.9,0.0,default,100,9.7,4,1,1,0,0,,
trap_penalty_q_learning_5_q_learning_123_e176afe3,trap_penalty_q_learning_5,q_learning,eval,8,123,risk,5,5,0.1,0.9,0.0,default,100,9.7,4,1,1,0,0,,
trap_penalty_q_learning_5_q_learning_123_e176afe3,trap_penalty_q_learning_5,q_learning,eval,9,123,risk,5,5,0.1,0.9,0.0,default,100,9.7,4,1,1,0,0,,
trap_penalty_q_learning_5_q_learning_123_e176afe3,trap_penalty_q_learning_5,q_learning,eval,10,123,risk,5,5,0.1,0.9,0.0,default,100,9.7,4,1,1,0,0,,
trap_penalty_q_learning_5_q_learning_123_e176afe3,trap_penalty_q_learning_5,q_learning,eval,1,123,risk,5,5,0.1,0.9,0.0,default,100,9.7,4,1,1,0,0,,
trap_penalty_q_learning_5_q_learning_123_e176afe3,trap_penalty_q_learning_5,q_learning,eval,2,123,risk,5,5,0.1,0.9,0.0,default,100,9.7,4,1,1,0,0,,
trap_penalty_q_learning_5_q_learning_123_e176afe3,trap_penalty_q_learning_5,q_learning,eval,3,123,risk,5,5,0.1,0.9,0.0,default,100,9.7,4,1,1,0,0,,
trap_penalty_q_learning_5_q_learning_123_e176afe3,trap_penalty_q_learning_5,q_learning,eval,4,123,risk,5,5,0.1,0.9,0.0,default,100,9.7,4,1,1,0,0,,
trap_penalty_q_learning_5_q_learning_123_e176afe3,trap_penalty_q_learning_5,q_learning,eval,5,123,risk,5,5,0.1,0.9,0.0,default,100,9.7,4,1,1,0,0,,
trap_penalty_q_learning_5_q_learning_123_e176afe3,trap_penalty_q_learning_5,q_learning,eval,6,123,risk,5,5,0.1,0.9,0.0,default,100,9.7,4,1,1,0,0,,
trap_penalty_q_learning_5_q_learning_123_e176afe3,trap_penalty_q_learning_5,q_learning,eval,7,123,risk,5,5,0.1,0.9,0.0,default,100,9.7,4,1,1,0,0,,
trap_penalty_q_learning_5_q_learning_123_e176afe3,trap_penalty_q_learning_5,q_learning,eval,8,123,risk,5,5,0.1,0.9,0.0,default,100,9.7,4,1,1,0,0,,
trap_penalty_q_learning_5_q_learning_123_e176afe3,trap_penalty_q_learning_5,q_learning,eval,9,123,risk,5,5,0.1,0.9,0.0,default,100,9.7,4,1,1,0,0,,
trap_penalty_q_learning_5_q_learning_123_e176afe3,trap_penalty_q_learning_5,q_learning,eval,10,123,risk,5,5,0.1,0.9,0.0,default,100,9.7,4,1,1,0,0,,
trap_penalty_q_learning_5_q_learning_123_e176afe3,trap_penalty_q_learning_5,q_learning,eval,1,123,risk,5,5,0.1,0.9,0.0,default,100,9.7,4,1,1,0,0,,
trap_penalty_q_learning_5_q_learning_123_e176afe3,trap_penalty_q_learning_5,q_learning,eval,2,123,risk,5,5,0.1,0.9,0.0,default,100,9.7,4,1,1,0,0,,
trap_penalty_q_learning_5_q_learning_123_e176afe3,trap_penalty_q_learning_5,q_learning,eval,3,123,risk,5,5,0.1,0.9,0.0,default,100,9.7,4,1,1,0,0,,
trap_penalty_q_learning_5_q_learning_123_e176afe3,trap_penalty_q_learning_5,q_learning,eval,4,123,risk,5,5,0.1,0.9,0.0,default,100,9.7,4,1,1,0,0,,
trap_penalty_q_learning_5_q_learning_123_e176afe3,trap_penalty_q_learning_5,q_learning,eval,5,123,risk,5,5,0.1,0.9,0.0,default,100,9.7,4,1,1,0,0,,
trap_penalty_q_learning_5_q_learning_123_e176afe3,trap_penalty_q_learning_5,q_learning,eval,6,123,risk,5,5,0.1,0.9,0.0,default,100,9.7,4,1,1,0,0,,
trap_penalty_q_learning_5_q_learning_123_e176afe3,trap_penalty_q_learning_5,q_learning,eval,7,123,risk,5,5,0.1,0.9,0.0,default,100,9.7,4,1,1,0,0,,
trap_penalty_q_learning_5_q_learning_123_e176afe3,trap_penalty_q_learning_5,q_learning,eval,8,123,risk,5,5,0.1,0.9,0.0,default,100,9.7,4,1,1,0,0,,
trap_penalty_q_learning_5_q_learning_123_e176afe3,trap_penalty_q_learning_5,q_learning,eval,9,123,risk,5,5,0.1,0.9,0.0,default,100,9.7,4,1,1,0,0,,
trap_penalty_q_learning_5_q_learning_123_e176afe3,trap_penalty_q_learning_5,q_learning,eval,10,123,risk,5,5,0.1,0.9,0.0,default,100,9.7,4,1,1,0,0,,
trap_penalty_q_learning_5_q_learning_123_e176afe3,trap_penalty_q_learning_5,q_learning,eval,1,123,risk,5,5,0.1,0.9,0.0,default,100,9.7,4,1,1,0,0,,
trap_penalty_q_learning_5_q_learning_123_e176afe3,trap_penalty_q_learning_5,q_learning,eval,2,123,risk,5,5,0.1,0.9,0.0,default,100,9.7,4,1,1,0,0,,
trap_penalty_q_learning_5_q_learning_123_e176afe3,trap_penalty_q_learning_5,q_learning,eval,3,123,risk,5,5,0.1,0.9,0.0,default,100,9.7,4,1,1,0,0,,
trap_penalty_q_learning_5_q_learning_123_e176afe3,trap_penalty_q_learning_5,q_learning,eval,4,123,risk,5,5,0.1,0.9,0.0,default,100,9.7,4,1,1,0,0,,
trap_penalty_q_learning_5_q_learning_123_e176afe3,trap_penalty_q_learning_5,q_learning,eval,5,123,risk,5,5,0.1,0.9,0.0,default,100,9.7,4,1,1,0,0,,
trap_penalty_q_learning_5_q_learning_123_e176afe3,trap_penalty_q_learning_5,q_learning,eval,6,123,risk,5,5,0.1,0.9,0.0,default,100,9.7,4,1,1,0,0,,
trap_penalty_q_learning_5_q_learning_123_e176afe3,trap_penalty_q_learning_5,q_learning,eval,7,123,risk,5,5,0.1,0.9,0.0,default,100,9.7,4,1,1,0,0,,
trap_penalty_q_learning_5_q_learning_123_e176afe3,trap_penalty_q_learning_5,q_learning,eval,8,123,risk,5,5,0.1,0.9,0.0,default,100,9.7,4,1,1,0,0,,
trap_penalty_q_learning_5_q_learning_123_e176afe3,trap_penalty_q_learning_5,q_learning,eval,9,123,risk,5,5,0.1,0.9,0.0,default,100,9.7,4,1,1,0,0,,
trap_penalty_q_learning_5_q_learning_123_e176afe3,trap_penalty_q_learning_5,q_learning,eval,10,123,risk,5,5,0.1,0.9,0.0,default,100,9.7,4,1,1,0,0,,
trap_penalty_q_learning_5_q_learning_123_e176afe3,trap_penalty_q_learning_5,q_learning,eval,1,123,risk,5,5,0.1,0.9,0.0,default,100,9.7,4,1,1,0,0,,
trap_penalty_q_learning_5_q_learning_123_e176afe3,trap_penalty_q_learning_5,q_learning,eval,2,123,risk,5,5,0.1,0.9,0.0,default,100,9.7,4,1,1,0,0,,
trap_penalty_q_learning_5_q_learning_123_e176afe3,trap_penalty_q_learning_5,q_learning,eval,3,123,risk,5,5,0.1,0.9,0.0,default,100,9.7,4,1,1,0,0,,
trap_penalty_q_learning_5_q_learning_123_e176afe3,trap_penalty_q_learning_5,q_learning,eval,4,123,risk,5,5,0.1,0.9,0.0,default,100,9.7,4,1,1,0,0,,
trap_penalty_q_learning_5_q_learning_123_e176afe3,trap_penalty_q_learning_5,q_learning,eval,5,123,risk,5,5,0.1,0.9,0.0,default,100,9.7,4,1,1,0,0,,
trap_penalty_q_learning_5_q_learning_123_e176afe3,trap_penalty_q_learning_5,q_learning,eval,6,123,risk,5,5,0.1,0.9,0.0,default,100,9.7,4,1,1,0,0,,
trap_penalty_q_learning_5_q_learning_123_e176afe3,trap_penalty_q_learning_5,q_learning,eval,7,123,risk,5,5,0.1,0.9,0.0,default,100,9.7,4,1,1,0,0,,
trap_penalty_q_learning_5_q_learning_123_e176afe3,trap_penalty_q_learning_5,q_learning,eval,8,123,risk,5,5,0.1,0.9,0.0,default,100,9.7,4,1,1,0,0,,
trap_penalty_q_learning_5_q_learning_123_e176afe3,trap_penalty_q_learning_5,q_learning,eval,9,123,risk,5,5,0.1,0.9,0.0,default,100,9.7,4,1,1,0,0,,
trap_penalty_q_learning_5_q_learning_123_e176afe3,trap_penalty_q_learning_5,q_learning,eval,10,123,risk,5,5,0.1,0.9,0.0,default,100,9.7,4,1,1,0,0,,
trap_penalty_q_learning_5_q_learning_123_e176afe3,trap_penalty_q_learning_5,q_learning,eval,1,123,risk,5,5,0.1,0.9,0.0,default,100,9.7,4,1,1,0,0,,
trap_penalty_q_learning_5_q_learning_123_e176afe3,trap_penalty_q_learning_5,q_learning,eval,2,123,risk,5,5,0.1,0.9,0.0,default,100,9.7,4,1,1,0,0,,
trap_penalty_q_learning_5_q_learning_123_e176afe3,trap_penalty_q_learning_5,q_learning,eval,3,123,risk,5,5,0.1,0.9,0.0,default,100,9.7,4,1,1,0,0,,
trap_penalty_q_learning_5_q_learning_123_e176afe3,trap_penalty_q_learning_5,q_learning,eval,4,123,risk,5,5,0.1,0.9,0.0,default,100,9.7,4,1,1,0,0,,
trap_penalty_q_learning_5_q_learning_123_e176afe3,trap_penalty_q_learning_5,q_learning,eval,5,123,risk,5,5,0.1,0.9,0.0,default,100,9.7,4,1,1,0,0,,
trap_penalty_q_learning_5_q_learning_123_e176afe3,trap_penalty_q_learning_5,q_learning,eval,6,123,risk,5,5,0.1,0.9,0.0,default,100,9.7,4,1,1,0,0,,
trap_penalty_q_learning_5_q_learning_123_e176afe3,trap_penalty_q_learning_5,q_learning,eval,7,123,risk,5,5,0.1,0.9,0.0,default,100,9.7,4,1,1,0,0,,
trap_penalty_q_learning_5_q_learning_123_e176afe3,trap_penalty_q_learning_5,q_learning,eval,8,123,risk,5,5,0.1,0.9,0.0,default,100,9.7,4,1,1,0,0,,
trap_penalty_q_learning_5_q_learning_123_e176afe3,trap_penalty_q_learning_5,q_learning,eval,9,123,risk,5,5,0.1,0.9,0.0,default,100,9.7,4,1,1,0,0,,
trap_penalty_q_learning_5_q_learning_123_e176afe3,trap_penalty_q_learning_5,q_learning,eval,10,123,risk,5,5,0.1,0.9,0.0,default,100,9.7,4,1,1,0,0,,
trap_penalty_q_learning_5_q_learning_123_e176afe3,trap_penalty_q_learning_5,q_learning,eval,1,123,risk,5,5,0.1,0.9,0.0,default,100,9.7,4,1,1,0,0,,
trap_penalty_q_learning_5_q_learning_123_e176afe3,trap_penalty_q_learning_5,q_learning,eval,2,123,risk,5,5,0.1,0.9,0.0,default,100,9.7,4,1,1,0,0,,
trap_penalty_q_learning_5_q_learning_123_e176afe3,trap_penalty_q_learning_5,q_learning,eval,3,123,risk,5,5,0.1,0.9,0.0,default,100,9.7,4,1,1,0,0,,
trap_penalty_q_learning_5_q_learning_123_e176afe3,trap_penalty_q_learning_5,q_learning,eval,4,123,risk,5,5,0.1,0.9,0.0,default,100,9.7,4,1,1,0,0,,
trap_penalty_q_learning_5_q_learning_123_e176afe3,trap_penalty_q_learning_5,q_learning,eval,5,123,risk,5,5,0.1,0.9,0.0,default,100,9.7,4,1,1,0,0,,
trap_penalty_q_learning_5_q_learning_123_e176afe3,trap_penalty_q_learning_5,q_learning,eval,6,123,risk,5,5,0.1,0.9,0.0,default,100,9.7,4,1,1,0,0,,
trap_penalty_q_learning_5_q_learning_123_e176afe3,trap_penalty_q_learning_5,q_learning,eval,7,123,risk,5,5,0.1,0.9,0.0,default,100,9.7,4,1,1,0,0,,
trap_penalty_q_learning_5_q_learning_123_e176afe3,trap_penalty_q_learning_5,q_learning,eval,8,123,risk,5,5,0.1,0.9,0.0,default,100,9.7,4,1,1,0,0,,
trap_penalty_q_learning_5_q_learning_123_e176afe3,trap_penalty_q_learning_5,q_learning,eval,9,123,risk,5,5,0.1,0.9,0.0,default,100,9.7,4,1,1,0,0,,
trap_penalty_q_learning_5_q_learning_123_e176afe3,trap_penalty_q_learning_5,q_learning,eval,10,123,risk,5,5,0.1,0.9,0.0,default,100,9.7,4,1,1,0,0,,
trap_penalty_q_learning_5_q_learning_123_e176afe3,trap_penalty_q_learning_5,q_learning,eval,1,123,risk,5,5,0.1,0.9,0.0,default,100,9.7,4,1,1,0,0,,
trap_penalty_q_learning_5_q_learning_123_e176afe3,trap_penalty_q_learning_5,q_learning,eval,2,123,risk,5,5,0.1,0.9,0.0,default,100,9.7,4,1,1,0,0,,
trap_penalty_q_learning_5_q_learning_123_e176afe3,trap_penalty_q_learning_5,q_learning,eval,3,123,risk,5,5,0.1,0.9,0.0,default,100,9.7,4,1,1,0,0,,
trap_penalty_q_learning_5_q_learning_123_e176afe3,trap_penalty_q_learning_5,q_learning,eval,4,123,risk,5,5,0.1,0.9,0.0,default,100,9.7,4,1,1,0,0,,
trap_penalty_q_learning_5_q_learning_123_e176afe3,trap_penalty_q_learning_5,q_learning,eval,5,123,risk,5,5,0.1,0.9,0.0,default,100,9.7,4,1,1,0,0,,
trap_penalty_q_learning_5_q_learning_123_e176afe3,trap_penalty_q_learning_5,q_learning,eval,6,123,risk,5,5,0.1,0.9,0.0,default,100,9.7,4,1,1,0,0,,
trap_penalty_q_learning_5_q_learning_123_e176afe3,trap_penalty_q_learning_5,q_learning,eval,7,123,risk,5,5,0.1,0.9,0.0,default,100,9.7,4,1,1,0,0,,
trap_penalty_q_learning_5_q_learning_123_e176afe3,trap_penalty_q_learning_5,q_learning,eval,8,123,risk,5,5,0.1,0.9,0.0,default,100,9.7,4,1,1,0,0,,
trap_penalty_q_learning_5_q_learning_123_e176afe3,trap_penalty_q_learning_5,q_learning,eval,9,123,risk,5,5,0.1,0.9,0.0,default,100,9.7,4,1,1,0,0,,
trap_penalty_q_learning_5_q_learning_123_e176afe3,trap_penalty_q_learning_5,q_learning,eval,10,123,risk,5,5,0.1,0.9,0.0,default,100,9.7,4,1,1,0,0,,
trap_penalty_q_learning_5_q_learning_123_e176afe3,trap_penalty_q_learning_5,q_learning,eval,1,123,risk,5,5,0.1,0.9,0.0,default,100,9.7,4,1,1,0,0,,
trap_penalty_q_learning_5_q_learning_123_e176afe3,trap_penalty_q_learning_5,q_learning,eval,2,123,risk,5,5,0.1,0.9,0.0,default,100,9.7,4,1,1,0,0,,
trap_penalty_q_learning_5_q_learning_123_e176afe3,trap_penalty_q_learning_5,q_learning,eval,3,123,risk,5,5,0.1,0.9,0.0,default,100,9.7,4,1,1,0,0,,
trap_penalty_q_learning_5_q_learning_123_e176afe3,trap_penalty_q_learning_5,q_learning,eval,4,123,risk,5,5,0.1,0.9,0.0,default,100,9.7,4,1,1,0,0,,
trap_penalty_q_learning_5_q_learning_123_e176afe3,trap_penalty_q_learning_5,q_learning,eval,5,123,risk,5,5,0.1,0.9,0.0,default,100,9.7,4,1,1,0,0,,
trap_penalty_q_learning_5_q_learning_123_e176afe3,trap_penalty_q_learning_5,q_learning,eval,6,123,risk,5,5,0.1,0.9,0.0,default,100,9.7,4,1,1,0,0,,
trap_penalty_q_learning_5_q_learning_123_e176afe3,trap_penalty_q_learning_5,q_learning,eval,7,123,risk,5,5,0.1,0.9,0.0,default,100,9.7,4,1,1,0,0,,
trap_penalty_q_learning_5_q_learning_123_e176afe3,trap_penalty_q_learning_5,q_learning,eval,8,123,risk,5,5,0.1,0.9,0.0,default,100,9.7,4,1,1,0,0,,
trap_penalty_q_learning_5_q_learning_123_e176afe3,trap_penalty_q_learning_5,q_learning,eval,9,123,risk,5,5,0.1,0.9,0.0,default,100,9.7,4,1,1,0,0,,
trap_penalty_q_learning_5_q_learning_123_e176afe3,trap_penalty_q_learning_5,q_learning,eval,10,123,risk,5,5,0.1,0.9,0.0,default,100,9.7,4,1,1,0,0,,
trap_penalty_q_learning_5_q_learning_123_e176afe3,trap_penalty_q_learning_5,q_learning,eval,1,123,risk,5,5,0.1,0.9,0.0,default,100,9.7,4,1,1,0,0,,
trap_penalty_q_learning_5_q_learning_123_e176afe3,trap_penalty_q_learning_5,q_learning,eval,2,123,risk,5,5,0.1,0.9,0.0,default,100,9.7,4,1,1,0,0,,
trap_penalty_q_learning_5_q_learning_123_e176afe3,trap_penalty_q_learning_5,q_learning,eval,3,123,risk,5,5,0.1,0.9,0.0,default,100,9.7,4,1,1,0,0,,
trap_penalty_q_learning_5_q_learning_123_e176afe3,trap_penalty_q_learning_5,q_learning,eval,4,123,risk,5,5,0.1,0.9,0.0,default,100,9.7,4,1,1,0,0,,
trap_penalty_q_learning_5_q_learning_123_e176afe3,trap_penalty_q_learning_5,q_learning,eval,5,123,risk,5,5,0.1,0.9,0.0,default,100,9.7,4,1,1,0,0,,
trap_penalty_q_learning_5_q_learning_123_e176afe3,trap_penalty_q_learning_5,q_learning,eval,6,123,risk,5,5,0.1,0.9,0.0,default,100,9.7,4,1,1,0,0,,
trap_penalty_q_learning_5_q_learning_123_e176afe3,trap_penalty_q_learning_5,q_learning,eval,7,123,risk,5,5,0.1,0.9,0.0,default,100,9.7,4,1,1,0,0,,
trap_penalty_q_learning_5_q_learning_123_e176afe3,trap_penalty_q_learning_5,q_learning,eval,8,123,risk,5,5,0.1,0.9,0.0,default,100,9.7,4,1,1,0,0,,
trap_penalty_q_learning_5_q_learning_123_e176afe3,trap_penalty_q_learning_5,q_learning,eval,9,123,risk,5,5,0.1,0.9,0.0,default,100,9.7,4,1,1,0,0,,
trap_penalty_q_learning_5_q_learning_123_e176afe3,trap_penalty_q_learning_5,q_learning,eval,10,123,risk,5,5,0.1,0.9,0.0,default,100,9.7,4,1,1,0,0,,
trap_penalty_q_learning_5_q_learning_123_e176afe3,trap_penalty_q_learning_5,q_learning,eval,1,123,risk,5,5,0.1,0.9,0.0,default,100,9.7,4,1,1,0,0,,
trap_penalty_q_learning_5_q_learning_123_e176afe3,trap_penalty_q_learning_5,q_learning,eval,2,123,risk,5,5,0.1,0.9,0.0,default,100,9.7,4,1,1,0,0,,
trap_penalty_q_learning_5_q_learning_123_e176afe3,trap_penalty_q_learning_5,q_learning,eval,3,123,risk,5,5,0.1,0.9,0.0,default,100,9.7,4,1,1,0,0,,
trap_penalty_q_learning_5_q_learning_123_e176afe3,trap_penalty_q_learning_5,q_learning,eval,4,123,risk,5,5,0.1,0.9,0.0,default,100,9.7,4,1,1,0,0,,
trap_penalty_q_learning_5_q_learning_123_e176afe3,trap_penalty_q_learning_5,q_learning,eval,5,123,risk,5,5,0.1,0.9,0.0,default,100,9.7,4,1,1,0,0,,
trap_penalty_q_learning_5_q_learning_123_e176afe3,trap_penalty_q_learning_5,q_learning,eval,6,123,risk,5,5,0.1,0.9,0.0,default,100,9.7,4,1,1,0,0,,
trap_penalty_q_learning_5_q_learning_123_e176afe3,trap_penalty_q_learning_5,q_learning,eval,7,123,risk,5,5,0.1,0.9,0.0,default,100,9.7,4,1,1,0,0,,
trap_penalty_q_learning_5_q_learning_123_e176afe3,trap_penalty_q_learning_5,q_learning,eval,8,123,risk,5,5,0.1,0.9,0.0,default,100,9.7,4,1,1,0,0,,
trap_penalty_q_learning_5_q_learning_123_e176afe3,trap_penalty_q_learning_5,q_learning,eval,9,123,risk,5,5,0.1,0.9,0.0,default,100,9.7,4,1,1,0,0,,
trap_penalty_q_learning_5_q_learning_123_e176afe3,trap_penalty_q_learning_5,q_learning,eval,10,123,risk,5,5,0.1,0.9,0.0,default,100,9.7,4,1,1,0,0,,
trap_penalty_q_learning_5_q_learning_123_e176afe3,trap_penalty_q_learning_5,q_learning,eval,1,123,risk,5,5,0.1,0.9,0.0,default,100,9.7,4,1,1,0,0,,
trap_penalty_q_learning_5_q_learning_123_e176afe3,trap_penalty_q_learning_5,q_learning,eval,2,123,risk,5,5,0.1,0.9,0.0,default,100,9.7,4,1,1,0,0,,
trap_penalty_q_learning_5_q_learning_123_e176afe3,trap_penalty_q_learning_5,q_learning,eval,3,123,risk,5,5,0.1,0.9,0.0,default,100,9.7,4,1,1,0,0,,
trap_penalty_q_learning_5_q_learning_123_e176afe3,trap_penalty_q_learning_5,q_learning,eval,4,123,risk,5,5,0.1,0.9,0.0,default,100,9.7,4,1,1,0,0,,
trap_penalty_q_learning_5_q_learning_123_e176afe3,trap_penalty_q_learning_5,q_learning,eval,5,123,risk,5,5,0.1,0.9,0.0,default,100,9.7,4,1,1,0,0,,
trap_penalty_q_learning_5_q_learning_123_e176afe3,trap_penalty_q_learning_5,q_learning,eval,6,123,risk,5,5,0.1,0.9,0.0,default,100,9.7,4,1,1,0,0,,
trap_penalty_q_learning_5_q_learning_123_e176afe3,trap_penalty_q_learning_5,q_learning,eval,7,123,risk,5,5,0.1,0.9,0.0,default,100,9.7,4,1,1,0,0,,
trap_penalty_q_learning_5_q_learning_123_e176afe3,trap_penalty_q_learning_5,q_learning,eval,8,123,risk,5,5,0.1,0.9,0.0,default,100,9.7,4,1,1,0,0,,
trap_penalty_q_learning_5_q_learning_123_e176afe3,trap_penalty_q_learning_5,q_learning,eval,9,123,risk,5,5,0.1,0.9,0.0,default,100,9.7,4,1,1,0,0,,
trap_penalty_q_learning_5_q_learning_123_e176afe3,trap_penalty_q_learning_5,q_learning,eval,10,123,risk,5,5,0.1,0.9,0.0,default,100,9.7,4,1,1,0,0,,
trap_penalty_q_learning_5_q_learning_123_e176afe3,trap_penalty_q_learning_5,q_learning,eval,1,123,risk,5,5,0.1,0.9,0.0,default,100,9.7,4,1,1,0,0,,
trap_penalty_q_learning_5_q_learning_123_e176afe3,trap_penalty_q_learning_5,q_learning,eval,2,123,risk,5,5,0.1,0.9,0.0,default,100,9.7,4,1,1,0,0,,
trap_penalty_q_learning_5_q_learning_123_e176afe3,trap_penalty_q_learning_5,q_learning,eval,3,123,risk,5,5,0.1,0.9,0.0,default,100,9.7,4,1,1,0,0,,
trap_penalty_q_learning_5_q_learning_123_e176afe3,trap_penalty_q_learning_5,q_learning,eval,4,123,risk,5,5,0.1,0.9,0.0,default,100,9.7,4,1,1,0,0,,
trap_penalty_q_learning_5_q_learning_123_e176afe3,trap_penalty_q_learning_5,q_learning,eval,5,123,risk,5,5,0.1,0.9,0.0,default,100,9.7,4,1,1,0,0,,
trap_penalty_q_learning_5_q_learning_123_e176afe3,trap_penalty_q_learning_5,q_learning,eval,6,123,risk,5,5,0.1,0.9,0.0,default,100,9.7,4,1,1,0,0,,
trap_penalty_q_learning_5_q_learning_123_e176afe3,trap_penalty_q_learning_5,q_learning,eval,7,123,risk,5,5,0.1,0.9,0.0,default,100,9.7,4,1,1,0,0,,
trap_penalty_q_learning_5_q_learning_123_e176afe3,trap_penalty_q_learning_5,q_learning,eval,8,123,risk,5,5,0.1,0.9,0.0,default,100,9.7,4,1,1,0,0,,
trap_penalty_q_learning_5_q_learning_123_e176afe3,trap_penalty_q_learning_5,q_learning,eval,9,123,risk,5,5,0.1,0.9,0.0,default,100,9.7,4,1,1,0,0,,
trap_penalty_q_learning_5_q_learning_123_e176afe3,trap_penalty_q_learning_5,q_learning,eval,10,123,risk,5,5,0.1,0.9,0.0,default,100,9.7,4,1,1,0,0,,
trap_penalty_q_learning_5_q_learning_123_e176afe3,trap_penalty_q_learning_5,q_learning,eval,1,123,risk,5,5,0.1,0.9,0.0,default,100,9.7,4,1,1,0,0,,
trap_penalty_q_learning_5_q_learning_123_e176afe3,trap_penalty_q_learning_5,q_learning,eval,2,123,risk,5,5,0.1,0.9,0.0,default,100,9.7,4,1,1,0,0,,
trap_penalty_q_learning_5_q_learning_123_e176afe3,trap_penalty_q_learning_5,q_learning,eval,3,123,risk,5,5,0.1,0.9,0.0,default,100,9.7,4,1,1,0,0,,
trap_penalty_q_learning_5_q_learning_123_e176afe3,trap_penalty_q_learning_5,q_learning,eval,4,123,risk,5,5,0.1,0.9,0.0,default,100,9.7,4,1,1,0,0,,
trap_penalty_q_learning_5_q_learning_123_e176afe3,trap_penalty_q_learning_5,q_learning,eval,5,123,risk,5,5,0.1,0.9,0.0,default,100,9.7,4,1,1,0,0,,
trap_penalty_q_learning_5_q_learning_123_e176afe3,trap_penalty_q_learning_5,q_learning,eval,6,123,risk,5,5,0.1,0.9,0.0,default,100,9.7,4,1,1,0,0,,
trap_penalty_q_learning_5_q_learning_123_e176afe3,trap_penalty_q_learning_5,q_learning,eval,7,123,risk,5,5,0.1,0.9,0.0,default,100,9.7,4,1,1,0,0,,
trap_penalty_q_learning_5_q_learning_123_e176afe3,trap_penalty_q_learning_5,q_learning,eval,8,123,risk,5,5,0.1,0.9,0.0,default,100,9.7,4,1,1,0,0,,
trap_penalty_q_learning_5_q_learning_123_e176afe3,trap_penalty_q_learning_5,q_learning,eval,9,123,risk,5,5,0.1,0.9,0.0,default,100,9.7,4,1,1,0,0,,
trap_penalty_q_learning_5_q_learning_123_e176afe3,trap_penalty_q_learning_5,q_learning,eval,10,123,risk,5,5,0.1,0.9,0.0,default,100,9.7,4,1,1,0,0,,
trap_penalty_q_learning_5_q_learning_123_e176afe3,trap_penalty_q_learning_5,q_learning,eval,1,123,risk,5,5,0.1,0.9,0.0,default,100,9.7,4,1,1,0,0,,
trap_penalty_q_learning_5_q_learning_123_e176afe3,trap_penalty_q_learning_5,q_learning,eval,2,123,risk,5,5,0.1,0.9,0.0,default,100,9.7,4,1,1,0,0,,
trap_penalty_q_learning_5_q_learning_123_e176afe3,trap_penalty_q_learning_5,q_learning,eval,3,123,risk,5,5,0.1,0.9,0.0,default,100,9.7,4,1,1,0,0,,
trap_penalty_q_learning_5_q_learning_123_e176afe3,trap_penalty_q_learning_5,q_learning,eval,4,123,risk,5,5,0.1,0.9,0.0,default,100,9.7,4,1,1,0,0,,
trap_penalty_q_learning_5_q_learning_123_e176afe3,trap_penalty_q_learning_5,q_learning,eval,5,123,risk,5,5,0.1,0.9,0.0,default,100,9.7,4,1,1,0,0,,
trap_penalty_q_learning_5_q_learning_123_e176afe3,trap_penalty_q_learning_5,q_learning,eval,6,123,risk,5,5,0.1,0.9,0.0,default,100,9.7,4,1,1,0,0,,
trap_penalty_q_learning_5_q_learning_123_e176afe3,trap_penalty_q_learning_5,q_learning,eval,7,123,risk,5,5,0.1,0.9,0.0,default,100,9.7,4,1,1,0,0,,
trap_penalty_q_learning_5_q_learning_123_e176afe3,trap_penalty_q_learning_5,q_learning,eval,8,123,risk,5,5,0.1,0.9,0.0,default,100,9.7,4,1,1,0,0,,
trap_penalty_q_learning_5_q_learning_123_e176afe3,trap_penalty_q_learning_5,q_learning,eval,9,123,risk,5,5,0.1,0.9,0.0,default,100,9.7,4,1,1,0,0,,
trap_penalty_q_learning_5_q_learning_123_e176afe3,trap_penalty_q_learning_5,q_learning,eval,10,123,risk,5,5,0.1,0.9,0.0,default,100,9.7,4,1,1,0,0,,
trap_penalty_q_learning_5_q_learning_123_e176afe3,trap_penalty_q_learning_5,q_learning,eval,1,123,risk,5,5,0.1,0.9,0.0,default,100,9.7,4,1,1,0,0,,
trap_penalty_q_learning_5_q_learning_123_e176afe3,trap_penalty_q_learning_5,q_learning,eval,2,123,risk,5,5,0.1,0.9,0.0,default,100,9.7,4,1,1,0,0,,
trap_penalty_q_learning_5_q_learning_123_e176afe3,trap_penalty_q_learning_5,q_learning,eval,3,123,risk,5,5,0.1,0.9,0.0,default,100,9.7,4,1,1,0,0,,
trap_penalty_q_learning_5_q_learning_123_e176afe3,trap_penalty_q_learning_5,q_learning,eval,4,123,risk,5,5,0.1,0.9,0.0,default,100,9.7,4,1,1,0,0,,
trap_penalty_q_learning_5_q_learning_123_e176afe3,trap_penalty_q_learning_5,q_learning,eval,5,123,risk,5,5,0.1,0.9,0.0,default,100,9.7,4,1,1,0,0,,
trap_penalty_q_learning_5_q_learning_123_e176afe3,trap_penalty_q_learning_5,q_learning,eval,6,123,risk,5,5,0.1,0.9,0.0,default,100,9.7,4,1,1,0,0,,
trap_penalty_q_learning_5_q_learning_123_e176afe3,trap_penalty_q_learning_5,q_learning,eval,7,123,risk,5,5,0.1,0.9,0.0,default,100,9.7,4,1,1,0,0,,
trap_penalty_q_learning_5_q_learning_123_e176afe3,trap_penalty_q_learning_5,q_learning,eval,8,123,risk,5,5,0.1,0.9,0.0,default,100,9.7,4,1,1,0,0,,
trap_penalty_q_learning_5_q_learning_123_e176afe3,trap_penalty_q_learning_5,q_learning,eval,9,123,risk,5,5,0.1,0.9,0.0,default,100,9.7,4,1,1,0,0,,
trap_penalty_q_learning_5_q_learning_123_e176afe3,trap_penalty_q_learning_5,q_learning,eval,10,123,risk,5,5,0.1,0.9,0.0,default,100,9.7,4,1,1,0,0,,
trap_penalty_q_learning_5_q_learning_123_e176afe3,trap_penalty_q_learning_5,q_learning,eval,1,123,risk,5,5,0.1,0.9,0.0,default,100,9.7,4,1,1,0,0,,
trap_penalty_q_learning_5_q_learning_123_e176afe3,trap_penalty_q_learning_5,q_learning,eval,2,123,risk,5,5,0.1,0.9,0.0,default,100,9.7,4,1,1,0,0,,
trap_penalty_q_learning_5_q_learning_123_e176afe3,trap_penalty_q_learning_5,q_learning,eval,3,123,risk,5,5,0.1,0.9,0.0,default,100,9.7,4,1,1,0,0,,
trap_penalty_q_learning_5_q_learning_123_e176afe3,trap_penalty_q_learning_5,q_learning,eval,4,123,risk,5,5,0.1,0.9,0.0,default,100,9.7,4,1,1,0,0,,
trap_penalty_q_learning_5_q_learning_123_e176afe3,trap_penalty_q_learning_5,q_learning,eval,5,123,risk,5,5,0.1,0.9,0.0,default,100,9.7,4,1,1,0,0,,
trap_penalty_q_learning_5_q_learning_123_e176afe3,trap_penalty_q_learning_5,q_learning,eval,6,123,risk,5,5,0.1,0.9,0.0,default,100,9.7,4,1,1,0,0,,
trap_penalty_q_learning_5_q_learning_123_e176afe3,trap_penalty_q_learning_5,q_learning,eval,7,123,risk,5,5,0.1,0.9,0.0,default,100,9.7,4,1,1,0,0,,
trap_penalty_q_learning_5_q_learning_123_e176afe3,trap_penalty_q_learning_5,q_learning,eval,8,123,risk,5,5,0.1,0.9,0.0,default,100,9.7,4,1,1,0,0,,
trap_penalty_q_learning_5_q_learning_123_e176afe3,trap_penalty_q_learning_5,q_learning,eval,9,123,risk,5,5,0.1,0.9,0.0,default,100,9.7,4,1,1,0,0,,
trap_penalty_q_learning_5_q_learning_123_e176afe3,trap_penalty_q_learning_5,q_learning,eval,10,123,risk,5,5,0.1,0.9,0.0,default,100,9.7,4,1,1,0,0,,
trap_penalty_q_learning_5_q_learning_123_e176afe3,trap_penalty_q_learning_5,q_learning,eval,1,123,risk,5,5,0.1,0.9,0.0,default,100,9.7,4,1,1,0,0,,
trap_penalty_q_learning_5_q_learning_123_e176afe3,trap_penalty_q_learning_5,q_learning,eval,2,123,risk,5,5,0.1,0.9,0.0,default,100,9.7,4,1,1,0,0,,
trap_penalty_q_learning_5_q_learning_123_e176afe3,trap_penalty_q_learning_5,q_learning,eval,3,123,risk,5,5,0.1,0.9,0.0,default,100,9.7,4,1,1,0,0,,
trap_penalty_q_learning_5_q_learning_123_e176afe3,trap_penalty_q_learning_5,q_learning,eval,4,123,risk,5,5,0.1,0.9,0.0,default,100,9.7,4,1,1,0,0,,
trap_penalty_q_learning_5_q_learning_123_e176afe3,trap_penalty_q_learning_5,q_learning,eval,5,123,risk,5,5,0.1,0.9,0.0,default,100,9.7,4,1,1,0,0,,
trap_penalty_q_learning_5_q_learning_123_e176afe3,trap_penalty_q_learning_5,q_learning,eval,6,123,risk,5,5,0.1,0.9,0.0,default,100,9.7,4,1,1,0,0,,
trap_penalty_q_learning_5_q_learning_123_e176afe3,trap_penalty_q_learning_5,q_learning,eval,7,123,risk,5,5,0.1,0.9,0.0,default,100,9.7,4,1,1,0,0,,
trap_penalty_q_learning_5_q_learning_123_e176afe3,trap_penalty_q_learning_5,q_learning,eval,8,123,risk,5,5,0.1,0.9,0.0,default,100,9.7,4,1,1,0,0,,
trap_penalty_q_learning_5_q_learning_123_e176afe3,trap_penalty_q_learning_5,q_learning,eval,9,123,risk,5,5,0.1,0.9,0.0,default,100,9.7,4,1,1,0,0,,
trap_penalty_q_learning_5_q_learning_123_e176afe3,trap_penalty_q_learning_5,q_learning,eval,10,123,risk,5,5,0.1,0.9,0.0,default,100,9.7,4,1,1,0,0,,
trap_penalty_q_learning_5_q_learning_123_e176afe3,trap_penalty_q_learning_5,q_learning,eval,1,123,risk,5,5,0.1,0.9,0.0,default,100,9.7,4,1,1,0,0,,
trap_penalty_q_learning_5_q_learning_123_e176afe3,trap_penalty_q_learning_5,q_learning,eval,2,123,risk,5,5,0.1,0.9,0.0,default,100,9.7,4,1,1,0,0,,
trap_penalty_q_learning_5_q_learning_123_e176afe3,trap_penalty_q_learning_5,q_learning,eval,3,123,risk,5,5,0.1,0.9,0.0,default,100,9.7,4,1,1,0,0,,
trap_penalty_q_learning_5_q_learning_123_e176afe3,trap_penalty_q_learning_5,q_learning,eval,4,123,risk,5,5,0.1,0.9,0.0,default,100,9.7,4,1,1,0,0,,
trap_penalty_q_learning_5_q_learning_123_e176afe3,trap_penalty_q_learning_5,q_learning,eval,5,123,risk,5,5,0.1,0.9,0.0,default,100,9.7,4,1,1,0,0,,
trap_penalty_q_learning_5_q_learning_123_e176afe3,trap_penalty_q_learning_5,q_learning,eval,6,123,risk,5,5,0.1,0.9,0.0,default,100,9.7,4,1,1,0,0,,
trap_penalty_q_learning_5_q_learning_123_e176afe3,trap_penalty_q_learning_5,q_learning,eval,7,123,risk,5,5,0.1,0.9,0.0,default,100,9.7,4,1,1,0,0,,
trap_penalty_q_learning_5_q_learning_123_e176afe3,trap_penalty_q_learning_5,q_learning,eval,8,123,risk,5,5,0.1,0.9,0.0,default,100,9.7,4,1,1,0,0,,
trap_penalty_q_learning_5_q_learning_123_e176afe3,trap_penalty_q_learning_5,q_learning,eval,9,123,risk,5,5,0.1,0.9,0.0,default,100,9.7,4,1,1,0,0,,
trap_penalty_q_learning_5_q_learning_123_e176afe3,trap_penalty_q_learning_5,q_learning,eval,10,123,risk,5,5,0.1,0.9,0.0,default,100,9.7,4,1,1,0,0,,
trap_penalty_q_learning_5_q_learning_123_e176afe3,trap_penalty_q_learning_5,q_learning,eval,1,123,risk,5,5,0.1,0.9,0.0,default,100,9.7,4,1,1,0,0,,
trap_penalty_q_learning_5_q_learning_123_e176afe3,trap_penalty_q_learning_5,q_learning,eval,2,123,risk,5,5,0.1,0.9,0.0,default,100,9.7,4,1,1,0,0,,
trap_penalty_q_learning_5_q_learning_123_e176afe3,trap_penalty_q_learning_5,q_learning,eval,3,123,risk,5,5,0.1,0.9,0.0,default,100,9.7,4,1,1,0,0,,
trap_penalty_q_learning_5_q_learning_123_e176afe3,trap_penalty_q_learning_5,q_learning,eval,4,123,risk,5,5,0.1,0.9,0.0,default,100,9.7,4,1,1,0,0,,
trap_penalty_q_learning_5_q_learning_123_e176afe3,trap_penalty_q_learning_5,q_learning,eval,5,123,risk,5,5,0.1,0.9,0.0,default,100,9.7,4,1,1,0,0,,
trap_penalty_q_learning_5_q_learning_123_e176afe3,trap_penalty_q_learning_5,q_learning,eval,6,123,risk,5,5,0.1,0.9,0.0,default,100,9.7,4,1,1,0,0,,
trap_penalty_q_learning_5_q_learning_123_e176afe3,trap_penalty_q_learning_5,q_learning,eval,7,123,risk,5,5,0.1,0.9,0.0,default,100,9.7,4,1,1,0,0,,
trap_penalty_q_learning_5_q_learning_123_e176afe3,trap_penalty_q_learning_5,q_learning,eval,8,123,risk,5,5,0.1,0.9,0.0,default,100,9.7,4,1,1,0,0,,
trap_penalty_q_learning_5_q_learning_123_e176afe3,trap_penalty_q_learning_5,q_learning,eval,9,123,risk,5,5,0.1,0.9,0.0,default,100,9.7,4,1,1,0,0,,
trap_penalty_q_learning_5_q_learning_123_e176afe3,trap_penalty_q_learning_5,q_learning,eval,10,123,risk,5,5,0.1,0.9,0.0,default,100,9.7,4,1,1,0,0,,
trap_penalty_q_learning_5_q_learning_123_e176afe3,trap_penalty_q_learning_5,q_learning,eval,1,123,risk,5,5,0.1,0.9,0.0,default,100,9.7,4,1,1,0,0,,
trap_penalty_q_learning_5_q_learning_123_e176afe3,trap_penalty_q_learning_5,q_learning,eval,2,123,risk,5,5,0.1,0.9,0.0,default,100,9.7,4,1,1,0,0,,
trap_penalty_q_learning_5_q_learning_123_e176afe3,trap_penalty_q_learning_5,q_learning,eval,3,123,risk,5,5,0.1,0.9,0.0,default,100,9.7,4,1,1,0,0,,
trap_penalty_q_learning_5_q_learning_123_e176afe3,trap_penalty_q_learning_5,q_learning,eval,4,123,risk,5,5,0.1,0.9,0.0,default,100,9.7,4,1,1,0,0,,
trap_penalty_q_learning_5_q_learning_123_e176afe3,trap_penalty_q_learning_5,q_learning,eval,5,123,risk,5,5,0.1,0.9,0.0,default,100,9.7,4,1,1,0,0,,
trap_penalty_q_learning_5_q_learning_123_e176afe3,trap_penalty_q_learning_5,q_learning,eval,6,123,risk,5,5,0.1,0.9,0.0,default,100,9.7,4,1,1,0,0,,
trap_penalty_q_learning_5_q_learning_123_e176afe3,trap_penalty_q_learning_5,q_learning,eval,7,123,risk,5,5,0.1,0.9,0.0,default,100,9.7,4,1,1,0,0,,
trap_penalty_q_learning_5_q_learning_123_e176afe3,trap_penalty_q_learning_5,q_learning,eval,8,123,risk,5,5,0.1,0.9,0.0,default,100,9.7,4,1,1,0,0,,
trap_penalty_q_learning_5_q_learning_123_e176afe3,trap_penalty_q_learning_5,q_learning,eval,9,123,risk,5,5,0.1,0.9,0.0,default,100,9.7,4,1,1,0,0,,
trap_penalty_q_learning_5_q_learning_123_e176afe3,trap_penalty_q_learning_5,q_learning,eval,10,123,risk,5,5,0.1,0.9,0.0,default,100,9.7,4,1,1,0,0,,
trap_penalty_q_learning_5_q_learning_123_e176afe3,trap_penalty_q_learning_5,q_learning,eval,1,123,risk,5,5,0.1,0.9,0.0,default,100,9.7,4,1,1,0,0,,
trap_penalty_q_learning_5_q_learning_123_e176afe3,trap_penalty_q_learning_5,q_learning,eval,2,123,risk,5,5,0.1,0.9,0.0,default,100,9.7,4,1,1,0,0,,
trap_penalty_q_learning_5_q_learning_123_e176afe3,trap_penalty_q_learning_5,q_learning,eval,3,123,risk,5,5,0.1,0.9,0.0,default,100,9.7,4,1,1,0,0,,
trap_penalty_q_learning_5_q_learning_123_e176afe3,trap_penalty_q_learning_5,q_learning,eval,4,123,risk,5,5,0.1,0.9,0.0,default,100,9.7,4,1,1,0,0,,
trap_penalty_q_learning_5_q_learning_123_e176afe3,trap_penalty_q_learning_5,q_learning,eval,5,123,risk,5,5,0.1,0.9,0.0,default,100,9.7,4,1,1,0,0,,
trap_penalty_q_learning_5_q_learning_123_e176afe3,trap_penalty_q_learning_5,q_learning,eval,6,123,risk,5,5,0.1,0.9,0.0,default,100,9.7,4,1,1,0,0,,
trap_penalty_q_learning_5_q_learning_123_e176afe3,trap_penalty_q_learning_5,q_learning,eval,7,123,risk,5,5,0.1,0.9,0.0,default,100,9.7,4,1,1,0,0,,
trap_penalty_q_learning_5_q_learning_123_e176afe3,trap_penalty_q_learning_5,q_learning,eval,8,123,risk,5,5,0.1,0.9,0.0,default,100,9.7,4,1,1,0,0,,
trap_penalty_q_learning_5_q_learning_123_e176afe3,trap_penalty_q_learning_5,q_learning,eval,9,123,risk,5,5,0.1,0.9,0.0,default,100,9.7,4,1,1,0,0,,
trap_penalty_q_learning_5_q_learning_123_e176afe3,trap_penalty_q_learning_5,q_learning,eval,10,123,risk,5,5,0.1,0.9,0.0,default,100,9.7,4,1,1,0,0,,
trap_penalty_q_learning_5_q_learning_123_e176afe3,trap_penalty_q_learning_5,q_learning,eval,1,123,risk,5,5,0.1,0.9,0.0,default,100,9.7,4,1,1,0,0,,
trap_penalty_q_learning_5_q_learning_123_e176afe3,trap_penalty_q_learning_5,q_learning,eval,2,123,risk,5,5,0.1,0.9,0.0,default,100,9.7,4,1,1,0,0,,
trap_penalty_q_learning_5_q_learning_123_e176afe3,trap_penalty_q_learning_5,q_learning,eval,3,123,risk,5,5,0.1,0.9,0.0,default,100,9.7,4,1,1,0,0,,
trap_penalty_q_learning_5_q_learning_123_e176afe3,trap_penalty_q_learning_5,q_learning,eval,4,123,risk,5,5,0.1,0.9,0.0,default,100,9.7,4,1,1,0,0,,
trap_penalty_q_learning_5_q_learning_123_e176afe3,trap_penalty_q_learning_5,q_learning,eval,5,123,risk,5,5,0.1,0.9,0.0,default,100,9.7,4,1,1,0,0,,
trap_penalty_q_learning_5_q_learning_123_e176afe3,trap_penalty_q_learning_5,q_learning,eval,6,123,risk,5,5,0.1,0.9,0.0,default,100,9.7,4,1,1,0,0,,
trap_penalty_q_learning_5_q_learning_123_e176afe3,trap_penalty_q_learning_5,q_learning,eval,7,123,risk,5,5,0.1,0.9,0.0,default,100,9.7,4,1,1,0,0,,
trap_penalty_q_learning_5_q_learning_123_e176afe3,trap_penalty_q_learning_5,q_learning,eval,8,123,risk,5,5,0.1,0.9,0.0,default,100,9.7,4,1,1,0,0,,
trap_penalty_q_learning_5_q_learning_123_e176afe3,trap_penalty_q_learning_5,q_learning,eval,9,123,risk,5,5,0.1,0.9,0.0,default,100,9.7,4,1,1,0,0,,
trap_penalty_q_learning_5_q_learning_123_e176afe3,trap_penalty_q_learning_5,q_learning,eval,10,123,risk,5,5,0.1,0.9,0.0,default,100,9.7,4,1,1,0,0,,
trap_penalty_q_learning_5_q_learning_123_e176afe3,trap_penalty_q_learning_5,q_learning,eval,1,123,risk,5,5,0.1,0.9,0.0,default,100,9.7,4,1,1,0,0,,
trap_penalty_q_learning_5_q_learning_123_e176afe3,trap_penalty_q_learning_5,q_learning,eval,2,123,risk,5,5,0.1,0.9,0.0,default,100,9.7,4,1,1,0,0,,
trap_penalty_q_learning_5_q_learning_123_e176afe3,trap_penalty_q_learning_5,q_learning,eval,3,123,risk,5,5,0.1,0.9,0.0,default,100,9.7,4,1,1,0,0,,
trap_penalty_q_learning_5_q_learning_123_e176afe3,trap_penalty_q_learning_5,q_learning,eval,4,123,risk,5,5,0.1,0.9,0.0,default,100,9.7,4,1,1,0,0,,
trap_penalty_q_learning_5_q_learning_123_e176afe3,trap_penalty_q_learning_5,q_learning,eval,5,123,risk,5,5,0.1,0.9,0.0,default,100,9.7,4,1,1,0,0,,
trap_penalty_q_learning_5_q_learning_123_e176afe3,trap_penalty_q_learning_5,q_learning,eval,6,123,risk,5,5,0.1,0.9,0.0,default,100,9.7,4,1,1,0,0,,
trap_penalty_q_learning_5_q_learning_123_e176afe3,trap_penalty_q_learning_5,q_learning,eval,7,123,risk,5,5,0.1,0.9,0.0,default,100,9.7,4,1,1,0,0,,
trap_penalty_q_learning_5_q_learning_123_e176afe3,trap_penalty_q_learning_5,q_learning,eval,8,123,risk,5,5,0.1,0.9,0.0,default,100,9.7,4,1,1,0,0,,
trap_penalty_q_learning_5_q_learning_123_e176afe3,trap_penalty_q_learning_5,q_learning,eval,9,123,risk,5,5,0.1,0.9,0.0,default,100,9.7,4,1,1,0,0,,
trap_penalty_q_learning_5_q_learning_123_e176afe3,trap_penalty_q_learning_5,q_learning,eval,10,123,risk,5,5,0.1,0.9,0.0,default,100,9.7,4,1,1,0,0,,
trap_penalty_q_learning_5_q_learning_123_e176afe3,trap_penalty_q_learning_5,q_learning,eval,1,123,risk,5,5,0.1,0.9,0.0,default,100,9.7,4,1,1,0,0,,
trap_penalty_q_learning_5_q_learning_123_e176afe3,trap_penalty_q_learning_5,q_learning,eval,2,123,risk,5,5,0.1,0.9,0.0,default,100,9.7,4,1,1,0,0,,
trap_penalty_q_learning_5_q_learning_123_e176afe3,trap_penalty_q_learning_5,q_learning,eval,3,123,risk,5,5,0.1,0.9,0.0,default,100,9.7,4,1,1,0,0,,
trap_penalty_q_learning_5_q_learning_123_e176afe3,trap_penalty_q_learning_5,q_learning,eval,4,123,risk,5,5,0.1,0.9,0.0,default,100,9.7,4,1,1,0,0,,
trap_penalty_q_learning_5_q_learning_123_e176afe3,trap_penalty_q_learning_5,q_learning,eval,5,123,risk,5,5,0.1,0.9,0.0,default,100,9.7,4,1,1,0,0,,
trap_penalty_q_learning_5_q_learning_123_e176afe3,trap_penalty_q_learning_5,q_learning,eval,6,123,risk,5,5,0.1,0.9,0.0,default,100,9.7,4,1,1,0,0,,
trap_penalty_q_learning_5_q_learning_123_e176afe3,trap_penalty_q_learning_5,q_learning,eval,7,123,risk,5,5,0.1,0.9,0.0,default,100,9.7,4,1,1,0,0,,
trap_penalty_q_learning_5_q_learning_123_e176afe3,trap_penalty_q_learning_5,q_learning,eval,8,123,risk,5,5,0.1,0.9,0.0,default,100,9.7,4,1,1,0,0,,
trap_penalty_q_learning_5_q_learning_123_e176afe3,trap_penalty_q_learning_5,q_learning,eval,9,123,risk,5,5,0.1,0.9,0.0,default,100,9.7,4,1,1,0,0,,
trap_penalty_q_learning_5_q_learning_123_e176afe3,trap_penalty_q_learning_5,q_learning,eval,10,123,risk,5,5,0.1,0.9,0.0,default,100,9.7,4,1,1,0,0,,
trap_penalty_q_learning_5_q_learning_123_e176afe3,trap_penalty_q_learning_5,q_learning,eval,1,123,risk,5,5,0.1,0.9,0.0,default,100,9.7,4,1,1,0,0,,
trap_penalty_q_learning_5_q_learning_123_e176afe3,trap_penalty_q_learning_5,q_learning,eval,2,123,risk,5,5,0.1,0.9,0.0,default,100,9.7,4,1,1,0,0,,
trap_penalty_q_learning_5_q_learning_123_e176afe3,trap_penalty_q_learning_5,q_learning,eval,3,123,risk,5,5,0.1,0.9,0.0,default,100,9.7,4,1,1,0,0,,
trap_penalty_q_learning_5_q_learning_123_e176afe3,trap_penalty_q_learning_5,q_learning,eval,4,123,risk,5,5,0.1,0.9,0.0,default,100,9.7,4,1,1,0,0,,
trap_penalty_q_learning_5_q_learning_123_e176afe3,trap_penalty_q_learning_5,q_learning,eval,5,123,risk,5,5,0.1,0.9,0.0,default,100,9.7,4,1,1,0,0,,
trap_penalty_q_learning_5_q_learning_123_e176afe3,trap_penalty_q_learning_5,q_learning,eval,6,123,risk,5,5,0.1,0.9,0.0,default,100,9.7,4,1,1,0,0,,
trap_penalty_q_learning_5_q_learning_123_e176afe3,trap_penalty_q_learning_5,q_learning,eval,7,123,risk,5,5,0.1,0.9,0.0,default,100,9.7,4,1,1,0,0,,
trap_penalty_q_learning_5_q_learning_123_e176afe3,trap_penalty_q_learning_5,q_learning,eval,8,123,risk,5,5,0.1,0.9,0.0,default,100,9.7,4,1,1,0,0,,
trap_penalty_q_learning_5_q_learning_123_e176afe3,trap_penalty_q_learning_5,q_learning,eval,9,123,risk,5,5,0.1,0.9,0.0,default,100,9.7,4,1,1,0,0,,
trap_penalty_q_learning_5_q_learning_123_e176afe3,trap_penalty_q_learning_5,q_learning,eval,10,123,risk,5,5,0.1,0.9,0.0,default,100,9.7,4,1,1,0,0,,
trap_penalty_q_learning_5_q_learning_123_e176afe3,trap_penalty_q_learning_5,q_learning,eval,1,123,risk,5,5,0.1,0.9,0.0,default,100,9.7,4,1,1,0,0,,
trap_penalty_q_learning_5_q_learning_123_e176afe3,trap_penalty_q_learning_5,q_learning,eval,2,123,risk,5,5,0.1,0.9,0.0,default,100,9.7,4,1,1,0,0,,
trap_penalty_q_learning_5_q_learning_123_e176afe3,trap_penalty_q_learning_5,q_learning,eval,3,123,risk,5,5,0.1,0.9,0.0,default,100,9.7,4,1,1,0,0,,
trap_penalty_q_learning_5_q_learning_123_e176afe3,trap_penalty_q_learning_5,q_learning,eval,4,123,risk,5,5,0.1,0.9,0.0,default,100,9.7,4,1,1,0,0,,
trap_penalty_q_learning_5_q_learning_123_e176afe3,trap_penalty_q_learning_5,q_learning,eval,5,123,risk,5,5,0.1,0.9,0.0,default,100,9.7,4,1,1,0,0,,
trap_penalty_q_learning_5_q_learning_123_e176afe3,trap_penalty_q_learning_5,q_learning,eval,6,123,risk,5,5,0.1,0.9,0.0,default,100,9.7,4,1,1,0,0,,
trap_penalty_q_learning_5_q_learning_123_e176afe3,trap_penalty_q_learning_5,q_learning,eval,7,123,risk,5,5,0.1,0.9,0.0,default,100,9.7,4,1,1,0,0,,
trap_penalty_q_learning_5_q_learning_123_e176afe3,trap_penalty_q_learning_5,q_learning,eval,8,123,risk,5,5,0.1,0.9,0.0,default,100,9.7,4,1,1,0,0,,
trap_penalty_q_learning_5_q_learning_123_e176afe3,trap_penalty_q_learning_5,q_learning,eval,9,123,risk,5,5,0.1,0.9,0.0,default,100,9.7,4,1,1,0,0,,
trap_penalty_q_learning_5_q_learning_123_e176afe3,trap_penalty_q_learning_5,q_learning,eval,10,123,risk,5,5,0.1,0.9,0.0,default,100,9.7,4,1,1,0,0,,
