run_id,exp_name,phase,episode,seed,map_name,rows,cols,alpha,gamma,epsilon,reward_setting,max_steps,total_reward,steps,success,terminated,truncated,hit_trap,elapsed_sec,qtable_path
eps_fast_1024_a0b341e5,eps_fast,train,1,1024,easy,5,5,0.1,0.95,0.95,default,100,-19.0,10,0,1,0,1,0.0012368000025162473,
eps_fast_1024_a0b341e5,eps_fast,train,2,1024,easy,5,5,0.1,0.95,0.9025,default,100,-11.0,22,1,1,0,0,0.0017173999949591234,
eps_fast_1024_a0b341e5,eps_fast,train,3,1024,easy,5,5,0.1,0.95,0.8573749999999999,default,100,-20.0,11,0,1,0,1,0.0011717000015778467,
eps_fast_1024_a0b341e5,eps_fast,train,4,1024,easy,5,5,0.1,0.95,0.8145062499999999,default,100,-41.0,52,1,1,0,0,0.0042864999995799735,
eps_fast_1024_a0b341e5,eps_fast,train,5,1024,easy,5,5,0.1,0.95,0.7737809374999999,default,100,-89.0,80,0,1,0,1,0.0063815000030444935,
eps_fast_1024_a0b341e5,eps_fast,train,6,1024,easy,5,5,0.1,0.95,0.7350918906249998,default,100,-42.0,33,0,1,0,1,0.003029300001799129,
eps_fast_1024_a0b341e5,eps_fast,train,7,1024,easy,5,5,0.1,0.95,0.6983372960937497,default,100,-54.0,45,0,1,0,1,0.003814700001385063,
eps_fast_1024_a0b341e5,eps_fast,train,8,1024,easy,5,5,0.1,0.95,0.6634204312890623,default,100,-62.0,73,1,1,0,0,0.006027399998856708,
eps_fast_1024_a0b341e5,eps_fast,train,9,1024,easy,5,5,0.1,0.95,0.6302494097246091,default,100,-44.0,35,0,1,0,1,0.003337500005727634,
eps_fast_1024_a0b341e5,eps_fast,train,10,1024,easy,5,5,0.1,0.95,0.5987369392383786,default,100,-6.0,17,1,1,0,0,0.0014825000107521191,
eps_fast_1024_a0b341e5,eps_fast,train,11,1024,easy,5,5,0.1,0.95,0.5688000922764596,default,100,-100.0,100,0,0,1,0,0.008629200005088933,
eps_fast_1024_a0b341e5,eps_fast,train,12,1024,easy,5,5,0.1,0.95,0.5403600876626365,default,100,-57.0,68,1,1,0,0,0.006378999998560175,
eps_fast_1024_a0b341e5,eps_fast,train,13,1024,easy,5,5,0.1,0.95,0.5133420832795047,default,100,-10.0,21,1,1,0,0,0.002069800000754185,
eps_fast_1024_a0b341e5,eps_fast,train,14,1024,easy,5,5,0.1,0.95,0.48767497911552943,default,100,-37.0,28,0,1,0,1,0.0027279000059934333,
eps_fast_1024_a0b341e5,eps_fast,train,15,1024,easy,5,5,0.1,0.95,0.46329123015975293,default,100,-25.0,16,0,1,0,1,0.0014550999912898988,
eps_fast_1024_a0b341e5,eps_fast,train,16,1024,easy,5,5,0.1,0.95,0.44012666865176525,default,100,-32.0,43,1,1,0,0,0.004411700007040054,
eps_fast_1024_a0b341e5,eps_fast,train,17,1024,easy,5,5,0.1,0.95,0.41812033521917696,default,100,-21.0,32,1,1,0,0,0.0034081000048900023,
eps_fast_1024_a0b341e5,eps_fast,train,18,1024,easy,5,5,0.1,0.95,0.3972143184582181,default,100,-47.0,38,0,1,0,1,0.003937400004360825,
eps_fast_1024_a0b341e5,eps_fast,train,19,1024,easy,5,5,0.1,0.95,0.37735360253530714,default,100,-32.0,23,0,1,0,1,0.002209400001447648,
eps_fast_1024_a0b341e5,eps_fast,train,20,1024,easy,5,5,0.1,0.95,0.35848592240854177,default,100,0.0,11,1,1,0,0,0.0013181999966036528,
eps_fast_1024_a0b341e5,eps_fast,train,21,1024,easy,5,5,0.1,0.95,0.34056162628811465,default,100,-50.0,41,0,1,0,1,0.0042347999988123775,
eps_fast_1024_a0b341e5,eps_fast,train,22,1024,easy,5,5,0.1,0.95,0.3235335449737089,default,100,-10.0,21,1,1,0,0,0.002370900008827448,
eps_fast_1024_a0b341e5,eps_fast,train,23,1024,easy,5,5,0.1,0.95,0.30735686772502346,default,100,-10.0,21,1,1,0,0,0.0024145000061253086,
eps_fast_1024_a0b341e5,eps_fast,train,24,1024,easy,5,5,0.1,0.95,0.2919890243387723,default,100,-16.0,27,1,1,0,0,0.0027292000013403594,
eps_fast_1024_a0b341e5,eps_fast,train,25,1024,easy,5,5,0.1,0.95,0.27738957312183365,default,100,0.0,11,1,1,0,0,0.0013550000003306195,
eps_fast_1024_a0b341e5,eps_fast,train,26,1024,easy,5,5,0.1,0.95,0.263520094465742,default,100,-3.0,14,1,1,0,0,0.0015967000072123483,
eps_fast_1024_a0b341e5,eps_fast,train,27,1024,easy,5,5,0.1,0.95,0.25034408974245487,default,100,-52.0,43,0,1,0,1,0.004786300007253885,
eps_fast_1024_a0b341e5,eps_fast,train,28,1024,easy,5,5,0.1,0.95,0.2378268852553321,default,100,-3.0,14,1,1,0,0,0.0017300000035902485,
eps_fast_1024_a0b341e5,eps_fast,train,29,1024,easy,5,5,0.1,0.95,0.2259355409925655,default,100,-22.0,33,1,1,0,0,0.0038209999911487103,
eps_fast_1024_a0b341e5,eps_fast,train,30,1024,easy,5,5,0.1,0.95,0.2146387639429372,default,100,-23.0,34,1,1,0,0,0.003953200008254498,
eps_fast_1024_a0b341e5,eps_fast,train,31,1024,easy,5,5,0.1,0.95,0.20390682574579033,default,100,-17.0,28,1,1,0,0,0.0031223999976646155,
eps_fast_1024_a0b341e5,eps_fast,train,32,1024,easy,5,5,0.1,0.95,0.1937114844585008,default,100,-6.0,17,1,1,0,0,0.002111699999659322,
eps_fast_1024_a0b341e5,eps_fast,train,33,1024,easy,5,5,0.1,0.95,0.18402591023557577,default,100,-24.0,35,1,1,0,0,0.00382769999851007,
eps_fast_1024_a0b341e5,eps_fast,train,34,1024,easy,5,5,0.1,0.95,0.17482461472379698,default,100,-5.0,16,1,1,0,0,0.0018095999985234812,
eps_fast_1024_a0b341e5,eps_fast,train,35,1024,easy,5,5,0.1,0.95,0.16608338398760714,default,100,-4.0,15,1,1,0,0,0.0018746999994618818,
eps_fast_1024_a0b341e5,eps_fast,train,36,1024,easy,5,5,0.1,0.95,0.15777921478822676,default,100,-4.0,15,1,1,0,0,0.0017624000029172748,
eps_fast_1024_a0b341e5,eps_fast,train,37,1024,easy,5,5,0.1,0.95,0.14989025404881542,default,100,-1.0,12,1,1,0,0,0.0014570999919669703,
eps_fast_1024_a0b341e5,eps_fast,train,38,1024,easy,5,5,0.1,0.95,0.14239574134637464,default,100,-4.0,15,1,1,0,0,0.0017917000077432021,
eps_fast_1024_a0b341e5,eps_fast,train,39,1024,easy,5,5,0.1,0.95,0.1352759542790559,default,100,-22.0,33,1,1,0,0,0.003807999994023703,
eps_fast_1024_a0b341e5,eps_fast,train,40,1024,easy,5,5,0.1,0.95,0.1285121565651031,default,100,-1.0,12,1,1,0,0,0.0014226000057533383,
eps_fast_1024_a0b341e5,eps_fast,train,41,1024,easy,5,5,0.1,0.95,0.12208654873684793,default,100,2.0,9,1,1,0,0,0.0012061000015819445,
eps_fast_1024_a0b341e5,eps_fast,train,42,1024,easy,5,5,0.1,0.95,0.11598222130000553,default,100,1.0,10,1,1,0,0,0.0012881999864475802,
eps_fast_1024_a0b341e5,eps_fast,train,43,1024,easy,5,5,0.1,0.95,0.11018311023500525,default,100,-21.0,12,0,1,0,1,0.0015091999957803637,
eps_fast_1024_a0b341e5,eps_fast,train,44,1024,easy,5,5,0.1,0.95,0.10467395472325498,default,100,-1.0,12,1,1,0,0,0.0014389999996637926,
eps_fast_1024_a0b341e5,eps_fast,train,45,1024,easy,5,5,0.1,0.95,0.09944025698709223,default,100,-11.0,22,1,1,0,0,0.002711799999815412,
eps_fast_1024_a0b341e5,eps_fast,train,46,1024,easy,5,5,0.1,0.95,0.09446824413773762,default,100,-6.0,17,1,1,0,0,0.0020253999973647296,
eps_fast_1024_a0b341e5,eps_fast,train,47,1024,easy,5,5,0.1,0.95,0.08974483193085074,default,100,-1.0,12,1,1,0,0,0.0015119000017875805,
eps_fast_1024_a0b341e5,eps_fast,train,48,1024,easy,5,5,0.1,0.95,0.0852575903343082,default,100,3.0,8,1,1,0,0,0.0010184999991906807,
eps_fast_1024_a0b341e5,eps_fast,train,49,1024,easy,5,5,0.1,0.95,0.08099471081759278,default,100,-1.0,12,1,1,0,0,0.001542199999676086,
eps_fast_1024_a0b341e5,eps_fast,train,50,1024,easy,5,5,0.1,0.95,0.07694497527671314,default,100,-6.0,17,1,1,0,0,0.0019508999976096675,
eps_fast_1024_a0b341e5,eps_fast,train,51,1024,easy,5,5,0.1,0.95,0.07309772651287748,default,100,-6.0,17,1,1,0,0,0.001944899995578453,
eps_fast_1024_a0b341e5,eps_fast,train,52,1024,easy,5,5,0.1,0.95,0.0694428401872336,default,100,3.0,8,1,1,0,0,0.0010117000056197867,
eps_fast_1024_a0b341e5,eps_fast,train,53,1024,easy,5,5,0.1,0.95,0.0659706981778719,default,100,-7.0,18,1,1,0,0,0.0021283999958541244,
eps_fast_1024_a0b341e5,eps_fast,train,54,1024,easy,5,5,0.1,0.95,0.0626721632689783,default,100,1.0,10,1,1,0,0,0.0012910999939776957,
eps_fast_1024_a0b341e5,eps_fast,train,55,1024,easy,5,5,0.1,0.95,0.059538555105529384,default,100,1.0,10,1,1,0,0,0.0013261999993119389,
eps_fast_1024_a0b341e5,eps_fast,train,56,1024,easy,5,5,0.1,0.95,0.05656162735025291,default,100,1.0,10,1,1,0,0,0.001400699999067001,
eps_fast_1024_a0b341e5,eps_fast,train,57,1024,easy,5,5,0.1,0.95,0.053733545982740265,default,100,-7.0,18,1,1,0,0,0.0022320999996736646,
eps_fast_1024_a0b341e5,eps_fast,train,58,1024,easy,5,5,0.1,0.95,0.05104686868360325,default,100,3.0,8,1,1,0,0,0.0010803999903146178,
eps_fast_1024_a0b341e5,eps_fast,train,59,1024,easy,5,5,0.1,0.95,0.05,default,100,-3.0,14,1,1,0,0,0.0017271999968215823,
eps_fast_1024_a0b341e5,eps_fast,train,60,1024,easy,5,5,0.1,0.95,0.05,default,100,-2.0,13,1,1,0,0,0.0016638999950373545,
eps_fast_1024_a0b341e5,eps_fast,train,61,1024,easy,5,5,0.1,0.95,0.05,default,100,-2.0,13,1,1,0,0,0.0018864000012399629,
eps_fast_1024_a0b341e5,eps_fast,train,62,1024,easy,5,5,0.1,0.95,0.05,default,100,2.0,9,1,1,0,0,0.0012886000040452927,
eps_fast_1024_a0b341e5,eps_fast,train,63,1024,easy,5,5,0.1,0.95,0.05,default,100,-4.0,15,1,1,0,0,0.0018868000042857602,
eps_fast_1024_a0b341e5,eps_fast,train,64,1024,easy,5,5,0.1,0.95,0.05,default,100,-5.0,16,1,1,0,0,0.0019094000017503276,
eps_fast_1024_a0b341e5,eps_fast,train,65,1024,easy,5,5,0.1,0.95,0.05,default,100,3.0,8,1,1,0,0,0.0010753999958978966,
eps_fast_1024_a0b341e5,eps_fast,train,66,1024,easy,5,5,0.1,0.95,0.05,default,100,1.0,10,1,1,0,0,0.0012747999862767756,
eps_fast_1024_a0b341e5,eps_fast,train,67,1024,easy,5,5,0.1,0.95,0.05,default,100,3.0,8,1,1,0,0,0.0010744000028353184,
eps_fast_1024_a0b341e5,eps_fast,train,68,1024,easy,5,5,0.1,0.95,0.05,default,100,3.0,8,1,1,0,0,0.0010561999952187762,
eps_fast_1024_a0b341e5,eps_fast,train,69,1024,easy,5,5,0.1,0.95,0.05,default,100,2.0,9,1,1,0,0,0.0012050999939674512,
eps_fast_1024_a0b341e5,eps_fast,train,70,1024,easy,5,5,0.1,0.95,0.05,default,100,2.0,9,1,1,0,0,0.001177600002847612,
eps_fast_1024_a0b341e5,eps_fast,train,71,1024,easy,5,5,0.1,0.95,0.05,default,100,1.0,10,1,1,0,0,0.001269699991098605,
eps_fast_1024_a0b341e5,eps_fast,train,72,1024,easy,5,5,0.1,0.95,0.05,default,100,0.0,11,1,1,0,0,0.0014011000021127984,
eps_fast_1024_a0b341e5,eps_fast,train,73,1024,easy,5,5,0.1,0.95,0.05,default,100,3.0,8,1,1,0,0,0.0010557000059634447,
eps_fast_1024_a0b341e5,eps_fast,train,74,1024,easy,5,5,0.1,0.95,0.05,default,100,3.0,8,1,1,0,0,0.0010810999956447631,
eps_fast_1024_a0b341e5,eps_fast,train,75,1024,easy,5,5,0.1,0.95,0.05,default,100,-1.0,12,1,1,0,0,0.0015316000062739477,
eps_fast_1024_a0b341e5,eps_fast,train,76,1024,easy,5,5,0.1,0.95,0.05,default,100,2.0,9,1,1,0,0,0.001116799990995787,
eps_fast_1024_a0b341e5,eps_fast,train,77,1024,easy,5,5,0.1,0.95,0.05,default,100,2.0,9,1,1,0,0,0.001184699998702854,
eps_fast_1024_a0b341e5,eps_fast,train,78,1024,easy,5,5,0.1,0.95,0.05,default,100,2.0,9,1,1,0,0,0.0011975999950664118,
eps_fast_1024_a0b341e5,eps_fast,train,79,1024,easy,5,5,0.1,0.95,0.05,default,100,1.0,10,1,1,0,0,0.001222899998538196,
eps_fast_1024_a0b341e5,eps_fast,train,80,1024,easy,5,5,0.1,0.95,0.05,default,100,3.0,8,1,1,0,0,0.0010607000003801659,
eps_fast_1024_a0b341e5,eps_fast,train,81,1024,easy,5,5,0.1,0.95,0.05,default,100,3.0,8,1,1,0,0,0.0010934000019915402,
eps_fast_1024_a0b341e5,eps_fast,train,82,1024,easy,5,5,0.1,0.95,0.05,default,100,3.0,8,1,1,0,0,0.0010752999951364473,
eps_fast_1024_a0b341e5,eps_fast,train,83,1024,easy,5,5,0.1,0.95,0.05,default,100,0.0,11,1,1,0,0,0.0013281999999890104,
eps_fast_1024_a0b341e5,eps_fast,train,84,1024,easy,5,5,0.1,0.95,0.05,default,100,3.0,8,1,1,0,0,0.0010641999979270622,
eps_fast_1024_a0b341e5,eps_fast,train,85,1024,easy,5,5,0.1,0.95,0.05,default,100,3.0,8,1,1,0,0,0.0010623999987728894,
eps_fast_1024_a0b341e5,eps_fast,train,86,1024,easy,5,5,0.1,0.95,0.05,default,100,2.0,9,1,1,0,0,0.0011582000006455928,
eps_fast_1024_a0b341e5,eps_fast,train,87,1024,easy,5,5,0.1,0.95,0.05,default,100,2.0,9,1,1,0,0,0.0011882999970111996,
eps_fast_1024_a0b341e5,eps_fast,train,88,1024,easy,5,5,0.1,0.95,0.05,default,100,3.0,8,1,1,0,0,0.0010577999928500503,
eps_fast_1024_a0b341e5,eps_fast,train,89,1024,easy,5,5,0.1,0.95,0.05,default,100,3.0,8,1,1,0,0,0.0010611999896354973,
eps_fast_1024_a0b341e5,eps_fast,train,90,1024,easy,5,5,0.1,0.95,0.05,default,100,3.0,8,1,1,0,0,0.0009611999994376674,
eps_fast_1024_a0b341e5,eps_fast,train,91,1024,easy,5,5,0.1,0.95,0.05,default,100,3.0,8,1,1,0,0,0.0010587999859126285,
eps_fast_1024_a0b341e5,eps_fast,train,92,1024,easy,5,5,0.1,0.95,0.05,default,100,3.0,8,1,1,0,0,0.0010637999948812649,
eps_fast_1024_a0b341e5,eps_fast,train,93,1024,easy,5,5,0.1,0.95,0.05,default,100,-2.0,13,1,1,0,0,0.0015065999905345961,
eps_fast_1024_a0b341e5,eps_fast,train,94,1024,easy,5,5,0.1,0.95,0.05,default,100,3.0,8,1,1,0,0,0.001088100005290471,
eps_fast_1024_a0b341e5,eps_fast,train,95,1024,easy,5,5,0.1,0.95,0.05,default,100,3.0,8,1,1,0,0,0.0010581999958958477,
eps_fast_1024_a0b341e5,eps_fast,train,96,1024,easy,5,5,0.1,0.95,0.05,default,100,3.0,8,1,1,0,0,0.0010825000063050538,
eps_fast_1024_a0b341e5,eps_fast,train,97,1024,easy,5,5,0.1,0.95,0.05,default,100,3.0,8,1,1,0,0,0.001075799998943694,
eps_fast_1024_a0b341e5,eps_fast,train,98,1024,easy,5,5,0.1,0.95,0.05,default,100,1.0,10,1,1,0,0,0.0012202000070828944,
eps_fast_1024_a0b341e5,eps_fast,train,99,1024,easy,5,5,0.1,0.95,0.05,default,100,3.0,8,1,1,0,0,0.0010891999991144985,
eps_fast_1024_a0b341e5,eps_fast,train,100,1024,easy,5,5,0.1,0.95,0.05,default,100,3.0,8,1,1,0,0,0.001076799992006272,
eps_fast_1024_a0b341e5,eps_fast,train,101,1024,easy,5,5,0.1,0.95,0.05,default,100,3.0,8,1,1,0,0,0.0010928999981842935,
eps_fast_1024_a0b341e5,eps_fast,train,102,1024,easy,5,5,0.1,0.95,0.05,default,100,1.0,10,1,1,0,0,0.001248400003532879,
eps_fast_1024_a0b341e5,eps_fast,train,103,1024,easy,5,5,0.1,0.95,0.05,default,100,2.0,9,1,1,0,0,0.0011553999938769266,
eps_fast_1024_a0b341e5,eps_fast,train,104,1024,easy,5,5,0.1,0.95,0.05,default,100,1.0,10,1,1,0,0,0.0011983000003965572,
eps_fast_1024_a0b341e5,eps_fast,train,105,1024,easy,5,5,0.1,0.95,0.05,default,100,3.0,8,1,1,0,0,0.0010879999899771065,
eps_fast_1024_a0b341e5,eps_fast,train,106,1024,easy,5,5,0.1,0.95,0.05,default,100,3.0,8,1,1,0,0,0.001058900001225993,
eps_fast_1024_a0b341e5,eps_fast,train,107,1024,easy,5,5,0.1,0.95,0.05,default,100,3.0,8,1,1,0,0,0.0011037999938707799,
eps_fast_1024_a0b341e5,eps_fast,train,108,1024,easy,5,5,0.1,0.95,0.05,default,100,3.0,8,1,1,0,0,0.00105489999987185,
eps_fast_1024_a0b341e5,eps_fast,train,109,1024,easy,5,5,0.1,0.95,0.05,default,100,3.0,8,1,1,0,0,0.0011033000046154484,
eps_fast_1024_a0b341e5,eps_fast,train,110,1024,easy,5,5,0.1,0.95,0.05,default,100,2.0,9,1,1,0,0,0.0011421999952290207,
eps_fast_1024_a0b341e5,eps_fast,train,111,1024,easy,5,5,0.1,0.95,0.05,default,100,2.0,9,1,1,0,0,0.0011221000022487715,
eps_fast_1024_a0b341e5,eps_fast,train,112,1024,easy,5,5,0.1,0.95,0.05,default,100,3.0,8,1,1,0,0,0.001122599991504103,
eps_fast_1024_a0b341e5,eps_fast,train,113,1024,easy,5,5,0.1,0.95,0.05,default,100,3.0,8,1,1,0,0,0.0010522999946260825,
eps_fast_1024_a0b341e5,eps_fast,train,114,1024,easy,5,5,0.1,0.95,0.05,default,100,3.0,8,1,1,0,0,0.0010735999967437238,
eps_fast_1024_a0b341e5,eps_fast,train,115,1024,easy,5,5,0.1,0.95,0.05,default,100,3.0,8,1,1,0,0,0.0011042000114684924,
eps_fast_1024_a0b341e5,eps_fast,train,116,1024,easy,5,5,0.1,0.95,0.05,default,100,2.0,9,1,1,0,0,0.0011544999870238826,
eps_fast_1024_a0b341e5,eps_fast,train,117,1024,easy,5,5,0.1,0.95,0.05,default,100,3.0,8,1,1,0,0,0.0010792000102810562,
eps_fast_1024_a0b341e5,eps_fast,train,118,1024,easy,5,5,0.1,0.95,0.05,default,100,3.0,8,1,1,0,0,0.0010244000004604459,
eps_fast_1024_a0b341e5,eps_fast,train,119,1024,easy,5,5,0.1,0.95,0.05,default,100,2.0,9,1,1,0,0,0.001131500001065433,
eps_fast_1024_a0b341e5,eps_fast,train,120,1024,easy,5,5,0.1,0.95,0.05,default,100,3.0,8,1,1,0,0,0.0010131000017281622,
eps_fast_1024_a0b341e5,eps_fast,train,121,1024,easy,5,5,0.1,0.95,0.05,default,100,3.0,8,1,1,0,0,0.0010981999948853627,
eps_fast_1024_a0b341e5,eps_fast,train,122,1024,easy,5,5,0.1,0.95,0.05,default,100,1.0,10,1,1,0,0,0.0012559000024339184,
eps_fast_1024_a0b341e5,eps_fast,train,123,1024,easy,5,5,0.1,0.95,0.05,default,100,3.0,8,1,1,0,0,0.0010839000024134293,
eps_fast_1024_a0b341e5,eps_fast,train,124,1024,easy,5,5,0.1,0.95,0.05,default,100,3.0,8,1,1,0,0,0.0010544999968260527,
eps_fast_1024_a0b341e5,eps_fast,train,125,1024,easy,5,5,0.1,0.95,0.05,default,100,3.0,8,1,1,0,0,0.0010934000019915402,
eps_fast_1024_a0b341e5,eps_fast,train,126,1024,easy,5,5,0.1,0.95,0.05,default,100,2.0,9,1,1,0,0,0.0011546000023372471,
eps_fast_1024_a0b341e5,eps_fast,train,127,1024,easy,5,5,0.1,0.95,0.05,default,100,3.0,8,1,1,0,0,0.001119499997003004,
eps_fast_1024_a0b341e5,eps_fast,train,128,1024,easy,5,5,0.1,0.95,0.05,default,100,3.0,8,1,1,0,0,0.001061399991158396,
eps_fast_1024_a0b341e5,eps_fast,train,129,1024,easy,5,5,0.1,0.95,0.05,default,100,3.0,8,1,1,0,0,0.0010723000013967976,
eps_fast_1024_a0b341e5,eps_fast,train,130,1024,easy,5,5,0.1,0.95,0.05,default,100,-1.0,12,1,1,0,0,0.0014378000050783157,
eps_fast_1024_a0b341e5,eps_fast,train,131,1024,easy,5,5,0.1,0.95,0.05,default,100,3.0,8,1,1,0,0,0.0010488999978406355,
eps_fast_1024_a0b341e5,eps_fast,train,132,1024,easy,5,5,0.1,0.95,0.05,default,100,3.0,8,1,1,0,0,0.0010609000019030645,
eps_fast_1024_a0b341e5,eps_fast,train,133,1024,easy,5,5,0.1,0.95,0.05,default,100,1.0,10,1,1,0,0,0.0012348000018391758,
eps_fast_1024_a0b341e5,eps_fast,train,134,1024,easy,5,5,0.1,0.95,0.05,default,100,3.0,8,1,1,0,0,0.0010191000037593767,
eps_fast_1024_a0b341e5,eps_fast,train,135,1024,easy,5,5,0.1,0.95,0.05,default,100,3.0,8,1,1,0,0,0.0010498000046936795,
eps_fast_1024_a0b341e5,eps_fast,train,136,1024,easy,5,5,0.1,0.95,0.05,default,100,3.0,8,1,1,0,0,0.0010671000054571778,
eps_fast_1024_a0b341e5,eps_fast,train,137,1024,easy,5,5,0.1,0.95,0.05,default,100,3.0,8,1,1,0,0,0.0010120999941136688,
eps_fast_1024_a0b341e5,eps_fast,train,138,1024,easy,5,5,0.1,0.95,0.05,default,100,3.0,8,1,1,0,0,0.0010257999965688214,
eps_fast_1024_a0b341e5,eps_fast,train,139,1024,easy,5,5,0.1,0.95,0.05,default,100,3.0,8,1,1,0,0,0.0010664000001270324,
eps_fast_1024_a0b341e5,eps_fast,train,140,1024,easy,5,5,0.1,0.95,0.05,default,100,-1.0,12,1,1,0,0,0.0013853999989805743,
eps_fast_1024_a0b341e5,eps_fast,train,141,1024,easy,5,5,0.1,0.95,0.05,default,100,3.0,8,1,1,0,0,0.001117399995564483,
eps_fast_1024_a0b341e5,eps_fast,train,142,1024,easy,5,5,0.1,0.95,0.05,default,100,3.0,8,1,1,0,0,0.0010614999919198453,
eps_fast_1024_a0b341e5,eps_fast,train,143,1024,easy,5,5,0.1,0.95,0.05,default,100,3.0,8,1,1,0,0,0.0010879000037675723,
eps_fast_1024_a0b341e5,eps_fast,train,144,1024,easy,5,5,0.1,0.95,0.05,default,100,1.0,10,1,1,0,0,0.0012547999940579757,
eps_fast_1024_a0b341e5,eps_fast,train,145,1024,easy,5,5,0.1,0.95,0.05,default,100,1.0,10,1,1,0,0,0.0012925000046379864,
eps_fast_1024_a0b341e5,eps_fast,train,146,1024,easy,5,5,0.1,0.95,0.05,default,100,3.0,8,1,1,0,0,0.0010326999909011647,
eps_fast_1024_a0b341e5,eps_fast,train,147,1024,easy,5,5,0.1,0.95,0.05,default,100,3.0,8,1,1,0,0,0.0012362999987090006,
eps_fast_1024_a0b341e5,eps_fast,train,148,1024,easy,5,5,0.1,0.95,0.05,default,100,3.0,8,1,1,0,0,0.0010876000014832243,
eps_fast_1024_a0b341e5,eps_fast,train,149,1024,easy,5,5,0.1,0.95,0.05,default,100,3.0,8,1,1,0,0,0.0010670999909052625,
eps_fast_1024_a0b341e5,eps_fast,train,150,1024,easy,5,5,0.1,0.95,0.05,default,100,3.0,8,1,1,0,0,0.0010728000052040443,
eps_fast_1024_a0b341e5,eps_fast,train,151,1024,easy,5,5,0.1,0.95,0.05,default,100,3.0,8,1,1,0,0,0.0010526000114623457,
eps_fast_1024_a0b341e5,eps_fast,train,152,1024,easy,5,5,0.1,0.95,0.05,default,100,3.0,8,1,1,0,0,0.0010678999969968572,
eps_fast_1024_a0b341e5,eps_fast,train,153,1024,easy,5,5,0.1,0.95,0.05,default,100,3.0,8,1,1,0,0,0.001048700010869652,
eps_fast_1024_a0b341e5,eps_fast,train,154,1024,easy,5,5,0.1,0.95,0.05,default,100,3.0,8,1,1,0,0,0.001071499995305203,
eps_fast_1024_a0b341e5,eps_fast,train,155,1024,easy,5,5,0.1,0.95,0.05,default,100,3.0,8,1,1,0,0,0.0011008000001311302,
eps_fast_1024_a0b341e5,eps_fast,train,156,1024,easy,5,5,0.1,0.95,0.05,default,100,3.0,8,1,1,0,0,0.0010742000013124198,
eps_fast_1024_a0b341e5,eps_fast,train,157,1024,easy,5,5,0.1,0.95,0.05,default,100,3.0,8,1,1,0,0,0.001080100002582185,
eps_fast_1024_a0b341e5,eps_fast,train,158,1024,easy,5,5,0.1,0.95,0.05,default,100,3.0,8,1,1,0,0,0.0010499000054551288,
eps_fast_1024_a0b341e5,eps_fast,train,159,1024,easy,5,5,0.1,0.95,0.05,default,100,3.0,8,1,1,0,0,0.0010951000003842637,
eps_fast_1024_a0b341e5,eps_fast,train,160,1024,easy,5,5,0.1,0.95,0.05,default,100,3.0,8,1,1,0,0,0.0010547999991104007,
eps_fast_1024_a0b341e5,eps_fast,train,161,1024,easy,5,5,0.1,0.95,0.05,default,100,3.0,8,1,1,0,0,0.0011178999993717298,
eps_fast_1024_a0b341e5,eps_fast,train,162,1024,easy,5,5,0.1,0.95,0.05,default,100,-1.0,12,1,1,0,0,0.0014089999895077199,
eps_fast_1024_a0b341e5,eps_fast,train,163,1024,easy,5,5,0.1,0.95,0.05,default,100,3.0,8,1,1,0,0,0.0011168000055477023,
eps_fast_1024_a0b341e5,eps_fast,train,164,1024,easy,5,5,0.1,0.95,0.05,default,100,3.0,8,1,1,0,0,0.0010719999991124496,
eps_fast_1024_a0b341e5,eps_fast,train,165,1024,easy,5,5,0.1,0.95,0.05,default,100,3.0,8,1,1,0,0,0.0010483999940333888,
eps_fast_1024_a0b341e5,eps_fast,train,166,1024,easy,5,5,0.1,0.95,0.05,default,100,3.0,8,1,1,0,0,0.001067200006218627,
eps_fast_1024_a0b341e5,eps_fast,train,167,1024,easy,5,5,0.1,0.95,0.05,default,100,3.0,8,1,1,0,0,0.0012416999961715192,
eps_fast_1024_a0b341e5,eps_fast,train,168,1024,easy,5,5,0.1,0.95,0.05,default,100,3.0,8,1,1,0,0,0.0011271000112174079,
eps_fast_1024_a0b341e5,eps_fast,train,169,1024,easy,5,5,0.1,0.95,0.05,default,100,3.0,8,1,1,0,0,0.0011766000097850338,
eps_fast_1024_a0b341e5,eps_fast,train,170,1024,easy,5,5,0.1,0.95,0.05,default,100,2.0,9,1,1,0,0,0.0011055000068154186,
eps_fast_1024_a0b341e5,eps_fast,train,171,1024,easy,5,5,0.1,0.95,0.05,default,100,3.0,8,1,1,0,0,0.0010658999963197857,
eps_fast_1024_a0b341e5,eps_fast,train,172,1024,easy,5,5,0.1,0.95,0.05,default,100,3.0,8,1,1,0,0,0.0010049999982584268,
eps_fast_1024_a0b341e5,eps_fast,train,173,1024,easy,5,5,0.1,0.95,0.05,default,100,3.0,8,1,1,0,0,0.001065300006303005,
eps_fast_1024_a0b341e5,eps_fast,train,174,1024,easy,5,5,0.1,0.95,0.05,default,100,3.0,8,1,1,0,0,0.0010480999917490408,
eps_fast_1024_a0b341e5,eps_fast,train,175,1024,easy,5,5,0.1,0.95,0.05,default,100,3.0,8,1,1,0,0,0.0010593000042717904,
eps_fast_1024_a0b341e5,eps_fast,train,176,1024,easy,5,5,0.1,0.95,0.05,default,100,3.0,8,1,1,0,0,0.0010615000064717606,
eps_fast_1024_a0b341e5,eps_fast,train,177,1024,easy,5,5,0.1,0.95,0.05,default,100,3.0,8,1,1,0,0,0.001080499991076067,
eps_fast_1024_a0b341e5,eps_fast,train,178,1024,easy,5,5,0.1,0.95,0.05,default,100,3.0,8,1,1,0,0,0.0010483000078238547,
eps_fast_1024_a0b341e5,eps_fast,train,179,1024,easy,5,5,0.1,0.95,0.05,default,100,0.0,11,1,1,0,0,0.0013295999960973859,
eps_fast_1024_a0b341e5,eps_fast,train,180,1024,easy,5,5,0.1,0.95,0.05,default,100,2.0,9,1,1,0,0,0.0011337000032654032,
eps_fast_1024_a0b341e5,eps_fast,train,181,1024,easy,5,5,0.1,0.95,0.05,default,100,3.0,8,1,1,0,0,0.0011266999936196953,
eps_fast_1024_a0b341e5,eps_fast,train,182,1024,easy,5,5,0.1,0.95,0.05,default,100,3.0,8,1,1,0,0,0.001073999999789521,
eps_fast_1024_a0b341e5,eps_fast,train,183,1024,easy,5,5,0.1,0.95,0.05,default,100,3.0,8,1,1,0,0,0.0010491000139154494,
eps_fast_1024_a0b341e5,eps_fast,train,184,1024,easy,5,5,0.1,0.95,0.05,default,100,2.0,9,1,1,0,0,0.0011341000063112006,
eps_fast_1024_a0b341e5,eps_fast,train,185,1024,easy,5,5,0.1,0.95,0.05,default,100,3.0,8,1,1,0,0,0.0010636000079102814,
eps_fast_1024_a0b341e5,eps_fast,train,186,1024,easy,5,5,0.1,0.95,0.05,default,100,0.0,11,1,1,0,0,0.0013182999973651022,
eps_fast_1024_a0b341e5,eps_fast,train,187,1024,easy,5,5,0.1,0.95,0.05,default,100,3.0,8,1,1,0,0,0.0010484999947948381,
eps_fast_1024_a0b341e5,eps_fast,train,188,1024,easy,5,5,0.1,0.95,0.05,default,100,3.0,8,1,1,0,0,0.0010252999927615747,
eps_fast_1024_a0b341e5,eps_fast,train,189,1024,easy,5,5,0.1,0.95,0.05,default,100,3.0,8,1,1,0,0,0.0010525000107008964,
eps_fast_1024_a0b341e5,eps_fast,train,190,1024,easy,5,5,0.1,0.95,0.05,default,100,3.0,8,1,1,0,0,0.0010731000074883923,
eps_fast_1024_a0b341e5,eps_fast,train,191,1024,easy,5,5,0.1,0.95,0.05,default,100,3.0,8,1,1,0,0,0.0010451999987708405,
eps_fast_1024_a0b341e5,eps_fast,train,192,1024,easy,5,5,0.1,0.95,0.05,default,100,3.0,8,1,1,0,0,0.001065300006303005,
eps_fast_1024_a0b341e5,eps_fast,train,193,1024,easy,5,5,0.1,0.95,0.05,default,100,3.0,8,1,1,0,0,0.0010566999990260229,
eps_fast_1024_a0b341e5,eps_fast,train,194,1024,easy,5,5,0.1,0.95,0.05,default,100,3.0,8,1,1,0,0,0.0010520999931031838,
eps_fast_1024_a0b341e5,eps_fast,train,195,1024,easy,5,5,0.1,0.95,0.05,default,100,3.0,8,1,1,0,0,0.0010843000054592267,
eps_fast_1024_a0b341e5,eps_fast,train,196,1024,easy,5,5,0.1,0.95,0.05,default,100,3.0,8,1,1,0,0,0.001044400007231161,
eps_fast_1024_a0b341e5,eps_fast,train,197,1024,easy,5,5,0.1,0.95,0.05,default,100,3.0,8,1,1,0,0,0.0011297000019112602,
eps_fast_1024_a0b341e5,eps_fast,train,198,1024,easy,5,5,0.1,0.95,0.05,default,100,3.0,8,1,1,0,0,0.0010602999973343685,
eps_fast_1024_a0b341e5,eps_fast,train,199,1024,easy,5,5,0.1,0.95,0.05,default,100,3.0,8,1,1,0,0,0.0010634000063873827,
eps_fast_1024_a0b341e5,eps_fast,train,200,1024,easy,5,5,0.1,0.95,0.05,default,100,3.0,8,1,1,0,0,0.0010042999929282814,results\epsilon\fast\seed_1024\qtable_ep200.npz
eps_fast_1024_a0b341e5,eps_fast,train,201,1024,easy,5,5,0.1,0.95,0.05,default,100,1.0,10,1,1,0,0,0.0013115000037942082,
eps_fast_1024_a0b341e5,eps_fast,train,202,1024,easy,5,5,0.1,0.95,0.05,default,100,3.0,8,1,1,0,0,0.001107200005208142,
eps_fast_1024_a0b341e5,eps_fast,train,203,1024,easy,5,5,0.1,0.95,0.05,default,100,3.0,8,1,1,0,0,0.0010977999918395653,
eps_fast_1024_a0b341e5,eps_fast,train,204,1024,easy,5,5,0.1,0.95,0.05,default,100,3.0,8,1,1,0,0,0.0010880000045290217,
eps_fast_1024_a0b341e5,eps_fast,train,205,1024,easy,5,5,0.1,0.95,0.05,default,100,1.0,10,1,1,0,0,0.001208700006827712,
eps_fast_1024_a0b341e5,eps_fast,train,206,1024,easy,5,5,0.1,0.95,0.05,default,100,2.0,9,1,1,0,0,0.0011457999935373664,
eps_fast_1024_a0b341e5,eps_fast,train,207,1024,easy,5,5,0.1,0.95,0.05,default,100,3.0,8,1,1,0,0,0.0010725000029196963,
eps_fast_1024_a0b341e5,eps_fast,train,208,1024,easy,5,5,0.1,0.95,0.05,default,100,3.0,8,1,1,0,0,0.001101999994716607,
eps_fast_1024_a0b341e5,eps_fast,train,209,1024,easy,5,5,0.1,0.95,0.05,default,100,1.0,10,1,1,0,0,0.0012223999947309494,
eps_fast_1024_a0b341e5,eps_fast,train,210,1024,easy,5,5,0.1,0.95,0.05,default,100,3.0,8,1,1,0,0,0.0010639000101946294,
eps_fast_1024_a0b341e5,eps_fast,train,211,1024,easy,5,5,0.1,0.95,0.05,default,100,3.0,8,1,1,0,0,0.0010323999886168167,
eps_fast_1024_a0b341e5,eps_fast,train,212,1024,easy,5,5,0.1,0.95,0.05,default,100,3.0,8,1,1,0,0,0.00110599999607075,
eps_fast_1024_a0b341e5,eps_fast,train,213,1024,easy,5,5,0.1,0.95,0.05,default,100,3.0,8,1,1,0,0,0.0010531000007176772,
eps_fast_1024_a0b341e5,eps_fast,train,214,1024,easy,5,5,0.1,0.95,0.05,default,100,3.0,8,1,1,0,0,0.001078599991160445,
eps_fast_1024_a0b341e5,eps_fast,train,215,1024,easy,5,5,0.1,0.95,0.05,default,100,2.0,9,1,1,0,0,0.0011545000015757978,
eps_fast_1024_a0b341e5,eps_fast,train,216,1024,easy,5,5,0.1,0.95,0.05,default,100,1.0,10,1,1,0,0,0.001248100001248531,
eps_fast_1024_a0b341e5,eps_fast,train,217,1024,easy,5,5,0.1,0.95,0.05,default,100,3.0,8,1,1,0,0,0.0010959000064758584,
eps_fast_1024_a0b341e5,eps_fast,train,218,1024,easy,5,5,0.1,0.95,0.05,default,100,3.0,8,1,1,0,0,0.0009714000043459237,
eps_fast_1024_a0b341e5,eps_fast,train,219,1024,easy,5,5,0.1,0.95,0.05,default,100,3.0,8,1,1,0,0,0.0010743000020738691,
eps_fast_1024_a0b341e5,eps_fast,train,220,1024,easy,5,5,0.1,0.95,0.05,default,100,3.0,8,1,1,0,0,0.0010716000106185675,
eps_fast_1024_a0b341e5,eps_fast,train,221,1024,easy,5,5,0.1,0.95,0.05,default,100,3.0,8,1,1,0,0,0.001094899998861365,
eps_fast_1024_a0b341e5,eps_fast,train,222,1024,easy,5,5,0.1,0.95,0.05,default,100,3.0,8,1,1,0,0,0.0010887999960687011,
eps_fast_1024_a0b341e5,eps_fast,train,223,1024,easy,5,5,0.1,0.95,0.05,default,100,2.0,9,1,1,0,0,0.0011001999955624342,
eps_fast_1024_a0b341e5,eps_fast,train,224,1024,easy,5,5,0.1,0.95,0.05,default,100,3.0,8,1,1,0,0,0.001081000009435229,
eps_fast_1024_a0b341e5,eps_fast,train,225,1024,easy,5,5,0.1,0.95,0.05,default,100,3.0,8,1,1,0,0,0.0010628000018186867,
eps_fast_1024_a0b341e5,eps_fast,train,226,1024,easy,5,5,0.1,0.95,0.05,default,100,3.0,8,1,1,0,0,0.0010963999957311898,
eps_fast_1024_a0b341e5,eps_fast,train,227,1024,easy,5,5,0.1,0.95,0.05,default,100,3.0,8,1,1,0,0,0.001240400000824593,
eps_fast_1024_a0b341e5,eps_fast,train,228,1024,easy,5,5,0.1,0.95,0.05,default,100,3.0,8,1,1,0,0,0.0012312000035308301,
eps_fast_1024_a0b341e5,eps_fast,train,229,1024,easy,5,5,0.1,0.95,0.05,default,100,3.0,8,1,1,0,0,0.0011110000050393865,
eps_fast_1024_a0b341e5,eps_fast,train,230,1024,easy,5,5,0.1,0.95,0.05,default,100,3.0,8,1,1,0,0,0.0010675999947125092,
eps_fast_1024_a0b341e5,eps_fast,train,231,1024,easy,5,5,0.1,0.95,0.05,default,100,0.0,11,1,1,0,0,0.0013453999999910593,
eps_fast_1024_a0b341e5,eps_fast,train,232,1024,easy,5,5,0.1,0.95,0.05,default,100,1.0,10,1,1,0,0,0.0011911000037798658,
eps_fast_1024_a0b341e5,eps_fast,train,233,1024,easy,5,5,0.1,0.95,0.05,default,100,3.0,8,1,1,0,0,0.0010678999969968572,
eps_fast_1024_a0b341e5,eps_fast,train,234,1024,easy,5,5,0.1,0.95,0.05,default,100,3.0,8,1,1,0,0,0.0010498999909032136,
eps_fast_1024_a0b341e5,eps_fast,train,235,1024,easy,5,5,0.1,0.95,0.05,default,100,1.0,10,1,1,0,0,0.0012657000042963773,
eps_fast_1024_a0b341e5,eps_fast,train,236,1024,easy,5,5,0.1,0.95,0.05,default,100,3.0,8,1,1,0,0,0.001035799999954179,
eps_fast_1024_a0b341e5,eps_fast,train,237,1024,easy,5,5,0.1,0.95,0.05,default,100,3.0,8,1,1,0,0,0.0011044999992009252,
eps_fast_1024_a0b341e5,eps_fast,train,238,1024,easy,5,5,0.1,0.95,0.05,default,100,3.0,8,1,1,0,0,0.0011197000130778179,
eps_fast_1024_a0b341e5,eps_fast,train,239,1024,easy,5,5,0.1,0.95,0.05,default,100,2.0,9,1,1,0,0,0.0011396000045351684,
eps_fast_1024_a0b341e5,eps_fast,train,240,1024,easy,5,5,0.1,0.95,0.05,default,100,2.0,9,1,1,0,0,0.001143200002843514,
eps_fast_1024_a0b341e5,eps_fast,train,241,1024,easy,5,5,0.1,0.95,0.05,default,100,3.0,8,1,1,0,0,0.0011344999948050827,
eps_fast_1024_a0b341e5,eps_fast,train,242,1024,easy,5,5,0.1,0.95,0.05,default,100,1.0,10,1,1,0,0,0.0012678000057348981,
eps_fast_1024_a0b341e5,eps_fast,train,243,1024,easy,5,5,0.1,0.95,0.05,default,100,3.0,8,1,1,0,0,0.0010986999986926094,
eps_fast_1024_a0b341e5,eps_fast,train,244,1024,easy,5,5,0.1,0.95,0.05,default,100,3.0,8,1,1,0,0,0.0010741000005509704,
eps_fast_1024_a0b341e5,eps_fast,train,245,1024,easy,5,5,0.1,0.95,0.05,default,100,3.0,8,1,1,0,0,0.0010922999936155975,
eps_fast_1024_a0b341e5,eps_fast,train,246,1024,easy,5,5,0.1,0.95,0.05,default,100,1.0,10,1,1,0,0,0.0011990999919362366,
eps_fast_1024_a0b341e5,eps_fast,train,247,1024,easy,5,5,0.1,0.95,0.05,default,100,3.0,8,1,1,0,0,0.0010944999958155677,
eps_fast_1024_a0b341e5,eps_fast,train,248,1024,easy,5,5,0.1,0.95,0.05,default,100,3.0,8,1,1,0,0,0.0010853999992832541,
eps_fast_1024_a0b341e5,eps_fast,train,249,1024,easy,5,5,0.1,0.95,0.05,default,100,3.0,8,1,1,0,0,0.0010599999950500205,
eps_fast_1024_a0b341e5,eps_fast,train,250,1024,easy,5,5,0.1,0.95,0.05,default,100,3.0,8,1,1,0,0,0.001069399993866682,
eps_fast_1024_a0b341e5,eps_fast,train,251,1024,easy,5,5,0.1,0.95,0.05,default,100,3.0,8,1,1,0,0,0.0010528000129852444,
eps_fast_1024_a0b341e5,eps_fast,train,252,1024,easy,5,5,0.1,0.95,0.05,default,100,3.0,8,1,1,0,0,0.0010291999933542684,
eps_fast_1024_a0b341e5,eps_fast,train,253,1024,easy,5,5,0.1,0.95,0.05,default,100,3.0,8,1,1,0,0,0.0010519000061322004,
eps_fast_1024_a0b341e5,eps_fast,train,254,1024,easy,5,5,0.1,0.95,0.05,default,100,3.0,8,1,1,0,0,0.0010392999975010753,
eps_fast_1024_a0b341e5,eps_fast,train,255,1024,easy,5,5,0.1,0.95,0.05,default,100,2.0,9,1,1,0,0,0.0011191000085091218,
eps_fast_1024_a0b341e5,eps_fast,train,256,1024,easy,5,5,0.1,0.95,0.05,default,100,3.0,8,1,1,0,0,0.0010783999896375462,
eps_fast_1024_a0b341e5,eps_fast,train,257,1024,easy,5,5,0.1,0.95,0.05,default,100,2.0,9,1,1,0,0,0.0011808000126620755,
eps_fast_1024_a0b341e5,eps_fast,train,258,1024,easy,5,5,0.1,0.95,0.05,default,100,3.0,8,1,1,0,0,0.0010732000082498416,
eps_fast_1024_a0b341e5,eps_fast,train,259,1024,easy,5,5,0.1,0.95,0.05,default,100,3.0,8,1,1,0,0,0.00104599999031052,
eps_fast_1024_a0b341e5,eps_fast,train,260,1024,easy,5,5,0.1,0.95,0.05,default,100,3.0,8,1,1,0,0,0.001072400002158247,
eps_fast_1024_a0b341e5,eps_fast,train,261,1024,easy,5,5,0.1,0.95,0.05,default,100,3.0,8,1,1,0,0,0.0010385000059613958,
eps_fast_1024_a0b341e5,eps_fast,train,262,1024,easy,5,5,0.1,0.95,0.05,default,100,3.0,8,1,1,0,0,0.001054299995303154,
eps_fast_1024_a0b341e5,eps_fast,train,263,1024,easy,5,5,0.1,0.95,0.05,default,100,3.0,8,1,1,0,0,0.0010732999944593757,
eps_fast_1024_a0b341e5,eps_fast,train,264,1024,easy,5,5,0.1,0.95,0.05,default,100,3.0,8,1,1,0,0,0.001074599989806302,
eps_fast_1024_a0b341e5,eps_fast,train,265,1024,easy,5,5,0.1,0.95,0.05,default,100,2.0,9,1,1,0,0,0.0011417000059736893,
eps_fast_1024_a0b341e5,eps_fast,train,266,1024,easy,5,5,0.1,0.95,0.05,default,100,3.0,8,1,1,0,0,0.001062900002580136,
eps_fast_1024_a0b341e5,eps_fast,train,267,1024,easy,5,5,0.1,0.95,0.05,default,100,3.0,8,1,1,0,0,0.00106969999615103,
eps_fast_1024_a0b341e5,eps_fast,train,268,1024,easy,5,5,0.1,0.95,0.05,default,100,3.0,8,1,1,0,0,0.001051500003086403,
eps_fast_1024_a0b341e5,eps_fast,train,269,1024,easy,5,5,0.1,0.95,0.05,default,100,2.0,9,1,1,0,0,0.0011486000003060326,
eps_fast_1024_a0b341e5,eps_fast,train,270,1024,easy,5,5,0.1,0.95,0.05,default,100,3.0,8,1,1,0,0,0.001065399992512539,
eps_fast_1024_a0b341e5,eps_fast,train,271,1024,easy,5,5,0.1,0.95,0.05,default,100,3.0,8,1,1,0,0,0.001077399996574968,
eps_fast_1024_a0b341e5,eps_fast,train,272,1024,easy,5,5,0.1,0.95,0.05,default,100,3.0,8,1,1,0,0,0.0010676000092644244,
eps_fast_1024_a0b341e5,eps_fast,train,273,1024,easy,5,5,0.1,0.95,0.05,default,100,2.0,9,1,1,0,0,0.0011526000016601756,
eps_fast_1024_a0b341e5,eps_fast,train,274,1024,easy,5,5,0.1,0.95,0.05,default,100,2.0,9,1,1,0,0,0.0011486000003060326,
eps_fast_1024_a0b341e5,eps_fast,train,275,1024,easy,5,5,0.1,0.95,0.05,default,100,2.0,9,1,1,0,0,0.001149600007920526,
eps_fast_1024_a0b341e5,eps_fast,train,276,1024,easy,5,5,0.1,0.95,0.05,default,100,2.0,9,1,1,0,0,0.0011058999953093007,
eps_fast_1024_a0b341e5,eps_fast,train,277,1024,easy,5,5,0.1,0.95,0.05,default,100,3.0,8,1,1,0,0,0.0010302000009687617,
eps_fast_1024_a0b341e5,eps_fast,train,278,1024,easy,5,5,0.1,0.95,0.05,default,100,3.0,8,1,1,0,0,0.0010839000024134293,
eps_fast_1024_a0b341e5,eps_fast,train,279,1024,easy,5,5,0.1,0.95,0.05,default,100,2.0,9,1,1,0,0,0.001123800000641495,
eps_fast_1024_a0b341e5,eps_fast,train,280,1024,easy,5,5,0.1,0.95,0.05,default,100,3.0,8,1,1,0,0,0.0010887999960687011,
eps_fast_1024_a0b341e5,eps_fast,train,281,1024,easy,5,5,0.1,0.95,0.05,default,100,2.0,9,1,1,0,0,0.0011605999898165464,
eps_fast_1024_a0b341e5,eps_fast,train,282,1024,easy,5,5,0.1,0.95,0.05,default,100,3.0,8,1,1,0,0,0.001101399990147911,
eps_fast_1024_a0b341e5,eps_fast,train,283,1024,easy,5,5,0.1,0.95,0.05,default,100,3.0,8,1,1,0,0,0.001075799998943694,
eps_fast_1024_a0b341e5,eps_fast,train,284,1024,easy,5,5,0.1,0.95,0.05,default,100,3.0,8,1,1,0,0,0.0010604999988572672,
eps_fast_1024_a0b341e5,eps_fast,train,285,1024,easy,5,5,0.1,0.95,0.05,default,100,3.0,8,1,1,0,0,0.001073000006726943,
eps_fast_1024_a0b341e5,eps_fast,train,286,1024,easy,5,5,0.1,0.95,0.05,default,100,3.0,8,1,1,0,0,0.001063500007148832,
eps_fast_1024_a0b341e5,eps_fast,train,287,1024,easy,5,5,0.1,0.95,0.05,default,100,3.0,8,1,1,0,0,0.0010896000021602958,
eps_fast_1024_a0b341e5,eps_fast,train,288,1024,easy,5,5,0.1,0.95,0.05,default,100,3.0,8,1,1,0,0,0.0010839999886229634,
eps_fast_1024_a0b341e5,eps_fast,train,289,1024,easy,5,5,0.1,0.95,0.05,default,100,3.0,8,1,1,0,0,0.0010749000066425651,
eps_fast_1024_a0b341e5,eps_fast,train,290,1024,easy,5,5,0.1,0.95,0.05,default,100,3.0,8,1,1,0,0,0.0010507999977562577,
eps_fast_1024_a0b341e5,eps_fast,train,291,1024,easy,5,5,0.1,0.95,0.05,default,100,0.0,11,1,1,0,0,0.0013258999970275909,
eps_fast_1024_a0b341e5,eps_fast,train,292,1024,easy,5,5,0.1,0.95,0.05,default,100,2.0,9,1,1,0,0,0.0011412000021664426,
eps_fast_1024_a0b341e5,eps_fast,train,293,1024,easy,5,5,0.1,0.95,0.05,default,100,3.0,8,1,1,0,0,0.0011023999977624044,
eps_fast_1024_a0b341e5,eps_fast,train,294,1024,easy,5,5,0.1,0.95,0.05,default,100,3.0,8,1,1,0,0,0.001116100000217557,
eps_fast_1024_a0b341e5,eps_fast,train,295,1024,easy,5,5,0.1,0.95,0.05,default,100,3.0,8,1,1,0,0,0.0010771000088425353,
eps_fast_1024_a0b341e5,eps_fast,train,296,1024,easy,5,5,0.1,0.95,0.05,default,100,3.0,8,1,1,0,0,0.001086299991584383,
eps_fast_1024_a0b341e5,eps_fast,train,297,1024,easy,5,5,0.1,0.95,0.05,default,100,3.0,8,1,1,0,0,0.001065300006303005,
eps_fast_1024_a0b341e5,eps_fast,train,298,1024,easy,5,5,0.1,0.95,0.05,default,100,3.0,8,1,1,0,0,0.0010698999976739287,
eps_fast_1024_a0b341e5,eps_fast,train,299,1024,easy,5,5,0.1,0.95,0.05,default,100,2.0,9,1,1,0,0,0.0011295000003883615,
eps_fast_1024_a0b341e5,eps_fast,train,300,1024,easy,5,5,0.1,0.95,0.05,default,100,3.0,8,1,1,0,0,0.0010780000011436641,
eps_fast_1024_a0b341e5,eps_fast,train,301,1024,easy,5,5,0.1,0.95,0.05,default,100,3.0,8,1,1,0,0,0.0010795999987749383,
eps_fast_1024_a0b341e5,eps_fast,train,302,1024,easy,5,5,0.1,0.95,0.05,default,100,3.0,8,1,1,0,0,0.0010886999953072518,
eps_fast_1024_a0b341e5,eps_fast,train,303,1024,easy,5,5,0.1,0.95,0.05,default,100,3.0,8,1,1,0,0,0.0010191000037593767,
eps_fast_1024_a0b341e5,eps_fast,train,304,1024,easy,5,5,0.1,0.95,0.05,default,100,3.0,8,1,1,0,0,0.0010729999921750277,
eps_fast_1024_a0b341e5,eps_fast,train,305,1024,easy,5,5,0.1,0.95,0.05,default,100,3.0,8,1,1,0,0,0.0011028000008082017,
eps_fast_1024_a0b341e5,eps_fast,train,306,1024,easy,5,5,0.1,0.95,0.05,default,100,3.0,8,1,1,0,0,0.0010729999921750277,
eps_fast_1024_a0b341e5,eps_fast,train,307,1024,easy,5,5,0.1,0.95,0.05,default,100,3.0,8,1,1,0,0,0.001085000010789372,
eps_fast_1024_a0b341e5,eps_fast,train,308,1024,easy,5,5,0.1,0.95,0.05,default,100,1.0,10,1,1,0,0,0.0012405000015860423,
eps_fast_1024_a0b341e5,eps_fast,train,309,1024,easy,5,5,0.1,0.95,0.05,default,100,3.0,8,1,1,0,0,0.0010718999983510002,
eps_fast_1024_a0b341e5,eps_fast,train,310,1024,easy,5,5,0.1,0.95,0.05,default,100,3.0,8,1,1,0,0,0.0010513000015635043,
eps_fast_1024_a0b341e5,eps_fast,train,311,1024,easy,5,5,0.1,0.95,0.05,default,100,3.0,8,1,1,0,0,0.00107709999429062,
eps_fast_1024_a0b341e5,eps_fast,train,312,1024,easy,5,5,0.1,0.95,0.05,default,100,3.0,8,1,1,0,0,0.0010828000085894018,
eps_fast_1024_a0b341e5,eps_fast,train,313,1024,easy,5,5,0.1,0.95,0.05,default,100,3.0,8,1,1,0,0,0.0010695999953895807,
eps_fast_1024_a0b341e5,eps_fast,train,314,1024,easy,5,5,0.1,0.95,0.05,default,100,1.0,10,1,1,0,0,0.0012641999928746372,
eps_fast_1024_a0b341e5,eps_fast,train,315,1024,easy,5,5,0.1,0.95,0.05,default,100,0.0,11,1,1,0,0,0.0012682999949902296,
eps_fast_1024_a0b341e5,eps_fast,train,316,1024,easy,5,5,0.1,0.95,0.05,default,100,2.0,9,1,1,0,0,0.0011421999952290207,
eps_fast_1024_a0b341e5,eps_fast,train,317,1024,easy,5,5,0.1,0.95,0.05,default,100,3.0,8,1,1,0,0,0.0010640000109560788,
eps_fast_1024_a0b341e5,eps_fast,train,318,1024,easy,5,5,0.1,0.95,0.05,default,100,3.0,8,1,1,0,0,0.0010668000031728297,
eps_fast_1024_a0b341e5,eps_fast,train,319,1024,easy,5,5,0.1,0.95,0.05,default,100,3.0,8,1,1,0,0,0.0010553999891271815,
eps_fast_1024_a0b341e5,eps_fast,train,320,1024,easy,5,5,0.1,0.95,0.05,default,100,3.0,8,1,1,0,0,0.0010749999928520992,
eps_fast_1024_a0b341e5,eps_fast,train,321,1024,easy,5,5,0.1,0.95,0.05,default,100,3.0,8,1,1,0,0,0.0011018999939551577,
eps_fast_1024_a0b341e5,eps_fast,train,322,1024,easy,5,5,0.1,0.95,0.05,default,100,3.0,8,1,1,0,0,0.0010897000029217452,
eps_fast_1024_a0b341e5,eps_fast,train,323,1024,easy,5,5,0.1,0.95,0.05,default,100,2.0,9,1,1,0,0,0.0011535000085132197,
eps_fast_1024_a0b341e5,eps_fast,train,324,1024,easy,5,5,0.1,0.95,0.05,default,100,3.0,8,1,1,0,0,0.0010200999968219548,
eps_fast_1024_a0b341e5,eps_fast,train,325,1024,easy,5,5,0.1,0.95,0.05,default,100,2.0,9,1,1,0,0,0.0011418999929446727,
eps_fast_1024_a0b341e5,eps_fast,train,326,1024,easy,5,5,0.1,0.95,0.05,default,100,3.0,8,1,1,0,0,0.0010839000024134293,
eps_fast_1024_a0b341e5,eps_fast,train,327,1024,easy,5,5,0.1,0.95,0.05,default,100,1.0,10,1,1,0,0,0.001232399998116307,
eps_fast_1024_a0b341e5,eps_fast,train,328,1024,easy,5,5,0.1,0.95,0.05,default,100,3.0,8,1,1,0,0,0.0010665000008884817,
eps_fast_1024_a0b341e5,eps_fast,train,329,1024,easy,5,5,0.1,0.95,0.05,default,100,1.0,10,1,1,0,0,0.0012759000092046335,
eps_fast_1024_a0b341e5,eps_fast,train,330,1024,easy,5,5,0.1,0.95,0.05,default,100,3.0,8,1,1,0,0,0.0010840999893844128,
eps_fast_1024_a0b341e5,eps_fast,train,331,1024,easy,5,5,0.1,0.95,0.05,default,100,3.0,8,1,1,0,0,0.001084100003936328,
eps_fast_1024_a0b341e5,eps_fast,train,332,1024,easy,5,5,0.1,0.95,0.05,default,100,3.0,8,1,1,0,0,0.0010891999991144985,
eps_fast_1024_a0b341e5,eps_fast,train,333,1024,easy,5,5,0.1,0.95,0.05,default,100,1.0,10,1,1,0,0,0.001236099997186102,
eps_fast_1024_a0b341e5,eps_fast,train,334,1024,easy,5,5,0.1,0.95,0.05,default,100,3.0,8,1,1,0,0,0.001113699996494688,
eps_fast_1024_a0b341e5,eps_fast,train,335,1024,easy,5,5,0.1,0.95,0.05,default,100,3.0,8,1,1,0,0,0.0010597000073175877,
eps_fast_1024_a0b341e5,eps_fast,train,336,1024,easy,5,5,0.1,0.95,0.05,default,100,3.0,8,1,1,0,0,0.001061699993442744,
eps_fast_1024_a0b341e5,eps_fast,train,337,1024,easy,5,5,0.1,0.95,0.05,default,100,3.0,8,1,1,0,0,0.0010621000110404566,
eps_fast_1024_a0b341e5,eps_fast,train,338,1024,easy,5,5,0.1,0.95,0.05,default,100,3.0,8,1,1,0,0,0.0010624999995343387,
eps_fast_1024_a0b341e5,eps_fast,train,339,1024,easy,5,5,0.1,0.95,0.05,default,100,2.0,9,1,1,0,0,0.001075799998943694,
eps_fast_1024_a0b341e5,eps_fast,train,340,1024,easy,5,5,0.1,0.95,0.05,default,100,2.0,9,1,1,0,0,0.0011406999983591959,
eps_fast_1024_a0b341e5,eps_fast,train,341,1024,easy,5,5,0.1,0.95,0.05,default,100,3.0,8,1,1,0,0,0.0011029999877791852,
eps_fast_1024_a0b341e5,eps_fast,train,342,1024,easy,5,5,0.1,0.95,0.05,default,100,3.0,8,1,1,0,0,0.001063200004864484,
eps_fast_1024_a0b341e5,eps_fast,train,343,1024,easy,5,5,0.1,0.95,0.05,default,100,2.0,9,1,1,0,0,0.0011555999953998253,
eps_fast_1024_a0b341e5,eps_fast,train,344,1024,easy,5,5,0.1,0.95,0.05,default,100,2.0,9,1,1,0,0,0.0013487999967765063,
eps_fast_1024_a0b341e5,eps_fast,train,345,1024,easy,5,5,0.1,0.95,0.05,default,100,3.0,8,1,1,0,0,0.0011414000036893412,
eps_fast_1024_a0b341e5,eps_fast,train,346,1024,easy,5,5,0.1,0.95,0.05,default,100,3.0,8,1,1,0,0,0.0010762000019894913,
eps_fast_1024_a0b341e5,eps_fast,train,347,1024,easy,5,5,0.1,0.95,0.05,default,100,3.0,8,1,1,0,0,0.0011704999924404547,
eps_fast_1024_a0b341e5,eps_fast,train,348,1024,easy,5,5,0.1,0.95,0.05,default,100,3.0,8,1,1,0,0,0.0010313999955542386,
eps_fast_1024_a0b341e5,eps_fast,train,349,1024,easy,5,5,0.1,0.95,0.05,default,100,2.0,9,1,1,0,0,0.0011316000018268824,
eps_fast_1024_a0b341e5,eps_fast,train,350,1024,easy,5,5,0.1,0.95,0.05,default,100,1.0,10,1,1,0,0,0.0012589999969350174,
eps_fast_1024_a0b341e5,eps_fast,train,351,1024,easy,5,5,0.1,0.95,0.05,default,100,3.0,8,1,1,0,0,0.0010520999931031838,
eps_fast_1024_a0b341e5,eps_fast,train,352,1024,easy,5,5,0.1,0.95,0.05,default,100,3.0,8,1,1,0,0,0.001067200006218627,
eps_fast_1024_a0b341e5,eps_fast,train,353,1024,easy,5,5,0.1,0.95,0.05,default,100,3.0,8,1,1,0,0,0.0010572000028332695,
eps_fast_1024_a0b341e5,eps_fast,train,354,1024,easy,5,5,0.1,0.95,0.05,default,100,3.0,8,1,1,0,0,0.0010971999872708693,
eps_fast_1024_a0b341e5,eps_fast,train,355,1024,easy,5,5,0.1,0.95,0.05,default,100,3.0,8,1,1,0,0,0.0010537000052863732,
eps_fast_1024_a0b341e5,eps_fast,train,356,1024,easy,5,5,0.1,0.95,0.05,default,100,3.0,8,1,1,0,0,0.0010608000011416152,
eps_fast_1024_a0b341e5,eps_fast,train,357,1024,easy,5,5,0.1,0.95,0.05,default,100,2.0,9,1,1,0,0,0.001143500005127862,
eps_fast_1024_a0b341e5,eps_fast,train,358,1024,easy,5,5,0.1,0.95,0.05,default,100,3.0,8,1,1,0,0,0.0010550000006332994,
eps_fast_1024_a0b341e5,eps_fast,train,359,1024,easy,5,5,0.1,0.95,0.05,default,100,3.0,8,1,1,0,0,0.0010722000006353483,
eps_fast_1024_a0b341e5,eps_fast,train,360,1024,easy,5,5,0.1,0.95,0.05,default,100,3.0,8,1,1,0,0,0.0010029999975813553,
eps_fast_1024_a0b341e5,eps_fast,train,361,1024,easy,5,5,0.1,0.95,0.05,default,100,2.0,9,1,1,0,0,0.001200700004119426,
eps_fast_1024_a0b341e5,eps_fast,train,362,1024,easy,5,5,0.1,0.95,0.05,default,100,3.0,8,1,1,0,0,0.0010853999992832541,
eps_fast_1024_a0b341e5,eps_fast,train,363,1024,easy,5,5,0.1,0.95,0.05,default,100,1.0,10,1,1,0,0,0.0012759999954141676,
eps_fast_1024_a0b341e5,eps_fast,train,364,1024,easy,5,5,0.1,0.95,0.05,default,100,3.0,8,1,1,0,0,0.0010232999920845032,
eps_fast_1024_a0b341e5,eps_fast,train,365,1024,easy,5,5,0.1,0.95,0.05,default,100,3.0,8,1,1,0,0,0.001101600006222725,
eps_fast_1024_a0b341e5,eps_fast,train,366,1024,easy,5,5,0.1,0.95,0.05,default,100,3.0,8,1,1,0,0,0.0010511000000406057,
eps_fast_1024_a0b341e5,eps_fast,train,367,1024,easy,5,5,0.1,0.95,0.05,default,100,3.0,8,1,1,0,0,0.0010832999978447333,
eps_fast_1024_a0b341e5,eps_fast,train,368,1024,easy,5,5,0.1,0.95,0.05,default,100,3.0,8,1,1,0,0,0.0010660999978426844,
eps_fast_1024_a0b341e5,eps_fast,train,369,1024,easy,5,5,0.1,0.95,0.05,default,100,3.0,8,1,1,0,0,0.0010667000024113804,
eps_fast_1024_a0b341e5,eps_fast,train,370,1024,easy,5,5,0.1,0.95,0.05,default,100,3.0,8,1,1,0,0,0.001073000006726943,
eps_fast_1024_a0b341e5,eps_fast,train,371,1024,easy,5,5,0.1,0.95,0.05,default,100,3.0,8,1,1,0,0,0.001007899991236627,
eps_fast_1024_a0b341e5,eps_fast,train,372,1024,easy,5,5,0.1,0.95,0.05,default,100,3.0,8,1,1,0,0,0.0010820000024978071,
eps_fast_1024_a0b341e5,eps_fast,train,373,1024,easy,5,5,0.1,0.95,0.05,default,100,2.0,9,1,1,0,0,0.0011169000063091516,
eps_fast_1024_a0b341e5,eps_fast,train,374,1024,easy,5,5,0.1,0.95,0.05,default,100,3.0,8,1,1,0,0,0.0010617999942041934,
eps_fast_1024_a0b341e5,eps_fast,train,375,1024,easy,5,5,0.1,0.95,0.05,default,100,3.0,8,1,1,0,0,0.0010490999993635342,
eps_fast_1024_a0b341e5,eps_fast,train,376,1024,easy,5,5,0.1,0.95,0.05,default,100,3.0,8,1,1,0,0,0.0010630999895511195,
eps_fast_1024_a0b341e5,eps_fast,train,377,1024,easy,5,5,0.1,0.95,0.05,default,100,3.0,8,1,1,0,0,0.0010590999881969765,
eps_fast_1024_a0b341e5,eps_fast,train,378,1024,easy,5,5,0.1,0.95,0.05,default,100,3.0,8,1,1,0,0,0.0010172000038437545,
eps_fast_1024_a0b341e5,eps_fast,train,379,1024,easy,5,5,0.1,0.95,0.05,default,100,3.0,8,1,1,0,0,0.001069600009941496,
eps_fast_1024_a0b341e5,eps_fast,train,380,1024,easy,5,5,0.1,0.95,0.05,default,100,3.0,8,1,1,0,0,0.0010815999994520098,
eps_fast_1024_a0b341e5,eps_fast,train,381,1024,easy,5,5,0.1,0.95,0.05,default,100,1.0,10,1,1,0,0,0.0012707999994745478,
eps_fast_1024_a0b341e5,eps_fast,train,382,1024,easy,5,5,0.1,0.95,0.05,default,100,3.0,8,1,1,0,0,0.001086899996153079,
eps_fast_1024_a0b341e5,eps_fast,train,383,1024,easy,5,5,0.1,0.95,0.05,default,100,3.0,8,1,1,0,0,0.0010713999945437536,
eps_fast_1024_a0b341e5,eps_fast,train,384,1024,easy,5,5,0.1,0.95,0.05,default,100,3.0,8,1,1,0,0,0.0010902000067289919,
eps_fast_1024_a0b341e5,eps_fast,train,385,1024,easy,5,5,0.1,0.95,0.05,default,100,3.0,8,1,1,0,0,0.0010877000022446737,
eps_fast_1024_a0b341e5,eps_fast,train,386,1024,easy,5,5,0.1,0.95,0.05,default,100,3.0,8,1,1,0,0,0.0010449999972479418,
eps_fast_1024_a0b341e5,eps_fast,train,387,1024,easy,5,5,0.1,0.95,0.05,default,100,2.0,9,1,1,0,0,0.0011397000052966177,
eps_fast_1024_a0b341e5,eps_fast,train,388,1024,easy,5,5,0.1,0.95,0.05,default,100,3.0,8,1,1,0,0,0.0010480999917490408,
eps_fast_1024_a0b341e5,eps_fast,train,389,1024,easy,5,5,0.1,0.95,0.05,default,100,1.0,10,1,1,0,0,0.0011577999975997955,
eps_fast_1024_a0b341e5,eps_fast,train,390,1024,easy,5,5,0.1,0.95,0.05,default,100,3.0,8,1,1,0,0,0.0010470999986864626,
eps_fast_1024_a0b341e5,eps_fast,train,391,1024,easy,5,5,0.1,0.95,0.05,default,100,3.0,8,1,1,0,0,0.0010676999954739586,
eps_fast_1024_a0b341e5,eps_fast,train,392,1024,easy,5,5,0.1,0.95,0.05,default,100,2.0,9,1,1,0,0,0.0011158999986946583,
eps_fast_1024_a0b341e5,eps_fast,train,393,1024,easy,5,5,0.1,0.95,0.05,default,100,3.0,8,1,1,0,0,0.001058599998941645,
eps_fast_1024_a0b341e5,eps_fast,train,394,1024,easy,5,5,0.1,0.95,0.05,default,100,3.0,8,1,1,0,0,0.0010554000036790967,
eps_fast_1024_a0b341e5,eps_fast,train,395,1024,easy,5,5,0.1,0.95,0.05,default,100,0.0,11,1,1,0,0,0.0013109999999869615,
eps_fast_1024_a0b341e5,eps_fast,train,396,1024,easy,5,5,0.1,0.95,0.05,default,100,3.0,8,1,1,0,0,0.0010157000069739297,
eps_fast_1024_a0b341e5,eps_fast,train,397,1024,easy,5,5,0.1,0.95,0.05,default,100,3.0,8,1,1,0,0,0.0010827999940374866,
eps_fast_1024_a0b341e5,eps_fast,train,398,1024,easy,5,5,0.1,0.95,0.05,default,100,3.0,8,1,1,0,0,0.0010710000060498714,
eps_fast_1024_a0b341e5,eps_fast,train,399,1024,easy,5,5,0.1,0.95,0.05,default,100,2.0,9,1,1,0,0,0.001128100004279986,
eps_fast_1024_a0b341e5,eps_fast,train,400,1024,easy,5,5,0.1,0.95,0.05,default,100,3.0,8,1,1,0,0,0.0010712999937823042,results\epsilon\fast\seed_1024\qtable_ep400.npz
eps_fast_1024_a0b341e5,eps_fast,train,401,1024,easy,5,5,0.1,0.95,0.05,default,100,3.0,8,1,1,0,0,0.0011467000003904104,
eps_fast_1024_a0b341e5,eps_fast,train,402,1024,easy,5,5,0.1,0.95,0.05,default,100,-1.0,12,1,1,0,0,0.0014525000005960464,
eps_fast_1024_a0b341e5,eps_fast,train,403,1024,easy,5,5,0.1,0.95,0.05,default,100,2.0,9,1,1,0,0,0.0011593999952310696,
eps_fast_1024_a0b341e5,eps_fast,train,404,1024,easy,5,5,0.1,0.95,0.05,default,100,2.0,9,1,1,0,0,0.001168100003269501,
eps_fast_1024_a0b341e5,eps_fast,train,405,1024,easy,5,5,0.1,0.95,0.05,default,100,3.0,8,1,1,0,0,0.001072799990652129,
eps_fast_1024_a0b341e5,eps_fast,train,406,1024,easy,5,5,0.1,0.95,0.05,default,100,3.0,8,1,1,0,0,0.0010860000038519502,
eps_fast_1024_a0b341e5,eps_fast,train,407,1024,easy,5,5,0.1,0.95,0.05,default,100,3.0,8,1,1,0,0,0.0010925999958999455,
eps_fast_1024_a0b341e5,eps_fast,train,408,1024,easy,5,5,0.1,0.95,0.05,default,100,3.0,8,1,1,0,0,0.001037699999869801,
eps_fast_1024_a0b341e5,eps_fast,train,409,1024,easy,5,5,0.1,0.95,0.05,default,100,2.0,9,1,1,0,0,0.001135200000135228,
eps_fast_1024_a0b341e5,eps_fast,train,410,1024,easy,5,5,0.1,0.95,0.05,default,100,2.0,9,1,1,0,0,0.0011696000001393259,
eps_fast_1024_a0b341e5,eps_fast,train,411,1024,easy,5,5,0.1,0.95,0.05,default,100,3.0,8,1,1,0,0,0.0010630000033415854,
eps_fast_1024_a0b341e5,eps_fast,train,412,1024,easy,5,5,0.1,0.95,0.05,default,100,3.0,8,1,1,0,0,0.0010742000013124198,
eps_fast_1024_a0b341e5,eps_fast,train,413,1024,easy,5,5,0.1,0.95,0.05,default,100,3.0,8,1,1,0,0,0.001066600001649931,
eps_fast_1024_a0b341e5,eps_fast,train,414,1024,easy,5,5,0.1,0.95,0.05,default,100,3.0,8,1,1,0,0,0.0010646999871823937,
eps_fast_1024_a0b341e5,eps_fast,train,415,1024,easy,5,5,0.1,0.95,0.05,default,100,3.0,8,1,1,0,0,0.0010781999881146476,
eps_fast_1024_a0b341e5,eps_fast,train,416,1024,easy,5,5,0.1,0.95,0.05,default,100,3.0,8,1,1,0,0,0.0010140000085812062,
eps_fast_1024_a0b341e5,eps_fast,train,417,1024,easy,5,5,0.1,0.95,0.05,default,100,3.0,8,1,1,0,0,0.001084400006220676,
eps_fast_1024_a0b341e5,eps_fast,train,418,1024,easy,5,5,0.1,0.95,0.05,default,100,3.0,8,1,1,0,0,0.0010566000128164887,
eps_fast_1024_a0b341e5,eps_fast,train,419,1024,easy,5,5,0.1,0.95,0.05,default,100,3.0,8,1,1,0,0,0.0010701999999582767,
eps_fast_1024_a0b341e5,eps_fast,train,420,1024,easy,5,5,0.1,0.95,0.05,default,100,-1.0,12,1,1,0,0,0.0013915000017732382,
eps_fast_1024_a0b341e5,eps_fast,train,421,1024,easy,5,5,0.1,0.95,0.05,default,100,3.0,8,1,1,0,0,0.001122899993788451,
eps_fast_1024_a0b341e5,eps_fast,train,422,1024,easy,5,5,0.1,0.95,0.05,default,100,3.0,8,1,1,0,0,0.00108229999023024,
eps_fast_1024_a0b341e5,eps_fast,train,423,1024,easy,5,5,0.1,0.95,0.05,default,100,0.0,11,1,1,0,0,0.0013256999955046922,
eps_fast_1024_a0b341e5,eps_fast,train,424,1024,easy,5,5,0.1,0.95,0.05,default,100,2.0,9,1,1,0,0,0.001167800000985153,
eps_fast_1024_a0b341e5,eps_fast,train,425,1024,easy,5,5,0.1,0.95,0.05,default,100,2.0,9,1,1,0,0,0.001139200001489371,
eps_fast_1024_a0b341e5,eps_fast,train,426,1024,easy,5,5,0.1,0.95,0.05,default,100,3.0,8,1,1,0,0,0.0010298999986844137,
eps_fast_1024_a0b341e5,eps_fast,train,427,1024,easy,5,5,0.1,0.95,0.05,default,100,2.0,9,1,1,0,0,0.0011301999911665916,
eps_fast_1024_a0b341e5,eps_fast,train,428,1024,easy,5,5,0.1,0.95,0.05,default,100,2.0,9,1,1,0,0,0.0011665000056382269,
eps_fast_1024_a0b341e5,eps_fast,train,429,1024,easy,5,5,0.1,0.95,0.05,default,100,3.0,8,1,1,0,0,0.0010858000023290515,
eps_fast_1024_a0b341e5,eps_fast,train,430,1024,easy,5,5,0.1,0.95,0.05,default,100,3.0,8,1,1,0,0,0.0010615999926812947,
eps_fast_1024_a0b341e5,eps_fast,train,431,1024,easy,5,5,0.1,0.95,0.05,default,100,1.0,10,1,1,0,0,0.0012204000086057931,
eps_fast_1024_a0b341e5,eps_fast,train,432,1024,easy,5,5,0.1,0.95,0.05,default,100,3.0,8,1,1,0,0,0.0010671999916667119,
eps_fast_1024_a0b341e5,eps_fast,train,433,1024,easy,5,5,0.1,0.95,0.05,default,100,3.0,8,1,1,0,0,0.0010830999963218346,
eps_fast_1024_a0b341e5,eps_fast,train,434,1024,easy,5,5,0.1,0.95,0.05,default,100,3.0,8,1,1,0,0,0.0010744999890448526,
eps_fast_1024_a0b341e5,eps_fast,train,435,1024,easy,5,5,0.1,0.95,0.05,default,100,3.0,8,1,1,0,0,0.0010842000046977773,
eps_fast_1024_a0b341e5,eps_fast,train,436,1024,easy,5,5,0.1,0.95,0.05,default,100,3.0,8,1,1,0,0,0.001065000004018657,
eps_fast_1024_a0b341e5,eps_fast,train,437,1024,easy,5,5,0.1,0.95,0.05,default,100,3.0,8,1,1,0,0,0.0010826999932760373,
eps_fast_1024_a0b341e5,eps_fast,train,438,1024,easy,5,5,0.1,0.95,0.05,default,100,3.0,8,1,1,0,0,0.001062600000295788,
eps_fast_1024_a0b341e5,eps_fast,train,439,1024,easy,5,5,0.1,0.95,0.05,default,100,3.0,8,1,1,0,0,0.0010754000104498118,
eps_fast_1024_a0b341e5,eps_fast,train,440,1024,easy,5,5,0.1,0.95,0.05,default,100,3.0,8,1,1,0,0,0.0011078999959863722,
eps_fast_1024_a0b341e5,eps_fast,train,441,1024,easy,5,5,0.1,0.95,0.05,default,100,2.0,9,1,1,0,0,0.0011840000079246238,
eps_fast_1024_a0b341e5,eps_fast,train,442,1024,easy,5,5,0.1,0.95,0.05,default,100,3.0,8,1,1,0,0,0.0010408999951323494,
eps_fast_1024_a0b341e5,eps_fast,train,443,1024,easy,5,5,0.1,0.95,0.05,default,100,3.0,8,1,1,0,0,0.0010610000026645139,
eps_fast_1024_a0b341e5,eps_fast,train,444,1024,easy,5,5,0.1,0.95,0.05,default,100,3.0,8,1,1,0,0,0.0010309999925084412,
eps_fast_1024_a0b341e5,eps_fast,train,445,1024,easy,5,5,0.1,0.95,0.05,default,100,3.0,8,1,1,0,0,0.0010657000093488023,
eps_fast_1024_a0b341e5,eps_fast,train,446,1024,easy,5,5,0.1,0.95,0.05,default,100,3.0,8,1,1,0,0,0.0010888999968301505,
eps_fast_1024_a0b341e5,eps_fast,train,447,1024,easy,5,5,0.1,0.95,0.05,default,100,3.0,8,1,1,0,0,0.0010718999983510002,
eps_fast_1024_a0b341e5,eps_fast,train,448,1024,easy,5,5,0.1,0.95,0.05,default,100,3.0,8,1,1,0,0,0.0010746999905677512,
eps_fast_1024_a0b341e5,eps_fast,train,449,1024,easy,5,5,0.1,0.95,0.05,default,100,3.0,8,1,1,0,0,0.0010602000111248344,
eps_fast_1024_a0b341e5,eps_fast,train,450,1024,easy,5,5,0.1,0.95,0.05,default,100,3.0,8,1,1,0,0,0.001076100001228042,
eps_fast_1024_a0b341e5,eps_fast,train,451,1024,easy,5,5,0.1,0.95,0.05,default,100,3.0,8,1,1,0,0,0.0010552999883657321,
eps_fast_1024_a0b341e5,eps_fast,train,452,1024,easy,5,5,0.1,0.95,0.05,default,100,3.0,8,1,1,0,0,0.0010781999881146476,
eps_fast_1024_a0b341e5,eps_fast,train,453,1024,easy,5,5,0.1,0.95,0.05,default,100,2.0,9,1,1,0,0,0.0010022000060416758,
eps_fast_1024_a0b341e5,eps_fast,train,454,1024,easy,5,5,0.1,0.95,0.05,default,100,2.0,9,1,1,0,0,0.0011304999934509397,
eps_fast_1024_a0b341e5,eps_fast,train,455,1024,easy,5,5,0.1,0.95,0.05,default,100,3.0,8,1,1,0,0,0.0010977000056300312,
eps_fast_1024_a0b341e5,eps_fast,train,456,1024,easy,5,5,0.1,0.95,0.05,default,100,3.0,8,1,1,0,0,0.0010596999927656725,
eps_fast_1024_a0b341e5,eps_fast,train,457,1024,easy,5,5,0.1,0.95,0.05,default,100,3.0,8,1,1,0,0,0.0010832999978447333,
eps_fast_1024_a0b341e5,eps_fast,train,458,1024,easy,5,5,0.1,0.95,0.05,default,100,3.0,8,1,1,0,0,0.0010576000058790669,
eps_fast_1024_a0b341e5,eps_fast,train,459,1024,easy,5,5,0.1,0.95,0.05,default,100,3.0,8,1,1,0,0,0.0010777999996207654,
eps_fast_1024_a0b341e5,eps_fast,train,460,1024,easy,5,5,0.1,0.95,0.05,default,100,2.0,9,1,1,0,0,0.0011577999975997955,
eps_fast_1024_a0b341e5,eps_fast,train,461,1024,easy,5,5,0.1,0.95,0.05,default,100,3.0,8,1,1,0,0,0.0010227999882772565,
eps_fast_1024_a0b341e5,eps_fast,train,462,1024,easy,5,5,0.1,0.95,0.05,default,100,3.0,8,1,1,0,0,0.0010673999931896105,
eps_fast_1024_a0b341e5,eps_fast,train,463,1024,easy,5,5,0.1,0.95,0.05,default,100,3.0,8,1,1,0,0,0.0010972000018227845,
eps_fast_1024_a0b341e5,eps_fast,train,464,1024,easy,5,5,0.1,0.95,0.05,default,100,3.0,8,1,1,0,0,0.001099200002499856,
eps_fast_1024_a0b341e5,eps_fast,train,465,1024,easy,5,5,0.1,0.95,0.05,default,100,3.0,8,1,1,0,0,0.0010833999986061826,
eps_fast_1024_a0b341e5,eps_fast,train,466,1024,easy,5,5,0.1,0.95,0.05,default,100,3.0,8,1,1,0,0,0.0010922000074060634,
eps_fast_1024_a0b341e5,eps_fast,train,467,1024,easy,5,5,0.1,0.95,0.05,default,100,2.0,9,1,1,0,0,0.0011421999952290207,
eps_fast_1024_a0b341e5,eps_fast,train,468,1024,easy,5,5,0.1,0.95,0.05,default,100,3.0,8,1,1,0,0,0.001076700005796738,
eps_fast_1024_a0b341e5,eps_fast,train,469,1024,easy,5,5,0.1,0.95,0.05,default,100,3.0,8,1,1,0,0,0.0010567999997874722,
eps_fast_1024_a0b341e5,eps_fast,train,470,1024,easy,5,5,0.1,0.95,0.05,default,100,3.0,8,1,1,0,0,0.00107640000351239,
eps_fast_1024_a0b341e5,eps_fast,train,471,1024,easy,5,5,0.1,0.95,0.05,default,100,3.0,8,1,1,0,0,0.001058599998941645,
eps_fast_1024_a0b341e5,eps_fast,train,472,1024,easy,5,5,0.1,0.95,0.05,default,100,3.0,8,1,1,0,0,0.0010746000043582171,
eps_fast_1024_a0b341e5,eps_fast,train,473,1024,easy,5,5,0.1,0.95,0.05,default,100,3.0,8,1,1,0,0,0.0010167000000365078,
eps_fast_1024_a0b341e5,eps_fast,train,474,1024,easy,5,5,0.1,0.95,0.05,default,100,3.0,8,1,1,0,0,0.0010725000029196963,
eps_fast_1024_a0b341e5,eps_fast,train,475,1024,easy,5,5,0.1,0.95,0.05,default,100,1.0,10,1,1,0,0,0.0012270000006537884,
eps_fast_1024_a0b341e5,eps_fast,train,476,1024,easy,5,5,0.1,0.95,0.05,default,100,3.0,8,1,1,0,0,0.0010636999941198155,
eps_fast_1024_a0b341e5,eps_fast,train,477,1024,easy,5,5,0.1,0.95,0.05,default,100,3.0,8,1,1,0,0,0.001081000009435229,
eps_fast_1024_a0b341e5,eps_fast,train,478,1024,easy,5,5,0.1,0.95,0.05,default,100,3.0,8,1,1,0,0,0.0011006999993696809,
eps_fast_1024_a0b341e5,eps_fast,train,479,1024,easy,5,5,0.1,0.95,0.05,default,100,2.0,9,1,1,0,0,0.0011525000008987263,
eps_fast_1024_a0b341e5,eps_fast,train,480,1024,easy,5,5,0.1,0.95,0.05,default,100,3.0,8,1,1,0,0,0.0010677999962354079,
eps_fast_1024_a0b341e5,eps_fast,train,481,1024,easy,5,5,0.1,0.95,0.05,default,100,3.0,8,1,1,0,0,0.001099200002499856,
eps_fast_1024_a0b341e5,eps_fast,train,482,1024,easy,5,5,0.1,0.95,0.05,default,100,3.0,8,1,1,0,0,0.0010683000000426546,
eps_fast_1024_a0b341e5,eps_fast,train,483,1024,easy,5,5,0.1,0.95,0.05,default,100,3.0,8,1,1,0,0,0.001109999997424893,
eps_fast_1024_a0b341e5,eps_fast,train,484,1024,easy,5,5,0.1,0.95,0.05,default,100,1.0,10,1,1,0,0,0.0012947999930474907,
eps_fast_1024_a0b341e5,eps_fast,train,485,1024,easy,5,5,0.1,0.95,0.05,default,100,3.0,8,1,1,0,0,0.001070600003004074,
eps_fast_1024_a0b341e5,eps_fast,train,486,1024,easy,5,5,0.1,0.95,0.05,default,100,3.0,8,1,1,0,0,0.0010719999991124496,
eps_fast_1024_a0b341e5,eps_fast,train,487,1024,easy,5,5,0.1,0.95,0.05,default,100,3.0,8,1,1,0,0,0.001070300000719726,
eps_fast_1024_a0b341e5,eps_fast,train,488,1024,easy,5,5,0.1,0.95,0.05,default,100,3.0,8,1,1,0,0,0.0010383000044384971,
eps_fast_1024_a0b341e5,eps_fast,train,489,1024,easy,5,5,0.1,0.95,0.05,default,100,3.0,8,1,1,0,0,0.0010597999935271218,
eps_fast_1024_a0b341e5,eps_fast,train,490,1024,easy,5,5,0.1,0.95,0.05,default,100,3.0,8,1,1,0,0,0.0010725000029196963,
eps_fast_1024_a0b341e5,eps_fast,train,491,1024,easy,5,5,0.1,0.95,0.05,default,100,1.0,10,1,1,0,0,0.0012438999983714893,
eps_fast_1024_a0b341e5,eps_fast,train,492,1024,easy,5,5,0.1,0.95,0.05,default,100,3.0,8,1,1,0,0,0.0010771000088425353,
eps_fast_1024_a0b341e5,eps_fast,train,493,1024,easy,5,5,0.1,0.95,0.05,default,100,3.0,8,1,1,0,0,0.001065699994796887,
eps_fast_1024_a0b341e5,eps_fast,train,494,1024,easy,5,5,0.1,0.95,0.05,default,100,3.0,8,1,1,0,0,0.00107640000351239,
eps_fast_1024_a0b341e5,eps_fast,train,495,1024,easy,5,5,0.1,0.95,0.05,default,100,3.0,8,1,1,0,0,0.001058599998941645,
eps_fast_1024_a0b341e5,eps_fast,train,496,1024,easy,5,5,0.1,0.95,0.05,default,100,3.0,8,1,1,0,0,0.0011115999950561672,
eps_fast_1024_a0b341e5,eps_fast,train,497,1024,easy,5,5,0.1,0.95,0.05,default,100,3.0,8,1,1,0,0,0.0010923999943770468,
eps_fast_1024_a0b341e5,eps_fast,train,498,1024,easy,5,5,0.1,0.95,0.05,default,100,2.0,9,1,1,0,0,0.0011337000032654032,
eps_fast_1024_a0b341e5,eps_fast,train,499,1024,easy,5,5,0.1,0.95,0.05,default,100,3.0,8,1,1,0,0,0.0010688000038499013,
eps_fast_1024_a0b341e5,eps_fast,train,500,1024,easy,5,5,0.1,0.95,0.05,default,100,3.0,8,1,1,0,0,0.0010615999926812947,
eps_fast_1024_a0b341e5,eps_fast,train,501,1024,easy,5,5,0.1,0.95,0.05,default,100,0.0,11,1,1,0,0,0.0014085000002523884,
eps_fast_1024_a0b341e5,eps_fast,train,502,1024,easy,5,5,0.1,0.95,0.05,default,100,3.0,8,1,1,0,0,0.0010907000105362386,
eps_fast_1024_a0b341e5,eps_fast,train,503,1024,easy,5,5,0.1,0.95,0.05,default,100,3.0,8,1,1,0,0,0.0010879999899771065,
eps_fast_1024_a0b341e5,eps_fast,train,504,1024,easy,5,5,0.1,0.95,0.05,default,100,3.0,8,1,1,0,0,0.00107640000351239,
eps_fast_1024_a0b341e5,eps_fast,train,505,1024,easy,5,5,0.1,0.95,0.05,default,100,0.0,11,1,1,0,0,0.001326899990090169,
eps_fast_1024_a0b341e5,eps_fast,train,506,1024,easy,5,5,0.1,0.95,0.05,default,100,3.0,8,1,1,0,0,0.001073600011295639,
eps_fast_1024_a0b341e5,eps_fast,train,507,1024,easy,5,5,0.1,0.95,0.05,default,100,3.0,8,1,1,0,0,0.0010554999898886308,
eps_fast_1024_a0b341e5,eps_fast,train,508,1024,easy,5,5,0.1,0.95,0.05,default,100,-1.0,12,1,1,0,0,0.0014519000105792657,
eps_fast_1024_a0b341e5,eps_fast,train,509,1024,easy,5,5,0.1,0.95,0.05,default,100,3.0,8,1,1,0,0,0.0010239999974146485,
eps_fast_1024_a0b341e5,eps_fast,train,510,1024,easy,5,5,0.1,0.95,0.05,default,100,3.0,8,1,1,0,0,0.0010596000065561384,
eps_fast_1024_a0b341e5,eps_fast,train,511,1024,easy,5,5,0.1,0.95,0.05,default,100,3.0,8,1,1,0,0,0.0010353999969083816,
eps_fast_1024_a0b341e5,eps_fast,train,512,1024,easy,5,5,0.1,0.95,0.05,default,100,1.0,10,1,1,0,0,0.001247199994395487,
eps_fast_1024_a0b341e5,eps_fast,train,513,1024,easy,5,5,0.1,0.95,0.05,default,100,3.0,8,1,1,0,0,0.0010738999990280718,
eps_fast_1024_a0b341e5,eps_fast,train,514,1024,easy,5,5,0.1,0.95,0.05,default,100,3.0,8,1,1,0,0,0.0011282999912509695,
eps_fast_1024_a0b341e5,eps_fast,train,515,1024,easy,5,5,0.1,0.95,0.05,default,100,2.0,9,1,1,0,0,0.0011515000078361481,
eps_fast_1024_a0b341e5,eps_fast,train,516,1024,easy,5,5,0.1,0.95,0.05,default,100,3.0,8,1,1,0,0,0.0010586999997030944,
eps_fast_1024_a0b341e5,eps_fast,train,517,1024,easy,5,5,0.1,0.95,0.05,default,100,-1.0,12,1,1,0,0,0.0014561999996658415,
eps_fast_1024_a0b341e5,eps_fast,train,518,1024,easy,5,5,0.1,0.95,0.05,default,100,1.0,10,1,1,0,0,0.0012587999954121187,
eps_fast_1024_a0b341e5,eps_fast,train,519,1024,easy,5,5,0.1,0.95,0.05,default,100,3.0,8,1,1,0,0,0.0010611000034259632,
eps_fast_1024_a0b341e5,eps_fast,train,520,1024,easy,5,5,0.1,0.95,0.05,default,100,3.0,8,1,1,0,0,0.001071799997589551,
eps_fast_1024_a0b341e5,eps_fast,train,521,1024,easy,5,5,0.1,0.95,0.05,default,100,3.0,8,1,1,0,0,0.001031799998600036,
eps_fast_1024_a0b341e5,eps_fast,train,522,1024,easy,5,5,0.1,0.95,0.05,default,100,1.0,10,1,1,0,0,0.0012226999970152974,
eps_fast_1024_a0b341e5,eps_fast,train,523,1024,easy,5,5,0.1,0.95,0.05,default,100,3.0,8,1,1,0,0,0.0010946999973384663,
eps_fast_1024_a0b341e5,eps_fast,train,524,1024,easy,5,5,0.1,0.95,0.05,default,100,2.0,9,1,1,0,0,0.0011510000040289015,
eps_fast_1024_a0b341e5,eps_fast,train,525,1024,easy,5,5,0.1,0.95,0.05,default,100,3.0,8,1,1,0,0,0.0010823000047821552,
eps_fast_1024_a0b341e5,eps_fast,train,526,1024,easy,5,5,0.1,0.95,0.05,default,100,2.0,9,1,1,0,0,0.0011399000068195164,
eps_fast_1024_a0b341e5,eps_fast,train,527,1024,easy,5,5,0.1,0.95,0.05,default,100,3.0,8,1,1,0,0,0.001099800007068552,
eps_fast_1024_a0b341e5,eps_fast,train,528,1024,easy,5,5,0.1,0.95,0.05,default,100,3.0,8,1,1,0,0,0.00111270000343211,
eps_fast_1024_a0b341e5,eps_fast,train,529,1024,easy,5,5,0.1,0.95,0.05,default,100,3.0,8,1,1,0,0,0.0010809999948833138,
eps_fast_1024_a0b341e5,eps_fast,train,530,1024,easy,5,5,0.1,0.95,0.05,default,100,3.0,8,1,1,0,0,0.0010624999995343387,
eps_fast_1024_a0b341e5,eps_fast,train,531,1024,easy,5,5,0.1,0.95,0.05,default,100,3.0,8,1,1,0,0,0.0010896000021602958,
eps_fast_1024_a0b341e5,eps_fast,train,532,1024,easy,5,5,0.1,0.95,0.05,default,100,3.0,8,1,1,0,0,0.001065999997081235,
eps_fast_1024_a0b341e5,eps_fast,train,533,1024,easy,5,5,0.1,0.95,0.05,default,100,3.0,8,1,1,0,0,0.00102449998666998,
eps_fast_1024_a0b341e5,eps_fast,train,534,1024,easy,5,5,0.1,0.95,0.05,default,100,3.0,8,1,1,0,0,0.0010538000060478225,
eps_fast_1024_a0b341e5,eps_fast,train,535,1024,easy,5,5,0.1,0.95,0.05,default,100,3.0,8,1,1,0,0,0.001075799998943694,
eps_fast_1024_a0b341e5,eps_fast,train,536,1024,easy,5,5,0.1,0.95,0.05,default,100,3.0,8,1,1,0,0,0.0010678999969968572,
eps_fast_1024_a0b341e5,eps_fast,train,537,1024,easy,5,5,0.1,0.95,0.05,default,100,3.0,8,1,1,0,0,0.001070600003004074,
eps_fast_1024_a0b341e5,eps_fast,train,538,1024,easy,5,5,0.1,0.95,0.05,default,100,2.0,9,1,1,0,0,0.0011492000048747286,
eps_fast_1024_a0b341e5,eps_fast,train,539,1024,easy,5,5,0.1,0.95,0.05,default,100,3.0,8,1,1,0,0,0.0010636999941198155,
eps_fast_1024_a0b341e5,eps_fast,train,540,1024,easy,5,5,0.1,0.95,0.05,default,100,2.0,9,1,1,0,0,0.0011511000047903508,
eps_fast_1024_a0b341e5,eps_fast,train,541,1024,easy,5,5,0.1,0.95,0.05,default,100,3.0,8,1,1,0,0,0.001100400011637248,
eps_fast_1024_a0b341e5,eps_fast,train,542,1024,easy,5,5,0.1,0.95,0.05,default,100,3.0,8,1,1,0,0,0.0010883000068133697,
eps_fast_1024_a0b341e5,eps_fast,train,543,1024,easy,5,5,0.1,0.95,0.05,default,100,2.0,9,1,1,0,0,0.001101600006222725,
eps_fast_1024_a0b341e5,eps_fast,train,544,1024,easy,5,5,0.1,0.95,0.05,default,100,3.0,8,1,1,0,0,0.001025000005029142,
eps_fast_1024_a0b341e5,eps_fast,train,545,1024,easy,5,5,0.1,0.95,0.05,default,100,3.0,8,1,1,0,0,0.0010689999908208847,
eps_fast_1024_a0b341e5,eps_fast,train,546,1024,easy,5,5,0.1,0.95,0.05,default,100,2.0,9,1,1,0,0,0.0010789000079967082,
eps_fast_1024_a0b341e5,eps_fast,train,547,1024,easy,5,5,0.1,0.95,0.05,default,100,3.0,8,1,1,0,0,0.0010910999990301207,
eps_fast_1024_a0b341e5,eps_fast,train,548,1024,easy,5,5,0.1,0.95,0.05,default,100,3.0,8,1,1,0,0,0.0010732999944593757,
eps_fast_1024_a0b341e5,eps_fast,train,549,1024,easy,5,5,0.1,0.95,0.05,default,100,3.0,8,1,1,0,0,0.0010483999940333888,
eps_fast_1024_a0b341e5,eps_fast,train,550,1024,easy,5,5,0.1,0.95,0.05,default,100,1.0,10,1,1,0,0,0.0012713000032817945,
eps_fast_1024_a0b341e5,eps_fast,train,551,1024,easy,5,5,0.1,0.95,0.05,default,100,3.0,8,1,1,0,0,0.001083499999367632,
eps_fast_1024_a0b341e5,eps_fast,train,552,1024,easy,5,5,0.1,0.95,0.05,default,100,3.0,8,1,1,0,0,0.001069099991582334,
eps_fast_1024_a0b341e5,eps_fast,train,553,1024,easy,5,5,0.1,0.95,0.05,default,100,3.0,8,1,1,0,0,0.001082899994798936,
eps_fast_1024_a0b341e5,eps_fast,train,554,1024,easy,5,5,0.1,0.95,0.05,default,100,-1.0,12,1,1,0,0,0.001480399994761683,
eps_fast_1024_a0b341e5,eps_fast,train,555,1024,easy,5,5,0.1,0.95,0.05,default,100,3.0,8,1,1,0,0,0.0010605999996187165,
eps_fast_1024_a0b341e5,eps_fast,train,556,1024,easy,5,5,0.1,0.95,0.05,default,100,3.0,8,1,1,0,0,0.001073399995220825,
eps_fast_1024_a0b341e5,eps_fast,train,557,1024,easy,5,5,0.1,0.95,0.05,default,100,3.0,8,1,1,0,0,0.0010781000019051135,
eps_fast_1024_a0b341e5,eps_fast,train,558,1024,easy,5,5,0.1,0.95,0.05,default,100,3.0,8,1,1,0,0,0.0010774999973364174,
eps_fast_1024_a0b341e5,eps_fast,train,559,1024,easy,5,5,0.1,0.95,0.05,default,100,1.0,10,1,1,0,0,0.0012764999992214143,
eps_fast_1024_a0b341e5,eps_fast,train,560,1024,easy,5,5,0.1,0.95,0.05,default,100,1.0,10,1,1,0,0,0.001294299989240244,
eps_fast_1024_a0b341e5,eps_fast,train,561,1024,easy,5,5,0.1,0.95,0.05,default,100,3.0,8,1,1,0,0,0.0010713000083342195,
eps_fast_1024_a0b341e5,eps_fast,train,562,1024,easy,5,5,0.1,0.95,0.05,default,100,3.0,8,1,1,0,0,0.0010842000046977773,
eps_fast_1024_a0b341e5,eps_fast,train,563,1024,easy,5,5,0.1,0.95,0.05,default,100,3.0,8,1,1,0,0,0.0010815999994520098,
eps_fast_1024_a0b341e5,eps_fast,train,564,1024,easy,5,5,0.1,0.95,0.05,default,100,3.0,8,1,1,0,0,0.001015500005451031,
eps_fast_1024_a0b341e5,eps_fast,train,565,1024,easy,5,5,0.1,0.95,0.05,default,100,3.0,8,1,1,0,0,0.0011097999959019944,
eps_fast_1024_a0b341e5,eps_fast,train,566,1024,easy,5,5,0.1,0.95,0.05,default,100,3.0,8,1,1,0,0,0.0010640000109560788,
eps_fast_1024_a0b341e5,eps_fast,train,567,1024,easy,5,5,0.1,0.95,0.05,default,100,3.0,8,1,1,0,0,0.0011106999882031232,
eps_fast_1024_a0b341e5,eps_fast,train,568,1024,easy,5,5,0.1,0.95,0.05,default,100,2.0,9,1,1,0,0,0.0011366000107955188,
eps_fast_1024_a0b341e5,eps_fast,train,569,1024,easy,5,5,0.1,0.95,0.05,default,100,3.0,8,1,1,0,0,0.0010756999981822446,
eps_fast_1024_a0b341e5,eps_fast,train,570,1024,easy,5,5,0.1,0.95,0.05,default,100,3.0,8,1,1,0,0,0.0010657999955583364,
eps_fast_1024_a0b341e5,eps_fast,train,571,1024,easy,5,5,0.1,0.95,0.05,default,100,3.0,8,1,1,0,0,0.001032100000884384,
eps_fast_1024_a0b341e5,eps_fast,train,572,1024,easy,5,5,0.1,0.95,0.05,default,100,3.0,8,1,1,0,0,0.0011017000069841743,
eps_fast_1024_a0b341e5,eps_fast,train,573,1024,easy,5,5,0.1,0.95,0.05,default,100,3.0,8,1,1,0,0,0.0010695999953895807,
eps_fast_1024_a0b341e5,eps_fast,train,574,1024,easy,5,5,0.1,0.95,0.05,default,100,3.0,8,1,1,0,0,0.0010843000054592267,
eps_fast_1024_a0b341e5,eps_fast,train,575,1024,easy,5,5,0.1,0.95,0.05,default,100,3.0,8,1,1,0,0,0.0010636999941198155,
eps_fast_1024_a0b341e5,eps_fast,train,576,1024,easy,5,5,0.1,0.95,0.05,default,100,2.0,9,1,1,0,0,0.0011565000022528693,
eps_fast_1024_a0b341e5,eps_fast,train,577,1024,easy,5,5,0.1,0.95,0.05,default,100,1.0,10,1,1,0,0,0.0012571999977808446,
eps_fast_1024_a0b341e5,eps_fast,train,578,1024,easy,5,5,0.1,0.95,0.05,default,100,1.0,10,1,1,0,0,0.0012630999990506098,
eps_fast_1024_a0b341e5,eps_fast,train,579,1024,easy,5,5,0.1,0.95,0.05,default,100,3.0,8,1,1,0,0,0.001075499996659346,
eps_fast_1024_a0b341e5,eps_fast,train,580,1024,easy,5,5,0.1,0.95,0.05,default,100,3.0,8,1,1,0,0,0.0010655000078259036,
eps_fast_1024_a0b341e5,eps_fast,train,581,1024,easy,5,5,0.1,0.95,0.05,default,100,3.0,8,1,1,0,0,0.001105399991502054,
eps_fast_1024_a0b341e5,eps_fast,train,582,1024,easy,5,5,0.1,0.95,0.05,default,100,3.0,8,1,1,0,0,0.00107709999429062,
eps_fast_1024_a0b341e5,eps_fast,train,583,1024,easy,5,5,0.1,0.95,0.05,default,100,3.0,8,1,1,0,0,0.0010966999980155379,
eps_fast_1024_a0b341e5,eps_fast,train,584,1024,easy,5,5,0.1,0.95,0.05,default,100,3.0,8,1,1,0,0,0.0010206000006292015,
eps_fast_1024_a0b341e5,eps_fast,train,585,1024,easy,5,5,0.1,0.95,0.05,default,100,1.0,10,1,1,0,0,0.0013045999949099496,
eps_fast_1024_a0b341e5,eps_fast,train,586,1024,easy,5,5,0.1,0.95,0.05,default,100,0.0,11,1,1,0,0,0.0012829999905079603,
eps_fast_1024_a0b341e5,eps_fast,train,587,1024,easy,5,5,0.1,0.95,0.05,default,100,1.0,10,1,1,0,0,0.0013104000099701807,
eps_fast_1024_a0b341e5,eps_fast,train,588,1024,easy,5,5,0.1,0.95,0.05,default,100,-1.0,12,1,1,0,0,0.0014265999925555661,
eps_fast_1024_a0b341e5,eps_fast,train,589,1024,easy,5,5,0.1,0.95,0.05,default,100,3.0,8,1,1,0,0,0.0010655000078259036,
eps_fast_1024_a0b341e5,eps_fast,train,590,1024,easy,5,5,0.1,0.95,0.05,default,100,3.0,8,1,1,0,0,0.0010763999889604747,
eps_fast_1024_a0b341e5,eps_fast,train,591,1024,easy,5,5,0.1,0.95,0.05,default,100,3.0,8,1,1,0,0,0.0010614000057103112,
eps_fast_1024_a0b341e5,eps_fast,train,592,1024,easy,5,5,0.1,0.95,0.05,default,100,3.0,8,1,1,0,0,0.0010719999991124496,
eps_fast_1024_a0b341e5,eps_fast,train,593,1024,easy,5,5,0.1,0.95,0.05,default,100,2.0,9,1,1,0,0,0.0011749999976018444,
eps_fast_1024_a0b341e5,eps_fast,train,594,1024,easy,5,5,0.1,0.95,0.05,default,100,2.0,9,1,1,0,0,0.0011361999931978062,
eps_fast_1024_a0b341e5,eps_fast,train,595,1024,easy,5,5,0.1,0.95,0.05,default,100,3.0,8,1,1,0,0,0.0011261000036029145,
eps_fast_1024_a0b341e5,eps_fast,train,596,1024,easy,5,5,0.1,0.95,0.05,default,100,3.0,8,1,1,0,0,0.001066299999365583,
eps_fast_1024_a0b341e5,eps_fast,train,597,1024,easy,5,5,0.1,0.95,0.05,default,100,3.0,8,1,1,0,0,0.0010411000112071633,
eps_fast_1024_a0b341e5,eps_fast,train,598,1024,easy,5,5,0.1,0.95,0.05,default,100,3.0,8,1,1,0,0,0.0010461999918334186,
eps_fast_1024_a0b341e5,eps_fast,train,599,1024,easy,5,5,0.1,0.95,0.05,default,100,3.0,8,1,1,0,0,0.0010826000070665032,
eps_fast_1024_a0b341e5,eps_fast,train,600,1024,easy,5,5,0.1,0.95,0.05,default,100,3.0,8,1,1,0,0,0.001106299998355098,results\epsilon\fast\seed_1024\qtable_ep600.npz
eps_fast_1024_a0b341e5,eps_fast,train,601,1024,easy,5,5,0.1,0.95,0.05,default,100,1.0,10,1,1,0,0,0.0012953000114066526,
eps_fast_1024_a0b341e5,eps_fast,train,602,1024,easy,5,5,0.1,0.95,0.05,default,100,3.0,8,1,1,0,0,0.001087500000721775,
eps_fast_1024_a0b341e5,eps_fast,train,603,1024,easy,5,5,0.1,0.95,0.05,default,100,3.0,8,1,1,0,0,0.0010715999960666522,
eps_fast_1024_a0b341e5,eps_fast,train,604,1024,easy,5,5,0.1,0.95,0.05,default,100,3.0,8,1,1,0,0,0.0010652999917510897,
eps_fast_1024_a0b341e5,eps_fast,train,605,1024,easy,5,5,0.1,0.95,0.05,default,100,2.0,9,1,1,0,0,0.001144399997428991,
eps_fast_1024_a0b341e5,eps_fast,train,606,1024,easy,5,5,0.1,0.95,0.05,default,100,3.0,8,1,1,0,0,0.0010248000035062432,
eps_fast_1024_a0b341e5,eps_fast,train,607,1024,easy,5,5,0.1,0.95,0.05,default,100,1.0,10,1,1,0,0,0.001264399994397536,
eps_fast_1024_a0b341e5,eps_fast,train,608,1024,easy,5,5,0.1,0.95,0.05,default,100,2.0,9,1,1,0,0,0.0011258000013185665,
eps_fast_1024_a0b341e5,eps_fast,train,609,1024,easy,5,5,0.1,0.95,0.05,default,100,3.0,8,1,1,0,0,0.0010691999923437834,
eps_fast_1024_a0b341e5,eps_fast,train,610,1024,easy,5,5,0.1,0.95,0.05,default,100,3.0,8,1,1,0,0,0.0010489999986020848,
eps_fast_1024_a0b341e5,eps_fast,train,611,1024,easy,5,5,0.1,0.95,0.05,default,100,3.0,8,1,1,0,0,0.0010668000031728297,
eps_fast_1024_a0b341e5,eps_fast,train,612,1024,easy,5,5,0.1,0.95,0.05,default,100,3.0,8,1,1,0,0,0.0010232999920845032,
eps_fast_1024_a0b341e5,eps_fast,train,613,1024,easy,5,5,0.1,0.95,0.05,default,100,2.0,9,1,1,0,0,0.0011335000017425045,
eps_fast_1024_a0b341e5,eps_fast,train,614,1024,easy,5,5,0.1,0.95,0.05,default,100,3.0,8,1,1,0,0,0.0010634000063873827,
eps_fast_1024_a0b341e5,eps_fast,train,615,1024,easy,5,5,0.1,0.95,0.05,default,100,3.0,8,1,1,0,0,0.0010528999991947785,
eps_fast_1024_a0b341e5,eps_fast,train,616,1024,easy,5,5,0.1,0.95,0.05,default,100,3.0,8,1,1,0,0,0.0010612000041874126,
eps_fast_1024_a0b341e5,eps_fast,train,617,1024,easy,5,5,0.1,0.95,0.05,default,100,3.0,8,1,1,0,0,0.0010701999999582767,
eps_fast_1024_a0b341e5,eps_fast,train,618,1024,easy,5,5,0.1,0.95,0.05,default,100,3.0,8,1,1,0,0,0.001058599998941645,
eps_fast_1024_a0b341e5,eps_fast,train,619,1024,easy,5,5,0.1,0.95,0.05,default,100,3.0,8,1,1,0,0,0.000999500000034459,
eps_fast_1024_a0b341e5,eps_fast,train,620,1024,easy,5,5,0.1,0.95,0.05,default,100,3.0,8,1,1,0,0,0.0010729999921750277,
eps_fast_1024_a0b341e5,eps_fast,train,621,1024,easy,5,5,0.1,0.95,0.05,default,100,3.0,8,1,1,0,0,0.0010890999983530492,
eps_fast_1024_a0b341e5,eps_fast,train,622,1024,easy,5,5,0.1,0.95,0.05,default,100,1.0,10,1,1,0,0,0.0012701999949058518,
eps_fast_1024_a0b341e5,eps_fast,train,623,1024,easy,5,5,0.1,0.95,0.05,default,100,3.0,8,1,1,0,0,0.0010553999891271815,
eps_fast_1024_a0b341e5,eps_fast,train,624,1024,easy,5,5,0.1,0.95,0.05,default,100,3.0,8,1,1,0,0,0.001073999999789521,
eps_fast_1024_a0b341e5,eps_fast,train,625,1024,easy,5,5,0.1,0.95,0.05,default,100,3.0,8,1,1,0,0,0.0010717000113800168,
eps_fast_1024_a0b341e5,eps_fast,train,626,1024,easy,5,5,0.1,0.95,0.05,default,100,1.0,10,1,1,0,0,0.0012549999955808744,
eps_fast_1024_a0b341e5,eps_fast,train,627,1024,easy,5,5,0.1,0.95,0.05,default,100,3.0,8,1,1,0,0,0.00108380000165198,
eps_fast_1024_a0b341e5,eps_fast,train,628,1024,easy,5,5,0.1,0.95,0.05,default,100,3.0,8,1,1,0,0,0.0010837000008905306,
eps_fast_1024_a0b341e5,eps_fast,train,629,1024,easy,5,5,0.1,0.95,0.05,default,100,2.0,9,1,1,0,0,0.0013898999895900488,
eps_fast_1024_a0b341e5,eps_fast,train,630,1024,easy,5,5,0.1,0.95,0.05,default,100,2.0,9,1,1,0,0,0.0012196000025141984,
eps_fast_1024_a0b341e5,eps_fast,train,631,1024,easy,5,5,0.1,0.95,0.05,default,100,3.0,8,1,1,0,0,0.0010936000035144389,
eps_fast_1024_a0b341e5,eps_fast,train,632,1024,easy,5,5,0.1,0.95,0.05,default,100,3.0,8,1,1,0,0,0.0010777999996207654,
eps_fast_1024_a0b341e5,eps_fast,train,633,1024,easy,5,5,0.1,0.95,0.05,default,100,3.0,8,1,1,0,0,0.001053099986165762,
eps_fast_1024_a0b341e5,eps_fast,train,634,1024,easy,5,5,0.1,0.95,0.05,default,100,3.0,8,1,1,0,0,0.0010783000034280121,
eps_fast_1024_a0b341e5,eps_fast,train,635,1024,easy,5,5,0.1,0.95,0.05,default,100,3.0,8,1,1,0,0,0.0010063999943668023,
eps_fast_1024_a0b341e5,eps_fast,train,636,1024,easy,5,5,0.1,0.95,0.05,default,100,3.0,8,1,1,0,0,0.0010710000060498714,
eps_fast_1024_a0b341e5,eps_fast,train,637,1024,easy,5,5,0.1,0.95,0.05,default,100,3.0,8,1,1,0,0,0.001075499996659346,
eps_fast_1024_a0b341e5,eps_fast,train,638,1024,easy,5,5,0.1,0.95,0.05,default,100,3.0,8,1,1,0,0,0.0010782000026665628,
eps_fast_1024_a0b341e5,eps_fast,train,639,1024,easy,5,5,0.1,0.95,0.05,default,100,3.0,8,1,1,0,0,0.0010255999950459227,
eps_fast_1024_a0b341e5,eps_fast,train,640,1024,easy,5,5,0.1,0.95,0.05,default,100,3.0,8,1,1,0,0,0.0010701999999582767,
eps_fast_1024_a0b341e5,eps_fast,train,641,1024,easy,5,5,0.1,0.95,0.05,default,100,2.0,9,1,1,0,0,0.0011807000119006261,
eps_fast_1024_a0b341e5,eps_fast,train,642,1024,easy,5,5,0.1,0.95,0.05,default,100,3.0,8,1,1,0,0,0.0010923999943770468,
eps_fast_1024_a0b341e5,eps_fast,train,643,1024,easy,5,5,0.1,0.95,0.05,default,100,3.0,8,1,1,0,0,0.0010595999920042232,
eps_fast_1024_a0b341e5,eps_fast,train,644,1024,easy,5,5,0.1,0.95,0.05,default,100,3.0,8,1,1,0,0,0.0010763000027509406,
eps_fast_1024_a0b341e5,eps_fast,train,645,1024,easy,5,5,0.1,0.95,0.05,default,100,3.0,8,1,1,0,0,0.0010274999949615449,
eps_fast_1024_a0b341e5,eps_fast,train,646,1024,easy,5,5,0.1,0.95,0.05,default,100,3.0,8,1,1,0,0,0.0010737000120570883,
eps_fast_1024_a0b341e5,eps_fast,train,647,1024,easy,5,5,0.1,0.95,0.05,default,100,3.0,8,1,1,0,0,0.0011277000012341887,
eps_fast_1024_a0b341e5,eps_fast,train,648,1024,easy,5,5,0.1,0.95,0.05,default,100,1.0,10,1,1,0,0,0.0012029999925289303,
eps_fast_1024_a0b341e5,eps_fast,train,649,1024,easy,5,5,0.1,0.95,0.05,default,100,3.0,8,1,1,0,0,0.0012431000068318099,
eps_fast_1024_a0b341e5,eps_fast,train,650,1024,easy,5,5,0.1,0.95,0.05,default,100,3.0,8,1,1,0,0,0.0012092999968444929,
eps_fast_1024_a0b341e5,eps_fast,train,651,1024,easy,5,5,0.1,0.95,0.05,default,100,3.0,8,1,1,0,0,0.0011006999993696809,
eps_fast_1024_a0b341e5,eps_fast,train,652,1024,easy,5,5,0.1,0.95,0.05,default,100,3.0,8,1,1,0,0,0.0010675999947125092,
eps_fast_1024_a0b341e5,eps_fast,train,653,1024,easy,5,5,0.1,0.95,0.05,default,100,3.0,8,1,1,0,0,0.0010597000073175877,
eps_fast_1024_a0b341e5,eps_fast,train,654,1024,easy,5,5,0.1,0.95,0.05,default,100,3.0,8,1,1,0,0,0.0010749999928520992,
eps_fast_1024_a0b341e5,eps_fast,train,655,1024,easy,5,5,0.1,0.95,0.05,default,100,2.0,9,1,1,0,0,0.001117399995564483,
eps_fast_1024_a0b341e5,eps_fast,train,656,1024,easy,5,5,0.1,0.95,0.05,default,100,3.0,8,1,1,0,0,0.0010660999978426844,
eps_fast_1024_a0b341e5,eps_fast,train,657,1024,easy,5,5,0.1,0.95,0.05,default,100,3.0,8,1,1,0,0,0.0010520000068936497,
eps_fast_1024_a0b341e5,eps_fast,train,658,1024,easy,5,5,0.1,0.95,0.05,default,100,1.0,10,1,1,0,0,0.0012671000004047528,
eps_fast_1024_a0b341e5,eps_fast,train,659,1024,easy,5,5,0.1,0.95,0.05,default,100,1.0,10,1,1,0,0,0.0012336999934632331,
eps_fast_1024_a0b341e5,eps_fast,train,660,1024,easy,5,5,0.1,0.95,0.05,default,100,3.0,8,1,1,0,0,0.0011904999992111698,
eps_fast_1024_a0b341e5,eps_fast,train,661,1024,easy,5,5,0.1,0.95,0.05,default,100,3.0,8,1,1,0,0,0.0011232000106247142,
eps_fast_1024_a0b341e5,eps_fast,train,662,1024,easy,5,5,0.1,0.95,0.05,default,100,3.0,8,1,1,0,0,0.0010711999930208549,
eps_fast_1024_a0b341e5,eps_fast,train,663,1024,easy,5,5,0.1,0.95,0.05,default,100,3.0,8,1,1,0,0,0.0010827999940374866,
eps_fast_1024_a0b341e5,eps_fast,train,664,1024,easy,5,5,0.1,0.95,0.05,default,100,3.0,8,1,1,0,0,0.0010275999957229942,
eps_fast_1024_a0b341e5,eps_fast,train,665,1024,easy,5,5,0.1,0.95,0.05,default,100,2.0,9,1,1,0,0,0.0011632999958237633,
eps_fast_1024_a0b341e5,eps_fast,train,666,1024,easy,5,5,0.1,0.95,0.05,default,100,3.0,8,1,1,0,0,0.0011586000036913902,
eps_fast_1024_a0b341e5,eps_fast,train,667,1024,easy,5,5,0.1,0.95,0.05,default,100,2.0,9,1,1,0,0,0.0011595999967539683,
eps_fast_1024_a0b341e5,eps_fast,train,668,1024,easy,5,5,0.1,0.95,0.05,default,100,3.0,8,1,1,0,0,0.0010977999918395653,
eps_fast_1024_a0b341e5,eps_fast,train,669,1024,easy,5,5,0.1,0.95,0.05,default,100,3.0,8,1,1,0,0,0.0010741000005509704,
eps_fast_1024_a0b341e5,eps_fast,train,670,1024,easy,5,5,0.1,0.95,0.05,default,100,1.0,10,1,1,0,0,0.001211499999044463,
eps_fast_1024_a0b341e5,eps_fast,train,671,1024,easy,5,5,0.1,0.95,0.05,default,100,3.0,8,1,1,0,0,0.0010602999973343685,
eps_fast_1024_a0b341e5,eps_fast,train,672,1024,easy,5,5,0.1,0.95,0.05,default,100,1.0,10,1,1,0,0,0.0012570999970193952,
eps_fast_1024_a0b341e5,eps_fast,train,673,1024,easy,5,5,0.1,0.95,0.05,default,100,2.0,9,1,1,0,0,0.0011329000117257237,
eps_fast_1024_a0b341e5,eps_fast,train,674,1024,easy,5,5,0.1,0.95,0.05,default,100,1.0,10,1,1,0,0,0.0012734999909298494,
eps_fast_1024_a0b341e5,eps_fast,train,675,1024,easy,5,5,0.1,0.95,0.05,default,100,3.0,8,1,1,0,0,0.0010731999936979264,
eps_fast_1024_a0b341e5,eps_fast,train,676,1024,easy,5,5,0.1,0.95,0.05,default,100,2.0,9,1,1,0,0,0.0011366999970050529,
eps_fast_1024_a0b341e5,eps_fast,train,677,1024,easy,5,5,0.1,0.95,0.05,default,100,3.0,8,1,1,0,0,0.00109790000715293,
eps_fast_1024_a0b341e5,eps_fast,train,678,1024,easy,5,5,0.1,0.95,0.05,default,100,3.0,8,1,1,0,0,0.0010578000074019656,
eps_fast_1024_a0b341e5,eps_fast,train,679,1024,easy,5,5,0.1,0.95,0.05,default,100,3.0,8,1,1,0,0,0.0010980999941239133,
eps_fast_1024_a0b341e5,eps_fast,train,680,1024,easy,5,5,0.1,0.95,0.05,default,100,3.0,8,1,1,0,0,0.0010539000068092719,
eps_fast_1024_a0b341e5,eps_fast,train,681,1024,easy,5,5,0.1,0.95,0.05,default,100,0.0,11,1,1,0,0,0.0013270000054035336,
eps_fast_1024_a0b341e5,eps_fast,train,682,1024,easy,5,5,0.1,0.95,0.05,default,100,3.0,8,1,1,0,0,0.0010777999996207654,
eps_fast_1024_a0b341e5,eps_fast,train,683,1024,easy,5,5,0.1,0.95,0.05,default,100,3.0,8,1,1,0,0,0.0010665000008884817,
eps_fast_1024_a0b341e5,eps_fast,train,684,1024,easy,5,5,0.1,0.95,0.05,default,100,2.0,9,1,1,0,0,0.0011717999877873808,
eps_fast_1024_a0b341e5,eps_fast,train,685,1024,easy,5,5,0.1,0.95,0.05,default,100,2.0,9,1,1,0,0,0.0010416000004624948,
eps_fast_1024_a0b341e5,eps_fast,train,686,1024,easy,5,5,0.1,0.95,0.05,default,100,2.0,9,1,1,0,0,0.001149600007920526,
eps_fast_1024_a0b341e5,eps_fast,train,687,1024,easy,5,5,0.1,0.95,0.05,default,100,2.0,9,1,1,0,0,0.0011443000112194568,
eps_fast_1024_a0b341e5,eps_fast,train,688,1024,easy,5,5,0.1,0.95,0.05,default,100,3.0,8,1,1,0,0,0.0010790999949676916,
eps_fast_1024_a0b341e5,eps_fast,train,689,1024,easy,5,5,0.1,0.95,0.05,default,100,3.0,8,1,1,0,0,0.0010695999953895807,
eps_fast_1024_a0b341e5,eps_fast,train,690,1024,easy,5,5,0.1,0.95,0.05,default,100,2.0,9,1,1,0,0,0.0011460000096121803,
eps_fast_1024_a0b341e5,eps_fast,train,691,1024,easy,5,5,0.1,0.95,0.05,default,100,1.0,10,1,1,0,0,0.0012736999924527481,
eps_fast_1024_a0b341e5,eps_fast,train,692,1024,easy,5,5,0.1,0.95,0.05,default,100,3.0,8,1,1,0,0,0.0010163999977521598,
eps_fast_1024_a0b341e5,eps_fast,train,693,1024,easy,5,5,0.1,0.95,0.05,default,100,3.0,8,1,1,0,0,0.0010788000072352588,
eps_fast_1024_a0b341e5,eps_fast,train,694,1024,easy,5,5,0.1,0.95,0.05,default,100,2.0,9,1,1,0,0,0.0010980999941239133,
eps_fast_1024_a0b341e5,eps_fast,train,695,1024,easy,5,5,0.1,0.95,0.05,default,100,3.0,8,1,1,0,0,0.0010782000026665628,
eps_fast_1024_a0b341e5,eps_fast,train,696,1024,easy,5,5,0.1,0.95,0.05,default,100,1.0,10,1,1,0,0,0.0012491999950725585,
eps_fast_1024_a0b341e5,eps_fast,train,697,1024,easy,5,5,0.1,0.95,0.05,default,100,3.0,8,1,1,0,0,0.0011119999981019646,
eps_fast_1024_a0b341e5,eps_fast,train,698,1024,easy,5,5,0.1,0.95,0.05,default,100,-1.0,12,1,1,0,0,0.0014539999974658713,
eps_fast_1024_a0b341e5,eps_fast,train,699,1024,easy,5,5,0.1,0.95,0.05,default,100,1.0,10,1,1,0,0,0.001204400003189221,
eps_fast_1024_a0b341e5,eps_fast,train,700,1024,easy,5,5,0.1,0.95,0.05,default,100,3.0,8,1,1,0,0,0.0010670000046957284,
eps_fast_1024_a0b341e5,eps_fast,train,701,1024,easy,5,5,0.1,0.95,0.05,default,100,3.0,8,1,1,0,0,0.0011126000026706606,
eps_fast_1024_a0b341e5,eps_fast,train,702,1024,easy,5,5,0.1,0.95,0.05,default,100,3.0,8,1,1,0,0,0.0010971000010613352,
eps_fast_1024_a0b341e5,eps_fast,train,703,1024,easy,5,5,0.1,0.95,0.05,default,100,1.0,10,1,1,0,0,0.0012494999973569065,
eps_fast_1024_a0b341e5,eps_fast,train,704,1024,easy,5,5,0.1,0.95,0.05,default,100,3.0,8,1,1,0,0,0.0010731000074883923,
eps_fast_1024_a0b341e5,eps_fast,train,705,1024,easy,5,5,0.1,0.95,0.05,default,100,3.0,8,1,1,0,0,0.0010151999886147678,
eps_fast_1024_a0b341e5,eps_fast,train,706,1024,easy,5,5,0.1,0.95,0.05,default,100,3.0,8,1,1,0,0,0.0010852999985218048,
eps_fast_1024_a0b341e5,eps_fast,train,707,1024,easy,5,5,0.1,0.95,0.05,default,100,3.0,8,1,1,0,0,0.001101300003938377,
eps_fast_1024_a0b341e5,eps_fast,train,708,1024,easy,5,5,0.1,0.95,0.05,default,100,3.0,8,1,1,0,0,0.0010188000014750287,
eps_fast_1024_a0b341e5,eps_fast,train,709,1024,easy,5,5,0.1,0.95,0.05,default,100,3.0,8,1,1,0,0,0.0010941999935312197,
eps_fast_1024_a0b341e5,eps_fast,train,710,1024,easy,5,5,0.1,0.95,0.05,default,100,3.0,8,1,1,0,0,0.0010543000098550692,
eps_fast_1024_a0b341e5,eps_fast,train,711,1024,easy,5,5,0.1,0.95,0.05,default,100,3.0,8,1,1,0,0,0.0010276999964844435,
eps_fast_1024_a0b341e5,eps_fast,train,712,1024,easy,5,5,0.1,0.95,0.05,default,100,3.0,8,1,1,0,0,0.0010607000003801659,
eps_fast_1024_a0b341e5,eps_fast,train,713,1024,easy,5,5,0.1,0.95,0.05,default,100,3.0,8,1,1,0,0,0.001077000008081086,
eps_fast_1024_a0b341e5,eps_fast,train,714,1024,easy,5,5,0.1,0.95,0.05,default,100,0.0,11,1,1,0,0,0.0013085999962640926,
eps_fast_1024_a0b341e5,eps_fast,train,715,1024,easy,5,5,0.1,0.95,0.05,default,100,3.0,8,1,1,0,0,0.0010880000045290217,
eps_fast_1024_a0b341e5,eps_fast,train,716,1024,easy,5,5,0.1,0.95,0.05,default,100,3.0,8,1,1,0,0,0.0010091000003740191,
eps_fast_1024_a0b341e5,eps_fast,train,717,1024,easy,5,5,0.1,0.95,0.05,default,100,3.0,8,1,1,0,0,0.0010795999987749383,
eps_fast_1024_a0b341e5,eps_fast,train,718,1024,easy,5,5,0.1,0.95,0.05,default,100,3.0,8,1,1,0,0,0.0010673000069800764,
eps_fast_1024_a0b341e5,eps_fast,train,719,1024,easy,5,5,0.1,0.95,0.05,default,100,2.0,9,1,1,0,0,0.0011303999926894903,
eps_fast_1024_a0b341e5,eps_fast,train,720,1024,easy,5,5,0.1,0.95,0.05,default,100,3.0,8,1,1,0,0,0.0010690000053728,
eps_fast_1024_a0b341e5,eps_fast,train,721,1024,easy,5,5,0.1,0.95,0.05,default,100,3.0,8,1,1,0,0,0.0010808999941218644,
eps_fast_1024_a0b341e5,eps_fast,train,722,1024,easy,5,5,0.1,0.95,0.05,default,100,3.0,8,1,1,0,0,0.001082899994798936,
eps_fast_1024_a0b341e5,eps_fast,train,723,1024,easy,5,5,0.1,0.95,0.05,default,100,3.0,8,1,1,0,0,0.0010146999993594363,
eps_fast_1024_a0b341e5,eps_fast,train,724,1024,easy,5,5,0.1,0.95,0.05,default,100,3.0,8,1,1,0,0,0.0010883000068133697,
eps_fast_1024_a0b341e5,eps_fast,train,725,1024,easy,5,5,0.1,0.95,0.05,default,100,3.0,8,1,1,0,0,0.0010577999928500503,
eps_fast_1024_a0b341e5,eps_fast,train,726,1024,easy,5,5,0.1,0.95,0.05,default,100,3.0,8,1,1,0,0,0.001084400006220676,
eps_fast_1024_a0b341e5,eps_fast,train,727,1024,easy,5,5,0.1,0.95,0.05,default,100,3.0,8,1,1,0,0,0.0010826999932760373,
eps_fast_1024_a0b341e5,eps_fast,train,728,1024,easy,5,5,0.1,0.95,0.05,default,100,1.0,10,1,1,0,0,0.0012271000014152378,
eps_fast_1024_a0b341e5,eps_fast,train,729,1024,easy,5,5,0.1,0.95,0.05,default,100,2.0,9,1,1,0,0,0.0011705000069923699,
eps_fast_1024_a0b341e5,eps_fast,train,730,1024,easy,5,5,0.1,0.95,0.05,default,100,3.0,8,1,1,0,0,0.0010752999951364473,
eps_fast_1024_a0b341e5,eps_fast,train,731,1024,easy,5,5,0.1,0.95,0.05,default,100,3.0,8,1,1,0,0,0.0010943000088445842,
eps_fast_1024_a0b341e5,eps_fast,train,732,1024,easy,5,5,0.1,0.95,0.05,default,100,3.0,8,1,1,0,0,0.0010598999942885712,
eps_fast_1024_a0b341e5,eps_fast,train,733,1024,easy,5,5,0.1,0.95,0.05,default,100,1.0,10,1,1,0,0,0.0013103999954182655,
eps_fast_1024_a0b341e5,eps_fast,train,734,1024,easy,5,5,0.1,0.95,0.05,default,100,3.0,8,1,1,0,0,0.001066600001649931,
eps_fast_1024_a0b341e5,eps_fast,train,735,1024,easy,5,5,0.1,0.95,0.05,default,100,3.0,8,1,1,0,0,0.0010796999995363876,
eps_fast_1024_a0b341e5,eps_fast,train,736,1024,easy,5,5,0.1,0.95,0.05,default,100,3.0,8,1,1,0,0,0.001054599997587502,
eps_fast_1024_a0b341e5,eps_fast,train,737,1024,easy,5,5,0.1,0.95,0.05,default,100,3.0,8,1,1,0,0,0.0010845000069821253,
eps_fast_1024_a0b341e5,eps_fast,train,738,1024,easy,5,5,0.1,0.95,0.05,default,100,3.0,8,1,1,0,0,0.0010708000045269728,
eps_fast_1024_a0b341e5,eps_fast,train,739,1024,easy,5,5,0.1,0.95,0.05,default,100,3.0,8,1,1,0,0,0.0010554999898886308,
eps_fast_1024_a0b341e5,eps_fast,train,740,1024,easy,5,5,0.1,0.95,0.05,default,100,3.0,8,1,1,0,0,0.0010681999992812052,
eps_fast_1024_a0b341e5,eps_fast,train,741,1024,easy,5,5,0.1,0.95,0.05,default,100,3.0,8,1,1,0,0,0.001088400007574819,
eps_fast_1024_a0b341e5,eps_fast,train,742,1024,easy,5,5,0.1,0.95,0.05,default,100,3.0,8,1,1,0,0,0.0010843000054592267,
eps_fast_1024_a0b341e5,eps_fast,train,743,1024,easy,5,5,0.1,0.95,0.05,default,100,2.0,9,1,1,0,0,0.00109790000715293,
eps_fast_1024_a0b341e5,eps_fast,train,744,1024,easy,5,5,0.1,0.95,0.05,default,100,2.0,9,1,1,0,0,0.0011573999945539981,
eps_fast_1024_a0b341e5,eps_fast,train,745,1024,easy,5,5,0.1,0.95,0.05,default,100,3.0,8,1,1,0,0,0.001071799997589551,
eps_fast_1024_a0b341e5,eps_fast,train,746,1024,easy,5,5,0.1,0.95,0.05,default,100,3.0,8,1,1,0,0,0.0010748000058811158,
eps_fast_1024_a0b341e5,eps_fast,train,747,1024,easy,5,5,0.1,0.95,0.05,default,100,3.0,8,1,1,0,0,0.0010637000086717308,
eps_fast_1024_a0b341e5,eps_fast,train,748,1024,easy,5,5,0.1,0.95,0.05,default,100,3.0,8,1,1,0,0,0.001079199995729141,
eps_fast_1024_a0b341e5,eps_fast,train,749,1024,easy,5,5,0.1,0.95,0.05,default,100,3.0,8,1,1,0,0,0.0010742000013124198,
eps_fast_1024_a0b341e5,eps_fast,train,750,1024,easy,5,5,0.1,0.95,0.05,default,100,3.0,8,1,1,0,0,0.0010997000063071027,
eps_fast_1024_a0b341e5,eps_fast,train,751,1024,easy,5,5,0.1,0.95,0.05,default,100,3.0,8,1,1,0,0,0.0010990000009769574,
eps_fast_1024_a0b341e5,eps_fast,train,752,1024,easy,5,5,0.1,0.95,0.05,default,100,3.0,8,1,1,0,0,0.0010869999969145283,
eps_fast_1024_a0b341e5,eps_fast,train,753,1024,easy,5,5,0.1,0.95,0.05,default,100,2.0,9,1,1,0,0,0.0011482999980216846,
eps_fast_1024_a0b341e5,eps_fast,train,754,1024,easy,5,5,0.1,0.95,0.05,default,100,2.0,9,1,1,0,0,0.0011310999980196357,
eps_fast_1024_a0b341e5,eps_fast,train,755,1024,easy,5,5,0.1,0.95,0.05,default,100,3.0,8,1,1,0,0,0.0010810999956447631,
eps_fast_1024_a0b341e5,eps_fast,train,756,1024,easy,5,5,0.1,0.95,0.05,default,100,3.0,8,1,1,0,0,0.001068400000804104,
eps_fast_1024_a0b341e5,eps_fast,train,757,1024,easy,5,5,0.1,0.95,0.05,default,100,3.0,8,1,1,0,0,0.0010392000112915412,
eps_fast_1024_a0b341e5,eps_fast,train,758,1024,easy,5,5,0.1,0.95,0.05,default,100,3.0,8,1,1,0,0,0.0010609999881125987,
eps_fast_1024_a0b341e5,eps_fast,train,759,1024,easy,5,5,0.1,0.95,0.05,default,100,3.0,8,1,1,0,0,0.001029699997161515,
eps_fast_1024_a0b341e5,eps_fast,train,760,1024,easy,5,5,0.1,0.95,0.05,default,100,3.0,8,1,1,0,0,0.0010553000029176474,
eps_fast_1024_a0b341e5,eps_fast,train,761,1024,easy,5,5,0.1,0.95,0.05,default,100,3.0,8,1,1,0,0,0.0010960999934468418,
eps_fast_1024_a0b341e5,eps_fast,train,762,1024,easy,5,5,0.1,0.95,0.05,default,100,3.0,8,1,1,0,0,0.0011070000036852434,
eps_fast_1024_a0b341e5,eps_fast,train,763,1024,easy,5,5,0.1,0.95,0.05,default,100,3.0,8,1,1,0,0,0.001072199986083433,
eps_fast_1024_a0b341e5,eps_fast,train,764,1024,easy,5,5,0.1,0.95,0.05,default,100,3.0,8,1,1,0,0,0.0010360999876866117,
eps_fast_1024_a0b341e5,eps_fast,train,765,1024,easy,5,5,0.1,0.95,0.05,default,100,3.0,8,1,1,0,0,0.0010758999997051433,
eps_fast_1024_a0b341e5,eps_fast,train,766,1024,easy,5,5,0.1,0.95,0.05,default,100,3.0,8,1,1,0,0,0.001029000006383285,
eps_fast_1024_a0b341e5,eps_fast,train,767,1024,easy,5,5,0.1,0.95,0.05,default,100,3.0,8,1,1,0,0,0.0010745000035967678,
eps_fast_1024_a0b341e5,eps_fast,train,768,1024,easy,5,5,0.1,0.95,0.05,default,100,2.0,9,1,1,0,0,0.0011609999928623438,
eps_fast_1024_a0b341e5,eps_fast,train,769,1024,easy,5,5,0.1,0.95,0.05,default,100,3.0,8,1,1,0,0,0.0010763000027509406,
eps_fast_1024_a0b341e5,eps_fast,train,770,1024,easy,5,5,0.1,0.95,0.05,default,100,3.0,8,1,1,0,0,0.0010857000015676022,
eps_fast_1024_a0b341e5,eps_fast,train,771,1024,easy,5,5,0.1,0.95,0.05,default,100,3.0,8,1,1,0,0,0.0010670000046957284,
eps_fast_1024_a0b341e5,eps_fast,train,772,1024,easy,5,5,0.1,0.95,0.05,default,100,3.0,8,1,1,0,0,0.0011565000022528693,
eps_fast_1024_a0b341e5,eps_fast,train,773,1024,easy,5,5,0.1,0.95,0.05,default,100,3.0,8,1,1,0,0,0.001075499996659346,
eps_fast_1024_a0b341e5,eps_fast,train,774,1024,easy,5,5,0.1,0.95,0.05,default,100,3.0,8,1,1,0,0,0.0010447999957250431,
eps_fast_1024_a0b341e5,eps_fast,train,775,1024,easy,5,5,0.1,0.95,0.05,default,100,3.0,8,1,1,0,0,0.0010715000098571181,
eps_fast_1024_a0b341e5,eps_fast,train,776,1024,easy,5,5,0.1,0.95,0.05,default,100,3.0,8,1,1,0,0,0.0010550000006332994,
eps_fast_1024_a0b341e5,eps_fast,train,777,1024,easy,5,5,0.1,0.95,0.05,default,100,3.0,8,1,1,0,0,0.0010750999936135486,
eps_fast_1024_a0b341e5,eps_fast,train,778,1024,easy,5,5,0.1,0.95,0.05,default,100,3.0,8,1,1,0,0,0.0010085999965667725,
eps_fast_1024_a0b341e5,eps_fast,train,779,1024,easy,5,5,0.1,0.95,0.05,default,100,3.0,8,1,1,0,0,0.0010688000038499013,
eps_fast_1024_a0b341e5,eps_fast,train,780,1024,easy,5,5,0.1,0.95,0.05,default,100,2.0,9,1,1,0,0,0.0011328999971738085,
eps_fast_1024_a0b341e5,eps_fast,train,781,1024,easy,5,5,0.1,0.95,0.05,default,100,3.0,8,1,1,0,0,0.0010873999999603257,
eps_fast_1024_a0b341e5,eps_fast,train,782,1024,easy,5,5,0.1,0.95,0.05,default,100,1.0,10,1,1,0,0,0.0012473000097088516,
eps_fast_1024_a0b341e5,eps_fast,train,783,1024,easy,5,5,0.1,0.95,0.05,default,100,3.0,8,1,1,0,0,0.001071799997589551,
eps_fast_1024_a0b341e5,eps_fast,train,784,1024,easy,5,5,0.1,0.95,0.05,default,100,3.0,8,1,1,0,0,0.0010669999901438132,
eps_fast_1024_a0b341e5,eps_fast,train,785,1024,easy,5,5,0.1,0.95,0.05,default,100,3.0,8,1,1,0,0,0.0011202000023331493,
eps_fast_1024_a0b341e5,eps_fast,train,786,1024,easy,5,5,0.1,0.95,0.05,default,100,3.0,8,1,1,0,0,0.000996700007817708,
eps_fast_1024_a0b341e5,eps_fast,train,787,1024,easy,5,5,0.1,0.95,0.05,default,100,0.0,11,1,1,0,0,0.0013278999977046624,
eps_fast_1024_a0b341e5,eps_fast,train,788,1024,easy,5,5,0.1,0.95,0.05,default,100,3.0,8,1,1,0,0,0.0011034000053768978,
eps_fast_1024_a0b341e5,eps_fast,train,789,1024,easy,5,5,0.1,0.95,0.05,default,100,3.0,8,1,1,0,0,0.001070900005288422,
eps_fast_1024_a0b341e5,eps_fast,train,790,1024,easy,5,5,0.1,0.95,0.05,default,100,1.0,10,1,1,0,0,0.001269000000320375,
eps_fast_1024_a0b341e5,eps_fast,train,791,1024,easy,5,5,0.1,0.95,0.05,default,100,3.0,8,1,1,0,0,0.001090599995222874,
eps_fast_1024_a0b341e5,eps_fast,train,792,1024,easy,5,5,0.1,0.95,0.05,default,100,2.0,9,1,1,0,0,0.0011451000027591363,
eps_fast_1024_a0b341e5,eps_fast,train,793,1024,easy,5,5,0.1,0.95,0.05,default,100,3.0,8,1,1,0,0,0.001076700005796738,
eps_fast_1024_a0b341e5,eps_fast,train,794,1024,easy,5,5,0.1,0.95,0.05,default,100,3.0,8,1,1,0,0,0.0010488999978406355,
eps_fast_1024_a0b341e5,eps_fast,train,795,1024,easy,5,5,0.1,0.95,0.05,default,100,3.0,8,1,1,0,0,0.0010608000011416152,
eps_fast_1024_a0b341e5,eps_fast,train,796,1024,easy,5,5,0.1,0.95,0.05,default,100,3.0,8,1,1,0,0,0.0010517000046093017,
eps_fast_1024_a0b341e5,eps_fast,train,797,1024,easy,5,5,0.1,0.95,0.05,default,100,3.0,8,1,1,0,0,0.0010731000074883923,
eps_fast_1024_a0b341e5,eps_fast,train,798,1024,easy,5,5,0.1,0.95,0.05,default,100,3.0,8,1,1,0,0,0.0010029999975813553,
eps_fast_1024_a0b341e5,eps_fast,train,799,1024,easy,5,5,0.1,0.95,0.05,default,100,2.0,9,1,1,0,0,0.0011323000071570277,
eps_fast_1024_a0b341e5,eps_fast,train,800,1024,easy,5,5,0.1,0.95,0.05,default,100,3.0,8,1,1,0,0,0.0010488999978406355,results\epsilon\fast\seed_1024\qtable_ep800.npz
eps_fast_1024_a0b341e5,eps_fast,eval,1,1024,easy,5,5,0.1,0.95,0.0,default,100,-100.0,100,0,0,1,0,,
eps_fast_1024_a0b341e5,eps_fast,eval,2,1024,easy,5,5,0.1,0.95,0.0,default,100,-100.0,100,0,0,1,0,,
eps_fast_1024_a0b341e5,eps_fast,eval,3,1024,easy,5,5,0.1,0.95,0.0,default,100,-100.0,100,0,0,1,0,,
eps_fast_1024_a0b341e5,eps_fast,eval,4,1024,easy,5,5,0.1,0.95,0.0,default,100,-100.0,100,0,0,1,0,,
eps_fast_1024_a0b341e5,eps_fast,eval,5,1024,easy,5,5,0.1,0.95,0.0,default,100,-100.0,100,0,0,1,0,,
eps_fast_1024_a0b341e5,eps_fast,eval,6,1024,easy,5,5,0.1,0.95,0.0,default,100,-100.0,100,0,0,1,0,,
eps_fast_1024_a0b341e5,eps_fast,eval,7,1024,easy,5,5,0.1,0.95,0.0,default,100,-100.0,100,0,0,1,0,,
eps_fast_1024_a0b341e5,eps_fast,eval,8,1024,easy,5,5,0.1,0.95,0.0,default,100,-100.0,100,0,0,1,0,,
eps_fast_1024_a0b341e5,eps_fast,eval,9,1024,easy,5,5,0.1,0.95,0.0,default,100,-100.0,100,0,0,1,0,,
eps_fast_1024_a0b341e5,eps_fast,eval,10,1024,easy,5,5,0.1,0.95,0.0,default,100,-100.0,100,0,0,1,0,,
eps_fast_1024_a0b341e5,eps_fast,eval,1,1024,easy,5,5,0.1,0.95,0.0,default,100,-100.0,100,0,0,1,0,,
eps_fast_1024_a0b341e5,eps_fast,eval,2,1024,easy,5,5,0.1,0.95,0.0,default,100,-100.0,100,0,0,1,0,,
eps_fast_1024_a0b341e5,eps_fast,eval,3,1024,easy,5,5,0.1,0.95,0.0,default,100,-100.0,100,0,0,1,0,,
eps_fast_1024_a0b341e5,eps_fast,eval,4,1024,easy,5,5,0.1,0.95,0.0,default,100,-100.0,100,0,0,1,0,,
eps_fast_1024_a0b341e5,eps_fast,eval,5,1024,easy,5,5,0.1,0.95,0.0,default,100,-100.0,100,0,0,1,0,,
eps_fast_1024_a0b341e5,eps_fast,eval,6,1024,easy,5,5,0.1,0.95,0.0,default,100,-100.0,100,0,0,1,0,,
eps_fast_1024_a0b341e5,eps_fast,eval,7,1024,easy,5,5,0.1,0.95,0.0,default,100,-100.0,100,0,0,1,0,,
eps_fast_1024_a0b341e5,eps_fast,eval,8,1024,easy,5,5,0.1,0.95,0.0,default,100,-100.0,100,0,0,1,0,,
eps_fast_1024_a0b341e5,eps_fast,eval,9,1024,easy,5,5,0.1,0.95,0.0,default,100,-100.0,100,0,0,1,0,,
eps_fast_1024_a0b341e5,eps_fast,eval,10,1024,easy,5,5,0.1,0.95,0.0,default,100,-100.0,100,0,0,1,0,,
eps_fast_1024_a0b341e5,eps_fast,eval,1,1024,easy,5,5,0.1,0.95,0.0,default,100,-100.0,100,0,0,1,0,,
eps_fast_1024_a0b341e5,eps_fast,eval,2,1024,easy,5,5,0.1,0.95,0.0,default,100,-100.0,100,0,0,1,0,,
eps_fast_1024_a0b341e5,eps_fast,eval,3,1024,easy,5,5,0.1,0.95,0.0,default,100,-100.0,100,0,0,1,0,,
eps_fast_1024_a0b341e5,eps_fast,eval,4,1024,easy,5,5,0.1,0.95,0.0,default,100,-100.0,100,0,0,1,0,,
eps_fast_1024_a0b341e5,eps_fast,eval,5,1024,easy,5,5,0.1,0.95,0.0,default,100,-100.0,100,0,0,1,0,,
eps_fast_1024_a0b341e5,eps_fast,eval,6,1024,easy,5,5,0.1,0.95,0.0,default,100,-100.0,100,0,0,1,0,,
eps_fast_1024_a0b341e5,eps_fast,eval,7,1024,easy,5,5,0.1,0.95,0.0,default,100,-100.0,100,0,0,1,0,,
eps_fast_1024_a0b341e5,eps_fast,eval,8,1024,easy,5,5,0.1,0.95,0.0,default,100,-100.0,100,0,0,1,0,,
eps_fast_1024_a0b341e5,eps_fast,eval,9,1024,easy,5,5,0.1,0.95,0.0,default,100,-100.0,100,0,0,1,0,,
eps_fast_1024_a0b341e5,eps_fast,eval,10,1024,easy,5,5,0.1,0.95,0.0,default,100,-100.0,100,0,0,1,0,,
eps_fast_1024_a0b341e5,eps_fast,eval,1,1024,easy,5,5,0.1,0.95,0.0,default,100,3.0,8,1,1,0,0,,
eps_fast_1024_a0b341e5,eps_fast,eval,2,1024,easy,5,5,0.1,0.95,0.0,default,100,3.0,8,1,1,0,0,,
eps_fast_1024_a0b341e5,eps_fast,eval,3,1024,easy,5,5,0.1,0.95,0.0,default,100,3.0,8,1,1,0,0,,
eps_fast_1024_a0b341e5,eps_fast,eval,4,1024,easy,5,5,0.1,0.95,0.0,default,100,3.0,8,1,1,0,0,,
eps_fast_1024_a0b341e5,eps_fast,eval,5,1024,easy,5,5,0.1,0.95,0.0,default,100,3.0,8,1,1,0,0,,
eps_fast_1024_a0b341e5,eps_fast,eval,6,1024,easy,5,5,0.1,0.95,0.0,default,100,3.0,8,1,1,0,0,,
eps_fast_1024_a0b341e5,eps_fast,eval,7,1024,easy,5,5,0.1,0.95,0.0,default,100,3.0,8,1,1,0,0,,
eps_fast_1024_a0b341e5,eps_fast,eval,8,1024,easy,5,5,0.1,0.95,0.0,default,100,3.0,8,1,1,0,0,,
eps_fast_1024_a0b341e5,eps_fast,eval,9,1024,easy,5,5,0.1,0.95,0.0,default,100,3.0,8,1,1,0,0,,
eps_fast_1024_a0b341e5,eps_fast,eval,10,1024,easy,5,5,0.1,0.95,0.0,default,100,3.0,8,1,1,0,0,,
eps_fast_1024_a0b341e5,eps_fast,eval,1,1024,easy,5,5,0.1,0.95,0.0,default,100,3.0,8,1,1,0,0,,
eps_fast_1024_a0b341e5,eps_fast,eval,2,1024,easy,5,5,0.1,0.95,0.0,default,100,3.0,8,1,1,0,0,,
eps_fast_1024_a0b341e5,eps_fast,eval,3,1024,easy,5,5,0.1,0.95,0.0,default,100,3.0,8,1,1,0,0,,
eps_fast_1024_a0b341e5,eps_fast,eval,4,1024,easy,5,5,0.1,0.95,0.0,default,100,3.0,8,1,1,0,0,,
eps_fast_1024_a0b341e5,eps_fast,eval,5,1024,easy,5,5,0.1,0.95,0.0,default,100,3.0,8,1,1,0,0,,
eps_fast_1024_a0b341e5,eps_fast,eval,6,1024,easy,5,5,0.1,0.95,0.0,default,100,3.0,8,1,1,0,0,,
eps_fast_1024_a0b341e5,eps_fast,eval,7,1024,easy,5,5,0.1,0.95,0.0,default,100,3.0,8,1,1,0,0,,
eps_fast_1024_a0b341e5,eps_fast,eval,8,1024,easy,5,5,0.1,0.95,0.0,default,100,3.0,8,1,1,0,0,,
eps_fast_1024_a0b341e5,eps_fast,eval,9,1024,easy,5,5,0.1,0.95,0.0,default,100,3.0,8,1,1,0,0,,
eps_fast_1024_a0b341e5,eps_fast,eval,10,1024,easy,5,5,0.1,0.95,0.0,default,100,3.0,8,1,1,0,0,,
eps_fast_1024_a0b341e5,eps_fast,eval,1,1024,easy,5,5,0.1,0.95,0.0,default,100,3.0,8,1,1,0,0,,
eps_fast_1024_a0b341e5,eps_fast,eval,2,1024,easy,5,5,0.1,0.95,0.0,default,100,3.0,8,1,1,0,0,,
eps_fast_1024_a0b341e5,eps_fast,eval,3,1024,easy,5,5,0.1,0.95,0.0,default,100,3.0,8,1,1,0,0,,
eps_fast_1024_a0b341e5,eps_fast,eval,4,1024,easy,5,5,0.1,0.95,0.0,default,100,3.0,8,1,1,0,0,,
eps_fast_1024_a0b341e5,eps_fast,eval,5,1024,easy,5,5,0.1,0.95,0.0,default,100,3.0,8,1,1,0,0,,
eps_fast_1024_a0b341e5,eps_fast,eval,6,1024,easy,5,5,0.1,0.95,0.0,default,100,3.0,8,1,1,0,0,,
eps_fast_1024_a0b341e5,eps_fast,eval,7,1024,easy,5,5,0.1,0.95,0.0,default,100,3.0,8,1,1,0,0,,
eps_fast_1024_a0b341e5,eps_fast,eval,8,1024,easy,5,5,0.1,0.95,0.0,default,100,3.0,8,1,1,0,0,,
eps_fast_1024_a0b341e5,eps_fast,eval,9,1024,easy,5,5,0.1,0.95,0.0,default,100,3.0,8,1,1,0,0,,
eps_fast_1024_a0b341e5,eps_fast,eval,10,1024,easy,5,5,0.1,0.95,0.0,default,100,3.0,8,1,1,0,0,,
eps_fast_1024_a0b341e5,eps_fast,eval,1,1024,easy,5,5,0.1,0.95,0.0,default,100,3.0,8,1,1,0,0,,
eps_fast_1024_a0b341e5,eps_fast,eval,2,1024,easy,5,5,0.1,0.95,0.0,default,100,3.0,8,1,1,0,0,,
eps_fast_1024_a0b341e5,eps_fast,eval,3,1024,easy,5,5,0.1,0.95,0.0,default,100,3.0,8,1,1,0,0,,
eps_fast_1024_a0b341e5,eps_fast,eval,4,1024,easy,5,5,0.1,0.95,0.0,default,100,3.0,8,1,1,0,0,,
eps_fast_1024_a0b341e5,eps_fast,eval,5,1024,easy,5,5,0.1,0.95,0.0,default,100,3.0,8,1,1,0,0,,
eps_fast_1024_a0b341e5,eps_fast,eval,6,1024,easy,5,5,0.1,0.95,0.0,default,100,3.0,8,1,1,0,0,,
eps_fast_1024_a0b341e5,eps_fast,eval,7,1024,easy,5,5,0.1,0.95,0.0,default,100,3.0,8,1,1,0,0,,
eps_fast_1024_a0b341e5,eps_fast,eval,8,1024,easy,5,5,0.1,0.95,0.0,default,100,3.0,8,1,1,0,0,,
eps_fast_1024_a0b341e5,eps_fast,eval,9,1024,easy,5,5,0.1,0.95,0.0,default,100,3.0,8,1,1,0,0,,
eps_fast_1024_a0b341e5,eps_fast,eval,10,1024,easy,5,5,0.1,0.95,0.0,default,100,3.0,8,1,1,0,0,,
eps_fast_1024_a0b341e5,eps_fast,eval,1,1024,easy,5,5,0.1,0.95,0.0,default,100,3.0,8,1,1,0,0,,
eps_fast_1024_a0b341e5,eps_fast,eval,2,1024,easy,5,5,0.1,0.95,0.0,default,100,3.0,8,1,1,0,0,,
eps_fast_1024_a0b341e5,eps_fast,eval,3,1024,easy,5,5,0.1,0.95,0.0,default,100,3.0,8,1,1,0,0,,
eps_fast_1024_a0b341e5,eps_fast,eval,4,1024,easy,5,5,0.1,0.95,0.0,default,100,3.0,8,1,1,0,0,,
eps_fast_1024_a0b341e5,eps_fast,eval,5,1024,easy,5,5,0.1,0.95,0.0,default,100,3.0,8,1,1,0,0,,
eps_fast_1024_a0b341e5,eps_fast,eval,6,1024,easy,5,5,0.1,0.95,0.0,default,100,3.0,8,1,1,0,0,,
eps_fast_1024_a0b341e5,eps_fast,eval,7,1024,easy,5,5,0.1,0.95,0.0,default,100,3.0,8,1,1,0,0,,
eps_fast_1024_a0b341e5,eps_fast,eval,8,1024,easy,5,5,0.1,0.95,0.0,default,100,3.0,8,1,1,0,0,,
eps_fast_1024_a0b341e5,eps_fast,eval,9,1024,easy,5,5,0.1,0.95,0.0,default,100,3.0,8,1,1,0,0,,
eps_fast_1024_a0b341e5,eps_fast,eval,10,1024,easy,5,5,0.1,0.95,0.0,default,100,3.0,8,1,1,0,0,,
eps_fast_1024_a0b341e5,eps_fast,eval,1,1024,easy,5,5,0.1,0.95,0.0,default,100,3.0,8,1,1,0,0,,
eps_fast_1024_a0b341e5,eps_fast,eval,2,1024,easy,5,5,0.1,0.95,0.0,default,100,3.0,8,1,1,0,0,,
eps_fast_1024_a0b341e5,eps_fast,eval,3,1024,easy,5,5,0.1,0.95,0.0,default,100,3.0,8,1,1,0,0,,
eps_fast_1024_a0b341e5,eps_fast,eval,4,1024,easy,5,5,0.1,0.95,0.0,default,100,3.0,8,1,1,0,0,,
eps_fast_1024_a0b341e5,eps_fast,eval,5,1024,easy,5,5,0.1,0.95,0.0,default,100,3.0,8,1,1,0,0,,
eps_fast_1024_a0b341e5,eps_fast,eval,6,1024,easy,5,5,0.1,0.95,0.0,default,100,3.0,8,1,1,0,0,,
eps_fast_1024_a0b341e5,eps_fast,eval,7,1024,easy,5,5,0.1,0.95,0.0,default,100,3.0,8,1,1,0,0,,
eps_fast_1024_a0b341e5,eps_fast,eval,8,1024,easy,5,5,0.1,0.95,0.0,default,100,3.0,8,1,1,0,0,,
eps_fast_1024_a0b341e5,eps_fast,eval,9,1024,easy,5,5,0.1,0.95,0.0,default,100,3.0,8,1,1,0,0,,
eps_fast_1024_a0b341e5,eps_fast,eval,10,1024,easy,5,5,0.1,0.95,0.0,default,100,3.0,8,1,1,0,0,,
eps_fast_1024_a0b341e5,eps_fast,eval,1,1024,easy,5,5,0.1,0.95,0.0,default,100,3.0,8,1,1,0,0,,
eps_fast_1024_a0b341e5,eps_fast,eval,2,1024,easy,5,5,0.1,0.95,0.0,default,100,3.0,8,1,1,0,0,,
eps_fast_1024_a0b341e5,eps_fast,eval,3,1024,easy,5,5,0.1,0.95,0.0,default,100,3.0,8,1,1,0,0,,
eps_fast_1024_a0b341e5,eps_fast,eval,4,1024,easy,5,5,0.1,0.95,0.0,default,100,3.0,8,1,1,0,0,,
eps_fast_1024_a0b341e5,eps_fast,eval,5,1024,easy,5,5,0.1,0.95,0.0,default,100,3.0,8,1,1,0,0,,
eps_fast_1024_a0b341e5,eps_fast,eval,6,1024,easy,5,5,0.1,0.95,0.0,default,100,3.0,8,1,1,0,0,,
eps_fast_1024_a0b341e5,eps_fast,eval,7,1024,easy,5,5,0.1,0.95,0.0,default,100,3.0,8,1,1,0,0,,
eps_fast_1024_a0b341e5,eps_fast,eval,8,1024,easy,5,5,0.1,0.95,0.0,default,100,3.0,8,1,1,0,0,,
eps_fast_1024_a0b341e5,eps_fast,eval,9,1024,easy,5,5,0.1,0.95,0.0,default,100,3.0,8,1,1,0,0,,
eps_fast_1024_a0b341e5,eps_fast,eval,10,1024,easy,5,5,0.1,0.95,0.0,default,100,3.0,8,1,1,0,0,,
eps_fast_1024_a0b341e5,eps_fast,eval,1,1024,easy,5,5,0.1,0.95,0.0,default,100,3.0,8,1,1,0,0,,
eps_fast_1024_a0b341e5,eps_fast,eval,2,1024,easy,5,5,0.1,0.95,0.0,default,100,3.0,8,1,1,0,0,,
eps_fast_1024_a0b341e5,eps_fast,eval,3,1024,easy,5,5,0.1,0.95,0.0,default,100,3.0,8,1,1,0,0,,
eps_fast_1024_a0b341e5,eps_fast,eval,4,1024,easy,5,5,0.1,0.95,0.0,default,100,3.0,8,1,1,0,0,,
eps_fast_1024_a0b341e5,eps_fast,eval,5,1024,easy,5,5,0.1,0.95,0.0,default,100,3.0,8,1,1,0,0,,
eps_fast_1024_a0b341e5,eps_fast,eval,6,1024,easy,5,5,0.1,0.95,0.0,default,100,3.0,8,1,1,0,0,,
eps_fast_1024_a0b341e5,eps_fast,eval,7,1024,easy,5,5,0.1,0.95,0.0,default,100,3.0,8,1,1,0,0,,
eps_fast_1024_a0b341e5,eps_fast,eval,8,1024,easy,5,5,0.1,0.95,0.0,default,100,3.0,8,1,1,0,0,,
eps_fast_1024_a0b341e5,eps_fast,eval,9,1024,easy,5,5,0.1,0.95,0.0,default,100,3.0,8,1,1,0,0,,
eps_fast_1024_a0b341e5,eps_fast,eval,10,1024,easy,5,5,0.1,0.95,0.0,default,100,3.0,8,1,1,0,0,,
eps_fast_1024_a0b341e5,eps_fast,eval,1,1024,easy,5,5,0.1,0.95,0.0,default,100,3.0,8,1,1,0,0,,
eps_fast_1024_a0b341e5,eps_fast,eval,2,1024,easy,5,5,0.1,0.95,0.0,default,100,3.0,8,1,1,0,0,,
eps_fast_1024_a0b341e5,eps_fast,eval,3,1024,easy,5,5,0.1,0.95,0.0,default,100,3.0,8,1,1,0,0,,
eps_fast_1024_a0b341e5,eps_fast,eval,4,1024,easy,5,5,0.1,0.95,0.0,default,100,3.0,8,1,1,0,0,,
eps_fast_1024_a0b341e5,eps_fast,eval,5,1024,easy,5,5,0.1,0.95,0.0,default,100,3.0,8,1,1,0,0,,
eps_fast_1024_a0b341e5,eps_fast,eval,6,1024,easy,5,5,0.1,0.95,0.0,default,100,3.0,8,1,1,0,0,,
eps_fast_1024_a0b341e5,eps_fast,eval,7,1024,easy,5,5,0.1,0.95,0.0,default,100,3.0,8,1,1,0,0,,
eps_fast_1024_a0b341e5,eps_fast,eval,8,1024,easy,5,5,0.1,0.95,0.0,default,100,3.0,8,1,1,0,0,,
eps_fast_1024_a0b341e5,eps_fast,eval,9,1024,easy,5,5,0.1,0.95,0.0,default,100,3.0,8,1,1,0,0,,
eps_fast_1024_a0b341e5,eps_fast,eval,10,1024,easy,5,5,0.1,0.95,0.0,default,100,3.0,8,1,1,0,0,,
eps_fast_1024_a0b341e5,eps_fast,eval,1,1024,easy,5,5,0.1,0.95,0.0,default,100,3.0,8,1,1,0,0,,
eps_fast_1024_a0b341e5,eps_fast,eval,2,1024,easy,5,5,0.1,0.95,0.0,default,100,3.0,8,1,1,0,0,,
eps_fast_1024_a0b341e5,eps_fast,eval,3,1024,easy,5,5,0.1,0.95,0.0,default,100,3.0,8,1,1,0,0,,
eps_fast_1024_a0b341e5,eps_fast,eval,4,1024,easy,5,5,0.1,0.95,0.0,default,100,3.0,8,1,1,0,0,,
eps_fast_1024_a0b341e5,eps_fast,eval,5,1024,easy,5,5,0.1,0.95,0.0,default,100,3.0,8,1,1,0,0,,
eps_fast_1024_a0b341e5,eps_fast,eval,6,1024,easy,5,5,0.1,0.95,0.0,default,100,3.0,8,1,1,0,0,,
eps_fast_1024_a0b341e5,eps_fast,eval,7,1024,easy,5,5,0.1,0.95,0.0,default,100,3.0,8,1,1,0,0,,
eps_fast_1024_a0b341e5,eps_fast,eval,8,1024,easy,5,5,0.1,0.95,0.0,default,100,3.0,8,1,1,0,0,,
eps_fast_1024_a0b341e5,eps_fast,eval,9,1024,easy,5,5,0.1,0.95,0.0,default,100,3.0,8,1,1,0,0,,
eps_fast_1024_a0b341e5,eps_fast,eval,10,1024,easy,5,5,0.1,0.95,0.0,default,100,3.0,8,1,1,0,0,,
eps_fast_1024_a0b341e5,eps_fast,eval,1,1024,easy,5,5,0.1,0.95,0.0,default,100,3.0,8,1,1,0,0,,
eps_fast_1024_a0b341e5,eps_fast,eval,2,1024,easy,5,5,0.1,0.95,0.0,default,100,3.0,8,1,1,0,0,,
eps_fast_1024_a0b341e5,eps_fast,eval,3,1024,easy,5,5,0.1,0.95,0.0,default,100,3.0,8,1,1,0,0,,
eps_fast_1024_a0b341e5,eps_fast,eval,4,1024,easy,5,5,0.1,0.95,0.0,default,100,3.0,8,1,1,0,0,,
eps_fast_1024_a0b341e5,eps_fast,eval,5,1024,easy,5,5,0.1,0.95,0.0,default,100,3.0,8,1,1,0,0,,
eps_fast_1024_a0b341e5,eps_fast,eval,6,1024,easy,5,5,0.1,0.95,0.0,default,100,3.0,8,1,1,0,0,,
eps_fast_1024_a0b341e5,eps_fast,eval,7,1024,easy,5,5,0.1,0.95,0.0,default,100,3.0,8,1,1,0,0,,
eps_fast_1024_a0b341e5,eps_fast,eval,8,1024,easy,5,5,0.1,0.95,0.0,default,100,3.0,8,1,1,0,0,,
eps_fast_1024_a0b341e5,eps_fast,eval,9,1024,easy,5,5,0.1,0.95,0.0,default,100,3.0,8,1,1,0,0,,
eps_fast_1024_a0b341e5,eps_fast,eval,10,1024,easy,5,5,0.1,0.95,0.0,default,100,3.0,8,1,1,0,0,,
eps_fast_1024_a0b341e5,eps_fast,eval,1,1024,easy,5,5,0.1,0.95,0.0,default,100,3.0,8,1,1,0,0,,
eps_fast_1024_a0b341e5,eps_fast,eval,2,1024,easy,5,5,0.1,0.95,0.0,default,100,3.0,8,1,1,0,0,,
eps_fast_1024_a0b341e5,eps_fast,eval,3,1024,easy,5,5,0.1,0.95,0.0,default,100,3.0,8,1,1,0,0,,
eps_fast_1024_a0b341e5,eps_fast,eval,4,1024,easy,5,5,0.1,0.95,0.0,default,100,3.0,8,1,1,0,0,,
eps_fast_1024_a0b341e5,eps_fast,eval,5,1024,easy,5,5,0.1,0.95,0.0,default,100,3.0,8,1,1,0,0,,
eps_fast_1024_a0b341e5,eps_fast,eval,6,1024,easy,5,5,0.1,0.95,0.0,default,100,3.0,8,1,1,0,0,,
eps_fast_1024_a0b341e5,eps_fast,eval,7,1024,easy,5,5,0.1,0.95,0.0,default,100,3.0,8,1,1,0,0,,
eps_fast_1024_a0b341e5,eps_fast,eval,8,1024,easy,5,5,0.1,0.95,0.0,default,100,3.0,8,1,1,0,0,,
eps_fast_1024_a0b341e5,eps_fast,eval,9,1024,easy,5,5,0.1,0.95,0.0,default,100,3.0,8,1,1,0,0,,
eps_fast_1024_a0b341e5,eps_fast,eval,10,1024,easy,5,5,0.1,0.95,0.0,default,100,3.0,8,1,1,0,0,,
eps_fast_1024_a0b341e5,eps_fast,eval,1,1024,easy,5,5,0.1,0.95,0.0,default,100,3.0,8,1,1,0,0,,
eps_fast_1024_a0b341e5,eps_fast,eval,2,1024,easy,5,5,0.1,0.95,0.0,default,100,3.0,8,1,1,0,0,,
eps_fast_1024_a0b341e5,eps_fast,eval,3,1024,easy,5,5,0.1,0.95,0.0,default,100,3.0,8,1,1,0,0,,
eps_fast_1024_a0b341e5,eps_fast,eval,4,1024,easy,5,5,0.1,0.95,0.0,default,100,3.0,8,1,1,0,0,,
eps_fast_1024_a0b341e5,eps_fast,eval,5,1024,easy,5,5,0.1,0.95,0.0,default,100,3.0,8,1,1,0,0,,
eps_fast_1024_a0b341e5,eps_fast,eval,6,1024,easy,5,5,0.1,0.95,0.0,default,100,3.0,8,1,1,0,0,,
eps_fast_1024_a0b341e5,eps_fast,eval,7,1024,easy,5,5,0.1,0.95,0.0,default,100,3.0,8,1,1,0,0,,
eps_fast_1024_a0b341e5,eps_fast,eval,8,1024,easy,5,5,0.1,0.95,0.0,default,100,3.0,8,1,1,0,0,,
eps_fast_1024_a0b341e5,eps_fast,eval,9,1024,easy,5,5,0.1,0.95,0.0,default,100,3.0,8,1,1,0,0,,
eps_fast_1024_a0b341e5,eps_fast,eval,10,1024,easy,5,5,0.1,0.95,0.0,default,100,3.0,8,1,1,0,0,,
eps_fast_1024_a0b341e5,eps_fast,eval,1,1024,easy,5,5,0.1,0.95,0.0,default,100,3.0,8,1,1,0,0,,
eps_fast_1024_a0b341e5,eps_fast,eval,2,1024,easy,5,5,0.1,0.95,0.0,default,100,3.0,8,1,1,0,0,,
eps_fast_1024_a0b341e5,eps_fast,eval,3,1024,easy,5,5,0.1,0.95,0.0,default,100,3.0,8,1,1,0,0,,
eps_fast_1024_a0b341e5,eps_fast,eval,4,1024,easy,5,5,0.1,0.95,0.0,default,100,3.0,8,1,1,0,0,,
eps_fast_1024_a0b341e5,eps_fast,eval,5,1024,easy,5,5,0.1,0.95,0.0,default,100,3.0,8,1,1,0,0,,
eps_fast_1024_a0b341e5,eps_fast,eval,6,1024,easy,5,5,0.1,0.95,0.0,default,100,3.0,8,1,1,0,0,,
eps_fast_1024_a0b341e5,eps_fast,eval,7,1024,easy,5,5,0.1,0.95,0.0,default,100,3.0,8,1,1,0,0,,
eps_fast_1024_a0b341e5,eps_fast,eval,8,1024,easy,5,5,0.1,0.95,0.0,default,100,3.0,8,1,1,0,0,,
eps_fast_1024_a0b341e5,eps_fast,eval,9,1024,easy,5,5,0.1,0.95,0.0,default,100,3.0,8,1,1,0,0,,
eps_fast_1024_a0b341e5,eps_fast,eval,10,1024,easy,5,5,0.1,0.95,0.0,default,100,3.0,8,1,1,0,0,,
eps_fast_1024_a0b341e5,eps_fast,eval,1,1024,easy,5,5,0.1,0.95,0.0,default,100,3.0,8,1,1,0,0,,
eps_fast_1024_a0b341e5,eps_fast,eval,2,1024,easy,5,5,0.1,0.95,0.0,default,100,3.0,8,1,1,0,0,,
eps_fast_1024_a0b341e5,eps_fast,eval,3,1024,easy,5,5,0.1,0.95,0.0,default,100,3.0,8,1,1,0,0,,
eps_fast_1024_a0b341e5,eps_fast,eval,4,1024,easy,5,5,0.1,0.95,0.0,default,100,3.0,8,1,1,0,0,,
eps_fast_1024_a0b341e5,eps_fast,eval,5,1024,easy,5,5,0.1,0.95,0.0,default,100,3.0,8,1,1,0,0,,
eps_fast_1024_a0b341e5,eps_fast,eval,6,1024,easy,5,5,0.1,0.95,0.0,default,100,3.0,8,1,1,0,0,,
eps_fast_1024_a0b341e5,eps_fast,eval,7,1024,easy,5,5,0.1,0.95,0.0,default,100,3.0,8,1,1,0,0,,
eps_fast_1024_a0b341e5,eps_fast,eval,8,1024,easy,5,5,0.1,0.95,0.0,default,100,3.0,8,1,1,0,0,,
eps_fast_1024_a0b341e5,eps_fast,eval,9,1024,easy,5,5,0.1,0.95,0.0,default,100,3.0,8,1,1,0,0,,
eps_fast_1024_a0b341e5,eps_fast,eval,10,1024,easy,5,5,0.1,0.95,0.0,default,100,3.0,8,1,1,0,0,,
eps_fast_1024_a0b341e5,eps_fast,eval,1,1024,easy,5,5,0.1,0.95,0.0,default,100,3.0,8,1,1,0,0,,
eps_fast_1024_a0b341e5,eps_fast,eval,2,1024,easy,5,5,0.1,0.95,0.0,default,100,3.0,8,1,1,0,0,,
eps_fast_1024_a0b341e5,eps_fast,eval,3,1024,easy,5,5,0.1,0.95,0.0,default,100,3.0,8,1,1,0,0,,
eps_fast_1024_a0b341e5,eps_fast,eval,4,1024,easy,5,5,0.1,0.95,0.0,default,100,3.0,8,1,1,0,0,,
eps_fast_1024_a0b341e5,eps_fast,eval,5,1024,easy,5,5,0.1,0.95,0.0,default,100,3.0,8,1,1,0,0,,
eps_fast_1024_a0b341e5,eps_fast,eval,6,1024,easy,5,5,0.1,0.95,0.0,default,100,3.0,8,1,1,0,0,,
eps_fast_1024_a0b341e5,eps_fast,eval,7,1024,easy,5,5,0.1,0.95,0.0,default,100,3.0,8,1,1,0,0,,
eps_fast_1024_a0b341e5,eps_fast,eval,8,1024,easy,5,5,0.1,0.95,0.0,default,100,3.0,8,1,1,0,0,,
eps_fast_1024_a0b341e5,eps_fast,eval,9,1024,easy,5,5,0.1,0.95,0.0,default,100,3.0,8,1,1,0,0,,
eps_fast_1024_a0b341e5,eps_fast,eval,10,1024,easy,5,5,0.1,0.95,0.0,default,100,3.0,8,1,1,0,0,,
eps_fast_1024_a0b341e5,eps_fast,eval,1,1024,easy,5,5,0.1,0.95,0.0,default,100,3.0,8,1,1,0,0,,
eps_fast_1024_a0b341e5,eps_fast,eval,2,1024,easy,5,5,0.1,0.95,0.0,default,100,3.0,8,1,1,0,0,,
eps_fast_1024_a0b341e5,eps_fast,eval,3,1024,easy,5,5,0.1,0.95,0.0,default,100,3.0,8,1,1,0,0,,
eps_fast_1024_a0b341e5,eps_fast,eval,4,1024,easy,5,5,0.1,0.95,0.0,default,100,3.0,8,1,1,0,0,,
eps_fast_1024_a0b341e5,eps_fast,eval,5,1024,easy,5,5,0.1,0.95,0.0,default,100,3.0,8,1,1,0,0,,
eps_fast_1024_a0b341e5,eps_fast,eval,6,1024,easy,5,5,0.1,0.95,0.0,default,100,3.0,8,1,1,0,0,,
eps_fast_1024_a0b341e5,eps_fast,eval,7,1024,easy,5,5,0.1,0.95,0.0,default,100,3.0,8,1,1,0,0,,
eps_fast_1024_a0b341e5,eps_fast,eval,8,1024,easy,5,5,0.1,0.95,0.0,default,100,3.0,8,1,1,0,0,,
eps_fast_1024_a0b341e5,eps_fast,eval,9,1024,easy,5,5,0.1,0.95,0.0,default,100,3.0,8,1,1,0,0,,
eps_fast_1024_a0b341e5,eps_fast,eval,10,1024,easy,5,5,0.1,0.95,0.0,default,100,3.0,8,1,1,0,0,,
eps_fast_1024_a0b341e5,eps_fast,eval,1,1024,easy,5,5,0.1,0.95,0.0,default,100,3.0,8,1,1,0,0,,
eps_fast_1024_a0b341e5,eps_fast,eval,2,1024,easy,5,5,0.1,0.95,0.0,default,100,3.0,8,1,1,0,0,,
eps_fast_1024_a0b341e5,eps_fast,eval,3,1024,easy,5,5,0.1,0.95,0.0,default,100,3.0,8,1,1,0,0,,
eps_fast_1024_a0b341e5,eps_fast,eval,4,1024,easy,5,5,0.1,0.95,0.0,default,100,3.0,8,1,1,0,0,,
eps_fast_1024_a0b341e5,eps_fast,eval,5,1024,easy,5,5,0.1,0.95,0.0,default,100,3.0,8,1,1,0,0,,
eps_fast_1024_a0b341e5,eps_fast,eval,6,1024,easy,5,5,0.1,0.95,0.0,default,100,3.0,8,1,1,0,0,,
eps_fast_1024_a0b341e5,eps_fast,eval,7,1024,easy,5,5,0.1,0.95,0.0,default,100,3.0,8,1,1,0,0,,
eps_fast_1024_a0b341e5,eps_fast,eval,8,1024,easy,5,5,0.1,0.95,0.0,default,100,3.0,8,1,1,0,0,,
eps_fast_1024_a0b341e5,eps_fast,eval,9,1024,easy,5,5,0.1,0.95,0.0,default,100,3.0,8,1,1,0,0,,
eps_fast_1024_a0b341e5,eps_fast,eval,10,1024,easy,5,5,0.1,0.95,0.0,default,100,3.0,8,1,1,0,0,,
eps_fast_1024_a0b341e5,eps_fast,eval,1,1024,easy,5,5,0.1,0.95,0.0,default,100,3.0,8,1,1,0,0,,
eps_fast_1024_a0b341e5,eps_fast,eval,2,1024,easy,5,5,0.1,0.95,0.0,default,100,3.0,8,1,1,0,0,,
eps_fast_1024_a0b341e5,eps_fast,eval,3,1024,easy,5,5,0.1,0.95,0.0,default,100,3.0,8,1,1,0,0,,
eps_fast_1024_a0b341e5,eps_fast,eval,4,1024,easy,5,5,0.1,0.95,0.0,default,100,3.0,8,1,1,0,0,,
eps_fast_1024_a0b341e5,eps_fast,eval,5,1024,easy,5,5,0.1,0.95,0.0,default,100,3.0,8,1,1,0,0,,
eps_fast_1024_a0b341e5,eps_fast,eval,6,1024,easy,5,5,0.1,0.95,0.0,default,100,3.0,8,1,1,0,0,,
eps_fast_1024_a0b341e5,eps_fast,eval,7,1024,easy,5,5,0.1,0.95,0.0,default,100,3.0,8,1,1,0,0,,
eps_fast_1024_a0b341e5,eps_fast,eval,8,1024,easy,5,5,0.1,0.95,0.0,default,100,3.0,8,1,1,0,0,,
eps_fast_1024_a0b341e5,eps_fast,eval,9,1024,easy,5,5,0.1,0.95,0.0,default,100,3.0,8,1,1,0,0,,
eps_fast_1024_a0b341e5,eps_fast,eval,10,1024,easy,5,5,0.1,0.95,0.0,default,100,3.0,8,1,1,0,0,,
eps_fast_1024_a0b341e5,eps_fast,eval,1,1024,easy,5,5,0.1,0.95,0.0,default,100,3.0,8,1,1,0,0,,
eps_fast_1024_a0b341e5,eps_fast,eval,2,1024,easy,5,5,0.1,0.95,0.0,default,100,3.0,8,1,1,0,0,,
eps_fast_1024_a0b341e5,eps_fast,eval,3,1024,easy,5,5,0.1,0.95,0.0,default,100,3.0,8,1,1,0,0,,
eps_fast_1024_a0b341e5,eps_fast,eval,4,1024,easy,5,5,0.1,0.95,0.0,default,100,3.0,8,1,1,0,0,,
eps_fast_1024_a0b341e5,eps_fast,eval,5,1024,easy,5,5,0.1,0.95,0.0,default,100,3.0,8,1,1,0,0,,
eps_fast_1024_a0b341e5,eps_fast,eval,6,1024,easy,5,5,0.1,0.95,0.0,default,100,3.0,8,1,1,0,0,,
eps_fast_1024_a0b341e5,eps_fast,eval,7,1024,easy,5,5,0.1,0.95,0.0,default,100,3.0,8,1,1,0,0,,
eps_fast_1024_a0b341e5,eps_fast,eval,8,1024,easy,5,5,0.1,0.95,0.0,default,100,3.0,8,1,1,0,0,,
eps_fast_1024_a0b341e5,eps_fast,eval,9,1024,easy,5,5,0.1,0.95,0.0,default,100,3.0,8,1,1,0,0,,
eps_fast_1024_a0b341e5,eps_fast,eval,10,1024,easy,5,5,0.1,0.95,0.0,default,100,3.0,8,1,1,0,0,,
eps_fast_1024_a0b341e5,eps_fast,eval,1,1024,easy,5,5,0.1,0.95,0.0,default,100,3.0,8,1,1,0,0,,
eps_fast_1024_a0b341e5,eps_fast,eval,2,1024,easy,5,5,0.1,0.95,0.0,default,100,3.0,8,1,1,0,0,,
eps_fast_1024_a0b341e5,eps_fast,eval,3,1024,easy,5,5,0.1,0.95,0.0,default,100,3.0,8,1,1,0,0,,
eps_fast_1024_a0b341e5,eps_fast,eval,4,1024,easy,5,5,0.1,0.95,0.0,default,100,3.0,8,1,1,0,0,,
eps_fast_1024_a0b341e5,eps_fast,eval,5,1024,easy,5,5,0.1,0.95,0.0,default,100,3.0,8,1,1,0,0,,
eps_fast_1024_a0b341e5,eps_fast,eval,6,1024,easy,5,5,0.1,0.95,0.0,default,100,3.0,8,1,1,0,0,,
eps_fast_1024_a0b341e5,eps_fast,eval,7,1024,easy,5,5,0.1,0.95,0.0,default,100,3.0,8,1,1,0,0,,
eps_fast_1024_a0b341e5,eps_fast,eval,8,1024,easy,5,5,0.1,0.95,0.0,default,100,3.0,8,1,1,0,0,,
eps_fast_1024_a0b341e5,eps_fast,eval,9,1024,easy,5,5,0.1,0.95,0.0,default,100,3.0,8,1,1,0,0,,
eps_fast_1024_a0b341e5,eps_fast,eval,10,1024,easy,5,5,0.1,0.95,0.0,default,100,3.0,8,1,1,0,0,,
eps_fast_1024_a0b341e5,eps_fast,eval,1,1024,easy,5,5,0.1,0.95,0.0,default,100,3.0,8,1,1,0,0,,
eps_fast_1024_a0b341e5,eps_fast,eval,2,1024,easy,5,5,0.1,0.95,0.0,default,100,3.0,8,1,1,0,0,,
eps_fast_1024_a0b341e5,eps_fast,eval,3,1024,easy,5,5,0.1,0.95,0.0,default,100,3.0,8,1,1,0,0,,
eps_fast_1024_a0b341e5,eps_fast,eval,4,1024,easy,5,5,0.1,0.95,0.0,default,100,3.0,8,1,1,0,0,,
eps_fast_1024_a0b341e5,eps_fast,eval,5,1024,easy,5,5,0.1,0.95,0.0,default,100,3.0,8,1,1,0,0,,
eps_fast_1024_a0b341e5,eps_fast,eval,6,1024,easy,5,5,0.1,0.95,0.0,default,100,3.0,8,1,1,0,0,,
eps_fast_1024_a0b341e5,eps_fast,eval,7,1024,easy,5,5,0.1,0.95,0.0,default,100,3.0,8,1,1,0,0,,
eps_fast_1024_a0b341e5,eps_fast,eval,8,1024,easy,5,5,0.1,0.95,0.0,default,100,3.0,8,1,1,0,0,,
eps_fast_1024_a0b341e5,eps_fast,eval,9,1024,easy,5,5,0.1,0.95,0.0,default,100,3.0,8,1,1,0,0,,
eps_fast_1024_a0b341e5,eps_fast,eval,10,1024,easy,5,5,0.1,0.95,0.0,default,100,3.0,8,1,1,0,0,,
eps_fast_1024_a0b341e5,eps_fast,eval,1,1024,easy,5,5,0.1,0.95,0.0,default,100,3.0,8,1,1,0,0,,
eps_fast_1024_a0b341e5,eps_fast,eval,2,1024,easy,5,5,0.1,0.95,0.0,default,100,3.0,8,1,1,0,0,,
eps_fast_1024_a0b341e5,eps_fast,eval,3,1024,easy,5,5,0.1,0.95,0.0,default,100,3.0,8,1,1,0,0,,
eps_fast_1024_a0b341e5,eps_fast,eval,4,1024,easy,5,5,0.1,0.95,0.0,default,100,3.0,8,1,1,0,0,,
eps_fast_1024_a0b341e5,eps_fast,eval,5,1024,easy,5,5,0.1,0.95,0.0,default,100,3.0,8,1,1,0,0,,
eps_fast_1024_a0b341e5,eps_fast,eval,6,1024,easy,5,5,0.1,0.95,0.0,default,100,3.0,8,1,1,0,0,,
eps_fast_1024_a0b341e5,eps_fast,eval,7,1024,easy,5,5,0.1,0.95,0.0,default,100,3.0,8,1,1,0,0,,
eps_fast_1024_a0b341e5,eps_fast,eval,8,1024,easy,5,5,0.1,0.95,0.0,default,100,3.0,8,1,1,0,0,,
eps_fast_1024_a0b341e5,eps_fast,eval,9,1024,easy,5,5,0.1,0.95,0.0,default,100,3.0,8,1,1,0,0,,
eps_fast_1024_a0b341e5,eps_fast,eval,10,1024,easy,5,5,0.1,0.95,0.0,default,100,3.0,8,1,1,0,0,,
eps_fast_1024_a0b341e5,eps_fast,eval,1,1024,easy,5,5,0.1,0.95,0.0,default,100,3.0,8,1,1,0,0,,
eps_fast_1024_a0b341e5,eps_fast,eval,2,1024,easy,5,5,0.1,0.95,0.0,default,100,3.0,8,1,1,0,0,,
eps_fast_1024_a0b341e5,eps_fast,eval,3,1024,easy,5,5,0.1,0.95,0.0,default,100,3.0,8,1,1,0,0,,
eps_fast_1024_a0b341e5,eps_fast,eval,4,1024,easy,5,5,0.1,0.95,0.0,default,100,3.0,8,1,1,0,0,,
eps_fast_1024_a0b341e5,eps_fast,eval,5,1024,easy,5,5,0.1,0.95,0.0,default,100,3.0,8,1,1,0,0,,
eps_fast_1024_a0b341e5,eps_fast,eval,6,1024,easy,5,5,0.1,0.95,0.0,default,100,3.0,8,1,1,0,0,,
eps_fast_1024_a0b341e5,eps_fast,eval,7,1024,easy,5,5,0.1,0.95,0.0,default,100,3.0,8,1,1,0,0,,
eps_fast_1024_a0b341e5,eps_fast,eval,8,1024,easy,5,5,0.1,0.95,0.0,default,100,3.0,8,1,1,0,0,,
eps_fast_1024_a0b341e5,eps_fast,eval,9,1024,easy,5,5,0.1,0.95,0.0,default,100,3.0,8,1,1,0,0,,
eps_fast_1024_a0b341e5,eps_fast,eval,10,1024,easy,5,5,0.1,0.95,0.0,default,100,3.0,8,1,1,0,0,,
eps_fast_1024_a0b341e5,eps_fast,eval,1,1024,easy,5,5,0.1,0.95,0.0,default,100,3.0,8,1,1,0,0,,
eps_fast_1024_a0b341e5,eps_fast,eval,2,1024,easy,5,5,0.1,0.95,0.0,default,100,3.0,8,1,1,0,0,,
eps_fast_1024_a0b341e5,eps_fast,eval,3,1024,easy,5,5,0.1,0.95,0.0,default,100,3.0,8,1,1,0,0,,
eps_fast_1024_a0b341e5,eps_fast,eval,4,1024,easy,5,5,0.1,0.95,0.0,default,100,3.0,8,1,1,0,0,,
eps_fast_1024_a0b341e5,eps_fast,eval,5,1024,easy,5,5,0.1,0.95,0.0,default,100,3.0,8,1,1,0,0,,
eps_fast_1024_a0b341e5,eps_fast,eval,6,1024,easy,5,5,0.1,0.95,0.0,default,100,3.0,8,1,1,0,0,,
eps_fast_1024_a0b341e5,eps_fast,eval,7,1024,easy,5,5,0.1,0.95,0.0,default,100,3.0,8,1,1,0,0,,
eps_fast_1024_a0b341e5,eps_fast,eval,8,1024,easy,5,5,0.1,0.95,0.0,default,100,3.0,8,1,1,0,0,,
eps_fast_1024_a0b341e5,eps_fast,eval,9,1024,easy,5,5,0.1,0.95,0.0,default,100,3.0,8,1,1,0,0,,
eps_fast_1024_a0b341e5,eps_fast,eval,10,1024,easy,5,5,0.1,0.95,0.0,default,100,3.0,8,1,1,0,0,,
eps_fast_1024_a0b341e5,eps_fast,eval,1,1024,easy,5,5,0.1,0.95,0.0,default,100,3.0,8,1,1,0,0,,
eps_fast_1024_a0b341e5,eps_fast,eval,2,1024,easy,5,5,0.1,0.95,0.0,default,100,3.0,8,1,1,0,0,,
eps_fast_1024_a0b341e5,eps_fast,eval,3,1024,easy,5,5,0.1,0.95,0.0,default,100,3.0,8,1,1,0,0,,
eps_fast_1024_a0b341e5,eps_fast,eval,4,1024,easy,5,5,0.1,0.95,0.0,default,100,3.0,8,1,1,0,0,,
eps_fast_1024_a0b341e5,eps_fast,eval,5,1024,easy,5,5,0.1,0.95,0.0,default,100,3.0,8,1,1,0,0,,
eps_fast_1024_a0b341e5,eps_fast,eval,6,1024,easy,5,5,0.1,0.95,0.0,default,100,3.0,8,1,1,0,0,,
eps_fast_1024_a0b341e5,eps_fast,eval,7,1024,easy,5,5,0.1,0.95,0.0,default,100,3.0,8,1,1,0,0,,
eps_fast_1024_a0b341e5,eps_fast,eval,8,1024,easy,5,5,0.1,0.95,0.0,default,100,3.0,8,1,1,0,0,,
eps_fast_1024_a0b341e5,eps_fast,eval,9,1024,easy,5,5,0.1,0.95,0.0,default,100,3.0,8,1,1,0,0,,
eps_fast_1024_a0b341e5,eps_fast,eval,10,1024,easy,5,5,0.1,0.95,0.0,default,100,3.0,8,1,1,0,0,,
eps_fast_1024_a0b341e5,eps_fast,eval,1,1024,easy,5,5,0.1,0.95,0.0,default,100,3.0,8,1,1,0,0,,
eps_fast_1024_a0b341e5,eps_fast,eval,2,1024,easy,5,5,0.1,0.95,0.0,default,100,3.0,8,1,1,0,0,,
eps_fast_1024_a0b341e5,eps_fast,eval,3,1024,easy,5,5,0.1,0.95,0.0,default,100,3.0,8,1,1,0,0,,
eps_fast_1024_a0b341e5,eps_fast,eval,4,1024,easy,5,5,0.1,0.95,0.0,default,100,3.0,8,1,1,0,0,,
eps_fast_1024_a0b341e5,eps_fast,eval,5,1024,easy,5,5,0.1,0.95,0.0,default,100,3.0,8,1,1,0,0,,
eps_fast_1024_a0b341e5,eps_fast,eval,6,1024,easy,5,5,0.1,0.95,0.0,default,100,3.0,8,1,1,0,0,,
eps_fast_1024_a0b341e5,eps_fast,eval,7,1024,easy,5,5,0.1,0.95,0.0,default,100,3.0,8,1,1,0,0,,
eps_fast_1024_a0b341e5,eps_fast,eval,8,1024,easy,5,5,0.1,0.95,0.0,default,100,3.0,8,1,1,0,0,,
eps_fast_1024_a0b341e5,eps_fast,eval,9,1024,easy,5,5,0.1,0.95,0.0,default,100,3.0,8,1,1,0,0,,
eps_fast_1024_a0b341e5,eps_fast,eval,10,1024,easy,5,5,0.1,0.95,0.0,default,100,3.0,8,1,1,0,0,,
eps_fast_1024_a0b341e5,eps_fast,eval,1,1024,easy,5,5,0.1,0.95,0.0,default,100,3.0,8,1,1,0,0,,
eps_fast_1024_a0b341e5,eps_fast,eval,2,1024,easy,5,5,0.1,0.95,0.0,default,100,3.0,8,1,1,0,0,,
eps_fast_1024_a0b341e5,eps_fast,eval,3,1024,easy,5,5,0.1,0.95,0.0,default,100,3.0,8,1,1,0,0,,
eps_fast_1024_a0b341e5,eps_fast,eval,4,1024,easy,5,5,0.1,0.95,0.0,default,100,3.0,8,1,1,0,0,,
eps_fast_1024_a0b341e5,eps_fast,eval,5,1024,easy,5,5,0.1,0.95,0.0,default,100,3.0,8,1,1,0,0,,
eps_fast_1024_a0b341e5,eps_fast,eval,6,1024,easy,5,5,0.1,0.95,0.0,default,100,3.0,8,1,1,0,0,,
eps_fast_1024_a0b341e5,eps_fast,eval,7,1024,easy,5,5,0.1,0.95,0.0,default,100,3.0,8,1,1,0,0,,
eps_fast_1024_a0b341e5,eps_fast,eval,8,1024,easy,5,5,0.1,0.95,0.0,default,100,3.0,8,1,1,0,0,,
eps_fast_1024_a0b341e5,eps_fast,eval,9,1024,easy,5,5,0.1,0.95,0.0,default,100,3.0,8,1,1,0,0,,
eps_fast_1024_a0b341e5,eps_fast,eval,10,1024,easy,5,5,0.1,0.95,0.0,default,100,3.0,8,1,1,0,0,,
eps_fast_1024_a0b341e5,eps_fast,eval,1,1024,easy,5,5,0.1,0.95,0.0,default,100,3.0,8,1,1,0,0,,
eps_fast_1024_a0b341e5,eps_fast,eval,2,1024,easy,5,5,0.1,0.95,0.0,default,100,3.0,8,1,1,0,0,,
eps_fast_1024_a0b341e5,eps_fast,eval,3,1024,easy,5,5,0.1,0.95,0.0,default,100,3.0,8,1,1,0,0,,
eps_fast_1024_a0b341e5,eps_fast,eval,4,1024,easy,5,5,0.1,0.95,0.0,default,100,3.0,8,1,1,0,0,,
eps_fast_1024_a0b341e5,eps_fast,eval,5,1024,easy,5,5,0.1,0.95,0.0,default,100,3.0,8,1,1,0,0,,
eps_fast_1024_a0b341e5,eps_fast,eval,6,1024,easy,5,5,0.1,0.95,0.0,default,100,3.0,8,1,1,0,0,,
eps_fast_1024_a0b341e5,eps_fast,eval,7,1024,easy,5,5,0.1,0.95,0.0,default,100,3.0,8,1,1,0,0,,
eps_fast_1024_a0b341e5,eps_fast,eval,8,1024,easy,5,5,0.1,0.95,0.0,default,100,3.0,8,1,1,0,0,,
eps_fast_1024_a0b341e5,eps_fast,eval,9,1024,easy,5,5,0.1,0.95,0.0,default,100,3.0,8,1,1,0,0,,
eps_fast_1024_a0b341e5,eps_fast,eval,10,1024,easy,5,5,0.1,0.95,0.0,default,100,3.0,8,1,1,0,0,,
eps_fast_1024_a0b341e5,eps_fast,eval,1,1024,easy,5,5,0.1,0.95,0.0,default,100,3.0,8,1,1,0,0,,
eps_fast_1024_a0b341e5,eps_fast,eval,2,1024,easy,5,5,0.1,0.95,0.0,default,100,3.0,8,1,1,0,0,,
eps_fast_1024_a0b341e5,eps_fast,eval,3,1024,easy,5,5,0.1,0.95,0.0,default,100,3.0,8,1,1,0,0,,
eps_fast_1024_a0b341e5,eps_fast,eval,4,1024,easy,5,5,0.1,0.95,0.0,default,100,3.0,8,1,1,0,0,,
eps_fast_1024_a0b341e5,eps_fast,eval,5,1024,easy,5,5,0.1,0.95,0.0,default,100,3.0,8,1,1,0,0,,
eps_fast_1024_a0b341e5,eps_fast,eval,6,1024,easy,5,5,0.1,0.95,0.0,default,100,3.0,8,1,1,0,0,,
eps_fast_1024_a0b341e5,eps_fast,eval,7,1024,easy,5,5,0.1,0.95,0.0,default,100,3.0,8,1,1,0,0,,
eps_fast_1024_a0b341e5,eps_fast,eval,8,1024,easy,5,5,0.1,0.95,0.0,default,100,3.0,8,1,1,0,0,,
eps_fast_1024_a0b341e5,eps_fast,eval,9,1024,easy,5,5,0.1,0.95,0.0,default,100,3.0,8,1,1,0,0,,
eps_fast_1024_a0b341e5,eps_fast,eval,10,1024,easy,5,5,0.1,0.95,0.0,default,100,3.0,8,1,1,0,0,,
eps_fast_1024_a0b341e5,eps_fast,eval,1,1024,easy,5,5,0.1,0.95,0.0,default,100,3.0,8,1,1,0,0,,
eps_fast_1024_a0b341e5,eps_fast,eval,2,1024,easy,5,5,0.1,0.95,0.0,default,100,3.0,8,1,1,0,0,,
eps_fast_1024_a0b341e5,eps_fast,eval,3,1024,easy,5,5,0.1,0.95,0.0,default,100,3.0,8,1,1,0,0,,
eps_fast_1024_a0b341e5,eps_fast,eval,4,1024,easy,5,5,0.1,0.95,0.0,default,100,3.0,8,1,1,0,0,,
eps_fast_1024_a0b341e5,eps_fast,eval,5,1024,easy,5,5,0.1,0.95,0.0,default,100,3.0,8,1,1,0,0,,
eps_fast_1024_a0b341e5,eps_fast,eval,6,1024,easy,5,5,0.1,0.95,0.0,default,100,3.0,8,1,1,0,0,,
eps_fast_1024_a0b341e5,eps_fast,eval,7,1024,easy,5,5,0.1,0.95,0.0,default,100,3.0,8,1,1,0,0,,
eps_fast_1024_a0b341e5,eps_fast,eval,8,1024,easy,5,5,0.1,0.95,0.0,default,100,3.0,8,1,1,0,0,,
eps_fast_1024_a0b341e5,eps_fast,eval,9,1024,easy,5,5,0.1,0.95,0.0,default,100,3.0,8,1,1,0,0,,
eps_fast_1024_a0b341e5,eps_fast,eval,10,1024,easy,5,5,0.1,0.95,0.0,default,100,3.0,8,1,1,0,0,,
eps_fast_1024_a0b341e5,eps_fast,eval,1,1024,easy,5,5,0.1,0.95,0.0,default,100,3.0,8,1,1,0,0,,
eps_fast_1024_a0b341e5,eps_fast,eval,2,1024,easy,5,5,0.1,0.95,0.0,default,100,3.0,8,1,1,0,0,,
eps_fast_1024_a0b341e5,eps_fast,eval,3,1024,easy,5,5,0.1,0.95,0.0,default,100,3.0,8,1,1,0,0,,
eps_fast_1024_a0b341e5,eps_fast,eval,4,1024,easy,5,5,0.1,0.95,0.0,default,100,3.0,8,1,1,0,0,,
eps_fast_1024_a0b341e5,eps_fast,eval,5,1024,easy,5,5,0.1,0.95,0.0,default,100,3.0,8,1,1,0,0,,
eps_fast_1024_a0b341e5,eps_fast,eval,6,1024,easy,5,5,0.1,0.95,0.0,default,100,3.0,8,1,1,0,0,,
eps_fast_1024_a0b341e5,eps_fast,eval,7,1024,easy,5,5,0.1,0.95,0.0,default,100,3.0,8,1,1,0,0,,
eps_fast_1024_a0b341e5,eps_fast,eval,8,1024,easy,5,5,0.1,0.95,0.0,default,100,3.0,8,1,1,0,0,,
eps_fast_1024_a0b341e5,eps_fast,eval,9,1024,easy,5,5,0.1,0.95,0.0,default,100,3.0,8,1,1,0,0,,
eps_fast_1024_a0b341e5,eps_fast,eval,10,1024,easy,5,5,0.1,0.95,0.0,default,100,3.0,8,1,1,0,0,,
eps_fast_1024_a0b341e5,eps_fast,eval,1,1024,easy,5,5,0.1,0.95,0.0,default,100,3.0,8,1,1,0,0,,
eps_fast_1024_a0b341e5,eps_fast,eval,2,1024,easy,5,5,0.1,0.95,0.0,default,100,3.0,8,1,1,0,0,,
eps_fast_1024_a0b341e5,eps_fast,eval,3,1024,easy,5,5,0.1,0.95,0.0,default,100,3.0,8,1,1,0,0,,
eps_fast_1024_a0b341e5,eps_fast,eval,4,1024,easy,5,5,0.1,0.95,0.0,default,100,3.0,8,1,1,0,0,,
eps_fast_1024_a0b341e5,eps_fast,eval,5,1024,easy,5,5,0.1,0.95,0.0,default,100,3.0,8,1,1,0,0,,
eps_fast_1024_a0b341e5,eps_fast,eval,6,1024,easy,5,5,0.1,0.95,0.0,default,100,3.0,8,1,1,0,0,,
eps_fast_1024_a0b341e5,eps_fast,eval,7,1024,easy,5,5,0.1,0.95,0.0,default,100,3.0,8,1,1,0,0,,
eps_fast_1024_a0b341e5,eps_fast,eval,8,1024,easy,5,5,0.1,0.95,0.0,default,100,3.0,8,1,1,0,0,,
eps_fast_1024_a0b341e5,eps_fast,eval,9,1024,easy,5,5,0.1,0.95,0.0,default,100,3.0,8,1,1,0,0,,
eps_fast_1024_a0b341e5,eps_fast,eval,10,1024,easy,5,5,0.1,0.95,0.0,default,100,3.0,8,1,1,0,0,,
eps_fast_1024_a0b341e5,eps_fast,eval,1,1024,easy,5,5,0.1,0.95,0.0,default,100,3.0,8,1,1,0,0,,
eps_fast_1024_a0b341e5,eps_fast,eval,2,1024,easy,5,5,0.1,0.95,0.0,default,100,3.0,8,1,1,0,0,,
eps_fast_1024_a0b341e5,eps_fast,eval,3,1024,easy,5,5,0.1,0.95,0.0,default,100,3.0,8,1,1,0,0,,
eps_fast_1024_a0b341e5,eps_fast,eval,4,1024,easy,5,5,0.1,0.95,0.0,default,100,3.0,8,1,1,0,0,,
eps_fast_1024_a0b341e5,eps_fast,eval,5,1024,easy,5,5,0.1,0.95,0.0,default,100,3.0,8,1,1,0,0,,
eps_fast_1024_a0b341e5,eps_fast,eval,6,1024,easy,5,5,0.1,0.95,0.0,default,100,3.0,8,1,1,0,0,,
eps_fast_1024_a0b341e5,eps_fast,eval,7,1024,easy,5,5,0.1,0.95,0.0,default,100,3.0,8,1,1,0,0,,
eps_fast_1024_a0b341e5,eps_fast,eval,8,1024,easy,5,5,0.1,0.95,0.0,default,100,3.0,8,1,1,0,0,,
eps_fast_1024_a0b341e5,eps_fast,eval,9,1024,easy,5,5,0.1,0.95,0.0,default,100,3.0,8,1,1,0,0,,
eps_fast_1024_a0b341e5,eps_fast,eval,10,1024,easy,5,5,0.1,0.95,0.0,default,100,3.0,8,1,1,0,0,,
eps_fast_1024_a0b341e5,eps_fast,eval,1,1024,easy,5,5,0.1,0.95,0.0,default,100,3.0,8,1,1,0,0,,
eps_fast_1024_a0b341e5,eps_fast,eval,2,1024,easy,5,5,0.1,0.95,0.0,default,100,3.0,8,1,1,0,0,,
eps_fast_1024_a0b341e5,eps_fast,eval,3,1024,easy,5,5,0.1,0.95,0.0,default,100,3.0,8,1,1,0,0,,
eps_fast_1024_a0b341e5,eps_fast,eval,4,1024,easy,5,5,0.1,0.95,0.0,default,100,3.0,8,1,1,0,0,,
eps_fast_1024_a0b341e5,eps_fast,eval,5,1024,easy,5,5,0.1,0.95,0.0,default,100,3.0,8,1,1,0,0,,
eps_fast_1024_a0b341e5,eps_fast,eval,6,1024,easy,5,5,0.1,0.95,0.0,default,100,3.0,8,1,1,0,0,,
eps_fast_1024_a0b341e5,eps_fast,eval,7,1024,easy,5,5,0.1,0.95,0.0,default,100,3.0,8,1,1,0,0,,
eps_fast_1024_a0b341e5,eps_fast,eval,8,1024,easy,5,5,0.1,0.95,0.0,default,100,3.0,8,1,1,0,0,,
eps_fast_1024_a0b341e5,eps_fast,eval,9,1024,easy,5,5,0.1,0.95,0.0,default,100,3.0,8,1,1,0,0,,
eps_fast_1024_a0b341e5,eps_fast,eval,10,1024,easy,5,5,0.1,0.95,0.0,default,100,3.0,8,1,1,0,0,,
eps_fast_1024_a0b341e5,eps_fast,eval,1,1024,easy,5,5,0.1,0.95,0.0,default,100,3.0,8,1,1,0,0,,
eps_fast_1024_a0b341e5,eps_fast,eval,2,1024,easy,5,5,0.1,0.95,0.0,default,100,3.0,8,1,1,0,0,,
eps_fast_1024_a0b341e5,eps_fast,eval,3,1024,easy,5,5,0.1,0.95,0.0,default,100,3.0,8,1,1,0,0,,
eps_fast_1024_a0b341e5,eps_fast,eval,4,1024,easy,5,5,0.1,0.95,0.0,default,100,3.0,8,1,1,0,0,,
eps_fast_1024_a0b341e5,eps_fast,eval,5,1024,easy,5,5,0.1,0.95,0.0,default,100,3.0,8,1,1,0,0,,
eps_fast_1024_a0b341e5,eps_fast,eval,6,1024,easy,5,5,0.1,0.95,0.0,default,100,3.0,8,1,1,0,0,,
eps_fast_1024_a0b341e5,eps_fast,eval,7,1024,easy,5,5,0.1,0.95,0.0,default,100,3.0,8,1,1,0,0,,
eps_fast_1024_a0b341e5,eps_fast,eval,8,1024,easy,5,5,0.1,0.95,0.0,default,100,3.0,8,1,1,0,0,,
eps_fast_1024_a0b341e5,eps_fast,eval,9,1024,easy,5,5,0.1,0.95,0.0,default,100,3.0,8,1,1,0,0,,
eps_fast_1024_a0b341e5,eps_fast,eval,10,1024,easy,5,5,0.1,0.95,0.0,default,100,3.0,8,1,1,0,0,,
eps_fast_1024_a0b341e5,eps_fast,eval,1,1024,easy,5,5,0.1,0.95,0.0,default,100,3.0,8,1,1,0,0,,
eps_fast_1024_a0b341e5,eps_fast,eval,2,1024,easy,5,5,0.1,0.95,0.0,default,100,3.0,8,1,1,0,0,,
eps_fast_1024_a0b341e5,eps_fast,eval,3,1024,easy,5,5,0.1,0.95,0.0,default,100,3.0,8,1,1,0,0,,
eps_fast_1024_a0b341e5,eps_fast,eval,4,1024,easy,5,5,0.1,0.95,0.0,default,100,3.0,8,1,1,0,0,,
eps_fast_1024_a0b341e5,eps_fast,eval,5,1024,easy,5,5,0.1,0.95,0.0,default,100,3.0,8,1,1,0,0,,
eps_fast_1024_a0b341e5,eps_fast,eval,6,1024,easy,5,5,0.1,0.95,0.0,default,100,3.0,8,1,1,0,0,,
eps_fast_1024_a0b341e5,eps_fast,eval,7,1024,easy,5,5,0.1,0.95,0.0,default,100,3.0,8,1,1,0,0,,
eps_fast_1024_a0b341e5,eps_fast,eval,8,1024,easy,5,5,0.1,0.95,0.0,default,100,3.0,8,1,1,0,0,,
eps_fast_1024_a0b341e5,eps_fast,eval,9,1024,easy,5,5,0.1,0.95,0.0,default,100,3.0,8,1,1,0,0,,
eps_fast_1024_a0b341e5,eps_fast,eval,10,1024,easy,5,5,0.1,0.95,0.0,default,100,3.0,8,1,1,0,0,,
