run_id,exp_name,phase,episode,seed,map_name,rows,cols,alpha,gamma,epsilon,reward_setting,max_steps,total_reward,steps,success,terminated,truncated,hit_trap,elapsed_sec,qtable_path
eps_fixed_0.1_123_6e5c59e3,eps_fixed_0.1,train,1,123,easy,5,5,0.1,0.95,0.1,default,100,-28.0,39,1,1,0,0,0.0056336000125156716,
eps_fixed_0.1_123_6e5c59e3,eps_fixed_0.1,train,2,123,easy,5,5,0.1,0.95,0.1,default,100,0.0,11,1,1,0,0,0.0014819999923929572,
eps_fixed_0.1_123_6e5c59e3,eps_fixed_0.1,train,3,123,easy,5,5,0.1,0.95,0.1,default,100,-55.0,46,0,1,0,1,0.006173799993121065,
eps_fixed_0.1_123_6e5c59e3,eps_fixed_0.1,train,4,123,easy,5,5,0.1,0.95,0.1,default,100,-73.0,84,1,1,0,0,0.010269899998093024,
eps_fixed_0.1_123_6e5c59e3,eps_fixed_0.1,train,5,123,easy,5,5,0.1,0.95,0.1,default,100,-21.0,12,0,1,0,1,0.0016730999923311174,
eps_fixed_0.1_123_6e5c59e3,eps_fixed_0.1,train,6,123,easy,5,5,0.1,0.95,0.1,default,100,-69.0,60,0,1,0,1,0.007779999999911524,
eps_fixed_0.1_123_6e5c59e3,eps_fixed_0.1,train,7,123,easy,5,5,0.1,0.95,0.1,default,100,-24.0,35,1,1,0,0,0.004430100001627579,
eps_fixed_0.1_123_6e5c59e3,eps_fixed_0.1,train,8,123,easy,5,5,0.1,0.95,0.1,default,100,-73.0,84,1,1,0,0,0.010746200001449324,
eps_fixed_0.1_123_6e5c59e3,eps_fixed_0.1,train,9,123,easy,5,5,0.1,0.95,0.1,default,100,-27.0,38,1,1,0,0,0.004704000006313436,
eps_fixed_0.1_123_6e5c59e3,eps_fixed_0.1,train,10,123,easy,5,5,0.1,0.95,0.1,default,100,-38.0,49,1,1,0,0,0.0062642999982926995,
eps_fixed_0.1_123_6e5c59e3,eps_fixed_0.1,train,11,123,easy,5,5,0.1,0.95,0.1,default,100,-28.0,39,1,1,0,0,0.005290500004775822,
eps_fixed_0.1_123_6e5c59e3,eps_fixed_0.1,train,12,123,easy,5,5,0.1,0.95,0.1,default,100,-25.0,16,0,1,0,1,0.001991700002690777,
eps_fixed_0.1_123_6e5c59e3,eps_fixed_0.1,train,13,123,easy,5,5,0.1,0.95,0.1,default,100,-14.0,25,1,1,0,0,0.0030986000056145713,
eps_fixed_0.1_123_6e5c59e3,eps_fixed_0.1,train,14,123,easy,5,5,0.1,0.95,0.1,default,100,-42.0,53,1,1,0,0,0.006895900005474687,
eps_fixed_0.1_123_6e5c59e3,eps_fixed_0.1,train,15,123,easy,5,5,0.1,0.95,0.1,default,100,-9.0,20,1,1,0,0,0.0025345000030938536,
eps_fixed_0.1_123_6e5c59e3,eps_fixed_0.1,train,16,123,easy,5,5,0.1,0.95,0.1,default,100,-20.0,31,1,1,0,0,0.003987999996752478,
eps_fixed_0.1_123_6e5c59e3,eps_fixed_0.1,train,17,123,easy,5,5,0.1,0.95,0.1,default,100,-16.0,27,1,1,0,0,0.00337289999879431,
eps_fixed_0.1_123_6e5c59e3,eps_fixed_0.1,train,18,123,easy,5,5,0.1,0.95,0.1,default,100,-32.0,43,1,1,0,0,0.0052130999974906445,
eps_fixed_0.1_123_6e5c59e3,eps_fixed_0.1,train,19,123,easy,5,5,0.1,0.95,0.1,default,100,-1.0,12,1,1,0,0,0.0017091000045184046,
eps_fixed_0.1_123_6e5c59e3,eps_fixed_0.1,train,20,123,easy,5,5,0.1,0.95,0.1,default,100,-10.0,21,1,1,0,0,0.0025369000068167225,
eps_fixed_0.1_123_6e5c59e3,eps_fixed_0.1,train,21,123,easy,5,5,0.1,0.95,0.1,default,100,-5.0,16,1,1,0,0,0.002001500004553236,
eps_fixed_0.1_123_6e5c59e3,eps_fixed_0.1,train,22,123,easy,5,5,0.1,0.95,0.1,default,100,-25.0,16,0,1,0,1,0.0021553999977186322,
eps_fixed_0.1_123_6e5c59e3,eps_fixed_0.1,train,23,123,easy,5,5,0.1,0.95,0.1,default,100,-5.0,16,1,1,0,0,0.001980899993213825,
eps_fixed_0.1_123_6e5c59e3,eps_fixed_0.1,train,24,123,easy,5,5,0.1,0.95,0.1,default,100,-21.0,32,1,1,0,0,0.004009700001915917,
eps_fixed_0.1_123_6e5c59e3,eps_fixed_0.1,train,25,123,easy,5,5,0.1,0.95,0.1,default,100,-7.0,18,1,1,0,0,0.002327900001546368,
eps_fixed_0.1_123_6e5c59e3,eps_fixed_0.1,train,26,123,easy,5,5,0.1,0.95,0.1,default,100,-6.0,17,1,1,0,0,0.0022102000075392425,
eps_fixed_0.1_123_6e5c59e3,eps_fixed_0.1,train,27,123,easy,5,5,0.1,0.95,0.1,default,100,-1.0,12,1,1,0,0,0.0017312999989371747,
eps_fixed_0.1_123_6e5c59e3,eps_fixed_0.1,train,28,123,easy,5,5,0.1,0.95,0.1,default,100,-6.0,17,1,1,0,0,0.0020172999938949943,
eps_fixed_0.1_123_6e5c59e3,eps_fixed_0.1,train,29,123,easy,5,5,0.1,0.95,0.1,default,100,-13.0,24,1,1,0,0,0.0031464999919990078,
eps_fixed_0.1_123_6e5c59e3,eps_fixed_0.1,train,30,123,easy,5,5,0.1,0.95,0.1,default,100,-6.0,17,1,1,0,0,0.002144900005077943,
eps_fixed_0.1_123_6e5c59e3,eps_fixed_0.1,train,31,123,easy,5,5,0.1,0.95,0.1,default,100,-7.0,18,1,1,0,0,0.002365499996813014,
eps_fixed_0.1_123_6e5c59e3,eps_fixed_0.1,train,32,123,easy,5,5,0.1,0.95,0.1,default,100,-3.0,14,1,1,0,0,0.0017349999980069697,
eps_fixed_0.1_123_6e5c59e3,eps_fixed_0.1,train,33,123,easy,5,5,0.1,0.95,0.1,default,100,-8.0,19,1,1,0,0,0.002697900010389276,
eps_fixed_0.1_123_6e5c59e3,eps_fixed_0.1,train,34,123,easy,5,5,0.1,0.95,0.1,default,100,-10.0,21,1,1,0,0,0.0027554000116651878,
eps_fixed_0.1_123_6e5c59e3,eps_fixed_0.1,train,35,123,easy,5,5,0.1,0.95,0.1,default,100,1.0,10,1,1,0,0,0.0013477000029524788,
eps_fixed_0.1_123_6e5c59e3,eps_fixed_0.1,train,36,123,easy,5,5,0.1,0.95,0.1,default,100,-3.0,14,1,1,0,0,0.0016875000001164153,
eps_fixed_0.1_123_6e5c59e3,eps_fixed_0.1,train,37,123,easy,5,5,0.1,0.95,0.1,default,100,-25.0,16,0,1,0,1,0.002074700008961372,
eps_fixed_0.1_123_6e5c59e3,eps_fixed_0.1,train,38,123,easy,5,5,0.1,0.95,0.1,default,100,3.0,8,1,1,0,0,0.0010341999877709895,
eps_fixed_0.1_123_6e5c59e3,eps_fixed_0.1,train,39,123,easy,5,5,0.1,0.95,0.1,default,100,-5.0,16,1,1,0,0,0.0020914000051561743,
eps_fixed_0.1_123_6e5c59e3,eps_fixed_0.1,train,40,123,easy,5,5,0.1,0.95,0.1,default,100,-2.0,13,1,1,0,0,0.0016639999957988039,
eps_fixed_0.1_123_6e5c59e3,eps_fixed_0.1,train,41,123,easy,5,5,0.1,0.95,0.1,default,100,-7.0,18,1,1,0,0,0.0028864000050816685,
eps_fixed_0.1_123_6e5c59e3,eps_fixed_0.1,train,42,123,easy,5,5,0.1,0.95,0.1,default,100,-21.0,12,0,1,0,1,0.0014533000066876411,
eps_fixed_0.1_123_6e5c59e3,eps_fixed_0.1,train,43,123,easy,5,5,0.1,0.95,0.1,default,100,-1.0,12,1,1,0,0,0.0020520999969448894,
eps_fixed_0.1_123_6e5c59e3,eps_fixed_0.1,train,44,123,easy,5,5,0.1,0.95,0.1,default,100,-8.0,19,1,1,0,0,0.002435000002151355,
eps_fixed_0.1_123_6e5c59e3,eps_fixed_0.1,train,45,123,easy,5,5,0.1,0.95,0.1,default,100,2.0,9,1,1,0,0,0.0017605000030016527,
eps_fixed_0.1_123_6e5c59e3,eps_fixed_0.1,train,46,123,easy,5,5,0.1,0.95,0.1,default,100,0.0,11,1,1,0,0,0.0014607000048272312,
eps_fixed_0.1_123_6e5c59e3,eps_fixed_0.1,train,47,123,easy,5,5,0.1,0.95,0.1,default,100,-4.0,15,1,1,0,0,0.0021407999884104356,
eps_fixed_0.1_123_6e5c59e3,eps_fixed_0.1,train,48,123,easy,5,5,0.1,0.95,0.1,default,100,-1.0,12,1,1,0,0,0.0018465000030118972,
eps_fixed_0.1_123_6e5c59e3,eps_fixed_0.1,train,49,123,easy,5,5,0.1,0.95,0.1,default,100,-5.0,16,1,1,0,0,0.0021264999959385023,
eps_fixed_0.1_123_6e5c59e3,eps_fixed_0.1,train,50,123,easy,5,5,0.1,0.95,0.1,default,100,2.0,9,1,1,0,0,0.0015427999896928668,
eps_fixed_0.1_123_6e5c59e3,eps_fixed_0.1,train,51,123,easy,5,5,0.1,0.95,0.1,default,100,-6.0,17,1,1,0,0,0.002234100000350736,
eps_fixed_0.1_123_6e5c59e3,eps_fixed_0.1,train,52,123,easy,5,5,0.1,0.95,0.1,default,100,2.0,9,1,1,0,0,0.0015958000003593042,
eps_fixed_0.1_123_6e5c59e3,eps_fixed_0.1,train,53,123,easy,5,5,0.1,0.95,0.1,default,100,-1.0,12,1,1,0,0,0.0016374999977415428,
eps_fixed_0.1_123_6e5c59e3,eps_fixed_0.1,train,54,123,easy,5,5,0.1,0.95,0.1,default,100,-11.0,22,1,1,0,0,0.003032100008567795,
eps_fixed_0.1_123_6e5c59e3,eps_fixed_0.1,train,55,123,easy,5,5,0.1,0.95,0.1,default,100,0.0,11,1,1,0,0,0.001402800000505522,
eps_fixed_0.1_123_6e5c59e3,eps_fixed_0.1,train,56,123,easy,5,5,0.1,0.95,0.1,default,100,-3.0,14,1,1,0,0,0.002403599995886907,
eps_fixed_0.1_123_6e5c59e3,eps_fixed_0.1,train,57,123,easy,5,5,0.1,0.95,0.1,default,100,-2.0,13,1,1,0,0,0.0017628000059630722,
eps_fixed_0.1_123_6e5c59e3,eps_fixed_0.1,train,58,123,easy,5,5,0.1,0.95,0.1,default,100,0.0,11,1,1,0,0,0.0020336000015959144,
eps_fixed_0.1_123_6e5c59e3,eps_fixed_0.1,train,59,123,easy,5,5,0.1,0.95,0.1,default,100,-3.0,14,1,1,0,0,0.001786199994967319,
eps_fixed_0.1_123_6e5c59e3,eps_fixed_0.1,train,60,123,easy,5,5,0.1,0.95,0.1,default,100,1.0,10,1,1,0,0,0.0012845000019297004,
eps_fixed_0.1_123_6e5c59e3,eps_fixed_0.1,train,61,123,easy,5,5,0.1,0.95,0.1,default,100,2.0,9,1,1,0,0,0.0012463000020943582,
eps_fixed_0.1_123_6e5c59e3,eps_fixed_0.1,train,62,123,easy,5,5,0.1,0.95,0.1,default,100,2.0,9,1,1,0,0,0.0011784999951487407,
eps_fixed_0.1_123_6e5c59e3,eps_fixed_0.1,train,63,123,easy,5,5,0.1,0.95,0.1,default,100,2.0,9,1,1,0,0,0.001178200007416308,
eps_fixed_0.1_123_6e5c59e3,eps_fixed_0.1,train,64,123,easy,5,5,0.1,0.95,0.1,default,100,3.0,8,1,1,0,0,0.0009987999947043136,
eps_fixed_0.1_123_6e5c59e3,eps_fixed_0.1,train,65,123,easy,5,5,0.1,0.95,0.1,default,100,-1.0,12,1,1,0,0,0.0015371999907074496,
eps_fixed_0.1_123_6e5c59e3,eps_fixed_0.1,train,66,123,easy,5,5,0.1,0.95,0.1,default,100,2.0,9,1,1,0,0,0.0011312999995425344,
eps_fixed_0.1_123_6e5c59e3,eps_fixed_0.1,train,67,123,easy,5,5,0.1,0.95,0.1,default,100,2.0,9,1,1,0,0,0.0011266000074101612,
eps_fixed_0.1_123_6e5c59e3,eps_fixed_0.1,train,68,123,easy,5,5,0.1,0.95,0.1,default,100,-4.0,15,1,1,0,0,0.0016883999924175441,
eps_fixed_0.1_123_6e5c59e3,eps_fixed_0.1,train,69,123,easy,5,5,0.1,0.95,0.1,default,100,-16.0,7,0,1,0,1,0.000891800009412691,
eps_fixed_0.1_123_6e5c59e3,eps_fixed_0.1,train,70,123,easy,5,5,0.1,0.95,0.1,default,100,-3.0,14,1,1,0,0,0.0016680999979143962,
eps_fixed_0.1_123_6e5c59e3,eps_fixed_0.1,train,71,123,easy,5,5,0.1,0.95,0.1,default,100,2.0,9,1,1,0,0,0.0011477000080049038,
eps_fixed_0.1_123_6e5c59e3,eps_fixed_0.1,train,72,123,easy,5,5,0.1,0.95,0.1,default,100,3.0,8,1,1,0,0,0.0010423000057926401,
eps_fixed_0.1_123_6e5c59e3,eps_fixed_0.1,train,73,123,easy,5,5,0.1,0.95,0.1,default,100,1.0,10,1,1,0,0,0.001244700004463084,
eps_fixed_0.1_123_6e5c59e3,eps_fixed_0.1,train,74,123,easy,5,5,0.1,0.95,0.1,default,100,2.0,9,1,1,0,0,0.0011729999969247729,
eps_fixed_0.1_123_6e5c59e3,eps_fixed_0.1,train,75,123,easy,5,5,0.1,0.95,0.1,default,100,-19.0,10,0,1,0,1,0.00114969999413006,
eps_fixed_0.1_123_6e5c59e3,eps_fixed_0.1,train,76,123,easy,5,5,0.1,0.95,0.1,default,100,-4.0,15,1,1,0,0,0.0016324000025633723,
eps_fixed_0.1_123_6e5c59e3,eps_fixed_0.1,train,77,123,easy,5,5,0.1,0.95,0.1,default,100,2.0,9,1,1,0,0,0.0011340999917592853,
eps_fixed_0.1_123_6e5c59e3,eps_fixed_0.1,train,78,123,easy,5,5,0.1,0.95,0.1,default,100,2.0,9,1,1,0,0,0.0011251999967498705,
eps_fixed_0.1_123_6e5c59e3,eps_fixed_0.1,train,79,123,easy,5,5,0.1,0.95,0.1,default,100,3.0,8,1,1,0,0,0.0010634000063873827,
eps_fixed_0.1_123_6e5c59e3,eps_fixed_0.1,train,80,123,easy,5,5,0.1,0.95,0.1,default,100,3.0,8,1,1,0,0,0.0010575999913271517,
eps_fixed_0.1_123_6e5c59e3,eps_fixed_0.1,train,81,123,easy,5,5,0.1,0.95,0.1,default,100,3.0,8,1,1,0,0,0.0010990000009769574,
eps_fixed_0.1_123_6e5c59e3,eps_fixed_0.1,train,82,123,easy,5,5,0.1,0.95,0.1,default,100,2.0,9,1,1,0,0,0.001145699992775917,
eps_fixed_0.1_123_6e5c59e3,eps_fixed_0.1,train,83,123,easy,5,5,0.1,0.95,0.1,default,100,1.0,10,1,1,0,0,0.001251800000318326,
eps_fixed_0.1_123_6e5c59e3,eps_fixed_0.1,train,84,123,easy,5,5,0.1,0.95,0.1,default,100,3.0,8,1,1,0,0,0.001055500004440546,
eps_fixed_0.1_123_6e5c59e3,eps_fixed_0.1,train,85,123,easy,5,5,0.1,0.95,0.1,default,100,1.0,10,1,1,0,0,0.0012421999999787658,
eps_fixed_0.1_123_6e5c59e3,eps_fixed_0.1,train,86,123,easy,5,5,0.1,0.95,0.1,default,100,3.0,8,1,1,0,0,0.0010507999977562577,
eps_fixed_0.1_123_6e5c59e3,eps_fixed_0.1,train,87,123,easy,5,5,0.1,0.95,0.1,default,100,3.0,8,1,1,0,0,0.0010148000001208857,
eps_fixed_0.1_123_6e5c59e3,eps_fixed_0.1,train,88,123,easy,5,5,0.1,0.95,0.1,default,100,3.0,8,1,1,0,0,0.0010240999981760979,
eps_fixed_0.1_123_6e5c59e3,eps_fixed_0.1,train,89,123,easy,5,5,0.1,0.95,0.1,default,100,3.0,8,1,1,0,0,0.0010055000020656735,
eps_fixed_0.1_123_6e5c59e3,eps_fixed_0.1,train,90,123,easy,5,5,0.1,0.95,0.1,default,100,3.0,8,1,1,0,0,0.0010163999977521598,
eps_fixed_0.1_123_6e5c59e3,eps_fixed_0.1,train,91,123,easy,5,5,0.1,0.95,0.1,default,100,-15.0,6,0,1,0,1,0.0006816000095568597,
eps_fixed_0.1_123_6e5c59e3,eps_fixed_0.1,train,92,123,easy,5,5,0.1,0.95,0.1,default,100,3.0,8,1,1,0,0,0.0010419000027468428,
eps_fixed_0.1_123_6e5c59e3,eps_fixed_0.1,train,93,123,easy,5,5,0.1,0.95,0.1,default,100,3.0,8,1,1,0,0,0.0010279999987687916,
eps_fixed_0.1_123_6e5c59e3,eps_fixed_0.1,train,94,123,easy,5,5,0.1,0.95,0.1,default,100,3.0,8,1,1,0,0,0.0010451000125613064,
eps_fixed_0.1_123_6e5c59e3,eps_fixed_0.1,train,95,123,easy,5,5,0.1,0.95,0.1,default,100,1.0,10,1,1,0,0,0.001206599990837276,
eps_fixed_0.1_123_6e5c59e3,eps_fixed_0.1,train,96,123,easy,5,5,0.1,0.95,0.1,default,100,3.0,8,1,1,0,0,0.0010611000034259632,
eps_fixed_0.1_123_6e5c59e3,eps_fixed_0.1,train,97,123,easy,5,5,0.1,0.95,0.1,default,100,3.0,8,1,1,0,0,0.0010136000055354089,
eps_fixed_0.1_123_6e5c59e3,eps_fixed_0.1,train,98,123,easy,5,5,0.1,0.95,0.1,default,100,2.0,9,1,1,0,0,0.0011326999956509098,
eps_fixed_0.1_123_6e5c59e3,eps_fixed_0.1,train,99,123,easy,5,5,0.1,0.95,0.1,default,100,2.0,9,1,1,0,0,0.0011077000090153888,
eps_fixed_0.1_123_6e5c59e3,eps_fixed_0.1,train,100,123,easy,5,5,0.1,0.95,0.1,default,100,3.0,8,1,1,0,0,0.0010123999963980168,
eps_fixed_0.1_123_6e5c59e3,eps_fixed_0.1,train,101,123,easy,5,5,0.1,0.95,0.1,default,100,-16.0,7,0,1,0,1,0.0009225999965565279,
eps_fixed_0.1_123_6e5c59e3,eps_fixed_0.1,train,102,123,easy,5,5,0.1,0.95,0.1,default,100,2.0,9,1,1,0,0,0.0011414000036893412,
eps_fixed_0.1_123_6e5c59e3,eps_fixed_0.1,train,103,123,easy,5,5,0.1,0.95,0.1,default,100,3.0,8,1,1,0,0,0.0010538000060478225,
eps_fixed_0.1_123_6e5c59e3,eps_fixed_0.1,train,104,123,easy,5,5,0.1,0.95,0.1,default,100,2.0,9,1,1,0,0,0.001139800006058067,
eps_fixed_0.1_123_6e5c59e3,eps_fixed_0.1,train,105,123,easy,5,5,0.1,0.95,0.1,default,100,3.0,8,1,1,0,0,0.0010452999995322898,
eps_fixed_0.1_123_6e5c59e3,eps_fixed_0.1,train,106,123,easy,5,5,0.1,0.95,0.1,default,100,3.0,8,1,1,0,0,0.0010547999991104007,
eps_fixed_0.1_123_6e5c59e3,eps_fixed_0.1,train,107,123,easy,5,5,0.1,0.95,0.1,default,100,3.0,8,1,1,0,0,0.0010551000013947487,
eps_fixed_0.1_123_6e5c59e3,eps_fixed_0.1,train,108,123,easy,5,5,0.1,0.95,0.1,default,100,3.0,8,1,1,0,0,0.0010870999976759776,
eps_fixed_0.1_123_6e5c59e3,eps_fixed_0.1,train,109,123,easy,5,5,0.1,0.95,0.1,default,100,3.0,8,1,1,0,0,0.0010029999975813553,
eps_fixed_0.1_123_6e5c59e3,eps_fixed_0.1,train,110,123,easy,5,5,0.1,0.95,0.1,default,100,3.0,8,1,1,0,0,0.0010591000027488917,
eps_fixed_0.1_123_6e5c59e3,eps_fixed_0.1,train,111,123,easy,5,5,0.1,0.95,0.1,default,100,3.0,8,1,1,0,0,0.001000799995381385,
eps_fixed_0.1_123_6e5c59e3,eps_fixed_0.1,train,112,123,easy,5,5,0.1,0.95,0.1,default,100,3.0,8,1,1,0,0,0.0010231000051135197,
eps_fixed_0.1_123_6e5c59e3,eps_fixed_0.1,train,113,123,easy,5,5,0.1,0.95,0.1,default,100,3.0,8,1,1,0,0,0.0010430999973323196,
eps_fixed_0.1_123_6e5c59e3,eps_fixed_0.1,train,114,123,easy,5,5,0.1,0.95,0.1,default,100,1.0,10,1,1,0,0,0.0012712000025203452,
eps_fixed_0.1_123_6e5c59e3,eps_fixed_0.1,train,115,123,easy,5,5,0.1,0.95,0.1,default,100,1.0,10,1,1,0,0,0.001239499993971549,
eps_fixed_0.1_123_6e5c59e3,eps_fixed_0.1,train,116,123,easy,5,5,0.1,0.95,0.1,default,100,3.0,8,1,1,0,0,0.001000400006887503,
eps_fixed_0.1_123_6e5c59e3,eps_fixed_0.1,train,117,123,easy,5,5,0.1,0.95,0.1,default,100,3.0,8,1,1,0,0,0.0010362000029999763,
eps_fixed_0.1_123_6e5c59e3,eps_fixed_0.1,train,118,123,easy,5,5,0.1,0.95,0.1,default,100,3.0,8,1,1,0,0,0.001044499993440695,
eps_fixed_0.1_123_6e5c59e3,eps_fixed_0.1,train,119,123,easy,5,5,0.1,0.95,0.1,default,100,1.0,10,1,1,0,0,0.0012418999976944178,
eps_fixed_0.1_123_6e5c59e3,eps_fixed_0.1,train,120,123,easy,5,5,0.1,0.95,0.1,default,100,2.0,9,1,1,0,0,0.0011196000123163685,
eps_fixed_0.1_123_6e5c59e3,eps_fixed_0.1,train,121,123,easy,5,5,0.1,0.95,0.1,default,100,3.0,8,1,1,0,0,0.0010521999938646331,
eps_fixed_0.1_123_6e5c59e3,eps_fixed_0.1,train,122,123,easy,5,5,0.1,0.95,0.1,default,100,2.0,9,1,1,0,0,0.0011211999953957275,
eps_fixed_0.1_123_6e5c59e3,eps_fixed_0.1,train,123,123,easy,5,5,0.1,0.95,0.1,default,100,3.0,8,1,1,0,0,0.0010670999909052625,
eps_fixed_0.1_123_6e5c59e3,eps_fixed_0.1,train,124,123,easy,5,5,0.1,0.95,0.1,default,100,3.0,8,1,1,0,0,0.0010953000019071624,
eps_fixed_0.1_123_6e5c59e3,eps_fixed_0.1,train,125,123,easy,5,5,0.1,0.95,0.1,default,100,3.0,8,1,1,0,0,0.0010485999955562875,
eps_fixed_0.1_123_6e5c59e3,eps_fixed_0.1,train,126,123,easy,5,5,0.1,0.95,0.1,default,100,3.0,8,1,1,0,0,0.0010747000051196665,
eps_fixed_0.1_123_6e5c59e3,eps_fixed_0.1,train,127,123,easy,5,5,0.1,0.95,0.1,default,100,3.0,8,1,1,0,0,0.0010597999935271218,
eps_fixed_0.1_123_6e5c59e3,eps_fixed_0.1,train,128,123,easy,5,5,0.1,0.95,0.1,default,100,-4.0,15,1,1,0,0,0.0016825000056996942,
eps_fixed_0.1_123_6e5c59e3,eps_fixed_0.1,train,129,123,easy,5,5,0.1,0.95,0.1,default,100,3.0,8,1,1,0,0,0.001013999994029291,
eps_fixed_0.1_123_6e5c59e3,eps_fixed_0.1,train,130,123,easy,5,5,0.1,0.95,0.1,default,100,-2.0,13,1,1,0,0,0.0014618000132031739,
eps_fixed_0.1_123_6e5c59e3,eps_fixed_0.1,train,131,123,easy,5,5,0.1,0.95,0.1,default,100,-16.0,7,0,1,0,1,0.0009116000001085922,
eps_fixed_0.1_123_6e5c59e3,eps_fixed_0.1,train,132,123,easy,5,5,0.1,0.95,0.1,default,100,3.0,8,1,1,0,0,0.0010395999997854233,
eps_fixed_0.1_123_6e5c59e3,eps_fixed_0.1,train,133,123,easy,5,5,0.1,0.95,0.1,default,100,1.0,10,1,1,0,0,0.0011874000047100708,
eps_fixed_0.1_123_6e5c59e3,eps_fixed_0.1,train,134,123,easy,5,5,0.1,0.95,0.1,default,100,3.0,8,1,1,0,0,0.0009931999957188964,
eps_fixed_0.1_123_6e5c59e3,eps_fixed_0.1,train,135,123,easy,5,5,0.1,0.95,0.1,default,100,3.0,8,1,1,0,0,0.0010523999953875318,
eps_fixed_0.1_123_6e5c59e3,eps_fixed_0.1,train,136,123,easy,5,5,0.1,0.95,0.1,default,100,3.0,8,1,1,0,0,0.0010386999929323792,
eps_fixed_0.1_123_6e5c59e3,eps_fixed_0.1,train,137,123,easy,5,5,0.1,0.95,0.1,default,100,3.0,8,1,1,0,0,0.0010242999996989965,
eps_fixed_0.1_123_6e5c59e3,eps_fixed_0.1,train,138,123,easy,5,5,0.1,0.95,0.1,default,100,2.0,9,1,1,0,0,0.001109900011215359,
eps_fixed_0.1_123_6e5c59e3,eps_fixed_0.1,train,139,123,easy,5,5,0.1,0.95,0.1,default,100,-20.0,11,0,1,0,1,0.0012426000030245632,
eps_fixed_0.1_123_6e5c59e3,eps_fixed_0.1,train,140,123,easy,5,5,0.1,0.95,0.1,default,100,3.0,8,1,1,0,0,0.0010572000028332695,
eps_fixed_0.1_123_6e5c59e3,eps_fixed_0.1,train,141,123,easy,5,5,0.1,0.95,0.1,default,100,3.0,8,1,1,0,0,0.001085999989300035,
eps_fixed_0.1_123_6e5c59e3,eps_fixed_0.1,train,142,123,easy,5,5,0.1,0.95,0.1,default,100,1.0,10,1,1,0,0,0.0012066999915987253,
eps_fixed_0.1_123_6e5c59e3,eps_fixed_0.1,train,143,123,easy,5,5,0.1,0.95,0.1,default,100,3.0,8,1,1,0,0,0.0009996000007959083,
eps_fixed_0.1_123_6e5c59e3,eps_fixed_0.1,train,144,123,easy,5,5,0.1,0.95,0.1,default,100,1.0,10,1,1,0,0,0.0012655000027734786,
eps_fixed_0.1_123_6e5c59e3,eps_fixed_0.1,train,145,123,easy,5,5,0.1,0.95,0.1,default,100,3.0,8,1,1,0,0,0.001046299992594868,
eps_fixed_0.1_123_6e5c59e3,eps_fixed_0.1,train,146,123,easy,5,5,0.1,0.95,0.1,default,100,3.0,8,1,1,0,0,0.0010681999992812052,
eps_fixed_0.1_123_6e5c59e3,eps_fixed_0.1,train,147,123,easy,5,5,0.1,0.95,0.1,default,100,2.0,9,1,1,0,0,0.0011205000046174973,
eps_fixed_0.1_123_6e5c59e3,eps_fixed_0.1,train,148,123,easy,5,5,0.1,0.95,0.1,default,100,1.0,10,1,1,0,0,0.0011568000045372173,
eps_fixed_0.1_123_6e5c59e3,eps_fixed_0.1,train,149,123,easy,5,5,0.1,0.95,0.1,default,100,3.0,8,1,1,0,0,0.0009535999997751787,
eps_fixed_0.1_123_6e5c59e3,eps_fixed_0.1,train,150,123,easy,5,5,0.1,0.95,0.1,default,100,3.0,8,1,1,0,0,0.0010689999908208847,
eps_fixed_0.1_123_6e5c59e3,eps_fixed_0.1,train,151,123,easy,5,5,0.1,0.95,0.1,default,100,3.0,8,1,1,0,0,0.0010514999885344878,
eps_fixed_0.1_123_6e5c59e3,eps_fixed_0.1,train,152,123,easy,5,5,0.1,0.95,0.1,default,100,3.0,8,1,1,0,0,0.0010149999870918691,
eps_fixed_0.1_123_6e5c59e3,eps_fixed_0.1,train,153,123,easy,5,5,0.1,0.95,0.1,default,100,1.0,10,1,1,0,0,0.001198899990413338,
eps_fixed_0.1_123_6e5c59e3,eps_fixed_0.1,train,154,123,easy,5,5,0.1,0.95,0.1,default,100,3.0,8,1,1,0,0,0.0010431000118842348,
eps_fixed_0.1_123_6e5c59e3,eps_fixed_0.1,train,155,123,easy,5,5,0.1,0.95,0.1,default,100,3.0,8,1,1,0,0,0.0010535999899730086,
eps_fixed_0.1_123_6e5c59e3,eps_fixed_0.1,train,156,123,easy,5,5,0.1,0.95,0.1,default,100,3.0,8,1,1,0,0,0.001036400004522875,
eps_fixed_0.1_123_6e5c59e3,eps_fixed_0.1,train,157,123,easy,5,5,0.1,0.95,0.1,default,100,3.0,8,1,1,0,0,0.001070300000719726,
eps_fixed_0.1_123_6e5c59e3,eps_fixed_0.1,train,158,123,easy,5,5,0.1,0.95,0.1,default,100,-1.0,12,1,1,0,0,0.0015006000030552968,
eps_fixed_0.1_123_6e5c59e3,eps_fixed_0.1,train,159,123,easy,5,5,0.1,0.95,0.1,default,100,1.0,10,1,1,0,0,0.0012008000048808753,
eps_fixed_0.1_123_6e5c59e3,eps_fixed_0.1,train,160,123,easy,5,5,0.1,0.95,0.1,default,100,3.0,8,1,1,0,0,0.0010809999948833138,
eps_fixed_0.1_123_6e5c59e3,eps_fixed_0.1,train,161,123,easy,5,5,0.1,0.95,0.1,default,100,0.0,11,1,1,0,0,0.0012814000074286014,
eps_fixed_0.1_123_6e5c59e3,eps_fixed_0.1,train,162,123,easy,5,5,0.1,0.95,0.1,default,100,1.0,10,1,1,0,0,0.0012120000028517097,
eps_fixed_0.1_123_6e5c59e3,eps_fixed_0.1,train,163,123,easy,5,5,0.1,0.95,0.1,default,100,3.0,8,1,1,0,0,0.001038299989886582,
eps_fixed_0.1_123_6e5c59e3,eps_fixed_0.1,train,164,123,easy,5,5,0.1,0.95,0.1,default,100,3.0,8,1,1,0,0,0.00106160000723321,
eps_fixed_0.1_123_6e5c59e3,eps_fixed_0.1,train,165,123,easy,5,5,0.1,0.95,0.1,default,100,2.0,9,1,1,0,0,0.001172400006907992,
eps_fixed_0.1_123_6e5c59e3,eps_fixed_0.1,train,166,123,easy,5,5,0.1,0.95,0.1,default,100,3.0,8,1,1,0,0,0.0010310999932698905,
eps_fixed_0.1_123_6e5c59e3,eps_fixed_0.1,train,167,123,easy,5,5,0.1,0.95,0.1,default,100,0.0,11,1,1,0,0,0.0013109999999869615,
eps_fixed_0.1_123_6e5c59e3,eps_fixed_0.1,train,168,123,easy,5,5,0.1,0.95,0.1,default,100,3.0,8,1,1,0,0,0.001049699989380315,
eps_fixed_0.1_123_6e5c59e3,eps_fixed_0.1,train,169,123,easy,5,5,0.1,0.95,0.1,default,100,1.0,10,1,1,0,0,0.0012278000067453831,
eps_fixed_0.1_123_6e5c59e3,eps_fixed_0.1,train,170,123,easy,5,5,0.1,0.95,0.1,default,100,3.0,8,1,1,0,0,0.001042899995809421,
eps_fixed_0.1_123_6e5c59e3,eps_fixed_0.1,train,171,123,easy,5,5,0.1,0.95,0.1,default,100,3.0,8,1,1,0,0,0.0010664000001270324,
eps_fixed_0.1_123_6e5c59e3,eps_fixed_0.1,train,172,123,easy,5,5,0.1,0.95,0.1,default,100,3.0,8,1,1,0,0,0.0010421000042697415,
eps_fixed_0.1_123_6e5c59e3,eps_fixed_0.1,train,173,123,easy,5,5,0.1,0.95,0.1,default,100,3.0,8,1,1,0,0,0.0010194999922532588,
eps_fixed_0.1_123_6e5c59e3,eps_fixed_0.1,train,174,123,easy,5,5,0.1,0.95,0.1,default,100,3.0,8,1,1,0,0,0.00103339999623131,
eps_fixed_0.1_123_6e5c59e3,eps_fixed_0.1,train,175,123,easy,5,5,0.1,0.95,0.1,default,100,0.0,11,1,1,0,0,0.0013185999996494502,
eps_fixed_0.1_123_6e5c59e3,eps_fixed_0.1,train,176,123,easy,5,5,0.1,0.95,0.1,default,100,1.0,10,1,1,0,0,0.0012451000075088814,
eps_fixed_0.1_123_6e5c59e3,eps_fixed_0.1,train,177,123,easy,5,5,0.1,0.95,0.1,default,100,2.0,9,1,1,0,0,0.0011367999977665022,
eps_fixed_0.1_123_6e5c59e3,eps_fixed_0.1,train,178,123,easy,5,5,0.1,0.95,0.1,default,100,2.0,9,1,1,0,0,0.0010872999991988763,
eps_fixed_0.1_123_6e5c59e3,eps_fixed_0.1,train,179,123,easy,5,5,0.1,0.95,0.1,default,100,-1.0,12,1,1,0,0,0.0013938000047346577,
eps_fixed_0.1_123_6e5c59e3,eps_fixed_0.1,train,180,123,easy,5,5,0.1,0.95,0.1,default,100,1.0,10,1,1,0,0,0.0012247000122442842,
eps_fixed_0.1_123_6e5c59e3,eps_fixed_0.1,train,181,123,easy,5,5,0.1,0.95,0.1,default,100,3.0,8,1,1,0,0,0.0011116999958176166,
eps_fixed_0.1_123_6e5c59e3,eps_fixed_0.1,train,182,123,easy,5,5,0.1,0.95,0.1,default,100,3.0,8,1,1,0,0,0.0010566999990260229,
eps_fixed_0.1_123_6e5c59e3,eps_fixed_0.1,train,183,123,easy,5,5,0.1,0.95,0.1,default,100,3.0,8,1,1,0,0,0.0010615000064717606,
eps_fixed_0.1_123_6e5c59e3,eps_fixed_0.1,train,184,123,easy,5,5,0.1,0.95,0.1,default,100,3.0,8,1,1,0,0,0.0010419000027468428,
eps_fixed_0.1_123_6e5c59e3,eps_fixed_0.1,train,185,123,easy,5,5,0.1,0.95,0.1,default,100,3.0,8,1,1,0,0,0.0010533000022405759,
eps_fixed_0.1_123_6e5c59e3,eps_fixed_0.1,train,186,123,easy,5,5,0.1,0.95,0.1,default,100,3.0,8,1,1,0,0,0.0010383999906480312,
eps_fixed_0.1_123_6e5c59e3,eps_fixed_0.1,train,187,123,easy,5,5,0.1,0.95,0.1,default,100,-1.0,12,1,1,0,0,0.0013849000097252429,
eps_fixed_0.1_123_6e5c59e3,eps_fixed_0.1,train,188,123,easy,5,5,0.1,0.95,0.1,default,100,3.0,8,1,1,0,0,0.0010689999908208847,
eps_fixed_0.1_123_6e5c59e3,eps_fixed_0.1,train,189,123,easy,5,5,0.1,0.95,0.1,default,100,1.0,10,1,1,0,0,0.0011861999955726787,
eps_fixed_0.1_123_6e5c59e3,eps_fixed_0.1,train,190,123,easy,5,5,0.1,0.95,0.1,default,100,-14.0,5,0,1,0,1,0.0006677000055788085,
eps_fixed_0.1_123_6e5c59e3,eps_fixed_0.1,train,191,123,easy,5,5,0.1,0.95,0.1,default,100,0.0,11,1,1,0,0,0.0012894999963464215,
eps_fixed_0.1_123_6e5c59e3,eps_fixed_0.1,train,192,123,easy,5,5,0.1,0.95,0.1,default,100,3.0,8,1,1,0,0,0.0010826999932760373,
eps_fixed_0.1_123_6e5c59e3,eps_fixed_0.1,train,193,123,easy,5,5,0.1,0.95,0.1,default,100,-16.0,7,0,1,0,1,0.0008925000001909211,
eps_fixed_0.1_123_6e5c59e3,eps_fixed_0.1,train,194,123,easy,5,5,0.1,0.95,0.1,default,100,3.0,8,1,1,0,0,0.0010709999914979562,
eps_fixed_0.1_123_6e5c59e3,eps_fixed_0.1,train,195,123,easy,5,5,0.1,0.95,0.1,default,100,3.0,8,1,1,0,0,0.0010458000033395365,
eps_fixed_0.1_123_6e5c59e3,eps_fixed_0.1,train,196,123,easy,5,5,0.1,0.95,0.1,default,100,2.0,9,1,1,0,0,0.0010885999945458025,
eps_fixed_0.1_123_6e5c59e3,eps_fixed_0.1,train,197,123,easy,5,5,0.1,0.95,0.1,default,100,-2.0,13,1,1,0,0,0.0014931000041542575,
eps_fixed_0.1_123_6e5c59e3,eps_fixed_0.1,train,198,123,easy,5,5,0.1,0.95,0.1,default,100,0.0,11,1,1,0,0,0.0012433999945642427,
eps_fixed_0.1_123_6e5c59e3,eps_fixed_0.1,train,199,123,easy,5,5,0.1,0.95,0.1,default,100,3.0,8,1,1,0,0,0.0010575000051176175,
eps_fixed_0.1_123_6e5c59e3,eps_fixed_0.1,train,200,123,easy,5,5,0.1,0.95,0.1,default,100,3.0,8,1,1,0,0,0.0010328999924240634,results\epsilon\fixed_0.1\seed_123\qtable_ep200.npz
eps_fixed_0.1_123_6e5c59e3,eps_fixed_0.1,train,201,123,easy,5,5,0.1,0.95,0.1,default,100,3.0,8,1,1,0,0,0.0010845999931916595,
eps_fixed_0.1_123_6e5c59e3,eps_fixed_0.1,train,202,123,easy,5,5,0.1,0.95,0.1,default,100,3.0,8,1,1,0,0,0.001233000002685003,
eps_fixed_0.1_123_6e5c59e3,eps_fixed_0.1,train,203,123,easy,5,5,0.1,0.95,0.1,default,100,-1.0,12,1,1,0,0,0.0014688999945065007,
eps_fixed_0.1_123_6e5c59e3,eps_fixed_0.1,train,204,123,easy,5,5,0.1,0.95,0.1,default,100,2.0,9,1,1,0,0,0.0011243999906582758,
eps_fixed_0.1_123_6e5c59e3,eps_fixed_0.1,train,205,123,easy,5,5,0.1,0.95,0.1,default,100,3.0,8,1,1,0,0,0.0013217000087024644,
eps_fixed_0.1_123_6e5c59e3,eps_fixed_0.1,train,206,123,easy,5,5,0.1,0.95,0.1,default,100,1.0,10,1,1,0,0,0.0012863000010838732,
eps_fixed_0.1_123_6e5c59e3,eps_fixed_0.1,train,207,123,easy,5,5,0.1,0.95,0.1,default,100,3.0,8,1,1,0,0,0.0010591999889584258,
eps_fixed_0.1_123_6e5c59e3,eps_fixed_0.1,train,208,123,easy,5,5,0.1,0.95,0.1,default,100,3.0,8,1,1,0,0,0.0010181999969063327,
eps_fixed_0.1_123_6e5c59e3,eps_fixed_0.1,train,209,123,easy,5,5,0.1,0.95,0.1,default,100,1.0,10,1,1,0,0,0.001408399999490939,
eps_fixed_0.1_123_6e5c59e3,eps_fixed_0.1,train,210,123,easy,5,5,0.1,0.95,0.1,default,100,0.0,11,1,1,0,0,0.0013470999983837828,
eps_fixed_0.1_123_6e5c59e3,eps_fixed_0.1,train,211,123,easy,5,5,0.1,0.95,0.1,default,100,3.0,8,1,1,0,0,0.0010745000035967678,
eps_fixed_0.1_123_6e5c59e3,eps_fixed_0.1,train,212,123,easy,5,5,0.1,0.95,0.1,default,100,3.0,8,1,1,0,0,0.0011635999981081113,
eps_fixed_0.1_123_6e5c59e3,eps_fixed_0.1,train,213,123,easy,5,5,0.1,0.95,0.1,default,100,3.0,8,1,1,0,0,0.0010449999972479418,
eps_fixed_0.1_123_6e5c59e3,eps_fixed_0.1,train,214,123,easy,5,5,0.1,0.95,0.1,default,100,-1.0,12,1,1,0,0,0.0014368999982252717,
eps_fixed_0.1_123_6e5c59e3,eps_fixed_0.1,train,215,123,easy,5,5,0.1,0.95,0.1,default,100,3.0,8,1,1,0,0,0.001138500010711141,
eps_fixed_0.1_123_6e5c59e3,eps_fixed_0.1,train,216,123,easy,5,5,0.1,0.95,0.1,default,100,2.0,9,1,1,0,0,0.0012427000037860125,
eps_fixed_0.1_123_6e5c59e3,eps_fixed_0.1,train,217,123,easy,5,5,0.1,0.95,0.1,default,100,3.0,8,1,1,0,0,0.001104799986933358,
eps_fixed_0.1_123_6e5c59e3,eps_fixed_0.1,train,218,123,easy,5,5,0.1,0.95,0.1,default,100,3.0,8,1,1,0,0,0.001119799999287352,
eps_fixed_0.1_123_6e5c59e3,eps_fixed_0.1,train,219,123,easy,5,5,0.1,0.95,0.1,default,100,3.0,8,1,1,0,0,0.0010818000009749085,
eps_fixed_0.1_123_6e5c59e3,eps_fixed_0.1,train,220,123,easy,5,5,0.1,0.95,0.1,default,100,2.0,9,1,1,0,0,0.0011402999953133985,
eps_fixed_0.1_123_6e5c59e3,eps_fixed_0.1,train,221,123,easy,5,5,0.1,0.95,0.1,default,100,3.0,8,1,1,0,0,0.0012697000056505203,
eps_fixed_0.1_123_6e5c59e3,eps_fixed_0.1,train,222,123,easy,5,5,0.1,0.95,0.1,default,100,3.0,8,1,1,0,0,0.001087199998437427,
eps_fixed_0.1_123_6e5c59e3,eps_fixed_0.1,train,223,123,easy,5,5,0.1,0.95,0.1,default,100,3.0,8,1,1,0,0,0.0011074000067310408,
eps_fixed_0.1_123_6e5c59e3,eps_fixed_0.1,train,224,123,easy,5,5,0.1,0.95,0.1,default,100,0.0,11,1,1,0,0,0.001513600000180304,
eps_fixed_0.1_123_6e5c59e3,eps_fixed_0.1,train,225,123,easy,5,5,0.1,0.95,0.1,default,100,1.0,10,1,1,0,0,0.0012181000056443736,
eps_fixed_0.1_123_6e5c59e3,eps_fixed_0.1,train,226,123,easy,5,5,0.1,0.95,0.1,default,100,2.0,9,1,1,0,0,0.0010966999980155379,
eps_fixed_0.1_123_6e5c59e3,eps_fixed_0.1,train,227,123,easy,5,5,0.1,0.95,0.1,default,100,3.0,8,1,1,0,0,0.0010642999986885116,
eps_fixed_0.1_123_6e5c59e3,eps_fixed_0.1,train,228,123,easy,5,5,0.1,0.95,0.1,default,100,3.0,8,1,1,0,0,0.0012331000034464523,
eps_fixed_0.1_123_6e5c59e3,eps_fixed_0.1,train,229,123,easy,5,5,0.1,0.95,0.1,default,100,3.0,8,1,1,0,0,0.001147799994214438,
eps_fixed_0.1_123_6e5c59e3,eps_fixed_0.1,train,230,123,easy,5,5,0.1,0.95,0.1,default,100,3.0,8,1,1,0,0,0.00109859999793116,
eps_fixed_0.1_123_6e5c59e3,eps_fixed_0.1,train,231,123,easy,5,5,0.1,0.95,0.1,default,100,2.0,9,1,1,0,0,0.001288700004806742,
eps_fixed_0.1_123_6e5c59e3,eps_fixed_0.1,train,232,123,easy,5,5,0.1,0.95,0.1,default,100,3.0,8,1,1,0,0,0.0010726000036811456,
eps_fixed_0.1_123_6e5c59e3,eps_fixed_0.1,train,233,123,easy,5,5,0.1,0.95,0.1,default,100,2.0,9,1,1,0,0,0.0010567999997874722,
eps_fixed_0.1_123_6e5c59e3,eps_fixed_0.1,train,234,123,easy,5,5,0.1,0.95,0.1,default,100,3.0,8,1,1,0,0,0.0010738999990280718,
eps_fixed_0.1_123_6e5c59e3,eps_fixed_0.1,train,235,123,easy,5,5,0.1,0.95,0.1,default,100,3.0,8,1,1,0,0,0.0011808999988716096,
eps_fixed_0.1_123_6e5c59e3,eps_fixed_0.1,train,236,123,easy,5,5,0.1,0.95,0.1,default,100,3.0,8,1,1,0,0,0.0010220999974990264,
eps_fixed_0.1_123_6e5c59e3,eps_fixed_0.1,train,237,123,easy,5,5,0.1,0.95,0.1,default,100,-1.0,12,1,1,0,0,0.0015181000053416938,
eps_fixed_0.1_123_6e5c59e3,eps_fixed_0.1,train,238,123,easy,5,5,0.1,0.95,0.1,default,100,2.0,9,1,1,0,0,0.0013245000009192154,
eps_fixed_0.1_123_6e5c59e3,eps_fixed_0.1,train,239,123,easy,5,5,0.1,0.95,0.1,default,100,3.0,8,1,1,0,0,0.0010935000027529895,
eps_fixed_0.1_123_6e5c59e3,eps_fixed_0.1,train,240,123,easy,5,5,0.1,0.95,0.1,default,100,3.0,8,1,1,0,0,0.0011860999948112294,
eps_fixed_0.1_123_6e5c59e3,eps_fixed_0.1,train,241,123,easy,5,5,0.1,0.95,0.1,default,100,3.0,8,1,1,0,0,0.0012427000037860125,
eps_fixed_0.1_123_6e5c59e3,eps_fixed_0.1,train,242,123,easy,5,5,0.1,0.95,0.1,default,100,2.0,9,1,1,0,0,0.0011863999970955774,
eps_fixed_0.1_123_6e5c59e3,eps_fixed_0.1,train,243,123,easy,5,5,0.1,0.95,0.1,default,100,3.0,8,1,1,0,0,0.0012091999960830435,
eps_fixed_0.1_123_6e5c59e3,eps_fixed_0.1,train,244,123,easy,5,5,0.1,0.95,0.1,default,100,3.0,8,1,1,0,0,0.0011058999953093007,
eps_fixed_0.1_123_6e5c59e3,eps_fixed_0.1,train,245,123,easy,5,5,0.1,0.95,0.1,default,100,1.0,10,1,1,0,0,0.0012085999915143475,
eps_fixed_0.1_123_6e5c59e3,eps_fixed_0.1,train,246,123,easy,5,5,0.1,0.95,0.1,default,100,3.0,8,1,1,0,0,0.0010412999981781468,
eps_fixed_0.1_123_6e5c59e3,eps_fixed_0.1,train,247,123,easy,5,5,0.1,0.95,0.1,default,100,1.0,10,1,1,0,0,0.0015208999975584447,
eps_fixed_0.1_123_6e5c59e3,eps_fixed_0.1,train,248,123,easy,5,5,0.1,0.95,0.1,default,100,1.0,10,1,1,0,0,0.0012085000053048134,
eps_fixed_0.1_123_6e5c59e3,eps_fixed_0.1,train,249,123,easy,5,5,0.1,0.95,0.1,default,100,-2.0,13,1,1,0,0,0.0015221000066958368,
eps_fixed_0.1_123_6e5c59e3,eps_fixed_0.1,train,250,123,easy,5,5,0.1,0.95,0.1,default,100,2.0,9,1,1,0,0,0.0012637000036193058,
eps_fixed_0.1_123_6e5c59e3,eps_fixed_0.1,train,251,123,easy,5,5,0.1,0.95,0.1,default,100,3.0,8,1,1,0,0,0.0010482999932719395,
eps_fixed_0.1_123_6e5c59e3,eps_fixed_0.1,train,252,123,easy,5,5,0.1,0.95,0.1,default,100,3.0,8,1,1,0,0,0.0010295999964000657,
eps_fixed_0.1_123_6e5c59e3,eps_fixed_0.1,train,253,123,easy,5,5,0.1,0.95,0.1,default,100,-2.0,13,1,1,0,0,0.0014149999915389344,
eps_fixed_0.1_123_6e5c59e3,eps_fixed_0.1,train,254,123,easy,5,5,0.1,0.95,0.1,default,100,3.0,8,1,1,0,0,0.0011048000014852732,
eps_fixed_0.1_123_6e5c59e3,eps_fixed_0.1,train,255,123,easy,5,5,0.1,0.95,0.1,default,100,3.0,8,1,1,0,0,0.0010750999936135486,
eps_fixed_0.1_123_6e5c59e3,eps_fixed_0.1,train,256,123,easy,5,5,0.1,0.95,0.1,default,100,1.0,10,1,1,0,0,0.0011749000113923103,
eps_fixed_0.1_123_6e5c59e3,eps_fixed_0.1,train,257,123,easy,5,5,0.1,0.95,0.1,default,100,3.0,8,1,1,0,0,0.001257600000826642,
eps_fixed_0.1_123_6e5c59e3,eps_fixed_0.1,train,258,123,easy,5,5,0.1,0.95,0.1,default,100,3.0,8,1,1,0,0,0.0012561999901663512,
eps_fixed_0.1_123_6e5c59e3,eps_fixed_0.1,train,259,123,easy,5,5,0.1,0.95,0.1,default,100,3.0,8,1,1,0,0,0.001090899997507222,
eps_fixed_0.1_123_6e5c59e3,eps_fixed_0.1,train,260,123,easy,5,5,0.1,0.95,0.1,default,100,3.0,8,1,1,0,0,0.0011131999926874414,
eps_fixed_0.1_123_6e5c59e3,eps_fixed_0.1,train,261,123,easy,5,5,0.1,0.95,0.1,default,100,3.0,8,1,1,0,0,0.0010914000013144687,
eps_fixed_0.1_123_6e5c59e3,eps_fixed_0.1,train,262,123,easy,5,5,0.1,0.95,0.1,default,100,3.0,8,1,1,0,0,0.0010811000101966783,
eps_fixed_0.1_123_6e5c59e3,eps_fixed_0.1,train,263,123,easy,5,5,0.1,0.95,0.1,default,100,2.0,9,1,1,0,0,0.0011334000009810552,
eps_fixed_0.1_123_6e5c59e3,eps_fixed_0.1,train,264,123,easy,5,5,0.1,0.95,0.1,default,100,3.0,8,1,1,0,0,0.0010765000042738393,
eps_fixed_0.1_123_6e5c59e3,eps_fixed_0.1,train,265,123,easy,5,5,0.1,0.95,0.1,default,100,3.0,8,1,1,0,0,0.001109900011215359,
eps_fixed_0.1_123_6e5c59e3,eps_fixed_0.1,train,266,123,easy,5,5,0.1,0.95,0.1,default,100,1.0,10,1,1,0,0,0.0015332000039052218,
eps_fixed_0.1_123_6e5c59e3,eps_fixed_0.1,train,267,123,easy,5,5,0.1,0.95,0.1,default,100,2.0,9,1,1,0,0,0.0013270000054035336,
eps_fixed_0.1_123_6e5c59e3,eps_fixed_0.1,train,268,123,easy,5,5,0.1,0.95,0.1,default,100,1.0,10,1,1,0,0,0.0012526999926194549,
eps_fixed_0.1_123_6e5c59e3,eps_fixed_0.1,train,269,123,easy,5,5,0.1,0.95,0.1,default,100,3.0,8,1,1,0,0,0.0012373999925330281,
eps_fixed_0.1_123_6e5c59e3,eps_fixed_0.1,train,270,123,easy,5,5,0.1,0.95,0.1,default,100,-16.0,7,0,1,0,1,0.0008850000012898818,
eps_fixed_0.1_123_6e5c59e3,eps_fixed_0.1,train,271,123,easy,5,5,0.1,0.95,0.1,default,100,3.0,8,1,1,0,0,0.0010580999951343983,
eps_fixed_0.1_123_6e5c59e3,eps_fixed_0.1,train,272,123,easy,5,5,0.1,0.95,0.1,default,100,3.0,8,1,1,0,0,0.0011520000116433948,
eps_fixed_0.1_123_6e5c59e3,eps_fixed_0.1,train,273,123,easy,5,5,0.1,0.95,0.1,default,100,3.0,8,1,1,0,0,0.0012347000010777265,
eps_fixed_0.1_123_6e5c59e3,eps_fixed_0.1,train,274,123,easy,5,5,0.1,0.95,0.1,default,100,3.0,8,1,1,0,0,0.0010826000070665032,
eps_fixed_0.1_123_6e5c59e3,eps_fixed_0.1,train,275,123,easy,5,5,0.1,0.95,0.1,default,100,1.0,10,1,1,0,0,0.0012993999989703298,
eps_fixed_0.1_123_6e5c59e3,eps_fixed_0.1,train,276,123,easy,5,5,0.1,0.95,0.1,default,100,3.0,8,1,1,0,0,0.0012207999970996752,
eps_fixed_0.1_123_6e5c59e3,eps_fixed_0.1,train,277,123,easy,5,5,0.1,0.95,0.1,default,100,3.0,8,1,1,0,0,0.0011796000035246834,
eps_fixed_0.1_123_6e5c59e3,eps_fixed_0.1,train,278,123,easy,5,5,0.1,0.95,0.1,default,100,3.0,8,1,1,0,0,0.0010752999951364473,
eps_fixed_0.1_123_6e5c59e3,eps_fixed_0.1,train,279,123,easy,5,5,0.1,0.95,0.1,default,100,3.0,8,1,1,0,0,0.0012430000060703605,
eps_fixed_0.1_123_6e5c59e3,eps_fixed_0.1,train,280,123,easy,5,5,0.1,0.95,0.1,default,100,3.0,8,1,1,0,0,0.0013770999939879403,
eps_fixed_0.1_123_6e5c59e3,eps_fixed_0.1,train,281,123,easy,5,5,0.1,0.95,0.1,default,100,3.0,8,1,1,0,0,0.0013657000090461224,
eps_fixed_0.1_123_6e5c59e3,eps_fixed_0.1,train,282,123,easy,5,5,0.1,0.95,0.1,default,100,3.0,8,1,1,0,0,0.0011131999926874414,
eps_fixed_0.1_123_6e5c59e3,eps_fixed_0.1,train,283,123,easy,5,5,0.1,0.95,0.1,default,100,0.0,11,1,1,0,0,0.001458899991121143,
eps_fixed_0.1_123_6e5c59e3,eps_fixed_0.1,train,284,123,easy,5,5,0.1,0.95,0.1,default,100,3.0,8,1,1,0,0,0.0010672999924281612,
eps_fixed_0.1_123_6e5c59e3,eps_fixed_0.1,train,285,123,easy,5,5,0.1,0.95,0.1,default,100,3.0,8,1,1,0,0,0.0012239999923622236,
eps_fixed_0.1_123_6e5c59e3,eps_fixed_0.1,train,286,123,easy,5,5,0.1,0.95,0.1,default,100,-1.0,12,1,1,0,0,0.0014178000128595158,
eps_fixed_0.1_123_6e5c59e3,eps_fixed_0.1,train,287,123,easy,5,5,0.1,0.95,0.1,default,100,3.0,8,1,1,0,0,0.0010637000086717308,
eps_fixed_0.1_123_6e5c59e3,eps_fixed_0.1,train,288,123,easy,5,5,0.1,0.95,0.1,default,100,3.0,8,1,1,0,0,0.0012390999909257516,
eps_fixed_0.1_123_6e5c59e3,eps_fixed_0.1,train,289,123,easy,5,5,0.1,0.95,0.1,default,100,3.0,8,1,1,0,0,0.001073699997505173,
eps_fixed_0.1_123_6e5c59e3,eps_fixed_0.1,train,290,123,easy,5,5,0.1,0.95,0.1,default,100,3.0,8,1,1,0,0,0.0013106999977026135,
eps_fixed_0.1_123_6e5c59e3,eps_fixed_0.1,train,291,123,easy,5,5,0.1,0.95,0.1,default,100,2.0,9,1,1,0,0,0.001704000009340234,
eps_fixed_0.1_123_6e5c59e3,eps_fixed_0.1,train,292,123,easy,5,5,0.1,0.95,0.1,default,100,3.0,8,1,1,0,0,0.0011608000058913603,
eps_fixed_0.1_123_6e5c59e3,eps_fixed_0.1,train,293,123,easy,5,5,0.1,0.95,0.1,default,100,1.0,10,1,1,0,0,0.0012795000075129792,
eps_fixed_0.1_123_6e5c59e3,eps_fixed_0.1,train,294,123,easy,5,5,0.1,0.95,0.1,default,100,3.0,8,1,1,0,0,0.00119339999218937,
eps_fixed_0.1_123_6e5c59e3,eps_fixed_0.1,train,295,123,easy,5,5,0.1,0.95,0.1,default,100,3.0,8,1,1,0,0,0.0011362999939592555,
eps_fixed_0.1_123_6e5c59e3,eps_fixed_0.1,train,296,123,easy,5,5,0.1,0.95,0.1,default,100,3.0,8,1,1,0,0,0.0011152999941259623,
eps_fixed_0.1_123_6e5c59e3,eps_fixed_0.1,train,297,123,easy,5,5,0.1,0.95,0.1,default,100,1.0,10,1,1,0,0,0.0012144000065745786,
eps_fixed_0.1_123_6e5c59e3,eps_fixed_0.1,train,298,123,easy,5,5,0.1,0.95,0.1,default,100,3.0,8,1,1,0,0,0.001221300000906922,
eps_fixed_0.1_123_6e5c59e3,eps_fixed_0.1,train,299,123,easy,5,5,0.1,0.95,0.1,default,100,3.0,8,1,1,0,0,0.0010709999914979562,
eps_fixed_0.1_123_6e5c59e3,eps_fixed_0.1,train,300,123,easy,5,5,0.1,0.95,0.1,default,100,3.0,8,1,1,0,0,0.0010318999993614852,
eps_fixed_0.1_123_6e5c59e3,eps_fixed_0.1,train,301,123,easy,5,5,0.1,0.95,0.1,default,100,2.0,9,1,1,0,0,0.0012157000019215047,
eps_fixed_0.1_123_6e5c59e3,eps_fixed_0.1,train,302,123,easy,5,5,0.1,0.95,0.1,default,100,1.0,10,1,1,0,0,0.001221900005475618,
eps_fixed_0.1_123_6e5c59e3,eps_fixed_0.1,train,303,123,easy,5,5,0.1,0.95,0.1,default,100,2.0,9,1,1,0,0,0.0012863000010838732,
eps_fixed_0.1_123_6e5c59e3,eps_fixed_0.1,train,304,123,easy,5,5,0.1,0.95,0.1,default,100,3.0,8,1,1,0,0,0.0010966000118060037,
eps_fixed_0.1_123_6e5c59e3,eps_fixed_0.1,train,305,123,easy,5,5,0.1,0.95,0.1,default,100,3.0,8,1,1,0,0,0.0010137000062968582,
eps_fixed_0.1_123_6e5c59e3,eps_fixed_0.1,train,306,123,easy,5,5,0.1,0.95,0.1,default,100,-7.0,18,1,1,0,0,0.0022181999956956133,
eps_fixed_0.1_123_6e5c59e3,eps_fixed_0.1,train,307,123,easy,5,5,0.1,0.95,0.1,default,100,2.0,9,1,1,0,0,0.0012029000063193962,
eps_fixed_0.1_123_6e5c59e3,eps_fixed_0.1,train,308,123,easy,5,5,0.1,0.95,0.1,default,100,3.0,8,1,1,0,0,0.001102900001569651,
eps_fixed_0.1_123_6e5c59e3,eps_fixed_0.1,train,309,123,easy,5,5,0.1,0.95,0.1,default,100,2.0,9,1,1,0,0,0.001379199995426461,
eps_fixed_0.1_123_6e5c59e3,eps_fixed_0.1,train,310,123,easy,5,5,0.1,0.95,0.1,default,100,-16.0,7,0,1,0,1,0.0009178000036627054,
eps_fixed_0.1_123_6e5c59e3,eps_fixed_0.1,train,311,123,easy,5,5,0.1,0.95,0.1,default,100,3.0,8,1,1,0,0,0.0010750999936135486,
eps_fixed_0.1_123_6e5c59e3,eps_fixed_0.1,train,312,123,easy,5,5,0.1,0.95,0.1,default,100,1.0,10,1,1,0,0,0.001175800003693439,
eps_fixed_0.1_123_6e5c59e3,eps_fixed_0.1,train,313,123,easy,5,5,0.1,0.95,0.1,default,100,-16.0,7,0,1,0,1,0.0011098000104539096,
eps_fixed_0.1_123_6e5c59e3,eps_fixed_0.1,train,314,123,easy,5,5,0.1,0.95,0.1,default,100,3.0,8,1,1,0,0,0.001105000003008172,
eps_fixed_0.1_123_6e5c59e3,eps_fixed_0.1,train,315,123,easy,5,5,0.1,0.95,0.1,default,100,0.0,11,1,1,0,0,0.001221399987116456,
eps_fixed_0.1_123_6e5c59e3,eps_fixed_0.1,train,316,123,easy,5,5,0.1,0.95,0.1,default,100,3.0,8,1,1,0,0,0.001022600001306273,
eps_fixed_0.1_123_6e5c59e3,eps_fixed_0.1,train,317,123,easy,5,5,0.1,0.95,0.1,default,100,3.0,8,1,1,0,0,0.0012698999926215038,
eps_fixed_0.1_123_6e5c59e3,eps_fixed_0.1,train,318,123,easy,5,5,0.1,0.95,0.1,default,100,3.0,8,1,1,0,0,0.0012389000039547682,
eps_fixed_0.1_123_6e5c59e3,eps_fixed_0.1,train,319,123,easy,5,5,0.1,0.95,0.1,default,100,3.0,8,1,1,0,0,0.0010345000046072528,
eps_fixed_0.1_123_6e5c59e3,eps_fixed_0.1,train,320,123,easy,5,5,0.1,0.95,0.1,default,100,1.0,10,1,1,0,0,0.0014755000011064112,
eps_fixed_0.1_123_6e5c59e3,eps_fixed_0.1,train,321,123,easy,5,5,0.1,0.95,0.1,default,100,3.0,8,1,1,0,0,0.001044700009515509,
eps_fixed_0.1_123_6e5c59e3,eps_fixed_0.1,train,322,123,easy,5,5,0.1,0.95,0.1,default,100,1.0,10,1,1,0,0,0.0014220000011846423,
eps_fixed_0.1_123_6e5c59e3,eps_fixed_0.1,train,323,123,easy,5,5,0.1,0.95,0.1,default,100,3.0,8,1,1,0,0,0.001083199997083284,
eps_fixed_0.1_123_6e5c59e3,eps_fixed_0.1,train,324,123,easy,5,5,0.1,0.95,0.1,default,100,3.0,8,1,1,0,0,0.0011743999930331483,
eps_fixed_0.1_123_6e5c59e3,eps_fixed_0.1,train,325,123,easy,5,5,0.1,0.95,0.1,default,100,3.0,8,1,1,0,0,0.0014958999963710085,
eps_fixed_0.1_123_6e5c59e3,eps_fixed_0.1,train,326,123,easy,5,5,0.1,0.95,0.1,default,100,3.0,8,1,1,0,0,0.0012568999954964966,
eps_fixed_0.1_123_6e5c59e3,eps_fixed_0.1,train,327,123,easy,5,5,0.1,0.95,0.1,default,100,2.0,9,1,1,0,0,0.0011750999983632937,
eps_fixed_0.1_123_6e5c59e3,eps_fixed_0.1,train,328,123,easy,5,5,0.1,0.95,0.1,default,100,3.0,8,1,1,0,0,0.001072799990652129,
eps_fixed_0.1_123_6e5c59e3,eps_fixed_0.1,train,329,123,easy,5,5,0.1,0.95,0.1,default,100,0.0,11,1,1,0,0,0.0014931000041542575,
eps_fixed_0.1_123_6e5c59e3,eps_fixed_0.1,train,330,123,easy,5,5,0.1,0.95,0.1,default,100,2.0,9,1,1,0,0,0.0011639000003924593,
eps_fixed_0.1_123_6e5c59e3,eps_fixed_0.1,train,331,123,easy,5,5,0.1,0.95,0.1,default,100,3.0,8,1,1,0,0,0.0010572000028332695,
eps_fixed_0.1_123_6e5c59e3,eps_fixed_0.1,train,332,123,easy,5,5,0.1,0.95,0.1,default,100,-16.0,7,0,1,0,1,0.0009085999918170273,
eps_fixed_0.1_123_6e5c59e3,eps_fixed_0.1,train,333,123,easy,5,5,0.1,0.95,0.1,default,100,2.0,9,1,1,0,0,0.0011156999971717596,
eps_fixed_0.1_123_6e5c59e3,eps_fixed_0.1,train,334,123,easy,5,5,0.1,0.95,0.1,default,100,3.0,8,1,1,0,0,0.0010183999984292313,
eps_fixed_0.1_123_6e5c59e3,eps_fixed_0.1,train,335,123,easy,5,5,0.1,0.95,0.1,default,100,3.0,8,1,1,0,0,0.0010206000006292015,
eps_fixed_0.1_123_6e5c59e3,eps_fixed_0.1,train,336,123,easy,5,5,0.1,0.95,0.1,default,100,3.0,8,1,1,0,0,0.0010688000038499013,
eps_fixed_0.1_123_6e5c59e3,eps_fixed_0.1,train,337,123,easy,5,5,0.1,0.95,0.1,default,100,3.0,8,1,1,0,0,0.0010842000046977773,
eps_fixed_0.1_123_6e5c59e3,eps_fixed_0.1,train,338,123,easy,5,5,0.1,0.95,0.1,default,100,3.0,8,1,1,0,0,0.0010242999996989965,
eps_fixed_0.1_123_6e5c59e3,eps_fixed_0.1,train,339,123,easy,5,5,0.1,0.95,0.1,default,100,3.0,8,1,1,0,0,0.0010671999916667119,
eps_fixed_0.1_123_6e5c59e3,eps_fixed_0.1,train,340,123,easy,5,5,0.1,0.95,0.1,default,100,3.0,8,1,1,0,0,0.0010868000099435449,
eps_fixed_0.1_123_6e5c59e3,eps_fixed_0.1,train,341,123,easy,5,5,0.1,0.95,0.1,default,100,3.0,8,1,1,0,0,0.0010175999923376366,
eps_fixed_0.1_123_6e5c59e3,eps_fixed_0.1,train,342,123,easy,5,5,0.1,0.95,0.1,default,100,-16.0,7,0,1,0,1,0.0010520999931031838,
eps_fixed_0.1_123_6e5c59e3,eps_fixed_0.1,train,343,123,easy,5,5,0.1,0.95,0.1,default,100,3.0,8,1,1,0,0,0.001217600001837127,
eps_fixed_0.1_123_6e5c59e3,eps_fixed_0.1,train,344,123,easy,5,5,0.1,0.95,0.1,default,100,2.0,9,1,1,0,0,0.0011756999883800745,
eps_fixed_0.1_123_6e5c59e3,eps_fixed_0.1,train,345,123,easy,5,5,0.1,0.95,0.1,default,100,3.0,8,1,1,0,0,0.0011907000007340685,
eps_fixed_0.1_123_6e5c59e3,eps_fixed_0.1,train,346,123,easy,5,5,0.1,0.95,0.1,default,100,2.0,9,1,1,0,0,0.0013115000037942082,
eps_fixed_0.1_123_6e5c59e3,eps_fixed_0.1,train,347,123,easy,5,5,0.1,0.95,0.1,default,100,2.0,9,1,1,0,0,0.0011492000048747286,
eps_fixed_0.1_123_6e5c59e3,eps_fixed_0.1,train,348,123,easy,5,5,0.1,0.95,0.1,default,100,2.0,9,1,1,0,0,0.0011423999967519194,
eps_fixed_0.1_123_6e5c59e3,eps_fixed_0.1,train,349,123,easy,5,5,0.1,0.95,0.1,default,100,-15.0,6,0,1,0,1,0.0007526999979745597,
eps_fixed_0.1_123_6e5c59e3,eps_fixed_0.1,train,350,123,easy,5,5,0.1,0.95,0.1,default,100,-14.0,5,0,1,0,1,0.0008040999964578077,
eps_fixed_0.1_123_6e5c59e3,eps_fixed_0.1,train,351,123,easy,5,5,0.1,0.95,0.1,default,100,3.0,8,1,1,0,0,0.0010772999958135188,
eps_fixed_0.1_123_6e5c59e3,eps_fixed_0.1,train,352,123,easy,5,5,0.1,0.95,0.1,default,100,3.0,8,1,1,0,0,0.0010688000038499013,
eps_fixed_0.1_123_6e5c59e3,eps_fixed_0.1,train,353,123,easy,5,5,0.1,0.95,0.1,default,100,3.0,8,1,1,0,0,0.0010484999947948381,
eps_fixed_0.1_123_6e5c59e3,eps_fixed_0.1,train,354,123,easy,5,5,0.1,0.95,0.1,default,100,3.0,8,1,1,0,0,0.001197300007333979,
eps_fixed_0.1_123_6e5c59e3,eps_fixed_0.1,train,355,123,easy,5,5,0.1,0.95,0.1,default,100,3.0,8,1,1,0,0,0.0010852999985218048,
eps_fixed_0.1_123_6e5c59e3,eps_fixed_0.1,train,356,123,easy,5,5,0.1,0.95,0.1,default,100,0.0,11,1,1,0,0,0.0012788000021828339,
eps_fixed_0.1_123_6e5c59e3,eps_fixed_0.1,train,357,123,easy,5,5,0.1,0.95,0.1,default,100,3.0,8,1,1,0,0,0.0010604999988572672,
eps_fixed_0.1_123_6e5c59e3,eps_fixed_0.1,train,358,123,easy,5,5,0.1,0.95,0.1,default,100,3.0,8,1,1,0,0,0.0010565999982645735,
eps_fixed_0.1_123_6e5c59e3,eps_fixed_0.1,train,359,123,easy,5,5,0.1,0.95,0.1,default,100,3.0,8,1,1,0,0,0.0010756999981822446,
eps_fixed_0.1_123_6e5c59e3,eps_fixed_0.1,train,360,123,easy,5,5,0.1,0.95,0.1,default,100,2.0,9,1,1,0,0,0.0011617000127444044,
eps_fixed_0.1_123_6e5c59e3,eps_fixed_0.1,train,361,123,easy,5,5,0.1,0.95,0.1,default,100,2.0,9,1,1,0,0,0.0011804999958258122,
eps_fixed_0.1_123_6e5c59e3,eps_fixed_0.1,train,362,123,easy,5,5,0.1,0.95,0.1,default,100,-18.0,9,0,1,0,1,0.0011189999931957573,
eps_fixed_0.1_123_6e5c59e3,eps_fixed_0.1,train,363,123,easy,5,5,0.1,0.95,0.1,default,100,3.0,8,1,1,0,0,0.0009877999982563779,
eps_fixed_0.1_123_6e5c59e3,eps_fixed_0.1,train,364,123,easy,5,5,0.1,0.95,0.1,default,100,1.0,10,1,1,0,0,0.0012237999908393249,
eps_fixed_0.1_123_6e5c59e3,eps_fixed_0.1,train,365,123,easy,5,5,0.1,0.95,0.1,default,100,0.0,11,1,1,0,0,0.001358500012429431,
eps_fixed_0.1_123_6e5c59e3,eps_fixed_0.1,train,366,123,easy,5,5,0.1,0.95,0.1,default,100,2.0,9,1,1,0,0,0.001255800001672469,
eps_fixed_0.1_123_6e5c59e3,eps_fixed_0.1,train,367,123,easy,5,5,0.1,0.95,0.1,default,100,3.0,8,1,1,0,0,0.0010934000019915402,
eps_fixed_0.1_123_6e5c59e3,eps_fixed_0.1,train,368,123,easy,5,5,0.1,0.95,0.1,default,100,2.0,9,1,1,0,0,0.0011629999935394153,
eps_fixed_0.1_123_6e5c59e3,eps_fixed_0.1,train,369,123,easy,5,5,0.1,0.95,0.1,default,100,3.0,8,1,1,0,0,0.0010575999913271517,
eps_fixed_0.1_123_6e5c59e3,eps_fixed_0.1,train,370,123,easy,5,5,0.1,0.95,0.1,default,100,3.0,8,1,1,0,0,0.0010015000007115304,
eps_fixed_0.1_123_6e5c59e3,eps_fixed_0.1,train,371,123,easy,5,5,0.1,0.95,0.1,default,100,-14.0,5,0,1,0,1,0.0006779999966965988,
eps_fixed_0.1_123_6e5c59e3,eps_fixed_0.1,train,372,123,easy,5,5,0.1,0.95,0.1,default,100,3.0,8,1,1,0,0,0.0010784000041894615,
eps_fixed_0.1_123_6e5c59e3,eps_fixed_0.1,train,373,123,easy,5,5,0.1,0.95,0.1,default,100,3.0,8,1,1,0,0,0.0010509999992791563,
eps_fixed_0.1_123_6e5c59e3,eps_fixed_0.1,train,374,123,easy,5,5,0.1,0.95,0.1,default,100,2.0,9,1,1,0,0,0.001146900001913309,
eps_fixed_0.1_123_6e5c59e3,eps_fixed_0.1,train,375,123,easy,5,5,0.1,0.95,0.1,default,100,0.0,11,1,1,0,0,0.0013384999911068007,
eps_fixed_0.1_123_6e5c59e3,eps_fixed_0.1,train,376,123,easy,5,5,0.1,0.95,0.1,default,100,2.0,9,1,1,0,0,0.0011478000087663531,
eps_fixed_0.1_123_6e5c59e3,eps_fixed_0.1,train,377,123,easy,5,5,0.1,0.95,0.1,default,100,3.0,8,1,1,0,0,0.0011180000001331791,
eps_fixed_0.1_123_6e5c59e3,eps_fixed_0.1,train,378,123,easy,5,5,0.1,0.95,0.1,default,100,1.0,10,1,1,0,0,0.0012472000089474022,
eps_fixed_0.1_123_6e5c59e3,eps_fixed_0.1,train,379,123,easy,5,5,0.1,0.95,0.1,default,100,-3.0,14,1,1,0,0,0.0016386999923270196,
eps_fixed_0.1_123_6e5c59e3,eps_fixed_0.1,train,380,123,easy,5,5,0.1,0.95,0.1,default,100,3.0,8,1,1,0,0,0.0010762000019894913,
eps_fixed_0.1_123_6e5c59e3,eps_fixed_0.1,train,381,123,easy,5,5,0.1,0.95,0.1,default,100,3.0,8,1,1,0,0,0.0010812999971676618,
eps_fixed_0.1_123_6e5c59e3,eps_fixed_0.1,train,382,123,easy,5,5,0.1,0.95,0.1,default,100,3.0,8,1,1,0,0,0.0011004999978467822,
eps_fixed_0.1_123_6e5c59e3,eps_fixed_0.1,train,383,123,easy,5,5,0.1,0.95,0.1,default,100,3.0,8,1,1,0,0,0.0013876000011805445,
eps_fixed_0.1_123_6e5c59e3,eps_fixed_0.1,train,384,123,easy,5,5,0.1,0.95,0.1,default,100,3.0,8,1,1,0,0,0.0011488000018289313,
eps_fixed_0.1_123_6e5c59e3,eps_fixed_0.1,train,385,123,easy,5,5,0.1,0.95,0.1,default,100,1.0,10,1,1,0,0,0.0012468000059016049,
eps_fixed_0.1_123_6e5c59e3,eps_fixed_0.1,train,386,123,easy,5,5,0.1,0.95,0.1,default,100,-14.0,5,0,1,0,1,0.0006227999983821064,
eps_fixed_0.1_123_6e5c59e3,eps_fixed_0.1,train,387,123,easy,5,5,0.1,0.95,0.1,default,100,3.0,8,1,1,0,0,0.0012444999883882701,
eps_fixed_0.1_123_6e5c59e3,eps_fixed_0.1,train,388,123,easy,5,5,0.1,0.95,0.1,default,100,0.0,11,1,1,0,0,0.0013505999959306791,
eps_fixed_0.1_123_6e5c59e3,eps_fixed_0.1,train,389,123,easy,5,5,0.1,0.95,0.1,default,100,3.0,8,1,1,0,0,0.0010257999965688214,
eps_fixed_0.1_123_6e5c59e3,eps_fixed_0.1,train,390,123,easy,5,5,0.1,0.95,0.1,default,100,3.0,8,1,1,0,0,0.001011500004096888,
eps_fixed_0.1_123_6e5c59e3,eps_fixed_0.1,train,391,123,easy,5,5,0.1,0.95,0.1,default,100,0.0,11,1,1,0,0,0.0014395000034710392,
eps_fixed_0.1_123_6e5c59e3,eps_fixed_0.1,train,392,123,easy,5,5,0.1,0.95,0.1,default,100,2.0,9,1,1,0,0,0.001175500001409091,
eps_fixed_0.1_123_6e5c59e3,eps_fixed_0.1,train,393,123,easy,5,5,0.1,0.95,0.1,default,100,3.0,8,1,1,0,0,0.0010712999937823042,
eps_fixed_0.1_123_6e5c59e3,eps_fixed_0.1,train,394,123,easy,5,5,0.1,0.95,0.1,default,100,2.0,9,1,1,0,0,0.0013083000085316598,
eps_fixed_0.1_123_6e5c59e3,eps_fixed_0.1,train,395,123,easy,5,5,0.1,0.95,0.1,default,100,3.0,8,1,1,0,0,0.0010785000049509108,
eps_fixed_0.1_123_6e5c59e3,eps_fixed_0.1,train,396,123,easy,5,5,0.1,0.95,0.1,default,100,3.0,8,1,1,0,0,0.0011365999962436035,
eps_fixed_0.1_123_6e5c59e3,eps_fixed_0.1,train,397,123,easy,5,5,0.1,0.95,0.1,default,100,3.0,8,1,1,0,0,0.0010242999996989965,
eps_fixed_0.1_123_6e5c59e3,eps_fixed_0.1,train,398,123,easy,5,5,0.1,0.95,0.1,default,100,3.0,8,1,1,0,0,0.001262599995243363,
eps_fixed_0.1_123_6e5c59e3,eps_fixed_0.1,train,399,123,easy,5,5,0.1,0.95,0.1,default,100,3.0,8,1,1,0,0,0.0011004999978467822,
eps_fixed_0.1_123_6e5c59e3,eps_fixed_0.1,train,400,123,easy,5,5,0.1,0.95,0.1,default,100,1.0,10,1,1,0,0,0.0012104999914299697,results\epsilon\fixed_0.1\seed_123\qtable_ep400.npz
eps_fixed_0.1_123_6e5c59e3,eps_fixed_0.1,train,401,123,easy,5,5,0.1,0.95,0.1,default,100,2.0,9,1,1,0,0,0.001146599999628961,
eps_fixed_0.1_123_6e5c59e3,eps_fixed_0.1,train,402,123,easy,5,5,0.1,0.95,0.1,default,100,3.0,8,1,1,0,0,0.001187799993203953,
eps_fixed_0.1_123_6e5c59e3,eps_fixed_0.1,train,403,123,easy,5,5,0.1,0.95,0.1,default,100,1.0,10,1,1,0,0,0.0013032999995630234,
eps_fixed_0.1_123_6e5c59e3,eps_fixed_0.1,train,404,123,easy,5,5,0.1,0.95,0.1,default,100,3.0,8,1,1,0,0,0.001086599993868731,
eps_fixed_0.1_123_6e5c59e3,eps_fixed_0.1,train,405,123,easy,5,5,0.1,0.95,0.1,default,100,3.0,8,1,1,0,0,0.0010772999958135188,
eps_fixed_0.1_123_6e5c59e3,eps_fixed_0.1,train,406,123,easy,5,5,0.1,0.95,0.1,default,100,3.0,8,1,1,0,0,0.0010861999908229336,
eps_fixed_0.1_123_6e5c59e3,eps_fixed_0.1,train,407,123,easy,5,5,0.1,0.95,0.1,default,100,2.0,9,1,1,0,0,0.001147200004197657,
eps_fixed_0.1_123_6e5c59e3,eps_fixed_0.1,train,408,123,easy,5,5,0.1,0.95,0.1,default,100,0.0,11,1,1,0,0,0.0013365999911911786,
eps_fixed_0.1_123_6e5c59e3,eps_fixed_0.1,train,409,123,easy,5,5,0.1,0.95,0.1,default,100,3.0,8,1,1,0,0,0.0010603000118862838,
eps_fixed_0.1_123_6e5c59e3,eps_fixed_0.1,train,410,123,easy,5,5,0.1,0.95,0.1,default,100,3.0,8,1,1,0,0,0.0010834000131580979,
eps_fixed_0.1_123_6e5c59e3,eps_fixed_0.1,train,411,123,easy,5,5,0.1,0.95,0.1,default,100,2.0,9,1,1,0,0,0.0011830000003101304,
eps_fixed_0.1_123_6e5c59e3,eps_fixed_0.1,train,412,123,easy,5,5,0.1,0.95,0.1,default,100,3.0,8,1,1,0,0,0.001079800000297837,
eps_fixed_0.1_123_6e5c59e3,eps_fixed_0.1,train,413,123,easy,5,5,0.1,0.95,0.1,default,100,3.0,8,1,1,0,0,0.0010918999905698001,
eps_fixed_0.1_123_6e5c59e3,eps_fixed_0.1,train,414,123,easy,5,5,0.1,0.95,0.1,default,100,2.0,9,1,1,0,0,0.001308399994741194,
eps_fixed_0.1_123_6e5c59e3,eps_fixed_0.1,train,415,123,easy,5,5,0.1,0.95,0.1,default,100,2.0,9,1,1,0,0,0.001183200001833029,
eps_fixed_0.1_123_6e5c59e3,eps_fixed_0.1,train,416,123,easy,5,5,0.1,0.95,0.1,default,100,3.0,8,1,1,0,0,0.0010540999937802553,
eps_fixed_0.1_123_6e5c59e3,eps_fixed_0.1,train,417,123,easy,5,5,0.1,0.95,0.1,default,100,3.0,8,1,1,0,0,0.0012251000007381663,
eps_fixed_0.1_123_6e5c59e3,eps_fixed_0.1,train,418,123,easy,5,5,0.1,0.95,0.1,default,100,3.0,8,1,1,0,0,0.001124100002925843,
eps_fixed_0.1_123_6e5c59e3,eps_fixed_0.1,train,419,123,easy,5,5,0.1,0.95,0.1,default,100,-16.0,7,0,1,0,1,0.0008701000042492524,
eps_fixed_0.1_123_6e5c59e3,eps_fixed_0.1,train,420,123,easy,5,5,0.1,0.95,0.1,default,100,-18.0,9,0,1,0,1,0.0011109000042779371,
eps_fixed_0.1_123_6e5c59e3,eps_fixed_0.1,train,421,123,easy,5,5,0.1,0.95,0.1,default,100,3.0,8,1,1,0,0,0.0011148000048706308,
eps_fixed_0.1_123_6e5c59e3,eps_fixed_0.1,train,422,123,easy,5,5,0.1,0.95,0.1,default,100,3.0,8,1,1,0,0,0.0012398999970173463,
eps_fixed_0.1_123_6e5c59e3,eps_fixed_0.1,train,423,123,easy,5,5,0.1,0.95,0.1,default,100,3.0,8,1,1,0,0,0.0010976000048685819,
eps_fixed_0.1_123_6e5c59e3,eps_fixed_0.1,train,424,123,easy,5,5,0.1,0.95,0.1,default,100,3.0,8,1,1,0,0,0.0010478999902261421,
eps_fixed_0.1_123_6e5c59e3,eps_fixed_0.1,train,425,123,easy,5,5,0.1,0.95,0.1,default,100,3.0,8,1,1,0,0,0.0010660999978426844,
eps_fixed_0.1_123_6e5c59e3,eps_fixed_0.1,train,426,123,easy,5,5,0.1,0.95,0.1,default,100,-2.0,13,1,1,0,0,0.0016948000120464712,
eps_fixed_0.1_123_6e5c59e3,eps_fixed_0.1,train,427,123,easy,5,5,0.1,0.95,0.1,default,100,1.0,10,1,1,0,0,0.0012559000024339184,
eps_fixed_0.1_123_6e5c59e3,eps_fixed_0.1,train,428,123,easy,5,5,0.1,0.95,0.1,default,100,-2.0,13,1,1,0,0,0.0015124999918043613,
eps_fixed_0.1_123_6e5c59e3,eps_fixed_0.1,train,429,123,easy,5,5,0.1,0.95,0.1,default,100,0.0,11,1,1,0,0,0.0015287999995052814,
eps_fixed_0.1_123_6e5c59e3,eps_fixed_0.1,train,430,123,easy,5,5,0.1,0.95,0.1,default,100,1.0,10,1,1,0,0,0.0012058000138495117,
eps_fixed_0.1_123_6e5c59e3,eps_fixed_0.1,train,431,123,easy,5,5,0.1,0.95,0.1,default,100,3.0,8,1,1,0,0,0.0010823000047821552,
eps_fixed_0.1_123_6e5c59e3,eps_fixed_0.1,train,432,123,easy,5,5,0.1,0.95,0.1,default,100,3.0,8,1,1,0,0,0.001069600009941496,
eps_fixed_0.1_123_6e5c59e3,eps_fixed_0.1,train,433,123,easy,5,5,0.1,0.95,0.1,default,100,3.0,8,1,1,0,0,0.001005699989036657,
eps_fixed_0.1_123_6e5c59e3,eps_fixed_0.1,train,434,123,easy,5,5,0.1,0.95,0.1,default,100,3.0,8,1,1,0,0,0.0011045999999623746,
eps_fixed_0.1_123_6e5c59e3,eps_fixed_0.1,train,435,123,easy,5,5,0.1,0.95,0.1,default,100,3.0,8,1,1,0,0,0.0010509999992791563,
eps_fixed_0.1_123_6e5c59e3,eps_fixed_0.1,train,436,123,easy,5,5,0.1,0.95,0.1,default,100,2.0,9,1,1,0,0,0.001218899997184053,
eps_fixed_0.1_123_6e5c59e3,eps_fixed_0.1,train,437,123,easy,5,5,0.1,0.95,0.1,default,100,3.0,8,1,1,0,0,0.0010672999924281612,
eps_fixed_0.1_123_6e5c59e3,eps_fixed_0.1,train,438,123,easy,5,5,0.1,0.95,0.1,default,100,3.0,8,1,1,0,0,0.001021999996737577,
eps_fixed_0.1_123_6e5c59e3,eps_fixed_0.1,train,439,123,easy,5,5,0.1,0.95,0.1,default,100,-1.0,12,1,1,0,0,0.0014433000033022836,
eps_fixed_0.1_123_6e5c59e3,eps_fixed_0.1,train,440,123,easy,5,5,0.1,0.95,0.1,default,100,0.0,11,1,1,0,0,0.0013118000060785562,
eps_fixed_0.1_123_6e5c59e3,eps_fixed_0.1,train,441,123,easy,5,5,0.1,0.95,0.1,default,100,2.0,9,1,1,0,0,0.0011689000093610957,
eps_fixed_0.1_123_6e5c59e3,eps_fixed_0.1,train,442,123,easy,5,5,0.1,0.95,0.1,default,100,3.0,8,1,1,0,0,0.0010643999994499609,
eps_fixed_0.1_123_6e5c59e3,eps_fixed_0.1,train,443,123,easy,5,5,0.1,0.95,0.1,default,100,3.0,8,1,1,0,0,0.0010768999927677214,
eps_fixed_0.1_123_6e5c59e3,eps_fixed_0.1,train,444,123,easy,5,5,0.1,0.95,0.1,default,100,2.0,9,1,1,0,0,0.001386800009640865,
eps_fixed_0.1_123_6e5c59e3,eps_fixed_0.1,train,445,123,easy,5,5,0.1,0.95,0.1,default,100,3.0,8,1,1,0,0,0.0012387000024318695,
eps_fixed_0.1_123_6e5c59e3,eps_fixed_0.1,train,446,123,easy,5,5,0.1,0.95,0.1,default,100,3.0,8,1,1,0,0,0.001240700003108941,
eps_fixed_0.1_123_6e5c59e3,eps_fixed_0.1,train,447,123,easy,5,5,0.1,0.95,0.1,default,100,1.0,10,1,1,0,0,0.0012734999909298494,
eps_fixed_0.1_123_6e5c59e3,eps_fixed_0.1,train,448,123,easy,5,5,0.1,0.95,0.1,default,100,3.0,8,1,1,0,0,0.0010591000027488917,
eps_fixed_0.1_123_6e5c59e3,eps_fixed_0.1,train,449,123,easy,5,5,0.1,0.95,0.1,default,100,1.0,10,1,1,0,0,0.0012427000037860125,
eps_fixed_0.1_123_6e5c59e3,eps_fixed_0.1,train,450,123,easy,5,5,0.1,0.95,0.1,default,100,3.0,8,1,1,0,0,0.0010551000013947487,
eps_fixed_0.1_123_6e5c59e3,eps_fixed_0.1,train,451,123,easy,5,5,0.1,0.95,0.1,default,100,3.0,8,1,1,0,0,0.0011346000101184472,
eps_fixed_0.1_123_6e5c59e3,eps_fixed_0.1,train,452,123,easy,5,5,0.1,0.95,0.1,default,100,3.0,8,1,1,0,0,0.0010595999920042232,
eps_fixed_0.1_123_6e5c59e3,eps_fixed_0.1,train,453,123,easy,5,5,0.1,0.95,0.1,default,100,3.0,8,1,1,0,0,0.0010602999973343685,
eps_fixed_0.1_123_6e5c59e3,eps_fixed_0.1,train,454,123,easy,5,5,0.1,0.95,0.1,default,100,3.0,8,1,1,0,0,0.0009627999970689416,
eps_fixed_0.1_123_6e5c59e3,eps_fixed_0.1,train,455,123,easy,5,5,0.1,0.95,0.1,default,100,3.0,8,1,1,0,0,0.0010796999995363876,
eps_fixed_0.1_123_6e5c59e3,eps_fixed_0.1,train,456,123,easy,5,5,0.1,0.95,0.1,default,100,2.0,9,1,1,0,0,0.0011301000049570575,
eps_fixed_0.1_123_6e5c59e3,eps_fixed_0.1,train,457,123,easy,5,5,0.1,0.95,0.1,default,100,3.0,8,1,1,0,0,0.0010793999972520396,
eps_fixed_0.1_123_6e5c59e3,eps_fixed_0.1,train,458,123,easy,5,5,0.1,0.95,0.1,default,100,3.0,8,1,1,0,0,0.0010678999969968572,
eps_fixed_0.1_123_6e5c59e3,eps_fixed_0.1,train,459,123,easy,5,5,0.1,0.95,0.1,default,100,2.0,9,1,1,0,0,0.0010864999931072816,
eps_fixed_0.1_123_6e5c59e3,eps_fixed_0.1,train,460,123,easy,5,5,0.1,0.95,0.1,default,100,1.0,10,1,1,0,0,0.0012500000011641532,
eps_fixed_0.1_123_6e5c59e3,eps_fixed_0.1,train,461,123,easy,5,5,0.1,0.95,0.1,default,100,2.0,9,1,1,0,0,0.0011510000040289015,
eps_fixed_0.1_123_6e5c59e3,eps_fixed_0.1,train,462,123,easy,5,5,0.1,0.95,0.1,default,100,1.0,10,1,1,0,0,0.0012745999993057922,
eps_fixed_0.1_123_6e5c59e3,eps_fixed_0.1,train,463,123,easy,5,5,0.1,0.95,0.1,default,100,3.0,8,1,1,0,0,0.001075199994374998,
eps_fixed_0.1_123_6e5c59e3,eps_fixed_0.1,train,464,123,easy,5,5,0.1,0.95,0.1,default,100,0.0,11,1,1,0,0,0.001267799991182983,
eps_fixed_0.1_123_6e5c59e3,eps_fixed_0.1,train,465,123,easy,5,5,0.1,0.95,0.1,default,100,2.0,9,1,1,0,0,0.0010913000005530193,
eps_fixed_0.1_123_6e5c59e3,eps_fixed_0.1,train,466,123,easy,5,5,0.1,0.95,0.1,default,100,2.0,9,1,1,0,0,0.0011353000008966774,
eps_fixed_0.1_123_6e5c59e3,eps_fixed_0.1,train,467,123,easy,5,5,0.1,0.95,0.1,default,100,2.0,9,1,1,0,0,0.0011550000053830445,
eps_fixed_0.1_123_6e5c59e3,eps_fixed_0.1,train,468,123,easy,5,5,0.1,0.95,0.1,default,100,2.0,9,1,1,0,0,0.0012084999907528982,
eps_fixed_0.1_123_6e5c59e3,eps_fixed_0.1,train,469,123,easy,5,5,0.1,0.95,0.1,default,100,3.0,8,1,1,0,0,0.001057999994372949,
eps_fixed_0.1_123_6e5c59e3,eps_fixed_0.1,train,470,123,easy,5,5,0.1,0.95,0.1,default,100,3.0,8,1,1,0,0,0.0010129000002052635,
eps_fixed_0.1_123_6e5c59e3,eps_fixed_0.1,train,471,123,easy,5,5,0.1,0.95,0.1,default,100,1.0,10,1,1,0,0,0.001197600009618327,
eps_fixed_0.1_123_6e5c59e3,eps_fixed_0.1,train,472,123,easy,5,5,0.1,0.95,0.1,default,100,3.0,8,1,1,0,0,0.0010596999927656725,
eps_fixed_0.1_123_6e5c59e3,eps_fixed_0.1,train,473,123,easy,5,5,0.1,0.95,0.1,default,100,3.0,8,1,1,0,0,0.0010473000002093613,
eps_fixed_0.1_123_6e5c59e3,eps_fixed_0.1,train,474,123,easy,5,5,0.1,0.95,0.1,default,100,2.0,9,1,1,0,0,0.0010937999904854223,
eps_fixed_0.1_123_6e5c59e3,eps_fixed_0.1,train,475,123,easy,5,5,0.1,0.95,0.1,default,100,2.0,9,1,1,0,0,0.0011225000052945688,
eps_fixed_0.1_123_6e5c59e3,eps_fixed_0.1,train,476,123,easy,5,5,0.1,0.95,0.1,default,100,3.0,8,1,1,0,0,0.001075799998943694,
eps_fixed_0.1_123_6e5c59e3,eps_fixed_0.1,train,477,123,easy,5,5,0.1,0.95,0.1,default,100,0.0,11,1,1,0,0,0.0012426000030245632,
eps_fixed_0.1_123_6e5c59e3,eps_fixed_0.1,train,478,123,easy,5,5,0.1,0.95,0.1,default,100,3.0,8,1,1,0,0,0.00106229999801144,
eps_fixed_0.1_123_6e5c59e3,eps_fixed_0.1,train,479,123,easy,5,5,0.1,0.95,0.1,default,100,2.0,9,1,1,0,0,0.0010809000086737797,
eps_fixed_0.1_123_6e5c59e3,eps_fixed_0.1,train,480,123,easy,5,5,0.1,0.95,0.1,default,100,3.0,8,1,1,0,0,0.0010111000010510907,
eps_fixed_0.1_123_6e5c59e3,eps_fixed_0.1,train,481,123,easy,5,5,0.1,0.95,0.1,default,100,3.0,8,1,1,0,0,0.0010621000110404566,
eps_fixed_0.1_123_6e5c59e3,eps_fixed_0.1,train,482,123,easy,5,5,0.1,0.95,0.1,default,100,2.0,9,1,1,0,0,0.0011258999875281006,
eps_fixed_0.1_123_6e5c59e3,eps_fixed_0.1,train,483,123,easy,5,5,0.1,0.95,0.1,default,100,3.0,8,1,1,0,0,0.0010209000029135495,
eps_fixed_0.1_123_6e5c59e3,eps_fixed_0.1,train,484,123,easy,5,5,0.1,0.95,0.1,default,100,0.0,11,1,1,0,0,0.001304699995671399,
eps_fixed_0.1_123_6e5c59e3,eps_fixed_0.1,train,485,123,easy,5,5,0.1,0.95,0.1,default,100,2.0,9,1,1,0,0,0.0011381999938748777,
eps_fixed_0.1_123_6e5c59e3,eps_fixed_0.1,train,486,123,easy,5,5,0.1,0.95,0.1,default,100,2.0,9,1,1,0,0,0.0011108000035164878,
eps_fixed_0.1_123_6e5c59e3,eps_fixed_0.1,train,487,123,easy,5,5,0.1,0.95,0.1,default,100,3.0,8,1,1,0,0,0.0010114000033354387,
eps_fixed_0.1_123_6e5c59e3,eps_fixed_0.1,train,488,123,easy,5,5,0.1,0.95,0.1,default,100,1.0,10,1,1,0,0,0.0012489999935496598,
eps_fixed_0.1_123_6e5c59e3,eps_fixed_0.1,train,489,123,easy,5,5,0.1,0.95,0.1,default,100,3.0,8,1,1,0,0,0.0010513000015635043,
eps_fixed_0.1_123_6e5c59e3,eps_fixed_0.1,train,490,123,easy,5,5,0.1,0.95,0.1,default,100,3.0,8,1,1,0,0,0.0011119999981019646,
eps_fixed_0.1_123_6e5c59e3,eps_fixed_0.1,train,491,123,easy,5,5,0.1,0.95,0.1,default,100,2.0,9,1,1,0,0,0.001153600009274669,
eps_fixed_0.1_123_6e5c59e3,eps_fixed_0.1,train,492,123,easy,5,5,0.1,0.95,0.1,default,100,3.0,8,1,1,0,0,0.0010660999978426844,
eps_fixed_0.1_123_6e5c59e3,eps_fixed_0.1,train,493,123,easy,5,5,0.1,0.95,0.1,default,100,2.0,9,1,1,0,0,0.0010726999898906797,
eps_fixed_0.1_123_6e5c59e3,eps_fixed_0.1,train,494,123,easy,5,5,0.1,0.95,0.1,default,100,-1.0,12,1,1,0,0,0.001444099994841963,
eps_fixed_0.1_123_6e5c59e3,eps_fixed_0.1,train,495,123,easy,5,5,0.1,0.95,0.1,default,100,3.0,8,1,1,0,0,0.0010781000019051135,
eps_fixed_0.1_123_6e5c59e3,eps_fixed_0.1,train,496,123,easy,5,5,0.1,0.95,0.1,default,100,3.0,8,1,1,0,0,0.0010393999982625246,
eps_fixed_0.1_123_6e5c59e3,eps_fixed_0.1,train,497,123,easy,5,5,0.1,0.95,0.1,default,100,3.0,8,1,1,0,0,0.001079800000297837,
eps_fixed_0.1_123_6e5c59e3,eps_fixed_0.1,train,498,123,easy,5,5,0.1,0.95,0.1,default,100,2.0,9,1,1,0,0,0.0011263000051258132,
eps_fixed_0.1_123_6e5c59e3,eps_fixed_0.1,train,499,123,easy,5,5,0.1,0.95,0.1,default,100,3.0,8,1,1,0,0,0.0010829999955603853,
eps_fixed_0.1_123_6e5c59e3,eps_fixed_0.1,train,500,123,easy,5,5,0.1,0.95,0.1,default,100,3.0,8,1,1,0,0,0.001007500002742745,
eps_fixed_0.1_123_6e5c59e3,eps_fixed_0.1,train,501,123,easy,5,5,0.1,0.95,0.1,default,100,-2.0,13,1,1,0,0,0.0015497999993385747,
eps_fixed_0.1_123_6e5c59e3,eps_fixed_0.1,train,502,123,easy,5,5,0.1,0.95,0.1,default,100,0.0,11,1,1,0,0,0.0013276999961817637,
eps_fixed_0.1_123_6e5c59e3,eps_fixed_0.1,train,503,123,easy,5,5,0.1,0.95,0.1,default,100,1.0,10,1,1,0,0,0.0012793000059900805,
eps_fixed_0.1_123_6e5c59e3,eps_fixed_0.1,train,504,123,easy,5,5,0.1,0.95,0.1,default,100,3.0,8,1,1,0,0,0.0010535000037634745,
eps_fixed_0.1_123_6e5c59e3,eps_fixed_0.1,train,505,123,easy,5,5,0.1,0.95,0.1,default,100,2.0,9,1,1,0,0,0.0010880000045290217,
eps_fixed_0.1_123_6e5c59e3,eps_fixed_0.1,train,506,123,easy,5,5,0.1,0.95,0.1,default,100,2.0,9,1,1,0,0,0.0011155999964103103,
eps_fixed_0.1_123_6e5c59e3,eps_fixed_0.1,train,507,123,easy,5,5,0.1,0.95,0.1,default,100,3.0,8,1,1,0,0,0.001059200003510341,
eps_fixed_0.1_123_6e5c59e3,eps_fixed_0.1,train,508,123,easy,5,5,0.1,0.95,0.1,default,100,2.0,9,1,1,0,0,0.001076499989721924,
eps_fixed_0.1_123_6e5c59e3,eps_fixed_0.1,train,509,123,easy,5,5,0.1,0.95,0.1,default,100,2.0,9,1,1,0,0,0.00113489999785088,
eps_fixed_0.1_123_6e5c59e3,eps_fixed_0.1,train,510,123,easy,5,5,0.1,0.95,0.1,default,100,3.0,8,1,1,0,0,0.0012112000113120303,
eps_fixed_0.1_123_6e5c59e3,eps_fixed_0.1,train,511,123,easy,5,5,0.1,0.95,0.1,default,100,3.0,8,1,1,0,0,0.0013584999978775159,
eps_fixed_0.1_123_6e5c59e3,eps_fixed_0.1,train,512,123,easy,5,5,0.1,0.95,0.1,default,100,1.0,10,1,1,0,0,0.0012692000018432736,
eps_fixed_0.1_123_6e5c59e3,eps_fixed_0.1,train,513,123,easy,5,5,0.1,0.95,0.1,default,100,2.0,9,1,1,0,0,0.0011181000008946285,
eps_fixed_0.1_123_6e5c59e3,eps_fixed_0.1,train,514,123,easy,5,5,0.1,0.95,0.1,default,100,2.0,9,1,1,0,0,0.0010962999949697405,
eps_fixed_0.1_123_6e5c59e3,eps_fixed_0.1,train,515,123,easy,5,5,0.1,0.95,0.1,default,100,3.0,8,1,1,0,0,0.0011359000054653734,
eps_fixed_0.1_123_6e5c59e3,eps_fixed_0.1,train,516,123,easy,5,5,0.1,0.95,0.1,default,100,3.0,8,1,1,0,0,0.0010977999918395653,
eps_fixed_0.1_123_6e5c59e3,eps_fixed_0.1,train,517,123,easy,5,5,0.1,0.95,0.1,default,100,3.0,8,1,1,0,0,0.001071499995305203,
eps_fixed_0.1_123_6e5c59e3,eps_fixed_0.1,train,518,123,easy,5,5,0.1,0.95,0.1,default,100,2.0,9,1,1,0,0,0.0010913000005530193,
eps_fixed_0.1_123_6e5c59e3,eps_fixed_0.1,train,519,123,easy,5,5,0.1,0.95,0.1,default,100,2.0,9,1,1,0,0,0.001141000000643544,
eps_fixed_0.1_123_6e5c59e3,eps_fixed_0.1,train,520,123,easy,5,5,0.1,0.95,0.1,default,100,2.0,9,1,1,0,0,0.0013367000065045431,
eps_fixed_0.1_123_6e5c59e3,eps_fixed_0.1,train,521,123,easy,5,5,0.1,0.95,0.1,default,100,-10.0,21,1,1,0,0,0.0024551999958930537,
eps_fixed_0.1_123_6e5c59e3,eps_fixed_0.1,train,522,123,easy,5,5,0.1,0.95,0.1,default,100,2.0,9,1,1,0,0,0.0011532000062288716,
eps_fixed_0.1_123_6e5c59e3,eps_fixed_0.1,train,523,123,easy,5,5,0.1,0.95,0.1,default,100,0.0,11,1,1,0,0,0.0012828000035369769,
eps_fixed_0.1_123_6e5c59e3,eps_fixed_0.1,train,524,123,easy,5,5,0.1,0.95,0.1,default,100,3.0,8,1,1,0,0,0.001218899997184053,
eps_fixed_0.1_123_6e5c59e3,eps_fixed_0.1,train,525,123,easy,5,5,0.1,0.95,0.1,default,100,0.0,11,1,1,0,0,0.0013051999994786456,
eps_fixed_0.1_123_6e5c59e3,eps_fixed_0.1,train,526,123,easy,5,5,0.1,0.95,0.1,default,100,3.0,8,1,1,0,0,0.0010799000010592863,
eps_fixed_0.1_123_6e5c59e3,eps_fixed_0.1,train,527,123,easy,5,5,0.1,0.95,0.1,default,100,3.0,8,1,1,0,0,0.0010691000061342493,
eps_fixed_0.1_123_6e5c59e3,eps_fixed_0.1,train,528,123,easy,5,5,0.1,0.95,0.1,default,100,2.0,9,1,1,0,0,0.001139200001489371,
eps_fixed_0.1_123_6e5c59e3,eps_fixed_0.1,train,529,123,easy,5,5,0.1,0.95,0.1,default,100,3.0,8,1,1,0,0,0.0010503999947104603,
eps_fixed_0.1_123_6e5c59e3,eps_fixed_0.1,train,530,123,easy,5,5,0.1,0.95,0.1,default,100,-16.0,7,0,1,0,1,0.0007791000098222867,
eps_fixed_0.1_123_6e5c59e3,eps_fixed_0.1,train,531,123,easy,5,5,0.1,0.95,0.1,default,100,3.0,8,1,1,0,0,0.0010532000014791265,
eps_fixed_0.1_123_6e5c59e3,eps_fixed_0.1,train,532,123,easy,5,5,0.1,0.95,0.1,default,100,3.0,8,1,1,0,0,0.0010845000069821253,
eps_fixed_0.1_123_6e5c59e3,eps_fixed_0.1,train,533,123,easy,5,5,0.1,0.95,0.1,default,100,3.0,8,1,1,0,0,0.0010597999935271218,
eps_fixed_0.1_123_6e5c59e3,eps_fixed_0.1,train,534,123,easy,5,5,0.1,0.95,0.1,default,100,3.0,8,1,1,0,0,0.0010220000112894922,
eps_fixed_0.1_123_6e5c59e3,eps_fixed_0.1,train,535,123,easy,5,5,0.1,0.95,0.1,default,100,3.0,8,1,1,0,0,0.0009633000008761883,
eps_fixed_0.1_123_6e5c59e3,eps_fixed_0.1,train,536,123,easy,5,5,0.1,0.95,0.1,default,100,3.0,8,1,1,0,0,0.0010156999924220145,
eps_fixed_0.1_123_6e5c59e3,eps_fixed_0.1,train,537,123,easy,5,5,0.1,0.95,0.1,default,100,0.0,11,1,1,0,0,0.0013363000034587458,
eps_fixed_0.1_123_6e5c59e3,eps_fixed_0.1,train,538,123,easy,5,5,0.1,0.95,0.1,default,100,3.0,8,1,1,0,0,0.00104750000173226,
eps_fixed_0.1_123_6e5c59e3,eps_fixed_0.1,train,539,123,easy,5,5,0.1,0.95,0.1,default,100,1.0,10,1,1,0,0,0.0011547000030986965,
eps_fixed_0.1_123_6e5c59e3,eps_fixed_0.1,train,540,123,easy,5,5,0.1,0.95,0.1,default,100,0.0,11,1,1,0,0,0.0012541000032797456,
eps_fixed_0.1_123_6e5c59e3,eps_fixed_0.1,train,541,123,easy,5,5,0.1,0.95,0.1,default,100,3.0,8,1,1,0,0,0.0010957999911624938,
eps_fixed_0.1_123_6e5c59e3,eps_fixed_0.1,train,542,123,easy,5,5,0.1,0.95,0.1,default,100,2.0,9,1,1,0,0,0.0010543000098550692,
eps_fixed_0.1_123_6e5c59e3,eps_fixed_0.1,train,543,123,easy,5,5,0.1,0.95,0.1,default,100,3.0,8,1,1,0,0,0.0010119000071426854,
eps_fixed_0.1_123_6e5c59e3,eps_fixed_0.1,train,544,123,easy,5,5,0.1,0.95,0.1,default,100,3.0,8,1,1,0,0,0.0010245000012218952,
eps_fixed_0.1_123_6e5c59e3,eps_fixed_0.1,train,545,123,easy,5,5,0.1,0.95,0.1,default,100,0.0,11,1,1,0,0,0.0013048999971942976,
eps_fixed_0.1_123_6e5c59e3,eps_fixed_0.1,train,546,123,easy,5,5,0.1,0.95,0.1,default,100,3.0,8,1,1,0,0,0.0010154000046895817,
eps_fixed_0.1_123_6e5c59e3,eps_fixed_0.1,train,547,123,easy,5,5,0.1,0.95,0.1,default,100,3.0,8,1,1,0,0,0.001057099987519905,
eps_fixed_0.1_123_6e5c59e3,eps_fixed_0.1,train,548,123,easy,5,5,0.1,0.95,0.1,default,100,3.0,8,1,1,0,0,0.0010685999877750874,
eps_fixed_0.1_123_6e5c59e3,eps_fixed_0.1,train,549,123,easy,5,5,0.1,0.95,0.1,default,100,-1.0,12,1,1,0,0,0.001414500002283603,
eps_fixed_0.1_123_6e5c59e3,eps_fixed_0.1,train,550,123,easy,5,5,0.1,0.95,0.1,default,100,3.0,8,1,1,0,0,0.0010487999970791861,
eps_fixed_0.1_123_6e5c59e3,eps_fixed_0.1,train,551,123,easy,5,5,0.1,0.95,0.1,default,100,3.0,8,1,1,0,0,0.0010580000089248642,
eps_fixed_0.1_123_6e5c59e3,eps_fixed_0.1,train,552,123,easy,5,5,0.1,0.95,0.1,default,100,-1.0,12,1,1,0,0,0.0014109999901847914,
eps_fixed_0.1_123_6e5c59e3,eps_fixed_0.1,train,553,123,easy,5,5,0.1,0.95,0.1,default,100,1.0,10,1,1,0,0,0.0012064000038662925,
eps_fixed_0.1_123_6e5c59e3,eps_fixed_0.1,train,554,123,easy,5,5,0.1,0.95,0.1,default,100,3.0,8,1,1,0,0,0.001061300004948862,
eps_fixed_0.1_123_6e5c59e3,eps_fixed_0.1,train,555,123,easy,5,5,0.1,0.95,0.1,default,100,3.0,8,1,1,0,0,0.0009974999993573874,
eps_fixed_0.1_123_6e5c59e3,eps_fixed_0.1,train,556,123,easy,5,5,0.1,0.95,0.1,default,100,1.0,10,1,1,0,0,0.0011913000053027645,
eps_fixed_0.1_123_6e5c59e3,eps_fixed_0.1,train,557,123,easy,5,5,0.1,0.95,0.1,default,100,1.0,10,1,1,0,0,0.0012390000047162175,
eps_fixed_0.1_123_6e5c59e3,eps_fixed_0.1,train,558,123,easy,5,5,0.1,0.95,0.1,default,100,3.0,8,1,1,0,0,0.0010640999971656129,
eps_fixed_0.1_123_6e5c59e3,eps_fixed_0.1,train,559,123,easy,5,5,0.1,0.95,0.1,default,100,1.0,10,1,1,0,0,0.001228099994477816,
eps_fixed_0.1_123_6e5c59e3,eps_fixed_0.1,train,560,123,easy,5,5,0.1,0.95,0.1,default,100,1.0,10,1,1,0,0,0.0011946000013267621,
eps_fixed_0.1_123_6e5c59e3,eps_fixed_0.1,train,561,123,easy,5,5,0.1,0.95,0.1,default,100,3.0,8,1,1,0,0,0.0010922999936155975,
eps_fixed_0.1_123_6e5c59e3,eps_fixed_0.1,train,562,123,easy,5,5,0.1,0.95,0.1,default,100,3.0,8,1,1,0,0,0.0010870000114664435,
eps_fixed_0.1_123_6e5c59e3,eps_fixed_0.1,train,563,123,easy,5,5,0.1,0.95,0.1,default,100,-1.0,12,1,1,0,0,0.001437900005839765,
eps_fixed_0.1_123_6e5c59e3,eps_fixed_0.1,train,564,123,easy,5,5,0.1,0.95,0.1,default,100,-16.0,7,0,1,0,1,0.0009597000025678426,
eps_fixed_0.1_123_6e5c59e3,eps_fixed_0.1,train,565,123,easy,5,5,0.1,0.95,0.1,default,100,3.0,8,1,1,0,0,0.0010867000091820955,
eps_fixed_0.1_123_6e5c59e3,eps_fixed_0.1,train,566,123,easy,5,5,0.1,0.95,0.1,default,100,3.0,8,1,1,0,0,0.0011030999885406345,
eps_fixed_0.1_123_6e5c59e3,eps_fixed_0.1,train,567,123,easy,5,5,0.1,0.95,0.1,default,100,-3.0,14,1,1,0,0,0.0022305000020423904,
eps_fixed_0.1_123_6e5c59e3,eps_fixed_0.1,train,568,123,easy,5,5,0.1,0.95,0.1,default,100,0.0,11,1,1,0,0,0.0015003000007709488,
eps_fixed_0.1_123_6e5c59e3,eps_fixed_0.1,train,569,123,easy,5,5,0.1,0.95,0.1,default,100,3.0,8,1,1,0,0,0.0011017999931937084,
eps_fixed_0.1_123_6e5c59e3,eps_fixed_0.1,train,570,123,easy,5,5,0.1,0.95,0.1,default,100,1.0,10,1,1,0,0,0.001292100001592189,
eps_fixed_0.1_123_6e5c59e3,eps_fixed_0.1,train,571,123,easy,5,5,0.1,0.95,0.1,default,100,3.0,8,1,1,0,0,0.001078899993444793,
eps_fixed_0.1_123_6e5c59e3,eps_fixed_0.1,train,572,123,easy,5,5,0.1,0.95,0.1,default,100,3.0,8,1,1,0,0,0.0010849999962374568,
eps_fixed_0.1_123_6e5c59e3,eps_fixed_0.1,train,573,123,easy,5,5,0.1,0.95,0.1,default,100,2.0,9,1,1,0,0,0.0010923999943770468,
eps_fixed_0.1_123_6e5c59e3,eps_fixed_0.1,train,574,123,easy,5,5,0.1,0.95,0.1,default,100,2.0,9,1,1,0,0,0.0011517000093590468,
eps_fixed_0.1_123_6e5c59e3,eps_fixed_0.1,train,575,123,easy,5,5,0.1,0.95,0.1,default,100,3.0,8,1,1,0,0,0.0010245999874314293,
eps_fixed_0.1_123_6e5c59e3,eps_fixed_0.1,train,576,123,easy,5,5,0.1,0.95,0.1,default,100,3.0,8,1,1,0,0,0.0010612000041874126,
eps_fixed_0.1_123_6e5c59e3,eps_fixed_0.1,train,577,123,easy,5,5,0.1,0.95,0.1,default,100,3.0,8,1,1,0,0,0.0010847999947145581,
eps_fixed_0.1_123_6e5c59e3,eps_fixed_0.1,train,578,123,easy,5,5,0.1,0.95,0.1,default,100,2.0,9,1,1,0,0,0.0011279000027570873,
eps_fixed_0.1_123_6e5c59e3,eps_fixed_0.1,train,579,123,easy,5,5,0.1,0.95,0.1,default,100,3.0,8,1,1,0,0,0.0010476000024937093,
eps_fixed_0.1_123_6e5c59e3,eps_fixed_0.1,train,580,123,easy,5,5,0.1,0.95,0.1,default,100,3.0,8,1,1,0,0,0.001054599997587502,
eps_fixed_0.1_123_6e5c59e3,eps_fixed_0.1,train,581,123,easy,5,5,0.1,0.95,0.1,default,100,3.0,8,1,1,0,0,0.0011366000107955188,
eps_fixed_0.1_123_6e5c59e3,eps_fixed_0.1,train,582,123,easy,5,5,0.1,0.95,0.1,default,100,3.0,8,1,1,0,0,0.0010843999916687608,
eps_fixed_0.1_123_6e5c59e3,eps_fixed_0.1,train,583,123,easy,5,5,0.1,0.95,0.1,default,100,3.0,8,1,1,0,0,0.0011045999999623746,
eps_fixed_0.1_123_6e5c59e3,eps_fixed_0.1,train,584,123,easy,5,5,0.1,0.95,0.1,default,100,3.0,8,1,1,0,0,0.0010786999919218943,
eps_fixed_0.1_123_6e5c59e3,eps_fixed_0.1,train,585,123,easy,5,5,0.1,0.95,0.1,default,100,3.0,8,1,1,0,0,0.0010900999914156273,
eps_fixed_0.1_123_6e5c59e3,eps_fixed_0.1,train,586,123,easy,5,5,0.1,0.95,0.1,default,100,3.0,8,1,1,0,0,0.0010817000002134591,
eps_fixed_0.1_123_6e5c59e3,eps_fixed_0.1,train,587,123,easy,5,5,0.1,0.95,0.1,default,100,3.0,8,1,1,0,0,0.0010602000111248344,
eps_fixed_0.1_123_6e5c59e3,eps_fixed_0.1,train,588,123,easy,5,5,0.1,0.95,0.1,default,100,3.0,8,1,1,0,0,0.0011285000073257834,
eps_fixed_0.1_123_6e5c59e3,eps_fixed_0.1,train,589,123,easy,5,5,0.1,0.95,0.1,default,100,3.0,8,1,1,0,0,0.001021900010528043,
eps_fixed_0.1_123_6e5c59e3,eps_fixed_0.1,train,590,123,easy,5,5,0.1,0.95,0.1,default,100,3.0,8,1,1,0,0,0.0010731000074883923,
eps_fixed_0.1_123_6e5c59e3,eps_fixed_0.1,train,591,123,easy,5,5,0.1,0.95,0.1,default,100,2.0,9,1,1,0,0,0.0010923999943770468,
eps_fixed_0.1_123_6e5c59e3,eps_fixed_0.1,train,592,123,easy,5,5,0.1,0.95,0.1,default,100,3.0,8,1,1,0,0,0.0010967999987769872,
eps_fixed_0.1_123_6e5c59e3,eps_fixed_0.1,train,593,123,easy,5,5,0.1,0.95,0.1,default,100,3.0,8,1,1,0,0,0.0010569000005489215,
eps_fixed_0.1_123_6e5c59e3,eps_fixed_0.1,train,594,123,easy,5,5,0.1,0.95,0.1,default,100,-14.0,5,0,1,0,1,0.0006823000003350899,
eps_fixed_0.1_123_6e5c59e3,eps_fixed_0.1,train,595,123,easy,5,5,0.1,0.95,0.1,default,100,2.0,9,1,1,0,0,0.0011295000003883615,
eps_fixed_0.1_123_6e5c59e3,eps_fixed_0.1,train,596,123,easy,5,5,0.1,0.95,0.1,default,100,3.0,8,1,1,0,0,0.0009902000019792467,
eps_fixed_0.1_123_6e5c59e3,eps_fixed_0.1,train,597,123,easy,5,5,0.1,0.95,0.1,default,100,0.0,11,1,1,0,0,0.0013457000022754073,
eps_fixed_0.1_123_6e5c59e3,eps_fixed_0.1,train,598,123,easy,5,5,0.1,0.95,0.1,default,100,3.0,8,1,1,0,0,0.0010758999997051433,
eps_fixed_0.1_123_6e5c59e3,eps_fixed_0.1,train,599,123,easy,5,5,0.1,0.95,0.1,default,100,3.0,8,1,1,0,0,0.001007800005027093,
eps_fixed_0.1_123_6e5c59e3,eps_fixed_0.1,train,600,123,easy,5,5,0.1,0.95,0.1,default,100,3.0,8,1,1,0,0,0.0010848000092664734,results\epsilon\fixed_0.1\seed_123\qtable_ep600.npz
eps_fixed_0.1_123_6e5c59e3,eps_fixed_0.1,train,601,123,easy,5,5,0.1,0.95,0.1,default,100,1.0,10,1,1,0,0,0.0012540000025182962,
eps_fixed_0.1_123_6e5c59e3,eps_fixed_0.1,train,602,123,easy,5,5,0.1,0.95,0.1,default,100,1.0,10,1,1,0,0,0.0012783999991370365,
eps_fixed_0.1_123_6e5c59e3,eps_fixed_0.1,train,603,123,easy,5,5,0.1,0.95,0.1,default,100,3.0,8,1,1,0,0,0.0010544999968260527,
eps_fixed_0.1_123_6e5c59e3,eps_fixed_0.1,train,604,123,easy,5,5,0.1,0.95,0.1,default,100,3.0,8,1,1,0,0,0.001014900000882335,
eps_fixed_0.1_123_6e5c59e3,eps_fixed_0.1,train,605,123,easy,5,5,0.1,0.95,0.1,default,100,3.0,8,1,1,0,0,0.0010760000004665926,
eps_fixed_0.1_123_6e5c59e3,eps_fixed_0.1,train,606,123,easy,5,5,0.1,0.95,0.1,default,100,3.0,8,1,1,0,0,0.0010541000083321705,
eps_fixed_0.1_123_6e5c59e3,eps_fixed_0.1,train,607,123,easy,5,5,0.1,0.95,0.1,default,100,-1.0,12,1,1,0,0,0.001356699998723343,
eps_fixed_0.1_123_6e5c59e3,eps_fixed_0.1,train,608,123,easy,5,5,0.1,0.95,0.1,default,100,3.0,8,1,1,0,0,0.0010565999982645735,
eps_fixed_0.1_123_6e5c59e3,eps_fixed_0.1,train,609,123,easy,5,5,0.1,0.95,0.1,default,100,3.0,8,1,1,0,0,0.001073999999789521,
eps_fixed_0.1_123_6e5c59e3,eps_fixed_0.1,train,610,123,easy,5,5,0.1,0.95,0.1,default,100,3.0,8,1,1,0,0,0.0010539000068092719,
eps_fixed_0.1_123_6e5c59e3,eps_fixed_0.1,train,611,123,easy,5,5,0.1,0.95,0.1,default,100,3.0,8,1,1,0,0,0.0011183999886270612,
eps_fixed_0.1_123_6e5c59e3,eps_fixed_0.1,train,612,123,easy,5,5,0.1,0.95,0.1,default,100,3.0,8,1,1,0,0,0.0010140999947907403,
eps_fixed_0.1_123_6e5c59e3,eps_fixed_0.1,train,613,123,easy,5,5,0.1,0.95,0.1,default,100,2.0,9,1,1,0,0,0.001145600006566383,
eps_fixed_0.1_123_6e5c59e3,eps_fixed_0.1,train,614,123,easy,5,5,0.1,0.95,0.1,default,100,3.0,8,1,1,0,0,0.0009785000002011657,
eps_fixed_0.1_123_6e5c59e3,eps_fixed_0.1,train,615,123,easy,5,5,0.1,0.95,0.1,default,100,2.0,9,1,1,0,0,0.0011318999895593151,
eps_fixed_0.1_123_6e5c59e3,eps_fixed_0.1,train,616,123,easy,5,5,0.1,0.95,0.1,default,100,3.0,8,1,1,0,0,0.001029000006383285,
eps_fixed_0.1_123_6e5c59e3,eps_fixed_0.1,train,617,123,easy,5,5,0.1,0.95,0.1,default,100,2.0,9,1,1,0,0,0.0011417999921832234,
eps_fixed_0.1_123_6e5c59e3,eps_fixed_0.1,train,618,123,easy,5,5,0.1,0.95,0.1,default,100,2.0,9,1,1,0,0,0.0011457000073278323,
eps_fixed_0.1_123_6e5c59e3,eps_fixed_0.1,train,619,123,easy,5,5,0.1,0.95,0.1,default,100,3.0,8,1,1,0,0,0.0010593000042717904,
eps_fixed_0.1_123_6e5c59e3,eps_fixed_0.1,train,620,123,easy,5,5,0.1,0.95,0.1,default,100,1.0,10,1,1,0,0,0.0012600000045495108,
eps_fixed_0.1_123_6e5c59e3,eps_fixed_0.1,train,621,123,easy,5,5,0.1,0.95,0.1,default,100,2.0,9,1,1,0,0,0.001175199999124743,
eps_fixed_0.1_123_6e5c59e3,eps_fixed_0.1,train,622,123,easy,5,5,0.1,0.95,0.1,default,100,1.0,10,1,1,0,0,0.001260999997612089,
eps_fixed_0.1_123_6e5c59e3,eps_fixed_0.1,train,623,123,easy,5,5,0.1,0.95,0.1,default,100,3.0,8,1,1,0,0,0.0010347999923396856,
eps_fixed_0.1_123_6e5c59e3,eps_fixed_0.1,train,624,123,easy,5,5,0.1,0.95,0.1,default,100,3.0,8,1,1,0,0,0.0010796999995363876,
eps_fixed_0.1_123_6e5c59e3,eps_fixed_0.1,train,625,123,easy,5,5,0.1,0.95,0.1,default,100,1.0,10,1,1,0,0,0.0012695000041276217,
eps_fixed_0.1_123_6e5c59e3,eps_fixed_0.1,train,626,123,easy,5,5,0.1,0.95,0.1,default,100,3.0,8,1,1,0,0,0.0010749999928520992,
eps_fixed_0.1_123_6e5c59e3,eps_fixed_0.1,train,627,123,easy,5,5,0.1,0.95,0.1,default,100,3.0,8,1,1,0,0,0.0010932000004686415,
eps_fixed_0.1_123_6e5c59e3,eps_fixed_0.1,train,628,123,easy,5,5,0.1,0.95,0.1,default,100,3.0,8,1,1,0,0,0.0010870999976759776,
eps_fixed_0.1_123_6e5c59e3,eps_fixed_0.1,train,629,123,easy,5,5,0.1,0.95,0.1,default,100,3.0,8,1,1,0,0,0.00106969999615103,
eps_fixed_0.1_123_6e5c59e3,eps_fixed_0.1,train,630,123,easy,5,5,0.1,0.95,0.1,default,100,3.0,8,1,1,0,0,0.001076499989721924,
eps_fixed_0.1_123_6e5c59e3,eps_fixed_0.1,train,631,123,easy,5,5,0.1,0.95,0.1,default,100,0.0,11,1,1,0,0,0.0013283000007504597,
eps_fixed_0.1_123_6e5c59e3,eps_fixed_0.1,train,632,123,easy,5,5,0.1,0.95,0.1,default,100,1.0,10,1,1,0,0,0.0012677000049734488,
eps_fixed_0.1_123_6e5c59e3,eps_fixed_0.1,train,633,123,easy,5,5,0.1,0.95,0.1,default,100,1.0,10,1,1,0,0,0.00129640000523068,
eps_fixed_0.1_123_6e5c59e3,eps_fixed_0.1,train,634,123,easy,5,5,0.1,0.95,0.1,default,100,3.0,8,1,1,0,0,0.0009359000105177984,
eps_fixed_0.1_123_6e5c59e3,eps_fixed_0.1,train,635,123,easy,5,5,0.1,0.95,0.1,default,100,2.0,9,1,1,0,0,0.0011426999990362674,
eps_fixed_0.1_123_6e5c59e3,eps_fixed_0.1,train,636,123,easy,5,5,0.1,0.95,0.1,default,100,0.0,11,1,1,0,0,0.001308699997025542,
eps_fixed_0.1_123_6e5c59e3,eps_fixed_0.1,train,637,123,easy,5,5,0.1,0.95,0.1,default,100,3.0,8,1,1,0,0,0.0010783000034280121,
eps_fixed_0.1_123_6e5c59e3,eps_fixed_0.1,train,638,123,easy,5,5,0.1,0.95,0.1,default,100,-16.0,7,0,1,0,1,0.0008639000006951392,
eps_fixed_0.1_123_6e5c59e3,eps_fixed_0.1,train,639,123,easy,5,5,0.1,0.95,0.1,default,100,1.0,10,1,1,0,0,0.0012676000042119995,
eps_fixed_0.1_123_6e5c59e3,eps_fixed_0.1,train,640,123,easy,5,5,0.1,0.95,0.1,default,100,3.0,8,1,1,0,0,0.0010612000041874126,
eps_fixed_0.1_123_6e5c59e3,eps_fixed_0.1,train,641,123,easy,5,5,0.1,0.95,0.1,default,100,1.0,10,1,1,0,0,0.0012757000076817349,
eps_fixed_0.1_123_6e5c59e3,eps_fixed_0.1,train,642,123,easy,5,5,0.1,0.95,0.1,default,100,3.0,8,1,1,0,0,0.0010892999998759478,
eps_fixed_0.1_123_6e5c59e3,eps_fixed_0.1,train,643,123,easy,5,5,0.1,0.95,0.1,default,100,3.0,8,1,1,0,0,0.0010618999949656427,
eps_fixed_0.1_123_6e5c59e3,eps_fixed_0.1,train,644,123,easy,5,5,0.1,0.95,0.1,default,100,-2.0,13,1,1,0,0,0.001520699996035546,
eps_fixed_0.1_123_6e5c59e3,eps_fixed_0.1,train,645,123,easy,5,5,0.1,0.95,0.1,default,100,1.0,10,1,1,0,0,0.0012355999933788553,
eps_fixed_0.1_123_6e5c59e3,eps_fixed_0.1,train,646,123,easy,5,5,0.1,0.95,0.1,default,100,3.0,8,1,1,0,0,0.0010882000060519204,
eps_fixed_0.1_123_6e5c59e3,eps_fixed_0.1,train,647,123,easy,5,5,0.1,0.95,0.1,default,100,-2.0,13,1,1,0,0,0.0015412000066135079,
eps_fixed_0.1_123_6e5c59e3,eps_fixed_0.1,train,648,123,easy,5,5,0.1,0.95,0.1,default,100,3.0,8,1,1,0,0,0.0010628000018186867,
eps_fixed_0.1_123_6e5c59e3,eps_fixed_0.1,train,649,123,easy,5,5,0.1,0.95,0.1,default,100,3.0,8,1,1,0,0,0.0011794000020017847,
eps_fixed_0.1_123_6e5c59e3,eps_fixed_0.1,train,650,123,easy,5,5,0.1,0.95,0.1,default,100,-5.0,16,1,1,0,0,0.0018108999938704073,
eps_fixed_0.1_123_6e5c59e3,eps_fixed_0.1,train,651,123,easy,5,5,0.1,0.95,0.1,default,100,3.0,8,1,1,0,0,0.0010627000010572374,
eps_fixed_0.1_123_6e5c59e3,eps_fixed_0.1,train,652,123,easy,5,5,0.1,0.95,0.1,default,100,3.0,8,1,1,0,0,0.0010734999959822744,
eps_fixed_0.1_123_6e5c59e3,eps_fixed_0.1,train,653,123,easy,5,5,0.1,0.95,0.1,default,100,0.0,11,1,1,0,0,0.0013261999993119389,
eps_fixed_0.1_123_6e5c59e3,eps_fixed_0.1,train,654,123,easy,5,5,0.1,0.95,0.1,default,100,1.0,10,1,1,0,0,0.0012482000020099804,
eps_fixed_0.1_123_6e5c59e3,eps_fixed_0.1,train,655,123,easy,5,5,0.1,0.95,0.1,default,100,0.0,11,1,1,0,0,0.0012929999938933179,
eps_fixed_0.1_123_6e5c59e3,eps_fixed_0.1,train,656,123,easy,5,5,0.1,0.95,0.1,default,100,3.0,8,1,1,0,0,0.001055500004440546,
eps_fixed_0.1_123_6e5c59e3,eps_fixed_0.1,train,657,123,easy,5,5,0.1,0.95,0.1,default,100,1.0,10,1,1,0,0,0.0012869000056525692,
eps_fixed_0.1_123_6e5c59e3,eps_fixed_0.1,train,658,123,easy,5,5,0.1,0.95,0.1,default,100,1.0,10,1,1,0,0,0.0012663999950746074,
eps_fixed_0.1_123_6e5c59e3,eps_fixed_0.1,train,659,123,easy,5,5,0.1,0.95,0.1,default,100,3.0,8,1,1,0,0,0.0010543999960646033,
eps_fixed_0.1_123_6e5c59e3,eps_fixed_0.1,train,660,123,easy,5,5,0.1,0.95,0.1,default,100,3.0,8,1,1,0,0,0.0010257999965688214,
eps_fixed_0.1_123_6e5c59e3,eps_fixed_0.1,train,661,123,easy,5,5,0.1,0.95,0.1,default,100,3.0,8,1,1,0,0,0.0010954999888781458,
eps_fixed_0.1_123_6e5c59e3,eps_fixed_0.1,train,662,123,easy,5,5,0.1,0.95,0.1,default,100,3.0,8,1,1,0,0,0.0011280000035185367,
eps_fixed_0.1_123_6e5c59e3,eps_fixed_0.1,train,663,123,easy,5,5,0.1,0.95,0.1,default,100,3.0,8,1,1,0,0,0.001067200006218627,
eps_fixed_0.1_123_6e5c59e3,eps_fixed_0.1,train,664,123,easy,5,5,0.1,0.95,0.1,default,100,3.0,8,1,1,0,0,0.001032100000884384,
eps_fixed_0.1_123_6e5c59e3,eps_fixed_0.1,train,665,123,easy,5,5,0.1,0.95,0.1,default,100,3.0,8,1,1,0,0,0.0010611999896354973,
eps_fixed_0.1_123_6e5c59e3,eps_fixed_0.1,train,666,123,easy,5,5,0.1,0.95,0.1,default,100,3.0,8,1,1,0,0,0.0010796999995363876,
eps_fixed_0.1_123_6e5c59e3,eps_fixed_0.1,train,667,123,easy,5,5,0.1,0.95,0.1,default,100,3.0,8,1,1,0,0,0.001063500007148832,
eps_fixed_0.1_123_6e5c59e3,eps_fixed_0.1,train,668,123,easy,5,5,0.1,0.95,0.1,default,100,2.0,9,1,1,0,0,0.0011034999915864319,
eps_fixed_0.1_123_6e5c59e3,eps_fixed_0.1,train,669,123,easy,5,5,0.1,0.95,0.1,default,100,-16.0,7,0,1,0,1,0.0009005000028992072,
eps_fixed_0.1_123_6e5c59e3,eps_fixed_0.1,train,670,123,easy,5,5,0.1,0.95,0.1,default,100,3.0,8,1,1,0,0,0.0010722000006353483,
eps_fixed_0.1_123_6e5c59e3,eps_fixed_0.1,train,671,123,easy,5,5,0.1,0.95,0.1,default,100,3.0,8,1,1,0,0,0.00107709999429062,
eps_fixed_0.1_123_6e5c59e3,eps_fixed_0.1,train,672,123,easy,5,5,0.1,0.95,0.1,default,100,3.0,8,1,1,0,0,0.0010258999973302707,
eps_fixed_0.1_123_6e5c59e3,eps_fixed_0.1,train,673,123,easy,5,5,0.1,0.95,0.1,default,100,1.0,10,1,1,0,0,0.0012826000020140782,
eps_fixed_0.1_123_6e5c59e3,eps_fixed_0.1,train,674,123,easy,5,5,0.1,0.95,0.1,default,100,3.0,8,1,1,0,0,0.0010716999968281016,
eps_fixed_0.1_123_6e5c59e3,eps_fixed_0.1,train,675,123,easy,5,5,0.1,0.95,0.1,default,100,3.0,8,1,1,0,0,0.0010981999948853627,
eps_fixed_0.1_123_6e5c59e3,eps_fixed_0.1,train,676,123,easy,5,5,0.1,0.95,0.1,default,100,3.0,8,1,1,0,0,0.0010408999951323494,
eps_fixed_0.1_123_6e5c59e3,eps_fixed_0.1,train,677,123,easy,5,5,0.1,0.95,0.1,default,100,3.0,8,1,1,0,0,0.0011086000013165176,
eps_fixed_0.1_123_6e5c59e3,eps_fixed_0.1,train,678,123,easy,5,5,0.1,0.95,0.1,default,100,3.0,8,1,1,0,0,0.0010691000061342493,
eps_fixed_0.1_123_6e5c59e3,eps_fixed_0.1,train,679,123,easy,5,5,0.1,0.95,0.1,default,100,-1.0,12,1,1,0,0,0.0014011000021127984,
eps_fixed_0.1_123_6e5c59e3,eps_fixed_0.1,train,680,123,easy,5,5,0.1,0.95,0.1,default,100,1.0,10,1,1,0,0,0.001266299994313158,
eps_fixed_0.1_123_6e5c59e3,eps_fixed_0.1,train,681,123,easy,5,5,0.1,0.95,0.1,default,100,1.0,10,1,1,0,0,0.0011892999900737777,
eps_fixed_0.1_123_6e5c59e3,eps_fixed_0.1,train,682,123,easy,5,5,0.1,0.95,0.1,default,100,3.0,8,1,1,0,0,0.0010853999992832541,
eps_fixed_0.1_123_6e5c59e3,eps_fixed_0.1,train,683,123,easy,5,5,0.1,0.95,0.1,default,100,1.0,10,1,1,0,0,0.0012494999973569065,
eps_fixed_0.1_123_6e5c59e3,eps_fixed_0.1,train,684,123,easy,5,5,0.1,0.95,0.1,default,100,3.0,8,1,1,0,0,0.001072099999873899,
eps_fixed_0.1_123_6e5c59e3,eps_fixed_0.1,train,685,123,easy,5,5,0.1,0.95,0.1,default,100,1.0,10,1,1,0,0,0.0011702000047080219,
eps_fixed_0.1_123_6e5c59e3,eps_fixed_0.1,train,686,123,easy,5,5,0.1,0.95,0.1,default,100,2.0,9,1,1,0,0,0.0010430999973323196,
eps_fixed_0.1_123_6e5c59e3,eps_fixed_0.1,train,687,123,easy,5,5,0.1,0.95,0.1,default,100,0.0,11,1,1,0,0,0.0013395999994827434,
eps_fixed_0.1_123_6e5c59e3,eps_fixed_0.1,train,688,123,easy,5,5,0.1,0.95,0.1,default,100,-14.0,5,0,1,0,1,0.0006696999917039648,
eps_fixed_0.1_123_6e5c59e3,eps_fixed_0.1,train,689,123,easy,5,5,0.1,0.95,0.1,default,100,0.0,11,1,1,0,0,0.0012826000020140782,
eps_fixed_0.1_123_6e5c59e3,eps_fixed_0.1,train,690,123,easy,5,5,0.1,0.95,0.1,default,100,3.0,8,1,1,0,0,0.0010569000005489215,
eps_fixed_0.1_123_6e5c59e3,eps_fixed_0.1,train,691,123,easy,5,5,0.1,0.95,0.1,default,100,3.0,8,1,1,0,0,0.0010227000020677224,
eps_fixed_0.1_123_6e5c59e3,eps_fixed_0.1,train,692,123,easy,5,5,0.1,0.95,0.1,default,100,3.0,8,1,1,0,0,0.0010163999977521598,
eps_fixed_0.1_123_6e5c59e3,eps_fixed_0.1,train,693,123,easy,5,5,0.1,0.95,0.1,default,100,3.0,8,1,1,0,0,0.0011111000058008358,
eps_fixed_0.1_123_6e5c59e3,eps_fixed_0.1,train,694,123,easy,5,5,0.1,0.95,0.1,default,100,3.0,8,1,1,0,0,0.0010563000105321407,
eps_fixed_0.1_123_6e5c59e3,eps_fixed_0.1,train,695,123,easy,5,5,0.1,0.95,0.1,default,100,3.0,8,1,1,0,0,0.0010612999903969467,
eps_fixed_0.1_123_6e5c59e3,eps_fixed_0.1,train,696,123,easy,5,5,0.1,0.95,0.1,default,100,3.0,8,1,1,0,0,0.0010456000018166378,
eps_fixed_0.1_123_6e5c59e3,eps_fixed_0.1,train,697,123,easy,5,5,0.1,0.95,0.1,default,100,3.0,8,1,1,0,0,0.0010818000009749085,
eps_fixed_0.1_123_6e5c59e3,eps_fixed_0.1,train,698,123,easy,5,5,0.1,0.95,0.1,default,100,-1.0,12,1,1,0,0,0.0014560999989043921,
eps_fixed_0.1_123_6e5c59e3,eps_fixed_0.1,train,699,123,easy,5,5,0.1,0.95,0.1,default,100,3.0,8,1,1,0,0,0.00105640001129359,
eps_fixed_0.1_123_6e5c59e3,eps_fixed_0.1,train,700,123,easy,5,5,0.1,0.95,0.1,default,100,3.0,8,1,1,0,0,0.0010360000014770776,
eps_fixed_0.1_123_6e5c59e3,eps_fixed_0.1,train,701,123,easy,5,5,0.1,0.95,0.1,default,100,3.0,8,1,1,0,0,0.0010922999936155975,
eps_fixed_0.1_123_6e5c59e3,eps_fixed_0.1,train,702,123,easy,5,5,0.1,0.95,0.1,default,100,0.0,11,1,1,0,0,0.0012941000022692606,
eps_fixed_0.1_123_6e5c59e3,eps_fixed_0.1,train,703,123,easy,5,5,0.1,0.95,0.1,default,100,-14.0,5,0,1,0,1,0.0006684000109089538,
eps_fixed_0.1_123_6e5c59e3,eps_fixed_0.1,train,704,123,easy,5,5,0.1,0.95,0.1,default,100,3.0,8,1,1,0,0,0.001076700005796738,
eps_fixed_0.1_123_6e5c59e3,eps_fixed_0.1,train,705,123,easy,5,5,0.1,0.95,0.1,default,100,2.0,9,1,1,0,0,0.0011304999934509397,
eps_fixed_0.1_123_6e5c59e3,eps_fixed_0.1,train,706,123,easy,5,5,0.1,0.95,0.1,default,100,1.0,10,1,1,0,0,0.0012627999967662618,
eps_fixed_0.1_123_6e5c59e3,eps_fixed_0.1,train,707,123,easy,5,5,0.1,0.95,0.1,default,100,3.0,8,1,1,0,0,0.0010477000032551587,
eps_fixed_0.1_123_6e5c59e3,eps_fixed_0.1,train,708,123,easy,5,5,0.1,0.95,0.1,default,100,3.0,8,1,1,0,0,0.0010599999950500205,
eps_fixed_0.1_123_6e5c59e3,eps_fixed_0.1,train,709,123,easy,5,5,0.1,0.95,0.1,default,100,3.0,8,1,1,0,0,0.0010672999924281612,
eps_fixed_0.1_123_6e5c59e3,eps_fixed_0.1,train,710,123,easy,5,5,0.1,0.95,0.1,default,100,3.0,8,1,1,0,0,0.0010645000002114102,
eps_fixed_0.1_123_6e5c59e3,eps_fixed_0.1,train,711,123,easy,5,5,0.1,0.95,0.1,default,100,3.0,8,1,1,0,0,0.0011373000015737489,
eps_fixed_0.1_123_6e5c59e3,eps_fixed_0.1,train,712,123,easy,5,5,0.1,0.95,0.1,default,100,3.0,8,1,1,0,0,0.0010581999958958477,
eps_fixed_0.1_123_6e5c59e3,eps_fixed_0.1,train,713,123,easy,5,5,0.1,0.95,0.1,default,100,3.0,8,1,1,0,0,0.001069600009941496,
eps_fixed_0.1_123_6e5c59e3,eps_fixed_0.1,train,714,123,easy,5,5,0.1,0.95,0.1,default,100,3.0,8,1,1,0,0,0.0010535999899730086,
eps_fixed_0.1_123_6e5c59e3,eps_fixed_0.1,train,715,123,easy,5,5,0.1,0.95,0.1,default,100,3.0,8,1,1,0,0,0.0010679999977583066,
eps_fixed_0.1_123_6e5c59e3,eps_fixed_0.1,train,716,123,easy,5,5,0.1,0.95,0.1,default,100,3.0,8,1,1,0,0,0.0010535999899730086,
eps_fixed_0.1_123_6e5c59e3,eps_fixed_0.1,train,717,123,easy,5,5,0.1,0.95,0.1,default,100,3.0,8,1,1,0,0,0.001075499996659346,
eps_fixed_0.1_123_6e5c59e3,eps_fixed_0.1,train,718,123,easy,5,5,0.1,0.95,0.1,default,100,3.0,8,1,1,0,0,0.0010524999961489812,
eps_fixed_0.1_123_6e5c59e3,eps_fixed_0.1,train,719,123,easy,5,5,0.1,0.95,0.1,default,100,3.0,8,1,1,0,0,0.0010668000031728297,
eps_fixed_0.1_123_6e5c59e3,eps_fixed_0.1,train,720,123,easy,5,5,0.1,0.95,0.1,default,100,3.0,8,1,1,0,0,0.0010067999974125996,
eps_fixed_0.1_123_6e5c59e3,eps_fixed_0.1,train,721,123,easy,5,5,0.1,0.95,0.1,default,100,3.0,8,1,1,0,0,0.0010903000074904412,
eps_fixed_0.1_123_6e5c59e3,eps_fixed_0.1,train,722,123,easy,5,5,0.1,0.95,0.1,default,100,3.0,8,1,1,0,0,0.0010785000049509108,
eps_fixed_0.1_123_6e5c59e3,eps_fixed_0.1,train,723,123,easy,5,5,0.1,0.95,0.1,default,100,2.0,9,1,1,0,0,0.0011328999971738085,
eps_fixed_0.1_123_6e5c59e3,eps_fixed_0.1,train,724,123,easy,5,5,0.1,0.95,0.1,default,100,3.0,8,1,1,0,0,0.0011142000003019348,
eps_fixed_0.1_123_6e5c59e3,eps_fixed_0.1,train,725,123,easy,5,5,0.1,0.95,0.1,default,100,1.0,10,1,1,0,0,0.0012506999919423833,
eps_fixed_0.1_123_6e5c59e3,eps_fixed_0.1,train,726,123,easy,5,5,0.1,0.95,0.1,default,100,3.0,8,1,1,0,0,0.0010292000079061836,
eps_fixed_0.1_123_6e5c59e3,eps_fixed_0.1,train,727,123,easy,5,5,0.1,0.95,0.1,default,100,3.0,8,1,1,0,0,0.0010668999893823639,
eps_fixed_0.1_123_6e5c59e3,eps_fixed_0.1,train,728,123,easy,5,5,0.1,0.95,0.1,default,100,3.0,8,1,1,0,0,0.0010885999945458025,
eps_fixed_0.1_123_6e5c59e3,eps_fixed_0.1,train,729,123,easy,5,5,0.1,0.95,0.1,default,100,1.0,10,1,1,0,0,0.0012817000097129494,
eps_fixed_0.1_123_6e5c59e3,eps_fixed_0.1,train,730,123,easy,5,5,0.1,0.95,0.1,default,100,3.0,8,1,1,0,0,0.0010593000042717904,
eps_fixed_0.1_123_6e5c59e3,eps_fixed_0.1,train,731,123,easy,5,5,0.1,0.95,0.1,default,100,-18.0,9,0,1,0,1,0.001055200002156198,
eps_fixed_0.1_123_6e5c59e3,eps_fixed_0.1,train,732,123,easy,5,5,0.1,0.95,0.1,default,100,3.0,8,1,1,0,0,0.0010686000023270026,
eps_fixed_0.1_123_6e5c59e3,eps_fixed_0.1,train,733,123,easy,5,5,0.1,0.95,0.1,default,100,1.0,10,1,1,0,0,0.0012583999923663214,
eps_fixed_0.1_123_6e5c59e3,eps_fixed_0.1,train,734,123,easy,5,5,0.1,0.95,0.1,default,100,3.0,8,1,1,0,0,0.001055500004440546,
eps_fixed_0.1_123_6e5c59e3,eps_fixed_0.1,train,735,123,easy,5,5,0.1,0.95,0.1,default,100,3.0,8,1,1,0,0,0.0010668000031728297,
eps_fixed_0.1_123_6e5c59e3,eps_fixed_0.1,train,736,123,easy,5,5,0.1,0.95,0.1,default,100,3.0,8,1,1,0,0,0.0010541999945417047,
eps_fixed_0.1_123_6e5c59e3,eps_fixed_0.1,train,737,123,easy,5,5,0.1,0.95,0.1,default,100,3.0,8,1,1,0,0,0.0010419000027468428,
eps_fixed_0.1_123_6e5c59e3,eps_fixed_0.1,train,738,123,easy,5,5,0.1,0.95,0.1,default,100,3.0,8,1,1,0,0,0.0010584999981801957,
eps_fixed_0.1_123_6e5c59e3,eps_fixed_0.1,train,739,123,easy,5,5,0.1,0.95,0.1,default,100,3.0,8,1,1,0,0,0.0010716000106185675,
eps_fixed_0.1_123_6e5c59e3,eps_fixed_0.1,train,740,123,easy,5,5,0.1,0.95,0.1,default,100,3.0,8,1,1,0,0,0.001070300000719726,
eps_fixed_0.1_123_6e5c59e3,eps_fixed_0.1,train,741,123,easy,5,5,0.1,0.95,0.1,default,100,3.0,8,1,1,0,0,0.0010888999968301505,
eps_fixed_0.1_123_6e5c59e3,eps_fixed_0.1,train,742,123,easy,5,5,0.1,0.95,0.1,default,100,0.0,11,1,1,0,0,0.001341900002444163,
eps_fixed_0.1_123_6e5c59e3,eps_fixed_0.1,train,743,123,easy,5,5,0.1,0.95,0.1,default,100,3.0,8,1,1,0,0,0.0010681000130716711,
eps_fixed_0.1_123_6e5c59e3,eps_fixed_0.1,train,744,123,easy,5,5,0.1,0.95,0.1,default,100,-14.0,5,0,1,0,1,0.0006422000005841255,
eps_fixed_0.1_123_6e5c59e3,eps_fixed_0.1,train,745,123,easy,5,5,0.1,0.95,0.1,default,100,3.0,8,1,1,0,0,0.0010567999997874722,
eps_fixed_0.1_123_6e5c59e3,eps_fixed_0.1,train,746,123,easy,5,5,0.1,0.95,0.1,default,100,3.0,8,1,1,0,0,0.0010716999968281016,
eps_fixed_0.1_123_6e5c59e3,eps_fixed_0.1,train,747,123,easy,5,5,0.1,0.95,0.1,default,100,-2.0,13,1,1,0,0,0.0015112999972188845,
eps_fixed_0.1_123_6e5c59e3,eps_fixed_0.1,train,748,123,easy,5,5,0.1,0.95,0.1,default,100,3.0,8,1,1,0,0,0.0010729000059654936,
eps_fixed_0.1_123_6e5c59e3,eps_fixed_0.1,train,749,123,easy,5,5,0.1,0.95,0.1,default,100,-1.0,12,1,1,0,0,0.0014571999927284196,
eps_fixed_0.1_123_6e5c59e3,eps_fixed_0.1,train,750,123,easy,5,5,0.1,0.95,0.1,default,100,1.0,10,1,1,0,0,0.0011571999930310994,
eps_fixed_0.1_123_6e5c59e3,eps_fixed_0.1,train,751,123,easy,5,5,0.1,0.95,0.1,default,100,3.0,8,1,1,0,0,0.0010708000045269728,
eps_fixed_0.1_123_6e5c59e3,eps_fixed_0.1,train,752,123,easy,5,5,0.1,0.95,0.1,default,100,0.0,11,1,1,0,0,0.0012602000060724095,
eps_fixed_0.1_123_6e5c59e3,eps_fixed_0.1,train,753,123,easy,5,5,0.1,0.95,0.1,default,100,-16.0,7,0,1,0,1,0.0009091999963857234,
eps_fixed_0.1_123_6e5c59e3,eps_fixed_0.1,train,754,123,easy,5,5,0.1,0.95,0.1,default,100,3.0,8,1,1,0,0,0.0010107999987667426,
eps_fixed_0.1_123_6e5c59e3,eps_fixed_0.1,train,755,123,easy,5,5,0.1,0.95,0.1,default,100,1.0,10,1,1,0,0,0.001255800001672469,
eps_fixed_0.1_123_6e5c59e3,eps_fixed_0.1,train,756,123,easy,5,5,0.1,0.95,0.1,default,100,-16.0,7,0,1,0,1,0.0008904999995138496,
eps_fixed_0.1_123_6e5c59e3,eps_fixed_0.1,train,757,123,easy,5,5,0.1,0.95,0.1,default,100,2.0,9,1,1,0,0,0.0011113999935332686,
eps_fixed_0.1_123_6e5c59e3,eps_fixed_0.1,train,758,123,easy,5,5,0.1,0.95,0.1,default,100,2.0,9,1,1,0,0,0.0011436000058893114,
eps_fixed_0.1_123_6e5c59e3,eps_fixed_0.1,train,759,123,easy,5,5,0.1,0.95,0.1,default,100,-16.0,7,0,1,0,1,0.0008511999913025647,
eps_fixed_0.1_123_6e5c59e3,eps_fixed_0.1,train,760,123,easy,5,5,0.1,0.95,0.1,default,100,3.0,8,1,1,0,0,0.0010685000015655532,
eps_fixed_0.1_123_6e5c59e3,eps_fixed_0.1,train,761,123,easy,5,5,0.1,0.95,0.1,default,100,-14.0,5,0,1,0,1,0.0006908999930601567,
eps_fixed_0.1_123_6e5c59e3,eps_fixed_0.1,train,762,123,easy,5,5,0.1,0.95,0.1,default,100,2.0,9,1,1,0,0,0.0011556999961612746,
eps_fixed_0.1_123_6e5c59e3,eps_fixed_0.1,train,763,123,easy,5,5,0.1,0.95,0.1,default,100,1.0,10,1,1,0,0,0.0012526000064099208,
eps_fixed_0.1_123_6e5c59e3,eps_fixed_0.1,train,764,123,easy,5,5,0.1,0.95,0.1,default,100,-16.0,7,0,1,0,1,0.0008665999921504408,
eps_fixed_0.1_123_6e5c59e3,eps_fixed_0.1,train,765,123,easy,5,5,0.1,0.95,0.1,default,100,1.0,10,1,1,0,0,0.001193000003695488,
eps_fixed_0.1_123_6e5c59e3,eps_fixed_0.1,train,766,123,easy,5,5,0.1,0.95,0.1,default,100,3.0,8,1,1,0,0,0.0010858000023290515,
eps_fixed_0.1_123_6e5c59e3,eps_fixed_0.1,train,767,123,easy,5,5,0.1,0.95,0.1,default,100,3.0,8,1,1,0,0,0.0012906000047223642,
eps_fixed_0.1_123_6e5c59e3,eps_fixed_0.1,train,768,123,easy,5,5,0.1,0.95,0.1,default,100,3.0,8,1,1,0,0,0.0011172000085934997,
eps_fixed_0.1_123_6e5c59e3,eps_fixed_0.1,train,769,123,easy,5,5,0.1,0.95,0.1,default,100,3.0,8,1,1,0,0,0.0010657999955583364,
eps_fixed_0.1_123_6e5c59e3,eps_fixed_0.1,train,770,123,easy,5,5,0.1,0.95,0.1,default,100,3.0,8,1,1,0,0,0.001099200002499856,
eps_fixed_0.1_123_6e5c59e3,eps_fixed_0.1,train,771,123,easy,5,5,0.1,0.95,0.1,default,100,3.0,8,1,1,0,0,0.0010776999988593161,
eps_fixed_0.1_123_6e5c59e3,eps_fixed_0.1,train,772,123,easy,5,5,0.1,0.95,0.1,default,100,3.0,8,1,1,0,0,0.0010076999897137284,
eps_fixed_0.1_123_6e5c59e3,eps_fixed_0.1,train,773,123,easy,5,5,0.1,0.95,0.1,default,100,2.0,9,1,1,0,0,0.0010907000105362386,
eps_fixed_0.1_123_6e5c59e3,eps_fixed_0.1,train,774,123,easy,5,5,0.1,0.95,0.1,default,100,3.0,8,1,1,0,0,0.0010228000028291717,
eps_fixed_0.1_123_6e5c59e3,eps_fixed_0.1,train,775,123,easy,5,5,0.1,0.95,0.1,default,100,3.0,8,1,1,0,0,0.0010375999991083518,
eps_fixed_0.1_123_6e5c59e3,eps_fixed_0.1,train,776,123,easy,5,5,0.1,0.95,0.1,default,100,3.0,8,1,1,0,0,0.00101270001323428,
eps_fixed_0.1_123_6e5c59e3,eps_fixed_0.1,train,777,123,easy,5,5,0.1,0.95,0.1,default,100,1.0,10,1,1,0,0,0.0012417000107234344,
eps_fixed_0.1_123_6e5c59e3,eps_fixed_0.1,train,778,123,easy,5,5,0.1,0.95,0.1,default,100,3.0,8,1,1,0,0,0.001051200000802055,
eps_fixed_0.1_123_6e5c59e3,eps_fixed_0.1,train,779,123,easy,5,5,0.1,0.95,0.1,default,100,3.0,8,1,1,0,0,0.0010599000088404864,
eps_fixed_0.1_123_6e5c59e3,eps_fixed_0.1,train,780,123,easy,5,5,0.1,0.95,0.1,default,100,3.0,8,1,1,0,0,0.001044100004946813,
eps_fixed_0.1_123_6e5c59e3,eps_fixed_0.1,train,781,123,easy,5,5,0.1,0.95,0.1,default,100,3.0,8,1,1,0,0,0.0011185000039404258,
eps_fixed_0.1_123_6e5c59e3,eps_fixed_0.1,train,782,123,easy,5,5,0.1,0.95,0.1,default,100,-3.0,14,1,1,0,0,0.0016449999966425821,
eps_fixed_0.1_123_6e5c59e3,eps_fixed_0.1,train,783,123,easy,5,5,0.1,0.95,0.1,default,100,1.0,10,1,1,0,0,0.0012399999977787957,
eps_fixed_0.1_123_6e5c59e3,eps_fixed_0.1,train,784,123,easy,5,5,0.1,0.95,0.1,default,100,3.0,8,1,1,0,0,0.0010891999991144985,
eps_fixed_0.1_123_6e5c59e3,eps_fixed_0.1,train,785,123,easy,5,5,0.1,0.95,0.1,default,100,3.0,8,1,1,0,0,0.0010584999981801957,
eps_fixed_0.1_123_6e5c59e3,eps_fixed_0.1,train,786,123,easy,5,5,0.1,0.95,0.1,default,100,3.0,8,1,1,0,0,0.0010845999931916595,
eps_fixed_0.1_123_6e5c59e3,eps_fixed_0.1,train,787,123,easy,5,5,0.1,0.95,0.1,default,100,3.0,8,1,1,0,0,0.0010599000088404864,
eps_fixed_0.1_123_6e5c59e3,eps_fixed_0.1,train,788,123,easy,5,5,0.1,0.95,0.1,default,100,-16.0,7,0,1,0,1,0.0009114999993471429,
eps_fixed_0.1_123_6e5c59e3,eps_fixed_0.1,train,789,123,easy,5,5,0.1,0.95,0.1,default,100,3.0,8,1,1,0,0,0.0010485000093467534,
eps_fixed_0.1_123_6e5c59e3,eps_fixed_0.1,train,790,123,easy,5,5,0.1,0.95,0.1,default,100,2.0,9,1,1,0,0,0.0011368000123184174,
eps_fixed_0.1_123_6e5c59e3,eps_fixed_0.1,train,791,123,easy,5,5,0.1,0.95,0.1,default,100,3.0,8,1,1,0,0,0.0010641999979270622,
eps_fixed_0.1_123_6e5c59e3,eps_fixed_0.1,train,792,123,easy,5,5,0.1,0.95,0.1,default,100,3.0,8,1,1,0,0,0.001105000003008172,
eps_fixed_0.1_123_6e5c59e3,eps_fixed_0.1,train,793,123,easy,5,5,0.1,0.95,0.1,default,100,3.0,8,1,1,0,0,0.0010735999967437238,
eps_fixed_0.1_123_6e5c59e3,eps_fixed_0.1,train,794,123,easy,5,5,0.1,0.95,0.1,default,100,3.0,8,1,1,0,0,0.0010123000101884827,
eps_fixed_0.1_123_6e5c59e3,eps_fixed_0.1,train,795,123,easy,5,5,0.1,0.95,0.1,default,100,3.0,8,1,1,0,0,0.0010645000002114102,
eps_fixed_0.1_123_6e5c59e3,eps_fixed_0.1,train,796,123,easy,5,5,0.1,0.95,0.1,default,100,3.0,8,1,1,0,0,0.0010516000038478523,
eps_fixed_0.1_123_6e5c59e3,eps_fixed_0.1,train,797,123,easy,5,5,0.1,0.95,0.1,default,100,3.0,8,1,1,0,0,0.001029699997161515,
eps_fixed_0.1_123_6e5c59e3,eps_fixed_0.1,train,798,123,easy,5,5,0.1,0.95,0.1,default,100,3.0,8,1,1,0,0,0.0011221000022487715,
eps_fixed_0.1_123_6e5c59e3,eps_fixed_0.1,train,799,123,easy,5,5,0.1,0.95,0.1,default,100,-16.0,7,0,1,0,1,0.0009148999961325899,
eps_fixed_0.1_123_6e5c59e3,eps_fixed_0.1,train,800,123,easy,5,5,0.1,0.95,0.1,default,100,3.0,8,1,1,0,0,0.0009592999995220453,results\epsilon\fixed_0.1\seed_123\qtable_ep800.npz
eps_fixed_0.1_123_6e5c59e3,eps_fixed_0.1,eval,1,123,easy,5,5,0.1,0.95,0.0,default,100,-100.0,100,0,0,1,0,,
eps_fixed_0.1_123_6e5c59e3,eps_fixed_0.1,eval,2,123,easy,5,5,0.1,0.95,0.0,default,100,-100.0,100,0,0,1,0,,
eps_fixed_0.1_123_6e5c59e3,eps_fixed_0.1,eval,3,123,easy,5,5,0.1,0.95,0.0,default,100,-100.0,100,0,0,1,0,,
eps_fixed_0.1_123_6e5c59e3,eps_fixed_0.1,eval,4,123,easy,5,5,0.1,0.95,0.0,default,100,-100.0,100,0,0,1,0,,
eps_fixed_0.1_123_6e5c59e3,eps_fixed_0.1,eval,5,123,easy,5,5,0.1,0.95,0.0,default,100,-100.0,100,0,0,1,0,,
eps_fixed_0.1_123_6e5c59e3,eps_fixed_0.1,eval,6,123,easy,5,5,0.1,0.95,0.0,default,100,-100.0,100,0,0,1,0,,
eps_fixed_0.1_123_6e5c59e3,eps_fixed_0.1,eval,7,123,easy,5,5,0.1,0.95,0.0,default,100,-100.0,100,0,0,1,0,,
eps_fixed_0.1_123_6e5c59e3,eps_fixed_0.1,eval,8,123,easy,5,5,0.1,0.95,0.0,default,100,-100.0,100,0,0,1,0,,
eps_fixed_0.1_123_6e5c59e3,eps_fixed_0.1,eval,9,123,easy,5,5,0.1,0.95,0.0,default,100,-100.0,100,0,0,1,0,,
eps_fixed_0.1_123_6e5c59e3,eps_fixed_0.1,eval,10,123,easy,5,5,0.1,0.95,0.0,default,100,-100.0,100,0,0,1,0,,
eps_fixed_0.1_123_6e5c59e3,eps_fixed_0.1,eval,1,123,easy,5,5,0.1,0.95,0.0,default,100,-100.0,100,0,0,1,0,,
eps_fixed_0.1_123_6e5c59e3,eps_fixed_0.1,eval,2,123,easy,5,5,0.1,0.95,0.0,default,100,-100.0,100,0,0,1,0,,
eps_fixed_0.1_123_6e5c59e3,eps_fixed_0.1,eval,3,123,easy,5,5,0.1,0.95,0.0,default,100,-100.0,100,0,0,1,0,,
eps_fixed_0.1_123_6e5c59e3,eps_fixed_0.1,eval,4,123,easy,5,5,0.1,0.95,0.0,default,100,-100.0,100,0,0,1,0,,
eps_fixed_0.1_123_6e5c59e3,eps_fixed_0.1,eval,5,123,easy,5,5,0.1,0.95,0.0,default,100,-100.0,100,0,0,1,0,,
eps_fixed_0.1_123_6e5c59e3,eps_fixed_0.1,eval,6,123,easy,5,5,0.1,0.95,0.0,default,100,-100.0,100,0,0,1,0,,
eps_fixed_0.1_123_6e5c59e3,eps_fixed_0.1,eval,7,123,easy,5,5,0.1,0.95,0.0,default,100,-100.0,100,0,0,1,0,,
eps_fixed_0.1_123_6e5c59e3,eps_fixed_0.1,eval,8,123,easy,5,5,0.1,0.95,0.0,default,100,-100.0,100,0,0,1,0,,
eps_fixed_0.1_123_6e5c59e3,eps_fixed_0.1,eval,9,123,easy,5,5,0.1,0.95,0.0,default,100,-100.0,100,0,0,1,0,,
eps_fixed_0.1_123_6e5c59e3,eps_fixed_0.1,eval,10,123,easy,5,5,0.1,0.95,0.0,default,100,-100.0,100,0,0,1,0,,
eps_fixed_0.1_123_6e5c59e3,eps_fixed_0.1,eval,1,123,easy,5,5,0.1,0.95,0.0,default,100,-100.0,100,0,0,1,0,,
eps_fixed_0.1_123_6e5c59e3,eps_fixed_0.1,eval,2,123,easy,5,5,0.1,0.95,0.0,default,100,-100.0,100,0,0,1,0,,
eps_fixed_0.1_123_6e5c59e3,eps_fixed_0.1,eval,3,123,easy,5,5,0.1,0.95,0.0,default,100,-100.0,100,0,0,1,0,,
eps_fixed_0.1_123_6e5c59e3,eps_fixed_0.1,eval,4,123,easy,5,5,0.1,0.95,0.0,default,100,-100.0,100,0,0,1,0,,
eps_fixed_0.1_123_6e5c59e3,eps_fixed_0.1,eval,5,123,easy,5,5,0.1,0.95,0.0,default,100,-100.0,100,0,0,1,0,,
eps_fixed_0.1_123_6e5c59e3,eps_fixed_0.1,eval,6,123,easy,5,5,0.1,0.95,0.0,default,100,-100.0,100,0,0,1,0,,
eps_fixed_0.1_123_6e5c59e3,eps_fixed_0.1,eval,7,123,easy,5,5,0.1,0.95,0.0,default,100,-100.0,100,0,0,1,0,,
eps_fixed_0.1_123_6e5c59e3,eps_fixed_0.1,eval,8,123,easy,5,5,0.1,0.95,0.0,default,100,-100.0,100,0,0,1,0,,
eps_fixed_0.1_123_6e5c59e3,eps_fixed_0.1,eval,9,123,easy,5,5,0.1,0.95,0.0,default,100,-100.0,100,0,0,1,0,,
eps_fixed_0.1_123_6e5c59e3,eps_fixed_0.1,eval,10,123,easy,5,5,0.1,0.95,0.0,default,100,-100.0,100,0,0,1,0,,
eps_fixed_0.1_123_6e5c59e3,eps_fixed_0.1,eval,1,123,easy,5,5,0.1,0.95,0.0,default,100,3.0,8,1,1,0,0,,
eps_fixed_0.1_123_6e5c59e3,eps_fixed_0.1,eval,2,123,easy,5,5,0.1,0.95,0.0,default,100,3.0,8,1,1,0,0,,
eps_fixed_0.1_123_6e5c59e3,eps_fixed_0.1,eval,3,123,easy,5,5,0.1,0.95,0.0,default,100,3.0,8,1,1,0,0,,
eps_fixed_0.1_123_6e5c59e3,eps_fixed_0.1,eval,4,123,easy,5,5,0.1,0.95,0.0,default,100,3.0,8,1,1,0,0,,
eps_fixed_0.1_123_6e5c59e3,eps_fixed_0.1,eval,5,123,easy,5,5,0.1,0.95,0.0,default,100,3.0,8,1,1,0,0,,
eps_fixed_0.1_123_6e5c59e3,eps_fixed_0.1,eval,6,123,easy,5,5,0.1,0.95,0.0,default,100,3.0,8,1,1,0,0,,
eps_fixed_0.1_123_6e5c59e3,eps_fixed_0.1,eval,7,123,easy,5,5,0.1,0.95,0.0,default,100,3.0,8,1,1,0,0,,
eps_fixed_0.1_123_6e5c59e3,eps_fixed_0.1,eval,8,123,easy,5,5,0.1,0.95,0.0,default,100,3.0,8,1,1,0,0,,
eps_fixed_0.1_123_6e5c59e3,eps_fixed_0.1,eval,9,123,easy,5,5,0.1,0.95,0.0,default,100,3.0,8,1,1,0,0,,
eps_fixed_0.1_123_6e5c59e3,eps_fixed_0.1,eval,10,123,easy,5,5,0.1,0.95,0.0,default,100,3.0,8,1,1,0,0,,
eps_fixed_0.1_123_6e5c59e3,eps_fixed_0.1,eval,1,123,easy,5,5,0.1,0.95,0.0,default,100,3.0,8,1,1,0,0,,
eps_fixed_0.1_123_6e5c59e3,eps_fixed_0.1,eval,2,123,easy,5,5,0.1,0.95,0.0,default,100,3.0,8,1,1,0,0,,
eps_fixed_0.1_123_6e5c59e3,eps_fixed_0.1,eval,3,123,easy,5,5,0.1,0.95,0.0,default,100,3.0,8,1,1,0,0,,
eps_fixed_0.1_123_6e5c59e3,eps_fixed_0.1,eval,4,123,easy,5,5,0.1,0.95,0.0,default,100,3.0,8,1,1,0,0,,
eps_fixed_0.1_123_6e5c59e3,eps_fixed_0.1,eval,5,123,easy,5,5,0.1,0.95,0.0,default,100,3.0,8,1,1,0,0,,
eps_fixed_0.1_123_6e5c59e3,eps_fixed_0.1,eval,6,123,easy,5,5,0.1,0.95,0.0,default,100,3.0,8,1,1,0,0,,
eps_fixed_0.1_123_6e5c59e3,eps_fixed_0.1,eval,7,123,easy,5,5,0.1,0.95,0.0,default,100,3.0,8,1,1,0,0,,
eps_fixed_0.1_123_6e5c59e3,eps_fixed_0.1,eval,8,123,easy,5,5,0.1,0.95,0.0,default,100,3.0,8,1,1,0,0,,
eps_fixed_0.1_123_6e5c59e3,eps_fixed_0.1,eval,9,123,easy,5,5,0.1,0.95,0.0,default,100,3.0,8,1,1,0,0,,
eps_fixed_0.1_123_6e5c59e3,eps_fixed_0.1,eval,10,123,easy,5,5,0.1,0.95,0.0,default,100,3.0,8,1,1,0,0,,
eps_fixed_0.1_123_6e5c59e3,eps_fixed_0.1,eval,1,123,easy,5,5,0.1,0.95,0.0,default,100,3.0,8,1,1,0,0,,
eps_fixed_0.1_123_6e5c59e3,eps_fixed_0.1,eval,2,123,easy,5,5,0.1,0.95,0.0,default,100,3.0,8,1,1,0,0,,
eps_fixed_0.1_123_6e5c59e3,eps_fixed_0.1,eval,3,123,easy,5,5,0.1,0.95,0.0,default,100,3.0,8,1,1,0,0,,
eps_fixed_0.1_123_6e5c59e3,eps_fixed_0.1,eval,4,123,easy,5,5,0.1,0.95,0.0,default,100,3.0,8,1,1,0,0,,
eps_fixed_0.1_123_6e5c59e3,eps_fixed_0.1,eval,5,123,easy,5,5,0.1,0.95,0.0,default,100,3.0,8,1,1,0,0,,
eps_fixed_0.1_123_6e5c59e3,eps_fixed_0.1,eval,6,123,easy,5,5,0.1,0.95,0.0,default,100,3.0,8,1,1,0,0,,
eps_fixed_0.1_123_6e5c59e3,eps_fixed_0.1,eval,7,123,easy,5,5,0.1,0.95,0.0,default,100,3.0,8,1,1,0,0,,
eps_fixed_0.1_123_6e5c59e3,eps_fixed_0.1,eval,8,123,easy,5,5,0.1,0.95,0.0,default,100,3.0,8,1,1,0,0,,
eps_fixed_0.1_123_6e5c59e3,eps_fixed_0.1,eval,9,123,easy,5,5,0.1,0.95,0.0,default,100,3.0,8,1,1,0,0,,
eps_fixed_0.1_123_6e5c59e3,eps_fixed_0.1,eval,10,123,easy,5,5,0.1,0.95,0.0,default,100,3.0,8,1,1,0,0,,
eps_fixed_0.1_123_6e5c59e3,eps_fixed_0.1,eval,1,123,easy,5,5,0.1,0.95,0.0,default,100,3.0,8,1,1,0,0,,
eps_fixed_0.1_123_6e5c59e3,eps_fixed_0.1,eval,2,123,easy,5,5,0.1,0.95,0.0,default,100,3.0,8,1,1,0,0,,
eps_fixed_0.1_123_6e5c59e3,eps_fixed_0.1,eval,3,123,easy,5,5,0.1,0.95,0.0,default,100,3.0,8,1,1,0,0,,
eps_fixed_0.1_123_6e5c59e3,eps_fixed_0.1,eval,4,123,easy,5,5,0.1,0.95,0.0,default,100,3.0,8,1,1,0,0,,
eps_fixed_0.1_123_6e5c59e3,eps_fixed_0.1,eval,5,123,easy,5,5,0.1,0.95,0.0,default,100,3.0,8,1,1,0,0,,
eps_fixed_0.1_123_6e5c59e3,eps_fixed_0.1,eval,6,123,easy,5,5,0.1,0.95,0.0,default,100,3.0,8,1,1,0,0,,
eps_fixed_0.1_123_6e5c59e3,eps_fixed_0.1,eval,7,123,easy,5,5,0.1,0.95,0.0,default,100,3.0,8,1,1,0,0,,
eps_fixed_0.1_123_6e5c59e3,eps_fixed_0.1,eval,8,123,easy,5,5,0.1,0.95,0.0,default,100,3.0,8,1,1,0,0,,
eps_fixed_0.1_123_6e5c59e3,eps_fixed_0.1,eval,9,123,easy,5,5,0.1,0.95,0.0,default,100,3.0,8,1,1,0,0,,
eps_fixed_0.1_123_6e5c59e3,eps_fixed_0.1,eval,10,123,easy,5,5,0.1,0.95,0.0,default,100,3.0,8,1,1,0,0,,
eps_fixed_0.1_123_6e5c59e3,eps_fixed_0.1,eval,1,123,easy,5,5,0.1,0.95,0.0,default,100,3.0,8,1,1,0,0,,
eps_fixed_0.1_123_6e5c59e3,eps_fixed_0.1,eval,2,123,easy,5,5,0.1,0.95,0.0,default,100,3.0,8,1,1,0,0,,
eps_fixed_0.1_123_6e5c59e3,eps_fixed_0.1,eval,3,123,easy,5,5,0.1,0.95,0.0,default,100,3.0,8,1,1,0,0,,
eps_fixed_0.1_123_6e5c59e3,eps_fixed_0.1,eval,4,123,easy,5,5,0.1,0.95,0.0,default,100,3.0,8,1,1,0,0,,
eps_fixed_0.1_123_6e5c59e3,eps_fixed_0.1,eval,5,123,easy,5,5,0.1,0.95,0.0,default,100,3.0,8,1,1,0,0,,
eps_fixed_0.1_123_6e5c59e3,eps_fixed_0.1,eval,6,123,easy,5,5,0.1,0.95,0.0,default,100,3.0,8,1,1,0,0,,
eps_fixed_0.1_123_6e5c59e3,eps_fixed_0.1,eval,7,123,easy,5,5,0.1,0.95,0.0,default,100,3.0,8,1,1,0,0,,
eps_fixed_0.1_123_6e5c59e3,eps_fixed_0.1,eval,8,123,easy,5,5,0.1,0.95,0.0,default,100,3.0,8,1,1,0,0,,
eps_fixed_0.1_123_6e5c59e3,eps_fixed_0.1,eval,9,123,easy,5,5,0.1,0.95,0.0,default,100,3.0,8,1,1,0,0,,
eps_fixed_0.1_123_6e5c59e3,eps_fixed_0.1,eval,10,123,easy,5,5,0.1,0.95,0.0,default,100,3.0,8,1,1,0,0,,
eps_fixed_0.1_123_6e5c59e3,eps_fixed_0.1,eval,1,123,easy,5,5,0.1,0.95,0.0,default,100,3.0,8,1,1,0,0,,
eps_fixed_0.1_123_6e5c59e3,eps_fixed_0.1,eval,2,123,easy,5,5,0.1,0.95,0.0,default,100,3.0,8,1,1,0,0,,
eps_fixed_0.1_123_6e5c59e3,eps_fixed_0.1,eval,3,123,easy,5,5,0.1,0.95,0.0,default,100,3.0,8,1,1,0,0,,
eps_fixed_0.1_123_6e5c59e3,eps_fixed_0.1,eval,4,123,easy,5,5,0.1,0.95,0.0,default,100,3.0,8,1,1,0,0,,
eps_fixed_0.1_123_6e5c59e3,eps_fixed_0.1,eval,5,123,easy,5,5,0.1,0.95,0.0,default,100,3.0,8,1,1,0,0,,
eps_fixed_0.1_123_6e5c59e3,eps_fixed_0.1,eval,6,123,easy,5,5,0.1,0.95,0.0,default,100,3.0,8,1,1,0,0,,
eps_fixed_0.1_123_6e5c59e3,eps_fixed_0.1,eval,7,123,easy,5,5,0.1,0.95,0.0,default,100,3.0,8,1,1,0,0,,
eps_fixed_0.1_123_6e5c59e3,eps_fixed_0.1,eval,8,123,easy,5,5,0.1,0.95,0.0,default,100,3.0,8,1,1,0,0,,
eps_fixed_0.1_123_6e5c59e3,eps_fixed_0.1,eval,9,123,easy,5,5,0.1,0.95,0.0,default,100,3.0,8,1,1,0,0,,
eps_fixed_0.1_123_6e5c59e3,eps_fixed_0.1,eval,10,123,easy,5,5,0.1,0.95,0.0,default,100,3.0,8,1,1,0,0,,
eps_fixed_0.1_123_6e5c59e3,eps_fixed_0.1,eval,1,123,easy,5,5,0.1,0.95,0.0,default,100,3.0,8,1,1,0,0,,
eps_fixed_0.1_123_6e5c59e3,eps_fixed_0.1,eval,2,123,easy,5,5,0.1,0.95,0.0,default,100,3.0,8,1,1,0,0,,
eps_fixed_0.1_123_6e5c59e3,eps_fixed_0.1,eval,3,123,easy,5,5,0.1,0.95,0.0,default,100,3.0,8,1,1,0,0,,
eps_fixed_0.1_123_6e5c59e3,eps_fixed_0.1,eval,4,123,easy,5,5,0.1,0.95,0.0,default,100,3.0,8,1,1,0,0,,
eps_fixed_0.1_123_6e5c59e3,eps_fixed_0.1,eval,5,123,easy,5,5,0.1,0.95,0.0,default,100,3.0,8,1,1,0,0,,
eps_fixed_0.1_123_6e5c59e3,eps_fixed_0.1,eval,6,123,easy,5,5,0.1,0.95,0.0,default,100,3.0,8,1,1,0,0,,
eps_fixed_0.1_123_6e5c59e3,eps_fixed_0.1,eval,7,123,easy,5,5,0.1,0.95,0.0,default,100,3.0,8,1,1,0,0,,
eps_fixed_0.1_123_6e5c59e3,eps_fixed_0.1,eval,8,123,easy,5,5,0.1,0.95,0.0,default,100,3.0,8,1,1,0,0,,
eps_fixed_0.1_123_6e5c59e3,eps_fixed_0.1,eval,9,123,easy,5,5,0.1,0.95,0.0,default,100,3.0,8,1,1,0,0,,
eps_fixed_0.1_123_6e5c59e3,eps_fixed_0.1,eval,10,123,easy,5,5,0.1,0.95,0.0,default,100,3.0,8,1,1,0,0,,
eps_fixed_0.1_123_6e5c59e3,eps_fixed_0.1,eval,1,123,easy,5,5,0.1,0.95,0.0,default,100,3.0,8,1,1,0,0,,
eps_fixed_0.1_123_6e5c59e3,eps_fixed_0.1,eval,2,123,easy,5,5,0.1,0.95,0.0,default,100,3.0,8,1,1,0,0,,
eps_fixed_0.1_123_6e5c59e3,eps_fixed_0.1,eval,3,123,easy,5,5,0.1,0.95,0.0,default,100,3.0,8,1,1,0,0,,
eps_fixed_0.1_123_6e5c59e3,eps_fixed_0.1,eval,4,123,easy,5,5,0.1,0.95,0.0,default,100,3.0,8,1,1,0,0,,
eps_fixed_0.1_123_6e5c59e3,eps_fixed_0.1,eval,5,123,easy,5,5,0.1,0.95,0.0,default,100,3.0,8,1,1,0,0,,
eps_fixed_0.1_123_6e5c59e3,eps_fixed_0.1,eval,6,123,easy,5,5,0.1,0.95,0.0,default,100,3.0,8,1,1,0,0,,
eps_fixed_0.1_123_6e5c59e3,eps_fixed_0.1,eval,7,123,easy,5,5,0.1,0.95,0.0,default,100,3.0,8,1,1,0,0,,
eps_fixed_0.1_123_6e5c59e3,eps_fixed_0.1,eval,8,123,easy,5,5,0.1,0.95,0.0,default,100,3.0,8,1,1,0,0,,
eps_fixed_0.1_123_6e5c59e3,eps_fixed_0.1,eval,9,123,easy,5,5,0.1,0.95,0.0,default,100,3.0,8,1,1,0,0,,
eps_fixed_0.1_123_6e5c59e3,eps_fixed_0.1,eval,10,123,easy,5,5,0.1,0.95,0.0,default,100,3.0,8,1,1,0,0,,
eps_fixed_0.1_123_6e5c59e3,eps_fixed_0.1,eval,1,123,easy,5,5,0.1,0.95,0.0,default,100,3.0,8,1,1,0,0,,
eps_fixed_0.1_123_6e5c59e3,eps_fixed_0.1,eval,2,123,easy,5,5,0.1,0.95,0.0,default,100,3.0,8,1,1,0,0,,
eps_fixed_0.1_123_6e5c59e3,eps_fixed_0.1,eval,3,123,easy,5,5,0.1,0.95,0.0,default,100,3.0,8,1,1,0,0,,
eps_fixed_0.1_123_6e5c59e3,eps_fixed_0.1,eval,4,123,easy,5,5,0.1,0.95,0.0,default,100,3.0,8,1,1,0,0,,
eps_fixed_0.1_123_6e5c59e3,eps_fixed_0.1,eval,5,123,easy,5,5,0.1,0.95,0.0,default,100,3.0,8,1,1,0,0,,
eps_fixed_0.1_123_6e5c59e3,eps_fixed_0.1,eval,6,123,easy,5,5,0.1,0.95,0.0,default,100,3.0,8,1,1,0,0,,
eps_fixed_0.1_123_6e5c59e3,eps_fixed_0.1,eval,7,123,easy,5,5,0.1,0.95,0.0,default,100,3.0,8,1,1,0,0,,
eps_fixed_0.1_123_6e5c59e3,eps_fixed_0.1,eval,8,123,easy,5,5,0.1,0.95,0.0,default,100,3.0,8,1,1,0,0,,
eps_fixed_0.1_123_6e5c59e3,eps_fixed_0.1,eval,9,123,easy,5,5,0.1,0.95,0.0,default,100,3.0,8,1,1,0,0,,
eps_fixed_0.1_123_6e5c59e3,eps_fixed_0.1,eval,10,123,easy,5,5,0.1,0.95,0.0,default,100,3.0,8,1,1,0,0,,
eps_fixed_0.1_123_6e5c59e3,eps_fixed_0.1,eval,1,123,easy,5,5,0.1,0.95,0.0,default,100,3.0,8,1,1,0,0,,
eps_fixed_0.1_123_6e5c59e3,eps_fixed_0.1,eval,2,123,easy,5,5,0.1,0.95,0.0,default,100,3.0,8,1,1,0,0,,
eps_fixed_0.1_123_6e5c59e3,eps_fixed_0.1,eval,3,123,easy,5,5,0.1,0.95,0.0,default,100,3.0,8,1,1,0,0,,
eps_fixed_0.1_123_6e5c59e3,eps_fixed_0.1,eval,4,123,easy,5,5,0.1,0.95,0.0,default,100,3.0,8,1,1,0,0,,
eps_fixed_0.1_123_6e5c59e3,eps_fixed_0.1,eval,5,123,easy,5,5,0.1,0.95,0.0,default,100,3.0,8,1,1,0,0,,
eps_fixed_0.1_123_6e5c59e3,eps_fixed_0.1,eval,6,123,easy,5,5,0.1,0.95,0.0,default,100,3.0,8,1,1,0,0,,
eps_fixed_0.1_123_6e5c59e3,eps_fixed_0.1,eval,7,123,easy,5,5,0.1,0.95,0.0,default,100,3.0,8,1,1,0,0,,
eps_fixed_0.1_123_6e5c59e3,eps_fixed_0.1,eval,8,123,easy,5,5,0.1,0.95,0.0,default,100,3.0,8,1,1,0,0,,
eps_fixed_0.1_123_6e5c59e3,eps_fixed_0.1,eval,9,123,easy,5,5,0.1,0.95,0.0,default,100,3.0,8,1,1,0,0,,
eps_fixed_0.1_123_6e5c59e3,eps_fixed_0.1,eval,10,123,easy,5,5,0.1,0.95,0.0,default,100,3.0,8,1,1,0,0,,
eps_fixed_0.1_123_6e5c59e3,eps_fixed_0.1,eval,1,123,easy,5,5,0.1,0.95,0.0,default,100,3.0,8,1,1,0,0,,
eps_fixed_0.1_123_6e5c59e3,eps_fixed_0.1,eval,2,123,easy,5,5,0.1,0.95,0.0,default,100,3.0,8,1,1,0,0,,
eps_fixed_0.1_123_6e5c59e3,eps_fixed_0.1,eval,3,123,easy,5,5,0.1,0.95,0.0,default,100,3.0,8,1,1,0,0,,
eps_fixed_0.1_123_6e5c59e3,eps_fixed_0.1,eval,4,123,easy,5,5,0.1,0.95,0.0,default,100,3.0,8,1,1,0,0,,
eps_fixed_0.1_123_6e5c59e3,eps_fixed_0.1,eval,5,123,easy,5,5,0.1,0.95,0.0,default,100,3.0,8,1,1,0,0,,
eps_fixed_0.1_123_6e5c59e3,eps_fixed_0.1,eval,6,123,easy,5,5,0.1,0.95,0.0,default,100,3.0,8,1,1,0,0,,
eps_fixed_0.1_123_6e5c59e3,eps_fixed_0.1,eval,7,123,easy,5,5,0.1,0.95,0.0,default,100,3.0,8,1,1,0,0,,
eps_fixed_0.1_123_6e5c59e3,eps_fixed_0.1,eval,8,123,easy,5,5,0.1,0.95,0.0,default,100,3.0,8,1,1,0,0,,
eps_fixed_0.1_123_6e5c59e3,eps_fixed_0.1,eval,9,123,easy,5,5,0.1,0.95,0.0,default,100,3.0,8,1,1,0,0,,
eps_fixed_0.1_123_6e5c59e3,eps_fixed_0.1,eval,10,123,easy,5,5,0.1,0.95,0.0,default,100,3.0,8,1,1,0,0,,
eps_fixed_0.1_123_6e5c59e3,eps_fixed_0.1,eval,1,123,easy,5,5,0.1,0.95,0.0,default,100,3.0,8,1,1,0,0,,
eps_fixed_0.1_123_6e5c59e3,eps_fixed_0.1,eval,2,123,easy,5,5,0.1,0.95,0.0,default,100,3.0,8,1,1,0,0,,
eps_fixed_0.1_123_6e5c59e3,eps_fixed_0.1,eval,3,123,easy,5,5,0.1,0.95,0.0,default,100,3.0,8,1,1,0,0,,
eps_fixed_0.1_123_6e5c59e3,eps_fixed_0.1,eval,4,123,easy,5,5,0.1,0.95,0.0,default,100,3.0,8,1,1,0,0,,
eps_fixed_0.1_123_6e5c59e3,eps_fixed_0.1,eval,5,123,easy,5,5,0.1,0.95,0.0,default,100,3.0,8,1,1,0,0,,
eps_fixed_0.1_123_6e5c59e3,eps_fixed_0.1,eval,6,123,easy,5,5,0.1,0.95,0.0,default,100,3.0,8,1,1,0,0,,
eps_fixed_0.1_123_6e5c59e3,eps_fixed_0.1,eval,7,123,easy,5,5,0.1,0.95,0.0,default,100,3.0,8,1,1,0,0,,
eps_fixed_0.1_123_6e5c59e3,eps_fixed_0.1,eval,8,123,easy,5,5,0.1,0.95,0.0,default,100,3.0,8,1,1,0,0,,
eps_fixed_0.1_123_6e5c59e3,eps_fixed_0.1,eval,9,123,easy,5,5,0.1,0.95,0.0,default,100,3.0,8,1,1,0,0,,
eps_fixed_0.1_123_6e5c59e3,eps_fixed_0.1,eval,10,123,easy,5,5,0.1,0.95,0.0,default,100,3.0,8,1,1,0,0,,
eps_fixed_0.1_123_6e5c59e3,eps_fixed_0.1,eval,1,123,easy,5,5,0.1,0.95,0.0,default,100,3.0,8,1,1,0,0,,
eps_fixed_0.1_123_6e5c59e3,eps_fixed_0.1,eval,2,123,easy,5,5,0.1,0.95,0.0,default,100,3.0,8,1,1,0,0,,
eps_fixed_0.1_123_6e5c59e3,eps_fixed_0.1,eval,3,123,easy,5,5,0.1,0.95,0.0,default,100,3.0,8,1,1,0,0,,
eps_fixed_0.1_123_6e5c59e3,eps_fixed_0.1,eval,4,123,easy,5,5,0.1,0.95,0.0,default,100,3.0,8,1,1,0,0,,
eps_fixed_0.1_123_6e5c59e3,eps_fixed_0.1,eval,5,123,easy,5,5,0.1,0.95,0.0,default,100,3.0,8,1,1,0,0,,
eps_fixed_0.1_123_6e5c59e3,eps_fixed_0.1,eval,6,123,easy,5,5,0.1,0.95,0.0,default,100,3.0,8,1,1,0,0,,
eps_fixed_0.1_123_6e5c59e3,eps_fixed_0.1,eval,7,123,easy,5,5,0.1,0.95,0.0,default,100,3.0,8,1,1,0,0,,
eps_fixed_0.1_123_6e5c59e3,eps_fixed_0.1,eval,8,123,easy,5,5,0.1,0.95,0.0,default,100,3.0,8,1,1,0,0,,
eps_fixed_0.1_123_6e5c59e3,eps_fixed_0.1,eval,9,123,easy,5,5,0.1,0.95,0.0,default,100,3.0,8,1,1,0,0,,
eps_fixed_0.1_123_6e5c59e3,eps_fixed_0.1,eval,10,123,easy,5,5,0.1,0.95,0.0,default,100,3.0,8,1,1,0,0,,
eps_fixed_0.1_123_6e5c59e3,eps_fixed_0.1,eval,1,123,easy,5,5,0.1,0.95,0.0,default,100,3.0,8,1,1,0,0,,
eps_fixed_0.1_123_6e5c59e3,eps_fixed_0.1,eval,2,123,easy,5,5,0.1,0.95,0.0,default,100,3.0,8,1,1,0,0,,
eps_fixed_0.1_123_6e5c59e3,eps_fixed_0.1,eval,3,123,easy,5,5,0.1,0.95,0.0,default,100,3.0,8,1,1,0,0,,
eps_fixed_0.1_123_6e5c59e3,eps_fixed_0.1,eval,4,123,easy,5,5,0.1,0.95,0.0,default,100,3.0,8,1,1,0,0,,
eps_fixed_0.1_123_6e5c59e3,eps_fixed_0.1,eval,5,123,easy,5,5,0.1,0.95,0.0,default,100,3.0,8,1,1,0,0,,
eps_fixed_0.1_123_6e5c59e3,eps_fixed_0.1,eval,6,123,easy,5,5,0.1,0.95,0.0,default,100,3.0,8,1,1,0,0,,
eps_fixed_0.1_123_6e5c59e3,eps_fixed_0.1,eval,7,123,easy,5,5,0.1,0.95,0.0,default,100,3.0,8,1,1,0,0,,
eps_fixed_0.1_123_6e5c59e3,eps_fixed_0.1,eval,8,123,easy,5,5,0.1,0.95,0.0,default,100,3.0,8,1,1,0,0,,
eps_fixed_0.1_123_6e5c59e3,eps_fixed_0.1,eval,9,123,easy,5,5,0.1,0.95,0.0,default,100,3.0,8,1,1,0,0,,
eps_fixed_0.1_123_6e5c59e3,eps_fixed_0.1,eval,10,123,easy,5,5,0.1,0.95,0.0,default,100,3.0,8,1,1,0,0,,
eps_fixed_0.1_123_6e5c59e3,eps_fixed_0.1,eval,1,123,easy,5,5,0.1,0.95,0.0,default,100,3.0,8,1,1,0,0,,
eps_fixed_0.1_123_6e5c59e3,eps_fixed_0.1,eval,2,123,easy,5,5,0.1,0.95,0.0,default,100,3.0,8,1,1,0,0,,
eps_fixed_0.1_123_6e5c59e3,eps_fixed_0.1,eval,3,123,easy,5,5,0.1,0.95,0.0,default,100,3.0,8,1,1,0,0,,
eps_fixed_0.1_123_6e5c59e3,eps_fixed_0.1,eval,4,123,easy,5,5,0.1,0.95,0.0,default,100,3.0,8,1,1,0,0,,
eps_fixed_0.1_123_6e5c59e3,eps_fixed_0.1,eval,5,123,easy,5,5,0.1,0.95,0.0,default,100,3.0,8,1,1,0,0,,
eps_fixed_0.1_123_6e5c59e3,eps_fixed_0.1,eval,6,123,easy,5,5,0.1,0.95,0.0,default,100,3.0,8,1,1,0,0,,
eps_fixed_0.1_123_6e5c59e3,eps_fixed_0.1,eval,7,123,easy,5,5,0.1,0.95,0.0,default,100,3.0,8,1,1,0,0,,
eps_fixed_0.1_123_6e5c59e3,eps_fixed_0.1,eval,8,123,easy,5,5,0.1,0.95,0.0,default,100,3.0,8,1,1,0,0,,
eps_fixed_0.1_123_6e5c59e3,eps_fixed_0.1,eval,9,123,easy,5,5,0.1,0.95,0.0,default,100,3.0,8,1,1,0,0,,
eps_fixed_0.1_123_6e5c59e3,eps_fixed_0.1,eval,10,123,easy,5,5,0.1,0.95,0.0,default,100,3.0,8,1,1,0,0,,
eps_fixed_0.1_123_6e5c59e3,eps_fixed_0.1,eval,1,123,easy,5,5,0.1,0.95,0.0,default,100,3.0,8,1,1,0,0,,
eps_fixed_0.1_123_6e5c59e3,eps_fixed_0.1,eval,2,123,easy,5,5,0.1,0.95,0.0,default,100,3.0,8,1,1,0,0,,
eps_fixed_0.1_123_6e5c59e3,eps_fixed_0.1,eval,3,123,easy,5,5,0.1,0.95,0.0,default,100,3.0,8,1,1,0,0,,
eps_fixed_0.1_123_6e5c59e3,eps_fixed_0.1,eval,4,123,easy,5,5,0.1,0.95,0.0,default,100,3.0,8,1,1,0,0,,
eps_fixed_0.1_123_6e5c59e3,eps_fixed_0.1,eval,5,123,easy,5,5,0.1,0.95,0.0,default,100,3.0,8,1,1,0,0,,
eps_fixed_0.1_123_6e5c59e3,eps_fixed_0.1,eval,6,123,easy,5,5,0.1,0.95,0.0,default,100,3.0,8,1,1,0,0,,
eps_fixed_0.1_123_6e5c59e3,eps_fixed_0.1,eval,7,123,easy,5,5,0.1,0.95,0.0,default,100,3.0,8,1,1,0,0,,
eps_fixed_0.1_123_6e5c59e3,eps_fixed_0.1,eval,8,123,easy,5,5,0.1,0.95,0.0,default,100,3.0,8,1,1,0,0,,
eps_fixed_0.1_123_6e5c59e3,eps_fixed_0.1,eval,9,123,easy,5,5,0.1,0.95,0.0,default,100,3.0,8,1,1,0,0,,
eps_fixed_0.1_123_6e5c59e3,eps_fixed_0.1,eval,10,123,easy,5,5,0.1,0.95,0.0,default,100,3.0,8,1,1,0,0,,
eps_fixed_0.1_123_6e5c59e3,eps_fixed_0.1,eval,1,123,easy,5,5,0.1,0.95,0.0,default,100,3.0,8,1,1,0,0,,
eps_fixed_0.1_123_6e5c59e3,eps_fixed_0.1,eval,2,123,easy,5,5,0.1,0.95,0.0,default,100,3.0,8,1,1,0,0,,
eps_fixed_0.1_123_6e5c59e3,eps_fixed_0.1,eval,3,123,easy,5,5,0.1,0.95,0.0,default,100,3.0,8,1,1,0,0,,
eps_fixed_0.1_123_6e5c59e3,eps_fixed_0.1,eval,4,123,easy,5,5,0.1,0.95,0.0,default,100,3.0,8,1,1,0,0,,
eps_fixed_0.1_123_6e5c59e3,eps_fixed_0.1,eval,5,123,easy,5,5,0.1,0.95,0.0,default,100,3.0,8,1,1,0,0,,
eps_fixed_0.1_123_6e5c59e3,eps_fixed_0.1,eval,6,123,easy,5,5,0.1,0.95,0.0,default,100,3.0,8,1,1,0,0,,
eps_fixed_0.1_123_6e5c59e3,eps_fixed_0.1,eval,7,123,easy,5,5,0.1,0.95,0.0,default,100,3.0,8,1,1,0,0,,
eps_fixed_0.1_123_6e5c59e3,eps_fixed_0.1,eval,8,123,easy,5,5,0.1,0.95,0.0,default,100,3.0,8,1,1,0,0,,
eps_fixed_0.1_123_6e5c59e3,eps_fixed_0.1,eval,9,123,easy,5,5,0.1,0.95,0.0,default,100,3.0,8,1,1,0,0,,
eps_fixed_0.1_123_6e5c59e3,eps_fixed_0.1,eval,10,123,easy,5,5,0.1,0.95,0.0,default,100,3.0,8,1,1,0,0,,
eps_fixed_0.1_123_6e5c59e3,eps_fixed_0.1,eval,1,123,easy,5,5,0.1,0.95,0.0,default,100,3.0,8,1,1,0,0,,
eps_fixed_0.1_123_6e5c59e3,eps_fixed_0.1,eval,2,123,easy,5,5,0.1,0.95,0.0,default,100,3.0,8,1,1,0,0,,
eps_fixed_0.1_123_6e5c59e3,eps_fixed_0.1,eval,3,123,easy,5,5,0.1,0.95,0.0,default,100,3.0,8,1,1,0,0,,
eps_fixed_0.1_123_6e5c59e3,eps_fixed_0.1,eval,4,123,easy,5,5,0.1,0.95,0.0,default,100,3.0,8,1,1,0,0,,
eps_fixed_0.1_123_6e5c59e3,eps_fixed_0.1,eval,5,123,easy,5,5,0.1,0.95,0.0,default,100,3.0,8,1,1,0,0,,
eps_fixed_0.1_123_6e5c59e3,eps_fixed_0.1,eval,6,123,easy,5,5,0.1,0.95,0.0,default,100,3.0,8,1,1,0,0,,
eps_fixed_0.1_123_6e5c59e3,eps_fixed_0.1,eval,7,123,easy,5,5,0.1,0.95,0.0,default,100,3.0,8,1,1,0,0,,
eps_fixed_0.1_123_6e5c59e3,eps_fixed_0.1,eval,8,123,easy,5,5,0.1,0.95,0.0,default,100,3.0,8,1,1,0,0,,
eps_fixed_0.1_123_6e5c59e3,eps_fixed_0.1,eval,9,123,easy,5,5,0.1,0.95,0.0,default,100,3.0,8,1,1,0,0,,
eps_fixed_0.1_123_6e5c59e3,eps_fixed_0.1,eval,10,123,easy,5,5,0.1,0.95,0.0,default,100,3.0,8,1,1,0,0,,
eps_fixed_0.1_123_6e5c59e3,eps_fixed_0.1,eval,1,123,easy,5,5,0.1,0.95,0.0,default,100,3.0,8,1,1,0,0,,
eps_fixed_0.1_123_6e5c59e3,eps_fixed_0.1,eval,2,123,easy,5,5,0.1,0.95,0.0,default,100,3.0,8,1,1,0,0,,
eps_fixed_0.1_123_6e5c59e3,eps_fixed_0.1,eval,3,123,easy,5,5,0.1,0.95,0.0,default,100,3.0,8,1,1,0,0,,
eps_fixed_0.1_123_6e5c59e3,eps_fixed_0.1,eval,4,123,easy,5,5,0.1,0.95,0.0,default,100,3.0,8,1,1,0,0,,
eps_fixed_0.1_123_6e5c59e3,eps_fixed_0.1,eval,5,123,easy,5,5,0.1,0.95,0.0,default,100,3.0,8,1,1,0,0,,
eps_fixed_0.1_123_6e5c59e3,eps_fixed_0.1,eval,6,123,easy,5,5,0.1,0.95,0.0,default,100,3.0,8,1,1,0,0,,
eps_fixed_0.1_123_6e5c59e3,eps_fixed_0.1,eval,7,123,easy,5,5,0.1,0.95,0.0,default,100,3.0,8,1,1,0,0,,
eps_fixed_0.1_123_6e5c59e3,eps_fixed_0.1,eval,8,123,easy,5,5,0.1,0.95,0.0,default,100,3.0,8,1,1,0,0,,
eps_fixed_0.1_123_6e5c59e3,eps_fixed_0.1,eval,9,123,easy,5,5,0.1,0.95,0.0,default,100,3.0,8,1,1,0,0,,
eps_fixed_0.1_123_6e5c59e3,eps_fixed_0.1,eval,10,123,easy,5,5,0.1,0.95,0.0,default,100,3.0,8,1,1,0,0,,
eps_fixed_0.1_123_6e5c59e3,eps_fixed_0.1,eval,1,123,easy,5,5,0.1,0.95,0.0,default,100,3.0,8,1,1,0,0,,
eps_fixed_0.1_123_6e5c59e3,eps_fixed_0.1,eval,2,123,easy,5,5,0.1,0.95,0.0,default,100,3.0,8,1,1,0,0,,
eps_fixed_0.1_123_6e5c59e3,eps_fixed_0.1,eval,3,123,easy,5,5,0.1,0.95,0.0,default,100,3.0,8,1,1,0,0,,
eps_fixed_0.1_123_6e5c59e3,eps_fixed_0.1,eval,4,123,easy,5,5,0.1,0.95,0.0,default,100,3.0,8,1,1,0,0,,
eps_fixed_0.1_123_6e5c59e3,eps_fixed_0.1,eval,5,123,easy,5,5,0.1,0.95,0.0,default,100,3.0,8,1,1,0,0,,
eps_fixed_0.1_123_6e5c59e3,eps_fixed_0.1,eval,6,123,easy,5,5,0.1,0.95,0.0,default,100,3.0,8,1,1,0,0,,
eps_fixed_0.1_123_6e5c59e3,eps_fixed_0.1,eval,7,123,easy,5,5,0.1,0.95,0.0,default,100,3.0,8,1,1,0,0,,
eps_fixed_0.1_123_6e5c59e3,eps_fixed_0.1,eval,8,123,easy,5,5,0.1,0.95,0.0,default,100,3.0,8,1,1,0,0,,
eps_fixed_0.1_123_6e5c59e3,eps_fixed_0.1,eval,9,123,easy,5,5,0.1,0.95,0.0,default,100,3.0,8,1,1,0,0,,
eps_fixed_0.1_123_6e5c59e3,eps_fixed_0.1,eval,10,123,easy,5,5,0.1,0.95,0.0,default,100,3.0,8,1,1,0,0,,
eps_fixed_0.1_123_6e5c59e3,eps_fixed_0.1,eval,1,123,easy,5,5,0.1,0.95,0.0,default,100,3.0,8,1,1,0,0,,
eps_fixed_0.1_123_6e5c59e3,eps_fixed_0.1,eval,2,123,easy,5,5,0.1,0.95,0.0,default,100,3.0,8,1,1,0,0,,
eps_fixed_0.1_123_6e5c59e3,eps_fixed_0.1,eval,3,123,easy,5,5,0.1,0.95,0.0,default,100,3.0,8,1,1,0,0,,
eps_fixed_0.1_123_6e5c59e3,eps_fixed_0.1,eval,4,123,easy,5,5,0.1,0.95,0.0,default,100,3.0,8,1,1,0,0,,
eps_fixed_0.1_123_6e5c59e3,eps_fixed_0.1,eval,5,123,easy,5,5,0.1,0.95,0.0,default,100,3.0,8,1,1,0,0,,
eps_fixed_0.1_123_6e5c59e3,eps_fixed_0.1,eval,6,123,easy,5,5,0.1,0.95,0.0,default,100,3.0,8,1,1,0,0,,
eps_fixed_0.1_123_6e5c59e3,eps_fixed_0.1,eval,7,123,easy,5,5,0.1,0.95,0.0,default,100,3.0,8,1,1,0,0,,
eps_fixed_0.1_123_6e5c59e3,eps_fixed_0.1,eval,8,123,easy,5,5,0.1,0.95,0.0,default,100,3.0,8,1,1,0,0,,
eps_fixed_0.1_123_6e5c59e3,eps_fixed_0.1,eval,9,123,easy,5,5,0.1,0.95,0.0,default,100,3.0,8,1,1,0,0,,
eps_fixed_0.1_123_6e5c59e3,eps_fixed_0.1,eval,10,123,easy,5,5,0.1,0.95,0.0,default,100,3.0,8,1,1,0,0,,
eps_fixed_0.1_123_6e5c59e3,eps_fixed_0.1,eval,1,123,easy,5,5,0.1,0.95,0.0,default,100,3.0,8,1,1,0,0,,
eps_fixed_0.1_123_6e5c59e3,eps_fixed_0.1,eval,2,123,easy,5,5,0.1,0.95,0.0,default,100,3.0,8,1,1,0,0,,
eps_fixed_0.1_123_6e5c59e3,eps_fixed_0.1,eval,3,123,easy,5,5,0.1,0.95,0.0,default,100,3.0,8,1,1,0,0,,
eps_fixed_0.1_123_6e5c59e3,eps_fixed_0.1,eval,4,123,easy,5,5,0.1,0.95,0.0,default,100,3.0,8,1,1,0,0,,
eps_fixed_0.1_123_6e5c59e3,eps_fixed_0.1,eval,5,123,easy,5,5,0.1,0.95,0.0,default,100,3.0,8,1,1,0,0,,
eps_fixed_0.1_123_6e5c59e3,eps_fixed_0.1,eval,6,123,easy,5,5,0.1,0.95,0.0,default,100,3.0,8,1,1,0,0,,
eps_fixed_0.1_123_6e5c59e3,eps_fixed_0.1,eval,7,123,easy,5,5,0.1,0.95,0.0,default,100,3.0,8,1,1,0,0,,
eps_fixed_0.1_123_6e5c59e3,eps_fixed_0.1,eval,8,123,easy,5,5,0.1,0.95,0.0,default,100,3.0,8,1,1,0,0,,
eps_fixed_0.1_123_6e5c59e3,eps_fixed_0.1,eval,9,123,easy,5,5,0.1,0.95,0.0,default,100,3.0,8,1,1,0,0,,
eps_fixed_0.1_123_6e5c59e3,eps_fixed_0.1,eval,10,123,easy,5,5,0.1,0.95,0.0,default,100,3.0,8,1,1,0,0,,
eps_fixed_0.1_123_6e5c59e3,eps_fixed_0.1,eval,1,123,easy,5,5,0.1,0.95,0.0,default,100,3.0,8,1,1,0,0,,
eps_fixed_0.1_123_6e5c59e3,eps_fixed_0.1,eval,2,123,easy,5,5,0.1,0.95,0.0,default,100,3.0,8,1,1,0,0,,
eps_fixed_0.1_123_6e5c59e3,eps_fixed_0.1,eval,3,123,easy,5,5,0.1,0.95,0.0,default,100,3.0,8,1,1,0,0,,
eps_fixed_0.1_123_6e5c59e3,eps_fixed_0.1,eval,4,123,easy,5,5,0.1,0.95,0.0,default,100,3.0,8,1,1,0,0,,
eps_fixed_0.1_123_6e5c59e3,eps_fixed_0.1,eval,5,123,easy,5,5,0.1,0.95,0.0,default,100,3.0,8,1,1,0,0,,
eps_fixed_0.1_123_6e5c59e3,eps_fixed_0.1,eval,6,123,easy,5,5,0.1,0.95,0.0,default,100,3.0,8,1,1,0,0,,
eps_fixed_0.1_123_6e5c59e3,eps_fixed_0.1,eval,7,123,easy,5,5,0.1,0.95,0.0,default,100,3.0,8,1,1,0,0,,
eps_fixed_0.1_123_6e5c59e3,eps_fixed_0.1,eval,8,123,easy,5,5,0.1,0.95,0.0,default,100,3.0,8,1,1,0,0,,
eps_fixed_0.1_123_6e5c59e3,eps_fixed_0.1,eval,9,123,easy,5,5,0.1,0.95,0.0,default,100,3.0,8,1,1,0,0,,
eps_fixed_0.1_123_6e5c59e3,eps_fixed_0.1,eval,10,123,easy,5,5,0.1,0.95,0.0,default,100,3.0,8,1,1,0,0,,
eps_fixed_0.1_123_6e5c59e3,eps_fixed_0.1,eval,1,123,easy,5,5,0.1,0.95,0.0,default,100,3.0,8,1,1,0,0,,
eps_fixed_0.1_123_6e5c59e3,eps_fixed_0.1,eval,2,123,easy,5,5,0.1,0.95,0.0,default,100,3.0,8,1,1,0,0,,
eps_fixed_0.1_123_6e5c59e3,eps_fixed_0.1,eval,3,123,easy,5,5,0.1,0.95,0.0,default,100,3.0,8,1,1,0,0,,
eps_fixed_0.1_123_6e5c59e3,eps_fixed_0.1,eval,4,123,easy,5,5,0.1,0.95,0.0,default,100,3.0,8,1,1,0,0,,
eps_fixed_0.1_123_6e5c59e3,eps_fixed_0.1,eval,5,123,easy,5,5,0.1,0.95,0.0,default,100,3.0,8,1,1,0,0,,
eps_fixed_0.1_123_6e5c59e3,eps_fixed_0.1,eval,6,123,easy,5,5,0.1,0.95,0.0,default,100,3.0,8,1,1,0,0,,
eps_fixed_0.1_123_6e5c59e3,eps_fixed_0.1,eval,7,123,easy,5,5,0.1,0.95,0.0,default,100,3.0,8,1,1,0,0,,
eps_fixed_0.1_123_6e5c59e3,eps_fixed_0.1,eval,8,123,easy,5,5,0.1,0.95,0.0,default,100,3.0,8,1,1,0,0,,
eps_fixed_0.1_123_6e5c59e3,eps_fixed_0.1,eval,9,123,easy,5,5,0.1,0.95,0.0,default,100,3.0,8,1,1,0,0,,
eps_fixed_0.1_123_6e5c59e3,eps_fixed_0.1,eval,10,123,easy,5,5,0.1,0.95,0.0,default,100,3.0,8,1,1,0,0,,
eps_fixed_0.1_123_6e5c59e3,eps_fixed_0.1,eval,1,123,easy,5,5,0.1,0.95,0.0,default,100,3.0,8,1,1,0,0,,
eps_fixed_0.1_123_6e5c59e3,eps_fixed_0.1,eval,2,123,easy,5,5,0.1,0.95,0.0,default,100,3.0,8,1,1,0,0,,
eps_fixed_0.1_123_6e5c59e3,eps_fixed_0.1,eval,3,123,easy,5,5,0.1,0.95,0.0,default,100,3.0,8,1,1,0,0,,
eps_fixed_0.1_123_6e5c59e3,eps_fixed_0.1,eval,4,123,easy,5,5,0.1,0.95,0.0,default,100,3.0,8,1,1,0,0,,
eps_fixed_0.1_123_6e5c59e3,eps_fixed_0.1,eval,5,123,easy,5,5,0.1,0.95,0.0,default,100,3.0,8,1,1,0,0,,
eps_fixed_0.1_123_6e5c59e3,eps_fixed_0.1,eval,6,123,easy,5,5,0.1,0.95,0.0,default,100,3.0,8,1,1,0,0,,
eps_fixed_0.1_123_6e5c59e3,eps_fixed_0.1,eval,7,123,easy,5,5,0.1,0.95,0.0,default,100,3.0,8,1,1,0,0,,
eps_fixed_0.1_123_6e5c59e3,eps_fixed_0.1,eval,8,123,easy,5,5,0.1,0.95,0.0,default,100,3.0,8,1,1,0,0,,
eps_fixed_0.1_123_6e5c59e3,eps_fixed_0.1,eval,9,123,easy,5,5,0.1,0.95,0.0,default,100,3.0,8,1,1,0,0,,
eps_fixed_0.1_123_6e5c59e3,eps_fixed_0.1,eval,10,123,easy,5,5,0.1,0.95,0.0,default,100,3.0,8,1,1,0,0,,
eps_fixed_0.1_123_6e5c59e3,eps_fixed_0.1,eval,1,123,easy,5,5,0.1,0.95,0.0,default,100,3.0,8,1,1,0,0,,
eps_fixed_0.1_123_6e5c59e3,eps_fixed_0.1,eval,2,123,easy,5,5,0.1,0.95,0.0,default,100,3.0,8,1,1,0,0,,
eps_fixed_0.1_123_6e5c59e3,eps_fixed_0.1,eval,3,123,easy,5,5,0.1,0.95,0.0,default,100,3.0,8,1,1,0,0,,
eps_fixed_0.1_123_6e5c59e3,eps_fixed_0.1,eval,4,123,easy,5,5,0.1,0.95,0.0,default,100,3.0,8,1,1,0,0,,
eps_fixed_0.1_123_6e5c59e3,eps_fixed_0.1,eval,5,123,easy,5,5,0.1,0.95,0.0,default,100,3.0,8,1,1,0,0,,
eps_fixed_0.1_123_6e5c59e3,eps_fixed_0.1,eval,6,123,easy,5,5,0.1,0.95,0.0,default,100,3.0,8,1,1,0,0,,
eps_fixed_0.1_123_6e5c59e3,eps_fixed_0.1,eval,7,123,easy,5,5,0.1,0.95,0.0,default,100,3.0,8,1,1,0,0,,
eps_fixed_0.1_123_6e5c59e3,eps_fixed_0.1,eval,8,123,easy,5,5,0.1,0.95,0.0,default,100,3.0,8,1,1,0,0,,
eps_fixed_0.1_123_6e5c59e3,eps_fixed_0.1,eval,9,123,easy,5,5,0.1,0.95,0.0,default,100,3.0,8,1,1,0,0,,
eps_fixed_0.1_123_6e5c59e3,eps_fixed_0.1,eval,10,123,easy,5,5,0.1,0.95,0.0,default,100,3.0,8,1,1,0,0,,
eps_fixed_0.1_123_6e5c59e3,eps_fixed_0.1,eval,1,123,easy,5,5,0.1,0.95,0.0,default,100,3.0,8,1,1,0,0,,
eps_fixed_0.1_123_6e5c59e3,eps_fixed_0.1,eval,2,123,easy,5,5,0.1,0.95,0.0,default,100,3.0,8,1,1,0,0,,
eps_fixed_0.1_123_6e5c59e3,eps_fixed_0.1,eval,3,123,easy,5,5,0.1,0.95,0.0,default,100,3.0,8,1,1,0,0,,
eps_fixed_0.1_123_6e5c59e3,eps_fixed_0.1,eval,4,123,easy,5,5,0.1,0.95,0.0,default,100,3.0,8,1,1,0,0,,
eps_fixed_0.1_123_6e5c59e3,eps_fixed_0.1,eval,5,123,easy,5,5,0.1,0.95,0.0,default,100,3.0,8,1,1,0,0,,
eps_fixed_0.1_123_6e5c59e3,eps_fixed_0.1,eval,6,123,easy,5,5,0.1,0.95,0.0,default,100,3.0,8,1,1,0,0,,
eps_fixed_0.1_123_6e5c59e3,eps_fixed_0.1,eval,7,123,easy,5,5,0.1,0.95,0.0,default,100,3.0,8,1,1,0,0,,
eps_fixed_0.1_123_6e5c59e3,eps_fixed_0.1,eval,8,123,easy,5,5,0.1,0.95,0.0,default,100,3.0,8,1,1,0,0,,
eps_fixed_0.1_123_6e5c59e3,eps_fixed_0.1,eval,9,123,easy,5,5,0.1,0.95,0.0,default,100,3.0,8,1,1,0,0,,
eps_fixed_0.1_123_6e5c59e3,eps_fixed_0.1,eval,10,123,easy,5,5,0.1,0.95,0.0,default,100,3.0,8,1,1,0,0,,
eps_fixed_0.1_123_6e5c59e3,eps_fixed_0.1,eval,1,123,easy,5,5,0.1,0.95,0.0,default,100,3.0,8,1,1,0,0,,
eps_fixed_0.1_123_6e5c59e3,eps_fixed_0.1,eval,2,123,easy,5,5,0.1,0.95,0.0,default,100,3.0,8,1,1,0,0,,
eps_fixed_0.1_123_6e5c59e3,eps_fixed_0.1,eval,3,123,easy,5,5,0.1,0.95,0.0,default,100,3.0,8,1,1,0,0,,
eps_fixed_0.1_123_6e5c59e3,eps_fixed_0.1,eval,4,123,easy,5,5,0.1,0.95,0.0,default,100,3.0,8,1,1,0,0,,
eps_fixed_0.1_123_6e5c59e3,eps_fixed_0.1,eval,5,123,easy,5,5,0.1,0.95,0.0,default,100,3.0,8,1,1,0,0,,
eps_fixed_0.1_123_6e5c59e3,eps_fixed_0.1,eval,6,123,easy,5,5,0.1,0.95,0.0,default,100,3.0,8,1,1,0,0,,
eps_fixed_0.1_123_6e5c59e3,eps_fixed_0.1,eval,7,123,easy,5,5,0.1,0.95,0.0,default,100,3.0,8,1,1,0,0,,
eps_fixed_0.1_123_6e5c59e3,eps_fixed_0.1,eval,8,123,easy,5,5,0.1,0.95,0.0,default,100,3.0,8,1,1,0,0,,
eps_fixed_0.1_123_6e5c59e3,eps_fixed_0.1,eval,9,123,easy,5,5,0.1,0.95,0.0,default,100,3.0,8,1,1,0,0,,
eps_fixed_0.1_123_6e5c59e3,eps_fixed_0.1,eval,10,123,easy,5,5,0.1,0.95,0.0,default,100,3.0,8,1,1,0,0,,
eps_fixed_0.1_123_6e5c59e3,eps_fixed_0.1,eval,1,123,easy,5,5,0.1,0.95,0.0,default,100,3.0,8,1,1,0,0,,
eps_fixed_0.1_123_6e5c59e3,eps_fixed_0.1,eval,2,123,easy,5,5,0.1,0.95,0.0,default,100,3.0,8,1,1,0,0,,
eps_fixed_0.1_123_6e5c59e3,eps_fixed_0.1,eval,3,123,easy,5,5,0.1,0.95,0.0,default,100,3.0,8,1,1,0,0,,
eps_fixed_0.1_123_6e5c59e3,eps_fixed_0.1,eval,4,123,easy,5,5,0.1,0.95,0.0,default,100,3.0,8,1,1,0,0,,
eps_fixed_0.1_123_6e5c59e3,eps_fixed_0.1,eval,5,123,easy,5,5,0.1,0.95,0.0,default,100,3.0,8,1,1,0,0,,
eps_fixed_0.1_123_6e5c59e3,eps_fixed_0.1,eval,6,123,easy,5,5,0.1,0.95,0.0,default,100,3.0,8,1,1,0,0,,
eps_fixed_0.1_123_6e5c59e3,eps_fixed_0.1,eval,7,123,easy,5,5,0.1,0.95,0.0,default,100,3.0,8,1,1,0,0,,
eps_fixed_0.1_123_6e5c59e3,eps_fixed_0.1,eval,8,123,easy,5,5,0.1,0.95,0.0,default,100,3.0,8,1,1,0,0,,
eps_fixed_0.1_123_6e5c59e3,eps_fixed_0.1,eval,9,123,easy,5,5,0.1,0.95,0.0,default,100,3.0,8,1,1,0,0,,
eps_fixed_0.1_123_6e5c59e3,eps_fixed_0.1,eval,10,123,easy,5,5,0.1,0.95,0.0,default,100,3.0,8,1,1,0,0,,
eps_fixed_0.1_123_6e5c59e3,eps_fixed_0.1,eval,1,123,easy,5,5,0.1,0.95,0.0,default,100,3.0,8,1,1,0,0,,
eps_fixed_0.1_123_6e5c59e3,eps_fixed_0.1,eval,2,123,easy,5,5,0.1,0.95,0.0,default,100,3.0,8,1,1,0,0,,
eps_fixed_0.1_123_6e5c59e3,eps_fixed_0.1,eval,3,123,easy,5,5,0.1,0.95,0.0,default,100,3.0,8,1,1,0,0,,
eps_fixed_0.1_123_6e5c59e3,eps_fixed_0.1,eval,4,123,easy,5,5,0.1,0.95,0.0,default,100,3.0,8,1,1,0,0,,
eps_fixed_0.1_123_6e5c59e3,eps_fixed_0.1,eval,5,123,easy,5,5,0.1,0.95,0.0,default,100,3.0,8,1,1,0,0,,
eps_fixed_0.1_123_6e5c59e3,eps_fixed_0.1,eval,6,123,easy,5,5,0.1,0.95,0.0,default,100,3.0,8,1,1,0,0,,
eps_fixed_0.1_123_6e5c59e3,eps_fixed_0.1,eval,7,123,easy,5,5,0.1,0.95,0.0,default,100,3.0,8,1,1,0,0,,
eps_fixed_0.1_123_6e5c59e3,eps_fixed_0.1,eval,8,123,easy,5,5,0.1,0.95,0.0,default,100,3.0,8,1,1,0,0,,
eps_fixed_0.1_123_6e5c59e3,eps_fixed_0.1,eval,9,123,easy,5,5,0.1,0.95,0.0,default,100,3.0,8,1,1,0,0,,
eps_fixed_0.1_123_6e5c59e3,eps_fixed_0.1,eval,10,123,easy,5,5,0.1,0.95,0.0,default,100,3.0,8,1,1,0,0,,
eps_fixed_0.1_123_6e5c59e3,eps_fixed_0.1,eval,1,123,easy,5,5,0.1,0.95,0.0,default,100,3.0,8,1,1,0,0,,
eps_fixed_0.1_123_6e5c59e3,eps_fixed_0.1,eval,2,123,easy,5,5,0.1,0.95,0.0,default,100,3.0,8,1,1,0,0,,
eps_fixed_0.1_123_6e5c59e3,eps_fixed_0.1,eval,3,123,easy,5,5,0.1,0.95,0.0,default,100,3.0,8,1,1,0,0,,
eps_fixed_0.1_123_6e5c59e3,eps_fixed_0.1,eval,4,123,easy,5,5,0.1,0.95,0.0,default,100,3.0,8,1,1,0,0,,
eps_fixed_0.1_123_6e5c59e3,eps_fixed_0.1,eval,5,123,easy,5,5,0.1,0.95,0.0,default,100,3.0,8,1,1,0,0,,
eps_fixed_0.1_123_6e5c59e3,eps_fixed_0.1,eval,6,123,easy,5,5,0.1,0.95,0.0,default,100,3.0,8,1,1,0,0,,
eps_fixed_0.1_123_6e5c59e3,eps_fixed_0.1,eval,7,123,easy,5,5,0.1,0.95,0.0,default,100,3.0,8,1,1,0,0,,
eps_fixed_0.1_123_6e5c59e3,eps_fixed_0.1,eval,8,123,easy,5,5,0.1,0.95,0.0,default,100,3.0,8,1,1,0,0,,
eps_fixed_0.1_123_6e5c59e3,eps_fixed_0.1,eval,9,123,easy,5,5,0.1,0.95,0.0,default,100,3.0,8,1,1,0,0,,
eps_fixed_0.1_123_6e5c59e3,eps_fixed_0.1,eval,10,123,easy,5,5,0.1,0.95,0.0,default,100,3.0,8,1,1,0,0,,
eps_fixed_0.1_123_6e5c59e3,eps_fixed_0.1,eval,1,123,easy,5,5,0.1,0.95,0.0,default,100,3.0,8,1,1,0,0,,
eps_fixed_0.1_123_6e5c59e3,eps_fixed_0.1,eval,2,123,easy,5,5,0.1,0.95,0.0,default,100,3.0,8,1,1,0,0,,
eps_fixed_0.1_123_6e5c59e3,eps_fixed_0.1,eval,3,123,easy,5,5,0.1,0.95,0.0,default,100,3.0,8,1,1,0,0,,
eps_fixed_0.1_123_6e5c59e3,eps_fixed_0.1,eval,4,123,easy,5,5,0.1,0.95,0.0,default,100,3.0,8,1,1,0,0,,
eps_fixed_0.1_123_6e5c59e3,eps_fixed_0.1,eval,5,123,easy,5,5,0.1,0.95,0.0,default,100,3.0,8,1,1,0,0,,
eps_fixed_0.1_123_6e5c59e3,eps_fixed_0.1,eval,6,123,easy,5,5,0.1,0.95,0.0,default,100,3.0,8,1,1,0,0,,
eps_fixed_0.1_123_6e5c59e3,eps_fixed_0.1,eval,7,123,easy,5,5,0.1,0.95,0.0,default,100,3.0,8,1,1,0,0,,
eps_fixed_0.1_123_6e5c59e3,eps_fixed_0.1,eval,8,123,easy,5,5,0.1,0.95,0.0,default,100,3.0,8,1,1,0,0,,
eps_fixed_0.1_123_6e5c59e3,eps_fixed_0.1,eval,9,123,easy,5,5,0.1,0.95,0.0,default,100,3.0,8,1,1,0,0,,
eps_fixed_0.1_123_6e5c59e3,eps_fixed_0.1,eval,10,123,easy,5,5,0.1,0.95,0.0,default,100,3.0,8,1,1,0,0,,
eps_fixed_0.1_123_6e5c59e3,eps_fixed_0.1,eval,1,123,easy,5,5,0.1,0.95,0.0,default,100,3.0,8,1,1,0,0,,
eps_fixed_0.1_123_6e5c59e3,eps_fixed_0.1,eval,2,123,easy,5,5,0.1,0.95,0.0,default,100,3.0,8,1,1,0,0,,
eps_fixed_0.1_123_6e5c59e3,eps_fixed_0.1,eval,3,123,easy,5,5,0.1,0.95,0.0,default,100,3.0,8,1,1,0,0,,
eps_fixed_0.1_123_6e5c59e3,eps_fixed_0.1,eval,4,123,easy,5,5,0.1,0.95,0.0,default,100,3.0,8,1,1,0,0,,
eps_fixed_0.1_123_6e5c59e3,eps_fixed_0.1,eval,5,123,easy,5,5,0.1,0.95,0.0,default,100,3.0,8,1,1,0,0,,
eps_fixed_0.1_123_6e5c59e3,eps_fixed_0.1,eval,6,123,easy,5,5,0.1,0.95,0.0,default,100,3.0,8,1,1,0,0,,
eps_fixed_0.1_123_6e5c59e3,eps_fixed_0.1,eval,7,123,easy,5,5,0.1,0.95,0.0,default,100,3.0,8,1,1,0,0,,
eps_fixed_0.1_123_6e5c59e3,eps_fixed_0.1,eval,8,123,easy,5,5,0.1,0.95,0.0,default,100,3.0,8,1,1,0,0,,
eps_fixed_0.1_123_6e5c59e3,eps_fixed_0.1,eval,9,123,easy,5,5,0.1,0.95,0.0,default,100,3.0,8,1,1,0,0,,
eps_fixed_0.1_123_6e5c59e3,eps_fixed_0.1,eval,10,123,easy,5,5,0.1,0.95,0.0,default,100,3.0,8,1,1,0,0,,
eps_fixed_0.1_123_6e5c59e3,eps_fixed_0.1,eval,1,123,easy,5,5,0.1,0.95,0.0,default,100,3.0,8,1,1,0,0,,
eps_fixed_0.1_123_6e5c59e3,eps_fixed_0.1,eval,2,123,easy,5,5,0.1,0.95,0.0,default,100,3.0,8,1,1,0,0,,
eps_fixed_0.1_123_6e5c59e3,eps_fixed_0.1,eval,3,123,easy,5,5,0.1,0.95,0.0,default,100,3.0,8,1,1,0,0,,
eps_fixed_0.1_123_6e5c59e3,eps_fixed_0.1,eval,4,123,easy,5,5,0.1,0.95,0.0,default,100,3.0,8,1,1,0,0,,
eps_fixed_0.1_123_6e5c59e3,eps_fixed_0.1,eval,5,123,easy,5,5,0.1,0.95,0.0,default,100,3.0,8,1,1,0,0,,
eps_fixed_0.1_123_6e5c59e3,eps_fixed_0.1,eval,6,123,easy,5,5,0.1,0.95,0.0,default,100,3.0,8,1,1,0,0,,
eps_fixed_0.1_123_6e5c59e3,eps_fixed_0.1,eval,7,123,easy,5,5,0.1,0.95,0.0,default,100,3.0,8,1,1,0,0,,
eps_fixed_0.1_123_6e5c59e3,eps_fixed_0.1,eval,8,123,easy,5,5,0.1,0.95,0.0,default,100,3.0,8,1,1,0,0,,
eps_fixed_0.1_123_6e5c59e3,eps_fixed_0.1,eval,9,123,easy,5,5,0.1,0.95,0.0,default,100,3.0,8,1,1,0,0,,
eps_fixed_0.1_123_6e5c59e3,eps_fixed_0.1,eval,10,123,easy,5,5,0.1,0.95,0.0,default,100,3.0,8,1,1,0,0,,
eps_fixed_0.1_123_6e5c59e3,eps_fixed_0.1,eval,1,123,easy,5,5,0.1,0.95,0.0,default,100,3.0,8,1,1,0,0,,
eps_fixed_0.1_123_6e5c59e3,eps_fixed_0.1,eval,2,123,easy,5,5,0.1,0.95,0.0,default,100,3.0,8,1,1,0,0,,
eps_fixed_0.1_123_6e5c59e3,eps_fixed_0.1,eval,3,123,easy,5,5,0.1,0.95,0.0,default,100,3.0,8,1,1,0,0,,
eps_fixed_0.1_123_6e5c59e3,eps_fixed_0.1,eval,4,123,easy,5,5,0.1,0.95,0.0,default,100,3.0,8,1,1,0,0,,
eps_fixed_0.1_123_6e5c59e3,eps_fixed_0.1,eval,5,123,easy,5,5,0.1,0.95,0.0,default,100,3.0,8,1,1,0,0,,
eps_fixed_0.1_123_6e5c59e3,eps_fixed_0.1,eval,6,123,easy,5,5,0.1,0.95,0.0,default,100,3.0,8,1,1,0,0,,
eps_fixed_0.1_123_6e5c59e3,eps_fixed_0.1,eval,7,123,easy,5,5,0.1,0.95,0.0,default,100,3.0,8,1,1,0,0,,
eps_fixed_0.1_123_6e5c59e3,eps_fixed_0.1,eval,8,123,easy,5,5,0.1,0.95,0.0,default,100,3.0,8,1,1,0,0,,
eps_fixed_0.1_123_6e5c59e3,eps_fixed_0.1,eval,9,123,easy,5,5,0.1,0.95,0.0,default,100,3.0,8,1,1,0,0,,
eps_fixed_0.1_123_6e5c59e3,eps_fixed_0.1,eval,10,123,easy,5,5,0.1,0.95,0.0,default,100,3.0,8,1,1,0,0,,
eps_fixed_0.1_123_6e5c59e3,eps_fixed_0.1,eval,1,123,easy,5,5,0.1,0.95,0.0,default,100,3.0,8,1,1,0,0,,
eps_fixed_0.1_123_6e5c59e3,eps_fixed_0.1,eval,2,123,easy,5,5,0.1,0.95,0.0,default,100,3.0,8,1,1,0,0,,
eps_fixed_0.1_123_6e5c59e3,eps_fixed_0.1,eval,3,123,easy,5,5,0.1,0.95,0.0,default,100,3.0,8,1,1,0,0,,
eps_fixed_0.1_123_6e5c59e3,eps_fixed_0.1,eval,4,123,easy,5,5,0.1,0.95,0.0,default,100,3.0,8,1,1,0,0,,
eps_fixed_0.1_123_6e5c59e3,eps_fixed_0.1,eval,5,123,easy,5,5,0.1,0.95,0.0,default,100,3.0,8,1,1,0,0,,
eps_fixed_0.1_123_6e5c59e3,eps_fixed_0.1,eval,6,123,easy,5,5,0.1,0.95,0.0,default,100,3.0,8,1,1,0,0,,
eps_fixed_0.1_123_6e5c59e3,eps_fixed_0.1,eval,7,123,easy,5,5,0.1,0.95,0.0,default,100,3.0,8,1,1,0,0,,
eps_fixed_0.1_123_6e5c59e3,eps_fixed_0.1,eval,8,123,easy,5,5,0.1,0.95,0.0,default,100,3.0,8,1,1,0,0,,
eps_fixed_0.1_123_6e5c59e3,eps_fixed_0.1,eval,9,123,easy,5,5,0.1,0.95,0.0,default,100,3.0,8,1,1,0,0,,
eps_fixed_0.1_123_6e5c59e3,eps_fixed_0.1,eval,10,123,easy,5,5,0.1,0.95,0.0,default,100,3.0,8,1,1,0,0,,
eps_fixed_0.1_123_6e5c59e3,eps_fixed_0.1,eval,1,123,easy,5,5,0.1,0.95,0.0,default,100,3.0,8,1,1,0,0,,
eps_fixed_0.1_123_6e5c59e3,eps_fixed_0.1,eval,2,123,easy,5,5,0.1,0.95,0.0,default,100,3.0,8,1,1,0,0,,
eps_fixed_0.1_123_6e5c59e3,eps_fixed_0.1,eval,3,123,easy,5,5,0.1,0.95,0.0,default,100,3.0,8,1,1,0,0,,
eps_fixed_0.1_123_6e5c59e3,eps_fixed_0.1,eval,4,123,easy,5,5,0.1,0.95,0.0,default,100,3.0,8,1,1,0,0,,
eps_fixed_0.1_123_6e5c59e3,eps_fixed_0.1,eval,5,123,easy,5,5,0.1,0.95,0.0,default,100,3.0,8,1,1,0,0,,
eps_fixed_0.1_123_6e5c59e3,eps_fixed_0.1,eval,6,123,easy,5,5,0.1,0.95,0.0,default,100,3.0,8,1,1,0,0,,
eps_fixed_0.1_123_6e5c59e3,eps_fixed_0.1,eval,7,123,easy,5,5,0.1,0.95,0.0,default,100,3.0,8,1,1,0,0,,
eps_fixed_0.1_123_6e5c59e3,eps_fixed_0.1,eval,8,123,easy,5,5,0.1,0.95,0.0,default,100,3.0,8,1,1,0,0,,
eps_fixed_0.1_123_6e5c59e3,eps_fixed_0.1,eval,9,123,easy,5,5,0.1,0.95,0.0,default,100,3.0,8,1,1,0,0,,
eps_fixed_0.1_123_6e5c59e3,eps_fixed_0.1,eval,10,123,easy,5,5,0.1,0.95,0.0,default,100,3.0,8,1,1,0,0,,
