run_id,exp_name,algorithm,phase,episode,seed,map_name,rows,cols,alpha,gamma,epsilon,reward_setting,max_steps,total_reward,steps,success,terminated,truncated,hit_trap,elapsed_sec,qtable_path
trap_penalty_q_learning_30_q_learning_42_820f2c6d,trap_penalty_q_learning_30,q_learning,train,1,42,risk,5,5,0.1,0.9,0.995,default,100,-46.8,43,0,1,0,1,0.0023686059998908604,
trap_penalty_q_learning_30_q_learning_42_820f2c6d,trap_penalty_q_learning_30,q_learning,train,2,42,risk,5,5,0.1,0.9,0.990025,default,100,-47.0,36,0,1,0,1,0.0018110969999725057,
trap_penalty_q_learning_30_q_learning_42_820f2c6d,trap_penalty_q_learning_30,q_learning,train,3,42,risk,5,5,0.1,0.9,0.985074875,default,100,-35.30000000000005,94,1,1,0,0,0.004802981000011641,
trap_penalty_q_learning_30_q_learning_42_820f2c6d,trap_penalty_q_learning_30,q_learning,train,4,42,risk,5,5,0.1,0.9,0.9801495006250001,default,100,-46.00000000000007,100,0,0,1,0,0.004963053999972544,
trap_penalty_q_learning_30_q_learning_42_820f2c6d,trap_penalty_q_learning_30,q_learning,train,5,42,risk,5,5,0.1,0.9,0.9752487531218751,default,100,-45.100000000000065,100,0,0,1,0,0.004861036999955104,
trap_penalty_q_learning_30_q_learning_42_820f2c6d,trap_penalty_q_learning_30,q_learning,train,6,42,risk,5,5,0.1,0.9,0.9703725093562657,default,100,-37.90000000000003,100,0,0,1,0,0.004970397999841225,
trap_penalty_q_learning_30_q_learning_42_820f2c6d,trap_penalty_q_learning_30,q_learning,train,7,42,risk,5,5,0.1,0.9,0.9655206468094844,default,100,-32.50000000000003,100,0,0,1,0,0.0049661390000892425,
trap_penalty_q_learning_30_q_learning_42_820f2c6d,trap_penalty_q_learning_30,q_learning,train,8,42,risk,5,5,0.1,0.9,0.960693043575437,default,100,-30.2,3,0,1,0,1,0.0002970800001094176,
trap_penalty_q_learning_30_q_learning_42_820f2c6d,trap_penalty_q_learning_30,q_learning,train,9,42,risk,5,5,0.1,0.9,0.9558895783575597,default,100,3.1000000000000014,16,1,1,0,0,0.0009609530000034283,
trap_penalty_q_learning_30_q_learning_42_820f2c6d,trap_penalty_q_learning_30,q_learning,train,10,42,risk,5,5,0.1,0.9,0.9511101304657719,default,100,-45.39999999999999,29,0,1,0,1,0.0015540910001163866,
trap_penalty_q_learning_30_q_learning_42_820f2c6d,trap_penalty_q_learning_30,q_learning,train,11,42,risk,5,5,0.1,0.9,0.946354579813443,default,100,-38.80000000000006,100,0,0,1,0,0.005020341999852462,
trap_penalty_q_learning_30_q_learning_42_820f2c6d,trap_penalty_q_learning_30,q_learning,train,12,42,risk,5,5,0.1,0.9,0.9416228069143757,default,100,0.9000000000000039,20,1,1,0,0,0.001172375999885844,
trap_penalty_q_learning_30_q_learning_42_820f2c6d,trap_penalty_q_learning_30,q_learning,train,13,42,risk,5,5,0.1,0.9,0.9369146928798039,default,100,-8.899999999999991,46,1,1,0,0,0.0023996250001800945,
trap_penalty_q_learning_30_q_learning_42_820f2c6d,trap_penalty_q_learning_30,q_learning,train,14,42,risk,5,5,0.1,0.9,0.9322301194154049,default,100,-31.4,6,0,1,0,1,0.0004236029999447055,
trap_penalty_q_learning_30_q_learning_42_820f2c6d,trap_penalty_q_learning_30,q_learning,train,15,42,risk,5,5,0.1,0.9,0.9275689688183278,default,100,-41.599999999999994,27,0,1,0,1,0.001554147999968336,
trap_penalty_q_learning_30_q_learning_42_820f2c6d,trap_penalty_q_learning_30,q_learning,train,16,42,risk,5,5,0.1,0.9,0.9229311239742362,default,100,7.299999999999999,10,1,1,0,0,0.0006979689999297989,
trap_penalty_q_learning_30_q_learning_42_820f2c6d,trap_penalty_q_learning_30,q_learning,train,17,42,risk,5,5,0.1,0.9,0.918316468354365,default,100,6.5,9,1,1,0,0,0.0005475339999065909,
trap_penalty_q_learning_30_q_learning_42_820f2c6d,trap_penalty_q_learning_30,q_learning,train,18,42,risk,5,5,0.1,0.9,0.9137248860125932,default,100,-52.6,65,0,1,0,1,0.003951956999799222,
trap_penalty_q_learning_30_q_learning_42_820f2c6d,trap_penalty_q_learning_30,q_learning,train,19,42,risk,5,5,0.1,0.9,0.9091562615825302,default,100,5.5,10,1,1,0,0,0.0006941120000192313,
trap_penalty_q_learning_30_q_learning_42_820f2c6d,trap_penalty_q_learning_30,q_learning,train,20,42,risk,5,5,0.1,0.9,0.9046104802746175,default,100,-34.2,7,0,1,0,1,0.0004552440000225033,
trap_penalty_q_learning_30_q_learning_42_820f2c6d,trap_penalty_q_learning_30,q_learning,train,21,42,risk,5,5,0.1,0.9,0.9000874278732445,default,100,6.699999999999999,7,1,1,0,0,0.0005729439999413444,
trap_penalty_q_learning_30_q_learning_42_820f2c6d,trap_penalty_q_learning_30,q_learning,train,22,42,risk,5,5,0.1,0.9,0.8955869907338783,default,100,-34.4,9,0,1,0,1,0.000646097000071677,
trap_penalty_q_learning_30_q_learning_42_820f2c6d,trap_penalty_q_learning_30,q_learning,train,23,42,risk,5,5,0.1,0.9,0.8911090557802088,default,100,-32.6,9,0,1,0,1,0.0008028310001009231,
trap_penalty_q_learning_30_q_learning_42_820f2c6d,trap_penalty_q_learning_30,q_learning,train,24,42,risk,5,5,0.1,0.9,0.8866535105013078,default,100,5.699999999999999,26,1,1,0,0,0.0017505410000921984,
trap_penalty_q_learning_30_q_learning_42_820f2c6d,trap_penalty_q_learning_30,q_learning,train,25,42,risk,5,5,0.1,0.9,0.8822202429488013,default,100,8.7,5,1,1,0,0,0.0005389180000747729,
trap_penalty_q_learning_30_q_learning_42_820f2c6d,trap_penalty_q_learning_30,q_learning,train,26,42,risk,5,5,0.1,0.9,0.8778091417340573,default,100,1.7000000000000064,30,1,1,0,0,0.0019146360000377172,
trap_penalty_q_learning_30_q_learning_42_820f2c6d,trap_penalty_q_learning_30,q_learning,train,27,42,risk,5,5,0.1,0.9,0.8734200960253871,default,100,0.10000000000000142,28,1,1,0,0,0.0018774969998958113,
trap_penalty_q_learning_30_q_learning_42_820f2c6d,trap_penalty_q_learning_30,q_learning,train,28,42,risk,5,5,0.1,0.9,0.8690529955452602,default,100,5.1000000000000005,14,1,1,0,0,0.0007723280000391242,
trap_penalty_q_learning_30_q_learning_42_820f2c6d,trap_penalty_q_learning_30,q_learning,train,29,42,risk,5,5,0.1,0.9,0.8647077305675338,default,100,4.5,11,1,1,0,0,0.0007919499998934043,
trap_penalty_q_learning_30_q_learning_42_820f2c6d,trap_penalty_q_learning_30,q_learning,train,30,42,risk,5,5,0.1,0.9,0.8603841919146962,default,100,-36.4,20,0,1,0,1,0.0014129040000625537,
trap_penalty_q_learning_30_q_learning_42_820f2c6d,trap_penalty_q_learning_30,q_learning,train,31,42,risk,5,5,0.1,0.9,0.8560822709551227,default,100,-5.4999999999999964,30,1,1,0,0,0.0016571080000176153,
trap_penalty_q_learning_30_q_learning_42_820f2c6d,trap_penalty_q_learning_30,q_learning,train,32,42,risk,5,5,0.1,0.9,0.851801859600347,default,100,-39.2,12,0,1,0,1,0.0007662159998744755,
trap_penalty_q_learning_30_q_learning_42_820f2c6d,trap_penalty_q_learning_30,q_learning,train,33,42,risk,5,5,0.1,0.9,0.8475428503023453,default,100,8.7,5,1,1,0,0,0.00045258000000103493,
trap_penalty_q_learning_30_q_learning_42_820f2c6d,trap_penalty_q_learning_30,q_learning,train,34,42,risk,5,5,0.1,0.9,0.8433051360508336,default,100,-7.5000000000000036,32,1,1,0,0,0.002151758000081827,
trap_penalty_q_learning_30_q_learning_42_820f2c6d,trap_penalty_q_learning_30,q_learning,train,35,42,risk,5,5,0.1,0.9,0.8390886103705794,default,100,-31.2,4,0,1,0,1,0.00040937299991128384,
trap_penalty_q_learning_30_q_learning_42_820f2c6d,trap_penalty_q_learning_30,q_learning,train,36,42,risk,5,5,0.1,0.9,0.8348931673187264,default,100,-30.2,3,0,1,0,1,0.00035421699999460543,
trap_penalty_q_learning_30_q_learning_42_820f2c6d,trap_penalty_q_learning_30,q_learning,train,37,42,risk,5,5,0.1,0.9,0.8307187014821328,default,100,8.7,5,1,1,0,0,0.0005089900000712078,
trap_penalty_q_learning_30_q_learning_42_820f2c6d,trap_penalty_q_learning_30,q_learning,train,38,42,risk,5,5,0.1,0.9,0.8265651079747222,default,100,-34.599999999999994,11,0,1,0,1,0.0008024920000480051,
trap_penalty_q_learning_30_q_learning_42_820f2c6d,trap_penalty_q_learning_30,q_learning,train,39,42,risk,5,5,0.1,0.9,0.8224322824348486,default,100,3.5,12,1,1,0,0,0.0009598720000667527,
trap_penalty_q_learning_30_q_learning_42_820f2c6d,trap_penalty_q_learning_30,q_learning,train,40,42,risk,5,5,0.1,0.9,0.8183201210226743,default,100,7.5,8,1,1,0,0,0.0008172180000656226,
trap_penalty_q_learning_30_q_learning_42_820f2c6d,trap_penalty_q_learning_30,q_learning,train,41,42,risk,5,5,0.1,0.9,0.8142285204175609,default,100,-38.4,13,0,1,0,1,0.0010163219999412831,
trap_penalty_q_learning_30_q_learning_42_820f2c6d,trap_penalty_q_learning_30,q_learning,train,42,42,risk,5,5,0.1,0.9,0.810157377815473,default,100,-36.0,16,0,1,0,1,0.0008720139999240928,
trap_penalty_q_learning_30_q_learning_42_820f2c6d,trap_penalty_q_learning_30,q_learning,train,43,42,risk,5,5,0.1,0.9,0.8061065909263957,default,100,-37.6,14,0,1,0,1,0.0009515250001186359,
trap_penalty_q_learning_30_q_learning_42_820f2c6d,trap_penalty_q_learning_30,q_learning,train,44,42,risk,5,5,0.1,0.9,0.8020760579717637,default,100,3.3000000000000025,23,1,1,0,0,0.0015138950000164186,
trap_penalty_q_learning_30_q_learning_42_820f2c6d,trap_penalty_q_learning_30,q_learning,train,45,42,risk,5,5,0.1,0.9,0.798065677681905,default,100,-36.4,20,0,1,0,1,0.0014729990000432736,
trap_penalty_q_learning_30_q_learning_42_820f2c6d,trap_penalty_q_learning_30,q_learning,train,46,42,risk,5,5,0.1,0.9,0.7940753492934954,default,100,-37.4,21,0,1,0,1,0.0012911520000216115,
trap_penalty_q_learning_30_q_learning_42_820f2c6d,trap_penalty_q_learning_30,q_learning,train,47,42,risk,5,5,0.1,0.9,0.7901049725470279,default,100,-39.4,14,0,1,0,1,0.000857377999864184,
trap_penalty_q_learning_30_q_learning_42_820f2c6d,trap_penalty_q_learning_30,q_learning,train,48,42,risk,5,5,0.1,0.9,0.7861544476842928,default,100,3.5000000000000018,12,1,1,0,0,0.0009498419999545149,
trap_penalty_q_learning_30_q_learning_42_820f2c6d,trap_penalty_q_learning_30,q_learning,train,49,42,risk,5,5,0.1,0.9,0.7822236754458713,default,100,-32.8,11,0,1,0,1,0.000881015999993906,
trap_penalty_q_learning_30_q_learning_42_820f2c6d,trap_penalty_q_learning_30,q_learning,train,50,42,risk,5,5,0.1,0.9,0.778312557068642,default,100,-33.40000000000002,100,0,0,1,0,0.005726761999994778,
trap_penalty_q_learning_30_q_learning_42_820f2c6d,trap_penalty_q_learning_30,q_learning,train,51,42,risk,5,5,0.1,0.9,0.7744209942832988,default,100,-1.4999999999999982,17,1,1,0,0,0.001022152999894388,
trap_penalty_q_learning_30_q_learning_42_820f2c6d,trap_penalty_q_learning_30,q_learning,train,52,42,risk,5,5,0.1,0.9,0.7705488893118823,default,100,3.100000000000003,25,1,1,0,0,0.0018323070000860753,
trap_penalty_q_learning_30_q_learning_42_820f2c6d,trap_penalty_q_learning_30,q_learning,train,53,42,risk,5,5,0.1,0.9,0.7666961448653229,default,100,8.5,7,1,1,0,0,0.0004487670000798971,
trap_penalty_q_learning_30_q_learning_42_820f2c6d,trap_penalty_q_learning_30,q_learning,train,54,42,risk,5,5,0.1,0.9,0.7628626641409962,default,100,8.7,5,1,1,0,0,0.0006665010000688198,
trap_penalty_q_learning_30_q_learning_42_820f2c6d,trap_penalty_q_learning_30,q_learning,train,55,42,risk,5,5,0.1,0.9,0.7590483508202912,default,100,8.5,7,1,1,0,0,0.0006233169999632082,
trap_penalty_q_learning_30_q_learning_42_820f2c6d,trap_penalty_q_learning_30,q_learning,train,56,42,risk,5,5,0.1,0.9,0.7552531090661897,default,100,8.5,7,1,1,0,0,0.000560204000066733,
trap_penalty_q_learning_30_q_learning_42_820f2c6d,trap_penalty_q_learning_30,q_learning,train,57,42,risk,5,5,0.1,0.9,0.7514768435208588,default,100,4.1,15,1,1,0,0,0.0011415480000778189,
trap_penalty_q_learning_30_q_learning_42_820f2c6d,trap_penalty_q_learning_30,q_learning,train,58,42,risk,5,5,0.1,0.9,0.7477194593032545,default,100,5.899999999999999,15,1,1,0,0,0.0009127089999765303,
trap_penalty_q_learning_30_q_learning_42_820f2c6d,trap_penalty_q_learning_30,q_learning,train,59,42,risk,5,5,0.1,0.9,0.7439808620067382,default,100,8.5,7,1,1,0,0,0.0006222340000476834,
trap_penalty_q_learning_30_q_learning_42_820f2c6d,trap_penalty_q_learning_30,q_learning,train,60,42,risk,5,5,0.1,0.9,0.7402609576967045,default,100,-35.199999999999996,17,0,1,0,1,0.0013135200001670455,
trap_penalty_q_learning_30_q_learning_42_820f2c6d,trap_penalty_q_learning_30,q_learning,train,61,42,risk,5,5,0.1,0.9,0.736559652908221,default,100,5.7,8,1,1,0,0,0.0007514690000789415,
trap_penalty_q_learning_30_q_learning_42_820f2c6d,trap_penalty_q_learning_30,q_learning,train,62,42,risk,5,5,0.1,0.9,0.7328768546436799,default,100,8.7,5,1,1,0,0,0.0004417390000526211,
trap_penalty_q_learning_30_q_learning_42_820f2c6d,trap_penalty_q_learning_30,q_learning,train,63,42,risk,5,5,0.1,0.9,0.7292124703704616,default,100,5.300000000000001,12,1,1,0,0,0.0010111589999723947,
trap_penalty_q_learning_30_q_learning_42_820f2c6d,trap_penalty_q_learning_30,q_learning,train,64,42,risk,5,5,0.1,0.9,0.7255664080186093,default,100,8.7,5,1,1,0,0,0.0004530260000592534,
trap_penalty_q_learning_30_q_learning_42_820f2c6d,trap_penalty_q_learning_30,q_learning,train,65,42,risk,5,5,0.1,0.9,0.7219385759785162,default,100,4.300000000000001,13,1,1,0,0,0.0008774189998348447,
trap_penalty_q_learning_30_q_learning_42_820f2c6d,trap_penalty_q_learning_30,q_learning,train,66,42,risk,5,5,0.1,0.9,0.7183288830986236,default,100,2.3000000000000025,24,1,1,0,0,0.0017242379999515833,
trap_penalty_q_learning_30_q_learning_42_820f2c6d,trap_penalty_q_learning_30,q_learning,train,67,42,risk,5,5,0.1,0.9,0.7147372386831305,default,100,-33.2,15,0,1,0,1,0.0011776009998811787,
trap_penalty_q_learning_30_q_learning_42_820f2c6d,trap_penalty_q_learning_30,q_learning,train,68,42,risk,5,5,0.1,0.9,0.7111635524897149,default,100,-30.4,5,0,1,0,1,0.0004588930000863911,
trap_penalty_q_learning_30_q_learning_42_820f2c6d,trap_penalty_q_learning_30,q_learning,train,69,42,risk,5,5,0.1,0.9,0.7076077347272662,default,100,-31.6,8,0,1,0,1,0.0007327910000185511,
trap_penalty_q_learning_30_q_learning_42_820f2c6d,trap_penalty_q_learning_30,q_learning,train,70,42,risk,5,5,0.1,0.9,0.7040696960536299,default,100,3.9000000000000004,17,1,1,0,0,0.0013603770000827353,
trap_penalty_q_learning_30_q_learning_42_820f2c6d,trap_penalty_q_learning_30,q_learning,train,71,42,risk,5,5,0.1,0.9,0.7005493475733617,default,100,9.7,4,1,1,0,0,0.0004590060000282392,
trap_penalty_q_learning_30_q_learning_42_820f2c6d,trap_penalty_q_learning_30,q_learning,train,72,42,risk,5,5,0.1,0.9,0.697046600835495,default,100,-34.4,9,0,1,0,1,0.0008041009998578375,
trap_penalty_q_learning_30_q_learning_42_820f2c6d,trap_penalty_q_learning_30,q_learning,train,73,42,risk,5,5,0.1,0.9,0.6935613678313175,default,100,-0.29999999999999893,23,1,1,0,0,0.001578214999881311,
trap_penalty_q_learning_30_q_learning_42_820f2c6d,trap_penalty_q_learning_30,q_learning,train,74,42,risk,5,5,0.1,0.9,0.6900935609921609,default,100,-33.6,10,0,1,0,1,0.0009045069998592226,
trap_penalty_q_learning_30_q_learning_42_820f2c6d,trap_penalty_q_learning_30,q_learning,train,75,42,risk,5,5,0.1,0.9,0.6866430931872001,default,100,1.700000000000001,21,1,1,0,0,0.0015754409998862684,
trap_penalty_q_learning_30_q_learning_42_820f2c6d,trap_penalty_q_learning_30,q_learning,train,76,42,risk,5,5,0.1,0.9,0.6832098777212641,default,100,6.699999999999999,7,1,1,0,0,0.000760396000032415,
trap_penalty_q_learning_30_q_learning_42_820f2c6d,trap_penalty_q_learning_30,q_learning,train,77,42,risk,5,5,0.1,0.9,0.6797938283326578,default,100,4.3,13,1,1,0,0,0.0009743030000208819,
trap_penalty_q_learning_30_q_learning_42_820f2c6d,trap_penalty_q_learning_30,q_learning,train,78,42,risk,5,5,0.1,0.9,0.6763948591909945,default,100,-31.4,6,0,1,0,1,0.0005294649999996182,
trap_penalty_q_learning_30_q_learning_42_820f2c6d,trap_penalty_q_learning_30,q_learning,train,79,42,risk,5,5,0.1,0.9,0.6730128848950395,default,100,-5.8999999999999915,43,1,1,0,0,0.003056030000152532,
trap_penalty_q_learning_30_q_learning_42_820f2c6d,trap_penalty_q_learning_30,q_learning,train,80,42,risk,5,5,0.1,0.9,0.6696478204705644,default,100,8.7,5,1,1,0,0,0.000612453000030655,
trap_penalty_q_learning_30_q_learning_42_820f2c6d,trap_penalty_q_learning_30,q_learning,train,81,42,risk,5,5,0.1,0.9,0.6662995813682115,default,100,-30.2,3,0,1,0,1,0.0004368859999885899,
trap_penalty_q_learning_30_q_learning_42_820f2c6d,trap_penalty_q_learning_30,q_learning,train,82,42,risk,5,5,0.1,0.9,0.6629680834613705,default,100,3.900000000000002,17,1,1,0,0,0.0012248820000877458,
trap_penalty_q_learning_30_q_learning_42_820f2c6d,trap_penalty_q_learning_30,q_learning,train,83,42,risk,5,5,0.1,0.9,0.6596532430440636,default,100,9.7,4,1,1,0,0,0.0005941290000919253,
trap_penalty_q_learning_30_q_learning_42_820f2c6d,trap_penalty_q_learning_30,q_learning,train,84,42,risk,5,5,0.1,0.9,0.6563549768288433,default,100,-31.4,6,0,1,0,1,0.0005752940001002571,
trap_penalty_q_learning_30_q_learning_42_820f2c6d,trap_penalty_q_learning_30,q_learning,train,85,42,risk,5,5,0.1,0.9,0.653073201944699,default,100,-30.6,7,0,1,0,1,0.0005975579999812908,
trap_penalty_q_learning_30_q_learning_42_820f2c6d,trap_penalty_q_learning_30,q_learning,train,86,42,risk,5,5,0.1,0.9,0.6498078359349755,default,100,0.5000000000000053,33,1,1,0,0,0.002522968999983277,
trap_penalty_q_learning_30_q_learning_42_820f2c6d,trap_penalty_q_learning_30,q_learning,train,87,42,risk,5,5,0.1,0.9,0.6465587967553006,default,100,6.699999999999999,7,1,1,0,0,0.0006966450000618352,
trap_penalty_q_learning_30_q_learning_42_820f2c6d,trap_penalty_q_learning_30,q_learning,train,88,42,risk,5,5,0.1,0.9,0.6433260027715241,default,100,-0.09999999999999432,30,1,1,0,0,0.002271488000133104,
trap_penalty_q_learning_30_q_learning_42_820f2c6d,trap_penalty_q_learning_30,q_learning,train,89,42,risk,5,5,0.1,0.9,0.6401093727576664,default,100,8.5,7,1,1,0,0,0.0007607780000853381,
trap_penalty_q_learning_30_q_learning_42_820f2c6d,trap_penalty_q_learning_30,q_learning,train,90,42,risk,5,5,0.1,0.9,0.6369088258938781,default,100,-30.4,5,0,1,0,1,0.0005083480000394047,
trap_penalty_q_learning_30_q_learning_42_820f2c6d,trap_penalty_q_learning_30,q_learning,train,91,42,risk,5,5,0.1,0.9,0.6337242817644086,default,100,-33.2,15,0,1,0,1,0.0012180680000710709,
trap_penalty_q_learning_30_q_learning_42_820f2c6d,trap_penalty_q_learning_30,q_learning,train,92,42,risk,5,5,0.1,0.9,0.6305556603555866,default,100,-30.4,5,0,1,0,1,0.000607923999950799,
trap_penalty_q_learning_30_q_learning_42_820f2c6d,trap_penalty_q_learning_30,q_learning,train,93,42,risk,5,5,0.1,0.9,0.6274028820538087,default,100,6.5,9,1,1,0,0,0.0007780159999128955,
trap_penalty_q_learning_30_q_learning_42_820f2c6d,trap_penalty_q_learning_30,q_learning,train,94,42,risk,5,5,0.1,0.9,0.6242658676435396,default,100,4.1,15,1,1,0,0,0.0013348749998840503,
trap_penalty_q_learning_30_q_learning_42_820f2c6d,trap_penalty_q_learning_30,q_learning,train,95,42,risk,5,5,0.1,0.9,0.6211445383053219,default,100,9.7,4,1,1,0,0,0.0005505960000391497,
trap_penalty_q_learning_30_q_learning_42_820f2c6d,trap_penalty_q_learning_30,q_learning,train,96,42,risk,5,5,0.1,0.9,0.6180388156137953,default,100,2.500000000000001,13,1,1,0,0,0.0010251630001221201,
trap_penalty_q_learning_30_q_learning_42_820f2c6d,trap_penalty_q_learning_30,q_learning,train,97,42,risk,5,5,0.1,0.9,0.6149486215357263,default,100,1.9000000000000004,19,1,1,0,0,0.001256979999880059,
trap_penalty_q_learning_30_q_learning_42_820f2c6d,trap_penalty_q_learning_30,q_learning,train,98,42,risk,5,5,0.1,0.9,0.6118738784280476,default,100,-34.8,13,0,1,0,1,0.0010409110000182409,
trap_penalty_q_learning_30_q_learning_42_820f2c6d,trap_penalty_q_learning_30,q_learning,train,99,42,risk,5,5,0.1,0.9,0.6088145090359074,default,100,-31.4,6,0,1,0,1,0.0005758639999839943,
trap_penalty_q_learning_30_q_learning_42_820f2c6d,trap_penalty_q_learning_30,q_learning,train,100,42,risk,5,5,0.1,0.9,0.6057704364907278,default,100,3.3000000000000025,14,1,1,0,0,0.0011597840000376891,
trap_penalty_q_learning_30_q_learning_42_820f2c6d,trap_penalty_q_learning_30,q_learning,train,101,42,risk,5,5,0.1,0.9,0.6027415843082742,default,100,-35.0,15,0,1,0,1,0.0010818640000707092,
trap_penalty_q_learning_30_q_learning_42_820f2c6d,trap_penalty_q_learning_30,q_learning,train,102,42,risk,5,5,0.1,0.9,0.5997278763867329,default,100,-30.6,7,0,1,0,1,0.0006828139999015548,
trap_penalty_q_learning_30_q_learning_42_820f2c6d,trap_penalty_q_learning_30,q_learning,train,103,42,risk,5,5,0.1,0.9,0.5967292370047992,default,100,7.1,12,1,1,0,0,0.0009524580000288552,
trap_penalty_q_learning_30_q_learning_42_820f2c6d,trap_penalty_q_learning_30,q_learning,train,104,42,risk,5,5,0.1,0.9,0.5937455908197752,default,100,9.7,4,1,1,0,0,0.0005537859999549255,
trap_penalty_q_learning_30_q_learning_42_820f2c6d,trap_penalty_q_learning_30,q_learning,train,105,42,risk,5,5,0.1,0.9,0.5907768628656763,default,100,-30.4,5,0,1,0,1,0.0005729260001317016,
trap_penalty_q_learning_30_q_learning_42_820f2c6d,trap_penalty_q_learning_30,q_learning,train,106,42,risk,5,5,0.1,0.9,0.5878229785513479,default,100,-32.4,7,0,1,0,1,0.0006185469999309134,
trap_penalty_q_learning_30_q_learning_42_820f2c6d,trap_penalty_q_learning_30,q_learning,train,107,42,risk,5,5,0.1,0.9,0.5848838636585911,default,100,5.5,10,1,1,0,0,0.0008991870001864299,
trap_penalty_q_learning_30_q_learning_42_820f2c6d,trap_penalty_q_learning_30,q_learning,train,108,42,risk,5,5,0.1,0.9,0.5819594443402982,default,100,8.7,5,1,1,0,0,0.0005942679999861866,
trap_penalty_q_learning_30_q_learning_42_820f2c6d,trap_penalty_q_learning_30,q_learning,train,109,42,risk,5,5,0.1,0.9,0.5790496471185967,default,100,-30.4,5,0,1,0,1,0.0006726210001488653,
trap_penalty_q_learning_30_q_learning_42_820f2c6d,trap_penalty_q_learning_30,q_learning,train,110,42,risk,5,5,0.1,0.9,0.5761543988830038,default,100,-32.2,5,0,1,0,1,0.00047514700008832733,
trap_penalty_q_learning_30_q_learning_42_820f2c6d,trap_penalty_q_learning_30,q_learning,train,111,42,risk,5,5,0.1,0.9,0.5732736268885887,default,100,9.7,4,1,1,0,0,0.0004660089998651529,
trap_penalty_q_learning_30_q_learning_42_820f2c6d,trap_penalty_q_learning_30,q_learning,train,112,42,risk,5,5,0.1,0.9,0.5704072587541458,default,100,9.7,4,1,1,0,0,0.000476781000088522,
trap_penalty_q_learning_30_q_learning_42_820f2c6d,trap_penalty_q_learning_30,q_learning,train,113,42,risk,5,5,0.1,0.9,0.567555222460375,default,100,9.7,4,1,1,0,0,0.0005301659998622199,
trap_penalty_q_learning_30_q_learning_42_820f2c6d,trap_penalty_q_learning_30,q_learning,train,114,42,risk,5,5,0.1,0.9,0.5647174463480732,default,100,8.7,5,1,1,0,0,0.0006327549999696203,
trap_penalty_q_learning_30_q_learning_42_820f2c6d,trap_penalty_q_learning_30,q_learning,train,115,42,risk,5,5,0.1,0.9,0.5618938591163328,default,100,8.299999999999999,9,1,1,0,0,0.0009294579999732377,
trap_penalty_q_learning_30_q_learning_42_820f2c6d,trap_penalty_q_learning_30,q_learning,train,116,42,risk,5,5,0.1,0.9,0.5590843898207511,default,100,6.299999999999999,11,1,1,0,0,0.0009166959998765378,
trap_penalty_q_learning_30_q_learning_42_820f2c6d,trap_penalty_q_learning_30,q_learning,train,117,42,risk,5,5,0.1,0.9,0.5562889678716474,default,100,9.7,4,1,1,0,0,0.0005956879999757803,
trap_penalty_q_learning_30_q_learning_42_820f2c6d,trap_penalty_q_learning_30,q_learning,train,118,42,risk,5,5,0.1,0.9,0.5535075230322891,default,100,6.699999999999999,7,1,1,0,0,0.0007511000001159118,
trap_penalty_q_learning_30_q_learning_42_820f2c6d,trap_penalty_q_learning_30,q_learning,train,119,42,risk,5,5,0.1,0.9,0.5507399854171277,default,100,7.5,8,1,1,0,0,0.0008595460001288302,
trap_penalty_q_learning_30_q_learning_42_820f2c6d,trap_penalty_q_learning_30,q_learning,train,120,42,risk,5,5,0.1,0.9,0.547986285490042,default,100,5.7,8,1,1,0,0,0.0007267620001130126,
trap_penalty_q_learning_30_q_learning_42_820f2c6d,trap_penalty_q_learning_30,q_learning,train,121,42,risk,5,5,0.1,0.9,0.5452463540625918,default,100,-30.2,3,0,1,0,1,0.0004345120000834868,
trap_penalty_q_learning_30_q_learning_42_820f2c6d,trap_penalty_q_learning_30,q_learning,train,122,42,risk,5,5,0.1,0.9,0.5425201222922789,default,100,-30.8,9,0,1,0,1,0.0008552180001970555,
trap_penalty_q_learning_30_q_learning_42_820f2c6d,trap_penalty_q_learning_30,q_learning,train,123,42,risk,5,5,0.1,0.9,0.5398075216808175,default,100,-31.4,6,0,1,0,1,0.00040222000006906455,
trap_penalty_q_learning_30_q_learning_42_820f2c6d,trap_penalty_q_learning_30,q_learning,train,124,42,risk,5,5,0.1,0.9,0.5371084840724134,default,100,8.5,7,1,1,0,0,0.0007838900000933791,
trap_penalty_q_learning_30_q_learning_42_820f2c6d,trap_penalty_q_learning_30,q_learning,train,125,42,risk,5,5,0.1,0.9,0.5344229416520513,default,100,8.5,7,1,1,0,0,0.0006913720001193724,
trap_penalty_q_learning_30_q_learning_42_820f2c6d,trap_penalty_q_learning_30,q_learning,train,126,42,risk,5,5,0.1,0.9,0.531750826943791,default,100,-31.4,6,0,1,0,1,0.0006502880000880396,
trap_penalty_q_learning_30_q_learning_42_820f2c6d,trap_penalty_q_learning_30,q_learning,train,127,42,risk,5,5,0.1,0.9,0.5290920728090721,default,100,6.5,9,1,1,0,0,0.0008389949998672819,
trap_penalty_q_learning_30_q_learning_42_820f2c6d,trap_penalty_q_learning_30,q_learning,train,128,42,risk,5,5,0.1,0.9,0.5264466124450268,default,100,7.699999999999999,6,1,1,0,0,0.0007121789999473549,
trap_penalty_q_learning_30_q_learning_42_820f2c6d,trap_penalty_q_learning_30,q_learning,train,129,42,risk,5,5,0.1,0.9,0.5238143793828016,default,100,8.7,5,1,1,0,0,0.0006581509999250557,
trap_penalty_q_learning_30_q_learning_42_820f2c6d,trap_penalty_q_learning_30,q_learning,train,130,42,risk,5,5,0.1,0.9,0.5211953074858876,default,100,7.1,12,1,1,0,0,0.0010291179999057931,
trap_penalty_q_learning_30_q_learning_42_820f2c6d,trap_penalty_q_learning_30,q_learning,train,131,42,risk,5,5,0.1,0.9,0.5185893309484582,default,100,7.7,6,1,1,0,0,0.0006328219999431894,
trap_penalty_q_learning_30_q_learning_42_820f2c6d,trap_penalty_q_learning_30,q_learning,train,132,42,risk,5,5,0.1,0.9,0.5159963842937159,default,100,9.7,4,1,1,0,0,0.0005993319998651714,
trap_penalty_q_learning_30_q_learning_42_820f2c6d,trap_penalty_q_learning_30,q_learning,train,133,42,risk,5,5,0.1,0.9,0.5134164023722473,default,100,6.5,9,1,1,0,0,0.0008421899999575544,
trap_penalty_q_learning_30_q_learning_42_820f2c6d,trap_penalty_q_learning_30,q_learning,train,134,42,risk,5,5,0.1,0.9,0.510849320360386,default,100,8.5,7,1,1,0,0,0.0006797349999487778,
trap_penalty_q_learning_30_q_learning_42_820f2c6d,trap_penalty_q_learning_30,q_learning,train,135,42,risk,5,5,0.1,0.9,0.5082950737585841,default,100,7.7,6,1,1,0,0,0.0006422880001082376,
trap_penalty_q_learning_30_q_learning_42_820f2c6d,trap_penalty_q_learning_30,q_learning,train,136,42,risk,5,5,0.1,0.9,0.5057535983897912,default,100,5.700000000000001,8,1,1,0,0,0.000813914999980625,
trap_penalty_q_learning_30_q_learning_42_820f2c6d,trap_penalty_q_learning_30,q_learning,train,137,42,risk,5,5,0.1,0.9,0.5032248303978422,default,100,2.5000000000000018,22,1,1,0,0,0.0016671799999130599,
trap_penalty_q_learning_30_q_learning_42_820f2c6d,trap_penalty_q_learning_30,q_learning,train,138,42,risk,5,5,0.1,0.9,0.500708706245853,default,100,9.7,4,1,1,0,0,0.0005986670000766026,
trap_penalty_q_learning_30_q_learning_42_820f2c6d,trap_penalty_q_learning_30,q_learning,train,139,42,risk,5,5,0.1,0.9,0.4982051627146237,default,100,1.700000000000001,12,1,1,0,0,0.000933572999883836,
trap_penalty_q_learning_30_q_learning_42_820f2c6d,trap_penalty_q_learning_30,q_learning,train,140,42,risk,5,5,0.1,0.9,0.49571413690105054,default,100,4.9,16,1,1,0,0,0.0013997380001455895,
trap_penalty_q_learning_30_q_learning_42_820f2c6d,trap_penalty_q_learning_30,q_learning,train,141,42,risk,5,5,0.1,0.9,0.4932355662165453,default,100,8.299999999999999,9,1,1,0,0,0.0009045970000443049,
trap_penalty_q_learning_30_q_learning_42_820f2c6d,trap_penalty_q_learning_30,q_learning,train,142,42,risk,5,5,0.1,0.9,0.4907693883854626,default,100,5.5,10,1,1,0,0,0.0009036449998802709,
trap_penalty_q_learning_30_q_learning_42_820f2c6d,trap_penalty_q_learning_30,q_learning,train,143,42,risk,5,5,0.1,0.9,0.4883155414435353,default,100,-31.8,10,0,1,0,1,0.000980429000037475,
trap_penalty_q_learning_30_q_learning_42_820f2c6d,trap_penalty_q_learning_30,q_learning,train,144,42,risk,5,5,0.1,0.9,0.4858739637363176,default,100,-31.4,6,0,1,0,1,0.000496862999852965,
trap_penalty_q_learning_30_q_learning_42_820f2c6d,trap_penalty_q_learning_30,q_learning,train,145,42,risk,5,5,0.1,0.9,0.483444593917636,default,100,6.699999999999999,7,1,1,0,0,0.0006723110000166344,
trap_penalty_q_learning_30_q_learning_42_820f2c6d,trap_penalty_q_learning_30,q_learning,train,146,42,risk,5,5,0.1,0.9,0.4810273709480478,default,100,-31.4,6,0,1,0,1,0.0004996900001970062,
trap_penalty_q_learning_30_q_learning_42_820f2c6d,trap_penalty_q_learning_30,q_learning,train,147,42,risk,5,5,0.1,0.9,0.47862223409330756,default,100,7.299999999999999,10,1,1,0,0,0.0010635990001901519,
trap_penalty_q_learning_30_q_learning_42_820f2c6d,trap_penalty_q_learning_30,q_learning,train,148,42,risk,5,5,0.1,0.9,0.47622912292284103,default,100,7.699999999999999,6,1,1,0,0,0.000635449000128574,
trap_penalty_q_learning_30_q_learning_42_820f2c6d,trap_penalty_q_learning_30,q_learning,train,149,42,risk,5,5,0.1,0.9,0.4738479773082268,default,100,8.5,7,1,1,0,0,0.0007667429999855813,
trap_penalty_q_learning_30_q_learning_42_820f2c6d,trap_penalty_q_learning_30,q_learning,train,150,42,risk,5,5,0.1,0.9,0.47147873742168567,default,100,-30.4,5,0,1,0,1,0.0005957779999334889,
trap_penalty_q_learning_30_q_learning_42_820f2c6d,trap_penalty_q_learning_30,q_learning,train,151,42,risk,5,5,0.1,0.9,0.46912134373457726,default,100,5.699999999999999,8,1,1,0,0,0.0007983240000157821,
trap_penalty_q_learning_30_q_learning_42_820f2c6d,trap_penalty_q_learning_30,q_learning,train,152,42,risk,5,5,0.1,0.9,0.46677573701590436,default,100,-30.2,3,0,1,0,1,0.0003638430000592052,
trap_penalty_q_learning_30_q_learning_42_820f2c6d,trap_penalty_q_learning_30,q_learning,train,153,42,risk,5,5,0.1,0.9,0.46444185833082485,default,100,8.7,5,1,1,0,0,0.0005868559999271383,
trap_penalty_q_learning_30_q_learning_42_820f2c6d,trap_penalty_q_learning_30,q_learning,train,154,42,risk,5,5,0.1,0.9,0.46211964903917074,default,100,8.7,5,1,1,0,0,0.0006335620000754716,
trap_penalty_q_learning_30_q_learning_42_820f2c6d,trap_penalty_q_learning_30,q_learning,train,155,42,risk,5,5,0.1,0.9,0.4598090507939749,default,100,4.7,9,1,1,0,0,0.0007737759999599803,
trap_penalty_q_learning_30_q_learning_42_820f2c6d,trap_penalty_q_learning_30,q_learning,train,156,42,risk,5,5,0.1,0.9,0.457510005540005,default,100,8.5,7,1,1,0,0,0.0008273949999875185,
trap_penalty_q_learning_30_q_learning_42_820f2c6d,trap_penalty_q_learning_30,q_learning,train,157,42,risk,5,5,0.1,0.9,0.45522245551230495,default,100,8.7,5,1,1,0,0,0.0005825050000112242,
trap_penalty_q_learning_30_q_learning_42_820f2c6d,trap_penalty_q_learning_30,q_learning,train,158,42,risk,5,5,0.1,0.9,0.4529463432347434,default,100,3.900000000000002,17,1,1,0,0,0.0015152729999954317,
trap_penalty_q_learning_30_q_learning_42_820f2c6d,trap_penalty_q_learning_30,q_learning,train,159,42,risk,5,5,0.1,0.9,0.4506816115185697,default,100,9.7,4,1,1,0,0,0.0006050360000244837,
trap_penalty_q_learning_30_q_learning_42_820f2c6d,trap_penalty_q_learning_30,q_learning,train,160,42,risk,5,5,0.1,0.9,0.4484282034609769,default,100,8.7,5,1,1,0,0,0.0005719769999359414,
trap_penalty_q_learning_30_q_learning_42_820f2c6d,trap_penalty_q_learning_30,q_learning,train,161,42,risk,5,5,0.1,0.9,0.446186062443672,default,100,-31.6,8,0,1,0,1,0.0008521959998688544,
trap_penalty_q_learning_30_q_learning_42_820f2c6d,trap_penalty_q_learning_30,q_learning,train,162,42,risk,5,5,0.1,0.9,0.4439551321314536,default,100,9.7,4,1,1,0,0,0.0006059410000034404,
trap_penalty_q_learning_30_q_learning_42_820f2c6d,trap_penalty_q_learning_30,q_learning,train,163,42,risk,5,5,0.1,0.9,0.4417353564707963,default,100,-30.2,3,0,1,0,1,0.0004344989999935933,
trap_penalty_q_learning_30_q_learning_42_820f2c6d,trap_penalty_q_learning_30,q_learning,train,164,42,risk,5,5,0.1,0.9,0.43952667968844233,default,100,9.7,4,1,1,0,0,0.0005908210000598046,
trap_penalty_q_learning_30_q_learning_42_820f2c6d,trap_penalty_q_learning_30,q_learning,train,165,42,risk,5,5,0.1,0.9,0.43732904629000013,default,100,9.5,6,1,1,0,0,0.0007636079999429057,
trap_penalty_q_learning_30_q_learning_42_820f2c6d,trap_penalty_q_learning_30,q_learning,train,166,42,risk,5,5,0.1,0.9,0.4351424010585501,default,100,8.5,7,1,1,0,0,0.000768419999985781,
trap_penalty_q_learning_30_q_learning_42_820f2c6d,trap_penalty_q_learning_30,q_learning,train,167,42,risk,5,5,0.1,0.9,0.43296668905325736,default,100,5.699999999999999,8,1,1,0,0,0.00067871200008085,
trap_penalty_q_learning_30_q_learning_42_820f2c6d,trap_penalty_q_learning_30,q_learning,train,168,42,risk,5,5,0.1,0.9,0.43080185560799106,default,100,8.5,7,1,1,0,0,0.0007413920000090002,
trap_penalty_q_learning_30_q_learning_42_820f2c6d,trap_penalty_q_learning_30,q_learning,train,169,42,risk,5,5,0.1,0.9,0.4286478463299511,default,100,7.7,6,1,1,0,0,0.0007053629999518307,
trap_penalty_q_learning_30_q_learning_42_820f2c6d,trap_penalty_q_learning_30,q_learning,train,170,42,risk,5,5,0.1,0.9,0.42650460709830135,default,100,9.7,4,1,1,0,0,0.000599904999944556,
trap_penalty_q_learning_30_q_learning_42_820f2c6d,trap_penalty_q_learning_30,q_learning,train,171,42,risk,5,5,0.1,0.9,0.42437208406280985,default,100,9.7,4,1,1,0,0,0.0005163859998447151,
trap_penalty_q_learning_30_q_learning_42_820f2c6d,trap_penalty_q_learning_30,q_learning,train,172,42,risk,5,5,0.1,0.9,0.4222502236424958,default,100,9.7,4,1,1,0,0,0.000608542000009038,
trap_penalty_q_learning_30_q_learning_42_820f2c6d,trap_penalty_q_learning_30,q_learning,train,173,42,risk,5,5,0.1,0.9,0.42013897252428334,default,100,5.5,10,1,1,0,0,0.0009146800000507938,
trap_penalty_q_learning_30_q_learning_42_820f2c6d,trap_penalty_q_learning_30,q_learning,train,174,42,risk,5,5,0.1,0.9,0.4180382776616619,default,100,7.699999999999999,6,1,1,0,0,0.0006951909999770578,
trap_penalty_q_learning_30_q_learning_42_820f2c6d,trap_penalty_q_learning_30,q_learning,train,175,42,risk,5,5,0.1,0.9,0.4159480862733536,default,100,8.5,7,1,1,0,0,0.0006681130000742996,
trap_penalty_q_learning_30_q_learning_42_820f2c6d,trap_penalty_q_learning_30,q_learning,train,176,42,risk,5,5,0.1,0.9,0.41386834584198684,default,100,-32.4,7,0,1,0,1,0.0006902130000980833,
trap_penalty_q_learning_30_q_learning_42_820f2c6d,trap_penalty_q_learning_30,q_learning,train,177,42,risk,5,5,0.1,0.9,0.4117990041127769,default,100,7.699999999999999,6,1,1,0,0,0.0006317770000805467,
trap_penalty_q_learning_30_q_learning_42_820f2c6d,trap_penalty_q_learning_30,q_learning,train,178,42,risk,5,5,0.1,0.9,0.40974000909221303,default,100,8.7,5,1,1,0,0,0.0005981710000924068,
trap_penalty_q_learning_30_q_learning_42_820f2c6d,trap_penalty_q_learning_30,q_learning,train,179,42,risk,5,5,0.1,0.9,0.40769130904675194,default,100,8.7,5,1,1,0,0,0.0006534780000038154,
trap_penalty_q_learning_30_q_learning_42_820f2c6d,trap_penalty_q_learning_30,q_learning,train,180,42,risk,5,5,0.1,0.9,0.40565285250151817,default,100,9.7,4,1,1,0,0,0.0005169220000880159,
trap_penalty_q_learning_30_q_learning_42_820f2c6d,trap_penalty_q_learning_30,q_learning,train,181,42,risk,5,5,0.1,0.9,0.4036245882390106,default,100,8.5,7,1,1,0,0,0.0007723900000655703,
trap_penalty_q_learning_30_q_learning_42_820f2c6d,trap_penalty_q_learning_30,q_learning,train,182,42,risk,5,5,0.1,0.9,0.4016064652978155,default,100,1.1000000000000014,18,1,1,0,0,0.0014202449999629607,
trap_penalty_q_learning_30_q_learning_42_820f2c6d,trap_penalty_q_learning_30,q_learning,train,183,42,risk,5,5,0.1,0.9,0.3995984329713264,default,100,7.699999999999999,6,1,1,0,0,0.0006377400000019406,
trap_penalty_q_learning_30_q_learning_42_820f2c6d,trap_penalty_q_learning_30,q_learning,train,184,42,risk,5,5,0.1,0.9,0.3976004408064698,default,100,4.100000000000001,15,1,1,0,0,0.0013303159998940828,
trap_penalty_q_learning_30_q_learning_42_820f2c6d,trap_penalty_q_learning_30,q_learning,train,185,42,risk,5,5,0.1,0.9,0.39561243860243744,default,100,6.5,9,1,1,0,0,0.0009622860000035871,
trap_penalty_q_learning_30_q_learning_42_820f2c6d,trap_penalty_q_learning_30,q_learning,train,186,42,risk,5,5,0.1,0.9,0.3936343764094253,default,100,7.7,6,1,1,0,0,0.0006499659998553398,
trap_penalty_q_learning_30_q_learning_42_820f2c6d,trap_penalty_q_learning_30,q_learning,train,187,42,risk,5,5,0.1,0.9,0.39166620452737816,default,100,9.7,4,1,1,0,0,0.0005858819999957632,
trap_penalty_q_learning_30_q_learning_42_820f2c6d,trap_penalty_q_learning_30,q_learning,train,188,42,risk,5,5,0.1,0.9,0.3897078735047413,default,100,9.7,4,1,1,0,0,0.0005957450000551034,
trap_penalty_q_learning_30_q_learning_42_820f2c6d,trap_penalty_q_learning_30,q_learning,train,189,42,risk,5,5,0.1,0.9,0.3877593341372176,default,100,9.7,4,1,1,0,0,0.000594983999917531,
trap_penalty_q_learning_30_q_learning_42_820f2c6d,trap_penalty_q_learning_30,q_learning,train,190,42,risk,5,5,0.1,0.9,0.3858205374665315,default,100,9.7,4,1,1,0,0,0.0005804720001378882,
trap_penalty_q_learning_30_q_learning_42_820f2c6d,trap_penalty_q_learning_30,q_learning,train,191,42,risk,5,5,0.1,0.9,0.38389143477919885,default,100,9.7,4,1,1,0,0,0.0005381530002068757,
trap_penalty_q_learning_30_q_learning_42_820f2c6d,trap_penalty_q_learning_30,q_learning,train,192,42,risk,5,5,0.1,0.9,0.3819719776053028,default,100,9.7,4,1,1,0,0,0.0006065190000299481,
trap_penalty_q_learning_30_q_learning_42_820f2c6d,trap_penalty_q_learning_30,q_learning,train,193,42,risk,5,5,0.1,0.9,0.3800621177172763,default,100,-30.2,3,0,1,0,1,0.00041529099985382345,
trap_penalty_q_learning_30_q_learning_42_820f2c6d,trap_penalty_q_learning_30,q_learning,train,194,42,risk,5,5,0.1,0.9,0.37816180712868996,default,100,8.7,5,1,1,0,0,0.0005638139998609404,
trap_penalty_q_learning_30_q_learning_42_820f2c6d,trap_penalty_q_learning_30,q_learning,train,195,42,risk,5,5,0.1,0.9,0.37627099809304654,default,100,8.1,11,1,1,0,0,0.001131376000103046,
trap_penalty_q_learning_30_q_learning_42_820f2c6d,trap_penalty_q_learning_30,q_learning,train,196,42,risk,5,5,0.1,0.9,0.3743896431025813,default,100,8.7,5,1,1,0,0,0.0005224419999194652,
trap_penalty_q_learning_30_q_learning_42_820f2c6d,trap_penalty_q_learning_30,q_learning,train,197,42,risk,5,5,0.1,0.9,0.37251769488706843,default,100,8.5,7,1,1,0,0,0.0006754730000011477,
trap_penalty_q_learning_30_q_learning_42_820f2c6d,trap_penalty_q_learning_30,q_learning,train,198,42,risk,5,5,0.1,0.9,0.3706551064126331,default,100,9.7,4,1,1,0,0,0.000616212999830168,
trap_penalty_q_learning_30_q_learning_42_820f2c6d,trap_penalty_q_learning_30,q_learning,train,199,42,risk,5,5,0.1,0.9,0.36880183088056995,default,100,9.3,8,1,1,0,0,0.0009214740000516031,
trap_penalty_q_learning_30_q_learning_42_820f2c6d,trap_penalty_q_learning_30,q_learning,train,200,42,risk,5,5,0.1,0.9,0.3669578217261671,default,100,4.7,9,1,1,0,0,0.0007638700001280085,results/trap_penalty/q_learning/trap_30/seed_42/qtable_ep200.npz
trap_penalty_q_learning_30_q_learning_42_820f2c6d,trap_penalty_q_learning_30,q_learning,train,201,42,risk,5,5,0.1,0.9,0.36512303261753626,default,100,9.7,4,1,1,0,0,0.0006271180000112508,
trap_penalty_q_learning_30_q_learning_42_820f2c6d,trap_penalty_q_learning_30,q_learning,train,202,42,risk,5,5,0.1,0.9,0.3632974174544486,default,100,7.5,8,1,1,0,0,0.000737873999923977,
trap_penalty_q_learning_30_q_learning_42_820f2c6d,trap_penalty_q_learning_30,q_learning,train,203,42,risk,5,5,0.1,0.9,0.3614809303671764,default,100,-31.2,4,0,1,0,1,0.00046601500002907414,
trap_penalty_q_learning_30_q_learning_42_820f2c6d,trap_penalty_q_learning_30,q_learning,train,204,42,risk,5,5,0.1,0.9,0.3596735257153405,default,100,9.7,4,1,1,0,0,0.00053948799995851,
trap_penalty_q_learning_30_q_learning_42_820f2c6d,trap_penalty_q_learning_30,q_learning,train,205,42,risk,5,5,0.1,0.9,0.3578751580867638,default,100,9.7,4,1,1,0,0,0.0006249479999951291,
trap_penalty_q_learning_30_q_learning_42_820f2c6d,trap_penalty_q_learning_30,q_learning,train,206,42,risk,5,5,0.1,0.9,0.35608578229633,default,100,8.299999999999999,9,1,1,0,0,0.000984426999821153,
trap_penalty_q_learning_30_q_learning_42_820f2c6d,trap_penalty_q_learning_30,q_learning,train,207,42,risk,5,5,0.1,0.9,0.3543053533848483,default,100,8.299999999999999,9,1,1,0,0,0.0009760269999787852,
trap_penalty_q_learning_30_q_learning_42_820f2c6d,trap_penalty_q_learning_30,q_learning,train,208,42,risk,5,5,0.1,0.9,0.35253382661792404,default,100,9.7,4,1,1,0,0,0.0006047210001725034,
trap_penalty_q_learning_30_q_learning_42_820f2c6d,trap_penalty_q_learning_30,q_learning,train,209,42,risk,5,5,0.1,0.9,0.3507711574848344,default,100,8.7,5,1,1,0,0,0.00058482899999035,
trap_penalty_q_learning_30_q_learning_42_820f2c6d,trap_penalty_q_learning_30,q_learning,train,210,42,risk,5,5,0.1,0.9,0.34901730169741024,default,100,9.7,4,1,1,0,0,0.0005339360000107263,
trap_penalty_q_learning_30_q_learning_42_820f2c6d,trap_penalty_q_learning_30,q_learning,train,211,42,risk,5,5,0.1,0.9,0.3472722151889232,default,100,7.299999999999999,10,1,1,0,0,0.0009939200001554127,
trap_penalty_q_learning_30_q_learning_42_820f2c6d,trap_penalty_q_learning_30,q_learning,train,212,42,risk,5,5,0.1,0.9,0.3455358541129786,default,100,6.5,9,1,1,0,0,0.0009175570000934385,
trap_penalty_q_learning_30_q_learning_42_820f2c6d,trap_penalty_q_learning_30,q_learning,train,213,42,risk,5,5,0.1,0.9,0.3438081748424137,default,100,8.7,5,1,1,0,0,0.0006511739998131816,
trap_penalty_q_learning_30_q_learning_42_820f2c6d,trap_penalty_q_learning_30,q_learning,train,214,42,risk,5,5,0.1,0.9,0.3420891339682016,default,100,8.5,7,1,1,0,0,0.0008004180001535133,
trap_penalty_q_learning_30_q_learning_42_820f2c6d,trap_penalty_q_learning_30,q_learning,train,215,42,risk,5,5,0.1,0.9,0.3403786882983606,default,100,9.3,8,1,1,0,0,0.0009105909998652351,
trap_penalty_q_learning_30_q_learning_42_820f2c6d,trap_penalty_q_learning_30,q_learning,train,216,42,risk,5,5,0.1,0.9,0.3386767948568688,default,100,9.7,4,1,1,0,0,0.000603760999865699,
trap_penalty_q_learning_30_q_learning_42_820f2c6d,trap_penalty_q_learning_30,q_learning,train,217,42,risk,5,5,0.1,0.9,0.33698341088258443,default,100,9.7,4,1,1,0,0,0.0005877440000858769,
trap_penalty_q_learning_30_q_learning_42_820f2c6d,trap_penalty_q_learning_30,q_learning,train,218,42,risk,5,5,0.1,0.9,0.3352984938281715,default,100,9.7,4,1,1,0,0,0.0005253780000202823,
trap_penalty_q_learning_30_q_learning_42_820f2c6d,trap_penalty_q_learning_30,q_learning,train,219,42,risk,5,5,0.1,0.9,0.33362200135903064,default,100,-30.2,3,0,1,0,1,0.00040395899986833683,
trap_penalty_q_learning_30_q_learning_42_820f2c6d,trap_penalty_q_learning_30,q_learning,train,220,42,risk,5,5,0.1,0.9,0.33195389135223546,default,100,9.7,4,1,1,0,0,0.000549460000002,
trap_penalty_q_learning_30_q_learning_42_820f2c6d,trap_penalty_q_learning_30,q_learning,train,221,42,risk,5,5,0.1,0.9,0.3302941218954743,default,100,-30.2,3,0,1,0,1,0.0004319229999509844,
trap_penalty_q_learning_30_q_learning_42_820f2c6d,trap_penalty_q_learning_30,q_learning,train,222,42,risk,5,5,0.1,0.9,0.32864265128599696,default,100,9.7,4,1,1,0,0,0.0006099459999404644,
trap_penalty_q_learning_30_q_learning_42_820f2c6d,trap_penalty_q_learning_30,q_learning,train,223,42,risk,5,5,0.1,0.9,0.326999438029567,default,100,7.5,8,1,1,0,0,0.0007181559999480669,
trap_penalty_q_learning_30_q_learning_42_820f2c6d,trap_penalty_q_learning_30,q_learning,train,224,42,risk,5,5,0.1,0.9,0.3253644408394192,default,100,8.3,9,1,1,0,0,0.0009905179999805114,
trap_penalty_q_learning_30_q_learning_42_820f2c6d,trap_penalty_q_learning_30,q_learning,train,225,42,risk,5,5,0.1,0.9,0.3237376186352221,default,100,-31.2,4,0,1,0,1,0.0004776400000991998,
trap_penalty_q_learning_30_q_learning_42_820f2c6d,trap_penalty_q_learning_30,q_learning,train,226,42,risk,5,5,0.1,0.9,0.322118930542046,default,100,7.699999999999999,6,1,1,0,0,0.000666642999931355,
trap_penalty_q_learning_30_q_learning_42_820f2c6d,trap_penalty_q_learning_30,q_learning,train,227,42,risk,5,5,0.1,0.9,0.32050833588933575,default,100,-30.2,3,0,1,0,1,0.0003414049999719282,
trap_penalty_q_learning_30_q_learning_42_820f2c6d,trap_penalty_q_learning_30,q_learning,train,228,42,risk,5,5,0.1,0.9,0.31890579420988907,default,100,4.700000000000001,9,1,1,0,0,0.0008484379998208169,
trap_penalty_q_learning_30_q_learning_42_820f2c6d,trap_penalty_q_learning_30,q_learning,train,229,42,risk,5,5,0.1,0.9,0.3173112652388396,default,100,7.699999999999999,6,1,1,0,0,0.0006350979999751871,
trap_penalty_q_learning_30_q_learning_42_820f2c6d,trap_penalty_q_learning_30,q_learning,train,230,42,risk,5,5,0.1,0.9,0.3157247089126454,default,100,9.7,4,1,1,0,0,0.0005438840000806522,
trap_penalty_q_learning_30_q_learning_42_820f2c6d,trap_penalty_q_learning_30,q_learning,train,231,42,risk,5,5,0.1,0.9,0.3141460853680822,default,100,-32.2,5,0,1,0,1,0.0005171390000668907,
trap_penalty_q_learning_30_q_learning_42_820f2c6d,trap_penalty_q_learning_30,q_learning,train,232,42,risk,5,5,0.1,0.9,0.3125753549412418,default,100,-30.2,3,0,1,0,1,0.00041413399981138355,
trap_penalty_q_learning_30_q_learning_42_820f2c6d,trap_penalty_q_learning_30,q_learning,train,233,42,risk,5,5,0.1,0.9,0.31101247816653554,default,100,-32.2,5,0,1,0,1,0.0004546440000012808,
trap_penalty_q_learning_30_q_learning_42_820f2c6d,trap_penalty_q_learning_30,q_learning,train,234,42,risk,5,5,0.1,0.9,0.30945741577570285,default,100,7.299999999999999,10,1,1,0,0,0.0009839250001277833,
trap_penalty_q_learning_30_q_learning_42_820f2c6d,trap_penalty_q_learning_30,q_learning,train,235,42,risk,5,5,0.1,0.9,0.3079101286968243,default,100,9.7,4,1,1,0,0,0.0006137220000255184,
trap_penalty_q_learning_30_q_learning_42_820f2c6d,trap_penalty_q_learning_30,q_learning,train,236,42,risk,5,5,0.1,0.9,0.3063705780533402,default,100,9.7,4,1,1,0,0,0.0005989079998016678,
trap_penalty_q_learning_30_q_learning_42_820f2c6d,trap_penalty_q_learning_30,q_learning,train,237,42,risk,5,5,0.1,0.9,0.30483872516307353,default,100,8.7,5,1,1,0,0,0.0006383970001024863,
trap_penalty_q_learning_30_q_learning_42_820f2c6d,trap_penalty_q_learning_30,q_learning,train,238,42,risk,5,5,0.1,0.9,0.3033145315372582,default,100,9.7,4,1,1,0,0,0.0005994450000343932,
trap_penalty_q_learning_30_q_learning_42_820f2c6d,trap_penalty_q_learning_30,q_learning,train,239,42,risk,5,5,0.1,0.9,0.3017979588795719,default,100,8.5,7,1,1,0,0,0.0007750969998596702,
trap_penalty_q_learning_30_q_learning_42_820f2c6d,trap_penalty_q_learning_30,q_learning,train,240,42,risk,5,5,0.1,0.9,0.30028896908517405,default,100,9.7,4,1,1,0,0,0.0005945500001871551,
trap_penalty_q_learning_30_q_learning_42_820f2c6d,trap_penalty_q_learning_30,q_learning,train,241,42,risk,5,5,0.1,0.9,0.2987875242397482,default,100,9.7,4,1,1,0,0,0.0005429770001228462,
trap_penalty_q_learning_30_q_learning_42_820f2c6d,trap_penalty_q_learning_30,q_learning,train,242,42,risk,5,5,0.1,0.9,0.29729358661854943,default,100,9.7,4,1,1,0,0,0.0006293439998898975,
trap_penalty_q_learning_30_q_learning_42_820f2c6d,trap_penalty_q_learning_30,q_learning,train,243,42,risk,5,5,0.1,0.9,0.29580711868545667,default,100,-31.2,4,0,1,0,1,0.0003936309999517107,
trap_penalty_q_learning_30_q_learning_42_820f2c6d,trap_penalty_q_learning_30,q_learning,train,244,42,risk,5,5,0.1,0.9,0.2943280830920294,default,100,8.7,5,1,1,0,0,0.0006580440001471288,
trap_penalty_q_learning_30_q_learning_42_820f2c6d,trap_penalty_q_learning_30,q_learning,train,245,42,risk,5,5,0.1,0.9,0.29285644267656924,default,100,7.699999999999999,6,1,1,0,0,0.0007145390000005136,
trap_penalty_q_learning_30_q_learning_42_820f2c6d,trap_penalty_q_learning_30,q_learning,train,246,42,risk,5,5,0.1,0.9,0.2913921604631864,default,100,9.7,4,1,1,0,0,0.0005279829999835783,
trap_penalty_q_learning_30_q_learning_42_820f2c6d,trap_penalty_q_learning_30,q_learning,train,247,42,risk,5,5,0.1,0.9,0.28993519966087045,default,100,8.7,5,1,1,0,0,0.0006052890000773914,
trap_penalty_q_learning_30_q_learning_42_820f2c6d,trap_penalty_q_learning_30,q_learning,train,248,42,risk,5,5,0.1,0.9,0.2884855236625661,default,100,7.699999999999999,6,1,1,0,0,0.0007062560000576923,
trap_penalty_q_learning_30_q_learning_42_820f2c6d,trap_penalty_q_learning_30,q_learning,train,249,42,risk,5,5,0.1,0.9,0.28704309604425327,default,100,9.7,4,1,1,0,0,0.0006165089998830808,
trap_penalty_q_learning_30_q_learning_42_820f2c6d,trap_penalty_q_learning_30,q_learning,train,250,42,risk,5,5,0.1,0.9,0.285607880564032,default,100,9.7,4,1,1,0,0,0.0005431510001017159,
trap_penalty_q_learning_30_q_learning_42_820f2c6d,trap_penalty_q_learning_30,q_learning,train,251,42,risk,5,5,0.1,0.9,0.28417984116121187,default,100,9.7,4,1,1,0,0,0.0005993559998387354,
trap_penalty_q_learning_30_q_learning_42_820f2c6d,trap_penalty_q_learning_30,q_learning,train,252,42,risk,5,5,0.1,0.9,0.2827589419554058,default,100,9.7,4,1,1,0,0,0.0005860639998900297,
trap_penalty_q_learning_30_q_learning_42_820f2c6d,trap_penalty_q_learning_30,q_learning,train,253,42,risk,5,5,0.1,0.9,0.28134514724562876,default,100,9.5,6,1,1,0,0,0.0007590980001168646,
trap_penalty_q_learning_30_q_learning_42_820f2c6d,trap_penalty_q_learning_30,q_learning,train,254,42,risk,5,5,0.1,0.9,0.2799384215094006,default,100,9.7,4,1,1,0,0,0.00058652699999584,
trap_penalty_q_learning_30_q_learning_42_820f2c6d,trap_penalty_q_learning_30,q_learning,train,255,42,risk,5,5,0.1,0.9,0.27853872940185365,default,100,9.5,6,1,1,0,0,0.0007843419998607715,
trap_penalty_q_learning_30_q_learning_42_820f2c6d,trap_penalty_q_learning_30,q_learning,train,256,42,risk,5,5,0.1,0.9,0.27714603575484437,default,100,9.7,4,1,1,0,0,0.0005967279998913,
trap_penalty_q_learning_30_q_learning_42_820f2c6d,trap_penalty_q_learning_30,q_learning,train,257,42,risk,5,5,0.1,0.9,0.2757603055760701,default,100,8.7,5,1,1,0,0,0.0006458610000663612,
trap_penalty_q_learning_30_q_learning_42_820f2c6d,trap_penalty_q_learning_30,q_learning,train,258,42,risk,5,5,0.1,0.9,0.2743815040481898,default,100,7.699999999999999,6,1,1,0,0,0.0006853429999864602,
trap_penalty_q_learning_30_q_learning_42_820f2c6d,trap_penalty_q_learning_30,q_learning,train,259,42,risk,5,5,0.1,0.9,0.2730095965279488,default,100,8.7,5,1,1,0,0,0.0006822299999384995,
trap_penalty_q_learning_30_q_learning_42_820f2c6d,trap_penalty_q_learning_30,q_learning,train,260,42,risk,5,5,0.1,0.9,0.27164454854530906,default,100,8.5,7,1,1,0,0,0.0007685729999593605,
trap_penalty_q_learning_30_q_learning_42_820f2c6d,trap_penalty_q_learning_30,q_learning,train,261,42,risk,5,5,0.1,0.9,0.2702863258025825,default,100,8.5,7,1,1,0,0,0.0008395639999889681,
trap_penalty_q_learning_30_q_learning_42_820f2c6d,trap_penalty_q_learning_30,q_learning,train,262,42,risk,5,5,0.1,0.9,0.2689348941735696,default,100,9.7,4,1,1,0,0,0.0006050050001249474,
trap_penalty_q_learning_30_q_learning_42_820f2c6d,trap_penalty_q_learning_30,q_learning,train,263,42,risk,5,5,0.1,0.9,0.26759021970270175,default,100,9.7,4,1,1,0,0,0.0005854789999375498,
trap_penalty_q_learning_30_q_learning_42_820f2c6d,trap_penalty_q_learning_30,q_learning,train,264,42,risk,5,5,0.1,0.9,0.2662522686041882,default,100,9.7,4,1,1,0,0,0.0006105639999987034,
trap_penalty_q_learning_30_q_learning_42_820f2c6d,trap_penalty_q_learning_30,q_learning,train,265,42,risk,5,5,0.1,0.9,0.2649210072611673,default,100,9.7,4,1,1,0,0,0.0006658360000528774,
trap_penalty_q_learning_30_q_learning_42_820f2c6d,trap_penalty_q_learning_30,q_learning,train,266,42,risk,5,5,0.1,0.9,0.26359640222486147,default,100,7.699999999999999,6,1,1,0,0,0.0006307249998371844,
trap_penalty_q_learning_30_q_learning_42_820f2c6d,trap_penalty_q_learning_30,q_learning,train,267,42,risk,5,5,0.1,0.9,0.26227842021373715,default,100,-30.2,3,0,1,0,1,0.0004231749999235035,
trap_penalty_q_learning_30_q_learning_42_820f2c6d,trap_penalty_q_learning_30,q_learning,train,268,42,risk,5,5,0.1,0.9,0.2609670281126685,default,100,5.5,10,1,1,0,0,0.0008936159999848314,
trap_penalty_q_learning_30_q_learning_42_820f2c6d,trap_penalty_q_learning_30,q_learning,train,269,42,risk,5,5,0.1,0.9,0.25966219297210513,default,100,7.7,6,1,1,0,0,0.0006921990000137157,
trap_penalty_q_learning_30_q_learning_42_820f2c6d,trap_penalty_q_learning_30,q_learning,train,270,42,risk,5,5,0.1,0.9,0.2583638820072446,default,100,3.9000000000000004,17,1,1,0,0,0.0015413050000461226,
trap_penalty_q_learning_30_q_learning_42_820f2c6d,trap_penalty_q_learning_30,q_learning,train,271,42,risk,5,5,0.1,0.9,0.2570720625972084,default,100,9.7,4,1,1,0,0,0.0006063560001621227,
trap_penalty_q_learning_30_q_learning_42_820f2c6d,trap_penalty_q_learning_30,q_learning,train,272,42,risk,5,5,0.1,0.9,0.25578670228422234,default,100,9.7,4,1,1,0,0,0.0005866440001227602,
trap_penalty_q_learning_30_q_learning_42_820f2c6d,trap_penalty_q_learning_30,q_learning,train,273,42,risk,5,5,0.1,0.9,0.25450776877280124,default,100,-32.4,7,0,1,0,1,0.0006115529999988212,
trap_penalty_q_learning_30_q_learning_42_820f2c6d,trap_penalty_q_learning_30,q_learning,train,274,42,risk,5,5,0.1,0.9,0.2532352299289372,default,100,9.5,6,1,1,0,0,0.0007759669999813923,
trap_penalty_q_learning_30_q_learning_42_820f2c6d,trap_penalty_q_learning_30,q_learning,train,275,42,risk,5,5,0.1,0.9,0.2519690537792925,default,100,9.7,4,1,1,0,0,0.0006106819998876745,
trap_penalty_q_learning_30_q_learning_42_820f2c6d,trap_penalty_q_learning_30,q_learning,train,276,42,risk,5,5,0.1,0.9,0.2507092085103961,default,100,9.7,4,1,1,0,0,0.000597578999986581,
trap_penalty_q_learning_30_q_learning_42_820f2c6d,trap_penalty_q_learning_30,q_learning,train,277,42,risk,5,5,0.1,0.9,0.2494556624678441,default,100,9.7,4,1,1,0,0,0.0005223739999564714,
trap_penalty_q_learning_30_q_learning_42_820f2c6d,trap_penalty_q_learning_30,q_learning,train,278,42,risk,5,5,0.1,0.9,0.24820838415550486,default,100,9.5,6,1,1,0,0,0.0006948220000140282,
trap_penalty_q_learning_30_q_learning_42_820f2c6d,trap_penalty_q_learning_30,q_learning,train,279,42,risk,5,5,0.1,0.9,0.24696734223472733,default,100,6.299999999999999,11,1,1,0,0,0.0010677350001060404,
trap_penalty_q_learning_30_q_learning_42_820f2c6d,trap_penalty_q_learning_30,q_learning,train,280,42,risk,5,5,0.1,0.9,0.2457325055235537,default,100,9.7,4,1,1,0,0,0.0006226479999895673,
trap_penalty_q_learning_30_q_learning_42_820f2c6d,trap_penalty_q_learning_30,q_learning,train,281,42,risk,5,5,0.1,0.9,0.24450384299593592,default,100,9.7,4,1,1,0,0,0.000626756999963618,
trap_penalty_q_learning_30_q_learning_42_820f2c6d,trap_penalty_q_learning_30,q_learning,train,282,42,risk,5,5,0.1,0.9,0.24328132378095624,default,100,8.7,5,1,1,0,0,0.0005848570001489861,
trap_penalty_q_learning_30_q_learning_42_820f2c6d,trap_penalty_q_learning_30,q_learning,train,283,42,risk,5,5,0.1,0.9,0.24206491716205145,default,100,9.7,4,1,1,0,0,0.0005881530000806379,
trap_penalty_q_learning_30_q_learning_42_820f2c6d,trap_penalty_q_learning_30,q_learning,train,284,42,risk,5,5,0.1,0.9,0.2408545925762412,default,100,9.5,6,1,1,0,0,0.0007536440000421862,
trap_penalty_q_learning_30_q_learning_42_820f2c6d,trap_penalty_q_learning_30,q_learning,train,285,42,risk,5,5,0.1,0.9,0.23965031961336,default,100,8.5,7,1,1,0,0,0.0008784299998296774,
trap_penalty_q_learning_30_q_learning_42_820f2c6d,trap_penalty_q_learning_30,q_learning,train,286,42,risk,5,5,0.1,0.9,0.2384520680152932,default,100,-30.2,3,0,1,0,1,0.0004124319998481951,
trap_penalty_q_learning_30_q_learning_42_820f2c6d,trap_penalty_q_learning_30,q_learning,train,287,42,risk,5,5,0.1,0.9,0.23725980767521673,default,100,7.699999999999999,6,1,1,0,0,0.0006275460000324529,
trap_penalty_q_learning_30_q_learning_42_820f2c6d,trap_penalty_q_learning_30,q_learning,train,288,42,risk,5,5,0.1,0.9,0.23607350863684065,default,100,7.699999999999999,6,1,1,0,0,0.000698564999993323,
trap_penalty_q_learning_30_q_learning_42_820f2c6d,trap_penalty_q_learning_30,q_learning,train,289,42,risk,5,5,0.1,0.9,0.23489314109365644,default,100,9.7,4,1,1,0,0,0.0005878130000382953,
trap_penalty_q_learning_30_q_learning_42_820f2c6d,trap_penalty_q_learning_30,q_learning,train,290,42,risk,5,5,0.1,0.9,0.23371867538818816,default,100,7.699999999999999,6,1,1,0,0,0.0007080279999627237,
trap_penalty_q_learning_30_q_learning_42_820f2c6d,trap_penalty_q_learning_30,q_learning,train,291,42,risk,5,5,0.1,0.9,0.23255008201124722,default,100,9.7,4,1,1,0,0,0.0006445300000450516,
trap_penalty_q_learning_30_q_learning_42_820f2c6d,trap_penalty_q_learning_30,q_learning,train,292,42,risk,5,5,0.1,0.9,0.231387331601191,default,100,9.7,4,1,1,0,0,0.0005917890000546322,
trap_penalty_q_learning_30_q_learning_42_820f2c6d,trap_penalty_q_learning_30,q_learning,train,293,42,risk,5,5,0.1,0.9,0.23023039494318503,default,100,9.7,4,1,1,0,0,0.0004683669999394624,
trap_penalty_q_learning_30_q_learning_42_820f2c6d,trap_penalty_q_learning_30,q_learning,train,294,42,risk,5,5,0.1,0.9,0.2290792429684691,default,100,-30.2,3,0,1,0,1,0.00034181199998783995,
trap_penalty_q_learning_30_q_learning_42_820f2c6d,trap_penalty_q_learning_30,q_learning,train,295,42,risk,5,5,0.1,0.9,0.22793384675362674,default,100,-30.2,3,0,1,0,1,0.00034547599989309674,
trap_penalty_q_learning_30_q_learning_42_820f2c6d,trap_penalty_q_learning_30,q_learning,train,296,42,risk,5,5,0.1,0.9,0.22679417751985861,default,100,8.5,7,1,1,0,0,0.0008204279999972641,
trap_penalty_q_learning_30_q_learning_42_820f2c6d,trap_penalty_q_learning_30,q_learning,train,297,42,risk,5,5,0.1,0.9,0.22566020663225933,default,100,8.5,7,1,1,0,0,0.0008387220000258822,
trap_penalty_q_learning_30_q_learning_42_820f2c6d,trap_penalty_q_learning_30,q_learning,train,298,42,risk,5,5,0.1,0.9,0.22453190559909803,default,100,9.5,6,1,1,0,0,0.0007052759999623959,
trap_penalty_q_learning_30_q_learning_42_820f2c6d,trap_penalty_q_learning_30,q_learning,train,299,42,risk,5,5,0.1,0.9,0.22340924607110255,default,100,8.7,5,1,1,0,0,0.0006327149999378889,
trap_penalty_q_learning_30_q_learning_42_820f2c6d,trap_penalty_q_learning_30,q_learning,train,300,42,risk,5,5,0.1,0.9,0.22229219984074702,default,100,9.7,4,1,1,0,0,0.0005353819999527332,
trap_penalty_q_learning_30_q_learning_42_820f2c6d,trap_penalty_q_learning_30,q_learning,train,301,42,risk,5,5,0.1,0.9,0.2211807388415433,default,100,9.3,8,1,1,0,0,0.0009137810000083846,
trap_penalty_q_learning_30_q_learning_42_820f2c6d,trap_penalty_q_learning_30,q_learning,train,302,42,risk,5,5,0.1,0.9,0.22007483514733558,default,100,8.7,5,1,1,0,0,0.0006599069999992935,
trap_penalty_q_learning_30_q_learning_42_820f2c6d,trap_penalty_q_learning_30,q_learning,train,303,42,risk,5,5,0.1,0.9,0.2189744609715989,default,100,8.5,7,1,1,0,0,0.0008149689999754628,
trap_penalty_q_learning_30_q_learning_42_820f2c6d,trap_penalty_q_learning_30,q_learning,train,304,42,risk,5,5,0.1,0.9,0.2178795886667409,default,100,9.7,4,1,1,0,0,0.0005852300000697142,
trap_penalty_q_learning_30_q_learning_42_820f2c6d,trap_penalty_q_learning_30,q_learning,train,305,42,risk,5,5,0.1,0.9,0.2167901907234072,default,100,9.7,4,1,1,0,0,0.000544599000022572,
trap_penalty_q_learning_30_q_learning_42_820f2c6d,trap_penalty_q_learning_30,q_learning,train,306,42,risk,5,5,0.1,0.9,0.21570623976979014,default,100,9.7,4,1,1,0,0,0.0005296930000895372,
trap_penalty_q_learning_30_q_learning_42_820f2c6d,trap_penalty_q_learning_30,q_learning,train,307,42,risk,5,5,0.1,0.9,0.21462770857094118,default,100,8.7,5,1,1,0,0,0.0006550600000991835,
trap_penalty_q_learning_30_q_learning_42_820f2c6d,trap_penalty_q_learning_30,q_learning,train,308,42,risk,5,5,0.1,0.9,0.21355457002808648,default,100,8.5,7,1,1,0,0,0.0008116989999962243,
trap_penalty_q_learning_30_q_learning_42_820f2c6d,trap_penalty_q_learning_30,q_learning,train,309,42,risk,5,5,0.1,0.9,0.21248679717794605,default,100,-30.4,5,0,1,0,1,0.0005820510000376089,
trap_penalty_q_learning_30_q_learning_42_820f2c6d,trap_penalty_q_learning_30,q_learning,train,310,42,risk,5,5,0.1,0.9,0.21142436319205632,default,100,9.7,4,1,1,0,0,0.0005957260000286624,
trap_penalty_q_learning_30_q_learning_42_820f2c6d,trap_penalty_q_learning_30,q_learning,train,311,42,risk,5,5,0.1,0.9,0.21036724137609603,default,100,8.7,5,1,1,0,0,0.0006505239998659818,
trap_penalty_q_learning_30_q_learning_42_820f2c6d,trap_penalty_q_learning_30,q_learning,train,312,42,risk,5,5,0.1,0.9,0.20931540516921554,default,100,9.7,4,1,1,0,0,0.0005818470001486276,
trap_penalty_q_learning_30_q_learning_42_820f2c6d,trap_penalty_q_learning_30,q_learning,train,313,42,risk,5,5,0.1,0.9,0.20826882814336947,default,100,9.7,4,1,1,0,0,0.0006237250001959183,
trap_penalty_q_learning_30_q_learning_42_820f2c6d,trap_penalty_q_learning_30,q_learning,train,314,42,risk,5,5,0.1,0.9,0.20722748400265262,default,100,9.5,6,1,1,0,0,0.0007643470000857633,
trap_penalty_q_learning_30_q_learning_42_820f2c6d,trap_penalty_q_learning_30,q_learning,train,315,42,risk,5,5,0.1,0.9,0.20619134658263935,default,100,9.7,4,1,1,0,0,0.0005459559999962948,
trap_penalty_q_learning_30_q_learning_42_820f2c6d,trap_penalty_q_learning_30,q_learning,train,316,42,risk,5,5,0.1,0.9,0.20516038984972615,default,100,9.7,4,1,1,0,0,0.000600224999971033,
trap_penalty_q_learning_30_q_learning_42_820f2c6d,trap_penalty_q_learning_30,q_learning,train,317,42,risk,5,5,0.1,0.9,0.2041345879004775,default,100,8.7,5,1,1,0,0,0.0005859090001649747,
trap_penalty_q_learning_30_q_learning_42_820f2c6d,trap_penalty_q_learning_30,q_learning,train,318,42,risk,5,5,0.1,0.9,0.2031139149609751,default,100,9.7,4,1,1,0,0,0.0005207810002048063,
trap_penalty_q_learning_30_q_learning_42_820f2c6d,trap_penalty_q_learning_30,q_learning,train,319,42,risk,5,5,0.1,0.9,0.20209834538617025,default,100,8.5,7,1,1,0,0,0.0008222120000027644,
trap_penalty_q_learning_30_q_learning_42_820f2c6d,trap_penalty_q_learning_30,q_learning,train,320,42,risk,5,5,0.1,0.9,0.2010878536592394,default,100,9.7,4,1,1,0,0,0.0005456659998799296,
trap_penalty_q_learning_30_q_learning_42_820f2c6d,trap_penalty_q_learning_30,q_learning,train,321,42,risk,5,5,0.1,0.9,0.2000824143909432,default,100,9.7,4,1,1,0,0,0.0006191319998833933,
trap_penalty_q_learning_30_q_learning_42_820f2c6d,trap_penalty_q_learning_30,q_learning,train,322,42,risk,5,5,0.1,0.9,0.19908200231898848,default,100,9.7,4,1,1,0,0,0.0005871570001545479,
trap_penalty_q_learning_30_q_learning_42_820f2c6d,trap_penalty_q_learning_30,q_learning,train,323,42,risk,5,5,0.1,0.9,0.19808659230739353,default,100,9.7,4,1,1,0,0,0.0005975139999918611,
trap_penalty_q_learning_30_q_learning_42_820f2c6d,trap_penalty_q_learning_30,q_learning,train,324,42,risk,5,5,0.1,0.9,0.19709615934585656,default,100,-31.2,4,0,1,0,1,0.0004952459999003622,
trap_penalty_q_learning_30_q_learning_42_820f2c6d,trap_penalty_q_learning_30,q_learning,train,325,42,risk,5,5,0.1,0.9,0.19611067854912728,default,100,8.7,5,1,1,0,0,0.0006570549999196373,
trap_penalty_q_learning_30_q_learning_42_820f2c6d,trap_penalty_q_learning_30,q_learning,train,326,42,risk,5,5,0.1,0.9,0.19513012515638165,default,100,9.7,4,1,1,0,0,0.0005986700000448764,
trap_penalty_q_learning_30_q_learning_42_820f2c6d,trap_penalty_q_learning_30,q_learning,train,327,42,risk,5,5,0.1,0.9,0.19415447453059972,default,100,8.7,5,1,1,0,0,0.0005674370001997886,
trap_penalty_q_learning_30_q_learning_42_820f2c6d,trap_penalty_q_learning_30,q_learning,train,328,42,risk,5,5,0.1,0.9,0.19318370215794672,default,100,8.7,5,1,1,0,0,0.0006452599998283404,
trap_penalty_q_learning_30_q_learning_42_820f2c6d,trap_penalty_q_learning_30,q_learning,train,329,42,risk,5,5,0.1,0.9,0.192217783647157,default,100,9.7,4,1,1,0,0,0.0005937639998592203,
trap_penalty_q_learning_30_q_learning_42_820f2c6d,trap_penalty_q_learning_30,q_learning,train,330,42,risk,5,5,0.1,0.9,0.1912566947289212,default,100,8.3,9,1,1,0,0,0.000996132999944166,
trap_penalty_q_learning_30_q_learning_42_820f2c6d,trap_penalty_q_learning_30,q_learning,train,331,42,risk,5,5,0.1,0.9,0.1903004112552766,default,100,9.5,6,1,1,0,0,0.0006254780000745086,
trap_penalty_q_learning_30_q_learning_42_820f2c6d,trap_penalty_q_learning_30,q_learning,train,332,42,risk,5,5,0.1,0.9,0.18934890919900021,default,100,9.7,4,1,1,0,0,0.0005976229999760108,
trap_penalty_q_learning_30_q_learning_42_820f2c6d,trap_penalty_q_learning_30,q_learning,train,333,42,risk,5,5,0.1,0.9,0.18840216465300522,default,100,9.7,4,1,1,0,0,0.0005814000001009845,
trap_penalty_q_learning_30_q_learning_42_820f2c6d,trap_penalty_q_learning_30,q_learning,train,334,42,risk,5,5,0.1,0.9,0.18746015382974018,default,100,9.7,4,1,1,0,0,0.0005926289998114953,
trap_penalty_q_learning_30_q_learning_42_820f2c6d,trap_penalty_q_learning_30,q_learning,train,335,42,risk,5,5,0.1,0.9,0.1865228530605915,default,100,9.5,6,1,1,0,0,0.0007727909999175608,
trap_penalty_q_learning_30_q_learning_42_820f2c6d,trap_penalty_q_learning_30,q_learning,train,336,42,risk,5,5,0.1,0.9,0.18559023879528855,default,100,9.7,4,1,1,0,0,0.0006115710000358376,
trap_penalty_q_learning_30_q_learning_42_820f2c6d,trap_penalty_q_learning_30,q_learning,train,337,42,risk,5,5,0.1,0.9,0.1846622876013121,default,100,9.7,4,1,1,0,0,0.0005333070000688167,
trap_penalty_q_learning_30_q_learning_42_820f2c6d,trap_penalty_q_learning_30,q_learning,train,338,42,risk,5,5,0.1,0.9,0.18373897616330553,default,100,9.7,4,1,1,0,0,0.000595880999981091,
trap_penalty_q_learning_30_q_learning_42_820f2c6d,trap_penalty_q_learning_30,q_learning,train,339,42,risk,5,5,0.1,0.9,0.182820281282489,default,100,9.7,4,1,1,0,0,0.0005216379997818876,
trap_penalty_q_learning_30_q_learning_42_820f2c6d,trap_penalty_q_learning_30,q_learning,train,340,42,risk,5,5,0.1,0.9,0.18190617987607657,default,100,9.7,4,1,1,0,0,0.0006083819998821127,
trap_penalty_q_learning_30_q_learning_42_820f2c6d,trap_penalty_q_learning_30,q_learning,train,341,42,risk,5,5,0.1,0.9,0.18099664897669618,default,100,-30.2,3,0,1,0,1,0.00044987199999013683,
trap_penalty_q_learning_30_q_learning_42_820f2c6d,trap_penalty_q_learning_30,q_learning,train,342,42,risk,5,5,0.1,0.9,0.1800916657318127,default,100,9.7,4,1,1,0,0,0.0005999400000291644,
trap_penalty_q_learning_30_q_learning_42_820f2c6d,trap_penalty_q_learning_30,q_learning,train,343,42,risk,5,5,0.1,0.9,0.17919120740315364,default,100,9.7,4,1,1,0,0,0.0006068910001886252,
trap_penalty_q_learning_30_q_learning_42_820f2c6d,trap_penalty_q_learning_30,q_learning,train,344,42,risk,5,5,0.1,0.9,0.17829525136613786,default,100,9.5,6,1,1,0,0,0.000700578000078167,
trap_penalty_q_learning_30_q_learning_42_820f2c6d,trap_penalty_q_learning_30,q_learning,train,345,42,risk,5,5,0.1,0.9,0.17740377510930716,default,100,8.7,5,1,1,0,0,0.0005700850001630897,
trap_penalty_q_learning_30_q_learning_42_820f2c6d,trap_penalty_q_learning_30,q_learning,train,346,42,risk,5,5,0.1,0.9,0.17651675623376062,default,100,9.7,4,1,1,0,0,0.0006015339999976277,
trap_penalty_q_learning_30_q_learning_42_820f2c6d,trap_penalty_q_learning_30,q_learning,train,347,42,risk,5,5,0.1,0.9,0.1756341724525918,default,100,-30.2,3,0,1,0,1,0.00042796599996108853,
trap_penalty_q_learning_30_q_learning_42_820f2c6d,trap_penalty_q_learning_30,q_learning,train,348,42,risk,5,5,0.1,0.9,0.17475600159032884,default,100,8.7,5,1,1,0,0,0.0006520389999877807,
trap_penalty_q_learning_30_q_learning_42_820f2c6d,trap_penalty_q_learning_30,q_learning,train,349,42,risk,5,5,0.1,0.9,0.17388222158237718,default,100,8.7,5,1,1,0,0,0.0005687620000571769,
trap_penalty_q_learning_30_q_learning_42_820f2c6d,trap_penalty_q_learning_30,q_learning,train,350,42,risk,5,5,0.1,0.9,0.1730128104744653,default,100,9.7,4,1,1,0,0,0.0005983789999390865,
trap_penalty_q_learning_30_q_learning_42_820f2c6d,trap_penalty_q_learning_30,q_learning,train,351,42,risk,5,5,0.1,0.9,0.17214774642209296,default,100,9.7,4,1,1,0,0,0.000470943000209445,
trap_penalty_q_learning_30_q_learning_42_820f2c6d,trap_penalty_q_learning_30,q_learning,train,352,42,risk,5,5,0.1,0.9,0.1712870076899825,default,100,7.299999999999999,10,1,1,0,0,0.0010204019999946468,
trap_penalty_q_learning_30_q_learning_42_820f2c6d,trap_penalty_q_learning_30,q_learning,train,353,42,risk,5,5,0.1,0.9,0.17043057265153258,default,100,9.7,4,1,1,0,0,0.0006081369999719755,
trap_penalty_q_learning_30_q_learning_42_820f2c6d,trap_penalty_q_learning_30,q_learning,train,354,42,risk,5,5,0.1,0.9,0.16957841978827493,default,100,9.7,4,1,1,0,0,0.0006051989998923091,
trap_penalty_q_learning_30_q_learning_42_820f2c6d,trap_penalty_q_learning_30,q_learning,train,355,42,risk,5,5,0.1,0.9,0.16873052768933355,default,100,9.7,4,1,1,0,0,0.0005817239998577861,
trap_penalty_q_learning_30_q_learning_42_820f2c6d,trap_penalty_q_learning_30,q_learning,train,356,42,risk,5,5,0.1,0.9,0.1678868750508869,default,100,9.7,4,1,1,0,0,0.0005945189998328715,
trap_penalty_q_learning_30_q_learning_42_820f2c6d,trap_penalty_q_learning_30,q_learning,train,357,42,risk,5,5,0.1,0.9,0.16704744067563246,default,100,8.5,7,1,1,0,0,0.00074383600008332,
trap_penalty_q_learning_30_q_learning_42_820f2c6d,trap_penalty_q_learning_30,q_learning,train,358,42,risk,5,5,0.1,0.9,0.1662122034722543,default,100,9.7,4,1,1,0,0,0.0005811439998524293,
trap_penalty_q_learning_30_q_learning_42_820f2c6d,trap_penalty_q_learning_30,q_learning,train,359,42,risk,5,5,0.1,0.9,0.16538114245489302,default,100,9.7,4,1,1,0,0,0.0006111150000833732,
trap_penalty_q_learning_30_q_learning_42_820f2c6d,trap_penalty_q_learning_30,q_learning,train,360,42,risk,5,5,0.1,0.9,0.16455423674261854,default,100,9.7,4,1,1,0,0,0.0005342360000213375,
trap_penalty_q_learning_30_q_learning_42_820f2c6d,trap_penalty_q_learning_30,q_learning,train,361,42,risk,5,5,0.1,0.9,0.16373146555890544,default,100,9.5,6,1,1,0,0,0.000784717999977147,
trap_penalty_q_learning_30_q_learning_42_820f2c6d,trap_penalty_q_learning_30,q_learning,train,362,42,risk,5,5,0.1,0.9,0.16291280823111093,default,100,9.7,4,1,1,0,0,0.0005885520001811528,
trap_penalty_q_learning_30_q_learning_42_820f2c6d,trap_penalty_q_learning_30,q_learning,train,363,42,risk,5,5,0.1,0.9,0.16209824418995536,default,100,9.7,4,1,1,0,0,0.00062330000014299,
trap_penalty_q_learning_30_q_learning_42_820f2c6d,trap_penalty_q_learning_30,q_learning,train,364,42,risk,5,5,0.1,0.9,0.16128775296900558,default,100,9.7,4,1,1,0,0,0.0005640130000301724,
trap_penalty_q_learning_30_q_learning_42_820f2c6d,trap_penalty_q_learning_30,q_learning,train,365,42,risk,5,5,0.1,0.9,0.16048131420416054,default,100,7.699999999999999,6,1,1,0,0,0.0006337309998798446,
trap_penalty_q_learning_30_q_learning_42_820f2c6d,trap_penalty_q_learning_30,q_learning,train,366,42,risk,5,5,0.1,0.9,0.15967890763313974,default,100,9.7,4,1,1,0,0,0.0006058960000245861,
trap_penalty_q_learning_30_q_learning_42_820f2c6d,trap_penalty_q_learning_30,q_learning,train,367,42,risk,5,5,0.1,0.9,0.15888051309497406,default,100,9.7,4,1,1,0,0,0.0005985329999020905,
trap_penalty_q_learning_30_q_learning_42_820f2c6d,trap_penalty_q_learning_30,q_learning,train,368,42,risk,5,5,0.1,0.9,0.1580861105294992,default,100,8.7,5,1,1,0,0,0.0006338900000173453,
trap_penalty_q_learning_30_q_learning_42_820f2c6d,trap_penalty_q_learning_30,q_learning,train,369,42,risk,5,5,0.1,0.9,0.1572956799768517,default,100,9.7,4,1,1,0,0,0.0005961650001609087,
trap_penalty_q_learning_30_q_learning_42_820f2c6d,trap_penalty_q_learning_30,q_learning,train,370,42,risk,5,5,0.1,0.9,0.15650920157696743,default,100,9.7,4,1,1,0,0,0.0006095089997870673,
trap_penalty_q_learning_30_q_learning_42_820f2c6d,trap_penalty_q_learning_30,q_learning,train,371,42,risk,5,5,0.1,0.9,0.1557266555690826,default,100,7.5,8,1,1,0,0,0.0008818639998935396,
trap_penalty_q_learning_30_q_learning_42_820f2c6d,trap_penalty_q_learning_30,q_learning,train,372,42,risk,5,5,0.1,0.9,0.1549480222912372,default,100,9.7,4,1,1,0,0,0.0006077240000195161,
trap_penalty_q_learning_30_q_learning_42_820f2c6d,trap_penalty_q_learning_30,q_learning,train,373,42,risk,5,5,0.1,0.9,0.15417328217978102,default,100,8.7,5,1,1,0,0,0.0006474189999607916,
trap_penalty_q_learning_30_q_learning_42_820f2c6d,trap_penalty_q_learning_30,q_learning,train,374,42,risk,5,5,0.1,0.9,0.1534024157688821,default,100,9.5,6,1,1,0,0,0.0007611930000166467,
trap_penalty_q_learning_30_q_learning_42_820f2c6d,trap_penalty_q_learning_30,q_learning,train,375,42,risk,5,5,0.1,0.9,0.1526354036900377,default,100,9.7,4,1,1,0,0,0.0006710410000323463,
trap_penalty_q_learning_30_q_learning_42_820f2c6d,trap_penalty_q_learning_30,q_learning,train,376,42,risk,5,5,0.1,0.9,0.1518722266715875,default,100,9.7,4,1,1,0,0,0.0005759420000686077,
trap_penalty_q_learning_30_q_learning_42_820f2c6d,trap_penalty_q_learning_30,q_learning,train,377,42,risk,5,5,0.1,0.9,0.15111286553822956,default,100,9.7,4,1,1,0,0,0.0005916180000440363,
trap_penalty_q_learning_30_q_learning_42_820f2c6d,trap_penalty_q_learning_30,q_learning,train,378,42,risk,5,5,0.1,0.9,0.15035730121053842,default,100,9.7,4,1,1,0,0,0.0006156209999517159,
trap_penalty_q_learning_30_q_learning_42_820f2c6d,trap_penalty_q_learning_30,q_learning,train,379,42,risk,5,5,0.1,0.9,0.14960551470448571,default,100,9.7,4,1,1,0,0,0.0005214830000568327,
trap_penalty_q_learning_30_q_learning_42_820f2c6d,trap_penalty_q_learning_30,q_learning,train,380,42,risk,5,5,0.1,0.9,0.14885748713096328,default,100,9.7,4,1,1,0,0,0.0006000109999604319,
trap_penalty_q_learning_30_q_learning_42_820f2c6d,trap_penalty_q_learning_30,q_learning,train,381,42,risk,5,5,0.1,0.9,0.14811319969530845,default,100,9.7,4,1,1,0,0,0.0006036839999978838,
trap_penalty_q_learning_30_q_learning_42_820f2c6d,trap_penalty_q_learning_30,q_learning,train,382,42,risk,5,5,0.1,0.9,0.1473726336968319,default,100,9.7,4,1,1,0,0,0.0006021869999131013,
trap_penalty_q_learning_30_q_learning_42_820f2c6d,trap_penalty_q_learning_30,q_learning,train,383,42,risk,5,5,0.1,0.9,0.14663577052834775,default,100,9.7,4,1,1,0,0,0.0005826050000905525,
trap_penalty_q_learning_30_q_learning_42_820f2c6d,trap_penalty_q_learning_30,q_learning,train,384,42,risk,5,5,0.1,0.9,0.14590259167570602,default,100,8.7,5,1,1,0,0,0.0005815250001433014,
trap_penalty_q_learning_30_q_learning_42_820f2c6d,trap_penalty_q_learning_30,q_learning,train,385,42,risk,5,5,0.1,0.9,0.1451730787173275,default,100,9.7,4,1,1,0,0,0.0005947700001343037,
trap_penalty_q_learning_30_q_learning_42_820f2c6d,trap_penalty_q_learning_30,q_learning,train,386,42,risk,5,5,0.1,0.9,0.14444721332374086,default,100,-31.2,4,0,1,0,1,0.00048344799984079145,
trap_penalty_q_learning_30_q_learning_42_820f2c6d,trap_penalty_q_learning_30,q_learning,train,387,42,risk,5,5,0.1,0.9,0.14372497725712216,default,100,9.7,4,1,1,0,0,0.0005977610001082212,
trap_penalty_q_learning_30_q_learning_42_820f2c6d,trap_penalty_q_learning_30,q_learning,train,388,42,risk,5,5,0.1,0.9,0.14300635237083656,default,100,7.699999999999999,6,1,1,0,0,0.0006812899998749344,
trap_penalty_q_learning_30_q_learning_42_820f2c6d,trap_penalty_q_learning_30,q_learning,train,389,42,risk,5,5,0.1,0.9,0.14229132060898236,default,100,9.7,4,1,1,0,0,0.0005965580000975024,
trap_penalty_q_learning_30_q_learning_42_820f2c6d,trap_penalty_q_learning_30,q_learning,train,390,42,risk,5,5,0.1,0.9,0.14157986400593744,default,100,8.7,5,1,1,0,0,0.000644608000129665,
trap_penalty_q_learning_30_q_learning_42_820f2c6d,trap_penalty_q_learning_30,q_learning,train,391,42,risk,5,5,0.1,0.9,0.14087196468590776,default,100,9.7,4,1,1,0,0,0.0005852110000432731,
trap_penalty_q_learning_30_q_learning_42_820f2c6d,trap_penalty_q_learning_30,q_learning,train,392,42,risk,5,5,0.1,0.9,0.14016760486247823,default,100,9.7,4,1,1,0,0,0.0005941849999544502,
trap_penalty_q_learning_30_q_learning_42_820f2c6d,trap_penalty_q_learning_30,q_learning,train,393,42,risk,5,5,0.1,0.9,0.13946676683816583,default,100,9.7,4,1,1,0,0,0.0006026510000083363,
trap_penalty_q_learning_30_q_learning_42_820f2c6d,trap_penalty_q_learning_30,q_learning,train,394,42,risk,5,5,0.1,0.9,0.138769433003975,default,100,9.7,4,1,1,0,0,0.000594257000102516,
trap_penalty_q_learning_30_q_learning_42_820f2c6d,trap_penalty_q_learning_30,q_learning,train,395,42,risk,5,5,0.1,0.9,0.13807558583895513,default,100,9.7,4,1,1,0,0,0.0005258849998881487,
trap_penalty_q_learning_30_q_learning_42_820f2c6d,trap_penalty_q_learning_30,q_learning,train,396,42,risk,5,5,0.1,0.9,0.13738520790976036,default,100,9.7,4,1,1,0,0,0.0005845700000008947,
trap_penalty_q_learning_30_q_learning_42_820f2c6d,trap_penalty_q_learning_30,q_learning,train,397,42,risk,5,5,0.1,0.9,0.13669828187021155,default,100,9.7,4,1,1,0,0,0.0005949999999756983,
trap_penalty_q_learning_30_q_learning_42_820f2c6d,trap_penalty_q_learning_30,q_learning,train,398,42,risk,5,5,0.1,0.9,0.13601479046086049,default,100,9.7,4,1,1,0,0,0.0005765680000422435,
trap_penalty_q_learning_30_q_learning_42_820f2c6d,trap_penalty_q_learning_30,q_learning,train,399,42,risk,5,5,0.1,0.9,0.1353347165085562,default,100,9.7,4,1,1,0,0,0.0005909730000439595,
trap_penalty_q_learning_30_q_learning_42_820f2c6d,trap_penalty_q_learning_30,q_learning,train,400,42,risk,5,5,0.1,0.9,0.1346580429260134,default,100,-31.2,4,0,1,0,1,0.0004894009998679394,results/trap_penalty/q_learning/trap_30/seed_42/qtable_ep400.npz
trap_penalty_q_learning_30_q_learning_42_820f2c6d,trap_penalty_q_learning_30,q_learning,train,401,42,risk,5,5,0.1,0.9,0.13398475271138335,default,100,9.7,4,1,1,0,0,0.0006473589999131946,
trap_penalty_q_learning_30_q_learning_42_820f2c6d,trap_penalty_q_learning_30,q_learning,train,402,42,risk,5,5,0.1,0.9,0.13331482894782642,default,100,9.7,4,1,1,0,0,0.0006209150001268426,
trap_penalty_q_learning_30_q_learning_42_820f2c6d,trap_penalty_q_learning_30,q_learning,train,403,42,risk,5,5,0.1,0.9,0.13264825480308728,default,100,9.7,4,1,1,0,0,0.0005904160000227421,
trap_penalty_q_learning_30_q_learning_42_820f2c6d,trap_penalty_q_learning_30,q_learning,train,404,42,risk,5,5,0.1,0.9,0.13198501352907185,default,100,9.7,4,1,1,0,0,0.0006013120000716299,
trap_penalty_q_learning_30_q_learning_42_820f2c6d,trap_penalty_q_learning_30,q_learning,train,405,42,risk,5,5,0.1,0.9,0.1313250884614265,default,100,9.7,4,1,1,0,0,0.0005845880000379111,
trap_penalty_q_learning_30_q_learning_42_820f2c6d,trap_penalty_q_learning_30,q_learning,train,406,42,risk,5,5,0.1,0.9,0.13066846301911936,default,100,9.7,4,1,1,0,0,0.0006013419999817415,
trap_penalty_q_learning_30_q_learning_42_820f2c6d,trap_penalty_q_learning_30,q_learning,train,407,42,risk,5,5,0.1,0.9,0.13001512070402377,default,100,9.7,4,1,1,0,0,0.0005976070001452172,
trap_penalty_q_learning_30_q_learning_42_820f2c6d,trap_penalty_q_learning_30,q_learning,train,408,42,risk,5,5,0.1,0.9,0.12936504510050365,default,100,8.7,5,1,1,0,0,0.0006637760000103299,
trap_penalty_q_learning_30_q_learning_42_820f2c6d,trap_penalty_q_learning_30,q_learning,train,409,42,risk,5,5,0.1,0.9,0.12871821987500112,default,100,9.7,4,1,1,0,0,0.0006009100000028411,
trap_penalty_q_learning_30_q_learning_42_820f2c6d,trap_penalty_q_learning_30,q_learning,train,410,42,risk,5,5,0.1,0.9,0.12807462877562611,default,100,9.7,4,1,1,0,0,0.000595820999933494,
trap_penalty_q_learning_30_q_learning_42_820f2c6d,trap_penalty_q_learning_30,q_learning,train,411,42,risk,5,5,0.1,0.9,0.12743425563174798,default,100,9.7,4,1,1,0,0,0.0006111390000569372,
trap_penalty_q_learning_30_q_learning_42_820f2c6d,trap_penalty_q_learning_30,q_learning,train,412,42,risk,5,5,0.1,0.9,0.12679708435358925,default,100,9.7,4,1,1,0,0,0.0005992540000079316,
trap_penalty_q_learning_30_q_learning_42_820f2c6d,trap_penalty_q_learning_30,q_learning,train,413,42,risk,5,5,0.1,0.9,0.1261630989318213,default,100,9.7,4,1,1,0,0,0.0005815510000957147,
trap_penalty_q_learning_30_q_learning_42_820f2c6d,trap_penalty_q_learning_30,q_learning,train,414,42,risk,5,5,0.1,0.9,0.1255322834371622,default,100,-31.4,6,0,1,0,1,0.0006594290000521141,
trap_penalty_q_learning_30_q_learning_42_820f2c6d,trap_penalty_q_learning_30,q_learning,train,415,42,risk,5,5,0.1,0.9,0.12490462201997637,default,100,9.7,4,1,1,0,0,0.0006081209999138082,
trap_penalty_q_learning_30_q_learning_42_820f2c6d,trap_penalty_q_learning_30,q_learning,train,416,42,risk,5,5,0.1,0.9,0.1242800989098765,default,100,9.7,4,1,1,0,0,0.0005913069999223808,
trap_penalty_q_learning_30_q_learning_42_820f2c6d,trap_penalty_q_learning_30,q_learning,train,417,42,risk,5,5,0.1,0.9,0.12365869841532712,default,100,9.7,4,1,1,0,0,0.0005962679999811371,
trap_penalty_q_learning_30_q_learning_42_820f2c6d,trap_penalty_q_learning_30,q_learning,train,418,42,risk,5,5,0.1,0.9,0.12304040492325048,default,100,9.7,4,1,1,0,0,0.000584424999942712,
trap_penalty_q_learning_30_q_learning_42_820f2c6d,trap_penalty_q_learning_30,q_learning,train,419,42,risk,5,5,0.1,0.9,0.12242520289863423,default,100,9.7,4,1,1,0,0,0.0005330620001586794,
trap_penalty_q_learning_30_q_learning_42_820f2c6d,trap_penalty_q_learning_30,q_learning,train,420,42,risk,5,5,0.1,0.9,0.12181307688414106,default,100,9.7,4,1,1,0,0,0.0005948649998117617,
trap_penalty_q_learning_30_q_learning_42_820f2c6d,trap_penalty_q_learning_30,q_learning,train,421,42,risk,5,5,0.1,0.9,0.12120401149972035,default,100,9.7,4,1,1,0,0,0.0006279169999743317,
trap_penalty_q_learning_30_q_learning_42_820f2c6d,trap_penalty_q_learning_30,q_learning,train,422,42,risk,5,5,0.1,0.9,0.12059799144222175,default,100,8.7,5,1,1,0,0,0.0006405980000181444,
trap_penalty_q_learning_30_q_learning_42_820f2c6d,trap_penalty_q_learning_30,q_learning,train,423,42,risk,5,5,0.1,0.9,0.11999500148501063,default,100,9.7,4,1,1,0,0,0.0006012799999552954,
trap_penalty_q_learning_30_q_learning_42_820f2c6d,trap_penalty_q_learning_30,q_learning,train,424,42,risk,5,5,0.1,0.9,0.11939502647758558,default,100,9.7,4,1,1,0,0,0.000600313999939317,
trap_penalty_q_learning_30_q_learning_42_820f2c6d,trap_penalty_q_learning_30,q_learning,train,425,42,risk,5,5,0.1,0.9,0.11879805134519765,default,100,9.7,4,1,1,0,0,0.0006075639998925908,
trap_penalty_q_learning_30_q_learning_42_820f2c6d,trap_penalty_q_learning_30,q_learning,train,426,42,risk,5,5,0.1,0.9,0.11820406108847166,default,100,9.7,4,1,1,0,0,0.0006133849999514496,
trap_penalty_q_learning_30_q_learning_42_820f2c6d,trap_penalty_q_learning_30,q_learning,train,427,42,risk,5,5,0.1,0.9,0.1176130407830293,default,100,9.7,4,1,1,0,0,0.0005959879999863915,
trap_penalty_q_learning_30_q_learning_42_820f2c6d,trap_penalty_q_learning_30,q_learning,train,428,42,risk,5,5,0.1,0.9,0.11702497557911415,default,100,8.7,5,1,1,0,0,0.0006631349999679514,
trap_penalty_q_learning_30_q_learning_42_820f2c6d,trap_penalty_q_learning_30,q_learning,train,429,42,risk,5,5,0.1,0.9,0.11643985070121858,default,100,8.7,5,1,1,0,0,0.0006498720001673064,
trap_penalty_q_learning_30_q_learning_42_820f2c6d,trap_penalty_q_learning_30,q_learning,train,430,42,risk,5,5,0.1,0.9,0.11585765144771248,default,100,9.7,4,1,1,0,0,0.0005852539998159045,
trap_penalty_q_learning_30_q_learning_42_820f2c6d,trap_penalty_q_learning_30,q_learning,train,431,42,risk,5,5,0.1,0.9,0.11527836319047392,default,100,9.7,4,1,1,0,0,0.0006222179999895161,
trap_penalty_q_learning_30_q_learning_42_820f2c6d,trap_penalty_q_learning_30,q_learning,train,432,42,risk,5,5,0.1,0.9,0.11470197137452155,default,100,9.7,4,1,1,0,0,0.0006085269999402954,
trap_penalty_q_learning_30_q_learning_42_820f2c6d,trap_penalty_q_learning_30,q_learning,train,433,42,risk,5,5,0.1,0.9,0.11412846151764894,default,100,9.7,4,1,1,0,0,0.0005785340001693839,
trap_penalty_q_learning_30_q_learning_42_820f2c6d,trap_penalty_q_learning_30,q_learning,train,434,42,risk,5,5,0.1,0.9,0.1135578192100607,default,100,9.7,4,1,1,0,0,0.0005947220001871756,
trap_penalty_q_learning_30_q_learning_42_820f2c6d,trap_penalty_q_learning_30,q_learning,train,435,42,risk,5,5,0.1,0.9,0.11299003011401039,default,100,-30.2,3,0,1,0,1,0.0004037950000110868,
trap_penalty_q_learning_30_q_learning_42_820f2c6d,trap_penalty_q_learning_30,q_learning,train,436,42,risk,5,5,0.1,0.9,0.11242507996344034,default,100,9.7,4,1,1,0,0,0.0005956929999229033,
trap_penalty_q_learning_30_q_learning_42_820f2c6d,trap_penalty_q_learning_30,q_learning,train,437,42,risk,5,5,0.1,0.9,0.11186295456362313,default,100,9.7,4,1,1,0,0,0.0006066050000299583,
trap_penalty_q_learning_30_q_learning_42_820f2c6d,trap_penalty_q_learning_30,q_learning,train,438,42,risk,5,5,0.1,0.9,0.11130363979080501,default,100,9.7,4,1,1,0,0,0.0006068939999295253,
trap_penalty_q_learning_30_q_learning_42_820f2c6d,trap_penalty_q_learning_30,q_learning,train,439,42,risk,5,5,0.1,0.9,0.11074712159185099,default,100,9.7,4,1,1,0,0,0.0005995470000925707,
trap_penalty_q_learning_30_q_learning_42_820f2c6d,trap_penalty_q_learning_30,q_learning,train,440,42,risk,5,5,0.1,0.9,0.11019338598389174,default,100,9.7,4,1,1,0,0,0.0005836820000695297,
trap_penalty_q_learning_30_q_learning_42_820f2c6d,trap_penalty_q_learning_30,q_learning,train,441,42,risk,5,5,0.1,0.9,0.10964241905397228,default,100,8.7,5,1,1,0,0,0.0006790339998588024,
trap_penalty_q_learning_30_q_learning_42_820f2c6d,trap_penalty_q_learning_30,q_learning,train,442,42,risk,5,5,0.1,0.9,0.10909420695870241,default,100,9.7,4,1,1,0,0,0.0006312630000593344,
trap_penalty_q_learning_30_q_learning_42_820f2c6d,trap_penalty_q_learning_30,q_learning,train,443,42,risk,5,5,0.1,0.9,0.1085487359239089,default,100,9.7,4,1,1,0,0,0.0006043380001301557,
trap_penalty_q_learning_30_q_learning_42_820f2c6d,trap_penalty_q_learning_30,q_learning,train,444,42,risk,5,5,0.1,0.9,0.10800599224428936,default,100,9.7,4,1,1,0,0,0.0005833260001963936,
trap_penalty_q_learning_30_q_learning_42_820f2c6d,trap_penalty_q_learning_30,q_learning,train,445,42,risk,5,5,0.1,0.9,0.10746596228306791,default,100,9.7,4,1,1,0,0,0.0006007289998706256,
trap_penalty_q_learning_30_q_learning_42_820f2c6d,trap_penalty_q_learning_30,q_learning,train,446,42,risk,5,5,0.1,0.9,0.10692863247165257,default,100,8.7,5,1,1,0,0,0.0006486259999292088,
trap_penalty_q_learning_30_q_learning_42_820f2c6d,trap_penalty_q_learning_30,q_learning,train,447,42,risk,5,5,0.1,0.9,0.1063939893092943,default,100,9.7,4,1,1,0,0,0.0005906419999064383,
trap_penalty_q_learning_30_q_learning_42_820f2c6d,trap_penalty_q_learning_30,q_learning,train,448,42,risk,5,5,0.1,0.9,0.10586201936274783,default,100,9.7,4,1,1,0,0,0.0006175339999572316,
trap_penalty_q_learning_30_q_learning_42_820f2c6d,trap_penalty_q_learning_30,q_learning,train,449,42,risk,5,5,0.1,0.9,0.10533270926593409,default,100,-30.2,3,0,1,0,1,0.00041434200011281064,
trap_penalty_q_learning_30_q_learning_42_820f2c6d,trap_penalty_q_learning_30,q_learning,train,450,42,risk,5,5,0.1,0.9,0.10480604571960442,default,100,9.7,4,1,1,0,0,0.0006524549999085139,
trap_penalty_q_learning_30_q_learning_42_820f2c6d,trap_penalty_q_learning_30,q_learning,train,451,42,risk,5,5,0.1,0.9,0.1042820154910064,default,100,-30.2,3,0,1,0,1,0.0005102869999973336,
trap_penalty_q_learning_30_q_learning_42_820f2c6d,trap_penalty_q_learning_30,q_learning,train,452,42,risk,5,5,0.1,0.9,0.10376060541355137,default,100,9.7,4,1,1,0,0,0.0005993149998175795,
trap_penalty_q_learning_30_q_learning_42_820f2c6d,trap_penalty_q_learning_30,q_learning,train,453,42,risk,5,5,0.1,0.9,0.1032418023864836,default,100,9.7,4,1,1,0,0,0.0006113780000305269,
trap_penalty_q_learning_30_q_learning_42_820f2c6d,trap_penalty_q_learning_30,q_learning,train,454,42,risk,5,5,0.1,0.9,0.10272559337455119,default,100,9.5,6,1,1,0,0,0.0006984170001942402,
trap_penalty_q_learning_30_q_learning_42_820f2c6d,trap_penalty_q_learning_30,q_learning,train,455,42,risk,5,5,0.1,0.9,0.10221196540767843,default,100,9.7,4,1,1,0,0,0.0006160880000152247,
trap_penalty_q_learning_30_q_learning_42_820f2c6d,trap_penalty_q_learning_30,q_learning,train,456,42,risk,5,5,0.1,0.9,0.10170090558064004,default,100,9.7,4,1,1,0,0,0.0006004349997965619,
trap_penalty_q_learning_30_q_learning_42_820f2c6d,trap_penalty_q_learning_30,q_learning,train,457,42,risk,5,5,0.1,0.9,0.10119240105273684,default,100,8.7,5,1,1,0,0,0.0006024599999818747,
trap_penalty_q_learning_30_q_learning_42_820f2c6d,trap_penalty_q_learning_30,q_learning,train,458,42,risk,5,5,0.1,0.9,0.10068643904747315,default,100,9.7,4,1,1,0,0,0.0006128170000465616,
trap_penalty_q_learning_30_q_learning_42_820f2c6d,trap_penalty_q_learning_30,q_learning,train,459,42,risk,5,5,0.1,0.9,0.10018300685223579,default,100,9.7,4,1,1,0,0,0.0005985689999761235,
trap_penalty_q_learning_30_q_learning_42_820f2c6d,trap_penalty_q_learning_30,q_learning,train,460,42,risk,5,5,0.1,0.9,0.0996820918179746,default,100,9.7,4,1,1,0,0,0.0005851650000749942,
trap_penalty_q_learning_30_q_learning_42_820f2c6d,trap_penalty_q_learning_30,q_learning,train,461,42,risk,5,5,0.1,0.9,0.09918368135888474,default,100,9.7,4,1,1,0,0,0.0006260840000322787,
trap_penalty_q_learning_30_q_learning_42_820f2c6d,trap_penalty_q_learning_30,q_learning,train,462,42,risk,5,5,0.1,0.9,0.09868776295209031,default,100,6.699999999999999,7,1,1,0,0,0.0007421740001518629,
trap_penalty_q_learning_30_q_learning_42_820f2c6d,trap_penalty_q_learning_30,q_learning,train,463,42,risk,5,5,0.1,0.9,0.09819432413732986,default,100,-31.2,4,0,1,0,1,0.0004721140001038293,
trap_penalty_q_learning_30_q_learning_42_820f2c6d,trap_penalty_q_learning_30,q_learning,train,464,42,risk,5,5,0.1,0.9,0.09770335251664321,default,100,8.7,5,1,1,0,0,0.0006399220001185313,
trap_penalty_q_learning_30_q_learning_42_820f2c6d,trap_penalty_q_learning_30,q_learning,train,465,42,risk,5,5,0.1,0.9,0.09721483575406,default,100,9.7,4,1,1,0,0,0.0006252139999105566,
trap_penalty_q_learning_30_q_learning_42_820f2c6d,trap_penalty_q_learning_30,q_learning,train,466,42,risk,5,5,0.1,0.9,0.09672876157528969,default,100,9.7,4,1,1,0,0,0.0005996419999974023,
trap_penalty_q_learning_30_q_learning_42_820f2c6d,trap_penalty_q_learning_30,q_learning,train,467,42,risk,5,5,0.1,0.9,0.09624511776741324,default,100,9.7,4,1,1,0,0,0.0005925820000811655,
trap_penalty_q_learning_30_q_learning_42_820f2c6d,trap_penalty_q_learning_30,q_learning,train,468,42,risk,5,5,0.1,0.9,0.09576389217857617,default,100,-30.2,3,0,1,0,1,0.00042441599998710444,
trap_penalty_q_learning_30_q_learning_42_820f2c6d,trap_penalty_q_learning_30,q_learning,train,469,42,risk,5,5,0.1,0.9,0.09528507271768329,default,100,8.5,7,1,1,0,0,0.0007449270001416153,
trap_penalty_q_learning_30_q_learning_42_820f2c6d,trap_penalty_q_learning_30,q_learning,train,470,42,risk,5,5,0.1,0.9,0.09480864735409487,default,100,9.7,4,1,1,0,0,0.0005230739998296485,
trap_penalty_q_learning_30_q_learning_42_820f2c6d,trap_penalty_q_learning_30,q_learning,train,471,42,risk,5,5,0.1,0.9,0.0943346041173244,default,100,9.7,4,1,1,0,0,0.000597769000023618,
trap_penalty_q_learning_30_q_learning_42_820f2c6d,trap_penalty_q_learning_30,q_learning,train,472,42,risk,5,5,0.1,0.9,0.09386293109673778,default,100,9.7,4,1,1,0,0,0.0006153239999093785,
trap_penalty_q_learning_30_q_learning_42_820f2c6d,trap_penalty_q_learning_30,q_learning,train,473,42,risk,5,5,0.1,0.9,0.09339361644125409,default,100,9.7,4,1,1,0,0,0.0005316140000104497,
trap_penalty_q_learning_30_q_learning_42_820f2c6d,trap_penalty_q_learning_30,q_learning,train,474,42,risk,5,5,0.1,0.9,0.09292664835904782,default,100,9.7,4,1,1,0,0,0.0005828589999055112,
trap_penalty_q_learning_30_q_learning_42_820f2c6d,trap_penalty_q_learning_30,q_learning,train,475,42,risk,5,5,0.1,0.9,0.09246201511725258,default,100,9.7,4,1,1,0,0,0.0005970900001557311,
trap_penalty_q_learning_30_q_learning_42_820f2c6d,trap_penalty_q_learning_30,q_learning,train,476,42,risk,5,5,0.1,0.9,0.09199970504166631,default,100,9.7,4,1,1,0,0,0.0005934540001817368,
trap_penalty_q_learning_30_q_learning_42_820f2c6d,trap_penalty_q_learning_30,q_learning,train,477,42,risk,5,5,0.1,0.9,0.09153970651645797,default,100,9.7,4,1,1,0,0,0.0005904900001496571,
trap_penalty_q_learning_30_q_learning_42_820f2c6d,trap_penalty_q_learning_30,q_learning,train,478,42,risk,5,5,0.1,0.9,0.09108200798387568,default,100,8.7,5,1,1,0,0,0.0006449729999076226,
trap_penalty_q_learning_30_q_learning_42_820f2c6d,trap_penalty_q_learning_30,q_learning,train,479,42,risk,5,5,0.1,0.9,0.0906265979439563,default,100,9.7,4,1,1,0,0,0.0006196130000262201,
trap_penalty_q_learning_30_q_learning_42_820f2c6d,trap_penalty_q_learning_30,q_learning,train,480,42,risk,5,5,0.1,0.9,0.09017346495423652,default,100,9.7,4,1,1,0,0,0.0005851500000062515,
trap_penalty_q_learning_30_q_learning_42_820f2c6d,trap_penalty_q_learning_30,q_learning,train,481,42,risk,5,5,0.1,0.9,0.08972259762946533,default,100,9.7,4,1,1,0,0,0.0006080670000301325,
trap_penalty_q_learning_30_q_learning_42_820f2c6d,trap_penalty_q_learning_30,q_learning,train,482,42,risk,5,5,0.1,0.9,0.089273984641318,default,100,9.5,6,1,1,0,0,0.0007944490000681981,
trap_penalty_q_learning_30_q_learning_42_820f2c6d,trap_penalty_q_learning_30,q_learning,train,483,42,risk,5,5,0.1,0.9,0.0888276147181114,default,100,9.7,4,1,1,0,0,0.000613732000147138,
trap_penalty_q_learning_30_q_learning_42_820f2c6d,trap_penalty_q_learning_30,q_learning,train,484,42,risk,5,5,0.1,0.9,0.08838347664452084,default,100,9.7,4,1,1,0,0,0.0006117719999565452,
trap_penalty_q_learning_30_q_learning_42_820f2c6d,trap_penalty_q_learning_30,q_learning,train,485,42,risk,5,5,0.1,0.9,0.08794155926129824,default,100,9.7,4,1,1,0,0,0.0006098619999193033,
trap_penalty_q_learning_30_q_learning_42_820f2c6d,trap_penalty_q_learning_30,q_learning,train,486,42,risk,5,5,0.1,0.9,0.08750185146499175,default,100,9.7,4,1,1,0,0,0.0006033119998392067,
trap_penalty_q_learning_30_q_learning_42_820f2c6d,trap_penalty_q_learning_30,q_learning,train,487,42,risk,5,5,0.1,0.9,0.08706434220766679,default,100,9.7,4,1,1,0,0,0.0005831129999478435,
trap_penalty_q_learning_30_q_learning_42_820f2c6d,trap_penalty_q_learning_30,q_learning,train,488,42,risk,5,5,0.1,0.9,0.08662902049662846,default,100,9.7,4,1,1,0,0,0.0006079130000671285,
trap_penalty_q_learning_30_q_learning_42_820f2c6d,trap_penalty_q_learning_30,q_learning,train,489,42,risk,5,5,0.1,0.9,0.08619587539414532,default,100,9.7,4,1,1,0,0,0.0006079380000301171,
trap_penalty_q_learning_30_q_learning_42_820f2c6d,trap_penalty_q_learning_30,q_learning,train,490,42,risk,5,5,0.1,0.9,0.08576489601717459,default,100,9.7,4,1,1,0,0,0.0005947219999598019,
trap_penalty_q_learning_30_q_learning_42_820f2c6d,trap_penalty_q_learning_30,q_learning,train,491,42,risk,5,5,0.1,0.9,0.08533607153708872,default,100,9.7,4,1,1,0,0,0.0005311739998887788,
trap_penalty_q_learning_30_q_learning_42_820f2c6d,trap_penalty_q_learning_30,q_learning,train,492,42,risk,5,5,0.1,0.9,0.08490939117940327,default,100,9.7,4,1,1,0,0,0.000582856999926662,
trap_penalty_q_learning_30_q_learning_42_820f2c6d,trap_penalty_q_learning_30,q_learning,train,493,42,risk,5,5,0.1,0.9,0.08448484422350626,default,100,9.7,4,1,1,0,0,0.0006039630000032048,
trap_penalty_q_learning_30_q_learning_42_820f2c6d,trap_penalty_q_learning_30,q_learning,train,494,42,risk,5,5,0.1,0.9,0.08406242000238873,default,100,8.7,5,1,1,0,0,0.0006325550000383373,
trap_penalty_q_learning_30_q_learning_42_820f2c6d,trap_penalty_q_learning_30,q_learning,train,495,42,risk,5,5,0.1,0.9,0.08364210790237678,default,100,9.5,6,1,1,0,0,0.0007827570000245032,
trap_penalty_q_learning_30_q_learning_42_820f2c6d,trap_penalty_q_learning_30,q_learning,train,496,42,risk,5,5,0.1,0.9,0.0832238973628649,default,100,9.7,4,1,1,0,0,0.0005989710000449122,
trap_penalty_q_learning_30_q_learning_42_820f2c6d,trap_penalty_q_learning_30,q_learning,train,497,42,risk,5,5,0.1,0.9,0.08280777787605056,default,100,9.7,4,1,1,0,0,0.0005831989999478537,
trap_penalty_q_learning_30_q_learning_42_820f2c6d,trap_penalty_q_learning_30,q_learning,train,498,42,risk,5,5,0.1,0.9,0.08239373898667031,default,100,9.7,4,1,1,0,0,0.0006050389999927575,
trap_penalty_q_learning_30_q_learning_42_820f2c6d,trap_penalty_q_learning_30,q_learning,train,499,42,risk,5,5,0.1,0.9,0.08198177029173696,default,100,8.5,7,1,1,0,0,0.0008102100000542123,
trap_penalty_q_learning_30_q_learning_42_820f2c6d,trap_penalty_q_learning_30,q_learning,train,500,42,risk,5,5,0.1,0.9,0.08157186144027828,default,100,9.7,4,1,1,0,0,0.0005851809999057878,
trap_penalty_q_learning_30_q_learning_42_820f2c6d,trap_penalty_q_learning_30,q_learning,train,501,42,risk,5,5,0.1,0.9,0.0811640021330769,default,100,9.7,4,1,1,0,0,0.0006396569999651547,
trap_penalty_q_learning_30_q_learning_42_820f2c6d,trap_penalty_q_learning_30,q_learning,train,502,42,risk,5,5,0.1,0.9,0.08075818212241151,default,100,9.7,4,1,1,0,0,0.0005926140001975,
trap_penalty_q_learning_30_q_learning_42_820f2c6d,trap_penalty_q_learning_30,q_learning,train,503,42,risk,5,5,0.1,0.9,0.08035439121179945,default,100,9.5,6,1,1,0,0,0.0007636699999693519,
trap_penalty_q_learning_30_q_learning_42_820f2c6d,trap_penalty_q_learning_30,q_learning,train,504,42,risk,5,5,0.1,0.9,0.07995261925574046,default,100,9.7,4,1,1,0,0,0.0005962979998912488,
trap_penalty_q_learning_30_q_learning_42_820f2c6d,trap_penalty_q_learning_30,q_learning,train,505,42,risk,5,5,0.1,0.9,0.07955285615946175,default,100,8.7,5,1,1,0,0,0.0006579109999620414,
trap_penalty_q_learning_30_q_learning_42_820f2c6d,trap_penalty_q_learning_30,q_learning,train,506,42,risk,5,5,0.1,0.9,0.07915509187866444,default,100,9.7,4,1,1,0,0,0.0006070490001093276,
trap_penalty_q_learning_30_q_learning_42_820f2c6d,trap_penalty_q_learning_30,q_learning,train,507,42,risk,5,5,0.1,0.9,0.07875931641927113,default,100,9.7,4,1,1,0,0,0.0005942039999808912,
trap_penalty_q_learning_30_q_learning_42_820f2c6d,trap_penalty_q_learning_30,q_learning,train,508,42,risk,5,5,0.1,0.9,0.07836551983717477,default,100,9.7,4,1,1,0,0,0.0005958090000603988,
trap_penalty_q_learning_30_q_learning_42_820f2c6d,trap_penalty_q_learning_30,q_learning,train,509,42,risk,5,5,0.1,0.9,0.07797369223798889,default,100,9.7,4,1,1,0,0,0.0006025769998814212,
trap_penalty_q_learning_30_q_learning_42_820f2c6d,trap_penalty_q_learning_30,q_learning,train,510,42,risk,5,5,0.1,0.9,0.07758382377679894,default,100,9.7,4,1,1,0,0,0.0005847600000379316,
trap_penalty_q_learning_30_q_learning_42_820f2c6d,trap_penalty_q_learning_30,q_learning,train,511,42,risk,5,5,0.1,0.9,0.07719590465791494,default,100,8.7,5,1,1,0,0,0.0006710080001539609,
trap_penalty_q_learning_30_q_learning_42_820f2c6d,trap_penalty_q_learning_30,q_learning,train,512,42,risk,5,5,0.1,0.9,0.07680992513462537,default,100,9.7,4,1,1,0,0,0.0006026030000612081,
trap_penalty_q_learning_30_q_learning_42_820f2c6d,trap_penalty_q_learning_30,q_learning,train,513,42,risk,5,5,0.1,0.9,0.07642587550895225,default,100,9.7,4,1,1,0,0,0.0006034089999502612,
trap_penalty_q_learning_30_q_learning_42_820f2c6d,trap_penalty_q_learning_30,q_learning,train,514,42,risk,5,5,0.1,0.9,0.07604374613140748,default,100,9.7,4,1,1,0,0,0.0005979489999390353,
trap_penalty_q_learning_30_q_learning_42_820f2c6d,trap_penalty_q_learning_30,q_learning,train,515,42,risk,5,5,0.1,0.9,0.07566352740075044,default,100,-30.2,3,0,1,0,1,0.00040427099997941696,
trap_penalty_q_learning_30_q_learning_42_820f2c6d,trap_penalty_q_learning_30,q_learning,train,516,42,risk,5,5,0.1,0.9,0.07528520976374668,default,100,9.7,4,1,1,0,0,0.0005957500000022264,
trap_penalty_q_learning_30_q_learning_42_820f2c6d,trap_penalty_q_learning_30,q_learning,train,517,42,risk,5,5,0.1,0.9,0.07490878371492794,default,100,9.5,6,1,1,0,0,0.0007571420001113438,
trap_penalty_q_learning_30_q_learning_42_820f2c6d,trap_penalty_q_learning_30,q_learning,train,518,42,risk,5,5,0.1,0.9,0.0745342397963533,default,100,9.7,4,1,1,0,0,0.000615454999888243,
trap_penalty_q_learning_30_q_learning_42_820f2c6d,trap_penalty_q_learning_30,q_learning,train,519,42,risk,5,5,0.1,0.9,0.07416156859737154,default,100,9.7,4,1,1,0,0,0.000595746000044528,
trap_penalty_q_learning_30_q_learning_42_820f2c6d,trap_penalty_q_learning_30,q_learning,train,520,42,risk,5,5,0.1,0.9,0.07379076075438468,default,100,9.7,4,1,1,0,0,0.0005789900001218484,
trap_penalty_q_learning_30_q_learning_42_820f2c6d,trap_penalty_q_learning_30,q_learning,train,521,42,risk,5,5,0.1,0.9,0.07342180695061275,default,100,9.7,4,1,1,0,0,0.0006198199998834752,
trap_penalty_q_learning_30_q_learning_42_820f2c6d,trap_penalty_q_learning_30,q_learning,train,522,42,risk,5,5,0.1,0.9,0.07305469791585968,default,100,9.7,4,1,1,0,0,0.000620974000185015,
trap_penalty_q_learning_30_q_learning_42_820f2c6d,trap_penalty_q_learning_30,q_learning,train,523,42,risk,5,5,0.1,0.9,0.07268942442628039,default,100,9.5,6,1,1,0,0,0.0007628109999586741,
trap_penalty_q_learning_30_q_learning_42_820f2c6d,trap_penalty_q_learning_30,q_learning,train,524,42,risk,5,5,0.1,0.9,0.07232597730414898,default,100,9.7,4,1,1,0,0,0.0005973659999654046,
trap_penalty_q_learning_30_q_learning_42_820f2c6d,trap_penalty_q_learning_30,q_learning,train,525,42,risk,5,5,0.1,0.9,0.07196434741762824,default,100,8.7,5,1,1,0,0,0.0006372169998485333,
trap_penalty_q_learning_30_q_learning_42_820f2c6d,trap_penalty_q_learning_30,q_learning,train,526,42,risk,5,5,0.1,0.9,0.0716045256805401,default,100,9.5,6,1,1,0,0,0.0007580379999581055,
trap_penalty_q_learning_30_q_learning_42_820f2c6d,trap_penalty_q_learning_30,q_learning,train,527,42,risk,5,5,0.1,0.9,0.0712465030521374,default,100,8.7,5,1,1,0,0,0.0006464160001087293,
trap_penalty_q_learning_30_q_learning_42_820f2c6d,trap_penalty_q_learning_30,q_learning,train,528,42,risk,5,5,0.1,0.9,0.0708902705368767,default,100,9.7,4,1,1,0,0,0.0006136520000836754,
trap_penalty_q_learning_30_q_learning_42_820f2c6d,trap_penalty_q_learning_30,q_learning,train,529,42,risk,5,5,0.1,0.9,0.07053581918419231,default,100,8.7,5,1,1,0,0,0.0005833169998368248,
trap_penalty_q_learning_30_q_learning_42_820f2c6d,trap_penalty_q_learning_30,q_learning,train,530,42,risk,5,5,0.1,0.9,0.07018314008827135,default,100,9.7,4,1,1,0,0,0.000593475999949078,
trap_penalty_q_learning_30_q_learning_42_820f2c6d,trap_penalty_q_learning_30,q_learning,train,531,42,risk,5,5,0.1,0.9,0.06983222438783,default,100,9.7,4,1,1,0,0,0.0005807059999369812,
trap_penalty_q_learning_30_q_learning_42_820f2c6d,trap_penalty_q_learning_30,q_learning,train,532,42,risk,5,5,0.1,0.9,0.06948306326589085,default,100,9.7,4,1,1,0,0,0.0005922609998378903,
trap_penalty_q_learning_30_q_learning_42_820f2c6d,trap_penalty_q_learning_30,q_learning,train,533,42,risk,5,5,0.1,0.9,0.0691356479495614,default,100,9.7,4,1,1,0,0,0.0005197309999402933,
trap_penalty_q_learning_30_q_learning_42_820f2c6d,trap_penalty_q_learning_30,q_learning,train,534,42,risk,5,5,0.1,0.9,0.06878996970981359,default,100,9.7,4,1,1,0,0,0.0005986270000448712,
trap_penalty_q_learning_30_q_learning_42_820f2c6d,trap_penalty_q_learning_30,q_learning,train,535,42,risk,5,5,0.1,0.9,0.06844601986126451,default,100,9.7,4,1,1,0,0,0.0006211699999312259,
trap_penalty_q_learning_30_q_learning_42_820f2c6d,trap_penalty_q_learning_30,q_learning,train,536,42,risk,5,5,0.1,0.9,0.06810378976195819,default,100,9.7,4,1,1,0,0,0.0005808690000321803,
trap_penalty_q_learning_30_q_learning_42_820f2c6d,trap_penalty_q_learning_30,q_learning,train,537,42,risk,5,5,0.1,0.9,0.0677632708131484,default,100,9.7,4,1,1,0,0,0.0005933510001341347,
trap_penalty_q_learning_30_q_learning_42_820f2c6d,trap_penalty_q_learning_30,q_learning,train,538,42,risk,5,5,0.1,0.9,0.06742445445908266,default,100,9.7,4,1,1,0,0,0.0005843420001383492,
trap_penalty_q_learning_30_q_learning_42_820f2c6d,trap_penalty_q_learning_30,q_learning,train,539,42,risk,5,5,0.1,0.9,0.06708733218678724,default,100,9.7,4,1,1,0,0,0.000593471000001955,
trap_penalty_q_learning_30_q_learning_42_820f2c6d,trap_penalty_q_learning_30,q_learning,train,540,42,risk,5,5,0.1,0.9,0.0667518955258533,default,100,9.7,4,1,1,0,0,0.0005903010001020448,
trap_penalty_q_learning_30_q_learning_42_820f2c6d,trap_penalty_q_learning_30,q_learning,train,541,42,risk,5,5,0.1,0.9,0.06641813604822402,default,100,9.7,4,1,1,0,0,0.0006206250000104774,
trap_penalty_q_learning_30_q_learning_42_820f2c6d,trap_penalty_q_learning_30,q_learning,train,542,42,risk,5,5,0.1,0.9,0.0660860453679829,default,100,9.7,4,1,1,0,0,0.0005861569998160121,
trap_penalty_q_learning_30_q_learning_42_820f2c6d,trap_penalty_q_learning_30,q_learning,train,543,42,risk,5,5,0.1,0.9,0.06575561514114299,default,100,8.7,5,1,1,0,0,0.0006538659999932861,
trap_penalty_q_learning_30_q_learning_42_820f2c6d,trap_penalty_q_learning_30,q_learning,train,544,42,risk,5,5,0.1,0.9,0.06542683706543727,default,100,9.7,4,1,1,0,0,0.0005942820000655047,
trap_penalty_q_learning_30_q_learning_42_820f2c6d,trap_penalty_q_learning_30,q_learning,train,545,42,risk,5,5,0.1,0.9,0.06509970288011008,default,100,9.5,6,1,1,0,0,0.0007819110001037188,
trap_penalty_q_learning_30_q_learning_42_820f2c6d,trap_penalty_q_learning_30,q_learning,train,546,42,risk,5,5,0.1,0.9,0.06477420436570952,default,100,9.7,4,1,1,0,0,0.0006037690000084694,
trap_penalty_q_learning_30_q_learning_42_820f2c6d,trap_penalty_q_learning_30,q_learning,train,547,42,risk,5,5,0.1,0.9,0.06445033334388098,default,100,9.7,4,1,1,0,0,0.0005950880001819314,
trap_penalty_q_learning_30_q_learning_42_820f2c6d,trap_penalty_q_learning_30,q_learning,train,548,42,risk,5,5,0.1,0.9,0.06412808167716157,default,100,9.7,4,1,1,0,0,0.0005909020001126919,
trap_penalty_q_learning_30_q_learning_42_820f2c6d,trap_penalty_q_learning_30,q_learning,train,549,42,risk,5,5,0.1,0.9,0.06380744126877576,default,100,9.7,4,1,1,0,0,0.000595084999986284,
trap_penalty_q_learning_30_q_learning_42_820f2c6d,trap_penalty_q_learning_30,q_learning,train,550,42,risk,5,5,0.1,0.9,0.06348840406243188,default,100,8.7,5,1,1,0,0,0.0006344710000121268,
trap_penalty_q_learning_30_q_learning_42_820f2c6d,trap_penalty_q_learning_30,q_learning,train,551,42,risk,5,5,0.1,0.9,0.06317096204211972,default,100,9.7,4,1,1,0,0,0.0006225810000159981,
trap_penalty_q_learning_30_q_learning_42_820f2c6d,trap_penalty_q_learning_30,q_learning,train,552,42,risk,5,5,0.1,0.9,0.06285510723190912,default,100,9.7,4,1,1,0,0,0.0006031410000559845,
trap_penalty_q_learning_30_q_learning_42_820f2c6d,trap_penalty_q_learning_30,q_learning,train,553,42,risk,5,5,0.1,0.9,0.06254083169574957,default,100,9.7,4,1,1,0,0,0.0005843730000378855,
trap_penalty_q_learning_30_q_learning_42_820f2c6d,trap_penalty_q_learning_30,q_learning,train,554,42,risk,5,5,0.1,0.9,0.062228127537270826,default,100,9.7,4,1,1,0,0,0.0006011140001191961,
trap_penalty_q_learning_30_q_learning_42_820f2c6d,trap_penalty_q_learning_30,q_learning,train,555,42,risk,5,5,0.1,0.9,0.06191698689958447,default,100,8.7,5,1,1,0,0,0.0006405310000445752,
trap_penalty_q_learning_30_q_learning_42_820f2c6d,trap_penalty_q_learning_30,q_learning,train,556,42,risk,5,5,0.1,0.9,0.061607401965086545,default,100,9.7,4,1,1,0,0,0.000581288000148561,
trap_penalty_q_learning_30_q_learning_42_820f2c6d,trap_penalty_q_learning_30,q_learning,train,557,42,risk,5,5,0.1,0.9,0.06129936495526111,default,100,9.7,4,1,1,0,0,0.0005935449999014963,
trap_penalty_q_learning_30_q_learning_42_820f2c6d,trap_penalty_q_learning_30,q_learning,train,558,42,risk,5,5,0.1,0.9,0.0609928681304848,default,100,9.7,4,1,1,0,0,0.0005420810000487108,
trap_penalty_q_learning_30_q_learning_42_820f2c6d,trap_penalty_q_learning_30,q_learning,train,559,42,risk,5,5,0.1,0.9,0.060687903789832374,default,100,9.5,6,1,1,0,0,0.0007608390001223597,
trap_penalty_q_learning_30_q_learning_42_820f2c6d,trap_penalty_q_learning_30,q_learning,train,560,42,risk,5,5,0.1,0.9,0.06038446427088321,default,100,9.7,4,1,1,0,0,0.0005959820000498439,
trap_penalty_q_learning_30_q_learning_42_820f2c6d,trap_penalty_q_learning_30,q_learning,train,561,42,risk,5,5,0.1,0.9,0.06008254194952879,default,100,9.7,4,1,1,0,0,0.0006163539999306522,
trap_penalty_q_learning_30_q_learning_42_820f2c6d,trap_penalty_q_learning_30,q_learning,train,562,42,risk,5,5,0.1,0.9,0.05978212923978115,default,100,-31.2,4,0,1,0,1,0.0004844210000101157,
trap_penalty_q_learning_30_q_learning_42_820f2c6d,trap_penalty_q_learning_30,q_learning,train,563,42,risk,5,5,0.1,0.9,0.05948321859358224,default,100,9.7,4,1,1,0,0,0.000603871000066647,
trap_penalty_q_learning_30_q_learning_42_820f2c6d,trap_penalty_q_learning_30,q_learning,train,564,42,risk,5,5,0.1,0.9,0.05918580250061433,default,100,9.7,4,1,1,0,0,0.0005894079999961832,
trap_penalty_q_learning_30_q_learning_42_820f2c6d,trap_penalty_q_learning_30,q_learning,train,565,42,risk,5,5,0.1,0.9,0.058889873488111255,default,100,8.7,5,1,1,0,0,0.0006511750000299799,
trap_penalty_q_learning_30_q_learning_42_820f2c6d,trap_penalty_q_learning_30,q_learning,train,566,42,risk,5,5,0.1,0.9,0.058595424120670696,default,100,9.7,4,1,1,0,0,0.0005961939998542221,
trap_penalty_q_learning_30_q_learning_42_820f2c6d,trap_penalty_q_learning_30,q_learning,train,567,42,risk,5,5,0.1,0.9,0.05830244700006734,default,100,9.7,4,1,1,0,0,0.0005809500000850676,
trap_penalty_q_learning_30_q_learning_42_820f2c6d,trap_penalty_q_learning_30,q_learning,train,568,42,risk,5,5,0.1,0.9,0.058010934765067,default,100,9.7,4,1,1,0,0,0.0005957130001661426,
trap_penalty_q_learning_30_q_learning_42_820f2c6d,trap_penalty_q_learning_30,q_learning,train,569,42,risk,5,5,0.1,0.9,0.05772088009124167,default,100,9.7,4,1,1,0,0,0.000613773000168294,
trap_penalty_q_learning_30_q_learning_42_820f2c6d,trap_penalty_q_learning_30,q_learning,train,570,42,risk,5,5,0.1,0.9,0.05743227569078546,default,100,-30.2,3,0,1,0,1,0.0004207499998756248,
trap_penalty_q_learning_30_q_learning_42_820f2c6d,trap_penalty_q_learning_30,q_learning,train,571,42,risk,5,5,0.1,0.9,0.05714511431233153,default,100,9.7,4,1,1,0,0,0.0006007919998864963,
trap_penalty_q_learning_30_q_learning_42_820f2c6d,trap_penalty_q_learning_30,q_learning,train,572,42,risk,5,5,0.1,0.9,0.05685938874076987,default,100,9.7,4,1,1,0,0,0.0005848490000062156,
trap_penalty_q_learning_30_q_learning_42_820f2c6d,trap_penalty_q_learning_30,q_learning,train,573,42,risk,5,5,0.1,0.9,0.056575091797066025,default,100,9.7,4,1,1,0,0,0.0005918609999753244,
trap_penalty_q_learning_30_q_learning_42_820f2c6d,trap_penalty_q_learning_30,q_learning,train,574,42,risk,5,5,0.1,0.9,0.056292216338080694,default,100,9.7,4,1,1,0,0,0.0005796320001536515,
trap_penalty_q_learning_30_q_learning_42_820f2c6d,trap_penalty_q_learning_30,q_learning,train,575,42,risk,5,5,0.1,0.9,0.05601075525639029,default,100,9.7,4,1,1,0,0,0.000623189999942042,
trap_penalty_q_learning_30_q_learning_42_820f2c6d,trap_penalty_q_learning_30,q_learning,train,576,42,risk,5,5,0.1,0.9,0.05573070148010834,default,100,9.5,6,1,1,0,0,0.0007608240000536171,
trap_penalty_q_learning_30_q_learning_42_820f2c6d,trap_penalty_q_learning_30,q_learning,train,577,42,risk,5,5,0.1,0.9,0.0554520479727078,default,100,9.7,4,1,1,0,0,0.0005807360000744666,
trap_penalty_q_learning_30_q_learning_42_820f2c6d,trap_penalty_q_learning_30,q_learning,train,578,42,risk,5,5,0.1,0.9,0.05517478773284426,default,100,9.7,4,1,1,0,0,0.0005958260001079907,
trap_penalty_q_learning_30_q_learning_42_820f2c6d,trap_penalty_q_learning_30,q_learning,train,579,42,risk,5,5,0.1,0.9,0.05489891379418004,default,100,8.7,5,1,1,0,0,0.0007161309999901277,
trap_penalty_q_learning_30_q_learning_42_820f2c6d,trap_penalty_q_learning_30,q_learning,train,580,42,risk,5,5,0.1,0.9,0.05462441922520914,default,100,9.7,4,1,1,0,0,0.0006066460000511142,
trap_penalty_q_learning_30_q_learning_42_820f2c6d,trap_penalty_q_learning_30,q_learning,train,581,42,risk,5,5,0.1,0.9,0.0543512971290831,default,100,9.7,4,1,1,0,0,0.0006173700000999816,
trap_penalty_q_learning_30_q_learning_42_820f2c6d,trap_penalty_q_learning_30,q_learning,train,582,42,risk,5,5,0.1,0.9,0.05407954064343768,default,100,9.7,4,1,1,0,0,0.0005905640000491985,
trap_penalty_q_learning_30_q_learning_42_820f2c6d,trap_penalty_q_learning_30,q_learning,train,583,42,risk,5,5,0.1,0.9,0.05380914294022049,default,100,9.7,4,1,1,0,0,0.0005996930001401779,
trap_penalty_q_learning_30_q_learning_42_820f2c6d,trap_penalty_q_learning_30,q_learning,train,584,42,risk,5,5,0.1,0.9,0.05354009722551939,default,100,9.7,4,1,1,0,0,0.0005873319998954685,
trap_penalty_q_learning_30_q_learning_42_820f2c6d,trap_penalty_q_learning_30,q_learning,train,585,42,risk,5,5,0.1,0.9,0.05327239673939179,default,100,9.7,4,1,1,0,0,0.0006128689999513881,
trap_penalty_q_learning_30_q_learning_42_820f2c6d,trap_penalty_q_learning_30,q_learning,train,586,42,risk,5,5,0.1,0.9,0.053006034755694834,default,100,9.7,4,1,1,0,0,0.0006011729999499948,
trap_penalty_q_learning_30_q_learning_42_820f2c6d,trap_penalty_q_learning_30,q_learning,train,587,42,risk,5,5,0.1,0.9,0.052741004581916356,default,100,9.7,4,1,1,0,0,0.0005802640000638348,
trap_penalty_q_learning_30_q_learning_42_820f2c6d,trap_penalty_q_learning_30,q_learning,train,588,42,risk,5,5,0.1,0.9,0.052477299559006776,default,100,9.7,4,1,1,0,0,0.0005930869999701827,
trap_penalty_q_learning_30_q_learning_42_820f2c6d,trap_penalty_q_learning_30,q_learning,train,589,42,risk,5,5,0.1,0.9,0.052214913061211746,default,100,9.7,4,1,1,0,0,0.000592633999985992,
trap_penalty_q_learning_30_q_learning_42_820f2c6d,trap_penalty_q_learning_30,q_learning,train,590,42,risk,5,5,0.1,0.9,0.05195383849590569,default,100,9.7,4,1,1,0,0,0.0005939520001447818,
trap_penalty_q_learning_30_q_learning_42_820f2c6d,trap_penalty_q_learning_30,q_learning,train,591,42,risk,5,5,0.1,0.9,0.05169406930342616,default,100,9.7,4,1,1,0,0,0.0005945049999809271,
trap_penalty_q_learning_30_q_learning_42_820f2c6d,trap_penalty_q_learning_30,q_learning,train,592,42,risk,5,5,0.1,0.9,0.05143559895690903,default,100,8.7,5,1,1,0,0,0.0006541950001519581,
trap_penalty_q_learning_30_q_learning_42_820f2c6d,trap_penalty_q_learning_30,q_learning,train,593,42,risk,5,5,0.1,0.9,0.051178420962124486,default,100,9.7,4,1,1,0,0,0.0005997789999128145,
trap_penalty_q_learning_30_q_learning_42_820f2c6d,trap_penalty_q_learning_30,q_learning,train,594,42,risk,5,5,0.1,0.9,0.05092252885731386,default,100,9.7,4,1,1,0,0,0.0005851509999956761,
trap_penalty_q_learning_30_q_learning_42_820f2c6d,trap_penalty_q_learning_30,q_learning,train,595,42,risk,5,5,0.1,0.9,0.05066791621302729,default,100,9.7,4,1,1,0,0,0.0005952250000973436,
trap_penalty_q_learning_30_q_learning_42_820f2c6d,trap_penalty_q_learning_30,q_learning,train,596,42,risk,5,5,0.1,0.9,0.05041457663196215,default,100,9.7,4,1,1,0,0,0.0005925359998855129,
trap_penalty_q_learning_30_q_learning_42_820f2c6d,trap_penalty_q_learning_30,q_learning,train,597,42,risk,5,5,0.1,0.9,0.050162503748802344,default,100,9.7,4,1,1,0,0,0.0005202329998610367,
trap_penalty_q_learning_30_q_learning_42_820f2c6d,trap_penalty_q_learning_30,q_learning,train,598,42,risk,5,5,0.1,0.9,0.05,default,100,9.7,4,1,1,0,0,0.0005940759999703005,
trap_penalty_q_learning_30_q_learning_42_820f2c6d,trap_penalty_q_learning_30,q_learning,train,599,42,risk,5,5,0.1,0.9,0.05,default,100,9.7,4,1,1,0,0,0.000636692999933075,
trap_penalty_q_learning_30_q_learning_42_820f2c6d,trap_penalty_q_learning_30,q_learning,train,600,42,risk,5,5,0.1,0.9,0.05,default,100,9.7,4,1,1,0,0,0.0006020840000928729,results/trap_penalty/q_learning/trap_30/seed_42/qtable_ep600.npz
trap_penalty_q_learning_30_q_learning_42_820f2c6d,trap_penalty_q_learning_30,q_learning,train,601,42,risk,5,5,0.1,0.9,0.05,default,100,9.7,4,1,1,0,0,0.0006475489999502315,
trap_penalty_q_learning_30_q_learning_42_820f2c6d,trap_penalty_q_learning_30,q_learning,train,602,42,risk,5,5,0.1,0.9,0.05,default,100,9.7,4,1,1,0,0,0.0005927839999912976,
trap_penalty_q_learning_30_q_learning_42_820f2c6d,trap_penalty_q_learning_30,q_learning,train,603,42,risk,5,5,0.1,0.9,0.05,default,100,9.7,4,1,1,0,0,0.0006002970001190988,
trap_penalty_q_learning_30_q_learning_42_820f2c6d,trap_penalty_q_learning_30,q_learning,train,604,42,risk,5,5,0.1,0.9,0.05,default,100,9.7,4,1,1,0,0,0.0005804049999369454,
trap_penalty_q_learning_30_q_learning_42_820f2c6d,trap_penalty_q_learning_30,q_learning,train,605,42,risk,5,5,0.1,0.9,0.05,default,100,9.7,4,1,1,0,0,0.0005981520000659657,
trap_penalty_q_learning_30_q_learning_42_820f2c6d,trap_penalty_q_learning_30,q_learning,train,606,42,risk,5,5,0.1,0.9,0.05,default,100,9.7,4,1,1,0,0,0.0005942970001342474,
trap_penalty_q_learning_30_q_learning_42_820f2c6d,trap_penalty_q_learning_30,q_learning,train,607,42,risk,5,5,0.1,0.9,0.05,default,100,9.7,4,1,1,0,0,0.0006036679999397165,
trap_penalty_q_learning_30_q_learning_42_820f2c6d,trap_penalty_q_learning_30,q_learning,train,608,42,risk,5,5,0.1,0.9,0.05,default,100,9.7,4,1,1,0,0,0.0005975030001081905,
trap_penalty_q_learning_30_q_learning_42_820f2c6d,trap_penalty_q_learning_30,q_learning,train,609,42,risk,5,5,0.1,0.9,0.05,default,100,9.7,4,1,1,0,0,0.0005846760000167706,
trap_penalty_q_learning_30_q_learning_42_820f2c6d,trap_penalty_q_learning_30,q_learning,train,610,42,risk,5,5,0.1,0.9,0.05,default,100,9.7,4,1,1,0,0,0.0006012069998178049,
trap_penalty_q_learning_30_q_learning_42_820f2c6d,trap_penalty_q_learning_30,q_learning,train,611,42,risk,5,5,0.1,0.9,0.05,default,100,9.7,4,1,1,0,0,0.0006015589999606163,
trap_penalty_q_learning_30_q_learning_42_820f2c6d,trap_penalty_q_learning_30,q_learning,train,612,42,risk,5,5,0.1,0.9,0.05,default,100,9.7,4,1,1,0,0,0.000584196000090742,
trap_penalty_q_learning_30_q_learning_42_820f2c6d,trap_penalty_q_learning_30,q_learning,train,613,42,risk,5,5,0.1,0.9,0.05,default,100,9.7,4,1,1,0,0,0.0005939289999332686,
trap_penalty_q_learning_30_q_learning_42_820f2c6d,trap_penalty_q_learning_30,q_learning,train,614,42,risk,5,5,0.1,0.9,0.05,default,100,9.7,4,1,1,0,0,0.0006149540001842979,
trap_penalty_q_learning_30_q_learning_42_820f2c6d,trap_penalty_q_learning_30,q_learning,train,615,42,risk,5,5,0.1,0.9,0.05,default,100,9.7,4,1,1,0,0,0.0006000589999075601,
trap_penalty_q_learning_30_q_learning_42_820f2c6d,trap_penalty_q_learning_30,q_learning,train,616,42,risk,5,5,0.1,0.9,0.05,default,100,9.7,4,1,1,0,0,0.0006321650000700174,
trap_penalty_q_learning_30_q_learning_42_820f2c6d,trap_penalty_q_learning_30,q_learning,train,617,42,risk,5,5,0.1,0.9,0.05,default,100,8.7,5,1,1,0,0,0.0005760700000791985,
trap_penalty_q_learning_30_q_learning_42_820f2c6d,trap_penalty_q_learning_30,q_learning,train,618,42,risk,5,5,0.1,0.9,0.05,default,100,9.7,4,1,1,0,0,0.0005483979998643917,
trap_penalty_q_learning_30_q_learning_42_820f2c6d,trap_penalty_q_learning_30,q_learning,train,619,42,risk,5,5,0.1,0.9,0.05,default,100,9.7,4,1,1,0,0,0.0005904050001390715,
trap_penalty_q_learning_30_q_learning_42_820f2c6d,trap_penalty_q_learning_30,q_learning,train,620,42,risk,5,5,0.1,0.9,0.05,default,100,9.7,4,1,1,0,0,0.0006186379998780467,
trap_penalty_q_learning_30_q_learning_42_820f2c6d,trap_penalty_q_learning_30,q_learning,train,621,42,risk,5,5,0.1,0.9,0.05,default,100,9.7,4,1,1,0,0,0.0006033760000718758,
trap_penalty_q_learning_30_q_learning_42_820f2c6d,trap_penalty_q_learning_30,q_learning,train,622,42,risk,5,5,0.1,0.9,0.05,default,100,9.7,4,1,1,0,0,0.0006001919998652738,
trap_penalty_q_learning_30_q_learning_42_820f2c6d,trap_penalty_q_learning_30,q_learning,train,623,42,risk,5,5,0.1,0.9,0.05,default,100,9.7,4,1,1,0,0,0.0005849310000485275,
trap_penalty_q_learning_30_q_learning_42_820f2c6d,trap_penalty_q_learning_30,q_learning,train,624,42,risk,5,5,0.1,0.9,0.05,default,100,-30.2,3,0,1,0,1,0.0004166979999808973,
trap_penalty_q_learning_30_q_learning_42_820f2c6d,trap_penalty_q_learning_30,q_learning,train,625,42,risk,5,5,0.1,0.9,0.05,default,100,9.7,4,1,1,0,0,0.0006112189998930262,
trap_penalty_q_learning_30_q_learning_42_820f2c6d,trap_penalty_q_learning_30,q_learning,train,626,42,risk,5,5,0.1,0.9,0.05,default,100,9.7,4,1,1,0,0,0.0006035129999872879,
trap_penalty_q_learning_30_q_learning_42_820f2c6d,trap_penalty_q_learning_30,q_learning,train,627,42,risk,5,5,0.1,0.9,0.05,default,100,9.5,6,1,1,0,0,0.0007573149998734152,
trap_penalty_q_learning_30_q_learning_42_820f2c6d,trap_penalty_q_learning_30,q_learning,train,628,42,risk,5,5,0.1,0.9,0.05,default,100,8.7,5,1,1,0,0,0.000634929999932865,
trap_penalty_q_learning_30_q_learning_42_820f2c6d,trap_penalty_q_learning_30,q_learning,train,629,42,risk,5,5,0.1,0.9,0.05,default,100,9.7,4,1,1,0,0,0.0005986389999179664,
trap_penalty_q_learning_30_q_learning_42_820f2c6d,trap_penalty_q_learning_30,q_learning,train,630,42,risk,5,5,0.1,0.9,0.05,default,100,9.7,4,1,1,0,0,0.000602411000045322,
trap_penalty_q_learning_30_q_learning_42_820f2c6d,trap_penalty_q_learning_30,q_learning,train,631,42,risk,5,5,0.1,0.9,0.05,default,100,9.7,4,1,1,0,0,0.0006048129998816876,
trap_penalty_q_learning_30_q_learning_42_820f2c6d,trap_penalty_q_learning_30,q_learning,train,632,42,risk,5,5,0.1,0.9,0.05,default,100,8.7,5,1,1,0,0,0.0006467680000241671,
trap_penalty_q_learning_30_q_learning_42_820f2c6d,trap_penalty_q_learning_30,q_learning,train,633,42,risk,5,5,0.1,0.9,0.05,default,100,9.7,4,1,1,0,0,0.0006151279999357939,
trap_penalty_q_learning_30_q_learning_42_820f2c6d,trap_penalty_q_learning_30,q_learning,train,634,42,risk,5,5,0.1,0.9,0.05,default,100,8.7,5,1,1,0,0,0.0006371900001340691,
trap_penalty_q_learning_30_q_learning_42_820f2c6d,trap_penalty_q_learning_30,q_learning,train,635,42,risk,5,5,0.1,0.9,0.05,default,100,9.7,4,1,1,0,0,0.0006201900000633032,
trap_penalty_q_learning_30_q_learning_42_820f2c6d,trap_penalty_q_learning_30,q_learning,train,636,42,risk,5,5,0.1,0.9,0.05,default,100,9.7,4,1,1,0,0,0.0005788599999050348,
trap_penalty_q_learning_30_q_learning_42_820f2c6d,trap_penalty_q_learning_30,q_learning,train,637,42,risk,5,5,0.1,0.9,0.05,default,100,9.7,4,1,1,0,0,0.0005556400001296424,
trap_penalty_q_learning_30_q_learning_42_820f2c6d,trap_penalty_q_learning_30,q_learning,train,638,42,risk,5,5,0.1,0.9,0.05,default,100,9.7,4,1,1,0,0,0.0006016879999606317,
trap_penalty_q_learning_30_q_learning_42_820f2c6d,trap_penalty_q_learning_30,q_learning,train,639,42,risk,5,5,0.1,0.9,0.05,default,100,9.7,4,1,1,0,0,0.0005169969999769819,
trap_penalty_q_learning_30_q_learning_42_820f2c6d,trap_penalty_q_learning_30,q_learning,train,640,42,risk,5,5,0.1,0.9,0.05,default,100,9.7,4,1,1,0,0,0.0006052179999187501,
trap_penalty_q_learning_30_q_learning_42_820f2c6d,trap_penalty_q_learning_30,q_learning,train,641,42,risk,5,5,0.1,0.9,0.05,default,100,8.7,5,1,1,0,0,0.0007459180001205823,
trap_penalty_q_learning_30_q_learning_42_820f2c6d,trap_penalty_q_learning_30,q_learning,train,642,42,risk,5,5,0.1,0.9,0.05,default,100,9.7,4,1,1,0,0,0.0006397430001925386,
trap_penalty_q_learning_30_q_learning_42_820f2c6d,trap_penalty_q_learning_30,q_learning,train,643,42,risk,5,5,0.1,0.9,0.05,default,100,8.7,5,1,1,0,0,0.0006419419999019738,
trap_penalty_q_learning_30_q_learning_42_820f2c6d,trap_penalty_q_learning_30,q_learning,train,644,42,risk,5,5,0.1,0.9,0.05,default,100,9.7,4,1,1,0,0,0.0005976490001557977,
trap_penalty_q_learning_30_q_learning_42_820f2c6d,trap_penalty_q_learning_30,q_learning,train,645,42,risk,5,5,0.1,0.9,0.05,default,100,9.7,4,1,1,0,0,0.0006130120000307215,
trap_penalty_q_learning_30_q_learning_42_820f2c6d,trap_penalty_q_learning_30,q_learning,train,646,42,risk,5,5,0.1,0.9,0.05,default,100,9.7,4,1,1,0,0,0.0005836929999532003,
trap_penalty_q_learning_30_q_learning_42_820f2c6d,trap_penalty_q_learning_30,q_learning,train,647,42,risk,5,5,0.1,0.9,0.05,default,100,9.7,4,1,1,0,0,0.0005293039998832683,
trap_penalty_q_learning_30_q_learning_42_820f2c6d,trap_penalty_q_learning_30,q_learning,train,648,42,risk,5,5,0.1,0.9,0.05,default,100,9.7,4,1,1,0,0,0.0006090730000778422,
trap_penalty_q_learning_30_q_learning_42_820f2c6d,trap_penalty_q_learning_30,q_learning,train,649,42,risk,5,5,0.1,0.9,0.05,default,100,9.7,4,1,1,0,0,0.0005964030001450737,
trap_penalty_q_learning_30_q_learning_42_820f2c6d,trap_penalty_q_learning_30,q_learning,train,650,42,risk,5,5,0.1,0.9,0.05,default,100,9.7,4,1,1,0,0,0.0005942359998698521,
trap_penalty_q_learning_30_q_learning_42_820f2c6d,trap_penalty_q_learning_30,q_learning,train,651,42,risk,5,5,0.1,0.9,0.05,default,100,9.7,4,1,1,0,0,0.0005939449999914359,
trap_penalty_q_learning_30_q_learning_42_820f2c6d,trap_penalty_q_learning_30,q_learning,train,652,42,risk,5,5,0.1,0.9,0.05,default,100,9.7,4,1,1,0,0,0.0005954770001608267,
trap_penalty_q_learning_30_q_learning_42_820f2c6d,trap_penalty_q_learning_30,q_learning,train,653,42,risk,5,5,0.1,0.9,0.05,default,100,9.7,4,1,1,0,0,0.0005165049999504845,
trap_penalty_q_learning_30_q_learning_42_820f2c6d,trap_penalty_q_learning_30,q_learning,train,654,42,risk,5,5,0.1,0.9,0.05,default,100,9.7,4,1,1,0,0,0.0006785090001812932,
trap_penalty_q_learning_30_q_learning_42_820f2c6d,trap_penalty_q_learning_30,q_learning,train,655,42,risk,5,5,0.1,0.9,0.05,default,100,9.7,4,1,1,0,0,0.000686442000187526,
trap_penalty_q_learning_30_q_learning_42_820f2c6d,trap_penalty_q_learning_30,q_learning,train,656,42,risk,5,5,0.1,0.9,0.05,default,100,9.7,4,1,1,0,0,0.0005982449999919481,
trap_penalty_q_learning_30_q_learning_42_820f2c6d,trap_penalty_q_learning_30,q_learning,train,657,42,risk,5,5,0.1,0.9,0.05,default,100,9.7,4,1,1,0,0,0.000597444999812069,
trap_penalty_q_learning_30_q_learning_42_820f2c6d,trap_penalty_q_learning_30,q_learning,train,658,42,risk,5,5,0.1,0.9,0.05,default,100,9.5,6,1,1,0,0,0.0007597510000323382,
trap_penalty_q_learning_30_q_learning_42_820f2c6d,trap_penalty_q_learning_30,q_learning,train,659,42,risk,5,5,0.1,0.9,0.05,default,100,9.7,4,1,1,0,0,0.0005820959997890895,
trap_penalty_q_learning_30_q_learning_42_820f2c6d,trap_penalty_q_learning_30,q_learning,train,660,42,risk,5,5,0.1,0.9,0.05,default,100,8.7,5,1,1,0,0,0.000645390000045154,
trap_penalty_q_learning_30_q_learning_42_820f2c6d,trap_penalty_q_learning_30,q_learning,train,661,42,risk,5,5,0.1,0.9,0.05,default,100,9.7,4,1,1,0,0,0.0006087500000830914,
trap_penalty_q_learning_30_q_learning_42_820f2c6d,trap_penalty_q_learning_30,q_learning,train,662,42,risk,5,5,0.1,0.9,0.05,default,100,9.7,4,1,1,0,0,0.0006022969998866756,
trap_penalty_q_learning_30_q_learning_42_820f2c6d,trap_penalty_q_learning_30,q_learning,train,663,42,risk,5,5,0.1,0.9,0.05,default,100,9.7,4,1,1,0,0,0.0005190459999084851,
trap_penalty_q_learning_30_q_learning_42_820f2c6d,trap_penalty_q_learning_30,q_learning,train,664,42,risk,5,5,0.1,0.9,0.05,default,100,9.7,4,1,1,0,0,0.0005953140000656276,
trap_penalty_q_learning_30_q_learning_42_820f2c6d,trap_penalty_q_learning_30,q_learning,train,665,42,risk,5,5,0.1,0.9,0.05,default,100,9.7,4,1,1,0,0,0.0006200069999522384,
trap_penalty_q_learning_30_q_learning_42_820f2c6d,trap_penalty_q_learning_30,q_learning,train,666,42,risk,5,5,0.1,0.9,0.05,default,100,9.7,4,1,1,0,0,0.0005928410000706208,
trap_penalty_q_learning_30_q_learning_42_820f2c6d,trap_penalty_q_learning_30,q_learning,train,667,42,risk,5,5,0.1,0.9,0.05,default,100,8.7,5,1,1,0,0,0.0006426899999496527,
trap_penalty_q_learning_30_q_learning_42_820f2c6d,trap_penalty_q_learning_30,q_learning,train,668,42,risk,5,5,0.1,0.9,0.05,default,100,9.7,4,1,1,0,0,0.0005812809999952151,
trap_penalty_q_learning_30_q_learning_42_820f2c6d,trap_penalty_q_learning_30,q_learning,train,669,42,risk,5,5,0.1,0.9,0.05,default,100,8.7,5,1,1,0,0,0.0006437530000766856,
trap_penalty_q_learning_30_q_learning_42_820f2c6d,trap_penalty_q_learning_30,q_learning,train,670,42,risk,5,5,0.1,0.9,0.05,default,100,9.7,4,1,1,0,0,0.0005918690001180948,
trap_penalty_q_learning_30_q_learning_42_820f2c6d,trap_penalty_q_learning_30,q_learning,train,671,42,risk,5,5,0.1,0.9,0.05,default,100,9.7,4,1,1,0,0,0.0006269860000429617,
trap_penalty_q_learning_30_q_learning_42_820f2c6d,trap_penalty_q_learning_30,q_learning,train,672,42,risk,5,5,0.1,0.9,0.05,default,100,9.7,4,1,1,0,0,0.0005973160000394273,
trap_penalty_q_learning_30_q_learning_42_820f2c6d,trap_penalty_q_learning_30,q_learning,train,673,42,risk,5,5,0.1,0.9,0.05,default,100,9.7,4,1,1,0,0,0.0005794270000478718,
trap_penalty_q_learning_30_q_learning_42_820f2c6d,trap_penalty_q_learning_30,q_learning,train,674,42,risk,5,5,0.1,0.9,0.05,default,100,9.7,4,1,1,0,0,0.0005937100002029183,
trap_penalty_q_learning_30_q_learning_42_820f2c6d,trap_penalty_q_learning_30,q_learning,train,675,42,risk,5,5,0.1,0.9,0.05,default,100,9.7,4,1,1,0,0,0.0005967089998648589,
trap_penalty_q_learning_30_q_learning_42_820f2c6d,trap_penalty_q_learning_30,q_learning,train,676,42,risk,5,5,0.1,0.9,0.05,default,100,9.7,4,1,1,0,0,0.0005791250000584114,
trap_penalty_q_learning_30_q_learning_42_820f2c6d,trap_penalty_q_learning_30,q_learning,train,677,42,risk,5,5,0.1,0.9,0.05,default,100,9.7,4,1,1,0,0,0.0006161879998671793,
trap_penalty_q_learning_30_q_learning_42_820f2c6d,trap_penalty_q_learning_30,q_learning,train,678,42,risk,5,5,0.1,0.9,0.05,default,100,8.7,5,1,1,0,0,0.0006765289999748347,
trap_penalty_q_learning_30_q_learning_42_820f2c6d,trap_penalty_q_learning_30,q_learning,train,679,42,risk,5,5,0.1,0.9,0.05,default,100,9.7,4,1,1,0,0,0.0005850190000273869,
trap_penalty_q_learning_30_q_learning_42_820f2c6d,trap_penalty_q_learning_30,q_learning,train,680,42,risk,5,5,0.1,0.9,0.05,default,100,8.7,5,1,1,0,0,0.0006498790000932786,
trap_penalty_q_learning_30_q_learning_42_820f2c6d,trap_penalty_q_learning_30,q_learning,train,681,42,risk,5,5,0.1,0.9,0.05,default,100,9.7,4,1,1,0,0,0.000644683000018631,
trap_penalty_q_learning_30_q_learning_42_820f2c6d,trap_penalty_q_learning_30,q_learning,train,682,42,risk,5,5,0.1,0.9,0.05,default,100,9.7,4,1,1,0,0,0.0006107579999934387,
trap_penalty_q_learning_30_q_learning_42_820f2c6d,trap_penalty_q_learning_30,q_learning,train,683,42,risk,5,5,0.1,0.9,0.05,default,100,9.7,4,1,1,0,0,0.0005869250001069304,
trap_penalty_q_learning_30_q_learning_42_820f2c6d,trap_penalty_q_learning_30,q_learning,train,684,42,risk,5,5,0.1,0.9,0.05,default,100,9.7,4,1,1,0,0,0.0005967439999494673,
trap_penalty_q_learning_30_q_learning_42_820f2c6d,trap_penalty_q_learning_30,q_learning,train,685,42,risk,5,5,0.1,0.9,0.05,default,100,9.7,4,1,1,0,0,0.0006045339998763666,
trap_penalty_q_learning_30_q_learning_42_820f2c6d,trap_penalty_q_learning_30,q_learning,train,686,42,risk,5,5,0.1,0.9,0.05,default,100,9.7,4,1,1,0,0,0.0005841239999426762,
trap_penalty_q_learning_30_q_learning_42_820f2c6d,trap_penalty_q_learning_30,q_learning,train,687,42,risk,5,5,0.1,0.9,0.05,default,100,8.5,7,1,1,0,0,0.0008062599999902886,
trap_penalty_q_learning_30_q_learning_42_820f2c6d,trap_penalty_q_learning_30,q_learning,train,688,42,risk,5,5,0.1,0.9,0.05,default,100,9.7,4,1,1,0,0,0.0006203730001743679,
trap_penalty_q_learning_30_q_learning_42_820f2c6d,trap_penalty_q_learning_30,q_learning,train,689,42,risk,5,5,0.1,0.9,0.05,default,100,9.7,4,1,1,0,0,0.0005781170000318525,
trap_penalty_q_learning_30_q_learning_42_820f2c6d,trap_penalty_q_learning_30,q_learning,train,690,42,risk,5,5,0.1,0.9,0.05,default,100,9.7,4,1,1,0,0,0.0006017250000240892,
trap_penalty_q_learning_30_q_learning_42_820f2c6d,trap_penalty_q_learning_30,q_learning,train,691,42,risk,5,5,0.1,0.9,0.05,default,100,9.5,6,1,1,0,0,0.0007587229999899137,
trap_penalty_q_learning_30_q_learning_42_820f2c6d,trap_penalty_q_learning_30,q_learning,train,692,42,risk,5,5,0.1,0.9,0.05,default,100,9.7,4,1,1,0,0,0.000582284000074651,
trap_penalty_q_learning_30_q_learning_42_820f2c6d,trap_penalty_q_learning_30,q_learning,train,693,42,risk,5,5,0.1,0.9,0.05,default,100,9.7,4,1,1,0,0,0.0005918650001603964,
trap_penalty_q_learning_30_q_learning_42_820f2c6d,trap_penalty_q_learning_30,q_learning,train,694,42,risk,5,5,0.1,0.9,0.05,default,100,8.7,5,1,1,0,0,0.0006531169999561826,
trap_penalty_q_learning_30_q_learning_42_820f2c6d,trap_penalty_q_learning_30,q_learning,train,695,42,risk,5,5,0.1,0.9,0.05,default,100,9.7,4,1,1,0,0,0.0006016229999659117,
trap_penalty_q_learning_30_q_learning_42_820f2c6d,trap_penalty_q_learning_30,q_learning,train,696,42,risk,5,5,0.1,0.9,0.05,default,100,9.7,4,1,1,0,0,0.0005942510001659684,
trap_penalty_q_learning_30_q_learning_42_820f2c6d,trap_penalty_q_learning_30,q_learning,train,697,42,risk,5,5,0.1,0.9,0.05,default,100,9.7,4,1,1,0,0,0.0005185729999084288,
trap_penalty_q_learning_30_q_learning_42_820f2c6d,trap_penalty_q_learning_30,q_learning,train,698,42,risk,5,5,0.1,0.9,0.05,default,100,9.7,4,1,1,0,0,0.000533686000153466,
trap_penalty_q_learning_30_q_learning_42_820f2c6d,trap_penalty_q_learning_30,q_learning,train,699,42,risk,5,5,0.1,0.9,0.05,default,100,9.7,4,1,1,0,0,0.0005817979999847012,
trap_penalty_q_learning_30_q_learning_42_820f2c6d,trap_penalty_q_learning_30,q_learning,train,700,42,risk,5,5,0.1,0.9,0.05,default,100,9.7,4,1,1,0,0,0.0006046340001830686,
trap_penalty_q_learning_30_q_learning_42_820f2c6d,trap_penalty_q_learning_30,q_learning,train,701,42,risk,5,5,0.1,0.9,0.05,default,100,9.7,4,1,1,0,0,0.0006210559999999532,
trap_penalty_q_learning_30_q_learning_42_820f2c6d,trap_penalty_q_learning_30,q_learning,train,702,42,risk,5,5,0.1,0.9,0.05,default,100,9.7,4,1,1,0,0,0.000602839000066524,
trap_penalty_q_learning_30_q_learning_42_820f2c6d,trap_penalty_q_learning_30,q_learning,train,703,42,risk,5,5,0.1,0.9,0.05,default,100,9.7,4,1,1,0,0,0.0005814650000957045,
trap_penalty_q_learning_30_q_learning_42_820f2c6d,trap_penalty_q_learning_30,q_learning,train,704,42,risk,5,5,0.1,0.9,0.05,default,100,9.7,4,1,1,0,0,0.0005917739999858895,
trap_penalty_q_learning_30_q_learning_42_820f2c6d,trap_penalty_q_learning_30,q_learning,train,705,42,risk,5,5,0.1,0.9,0.05,default,100,9.7,4,1,1,0,0,0.000631264000048759,
trap_penalty_q_learning_30_q_learning_42_820f2c6d,trap_penalty_q_learning_30,q_learning,train,706,42,risk,5,5,0.1,0.9,0.05,default,100,9.5,6,1,1,0,0,0.0007566250001218577,
trap_penalty_q_learning_30_q_learning_42_820f2c6d,trap_penalty_q_learning_30,q_learning,train,707,42,risk,5,5,0.1,0.9,0.05,default,100,9.7,4,1,1,0,0,0.0006173209999360552,
trap_penalty_q_learning_30_q_learning_42_820f2c6d,trap_penalty_q_learning_30,q_learning,train,708,42,risk,5,5,0.1,0.9,0.05,default,100,9.7,4,1,1,0,0,0.0005934470000283909,
trap_penalty_q_learning_30_q_learning_42_820f2c6d,trap_penalty_q_learning_30,q_learning,train,709,42,risk,5,5,0.1,0.9,0.05,default,100,9.7,4,1,1,0,0,0.0005858720001015172,
trap_penalty_q_learning_30_q_learning_42_820f2c6d,trap_penalty_q_learning_30,q_learning,train,710,42,risk,5,5,0.1,0.9,0.05,default,100,9.7,4,1,1,0,0,0.0005906199999117234,
trap_penalty_q_learning_30_q_learning_42_820f2c6d,trap_penalty_q_learning_30,q_learning,train,711,42,risk,5,5,0.1,0.9,0.05,default,100,9.7,4,1,1,0,0,0.0006207189999258844,
trap_penalty_q_learning_30_q_learning_42_820f2c6d,trap_penalty_q_learning_30,q_learning,train,712,42,risk,5,5,0.1,0.9,0.05,default,100,7.699999999999999,6,1,1,0,0,0.0006312870000328985,
trap_penalty_q_learning_30_q_learning_42_820f2c6d,trap_penalty_q_learning_30,q_learning,train,713,42,risk,5,5,0.1,0.9,0.05,default,100,9.7,4,1,1,0,0,0.0005956889999652049,
trap_penalty_q_learning_30_q_learning_42_820f2c6d,trap_penalty_q_learning_30,q_learning,train,714,42,risk,5,5,0.1,0.9,0.05,default,100,9.7,4,1,1,0,0,0.0005776810000952537,
trap_penalty_q_learning_30_q_learning_42_820f2c6d,trap_penalty_q_learning_30,q_learning,train,715,42,risk,5,5,0.1,0.9,0.05,default,100,9.7,4,1,1,0,0,0.000592554000149903,
trap_penalty_q_learning_30_q_learning_42_820f2c6d,trap_penalty_q_learning_30,q_learning,train,716,42,risk,5,5,0.1,0.9,0.05,default,100,9.7,4,1,1,0,0,0.0005860779999693477,
trap_penalty_q_learning_30_q_learning_42_820f2c6d,trap_penalty_q_learning_30,q_learning,train,717,42,risk,5,5,0.1,0.9,0.05,default,100,9.7,4,1,1,0,0,0.0006113670001468563,
trap_penalty_q_learning_30_q_learning_42_820f2c6d,trap_penalty_q_learning_30,q_learning,train,718,42,risk,5,5,0.1,0.9,0.05,default,100,9.7,4,1,1,0,0,0.0005957019998277246,
trap_penalty_q_learning_30_q_learning_42_820f2c6d,trap_penalty_q_learning_30,q_learning,train,719,42,risk,5,5,0.1,0.9,0.05,default,100,9.7,4,1,1,0,0,0.000578940999957922,
trap_penalty_q_learning_30_q_learning_42_820f2c6d,trap_penalty_q_learning_30,q_learning,train,720,42,risk,5,5,0.1,0.9,0.05,default,100,9.7,4,1,1,0,0,0.0006137670000043727,
trap_penalty_q_learning_30_q_learning_42_820f2c6d,trap_penalty_q_learning_30,q_learning,train,721,42,risk,5,5,0.1,0.9,0.05,default,100,9.7,4,1,1,0,0,0.0006423100001029525,
trap_penalty_q_learning_30_q_learning_42_820f2c6d,trap_penalty_q_learning_30,q_learning,train,722,42,risk,5,5,0.1,0.9,0.05,default,100,9.7,4,1,1,0,0,0.0006090960000619816,
trap_penalty_q_learning_30_q_learning_42_820f2c6d,trap_penalty_q_learning_30,q_learning,train,723,42,risk,5,5,0.1,0.9,0.05,default,100,9.7,4,1,1,0,0,0.0005820670000957762,
trap_penalty_q_learning_30_q_learning_42_820f2c6d,trap_penalty_q_learning_30,q_learning,train,724,42,risk,5,5,0.1,0.9,0.05,default,100,9.7,4,1,1,0,0,0.0005927060001340578,
trap_penalty_q_learning_30_q_learning_42_820f2c6d,trap_penalty_q_learning_30,q_learning,train,725,42,risk,5,5,0.1,0.9,0.05,default,100,9.7,4,1,1,0,0,0.0005805890000374347,
trap_penalty_q_learning_30_q_learning_42_820f2c6d,trap_penalty_q_learning_30,q_learning,train,726,42,risk,5,5,0.1,0.9,0.05,default,100,9.7,4,1,1,0,0,0.000604099000156566,
trap_penalty_q_learning_30_q_learning_42_820f2c6d,trap_penalty_q_learning_30,q_learning,train,727,42,risk,5,5,0.1,0.9,0.05,default,100,9.7,4,1,1,0,0,0.0005903010001020448,
trap_penalty_q_learning_30_q_learning_42_820f2c6d,trap_penalty_q_learning_30,q_learning,train,728,42,risk,5,5,0.1,0.9,0.05,default,100,9.7,4,1,1,0,0,0.0006034210000507301,
trap_penalty_q_learning_30_q_learning_42_820f2c6d,trap_penalty_q_learning_30,q_learning,train,729,42,risk,5,5,0.1,0.9,0.05,default,100,9.7,4,1,1,0,0,0.0005963869998595328,
trap_penalty_q_learning_30_q_learning_42_820f2c6d,trap_penalty_q_learning_30,q_learning,train,730,42,risk,5,5,0.1,0.9,0.05,default,100,9.7,4,1,1,0,0,0.0005814950000058161,
trap_penalty_q_learning_30_q_learning_42_820f2c6d,trap_penalty_q_learning_30,q_learning,train,731,42,risk,5,5,0.1,0.9,0.05,default,100,9.7,4,1,1,0,0,0.0005939440000020113,
trap_penalty_q_learning_30_q_learning_42_820f2c6d,trap_penalty_q_learning_30,q_learning,train,732,42,risk,5,5,0.1,0.9,0.05,default,100,9.7,4,1,1,0,0,0.0006040670000402315,
trap_penalty_q_learning_30_q_learning_42_820f2c6d,trap_penalty_q_learning_30,q_learning,train,733,42,risk,5,5,0.1,0.9,0.05,default,100,9.7,4,1,1,0,0,0.0005817659998683666,
trap_penalty_q_learning_30_q_learning_42_820f2c6d,trap_penalty_q_learning_30,q_learning,train,734,42,risk,5,5,0.1,0.9,0.05,default,100,9.7,4,1,1,0,0,0.000597480000124051,
trap_penalty_q_learning_30_q_learning_42_820f2c6d,trap_penalty_q_learning_30,q_learning,train,735,42,risk,5,5,0.1,0.9,0.05,default,100,9.7,4,1,1,0,0,0.0006198830001267197,
trap_penalty_q_learning_30_q_learning_42_820f2c6d,trap_penalty_q_learning_30,q_learning,train,736,42,risk,5,5,0.1,0.9,0.05,default,100,9.7,4,1,1,0,0,0.000581019000037486,
trap_penalty_q_learning_30_q_learning_42_820f2c6d,trap_penalty_q_learning_30,q_learning,train,737,42,risk,5,5,0.1,0.9,0.05,default,100,9.7,4,1,1,0,0,0.0006088749998980347,
trap_penalty_q_learning_30_q_learning_42_820f2c6d,trap_penalty_q_learning_30,q_learning,train,738,42,risk,5,5,0.1,0.9,0.05,default,100,9.7,4,1,1,0,0,0.0005802080002013099,
trap_penalty_q_learning_30_q_learning_42_820f2c6d,trap_penalty_q_learning_30,q_learning,train,739,42,risk,5,5,0.1,0.9,0.05,default,100,9.7,4,1,1,0,0,0.0005917639998642699,
trap_penalty_q_learning_30_q_learning_42_820f2c6d,trap_penalty_q_learning_30,q_learning,train,740,42,risk,5,5,0.1,0.9,0.05,default,100,9.7,4,1,1,0,0,0.0005929480000759213,
trap_penalty_q_learning_30_q_learning_42_820f2c6d,trap_penalty_q_learning_30,q_learning,train,741,42,risk,5,5,0.1,0.9,0.05,default,100,9.7,4,1,1,0,0,0.000577103999830797,
trap_penalty_q_learning_30_q_learning_42_820f2c6d,trap_penalty_q_learning_30,q_learning,train,742,42,risk,5,5,0.1,0.9,0.05,default,100,9.7,4,1,1,0,0,0.0005701679999674525,
trap_penalty_q_learning_30_q_learning_42_820f2c6d,trap_penalty_q_learning_30,q_learning,train,743,42,risk,5,5,0.1,0.9,0.05,default,100,9.7,4,1,1,0,0,0.0005988929999602988,
trap_penalty_q_learning_30_q_learning_42_820f2c6d,trap_penalty_q_learning_30,q_learning,train,744,42,risk,5,5,0.1,0.9,0.05,default,100,-30.2,3,0,1,0,1,0.000412034999953903,
trap_penalty_q_learning_30_q_learning_42_820f2c6d,trap_penalty_q_learning_30,q_learning,train,745,42,risk,5,5,0.1,0.9,0.05,default,100,9.7,4,1,1,0,0,0.0006020359999183711,
trap_penalty_q_learning_30_q_learning_42_820f2c6d,trap_penalty_q_learning_30,q_learning,train,746,42,risk,5,5,0.1,0.9,0.05,default,100,9.7,4,1,1,0,0,0.000560483000072054,
trap_penalty_q_learning_30_q_learning_42_820f2c6d,trap_penalty_q_learning_30,q_learning,train,747,42,risk,5,5,0.1,0.9,0.05,default,100,9.7,4,1,1,0,0,0.0005958039998859022,
trap_penalty_q_learning_30_q_learning_42_820f2c6d,trap_penalty_q_learning_30,q_learning,train,748,42,risk,5,5,0.1,0.9,0.05,default,100,9.7,4,1,1,0,0,0.0005975290000606037,
trap_penalty_q_learning_30_q_learning_42_820f2c6d,trap_penalty_q_learning_30,q_learning,train,749,42,risk,5,5,0.1,0.9,0.05,default,100,9.7,4,1,1,0,0,0.0005780970000159869,
trap_penalty_q_learning_30_q_learning_42_820f2c6d,trap_penalty_q_learning_30,q_learning,train,750,42,risk,5,5,0.1,0.9,0.05,default,100,9.5,6,1,1,0,0,0.0007567140000901418,
trap_penalty_q_learning_30_q_learning_42_820f2c6d,trap_penalty_q_learning_30,q_learning,train,751,42,risk,5,5,0.1,0.9,0.05,default,100,9.7,4,1,1,0,0,0.0005961320000551495,
trap_penalty_q_learning_30_q_learning_42_820f2c6d,trap_penalty_q_learning_30,q_learning,train,752,42,risk,5,5,0.1,0.9,0.05,default,100,9.7,4,1,1,0,0,0.0006041560000085155,
trap_penalty_q_learning_30_q_learning_42_820f2c6d,trap_penalty_q_learning_30,q_learning,train,753,42,risk,5,5,0.1,0.9,0.05,default,100,9.7,4,1,1,0,0,0.0006018489998496079,
trap_penalty_q_learning_30_q_learning_42_820f2c6d,trap_penalty_q_learning_30,q_learning,train,754,42,risk,5,5,0.1,0.9,0.05,default,100,9.7,4,1,1,0,0,0.000595741999859456,
trap_penalty_q_learning_30_q_learning_42_820f2c6d,trap_penalty_q_learning_30,q_learning,train,755,42,risk,5,5,0.1,0.9,0.05,default,100,9.7,4,1,1,0,0,0.0005810929999370273,
trap_penalty_q_learning_30_q_learning_42_820f2c6d,trap_penalty_q_learning_30,q_learning,train,756,42,risk,5,5,0.1,0.9,0.05,default,100,9.7,4,1,1,0,0,0.0005921220001710026,
trap_penalty_q_learning_30_q_learning_42_820f2c6d,trap_penalty_q_learning_30,q_learning,train,757,42,risk,5,5,0.1,0.9,0.05,default,100,9.7,4,1,1,0,0,0.0005804770000850112,
trap_penalty_q_learning_30_q_learning_42_820f2c6d,trap_penalty_q_learning_30,q_learning,train,758,42,risk,5,5,0.1,0.9,0.05,default,100,9.7,4,1,1,0,0,0.0006007849999605241,
trap_penalty_q_learning_30_q_learning_42_820f2c6d,trap_penalty_q_learning_30,q_learning,train,759,42,risk,5,5,0.1,0.9,0.05,default,100,9.7,4,1,1,0,0,0.0006144050000784773,
trap_penalty_q_learning_30_q_learning_42_820f2c6d,trap_penalty_q_learning_30,q_learning,train,760,42,risk,5,5,0.1,0.9,0.05,default,100,9.7,4,1,1,0,0,0.0005829330000324262,
trap_penalty_q_learning_30_q_learning_42_820f2c6d,trap_penalty_q_learning_30,q_learning,train,761,42,risk,5,5,0.1,0.9,0.05,default,100,9.7,4,1,1,0,0,0.0006205229999522999,
trap_penalty_q_learning_30_q_learning_42_820f2c6d,trap_penalty_q_learning_30,q_learning,train,762,42,risk,5,5,0.1,0.9,0.05,default,100,9.5,6,1,1,0,0,0.0007991560000846221,
trap_penalty_q_learning_30_q_learning_42_820f2c6d,trap_penalty_q_learning_30,q_learning,train,763,42,risk,5,5,0.1,0.9,0.05,default,100,9.7,4,1,1,0,0,0.0006015369999659015,
trap_penalty_q_learning_30_q_learning_42_820f2c6d,trap_penalty_q_learning_30,q_learning,train,764,42,risk,5,5,0.1,0.9,0.05,default,100,9.5,6,1,1,0,0,0.0007569609999791282,
trap_penalty_q_learning_30_q_learning_42_820f2c6d,trap_penalty_q_learning_30,q_learning,train,765,42,risk,5,5,0.1,0.9,0.05,default,100,9.7,4,1,1,0,0,0.000584172000117178,
trap_penalty_q_learning_30_q_learning_42_820f2c6d,trap_penalty_q_learning_30,q_learning,train,766,42,risk,5,5,0.1,0.9,0.05,default,100,9.5,6,1,1,0,0,0.0007578099998681864,
trap_penalty_q_learning_30_q_learning_42_820f2c6d,trap_penalty_q_learning_30,q_learning,train,767,42,risk,5,5,0.1,0.9,0.05,default,100,9.7,4,1,1,0,0,0.0005171880000034434,
trap_penalty_q_learning_30_q_learning_42_820f2c6d,trap_penalty_q_learning_30,q_learning,train,768,42,risk,5,5,0.1,0.9,0.05,default,100,8.7,5,1,1,0,0,0.000671210000064093,
trap_penalty_q_learning_30_q_learning_42_820f2c6d,trap_penalty_q_learning_30,q_learning,train,769,42,risk,5,5,0.1,0.9,0.05,default,100,9.7,4,1,1,0,0,0.0005972530000235565,
trap_penalty_q_learning_30_q_learning_42_820f2c6d,trap_penalty_q_learning_30,q_learning,train,770,42,risk,5,5,0.1,0.9,0.05,default,100,9.7,4,1,1,0,0,0.0005783939998309506,
trap_penalty_q_learning_30_q_learning_42_820f2c6d,trap_penalty_q_learning_30,q_learning,train,771,42,risk,5,5,0.1,0.9,0.05,default,100,-30.2,3,0,1,0,1,0.00041654500000731787,
trap_penalty_q_learning_30_q_learning_42_820f2c6d,trap_penalty_q_learning_30,q_learning,train,772,42,risk,5,5,0.1,0.9,0.05,default,100,9.7,4,1,1,0,0,0.0005824439999742026,
trap_penalty_q_learning_30_q_learning_42_820f2c6d,trap_penalty_q_learning_30,q_learning,train,773,42,risk,5,5,0.1,0.9,0.05,default,100,8.7,5,1,1,0,0,0.0006448900001032598,
trap_penalty_q_learning_30_q_learning_42_820f2c6d,trap_penalty_q_learning_30,q_learning,train,774,42,risk,5,5,0.1,0.9,0.05,default,100,9.7,4,1,1,0,0,0.000593490000028396,
trap_penalty_q_learning_30_q_learning_42_820f2c6d,trap_penalty_q_learning_30,q_learning,train,775,42,risk,5,5,0.1,0.9,0.05,default,100,9.7,4,1,1,0,0,0.0006016929999077547,
trap_penalty_q_learning_30_q_learning_42_820f2c6d,trap_penalty_q_learning_30,q_learning,train,776,42,risk,5,5,0.1,0.9,0.05,default,100,9.7,4,1,1,0,0,0.0005999129998599528,
trap_penalty_q_learning_30_q_learning_42_820f2c6d,trap_penalty_q_learning_30,q_learning,train,777,42,risk,5,5,0.1,0.9,0.05,default,100,8.7,5,1,1,0,0,0.0006305889999111969,
trap_penalty_q_learning_30_q_learning_42_820f2c6d,trap_penalty_q_learning_30,q_learning,train,778,42,risk,5,5,0.1,0.9,0.05,default,100,9.7,4,1,1,0,0,0.0005902349998905265,
trap_penalty_q_learning_30_q_learning_42_820f2c6d,trap_penalty_q_learning_30,q_learning,train,779,42,risk,5,5,0.1,0.9,0.05,default,100,9.7,4,1,1,0,0,0.0005892459998904087,
trap_penalty_q_learning_30_q_learning_42_820f2c6d,trap_penalty_q_learning_30,q_learning,train,780,42,risk,5,5,0.1,0.9,0.05,default,100,9.7,4,1,1,0,0,0.0005785119999472954,
trap_penalty_q_learning_30_q_learning_42_820f2c6d,trap_penalty_q_learning_30,q_learning,train,781,42,risk,5,5,0.1,0.9,0.05,default,100,9.7,4,1,1,0,0,0.0006104779999986931,
trap_penalty_q_learning_30_q_learning_42_820f2c6d,trap_penalty_q_learning_30,q_learning,train,782,42,risk,5,5,0.1,0.9,0.05,default,100,9.7,4,1,1,0,0,0.0006021680001140339,
trap_penalty_q_learning_30_q_learning_42_820f2c6d,trap_penalty_q_learning_30,q_learning,train,783,42,risk,5,5,0.1,0.9,0.05,default,100,9.7,4,1,1,0,0,0.000596359999917695,
trap_penalty_q_learning_30_q_learning_42_820f2c6d,trap_penalty_q_learning_30,q_learning,train,784,42,risk,5,5,0.1,0.9,0.05,default,100,9.7,4,1,1,0,0,0.0005796759999157075,
trap_penalty_q_learning_30_q_learning_42_820f2c6d,trap_penalty_q_learning_30,q_learning,train,785,42,risk,5,5,0.1,0.9,0.05,default,100,9.7,4,1,1,0,0,0.0005924869999489601,
trap_penalty_q_learning_30_q_learning_42_820f2c6d,trap_penalty_q_learning_30,q_learning,train,786,42,risk,5,5,0.1,0.9,0.05,default,100,9.7,4,1,1,0,0,0.0006115569999565196,
trap_penalty_q_learning_30_q_learning_42_820f2c6d,trap_penalty_q_learning_30,q_learning,train,787,42,risk,5,5,0.1,0.9,0.05,default,100,8.7,5,1,1,0,0,0.0006464610000875837,
trap_penalty_q_learning_30_q_learning_42_820f2c6d,trap_penalty_q_learning_30,q_learning,train,788,42,risk,5,5,0.1,0.9,0.05,default,100,9.7,4,1,1,0,0,0.00059320199989088,
trap_penalty_q_learning_30_q_learning_42_820f2c6d,trap_penalty_q_learning_30,q_learning,train,789,42,risk,5,5,0.1,0.9,0.05,default,100,9.7,4,1,1,0,0,0.0005805190000955918,
trap_penalty_q_learning_30_q_learning_42_820f2c6d,trap_penalty_q_learning_30,q_learning,train,790,42,risk,5,5,0.1,0.9,0.05,default,100,8.7,5,1,1,0,0,0.0006408439999177062,
trap_penalty_q_learning_30_q_learning_42_820f2c6d,trap_penalty_q_learning_30,q_learning,train,791,42,risk,5,5,0.1,0.9,0.05,default,100,9.7,4,1,1,0,0,0.000606011999934708,
trap_penalty_q_learning_30_q_learning_42_820f2c6d,trap_penalty_q_learning_30,q_learning,train,792,42,risk,5,5,0.1,0.9,0.05,default,100,9.7,4,1,1,0,0,0.0005417180000222288,
trap_penalty_q_learning_30_q_learning_42_820f2c6d,trap_penalty_q_learning_30,q_learning,train,793,42,risk,5,5,0.1,0.9,0.05,default,100,9.7,4,1,1,0,0,0.0005926169999384001,
trap_penalty_q_learning_30_q_learning_42_820f2c6d,trap_penalty_q_learning_30,q_learning,train,794,42,risk,5,5,0.1,0.9,0.05,default,100,9.7,4,1,1,0,0,0.0005293449999044242,
trap_penalty_q_learning_30_q_learning_42_820f2c6d,trap_penalty_q_learning_30,q_learning,train,795,42,risk,5,5,0.1,0.9,0.05,default,100,8.5,7,1,1,0,0,0.0007343929999024112,
trap_penalty_q_learning_30_q_learning_42_820f2c6d,trap_penalty_q_learning_30,q_learning,train,796,42,risk,5,5,0.1,0.9,0.05,default,100,9.7,4,1,1,0,0,0.0005459280000650324,
trap_penalty_q_learning_30_q_learning_42_820f2c6d,trap_penalty_q_learning_30,q_learning,train,797,42,risk,5,5,0.1,0.9,0.05,default,100,9.7,4,1,1,0,0,0.0005257880000044679,
trap_penalty_q_learning_30_q_learning_42_820f2c6d,trap_penalty_q_learning_30,q_learning,train,798,42,risk,5,5,0.1,0.9,0.05,default,100,9.5,6,1,1,0,0,0.0006842180000603548,
trap_penalty_q_learning_30_q_learning_42_820f2c6d,trap_penalty_q_learning_30,q_learning,train,799,42,risk,5,5,0.1,0.9,0.05,default,100,9.5,6,1,1,0,0,0.0008748409998133866,
trap_penalty_q_learning_30_q_learning_42_820f2c6d,trap_penalty_q_learning_30,q_learning,train,800,42,risk,5,5,0.1,0.9,0.05,default,100,9.7,4,1,1,0,0,0.0005988049999814393,results/trap_penalty/q_learning/trap_30/seed_42/qtable_ep800.npz
trap_penalty_q_learning_30_q_learning_42_820f2c6d,trap_penalty_q_learning_30,q_learning,train,801,42,risk,5,5,0.1,0.9,0.05,default,100,9.7,4,1,1,0,0,0.0006524789998820779,
trap_penalty_q_learning_30_q_learning_42_820f2c6d,trap_penalty_q_learning_30,q_learning,train,802,42,risk,5,5,0.1,0.9,0.05,default,100,9.7,4,1,1,0,0,0.0005968660000235104,
trap_penalty_q_learning_30_q_learning_42_820f2c6d,trap_penalty_q_learning_30,q_learning,train,803,42,risk,5,5,0.1,0.9,0.05,default,100,9.7,4,1,1,0,0,0.0006006410001191398,
trap_penalty_q_learning_30_q_learning_42_820f2c6d,trap_penalty_q_learning_30,q_learning,train,804,42,risk,5,5,0.1,0.9,0.05,default,100,9.7,4,1,1,0,0,0.0005842589998792391,
trap_penalty_q_learning_30_q_learning_42_820f2c6d,trap_penalty_q_learning_30,q_learning,train,805,42,risk,5,5,0.1,0.9,0.05,default,100,9.7,4,1,1,0,0,0.0005970340000658325,
trap_penalty_q_learning_30_q_learning_42_820f2c6d,trap_penalty_q_learning_30,q_learning,train,806,42,risk,5,5,0.1,0.9,0.05,default,100,9.5,6,1,1,0,0,0.0007604330000958726,
trap_penalty_q_learning_30_q_learning_42_820f2c6d,trap_penalty_q_learning_30,q_learning,train,807,42,risk,5,5,0.1,0.9,0.05,default,100,9.7,4,1,1,0,0,0.0006189330001689086,
trap_penalty_q_learning_30_q_learning_42_820f2c6d,trap_penalty_q_learning_30,q_learning,train,808,42,risk,5,5,0.1,0.9,0.05,default,100,9.7,4,1,1,0,0,0.0006005939999340626,
trap_penalty_q_learning_30_q_learning_42_820f2c6d,trap_penalty_q_learning_30,q_learning,train,809,42,risk,5,5,0.1,0.9,0.05,default,100,9.7,4,1,1,0,0,0.0005967579998014116,
trap_penalty_q_learning_30_q_learning_42_820f2c6d,trap_penalty_q_learning_30,q_learning,train,810,42,risk,5,5,0.1,0.9,0.05,default,100,9.7,4,1,1,0,0,0.0005818380000164325,
trap_penalty_q_learning_30_q_learning_42_820f2c6d,trap_penalty_q_learning_30,q_learning,train,811,42,risk,5,5,0.1,0.9,0.05,default,100,9.7,4,1,1,0,0,0.0005959299999176437,
trap_penalty_q_learning_30_q_learning_42_820f2c6d,trap_penalty_q_learning_30,q_learning,train,812,42,risk,5,5,0.1,0.9,0.05,default,100,9.7,4,1,1,0,0,0.0005923800001710333,
trap_penalty_q_learning_30_q_learning_42_820f2c6d,trap_penalty_q_learning_30,q_learning,train,813,42,risk,5,5,0.1,0.9,0.05,default,100,9.7,4,1,1,0,0,0.0006170240001210914,
trap_penalty_q_learning_30_q_learning_42_820f2c6d,trap_penalty_q_learning_30,q_learning,train,814,42,risk,5,5,0.1,0.9,0.05,default,100,9.7,4,1,1,0,0,0.000604369000029692,
trap_penalty_q_learning_30_q_learning_42_820f2c6d,trap_penalty_q_learning_30,q_learning,train,815,42,risk,5,5,0.1,0.9,0.05,default,100,9.7,4,1,1,0,0,0.0005804209999951127,
trap_penalty_q_learning_30_q_learning_42_820f2c6d,trap_penalty_q_learning_30,q_learning,train,816,42,risk,5,5,0.1,0.9,0.05,default,100,9.7,4,1,1,0,0,0.0005931069999860483,
trap_penalty_q_learning_30_q_learning_42_820f2c6d,trap_penalty_q_learning_30,q_learning,train,817,42,risk,5,5,0.1,0.9,0.05,default,100,9.7,4,1,1,0,0,0.0006071249999877182,
trap_penalty_q_learning_30_q_learning_42_820f2c6d,trap_penalty_q_learning_30,q_learning,train,818,42,risk,5,5,0.1,0.9,0.05,default,100,9.7,4,1,1,0,0,0.000537082999926497,
trap_penalty_q_learning_30_q_learning_42_820f2c6d,trap_penalty_q_learning_30,q_learning,train,819,42,risk,5,5,0.1,0.9,0.05,default,100,9.7,4,1,1,0,0,0.0005953509999017115,
trap_penalty_q_learning_30_q_learning_42_820f2c6d,trap_penalty_q_learning_30,q_learning,train,820,42,risk,5,5,0.1,0.9,0.05,default,100,9.7,4,1,1,0,0,0.0005464280000069266,
trap_penalty_q_learning_30_q_learning_42_820f2c6d,trap_penalty_q_learning_30,q_learning,train,821,42,risk,5,5,0.1,0.9,0.05,default,100,9.7,4,1,1,0,0,0.0006253189999370079,
trap_penalty_q_learning_30_q_learning_42_820f2c6d,trap_penalty_q_learning_30,q_learning,train,822,42,risk,5,5,0.1,0.9,0.05,default,100,9.5,6,1,1,0,0,0.0007699380000758538,
trap_penalty_q_learning_30_q_learning_42_820f2c6d,trap_penalty_q_learning_30,q_learning,train,823,42,risk,5,5,0.1,0.9,0.05,default,100,8.7,5,1,1,0,0,0.0006613689999994676,
trap_penalty_q_learning_30_q_learning_42_820f2c6d,trap_penalty_q_learning_30,q_learning,train,824,42,risk,5,5,0.1,0.9,0.05,default,100,9.7,4,1,1,0,0,0.0006128420000095502,
trap_penalty_q_learning_30_q_learning_42_820f2c6d,trap_penalty_q_learning_30,q_learning,train,825,42,risk,5,5,0.1,0.9,0.05,default,100,9.7,4,1,1,0,0,0.0005379419999371748,
trap_penalty_q_learning_30_q_learning_42_820f2c6d,trap_penalty_q_learning_30,q_learning,train,826,42,risk,5,5,0.1,0.9,0.05,default,100,9.7,4,1,1,0,0,0.0005947950000972924,
trap_penalty_q_learning_30_q_learning_42_820f2c6d,trap_penalty_q_learning_30,q_learning,train,827,42,risk,5,5,0.1,0.9,0.05,default,100,9.7,4,1,1,0,0,0.0005822919999900478,
trap_penalty_q_learning_30_q_learning_42_820f2c6d,trap_penalty_q_learning_30,q_learning,train,828,42,risk,5,5,0.1,0.9,0.05,default,100,9.7,4,1,1,0,0,0.0006058599999505532,
trap_penalty_q_learning_30_q_learning_42_820f2c6d,trap_penalty_q_learning_30,q_learning,train,829,42,risk,5,5,0.1,0.9,0.05,default,100,9.7,4,1,1,0,0,0.0005816249999952561,
trap_penalty_q_learning_30_q_learning_42_820f2c6d,trap_penalty_q_learning_30,q_learning,train,830,42,risk,5,5,0.1,0.9,0.05,default,100,9.7,4,1,1,0,0,0.000616356999898926,
trap_penalty_q_learning_30_q_learning_42_820f2c6d,trap_penalty_q_learning_30,q_learning,train,831,42,risk,5,5,0.1,0.9,0.05,default,100,9.7,4,1,1,0,0,0.0006058609999399778,
trap_penalty_q_learning_30_q_learning_42_820f2c6d,trap_penalty_q_learning_30,q_learning,train,832,42,risk,5,5,0.1,0.9,0.05,default,100,9.7,4,1,1,0,0,0.0005858639999587467,
trap_penalty_q_learning_30_q_learning_42_820f2c6d,trap_penalty_q_learning_30,q_learning,train,833,42,risk,5,5,0.1,0.9,0.05,default,100,9.7,4,1,1,0,0,0.0006035940000401752,
trap_penalty_q_learning_30_q_learning_42_820f2c6d,trap_penalty_q_learning_30,q_learning,train,834,42,risk,5,5,0.1,0.9,0.05,default,100,9.7,4,1,1,0,0,0.0005849140000009356,
trap_penalty_q_learning_30_q_learning_42_820f2c6d,trap_penalty_q_learning_30,q_learning,train,835,42,risk,5,5,0.1,0.9,0.05,default,100,9.7,4,1,1,0,0,0.0005983389999073552,
trap_penalty_q_learning_30_q_learning_42_820f2c6d,trap_penalty_q_learning_30,q_learning,train,836,42,risk,5,5,0.1,0.9,0.05,default,100,9.7,4,1,1,0,0,0.0005928099999437109,
trap_penalty_q_learning_30_q_learning_42_820f2c6d,trap_penalty_q_learning_30,q_learning,train,837,42,risk,5,5,0.1,0.9,0.05,default,100,9.7,4,1,1,0,0,0.0006056750000880129,
trap_penalty_q_learning_30_q_learning_42_820f2c6d,trap_penalty_q_learning_30,q_learning,train,838,42,risk,5,5,0.1,0.9,0.05,default,100,9.7,4,1,1,0,0,0.0006051989998923091,
trap_penalty_q_learning_30_q_learning_42_820f2c6d,trap_penalty_q_learning_30,q_learning,train,839,42,risk,5,5,0.1,0.9,0.05,default,100,9.7,4,1,1,0,0,0.0005804259999422356,
trap_penalty_q_learning_30_q_learning_42_820f2c6d,trap_penalty_q_learning_30,q_learning,train,840,42,risk,5,5,0.1,0.9,0.05,default,100,9.7,4,1,1,0,0,0.00059849099989151,
trap_penalty_q_learning_30_q_learning_42_820f2c6d,trap_penalty_q_learning_30,q_learning,train,841,42,risk,5,5,0.1,0.9,0.05,default,100,8.5,7,1,1,0,0,0.0008466069998576131,
trap_penalty_q_learning_30_q_learning_42_820f2c6d,trap_penalty_q_learning_30,q_learning,train,842,42,risk,5,5,0.1,0.9,0.05,default,100,9.7,4,1,1,0,0,0.0006076340000618075,
trap_penalty_q_learning_30_q_learning_42_820f2c6d,trap_penalty_q_learning_30,q_learning,train,843,42,risk,5,5,0.1,0.9,0.05,default,100,9.7,4,1,1,0,0,0.0006037179998656939,
trap_penalty_q_learning_30_q_learning_42_820f2c6d,trap_penalty_q_learning_30,q_learning,train,844,42,risk,5,5,0.1,0.9,0.05,default,100,9.7,4,1,1,0,0,0.0005841990000590158,
trap_penalty_q_learning_30_q_learning_42_820f2c6d,trap_penalty_q_learning_30,q_learning,train,845,42,risk,5,5,0.1,0.9,0.05,default,100,9.7,4,1,1,0,0,0.0005978229999072937,
trap_penalty_q_learning_30_q_learning_42_820f2c6d,trap_penalty_q_learning_30,q_learning,train,846,42,risk,5,5,0.1,0.9,0.05,default,100,9.7,4,1,1,0,0,0.0005830040001910675,
trap_penalty_q_learning_30_q_learning_42_820f2c6d,trap_penalty_q_learning_30,q_learning,train,847,42,risk,5,5,0.1,0.9,0.05,default,100,9.7,4,1,1,0,0,0.0006204470000739093,
trap_penalty_q_learning_30_q_learning_42_820f2c6d,trap_penalty_q_learning_30,q_learning,train,848,42,risk,5,5,0.1,0.9,0.05,default,100,9.7,4,1,1,0,0,0.0006018900000981375,
trap_penalty_q_learning_30_q_learning_42_820f2c6d,trap_penalty_q_learning_30,q_learning,train,849,42,risk,5,5,0.1,0.9,0.05,default,100,9.7,4,1,1,0,0,0.0005902210000385821,
trap_penalty_q_learning_30_q_learning_42_820f2c6d,trap_penalty_q_learning_30,q_learning,train,850,42,risk,5,5,0.1,0.9,0.05,default,100,9.7,4,1,1,0,0,0.0005988169998545345,
trap_penalty_q_learning_30_q_learning_42_820f2c6d,trap_penalty_q_learning_30,q_learning,train,851,42,risk,5,5,0.1,0.9,0.05,default,100,8.7,5,1,1,0,0,0.0006447959999604791,
trap_penalty_q_learning_30_q_learning_42_820f2c6d,trap_penalty_q_learning_30,q_learning,train,852,42,risk,5,5,0.1,0.9,0.05,default,100,9.7,4,1,1,0,0,0.0005991990001348313,
trap_penalty_q_learning_30_q_learning_42_820f2c6d,trap_penalty_q_learning_30,q_learning,train,853,42,risk,5,5,0.1,0.9,0.05,default,100,8.7,5,1,1,0,0,0.0006580809999832127,
trap_penalty_q_learning_30_q_learning_42_820f2c6d,trap_penalty_q_learning_30,q_learning,train,854,42,risk,5,5,0.1,0.9,0.05,default,100,9.7,4,1,1,0,0,0.000587085000006482,
trap_penalty_q_learning_30_q_learning_42_820f2c6d,trap_penalty_q_learning_30,q_learning,train,855,42,risk,5,5,0.1,0.9,0.05,default,100,9.7,4,1,1,0,0,0.0005438480000066193,
trap_penalty_q_learning_30_q_learning_42_820f2c6d,trap_penalty_q_learning_30,q_learning,train,856,42,risk,5,5,0.1,0.9,0.05,default,100,9.7,4,1,1,0,0,0.0005362140000215732,
trap_penalty_q_learning_30_q_learning_42_820f2c6d,trap_penalty_q_learning_30,q_learning,train,857,42,risk,5,5,0.1,0.9,0.05,default,100,9.7,4,1,1,0,0,0.0004710319999503554,
trap_penalty_q_learning_30_q_learning_42_820f2c6d,trap_penalty_q_learning_30,q_learning,train,858,42,risk,5,5,0.1,0.9,0.05,default,100,9.7,4,1,1,0,0,0.0005402700001013727,
trap_penalty_q_learning_30_q_learning_42_820f2c6d,trap_penalty_q_learning_30,q_learning,train,859,42,risk,5,5,0.1,0.9,0.05,default,100,9.7,4,1,1,0,0,0.0005321290000210865,
trap_penalty_q_learning_30_q_learning_42_820f2c6d,trap_penalty_q_learning_30,q_learning,train,860,42,risk,5,5,0.1,0.9,0.05,default,100,9.7,4,1,1,0,0,0.0005386059999636927,
trap_penalty_q_learning_30_q_learning_42_820f2c6d,trap_penalty_q_learning_30,q_learning,train,861,42,risk,5,5,0.1,0.9,0.05,default,100,9.7,4,1,1,0,0,0.0006234070001482905,
trap_penalty_q_learning_30_q_learning_42_820f2c6d,trap_penalty_q_learning_30,q_learning,train,862,42,risk,5,5,0.1,0.9,0.05,default,100,9.7,4,1,1,0,0,0.0005938150000019959,
trap_penalty_q_learning_30_q_learning_42_820f2c6d,trap_penalty_q_learning_30,q_learning,train,863,42,risk,5,5,0.1,0.9,0.05,default,100,9.7,4,1,1,0,0,0.000598476000050141,
trap_penalty_q_learning_30_q_learning_42_820f2c6d,trap_penalty_q_learning_30,q_learning,train,864,42,risk,5,5,0.1,0.9,0.05,default,100,9.7,4,1,1,0,0,0.0005800980000003619,
trap_penalty_q_learning_30_q_learning_42_820f2c6d,trap_penalty_q_learning_30,q_learning,train,865,42,risk,5,5,0.1,0.9,0.05,default,100,9.7,4,1,1,0,0,0.0006215010000687471,
trap_penalty_q_learning_30_q_learning_42_820f2c6d,trap_penalty_q_learning_30,q_learning,train,866,42,risk,5,5,0.1,0.9,0.05,default,100,9.7,4,1,1,0,0,0.000597829000071215,
trap_penalty_q_learning_30_q_learning_42_820f2c6d,trap_penalty_q_learning_30,q_learning,train,867,42,risk,5,5,0.1,0.9,0.05,default,100,9.7,4,1,1,0,0,0.0005791700000372657,
trap_penalty_q_learning_30_q_learning_42_820f2c6d,trap_penalty_q_learning_30,q_learning,train,868,42,risk,5,5,0.1,0.9,0.05,default,100,9.7,4,1,1,0,0,0.0005933180000283755,
trap_penalty_q_learning_30_q_learning_42_820f2c6d,trap_penalty_q_learning_30,q_learning,train,869,42,risk,5,5,0.1,0.9,0.05,default,100,9.7,4,1,1,0,0,0.0005802830000902759,
trap_penalty_q_learning_30_q_learning_42_820f2c6d,trap_penalty_q_learning_30,q_learning,train,870,42,risk,5,5,0.1,0.9,0.05,default,100,9.7,4,1,1,0,0,0.0005957490000128018,
trap_penalty_q_learning_30_q_learning_42_820f2c6d,trap_penalty_q_learning_30,q_learning,train,871,42,risk,5,5,0.1,0.9,0.05,default,100,9.7,4,1,1,0,0,0.0005925660000229982,
trap_penalty_q_learning_30_q_learning_42_820f2c6d,trap_penalty_q_learning_30,q_learning,train,872,42,risk,5,5,0.1,0.9,0.05,default,100,9.7,4,1,1,0,0,0.0006007729998600553,
trap_penalty_q_learning_30_q_learning_42_820f2c6d,trap_penalty_q_learning_30,q_learning,train,873,42,risk,5,5,0.1,0.9,0.05,default,100,9.7,4,1,1,0,0,0.0005922719999489345,
trap_penalty_q_learning_30_q_learning_42_820f2c6d,trap_penalty_q_learning_30,q_learning,train,874,42,risk,5,5,0.1,0.9,0.05,default,100,9.7,4,1,1,0,0,0.0005797570001959684,
trap_penalty_q_learning_30_q_learning_42_820f2c6d,trap_penalty_q_learning_30,q_learning,train,875,42,risk,5,5,0.1,0.9,0.05,default,100,9.7,4,1,1,0,0,0.0005959229999916715,
trap_penalty_q_learning_30_q_learning_42_820f2c6d,trap_penalty_q_learning_30,q_learning,train,876,42,risk,5,5,0.1,0.9,0.05,default,100,9.7,4,1,1,0,0,0.0005939210000178718,
trap_penalty_q_learning_30_q_learning_42_820f2c6d,trap_penalty_q_learning_30,q_learning,train,877,42,risk,5,5,0.1,0.9,0.05,default,100,8.7,5,1,1,0,0,0.0006300669999745878,
trap_penalty_q_learning_30_q_learning_42_820f2c6d,trap_penalty_q_learning_30,q_learning,train,878,42,risk,5,5,0.1,0.9,0.05,default,100,9.7,4,1,1,0,0,0.0005955880001238256,
trap_penalty_q_learning_30_q_learning_42_820f2c6d,trap_penalty_q_learning_30,q_learning,train,879,42,risk,5,5,0.1,0.9,0.05,default,100,9.7,4,1,1,0,0,0.0006163010000364011,
trap_penalty_q_learning_30_q_learning_42_820f2c6d,trap_penalty_q_learning_30,q_learning,train,880,42,risk,5,5,0.1,0.9,0.05,default,100,8.7,5,1,1,0,0,0.0006339690000913834,
trap_penalty_q_learning_30_q_learning_42_820f2c6d,trap_penalty_q_learning_30,q_learning,train,881,42,risk,5,5,0.1,0.9,0.05,default,100,9.7,4,1,1,0,0,0.0005986210001083236,
trap_penalty_q_learning_30_q_learning_42_820f2c6d,trap_penalty_q_learning_30,q_learning,train,882,42,risk,5,5,0.1,0.9,0.05,default,100,9.7,4,1,1,0,0,0.0005998500000714557,
trap_penalty_q_learning_30_q_learning_42_820f2c6d,trap_penalty_q_learning_30,q_learning,train,883,42,risk,5,5,0.1,0.9,0.05,default,100,9.7,4,1,1,0,0,0.0006246990001272934,
trap_penalty_q_learning_30_q_learning_42_820f2c6d,trap_penalty_q_learning_30,q_learning,train,884,42,risk,5,5,0.1,0.9,0.05,default,100,8.7,5,1,1,0,0,0.0006480520000877732,
trap_penalty_q_learning_30_q_learning_42_820f2c6d,trap_penalty_q_learning_30,q_learning,train,885,42,risk,5,5,0.1,0.9,0.05,default,100,8.7,5,1,1,0,0,0.0006595500001367327,
trap_penalty_q_learning_30_q_learning_42_820f2c6d,trap_penalty_q_learning_30,q_learning,train,886,42,risk,5,5,0.1,0.9,0.05,default,100,8.7,5,1,1,0,0,0.0006489560000773054,
trap_penalty_q_learning_30_q_learning_42_820f2c6d,trap_penalty_q_learning_30,q_learning,train,887,42,risk,5,5,0.1,0.9,0.05,default,100,9.7,4,1,1,0,0,0.0005827769998631993,
trap_penalty_q_learning_30_q_learning_42_820f2c6d,trap_penalty_q_learning_30,q_learning,train,888,42,risk,5,5,0.1,0.9,0.05,default,100,9.7,4,1,1,0,0,0.0005923310000071069,
trap_penalty_q_learning_30_q_learning_42_820f2c6d,trap_penalty_q_learning_30,q_learning,train,889,42,risk,5,5,0.1,0.9,0.05,default,100,8.7,5,1,1,0,0,0.0006664210000053572,
trap_penalty_q_learning_30_q_learning_42_820f2c6d,trap_penalty_q_learning_30,q_learning,train,890,42,risk,5,5,0.1,0.9,0.05,default,100,9.7,4,1,1,0,0,0.0006053820000033738,
trap_penalty_q_learning_30_q_learning_42_820f2c6d,trap_penalty_q_learning_30,q_learning,train,891,42,risk,5,5,0.1,0.9,0.05,default,100,9.7,4,1,1,0,0,0.0006023440000717528,
trap_penalty_q_learning_30_q_learning_42_820f2c6d,trap_penalty_q_learning_30,q_learning,train,892,42,risk,5,5,0.1,0.9,0.05,default,100,9.7,4,1,1,0,0,0.0005848379998951714,
trap_penalty_q_learning_30_q_learning_42_820f2c6d,trap_penalty_q_learning_30,q_learning,train,893,42,risk,5,5,0.1,0.9,0.05,default,100,9.7,4,1,1,0,0,0.0005925350001234619,
trap_penalty_q_learning_30_q_learning_42_820f2c6d,trap_penalty_q_learning_30,q_learning,train,894,42,risk,5,5,0.1,0.9,0.05,default,100,9.7,4,1,1,0,0,0.0005884910001441312,
trap_penalty_q_learning_30_q_learning_42_820f2c6d,trap_penalty_q_learning_30,q_learning,train,895,42,risk,5,5,0.1,0.9,0.05,default,100,9.7,4,1,1,0,0,0.0006158930000310647,
trap_penalty_q_learning_30_q_learning_42_820f2c6d,trap_penalty_q_learning_30,q_learning,train,896,42,risk,5,5,0.1,0.9,0.05,default,100,8.7,5,1,1,0,0,0.0006480910001300799,
trap_penalty_q_learning_30_q_learning_42_820f2c6d,trap_penalty_q_learning_30,q_learning,train,897,42,risk,5,5,0.1,0.9,0.05,default,100,9.7,4,1,1,0,0,0.0005811940000057803,
trap_penalty_q_learning_30_q_learning_42_820f2c6d,trap_penalty_q_learning_30,q_learning,train,898,42,risk,5,5,0.1,0.9,0.05,default,100,9.7,4,1,1,0,0,0.000597475000176928,
trap_penalty_q_learning_30_q_learning_42_820f2c6d,trap_penalty_q_learning_30,q_learning,train,899,42,risk,5,5,0.1,0.9,0.05,default,100,9.7,4,1,1,0,0,0.0005954569999175874,
trap_penalty_q_learning_30_q_learning_42_820f2c6d,trap_penalty_q_learning_30,q_learning,train,900,42,risk,5,5,0.1,0.9,0.05,default,100,9.7,4,1,1,0,0,0.000583619000053659,
trap_penalty_q_learning_30_q_learning_42_820f2c6d,trap_penalty_q_learning_30,q_learning,train,901,42,risk,5,5,0.1,0.9,0.05,default,100,9.7,4,1,1,0,0,0.0005989019998651202,
trap_penalty_q_learning_30_q_learning_42_820f2c6d,trap_penalty_q_learning_30,q_learning,train,902,42,risk,5,5,0.1,0.9,0.05,default,100,9.7,4,1,1,0,0,0.000602011999944807,
trap_penalty_q_learning_30_q_learning_42_820f2c6d,trap_penalty_q_learning_30,q_learning,train,903,42,risk,5,5,0.1,0.9,0.05,default,100,9.7,4,1,1,0,0,0.0005819189998419461,
trap_penalty_q_learning_30_q_learning_42_820f2c6d,trap_penalty_q_learning_30,q_learning,train,904,42,risk,5,5,0.1,0.9,0.05,default,100,9.7,4,1,1,0,0,0.000606201999971745,
trap_penalty_q_learning_30_q_learning_42_820f2c6d,trap_penalty_q_learning_30,q_learning,train,905,42,risk,5,5,0.1,0.9,0.05,default,100,9.7,4,1,1,0,0,0.0005331879999630473,
trap_penalty_q_learning_30_q_learning_42_820f2c6d,trap_penalty_q_learning_30,q_learning,train,906,42,risk,5,5,0.1,0.9,0.05,default,100,9.7,4,1,1,0,0,0.0006053980000615411,
trap_penalty_q_learning_30_q_learning_42_820f2c6d,trap_penalty_q_learning_30,q_learning,train,907,42,risk,5,5,0.1,0.9,0.05,default,100,8.7,5,1,1,0,0,0.0006499589999293676,
trap_penalty_q_learning_30_q_learning_42_820f2c6d,trap_penalty_q_learning_30,q_learning,train,908,42,risk,5,5,0.1,0.9,0.05,default,100,9.7,4,1,1,0,0,0.0005931089999648975,
trap_penalty_q_learning_30_q_learning_42_820f2c6d,trap_penalty_q_learning_30,q_learning,train,909,42,risk,5,5,0.1,0.9,0.05,default,100,9.7,4,1,1,0,0,0.000589406000017334,
trap_penalty_q_learning_30_q_learning_42_820f2c6d,trap_penalty_q_learning_30,q_learning,train,910,42,risk,5,5,0.1,0.9,0.05,default,100,-30.2,3,0,1,0,1,0.00041665300000204297,
trap_penalty_q_learning_30_q_learning_42_820f2c6d,trap_penalty_q_learning_30,q_learning,train,911,42,risk,5,5,0.1,0.9,0.05,default,100,9.7,4,1,1,0,0,0.0005681539998931839,
trap_penalty_q_learning_30_q_learning_42_820f2c6d,trap_penalty_q_learning_30,q_learning,train,912,42,risk,5,5,0.1,0.9,0.05,default,100,9.7,4,1,1,0,0,0.0005396139999902516,
trap_penalty_q_learning_30_q_learning_42_820f2c6d,trap_penalty_q_learning_30,q_learning,train,913,42,risk,5,5,0.1,0.9,0.05,default,100,9.7,4,1,1,0,0,0.0005493779999596882,
trap_penalty_q_learning_30_q_learning_42_820f2c6d,trap_penalty_q_learning_30,q_learning,train,914,42,risk,5,5,0.1,0.9,0.05,default,100,9.7,4,1,1,0,0,0.0005418780001491541,
trap_penalty_q_learning_30_q_learning_42_820f2c6d,trap_penalty_q_learning_30,q_learning,train,915,42,risk,5,5,0.1,0.9,0.05,default,100,9.7,4,1,1,0,0,0.000529636000010214,
trap_penalty_q_learning_30_q_learning_42_820f2c6d,trap_penalty_q_learning_30,q_learning,train,916,42,risk,5,5,0.1,0.9,0.05,default,100,9.7,4,1,1,0,0,0.0005374140000640182,
trap_penalty_q_learning_30_q_learning_42_820f2c6d,trap_penalty_q_learning_30,q_learning,train,917,42,risk,5,5,0.1,0.9,0.05,default,100,9.7,4,1,1,0,0,0.0005261230000996875,
trap_penalty_q_learning_30_q_learning_42_820f2c6d,trap_penalty_q_learning_30,q_learning,train,918,42,risk,5,5,0.1,0.9,0.05,default,100,9.7,4,1,1,0,0,0.0005375329999424139,
trap_penalty_q_learning_30_q_learning_42_820f2c6d,trap_penalty_q_learning_30,q_learning,train,919,42,risk,5,5,0.1,0.9,0.05,default,100,9.7,4,1,1,0,0,0.0005248550000942487,
trap_penalty_q_learning_30_q_learning_42_820f2c6d,trap_penalty_q_learning_30,q_learning,train,920,42,risk,5,5,0.1,0.9,0.05,default,100,9.7,4,1,1,0,0,0.0006363729999065981,
trap_penalty_q_learning_30_q_learning_42_820f2c6d,trap_penalty_q_learning_30,q_learning,train,921,42,risk,5,5,0.1,0.9,0.05,default,100,9.7,4,1,1,0,0,0.0006119180000041524,
trap_penalty_q_learning_30_q_learning_42_820f2c6d,trap_penalty_q_learning_30,q_learning,train,922,42,risk,5,5,0.1,0.9,0.05,default,100,8.7,5,1,1,0,0,0.0006484600000931096,
trap_penalty_q_learning_30_q_learning_42_820f2c6d,trap_penalty_q_learning_30,q_learning,train,923,42,risk,5,5,0.1,0.9,0.05,default,100,8.7,5,1,1,0,0,0.0006333540000014182,
trap_penalty_q_learning_30_q_learning_42_820f2c6d,trap_penalty_q_learning_30,q_learning,train,924,42,risk,5,5,0.1,0.9,0.05,default,100,9.7,4,1,1,0,0,0.0005966139999600273,
trap_penalty_q_learning_30_q_learning_42_820f2c6d,trap_penalty_q_learning_30,q_learning,train,925,42,risk,5,5,0.1,0.9,0.05,default,100,9.7,4,1,1,0,0,0.0006327700000383629,
trap_penalty_q_learning_30_q_learning_42_820f2c6d,trap_penalty_q_learning_30,q_learning,train,926,42,risk,5,5,0.1,0.9,0.05,default,100,9.7,4,1,1,0,0,0.0005852199999480945,
trap_penalty_q_learning_30_q_learning_42_820f2c6d,trap_penalty_q_learning_30,q_learning,train,927,42,risk,5,5,0.1,0.9,0.05,default,100,9.7,4,1,1,0,0,0.000592759000028309,
trap_penalty_q_learning_30_q_learning_42_820f2c6d,trap_penalty_q_learning_30,q_learning,train,928,42,risk,5,5,0.1,0.9,0.05,default,100,9.7,4,1,1,0,0,0.0005791060000319703,
trap_penalty_q_learning_30_q_learning_42_820f2c6d,trap_penalty_q_learning_30,q_learning,train,929,42,risk,5,5,0.1,0.9,0.05,default,100,9.7,4,1,1,0,0,0.0006040929999926448,
trap_penalty_q_learning_30_q_learning_42_820f2c6d,trap_penalty_q_learning_30,q_learning,train,930,42,risk,5,5,0.1,0.9,0.05,default,100,8.7,5,1,1,0,0,0.0006495939999240363,
trap_penalty_q_learning_30_q_learning_42_820f2c6d,trap_penalty_q_learning_30,q_learning,train,931,42,risk,5,5,0.1,0.9,0.05,default,100,8.7,5,1,1,0,0,0.0006552639999881649,
trap_penalty_q_learning_30_q_learning_42_820f2c6d,trap_penalty_q_learning_30,q_learning,train,932,42,risk,5,5,0.1,0.9,0.05,default,100,9.7,4,1,1,0,0,0.0005954369999017217,
trap_penalty_q_learning_30_q_learning_42_820f2c6d,trap_penalty_q_learning_30,q_learning,train,933,42,risk,5,5,0.1,0.9,0.05,default,100,9.7,4,1,1,0,0,0.0005811890000586573,
trap_penalty_q_learning_30_q_learning_42_820f2c6d,trap_penalty_q_learning_30,q_learning,train,934,42,risk,5,5,0.1,0.9,0.05,default,100,9.7,4,1,1,0,0,0.0005996220002089103,
trap_penalty_q_learning_30_q_learning_42_820f2c6d,trap_penalty_q_learning_30,q_learning,train,935,42,risk,5,5,0.1,0.9,0.05,default,100,8.7,5,1,1,0,0,0.0006424980001611402,
trap_penalty_q_learning_30_q_learning_42_820f2c6d,trap_penalty_q_learning_30,q_learning,train,936,42,risk,5,5,0.1,0.9,0.05,default,100,9.7,4,1,1,0,0,0.0005834879998474207,
trap_penalty_q_learning_30_q_learning_42_820f2c6d,trap_penalty_q_learning_30,q_learning,train,937,42,risk,5,5,0.1,0.9,0.05,default,100,9.7,4,1,1,0,0,0.0005939820000548934,
trap_penalty_q_learning_30_q_learning_42_820f2c6d,trap_penalty_q_learning_30,q_learning,train,938,42,risk,5,5,0.1,0.9,0.05,default,100,9.7,4,1,1,0,0,0.0006208869999682065,
trap_penalty_q_learning_30_q_learning_42_820f2c6d,trap_penalty_q_learning_30,q_learning,train,939,42,risk,5,5,0.1,0.9,0.05,default,100,9.7,4,1,1,0,0,0.0005818740000904654,
trap_penalty_q_learning_30_q_learning_42_820f2c6d,trap_penalty_q_learning_30,q_learning,train,940,42,risk,5,5,0.1,0.9,0.05,default,100,9.7,4,1,1,0,0,0.0005960820001291722,
trap_penalty_q_learning_30_q_learning_42_820f2c6d,trap_penalty_q_learning_30,q_learning,train,941,42,risk,5,5,0.1,0.9,0.05,default,100,9.7,4,1,1,0,0,0.000616900000068199,
trap_penalty_q_learning_30_q_learning_42_820f2c6d,trap_penalty_q_learning_30,q_learning,train,942,42,risk,5,5,0.1,0.9,0.05,default,100,9.7,4,1,1,0,0,0.0005488439999226102,
trap_penalty_q_learning_30_q_learning_42_820f2c6d,trap_penalty_q_learning_30,q_learning,train,943,42,risk,5,5,0.1,0.9,0.05,default,100,9.7,4,1,1,0,0,0.0006010920001244813,
trap_penalty_q_learning_30_q_learning_42_820f2c6d,trap_penalty_q_learning_30,q_learning,train,944,42,risk,5,5,0.1,0.9,0.05,default,100,9.5,6,1,1,0,0,0.000758479000069201,
trap_penalty_q_learning_30_q_learning_42_820f2c6d,trap_penalty_q_learning_30,q_learning,train,945,42,risk,5,5,0.1,0.9,0.05,default,100,8.7,5,1,1,0,0,0.0006339789999856293,
trap_penalty_q_learning_30_q_learning_42_820f2c6d,trap_penalty_q_learning_30,q_learning,train,946,42,risk,5,5,0.1,0.9,0.05,default,100,9.7,4,1,1,0,0,0.0005958409999493597,
trap_penalty_q_learning_30_q_learning_42_820f2c6d,trap_penalty_q_learning_30,q_learning,train,947,42,risk,5,5,0.1,0.9,0.05,default,100,9.7,4,1,1,0,0,0.00060304399994493,
trap_penalty_q_learning_30_q_learning_42_820f2c6d,trap_penalty_q_learning_30,q_learning,train,948,42,risk,5,5,0.1,0.9,0.05,default,100,9.7,4,1,1,0,0,0.0006038030001036532,
trap_penalty_q_learning_30_q_learning_42_820f2c6d,trap_penalty_q_learning_30,q_learning,train,949,42,risk,5,5,0.1,0.9,0.05,default,100,9.7,4,1,1,0,0,0.0005957850000868348,
trap_penalty_q_learning_30_q_learning_42_820f2c6d,trap_penalty_q_learning_30,q_learning,train,950,42,risk,5,5,0.1,0.9,0.05,default,100,9.7,4,1,1,0,0,0.0005900810001548962,
trap_penalty_q_learning_30_q_learning_42_820f2c6d,trap_penalty_q_learning_30,q_learning,train,951,42,risk,5,5,0.1,0.9,0.05,default,100,9.7,4,1,1,0,0,0.0005933219999860739,
trap_penalty_q_learning_30_q_learning_42_820f2c6d,trap_penalty_q_learning_30,q_learning,train,952,42,risk,5,5,0.1,0.9,0.05,default,100,9.7,4,1,1,0,0,0.0006579349999356054,
trap_penalty_q_learning_30_q_learning_42_820f2c6d,trap_penalty_q_learning_30,q_learning,train,953,42,risk,5,5,0.1,0.9,0.05,default,100,9.7,4,1,1,0,0,0.0005974670000341575,
trap_penalty_q_learning_30_q_learning_42_820f2c6d,trap_penalty_q_learning_30,q_learning,train,954,42,risk,5,5,0.1,0.9,0.05,default,100,9.7,4,1,1,0,0,0.0006232680000266555,
trap_penalty_q_learning_30_q_learning_42_820f2c6d,trap_penalty_q_learning_30,q_learning,train,955,42,risk,5,5,0.1,0.9,0.05,default,100,9.7,4,1,1,0,0,0.0006047580000085873,
trap_penalty_q_learning_30_q_learning_42_820f2c6d,trap_penalty_q_learning_30,q_learning,train,956,42,risk,5,5,0.1,0.9,0.05,default,100,9.7,4,1,1,0,0,0.0005921560000388126,
trap_penalty_q_learning_30_q_learning_42_820f2c6d,trap_penalty_q_learning_30,q_learning,train,957,42,risk,5,5,0.1,0.9,0.05,default,100,-30.2,3,0,1,0,1,0.0004202140000870713,
trap_penalty_q_learning_30_q_learning_42_820f2c6d,trap_penalty_q_learning_30,q_learning,train,958,42,risk,5,5,0.1,0.9,0.05,default,100,9.7,4,1,1,0,0,0.0005862049999905139,
trap_penalty_q_learning_30_q_learning_42_820f2c6d,trap_penalty_q_learning_30,q_learning,train,959,42,risk,5,5,0.1,0.9,0.05,default,100,9.7,4,1,1,0,0,0.0005958240001291415,
trap_penalty_q_learning_30_q_learning_42_820f2c6d,trap_penalty_q_learning_30,q_learning,train,960,42,risk,5,5,0.1,0.9,0.05,default,100,9.7,4,1,1,0,0,0.0005963499997960753,
trap_penalty_q_learning_30_q_learning_42_820f2c6d,trap_penalty_q_learning_30,q_learning,train,961,42,risk,5,5,0.1,0.9,0.05,default,100,9.7,4,1,1,0,0,0.0006216639999365725,
trap_penalty_q_learning_30_q_learning_42_820f2c6d,trap_penalty_q_learning_30,q_learning,train,962,42,risk,5,5,0.1,0.9,0.05,default,100,9.7,4,1,1,0,0,0.0005985290001717658,
trap_penalty_q_learning_30_q_learning_42_820f2c6d,trap_penalty_q_learning_30,q_learning,train,963,42,risk,5,5,0.1,0.9,0.05,default,100,9.7,4,1,1,0,0,0.0005993859999762208,
trap_penalty_q_learning_30_q_learning_42_820f2c6d,trap_penalty_q_learning_30,q_learning,train,964,42,risk,5,5,0.1,0.9,0.05,default,100,9.7,4,1,1,0,0,0.0005933999998433137,
trap_penalty_q_learning_30_q_learning_42_820f2c6d,trap_penalty_q_learning_30,q_learning,train,965,42,risk,5,5,0.1,0.9,0.05,default,100,8.7,5,1,1,0,0,0.0006625280000207567,
trap_penalty_q_learning_30_q_learning_42_820f2c6d,trap_penalty_q_learning_30,q_learning,train,966,42,risk,5,5,0.1,0.9,0.05,default,100,9.7,4,1,1,0,0,0.000597937999827991,
trap_penalty_q_learning_30_q_learning_42_820f2c6d,trap_penalty_q_learning_30,q_learning,train,967,42,risk,5,5,0.1,0.9,0.05,default,100,9.7,4,1,1,0,0,0.0005907099998694321,
trap_penalty_q_learning_30_q_learning_42_820f2c6d,trap_penalty_q_learning_30,q_learning,train,968,42,risk,5,5,0.1,0.9,0.05,default,100,9.7,4,1,1,0,0,0.0005970610000076704,
trap_penalty_q_learning_30_q_learning_42_820f2c6d,trap_penalty_q_learning_30,q_learning,train,969,42,risk,5,5,0.1,0.9,0.05,default,100,9.7,4,1,1,0,0,0.00059460600004968,
trap_penalty_q_learning_30_q_learning_42_820f2c6d,trap_penalty_q_learning_30,q_learning,train,970,42,risk,5,5,0.1,0.9,0.05,default,100,9.7,4,1,1,0,0,0.0005796010000267415,
trap_penalty_q_learning_30_q_learning_42_820f2c6d,trap_penalty_q_learning_30,q_learning,train,971,42,risk,5,5,0.1,0.9,0.05,default,100,9.7,4,1,1,0,0,0.0005924649999542453,
trap_penalty_q_learning_30_q_learning_42_820f2c6d,trap_penalty_q_learning_30,q_learning,train,972,42,risk,5,5,0.1,0.9,0.05,default,100,9.7,4,1,1,0,0,0.0006144110000150249,
trap_penalty_q_learning_30_q_learning_42_820f2c6d,trap_penalty_q_learning_30,q_learning,train,973,42,risk,5,5,0.1,0.9,0.05,default,100,9.7,4,1,1,0,0,0.0006218050000370567,
trap_penalty_q_learning_30_q_learning_42_820f2c6d,trap_penalty_q_learning_30,q_learning,train,974,42,risk,5,5,0.1,0.9,0.05,default,100,8.7,5,1,1,0,0,0.0005924149998008943,
trap_penalty_q_learning_30_q_learning_42_820f2c6d,trap_penalty_q_learning_30,q_learning,train,975,42,risk,5,5,0.1,0.9,0.05,default,100,9.7,4,1,1,0,0,0.0005856630000380392,
trap_penalty_q_learning_30_q_learning_42_820f2c6d,trap_penalty_q_learning_30,q_learning,train,976,42,risk,5,5,0.1,0.9,0.05,default,100,9.7,4,1,1,0,0,0.0005911849998483376,
trap_penalty_q_learning_30_q_learning_42_820f2c6d,trap_penalty_q_learning_30,q_learning,train,977,42,risk,5,5,0.1,0.9,0.05,default,100,9.7,4,1,1,0,0,0.0005820179999318498,
trap_penalty_q_learning_30_q_learning_42_820f2c6d,trap_penalty_q_learning_30,q_learning,train,978,42,risk,5,5,0.1,0.9,0.05,default,100,8.7,5,1,1,0,0,0.0006548180001573201,
trap_penalty_q_learning_30_q_learning_42_820f2c6d,trap_penalty_q_learning_30,q_learning,train,979,42,risk,5,5,0.1,0.9,0.05,default,100,9.7,4,1,1,0,0,0.0005950820000180101,
trap_penalty_q_learning_30_q_learning_42_820f2c6d,trap_penalty_q_learning_30,q_learning,train,980,42,risk,5,5,0.1,0.9,0.05,default,100,9.7,4,1,1,0,0,0.0005829680001170345,
trap_penalty_q_learning_30_q_learning_42_820f2c6d,trap_penalty_q_learning_30,q_learning,train,981,42,risk,5,5,0.1,0.9,0.05,default,100,9.7,4,1,1,0,0,0.0006235280000055354,
trap_penalty_q_learning_30_q_learning_42_820f2c6d,trap_penalty_q_learning_30,q_learning,train,982,42,risk,5,5,0.1,0.9,0.05,default,100,9.7,4,1,1,0,0,0.0006148449999727745,
trap_penalty_q_learning_30_q_learning_42_820f2c6d,trap_penalty_q_learning_30,q_learning,train,983,42,risk,5,5,0.1,0.9,0.05,default,100,9.7,4,1,1,0,0,0.0006012280000504688,
trap_penalty_q_learning_30_q_learning_42_820f2c6d,trap_penalty_q_learning_30,q_learning,train,984,42,risk,5,5,0.1,0.9,0.05,default,100,9.5,6,1,1,0,0,0.0007574599999315978,
trap_penalty_q_learning_30_q_learning_42_820f2c6d,trap_penalty_q_learning_30,q_learning,train,985,42,risk,5,5,0.1,0.9,0.05,default,100,9.7,4,1,1,0,0,0.0005848199998581549,
trap_penalty_q_learning_30_q_learning_42_820f2c6d,trap_penalty_q_learning_30,q_learning,train,986,42,risk,5,5,0.1,0.9,0.05,default,100,8.7,5,1,1,0,0,0.0006440340000608558,
trap_penalty_q_learning_30_q_learning_42_820f2c6d,trap_penalty_q_learning_30,q_learning,train,987,42,risk,5,5,0.1,0.9,0.05,default,100,9.7,4,1,1,0,0,0.0005786070000795007,
trap_penalty_q_learning_30_q_learning_42_820f2c6d,trap_penalty_q_learning_30,q_learning,train,988,42,risk,5,5,0.1,0.9,0.05,default,100,9.7,4,1,1,0,0,0.0005945529999280552,
trap_penalty_q_learning_30_q_learning_42_820f2c6d,trap_penalty_q_learning_30,q_learning,train,989,42,risk,5,5,0.1,0.9,0.05,default,100,9.7,4,1,1,0,0,0.0006205800000316231,
trap_penalty_q_learning_30_q_learning_42_820f2c6d,trap_penalty_q_learning_30,q_learning,train,990,42,risk,5,5,0.1,0.9,0.05,default,100,8.7,5,1,1,0,0,0.0006446669999604637,
trap_penalty_q_learning_30_q_learning_42_820f2c6d,trap_penalty_q_learning_30,q_learning,train,991,42,risk,5,5,0.1,0.9,0.05,default,100,8.7,5,1,1,0,0,0.0006501469999875553,
trap_penalty_q_learning_30_q_learning_42_820f2c6d,trap_penalty_q_learning_30,q_learning,train,992,42,risk,5,5,0.1,0.9,0.05,default,100,9.7,4,1,1,0,0,0.0005937840001024597,
trap_penalty_q_learning_30_q_learning_42_820f2c6d,trap_penalty_q_learning_30,q_learning,train,993,42,risk,5,5,0.1,0.9,0.05,default,100,9.7,4,1,1,0,0,0.0005842450000272947,
trap_penalty_q_learning_30_q_learning_42_820f2c6d,trap_penalty_q_learning_30,q_learning,train,994,42,risk,5,5,0.1,0.9,0.05,default,100,9.7,4,1,1,0,0,0.0005942390000654996,
trap_penalty_q_learning_30_q_learning_42_820f2c6d,trap_penalty_q_learning_30,q_learning,train,995,42,risk,5,5,0.1,0.9,0.05,default,100,9.7,4,1,1,0,0,0.0006135879998510063,
trap_penalty_q_learning_30_q_learning_42_820f2c6d,trap_penalty_q_learning_30,q_learning,train,996,42,risk,5,5,0.1,0.9,0.05,default,100,7.699999999999999,6,1,1,0,0,0.0006946559999505553,
trap_penalty_q_learning_30_q_learning_42_820f2c6d,trap_penalty_q_learning_30,q_learning,train,997,42,risk,5,5,0.1,0.9,0.05,default,100,9.7,4,1,1,0,0,0.0005981150000025082,
trap_penalty_q_learning_30_q_learning_42_820f2c6d,trap_penalty_q_learning_30,q_learning,train,998,42,risk,5,5,0.1,0.9,0.05,default,100,9.5,6,1,1,0,0,0.0007428950000303303,
trap_penalty_q_learning_30_q_learning_42_820f2c6d,trap_penalty_q_learning_30,q_learning,train,999,42,risk,5,5,0.1,0.9,0.05,default,100,9.7,4,1,1,0,0,0.0005950889999439823,
trap_penalty_q_learning_30_q_learning_42_820f2c6d,trap_penalty_q_learning_30,q_learning,train,1000,42,risk,5,5,0.1,0.9,0.05,default,100,9.7,4,1,1,0,0,0.0006249129999105207,results/trap_penalty/q_learning/trap_30/seed_42/qtable_ep1000.npz
trap_penalty_q_learning_30_q_learning_42_820f2c6d,trap_penalty_q_learning_30,q_learning,eval,1,42,risk,5,5,0.1,0.9,0.0,default,100,9.7,4,1,1,0,0,,
trap_penalty_q_learning_30_q_learning_42_820f2c6d,trap_penalty_q_learning_30,q_learning,eval,2,42,risk,5,5,0.1,0.9,0.0,default,100,9.7,4,1,1,0,0,,
trap_penalty_q_learning_30_q_learning_42_820f2c6d,trap_penalty_q_learning_30,q_learning,eval,3,42,risk,5,5,0.1,0.9,0.0,default,100,9.7,4,1,1,0,0,,
trap_penalty_q_learning_30_q_learning_42_820f2c6d,trap_penalty_q_learning_30,q_learning,eval,4,42,risk,5,5,0.1,0.9,0.0,default,100,9.7,4,1,1,0,0,,
trap_penalty_q_learning_30_q_learning_42_820f2c6d,trap_penalty_q_learning_30,q_learning,eval,5,42,risk,5,5,0.1,0.9,0.0,default,100,9.7,4,1,1,0,0,,
trap_penalty_q_learning_30_q_learning_42_820f2c6d,trap_penalty_q_learning_30,q_learning,eval,6,42,risk,5,5,0.1,0.9,0.0,default,100,9.7,4,1,1,0,0,,
trap_penalty_q_learning_30_q_learning_42_820f2c6d,trap_penalty_q_learning_30,q_learning,eval,7,42,risk,5,5,0.1,0.9,0.0,default,100,9.7,4,1,1,0,0,,
trap_penalty_q_learning_30_q_learning_42_820f2c6d,trap_penalty_q_learning_30,q_learning,eval,8,42,risk,5,5,0.1,0.9,0.0,default,100,9.7,4,1,1,0,0,,
trap_penalty_q_learning_30_q_learning_42_820f2c6d,trap_penalty_q_learning_30,q_learning,eval,9,42,risk,5,5,0.1,0.9,0.0,default,100,9.7,4,1,1,0,0,,
trap_penalty_q_learning_30_q_learning_42_820f2c6d,trap_penalty_q_learning_30,q_learning,eval,10,42,risk,5,5,0.1,0.9,0.0,default,100,9.7,4,1,1,0,0,,
trap_penalty_q_learning_30_q_learning_42_820f2c6d,trap_penalty_q_learning_30,q_learning,eval,1,42,risk,5,5,0.1,0.9,0.0,default,100,9.7,4,1,1,0,0,,
trap_penalty_q_learning_30_q_learning_42_820f2c6d,trap_penalty_q_learning_30,q_learning,eval,2,42,risk,5,5,0.1,0.9,0.0,default,100,9.7,4,1,1,0,0,,
trap_penalty_q_learning_30_q_learning_42_820f2c6d,trap_penalty_q_learning_30,q_learning,eval,3,42,risk,5,5,0.1,0.9,0.0,default,100,9.7,4,1,1,0,0,,
trap_penalty_q_learning_30_q_learning_42_820f2c6d,trap_penalty_q_learning_30,q_learning,eval,4,42,risk,5,5,0.1,0.9,0.0,default,100,9.7,4,1,1,0,0,,
trap_penalty_q_learning_30_q_learning_42_820f2c6d,trap_penalty_q_learning_30,q_learning,eval,5,42,risk,5,5,0.1,0.9,0.0,default,100,9.7,4,1,1,0,0,,
trap_penalty_q_learning_30_q_learning_42_820f2c6d,trap_penalty_q_learning_30,q_learning,eval,6,42,risk,5,5,0.1,0.9,0.0,default,100,9.7,4,1,1,0,0,,
trap_penalty_q_learning_30_q_learning_42_820f2c6d,trap_penalty_q_learning_30,q_learning,eval,7,42,risk,5,5,0.1,0.9,0.0,default,100,9.7,4,1,1,0,0,,
trap_penalty_q_learning_30_q_learning_42_820f2c6d,trap_penalty_q_learning_30,q_learning,eval,8,42,risk,5,5,0.1,0.9,0.0,default,100,9.7,4,1,1,0,0,,
trap_penalty_q_learning_30_q_learning_42_820f2c6d,trap_penalty_q_learning_30,q_learning,eval,9,42,risk,5,5,0.1,0.9,0.0,default,100,9.7,4,1,1,0,0,,
trap_penalty_q_learning_30_q_learning_42_820f2c6d,trap_penalty_q_learning_30,q_learning,eval,10,42,risk,5,5,0.1,0.9,0.0,default,100,9.7,4,1,1,0,0,,
trap_penalty_q_learning_30_q_learning_42_820f2c6d,trap_penalty_q_learning_30,q_learning,eval,1,42,risk,5,5,0.1,0.9,0.0,default,100,9.7,4,1,1,0,0,,
trap_penalty_q_learning_30_q_learning_42_820f2c6d,trap_penalty_q_learning_30,q_learning,eval,2,42,risk,5,5,0.1,0.9,0.0,default,100,9.7,4,1,1,0,0,,
trap_penalty_q_learning_30_q_learning_42_820f2c6d,trap_penalty_q_learning_30,q_learning,eval,3,42,risk,5,5,0.1,0.9,0.0,default,100,9.7,4,1,1,0,0,,
trap_penalty_q_learning_30_q_learning_42_820f2c6d,trap_penalty_q_learning_30,q_learning,eval,4,42,risk,5,5,0.1,0.9,0.0,default,100,9.7,4,1,1,0,0,,
trap_penalty_q_learning_30_q_learning_42_820f2c6d,trap_penalty_q_learning_30,q_learning,eval,5,42,risk,5,5,0.1,0.9,0.0,default,100,9.7,4,1,1,0,0,,
trap_penalty_q_learning_30_q_learning_42_820f2c6d,trap_penalty_q_learning_30,q_learning,eval,6,42,risk,5,5,0.1,0.9,0.0,default,100,9.7,4,1,1,0,0,,
trap_penalty_q_learning_30_q_learning_42_820f2c6d,trap_penalty_q_learning_30,q_learning,eval,7,42,risk,5,5,0.1,0.9,0.0,default,100,9.7,4,1,1,0,0,,
trap_penalty_q_learning_30_q_learning_42_820f2c6d,trap_penalty_q_learning_30,q_learning,eval,8,42,risk,5,5,0.1,0.9,0.0,default,100,9.7,4,1,1,0,0,,
trap_penalty_q_learning_30_q_learning_42_820f2c6d,trap_penalty_q_learning_30,q_learning,eval,9,42,risk,5,5,0.1,0.9,0.0,default,100,9.7,4,1,1,0,0,,
trap_penalty_q_learning_30_q_learning_42_820f2c6d,trap_penalty_q_learning_30,q_learning,eval,10,42,risk,5,5,0.1,0.9,0.0,default,100,9.7,4,1,1,0,0,,
trap_penalty_q_learning_30_q_learning_42_820f2c6d,trap_penalty_q_learning_30,q_learning,eval,1,42,risk,5,5,0.1,0.9,0.0,default,100,9.7,4,1,1,0,0,,
trap_penalty_q_learning_30_q_learning_42_820f2c6d,trap_penalty_q_learning_30,q_learning,eval,2,42,risk,5,5,0.1,0.9,0.0,default,100,9.7,4,1,1,0,0,,
trap_penalty_q_learning_30_q_learning_42_820f2c6d,trap_penalty_q_learning_30,q_learning,eval,3,42,risk,5,5,0.1,0.9,0.0,default,100,9.7,4,1,1,0,0,,
trap_penalty_q_learning_30_q_learning_42_820f2c6d,trap_penalty_q_learning_30,q_learning,eval,4,42,risk,5,5,0.1,0.9,0.0,default,100,9.7,4,1,1,0,0,,
trap_penalty_q_learning_30_q_learning_42_820f2c6d,trap_penalty_q_learning_30,q_learning,eval,5,42,risk,5,5,0.1,0.9,0.0,default,100,9.7,4,1,1,0,0,,
trap_penalty_q_learning_30_q_learning_42_820f2c6d,trap_penalty_q_learning_30,q_learning,eval,6,42,risk,5,5,0.1,0.9,0.0,default,100,9.7,4,1,1,0,0,,
trap_penalty_q_learning_30_q_learning_42_820f2c6d,trap_penalty_q_learning_30,q_learning,eval,7,42,risk,5,5,0.1,0.9,0.0,default,100,9.7,4,1,1,0,0,,
trap_penalty_q_learning_30_q_learning_42_820f2c6d,trap_penalty_q_learning_30,q_learning,eval,8,42,risk,5,5,0.1,0.9,0.0,default,100,9.7,4,1,1,0,0,,
trap_penalty_q_learning_30_q_learning_42_820f2c6d,trap_penalty_q_learning_30,q_learning,eval,9,42,risk,5,5,0.1,0.9,0.0,default,100,9.7,4,1,1,0,0,,
trap_penalty_q_learning_30_q_learning_42_820f2c6d,trap_penalty_q_learning_30,q_learning,eval,10,42,risk,5,5,0.1,0.9,0.0,default,100,9.7,4,1,1,0,0,,
trap_penalty_q_learning_30_q_learning_42_820f2c6d,trap_penalty_q_learning_30,q_learning,eval,1,42,risk,5,5,0.1,0.9,0.0,default,100,9.7,4,1,1,0,0,,
trap_penalty_q_learning_30_q_learning_42_820f2c6d,trap_penalty_q_learning_30,q_learning,eval,2,42,risk,5,5,0.1,0.9,0.0,default,100,9.7,4,1,1,0,0,,
trap_penalty_q_learning_30_q_learning_42_820f2c6d,trap_penalty_q_learning_30,q_learning,eval,3,42,risk,5,5,0.1,0.9,0.0,default,100,9.7,4,1,1,0,0,,
trap_penalty_q_learning_30_q_learning_42_820f2c6d,trap_penalty_q_learning_30,q_learning,eval,4,42,risk,5,5,0.1,0.9,0.0,default,100,9.7,4,1,1,0,0,,
trap_penalty_q_learning_30_q_learning_42_820f2c6d,trap_penalty_q_learning_30,q_learning,eval,5,42,risk,5,5,0.1,0.9,0.0,default,100,9.7,4,1,1,0,0,,
trap_penalty_q_learning_30_q_learning_42_820f2c6d,trap_penalty_q_learning_30,q_learning,eval,6,42,risk,5,5,0.1,0.9,0.0,default,100,9.7,4,1,1,0,0,,
trap_penalty_q_learning_30_q_learning_42_820f2c6d,trap_penalty_q_learning_30,q_learning,eval,7,42,risk,5,5,0.1,0.9,0.0,default,100,9.7,4,1,1,0,0,,
trap_penalty_q_learning_30_q_learning_42_820f2c6d,trap_penalty_q_learning_30,q_learning,eval,8,42,risk,5,5,0.1,0.9,0.0,default,100,9.7,4,1,1,0,0,,
trap_penalty_q_learning_30_q_learning_42_820f2c6d,trap_penalty_q_learning_30,q_learning,eval,9,42,risk,5,5,0.1,0.9,0.0,default,100,9.7,4,1,1,0,0,,
trap_penalty_q_learning_30_q_learning_42_820f2c6d,trap_penalty_q_learning_30,q_learning,eval,10,42,risk,5,5,0.1,0.9,0.0,default,100,9.7,4,1,1,0,0,,
trap_penalty_q_learning_30_q_learning_42_820f2c6d,trap_penalty_q_learning_30,q_learning,eval,1,42,risk,5,5,0.1,0.9,0.0,default,100,9.7,4,1,1,0,0,,
trap_penalty_q_learning_30_q_learning_42_820f2c6d,trap_penalty_q_learning_30,q_learning,eval,2,42,risk,5,5,0.1,0.9,0.0,default,100,9.7,4,1,1,0,0,,
trap_penalty_q_learning_30_q_learning_42_820f2c6d,trap_penalty_q_learning_30,q_learning,eval,3,42,risk,5,5,0.1,0.9,0.0,default,100,9.7,4,1,1,0,0,,
trap_penalty_q_learning_30_q_learning_42_820f2c6d,trap_penalty_q_learning_30,q_learning,eval,4,42,risk,5,5,0.1,0.9,0.0,default,100,9.7,4,1,1,0,0,,
trap_penalty_q_learning_30_q_learning_42_820f2c6d,trap_penalty_q_learning_30,q_learning,eval,5,42,risk,5,5,0.1,0.9,0.0,default,100,9.7,4,1,1,0,0,,
trap_penalty_q_learning_30_q_learning_42_820f2c6d,trap_penalty_q_learning_30,q_learning,eval,6,42,risk,5,5,0.1,0.9,0.0,default,100,9.7,4,1,1,0,0,,
trap_penalty_q_learning_30_q_learning_42_820f2c6d,trap_penalty_q_learning_30,q_learning,eval,7,42,risk,5,5,0.1,0.9,0.0,default,100,9.7,4,1,1,0,0,,
trap_penalty_q_learning_30_q_learning_42_820f2c6d,trap_penalty_q_learning_30,q_learning,eval,8,42,risk,5,5,0.1,0.9,0.0,default,100,9.7,4,1,1,0,0,,
trap_penalty_q_learning_30_q_learning_42_820f2c6d,trap_penalty_q_learning_30,q_learning,eval,9,42,risk,5,5,0.1,0.9,0.0,default,100,9.7,4,1,1,0,0,,
trap_penalty_q_learning_30_q_learning_42_820f2c6d,trap_penalty_q_learning_30,q_learning,eval,10,42,risk,5,5,0.1,0.9,0.0,default,100,9.7,4,1,1,0,0,,
trap_penalty_q_learning_30_q_learning_42_820f2c6d,trap_penalty_q_learning_30,q_learning,eval,1,42,risk,5,5,0.1,0.9,0.0,default,100,9.7,4,1,1,0,0,,
trap_penalty_q_learning_30_q_learning_42_820f2c6d,trap_penalty_q_learning_30,q_learning,eval,2,42,risk,5,5,0.1,0.9,0.0,default,100,9.7,4,1,1,0,0,,
trap_penalty_q_learning_30_q_learning_42_820f2c6d,trap_penalty_q_learning_30,q_learning,eval,3,42,risk,5,5,0.1,0.9,0.0,default,100,9.7,4,1,1,0,0,,
trap_penalty_q_learning_30_q_learning_42_820f2c6d,trap_penalty_q_learning_30,q_learning,eval,4,42,risk,5,5,0.1,0.9,0.0,default,100,9.7,4,1,1,0,0,,
trap_penalty_q_learning_30_q_learning_42_820f2c6d,trap_penalty_q_learning_30,q_learning,eval,5,42,risk,5,5,0.1,0.9,0.0,default,100,9.7,4,1,1,0,0,,
trap_penalty_q_learning_30_q_learning_42_820f2c6d,trap_penalty_q_learning_30,q_learning,eval,6,42,risk,5,5,0.1,0.9,0.0,default,100,9.7,4,1,1,0,0,,
trap_penalty_q_learning_30_q_learning_42_820f2c6d,trap_penalty_q_learning_30,q_learning,eval,7,42,risk,5,5,0.1,0.9,0.0,default,100,9.7,4,1,1,0,0,,
trap_penalty_q_learning_30_q_learning_42_820f2c6d,trap_penalty_q_learning_30,q_learning,eval,8,42,risk,5,5,0.1,0.9,0.0,default,100,9.7,4,1,1,0,0,,
trap_penalty_q_learning_30_q_learning_42_820f2c6d,trap_penalty_q_learning_30,q_learning,eval,9,42,risk,5,5,0.1,0.9,0.0,default,100,9.7,4,1,1,0,0,,
trap_penalty_q_learning_30_q_learning_42_820f2c6d,trap_penalty_q_learning_30,q_learning,eval,10,42,risk,5,5,0.1,0.9,0.0,default,100,9.7,4,1,1,0,0,,
trap_penalty_q_learning_30_q_learning_42_820f2c6d,trap_penalty_q_learning_30,q_learning,eval,1,42,risk,5,5,0.1,0.9,0.0,default,100,9.7,4,1,1,0,0,,
trap_penalty_q_learning_30_q_learning_42_820f2c6d,trap_penalty_q_learning_30,q_learning,eval,2,42,risk,5,5,0.1,0.9,0.0,default,100,9.7,4,1,1,0,0,,
trap_penalty_q_learning_30_q_learning_42_820f2c6d,trap_penalty_q_learning_30,q_learning,eval,3,42,risk,5,5,0.1,0.9,0.0,default,100,9.7,4,1,1,0,0,,
trap_penalty_q_learning_30_q_learning_42_820f2c6d,trap_penalty_q_learning_30,q_learning,eval,4,42,risk,5,5,0.1,0.9,0.0,default,100,9.7,4,1,1,0,0,,
trap_penalty_q_learning_30_q_learning_42_820f2c6d,trap_penalty_q_learning_30,q_learning,eval,5,42,risk,5,5,0.1,0.9,0.0,default,100,9.7,4,1,1,0,0,,
trap_penalty_q_learning_30_q_learning_42_820f2c6d,trap_penalty_q_learning_30,q_learning,eval,6,42,risk,5,5,0.1,0.9,0.0,default,100,9.7,4,1,1,0,0,,
trap_penalty_q_learning_30_q_learning_42_820f2c6d,trap_penalty_q_learning_30,q_learning,eval,7,42,risk,5,5,0.1,0.9,0.0,default,100,9.7,4,1,1,0,0,,
trap_penalty_q_learning_30_q_learning_42_820f2c6d,trap_penalty_q_learning_30,q_learning,eval,8,42,risk,5,5,0.1,0.9,0.0,default,100,9.7,4,1,1,0,0,,
trap_penalty_q_learning_30_q_learning_42_820f2c6d,trap_penalty_q_learning_30,q_learning,eval,9,42,risk,5,5,0.1,0.9,0.0,default,100,9.7,4,1,1,0,0,,
trap_penalty_q_learning_30_q_learning_42_820f2c6d,trap_penalty_q_learning_30,q_learning,eval,10,42,risk,5,5,0.1,0.9,0.0,default,100,9.7,4,1,1,0,0,,
trap_penalty_q_learning_30_q_learning_42_820f2c6d,trap_penalty_q_learning_30,q_learning,eval,1,42,risk,5,5,0.1,0.9,0.0,default,100,9.7,4,1,1,0,0,,
trap_penalty_q_learning_30_q_learning_42_820f2c6d,trap_penalty_q_learning_30,q_learning,eval,2,42,risk,5,5,0.1,0.9,0.0,default,100,9.7,4,1,1,0,0,,
trap_penalty_q_learning_30_q_learning_42_820f2c6d,trap_penalty_q_learning_30,q_learning,eval,3,42,risk,5,5,0.1,0.9,0.0,default,100,9.7,4,1,1,0,0,,
trap_penalty_q_learning_30_q_learning_42_820f2c6d,trap_penalty_q_learning_30,q_learning,eval,4,42,risk,5,5,0.1,0.9,0.0,default,100,9.7,4,1,1,0,0,,
trap_penalty_q_learning_30_q_learning_42_820f2c6d,trap_penalty_q_learning_30,q_learning,eval,5,42,risk,5,5,0.1,0.9,0.0,default,100,9.7,4,1,1,0,0,,
trap_penalty_q_learning_30_q_learning_42_820f2c6d,trap_penalty_q_learning_30,q_learning,eval,6,42,risk,5,5,0.1,0.9,0.0,default,100,9.7,4,1,1,0,0,,
trap_penalty_q_learning_30_q_learning_42_820f2c6d,trap_penalty_q_learning_30,q_learning,eval,7,42,risk,5,5,0.1,0.9,0.0,default,100,9.7,4,1,1,0,0,,
trap_penalty_q_learning_30_q_learning_42_820f2c6d,trap_penalty_q_learning_30,q_learning,eval,8,42,risk,5,5,0.1,0.9,0.0,default,100,9.7,4,1,1,0,0,,
trap_penalty_q_learning_30_q_learning_42_820f2c6d,trap_penalty_q_learning_30,q_learning,eval,9,42,risk,5,5,0.1,0.9,0.0,default,100,9.7,4,1,1,0,0,,
trap_penalty_q_learning_30_q_learning_42_820f2c6d,trap_penalty_q_learning_30,q_learning,eval,10,42,risk,5,5,0.1,0.9,0.0,default,100,9.7,4,1,1,0,0,,
trap_penalty_q_learning_30_q_learning_42_820f2c6d,trap_penalty_q_learning_30,q_learning,eval,1,42,risk,5,5,0.1,0.9,0.0,default,100,9.7,4,1,1,0,0,,
trap_penalty_q_learning_30_q_learning_42_820f2c6d,trap_penalty_q_learning_30,q_learning,eval,2,42,risk,5,5,0.1,0.9,0.0,default,100,9.7,4,1,1,0,0,,
trap_penalty_q_learning_30_q_learning_42_820f2c6d,trap_penalty_q_learning_30,q_learning,eval,3,42,risk,5,5,0.1,0.9,0.0,default,100,9.7,4,1,1,0,0,,
trap_penalty_q_learning_30_q_learning_42_820f2c6d,trap_penalty_q_learning_30,q_learning,eval,4,42,risk,5,5,0.1,0.9,0.0,default,100,9.7,4,1,1,0,0,,
trap_penalty_q_learning_30_q_learning_42_820f2c6d,trap_penalty_q_learning_30,q_learning,eval,5,42,risk,5,5,0.1,0.9,0.0,default,100,9.7,4,1,1,0,0,,
trap_penalty_q_learning_30_q_learning_42_820f2c6d,trap_penalty_q_learning_30,q_learning,eval,6,42,risk,5,5,0.1,0.9,0.0,default,100,9.7,4,1,1,0,0,,
trap_penalty_q_learning_30_q_learning_42_820f2c6d,trap_penalty_q_learning_30,q_learning,eval,7,42,risk,5,5,0.1,0.9,0.0,default,100,9.7,4,1,1,0,0,,
trap_penalty_q_learning_30_q_learning_42_820f2c6d,trap_penalty_q_learning_30,q_learning,eval,8,42,risk,5,5,0.1,0.9,0.0,default,100,9.7,4,1,1,0,0,,
trap_penalty_q_learning_30_q_learning_42_820f2c6d,trap_penalty_q_learning_30,q_learning,eval,9,42,risk,5,5,0.1,0.9,0.0,default,100,9.7,4,1,1,0,0,,
trap_penalty_q_learning_30_q_learning_42_820f2c6d,trap_penalty_q_learning_30,q_learning,eval,10,42,risk,5,5,0.1,0.9,0.0,default,100,9.7,4,1,1,0,0,,
trap_penalty_q_learning_30_q_learning_42_820f2c6d,trap_penalty_q_learning_30,q_learning,eval,1,42,risk,5,5,0.1,0.9,0.0,default,100,9.7,4,1,1,0,0,,
trap_penalty_q_learning_30_q_learning_42_820f2c6d,trap_penalty_q_learning_30,q_learning,eval,2,42,risk,5,5,0.1,0.9,0.0,default,100,9.7,4,1,1,0,0,,
trap_penalty_q_learning_30_q_learning_42_820f2c6d,trap_penalty_q_learning_30,q_learning,eval,3,42,risk,5,5,0.1,0.9,0.0,default,100,9.7,4,1,1,0,0,,
trap_penalty_q_learning_30_q_learning_42_820f2c6d,trap_penalty_q_learning_30,q_learning,eval,4,42,risk,5,5,0.1,0.9,0.0,default,100,9.7,4,1,1,0,0,,
trap_penalty_q_learning_30_q_learning_42_820f2c6d,trap_penalty_q_learning_30,q_learning,eval,5,42,risk,5,5,0.1,0.9,0.0,default,100,9.7,4,1,1,0,0,,
trap_penalty_q_learning_30_q_learning_42_820f2c6d,trap_penalty_q_learning_30,q_learning,eval,6,42,risk,5,5,0.1,0.9,0.0,default,100,9.7,4,1,1,0,0,,
trap_penalty_q_learning_30_q_learning_42_820f2c6d,trap_penalty_q_learning_30,q_learning,eval,7,42,risk,5,5,0.1,0.9,0.0,default,100,9.7,4,1,1,0,0,,
trap_penalty_q_learning_30_q_learning_42_820f2c6d,trap_penalty_q_learning_30,q_learning,eval,8,42,risk,5,5,0.1,0.9,0.0,default,100,9.7,4,1,1,0,0,,
trap_penalty_q_learning_30_q_learning_42_820f2c6d,trap_penalty_q_learning_30,q_learning,eval,9,42,risk,5,5,0.1,0.9,0.0,default,100,9.7,4,1,1,0,0,,
trap_penalty_q_learning_30_q_learning_42_820f2c6d,trap_penalty_q_learning_30,q_learning,eval,10,42,risk,5,5,0.1,0.9,0.0,default,100,9.7,4,1,1,0,0,,
trap_penalty_q_learning_30_q_learning_42_820f2c6d,trap_penalty_q_learning_30,q_learning,eval,1,42,risk,5,5,0.1,0.9,0.0,default,100,9.7,4,1,1,0,0,,
trap_penalty_q_learning_30_q_learning_42_820f2c6d,trap_penalty_q_learning_30,q_learning,eval,2,42,risk,5,5,0.1,0.9,0.0,default,100,9.7,4,1,1,0,0,,
trap_penalty_q_learning_30_q_learning_42_820f2c6d,trap_penalty_q_learning_30,q_learning,eval,3,42,risk,5,5,0.1,0.9,0.0,default,100,9.7,4,1,1,0,0,,
trap_penalty_q_learning_30_q_learning_42_820f2c6d,trap_penalty_q_learning_30,q_learning,eval,4,42,risk,5,5,0.1,0.9,0.0,default,100,9.7,4,1,1,0,0,,
trap_penalty_q_learning_30_q_learning_42_820f2c6d,trap_penalty_q_learning_30,q_learning,eval,5,42,risk,5,5,0.1,0.9,0.0,default,100,9.7,4,1,1,0,0,,
trap_penalty_q_learning_30_q_learning_42_820f2c6d,trap_penalty_q_learning_30,q_learning,eval,6,42,risk,5,5,0.1,0.9,0.0,default,100,9.7,4,1,1,0,0,,
trap_penalty_q_learning_30_q_learning_42_820f2c6d,trap_penalty_q_learning_30,q_learning,eval,7,42,risk,5,5,0.1,0.9,0.0,default,100,9.7,4,1,1,0,0,,
trap_penalty_q_learning_30_q_learning_42_820f2c6d,trap_penalty_q_learning_30,q_learning,eval,8,42,risk,5,5,0.1,0.9,0.0,default,100,9.7,4,1,1,0,0,,
trap_penalty_q_learning_30_q_learning_42_820f2c6d,trap_penalty_q_learning_30,q_learning,eval,9,42,risk,5,5,0.1,0.9,0.0,default,100,9.7,4,1,1,0,0,,
trap_penalty_q_learning_30_q_learning_42_820f2c6d,trap_penalty_q_learning_30,q_learning,eval,10,42,risk,5,5,0.1,0.9,0.0,default,100,9.7,4,1,1,0,0,,
trap_penalty_q_learning_30_q_learning_42_820f2c6d,trap_penalty_q_learning_30,q_learning,eval,1,42,risk,5,5,0.1,0.9,0.0,default,100,9.7,4,1,1,0,0,,
trap_penalty_q_learning_30_q_learning_42_820f2c6d,trap_penalty_q_learning_30,q_learning,eval,2,42,risk,5,5,0.1,0.9,0.0,default,100,9.7,4,1,1,0,0,,
trap_penalty_q_learning_30_q_learning_42_820f2c6d,trap_penalty_q_learning_30,q_learning,eval,3,42,risk,5,5,0.1,0.9,0.0,default,100,9.7,4,1,1,0,0,,
trap_penalty_q_learning_30_q_learning_42_820f2c6d,trap_penalty_q_learning_30,q_learning,eval,4,42,risk,5,5,0.1,0.9,0.0,default,100,9.7,4,1,1,0,0,,
trap_penalty_q_learning_30_q_learning_42_820f2c6d,trap_penalty_q_learning_30,q_learning,eval,5,42,risk,5,5,0.1,0.9,0.0,default,100,9.7,4,1,1,0,0,,
trap_penalty_q_learning_30_q_learning_42_820f2c6d,trap_penalty_q_learning_30,q_learning,eval,6,42,risk,5,5,0.1,0.9,0.0,default,100,9.7,4,1,1,0,0,,
trap_penalty_q_learning_30_q_learning_42_820f2c6d,trap_penalty_q_learning_30,q_learning,eval,7,42,risk,5,5,0.1,0.9,0.0,default,100,9.7,4,1,1,0,0,,
trap_penalty_q_learning_30_q_learning_42_820f2c6d,trap_penalty_q_learning_30,q_learning,eval,8,42,risk,5,5,0.1,0.9,0.0,default,100,9.7,4,1,1,0,0,,
trap_penalty_q_learning_30_q_learning_42_820f2c6d,trap_penalty_q_learning_30,q_learning,eval,9,42,risk,5,5,0.1,0.9,0.0,default,100,9.7,4,1,1,0,0,,
trap_penalty_q_learning_30_q_learning_42_820f2c6d,trap_penalty_q_learning_30,q_learning,eval,10,42,risk,5,5,0.1,0.9,0.0,default,100,9.7,4,1,1,0,0,,
trap_penalty_q_learning_30_q_learning_42_820f2c6d,trap_penalty_q_learning_30,q_learning,eval,1,42,risk,5,5,0.1,0.9,0.0,default,100,9.7,4,1,1,0,0,,
trap_penalty_q_learning_30_q_learning_42_820f2c6d,trap_penalty_q_learning_30,q_learning,eval,2,42,risk,5,5,0.1,0.9,0.0,default,100,9.7,4,1,1,0,0,,
trap_penalty_q_learning_30_q_learning_42_820f2c6d,trap_penalty_q_learning_30,q_learning,eval,3,42,risk,5,5,0.1,0.9,0.0,default,100,9.7,4,1,1,0,0,,
trap_penalty_q_learning_30_q_learning_42_820f2c6d,trap_penalty_q_learning_30,q_learning,eval,4,42,risk,5,5,0.1,0.9,0.0,default,100,9.7,4,1,1,0,0,,
trap_penalty_q_learning_30_q_learning_42_820f2c6d,trap_penalty_q_learning_30,q_learning,eval,5,42,risk,5,5,0.1,0.9,0.0,default,100,9.7,4,1,1,0,0,,
trap_penalty_q_learning_30_q_learning_42_820f2c6d,trap_penalty_q_learning_30,q_learning,eval,6,42,risk,5,5,0.1,0.9,0.0,default,100,9.7,4,1,1,0,0,,
trap_penalty_q_learning_30_q_learning_42_820f2c6d,trap_penalty_q_learning_30,q_learning,eval,7,42,risk,5,5,0.1,0.9,0.0,default,100,9.7,4,1,1,0,0,,
trap_penalty_q_learning_30_q_learning_42_820f2c6d,trap_penalty_q_learning_30,q_learning,eval,8,42,risk,5,5,0.1,0.9,0.0,default,100,9.7,4,1,1,0,0,,
trap_penalty_q_learning_30_q_learning_42_820f2c6d,trap_penalty_q_learning_30,q_learning,eval,9,42,risk,5,5,0.1,0.9,0.0,default,100,9.7,4,1,1,0,0,,
trap_penalty_q_learning_30_q_learning_42_820f2c6d,trap_penalty_q_learning_30,q_learning,eval,10,42,risk,5,5,0.1,0.9,0.0,default,100,9.7,4,1,1,0,0,,
trap_penalty_q_learning_30_q_learning_42_820f2c6d,trap_penalty_q_learning_30,q_learning,eval,1,42,risk,5,5,0.1,0.9,0.0,default,100,9.7,4,1,1,0,0,,
trap_penalty_q_learning_30_q_learning_42_820f2c6d,trap_penalty_q_learning_30,q_learning,eval,2,42,risk,5,5,0.1,0.9,0.0,default,100,9.7,4,1,1,0,0,,
trap_penalty_q_learning_30_q_learning_42_820f2c6d,trap_penalty_q_learning_30,q_learning,eval,3,42,risk,5,5,0.1,0.9,0.0,default,100,9.7,4,1,1,0,0,,
trap_penalty_q_learning_30_q_learning_42_820f2c6d,trap_penalty_q_learning_30,q_learning,eval,4,42,risk,5,5,0.1,0.9,0.0,default,100,9.7,4,1,1,0,0,,
trap_penalty_q_learning_30_q_learning_42_820f2c6d,trap_penalty_q_learning_30,q_learning,eval,5,42,risk,5,5,0.1,0.9,0.0,default,100,9.7,4,1,1,0,0,,
trap_penalty_q_learning_30_q_learning_42_820f2c6d,trap_penalty_q_learning_30,q_learning,eval,6,42,risk,5,5,0.1,0.9,0.0,default,100,9.7,4,1,1,0,0,,
trap_penalty_q_learning_30_q_learning_42_820f2c6d,trap_penalty_q_learning_30,q_learning,eval,7,42,risk,5,5,0.1,0.9,0.0,default,100,9.7,4,1,1,0,0,,
trap_penalty_q_learning_30_q_learning_42_820f2c6d,trap_penalty_q_learning_30,q_learning,eval,8,42,risk,5,5,0.1,0.9,0.0,default,100,9.7,4,1,1,0,0,,
trap_penalty_q_learning_30_q_learning_42_820f2c6d,trap_penalty_q_learning_30,q_learning,eval,9,42,risk,5,5,0.1,0.9,0.0,default,100,9.7,4,1,1,0,0,,
trap_penalty_q_learning_30_q_learning_42_820f2c6d,trap_penalty_q_learning_30,q_learning,eval,10,42,risk,5,5,0.1,0.9,0.0,default,100,9.7,4,1,1,0,0,,
trap_penalty_q_learning_30_q_learning_42_820f2c6d,trap_penalty_q_learning_30,q_learning,eval,1,42,risk,5,5,0.1,0.9,0.0,default,100,9.7,4,1,1,0,0,,
trap_penalty_q_learning_30_q_learning_42_820f2c6d,trap_penalty_q_learning_30,q_learning,eval,2,42,risk,5,5,0.1,0.9,0.0,default,100,9.7,4,1,1,0,0,,
trap_penalty_q_learning_30_q_learning_42_820f2c6d,trap_penalty_q_learning_30,q_learning,eval,3,42,risk,5,5,0.1,0.9,0.0,default,100,9.7,4,1,1,0,0,,
trap_penalty_q_learning_30_q_learning_42_820f2c6d,trap_penalty_q_learning_30,q_learning,eval,4,42,risk,5,5,0.1,0.9,0.0,default,100,9.7,4,1,1,0,0,,
trap_penalty_q_learning_30_q_learning_42_820f2c6d,trap_penalty_q_learning_30,q_learning,eval,5,42,risk,5,5,0.1,0.9,0.0,default,100,9.7,4,1,1,0,0,,
trap_penalty_q_learning_30_q_learning_42_820f2c6d,trap_penalty_q_learning_30,q_learning,eval,6,42,risk,5,5,0.1,0.9,0.0,default,100,9.7,4,1,1,0,0,,
trap_penalty_q_learning_30_q_learning_42_820f2c6d,trap_penalty_q_learning_30,q_learning,eval,7,42,risk,5,5,0.1,0.9,0.0,default,100,9.7,4,1,1,0,0,,
trap_penalty_q_learning_30_q_learning_42_820f2c6d,trap_penalty_q_learning_30,q_learning,eval,8,42,risk,5,5,0.1,0.9,0.0,default,100,9.7,4,1,1,0,0,,
trap_penalty_q_learning_30_q_learning_42_820f2c6d,trap_penalty_q_learning_30,q_learning,eval,9,42,risk,5,5,0.1,0.9,0.0,default,100,9.7,4,1,1,0,0,,
trap_penalty_q_learning_30_q_learning_42_820f2c6d,trap_penalty_q_learning_30,q_learning,eval,10,42,risk,5,5,0.1,0.9,0.0,default,100,9.7,4,1,1,0,0,,
trap_penalty_q_learning_30_q_learning_42_820f2c6d,trap_penalty_q_learning_30,q_learning,eval,1,42,risk,5,5,0.1,0.9,0.0,default,100,9.7,4,1,1,0,0,,
trap_penalty_q_learning_30_q_learning_42_820f2c6d,trap_penalty_q_learning_30,q_learning,eval,2,42,risk,5,5,0.1,0.9,0.0,default,100,9.7,4,1,1,0,0,,
trap_penalty_q_learning_30_q_learning_42_820f2c6d,trap_penalty_q_learning_30,q_learning,eval,3,42,risk,5,5,0.1,0.9,0.0,default,100,9.7,4,1,1,0,0,,
trap_penalty_q_learning_30_q_learning_42_820f2c6d,trap_penalty_q_learning_30,q_learning,eval,4,42,risk,5,5,0.1,0.9,0.0,default,100,9.7,4,1,1,0,0,,
trap_penalty_q_learning_30_q_learning_42_820f2c6d,trap_penalty_q_learning_30,q_learning,eval,5,42,risk,5,5,0.1,0.9,0.0,default,100,9.7,4,1,1,0,0,,
trap_penalty_q_learning_30_q_learning_42_820f2c6d,trap_penalty_q_learning_30,q_learning,eval,6,42,risk,5,5,0.1,0.9,0.0,default,100,9.7,4,1,1,0,0,,
trap_penalty_q_learning_30_q_learning_42_820f2c6d,trap_penalty_q_learning_30,q_learning,eval,7,42,risk,5,5,0.1,0.9,0.0,default,100,9.7,4,1,1,0,0,,
trap_penalty_q_learning_30_q_learning_42_820f2c6d,trap_penalty_q_learning_30,q_learning,eval,8,42,risk,5,5,0.1,0.9,0.0,default,100,9.7,4,1,1,0,0,,
trap_penalty_q_learning_30_q_learning_42_820f2c6d,trap_penalty_q_learning_30,q_learning,eval,9,42,risk,5,5,0.1,0.9,0.0,default,100,9.7,4,1,1,0,0,,
trap_penalty_q_learning_30_q_learning_42_820f2c6d,trap_penalty_q_learning_30,q_learning,eval,10,42,risk,5,5,0.1,0.9,0.0,default,100,9.7,4,1,1,0,0,,
trap_penalty_q_learning_30_q_learning_42_820f2c6d,trap_penalty_q_learning_30,q_learning,eval,1,42,risk,5,5,0.1,0.9,0.0,default,100,9.7,4,1,1,0,0,,
trap_penalty_q_learning_30_q_learning_42_820f2c6d,trap_penalty_q_learning_30,q_learning,eval,2,42,risk,5,5,0.1,0.9,0.0,default,100,9.7,4,1,1,0,0,,
trap_penalty_q_learning_30_q_learning_42_820f2c6d,trap_penalty_q_learning_30,q_learning,eval,3,42,risk,5,5,0.1,0.9,0.0,default,100,9.7,4,1,1,0,0,,
trap_penalty_q_learning_30_q_learning_42_820f2c6d,trap_penalty_q_learning_30,q_learning,eval,4,42,risk,5,5,0.1,0.9,0.0,default,100,9.7,4,1,1,0,0,,
trap_penalty_q_learning_30_q_learning_42_820f2c6d,trap_penalty_q_learning_30,q_learning,eval,5,42,risk,5,5,0.1,0.9,0.0,default,100,9.7,4,1,1,0,0,,
trap_penalty_q_learning_30_q_learning_42_820f2c6d,trap_penalty_q_learning_30,q_learning,eval,6,42,risk,5,5,0.1,0.9,0.0,default,100,9.7,4,1,1,0,0,,
trap_penalty_q_learning_30_q_learning_42_820f2c6d,trap_penalty_q_learning_30,q_learning,eval,7,42,risk,5,5,0.1,0.9,0.0,default,100,9.7,4,1,1,0,0,,
trap_penalty_q_learning_30_q_learning_42_820f2c6d,trap_penalty_q_learning_30,q_learning,eval,8,42,risk,5,5,0.1,0.9,0.0,default,100,9.7,4,1,1,0,0,,
trap_penalty_q_learning_30_q_learning_42_820f2c6d,trap_penalty_q_learning_30,q_learning,eval,9,42,risk,5,5,0.1,0.9,0.0,default,100,9.7,4,1,1,0,0,,
trap_penalty_q_learning_30_q_learning_42_820f2c6d,trap_penalty_q_learning_30,q_learning,eval,10,42,risk,5,5,0.1,0.9,0.0,default,100,9.7,4,1,1,0,0,,
trap_penalty_q_learning_30_q_learning_42_820f2c6d,trap_penalty_q_learning_30,q_learning,eval,1,42,risk,5,5,0.1,0.9,0.0,default,100,9.7,4,1,1,0,0,,
trap_penalty_q_learning_30_q_learning_42_820f2c6d,trap_penalty_q_learning_30,q_learning,eval,2,42,risk,5,5,0.1,0.9,0.0,default,100,9.7,4,1,1,0,0,,
trap_penalty_q_learning_30_q_learning_42_820f2c6d,trap_penalty_q_learning_30,q_learning,eval,3,42,risk,5,5,0.1,0.9,0.0,default,100,9.7,4,1,1,0,0,,
trap_penalty_q_learning_30_q_learning_42_820f2c6d,trap_penalty_q_learning_30,q_learning,eval,4,42,risk,5,5,0.1,0.9,0.0,default,100,9.7,4,1,1,0,0,,
trap_penalty_q_learning_30_q_learning_42_820f2c6d,trap_penalty_q_learning_30,q_learning,eval,5,42,risk,5,5,0.1,0.9,0.0,default,100,9.7,4,1,1,0,0,,
trap_penalty_q_learning_30_q_learning_42_820f2c6d,trap_penalty_q_learning_30,q_learning,eval,6,42,risk,5,5,0.1,0.9,0.0,default,100,9.7,4,1,1,0,0,,
trap_penalty_q_learning_30_q_learning_42_820f2c6d,trap_penalty_q_learning_30,q_learning,eval,7,42,risk,5,5,0.1,0.9,0.0,default,100,9.7,4,1,1,0,0,,
trap_penalty_q_learning_30_q_learning_42_820f2c6d,trap_penalty_q_learning_30,q_learning,eval,8,42,risk,5,5,0.1,0.9,0.0,default,100,9.7,4,1,1,0,0,,
trap_penalty_q_learning_30_q_learning_42_820f2c6d,trap_penalty_q_learning_30,q_learning,eval,9,42,risk,5,5,0.1,0.9,0.0,default,100,9.7,4,1,1,0,0,,
trap_penalty_q_learning_30_q_learning_42_820f2c6d,trap_penalty_q_learning_30,q_learning,eval,10,42,risk,5,5,0.1,0.9,0.0,default,100,9.7,4,1,1,0,0,,
trap_penalty_q_learning_30_q_learning_42_820f2c6d,trap_penalty_q_learning_30,q_learning,eval,1,42,risk,5,5,0.1,0.9,0.0,default,100,9.7,4,1,1,0,0,,
trap_penalty_q_learning_30_q_learning_42_820f2c6d,trap_penalty_q_learning_30,q_learning,eval,2,42,risk,5,5,0.1,0.9,0.0,default,100,9.7,4,1,1,0,0,,
trap_penalty_q_learning_30_q_learning_42_820f2c6d,trap_penalty_q_learning_30,q_learning,eval,3,42,risk,5,5,0.1,0.9,0.0,default,100,9.7,4,1,1,0,0,,
trap_penalty_q_learning_30_q_learning_42_820f2c6d,trap_penalty_q_learning_30,q_learning,eval,4,42,risk,5,5,0.1,0.9,0.0,default,100,9.7,4,1,1,0,0,,
trap_penalty_q_learning_30_q_learning_42_820f2c6d,trap_penalty_q_learning_30,q_learning,eval,5,42,risk,5,5,0.1,0.9,0.0,default,100,9.7,4,1,1,0,0,,
trap_penalty_q_learning_30_q_learning_42_820f2c6d,trap_penalty_q_learning_30,q_learning,eval,6,42,risk,5,5,0.1,0.9,0.0,default,100,9.7,4,1,1,0,0,,
trap_penalty_q_learning_30_q_learning_42_820f2c6d,trap_penalty_q_learning_30,q_learning,eval,7,42,risk,5,5,0.1,0.9,0.0,default,100,9.7,4,1,1,0,0,,
trap_penalty_q_learning_30_q_learning_42_820f2c6d,trap_penalty_q_learning_30,q_learning,eval,8,42,risk,5,5,0.1,0.9,0.0,default,100,9.7,4,1,1,0,0,,
trap_penalty_q_learning_30_q_learning_42_820f2c6d,trap_penalty_q_learning_30,q_learning,eval,9,42,risk,5,5,0.1,0.9,0.0,default,100,9.7,4,1,1,0,0,,
trap_penalty_q_learning_30_q_learning_42_820f2c6d,trap_penalty_q_learning_30,q_learning,eval,10,42,risk,5,5,0.1,0.9,0.0,default,100,9.7,4,1,1,0,0,,
trap_penalty_q_learning_30_q_learning_42_820f2c6d,trap_penalty_q_learning_30,q_learning,eval,1,42,risk,5,5,0.1,0.9,0.0,default,100,9.7,4,1,1,0,0,,
trap_penalty_q_learning_30_q_learning_42_820f2c6d,trap_penalty_q_learning_30,q_learning,eval,2,42,risk,5,5,0.1,0.9,0.0,default,100,9.7,4,1,1,0,0,,
trap_penalty_q_learning_30_q_learning_42_820f2c6d,trap_penalty_q_learning_30,q_learning,eval,3,42,risk,5,5,0.1,0.9,0.0,default,100,9.7,4,1,1,0,0,,
trap_penalty_q_learning_30_q_learning_42_820f2c6d,trap_penalty_q_learning_30,q_learning,eval,4,42,risk,5,5,0.1,0.9,0.0,default,100,9.7,4,1,1,0,0,,
trap_penalty_q_learning_30_q_learning_42_820f2c6d,trap_penalty_q_learning_30,q_learning,eval,5,42,risk,5,5,0.1,0.9,0.0,default,100,9.7,4,1,1,0,0,,
trap_penalty_q_learning_30_q_learning_42_820f2c6d,trap_penalty_q_learning_30,q_learning,eval,6,42,risk,5,5,0.1,0.9,0.0,default,100,9.7,4,1,1,0,0,,
trap_penalty_q_learning_30_q_learning_42_820f2c6d,trap_penalty_q_learning_30,q_learning,eval,7,42,risk,5,5,0.1,0.9,0.0,default,100,9.7,4,1,1,0,0,,
trap_penalty_q_learning_30_q_learning_42_820f2c6d,trap_penalty_q_learning_30,q_learning,eval,8,42,risk,5,5,0.1,0.9,0.0,default,100,9.7,4,1,1,0,0,,
trap_penalty_q_learning_30_q_learning_42_820f2c6d,trap_penalty_q_learning_30,q_learning,eval,9,42,risk,5,5,0.1,0.9,0.0,default,100,9.7,4,1,1,0,0,,
trap_penalty_q_learning_30_q_learning_42_820f2c6d,trap_penalty_q_learning_30,q_learning,eval,10,42,risk,5,5,0.1,0.9,0.0,default,100,9.7,4,1,1,0,0,,
trap_penalty_q_learning_30_q_learning_42_820f2c6d,trap_penalty_q_learning_30,q_learning,eval,1,42,risk,5,5,0.1,0.9,0.0,default,100,9.7,4,1,1,0,0,,
trap_penalty_q_learning_30_q_learning_42_820f2c6d,trap_penalty_q_learning_30,q_learning,eval,2,42,risk,5,5,0.1,0.9,0.0,default,100,9.7,4,1,1,0,0,,
trap_penalty_q_learning_30_q_learning_42_820f2c6d,trap_penalty_q_learning_30,q_learning,eval,3,42,risk,5,5,0.1,0.9,0.0,default,100,9.7,4,1,1,0,0,,
trap_penalty_q_learning_30_q_learning_42_820f2c6d,trap_penalty_q_learning_30,q_learning,eval,4,42,risk,5,5,0.1,0.9,0.0,default,100,9.7,4,1,1,0,0,,
trap_penalty_q_learning_30_q_learning_42_820f2c6d,trap_penalty_q_learning_30,q_learning,eval,5,42,risk,5,5,0.1,0.9,0.0,default,100,9.7,4,1,1,0,0,,
trap_penalty_q_learning_30_q_learning_42_820f2c6d,trap_penalty_q_learning_30,q_learning,eval,6,42,risk,5,5,0.1,0.9,0.0,default,100,9.7,4,1,1,0,0,,
trap_penalty_q_learning_30_q_learning_42_820f2c6d,trap_penalty_q_learning_30,q_learning,eval,7,42,risk,5,5,0.1,0.9,0.0,default,100,9.7,4,1,1,0,0,,
trap_penalty_q_learning_30_q_learning_42_820f2c6d,trap_penalty_q_learning_30,q_learning,eval,8,42,risk,5,5,0.1,0.9,0.0,default,100,9.7,4,1,1,0,0,,
trap_penalty_q_learning_30_q_learning_42_820f2c6d,trap_penalty_q_learning_30,q_learning,eval,9,42,risk,5,5,0.1,0.9,0.0,default,100,9.7,4,1,1,0,0,,
trap_penalty_q_learning_30_q_learning_42_820f2c6d,trap_penalty_q_learning_30,q_learning,eval,10,42,risk,5,5,0.1,0.9,0.0,default,100,9.7,4,1,1,0,0,,
trap_penalty_q_learning_30_q_learning_42_820f2c6d,trap_penalty_q_learning_30,q_learning,eval,1,42,risk,5,5,0.1,0.9,0.0,default,100,9.7,4,1,1,0,0,,
trap_penalty_q_learning_30_q_learning_42_820f2c6d,trap_penalty_q_learning_30,q_learning,eval,2,42,risk,5,5,0.1,0.9,0.0,default,100,9.7,4,1,1,0,0,,
trap_penalty_q_learning_30_q_learning_42_820f2c6d,trap_penalty_q_learning_30,q_learning,eval,3,42,risk,5,5,0.1,0.9,0.0,default,100,9.7,4,1,1,0,0,,
trap_penalty_q_learning_30_q_learning_42_820f2c6d,trap_penalty_q_learning_30,q_learning,eval,4,42,risk,5,5,0.1,0.9,0.0,default,100,9.7,4,1,1,0,0,,
trap_penalty_q_learning_30_q_learning_42_820f2c6d,trap_penalty_q_learning_30,q_learning,eval,5,42,risk,5,5,0.1,0.9,0.0,default,100,9.7,4,1,1,0,0,,
trap_penalty_q_learning_30_q_learning_42_820f2c6d,trap_penalty_q_learning_30,q_learning,eval,6,42,risk,5,5,0.1,0.9,0.0,default,100,9.7,4,1,1,0,0,,
trap_penalty_q_learning_30_q_learning_42_820f2c6d,trap_penalty_q_learning_30,q_learning,eval,7,42,risk,5,5,0.1,0.9,0.0,default,100,9.7,4,1,1,0,0,,
trap_penalty_q_learning_30_q_learning_42_820f2c6d,trap_penalty_q_learning_30,q_learning,eval,8,42,risk,5,5,0.1,0.9,0.0,default,100,9.7,4,1,1,0,0,,
trap_penalty_q_learning_30_q_learning_42_820f2c6d,trap_penalty_q_learning_30,q_learning,eval,9,42,risk,5,5,0.1,0.9,0.0,default,100,9.7,4,1,1,0,0,,
trap_penalty_q_learning_30_q_learning_42_820f2c6d,trap_penalty_q_learning_30,q_learning,eval,10,42,risk,5,5,0.1,0.9,0.0,default,100,9.7,4,1,1,0,0,,
trap_penalty_q_learning_30_q_learning_42_820f2c6d,trap_penalty_q_learning_30,q_learning,eval,1,42,risk,5,5,0.1,0.9,0.0,default,100,9.7,4,1,1,0,0,,
trap_penalty_q_learning_30_q_learning_42_820f2c6d,trap_penalty_q_learning_30,q_learning,eval,2,42,risk,5,5,0.1,0.9,0.0,default,100,9.7,4,1,1,0,0,,
trap_penalty_q_learning_30_q_learning_42_820f2c6d,trap_penalty_q_learning_30,q_learning,eval,3,42,risk,5,5,0.1,0.9,0.0,default,100,9.7,4,1,1,0,0,,
trap_penalty_q_learning_30_q_learning_42_820f2c6d,trap_penalty_q_learning_30,q_learning,eval,4,42,risk,5,5,0.1,0.9,0.0,default,100,9.7,4,1,1,0,0,,
trap_penalty_q_learning_30_q_learning_42_820f2c6d,trap_penalty_q_learning_30,q_learning,eval,5,42,risk,5,5,0.1,0.9,0.0,default,100,9.7,4,1,1,0,0,,
trap_penalty_q_learning_30_q_learning_42_820f2c6d,trap_penalty_q_learning_30,q_learning,eval,6,42,risk,5,5,0.1,0.9,0.0,default,100,9.7,4,1,1,0,0,,
trap_penalty_q_learning_30_q_learning_42_820f2c6d,trap_penalty_q_learning_30,q_learning,eval,7,42,risk,5,5,0.1,0.9,0.0,default,100,9.7,4,1,1,0,0,,
trap_penalty_q_learning_30_q_learning_42_820f2c6d,trap_penalty_q_learning_30,q_learning,eval,8,42,risk,5,5,0.1,0.9,0.0,default,100,9.7,4,1,1,0,0,,
trap_penalty_q_learning_30_q_learning_42_820f2c6d,trap_penalty_q_learning_30,q_learning,eval,9,42,risk,5,5,0.1,0.9,0.0,default,100,9.7,4,1,1,0,0,,
trap_penalty_q_learning_30_q_learning_42_820f2c6d,trap_penalty_q_learning_30,q_learning,eval,10,42,risk,5,5,0.1,0.9,0.0,default,100,9.7,4,1,1,0,0,,
trap_penalty_q_learning_30_q_learning_42_820f2c6d,trap_penalty_q_learning_30,q_learning,eval,1,42,risk,5,5,0.1,0.9,0.0,default,100,9.7,4,1,1,0,0,,
trap_penalty_q_learning_30_q_learning_42_820f2c6d,trap_penalty_q_learning_30,q_learning,eval,2,42,risk,5,5,0.1,0.9,0.0,default,100,9.7,4,1,1,0,0,,
trap_penalty_q_learning_30_q_learning_42_820f2c6d,trap_penalty_q_learning_30,q_learning,eval,3,42,risk,5,5,0.1,0.9,0.0,default,100,9.7,4,1,1,0,0,,
trap_penalty_q_learning_30_q_learning_42_820f2c6d,trap_penalty_q_learning_30,q_learning,eval,4,42,risk,5,5,0.1,0.9,0.0,default,100,9.7,4,1,1,0,0,,
trap_penalty_q_learning_30_q_learning_42_820f2c6d,trap_penalty_q_learning_30,q_learning,eval,5,42,risk,5,5,0.1,0.9,0.0,default,100,9.7,4,1,1,0,0,,
trap_penalty_q_learning_30_q_learning_42_820f2c6d,trap_penalty_q_learning_30,q_learning,eval,6,42,risk,5,5,0.1,0.9,0.0,default,100,9.7,4,1,1,0,0,,
trap_penalty_q_learning_30_q_learning_42_820f2c6d,trap_penalty_q_learning_30,q_learning,eval,7,42,risk,5,5,0.1,0.9,0.0,default,100,9.7,4,1,1,0,0,,
trap_penalty_q_learning_30_q_learning_42_820f2c6d,trap_penalty_q_learning_30,q_learning,eval,8,42,risk,5,5,0.1,0.9,0.0,default,100,9.7,4,1,1,0,0,,
trap_penalty_q_learning_30_q_learning_42_820f2c6d,trap_penalty_q_learning_30,q_learning,eval,9,42,risk,5,5,0.1,0.9,0.0,default,100,9.7,4,1,1,0,0,,
trap_penalty_q_learning_30_q_learning_42_820f2c6d,trap_penalty_q_learning_30,q_learning,eval,10,42,risk,5,5,0.1,0.9,0.0,default,100,9.7,4,1,1,0,0,,
trap_penalty_q_learning_30_q_learning_42_820f2c6d,trap_penalty_q_learning_30,q_learning,eval,1,42,risk,5,5,0.1,0.9,0.0,default,100,9.7,4,1,1,0,0,,
trap_penalty_q_learning_30_q_learning_42_820f2c6d,trap_penalty_q_learning_30,q_learning,eval,2,42,risk,5,5,0.1,0.9,0.0,default,100,9.7,4,1,1,0,0,,
trap_penalty_q_learning_30_q_learning_42_820f2c6d,trap_penalty_q_learning_30,q_learning,eval,3,42,risk,5,5,0.1,0.9,0.0,default,100,9.7,4,1,1,0,0,,
trap_penalty_q_learning_30_q_learning_42_820f2c6d,trap_penalty_q_learning_30,q_learning,eval,4,42,risk,5,5,0.1,0.9,0.0,default,100,9.7,4,1,1,0,0,,
trap_penalty_q_learning_30_q_learning_42_820f2c6d,trap_penalty_q_learning_30,q_learning,eval,5,42,risk,5,5,0.1,0.9,0.0,default,100,9.7,4,1,1,0,0,,
trap_penalty_q_learning_30_q_learning_42_820f2c6d,trap_penalty_q_learning_30,q_learning,eval,6,42,risk,5,5,0.1,0.9,0.0,default,100,9.7,4,1,1,0,0,,
trap_penalty_q_learning_30_q_learning_42_820f2c6d,trap_penalty_q_learning_30,q_learning,eval,7,42,risk,5,5,0.1,0.9,0.0,default,100,9.7,4,1,1,0,0,,
trap_penalty_q_learning_30_q_learning_42_820f2c6d,trap_penalty_q_learning_30,q_learning,eval,8,42,risk,5,5,0.1,0.9,0.0,default,100,9.7,4,1,1,0,0,,
trap_penalty_q_learning_30_q_learning_42_820f2c6d,trap_penalty_q_learning_30,q_learning,eval,9,42,risk,5,5,0.1,0.9,0.0,default,100,9.7,4,1,1,0,0,,
trap_penalty_q_learning_30_q_learning_42_820f2c6d,trap_penalty_q_learning_30,q_learning,eval,10,42,risk,5,5,0.1,0.9,0.0,default,100,9.7,4,1,1,0,0,,
trap_penalty_q_learning_30_q_learning_42_820f2c6d,trap_penalty_q_learning_30,q_learning,eval,1,42,risk,5,5,0.1,0.9,0.0,default,100,9.7,4,1,1,0,0,,
trap_penalty_q_learning_30_q_learning_42_820f2c6d,trap_penalty_q_learning_30,q_learning,eval,2,42,risk,5,5,0.1,0.9,0.0,default,100,9.7,4,1,1,0,0,,
trap_penalty_q_learning_30_q_learning_42_820f2c6d,trap_penalty_q_learning_30,q_learning,eval,3,42,risk,5,5,0.1,0.9,0.0,default,100,9.7,4,1,1,0,0,,
trap_penalty_q_learning_30_q_learning_42_820f2c6d,trap_penalty_q_learning_30,q_learning,eval,4,42,risk,5,5,0.1,0.9,0.0,default,100,9.7,4,1,1,0,0,,
trap_penalty_q_learning_30_q_learning_42_820f2c6d,trap_penalty_q_learning_30,q_learning,eval,5,42,risk,5,5,0.1,0.9,0.0,default,100,9.7,4,1,1,0,0,,
trap_penalty_q_learning_30_q_learning_42_820f2c6d,trap_penalty_q_learning_30,q_learning,eval,6,42,risk,5,5,0.1,0.9,0.0,default,100,9.7,4,1,1,0,0,,
trap_penalty_q_learning_30_q_learning_42_820f2c6d,trap_penalty_q_learning_30,q_learning,eval,7,42,risk,5,5,0.1,0.9,0.0,default,100,9.7,4,1,1,0,0,,
trap_penalty_q_learning_30_q_learning_42_820f2c6d,trap_penalty_q_learning_30,q_learning,eval,8,42,risk,5,5,0.1,0.9,0.0,default,100,9.7,4,1,1,0,0,,
trap_penalty_q_learning_30_q_learning_42_820f2c6d,trap_penalty_q_learning_30,q_learning,eval,9,42,risk,5,5,0.1,0.9,0.0,default,100,9.7,4,1,1,0,0,,
trap_penalty_q_learning_30_q_learning_42_820f2c6d,trap_penalty_q_learning_30,q_learning,eval,10,42,risk,5,5,0.1,0.9,0.0,default,100,9.7,4,1,1,0,0,,
trap_penalty_q_learning_30_q_learning_42_820f2c6d,trap_penalty_q_learning_30,q_learning,eval,1,42,risk,5,5,0.1,0.9,0.0,default,100,9.7,4,1,1,0,0,,
trap_penalty_q_learning_30_q_learning_42_820f2c6d,trap_penalty_q_learning_30,q_learning,eval,2,42,risk,5,5,0.1,0.9,0.0,default,100,9.7,4,1,1,0,0,,
trap_penalty_q_learning_30_q_learning_42_820f2c6d,trap_penalty_q_learning_30,q_learning,eval,3,42,risk,5,5,0.1,0.9,0.0,default,100,9.7,4,1,1,0,0,,
trap_penalty_q_learning_30_q_learning_42_820f2c6d,trap_penalty_q_learning_30,q_learning,eval,4,42,risk,5,5,0.1,0.9,0.0,default,100,9.7,4,1,1,0,0,,
trap_penalty_q_learning_30_q_learning_42_820f2c6d,trap_penalty_q_learning_30,q_learning,eval,5,42,risk,5,5,0.1,0.9,0.0,default,100,9.7,4,1,1,0,0,,
trap_penalty_q_learning_30_q_learning_42_820f2c6d,trap_penalty_q_learning_30,q_learning,eval,6,42,risk,5,5,0.1,0.9,0.0,default,100,9.7,4,1,1,0,0,,
trap_penalty_q_learning_30_q_learning_42_820f2c6d,trap_penalty_q_learning_30,q_learning,eval,7,42,risk,5,5,0.1,0.9,0.0,default,100,9.7,4,1,1,0,0,,
trap_penalty_q_learning_30_q_learning_42_820f2c6d,trap_penalty_q_learning_30,q_learning,eval,8,42,risk,5,5,0.1,0.9,0.0,default,100,9.7,4,1,1,0,0,,
trap_penalty_q_learning_30_q_learning_42_820f2c6d,trap_penalty_q_learning_30,q_learning,eval,9,42,risk,5,5,0.1,0.9,0.0,default,100,9.7,4,1,1,0,0,,
trap_penalty_q_learning_30_q_learning_42_820f2c6d,trap_penalty_q_learning_30,q_learning,eval,10,42,risk,5,5,0.1,0.9,0.0,default,100,9.7,4,1,1,0,0,,
trap_penalty_q_learning_30_q_learning_42_820f2c6d,trap_penalty_q_learning_30,q_learning,eval,1,42,risk,5,5,0.1,0.9,0.0,default,100,9.7,4,1,1,0,0,,
trap_penalty_q_learning_30_q_learning_42_820f2c6d,trap_penalty_q_learning_30,q_learning,eval,2,42,risk,5,5,0.1,0.9,0.0,default,100,9.7,4,1,1,0,0,,
trap_penalty_q_learning_30_q_learning_42_820f2c6d,trap_penalty_q_learning_30,q_learning,eval,3,42,risk,5,5,0.1,0.9,0.0,default,100,9.7,4,1,1,0,0,,
trap_penalty_q_learning_30_q_learning_42_820f2c6d,trap_penalty_q_learning_30,q_learning,eval,4,42,risk,5,5,0.1,0.9,0.0,default,100,9.7,4,1,1,0,0,,
trap_penalty_q_learning_30_q_learning_42_820f2c6d,trap_penalty_q_learning_30,q_learning,eval,5,42,risk,5,5,0.1,0.9,0.0,default,100,9.7,4,1,1,0,0,,
trap_penalty_q_learning_30_q_learning_42_820f2c6d,trap_penalty_q_learning_30,q_learning,eval,6,42,risk,5,5,0.1,0.9,0.0,default,100,9.7,4,1,1,0,0,,
trap_penalty_q_learning_30_q_learning_42_820f2c6d,trap_penalty_q_learning_30,q_learning,eval,7,42,risk,5,5,0.1,0.9,0.0,default,100,9.7,4,1,1,0,0,,
trap_penalty_q_learning_30_q_learning_42_820f2c6d,trap_penalty_q_learning_30,q_learning,eval,8,42,risk,5,5,0.1,0.9,0.0,default,100,9.7,4,1,1,0,0,,
trap_penalty_q_learning_30_q_learning_42_820f2c6d,trap_penalty_q_learning_30,q_learning,eval,9,42,risk,5,5,0.1,0.9,0.0,default,100,9.7,4,1,1,0,0,,
trap_penalty_q_learning_30_q_learning_42_820f2c6d,trap_penalty_q_learning_30,q_learning,eval,10,42,risk,5,5,0.1,0.9,0.0,default,100,9.7,4,1,1,0,0,,
trap_penalty_q_learning_30_q_learning_42_820f2c6d,trap_penalty_q_learning_30,q_learning,eval,1,42,risk,5,5,0.1,0.9,0.0,default,100,9.7,4,1,1,0,0,,
trap_penalty_q_learning_30_q_learning_42_820f2c6d,trap_penalty_q_learning_30,q_learning,eval,2,42,risk,5,5,0.1,0.9,0.0,default,100,9.7,4,1,1,0,0,,
trap_penalty_q_learning_30_q_learning_42_820f2c6d,trap_penalty_q_learning_30,q_learning,eval,3,42,risk,5,5,0.1,0.9,0.0,default,100,9.7,4,1,1,0,0,,
trap_penalty_q_learning_30_q_learning_42_820f2c6d,trap_penalty_q_learning_30,q_learning,eval,4,42,risk,5,5,0.1,0.9,0.0,default,100,9.7,4,1,1,0,0,,
trap_penalty_q_learning_30_q_learning_42_820f2c6d,trap_penalty_q_learning_30,q_learning,eval,5,42,risk,5,5,0.1,0.9,0.0,default,100,9.7,4,1,1,0,0,,
trap_penalty_q_learning_30_q_learning_42_820f2c6d,trap_penalty_q_learning_30,q_learning,eval,6,42,risk,5,5,0.1,0.9,0.0,default,100,9.7,4,1,1,0,0,,
trap_penalty_q_learning_30_q_learning_42_820f2c6d,trap_penalty_q_learning_30,q_learning,eval,7,42,risk,5,5,0.1,0.9,0.0,default,100,9.7,4,1,1,0,0,,
trap_penalty_q_learning_30_q_learning_42_820f2c6d,trap_penalty_q_learning_30,q_learning,eval,8,42,risk,5,5,0.1,0.9,0.0,default,100,9.7,4,1,1,0,0,,
trap_penalty_q_learning_30_q_learning_42_820f2c6d,trap_penalty_q_learning_30,q_learning,eval,9,42,risk,5,5,0.1,0.9,0.0,default,100,9.7,4,1,1,0,0,,
trap_penalty_q_learning_30_q_learning_42_820f2c6d,trap_penalty_q_learning_30,q_learning,eval,10,42,risk,5,5,0.1,0.9,0.0,default,100,9.7,4,1,1,0,0,,
trap_penalty_q_learning_30_q_learning_42_820f2c6d,trap_penalty_q_learning_30,q_learning,eval,1,42,risk,5,5,0.1,0.9,0.0,default,100,9.7,4,1,1,0,0,,
trap_penalty_q_learning_30_q_learning_42_820f2c6d,trap_penalty_q_learning_30,q_learning,eval,2,42,risk,5,5,0.1,0.9,0.0,default,100,9.7,4,1,1,0,0,,
trap_penalty_q_learning_30_q_learning_42_820f2c6d,trap_penalty_q_learning_30,q_learning,eval,3,42,risk,5,5,0.1,0.9,0.0,default,100,9.7,4,1,1,0,0,,
trap_penalty_q_learning_30_q_learning_42_820f2c6d,trap_penalty_q_learning_30,q_learning,eval,4,42,risk,5,5,0.1,0.9,0.0,default,100,9.7,4,1,1,0,0,,
trap_penalty_q_learning_30_q_learning_42_820f2c6d,trap_penalty_q_learning_30,q_learning,eval,5,42,risk,5,5,0.1,0.9,0.0,default,100,9.7,4,1,1,0,0,,
trap_penalty_q_learning_30_q_learning_42_820f2c6d,trap_penalty_q_learning_30,q_learning,eval,6,42,risk,5,5,0.1,0.9,0.0,default,100,9.7,4,1,1,0,0,,
trap_penalty_q_learning_30_q_learning_42_820f2c6d,trap_penalty_q_learning_30,q_learning,eval,7,42,risk,5,5,0.1,0.9,0.0,default,100,9.7,4,1,1,0,0,,
trap_penalty_q_learning_30_q_learning_42_820f2c6d,trap_penalty_q_learning_30,q_learning,eval,8,42,risk,5,5,0.1,0.9,0.0,default,100,9.7,4,1,1,0,0,,
trap_penalty_q_learning_30_q_learning_42_820f2c6d,trap_penalty_q_learning_30,q_learning,eval,9,42,risk,5,5,0.1,0.9,0.0,default,100,9.7,4,1,1,0,0,,
trap_penalty_q_learning_30_q_learning_42_820f2c6d,trap_penalty_q_learning_30,q_learning,eval,10,42,risk,5,5,0.1,0.9,0.0,default,100,9.7,4,1,1,0,0,,
trap_penalty_q_learning_30_q_learning_42_820f2c6d,trap_penalty_q_learning_30,q_learning,eval,1,42,risk,5,5,0.1,0.9,0.0,default,100,9.7,4,1,1,0,0,,
trap_penalty_q_learning_30_q_learning_42_820f2c6d,trap_penalty_q_learning_30,q_learning,eval,2,42,risk,5,5,0.1,0.9,0.0,default,100,9.7,4,1,1,0,0,,
trap_penalty_q_learning_30_q_learning_42_820f2c6d,trap_penalty_q_learning_30,q_learning,eval,3,42,risk,5,5,0.1,0.9,0.0,default,100,9.7,4,1,1,0,0,,
trap_penalty_q_learning_30_q_learning_42_820f2c6d,trap_penalty_q_learning_30,q_learning,eval,4,42,risk,5,5,0.1,0.9,0.0,default,100,9.7,4,1,1,0,0,,
trap_penalty_q_learning_30_q_learning_42_820f2c6d,trap_penalty_q_learning_30,q_learning,eval,5,42,risk,5,5,0.1,0.9,0.0,default,100,9.7,4,1,1,0,0,,
trap_penalty_q_learning_30_q_learning_42_820f2c6d,trap_penalty_q_learning_30,q_learning,eval,6,42,risk,5,5,0.1,0.9,0.0,default,100,9.7,4,1,1,0,0,,
trap_penalty_q_learning_30_q_learning_42_820f2c6d,trap_penalty_q_learning_30,q_learning,eval,7,42,risk,5,5,0.1,0.9,0.0,default,100,9.7,4,1,1,0,0,,
trap_penalty_q_learning_30_q_learning_42_820f2c6d,trap_penalty_q_learning_30,q_learning,eval,8,42,risk,5,5,0.1,0.9,0.0,default,100,9.7,4,1,1,0,0,,
trap_penalty_q_learning_30_q_learning_42_820f2c6d,trap_penalty_q_learning_30,q_learning,eval,9,42,risk,5,5,0.1,0.9,0.0,default,100,9.7,4,1,1,0,0,,
trap_penalty_q_learning_30_q_learning_42_820f2c6d,trap_penalty_q_learning_30,q_learning,eval,10,42,risk,5,5,0.1,0.9,0.0,default,100,9.7,4,1,1,0,0,,
trap_penalty_q_learning_30_q_learning_42_820f2c6d,trap_penalty_q_learning_30,q_learning,eval,1,42,risk,5,5,0.1,0.9,0.0,default,100,9.7,4,1,1,0,0,,
trap_penalty_q_learning_30_q_learning_42_820f2c6d,trap_penalty_q_learning_30,q_learning,eval,2,42,risk,5,5,0.1,0.9,0.0,default,100,9.7,4,1,1,0,0,,
trap_penalty_q_learning_30_q_learning_42_820f2c6d,trap_penalty_q_learning_30,q_learning,eval,3,42,risk,5,5,0.1,0.9,0.0,default,100,9.7,4,1,1,0,0,,
trap_penalty_q_learning_30_q_learning_42_820f2c6d,trap_penalty_q_learning_30,q_learning,eval,4,42,risk,5,5,0.1,0.9,0.0,default,100,9.7,4,1,1,0,0,,
trap_penalty_q_learning_30_q_learning_42_820f2c6d,trap_penalty_q_learning_30,q_learning,eval,5,42,risk,5,5,0.1,0.9,0.0,default,100,9.7,4,1,1,0,0,,
trap_penalty_q_learning_30_q_learning_42_820f2c6d,trap_penalty_q_learning_30,q_learning,eval,6,42,risk,5,5,0.1,0.9,0.0,default,100,9.7,4,1,1,0,0,,
trap_penalty_q_learning_30_q_learning_42_820f2c6d,trap_penalty_q_learning_30,q_learning,eval,7,42,risk,5,5,0.1,0.9,0.0,default,100,9.7,4,1,1,0,0,,
trap_penalty_q_learning_30_q_learning_42_820f2c6d,trap_penalty_q_learning_30,q_learning,eval,8,42,risk,5,5,0.1,0.9,0.0,default,100,9.7,4,1,1,0,0,,
trap_penalty_q_learning_30_q_learning_42_820f2c6d,trap_penalty_q_learning_30,q_learning,eval,9,42,risk,5,5,0.1,0.9,0.0,default,100,9.7,4,1,1,0,0,,
trap_penalty_q_learning_30_q_learning_42_820f2c6d,trap_penalty_q_learning_30,q_learning,eval,10,42,risk,5,5,0.1,0.9,0.0,default,100,9.7,4,1,1,0,0,,
trap_penalty_q_learning_30_q_learning_42_820f2c6d,trap_penalty_q_learning_30,q_learning,eval,1,42,risk,5,5,0.1,0.9,0.0,default,100,9.7,4,1,1,0,0,,
trap_penalty_q_learning_30_q_learning_42_820f2c6d,trap_penalty_q_learning_30,q_learning,eval,2,42,risk,5,5,0.1,0.9,0.0,default,100,9.7,4,1,1,0,0,,
trap_penalty_q_learning_30_q_learning_42_820f2c6d,trap_penalty_q_learning_30,q_learning,eval,3,42,risk,5,5,0.1,0.9,0.0,default,100,9.7,4,1,1,0,0,,
trap_penalty_q_learning_30_q_learning_42_820f2c6d,trap_penalty_q_learning_30,q_learning,eval,4,42,risk,5,5,0.1,0.9,0.0,default,100,9.7,4,1,1,0,0,,
trap_penalty_q_learning_30_q_learning_42_820f2c6d,trap_penalty_q_learning_30,q_learning,eval,5,42,risk,5,5,0.1,0.9,0.0,default,100,9.7,4,1,1,0,0,,
trap_penalty_q_learning_30_q_learning_42_820f2c6d,trap_penalty_q_learning_30,q_learning,eval,6,42,risk,5,5,0.1,0.9,0.0,default,100,9.7,4,1,1,0,0,,
trap_penalty_q_learning_30_q_learning_42_820f2c6d,trap_penalty_q_learning_30,q_learning,eval,7,42,risk,5,5,0.1,0.9,0.0,default,100,9.7,4,1,1,0,0,,
trap_penalty_q_learning_30_q_learning_42_820f2c6d,trap_penalty_q_learning_30,q_learning,eval,8,42,risk,5,5,0.1,0.9,0.0,default,100,9.7,4,1,1,0,0,,
trap_penalty_q_learning_30_q_learning_42_820f2c6d,trap_penalty_q_learning_30,q_learning,eval,9,42,risk,5,5,0.1,0.9,0.0,default,100,9.7,4,1,1,0,0,,
trap_penalty_q_learning_30_q_learning_42_820f2c6d,trap_penalty_q_learning_30,q_learning,eval,10,42,risk,5,5,0.1,0.9,0.0,default,100,9.7,4,1,1,0,0,,
trap_penalty_q_learning_30_q_learning_42_820f2c6d,trap_penalty_q_learning_30,q_learning,eval,1,42,risk,5,5,0.1,0.9,0.0,default,100,9.7,4,1,1,0,0,,
trap_penalty_q_learning_30_q_learning_42_820f2c6d,trap_penalty_q_learning_30,q_learning,eval,2,42,risk,5,5,0.1,0.9,0.0,default,100,9.7,4,1,1,0,0,,
trap_penalty_q_learning_30_q_learning_42_820f2c6d,trap_penalty_q_learning_30,q_learning,eval,3,42,risk,5,5,0.1,0.9,0.0,default,100,9.7,4,1,1,0,0,,
trap_penalty_q_learning_30_q_learning_42_820f2c6d,trap_penalty_q_learning_30,q_learning,eval,4,42,risk,5,5,0.1,0.9,0.0,default,100,9.7,4,1,1,0,0,,
trap_penalty_q_learning_30_q_learning_42_820f2c6d,trap_penalty_q_learning_30,q_learning,eval,5,42,risk,5,5,0.1,0.9,0.0,default,100,9.7,4,1,1,0,0,,
trap_penalty_q_learning_30_q_learning_42_820f2c6d,trap_penalty_q_learning_30,q_learning,eval,6,42,risk,5,5,0.1,0.9,0.0,default,100,9.7,4,1,1,0,0,,
trap_penalty_q_learning_30_q_learning_42_820f2c6d,trap_penalty_q_learning_30,q_learning,eval,7,42,risk,5,5,0.1,0.9,0.0,default,100,9.7,4,1,1,0,0,,
trap_penalty_q_learning_30_q_learning_42_820f2c6d,trap_penalty_q_learning_30,q_learning,eval,8,42,risk,5,5,0.1,0.9,0.0,default,100,9.7,4,1,1,0,0,,
trap_penalty_q_learning_30_q_learning_42_820f2c6d,trap_penalty_q_learning_30,q_learning,eval,9,42,risk,5,5,0.1,0.9,0.0,default,100,9.7,4,1,1,0,0,,
trap_penalty_q_learning_30_q_learning_42_820f2c6d,trap_penalty_q_learning_30,q_learning,eval,10,42,risk,5,5,0.1,0.9,0.0,default,100,9.7,4,1,1,0,0,,
trap_penalty_q_learning_30_q_learning_42_820f2c6d,trap_penalty_q_learning_30,q_learning,eval,1,42,risk,5,5,0.1,0.9,0.0,default,100,9.7,4,1,1,0,0,,
trap_penalty_q_learning_30_q_learning_42_820f2c6d,trap_penalty_q_learning_30,q_learning,eval,2,42,risk,5,5,0.1,0.9,0.0,default,100,9.7,4,1,1,0,0,,
trap_penalty_q_learning_30_q_learning_42_820f2c6d,trap_penalty_q_learning_30,q_learning,eval,3,42,risk,5,5,0.1,0.9,0.0,default,100,9.7,4,1,1,0,0,,
trap_penalty_q_learning_30_q_learning_42_820f2c6d,trap_penalty_q_learning_30,q_learning,eval,4,42,risk,5,5,0.1,0.9,0.0,default,100,9.7,4,1,1,0,0,,
trap_penalty_q_learning_30_q_learning_42_820f2c6d,trap_penalty_q_learning_30,q_learning,eval,5,42,risk,5,5,0.1,0.9,0.0,default,100,9.7,4,1,1,0,0,,
trap_penalty_q_learning_30_q_learning_42_820f2c6d,trap_penalty_q_learning_30,q_learning,eval,6,42,risk,5,5,0.1,0.9,0.0,default,100,9.7,4,1,1,0,0,,
trap_penalty_q_learning_30_q_learning_42_820f2c6d,trap_penalty_q_learning_30,q_learning,eval,7,42,risk,5,5,0.1,0.9,0.0,default,100,9.7,4,1,1,0,0,,
trap_penalty_q_learning_30_q_learning_42_820f2c6d,trap_penalty_q_learning_30,q_learning,eval,8,42,risk,5,5,0.1,0.9,0.0,default,100,9.7,4,1,1,0,0,,
trap_penalty_q_learning_30_q_learning_42_820f2c6d,trap_penalty_q_learning_30,q_learning,eval,9,42,risk,5,5,0.1,0.9,0.0,default,100,9.7,4,1,1,0,0,,
trap_penalty_q_learning_30_q_learning_42_820f2c6d,trap_penalty_q_learning_30,q_learning,eval,10,42,risk,5,5,0.1,0.9,0.0,default,100,9.7,4,1,1,0,0,,
trap_penalty_q_learning_30_q_learning_42_820f2c6d,trap_penalty_q_learning_30,q_learning,eval,1,42,risk,5,5,0.1,0.9,0.0,default,100,9.7,4,1,1,0,0,,
trap_penalty_q_learning_30_q_learning_42_820f2c6d,trap_penalty_q_learning_30,q_learning,eval,2,42,risk,5,5,0.1,0.9,0.0,default,100,9.7,4,1,1,0,0,,
trap_penalty_q_learning_30_q_learning_42_820f2c6d,trap_penalty_q_learning_30,q_learning,eval,3,42,risk,5,5,0.1,0.9,0.0,default,100,9.7,4,1,1,0,0,,
trap_penalty_q_learning_30_q_learning_42_820f2c6d,trap_penalty_q_learning_30,q_learning,eval,4,42,risk,5,5,0.1,0.9,0.0,default,100,9.7,4,1,1,0,0,,
trap_penalty_q_learning_30_q_learning_42_820f2c6d,trap_penalty_q_learning_30,q_learning,eval,5,42,risk,5,5,0.1,0.9,0.0,default,100,9.7,4,1,1,0,0,,
trap_penalty_q_learning_30_q_learning_42_820f2c6d,trap_penalty_q_learning_30,q_learning,eval,6,42,risk,5,5,0.1,0.9,0.0,default,100,9.7,4,1,1,0,0,,
trap_penalty_q_learning_30_q_learning_42_820f2c6d,trap_penalty_q_learning_30,q_learning,eval,7,42,risk,5,5,0.1,0.9,0.0,default,100,9.7,4,1,1,0,0,,
trap_penalty_q_learning_30_q_learning_42_820f2c6d,trap_penalty_q_learning_30,q_learning,eval,8,42,risk,5,5,0.1,0.9,0.0,default,100,9.7,4,1,1,0,0,,
trap_penalty_q_learning_30_q_learning_42_820f2c6d,trap_penalty_q_learning_30,q_learning,eval,9,42,risk,5,5,0.1,0.9,0.0,default,100,9.7,4,1,1,0,0,,
trap_penalty_q_learning_30_q_learning_42_820f2c6d,trap_penalty_q_learning_30,q_learning,eval,10,42,risk,5,5,0.1,0.9,0.0,default,100,9.7,4,1,1,0,0,,
trap_penalty_q_learning_30_q_learning_42_820f2c6d,trap_penalty_q_learning_30,q_learning,eval,1,42,risk,5,5,0.1,0.9,0.0,default,100,9.7,4,1,1,0,0,,
trap_penalty_q_learning_30_q_learning_42_820f2c6d,trap_penalty_q_learning_30,q_learning,eval,2,42,risk,5,5,0.1,0.9,0.0,default,100,9.7,4,1,1,0,0,,
trap_penalty_q_learning_30_q_learning_42_820f2c6d,trap_penalty_q_learning_30,q_learning,eval,3,42,risk,5,5,0.1,0.9,0.0,default,100,9.7,4,1,1,0,0,,
trap_penalty_q_learning_30_q_learning_42_820f2c6d,trap_penalty_q_learning_30,q_learning,eval,4,42,risk,5,5,0.1,0.9,0.0,default,100,9.7,4,1,1,0,0,,
trap_penalty_q_learning_30_q_learning_42_820f2c6d,trap_penalty_q_learning_30,q_learning,eval,5,42,risk,5,5,0.1,0.9,0.0,default,100,9.7,4,1,1,0,0,,
trap_penalty_q_learning_30_q_learning_42_820f2c6d,trap_penalty_q_learning_30,q_learning,eval,6,42,risk,5,5,0.1,0.9,0.0,default,100,9.7,4,1,1,0,0,,
trap_penalty_q_learning_30_q_learning_42_820f2c6d,trap_penalty_q_learning_30,q_learning,eval,7,42,risk,5,5,0.1,0.9,0.0,default,100,9.7,4,1,1,0,0,,
trap_penalty_q_learning_30_q_learning_42_820f2c6d,trap_penalty_q_learning_30,q_learning,eval,8,42,risk,5,5,0.1,0.9,0.0,default,100,9.7,4,1,1,0,0,,
trap_penalty_q_learning_30_q_learning_42_820f2c6d,trap_penalty_q_learning_30,q_learning,eval,9,42,risk,5,5,0.1,0.9,0.0,default,100,9.7,4,1,1,0,0,,
trap_penalty_q_learning_30_q_learning_42_820f2c6d,trap_penalty_q_learning_30,q_learning,eval,10,42,risk,5,5,0.1,0.9,0.0,default,100,9.7,4,1,1,0,0,,
trap_penalty_q_learning_30_q_learning_42_820f2c6d,trap_penalty_q_learning_30,q_learning,eval,1,42,risk,5,5,0.1,0.9,0.0,default,100,9.7,4,1,1,0,0,,
trap_penalty_q_learning_30_q_learning_42_820f2c6d,trap_penalty_q_learning_30,q_learning,eval,2,42,risk,5,5,0.1,0.9,0.0,default,100,9.7,4,1,1,0,0,,
trap_penalty_q_learning_30_q_learning_42_820f2c6d,trap_penalty_q_learning_30,q_learning,eval,3,42,risk,5,5,0.1,0.9,0.0,default,100,9.7,4,1,1,0,0,,
trap_penalty_q_learning_30_q_learning_42_820f2c6d,trap_penalty_q_learning_30,q_learning,eval,4,42,risk,5,5,0.1,0.9,0.0,default,100,9.7,4,1,1,0,0,,
trap_penalty_q_learning_30_q_learning_42_820f2c6d,trap_penalty_q_learning_30,q_learning,eval,5,42,risk,5,5,0.1,0.9,0.0,default,100,9.7,4,1,1,0,0,,
trap_penalty_q_learning_30_q_learning_42_820f2c6d,trap_penalty_q_learning_30,q_learning,eval,6,42,risk,5,5,0.1,0.9,0.0,default,100,9.7,4,1,1,0,0,,
trap_penalty_q_learning_30_q_learning_42_820f2c6d,trap_penalty_q_learning_30,q_learning,eval,7,42,risk,5,5,0.1,0.9,0.0,default,100,9.7,4,1,1,0,0,,
trap_penalty_q_learning_30_q_learning_42_820f2c6d,trap_penalty_q_learning_30,q_learning,eval,8,42,risk,5,5,0.1,0.9,0.0,default,100,9.7,4,1,1,0,0,,
trap_penalty_q_learning_30_q_learning_42_820f2c6d,trap_penalty_q_learning_30,q_learning,eval,9,42,risk,5,5,0.1,0.9,0.0,default,100,9.7,4,1,1,0,0,,
trap_penalty_q_learning_30_q_learning_42_820f2c6d,trap_penalty_q_learning_30,q_learning,eval,10,42,risk,5,5,0.1,0.9,0.0,default,100,9.7,4,1,1,0,0,,
trap_penalty_q_learning_30_q_learning_42_820f2c6d,trap_penalty_q_learning_30,q_learning,eval,1,42,risk,5,5,0.1,0.9,0.0,default,100,9.7,4,1,1,0,0,,
trap_penalty_q_learning_30_q_learning_42_820f2c6d,trap_penalty_q_learning_30,q_learning,eval,2,42,risk,5,5,0.1,0.9,0.0,default,100,9.7,4,1,1,0,0,,
trap_penalty_q_learning_30_q_learning_42_820f2c6d,trap_penalty_q_learning_30,q_learning,eval,3,42,risk,5,5,0.1,0.9,0.0,default,100,9.7,4,1,1,0,0,,
trap_penalty_q_learning_30_q_learning_42_820f2c6d,trap_penalty_q_learning_30,q_learning,eval,4,42,risk,5,5,0.1,0.9,0.0,default,100,9.7,4,1,1,0,0,,
trap_penalty_q_learning_30_q_learning_42_820f2c6d,trap_penalty_q_learning_30,q_learning,eval,5,42,risk,5,5,0.1,0.9,0.0,default,100,9.7,4,1,1,0,0,,
trap_penalty_q_learning_30_q_learning_42_820f2c6d,trap_penalty_q_learning_30,q_learning,eval,6,42,risk,5,5,0.1,0.9,0.0,default,100,9.7,4,1,1,0,0,,
trap_penalty_q_learning_30_q_learning_42_820f2c6d,trap_penalty_q_learning_30,q_learning,eval,7,42,risk,5,5,0.1,0.9,0.0,default,100,9.7,4,1,1,0,0,,
trap_penalty_q_learning_30_q_learning_42_820f2c6d,trap_penalty_q_learning_30,q_learning,eval,8,42,risk,5,5,0.1,0.9,0.0,default,100,9.7,4,1,1,0,0,,
trap_penalty_q_learning_30_q_learning_42_820f2c6d,trap_penalty_q_learning_30,q_learning,eval,9,42,risk,5,5,0.1,0.9,0.0,default,100,9.7,4,1,1,0,0,,
trap_penalty_q_learning_30_q_learning_42_820f2c6d,trap_penalty_q_learning_30,q_learning,eval,10,42,risk,5,5,0.1,0.9,0.0,default,100,9.7,4,1,1,0,0,,
trap_penalty_q_learning_30_q_learning_42_820f2c6d,trap_penalty_q_learning_30,q_learning,eval,1,42,risk,5,5,0.1,0.9,0.0,default,100,9.7,4,1,1,0,0,,
trap_penalty_q_learning_30_q_learning_42_820f2c6d,trap_penalty_q_learning_30,q_learning,eval,2,42,risk,5,5,0.1,0.9,0.0,default,100,9.7,4,1,1,0,0,,
trap_penalty_q_learning_30_q_learning_42_820f2c6d,trap_penalty_q_learning_30,q_learning,eval,3,42,risk,5,5,0.1,0.9,0.0,default,100,9.7,4,1,1,0,0,,
trap_penalty_q_learning_30_q_learning_42_820f2c6d,trap_penalty_q_learning_30,q_learning,eval,4,42,risk,5,5,0.1,0.9,0.0,default,100,9.7,4,1,1,0,0,,
trap_penalty_q_learning_30_q_learning_42_820f2c6d,trap_penalty_q_learning_30,q_learning,eval,5,42,risk,5,5,0.1,0.9,0.0,default,100,9.7,4,1,1,0,0,,
trap_penalty_q_learning_30_q_learning_42_820f2c6d,trap_penalty_q_learning_30,q_learning,eval,6,42,risk,5,5,0.1,0.9,0.0,default,100,9.7,4,1,1,0,0,,
trap_penalty_q_learning_30_q_learning_42_820f2c6d,trap_penalty_q_learning_30,q_learning,eval,7,42,risk,5,5,0.1,0.9,0.0,default,100,9.7,4,1,1,0,0,,
trap_penalty_q_learning_30_q_learning_42_820f2c6d,trap_penalty_q_learning_30,q_learning,eval,8,42,risk,5,5,0.1,0.9,0.0,default,100,9.7,4,1,1,0,0,,
trap_penalty_q_learning_30_q_learning_42_820f2c6d,trap_penalty_q_learning_30,q_learning,eval,9,42,risk,5,5,0.1,0.9,0.0,default,100,9.7,4,1,1,0,0,,
trap_penalty_q_learning_30_q_learning_42_820f2c6d,trap_penalty_q_learning_30,q_learning,eval,10,42,risk,5,5,0.1,0.9,0.0,default,100,9.7,4,1,1,0,0,,
trap_penalty_q_learning_30_q_learning_42_820f2c6d,trap_penalty_q_learning_30,q_learning,eval,1,42,risk,5,5,0.1,0.9,0.0,default,100,9.7,4,1,1,0,0,,
trap_penalty_q_learning_30_q_learning_42_820f2c6d,trap_penalty_q_learning_30,q_learning,eval,2,42,risk,5,5,0.1,0.9,0.0,default,100,9.7,4,1,1,0,0,,
trap_penalty_q_learning_30_q_learning_42_820f2c6d,trap_penalty_q_learning_30,q_learning,eval,3,42,risk,5,5,0.1,0.9,0.0,default,100,9.7,4,1,1,0,0,,
trap_penalty_q_learning_30_q_learning_42_820f2c6d,trap_penalty_q_learning_30,q_learning,eval,4,42,risk,5,5,0.1,0.9,0.0,default,100,9.7,4,1,1,0,0,,
trap_penalty_q_learning_30_q_learning_42_820f2c6d,trap_penalty_q_learning_30,q_learning,eval,5,42,risk,5,5,0.1,0.9,0.0,default,100,9.7,4,1,1,0,0,,
trap_penalty_q_learning_30_q_learning_42_820f2c6d,trap_penalty_q_learning_30,q_learning,eval,6,42,risk,5,5,0.1,0.9,0.0,default,100,9.7,4,1,1,0,0,,
trap_penalty_q_learning_30_q_learning_42_820f2c6d,trap_penalty_q_learning_30,q_learning,eval,7,42,risk,5,5,0.1,0.9,0.0,default,100,9.7,4,1,1,0,0,,
trap_penalty_q_learning_30_q_learning_42_820f2c6d,trap_penalty_q_learning_30,q_learning,eval,8,42,risk,5,5,0.1,0.9,0.0,default,100,9.7,4,1,1,0,0,,
trap_penalty_q_learning_30_q_learning_42_820f2c6d,trap_penalty_q_learning_30,q_learning,eval,9,42,risk,5,5,0.1,0.9,0.0,default,100,9.7,4,1,1,0,0,,
trap_penalty_q_learning_30_q_learning_42_820f2c6d,trap_penalty_q_learning_30,q_learning,eval,10,42,risk,5,5,0.1,0.9,0.0,default,100,9.7,4,1,1,0,0,,
trap_penalty_q_learning_30_q_learning_42_820f2c6d,trap_penalty_q_learning_30,q_learning,eval,1,42,risk,5,5,0.1,0.9,0.0,default,100,9.7,4,1,1,0,0,,
trap_penalty_q_learning_30_q_learning_42_820f2c6d,trap_penalty_q_learning_30,q_learning,eval,2,42,risk,5,5,0.1,0.9,0.0,default,100,9.7,4,1,1,0,0,,
trap_penalty_q_learning_30_q_learning_42_820f2c6d,trap_penalty_q_learning_30,q_learning,eval,3,42,risk,5,5,0.1,0.9,0.0,default,100,9.7,4,1,1,0,0,,
trap_penalty_q_learning_30_q_learning_42_820f2c6d,trap_penalty_q_learning_30,q_learning,eval,4,42,risk,5,5,0.1,0.9,0.0,default,100,9.7,4,1,1,0,0,,
trap_penalty_q_learning_30_q_learning_42_820f2c6d,trap_penalty_q_learning_30,q_learning,eval,5,42,risk,5,5,0.1,0.9,0.0,default,100,9.7,4,1,1,0,0,,
trap_penalty_q_learning_30_q_learning_42_820f2c6d,trap_penalty_q_learning_30,q_learning,eval,6,42,risk,5,5,0.1,0.9,0.0,default,100,9.7,4,1,1,0,0,,
trap_penalty_q_learning_30_q_learning_42_820f2c6d,trap_penalty_q_learning_30,q_learning,eval,7,42,risk,5,5,0.1,0.9,0.0,default,100,9.7,4,1,1,0,0,,
trap_penalty_q_learning_30_q_learning_42_820f2c6d,trap_penalty_q_learning_30,q_learning,eval,8,42,risk,5,5,0.1,0.9,0.0,default,100,9.7,4,1,1,0,0,,
trap_penalty_q_learning_30_q_learning_42_820f2c6d,trap_penalty_q_learning_30,q_learning,eval,9,42,risk,5,5,0.1,0.9,0.0,default,100,9.7,4,1,1,0,0,,
trap_penalty_q_learning_30_q_learning_42_820f2c6d,trap_penalty_q_learning_30,q_learning,eval,10,42,risk,5,5,0.1,0.9,0.0,default,100,9.7,4,1,1,0,0,,
trap_penalty_q_learning_30_q_learning_42_820f2c6d,trap_penalty_q_learning_30,q_learning,eval,1,42,risk,5,5,0.1,0.9,0.0,default,100,9.7,4,1,1,0,0,,
trap_penalty_q_learning_30_q_learning_42_820f2c6d,trap_penalty_q_learning_30,q_learning,eval,2,42,risk,5,5,0.1,0.9,0.0,default,100,9.7,4,1,1,0,0,,
trap_penalty_q_learning_30_q_learning_42_820f2c6d,trap_penalty_q_learning_30,q_learning,eval,3,42,risk,5,5,0.1,0.9,0.0,default,100,9.7,4,1,1,0,0,,
trap_penalty_q_learning_30_q_learning_42_820f2c6d,trap_penalty_q_learning_30,q_learning,eval,4,42,risk,5,5,0.1,0.9,0.0,default,100,9.7,4,1,1,0,0,,
trap_penalty_q_learning_30_q_learning_42_820f2c6d,trap_penalty_q_learning_30,q_learning,eval,5,42,risk,5,5,0.1,0.9,0.0,default,100,9.7,4,1,1,0,0,,
trap_penalty_q_learning_30_q_learning_42_820f2c6d,trap_penalty_q_learning_30,q_learning,eval,6,42,risk,5,5,0.1,0.9,0.0,default,100,9.7,4,1,1,0,0,,
trap_penalty_q_learning_30_q_learning_42_820f2c6d,trap_penalty_q_learning_30,q_learning,eval,7,42,risk,5,5,0.1,0.9,0.0,default,100,9.7,4,1,1,0,0,,
trap_penalty_q_learning_30_q_learning_42_820f2c6d,trap_penalty_q_learning_30,q_learning,eval,8,42,risk,5,5,0.1,0.9,0.0,default,100,9.7,4,1,1,0,0,,
trap_penalty_q_learning_30_q_learning_42_820f2c6d,trap_penalty_q_learning_30,q_learning,eval,9,42,risk,5,5,0.1,0.9,0.0,default,100,9.7,4,1,1,0,0,,
trap_penalty_q_learning_30_q_learning_42_820f2c6d,trap_penalty_q_learning_30,q_learning,eval,10,42,risk,5,5,0.1,0.9,0.0,default,100,9.7,4,1,1,0,0,,
trap_penalty_q_learning_30_q_learning_42_820f2c6d,trap_penalty_q_learning_30,q_learning,eval,1,42,risk,5,5,0.1,0.9,0.0,default,100,9.7,4,1,1,0,0,,
trap_penalty_q_learning_30_q_learning_42_820f2c6d,trap_penalty_q_learning_30,q_learning,eval,2,42,risk,5,5,0.1,0.9,0.0,default,100,9.7,4,1,1,0,0,,
trap_penalty_q_learning_30_q_learning_42_820f2c6d,trap_penalty_q_learning_30,q_learning,eval,3,42,risk,5,5,0.1,0.9,0.0,default,100,9.7,4,1,1,0,0,,
trap_penalty_q_learning_30_q_learning_42_820f2c6d,trap_penalty_q_learning_30,q_learning,eval,4,42,risk,5,5,0.1,0.9,0.0,default,100,9.7,4,1,1,0,0,,
trap_penalty_q_learning_30_q_learning_42_820f2c6d,trap_penalty_q_learning_30,q_learning,eval,5,42,risk,5,5,0.1,0.9,0.0,default,100,9.7,4,1,1,0,0,,
trap_penalty_q_learning_30_q_learning_42_820f2c6d,trap_penalty_q_learning_30,q_learning,eval,6,42,risk,5,5,0.1,0.9,0.0,default,100,9.7,4,1,1,0,0,,
trap_penalty_q_learning_30_q_learning_42_820f2c6d,trap_penalty_q_learning_30,q_learning,eval,7,42,risk,5,5,0.1,0.9,0.0,default,100,9.7,4,1,1,0,0,,
trap_penalty_q_learning_30_q_learning_42_820f2c6d,trap_penalty_q_learning_30,q_learning,eval,8,42,risk,5,5,0.1,0.9,0.0,default,100,9.7,4,1,1,0,0,,
trap_penalty_q_learning_30_q_learning_42_820f2c6d,trap_penalty_q_learning_30,q_learning,eval,9,42,risk,5,5,0.1,0.9,0.0,default,100,9.7,4,1,1,0,0,,
trap_penalty_q_learning_30_q_learning_42_820f2c6d,trap_penalty_q_learning_30,q_learning,eval,10,42,risk,5,5,0.1,0.9,0.0,default,100,9.7,4,1,1,0,0,,
trap_penalty_q_learning_30_q_learning_42_820f2c6d,trap_penalty_q_learning_30,q_learning,eval,1,42,risk,5,5,0.1,0.9,0.0,default,100,9.7,4,1,1,0,0,,
trap_penalty_q_learning_30_q_learning_42_820f2c6d,trap_penalty_q_learning_30,q_learning,eval,2,42,risk,5,5,0.1,0.9,0.0,default,100,9.7,4,1,1,0,0,,
trap_penalty_q_learning_30_q_learning_42_820f2c6d,trap_penalty_q_learning_30,q_learning,eval,3,42,risk,5,5,0.1,0.9,0.0,default,100,9.7,4,1,1,0,0,,
trap_penalty_q_learning_30_q_learning_42_820f2c6d,trap_penalty_q_learning_30,q_learning,eval,4,42,risk,5,5,0.1,0.9,0.0,default,100,9.7,4,1,1,0,0,,
trap_penalty_q_learning_30_q_learning_42_820f2c6d,trap_penalty_q_learning_30,q_learning,eval,5,42,risk,5,5,0.1,0.9,0.0,default,100,9.7,4,1,1,0,0,,
trap_penalty_q_learning_30_q_learning_42_820f2c6d,trap_penalty_q_learning_30,q_learning,eval,6,42,risk,5,5,0.1,0.9,0.0,default,100,9.7,4,1,1,0,0,,
trap_penalty_q_learning_30_q_learning_42_820f2c6d,trap_penalty_q_learning_30,q_learning,eval,7,42,risk,5,5,0.1,0.9,0.0,default,100,9.7,4,1,1,0,0,,
trap_penalty_q_learning_30_q_learning_42_820f2c6d,trap_penalty_q_learning_30,q_learning,eval,8,42,risk,5,5,0.1,0.9,0.0,default,100,9.7,4,1,1,0,0,,
trap_penalty_q_learning_30_q_learning_42_820f2c6d,trap_penalty_q_learning_30,q_learning,eval,9,42,risk,5,5,0.1,0.9,0.0,default,100,9.7,4,1,1,0,0,,
trap_penalty_q_learning_30_q_learning_42_820f2c6d,trap_penalty_q_learning_30,q_learning,eval,10,42,risk,5,5,0.1,0.9,0.0,default,100,9.7,4,1,1,0,0,,
trap_penalty_q_learning_30_q_learning_42_820f2c6d,trap_penalty_q_learning_30,q_learning,eval,1,42,risk,5,5,0.1,0.9,0.0,default,100,9.7,4,1,1,0,0,,
trap_penalty_q_learning_30_q_learning_42_820f2c6d,trap_penalty_q_learning_30,q_learning,eval,2,42,risk,5,5,0.1,0.9,0.0,default,100,9.7,4,1,1,0,0,,
trap_penalty_q_learning_30_q_learning_42_820f2c6d,trap_penalty_q_learning_30,q_learning,eval,3,42,risk,5,5,0.1,0.9,0.0,default,100,9.7,4,1,1,0,0,,
trap_penalty_q_learning_30_q_learning_42_820f2c6d,trap_penalty_q_learning_30,q_learning,eval,4,42,risk,5,5,0.1,0.9,0.0,default,100,9.7,4,1,1,0,0,,
trap_penalty_q_learning_30_q_learning_42_820f2c6d,trap_penalty_q_learning_30,q_learning,eval,5,42,risk,5,5,0.1,0.9,0.0,default,100,9.7,4,1,1,0,0,,
trap_penalty_q_learning_30_q_learning_42_820f2c6d,trap_penalty_q_learning_30,q_learning,eval,6,42,risk,5,5,0.1,0.9,0.0,default,100,9.7,4,1,1,0,0,,
trap_penalty_q_learning_30_q_learning_42_820f2c6d,trap_penalty_q_learning_30,q_learning,eval,7,42,risk,5,5,0.1,0.9,0.0,default,100,9.7,4,1,1,0,0,,
trap_penalty_q_learning_30_q_learning_42_820f2c6d,trap_penalty_q_learning_30,q_learning,eval,8,42,risk,5,5,0.1,0.9,0.0,default,100,9.7,4,1,1,0,0,,
trap_penalty_q_learning_30_q_learning_42_820f2c6d,trap_penalty_q_learning_30,q_learning,eval,9,42,risk,5,5,0.1,0.9,0.0,default,100,9.7,4,1,1,0,0,,
trap_penalty_q_learning_30_q_learning_42_820f2c6d,trap_penalty_q_learning_30,q_learning,eval,10,42,risk,5,5,0.1,0.9,0.0,default,100,9.7,4,1,1,0,0,,
trap_penalty_q_learning_30_q_learning_42_820f2c6d,trap_penalty_q_learning_30,q_learning,eval,1,42,risk,5,5,0.1,0.9,0.0,default,100,9.7,4,1,1,0,0,,
trap_penalty_q_learning_30_q_learning_42_820f2c6d,trap_penalty_q_learning_30,q_learning,eval,2,42,risk,5,5,0.1,0.9,0.0,default,100,9.7,4,1,1,0,0,,
trap_penalty_q_learning_30_q_learning_42_820f2c6d,trap_penalty_q_learning_30,q_learning,eval,3,42,risk,5,5,0.1,0.9,0.0,default,100,9.7,4,1,1,0,0,,
trap_penalty_q_learning_30_q_learning_42_820f2c6d,trap_penalty_q_learning_30,q_learning,eval,4,42,risk,5,5,0.1,0.9,0.0,default,100,9.7,4,1,1,0,0,,
trap_penalty_q_learning_30_q_learning_42_820f2c6d,trap_penalty_q_learning_30,q_learning,eval,5,42,risk,5,5,0.1,0.9,0.0,default,100,9.7,4,1,1,0,0,,
trap_penalty_q_learning_30_q_learning_42_820f2c6d,trap_penalty_q_learning_30,q_learning,eval,6,42,risk,5,5,0.1,0.9,0.0,default,100,9.7,4,1,1,0,0,,
trap_penalty_q_learning_30_q_learning_42_820f2c6d,trap_penalty_q_learning_30,q_learning,eval,7,42,risk,5,5,0.1,0.9,0.0,default,100,9.7,4,1,1,0,0,,
trap_penalty_q_learning_30_q_learning_42_820f2c6d,trap_penalty_q_learning_30,q_learning,eval,8,42,risk,5,5,0.1,0.9,0.0,default,100,9.7,4,1,1,0,0,,
trap_penalty_q_learning_30_q_learning_42_820f2c6d,trap_penalty_q_learning_30,q_learning,eval,9,42,risk,5,5,0.1,0.9,0.0,default,100,9.7,4,1,1,0,0,,
trap_penalty_q_learning_30_q_learning_42_820f2c6d,trap_penalty_q_learning_30,q_learning,eval,10,42,risk,5,5,0.1,0.9,0.0,default,100,9.7,4,1,1,0,0,,
trap_penalty_q_learning_30_q_learning_42_820f2c6d,trap_penalty_q_learning_30,q_learning,eval,1,42,risk,5,5,0.1,0.9,0.0,default,100,9.7,4,1,1,0,0,,
trap_penalty_q_learning_30_q_learning_42_820f2c6d,trap_penalty_q_learning_30,q_learning,eval,2,42,risk,5,5,0.1,0.9,0.0,default,100,9.7,4,1,1,0,0,,
trap_penalty_q_learning_30_q_learning_42_820f2c6d,trap_penalty_q_learning_30,q_learning,eval,3,42,risk,5,5,0.1,0.9,0.0,default,100,9.7,4,1,1,0,0,,
trap_penalty_q_learning_30_q_learning_42_820f2c6d,trap_penalty_q_learning_30,q_learning,eval,4,42,risk,5,5,0.1,0.9,0.0,default,100,9.7,4,1,1,0,0,,
trap_penalty_q_learning_30_q_learning_42_820f2c6d,trap_penalty_q_learning_30,q_learning,eval,5,42,risk,5,5,0.1,0.9,0.0,default,100,9.7,4,1,1,0,0,,
trap_penalty_q_learning_30_q_learning_42_820f2c6d,trap_penalty_q_learning_30,q_learning,eval,6,42,risk,5,5,0.1,0.9,0.0,default,100,9.7,4,1,1,0,0,,
trap_penalty_q_learning_30_q_learning_42_820f2c6d,trap_penalty_q_learning_30,q_learning,eval,7,42,risk,5,5,0.1,0.9,0.0,default,100,9.7,4,1,1,0,0,,
trap_penalty_q_learning_30_q_learning_42_820f2c6d,trap_penalty_q_learning_30,q_learning,eval,8,42,risk,5,5,0.1,0.9,0.0,default,100,9.7,4,1,1,0,0,,
trap_penalty_q_learning_30_q_learning_42_820f2c6d,trap_penalty_q_learning_30,q_learning,eval,9,42,risk,5,5,0.1,0.9,0.0,default,100,9.7,4,1,1,0,0,,
trap_penalty_q_learning_30_q_learning_42_820f2c6d,trap_penalty_q_learning_30,q_learning,eval,10,42,risk,5,5,0.1,0.9,0.0,default,100,9.7,4,1,1,0,0,,
trap_penalty_q_learning_30_q_learning_42_820f2c6d,trap_penalty_q_learning_30,q_learning,eval,1,42,risk,5,5,0.1,0.9,0.0,default,100,9.7,4,1,1,0,0,,
trap_penalty_q_learning_30_q_learning_42_820f2c6d,trap_penalty_q_learning_30,q_learning,eval,2,42,risk,5,5,0.1,0.9,0.0,default,100,9.7,4,1,1,0,0,,
trap_penalty_q_learning_30_q_learning_42_820f2c6d,trap_penalty_q_learning_30,q_learning,eval,3,42,risk,5,5,0.1,0.9,0.0,default,100,9.7,4,1,1,0,0,,
trap_penalty_q_learning_30_q_learning_42_820f2c6d,trap_penalty_q_learning_30,q_learning,eval,4,42,risk,5,5,0.1,0.9,0.0,default,100,9.7,4,1,1,0,0,,
trap_penalty_q_learning_30_q_learning_42_820f2c6d,trap_penalty_q_learning_30,q_learning,eval,5,42,risk,5,5,0.1,0.9,0.0,default,100,9.7,4,1,1,0,0,,
trap_penalty_q_learning_30_q_learning_42_820f2c6d,trap_penalty_q_learning_30,q_learning,eval,6,42,risk,5,5,0.1,0.9,0.0,default,100,9.7,4,1,1,0,0,,
trap_penalty_q_learning_30_q_learning_42_820f2c6d,trap_penalty_q_learning_30,q_learning,eval,7,42,risk,5,5,0.1,0.9,0.0,default,100,9.7,4,1,1,0,0,,
trap_penalty_q_learning_30_q_learning_42_820f2c6d,trap_penalty_q_learning_30,q_learning,eval,8,42,risk,5,5,0.1,0.9,0.0,default,100,9.7,4,1,1,0,0,,
trap_penalty_q_learning_30_q_learning_42_820f2c6d,trap_penalty_q_learning_30,q_learning,eval,9,42,risk,5,5,0.1,0.9,0.0,default,100,9.7,4,1,1,0,0,,
trap_penalty_q_learning_30_q_learning_42_820f2c6d,trap_penalty_q_learning_30,q_learning,eval,10,42,risk,5,5,0.1,0.9,0.0,default,100,9.7,4,1,1,0,0,,
