run_id,exp_name,algorithm,phase,episode,seed,map_name,rows,cols,alpha,gamma,epsilon,reward_setting,max_steps,total_reward,steps,success,terminated,truncated,hit_trap,elapsed_sec,qtable_path
trap_penalty_q_learning_10_q_learning_123_f70ef7ca,trap_penalty_q_learning_10,q_learning,train,1,123,risk,5,5,0.1,0.9,0.995,default,100,-15.799999999999999,14,0,1,0,1,0.0009148650001407077,
trap_penalty_q_learning_10_q_learning_123_f70ef7ca,trap_penalty_q_learning_10,q_learning,train,2,123,risk,5,5,0.1,0.9,0.990025,default,100,-12.4,7,0,1,0,1,0.000500489000160087,
trap_penalty_q_learning_10_q_learning_123_f70ef7ca,trap_penalty_q_learning_10,q_learning,train,3,123,risk,5,5,0.1,0.9,0.985074875,default,100,-22.100000000000037,79,1,1,0,0,0.0037486579999495007,
trap_penalty_q_learning_10_q_learning_123_f70ef7ca,trap_penalty_q_learning_10,q_learning,train,4,123,risk,5,5,0.1,0.9,0.9801495006250001,default,100,1.3000000000000025,16,1,1,0,0,0.000859847999890917,
trap_penalty_q_learning_10_q_learning_123_f70ef7ca,trap_penalty_q_learning_10,q_learning,train,5,123,risk,5,5,0.1,0.9,0.9752487531218751,default,100,-5.899999999999995,34,1,1,0,0,0.0020774269999037642,
trap_penalty_q_learning_10_q_learning_123_f70ef7ca,trap_penalty_q_learning_10,q_learning,train,6,123,risk,5,5,0.1,0.9,0.9703725093562657,default,100,-46.000000000000064,100,0,0,1,0,0.004831861999946341,
trap_penalty_q_learning_10_q_learning_123_f70ef7ca,trap_penalty_q_learning_10,q_learning,train,7,123,risk,5,5,0.1,0.9,0.9655206468094844,default,100,3.1000000000000014,16,1,1,0,0,0.0008679159998337127,
trap_penalty_q_learning_10_q_learning_123_f70ef7ca,trap_penalty_q_learning_10,q_learning,train,8,123,risk,5,5,0.1,0.9,0.960693043575437,default,100,-22.4,26,0,1,0,1,0.001283780999983719,
trap_penalty_q_learning_10_q_learning_123_f70ef7ca,trap_penalty_q_learning_10,q_learning,train,9,123,risk,5,5,0.1,0.9,0.9558895783575597,default,100,-46.00000000000005,100,0,0,1,0,0.0054298939999171125,
trap_penalty_q_learning_10_q_learning_123_f70ef7ca,trap_penalty_q_learning_10,q_learning,train,10,123,risk,5,5,0.1,0.9,0.9511101304657719,default,100,-37.00000000000006,100,0,0,1,0,0.004979763999926945,
trap_penalty_q_learning_10_q_learning_123_f70ef7ca,trap_penalty_q_learning_10,q_learning,train,11,123,risk,5,5,0.1,0.9,0.946354579813443,default,100,-3.899999999999995,32,1,1,0,0,0.0017693900001631846,
trap_penalty_q_learning_10_q_learning_123_f70ef7ca,trap_penalty_q_learning_10,q_learning,train,12,123,risk,5,5,0.1,0.9,0.9416228069143757,default,100,-18.4,13,0,1,0,1,0.0007288599999810685,
trap_penalty_q_learning_10_q_learning_123_f70ef7ca,trap_penalty_q_learning_10,q_learning,train,13,123,risk,5,5,0.1,0.9,0.9369146928798039,default,100,-2.0999999999999908,41,1,1,0,0,0.0022725210001226515,
trap_penalty_q_learning_10_q_learning_123_f70ef7ca,trap_penalty_q_learning_10,q_learning,train,14,123,risk,5,5,0.1,0.9,0.9322301194154049,default,100,6.699999999999999,7,1,1,0,0,0.0004689830000188522,
trap_penalty_q_learning_10_q_learning_123_f70ef7ca,trap_penalty_q_learning_10,q_learning,train,15,123,risk,5,5,0.1,0.9,0.9275689688183278,default,100,-22.4,17,0,1,0,1,0.0008890279998468031,
trap_penalty_q_learning_10_q_learning_123_f70ef7ca,trap_penalty_q_learning_10,q_learning,train,16,123,risk,5,5,0.1,0.9,0.9229311239742362,default,100,-23.900000000000034,88,1,1,0,0,0.0048439059999054734,
trap_penalty_q_learning_10_q_learning_123_f70ef7ca,trap_penalty_q_learning_10,q_learning,train,17,123,risk,5,5,0.1,0.9,0.918316468354365,default,100,4.700000000000001,9,1,1,0,0,0.0008131090000915719,
trap_penalty_q_learning_10_q_learning_123_f70ef7ca,trap_penalty_q_learning_10,q_learning,train,18,123,risk,5,5,0.1,0.9,0.9137248860125932,default,100,-14.6,11,0,1,0,1,0.0008011649999843939,
trap_penalty_q_learning_10_q_learning_123_f70ef7ca,trap_penalty_q_learning_10,q_learning,train,19,123,risk,5,5,0.1,0.9,0.9091562615825302,default,100,-16.199999999999996,18,0,1,0,1,0.001126185999964946,
trap_penalty_q_learning_10_q_learning_123_f70ef7ca,trap_penalty_q_learning_10,q_learning,train,20,123,risk,5,5,0.1,0.9,0.9046104802746175,default,100,-13.8,12,0,1,0,1,0.0008558800000173505,
trap_penalty_q_learning_10_q_learning_123_f70ef7ca,trap_penalty_q_learning_10,q_learning,train,21,123,risk,5,5,0.1,0.9,0.9000874278732445,default,100,7.5,8,1,1,0,0,0.0006105019999722572,
trap_penalty_q_learning_10_q_learning_123_f70ef7ca,trap_penalty_q_learning_10,q_learning,train,22,123,risk,5,5,0.1,0.9,0.8955869907338783,default,100,-2.6999999999999993,20,1,1,0,0,0.0013139410000349017,
trap_penalty_q_learning_10_q_learning_123_f70ef7ca,trap_penalty_q_learning_10,q_learning,train,23,123,risk,5,5,0.1,0.9,0.8911090557802088,default,100,-7.700000000000003,25,1,1,0,0,0.001391749999811509,
trap_penalty_q_learning_10_q_learning_123_f70ef7ca,trap_penalty_q_learning_10,q_learning,train,24,123,risk,5,5,0.1,0.9,0.8866535105013078,default,100,-11.2,4,0,1,0,1,0.0003251419998377969,
trap_penalty_q_learning_10_q_learning_123_f70ef7ca,trap_penalty_q_learning_10,q_learning,train,25,123,risk,5,5,0.1,0.9,0.8822202429488013,default,100,-10.2,3,0,1,0,1,0.0003454850000252918,
trap_penalty_q_learning_10_q_learning_123_f70ef7ca,trap_penalty_q_learning_10,q_learning,train,26,123,risk,5,5,0.1,0.9,0.8778091417340573,default,100,0.6999999999999993,13,1,1,0,0,0.0008428050000475196,
trap_penalty_q_learning_10_q_learning_123_f70ef7ca,trap_penalty_q_learning_10,q_learning,train,27,123,risk,5,5,0.1,0.9,0.8734200960253871,default,100,4.500000000000001,11,1,1,0,0,0.0008882920001269667,
trap_penalty_q_learning_10_q_learning_123_f70ef7ca,trap_penalty_q_learning_10,q_learning,train,28,123,risk,5,5,0.1,0.9,0.8690529955452602,default,100,-23.0,23,0,1,0,1,0.0014649909999207011,
trap_penalty_q_learning_10_q_learning_123_f70ef7ca,trap_penalty_q_learning_10,q_learning,train,29,123,risk,5,5,0.1,0.9,0.8647077305675338,default,100,-29.999999999999996,48,0,1,0,1,0.0026643670000794373,
trap_penalty_q_learning_10_q_learning_123_f70ef7ca,trap_penalty_q_learning_10,q_learning,train,30,123,risk,5,5,0.1,0.9,0.8603841919146962,default,100,4.5,11,1,1,0,0,0.0008115959999486222,
trap_penalty_q_learning_10_q_learning_123_f70ef7ca,trap_penalty_q_learning_10,q_learning,train,31,123,risk,5,5,0.1,0.9,0.8560822709551227,default,100,-10.2,3,0,1,0,1,0.0003722550000020419,
trap_penalty_q_learning_10_q_learning_123_f70ef7ca,trap_penalty_q_learning_10,q_learning,train,32,123,risk,5,5,0.1,0.9,0.851801859600347,default,100,2.3,15,1,1,0,0,0.0010600690000046598,
trap_penalty_q_learning_10_q_learning_123_f70ef7ca,trap_penalty_q_learning_10,q_learning,train,33,123,risk,5,5,0.1,0.9,0.8475428503023453,default,100,7.299999999999999,10,1,1,0,0,0.0008285220001198468,
trap_penalty_q_learning_10_q_learning_123_f70ef7ca,trap_penalty_q_learning_10,q_learning,train,34,123,risk,5,5,0.1,0.9,0.8433051360508336,default,100,-6.499999999999993,49,1,1,0,0,0.002803715000027296,
trap_penalty_q_learning_10_q_learning_123_f70ef7ca,trap_penalty_q_learning_10,q_learning,train,35,123,risk,5,5,0.1,0.9,0.8390886103705794,default,100,-13.2,6,0,1,0,1,0.0004926619999423565,
trap_penalty_q_learning_10_q_learning_123_f70ef7ca,trap_penalty_q_learning_10,q_learning,train,36,123,risk,5,5,0.1,0.9,0.8348931673187264,default,100,3.700000000000001,10,1,1,0,0,0.0007566039998891938,
trap_penalty_q_learning_10_q_learning_123_f70ef7ca,trap_penalty_q_learning_10,q_learning,train,37,123,risk,5,5,0.1,0.9,0.8307187014821328,default,100,6.5,9,1,1,0,0,0.0007027459998880659,
trap_penalty_q_learning_10_q_learning_123_f70ef7ca,trap_penalty_q_learning_10,q_learning,train,38,123,risk,5,5,0.1,0.9,0.8265651079747222,default,100,-5.499999999999993,39,1,1,0,0,0.002343676000009509,
trap_penalty_q_learning_10_q_learning_123_f70ef7ca,trap_penalty_q_learning_10,q_learning,train,39,123,risk,5,5,0.1,0.9,0.8224322824348486,default,100,-15.3,65,1,1,0,0,0.003960682000069937,
trap_penalty_q_learning_10_q_learning_123_f70ef7ca,trap_penalty_q_learning_10,q_learning,train,40,123,risk,5,5,0.1,0.9,0.8183201210226743,default,100,-15.0,15,0,1,0,1,0.0010798119999435585,
trap_penalty_q_learning_10_q_learning_123_f70ef7ca,trap_penalty_q_learning_10,q_learning,train,41,123,risk,5,5,0.1,0.9,0.8142285204175609,default,100,6.699999999999999,7,1,1,0,0,0.00048399299998891365,
trap_penalty_q_learning_10_q_learning_123_f70ef7ca,trap_penalty_q_learning_10,q_learning,train,42,123,risk,5,5,0.1,0.9,0.810157377815473,default,100,-14.4,9,0,1,0,1,0.0007225199999538745,
trap_penalty_q_learning_10_q_learning_123_f70ef7ca,trap_penalty_q_learning_10,q_learning,train,43,123,risk,5,5,0.1,0.9,0.8061065909263957,default,100,-15.6,12,0,1,0,1,0.000938748000180567,
trap_penalty_q_learning_10_q_learning_123_f70ef7ca,trap_penalty_q_learning_10,q_learning,train,44,123,risk,5,5,0.1,0.9,0.8020760579717637,default,100,2.9000000000000012,18,1,1,0,0,0.0012644740002087929,
trap_penalty_q_learning_10_q_learning_123_f70ef7ca,trap_penalty_q_learning_10,q_learning,train,45,123,risk,5,5,0.1,0.9,0.798065677681905,default,100,-16.90000000000001,63,1,1,0,0,0.0038996050000150717,
trap_penalty_q_learning_10_q_learning_123_f70ef7ca,trap_penalty_q_learning_10,q_learning,train,46,123,risk,5,5,0.1,0.9,0.7940753492934954,default,100,-11.2,4,0,1,0,1,0.00040754199994808005,
trap_penalty_q_learning_10_q_learning_123_f70ef7ca,trap_penalty_q_learning_10,q_learning,train,47,123,risk,5,5,0.1,0.9,0.7901049725470279,default,100,-17.799999999999997,16,0,1,0,1,0.001133117999870592,
trap_penalty_q_learning_10_q_learning_123_f70ef7ca,trap_penalty_q_learning_10,q_learning,train,48,123,risk,5,5,0.1,0.9,0.7861544476842928,default,100,-18.4,13,0,1,0,1,0.0009007469998323359,
trap_penalty_q_learning_10_q_learning_123_f70ef7ca,trap_penalty_q_learning_10,q_learning,train,49,123,risk,5,5,0.1,0.9,0.7822236754458713,default,100,-0.29999999999999716,23,1,1,0,0,0.001504018000105134,
trap_penalty_q_learning_10_q_learning_123_f70ef7ca,trap_penalty_q_learning_10,q_learning,train,50,123,risk,5,5,0.1,0.9,0.778312557068642,default,100,-19.799999999999997,27,0,1,0,1,0.0017856029999165912,
trap_penalty_q_learning_10_q_learning_123_f70ef7ca,trap_penalty_q_learning_10,q_learning,train,51,123,risk,5,5,0.1,0.9,0.7744209942832988,default,100,-13.2,6,0,1,0,1,0.0004904590000478493,
trap_penalty_q_learning_10_q_learning_123_f70ef7ca,trap_penalty_q_learning_10,q_learning,train,52,123,risk,5,5,0.1,0.9,0.7705488893118823,default,100,7.299999999999999,10,1,1,0,0,0.0007532330000685761,
trap_penalty_q_learning_10_q_learning_123_f70ef7ca,trap_penalty_q_learning_10,q_learning,train,53,123,risk,5,5,0.1,0.9,0.7666961448653229,default,100,8.5,7,1,1,0,0,0.0005397599998104852,
trap_penalty_q_learning_10_q_learning_123_f70ef7ca,trap_penalty_q_learning_10,q_learning,train,54,123,risk,5,5,0.1,0.9,0.7628626641409962,default,100,9.5,6,1,1,0,0,0.0004792600000200764,
trap_penalty_q_learning_10_q_learning_123_f70ef7ca,trap_penalty_q_learning_10,q_learning,train,55,123,risk,5,5,0.1,0.9,0.7590483508202912,default,100,9.7,4,1,1,0,0,0.0005403710001701256,
trap_penalty_q_learning_10_q_learning_123_f70ef7ca,trap_penalty_q_learning_10,q_learning,train,56,123,risk,5,5,0.1,0.9,0.7552531090661897,default,100,2.3,15,1,1,0,0,0.0012235880001298938,
trap_penalty_q_learning_10_q_learning_123_f70ef7ca,trap_penalty_q_learning_10,q_learning,train,57,123,risk,5,5,0.1,0.9,0.7514768435208588,default,100,8.7,5,1,1,0,0,0.0004417459999785933,
trap_penalty_q_learning_10_q_learning_123_f70ef7ca,trap_penalty_q_learning_10,q_learning,train,58,123,risk,5,5,0.1,0.9,0.7477194593032545,default,100,-17.999999999999996,18,0,1,0,1,0.0012841529999150225,
trap_penalty_q_learning_10_q_learning_123_f70ef7ca,trap_penalty_q_learning_10,q_learning,train,59,123,risk,5,5,0.1,0.9,0.7439808620067382,default,100,-5.4999999999999964,30,1,1,0,0,0.0019096700000318378,
trap_penalty_q_learning_10_q_learning_123_f70ef7ca,trap_penalty_q_learning_10,q_learning,train,60,123,risk,5,5,0.1,0.9,0.7402609576967045,default,100,-10.2,3,0,1,0,1,0.0002652059999945777,
trap_penalty_q_learning_10_q_learning_123_f70ef7ca,trap_penalty_q_learning_10,q_learning,train,61,123,risk,5,5,0.1,0.9,0.736559652908221,default,100,3.8999999999999995,17,1,1,0,0,0.0012540459999854647,
trap_penalty_q_learning_10_q_learning_123_f70ef7ca,trap_penalty_q_learning_10,q_learning,train,62,123,risk,5,5,0.1,0.9,0.7328768546436799,default,100,8.7,5,1,1,0,0,0.00037168799985920487,
trap_penalty_q_learning_10_q_learning_123_f70ef7ca,trap_penalty_q_learning_10,q_learning,train,63,123,risk,5,5,0.1,0.9,0.7292124703704616,default,100,-11.4,6,0,1,0,1,0.0003971049998199305,
trap_penalty_q_learning_10_q_learning_123_f70ef7ca,trap_penalty_q_learning_10,q_learning,train,64,123,risk,5,5,0.1,0.9,0.7255664080186093,default,100,-13.2,6,0,1,0,1,0.0003848570001991902,
trap_penalty_q_learning_10_q_learning_123_f70ef7ca,trap_penalty_q_learning_10,q_learning,train,65,123,risk,5,5,0.1,0.9,0.7219385759785162,default,100,3.1000000000000014,16,1,1,0,0,0.0012548600000172883,
trap_penalty_q_learning_10_q_learning_123_f70ef7ca,trap_penalty_q_learning_10,q_learning,train,66,123,risk,5,5,0.1,0.9,0.7183288830986236,default,100,6.299999999999999,11,1,1,0,0,0.0009491459998116625,
trap_penalty_q_learning_10_q_learning_123_f70ef7ca,trap_penalty_q_learning_10,q_learning,train,67,123,risk,5,5,0.1,0.9,0.7147372386831305,default,100,6.5,9,1,1,0,0,0.0007771260000026814,
trap_penalty_q_learning_10_q_learning_123_f70ef7ca,trap_penalty_q_learning_10,q_learning,train,68,123,risk,5,5,0.1,0.9,0.7111635524897149,default,100,3.900000000000002,17,1,1,0,0,0.0012418850001267856,
trap_penalty_q_learning_10_q_learning_123_f70ef7ca,trap_penalty_q_learning_10,q_learning,train,69,123,risk,5,5,0.1,0.9,0.7076077347272662,default,100,5.1,14,1,1,0,0,0.0010065100000247185,
trap_penalty_q_learning_10_q_learning_123_f70ef7ca,trap_penalty_q_learning_10,q_learning,train,70,123,risk,5,5,0.1,0.9,0.7040696960536299,default,100,5.299999999999999,12,1,1,0,0,0.0009173729999929492,
trap_penalty_q_learning_10_q_learning_123_f70ef7ca,trap_penalty_q_learning_10,q_learning,train,71,123,risk,5,5,0.1,0.9,0.7005493475733617,default,100,-11.6,8,0,1,0,1,0.0006638699999257369,
trap_penalty_q_learning_10_q_learning_123_f70ef7ca,trap_penalty_q_learning_10,q_learning,train,72,123,risk,5,5,0.1,0.9,0.697046600835495,default,100,6.7,7,1,1,0,0,0.0007773209999868413,
trap_penalty_q_learning_10_q_learning_123_f70ef7ca,trap_penalty_q_learning_10,q_learning,train,73,123,risk,5,5,0.1,0.9,0.6935613678313175,default,100,5.699999999999999,8,1,1,0,0,0.000800327999968431,
trap_penalty_q_learning_10_q_learning_123_f70ef7ca,trap_penalty_q_learning_10,q_learning,train,74,123,risk,5,5,0.1,0.9,0.6900935609921609,default,100,8.3,9,1,1,0,0,0.0007798590002039418,
trap_penalty_q_learning_10_q_learning_123_f70ef7ca,trap_penalty_q_learning_10,q_learning,train,75,123,risk,5,5,0.1,0.9,0.6866430931872001,default,100,7.7,6,1,1,0,0,0.0004901899999367743,
trap_penalty_q_learning_10_q_learning_123_f70ef7ca,trap_penalty_q_learning_10,q_learning,train,76,123,risk,5,5,0.1,0.9,0.6832098777212641,default,100,5.7,17,1,1,0,0,0.0013820819999637024,
trap_penalty_q_learning_10_q_learning_123_f70ef7ca,trap_penalty_q_learning_10,q_learning,train,77,123,risk,5,5,0.1,0.9,0.6797938283326578,default,100,-17.799999999999997,16,0,1,0,1,0.0011209679998955835,
trap_penalty_q_learning_10_q_learning_123_f70ef7ca,trap_penalty_q_learning_10,q_learning,train,78,123,risk,5,5,0.1,0.9,0.6763948591909945,default,100,6.699999999999999,7,1,1,0,0,0.000628202000143574,
trap_penalty_q_learning_10_q_learning_123_f70ef7ca,trap_penalty_q_learning_10,q_learning,train,79,123,risk,5,5,0.1,0.9,0.6730128848950395,default,100,-14.600000000000001,11,0,1,0,1,0.000803221000069243,
trap_penalty_q_learning_10_q_learning_123_f70ef7ca,trap_penalty_q_learning_10,q_learning,train,80,123,risk,5,5,0.1,0.9,0.6696478204705644,default,100,-11.4,6,0,1,0,1,0.0005609680001725792,
trap_penalty_q_learning_10_q_learning_123_f70ef7ca,trap_penalty_q_learning_10,q_learning,train,81,123,risk,5,5,0.1,0.9,0.6662995813682115,default,100,8.7,5,1,1,0,0,0.0005979759998808731,
trap_penalty_q_learning_10_q_learning_123_f70ef7ca,trap_penalty_q_learning_10,q_learning,train,82,123,risk,5,5,0.1,0.9,0.6629680834613705,default,100,5.300000000000002,12,1,1,0,0,0.0009371140001803724,
trap_penalty_q_learning_10_q_learning_123_f70ef7ca,trap_penalty_q_learning_10,q_learning,train,83,123,risk,5,5,0.1,0.9,0.6596532430440636,default,100,-2.4999999999999947,27,1,1,0,0,0.0019438309998349723,
trap_penalty_q_learning_10_q_learning_123_f70ef7ca,trap_penalty_q_learning_10,q_learning,train,84,123,risk,5,5,0.1,0.9,0.6563549768288433,default,100,8.7,5,1,1,0,0,0.0004540299999007402,
trap_penalty_q_learning_10_q_learning_123_f70ef7ca,trap_penalty_q_learning_10,q_learning,train,85,123,risk,5,5,0.1,0.9,0.653073201944699,default,100,-10.2,3,0,1,0,1,0.0003412160001516895,
trap_penalty_q_learning_10_q_learning_123_f70ef7ca,trap_penalty_q_learning_10,q_learning,train,86,123,risk,5,5,0.1,0.9,0.6498078359349755,default,100,4.5,11,1,1,0,0,0.000879784999824551,
trap_penalty_q_learning_10_q_learning_123_f70ef7ca,trap_penalty_q_learning_10,q_learning,train,87,123,risk,5,5,0.1,0.9,0.6465587967553006,default,100,3.9000000000000004,17,1,1,0,0,0.001287701999899582,
trap_penalty_q_learning_10_q_learning_123_f70ef7ca,trap_penalty_q_learning_10,q_learning,train,88,123,risk,5,5,0.1,0.9,0.6433260027715241,default,100,7.5,8,1,1,0,0,0.0008263649999662448,
trap_penalty_q_learning_10_q_learning_123_f70ef7ca,trap_penalty_q_learning_10,q_learning,train,89,123,risk,5,5,0.1,0.9,0.6401093727576664,default,100,6.5,9,1,1,0,0,0.0008435049999206967,
trap_penalty_q_learning_10_q_learning_123_f70ef7ca,trap_penalty_q_learning_10,q_learning,train,90,123,risk,5,5,0.1,0.9,0.6369088258938781,default,100,-13.4,8,0,1,0,1,0.0006603110000469314,
trap_penalty_q_learning_10_q_learning_123_f70ef7ca,trap_penalty_q_learning_10,q_learning,train,91,123,risk,5,5,0.1,0.9,0.6337242817644086,default,100,6.299999999999999,11,1,1,0,0,0.0008764429999246204,
trap_penalty_q_learning_10_q_learning_123_f70ef7ca,trap_penalty_q_learning_10,q_learning,train,92,123,risk,5,5,0.1,0.9,0.6305556603555866,default,100,8.7,5,1,1,0,0,0.0005061150000074122,
trap_penalty_q_learning_10_q_learning_123_f70ef7ca,trap_penalty_q_learning_10,q_learning,train,93,123,risk,5,5,0.1,0.9,0.6274028820538087,default,100,-11.2,4,0,1,0,1,0.0004680970000663365,
trap_penalty_q_learning_10_q_learning_123_f70ef7ca,trap_penalty_q_learning_10,q_learning,train,94,123,risk,5,5,0.1,0.9,0.6242658676435396,default,100,6.699999999999999,7,1,1,0,0,0.0006914890000189189,
trap_penalty_q_learning_10_q_learning_123_f70ef7ca,trap_penalty_q_learning_10,q_learning,train,95,123,risk,5,5,0.1,0.9,0.6211445383053219,default,100,4.500000000000002,20,1,1,0,0,0.0015129700000215962,
trap_penalty_q_learning_10_q_learning_123_f70ef7ca,trap_penalty_q_learning_10,q_learning,train,96,123,risk,5,5,0.1,0.9,0.6180388156137953,default,100,-10.4,5,0,1,0,1,0.0005076080001344963,
trap_penalty_q_learning_10_q_learning_123_f70ef7ca,trap_penalty_q_learning_10,q_learning,train,97,123,risk,5,5,0.1,0.9,0.6149486215357263,default,100,4.700000000000001,9,1,1,0,0,0.0008373339999252494,
trap_penalty_q_learning_10_q_learning_123_f70ef7ca,trap_penalty_q_learning_10,q_learning,train,98,123,risk,5,5,0.1,0.9,0.6118738784280476,default,100,0.7000000000000028,22,1,1,0,0,0.0016008509999210219,
trap_penalty_q_learning_10_q_learning_123_f70ef7ca,trap_penalty_q_learning_10,q_learning,train,99,123,risk,5,5,0.1,0.9,0.6088145090359074,default,100,5.1,14,1,1,0,0,0.001072342000043136,
trap_penalty_q_learning_10_q_learning_123_f70ef7ca,trap_penalty_q_learning_10,q_learning,train,100,123,risk,5,5,0.1,0.9,0.6057704364907278,default,100,-10.2,3,0,1,0,1,0.00040907600009632006,
trap_penalty_q_learning_10_q_learning_123_f70ef7ca,trap_penalty_q_learning_10,q_learning,train,101,123,risk,5,5,0.1,0.9,0.6027415843082742,default,100,-10.2,3,0,1,0,1,0.0002995840000039607,
trap_penalty_q_learning_10_q_learning_123_f70ef7ca,trap_penalty_q_learning_10,q_learning,train,102,123,risk,5,5,0.1,0.9,0.5997278763867329,default,100,6.5,9,1,1,0,0,0.0009284910001952085,
trap_penalty_q_learning_10_q_learning_123_f70ef7ca,trap_penalty_q_learning_10,q_learning,train,103,123,risk,5,5,0.1,0.9,0.5967292370047992,default,100,5.500000000000002,10,1,1,0,0,0.0009593079998921894,
trap_penalty_q_learning_10_q_learning_123_f70ef7ca,trap_penalty_q_learning_10,q_learning,train,104,123,risk,5,5,0.1,0.9,0.5937455908197752,default,100,-11.2,4,0,1,0,1,0.0004565320000438078,
trap_penalty_q_learning_10_q_learning_123_f70ef7ca,trap_penalty_q_learning_10,q_learning,train,105,123,risk,5,5,0.1,0.9,0.5907768628656763,default,100,4.700000000000001,9,1,1,0,0,0.0007696469999700639,
trap_penalty_q_learning_10_q_learning_123_f70ef7ca,trap_penalty_q_learning_10,q_learning,train,106,123,risk,5,5,0.1,0.9,0.5878229785513479,default,100,8.7,5,1,1,0,0,0.0005902010000227165,
trap_penalty_q_learning_10_q_learning_123_f70ef7ca,trap_penalty_q_learning_10,q_learning,train,107,123,risk,5,5,0.1,0.9,0.5848838636585911,default,100,3.700000000000001,10,1,1,0,0,0.0008369699999093427,
trap_penalty_q_learning_10_q_learning_123_f70ef7ca,trap_penalty_q_learning_10,q_learning,train,108,123,risk,5,5,0.1,0.9,0.5819594443402982,default,100,7.5,8,1,1,0,0,0.0006443409999974392,
trap_penalty_q_learning_10_q_learning_123_f70ef7ca,trap_penalty_q_learning_10,q_learning,train,109,123,risk,5,5,0.1,0.9,0.5790496471185967,default,100,7.699999999999999,6,1,1,0,0,0.000698276000093756,
trap_penalty_q_learning_10_q_learning_123_f70ef7ca,trap_penalty_q_learning_10,q_learning,train,110,123,risk,5,5,0.1,0.9,0.5761543988830038,default,100,-10.2,3,0,1,0,1,0.0004090550000910298,
trap_penalty_q_learning_10_q_learning_123_f70ef7ca,trap_penalty_q_learning_10,q_learning,train,111,123,risk,5,5,0.1,0.9,0.5732736268885887,default,100,8.7,5,1,1,0,0,0.0006545730000198091,
trap_penalty_q_learning_10_q_learning_123_f70ef7ca,trap_penalty_q_learning_10,q_learning,train,112,123,risk,5,5,0.1,0.9,0.5704072587541458,default,100,-12.4,7,0,1,0,1,0.0006814289999965695,
trap_penalty_q_learning_10_q_learning_123_f70ef7ca,trap_penalty_q_learning_10,q_learning,train,113,123,risk,5,5,0.1,0.9,0.567555222460375,default,100,-10.2,3,0,1,0,1,0.000429035000024669,
trap_penalty_q_learning_10_q_learning_123_f70ef7ca,trap_penalty_q_learning_10,q_learning,train,114,123,risk,5,5,0.1,0.9,0.5647174463480732,default,100,9.7,4,1,1,0,0,0.00048625400017954234,
trap_penalty_q_learning_10_q_learning_123_f70ef7ca,trap_penalty_q_learning_10,q_learning,train,115,123,risk,5,5,0.1,0.9,0.5618938591163328,default,100,-10.2,3,0,1,0,1,0.00034004700000878074,
trap_penalty_q_learning_10_q_learning_123_f70ef7ca,trap_penalty_q_learning_10,q_learning,train,116,123,risk,5,5,0.1,0.9,0.5590843898207511,default,100,4.700000000000001,9,1,1,0,0,0.0007100010000158363,
trap_penalty_q_learning_10_q_learning_123_f70ef7ca,trap_penalty_q_learning_10,q_learning,train,117,123,risk,5,5,0.1,0.9,0.5562889678716474,default,100,-11.4,6,0,1,0,1,0.0006377980000706884,
trap_penalty_q_learning_10_q_learning_123_f70ef7ca,trap_penalty_q_learning_10,q_learning,train,118,123,risk,5,5,0.1,0.9,0.5535075230322891,default,100,7.5,8,1,1,0,0,0.0008067090000167809,
trap_penalty_q_learning_10_q_learning_123_f70ef7ca,trap_penalty_q_learning_10,q_learning,train,119,123,risk,5,5,0.1,0.9,0.5507399854171277,default,100,8.7,5,1,1,0,0,0.0006507680000140681,
trap_penalty_q_learning_10_q_learning_123_f70ef7ca,trap_penalty_q_learning_10,q_learning,train,120,123,risk,5,5,0.1,0.9,0.547986285490042,default,100,8.7,5,1,1,0,0,0.0006741180000062741,
trap_penalty_q_learning_10_q_learning_123_f70ef7ca,trap_penalty_q_learning_10,q_learning,train,121,123,risk,5,5,0.1,0.9,0.5452463540625918,default,100,9.5,6,1,1,0,0,0.000779541999918365,
trap_penalty_q_learning_10_q_learning_123_f70ef7ca,trap_penalty_q_learning_10,q_learning,train,122,123,risk,5,5,0.1,0.9,0.5425201222922789,default,100,2.100000000000003,17,1,1,0,0,0.0012663669999710692,
trap_penalty_q_learning_10_q_learning_123_f70ef7ca,trap_penalty_q_learning_10,q_learning,train,123,123,risk,5,5,0.1,0.9,0.5398075216808175,default,100,4.300000000000001,13,1,1,0,0,0.0011207000000013068,
trap_penalty_q_learning_10_q_learning_123_f70ef7ca,trap_penalty_q_learning_10,q_learning,train,124,123,risk,5,5,0.1,0.9,0.5371084840724134,default,100,7.7,6,1,1,0,0,0.000704178999967553,
trap_penalty_q_learning_10_q_learning_123_f70ef7ca,trap_penalty_q_learning_10,q_learning,train,125,123,risk,5,5,0.1,0.9,0.5344229416520513,default,100,-10.2,3,0,1,0,1,0.00040736300002208736,
trap_penalty_q_learning_10_q_learning_123_f70ef7ca,trap_penalty_q_learning_10,q_learning,train,126,123,risk,5,5,0.1,0.9,0.531750826943791,default,100,-12.4,7,0,1,0,1,0.0006126000000676868,
trap_penalty_q_learning_10_q_learning_123_f70ef7ca,trap_penalty_q_learning_10,q_learning,train,127,123,risk,5,5,0.1,0.9,0.5290920728090721,default,100,-10.2,3,0,1,0,1,0.000406173000101262,
trap_penalty_q_learning_10_q_learning_123_f70ef7ca,trap_penalty_q_learning_10,q_learning,train,128,123,risk,5,5,0.1,0.9,0.5264466124450268,default,100,-10.2,3,0,1,0,1,0.0003492629998618213,
trap_penalty_q_learning_10_q_learning_123_f70ef7ca,trap_penalty_q_learning_10,q_learning,train,129,123,risk,5,5,0.1,0.9,0.5238143793828016,default,100,8.5,7,1,1,0,0,0.0006171899999571906,
trap_penalty_q_learning_10_q_learning_123_f70ef7ca,trap_penalty_q_learning_10,q_learning,train,130,123,risk,5,5,0.1,0.9,0.5211953074858876,default,100,-1.0999999999999943,40,1,1,0,0,0.0032360919999518956,
trap_penalty_q_learning_10_q_learning_123_f70ef7ca,trap_penalty_q_learning_10,q_learning,train,131,123,risk,5,5,0.1,0.9,0.5185893309484582,default,100,-13.0,13,0,1,0,1,0.001137187000040285,
trap_penalty_q_learning_10_q_learning_123_f70ef7ca,trap_penalty_q_learning_10,q_learning,train,132,123,risk,5,5,0.1,0.9,0.5159963842937159,default,100,7.5,8,1,1,0,0,0.0007961030000842584,
trap_penalty_q_learning_10_q_learning_123_f70ef7ca,trap_penalty_q_learning_10,q_learning,train,133,123,risk,5,5,0.1,0.9,0.5134164023722473,default,100,7.299999999999999,10,1,1,0,0,0.0008844610001688125,
trap_penalty_q_learning_10_q_learning_123_f70ef7ca,trap_penalty_q_learning_10,q_learning,train,134,123,risk,5,5,0.1,0.9,0.510849320360386,default,100,8.3,9,1,1,0,0,0.000973131000137073,
trap_penalty_q_learning_10_q_learning_123_f70ef7ca,trap_penalty_q_learning_10,q_learning,train,135,123,risk,5,5,0.1,0.9,0.5082950737585841,default,100,6.699999999999999,7,1,1,0,0,0.0006232149999050307,
trap_penalty_q_learning_10_q_learning_123_f70ef7ca,trap_penalty_q_learning_10,q_learning,train,136,123,risk,5,5,0.1,0.9,0.5057535983897912,default,100,6.1,13,1,1,0,0,0.0011054689998672984,
trap_penalty_q_learning_10_q_learning_123_f70ef7ca,trap_penalty_q_learning_10,q_learning,train,137,123,risk,5,5,0.1,0.9,0.5032248303978422,default,100,-10.4,5,0,1,0,1,0.0005193739998503588,
trap_penalty_q_learning_10_q_learning_123_f70ef7ca,trap_penalty_q_learning_10,q_learning,train,138,123,risk,5,5,0.1,0.9,0.500708706245853,default,100,6.299999999999999,11,1,1,0,0,0.000998891000108415,
trap_penalty_q_learning_10_q_learning_123_f70ef7ca,trap_penalty_q_learning_10,q_learning,train,139,123,risk,5,5,0.1,0.9,0.4982051627146237,default,100,9.5,6,1,1,0,0,0.000616527000147471,
trap_penalty_q_learning_10_q_learning_123_f70ef7ca,trap_penalty_q_learning_10,q_learning,train,140,123,risk,5,5,0.1,0.9,0.49571413690105054,default,100,8.7,5,1,1,0,0,0.000670279000132723,
trap_penalty_q_learning_10_q_learning_123_f70ef7ca,trap_penalty_q_learning_10,q_learning,train,141,123,risk,5,5,0.1,0.9,0.4932355662165453,default,100,7.699999999999999,6,1,1,0,0,0.0007022390000201995,
trap_penalty_q_learning_10_q_learning_123_f70ef7ca,trap_penalty_q_learning_10,q_learning,train,142,123,risk,5,5,0.1,0.9,0.4907693883854626,default,100,8.7,5,1,1,0,0,0.0005856820000644802,
trap_penalty_q_learning_10_q_learning_123_f70ef7ca,trap_penalty_q_learning_10,q_learning,train,143,123,risk,5,5,0.1,0.9,0.4883155414435353,default,100,-10.2,3,0,1,0,1,0.00033340100003442785,
trap_penalty_q_learning_10_q_learning_123_f70ef7ca,trap_penalty_q_learning_10,q_learning,train,144,123,risk,5,5,0.1,0.9,0.4858739637363176,default,100,9.7,4,1,1,0,0,0.0005930510001235234,
trap_penalty_q_learning_10_q_learning_123_f70ef7ca,trap_penalty_q_learning_10,q_learning,train,145,123,risk,5,5,0.1,0.9,0.483444593917636,default,100,8.299999999999999,9,1,1,0,0,0.0009265389999200124,
trap_penalty_q_learning_10_q_learning_123_f70ef7ca,trap_penalty_q_learning_10,q_learning,train,146,123,risk,5,5,0.1,0.9,0.4810273709480478,default,100,9.7,4,1,1,0,0,0.0005829399999583984,
trap_penalty_q_learning_10_q_learning_123_f70ef7ca,trap_penalty_q_learning_10,q_learning,train,147,123,risk,5,5,0.1,0.9,0.47862223409330756,default,100,9.7,4,1,1,0,0,0.0005313399999522517,
trap_penalty_q_learning_10_q_learning_123_f70ef7ca,trap_penalty_q_learning_10,q_learning,train,148,123,risk,5,5,0.1,0.9,0.47622912292284103,default,100,5.5,10,1,1,0,0,0.0007407780001358333,
trap_penalty_q_learning_10_q_learning_123_f70ef7ca,trap_penalty_q_learning_10,q_learning,train,149,123,risk,5,5,0.1,0.9,0.4738479773082268,default,100,6.1,13,1,1,0,0,0.001182468000024528,
trap_penalty_q_learning_10_q_learning_123_f70ef7ca,trap_penalty_q_learning_10,q_learning,train,150,123,risk,5,5,0.1,0.9,0.47147873742168567,default,100,9.7,4,1,1,0,0,0.0005482719998326502,
trap_penalty_q_learning_10_q_learning_123_f70ef7ca,trap_penalty_q_learning_10,q_learning,train,151,123,risk,5,5,0.1,0.9,0.46912134373457726,default,100,7.299999999999999,10,1,1,0,0,0.0009573500001351931,
trap_penalty_q_learning_10_q_learning_123_f70ef7ca,trap_penalty_q_learning_10,q_learning,train,152,123,risk,5,5,0.1,0.9,0.46677573701590436,default,100,8.5,7,1,1,0,0,0.0005375700000058714,
trap_penalty_q_learning_10_q_learning_123_f70ef7ca,trap_penalty_q_learning_10,q_learning,train,153,123,risk,5,5,0.1,0.9,0.46444185833082485,default,100,8.5,7,1,1,0,0,0.0006093590000091353,
trap_penalty_q_learning_10_q_learning_123_f70ef7ca,trap_penalty_q_learning_10,q_learning,train,154,123,risk,5,5,0.1,0.9,0.46211964903917074,default,100,8.5,7,1,1,0,0,0.000737943000103769,
trap_penalty_q_learning_10_q_learning_123_f70ef7ca,trap_penalty_q_learning_10,q_learning,train,155,123,risk,5,5,0.1,0.9,0.4598090507939749,default,100,8.7,5,1,1,0,0,0.0006751939999958267,
trap_penalty_q_learning_10_q_learning_123_f70ef7ca,trap_penalty_q_learning_10,q_learning,train,156,123,risk,5,5,0.1,0.9,0.457510005540005,default,100,-10.2,3,0,1,0,1,0.0004161920001024555,
trap_penalty_q_learning_10_q_learning_123_f70ef7ca,trap_penalty_q_learning_10,q_learning,train,157,123,risk,5,5,0.1,0.9,0.45522245551230495,default,100,8.7,5,1,1,0,0,0.0006501509999452537,
trap_penalty_q_learning_10_q_learning_123_f70ef7ca,trap_penalty_q_learning_10,q_learning,train,158,123,risk,5,5,0.1,0.9,0.4529463432347434,default,100,7.9,13,1,1,0,0,0.0011549299999842333,
trap_penalty_q_learning_10_q_learning_123_f70ef7ca,trap_penalty_q_learning_10,q_learning,train,159,123,risk,5,5,0.1,0.9,0.4506816115185697,default,100,8.299999999999999,9,1,1,0,0,0.000971122999999352,
trap_penalty_q_learning_10_q_learning_123_f70ef7ca,trap_penalty_q_learning_10,q_learning,train,160,123,risk,5,5,0.1,0.9,0.4484282034609769,default,100,9.7,4,1,1,0,0,0.0004596100000071601,
trap_penalty_q_learning_10_q_learning_123_f70ef7ca,trap_penalty_q_learning_10,q_learning,train,161,123,risk,5,5,0.1,0.9,0.446186062443672,default,100,9.5,6,1,1,0,0,0.000779945999966003,
trap_penalty_q_learning_10_q_learning_123_f70ef7ca,trap_penalty_q_learning_10,q_learning,train,162,123,risk,5,5,0.1,0.9,0.4439551321314536,default,100,8.7,5,1,1,0,0,0.0005857470000592002,
trap_penalty_q_learning_10_q_learning_123_f70ef7ca,trap_penalty_q_learning_10,q_learning,train,163,123,risk,5,5,0.1,0.9,0.4417353564707963,default,100,6.5,9,1,1,0,0,0.0007598580000376387,
trap_penalty_q_learning_10_q_learning_123_f70ef7ca,trap_penalty_q_learning_10,q_learning,train,164,123,risk,5,5,0.1,0.9,0.43952667968844233,default,100,5.3,12,1,1,0,0,0.0011510920001001068,
trap_penalty_q_learning_10_q_learning_123_f70ef7ca,trap_penalty_q_learning_10,q_learning,train,165,123,risk,5,5,0.1,0.9,0.43732904629000013,default,100,8.7,5,1,1,0,0,0.0005727579998620058,
trap_penalty_q_learning_10_q_learning_123_f70ef7ca,trap_penalty_q_learning_10,q_learning,train,166,123,risk,5,5,0.1,0.9,0.4351424010585501,default,100,2.5,13,1,1,0,0,0.0010908989997915342,
trap_penalty_q_learning_10_q_learning_123_f70ef7ca,trap_penalty_q_learning_10,q_learning,train,167,123,risk,5,5,0.1,0.9,0.43296668905325736,default,100,9.7,4,1,1,0,0,0.0005409799998687959,
trap_penalty_q_learning_10_q_learning_123_f70ef7ca,trap_penalty_q_learning_10,q_learning,train,168,123,risk,5,5,0.1,0.9,0.43080185560799106,default,100,-12.2,5,0,1,0,1,0.0004303529999560851,
trap_penalty_q_learning_10_q_learning_123_f70ef7ca,trap_penalty_q_learning_10,q_learning,train,169,123,risk,5,5,0.1,0.9,0.4286478463299511,default,100,9.7,4,1,1,0,0,0.0006034440000348695,
trap_penalty_q_learning_10_q_learning_123_f70ef7ca,trap_penalty_q_learning_10,q_learning,train,170,123,risk,5,5,0.1,0.9,0.42650460709830135,default,100,9.5,6,1,1,0,0,0.0007119459999103128,
trap_penalty_q_learning_10_q_learning_123_f70ef7ca,trap_penalty_q_learning_10,q_learning,train,171,123,risk,5,5,0.1,0.9,0.42437208406280985,default,100,8.1,11,1,1,0,0,0.0011302940001769457,
trap_penalty_q_learning_10_q_learning_123_f70ef7ca,trap_penalty_q_learning_10,q_learning,train,172,123,risk,5,5,0.1,0.9,0.4222502236424958,default,100,5.1,14,1,1,0,0,0.0012100750000172411,
trap_penalty_q_learning_10_q_learning_123_f70ef7ca,trap_penalty_q_learning_10,q_learning,train,173,123,risk,5,5,0.1,0.9,0.42013897252428334,default,100,6.299999999999999,11,1,1,0,0,0.0010009780000928004,
trap_penalty_q_learning_10_q_learning_123_f70ef7ca,trap_penalty_q_learning_10,q_learning,train,174,123,risk,5,5,0.1,0.9,0.4180382776616619,default,100,8.5,7,1,1,0,0,0.0008377130000098987,
trap_penalty_q_learning_10_q_learning_123_f70ef7ca,trap_penalty_q_learning_10,q_learning,train,175,123,risk,5,5,0.1,0.9,0.4159480862733536,default,100,-10.2,3,0,1,0,1,0.000401247000127114,
trap_penalty_q_learning_10_q_learning_123_f70ef7ca,trap_penalty_q_learning_10,q_learning,train,176,123,risk,5,5,0.1,0.9,0.41386834584198684,default,100,9.7,4,1,1,0,0,0.00046667199990224617,
trap_penalty_q_learning_10_q_learning_123_f70ef7ca,trap_penalty_q_learning_10,q_learning,train,177,123,risk,5,5,0.1,0.9,0.4117990041127769,default,100,8.7,5,1,1,0,0,0.0005687010000201553,
trap_penalty_q_learning_10_q_learning_123_f70ef7ca,trap_penalty_q_learning_10,q_learning,train,178,123,risk,5,5,0.1,0.9,0.40974000909221303,default,100,8.7,5,1,1,0,0,0.0006406249999599822,
trap_penalty_q_learning_10_q_learning_123_f70ef7ca,trap_penalty_q_learning_10,q_learning,train,179,123,risk,5,5,0.1,0.9,0.40769130904675194,default,100,8.7,5,1,1,0,0,0.0006280009999954927,
trap_penalty_q_learning_10_q_learning_123_f70ef7ca,trap_penalty_q_learning_10,q_learning,train,180,123,risk,5,5,0.1,0.9,0.40565285250151817,default,100,9.5,6,1,1,0,0,0.0007020189998456772,
trap_penalty_q_learning_10_q_learning_123_f70ef7ca,trap_penalty_q_learning_10,q_learning,train,181,123,risk,5,5,0.1,0.9,0.4036245882390106,default,100,9.5,6,1,1,0,0,0.0007688419998430618,
trap_penalty_q_learning_10_q_learning_123_f70ef7ca,trap_penalty_q_learning_10,q_learning,train,182,123,risk,5,5,0.1,0.9,0.4016064652978155,default,100,8.5,7,1,1,0,0,0.0007480009999198955,
trap_penalty_q_learning_10_q_learning_123_f70ef7ca,trap_penalty_q_learning_10,q_learning,train,183,123,risk,5,5,0.1,0.9,0.3995984329713264,default,100,8.5,7,1,1,0,0,0.0007639599998583435,
trap_penalty_q_learning_10_q_learning_123_f70ef7ca,trap_penalty_q_learning_10,q_learning,train,184,123,risk,5,5,0.1,0.9,0.3976004408064698,default,100,8.7,5,1,1,0,0,0.0006523069998820574,
trap_penalty_q_learning_10_q_learning_123_f70ef7ca,trap_penalty_q_learning_10,q_learning,train,185,123,risk,5,5,0.1,0.9,0.39561243860243744,default,100,9.7,4,1,1,0,0,0.0005935369999860995,
trap_penalty_q_learning_10_q_learning_123_f70ef7ca,trap_penalty_q_learning_10,q_learning,train,186,123,risk,5,5,0.1,0.9,0.3936343764094253,default,100,9.7,4,1,1,0,0,0.0005334260001745861,
trap_penalty_q_learning_10_q_learning_123_f70ef7ca,trap_penalty_q_learning_10,q_learning,train,187,123,risk,5,5,0.1,0.9,0.39166620452737816,default,100,7.5,8,1,1,0,0,0.0007178989999374608,
trap_penalty_q_learning_10_q_learning_123_f70ef7ca,trap_penalty_q_learning_10,q_learning,train,188,123,risk,5,5,0.1,0.9,0.3897078735047413,default,100,6.699999999999999,7,1,1,0,0,0.0007326820000344014,
trap_penalty_q_learning_10_q_learning_123_f70ef7ca,trap_penalty_q_learning_10,q_learning,train,189,123,risk,5,5,0.1,0.9,0.3877593341372176,default,100,7.699999999999999,6,1,1,0,0,0.0004844839997986128,
trap_penalty_q_learning_10_q_learning_123_f70ef7ca,trap_penalty_q_learning_10,q_learning,train,190,123,risk,5,5,0.1,0.9,0.3858205374665315,default,100,0.9000000000000021,20,1,1,0,0,0.0015275470000233327,
trap_penalty_q_learning_10_q_learning_123_f70ef7ca,trap_penalty_q_learning_10,q_learning,train,191,123,risk,5,5,0.1,0.9,0.38389143477919885,default,100,8.5,7,1,1,0,0,0.0008260110000719578,
trap_penalty_q_learning_10_q_learning_123_f70ef7ca,trap_penalty_q_learning_10,q_learning,train,192,123,risk,5,5,0.1,0.9,0.3819719776053028,default,100,-10.2,3,0,1,0,1,0.000334918000135076,
trap_penalty_q_learning_10_q_learning_123_f70ef7ca,trap_penalty_q_learning_10,q_learning,train,193,123,risk,5,5,0.1,0.9,0.3800621177172763,default,100,9.7,4,1,1,0,0,0.0005917709997902421,
trap_penalty_q_learning_10_q_learning_123_f70ef7ca,trap_penalty_q_learning_10,q_learning,train,194,123,risk,5,5,0.1,0.9,0.37816180712868996,default,100,7.299999999999999,10,1,1,0,0,0.001034399999980451,
trap_penalty_q_learning_10_q_learning_123_f70ef7ca,trap_penalty_q_learning_10,q_learning,train,195,123,risk,5,5,0.1,0.9,0.37627099809304654,default,100,8.7,5,1,1,0,0,0.0005826439999054855,
trap_penalty_q_learning_10_q_learning_123_f70ef7ca,trap_penalty_q_learning_10,q_learning,train,196,123,risk,5,5,0.1,0.9,0.3743896431025813,default,100,9.3,8,1,1,0,0,0.000853074000133347,
trap_penalty_q_learning_10_q_learning_123_f70ef7ca,trap_penalty_q_learning_10,q_learning,train,197,123,risk,5,5,0.1,0.9,0.37251769488706843,default,100,9.7,4,1,1,0,0,0.0005168380000668549,
trap_penalty_q_learning_10_q_learning_123_f70ef7ca,trap_penalty_q_learning_10,q_learning,train,198,123,risk,5,5,0.1,0.9,0.3706551064126331,default,100,9.7,4,1,1,0,0,0.0005893749998904241,
trap_penalty_q_learning_10_q_learning_123_f70ef7ca,trap_penalty_q_learning_10,q_learning,train,199,123,risk,5,5,0.1,0.9,0.36880183088056995,default,100,8.7,5,1,1,0,0,0.0006219389999841951,
trap_penalty_q_learning_10_q_learning_123_f70ef7ca,trap_penalty_q_learning_10,q_learning,train,200,123,risk,5,5,0.1,0.9,0.3669578217261671,default,100,-10.2,3,0,1,0,1,0.0004086979997737217,results/trap_penalty/q_learning/trap_10/seed_123/qtable_ep200.npz
trap_penalty_q_learning_10_q_learning_123_f70ef7ca,trap_penalty_q_learning_10,q_learning,train,201,123,risk,5,5,0.1,0.9,0.36512303261753626,default,100,8.7,5,1,1,0,0,0.0006565090000094642,
trap_penalty_q_learning_10_q_learning_123_f70ef7ca,trap_penalty_q_learning_10,q_learning,train,202,123,risk,5,5,0.1,0.9,0.3632974174544486,default,100,7.5,8,1,1,0,0,0.0008250890000454092,
trap_penalty_q_learning_10_q_learning_123_f70ef7ca,trap_penalty_q_learning_10,q_learning,train,203,123,risk,5,5,0.1,0.9,0.3614809303671764,default,100,9.7,4,1,1,0,0,0.000611360999982935,
trap_penalty_q_learning_10_q_learning_123_f70ef7ca,trap_penalty_q_learning_10,q_learning,train,204,123,risk,5,5,0.1,0.9,0.3596735257153405,default,100,7.699999999999999,6,1,1,0,0,0.0006993239999246725,
trap_penalty_q_learning_10_q_learning_123_f70ef7ca,trap_penalty_q_learning_10,q_learning,train,205,123,risk,5,5,0.1,0.9,0.3578751580867638,default,100,-10.2,3,0,1,0,1,0.0003407889998925384,
trap_penalty_q_learning_10_q_learning_123_f70ef7ca,trap_penalty_q_learning_10,q_learning,train,206,123,risk,5,5,0.1,0.9,0.35608578229633,default,100,5.700000000000001,8,1,1,0,0,0.0007937610000681161,
trap_penalty_q_learning_10_q_learning_123_f70ef7ca,trap_penalty_q_learning_10,q_learning,train,207,123,risk,5,5,0.1,0.9,0.3543053533848483,default,100,9.7,4,1,1,0,0,0.0005814679998366046,
trap_penalty_q_learning_10_q_learning_123_f70ef7ca,trap_penalty_q_learning_10,q_learning,train,208,123,risk,5,5,0.1,0.9,0.35253382661792404,default,100,8.7,5,1,1,0,0,0.0006603920000998187,
trap_penalty_q_learning_10_q_learning_123_f70ef7ca,trap_penalty_q_learning_10,q_learning,train,209,123,risk,5,5,0.1,0.9,0.3507711574848344,default,100,-11.2,4,0,1,0,1,0.00046424600009231654,
trap_penalty_q_learning_10_q_learning_123_f70ef7ca,trap_penalty_q_learning_10,q_learning,train,210,123,risk,5,5,0.1,0.9,0.34901730169741024,default,100,8.5,7,1,1,0,0,0.0007451130002209538,
trap_penalty_q_learning_10_q_learning_123_f70ef7ca,trap_penalty_q_learning_10,q_learning,train,211,123,risk,5,5,0.1,0.9,0.3472722151889232,default,100,9.7,4,1,1,0,0,0.00059662900002877,
trap_penalty_q_learning_10_q_learning_123_f70ef7ca,trap_penalty_q_learning_10,q_learning,train,212,123,risk,5,5,0.1,0.9,0.3455358541129786,default,100,9.7,4,1,1,0,0,0.0005810440000004746,
trap_penalty_q_learning_10_q_learning_123_f70ef7ca,trap_penalty_q_learning_10,q_learning,train,213,123,risk,5,5,0.1,0.9,0.3438081748424137,default,100,8.7,5,1,1,0,0,0.0006421870000394847,
trap_penalty_q_learning_10_q_learning_123_f70ef7ca,trap_penalty_q_learning_10,q_learning,train,214,123,risk,5,5,0.1,0.9,0.3420891339682016,default,100,9.7,4,1,1,0,0,0.0005290649999096786,
trap_penalty_q_learning_10_q_learning_123_f70ef7ca,trap_penalty_q_learning_10,q_learning,train,215,123,risk,5,5,0.1,0.9,0.3403786882983606,default,100,9.7,4,1,1,0,0,0.0005465100000492384,
trap_penalty_q_learning_10_q_learning_123_f70ef7ca,trap_penalty_q_learning_10,q_learning,train,216,123,risk,5,5,0.1,0.9,0.3386767948568688,default,100,8.7,5,1,1,0,0,0.0005797809999421588,
trap_penalty_q_learning_10_q_learning_123_f70ef7ca,trap_penalty_q_learning_10,q_learning,train,217,123,risk,5,5,0.1,0.9,0.33698341088258443,default,100,-10.2,3,0,1,0,1,0.00033590099997127254,
trap_penalty_q_learning_10_q_learning_123_f70ef7ca,trap_penalty_q_learning_10,q_learning,train,218,123,risk,5,5,0.1,0.9,0.3352984938281715,default,100,7.299999999999999,10,1,1,0,0,0.0009460549999857903,
trap_penalty_q_learning_10_q_learning_123_f70ef7ca,trap_penalty_q_learning_10,q_learning,train,219,123,risk,5,5,0.1,0.9,0.33362200135903064,default,100,9.7,4,1,1,0,0,0.0005944190002082905,
trap_penalty_q_learning_10_q_learning_123_f70ef7ca,trap_penalty_q_learning_10,q_learning,train,220,123,risk,5,5,0.1,0.9,0.33195389135223546,default,100,9.5,6,1,1,0,0,0.000751046999994287,
trap_penalty_q_learning_10_q_learning_123_f70ef7ca,trap_penalty_q_learning_10,q_learning,train,221,123,risk,5,5,0.1,0.9,0.3302941218954743,default,100,8.5,7,1,1,0,0,0.0007123689999843918,
trap_penalty_q_learning_10_q_learning_123_f70ef7ca,trap_penalty_q_learning_10,q_learning,train,222,123,risk,5,5,0.1,0.9,0.32864265128599696,default,100,8.7,5,1,1,0,0,0.0006433439998545509,
trap_penalty_q_learning_10_q_learning_123_f70ef7ca,trap_penalty_q_learning_10,q_learning,train,223,123,risk,5,5,0.1,0.9,0.326999438029567,default,100,9.7,4,1,1,0,0,0.0005972299998120434,
trap_penalty_q_learning_10_q_learning_123_f70ef7ca,trap_penalty_q_learning_10,q_learning,train,224,123,risk,5,5,0.1,0.9,0.3253644408394192,default,100,-12.2,5,0,1,0,1,0.0005026339999858465,
trap_penalty_q_learning_10_q_learning_123_f70ef7ca,trap_penalty_q_learning_10,q_learning,train,225,123,risk,5,5,0.1,0.9,0.3237376186352221,default,100,9.7,4,1,1,0,0,0.000562301000172738,
trap_penalty_q_learning_10_q_learning_123_f70ef7ca,trap_penalty_q_learning_10,q_learning,train,226,123,risk,5,5,0.1,0.9,0.322118930542046,default,100,9.7,4,1,1,0,0,0.0005390840001382458,
trap_penalty_q_learning_10_q_learning_123_f70ef7ca,trap_penalty_q_learning_10,q_learning,train,227,123,risk,5,5,0.1,0.9,0.32050833588933575,default,100,8.5,7,1,1,0,0,0.0007928329998776462,
trap_penalty_q_learning_10_q_learning_123_f70ef7ca,trap_penalty_q_learning_10,q_learning,train,228,123,risk,5,5,0.1,0.9,0.31890579420988907,default,100,9.7,4,1,1,0,0,0.0005307910000738048,
trap_penalty_q_learning_10_q_learning_123_f70ef7ca,trap_penalty_q_learning_10,q_learning,train,229,123,risk,5,5,0.1,0.9,0.3173112652388396,default,100,9.7,4,1,1,0,0,0.0005938060000971745,
trap_penalty_q_learning_10_q_learning_123_f70ef7ca,trap_penalty_q_learning_10,q_learning,train,230,123,risk,5,5,0.1,0.9,0.3157247089126454,default,100,-10.2,3,0,1,0,1,0.00040018599997893034,
trap_penalty_q_learning_10_q_learning_123_f70ef7ca,trap_penalty_q_learning_10,q_learning,train,231,123,risk,5,5,0.1,0.9,0.3141460853680822,default,100,7.7,6,1,1,0,0,0.0006909880000876001,
trap_penalty_q_learning_10_q_learning_123_f70ef7ca,trap_penalty_q_learning_10,q_learning,train,232,123,risk,5,5,0.1,0.9,0.3125753549412418,default,100,9.7,4,1,1,0,0,0.0005337690001852025,
trap_penalty_q_learning_10_q_learning_123_f70ef7ca,trap_penalty_q_learning_10,q_learning,train,233,123,risk,5,5,0.1,0.9,0.31101247816653554,default,100,8.299999999999999,9,1,1,0,0,0.0008993680000912718,
trap_penalty_q_learning_10_q_learning_123_f70ef7ca,trap_penalty_q_learning_10,q_learning,train,234,123,risk,5,5,0.1,0.9,0.30945741577570285,default,100,7.5,8,1,1,0,0,0.0007388349999928323,
trap_penalty_q_learning_10_q_learning_123_f70ef7ca,trap_penalty_q_learning_10,q_learning,train,235,123,risk,5,5,0.1,0.9,0.3079101286968243,default,100,-10.2,3,0,1,0,1,0.00040903800004343793,
trap_penalty_q_learning_10_q_learning_123_f70ef7ca,trap_penalty_q_learning_10,q_learning,train,236,123,risk,5,5,0.1,0.9,0.3063705780533402,default,100,8.7,5,1,1,0,0,0.0006494799999927636,
trap_penalty_q_learning_10_q_learning_123_f70ef7ca,trap_penalty_q_learning_10,q_learning,train,237,123,risk,5,5,0.1,0.9,0.30483872516307353,default,100,9.7,4,1,1,0,0,0.0005911449998166063,
trap_penalty_q_learning_10_q_learning_123_f70ef7ca,trap_penalty_q_learning_10,q_learning,train,238,123,risk,5,5,0.1,0.9,0.3033145315372582,default,100,9.7,4,1,1,0,0,0.0006169129999307188,
trap_penalty_q_learning_10_q_learning_123_f70ef7ca,trap_penalty_q_learning_10,q_learning,train,239,123,risk,5,5,0.1,0.9,0.3017979588795719,default,100,8.299999999999999,9,1,1,0,0,0.0009662649999881978,
trap_penalty_q_learning_10_q_learning_123_f70ef7ca,trap_penalty_q_learning_10,q_learning,train,240,123,risk,5,5,0.1,0.9,0.30028896908517405,default,100,-10.2,3,0,1,0,1,0.000336416999971334,
trap_penalty_q_learning_10_q_learning_123_f70ef7ca,trap_penalty_q_learning_10,q_learning,train,241,123,risk,5,5,0.1,0.9,0.2987875242397482,default,100,-10.4,5,0,1,0,1,0.0006006309999975201,
trap_penalty_q_learning_10_q_learning_123_f70ef7ca,trap_penalty_q_learning_10,q_learning,train,242,123,risk,5,5,0.1,0.9,0.29729358661854943,default,100,8.5,7,1,1,0,0,0.0007673390000491054,
trap_penalty_q_learning_10_q_learning_123_f70ef7ca,trap_penalty_q_learning_10,q_learning,train,243,123,risk,5,5,0.1,0.9,0.29580711868545667,default,100,9.7,4,1,1,0,0,0.000599378000060824,
trap_penalty_q_learning_10_q_learning_123_f70ef7ca,trap_penalty_q_learning_10,q_learning,train,244,123,risk,5,5,0.1,0.9,0.2943280830920294,default,100,8.5,7,1,1,0,0,0.0008029580001220893,
trap_penalty_q_learning_10_q_learning_123_f70ef7ca,trap_penalty_q_learning_10,q_learning,train,245,123,risk,5,5,0.1,0.9,0.29285644267656924,default,100,9.7,4,1,1,0,0,0.00045278800007508835,
trap_penalty_q_learning_10_q_learning_123_f70ef7ca,trap_penalty_q_learning_10,q_learning,train,246,123,risk,5,5,0.1,0.9,0.2913921604631864,default,100,6.699999999999999,7,1,1,0,0,0.0007435219999933906,
trap_penalty_q_learning_10_q_learning_123_f70ef7ca,trap_penalty_q_learning_10,q_learning,train,247,123,risk,5,5,0.1,0.9,0.28993519966087045,default,100,8.7,5,1,1,0,0,0.0005750269999680313,
trap_penalty_q_learning_10_q_learning_123_f70ef7ca,trap_penalty_q_learning_10,q_learning,train,248,123,risk,5,5,0.1,0.9,0.2884855236625661,default,100,8.7,5,1,1,0,0,0.0006600069998512481,
trap_penalty_q_learning_10_q_learning_123_f70ef7ca,trap_penalty_q_learning_10,q_learning,train,249,123,risk,5,5,0.1,0.9,0.28704309604425327,default,100,8.7,5,1,1,0,0,0.0005813000000216562,
trap_penalty_q_learning_10_q_learning_123_f70ef7ca,trap_penalty_q_learning_10,q_learning,train,250,123,risk,5,5,0.1,0.9,0.285607880564032,default,100,9.7,4,1,1,0,0,0.0005190800000036688,
trap_penalty_q_learning_10_q_learning_123_f70ef7ca,trap_penalty_q_learning_10,q_learning,train,251,123,risk,5,5,0.1,0.9,0.28417984116121187,default,100,8.5,7,1,1,0,0,0.0007400309998502053,
trap_penalty_q_learning_10_q_learning_123_f70ef7ca,trap_penalty_q_learning_10,q_learning,train,252,123,risk,5,5,0.1,0.9,0.2827589419554058,default,100,9.7,4,1,1,0,0,0.0005241690000730159,
trap_penalty_q_learning_10_q_learning_123_f70ef7ca,trap_penalty_q_learning_10,q_learning,train,253,123,risk,5,5,0.1,0.9,0.28134514724562876,default,100,9.7,4,1,1,0,0,0.0005717470000945468,
trap_penalty_q_learning_10_q_learning_123_f70ef7ca,trap_penalty_q_learning_10,q_learning,train,254,123,risk,5,5,0.1,0.9,0.2799384215094006,default,100,8.5,7,1,1,0,0,0.00082438499998716,
trap_penalty_q_learning_10_q_learning_123_f70ef7ca,trap_penalty_q_learning_10,q_learning,train,255,123,risk,5,5,0.1,0.9,0.27853872940185365,default,100,9.7,4,1,1,0,0,0.0006023079999977199,
trap_penalty_q_learning_10_q_learning_123_f70ef7ca,trap_penalty_q_learning_10,q_learning,train,256,123,risk,5,5,0.1,0.9,0.27714603575484437,default,100,-10.4,5,0,1,0,1,0.0005628439998872636,
trap_penalty_q_learning_10_q_learning_123_f70ef7ca,trap_penalty_q_learning_10,q_learning,train,257,123,risk,5,5,0.1,0.9,0.2757603055760701,default,100,8.7,5,1,1,0,0,0.0006449889999657898,
trap_penalty_q_learning_10_q_learning_123_f70ef7ca,trap_penalty_q_learning_10,q_learning,train,258,123,risk,5,5,0.1,0.9,0.2743815040481898,default,100,9.7,4,1,1,0,0,0.0005149080000137474,
trap_penalty_q_learning_10_q_learning_123_f70ef7ca,trap_penalty_q_learning_10,q_learning,train,259,123,risk,5,5,0.1,0.9,0.2730095965279488,default,100,9.7,4,1,1,0,0,0.0006034150001141825,
trap_penalty_q_learning_10_q_learning_123_f70ef7ca,trap_penalty_q_learning_10,q_learning,train,260,123,risk,5,5,0.1,0.9,0.27164454854530906,default,100,-10.2,3,0,1,0,1,0.00040906900017034786,
trap_penalty_q_learning_10_q_learning_123_f70ef7ca,trap_penalty_q_learning_10,q_learning,train,261,123,risk,5,5,0.1,0.9,0.2702863258025825,default,100,9.7,4,1,1,0,0,0.0005350589999579825,
trap_penalty_q_learning_10_q_learning_123_f70ef7ca,trap_penalty_q_learning_10,q_learning,train,262,123,risk,5,5,0.1,0.9,0.2689348941735696,default,100,9.7,4,1,1,0,0,0.0005984879999232362,
trap_penalty_q_learning_10_q_learning_123_f70ef7ca,trap_penalty_q_learning_10,q_learning,train,263,123,risk,5,5,0.1,0.9,0.26759021970270175,default,100,9.7,4,1,1,0,0,0.0005892270000913413,
trap_penalty_q_learning_10_q_learning_123_f70ef7ca,trap_penalty_q_learning_10,q_learning,train,264,123,risk,5,5,0.1,0.9,0.2662522686041882,default,100,9.7,4,1,1,0,0,0.0005125479999605886,
trap_penalty_q_learning_10_q_learning_123_f70ef7ca,trap_penalty_q_learning_10,q_learning,train,265,123,risk,5,5,0.1,0.9,0.2649210072611673,default,100,8.5,7,1,1,0,0,0.0007765420000396261,
trap_penalty_q_learning_10_q_learning_123_f70ef7ca,trap_penalty_q_learning_10,q_learning,train,266,123,risk,5,5,0.1,0.9,0.26359640222486147,default,100,9.7,4,1,1,0,0,0.0006051210000350693,
trap_penalty_q_learning_10_q_learning_123_f70ef7ca,trap_penalty_q_learning_10,q_learning,train,267,123,risk,5,5,0.1,0.9,0.26227842021373715,default,100,9.7,4,1,1,0,0,0.0005721750001157488,
trap_penalty_q_learning_10_q_learning_123_f70ef7ca,trap_penalty_q_learning_10,q_learning,train,268,123,risk,5,5,0.1,0.9,0.2609670281126685,default,100,7.699999999999999,6,1,1,0,0,0.0006912680000823457,
trap_penalty_q_learning_10_q_learning_123_f70ef7ca,trap_penalty_q_learning_10,q_learning,train,269,123,risk,5,5,0.1,0.9,0.25966219297210513,default,100,9.5,6,1,1,0,0,0.0006899200000134442,
trap_penalty_q_learning_10_q_learning_123_f70ef7ca,trap_penalty_q_learning_10,q_learning,train,270,123,risk,5,5,0.1,0.9,0.2583638820072446,default,100,7.699999999999999,6,1,1,0,0,0.0006804069998906925,
trap_penalty_q_learning_10_q_learning_123_f70ef7ca,trap_penalty_q_learning_10,q_learning,train,271,123,risk,5,5,0.1,0.9,0.2570720625972084,default,100,9.7,4,1,1,0,0,0.0005951190000814677,
trap_penalty_q_learning_10_q_learning_123_f70ef7ca,trap_penalty_q_learning_10,q_learning,train,272,123,risk,5,5,0.1,0.9,0.25578670228422234,default,100,8.7,5,1,1,0,0,0.000662549000026047,
trap_penalty_q_learning_10_q_learning_123_f70ef7ca,trap_penalty_q_learning_10,q_learning,train,273,123,risk,5,5,0.1,0.9,0.25450776877280124,default,100,7.699999999999999,6,1,1,0,0,0.0006738909999057796,
trap_penalty_q_learning_10_q_learning_123_f70ef7ca,trap_penalty_q_learning_10,q_learning,train,274,123,risk,5,5,0.1,0.9,0.2532352299289372,default,100,9.5,6,1,1,0,0,0.0007631790001596528,
trap_penalty_q_learning_10_q_learning_123_f70ef7ca,trap_penalty_q_learning_10,q_learning,train,275,123,risk,5,5,0.1,0.9,0.2519690537792925,default,100,9.7,4,1,1,0,0,0.0005879809998532437,
trap_penalty_q_learning_10_q_learning_123_f70ef7ca,trap_penalty_q_learning_10,q_learning,train,276,123,risk,5,5,0.1,0.9,0.2507092085103961,default,100,9.5,6,1,1,0,0,0.0007343749998653948,
trap_penalty_q_learning_10_q_learning_123_f70ef7ca,trap_penalty_q_learning_10,q_learning,train,277,123,risk,5,5,0.1,0.9,0.2494556624678441,default,100,9.7,4,1,1,0,0,0.000586411999847769,
trap_penalty_q_learning_10_q_learning_123_f70ef7ca,trap_penalty_q_learning_10,q_learning,train,278,123,risk,5,5,0.1,0.9,0.24820838415550486,default,100,9.7,4,1,1,0,0,0.0005323710001903237,
trap_penalty_q_learning_10_q_learning_123_f70ef7ca,trap_penalty_q_learning_10,q_learning,train,279,123,risk,5,5,0.1,0.9,0.24696734223472733,default,100,9.5,6,1,1,0,0,0.0007473919999938516,
trap_penalty_q_learning_10_q_learning_123_f70ef7ca,trap_penalty_q_learning_10,q_learning,train,280,123,risk,5,5,0.1,0.9,0.2457325055235537,default,100,8.5,7,1,1,0,0,0.000808611000138626,
trap_penalty_q_learning_10_q_learning_123_f70ef7ca,trap_penalty_q_learning_10,q_learning,train,281,123,risk,5,5,0.1,0.9,0.24450384299593592,default,100,8.7,5,1,1,0,0,0.0006750879999799508,
trap_penalty_q_learning_10_q_learning_123_f70ef7ca,trap_penalty_q_learning_10,q_learning,train,282,123,risk,5,5,0.1,0.9,0.24328132378095624,default,100,9.5,6,1,1,0,0,0.0006336920000649116,
trap_penalty_q_learning_10_q_learning_123_f70ef7ca,trap_penalty_q_learning_10,q_learning,train,283,123,risk,5,5,0.1,0.9,0.24206491716205145,default,100,9.7,4,1,1,0,0,0.0005790079999314912,
trap_penalty_q_learning_10_q_learning_123_f70ef7ca,trap_penalty_q_learning_10,q_learning,train,284,123,risk,5,5,0.1,0.9,0.2408545925762412,default,100,9.7,4,1,1,0,0,0.0005903690000650386,
trap_penalty_q_learning_10_q_learning_123_f70ef7ca,trap_penalty_q_learning_10,q_learning,train,285,123,risk,5,5,0.1,0.9,0.23965031961336,default,100,9.7,4,1,1,0,0,0.0006098270000620687,
trap_penalty_q_learning_10_q_learning_123_f70ef7ca,trap_penalty_q_learning_10,q_learning,train,286,123,risk,5,5,0.1,0.9,0.2384520680152932,default,100,7.699999999999999,6,1,1,0,0,0.0006790079999063892,
trap_penalty_q_learning_10_q_learning_123_f70ef7ca,trap_penalty_q_learning_10,q_learning,train,287,123,risk,5,5,0.1,0.9,0.23725980767521673,default,100,9.7,4,1,1,0,0,0.0005896329998904548,
trap_penalty_q_learning_10_q_learning_123_f70ef7ca,trap_penalty_q_learning_10,q_learning,train,288,123,risk,5,5,0.1,0.9,0.23607350863684065,default,100,8.7,5,1,1,0,0,0.0006650589998571377,
trap_penalty_q_learning_10_q_learning_123_f70ef7ca,trap_penalty_q_learning_10,q_learning,train,289,123,risk,5,5,0.1,0.9,0.23489314109365644,default,100,9.7,4,1,1,0,0,0.0005730210000365332,
trap_penalty_q_learning_10_q_learning_123_f70ef7ca,trap_penalty_q_learning_10,q_learning,train,290,123,risk,5,5,0.1,0.9,0.23371867538818816,default,100,9.7,4,1,1,0,0,0.0005906100000174774,
trap_penalty_q_learning_10_q_learning_123_f70ef7ca,trap_penalty_q_learning_10,q_learning,train,291,123,risk,5,5,0.1,0.9,0.23255008201124722,default,100,9.7,4,1,1,0,0,0.0005130049999024777,
trap_penalty_q_learning_10_q_learning_123_f70ef7ca,trap_penalty_q_learning_10,q_learning,train,292,123,risk,5,5,0.1,0.9,0.231387331601191,default,100,9.7,4,1,1,0,0,0.000586024000085672,
trap_penalty_q_learning_10_q_learning_123_f70ef7ca,trap_penalty_q_learning_10,q_learning,train,293,123,risk,5,5,0.1,0.9,0.23023039494318503,default,100,9.7,4,1,1,0,0,0.000570772999935798,
trap_penalty_q_learning_10_q_learning_123_f70ef7ca,trap_penalty_q_learning_10,q_learning,train,294,123,risk,5,5,0.1,0.9,0.2290792429684691,default,100,9.7,4,1,1,0,0,0.000614230999872234,
trap_penalty_q_learning_10_q_learning_123_f70ef7ca,trap_penalty_q_learning_10,q_learning,train,295,123,risk,5,5,0.1,0.9,0.22793384675362674,default,100,9.5,6,1,1,0,0,0.0007574960000056308,
trap_penalty_q_learning_10_q_learning_123_f70ef7ca,trap_penalty_q_learning_10,q_learning,train,296,123,risk,5,5,0.1,0.9,0.22679417751985861,default,100,8.7,5,1,1,0,0,0.0006381830000918853,
trap_penalty_q_learning_10_q_learning_123_f70ef7ca,trap_penalty_q_learning_10,q_learning,train,297,123,risk,5,5,0.1,0.9,0.22566020663225933,default,100,9.7,4,1,1,0,0,0.000574977000042054,
trap_penalty_q_learning_10_q_learning_123_f70ef7ca,trap_penalty_q_learning_10,q_learning,train,298,123,risk,5,5,0.1,0.9,0.22453190559909803,default,100,9.5,6,1,1,0,0,0.0006826180001553439,
trap_penalty_q_learning_10_q_learning_123_f70ef7ca,trap_penalty_q_learning_10,q_learning,train,299,123,risk,5,5,0.1,0.9,0.22340924607110255,default,100,9.7,4,1,1,0,0,0.0005721790000734472,
trap_penalty_q_learning_10_q_learning_123_f70ef7ca,trap_penalty_q_learning_10,q_learning,train,300,123,risk,5,5,0.1,0.9,0.22229219984074702,default,100,8.7,5,1,1,0,0,0.0006588260000626178,
trap_penalty_q_learning_10_q_learning_123_f70ef7ca,trap_penalty_q_learning_10,q_learning,train,301,123,risk,5,5,0.1,0.9,0.2211807388415433,default,100,8.1,11,1,1,0,0,0.0011650020001070516,
trap_penalty_q_learning_10_q_learning_123_f70ef7ca,trap_penalty_q_learning_10,q_learning,train,302,123,risk,5,5,0.1,0.9,0.22007483514733558,default,100,9.7,4,1,1,0,0,0.0005864830000064103,
trap_penalty_q_learning_10_q_learning_123_f70ef7ca,trap_penalty_q_learning_10,q_learning,train,303,123,risk,5,5,0.1,0.9,0.2189744609715989,default,100,8.7,5,1,1,0,0,0.0005766619999576506,
trap_penalty_q_learning_10_q_learning_123_f70ef7ca,trap_penalty_q_learning_10,q_learning,train,304,123,risk,5,5,0.1,0.9,0.2178795886667409,default,100,9.7,4,1,1,0,0,0.0006243170000743703,
trap_penalty_q_learning_10_q_learning_123_f70ef7ca,trap_penalty_q_learning_10,q_learning,train,305,123,risk,5,5,0.1,0.9,0.2167901907234072,default,100,-10.2,3,0,1,0,1,0.00041246599994337885,
trap_penalty_q_learning_10_q_learning_123_f70ef7ca,trap_penalty_q_learning_10,q_learning,train,306,123,risk,5,5,0.1,0.9,0.21570623976979014,default,100,9.7,4,1,1,0,0,0.0005886009998903319,
trap_penalty_q_learning_10_q_learning_123_f70ef7ca,trap_penalty_q_learning_10,q_learning,train,307,123,risk,5,5,0.1,0.9,0.21462770857094118,default,100,9.5,6,1,1,0,0,0.0007375459999821032,
trap_penalty_q_learning_10_q_learning_123_f70ef7ca,trap_penalty_q_learning_10,q_learning,train,308,123,risk,5,5,0.1,0.9,0.21355457002808648,default,100,6.699999999999999,7,1,1,0,0,0.0007391470001039124,
trap_penalty_q_learning_10_q_learning_123_f70ef7ca,trap_penalty_q_learning_10,q_learning,train,309,123,risk,5,5,0.1,0.9,0.21248679717794605,default,100,9.7,4,1,1,0,0,0.0005888759999379545,
trap_penalty_q_learning_10_q_learning_123_f70ef7ca,trap_penalty_q_learning_10,q_learning,train,310,123,risk,5,5,0.1,0.9,0.21142436319205632,default,100,9.7,4,1,1,0,0,0.0006008440000186965,
trap_penalty_q_learning_10_q_learning_123_f70ef7ca,trap_penalty_q_learning_10,q_learning,train,311,123,risk,5,5,0.1,0.9,0.21036724137609603,default,100,8.3,9,1,1,0,0,0.0009704830001737719,
trap_penalty_q_learning_10_q_learning_123_f70ef7ca,trap_penalty_q_learning_10,q_learning,train,312,123,risk,5,5,0.1,0.9,0.20931540516921554,default,100,-10.2,3,0,1,0,1,0.0004139860000123008,
trap_penalty_q_learning_10_q_learning_123_f70ef7ca,trap_penalty_q_learning_10,q_learning,train,313,123,risk,5,5,0.1,0.9,0.20826882814336947,default,100,9.7,4,1,1,0,0,0.0005767280001691688,
trap_penalty_q_learning_10_q_learning_123_f70ef7ca,trap_penalty_q_learning_10,q_learning,train,314,123,risk,5,5,0.1,0.9,0.20722748400265262,default,100,9.7,4,1,1,0,0,0.0005281300000206102,
trap_penalty_q_learning_10_q_learning_123_f70ef7ca,trap_penalty_q_learning_10,q_learning,train,315,123,risk,5,5,0.1,0.9,0.20619134658263935,default,100,9.5,6,1,1,0,0,0.0007679370000914787,
trap_penalty_q_learning_10_q_learning_123_f70ef7ca,trap_penalty_q_learning_10,q_learning,train,316,123,risk,5,5,0.1,0.9,0.20516038984972615,default,100,9.7,4,1,1,0,0,0.0006001269998705538,
trap_penalty_q_learning_10_q_learning_123_f70ef7ca,trap_penalty_q_learning_10,q_learning,train,317,123,risk,5,5,0.1,0.9,0.2041345879004775,default,100,8.7,5,1,1,0,0,0.0006415160000869946,
trap_penalty_q_learning_10_q_learning_123_f70ef7ca,trap_penalty_q_learning_10,q_learning,train,318,123,risk,5,5,0.1,0.9,0.2031139149609751,default,100,8.7,5,1,1,0,0,0.0006241940000109025,
trap_penalty_q_learning_10_q_learning_123_f70ef7ca,trap_penalty_q_learning_10,q_learning,train,319,123,risk,5,5,0.1,0.9,0.20209834538617025,default,100,8.7,5,1,1,0,0,0.0006369539999013796,
trap_penalty_q_learning_10_q_learning_123_f70ef7ca,trap_penalty_q_learning_10,q_learning,train,320,123,risk,5,5,0.1,0.9,0.2010878536592394,default,100,8.5,7,1,1,0,0,0.000676196000085838,
trap_penalty_q_learning_10_q_learning_123_f70ef7ca,trap_penalty_q_learning_10,q_learning,train,321,123,risk,5,5,0.1,0.9,0.2000824143909432,default,100,9.5,6,1,1,0,0,0.0007787829999870155,
trap_penalty_q_learning_10_q_learning_123_f70ef7ca,trap_penalty_q_learning_10,q_learning,train,322,123,risk,5,5,0.1,0.9,0.19908200231898848,default,100,9.5,6,1,1,0,0,0.0006982429999879969,
trap_penalty_q_learning_10_q_learning_123_f70ef7ca,trap_penalty_q_learning_10,q_learning,train,323,123,risk,5,5,0.1,0.9,0.19808659230739353,default,100,9.7,4,1,1,0,0,0.000579674000164232,
trap_penalty_q_learning_10_q_learning_123_f70ef7ca,trap_penalty_q_learning_10,q_learning,train,324,123,risk,5,5,0.1,0.9,0.19709615934585656,default,100,9.7,4,1,1,0,0,0.0005921780000335275,
trap_penalty_q_learning_10_q_learning_123_f70ef7ca,trap_penalty_q_learning_10,q_learning,train,325,123,risk,5,5,0.1,0.9,0.19611067854912728,default,100,9.7,4,1,1,0,0,0.0005184589999771561,
trap_penalty_q_learning_10_q_learning_123_f70ef7ca,trap_penalty_q_learning_10,q_learning,train,326,123,risk,5,5,0.1,0.9,0.19513012515638165,default,100,9.5,6,1,1,0,0,0.0007773469999392546,
trap_penalty_q_learning_10_q_learning_123_f70ef7ca,trap_penalty_q_learning_10,q_learning,train,327,123,risk,5,5,0.1,0.9,0.19415447453059972,default,100,9.7,4,1,1,0,0,0.0005910020001920202,
trap_penalty_q_learning_10_q_learning_123_f70ef7ca,trap_penalty_q_learning_10,q_learning,train,328,123,risk,5,5,0.1,0.9,0.19318370215794672,default,100,9.7,4,1,1,0,0,0.0005727640000259271,
trap_penalty_q_learning_10_q_learning_123_f70ef7ca,trap_penalty_q_learning_10,q_learning,train,329,123,risk,5,5,0.1,0.9,0.192217783647157,default,100,8.7,5,1,1,0,0,0.000651018999860753,
trap_penalty_q_learning_10_q_learning_123_f70ef7ca,trap_penalty_q_learning_10,q_learning,train,330,123,risk,5,5,0.1,0.9,0.1912566947289212,default,100,9.3,8,1,1,0,0,0.0009169140000722109,
trap_penalty_q_learning_10_q_learning_123_f70ef7ca,trap_penalty_q_learning_10,q_learning,train,331,123,risk,5,5,0.1,0.9,0.1903004112552766,default,100,9.7,4,1,1,0,0,0.0005922370000916999,
trap_penalty_q_learning_10_q_learning_123_f70ef7ca,trap_penalty_q_learning_10,q_learning,train,332,123,risk,5,5,0.1,0.9,0.18934890919900021,default,100,9.7,4,1,1,0,0,0.0005372939999688242,
trap_penalty_q_learning_10_q_learning_123_f70ef7ca,trap_penalty_q_learning_10,q_learning,train,333,123,risk,5,5,0.1,0.9,0.18840216465300522,default,100,7.5,8,1,1,0,0,0.0008564600000227074,
trap_penalty_q_learning_10_q_learning_123_f70ef7ca,trap_penalty_q_learning_10,q_learning,train,334,123,risk,5,5,0.1,0.9,0.18746015382974018,default,100,8.7,5,1,1,0,0,0.0006450389998917672,
trap_penalty_q_learning_10_q_learning_123_f70ef7ca,trap_penalty_q_learning_10,q_learning,train,335,123,risk,5,5,0.1,0.9,0.1865228530605915,default,100,8.7,5,1,1,0,0,0.0006249670000215701,
trap_penalty_q_learning_10_q_learning_123_f70ef7ca,trap_penalty_q_learning_10,q_learning,train,336,123,risk,5,5,0.1,0.9,0.18559023879528855,default,100,-12.2,5,0,1,0,1,0.0005146410001088952,
trap_penalty_q_learning_10_q_learning_123_f70ef7ca,trap_penalty_q_learning_10,q_learning,train,337,123,risk,5,5,0.1,0.9,0.1846622876013121,default,100,9.7,4,1,1,0,0,0.0005778469999313529,
trap_penalty_q_learning_10_q_learning_123_f70ef7ca,trap_penalty_q_learning_10,q_learning,train,338,123,risk,5,5,0.1,0.9,0.18373897616330553,default,100,8.5,7,1,1,0,0,0.0008263459999398037,
trap_penalty_q_learning_10_q_learning_123_f70ef7ca,trap_penalty_q_learning_10,q_learning,train,339,123,risk,5,5,0.1,0.9,0.182820281282489,default,100,9.7,4,1,1,0,0,0.0005296460001318337,
trap_penalty_q_learning_10_q_learning_123_f70ef7ca,trap_penalty_q_learning_10,q_learning,train,340,123,risk,5,5,0.1,0.9,0.18190617987607657,default,100,9.7,4,1,1,0,0,0.0005721469999571127,
trap_penalty_q_learning_10_q_learning_123_f70ef7ca,trap_penalty_q_learning_10,q_learning,train,341,123,risk,5,5,0.1,0.9,0.18099664897669618,default,100,9.7,4,1,1,0,0,0.0006043050000243966,
trap_penalty_q_learning_10_q_learning_123_f70ef7ca,trap_penalty_q_learning_10,q_learning,train,342,123,risk,5,5,0.1,0.9,0.1800916657318127,default,100,-10.2,3,0,1,0,1,0.0004216590000396536,
trap_penalty_q_learning_10_q_learning_123_f70ef7ca,trap_penalty_q_learning_10,q_learning,train,343,123,risk,5,5,0.1,0.9,0.17919120740315364,default,100,9.7,4,1,1,0,0,0.0006508579999717767,
trap_penalty_q_learning_10_q_learning_123_f70ef7ca,trap_penalty_q_learning_10,q_learning,train,344,123,risk,5,5,0.1,0.9,0.17829525136613786,default,100,9.7,4,1,1,0,0,0.0005807669999740028,
trap_penalty_q_learning_10_q_learning_123_f70ef7ca,trap_penalty_q_learning_10,q_learning,train,345,123,risk,5,5,0.1,0.9,0.17740377510930716,default,100,9.7,4,1,1,0,0,0.0005976319998808322,
trap_penalty_q_learning_10_q_learning_123_f70ef7ca,trap_penalty_q_learning_10,q_learning,train,346,123,risk,5,5,0.1,0.9,0.17651675623376062,default,100,8.3,9,1,1,0,0,0.0009031829999912588,
trap_penalty_q_learning_10_q_learning_123_f70ef7ca,trap_penalty_q_learning_10,q_learning,train,347,123,risk,5,5,0.1,0.9,0.1756341724525918,default,100,9.7,4,1,1,0,0,0.0005832569997892278,
trap_penalty_q_learning_10_q_learning_123_f70ef7ca,trap_penalty_q_learning_10,q_learning,train,348,123,risk,5,5,0.1,0.9,0.17475600159032884,default,100,9.7,4,1,1,0,0,0.0005282419999730337,
trap_penalty_q_learning_10_q_learning_123_f70ef7ca,trap_penalty_q_learning_10,q_learning,train,349,123,risk,5,5,0.1,0.9,0.17388222158237718,default,100,9.7,4,1,1,0,0,0.0006030460001511528,
trap_penalty_q_learning_10_q_learning_123_f70ef7ca,trap_penalty_q_learning_10,q_learning,train,350,123,risk,5,5,0.1,0.9,0.1730128104744653,default,100,9.7,4,1,1,0,0,0.0005893730001389486,
trap_penalty_q_learning_10_q_learning_123_f70ef7ca,trap_penalty_q_learning_10,q_learning,train,351,123,risk,5,5,0.1,0.9,0.17214774642209296,default,100,9.7,4,1,1,0,0,0.000529244000063045,
trap_penalty_q_learning_10_q_learning_123_f70ef7ca,trap_penalty_q_learning_10,q_learning,train,352,123,risk,5,5,0.1,0.9,0.1712870076899825,default,100,9.5,6,1,1,0,0,0.0007387929999822518,
trap_penalty_q_learning_10_q_learning_123_f70ef7ca,trap_penalty_q_learning_10,q_learning,train,353,123,risk,5,5,0.1,0.9,0.17043057265153258,default,100,8.7,5,1,1,0,0,0.000571270999898843,
trap_penalty_q_learning_10_q_learning_123_f70ef7ca,trap_penalty_q_learning_10,q_learning,train,354,123,risk,5,5,0.1,0.9,0.16957841978827493,default,100,9.5,6,1,1,0,0,0.0006937409998499788,
trap_penalty_q_learning_10_q_learning_123_f70ef7ca,trap_penalty_q_learning_10,q_learning,train,355,123,risk,5,5,0.1,0.9,0.16873052768933355,default,100,8.7,5,1,1,0,0,0.0006649190002008254,
trap_penalty_q_learning_10_q_learning_123_f70ef7ca,trap_penalty_q_learning_10,q_learning,train,356,123,risk,5,5,0.1,0.9,0.1678868750508869,default,100,8.7,5,1,1,0,0,0.000643939999918075,
trap_penalty_q_learning_10_q_learning_123_f70ef7ca,trap_penalty_q_learning_10,q_learning,train,357,123,risk,5,5,0.1,0.9,0.16704744067563246,default,100,9.7,4,1,1,0,0,0.0005923969999912515,
trap_penalty_q_learning_10_q_learning_123_f70ef7ca,trap_penalty_q_learning_10,q_learning,train,358,123,risk,5,5,0.1,0.9,0.1662122034722543,default,100,9.7,4,1,1,0,0,0.0005153929998868989,
trap_penalty_q_learning_10_q_learning_123_f70ef7ca,trap_penalty_q_learning_10,q_learning,train,359,123,risk,5,5,0.1,0.9,0.16538114245489302,default,100,9.7,4,1,1,0,0,0.0005862310001703008,
trap_penalty_q_learning_10_q_learning_123_f70ef7ca,trap_penalty_q_learning_10,q_learning,train,360,123,risk,5,5,0.1,0.9,0.16455423674261854,default,100,9.7,4,1,1,0,0,0.0005745690000367176,
trap_penalty_q_learning_10_q_learning_123_f70ef7ca,trap_penalty_q_learning_10,q_learning,train,361,123,risk,5,5,0.1,0.9,0.16373146555890544,default,100,8.7,5,1,1,0,0,0.0006507109999347449,
trap_penalty_q_learning_10_q_learning_123_f70ef7ca,trap_penalty_q_learning_10,q_learning,train,362,123,risk,5,5,0.1,0.9,0.16291280823111093,default,100,9.1,10,1,1,0,0,0.0011777189999975235,
trap_penalty_q_learning_10_q_learning_123_f70ef7ca,trap_penalty_q_learning_10,q_learning,train,363,123,risk,5,5,0.1,0.9,0.16209824418995536,default,100,9.7,4,1,1,0,0,0.0005865939999694092,
trap_penalty_q_learning_10_q_learning_123_f70ef7ca,trap_penalty_q_learning_10,q_learning,train,364,123,risk,5,5,0.1,0.9,0.16128775296900558,default,100,9.7,4,1,1,0,0,0.0005933030001870065,
trap_penalty_q_learning_10_q_learning_123_f70ef7ca,trap_penalty_q_learning_10,q_learning,train,365,123,risk,5,5,0.1,0.9,0.16048131420416054,default,100,7.699999999999999,6,1,1,0,0,0.0007114830000318761,
trap_penalty_q_learning_10_q_learning_123_f70ef7ca,trap_penalty_q_learning_10,q_learning,train,366,123,risk,5,5,0.1,0.9,0.15967890763313974,default,100,9.7,4,1,1,0,0,0.0005972910000764386,
trap_penalty_q_learning_10_q_learning_123_f70ef7ca,trap_penalty_q_learning_10,q_learning,train,367,123,risk,5,5,0.1,0.9,0.15888051309497406,default,100,9.7,4,1,1,0,0,0.0005873520001387078,
trap_penalty_q_learning_10_q_learning_123_f70ef7ca,trap_penalty_q_learning_10,q_learning,train,368,123,risk,5,5,0.1,0.9,0.1580861105294992,default,100,9.5,6,1,1,0,0,0.0007408399999349058,
trap_penalty_q_learning_10_q_learning_123_f70ef7ca,trap_penalty_q_learning_10,q_learning,train,369,123,risk,5,5,0.1,0.9,0.1572956799768517,default,100,9.7,4,1,1,0,0,0.0005862079999587877,
trap_penalty_q_learning_10_q_learning_123_f70ef7ca,trap_penalty_q_learning_10,q_learning,train,370,123,risk,5,5,0.1,0.9,0.15650920157696743,default,100,9.7,4,1,1,0,0,0.0005871700000170677,
trap_penalty_q_learning_10_q_learning_123_f70ef7ca,trap_penalty_q_learning_10,q_learning,train,371,123,risk,5,5,0.1,0.9,0.1557266555690826,default,100,9.7,4,1,1,0,0,0.000548906999938481,
trap_penalty_q_learning_10_q_learning_123_f70ef7ca,trap_penalty_q_learning_10,q_learning,train,372,123,risk,5,5,0.1,0.9,0.1549480222912372,default,100,7.699999999999999,6,1,1,0,0,0.0007108950001111225,
trap_penalty_q_learning_10_q_learning_123_f70ef7ca,trap_penalty_q_learning_10,q_learning,train,373,123,risk,5,5,0.1,0.9,0.15417328217978102,default,100,9.7,4,1,1,0,0,0.0005793039999844041,
trap_penalty_q_learning_10_q_learning_123_f70ef7ca,trap_penalty_q_learning_10,q_learning,train,374,123,risk,5,5,0.1,0.9,0.1534024157688821,default,100,8.5,7,1,1,0,0,0.0006751949999852513,
trap_penalty_q_learning_10_q_learning_123_f70ef7ca,trap_penalty_q_learning_10,q_learning,train,375,123,risk,5,5,0.1,0.9,0.1526354036900377,default,100,9.7,4,1,1,0,0,0.0005964949998542579,
trap_penalty_q_learning_10_q_learning_123_f70ef7ca,trap_penalty_q_learning_10,q_learning,train,376,123,risk,5,5,0.1,0.9,0.1518722266715875,default,100,9.7,4,1,1,0,0,0.0005720159999782481,
trap_penalty_q_learning_10_q_learning_123_f70ef7ca,trap_penalty_q_learning_10,q_learning,train,377,123,risk,5,5,0.1,0.9,0.15111286553822956,default,100,9.7,4,1,1,0,0,0.0005897720000120898,
trap_penalty_q_learning_10_q_learning_123_f70ef7ca,trap_penalty_q_learning_10,q_learning,train,378,123,risk,5,5,0.1,0.9,0.15035730121053842,default,100,9.3,8,1,1,0,0,0.0009285270000418677,
trap_penalty_q_learning_10_q_learning_123_f70ef7ca,trap_penalty_q_learning_10,q_learning,train,379,123,risk,5,5,0.1,0.9,0.14960551470448571,default,100,9.7,4,1,1,0,0,0.0005751740000050631,
trap_penalty_q_learning_10_q_learning_123_f70ef7ca,trap_penalty_q_learning_10,q_learning,train,380,123,risk,5,5,0.1,0.9,0.14885748713096328,default,100,8.7,5,1,1,0,0,0.0006294339998476062,
trap_penalty_q_learning_10_q_learning_123_f70ef7ca,trap_penalty_q_learning_10,q_learning,train,381,123,risk,5,5,0.1,0.9,0.14811319969530845,default,100,9.7,4,1,1,0,0,0.0006427729999813891,
trap_penalty_q_learning_10_q_learning_123_f70ef7ca,trap_penalty_q_learning_10,q_learning,train,382,123,risk,5,5,0.1,0.9,0.1473726336968319,default,100,8.5,7,1,1,0,0,0.000818766000065807,
trap_penalty_q_learning_10_q_learning_123_f70ef7ca,trap_penalty_q_learning_10,q_learning,train,383,123,risk,5,5,0.1,0.9,0.14663577052834775,default,100,9.7,4,1,1,0,0,0.0004629920001661958,
trap_penalty_q_learning_10_q_learning_123_f70ef7ca,trap_penalty_q_learning_10,q_learning,train,384,123,risk,5,5,0.1,0.9,0.14590259167570602,default,100,7.7,6,1,1,0,0,0.0006786390001707332,
trap_penalty_q_learning_10_q_learning_123_f70ef7ca,trap_penalty_q_learning_10,q_learning,train,385,123,risk,5,5,0.1,0.9,0.1451730787173275,default,100,9.7,4,1,1,0,0,0.0005929799999648822,
trap_penalty_q_learning_10_q_learning_123_f70ef7ca,trap_penalty_q_learning_10,q_learning,train,386,123,risk,5,5,0.1,0.9,0.14444721332374086,default,100,9.7,4,1,1,0,0,0.0005775300001005235,
trap_penalty_q_learning_10_q_learning_123_f70ef7ca,trap_penalty_q_learning_10,q_learning,train,387,123,risk,5,5,0.1,0.9,0.14372497725712216,default,100,9.7,4,1,1,0,0,0.0006067700001040066,
trap_penalty_q_learning_10_q_learning_123_f70ef7ca,trap_penalty_q_learning_10,q_learning,train,388,123,risk,5,5,0.1,0.9,0.14300635237083656,default,100,9.7,4,1,1,0,0,0.0005916990000969236,
trap_penalty_q_learning_10_q_learning_123_f70ef7ca,trap_penalty_q_learning_10,q_learning,train,389,123,risk,5,5,0.1,0.9,0.14229132060898236,default,100,8.7,5,1,1,0,0,0.0006227170001693594,
trap_penalty_q_learning_10_q_learning_123_f70ef7ca,trap_penalty_q_learning_10,q_learning,train,390,123,risk,5,5,0.1,0.9,0.14157986400593744,default,100,9.7,4,1,1,0,0,0.000586000000112108,
trap_penalty_q_learning_10_q_learning_123_f70ef7ca,trap_penalty_q_learning_10,q_learning,train,391,123,risk,5,5,0.1,0.9,0.14087196468590776,default,100,9.7,4,1,1,0,0,0.0005778649999683694,
trap_penalty_q_learning_10_q_learning_123_f70ef7ca,trap_penalty_q_learning_10,q_learning,train,392,123,risk,5,5,0.1,0.9,0.14016760486247823,default,100,9.7,4,1,1,0,0,0.0005872320000435138,
trap_penalty_q_learning_10_q_learning_123_f70ef7ca,trap_penalty_q_learning_10,q_learning,train,393,123,risk,5,5,0.1,0.9,0.13946676683816583,default,100,-10.6,7,0,1,0,1,0.0007311179999760498,
trap_penalty_q_learning_10_q_learning_123_f70ef7ca,trap_penalty_q_learning_10,q_learning,train,394,123,risk,5,5,0.1,0.9,0.138769433003975,default,100,9.7,4,1,1,0,0,0.0006047490001037659,
trap_penalty_q_learning_10_q_learning_123_f70ef7ca,trap_penalty_q_learning_10,q_learning,train,395,123,risk,5,5,0.1,0.9,0.13807558583895513,default,100,9.7,4,1,1,0,0,0.0005893359998481174,
trap_penalty_q_learning_10_q_learning_123_f70ef7ca,trap_penalty_q_learning_10,q_learning,train,396,123,risk,5,5,0.1,0.9,0.13738520790976036,default,100,9.5,6,1,1,0,0,0.0007572489998892706,
trap_penalty_q_learning_10_q_learning_123_f70ef7ca,trap_penalty_q_learning_10,q_learning,train,397,123,risk,5,5,0.1,0.9,0.13669828187021155,default,100,9.7,4,1,1,0,0,0.0005757409999205265,
trap_penalty_q_learning_10_q_learning_123_f70ef7ca,trap_penalty_q_learning_10,q_learning,train,398,123,risk,5,5,0.1,0.9,0.13601479046086049,default,100,8.7,5,1,1,0,0,0.0006327030000647937,
trap_penalty_q_learning_10_q_learning_123_f70ef7ca,trap_penalty_q_learning_10,q_learning,train,399,123,risk,5,5,0.1,0.9,0.1353347165085562,default,100,8.7,5,1,1,0,0,0.0006359049998536648,
trap_penalty_q_learning_10_q_learning_123_f70ef7ca,trap_penalty_q_learning_10,q_learning,train,400,123,risk,5,5,0.1,0.9,0.1346580429260134,default,100,9.5,6,1,1,0,0,0.0007097510001585761,results/trap_penalty/q_learning/trap_10/seed_123/qtable_ep400.npz
trap_penalty_q_learning_10_q_learning_123_f70ef7ca,trap_penalty_q_learning_10,q_learning,train,401,123,risk,5,5,0.1,0.9,0.13398475271138335,default,100,9.7,4,1,1,0,0,0.0005579740000030142,
trap_penalty_q_learning_10_q_learning_123_f70ef7ca,trap_penalty_q_learning_10,q_learning,train,402,123,risk,5,5,0.1,0.9,0.13331482894782642,default,100,9.7,4,1,1,0,0,0.0006139530000837112,
trap_penalty_q_learning_10_q_learning_123_f70ef7ca,trap_penalty_q_learning_10,q_learning,train,403,123,risk,5,5,0.1,0.9,0.13264825480308728,default,100,9.7,4,1,1,0,0,0.0005979169998227007,
trap_penalty_q_learning_10_q_learning_123_f70ef7ca,trap_penalty_q_learning_10,q_learning,train,404,123,risk,5,5,0.1,0.9,0.13198501352907185,default,100,9.5,6,1,1,0,0,0.000754893000021184,
trap_penalty_q_learning_10_q_learning_123_f70ef7ca,trap_penalty_q_learning_10,q_learning,train,405,123,risk,5,5,0.1,0.9,0.1313250884614265,default,100,9.7,4,1,1,0,0,0.0005783080000583141,
trap_penalty_q_learning_10_q_learning_123_f70ef7ca,trap_penalty_q_learning_10,q_learning,train,406,123,risk,5,5,0.1,0.9,0.13066846301911936,default,100,9.5,6,1,1,0,0,0.0007521410000208562,
trap_penalty_q_learning_10_q_learning_123_f70ef7ca,trap_penalty_q_learning_10,q_learning,train,407,123,risk,5,5,0.1,0.9,0.13001512070402377,default,100,9.7,4,1,1,0,0,0.0005897309999909339,
trap_penalty_q_learning_10_q_learning_123_f70ef7ca,trap_penalty_q_learning_10,q_learning,train,408,123,risk,5,5,0.1,0.9,0.12936504510050365,default,100,9.7,4,1,1,0,0,0.0005982229999972333,
trap_penalty_q_learning_10_q_learning_123_f70ef7ca,trap_penalty_q_learning_10,q_learning,train,409,123,risk,5,5,0.1,0.9,0.12871821987500112,default,100,9.7,4,1,1,0,0,0.0005912789999911183,
trap_penalty_q_learning_10_q_learning_123_f70ef7ca,trap_penalty_q_learning_10,q_learning,train,410,123,risk,5,5,0.1,0.9,0.12807462877562611,default,100,9.7,4,1,1,0,0,0.0005838079998738976,
trap_penalty_q_learning_10_q_learning_123_f70ef7ca,trap_penalty_q_learning_10,q_learning,train,411,123,risk,5,5,0.1,0.9,0.12743425563174798,default,100,9.7,4,1,1,0,0,0.0005822220000482048,
trap_penalty_q_learning_10_q_learning_123_f70ef7ca,trap_penalty_q_learning_10,q_learning,train,412,123,risk,5,5,0.1,0.9,0.12679708435358925,default,100,7.699999999999999,6,1,1,0,0,0.0006918219999079156,
trap_penalty_q_learning_10_q_learning_123_f70ef7ca,trap_penalty_q_learning_10,q_learning,train,413,123,risk,5,5,0.1,0.9,0.1261630989318213,default,100,9.5,6,1,1,0,0,0.0006139869999515213,
trap_penalty_q_learning_10_q_learning_123_f70ef7ca,trap_penalty_q_learning_10,q_learning,train,414,123,risk,5,5,0.1,0.9,0.1255322834371622,default,100,9.7,4,1,1,0,0,0.0006224500000371336,
trap_penalty_q_learning_10_q_learning_123_f70ef7ca,trap_penalty_q_learning_10,q_learning,train,415,123,risk,5,5,0.1,0.9,0.12490462201997637,default,100,9.5,6,1,1,0,0,0.0007580429999052285,
trap_penalty_q_learning_10_q_learning_123_f70ef7ca,trap_penalty_q_learning_10,q_learning,train,416,123,risk,5,5,0.1,0.9,0.1242800989098765,default,100,9.7,4,1,1,0,0,0.0005819349999001133,
trap_penalty_q_learning_10_q_learning_123_f70ef7ca,trap_penalty_q_learning_10,q_learning,train,417,123,risk,5,5,0.1,0.9,0.12365869841532712,default,100,9.7,4,1,1,0,0,0.0005919810000705183,
trap_penalty_q_learning_10_q_learning_123_f70ef7ca,trap_penalty_q_learning_10,q_learning,train,418,123,risk,5,5,0.1,0.9,0.12304040492325048,default,100,9.5,6,1,1,0,0,0.0007607009999901493,
trap_penalty_q_learning_10_q_learning_123_f70ef7ca,trap_penalty_q_learning_10,q_learning,train,419,123,risk,5,5,0.1,0.9,0.12242520289863423,default,100,9.7,4,1,1,0,0,0.0005766179999682208,
trap_penalty_q_learning_10_q_learning_123_f70ef7ca,trap_penalty_q_learning_10,q_learning,train,420,123,risk,5,5,0.1,0.9,0.12181307688414106,default,100,8.7,5,1,1,0,0,0.0006590030000097613,
trap_penalty_q_learning_10_q_learning_123_f70ef7ca,trap_penalty_q_learning_10,q_learning,train,421,123,risk,5,5,0.1,0.9,0.12120401149972035,default,100,9.7,4,1,1,0,0,0.0006208550000792457,
trap_penalty_q_learning_10_q_learning_123_f70ef7ca,trap_penalty_q_learning_10,q_learning,train,422,123,risk,5,5,0.1,0.9,0.12059799144222175,default,100,9.7,4,1,1,0,0,0.0005989260000660579,
trap_penalty_q_learning_10_q_learning_123_f70ef7ca,trap_penalty_q_learning_10,q_learning,train,423,123,risk,5,5,0.1,0.9,0.11999500148501063,default,100,9.7,4,1,1,0,0,0.000578693000079511,
trap_penalty_q_learning_10_q_learning_123_f70ef7ca,trap_penalty_q_learning_10,q_learning,train,424,123,risk,5,5,0.1,0.9,0.11939502647758558,default,100,8.7,5,1,1,0,0,0.0006654609999259264,
trap_penalty_q_learning_10_q_learning_123_f70ef7ca,trap_penalty_q_learning_10,q_learning,train,425,123,risk,5,5,0.1,0.9,0.11879805134519765,default,100,9.7,4,1,1,0,0,0.0005993479999233386,
trap_penalty_q_learning_10_q_learning_123_f70ef7ca,trap_penalty_q_learning_10,q_learning,train,426,123,risk,5,5,0.1,0.9,0.11820406108847166,default,100,9.7,4,1,1,0,0,0.0005808789999264263,
trap_penalty_q_learning_10_q_learning_123_f70ef7ca,trap_penalty_q_learning_10,q_learning,train,427,123,risk,5,5,0.1,0.9,0.1176130407830293,default,100,9.7,4,1,1,0,0,0.0005262289998881897,
trap_penalty_q_learning_10_q_learning_123_f70ef7ca,trap_penalty_q_learning_10,q_learning,train,428,123,risk,5,5,0.1,0.9,0.11702497557911415,default,100,9.7,4,1,1,0,0,0.000591722000081063,
trap_penalty_q_learning_10_q_learning_123_f70ef7ca,trap_penalty_q_learning_10,q_learning,train,429,123,risk,5,5,0.1,0.9,0.11643985070121858,default,100,9.7,4,1,1,0,0,0.0005906149999646004,
trap_penalty_q_learning_10_q_learning_123_f70ef7ca,trap_penalty_q_learning_10,q_learning,train,430,123,risk,5,5,0.1,0.9,0.11585765144771248,default,100,9.7,4,1,1,0,0,0.0005876499999430962,
trap_penalty_q_learning_10_q_learning_123_f70ef7ca,trap_penalty_q_learning_10,q_learning,train,431,123,risk,5,5,0.1,0.9,0.11527836319047392,default,100,9.7,4,1,1,0,0,0.0006000219998441025,
trap_penalty_q_learning_10_q_learning_123_f70ef7ca,trap_penalty_q_learning_10,q_learning,train,432,123,risk,5,5,0.1,0.9,0.11470197137452155,default,100,9.5,6,1,1,0,0,0.0007563540000319335,
trap_penalty_q_learning_10_q_learning_123_f70ef7ca,trap_penalty_q_learning_10,q_learning,train,433,123,risk,5,5,0.1,0.9,0.11412846151764894,default,100,9.7,4,1,1,0,0,0.0005862699999852339,
trap_penalty_q_learning_10_q_learning_123_f70ef7ca,trap_penalty_q_learning_10,q_learning,train,434,123,risk,5,5,0.1,0.9,0.1135578192100607,default,100,9.7,4,1,1,0,0,0.0005744340001001547,
trap_penalty_q_learning_10_q_learning_123_f70ef7ca,trap_penalty_q_learning_10,q_learning,train,435,123,risk,5,5,0.1,0.9,0.11299003011401039,default,100,8.3,9,1,1,0,0,0.0009633060001306148,
trap_penalty_q_learning_10_q_learning_123_f70ef7ca,trap_penalty_q_learning_10,q_learning,train,436,123,risk,5,5,0.1,0.9,0.11242507996344034,default,100,9.5,6,1,1,0,0,0.0007536819998676947,
trap_penalty_q_learning_10_q_learning_123_f70ef7ca,trap_penalty_q_learning_10,q_learning,train,437,123,risk,5,5,0.1,0.9,0.11186295456362313,default,100,9.7,4,1,1,0,0,0.0006044850001671875,
trap_penalty_q_learning_10_q_learning_123_f70ef7ca,trap_penalty_q_learning_10,q_learning,train,438,123,risk,5,5,0.1,0.9,0.11130363979080501,default,100,9.7,4,1,1,0,0,0.000579015999846888,
trap_penalty_q_learning_10_q_learning_123_f70ef7ca,trap_penalty_q_learning_10,q_learning,train,439,123,risk,5,5,0.1,0.9,0.11074712159185099,default,100,9.7,4,1,1,0,0,0.0006624899999678746,
trap_penalty_q_learning_10_q_learning_123_f70ef7ca,trap_penalty_q_learning_10,q_learning,train,440,123,risk,5,5,0.1,0.9,0.11019338598389174,default,100,9.7,4,1,1,0,0,0.0005768220000845758,
trap_penalty_q_learning_10_q_learning_123_f70ef7ca,trap_penalty_q_learning_10,q_learning,train,441,123,risk,5,5,0.1,0.9,0.10964241905397228,default,100,9.7,4,1,1,0,0,0.0006245360000320943,
trap_penalty_q_learning_10_q_learning_123_f70ef7ca,trap_penalty_q_learning_10,q_learning,train,442,123,risk,5,5,0.1,0.9,0.10909420695870241,default,100,9.7,4,1,1,0,0,0.0006070169999929931,
trap_penalty_q_learning_10_q_learning_123_f70ef7ca,trap_penalty_q_learning_10,q_learning,train,443,123,risk,5,5,0.1,0.9,0.1085487359239089,default,100,9.7,4,1,1,0,0,0.0005897940000068047,
trap_penalty_q_learning_10_q_learning_123_f70ef7ca,trap_penalty_q_learning_10,q_learning,train,444,123,risk,5,5,0.1,0.9,0.10800599224428936,default,100,9.7,4,1,1,0,0,0.0005743090000578377,
trap_penalty_q_learning_10_q_learning_123_f70ef7ca,trap_penalty_q_learning_10,q_learning,train,445,123,risk,5,5,0.1,0.9,0.10746596228306791,default,100,9.7,4,1,1,0,0,0.0005856269999640062,
trap_penalty_q_learning_10_q_learning_123_f70ef7ca,trap_penalty_q_learning_10,q_learning,train,446,123,risk,5,5,0.1,0.9,0.10692863247165257,default,100,9.7,4,1,1,0,0,0.0005710679999992863,
trap_penalty_q_learning_10_q_learning_123_f70ef7ca,trap_penalty_q_learning_10,q_learning,train,447,123,risk,5,5,0.1,0.9,0.1063939893092943,default,100,8.5,7,1,1,0,0,0.0008339650000834808,
trap_penalty_q_learning_10_q_learning_123_f70ef7ca,trap_penalty_q_learning_10,q_learning,train,448,123,risk,5,5,0.1,0.9,0.10586201936274783,default,100,9.7,4,1,1,0,0,0.000528193000036481,
trap_penalty_q_learning_10_q_learning_123_f70ef7ca,trap_penalty_q_learning_10,q_learning,train,449,123,risk,5,5,0.1,0.9,0.10533270926593409,default,100,9.5,6,1,1,0,0,0.0007505139999466337,
trap_penalty_q_learning_10_q_learning_123_f70ef7ca,trap_penalty_q_learning_10,q_learning,train,450,123,risk,5,5,0.1,0.9,0.10480604571960442,default,100,8.7,5,1,1,0,0,0.000623937999989721,
trap_penalty_q_learning_10_q_learning_123_f70ef7ca,trap_penalty_q_learning_10,q_learning,train,451,123,risk,5,5,0.1,0.9,0.1042820154910064,default,100,8.5,7,1,1,0,0,0.0007992749999630178,
trap_penalty_q_learning_10_q_learning_123_f70ef7ca,trap_penalty_q_learning_10,q_learning,train,452,123,risk,5,5,0.1,0.9,0.10376060541355137,default,100,9.7,4,1,1,0,0,0.0005857889998424071,
trap_penalty_q_learning_10_q_learning_123_f70ef7ca,trap_penalty_q_learning_10,q_learning,train,453,123,risk,5,5,0.1,0.9,0.1032418023864836,default,100,9.5,6,1,1,0,0,0.0007626789999903849,
trap_penalty_q_learning_10_q_learning_123_f70ef7ca,trap_penalty_q_learning_10,q_learning,train,454,123,risk,5,5,0.1,0.9,0.10272559337455119,default,100,9.7,4,1,1,0,0,0.0005253299998457805,
trap_penalty_q_learning_10_q_learning_123_f70ef7ca,trap_penalty_q_learning_10,q_learning,train,455,123,risk,5,5,0.1,0.9,0.10221196540767843,default,100,8.7,5,1,1,0,0,0.0005569140000716288,
trap_penalty_q_learning_10_q_learning_123_f70ef7ca,trap_penalty_q_learning_10,q_learning,train,456,123,risk,5,5,0.1,0.9,0.10170090558064004,default,100,9.5,6,1,1,0,0,0.0007511940000313189,
trap_penalty_q_learning_10_q_learning_123_f70ef7ca,trap_penalty_q_learning_10,q_learning,train,457,123,risk,5,5,0.1,0.9,0.10119240105273684,default,100,9.7,4,1,1,0,0,0.0006024169999818696,
trap_penalty_q_learning_10_q_learning_123_f70ef7ca,trap_penalty_q_learning_10,q_learning,train,458,123,risk,5,5,0.1,0.9,0.10068643904747315,default,100,9.7,4,1,1,0,0,0.0005783849999261292,
trap_penalty_q_learning_10_q_learning_123_f70ef7ca,trap_penalty_q_learning_10,q_learning,train,459,123,risk,5,5,0.1,0.9,0.10018300685223579,default,100,9.7,4,1,1,0,0,0.000617616999988968,
trap_penalty_q_learning_10_q_learning_123_f70ef7ca,trap_penalty_q_learning_10,q_learning,train,460,123,risk,5,5,0.1,0.9,0.0996820918179746,default,100,9.7,4,1,1,0,0,0.0005948369998804992,
trap_penalty_q_learning_10_q_learning_123_f70ef7ca,trap_penalty_q_learning_10,q_learning,train,461,123,risk,5,5,0.1,0.9,0.09918368135888474,default,100,-10.2,3,0,1,0,1,0.0004349440000623872,
trap_penalty_q_learning_10_q_learning_123_f70ef7ca,trap_penalty_q_learning_10,q_learning,train,462,123,risk,5,5,0.1,0.9,0.09868776295209031,default,100,9.7,4,1,1,0,0,0.0005874800001492986,
trap_penalty_q_learning_10_q_learning_123_f70ef7ca,trap_penalty_q_learning_10,q_learning,train,463,123,risk,5,5,0.1,0.9,0.09819432413732986,default,100,8.7,5,1,1,0,0,0.0006484009998075635,
trap_penalty_q_learning_10_q_learning_123_f70ef7ca,trap_penalty_q_learning_10,q_learning,train,464,123,risk,5,5,0.1,0.9,0.09770335251664321,default,100,9.7,4,1,1,0,0,0.0005980549999549112,
trap_penalty_q_learning_10_q_learning_123_f70ef7ca,trap_penalty_q_learning_10,q_learning,train,465,123,risk,5,5,0.1,0.9,0.09721483575406,default,100,9.7,4,1,1,0,0,0.0005914179998853797,
trap_penalty_q_learning_10_q_learning_123_f70ef7ca,trap_penalty_q_learning_10,q_learning,train,466,123,risk,5,5,0.1,0.9,0.09672876157528969,default,100,9.7,4,1,1,0,0,0.0005843230001119082,
trap_penalty_q_learning_10_q_learning_123_f70ef7ca,trap_penalty_q_learning_10,q_learning,train,467,123,risk,5,5,0.1,0.9,0.09624511776741324,default,100,8.7,5,1,1,0,0,0.0006260269999529555,
trap_penalty_q_learning_10_q_learning_123_f70ef7ca,trap_penalty_q_learning_10,q_learning,train,468,123,risk,5,5,0.1,0.9,0.09576389217857617,default,100,9.7,4,1,1,0,0,0.000585810000075071,
trap_penalty_q_learning_10_q_learning_123_f70ef7ca,trap_penalty_q_learning_10,q_learning,train,469,123,risk,5,5,0.1,0.9,0.09528507271768329,default,100,9.7,4,1,1,0,0,0.0005733220000365691,
trap_penalty_q_learning_10_q_learning_123_f70ef7ca,trap_penalty_q_learning_10,q_learning,train,470,123,risk,5,5,0.1,0.9,0.09480864735409487,default,100,9.7,4,1,1,0,0,0.0006064019999030279,
trap_penalty_q_learning_10_q_learning_123_f70ef7ca,trap_penalty_q_learning_10,q_learning,train,471,123,risk,5,5,0.1,0.9,0.0943346041173244,default,100,9.7,4,1,1,0,0,0.0005291100001159066,
trap_penalty_q_learning_10_q_learning_123_f70ef7ca,trap_penalty_q_learning_10,q_learning,train,472,123,risk,5,5,0.1,0.9,0.09386293109673778,default,100,9.7,4,1,1,0,0,0.0005790570000954176,
trap_penalty_q_learning_10_q_learning_123_f70ef7ca,trap_penalty_q_learning_10,q_learning,train,473,123,risk,5,5,0.1,0.9,0.09339361644125409,default,100,9.7,4,1,1,0,0,0.0005852450001384568,
trap_penalty_q_learning_10_q_learning_123_f70ef7ca,trap_penalty_q_learning_10,q_learning,train,474,123,risk,5,5,0.1,0.9,0.09292664835904782,default,100,9.3,8,1,1,0,0,0.0009161749999293534,
trap_penalty_q_learning_10_q_learning_123_f70ef7ca,trap_penalty_q_learning_10,q_learning,train,475,123,risk,5,5,0.1,0.9,0.09246201511725258,default,100,9.7,4,1,1,0,0,0.0005739680000260705,
trap_penalty_q_learning_10_q_learning_123_f70ef7ca,trap_penalty_q_learning_10,q_learning,train,476,123,risk,5,5,0.1,0.9,0.09199970504166631,default,100,8.7,5,1,1,0,0,0.0006328679999114684,
trap_penalty_q_learning_10_q_learning_123_f70ef7ca,trap_penalty_q_learning_10,q_learning,train,477,123,risk,5,5,0.1,0.9,0.09153970651645797,default,100,9.7,4,1,1,0,0,0.0005383279999477963,
trap_penalty_q_learning_10_q_learning_123_f70ef7ca,trap_penalty_q_learning_10,q_learning,train,478,123,risk,5,5,0.1,0.9,0.09108200798387568,default,100,9.7,4,1,1,0,0,0.0005897410001125536,
trap_penalty_q_learning_10_q_learning_123_f70ef7ca,trap_penalty_q_learning_10,q_learning,train,479,123,risk,5,5,0.1,0.9,0.0906265979439563,default,100,9.7,4,1,1,0,0,0.0005829169999742589,
trap_penalty_q_learning_10_q_learning_123_f70ef7ca,trap_penalty_q_learning_10,q_learning,train,480,123,risk,5,5,0.1,0.9,0.09017346495423652,default,100,9.7,4,1,1,0,0,0.000571754000020519,
trap_penalty_q_learning_10_q_learning_123_f70ef7ca,trap_penalty_q_learning_10,q_learning,train,481,123,risk,5,5,0.1,0.9,0.08972259762946533,default,100,9.7,4,1,1,0,0,0.0006231960001059633,
trap_penalty_q_learning_10_q_learning_123_f70ef7ca,trap_penalty_q_learning_10,q_learning,train,482,123,risk,5,5,0.1,0.9,0.089273984641318,default,100,9.7,4,1,1,0,0,0.0005964090000816213,
trap_penalty_q_learning_10_q_learning_123_f70ef7ca,trap_penalty_q_learning_10,q_learning,train,483,123,risk,5,5,0.1,0.9,0.0888276147181114,default,100,9.7,4,1,1,0,0,0.0005771559999629972,
trap_penalty_q_learning_10_q_learning_123_f70ef7ca,trap_penalty_q_learning_10,q_learning,train,484,123,risk,5,5,0.1,0.9,0.08838347664452084,default,100,9.5,6,1,1,0,0,0.0007731559999228921,
trap_penalty_q_learning_10_q_learning_123_f70ef7ca,trap_penalty_q_learning_10,q_learning,train,485,123,risk,5,5,0.1,0.9,0.08794155926129824,default,100,9.7,4,1,1,0,0,0.0006005479999657837,
trap_penalty_q_learning_10_q_learning_123_f70ef7ca,trap_penalty_q_learning_10,q_learning,train,486,123,risk,5,5,0.1,0.9,0.08750185146499175,default,100,9.7,4,1,1,0,0,0.0005760279998412443,
trap_penalty_q_learning_10_q_learning_123_f70ef7ca,trap_penalty_q_learning_10,q_learning,train,487,123,risk,5,5,0.1,0.9,0.08706434220766679,default,100,9.7,4,1,1,0,0,0.0006121819999407307,
trap_penalty_q_learning_10_q_learning_123_f70ef7ca,trap_penalty_q_learning_10,q_learning,train,488,123,risk,5,5,0.1,0.9,0.08662902049662846,default,100,9.7,4,1,1,0,0,0.0005950480001502001,
trap_penalty_q_learning_10_q_learning_123_f70ef7ca,trap_penalty_q_learning_10,q_learning,train,489,123,risk,5,5,0.1,0.9,0.08619587539414532,default,100,9.7,4,1,1,0,0,0.000573223000174039,
trap_penalty_q_learning_10_q_learning_123_f70ef7ca,trap_penalty_q_learning_10,q_learning,train,490,123,risk,5,5,0.1,0.9,0.08576489601717459,default,100,9.7,4,1,1,0,0,0.0005851200000961398,
trap_penalty_q_learning_10_q_learning_123_f70ef7ca,trap_penalty_q_learning_10,q_learning,train,491,123,risk,5,5,0.1,0.9,0.08533607153708872,default,100,8.7,5,1,1,0,0,0.0006204619999152783,
trap_penalty_q_learning_10_q_learning_123_f70ef7ca,trap_penalty_q_learning_10,q_learning,train,492,123,risk,5,5,0.1,0.9,0.08490939117940327,default,100,9.7,4,1,1,0,0,0.0005861099998583086,
trap_penalty_q_learning_10_q_learning_123_f70ef7ca,trap_penalty_q_learning_10,q_learning,train,493,123,risk,5,5,0.1,0.9,0.08448484422350626,default,100,9.7,4,1,1,0,0,0.0005845299999691633,
trap_penalty_q_learning_10_q_learning_123_f70ef7ca,trap_penalty_q_learning_10,q_learning,train,494,123,risk,5,5,0.1,0.9,0.08406242000238873,default,100,9.7,4,1,1,0,0,0.000595173999954568,
trap_penalty_q_learning_10_q_learning_123_f70ef7ca,trap_penalty_q_learning_10,q_learning,train,495,123,risk,5,5,0.1,0.9,0.08364210790237678,default,100,9.7,4,1,1,0,0,0.0005230429999301123,
trap_penalty_q_learning_10_q_learning_123_f70ef7ca,trap_penalty_q_learning_10,q_learning,train,496,123,risk,5,5,0.1,0.9,0.0832238973628649,default,100,9.7,4,1,1,0,0,0.0005728280000312225,
trap_penalty_q_learning_10_q_learning_123_f70ef7ca,trap_penalty_q_learning_10,q_learning,train,497,123,risk,5,5,0.1,0.9,0.08280777787605056,default,100,9.7,4,1,1,0,0,0.0006284419998792146,
trap_penalty_q_learning_10_q_learning_123_f70ef7ca,trap_penalty_q_learning_10,q_learning,train,498,123,risk,5,5,0.1,0.9,0.08239373898667031,default,100,9.7,4,1,1,0,0,0.0005918410001868324,
trap_penalty_q_learning_10_q_learning_123_f70ef7ca,trap_penalty_q_learning_10,q_learning,train,499,123,risk,5,5,0.1,0.9,0.08198177029173696,default,100,9.7,4,1,1,0,0,0.0005707820000679931,
trap_penalty_q_learning_10_q_learning_123_f70ef7ca,trap_penalty_q_learning_10,q_learning,train,500,123,risk,5,5,0.1,0.9,0.08157186144027828,default,100,9.7,4,1,1,0,0,0.000584131000096022,
trap_penalty_q_learning_10_q_learning_123_f70ef7ca,trap_penalty_q_learning_10,q_learning,train,501,123,risk,5,5,0.1,0.9,0.0811640021330769,default,100,9.7,4,1,1,0,0,0.00062099899992063,
trap_penalty_q_learning_10_q_learning_123_f70ef7ca,trap_penalty_q_learning_10,q_learning,train,502,123,risk,5,5,0.1,0.9,0.08075818212241151,default,100,9.7,4,1,1,0,0,0.0005923710000388382,
trap_penalty_q_learning_10_q_learning_123_f70ef7ca,trap_penalty_q_learning_10,q_learning,train,503,123,risk,5,5,0.1,0.9,0.08035439121179945,default,100,9.7,4,1,1,0,0,0.0005787910001799901,
trap_penalty_q_learning_10_q_learning_123_f70ef7ca,trap_penalty_q_learning_10,q_learning,train,504,123,risk,5,5,0.1,0.9,0.07995261925574046,default,100,9.7,4,1,1,0,0,0.0005889599999591155,
trap_penalty_q_learning_10_q_learning_123_f70ef7ca,trap_penalty_q_learning_10,q_learning,train,505,123,risk,5,5,0.1,0.9,0.07955285615946175,default,100,9.7,4,1,1,0,0,0.0005365859999528766,
trap_penalty_q_learning_10_q_learning_123_f70ef7ca,trap_penalty_q_learning_10,q_learning,train,506,123,risk,5,5,0.1,0.9,0.07915509187866444,default,100,9.5,6,1,1,0,0,0.0007541659999787953,
trap_penalty_q_learning_10_q_learning_123_f70ef7ca,trap_penalty_q_learning_10,q_learning,train,507,123,risk,5,5,0.1,0.9,0.07875931641927113,default,100,9.7,4,1,1,0,0,0.000584071000048425,
trap_penalty_q_learning_10_q_learning_123_f70ef7ca,trap_penalty_q_learning_10,q_learning,train,508,123,risk,5,5,0.1,0.9,0.07836551983717477,default,100,9.7,4,1,1,0,0,0.0005167100000562641,
trap_penalty_q_learning_10_q_learning_123_f70ef7ca,trap_penalty_q_learning_10,q_learning,train,509,123,risk,5,5,0.1,0.9,0.07797369223798889,default,100,9.7,4,1,1,0,0,0.0005855530000644649,
trap_penalty_q_learning_10_q_learning_123_f70ef7ca,trap_penalty_q_learning_10,q_learning,train,510,123,risk,5,5,0.1,0.9,0.07758382377679894,default,100,9.7,4,1,1,0,0,0.0005744869999944058,
trap_penalty_q_learning_10_q_learning_123_f70ef7ca,trap_penalty_q_learning_10,q_learning,train,511,123,risk,5,5,0.1,0.9,0.07719590465791494,default,100,9.7,4,1,1,0,0,0.0005847699999321776,
trap_penalty_q_learning_10_q_learning_123_f70ef7ca,trap_penalty_q_learning_10,q_learning,train,512,123,risk,5,5,0.1,0.9,0.07680992513462537,default,100,9.7,4,1,1,0,0,0.0006080599998767866,
trap_penalty_q_learning_10_q_learning_123_f70ef7ca,trap_penalty_q_learning_10,q_learning,train,513,123,risk,5,5,0.1,0.9,0.07642587550895225,default,100,9.7,4,1,1,0,0,0.0005851949999851058,
trap_penalty_q_learning_10_q_learning_123_f70ef7ca,trap_penalty_q_learning_10,q_learning,train,514,123,risk,5,5,0.1,0.9,0.07604374613140748,default,100,9.7,4,1,1,0,0,0.0005246020000413409,
trap_penalty_q_learning_10_q_learning_123_f70ef7ca,trap_penalty_q_learning_10,q_learning,train,515,123,risk,5,5,0.1,0.9,0.07566352740075044,default,100,9.7,4,1,1,0,0,0.0005706469999040564,
trap_penalty_q_learning_10_q_learning_123_f70ef7ca,trap_penalty_q_learning_10,q_learning,train,516,123,risk,5,5,0.1,0.9,0.07528520976374668,default,100,9.7,4,1,1,0,0,0.000583508999852711,
trap_penalty_q_learning_10_q_learning_123_f70ef7ca,trap_penalty_q_learning_10,q_learning,train,517,123,risk,5,5,0.1,0.9,0.07490878371492794,default,100,9.7,4,1,1,0,0,0.0005697200001577585,
trap_penalty_q_learning_10_q_learning_123_f70ef7ca,trap_penalty_q_learning_10,q_learning,train,518,123,risk,5,5,0.1,0.9,0.0745342397963533,default,100,9.5,6,1,1,0,0,0.0007858379999561294,
trap_penalty_q_learning_10_q_learning_123_f70ef7ca,trap_penalty_q_learning_10,q_learning,train,519,123,risk,5,5,0.1,0.9,0.07416156859737154,default,100,9.7,4,1,1,0,0,0.0005895520000649412,
trap_penalty_q_learning_10_q_learning_123_f70ef7ca,trap_penalty_q_learning_10,q_learning,train,520,123,risk,5,5,0.1,0.9,0.07379076075438468,default,100,9.7,4,1,1,0,0,0.0005099069999232597,
trap_penalty_q_learning_10_q_learning_123_f70ef7ca,trap_penalty_q_learning_10,q_learning,train,521,123,risk,5,5,0.1,0.9,0.07342180695061275,default,100,9.7,4,1,1,0,0,0.0005957349999334838,
trap_penalty_q_learning_10_q_learning_123_f70ef7ca,trap_penalty_q_learning_10,q_learning,train,522,123,risk,5,5,0.1,0.9,0.07305469791585968,default,100,8.7,5,1,1,0,0,0.0006765949999589793,
trap_penalty_q_learning_10_q_learning_123_f70ef7ca,trap_penalty_q_learning_10,q_learning,train,523,123,risk,5,5,0.1,0.9,0.07268942442628039,default,100,9.7,4,1,1,0,0,0.0005966450000869372,
trap_penalty_q_learning_10_q_learning_123_f70ef7ca,trap_penalty_q_learning_10,q_learning,train,524,123,risk,5,5,0.1,0.9,0.07232597730414898,default,100,9.7,4,1,1,0,0,0.0005770069999471161,
trap_penalty_q_learning_10_q_learning_123_f70ef7ca,trap_penalty_q_learning_10,q_learning,train,525,123,risk,5,5,0.1,0.9,0.07196434741762824,default,100,9.7,4,1,1,0,0,0.000589141999853382,
trap_penalty_q_learning_10_q_learning_123_f70ef7ca,trap_penalty_q_learning_10,q_learning,train,526,123,risk,5,5,0.1,0.9,0.0716045256805401,default,100,8.5,7,1,1,0,0,0.0008004799999525858,
trap_penalty_q_learning_10_q_learning_123_f70ef7ca,trap_penalty_q_learning_10,q_learning,train,527,123,risk,5,5,0.1,0.9,0.0712465030521374,default,100,8.7,5,1,1,0,0,0.0006271400000059657,
trap_penalty_q_learning_10_q_learning_123_f70ef7ca,trap_penalty_q_learning_10,q_learning,train,528,123,risk,5,5,0.1,0.9,0.0708902705368767,default,100,9.7,4,1,1,0,0,0.0005927310000970465,
trap_penalty_q_learning_10_q_learning_123_f70ef7ca,trap_penalty_q_learning_10,q_learning,train,529,123,risk,5,5,0.1,0.9,0.07053581918419231,default,100,8.7,5,1,1,0,0,0.0006628950000049372,
trap_penalty_q_learning_10_q_learning_123_f70ef7ca,trap_penalty_q_learning_10,q_learning,train,530,123,risk,5,5,0.1,0.9,0.07018314008827135,default,100,9.7,4,1,1,0,0,0.0005749489998834179,
trap_penalty_q_learning_10_q_learning_123_f70ef7ca,trap_penalty_q_learning_10,q_learning,train,531,123,risk,5,5,0.1,0.9,0.06983222438783,default,100,8.7,5,1,1,0,0,0.0006372580000970629,
trap_penalty_q_learning_10_q_learning_123_f70ef7ca,trap_penalty_q_learning_10,q_learning,train,532,123,risk,5,5,0.1,0.9,0.06948306326589085,default,100,9.7,4,1,1,0,0,0.0005730380000841251,
trap_penalty_q_learning_10_q_learning_123_f70ef7ca,trap_penalty_q_learning_10,q_learning,train,533,123,risk,5,5,0.1,0.9,0.0691356479495614,default,100,8.7,5,1,1,0,0,0.000641320999875461,
trap_penalty_q_learning_10_q_learning_123_f70ef7ca,trap_penalty_q_learning_10,q_learning,train,534,123,risk,5,5,0.1,0.9,0.06878996970981359,default,100,9.7,4,1,1,0,0,0.0005876870000065537,
trap_penalty_q_learning_10_q_learning_123_f70ef7ca,trap_penalty_q_learning_10,q_learning,train,535,123,risk,5,5,0.1,0.9,0.06844601986126451,default,100,9.7,4,1,1,0,0,0.0005950730001131888,
trap_penalty_q_learning_10_q_learning_123_f70ef7ca,trap_penalty_q_learning_10,q_learning,train,536,123,risk,5,5,0.1,0.9,0.06810378976195819,default,100,9.7,4,1,1,0,0,0.000585480999916399,
trap_penalty_q_learning_10_q_learning_123_f70ef7ca,trap_penalty_q_learning_10,q_learning,train,537,123,risk,5,5,0.1,0.9,0.0677632708131484,default,100,9.7,4,1,1,0,0,0.0005086779999601276,
trap_penalty_q_learning_10_q_learning_123_f70ef7ca,trap_penalty_q_learning_10,q_learning,train,538,123,risk,5,5,0.1,0.9,0.06742445445908266,default,100,9.7,4,1,1,0,0,0.000594038999906843,
trap_penalty_q_learning_10_q_learning_123_f70ef7ca,trap_penalty_q_learning_10,q_learning,train,539,123,risk,5,5,0.1,0.9,0.06708733218678724,default,100,9.5,6,1,1,0,0,0.000683448000017961,
trap_penalty_q_learning_10_q_learning_123_f70ef7ca,trap_penalty_q_learning_10,q_learning,train,540,123,risk,5,5,0.1,0.9,0.0667518955258533,default,100,9.7,4,1,1,0,0,0.0005745050000314222,
trap_penalty_q_learning_10_q_learning_123_f70ef7ca,trap_penalty_q_learning_10,q_learning,train,541,123,risk,5,5,0.1,0.9,0.06641813604822402,default,100,9.7,4,1,1,0,0,0.0005932070000653766,
trap_penalty_q_learning_10_q_learning_123_f70ef7ca,trap_penalty_q_learning_10,q_learning,train,542,123,risk,5,5,0.1,0.9,0.0660860453679829,default,100,9.7,4,1,1,0,0,0.0005952649999017012,
trap_penalty_q_learning_10_q_learning_123_f70ef7ca,trap_penalty_q_learning_10,q_learning,train,543,123,risk,5,5,0.1,0.9,0.06575561514114299,default,100,9.7,4,1,1,0,0,0.0005929869998908543,
trap_penalty_q_learning_10_q_learning_123_f70ef7ca,trap_penalty_q_learning_10,q_learning,train,544,123,risk,5,5,0.1,0.9,0.06542683706543727,default,100,9.7,4,1,1,0,0,0.0005789629999526369,
trap_penalty_q_learning_10_q_learning_123_f70ef7ca,trap_penalty_q_learning_10,q_learning,train,545,123,risk,5,5,0.1,0.9,0.06509970288011008,default,100,9.7,4,1,1,0,0,0.0005876970001281734,
trap_penalty_q_learning_10_q_learning_123_f70ef7ca,trap_penalty_q_learning_10,q_learning,train,546,123,risk,5,5,0.1,0.9,0.06477420436570952,default,100,9.7,4,1,1,0,0,0.000598141999944346,
trap_penalty_q_learning_10_q_learning_123_f70ef7ca,trap_penalty_q_learning_10,q_learning,train,547,123,risk,5,5,0.1,0.9,0.06445033334388098,default,100,9.7,4,1,1,0,0,0.0005876469999748224,
trap_penalty_q_learning_10_q_learning_123_f70ef7ca,trap_penalty_q_learning_10,q_learning,train,548,123,risk,5,5,0.1,0.9,0.06412808167716157,default,100,9.7,4,1,1,0,0,0.0005891159999009687,
trap_penalty_q_learning_10_q_learning_123_f70ef7ca,trap_penalty_q_learning_10,q_learning,train,549,123,risk,5,5,0.1,0.9,0.06380744126877576,default,100,9.7,4,1,1,0,0,0.0005762820001109503,
trap_penalty_q_learning_10_q_learning_123_f70ef7ca,trap_penalty_q_learning_10,q_learning,train,550,123,risk,5,5,0.1,0.9,0.06348840406243188,default,100,9.7,4,1,1,0,0,0.0005843149999691377,
trap_penalty_q_learning_10_q_learning_123_f70ef7ca,trap_penalty_q_learning_10,q_learning,train,551,123,risk,5,5,0.1,0.9,0.06317096204211972,default,100,9.7,4,1,1,0,0,0.000569995999967432,
trap_penalty_q_learning_10_q_learning_123_f70ef7ca,trap_penalty_q_learning_10,q_learning,train,552,123,risk,5,5,0.1,0.9,0.06285510723190912,default,100,9.7,4,1,1,0,0,0.0005831379999108321,
trap_penalty_q_learning_10_q_learning_123_f70ef7ca,trap_penalty_q_learning_10,q_learning,train,553,123,risk,5,5,0.1,0.9,0.06254083169574957,default,100,9.7,4,1,1,0,0,0.0005942110001342371,
trap_penalty_q_learning_10_q_learning_123_f70ef7ca,trap_penalty_q_learning_10,q_learning,train,554,123,risk,5,5,0.1,0.9,0.062228127537270826,default,100,9.7,4,1,1,0,0,0.0005322540000634035,
trap_penalty_q_learning_10_q_learning_123_f70ef7ca,trap_penalty_q_learning_10,q_learning,train,555,123,risk,5,5,0.1,0.9,0.06191698689958447,default,100,9.7,4,1,1,0,0,0.0005872009999166039,
trap_penalty_q_learning_10_q_learning_123_f70ef7ca,trap_penalty_q_learning_10,q_learning,train,556,123,risk,5,5,0.1,0.9,0.061607401965086545,default,100,9.7,4,1,1,0,0,0.0005704540001261194,
trap_penalty_q_learning_10_q_learning_123_f70ef7ca,trap_penalty_q_learning_10,q_learning,train,557,123,risk,5,5,0.1,0.9,0.06129936495526111,default,100,9.5,6,1,1,0,0,0.0007447289999618079,
trap_penalty_q_learning_10_q_learning_123_f70ef7ca,trap_penalty_q_learning_10,q_learning,train,558,123,risk,5,5,0.1,0.9,0.0609928681304848,default,100,9.7,4,1,1,0,0,0.0005847360000643675,
trap_penalty_q_learning_10_q_learning_123_f70ef7ca,trap_penalty_q_learning_10,q_learning,train,559,123,risk,5,5,0.1,0.9,0.060687903789832374,default,100,9.5,6,1,1,0,0,0.0008294390001992724,
trap_penalty_q_learning_10_q_learning_123_f70ef7ca,trap_penalty_q_learning_10,q_learning,train,560,123,risk,5,5,0.1,0.9,0.06038446427088321,default,100,9.7,4,1,1,0,0,0.0006002860000080545,
trap_penalty_q_learning_10_q_learning_123_f70ef7ca,trap_penalty_q_learning_10,q_learning,train,561,123,risk,5,5,0.1,0.9,0.06008254194952879,default,100,9.7,4,1,1,0,0,0.00061464899999919,
trap_penalty_q_learning_10_q_learning_123_f70ef7ca,trap_penalty_q_learning_10,q_learning,train,562,123,risk,5,5,0.1,0.9,0.05978212923978115,default,100,9.7,4,1,1,0,0,0.0005946889998540428,
trap_penalty_q_learning_10_q_learning_123_f70ef7ca,trap_penalty_q_learning_10,q_learning,train,563,123,risk,5,5,0.1,0.9,0.05948321859358224,default,100,9.7,4,1,1,0,0,0.0005983050000395451,
trap_penalty_q_learning_10_q_learning_123_f70ef7ca,trap_penalty_q_learning_10,q_learning,train,564,123,risk,5,5,0.1,0.9,0.05918580250061433,default,100,9.7,4,1,1,0,0,0.0005943169999227393,
trap_penalty_q_learning_10_q_learning_123_f70ef7ca,trap_penalty_q_learning_10,q_learning,train,565,123,risk,5,5,0.1,0.9,0.058889873488111255,default,100,9.7,4,1,1,0,0,0.0005730560001211416,
trap_penalty_q_learning_10_q_learning_123_f70ef7ca,trap_penalty_q_learning_10,q_learning,train,566,123,risk,5,5,0.1,0.9,0.058595424120670696,default,100,9.7,4,1,1,0,0,0.0005884729998797411,
trap_penalty_q_learning_10_q_learning_123_f70ef7ca,trap_penalty_q_learning_10,q_learning,train,567,123,risk,5,5,0.1,0.9,0.05830244700006734,default,100,8.7,5,1,1,0,0,0.0006365709998590319,
trap_penalty_q_learning_10_q_learning_123_f70ef7ca,trap_penalty_q_learning_10,q_learning,train,568,123,risk,5,5,0.1,0.9,0.058010934765067,default,100,8.5,7,1,1,0,0,0.0007838589999664691,
trap_penalty_q_learning_10_q_learning_123_f70ef7ca,trap_penalty_q_learning_10,q_learning,train,569,123,risk,5,5,0.1,0.9,0.05772088009124167,default,100,9.7,4,1,1,0,0,0.0006271289998949214,
trap_penalty_q_learning_10_q_learning_123_f70ef7ca,trap_penalty_q_learning_10,q_learning,train,570,123,risk,5,5,0.1,0.9,0.05743227569078546,default,100,9.7,4,1,1,0,0,0.0006049950000033277,
trap_penalty_q_learning_10_q_learning_123_f70ef7ca,trap_penalty_q_learning_10,q_learning,train,571,123,risk,5,5,0.1,0.9,0.05714511431233153,default,100,9.7,4,1,1,0,0,0.0005754280000473955,
trap_penalty_q_learning_10_q_learning_123_f70ef7ca,trap_penalty_q_learning_10,q_learning,train,572,123,risk,5,5,0.1,0.9,0.05685938874076987,default,100,9.7,4,1,1,0,0,0.0005232189998878312,
trap_penalty_q_learning_10_q_learning_123_f70ef7ca,trap_penalty_q_learning_10,q_learning,train,573,123,risk,5,5,0.1,0.9,0.056575091797066025,default,100,9.7,4,1,1,0,0,0.0005711750000045868,
trap_penalty_q_learning_10_q_learning_123_f70ef7ca,trap_penalty_q_learning_10,q_learning,train,574,123,risk,5,5,0.1,0.9,0.056292216338080694,default,100,8.7,5,1,1,0,0,0.0006398600000920851,
trap_penalty_q_learning_10_q_learning_123_f70ef7ca,trap_penalty_q_learning_10,q_learning,train,575,123,risk,5,5,0.1,0.9,0.05601075525639029,default,100,9.7,4,1,1,0,0,0.0005936309999015066,
trap_penalty_q_learning_10_q_learning_123_f70ef7ca,trap_penalty_q_learning_10,q_learning,train,576,123,risk,5,5,0.1,0.9,0.05573070148010834,default,100,9.7,4,1,1,0,0,0.0005955569999969157,
trap_penalty_q_learning_10_q_learning_123_f70ef7ca,trap_penalty_q_learning_10,q_learning,train,577,123,risk,5,5,0.1,0.9,0.0554520479727078,default,100,9.7,4,1,1,0,0,0.0005917309999858844,
trap_penalty_q_learning_10_q_learning_123_f70ef7ca,trap_penalty_q_learning_10,q_learning,train,578,123,risk,5,5,0.1,0.9,0.05517478773284426,default,100,9.7,4,1,1,0,0,0.0005839860000378394,
trap_penalty_q_learning_10_q_learning_123_f70ef7ca,trap_penalty_q_learning_10,q_learning,train,579,123,risk,5,5,0.1,0.9,0.05489891379418004,default,100,9.7,4,1,1,0,0,0.0005722660000628821,
trap_penalty_q_learning_10_q_learning_123_f70ef7ca,trap_penalty_q_learning_10,q_learning,train,580,123,risk,5,5,0.1,0.9,0.05462441922520914,default,100,9.7,4,1,1,0,0,0.0005894629998692835,
trap_penalty_q_learning_10_q_learning_123_f70ef7ca,trap_penalty_q_learning_10,q_learning,train,581,123,risk,5,5,0.1,0.9,0.0543512971290831,default,100,9.7,4,1,1,0,0,0.0006146349999198719,
trap_penalty_q_learning_10_q_learning_123_f70ef7ca,trap_penalty_q_learning_10,q_learning,train,582,123,risk,5,5,0.1,0.9,0.05407954064343768,default,100,8.7,5,1,1,0,0,0.0006339879998904507,
trap_penalty_q_learning_10_q_learning_123_f70ef7ca,trap_penalty_q_learning_10,q_learning,train,583,123,risk,5,5,0.1,0.9,0.05380914294022049,default,100,9.7,4,1,1,0,0,0.0005913439999858383,
trap_penalty_q_learning_10_q_learning_123_f70ef7ca,trap_penalty_q_learning_10,q_learning,train,584,123,risk,5,5,0.1,0.9,0.05354009722551939,default,100,9.7,4,1,1,0,0,0.0005915120000281604,
trap_penalty_q_learning_10_q_learning_123_f70ef7ca,trap_penalty_q_learning_10,q_learning,train,585,123,risk,5,5,0.1,0.9,0.05327239673939179,default,100,9.7,4,1,1,0,0,0.0005745559999468242,
trap_penalty_q_learning_10_q_learning_123_f70ef7ca,trap_penalty_q_learning_10,q_learning,train,586,123,risk,5,5,0.1,0.9,0.053006034755694834,default,100,9.7,4,1,1,0,0,0.0005811769999581884,
trap_penalty_q_learning_10_q_learning_123_f70ef7ca,trap_penalty_q_learning_10,q_learning,train,587,123,risk,5,5,0.1,0.9,0.052741004581916356,default,100,8.7,5,1,1,0,0,0.0006444650000503316,
trap_penalty_q_learning_10_q_learning_123_f70ef7ca,trap_penalty_q_learning_10,q_learning,train,588,123,risk,5,5,0.1,0.9,0.052477299559006776,default,100,8.7,5,1,1,0,0,0.0006410660000710777,
trap_penalty_q_learning_10_q_learning_123_f70ef7ca,trap_penalty_q_learning_10,q_learning,train,589,123,risk,5,5,0.1,0.9,0.052214913061211746,default,100,9.7,4,1,1,0,0,0.0005891690000225935,
trap_penalty_q_learning_10_q_learning_123_f70ef7ca,trap_penalty_q_learning_10,q_learning,train,590,123,risk,5,5,0.1,0.9,0.05195383849590569,default,100,9.7,4,1,1,0,0,0.0005088699999760138,
trap_penalty_q_learning_10_q_learning_123_f70ef7ca,trap_penalty_q_learning_10,q_learning,train,591,123,risk,5,5,0.1,0.9,0.05169406930342616,default,100,9.7,4,1,1,0,0,0.0005809489998682693,
trap_penalty_q_learning_10_q_learning_123_f70ef7ca,trap_penalty_q_learning_10,q_learning,train,592,123,risk,5,5,0.1,0.9,0.05143559895690903,default,100,9.7,4,1,1,0,0,0.0005671650001204398,
trap_penalty_q_learning_10_q_learning_123_f70ef7ca,trap_penalty_q_learning_10,q_learning,train,593,123,risk,5,5,0.1,0.9,0.051178420962124486,default,100,9.7,4,1,1,0,0,0.0006025830000453425,
trap_penalty_q_learning_10_q_learning_123_f70ef7ca,trap_penalty_q_learning_10,q_learning,train,594,123,risk,5,5,0.1,0.9,0.05092252885731386,default,100,9.7,4,1,1,0,0,0.0005991969999286084,
trap_penalty_q_learning_10_q_learning_123_f70ef7ca,trap_penalty_q_learning_10,q_learning,train,595,123,risk,5,5,0.1,0.9,0.05066791621302729,default,100,9.7,4,1,1,0,0,0.0005715820000204985,
trap_penalty_q_learning_10_q_learning_123_f70ef7ca,trap_penalty_q_learning_10,q_learning,train,596,123,risk,5,5,0.1,0.9,0.05041457663196215,default,100,9.7,4,1,1,0,0,0.0005839149998791981,
trap_penalty_q_learning_10_q_learning_123_f70ef7ca,trap_penalty_q_learning_10,q_learning,train,597,123,risk,5,5,0.1,0.9,0.050162503748802344,default,100,9.5,6,1,1,0,0,0.0007448370001839066,
trap_penalty_q_learning_10_q_learning_123_f70ef7ca,trap_penalty_q_learning_10,q_learning,train,598,123,risk,5,5,0.1,0.9,0.05,default,100,9.7,4,1,1,0,0,0.0005711639998935425,
trap_penalty_q_learning_10_q_learning_123_f70ef7ca,trap_penalty_q_learning_10,q_learning,train,599,123,risk,5,5,0.1,0.9,0.05,default,100,9.7,4,1,1,0,0,0.0005953429999863147,
trap_penalty_q_learning_10_q_learning_123_f70ef7ca,trap_penalty_q_learning_10,q_learning,train,600,123,risk,5,5,0.1,0.9,0.05,default,100,9.7,4,1,1,0,0,0.0006009409999023774,results/trap_penalty/q_learning/trap_10/seed_123/qtable_ep600.npz
trap_penalty_q_learning_10_q_learning_123_f70ef7ca,trap_penalty_q_learning_10,q_learning,train,601,123,risk,5,5,0.1,0.9,0.05,default,100,9.7,4,1,1,0,0,0.0005550190001031297,
trap_penalty_q_learning_10_q_learning_123_f70ef7ca,trap_penalty_q_learning_10,q_learning,train,602,123,risk,5,5,0.1,0.9,0.05,default,100,9.7,4,1,1,0,0,0.0006106630000886071,
trap_penalty_q_learning_10_q_learning_123_f70ef7ca,trap_penalty_q_learning_10,q_learning,train,603,123,risk,5,5,0.1,0.9,0.05,default,100,9.7,4,1,1,0,0,0.0005969559999812191,
trap_penalty_q_learning_10_q_learning_123_f70ef7ca,trap_penalty_q_learning_10,q_learning,train,604,123,risk,5,5,0.1,0.9,0.05,default,100,9.5,6,1,1,0,0,0.0007550150000952272,
trap_penalty_q_learning_10_q_learning_123_f70ef7ca,trap_penalty_q_learning_10,q_learning,train,605,123,risk,5,5,0.1,0.9,0.05,default,100,9.7,4,1,1,0,0,0.0005786809999790421,
trap_penalty_q_learning_10_q_learning_123_f70ef7ca,trap_penalty_q_learning_10,q_learning,train,606,123,risk,5,5,0.1,0.9,0.05,default,100,8.5,7,1,1,0,0,0.0008025720001114678,
trap_penalty_q_learning_10_q_learning_123_f70ef7ca,trap_penalty_q_learning_10,q_learning,train,607,123,risk,5,5,0.1,0.9,0.05,default,100,9.7,4,1,1,0,0,0.0005881869999484479,
trap_penalty_q_learning_10_q_learning_123_f70ef7ca,trap_penalty_q_learning_10,q_learning,train,608,123,risk,5,5,0.1,0.9,0.05,default,100,9.7,4,1,1,0,0,0.0006031410000559845,
trap_penalty_q_learning_10_q_learning_123_f70ef7ca,trap_penalty_q_learning_10,q_learning,train,609,123,risk,5,5,0.1,0.9,0.05,default,100,9.7,4,1,1,0,0,0.0005981759998121561,
trap_penalty_q_learning_10_q_learning_123_f70ef7ca,trap_penalty_q_learning_10,q_learning,train,610,123,risk,5,5,0.1,0.9,0.05,default,100,9.7,4,1,1,0,0,0.0005776989999048965,
trap_penalty_q_learning_10_q_learning_123_f70ef7ca,trap_penalty_q_learning_10,q_learning,train,611,123,risk,5,5,0.1,0.9,0.05,default,100,9.7,4,1,1,0,0,0.0005885440000383824,
trap_penalty_q_learning_10_q_learning_123_f70ef7ca,trap_penalty_q_learning_10,q_learning,train,612,123,risk,5,5,0.1,0.9,0.05,default,100,9.7,4,1,1,0,0,0.0005846320000273408,
trap_penalty_q_learning_10_q_learning_123_f70ef7ca,trap_penalty_q_learning_10,q_learning,train,613,123,risk,5,5,0.1,0.9,0.05,default,100,9.7,4,1,1,0,0,0.0005712979998406809,
trap_penalty_q_learning_10_q_learning_123_f70ef7ca,trap_penalty_q_learning_10,q_learning,train,614,123,risk,5,5,0.1,0.9,0.05,default,100,9.7,4,1,1,0,0,0.0005277640000258543,
trap_penalty_q_learning_10_q_learning_123_f70ef7ca,trap_penalty_q_learning_10,q_learning,train,615,123,risk,5,5,0.1,0.9,0.05,default,100,9.7,4,1,1,0,0,0.0005989969999973255,
trap_penalty_q_learning_10_q_learning_123_f70ef7ca,trap_penalty_q_learning_10,q_learning,train,616,123,risk,5,5,0.1,0.9,0.05,default,100,9.7,4,1,1,0,0,0.0005881800000224757,
trap_penalty_q_learning_10_q_learning_123_f70ef7ca,trap_penalty_q_learning_10,q_learning,train,617,123,risk,5,5,0.1,0.9,0.05,default,100,9.7,4,1,1,0,0,0.000584549999985029,
trap_penalty_q_learning_10_q_learning_123_f70ef7ca,trap_penalty_q_learning_10,q_learning,train,618,123,risk,5,5,0.1,0.9,0.05,default,100,9.7,4,1,1,0,0,0.0005735229999572766,
trap_penalty_q_learning_10_q_learning_123_f70ef7ca,trap_penalty_q_learning_10,q_learning,train,619,123,risk,5,5,0.1,0.9,0.05,default,100,9.7,4,1,1,0,0,0.0005908309999540506,
trap_penalty_q_learning_10_q_learning_123_f70ef7ca,trap_penalty_q_learning_10,q_learning,train,620,123,risk,5,5,0.1,0.9,0.05,default,100,9.7,4,1,1,0,0,0.0005096449999655306,
trap_penalty_q_learning_10_q_learning_123_f70ef7ca,trap_penalty_q_learning_10,q_learning,train,621,123,risk,5,5,0.1,0.9,0.05,default,100,9.7,4,1,1,0,0,0.0005982449999919481,
trap_penalty_q_learning_10_q_learning_123_f70ef7ca,trap_penalty_q_learning_10,q_learning,train,622,123,risk,5,5,0.1,0.9,0.05,default,100,9.7,4,1,1,0,0,0.0005977270000130375,
trap_penalty_q_learning_10_q_learning_123_f70ef7ca,trap_penalty_q_learning_10,q_learning,train,623,123,risk,5,5,0.1,0.9,0.05,default,100,9.7,4,1,1,0,0,0.0005911700000069686,
trap_penalty_q_learning_10_q_learning_123_f70ef7ca,trap_penalty_q_learning_10,q_learning,train,624,123,risk,5,5,0.1,0.9,0.05,default,100,9.7,4,1,1,0,0,0.0005741600000419567,
trap_penalty_q_learning_10_q_learning_123_f70ef7ca,trap_penalty_q_learning_10,q_learning,train,625,123,risk,5,5,0.1,0.9,0.05,default,100,9.7,4,1,1,0,0,0.000592643000118187,
trap_penalty_q_learning_10_q_learning_123_f70ef7ca,trap_penalty_q_learning_10,q_learning,train,626,123,risk,5,5,0.1,0.9,0.05,default,100,9.7,4,1,1,0,0,0.000536928999963493,
trap_penalty_q_learning_10_q_learning_123_f70ef7ca,trap_penalty_q_learning_10,q_learning,train,627,123,risk,5,5,0.1,0.9,0.05,default,100,9.7,4,1,1,0,0,0.0006055149999610876,
trap_penalty_q_learning_10_q_learning_123_f70ef7ca,trap_penalty_q_learning_10,q_learning,train,628,123,risk,5,5,0.1,0.9,0.05,default,100,9.7,4,1,1,0,0,0.0005925430000388587,
trap_penalty_q_learning_10_q_learning_123_f70ef7ca,trap_penalty_q_learning_10,q_learning,train,629,123,risk,5,5,0.1,0.9,0.05,default,100,9.7,4,1,1,0,0,0.0005785050000213232,
trap_penalty_q_learning_10_q_learning_123_f70ef7ca,trap_penalty_q_learning_10,q_learning,train,630,123,risk,5,5,0.1,0.9,0.05,default,100,9.7,4,1,1,0,0,0.0005886159999590745,
trap_penalty_q_learning_10_q_learning_123_f70ef7ca,trap_penalty_q_learning_10,q_learning,train,631,123,risk,5,5,0.1,0.9,0.05,default,100,9.7,4,1,1,0,0,0.0005726260001210903,
trap_penalty_q_learning_10_q_learning_123_f70ef7ca,trap_penalty_q_learning_10,q_learning,train,632,123,risk,5,5,0.1,0.9,0.05,default,100,9.7,4,1,1,0,0,0.0005844229999638628,
trap_penalty_q_learning_10_q_learning_123_f70ef7ca,trap_penalty_q_learning_10,q_learning,train,633,123,risk,5,5,0.1,0.9,0.05,default,100,8.7,5,1,1,0,0,0.0006618859999889537,
trap_penalty_q_learning_10_q_learning_123_f70ef7ca,trap_penalty_q_learning_10,q_learning,train,634,123,risk,5,5,0.1,0.9,0.05,default,100,9.7,4,1,1,0,0,0.0005760699998518248,
trap_penalty_q_learning_10_q_learning_123_f70ef7ca,trap_penalty_q_learning_10,q_learning,train,635,123,risk,5,5,0.1,0.9,0.05,default,100,9.7,4,1,1,0,0,0.0005354469999474532,
trap_penalty_q_learning_10_q_learning_123_f70ef7ca,trap_penalty_q_learning_10,q_learning,train,636,123,risk,5,5,0.1,0.9,0.05,default,100,9.7,4,1,1,0,0,0.0005740039998727298,
trap_penalty_q_learning_10_q_learning_123_f70ef7ca,trap_penalty_q_learning_10,q_learning,train,637,123,risk,5,5,0.1,0.9,0.05,default,100,9.7,4,1,1,0,0,0.0005885030000172264,
trap_penalty_q_learning_10_q_learning_123_f70ef7ca,trap_penalty_q_learning_10,q_learning,train,638,123,risk,5,5,0.1,0.9,0.05,default,100,9.7,4,1,1,0,0,0.0005705679998300184,
trap_penalty_q_learning_10_q_learning_123_f70ef7ca,trap_penalty_q_learning_10,q_learning,train,639,123,risk,5,5,0.1,0.9,0.05,default,100,9.7,4,1,1,0,0,0.0006095549999827199,
trap_penalty_q_learning_10_q_learning_123_f70ef7ca,trap_penalty_q_learning_10,q_learning,train,640,123,risk,5,5,0.1,0.9,0.05,default,100,9.7,4,1,1,0,0,0.0005954490000021906,
trap_penalty_q_learning_10_q_learning_123_f70ef7ca,trap_penalty_q_learning_10,q_learning,train,641,123,risk,5,5,0.1,0.9,0.05,default,100,8.7,5,1,1,0,0,0.0005928080001922353,
trap_penalty_q_learning_10_q_learning_123_f70ef7ca,trap_penalty_q_learning_10,q_learning,train,642,123,risk,5,5,0.1,0.9,0.05,default,100,9.7,4,1,1,0,0,0.0005834480000430631,
trap_penalty_q_learning_10_q_learning_123_f70ef7ca,trap_penalty_q_learning_10,q_learning,train,643,123,risk,5,5,0.1,0.9,0.05,default,100,9.7,4,1,1,0,0,0.0005886379999537894,
trap_penalty_q_learning_10_q_learning_123_f70ef7ca,trap_penalty_q_learning_10,q_learning,train,644,123,risk,5,5,0.1,0.9,0.05,default,100,9.7,4,1,1,0,0,0.0005382519998420321,
trap_penalty_q_learning_10_q_learning_123_f70ef7ca,trap_penalty_q_learning_10,q_learning,train,645,123,risk,5,5,0.1,0.9,0.05,default,100,9.7,4,1,1,0,0,0.0005951749999439926,
trap_penalty_q_learning_10_q_learning_123_f70ef7ca,trap_penalty_q_learning_10,q_learning,train,646,123,risk,5,5,0.1,0.9,0.05,default,100,9.7,4,1,1,0,0,0.000587219999943045,
trap_penalty_q_learning_10_q_learning_123_f70ef7ca,trap_penalty_q_learning_10,q_learning,train,647,123,risk,5,5,0.1,0.9,0.05,default,100,9.7,4,1,1,0,0,0.0005706450001525809,
trap_penalty_q_learning_10_q_learning_123_f70ef7ca,trap_penalty_q_learning_10,q_learning,train,648,123,risk,5,5,0.1,0.9,0.05,default,100,9.5,6,1,1,0,0,0.0007467779998933111,
trap_penalty_q_learning_10_q_learning_123_f70ef7ca,trap_penalty_q_learning_10,q_learning,train,649,123,risk,5,5,0.1,0.9,0.05,default,100,9.5,6,1,1,0,0,0.000750748000200474,
trap_penalty_q_learning_10_q_learning_123_f70ef7ca,trap_penalty_q_learning_10,q_learning,train,650,123,risk,5,5,0.1,0.9,0.05,default,100,9.5,6,1,1,0,0,0.0007723960000021179,
trap_penalty_q_learning_10_q_learning_123_f70ef7ca,trap_penalty_q_learning_10,q_learning,train,651,123,risk,5,5,0.1,0.9,0.05,default,100,8.7,5,1,1,0,0,0.0006319699998584838,
trap_penalty_q_learning_10_q_learning_123_f70ef7ca,trap_penalty_q_learning_10,q_learning,train,652,123,risk,5,5,0.1,0.9,0.05,default,100,9.7,4,1,1,0,0,0.0005888410000807198,
trap_penalty_q_learning_10_q_learning_123_f70ef7ca,trap_penalty_q_learning_10,q_learning,train,653,123,risk,5,5,0.1,0.9,0.05,default,100,9.7,4,1,1,0,0,0.0005709190002107789,
trap_penalty_q_learning_10_q_learning_123_f70ef7ca,trap_penalty_q_learning_10,q_learning,train,654,123,risk,5,5,0.1,0.9,0.05,default,100,9.7,4,1,1,0,0,0.0005866120000064257,
trap_penalty_q_learning_10_q_learning_123_f70ef7ca,trap_penalty_q_learning_10,q_learning,train,655,123,risk,5,5,0.1,0.9,0.05,default,100,8.7,5,1,1,0,0,0.0006328860001758585,
trap_penalty_q_learning_10_q_learning_123_f70ef7ca,trap_penalty_q_learning_10,q_learning,train,656,123,risk,5,5,0.1,0.9,0.05,default,100,9.7,4,1,1,0,0,0.0006021589999818389,
trap_penalty_q_learning_10_q_learning_123_f70ef7ca,trap_penalty_q_learning_10,q_learning,train,657,123,risk,5,5,0.1,0.9,0.05,default,100,9.7,4,1,1,0,0,0.0005912560000069789,
trap_penalty_q_learning_10_q_learning_123_f70ef7ca,trap_penalty_q_learning_10,q_learning,train,658,123,risk,5,5,0.1,0.9,0.05,default,100,9.7,4,1,1,0,0,0.000568805000057182,
trap_penalty_q_learning_10_q_learning_123_f70ef7ca,trap_penalty_q_learning_10,q_learning,train,659,123,risk,5,5,0.1,0.9,0.05,default,100,8.7,5,1,1,0,0,0.0006312220000381785,
trap_penalty_q_learning_10_q_learning_123_f70ef7ca,trap_penalty_q_learning_10,q_learning,train,660,123,risk,5,5,0.1,0.9,0.05,default,100,8.7,5,1,1,0,0,0.0005725130001792422,
trap_penalty_q_learning_10_q_learning_123_f70ef7ca,trap_penalty_q_learning_10,q_learning,train,661,123,risk,5,5,0.1,0.9,0.05,default,100,9.7,4,1,1,0,0,0.0006184079998092784,
trap_penalty_q_learning_10_q_learning_123_f70ef7ca,trap_penalty_q_learning_10,q_learning,train,662,123,risk,5,5,0.1,0.9,0.05,default,100,9.7,4,1,1,0,0,0.0005769839999629767,
trap_penalty_q_learning_10_q_learning_123_f70ef7ca,trap_penalty_q_learning_10,q_learning,train,663,123,risk,5,5,0.1,0.9,0.05,default,100,9.7,4,1,1,0,0,0.000588229999948453,
trap_penalty_q_learning_10_q_learning_123_f70ef7ca,trap_penalty_q_learning_10,q_learning,train,664,123,risk,5,5,0.1,0.9,0.05,default,100,9.7,4,1,1,0,0,0.000574238999888621,
trap_penalty_q_learning_10_q_learning_123_f70ef7ca,trap_penalty_q_learning_10,q_learning,train,665,123,risk,5,5,0.1,0.9,0.05,default,100,9.7,4,1,1,0,0,0.0005878879999272613,
trap_penalty_q_learning_10_q_learning_123_f70ef7ca,trap_penalty_q_learning_10,q_learning,train,666,123,risk,5,5,0.1,0.9,0.05,default,100,9.7,4,1,1,0,0,0.0005250210001577216,
trap_penalty_q_learning_10_q_learning_123_f70ef7ca,trap_penalty_q_learning_10,q_learning,train,667,123,risk,5,5,0.1,0.9,0.05,default,100,9.7,4,1,1,0,0,0.0005966669998542784,
trap_penalty_q_learning_10_q_learning_123_f70ef7ca,trap_penalty_q_learning_10,q_learning,train,668,123,risk,5,5,0.1,0.9,0.05,default,100,9.7,4,1,1,0,0,0.0005878879999272613,
trap_penalty_q_learning_10_q_learning_123_f70ef7ca,trap_penalty_q_learning_10,q_learning,train,669,123,risk,5,5,0.1,0.9,0.05,default,100,9.7,4,1,1,0,0,0.0005699729999832925,
trap_penalty_q_learning_10_q_learning_123_f70ef7ca,trap_penalty_q_learning_10,q_learning,train,670,123,risk,5,5,0.1,0.9,0.05,default,100,9.7,4,1,1,0,0,0.0005802700000003824,
trap_penalty_q_learning_10_q_learning_123_f70ef7ca,trap_penalty_q_learning_10,q_learning,train,671,123,risk,5,5,0.1,0.9,0.05,default,100,9.7,4,1,1,0,0,0.0005403699999533274,
trap_penalty_q_learning_10_q_learning_123_f70ef7ca,trap_penalty_q_learning_10,q_learning,train,672,123,risk,5,5,0.1,0.9,0.05,default,100,9.7,4,1,1,0,0,0.0005780960000265623,
trap_penalty_q_learning_10_q_learning_123_f70ef7ca,trap_penalty_q_learning_10,q_learning,train,673,123,risk,5,5,0.1,0.9,0.05,default,100,9.7,4,1,1,0,0,0.000589307000154804,
trap_penalty_q_learning_10_q_learning_123_f70ef7ca,trap_penalty_q_learning_10,q_learning,train,674,123,risk,5,5,0.1,0.9,0.05,default,100,9.7,4,1,1,0,0,0.0006032199999026489,
trap_penalty_q_learning_10_q_learning_123_f70ef7ca,trap_penalty_q_learning_10,q_learning,train,675,123,risk,5,5,0.1,0.9,0.05,default,100,9.7,4,1,1,0,0,0.0005926379999436904,
trap_penalty_q_learning_10_q_learning_123_f70ef7ca,trap_penalty_q_learning_10,q_learning,train,676,123,risk,5,5,0.1,0.9,0.05,default,100,9.7,4,1,1,0,0,0.0005880870000964933,
trap_penalty_q_learning_10_q_learning_123_f70ef7ca,trap_penalty_q_learning_10,q_learning,train,677,123,risk,5,5,0.1,0.9,0.05,default,100,9.7,4,1,1,0,0,0.0005170700001144724,
trap_penalty_q_learning_10_q_learning_123_f70ef7ca,trap_penalty_q_learning_10,q_learning,train,678,123,risk,5,5,0.1,0.9,0.05,default,100,9.7,4,1,1,0,0,0.0005896210000173596,
trap_penalty_q_learning_10_q_learning_123_f70ef7ca,trap_penalty_q_learning_10,q_learning,train,679,123,risk,5,5,0.1,0.9,0.05,default,100,-10.2,3,0,1,0,1,0.0003997510000317561,
trap_penalty_q_learning_10_q_learning_123_f70ef7ca,trap_penalty_q_learning_10,q_learning,train,680,123,risk,5,5,0.1,0.9,0.05,default,100,9.5,6,1,1,0,0,0.0007516929999837885,
trap_penalty_q_learning_10_q_learning_123_f70ef7ca,trap_penalty_q_learning_10,q_learning,train,681,123,risk,5,5,0.1,0.9,0.05,default,100,9.7,4,1,1,0,0,0.0006136010001682735,
trap_penalty_q_learning_10_q_learning_123_f70ef7ca,trap_penalty_q_learning_10,q_learning,train,682,123,risk,5,5,0.1,0.9,0.05,default,100,9.7,4,1,1,0,0,0.0005181710000670137,
trap_penalty_q_learning_10_q_learning_123_f70ef7ca,trap_penalty_q_learning_10,q_learning,train,683,123,risk,5,5,0.1,0.9,0.05,default,100,9.7,4,1,1,0,0,0.0005922790001022804,
trap_penalty_q_learning_10_q_learning_123_f70ef7ca,trap_penalty_q_learning_10,q_learning,train,684,123,risk,5,5,0.1,0.9,0.05,default,100,8.7,5,1,1,0,0,0.0005753089999416261,
trap_penalty_q_learning_10_q_learning_123_f70ef7ca,trap_penalty_q_learning_10,q_learning,train,685,123,risk,5,5,0.1,0.9,0.05,default,100,9.7,4,1,1,0,0,0.000603038999997807,
trap_penalty_q_learning_10_q_learning_123_f70ef7ca,trap_penalty_q_learning_10,q_learning,train,686,123,risk,5,5,0.1,0.9,0.05,default,100,9.7,4,1,1,0,0,0.000594122999928004,
trap_penalty_q_learning_10_q_learning_123_f70ef7ca,trap_penalty_q_learning_10,q_learning,train,687,123,risk,5,5,0.1,0.9,0.05,default,100,9.7,4,1,1,0,0,0.0005717280000681058,
trap_penalty_q_learning_10_q_learning_123_f70ef7ca,trap_penalty_q_learning_10,q_learning,train,688,123,risk,5,5,0.1,0.9,0.05,default,100,9.7,4,1,1,0,0,0.0005880119999801536,
trap_penalty_q_learning_10_q_learning_123_f70ef7ca,trap_penalty_q_learning_10,q_learning,train,689,123,risk,5,5,0.1,0.9,0.05,default,100,-10.2,3,0,1,0,1,0.00039592999996784783,
trap_penalty_q_learning_10_q_learning_123_f70ef7ca,trap_penalty_q_learning_10,q_learning,train,690,123,risk,5,5,0.1,0.9,0.05,default,100,9.7,4,1,1,0,0,0.0005945800000972667,
trap_penalty_q_learning_10_q_learning_123_f70ef7ca,trap_penalty_q_learning_10,q_learning,train,691,123,risk,5,5,0.1,0.9,0.05,default,100,8.7,5,1,1,0,0,0.0006425050000871124,
trap_penalty_q_learning_10_q_learning_123_f70ef7ca,trap_penalty_q_learning_10,q_learning,train,692,123,risk,5,5,0.1,0.9,0.05,default,100,9.7,4,1,1,0,0,0.0006010850001985091,
trap_penalty_q_learning_10_q_learning_123_f70ef7ca,trap_penalty_q_learning_10,q_learning,train,693,123,risk,5,5,0.1,0.9,0.05,default,100,9.7,4,1,1,0,0,0.0005882729999484582,
trap_penalty_q_learning_10_q_learning_123_f70ef7ca,trap_penalty_q_learning_10,q_learning,train,694,123,risk,5,5,0.1,0.9,0.05,default,100,9.7,4,1,1,0,0,0.0005750410000473494,
trap_penalty_q_learning_10_q_learning_123_f70ef7ca,trap_penalty_q_learning_10,q_learning,train,695,123,risk,5,5,0.1,0.9,0.05,default,100,9.7,4,1,1,0,0,0.0005938189999596943,
trap_penalty_q_learning_10_q_learning_123_f70ef7ca,trap_penalty_q_learning_10,q_learning,train,696,123,risk,5,5,0.1,0.9,0.05,default,100,8.7,5,1,1,0,0,0.0006352650000280846,
trap_penalty_q_learning_10_q_learning_123_f70ef7ca,trap_penalty_q_learning_10,q_learning,train,697,123,risk,5,5,0.1,0.9,0.05,default,100,-10.2,3,0,1,0,1,0.00033233400017707027,
trap_penalty_q_learning_10_q_learning_123_f70ef7ca,trap_penalty_q_learning_10,q_learning,train,698,123,risk,5,5,0.1,0.9,0.05,default,100,9.7,4,1,1,0,0,0.0005951959999492829,
trap_penalty_q_learning_10_q_learning_123_f70ef7ca,trap_penalty_q_learning_10,q_learning,train,699,123,risk,5,5,0.1,0.9,0.05,default,100,9.7,4,1,1,0,0,0.0005967669999336067,
trap_penalty_q_learning_10_q_learning_123_f70ef7ca,trap_penalty_q_learning_10,q_learning,train,700,123,risk,5,5,0.1,0.9,0.05,default,100,9.7,4,1,1,0,0,0.0005951610000920482,
trap_penalty_q_learning_10_q_learning_123_f70ef7ca,trap_penalty_q_learning_10,q_learning,train,701,123,risk,5,5,0.1,0.9,0.05,default,100,9.7,4,1,1,0,0,0.0006112930000199412,
trap_penalty_q_learning_10_q_learning_123_f70ef7ca,trap_penalty_q_learning_10,q_learning,train,702,123,risk,5,5,0.1,0.9,0.05,default,100,8.299999999999999,9,1,1,0,0,0.0009686250000413565,
trap_penalty_q_learning_10_q_learning_123_f70ef7ca,trap_penalty_q_learning_10,q_learning,train,703,123,risk,5,5,0.1,0.9,0.05,default,100,9.7,4,1,1,0,0,0.0006184879998727411,
trap_penalty_q_learning_10_q_learning_123_f70ef7ca,trap_penalty_q_learning_10,q_learning,train,704,123,risk,5,5,0.1,0.9,0.05,default,100,9.7,4,1,1,0,0,0.0005142439999872295,
trap_penalty_q_learning_10_q_learning_123_f70ef7ca,trap_penalty_q_learning_10,q_learning,train,705,123,risk,5,5,0.1,0.9,0.05,default,100,9.7,4,1,1,0,0,0.0005875519998426171,
trap_penalty_q_learning_10_q_learning_123_f70ef7ca,trap_penalty_q_learning_10,q_learning,train,706,123,risk,5,5,0.1,0.9,0.05,default,100,9.7,4,1,1,0,0,0.0005777540000053705,
trap_penalty_q_learning_10_q_learning_123_f70ef7ca,trap_penalty_q_learning_10,q_learning,train,707,123,risk,5,5,0.1,0.9,0.05,default,100,9.7,4,1,1,0,0,0.0005950810000285855,
trap_penalty_q_learning_10_q_learning_123_f70ef7ca,trap_penalty_q_learning_10,q_learning,train,708,123,risk,5,5,0.1,0.9,0.05,default,100,9.7,4,1,1,0,0,0.000575972999968144,
trap_penalty_q_learning_10_q_learning_123_f70ef7ca,trap_penalty_q_learning_10,q_learning,train,709,123,risk,5,5,0.1,0.9,0.05,default,100,9.7,4,1,1,0,0,0.0006066190001092764,
trap_penalty_q_learning_10_q_learning_123_f70ef7ca,trap_penalty_q_learning_10,q_learning,train,710,123,risk,5,5,0.1,0.9,0.05,default,100,9.7,4,1,1,0,0,0.0005901790000280016,
trap_penalty_q_learning_10_q_learning_123_f70ef7ca,trap_penalty_q_learning_10,q_learning,train,711,123,risk,5,5,0.1,0.9,0.05,default,100,9.7,4,1,1,0,0,0.0005133429999659711,
trap_penalty_q_learning_10_q_learning_123_f70ef7ca,trap_penalty_q_learning_10,q_learning,train,712,123,risk,5,5,0.1,0.9,0.05,default,100,9.7,4,1,1,0,0,0.0005869720000646339,
trap_penalty_q_learning_10_q_learning_123_f70ef7ca,trap_penalty_q_learning_10,q_learning,train,713,123,risk,5,5,0.1,0.9,0.05,default,100,9.7,4,1,1,0,0,0.0005703130000256351,
trap_penalty_q_learning_10_q_learning_123_f70ef7ca,trap_penalty_q_learning_10,q_learning,train,714,123,risk,5,5,0.1,0.9,0.05,default,100,9.7,4,1,1,0,0,0.0005952040000920533,
trap_penalty_q_learning_10_q_learning_123_f70ef7ca,trap_penalty_q_learning_10,q_learning,train,715,123,risk,5,5,0.1,0.9,0.05,default,100,9.7,4,1,1,0,0,0.0005848850000802486,
trap_penalty_q_learning_10_q_learning_123_f70ef7ca,trap_penalty_q_learning_10,q_learning,train,716,123,risk,5,5,0.1,0.9,0.05,default,100,9.7,4,1,1,0,0,0.0005990540000766487,
trap_penalty_q_learning_10_q_learning_123_f70ef7ca,trap_penalty_q_learning_10,q_learning,train,717,123,risk,5,5,0.1,0.9,0.05,default,100,8.7,5,1,1,0,0,0.0006343049999486539,
trap_penalty_q_learning_10_q_learning_123_f70ef7ca,trap_penalty_q_learning_10,q_learning,train,718,123,risk,5,5,0.1,0.9,0.05,default,100,8.7,5,1,1,0,0,0.0006223750001481676,
trap_penalty_q_learning_10_q_learning_123_f70ef7ca,trap_penalty_q_learning_10,q_learning,train,719,123,risk,5,5,0.1,0.9,0.05,default,100,9.7,4,1,1,0,0,0.0005836570001065411,
trap_penalty_q_learning_10_q_learning_123_f70ef7ca,trap_penalty_q_learning_10,q_learning,train,720,123,risk,5,5,0.1,0.9,0.05,default,100,9.5,6,1,1,0,0,0.0007483960000627121,
trap_penalty_q_learning_10_q_learning_123_f70ef7ca,trap_penalty_q_learning_10,q_learning,train,721,123,risk,5,5,0.1,0.9,0.05,default,100,9.7,4,1,1,0,0,0.0006103430000621302,
trap_penalty_q_learning_10_q_learning_123_f70ef7ca,trap_penalty_q_learning_10,q_learning,train,722,123,risk,5,5,0.1,0.9,0.05,default,100,9.7,4,1,1,0,0,0.0005759810001109145,
trap_penalty_q_learning_10_q_learning_123_f70ef7ca,trap_penalty_q_learning_10,q_learning,train,723,123,risk,5,5,0.1,0.9,0.05,default,100,9.7,4,1,1,0,0,0.0005882779998955812,
trap_penalty_q_learning_10_q_learning_123_f70ef7ca,trap_penalty_q_learning_10,q_learning,train,724,123,risk,5,5,0.1,0.9,0.05,default,100,9.7,4,1,1,0,0,0.0005858239999270154,
trap_penalty_q_learning_10_q_learning_123_f70ef7ca,trap_penalty_q_learning_10,q_learning,train,725,123,risk,5,5,0.1,0.9,0.05,default,100,-10.2,3,0,1,0,1,0.00039554499994665093,
trap_penalty_q_learning_10_q_learning_123_f70ef7ca,trap_penalty_q_learning_10,q_learning,train,726,123,risk,5,5,0.1,0.9,0.05,default,100,9.7,4,1,1,0,0,0.0005923290000282577,
trap_penalty_q_learning_10_q_learning_123_f70ef7ca,trap_penalty_q_learning_10,q_learning,train,727,123,risk,5,5,0.1,0.9,0.05,default,100,9.7,4,1,1,0,0,0.0005315329999575624,
trap_penalty_q_learning_10_q_learning_123_f70ef7ca,trap_penalty_q_learning_10,q_learning,train,728,123,risk,5,5,0.1,0.9,0.05,default,100,9.5,6,1,1,0,0,0.0007517829999414971,
trap_penalty_q_learning_10_q_learning_123_f70ef7ca,trap_penalty_q_learning_10,q_learning,train,729,123,risk,5,5,0.1,0.9,0.05,default,100,9.7,4,1,1,0,0,0.0005850879999798053,
trap_penalty_q_learning_10_q_learning_123_f70ef7ca,trap_penalty_q_learning_10,q_learning,train,730,123,risk,5,5,0.1,0.9,0.05,default,100,9.7,4,1,1,0,0,0.0005740980000155105,
trap_penalty_q_learning_10_q_learning_123_f70ef7ca,trap_penalty_q_learning_10,q_learning,train,731,123,risk,5,5,0.1,0.9,0.05,default,100,9.7,4,1,1,0,0,0.0005863710000539868,
trap_penalty_q_learning_10_q_learning_123_f70ef7ca,trap_penalty_q_learning_10,q_learning,train,732,123,risk,5,5,0.1,0.9,0.05,default,100,9.7,4,1,1,0,0,0.0005763690001003852,
trap_penalty_q_learning_10_q_learning_123_f70ef7ca,trap_penalty_q_learning_10,q_learning,train,733,123,risk,5,5,0.1,0.9,0.05,default,100,9.7,4,1,1,0,0,0.0005818900001486327,
trap_penalty_q_learning_10_q_learning_123_f70ef7ca,trap_penalty_q_learning_10,q_learning,train,734,123,risk,5,5,0.1,0.9,0.05,default,100,9.7,4,1,1,0,0,0.000594435999801135,
trap_penalty_q_learning_10_q_learning_123_f70ef7ca,trap_penalty_q_learning_10,q_learning,train,735,123,risk,5,5,0.1,0.9,0.05,default,100,9.7,4,1,1,0,0,0.0005850299999110575,
trap_penalty_q_learning_10_q_learning_123_f70ef7ca,trap_penalty_q_learning_10,q_learning,train,736,123,risk,5,5,0.1,0.9,0.05,default,100,9.7,4,1,1,0,0,0.0005821580000429094,
trap_penalty_q_learning_10_q_learning_123_f70ef7ca,trap_penalty_q_learning_10,q_learning,train,737,123,risk,5,5,0.1,0.9,0.05,default,100,9.7,4,1,1,0,0,0.0005783429999155487,
trap_penalty_q_learning_10_q_learning_123_f70ef7ca,trap_penalty_q_learning_10,q_learning,train,738,123,risk,5,5,0.1,0.9,0.05,default,100,9.7,4,1,1,0,0,0.0005852159999903961,
trap_penalty_q_learning_10_q_learning_123_f70ef7ca,trap_penalty_q_learning_10,q_learning,train,739,123,risk,5,5,0.1,0.9,0.05,default,100,9.7,4,1,1,0,0,0.0005677759997979592,
trap_penalty_q_learning_10_q_learning_123_f70ef7ca,trap_penalty_q_learning_10,q_learning,train,740,123,risk,5,5,0.1,0.9,0.05,default,100,9.7,4,1,1,0,0,0.0006155519999992975,
trap_penalty_q_learning_10_q_learning_123_f70ef7ca,trap_penalty_q_learning_10,q_learning,train,741,123,risk,5,5,0.1,0.9,0.05,default,100,9.7,4,1,1,0,0,0.0006225270001323224,
trap_penalty_q_learning_10_q_learning_123_f70ef7ca,trap_penalty_q_learning_10,q_learning,train,742,123,risk,5,5,0.1,0.9,0.05,default,100,9.7,4,1,1,0,0,0.0006065559998660319,
trap_penalty_q_learning_10_q_learning_123_f70ef7ca,trap_penalty_q_learning_10,q_learning,train,743,123,risk,5,5,0.1,0.9,0.05,default,100,8.7,5,1,1,0,0,0.0006334089998745185,
trap_penalty_q_learning_10_q_learning_123_f70ef7ca,trap_penalty_q_learning_10,q_learning,train,744,123,risk,5,5,0.1,0.9,0.05,default,100,9.7,4,1,1,0,0,0.0006229269999948883,
trap_penalty_q_learning_10_q_learning_123_f70ef7ca,trap_penalty_q_learning_10,q_learning,train,745,123,risk,5,5,0.1,0.9,0.05,default,100,9.5,6,1,1,0,0,0.0007647069999165979,
trap_penalty_q_learning_10_q_learning_123_f70ef7ca,trap_penalty_q_learning_10,q_learning,train,746,123,risk,5,5,0.1,0.9,0.05,default,100,9.7,4,1,1,0,0,0.0005774139999630279,
trap_penalty_q_learning_10_q_learning_123_f70ef7ca,trap_penalty_q_learning_10,q_learning,train,747,123,risk,5,5,0.1,0.9,0.05,default,100,9.7,4,1,1,0,0,0.0005899499999486579,
trap_penalty_q_learning_10_q_learning_123_f70ef7ca,trap_penalty_q_learning_10,q_learning,train,748,123,risk,5,5,0.1,0.9,0.05,default,100,9.7,4,1,1,0,0,0.0005868630000804842,
trap_penalty_q_learning_10_q_learning_123_f70ef7ca,trap_penalty_q_learning_10,q_learning,train,749,123,risk,5,5,0.1,0.9,0.05,default,100,9.7,4,1,1,0,0,0.0005731679998461914,
trap_penalty_q_learning_10_q_learning_123_f70ef7ca,trap_penalty_q_learning_10,q_learning,train,750,123,risk,5,5,0.1,0.9,0.05,default,100,8.7,5,1,1,0,0,0.0006361570001445216,
trap_penalty_q_learning_10_q_learning_123_f70ef7ca,trap_penalty_q_learning_10,q_learning,train,751,123,risk,5,5,0.1,0.9,0.05,default,100,9.5,6,1,1,0,0,0.0007788909999817406,
trap_penalty_q_learning_10_q_learning_123_f70ef7ca,trap_penalty_q_learning_10,q_learning,train,752,123,risk,5,5,0.1,0.9,0.05,default,100,9.7,4,1,1,0,0,0.0005781820000265725,
trap_penalty_q_learning_10_q_learning_123_f70ef7ca,trap_penalty_q_learning_10,q_learning,train,753,123,risk,5,5,0.1,0.9,0.05,default,100,9.5,6,1,1,0,0,0.0007529519998570322,
trap_penalty_q_learning_10_q_learning_123_f70ef7ca,trap_penalty_q_learning_10,q_learning,train,754,123,risk,5,5,0.1,0.9,0.05,default,100,9.7,4,1,1,0,0,0.0005836569998791674,
trap_penalty_q_learning_10_q_learning_123_f70ef7ca,trap_penalty_q_learning_10,q_learning,train,755,123,risk,5,5,0.1,0.9,0.05,default,100,9.7,4,1,1,0,0,0.000571689000025799,
trap_penalty_q_learning_10_q_learning_123_f70ef7ca,trap_penalty_q_learning_10,q_learning,train,756,123,risk,5,5,0.1,0.9,0.05,default,100,9.7,4,1,1,0,0,0.0005848299999797746,
trap_penalty_q_learning_10_q_learning_123_f70ef7ca,trap_penalty_q_learning_10,q_learning,train,757,123,risk,5,5,0.1,0.9,0.05,default,100,9.7,4,1,1,0,0,0.0005936740001288854,
trap_penalty_q_learning_10_q_learning_123_f70ef7ca,trap_penalty_q_learning_10,q_learning,train,758,123,risk,5,5,0.1,0.9,0.05,default,100,8.7,5,1,1,0,0,0.0006501430000298569,
trap_penalty_q_learning_10_q_learning_123_f70ef7ca,trap_penalty_q_learning_10,q_learning,train,759,123,risk,5,5,0.1,0.9,0.05,default,100,9.7,4,1,1,0,0,0.000584703999948033,
trap_penalty_q_learning_10_q_learning_123_f70ef7ca,trap_penalty_q_learning_10,q_learning,train,760,123,risk,5,5,0.1,0.9,0.05,default,100,9.7,4,1,1,0,0,0.0005755530000897124,
trap_penalty_q_learning_10_q_learning_123_f70ef7ca,trap_penalty_q_learning_10,q_learning,train,761,123,risk,5,5,0.1,0.9,0.05,default,100,9.7,4,1,1,0,0,0.0006238399998892419,
trap_penalty_q_learning_10_q_learning_123_f70ef7ca,trap_penalty_q_learning_10,q_learning,train,762,123,risk,5,5,0.1,0.9,0.05,default,100,9.7,4,1,1,0,0,0.0006008269999711047,
trap_penalty_q_learning_10_q_learning_123_f70ef7ca,trap_penalty_q_learning_10,q_learning,train,763,123,risk,5,5,0.1,0.9,0.05,default,100,8.7,5,1,1,0,0,0.0006267689998367132,
trap_penalty_q_learning_10_q_learning_123_f70ef7ca,trap_penalty_q_learning_10,q_learning,train,764,123,risk,5,5,0.1,0.9,0.05,default,100,8.7,5,1,1,0,0,0.0006402149999757967,
trap_penalty_q_learning_10_q_learning_123_f70ef7ca,trap_penalty_q_learning_10,q_learning,train,765,123,risk,5,5,0.1,0.9,0.05,default,100,9.7,4,1,1,0,0,0.0005875629999536613,
trap_penalty_q_learning_10_q_learning_123_f70ef7ca,trap_penalty_q_learning_10,q_learning,train,766,123,risk,5,5,0.1,0.9,0.05,default,100,9.7,4,1,1,0,0,0.0005099019999761367,
trap_penalty_q_learning_10_q_learning_123_f70ef7ca,trap_penalty_q_learning_10,q_learning,train,767,123,risk,5,5,0.1,0.9,0.05,default,100,9.7,4,1,1,0,0,0.0005881829999907495,
trap_penalty_q_learning_10_q_learning_123_f70ef7ca,trap_penalty_q_learning_10,q_learning,train,768,123,risk,5,5,0.1,0.9,0.05,default,100,9.7,4,1,1,0,0,0.0005974919999971462,
trap_penalty_q_learning_10_q_learning_123_f70ef7ca,trap_penalty_q_learning_10,q_learning,train,769,123,risk,5,5,0.1,0.9,0.05,default,100,9.7,4,1,1,0,0,0.0005866210001386207,
trap_penalty_q_learning_10_q_learning_123_f70ef7ca,trap_penalty_q_learning_10,q_learning,train,770,123,risk,5,5,0.1,0.9,0.05,default,100,9.7,4,1,1,0,0,0.000581726000064009,
trap_penalty_q_learning_10_q_learning_123_f70ef7ca,trap_penalty_q_learning_10,q_learning,train,771,123,risk,5,5,0.1,0.9,0.05,default,100,9.7,4,1,1,0,0,0.0005702519999886135,
trap_penalty_q_learning_10_q_learning_123_f70ef7ca,trap_penalty_q_learning_10,q_learning,train,772,123,risk,5,5,0.1,0.9,0.05,default,100,9.7,4,1,1,0,0,0.0005801909999263444,
trap_penalty_q_learning_10_q_learning_123_f70ef7ca,trap_penalty_q_learning_10,q_learning,train,773,123,risk,5,5,0.1,0.9,0.05,default,100,9.7,4,1,1,0,0,0.0005044260001341172,
trap_penalty_q_learning_10_q_learning_123_f70ef7ca,trap_penalty_q_learning_10,q_learning,train,774,123,risk,5,5,0.1,0.9,0.05,default,100,9.7,4,1,1,0,0,0.0005864170000222657,
trap_penalty_q_learning_10_q_learning_123_f70ef7ca,trap_penalty_q_learning_10,q_learning,train,775,123,risk,5,5,0.1,0.9,0.05,default,100,9.7,4,1,1,0,0,0.000594293000176549,
trap_penalty_q_learning_10_q_learning_123_f70ef7ca,trap_penalty_q_learning_10,q_learning,train,776,123,risk,5,5,0.1,0.9,0.05,default,100,9.7,4,1,1,0,0,0.0005930439999701775,
trap_penalty_q_learning_10_q_learning_123_f70ef7ca,trap_penalty_q_learning_10,q_learning,train,777,123,risk,5,5,0.1,0.9,0.05,default,100,9.7,4,1,1,0,0,0.0005905630000597739,
trap_penalty_q_learning_10_q_learning_123_f70ef7ca,trap_penalty_q_learning_10,q_learning,train,778,123,risk,5,5,0.1,0.9,0.05,default,100,9.7,4,1,1,0,0,0.0005733760001476185,
trap_penalty_q_learning_10_q_learning_123_f70ef7ca,trap_penalty_q_learning_10,q_learning,train,779,123,risk,5,5,0.1,0.9,0.05,default,100,9.7,4,1,1,0,0,0.0005811240000639373,
trap_penalty_q_learning_10_q_learning_123_f70ef7ca,trap_penalty_q_learning_10,q_learning,train,780,123,risk,5,5,0.1,0.9,0.05,default,100,9.7,4,1,1,0,0,0.0005689029999302875,
trap_penalty_q_learning_10_q_learning_123_f70ef7ca,trap_penalty_q_learning_10,q_learning,train,781,123,risk,5,5,0.1,0.9,0.05,default,100,9.7,4,1,1,0,0,0.000609523000093759,
trap_penalty_q_learning_10_q_learning_123_f70ef7ca,trap_penalty_q_learning_10,q_learning,train,782,123,risk,5,5,0.1,0.9,0.05,default,100,9.7,4,1,1,0,0,0.0005801410000003671,
trap_penalty_q_learning_10_q_learning_123_f70ef7ca,trap_penalty_q_learning_10,q_learning,train,783,123,risk,5,5,0.1,0.9,0.05,default,100,9.7,4,1,1,0,0,0.0005888130001494574,
trap_penalty_q_learning_10_q_learning_123_f70ef7ca,trap_penalty_q_learning_10,q_learning,train,784,123,risk,5,5,0.1,0.9,0.05,default,100,9.7,4,1,1,0,0,0.0005720799999835435,
trap_penalty_q_learning_10_q_learning_123_f70ef7ca,trap_penalty_q_learning_10,q_learning,train,785,123,risk,5,5,0.1,0.9,0.05,default,100,9.7,4,1,1,0,0,0.0005857930000274791,
trap_penalty_q_learning_10_q_learning_123_f70ef7ca,trap_penalty_q_learning_10,q_learning,train,786,123,risk,5,5,0.1,0.9,0.05,default,100,9.7,4,1,1,0,0,0.0006201869998676557,
trap_penalty_q_learning_10_q_learning_123_f70ef7ca,trap_penalty_q_learning_10,q_learning,train,787,123,risk,5,5,0.1,0.9,0.05,default,100,9.7,4,1,1,0,0,0.0005757640001320397,
trap_penalty_q_learning_10_q_learning_123_f70ef7ca,trap_penalty_q_learning_10,q_learning,train,788,123,risk,5,5,0.1,0.9,0.05,default,100,9.7,4,1,1,0,0,0.0005876679999801127,
trap_penalty_q_learning_10_q_learning_123_f70ef7ca,trap_penalty_q_learning_10,q_learning,train,789,123,risk,5,5,0.1,0.9,0.05,default,100,9.7,4,1,1,0,0,0.0005728230000840995,
trap_penalty_q_learning_10_q_learning_123_f70ef7ca,trap_penalty_q_learning_10,q_learning,train,790,123,risk,5,5,0.1,0.9,0.05,default,100,9.7,4,1,1,0,0,0.0005836230000113574,
trap_penalty_q_learning_10_q_learning_123_f70ef7ca,trap_penalty_q_learning_10,q_learning,train,791,123,risk,5,5,0.1,0.9,0.05,default,100,9.7,4,1,1,0,0,0.0005756829998517787,
trap_penalty_q_learning_10_q_learning_123_f70ef7ca,trap_penalty_q_learning_10,q_learning,train,792,123,risk,5,5,0.1,0.9,0.05,default,100,9.7,4,1,1,0,0,0.0006099839999933465,
trap_penalty_q_learning_10_q_learning_123_f70ef7ca,trap_penalty_q_learning_10,q_learning,train,793,123,risk,5,5,0.1,0.9,0.05,default,100,9.7,4,1,1,0,0,0.0007031670002106694,
trap_penalty_q_learning_10_q_learning_123_f70ef7ca,trap_penalty_q_learning_10,q_learning,train,794,123,risk,5,5,0.1,0.9,0.05,default,100,9.7,4,1,1,0,0,0.0005771470000581758,
trap_penalty_q_learning_10_q_learning_123_f70ef7ca,trap_penalty_q_learning_10,q_learning,train,795,123,risk,5,5,0.1,0.9,0.05,default,100,9.7,4,1,1,0,0,0.0005905229998006689,
trap_penalty_q_learning_10_q_learning_123_f70ef7ca,trap_penalty_q_learning_10,q_learning,train,796,123,risk,5,5,0.1,0.9,0.05,default,100,9.7,4,1,1,0,0,0.0005917759999647387,
trap_penalty_q_learning_10_q_learning_123_f70ef7ca,trap_penalty_q_learning_10,q_learning,train,797,123,risk,5,5,0.1,0.9,0.05,default,100,9.7,4,1,1,0,0,0.0005773790001057932,
trap_penalty_q_learning_10_q_learning_123_f70ef7ca,trap_penalty_q_learning_10,q_learning,train,798,123,risk,5,5,0.1,0.9,0.05,default,100,9.7,4,1,1,0,0,0.0005851880000591336,
trap_penalty_q_learning_10_q_learning_123_f70ef7ca,trap_penalty_q_learning_10,q_learning,train,799,123,risk,5,5,0.1,0.9,0.05,default,100,9.7,4,1,1,0,0,0.0005960609998965083,
trap_penalty_q_learning_10_q_learning_123_f70ef7ca,trap_penalty_q_learning_10,q_learning,train,800,123,risk,5,5,0.1,0.9,0.05,default,100,9.7,4,1,1,0,0,0.0005857749999904627,results/trap_penalty/q_learning/trap_10/seed_123/qtable_ep800.npz
trap_penalty_q_learning_10_q_learning_123_f70ef7ca,trap_penalty_q_learning_10,q_learning,train,801,123,risk,5,5,0.1,0.9,0.05,default,100,9.7,4,1,1,0,0,0.0006287680000696128,
trap_penalty_q_learning_10_q_learning_123_f70ef7ca,trap_penalty_q_learning_10,q_learning,train,802,123,risk,5,5,0.1,0.9,0.05,default,100,8.7,5,1,1,0,0,0.0006512029999612423,
trap_penalty_q_learning_10_q_learning_123_f70ef7ca,trap_penalty_q_learning_10,q_learning,train,803,123,risk,5,5,0.1,0.9,0.05,default,100,9.7,4,1,1,0,0,0.0005954169998858561,
trap_penalty_q_learning_10_q_learning_123_f70ef7ca,trap_penalty_q_learning_10,q_learning,train,804,123,risk,5,5,0.1,0.9,0.05,default,100,9.7,4,1,1,0,0,0.0005781209999895509,
trap_penalty_q_learning_10_q_learning_123_f70ef7ca,trap_penalty_q_learning_10,q_learning,train,805,123,risk,5,5,0.1,0.9,0.05,default,100,9.7,4,1,1,0,0,0.00058652699999584,
trap_penalty_q_learning_10_q_learning_123_f70ef7ca,trap_penalty_q_learning_10,q_learning,train,806,123,risk,5,5,0.1,0.9,0.05,default,100,9.7,4,1,1,0,0,0.0005721730001368996,
trap_penalty_q_learning_10_q_learning_123_f70ef7ca,trap_penalty_q_learning_10,q_learning,train,807,123,risk,5,5,0.1,0.9,0.05,default,100,9.7,4,1,1,0,0,0.0005320100001426908,
trap_penalty_q_learning_10_q_learning_123_f70ef7ca,trap_penalty_q_learning_10,q_learning,train,808,123,risk,5,5,0.1,0.9,0.05,default,100,9.7,4,1,1,0,0,0.0006149480000203766,
trap_penalty_q_learning_10_q_learning_123_f70ef7ca,trap_penalty_q_learning_10,q_learning,train,809,123,risk,5,5,0.1,0.9,0.05,default,100,9.7,4,1,1,0,0,0.0005769209999471059,
trap_penalty_q_learning_10_q_learning_123_f70ef7ca,trap_penalty_q_learning_10,q_learning,train,810,123,risk,5,5,0.1,0.9,0.05,default,100,9.7,4,1,1,0,0,0.0005832819999795902,
trap_penalty_q_learning_10_q_learning_123_f70ef7ca,trap_penalty_q_learning_10,q_learning,train,811,123,risk,5,5,0.1,0.9,0.05,default,100,9.7,4,1,1,0,0,0.0005715740001051017,
trap_penalty_q_learning_10_q_learning_123_f70ef7ca,trap_penalty_q_learning_10,q_learning,train,812,123,risk,5,5,0.1,0.9,0.05,default,100,8.5,7,1,1,0,0,0.0007994459999736137,
trap_penalty_q_learning_10_q_learning_123_f70ef7ca,trap_penalty_q_learning_10,q_learning,train,813,123,risk,5,5,0.1,0.9,0.05,default,100,9.7,4,1,1,0,0,0.0005862939999587979,
trap_penalty_q_learning_10_q_learning_123_f70ef7ca,trap_penalty_q_learning_10,q_learning,train,814,123,risk,5,5,0.1,0.9,0.05,default,100,9.7,4,1,1,0,0,0.0006005959999129118,
trap_penalty_q_learning_10_q_learning_123_f70ef7ca,trap_penalty_q_learning_10,q_learning,train,815,123,risk,5,5,0.1,0.9,0.05,default,100,9.7,4,1,1,0,0,0.0005882119999114366,
trap_penalty_q_learning_10_q_learning_123_f70ef7ca,trap_penalty_q_learning_10,q_learning,train,816,123,risk,5,5,0.1,0.9,0.05,default,100,9.7,4,1,1,0,0,0.0005084740000711463,
trap_penalty_q_learning_10_q_learning_123_f70ef7ca,trap_penalty_q_learning_10,q_learning,train,817,123,risk,5,5,0.1,0.9,0.05,default,100,9.7,4,1,1,0,0,0.0005997959999604063,
trap_penalty_q_learning_10_q_learning_123_f70ef7ca,trap_penalty_q_learning_10,q_learning,train,818,123,risk,5,5,0.1,0.9,0.05,default,100,9.7,4,1,1,0,0,0.0005833909999637399,
trap_penalty_q_learning_10_q_learning_123_f70ef7ca,trap_penalty_q_learning_10,q_learning,train,819,123,risk,5,5,0.1,0.9,0.05,default,100,9.7,4,1,1,0,0,0.0005702870000732219,
trap_penalty_q_learning_10_q_learning_123_f70ef7ca,trap_penalty_q_learning_10,q_learning,train,820,123,risk,5,5,0.1,0.9,0.05,default,100,7.699999999999999,6,1,1,0,0,0.0006874559999232588,
trap_penalty_q_learning_10_q_learning_123_f70ef7ca,trap_penalty_q_learning_10,q_learning,train,821,123,risk,5,5,0.1,0.9,0.05,default,100,9.7,4,1,1,0,0,0.000615151999909358,
trap_penalty_q_learning_10_q_learning_123_f70ef7ca,trap_penalty_q_learning_10,q_learning,train,822,123,risk,5,5,0.1,0.9,0.05,default,100,9.7,4,1,1,0,0,0.0005903569999645697,
trap_penalty_q_learning_10_q_learning_123_f70ef7ca,trap_penalty_q_learning_10,q_learning,train,823,123,risk,5,5,0.1,0.9,0.05,default,100,9.7,4,1,1,0,0,0.0005802270000003773,
trap_penalty_q_learning_10_q_learning_123_f70ef7ca,trap_penalty_q_learning_10,q_learning,train,824,123,risk,5,5,0.1,0.9,0.05,default,100,9.7,4,1,1,0,0,0.0005878740000753169,
trap_penalty_q_learning_10_q_learning_123_f70ef7ca,trap_penalty_q_learning_10,q_learning,train,825,123,risk,5,5,0.1,0.9,0.05,default,100,8.7,5,1,1,0,0,0.0006471140000030573,
trap_penalty_q_learning_10_q_learning_123_f70ef7ca,trap_penalty_q_learning_10,q_learning,train,826,123,risk,5,5,0.1,0.9,0.05,default,100,9.7,4,1,1,0,0,0.0005902160000914591,
trap_penalty_q_learning_10_q_learning_123_f70ef7ca,trap_penalty_q_learning_10,q_learning,train,827,123,risk,5,5,0.1,0.9,0.05,default,100,9.7,4,1,1,0,0,0.0005845910000061849,
trap_penalty_q_learning_10_q_learning_123_f70ef7ca,trap_penalty_q_learning_10,q_learning,train,828,123,risk,5,5,0.1,0.9,0.05,default,100,9.7,4,1,1,0,0,0.0005763330000263522,
trap_penalty_q_learning_10_q_learning_123_f70ef7ca,trap_penalty_q_learning_10,q_learning,train,829,123,risk,5,5,0.1,0.9,0.05,default,100,9.7,4,1,1,0,0,0.0005864730001121643,
trap_penalty_q_learning_10_q_learning_123_f70ef7ca,trap_penalty_q_learning_10,q_learning,train,830,123,risk,5,5,0.1,0.9,0.05,default,100,9.7,4,1,1,0,0,0.0005735209999784274,
trap_penalty_q_learning_10_q_learning_123_f70ef7ca,trap_penalty_q_learning_10,q_learning,train,831,123,risk,5,5,0.1,0.9,0.05,default,100,9.7,4,1,1,0,0,0.0005822010000429145,
trap_penalty_q_learning_10_q_learning_123_f70ef7ca,trap_penalty_q_learning_10,q_learning,train,832,123,risk,5,5,0.1,0.9,0.05,default,100,9.7,4,1,1,0,0,0.000608652000209986,
trap_penalty_q_learning_10_q_learning_123_f70ef7ca,trap_penalty_q_learning_10,q_learning,train,833,123,risk,5,5,0.1,0.9,0.05,default,100,9.7,4,1,1,0,0,0.0005781060001481819,
trap_penalty_q_learning_10_q_learning_123_f70ef7ca,trap_penalty_q_learning_10,q_learning,train,834,123,risk,5,5,0.1,0.9,0.05,default,100,8.7,5,1,1,0,0,0.0005748129999574303,
trap_penalty_q_learning_10_q_learning_123_f70ef7ca,trap_penalty_q_learning_10,q_learning,train,835,123,risk,5,5,0.1,0.9,0.05,default,100,9.7,4,1,1,0,0,0.0005751829999098845,
trap_penalty_q_learning_10_q_learning_123_f70ef7ca,trap_penalty_q_learning_10,q_learning,train,836,123,risk,5,5,0.1,0.9,0.05,default,100,9.7,4,1,1,0,0,0.0005854690000433038,
trap_penalty_q_learning_10_q_learning_123_f70ef7ca,trap_penalty_q_learning_10,q_learning,train,837,123,risk,5,5,0.1,0.9,0.05,default,100,9.7,4,1,1,0,0,0.0005705930000203807,
trap_penalty_q_learning_10_q_learning_123_f70ef7ca,trap_penalty_q_learning_10,q_learning,train,838,123,risk,5,5,0.1,0.9,0.05,default,100,9.7,4,1,1,0,0,0.0006003009998494235,
trap_penalty_q_learning_10_q_learning_123_f70ef7ca,trap_penalty_q_learning_10,q_learning,train,839,123,risk,5,5,0.1,0.9,0.05,default,100,9.7,4,1,1,0,0,0.0005843169999479869,
trap_penalty_q_learning_10_q_learning_123_f70ef7ca,trap_penalty_q_learning_10,q_learning,train,840,123,risk,5,5,0.1,0.9,0.05,default,100,9.7,4,1,1,0,0,0.0005688989999725891,
trap_penalty_q_learning_10_q_learning_123_f70ef7ca,trap_penalty_q_learning_10,q_learning,train,841,123,risk,5,5,0.1,0.9,0.05,default,100,-10.2,3,0,1,0,1,0.00042082000004484144,
trap_penalty_q_learning_10_q_learning_123_f70ef7ca,trap_penalty_q_learning_10,q_learning,train,842,123,risk,5,5,0.1,0.9,0.05,default,100,9.7,4,1,1,0,0,0.0005955209999228828,
trap_penalty_q_learning_10_q_learning_123_f70ef7ca,trap_penalty_q_learning_10,q_learning,train,843,123,risk,5,5,0.1,0.9,0.05,default,100,9.7,4,1,1,0,0,0.0006075440001040988,
trap_penalty_q_learning_10_q_learning_123_f70ef7ca,trap_penalty_q_learning_10,q_learning,train,844,123,risk,5,5,0.1,0.9,0.05,default,100,9.7,4,1,1,0,0,0.0005952429999069864,
trap_penalty_q_learning_10_q_learning_123_f70ef7ca,trap_penalty_q_learning_10,q_learning,train,845,123,risk,5,5,0.1,0.9,0.05,default,100,8.7,5,1,1,0,0,0.000637640000149986,
trap_penalty_q_learning_10_q_learning_123_f70ef7ca,trap_penalty_q_learning_10,q_learning,train,846,123,risk,5,5,0.1,0.9,0.05,default,100,9.7,4,1,1,0,0,0.0005720629999359517,
trap_penalty_q_learning_10_q_learning_123_f70ef7ca,trap_penalty_q_learning_10,q_learning,train,847,123,risk,5,5,0.1,0.9,0.05,default,100,9.7,4,1,1,0,0,0.0005820379999477154,
trap_penalty_q_learning_10_q_learning_123_f70ef7ca,trap_penalty_q_learning_10,q_learning,train,848,123,risk,5,5,0.1,0.9,0.05,default,100,8.7,5,1,1,0,0,0.0006174249999730819,
trap_penalty_q_learning_10_q_learning_123_f70ef7ca,trap_penalty_q_learning_10,q_learning,train,849,123,risk,5,5,0.1,0.9,0.05,default,100,9.7,4,1,1,0,0,0.0006163479999941046,
trap_penalty_q_learning_10_q_learning_123_f70ef7ca,trap_penalty_q_learning_10,q_learning,train,850,123,risk,5,5,0.1,0.9,0.05,default,100,9.5,6,1,1,0,0,0.0007537779999893246,
trap_penalty_q_learning_10_q_learning_123_f70ef7ca,trap_penalty_q_learning_10,q_learning,train,851,123,risk,5,5,0.1,0.9,0.05,default,100,9.7,4,1,1,0,0,0.0005736680000154593,
trap_penalty_q_learning_10_q_learning_123_f70ef7ca,trap_penalty_q_learning_10,q_learning,train,852,123,risk,5,5,0.1,0.9,0.05,default,100,9.7,4,1,1,0,0,0.0005839359998844884,
trap_penalty_q_learning_10_q_learning_123_f70ef7ca,trap_penalty_q_learning_10,q_learning,train,853,123,risk,5,5,0.1,0.9,0.05,default,100,9.7,4,1,1,0,0,0.0006000169998969795,
trap_penalty_q_learning_10_q_learning_123_f70ef7ca,trap_penalty_q_learning_10,q_learning,train,854,123,risk,5,5,0.1,0.9,0.05,default,100,9.7,4,1,1,0,0,0.0005751650001002417,
trap_penalty_q_learning_10_q_learning_123_f70ef7ca,trap_penalty_q_learning_10,q_learning,train,855,123,risk,5,5,0.1,0.9,0.05,default,100,9.7,4,1,1,0,0,0.0005858409999746073,
trap_penalty_q_learning_10_q_learning_123_f70ef7ca,trap_penalty_q_learning_10,q_learning,train,856,123,risk,5,5,0.1,0.9,0.05,default,100,9.7,4,1,1,0,0,0.0006017129999236204,
trap_penalty_q_learning_10_q_learning_123_f70ef7ca,trap_penalty_q_learning_10,q_learning,train,857,123,risk,5,5,0.1,0.9,0.05,default,100,9.7,4,1,1,0,0,0.0005247430001418252,
trap_penalty_q_learning_10_q_learning_123_f70ef7ca,trap_penalty_q_learning_10,q_learning,train,858,123,risk,5,5,0.1,0.9,0.05,default,100,9.7,4,1,1,0,0,0.0005819489999794314,
trap_penalty_q_learning_10_q_learning_123_f70ef7ca,trap_penalty_q_learning_10,q_learning,train,859,123,risk,5,5,0.1,0.9,0.05,default,100,9.7,4,1,1,0,0,0.0005760720000580477,
trap_penalty_q_learning_10_q_learning_123_f70ef7ca,trap_penalty_q_learning_10,q_learning,train,860,123,risk,5,5,0.1,0.9,0.05,default,100,9.7,4,1,1,0,0,0.0005836750001435576,
trap_penalty_q_learning_10_q_learning_123_f70ef7ca,trap_penalty_q_learning_10,q_learning,train,861,123,risk,5,5,0.1,0.9,0.05,default,100,9.7,4,1,1,0,0,0.0006155610001314926,
trap_penalty_q_learning_10_q_learning_123_f70ef7ca,trap_penalty_q_learning_10,q_learning,train,862,123,risk,5,5,0.1,0.9,0.05,default,100,9.7,4,1,1,0,0,0.0005849570000009408,
trap_penalty_q_learning_10_q_learning_123_f70ef7ca,trap_penalty_q_learning_10,q_learning,train,863,123,risk,5,5,0.1,0.9,0.05,default,100,9.7,4,1,1,0,0,0.0005927390000124433,
trap_penalty_q_learning_10_q_learning_123_f70ef7ca,trap_penalty_q_learning_10,q_learning,train,864,123,risk,5,5,0.1,0.9,0.05,default,100,9.7,4,1,1,0,0,0.0005850139998528903,
trap_penalty_q_learning_10_q_learning_123_f70ef7ca,trap_penalty_q_learning_10,q_learning,train,865,123,risk,5,5,0.1,0.9,0.05,default,100,8.7,5,1,1,0,0,0.0006257820000428183,
trap_penalty_q_learning_10_q_learning_123_f70ef7ca,trap_penalty_q_learning_10,q_learning,train,866,123,risk,5,5,0.1,0.9,0.05,default,100,9.7,4,1,1,0,0,0.0005832880001435115,
trap_penalty_q_learning_10_q_learning_123_f70ef7ca,trap_penalty_q_learning_10,q_learning,train,867,123,risk,5,5,0.1,0.9,0.05,default,100,9.7,4,1,1,0,0,0.0005953209999915998,
trap_penalty_q_learning_10_q_learning_123_f70ef7ca,trap_penalty_q_learning_10,q_learning,train,868,123,risk,5,5,0.1,0.9,0.05,default,100,9.7,4,1,1,0,0,0.0005229530001997773,
trap_penalty_q_learning_10_q_learning_123_f70ef7ca,trap_penalty_q_learning_10,q_learning,train,869,123,risk,5,5,0.1,0.9,0.05,default,100,9.7,4,1,1,0,0,0.0005826509998314577,
trap_penalty_q_learning_10_q_learning_123_f70ef7ca,trap_penalty_q_learning_10,q_learning,train,870,123,risk,5,5,0.1,0.9,0.05,default,100,9.7,4,1,1,0,0,0.0005710479999834206,
trap_penalty_q_learning_10_q_learning_123_f70ef7ca,trap_penalty_q_learning_10,q_learning,train,871,123,risk,5,5,0.1,0.9,0.05,default,100,9.7,4,1,1,0,0,0.0005841150000378548,
trap_penalty_q_learning_10_q_learning_123_f70ef7ca,trap_penalty_q_learning_10,q_learning,train,872,123,risk,5,5,0.1,0.9,0.05,default,100,9.7,4,1,1,0,0,0.0005666780000410654,
trap_penalty_q_learning_10_q_learning_123_f70ef7ca,trap_penalty_q_learning_10,q_learning,train,873,123,risk,5,5,0.1,0.9,0.05,default,100,9.7,4,1,1,0,0,0.0005796259999897302,
trap_penalty_q_learning_10_q_learning_123_f70ef7ca,trap_penalty_q_learning_10,q_learning,train,874,123,risk,5,5,0.1,0.9,0.05,default,100,9.7,4,1,1,0,0,0.0006070959998396575,
trap_penalty_q_learning_10_q_learning_123_f70ef7ca,trap_penalty_q_learning_10,q_learning,train,875,123,risk,5,5,0.1,0.9,0.05,default,100,9.7,4,1,1,0,0,0.0005738870002005569,
trap_penalty_q_learning_10_q_learning_123_f70ef7ca,trap_penalty_q_learning_10,q_learning,train,876,123,risk,5,5,0.1,0.9,0.05,default,100,9.7,4,1,1,0,0,0.000582815999905506,
trap_penalty_q_learning_10_q_learning_123_f70ef7ca,trap_penalty_q_learning_10,q_learning,train,877,123,risk,5,5,0.1,0.9,0.05,default,100,9.7,4,1,1,0,0,0.0005689439999514434,
trap_penalty_q_learning_10_q_learning_123_f70ef7ca,trap_penalty_q_learning_10,q_learning,train,878,123,risk,5,5,0.1,0.9,0.05,default,100,9.7,4,1,1,0,0,0.0005873309999060439,
trap_penalty_q_learning_10_q_learning_123_f70ef7ca,trap_penalty_q_learning_10,q_learning,train,879,123,risk,5,5,0.1,0.9,0.05,default,100,9.7,4,1,1,0,0,0.0005702979999568925,
trap_penalty_q_learning_10_q_learning_123_f70ef7ca,trap_penalty_q_learning_10,q_learning,train,880,123,risk,5,5,0.1,0.9,0.05,default,100,9.7,4,1,1,0,0,0.0006075989999771991,
trap_penalty_q_learning_10_q_learning_123_f70ef7ca,trap_penalty_q_learning_10,q_learning,train,881,123,risk,5,5,0.1,0.9,0.05,default,100,9.7,4,1,1,0,0,0.0005986189999021008,
trap_penalty_q_learning_10_q_learning_123_f70ef7ca,trap_penalty_q_learning_10,q_learning,train,882,123,risk,5,5,0.1,0.9,0.05,default,100,9.7,4,1,1,0,0,0.00059014900011789,
trap_penalty_q_learning_10_q_learning_123_f70ef7ca,trap_penalty_q_learning_10,q_learning,train,883,123,risk,5,5,0.1,0.9,0.05,default,100,9.7,4,1,1,0,0,0.0005777809999472083,
trap_penalty_q_learning_10_q_learning_123_f70ef7ca,trap_penalty_q_learning_10,q_learning,train,884,123,risk,5,5,0.1,0.9,0.05,default,100,9.7,4,1,1,0,0,0.000585884999964037,
trap_penalty_q_learning_10_q_learning_123_f70ef7ca,trap_penalty_q_learning_10,q_learning,train,885,123,risk,5,5,0.1,0.9,0.05,default,100,9.7,4,1,1,0,0,0.0006146379998881457,
trap_penalty_q_learning_10_q_learning_123_f70ef7ca,trap_penalty_q_learning_10,q_learning,train,886,123,risk,5,5,0.1,0.9,0.05,default,100,8.7,5,1,1,0,0,0.0006281729999955132,
trap_penalty_q_learning_10_q_learning_123_f70ef7ca,trap_penalty_q_learning_10,q_learning,train,887,123,risk,5,5,0.1,0.9,0.05,default,100,9.7,4,1,1,0,0,0.0005868359999112727,
trap_penalty_q_learning_10_q_learning_123_f70ef7ca,trap_penalty_q_learning_10,q_learning,train,888,123,risk,5,5,0.1,0.9,0.05,default,100,9.7,4,1,1,0,0,0.0005717470000945468,
trap_penalty_q_learning_10_q_learning_123_f70ef7ca,trap_penalty_q_learning_10,q_learning,train,889,123,risk,5,5,0.1,0.9,0.05,default,100,9.7,4,1,1,0,0,0.0005996229999709612,
trap_penalty_q_learning_10_q_learning_123_f70ef7ca,trap_penalty_q_learning_10,q_learning,train,890,123,risk,5,5,0.1,0.9,0.05,default,100,9.7,4,1,1,0,0,0.0005901340000491473,
trap_penalty_q_learning_10_q_learning_123_f70ef7ca,trap_penalty_q_learning_10,q_learning,train,891,123,risk,5,5,0.1,0.9,0.05,default,100,9.7,4,1,1,0,0,0.0006076839999877848,
trap_penalty_q_learning_10_q_learning_123_f70ef7ca,trap_penalty_q_learning_10,q_learning,train,892,123,risk,5,5,0.1,0.9,0.05,default,100,8.7,5,1,1,0,0,0.000644120000060866,
trap_penalty_q_learning_10_q_learning_123_f70ef7ca,trap_penalty_q_learning_10,q_learning,train,893,123,risk,5,5,0.1,0.9,0.05,default,100,8.7,5,1,1,0,0,0.0006228750000900618,
trap_penalty_q_learning_10_q_learning_123_f70ef7ca,trap_penalty_q_learning_10,q_learning,train,894,123,risk,5,5,0.1,0.9,0.05,default,100,9.7,4,1,1,0,0,0.0005968689999917842,
trap_penalty_q_learning_10_q_learning_123_f70ef7ca,trap_penalty_q_learning_10,q_learning,train,895,123,risk,5,5,0.1,0.9,0.05,default,100,9.7,4,1,1,0,0,0.0005852300000697142,
trap_penalty_q_learning_10_q_learning_123_f70ef7ca,trap_penalty_q_learning_10,q_learning,train,896,123,risk,5,5,0.1,0.9,0.05,default,100,9.7,4,1,1,0,0,0.0005695980000837153,
trap_penalty_q_learning_10_q_learning_123_f70ef7ca,trap_penalty_q_learning_10,q_learning,train,897,123,risk,5,5,0.1,0.9,0.05,default,100,9.7,4,1,1,0,0,0.0005862079999587877,
trap_penalty_q_learning_10_q_learning_123_f70ef7ca,trap_penalty_q_learning_10,q_learning,train,898,123,risk,5,5,0.1,0.9,0.05,default,100,9.7,4,1,1,0,0,0.0005921739998484554,
trap_penalty_q_learning_10_q_learning_123_f70ef7ca,trap_penalty_q_learning_10,q_learning,train,899,123,risk,5,5,0.1,0.9,0.05,default,100,9.7,4,1,1,0,0,0.0005926860001181922,
trap_penalty_q_learning_10_q_learning_123_f70ef7ca,trap_penalty_q_learning_10,q_learning,train,900,123,risk,5,5,0.1,0.9,0.05,default,100,9.7,4,1,1,0,0,0.0005821880001803947,
trap_penalty_q_learning_10_q_learning_123_f70ef7ca,trap_penalty_q_learning_10,q_learning,train,901,123,risk,5,5,0.1,0.9,0.05,default,100,9.7,4,1,1,0,0,0.0005439340000066295,
trap_penalty_q_learning_10_q_learning_123_f70ef7ca,trap_penalty_q_learning_10,q_learning,train,902,123,risk,5,5,0.1,0.9,0.05,default,100,9.5,6,1,1,0,0,0.0007808519999343844,
trap_penalty_q_learning_10_q_learning_123_f70ef7ca,trap_penalty_q_learning_10,q_learning,train,903,123,risk,5,5,0.1,0.9,0.05,default,100,9.7,4,1,1,0,0,0.0005884160000277916,
trap_penalty_q_learning_10_q_learning_123_f70ef7ca,trap_penalty_q_learning_10,q_learning,train,904,123,risk,5,5,0.1,0.9,0.05,default,100,9.7,4,1,1,0,0,0.0005964810000023135,
trap_penalty_q_learning_10_q_learning_123_f70ef7ca,trap_penalty_q_learning_10,q_learning,train,905,123,risk,5,5,0.1,0.9,0.05,default,100,9.7,4,1,1,0,0,0.000573716999952012,
trap_penalty_q_learning_10_q_learning_123_f70ef7ca,trap_penalty_q_learning_10,q_learning,train,906,123,risk,5,5,0.1,0.9,0.05,default,100,9.7,4,1,1,0,0,0.0005847519998951611,
trap_penalty_q_learning_10_q_learning_123_f70ef7ca,trap_penalty_q_learning_10,q_learning,train,907,123,risk,5,5,0.1,0.9,0.05,default,100,9.7,4,1,1,0,0,0.0005679799999143142,
trap_penalty_q_learning_10_q_learning_123_f70ef7ca,trap_penalty_q_learning_10,q_learning,train,908,123,risk,5,5,0.1,0.9,0.05,default,100,9.5,6,1,1,0,0,0.0007816739998816047,
trap_penalty_q_learning_10_q_learning_123_f70ef7ca,trap_penalty_q_learning_10,q_learning,train,909,123,risk,5,5,0.1,0.9,0.05,default,100,9.7,4,1,1,0,0,0.0005934519999755139,
trap_penalty_q_learning_10_q_learning_123_f70ef7ca,trap_penalty_q_learning_10,q_learning,train,910,123,risk,5,5,0.1,0.9,0.05,default,100,9.7,4,1,1,0,0,0.0005666469999141555,
trap_penalty_q_learning_10_q_learning_123_f70ef7ca,trap_penalty_q_learning_10,q_learning,train,911,123,risk,5,5,0.1,0.9,0.05,default,100,9.7,4,1,1,0,0,0.0005841320000854466,
trap_penalty_q_learning_10_q_learning_123_f70ef7ca,trap_penalty_q_learning_10,q_learning,train,912,123,risk,5,5,0.1,0.9,0.05,default,100,9.7,4,1,1,0,0,0.0005695979998563416,
trap_penalty_q_learning_10_q_learning_123_f70ef7ca,trap_penalty_q_learning_10,q_learning,train,913,123,risk,5,5,0.1,0.9,0.05,default,100,-10.2,3,0,1,0,1,0.0004095560000223486,
trap_penalty_q_learning_10_q_learning_123_f70ef7ca,trap_penalty_q_learning_10,q_learning,train,914,123,risk,5,5,0.1,0.9,0.05,default,100,8.5,7,1,1,0,0,0.000799784000037107,
trap_penalty_q_learning_10_q_learning_123_f70ef7ca,trap_penalty_q_learning_10,q_learning,train,915,123,risk,5,5,0.1,0.9,0.05,default,100,9.7,4,1,1,0,0,0.0006059689999347029,
trap_penalty_q_learning_10_q_learning_123_f70ef7ca,trap_penalty_q_learning_10,q_learning,train,916,123,risk,5,5,0.1,0.9,0.05,default,100,9.5,6,1,1,0,0,0.0006871450000289769,
trap_penalty_q_learning_10_q_learning_123_f70ef7ca,trap_penalty_q_learning_10,q_learning,train,917,123,risk,5,5,0.1,0.9,0.05,default,100,9.7,4,1,1,0,0,0.0005861029999323364,
trap_penalty_q_learning_10_q_learning_123_f70ef7ca,trap_penalty_q_learning_10,q_learning,train,918,123,risk,5,5,0.1,0.9,0.05,default,100,9.7,4,1,1,0,0,0.0005704830000468064,
trap_penalty_q_learning_10_q_learning_123_f70ef7ca,trap_penalty_q_learning_10,q_learning,train,919,123,risk,5,5,0.1,0.9,0.05,default,100,9.7,4,1,1,0,0,0.0005786910001006618,
trap_penalty_q_learning_10_q_learning_123_f70ef7ca,trap_penalty_q_learning_10,q_learning,train,920,123,risk,5,5,0.1,0.9,0.05,default,100,8.7,5,1,1,0,0,0.0006249119999210961,
trap_penalty_q_learning_10_q_learning_123_f70ef7ca,trap_penalty_q_learning_10,q_learning,train,921,123,risk,5,5,0.1,0.9,0.05,default,100,9.7,4,1,1,0,0,0.0005925310001657635,
trap_penalty_q_learning_10_q_learning_123_f70ef7ca,trap_penalty_q_learning_10,q_learning,train,922,123,risk,5,5,0.1,0.9,0.05,default,100,9.7,4,1,1,0,0,0.000579739000158952,
trap_penalty_q_learning_10_q_learning_123_f70ef7ca,trap_penalty_q_learning_10,q_learning,train,923,123,risk,5,5,0.1,0.9,0.05,default,100,9.7,4,1,1,0,0,0.0005855030001384876,
trap_penalty_q_learning_10_q_learning_123_f70ef7ca,trap_penalty_q_learning_10,q_learning,train,924,123,risk,5,5,0.1,0.9,0.05,default,100,9.7,4,1,1,0,0,0.0005701550001049327,
trap_penalty_q_learning_10_q_learning_123_f70ef7ca,trap_penalty_q_learning_10,q_learning,train,925,123,risk,5,5,0.1,0.9,0.05,default,100,9.7,4,1,1,0,0,0.000598216999833312,
trap_penalty_q_learning_10_q_learning_123_f70ef7ca,trap_penalty_q_learning_10,q_learning,train,926,123,risk,5,5,0.1,0.9,0.05,default,100,9.7,4,1,1,0,0,0.0005956770000921097,
trap_penalty_q_learning_10_q_learning_123_f70ef7ca,trap_penalty_q_learning_10,q_learning,train,927,123,risk,5,5,0.1,0.9,0.05,default,100,9.7,4,1,1,0,0,0.0005888649998269102,
trap_penalty_q_learning_10_q_learning_123_f70ef7ca,trap_penalty_q_learning_10,q_learning,train,928,123,risk,5,5,0.1,0.9,0.05,default,100,8.7,5,1,1,0,0,0.0006396650001079252,
trap_penalty_q_learning_10_q_learning_123_f70ef7ca,trap_penalty_q_learning_10,q_learning,train,929,123,risk,5,5,0.1,0.9,0.05,default,100,9.7,4,1,1,0,0,0.0005772889999207109,
trap_penalty_q_learning_10_q_learning_123_f70ef7ca,trap_penalty_q_learning_10,q_learning,train,930,123,risk,5,5,0.1,0.9,0.05,default,100,9.7,4,1,1,0,0,0.0005890209999961371,
trap_penalty_q_learning_10_q_learning_123_f70ef7ca,trap_penalty_q_learning_10,q_learning,train,931,123,risk,5,5,0.1,0.9,0.05,default,100,9.7,4,1,1,0,0,0.0005725349999465834,
trap_penalty_q_learning_10_q_learning_123_f70ef7ca,trap_penalty_q_learning_10,q_learning,train,932,123,risk,5,5,0.1,0.9,0.05,default,100,9.7,4,1,1,0,0,0.0006105200000092736,
trap_penalty_q_learning_10_q_learning_123_f70ef7ca,trap_penalty_q_learning_10,q_learning,train,933,123,risk,5,5,0.1,0.9,0.05,default,100,9.7,4,1,1,0,0,0.0005873000000065076,
trap_penalty_q_learning_10_q_learning_123_f70ef7ca,trap_penalty_q_learning_10,q_learning,train,934,123,risk,5,5,0.1,0.9,0.05,default,100,9.7,4,1,1,0,0,0.0005716329999359004,
trap_penalty_q_learning_10_q_learning_123_f70ef7ca,trap_penalty_q_learning_10,q_learning,train,935,123,risk,5,5,0.1,0.9,0.05,default,100,9.5,6,1,1,0,0,0.0007483639999463776,
trap_penalty_q_learning_10_q_learning_123_f70ef7ca,trap_penalty_q_learning_10,q_learning,train,936,123,risk,5,5,0.1,0.9,0.05,default,100,9.7,4,1,1,0,0,0.0005918059998748504,
trap_penalty_q_learning_10_q_learning_123_f70ef7ca,trap_penalty_q_learning_10,q_learning,train,937,123,risk,5,5,0.1,0.9,0.05,default,100,9.7,4,1,1,0,0,0.000511351999875842,
trap_penalty_q_learning_10_q_learning_123_f70ef7ca,trap_penalty_q_learning_10,q_learning,train,938,123,risk,5,5,0.1,0.9,0.05,default,100,9.7,4,1,1,0,0,0.0005835699998897326,
trap_penalty_q_learning_10_q_learning_123_f70ef7ca,trap_penalty_q_learning_10,q_learning,train,939,123,risk,5,5,0.1,0.9,0.05,default,100,9.7,4,1,1,0,0,0.000591582999959428,
trap_penalty_q_learning_10_q_learning_123_f70ef7ca,trap_penalty_q_learning_10,q_learning,train,940,123,risk,5,5,0.1,0.9,0.05,default,100,8.7,5,1,1,0,0,0.0006380550000812946,
trap_penalty_q_learning_10_q_learning_123_f70ef7ca,trap_penalty_q_learning_10,q_learning,train,941,123,risk,5,5,0.1,0.9,0.05,default,100,9.7,4,1,1,0,0,0.0006096680001519417,
trap_penalty_q_learning_10_q_learning_123_f70ef7ca,trap_penalty_q_learning_10,q_learning,train,942,123,risk,5,5,0.1,0.9,0.05,default,100,9.7,4,1,1,0,0,0.0005900310000015452,
trap_penalty_q_learning_10_q_learning_123_f70ef7ca,trap_penalty_q_learning_10,q_learning,train,943,123,risk,5,5,0.1,0.9,0.05,default,100,9.7,4,1,1,0,0,0.0006071220000194444,
trap_penalty_q_learning_10_q_learning_123_f70ef7ca,trap_penalty_q_learning_10,q_learning,train,944,123,risk,5,5,0.1,0.9,0.05,default,100,9.7,4,1,1,0,0,0.0005865970001650567,
trap_penalty_q_learning_10_q_learning_123_f70ef7ca,trap_penalty_q_learning_10,q_learning,train,945,123,risk,5,5,0.1,0.9,0.05,default,100,9.7,4,1,1,0,0,0.0005710590000944649,
trap_penalty_q_learning_10_q_learning_123_f70ef7ca,trap_penalty_q_learning_10,q_learning,train,946,123,risk,5,5,0.1,0.9,0.05,default,100,9.5,6,1,1,0,0,0.0007541669999682199,
trap_penalty_q_learning_10_q_learning_123_f70ef7ca,trap_penalty_q_learning_10,q_learning,train,947,123,risk,5,5,0.1,0.9,0.05,default,100,9.7,4,1,1,0,0,0.0005837290000272333,
trap_penalty_q_learning_10_q_learning_123_f70ef7ca,trap_penalty_q_learning_10,q_learning,train,948,123,risk,5,5,0.1,0.9,0.05,default,100,9.7,4,1,1,0,0,0.0005742929999996704,
trap_penalty_q_learning_10_q_learning_123_f70ef7ca,trap_penalty_q_learning_10,q_learning,train,949,123,risk,5,5,0.1,0.9,0.05,default,100,9.7,4,1,1,0,0,0.0005862570001227141,
trap_penalty_q_learning_10_q_learning_123_f70ef7ca,trap_penalty_q_learning_10,q_learning,train,950,123,risk,5,5,0.1,0.9,0.05,default,100,9.7,4,1,1,0,0,0.0005935100000442617,
trap_penalty_q_learning_10_q_learning_123_f70ef7ca,trap_penalty_q_learning_10,q_learning,train,951,123,risk,5,5,0.1,0.9,0.05,default,100,9.7,4,1,1,0,0,0.0005796269999791548,
trap_penalty_q_learning_10_q_learning_123_f70ef7ca,trap_penalty_q_learning_10,q_learning,train,952,123,risk,5,5,0.1,0.9,0.05,default,100,8.7,5,1,1,0,0,0.0006375559999014513,
trap_penalty_q_learning_10_q_learning_123_f70ef7ca,trap_penalty_q_learning_10,q_learning,train,953,123,risk,5,5,0.1,0.9,0.05,default,100,9.7,4,1,1,0,0,0.0005707270001948928,
trap_penalty_q_learning_10_q_learning_123_f70ef7ca,trap_penalty_q_learning_10,q_learning,train,954,123,risk,5,5,0.1,0.9,0.05,default,100,9.7,4,1,1,0,0,0.0005827970001064386,
trap_penalty_q_learning_10_q_learning_123_f70ef7ca,trap_penalty_q_learning_10,q_learning,train,955,123,risk,5,5,0.1,0.9,0.05,default,100,9.7,4,1,1,0,0,0.0005812809999952151,
trap_penalty_q_learning_10_q_learning_123_f70ef7ca,trap_penalty_q_learning_10,q_learning,train,956,123,risk,5,5,0.1,0.9,0.05,default,100,9.7,4,1,1,0,0,0.0006014210000557796,
trap_penalty_q_learning_10_q_learning_123_f70ef7ca,trap_penalty_q_learning_10,q_learning,train,957,123,risk,5,5,0.1,0.9,0.05,default,100,9.7,4,1,1,0,0,0.000587717000144039,
trap_penalty_q_learning_10_q_learning_123_f70ef7ca,trap_penalty_q_learning_10,q_learning,train,958,123,risk,5,5,0.1,0.9,0.05,default,100,9.7,4,1,1,0,0,0.0005671280000569823,
trap_penalty_q_learning_10_q_learning_123_f70ef7ca,trap_penalty_q_learning_10,q_learning,train,959,123,risk,5,5,0.1,0.9,0.05,default,100,9.7,4,1,1,0,0,0.0005844040001647954,
trap_penalty_q_learning_10_q_learning_123_f70ef7ca,trap_penalty_q_learning_10,q_learning,train,960,123,risk,5,5,0.1,0.9,0.05,default,100,9.7,4,1,1,0,0,0.0005819250000058673,
trap_penalty_q_learning_10_q_learning_123_f70ef7ca,trap_penalty_q_learning_10,q_learning,train,961,123,risk,5,5,0.1,0.9,0.05,default,100,9.7,4,1,1,0,0,0.0006140779998986545,
trap_penalty_q_learning_10_q_learning_123_f70ef7ca,trap_penalty_q_learning_10,q_learning,train,962,123,risk,5,5,0.1,0.9,0.05,default,100,9.7,4,1,1,0,0,0.0005837669998527417,
trap_penalty_q_learning_10_q_learning_123_f70ef7ca,trap_penalty_q_learning_10,q_learning,train,963,123,risk,5,5,0.1,0.9,0.05,default,100,9.7,4,1,1,0,0,0.0005911949999699573,
trap_penalty_q_learning_10_q_learning_123_f70ef7ca,trap_penalty_q_learning_10,q_learning,train,964,123,risk,5,5,0.1,0.9,0.05,default,100,9.7,4,1,1,0,0,0.0005724800000734831,
trap_penalty_q_learning_10_q_learning_123_f70ef7ca,trap_penalty_q_learning_10,q_learning,train,965,123,risk,5,5,0.1,0.9,0.05,default,100,9.7,4,1,1,0,0,0.0005859269999746175,
trap_penalty_q_learning_10_q_learning_123_f70ef7ca,trap_penalty_q_learning_10,q_learning,train,966,123,risk,5,5,0.1,0.9,0.05,default,100,9.7,4,1,1,0,0,0.0005837599999267695,
trap_penalty_q_learning_10_q_learning_123_f70ef7ca,trap_penalty_q_learning_10,q_learning,train,967,123,risk,5,5,0.1,0.9,0.05,default,100,9.7,4,1,1,0,0,0.0006085280001570936,
trap_penalty_q_learning_10_q_learning_123_f70ef7ca,trap_penalty_q_learning_10,q_learning,train,968,123,risk,5,5,0.1,0.9,0.05,default,100,9.7,4,1,1,0,0,0.0005906320000121923,
trap_penalty_q_learning_10_q_learning_123_f70ef7ca,trap_penalty_q_learning_10,q_learning,train,969,123,risk,5,5,0.1,0.9,0.05,default,100,9.7,4,1,1,0,0,0.0005066599999281607,
trap_penalty_q_learning_10_q_learning_123_f70ef7ca,trap_penalty_q_learning_10,q_learning,train,970,123,risk,5,5,0.1,0.9,0.05,default,100,9.7,4,1,1,0,0,0.0005854869998529466,
trap_penalty_q_learning_10_q_learning_123_f70ef7ca,trap_penalty_q_learning_10,q_learning,train,971,123,risk,5,5,0.1,0.9,0.05,default,100,9.5,6,1,1,0,0,0.0007501129998672695,
trap_penalty_q_learning_10_q_learning_123_f70ef7ca,trap_penalty_q_learning_10,q_learning,train,972,123,risk,5,5,0.1,0.9,0.05,default,100,9.7,4,1,1,0,0,0.0005730909999783762,
trap_penalty_q_learning_10_q_learning_123_f70ef7ca,trap_penalty_q_learning_10,q_learning,train,973,123,risk,5,5,0.1,0.9,0.05,default,100,9.7,4,1,1,0,0,0.0005823839999266056,
trap_penalty_q_learning_10_q_learning_123_f70ef7ca,trap_penalty_q_learning_10,q_learning,train,974,123,risk,5,5,0.1,0.9,0.05,default,100,9.7,4,1,1,0,0,0.0005990950000978046,
trap_penalty_q_learning_10_q_learning_123_f70ef7ca,trap_penalty_q_learning_10,q_learning,train,975,123,risk,5,5,0.1,0.9,0.05,default,100,9.7,4,1,1,0,0,0.0005873029999747814,
trap_penalty_q_learning_10_q_learning_123_f70ef7ca,trap_penalty_q_learning_10,q_learning,train,976,123,risk,5,5,0.1,0.9,0.05,default,100,9.7,4,1,1,0,0,0.0005174330001409544,
trap_penalty_q_learning_10_q_learning_123_f70ef7ca,trap_penalty_q_learning_10,q_learning,train,977,123,risk,5,5,0.1,0.9,0.05,default,100,9.7,4,1,1,0,0,0.0005694609999409295,
trap_penalty_q_learning_10_q_learning_123_f70ef7ca,trap_penalty_q_learning_10,q_learning,train,978,123,risk,5,5,0.1,0.9,0.05,default,100,9.5,6,1,1,0,0,0.0007446990000516962,
trap_penalty_q_learning_10_q_learning_123_f70ef7ca,trap_penalty_q_learning_10,q_learning,train,979,123,risk,5,5,0.1,0.9,0.05,default,100,9.7,4,1,1,0,0,0.000565065000046161,
trap_penalty_q_learning_10_q_learning_123_f70ef7ca,trap_penalty_q_learning_10,q_learning,train,980,123,risk,5,5,0.1,0.9,0.05,default,100,9.7,4,1,1,0,0,0.0006058210001356201,
trap_penalty_q_learning_10_q_learning_123_f70ef7ca,trap_penalty_q_learning_10,q_learning,train,981,123,risk,5,5,0.1,0.9,0.05,default,100,9.7,4,1,1,0,0,0.0006012169999394246,
trap_penalty_q_learning_10_q_learning_123_f70ef7ca,trap_penalty_q_learning_10,q_learning,train,982,123,risk,5,5,0.1,0.9,0.05,default,100,9.7,4,1,1,0,0,0.0005926540000018576,
trap_penalty_q_learning_10_q_learning_123_f70ef7ca,trap_penalty_q_learning_10,q_learning,train,983,123,risk,5,5,0.1,0.9,0.05,default,100,9.7,4,1,1,0,0,0.0005742849998569,
trap_penalty_q_learning_10_q_learning_123_f70ef7ca,trap_penalty_q_learning_10,q_learning,train,984,123,risk,5,5,0.1,0.9,0.05,default,100,9.7,4,1,1,0,0,0.0005858859999534616,
trap_penalty_q_learning_10_q_learning_123_f70ef7ca,trap_penalty_q_learning_10,q_learning,train,985,123,risk,5,5,0.1,0.9,0.05,default,100,9.7,4,1,1,0,0,0.0006239970000478934,
trap_penalty_q_learning_10_q_learning_123_f70ef7ca,trap_penalty_q_learning_10,q_learning,train,986,123,risk,5,5,0.1,0.9,0.05,default,100,9.7,4,1,1,0,0,0.0005779109999366483,
trap_penalty_q_learning_10_q_learning_123_f70ef7ca,trap_penalty_q_learning_10,q_learning,train,987,123,risk,5,5,0.1,0.9,0.05,default,100,9.7,4,1,1,0,0,0.0005851190001067152,
trap_penalty_q_learning_10_q_learning_123_f70ef7ca,trap_penalty_q_learning_10,q_learning,train,988,123,risk,5,5,0.1,0.9,0.05,default,100,9.7,4,1,1,0,0,0.0005728929997985688,
trap_penalty_q_learning_10_q_learning_123_f70ef7ca,trap_penalty_q_learning_10,q_learning,train,989,123,risk,5,5,0.1,0.9,0.05,default,100,9.7,4,1,1,0,0,0.0005866620001597767,
trap_penalty_q_learning_10_q_learning_123_f70ef7ca,trap_penalty_q_learning_10,q_learning,train,990,123,risk,5,5,0.1,0.9,0.05,default,100,9.5,6,1,1,0,0,0.000624431000005643,
trap_penalty_q_learning_10_q_learning_123_f70ef7ca,trap_penalty_q_learning_10,q_learning,train,991,123,risk,5,5,0.1,0.9,0.05,default,100,9.5,6,1,1,0,0,0.0008183040001767949,
trap_penalty_q_learning_10_q_learning_123_f70ef7ca,trap_penalty_q_learning_10,q_learning,train,992,123,risk,5,5,0.1,0.9,0.05,default,100,9.7,4,1,1,0,0,0.0005964069998753985,
trap_penalty_q_learning_10_q_learning_123_f70ef7ca,trap_penalty_q_learning_10,q_learning,train,993,123,risk,5,5,0.1,0.9,0.05,default,100,8.7,5,1,1,0,0,0.000637813999901482,
trap_penalty_q_learning_10_q_learning_123_f70ef7ca,trap_penalty_q_learning_10,q_learning,train,994,123,risk,5,5,0.1,0.9,0.05,default,100,9.7,4,1,1,0,0,0.0005766709998624719,
trap_penalty_q_learning_10_q_learning_123_f70ef7ca,trap_penalty_q_learning_10,q_learning,train,995,123,risk,5,5,0.1,0.9,0.05,default,100,-10.2,3,0,1,0,1,0.00041406800005461264,
trap_penalty_q_learning_10_q_learning_123_f70ef7ca,trap_penalty_q_learning_10,q_learning,train,996,123,risk,5,5,0.1,0.9,0.05,default,100,9.7,4,1,1,0,0,0.0005734799999572715,
trap_penalty_q_learning_10_q_learning_123_f70ef7ca,trap_penalty_q_learning_10,q_learning,train,997,123,risk,5,5,0.1,0.9,0.05,default,100,9.7,4,1,1,0,0,0.0005840599999373808,
trap_penalty_q_learning_10_q_learning_123_f70ef7ca,trap_penalty_q_learning_10,q_learning,train,998,123,risk,5,5,0.1,0.9,0.05,default,100,9.7,4,1,1,0,0,0.0005952930000603374,
trap_penalty_q_learning_10_q_learning_123_f70ef7ca,trap_penalty_q_learning_10,q_learning,train,999,123,risk,5,5,0.1,0.9,0.05,default,100,8.7,5,1,1,0,0,0.0006380380000337027,
trap_penalty_q_learning_10_q_learning_123_f70ef7ca,trap_penalty_q_learning_10,q_learning,train,1000,123,risk,5,5,0.1,0.9,0.05,default,100,9.7,4,1,1,0,0,0.0005977790001452377,results/trap_penalty/q_learning/trap_10/seed_123/qtable_ep1000.npz
trap_penalty_q_learning_10_q_learning_123_f70ef7ca,trap_penalty_q_learning_10,q_learning,eval,1,123,risk,5,5,0.1,0.9,0.0,default,100,9.7,4,1,1,0,0,,
trap_penalty_q_learning_10_q_learning_123_f70ef7ca,trap_penalty_q_learning_10,q_learning,eval,2,123,risk,5,5,0.1,0.9,0.0,default,100,9.7,4,1,1,0,0,,
trap_penalty_q_learning_10_q_learning_123_f70ef7ca,trap_penalty_q_learning_10,q_learning,eval,3,123,risk,5,5,0.1,0.9,0.0,default,100,9.7,4,1,1,0,0,,
trap_penalty_q_learning_10_q_learning_123_f70ef7ca,trap_penalty_q_learning_10,q_learning,eval,4,123,risk,5,5,0.1,0.9,0.0,default,100,9.7,4,1,1,0,0,,
trap_penalty_q_learning_10_q_learning_123_f70ef7ca,trap_penalty_q_learning_10,q_learning,eval,5,123,risk,5,5,0.1,0.9,0.0,default,100,9.7,4,1,1,0,0,,
trap_penalty_q_learning_10_q_learning_123_f70ef7ca,trap_penalty_q_learning_10,q_learning,eval,6,123,risk,5,5,0.1,0.9,0.0,default,100,9.7,4,1,1,0,0,,
trap_penalty_q_learning_10_q_learning_123_f70ef7ca,trap_penalty_q_learning_10,q_learning,eval,7,123,risk,5,5,0.1,0.9,0.0,default,100,9.7,4,1,1,0,0,,
trap_penalty_q_learning_10_q_learning_123_f70ef7ca,trap_penalty_q_learning_10,q_learning,eval,8,123,risk,5,5,0.1,0.9,0.0,default,100,9.7,4,1,1,0,0,,
trap_penalty_q_learning_10_q_learning_123_f70ef7ca,trap_penalty_q_learning_10,q_learning,eval,9,123,risk,5,5,0.1,0.9,0.0,default,100,9.7,4,1,1,0,0,,
trap_penalty_q_learning_10_q_learning_123_f70ef7ca,trap_penalty_q_learning_10,q_learning,eval,10,123,risk,5,5,0.1,0.9,0.0,default,100,9.7,4,1,1,0,0,,
trap_penalty_q_learning_10_q_learning_123_f70ef7ca,trap_penalty_q_learning_10,q_learning,eval,1,123,risk,5,5,0.1,0.9,0.0,default,100,9.7,4,1,1,0,0,,
trap_penalty_q_learning_10_q_learning_123_f70ef7ca,trap_penalty_q_learning_10,q_learning,eval,2,123,risk,5,5,0.1,0.9,0.0,default,100,9.7,4,1,1,0,0,,
trap_penalty_q_learning_10_q_learning_123_f70ef7ca,trap_penalty_q_learning_10,q_learning,eval,3,123,risk,5,5,0.1,0.9,0.0,default,100,9.7,4,1,1,0,0,,
trap_penalty_q_learning_10_q_learning_123_f70ef7ca,trap_penalty_q_learning_10,q_learning,eval,4,123,risk,5,5,0.1,0.9,0.0,default,100,9.7,4,1,1,0,0,,
trap_penalty_q_learning_10_q_learning_123_f70ef7ca,trap_penalty_q_learning_10,q_learning,eval,5,123,risk,5,5,0.1,0.9,0.0,default,100,9.7,4,1,1,0,0,,
trap_penalty_q_learning_10_q_learning_123_f70ef7ca,trap_penalty_q_learning_10,q_learning,eval,6,123,risk,5,5,0.1,0.9,0.0,default,100,9.7,4,1,1,0,0,,
trap_penalty_q_learning_10_q_learning_123_f70ef7ca,trap_penalty_q_learning_10,q_learning,eval,7,123,risk,5,5,0.1,0.9,0.0,default,100,9.7,4,1,1,0,0,,
trap_penalty_q_learning_10_q_learning_123_f70ef7ca,trap_penalty_q_learning_10,q_learning,eval,8,123,risk,5,5,0.1,0.9,0.0,default,100,9.7,4,1,1,0,0,,
trap_penalty_q_learning_10_q_learning_123_f70ef7ca,trap_penalty_q_learning_10,q_learning,eval,9,123,risk,5,5,0.1,0.9,0.0,default,100,9.7,4,1,1,0,0,,
trap_penalty_q_learning_10_q_learning_123_f70ef7ca,trap_penalty_q_learning_10,q_learning,eval,10,123,risk,5,5,0.1,0.9,0.0,default,100,9.7,4,1,1,0,0,,
trap_penalty_q_learning_10_q_learning_123_f70ef7ca,trap_penalty_q_learning_10,q_learning,eval,1,123,risk,5,5,0.1,0.9,0.0,default,100,9.7,4,1,1,0,0,,
trap_penalty_q_learning_10_q_learning_123_f70ef7ca,trap_penalty_q_learning_10,q_learning,eval,2,123,risk,5,5,0.1,0.9,0.0,default,100,9.7,4,1,1,0,0,,
trap_penalty_q_learning_10_q_learning_123_f70ef7ca,trap_penalty_q_learning_10,q_learning,eval,3,123,risk,5,5,0.1,0.9,0.0,default,100,9.7,4,1,1,0,0,,
trap_penalty_q_learning_10_q_learning_123_f70ef7ca,trap_penalty_q_learning_10,q_learning,eval,4,123,risk,5,5,0.1,0.9,0.0,default,100,9.7,4,1,1,0,0,,
trap_penalty_q_learning_10_q_learning_123_f70ef7ca,trap_penalty_q_learning_10,q_learning,eval,5,123,risk,5,5,0.1,0.9,0.0,default,100,9.7,4,1,1,0,0,,
trap_penalty_q_learning_10_q_learning_123_f70ef7ca,trap_penalty_q_learning_10,q_learning,eval,6,123,risk,5,5,0.1,0.9,0.0,default,100,9.7,4,1,1,0,0,,
trap_penalty_q_learning_10_q_learning_123_f70ef7ca,trap_penalty_q_learning_10,q_learning,eval,7,123,risk,5,5,0.1,0.9,0.0,default,100,9.7,4,1,1,0,0,,
trap_penalty_q_learning_10_q_learning_123_f70ef7ca,trap_penalty_q_learning_10,q_learning,eval,8,123,risk,5,5,0.1,0.9,0.0,default,100,9.7,4,1,1,0,0,,
trap_penalty_q_learning_10_q_learning_123_f70ef7ca,trap_penalty_q_learning_10,q_learning,eval,9,123,risk,5,5,0.1,0.9,0.0,default,100,9.7,4,1,1,0,0,,
trap_penalty_q_learning_10_q_learning_123_f70ef7ca,trap_penalty_q_learning_10,q_learning,eval,10,123,risk,5,5,0.1,0.9,0.0,default,100,9.7,4,1,1,0,0,,
trap_penalty_q_learning_10_q_learning_123_f70ef7ca,trap_penalty_q_learning_10,q_learning,eval,1,123,risk,5,5,0.1,0.9,0.0,default,100,9.7,4,1,1,0,0,,
trap_penalty_q_learning_10_q_learning_123_f70ef7ca,trap_penalty_q_learning_10,q_learning,eval,2,123,risk,5,5,0.1,0.9,0.0,default,100,9.7,4,1,1,0,0,,
trap_penalty_q_learning_10_q_learning_123_f70ef7ca,trap_penalty_q_learning_10,q_learning,eval,3,123,risk,5,5,0.1,0.9,0.0,default,100,9.7,4,1,1,0,0,,
trap_penalty_q_learning_10_q_learning_123_f70ef7ca,trap_penalty_q_learning_10,q_learning,eval,4,123,risk,5,5,0.1,0.9,0.0,default,100,9.7,4,1,1,0,0,,
trap_penalty_q_learning_10_q_learning_123_f70ef7ca,trap_penalty_q_learning_10,q_learning,eval,5,123,risk,5,5,0.1,0.9,0.0,default,100,9.7,4,1,1,0,0,,
trap_penalty_q_learning_10_q_learning_123_f70ef7ca,trap_penalty_q_learning_10,q_learning,eval,6,123,risk,5,5,0.1,0.9,0.0,default,100,9.7,4,1,1,0,0,,
trap_penalty_q_learning_10_q_learning_123_f70ef7ca,trap_penalty_q_learning_10,q_learning,eval,7,123,risk,5,5,0.1,0.9,0.0,default,100,9.7,4,1,1,0,0,,
trap_penalty_q_learning_10_q_learning_123_f70ef7ca,trap_penalty_q_learning_10,q_learning,eval,8,123,risk,5,5,0.1,0.9,0.0,default,100,9.7,4,1,1,0,0,,
trap_penalty_q_learning_10_q_learning_123_f70ef7ca,trap_penalty_q_learning_10,q_learning,eval,9,123,risk,5,5,0.1,0.9,0.0,default,100,9.7,4,1,1,0,0,,
trap_penalty_q_learning_10_q_learning_123_f70ef7ca,trap_penalty_q_learning_10,q_learning,eval,10,123,risk,5,5,0.1,0.9,0.0,default,100,9.7,4,1,1,0,0,,
trap_penalty_q_learning_10_q_learning_123_f70ef7ca,trap_penalty_q_learning_10,q_learning,eval,1,123,risk,5,5,0.1,0.9,0.0,default,100,9.7,4,1,1,0,0,,
trap_penalty_q_learning_10_q_learning_123_f70ef7ca,trap_penalty_q_learning_10,q_learning,eval,2,123,risk,5,5,0.1,0.9,0.0,default,100,9.7,4,1,1,0,0,,
trap_penalty_q_learning_10_q_learning_123_f70ef7ca,trap_penalty_q_learning_10,q_learning,eval,3,123,risk,5,5,0.1,0.9,0.0,default,100,9.7,4,1,1,0,0,,
trap_penalty_q_learning_10_q_learning_123_f70ef7ca,trap_penalty_q_learning_10,q_learning,eval,4,123,risk,5,5,0.1,0.9,0.0,default,100,9.7,4,1,1,0,0,,
trap_penalty_q_learning_10_q_learning_123_f70ef7ca,trap_penalty_q_learning_10,q_learning,eval,5,123,risk,5,5,0.1,0.9,0.0,default,100,9.7,4,1,1,0,0,,
trap_penalty_q_learning_10_q_learning_123_f70ef7ca,trap_penalty_q_learning_10,q_learning,eval,6,123,risk,5,5,0.1,0.9,0.0,default,100,9.7,4,1,1,0,0,,
trap_penalty_q_learning_10_q_learning_123_f70ef7ca,trap_penalty_q_learning_10,q_learning,eval,7,123,risk,5,5,0.1,0.9,0.0,default,100,9.7,4,1,1,0,0,,
trap_penalty_q_learning_10_q_learning_123_f70ef7ca,trap_penalty_q_learning_10,q_learning,eval,8,123,risk,5,5,0.1,0.9,0.0,default,100,9.7,4,1,1,0,0,,
trap_penalty_q_learning_10_q_learning_123_f70ef7ca,trap_penalty_q_learning_10,q_learning,eval,9,123,risk,5,5,0.1,0.9,0.0,default,100,9.7,4,1,1,0,0,,
trap_penalty_q_learning_10_q_learning_123_f70ef7ca,trap_penalty_q_learning_10,q_learning,eval,10,123,risk,5,5,0.1,0.9,0.0,default,100,9.7,4,1,1,0,0,,
trap_penalty_q_learning_10_q_learning_123_f70ef7ca,trap_penalty_q_learning_10,q_learning,eval,1,123,risk,5,5,0.1,0.9,0.0,default,100,9.7,4,1,1,0,0,,
trap_penalty_q_learning_10_q_learning_123_f70ef7ca,trap_penalty_q_learning_10,q_learning,eval,2,123,risk,5,5,0.1,0.9,0.0,default,100,9.7,4,1,1,0,0,,
trap_penalty_q_learning_10_q_learning_123_f70ef7ca,trap_penalty_q_learning_10,q_learning,eval,3,123,risk,5,5,0.1,0.9,0.0,default,100,9.7,4,1,1,0,0,,
trap_penalty_q_learning_10_q_learning_123_f70ef7ca,trap_penalty_q_learning_10,q_learning,eval,4,123,risk,5,5,0.1,0.9,0.0,default,100,9.7,4,1,1,0,0,,
trap_penalty_q_learning_10_q_learning_123_f70ef7ca,trap_penalty_q_learning_10,q_learning,eval,5,123,risk,5,5,0.1,0.9,0.0,default,100,9.7,4,1,1,0,0,,
trap_penalty_q_learning_10_q_learning_123_f70ef7ca,trap_penalty_q_learning_10,q_learning,eval,6,123,risk,5,5,0.1,0.9,0.0,default,100,9.7,4,1,1,0,0,,
trap_penalty_q_learning_10_q_learning_123_f70ef7ca,trap_penalty_q_learning_10,q_learning,eval,7,123,risk,5,5,0.1,0.9,0.0,default,100,9.7,4,1,1,0,0,,
trap_penalty_q_learning_10_q_learning_123_f70ef7ca,trap_penalty_q_learning_10,q_learning,eval,8,123,risk,5,5,0.1,0.9,0.0,default,100,9.7,4,1,1,0,0,,
trap_penalty_q_learning_10_q_learning_123_f70ef7ca,trap_penalty_q_learning_10,q_learning,eval,9,123,risk,5,5,0.1,0.9,0.0,default,100,9.7,4,1,1,0,0,,
trap_penalty_q_learning_10_q_learning_123_f70ef7ca,trap_penalty_q_learning_10,q_learning,eval,10,123,risk,5,5,0.1,0.9,0.0,default,100,9.7,4,1,1,0,0,,
trap_penalty_q_learning_10_q_learning_123_f70ef7ca,trap_penalty_q_learning_10,q_learning,eval,1,123,risk,5,5,0.1,0.9,0.0,default,100,9.7,4,1,1,0,0,,
trap_penalty_q_learning_10_q_learning_123_f70ef7ca,trap_penalty_q_learning_10,q_learning,eval,2,123,risk,5,5,0.1,0.9,0.0,default,100,9.7,4,1,1,0,0,,
trap_penalty_q_learning_10_q_learning_123_f70ef7ca,trap_penalty_q_learning_10,q_learning,eval,3,123,risk,5,5,0.1,0.9,0.0,default,100,9.7,4,1,1,0,0,,
trap_penalty_q_learning_10_q_learning_123_f70ef7ca,trap_penalty_q_learning_10,q_learning,eval,4,123,risk,5,5,0.1,0.9,0.0,default,100,9.7,4,1,1,0,0,,
trap_penalty_q_learning_10_q_learning_123_f70ef7ca,trap_penalty_q_learning_10,q_learning,eval,5,123,risk,5,5,0.1,0.9,0.0,default,100,9.7,4,1,1,0,0,,
trap_penalty_q_learning_10_q_learning_123_f70ef7ca,trap_penalty_q_learning_10,q_learning,eval,6,123,risk,5,5,0.1,0.9,0.0,default,100,9.7,4,1,1,0,0,,
trap_penalty_q_learning_10_q_learning_123_f70ef7ca,trap_penalty_q_learning_10,q_learning,eval,7,123,risk,5,5,0.1,0.9,0.0,default,100,9.7,4,1,1,0,0,,
trap_penalty_q_learning_10_q_learning_123_f70ef7ca,trap_penalty_q_learning_10,q_learning,eval,8,123,risk,5,5,0.1,0.9,0.0,default,100,9.7,4,1,1,0,0,,
trap_penalty_q_learning_10_q_learning_123_f70ef7ca,trap_penalty_q_learning_10,q_learning,eval,9,123,risk,5,5,0.1,0.9,0.0,default,100,9.7,4,1,1,0,0,,
trap_penalty_q_learning_10_q_learning_123_f70ef7ca,trap_penalty_q_learning_10,q_learning,eval,10,123,risk,5,5,0.1,0.9,0.0,default,100,9.7,4,1,1,0,0,,
trap_penalty_q_learning_10_q_learning_123_f70ef7ca,trap_penalty_q_learning_10,q_learning,eval,1,123,risk,5,5,0.1,0.9,0.0,default,100,9.7,4,1,1,0,0,,
trap_penalty_q_learning_10_q_learning_123_f70ef7ca,trap_penalty_q_learning_10,q_learning,eval,2,123,risk,5,5,0.1,0.9,0.0,default,100,9.7,4,1,1,0,0,,
trap_penalty_q_learning_10_q_learning_123_f70ef7ca,trap_penalty_q_learning_10,q_learning,eval,3,123,risk,5,5,0.1,0.9,0.0,default,100,9.7,4,1,1,0,0,,
trap_penalty_q_learning_10_q_learning_123_f70ef7ca,trap_penalty_q_learning_10,q_learning,eval,4,123,risk,5,5,0.1,0.9,0.0,default,100,9.7,4,1,1,0,0,,
trap_penalty_q_learning_10_q_learning_123_f70ef7ca,trap_penalty_q_learning_10,q_learning,eval,5,123,risk,5,5,0.1,0.9,0.0,default,100,9.7,4,1,1,0,0,,
trap_penalty_q_learning_10_q_learning_123_f70ef7ca,trap_penalty_q_learning_10,q_learning,eval,6,123,risk,5,5,0.1,0.9,0.0,default,100,9.7,4,1,1,0,0,,
trap_penalty_q_learning_10_q_learning_123_f70ef7ca,trap_penalty_q_learning_10,q_learning,eval,7,123,risk,5,5,0.1,0.9,0.0,default,100,9.7,4,1,1,0,0,,
trap_penalty_q_learning_10_q_learning_123_f70ef7ca,trap_penalty_q_learning_10,q_learning,eval,8,123,risk,5,5,0.1,0.9,0.0,default,100,9.7,4,1,1,0,0,,
trap_penalty_q_learning_10_q_learning_123_f70ef7ca,trap_penalty_q_learning_10,q_learning,eval,9,123,risk,5,5,0.1,0.9,0.0,default,100,9.7,4,1,1,0,0,,
trap_penalty_q_learning_10_q_learning_123_f70ef7ca,trap_penalty_q_learning_10,q_learning,eval,10,123,risk,5,5,0.1,0.9,0.0,default,100,9.7,4,1,1,0,0,,
trap_penalty_q_learning_10_q_learning_123_f70ef7ca,trap_penalty_q_learning_10,q_learning,eval,1,123,risk,5,5,0.1,0.9,0.0,default,100,9.7,4,1,1,0,0,,
trap_penalty_q_learning_10_q_learning_123_f70ef7ca,trap_penalty_q_learning_10,q_learning,eval,2,123,risk,5,5,0.1,0.9,0.0,default,100,9.7,4,1,1,0,0,,
trap_penalty_q_learning_10_q_learning_123_f70ef7ca,trap_penalty_q_learning_10,q_learning,eval,3,123,risk,5,5,0.1,0.9,0.0,default,100,9.7,4,1,1,0,0,,
trap_penalty_q_learning_10_q_learning_123_f70ef7ca,trap_penalty_q_learning_10,q_learning,eval,4,123,risk,5,5,0.1,0.9,0.0,default,100,9.7,4,1,1,0,0,,
trap_penalty_q_learning_10_q_learning_123_f70ef7ca,trap_penalty_q_learning_10,q_learning,eval,5,123,risk,5,5,0.1,0.9,0.0,default,100,9.7,4,1,1,0,0,,
trap_penalty_q_learning_10_q_learning_123_f70ef7ca,trap_penalty_q_learning_10,q_learning,eval,6,123,risk,5,5,0.1,0.9,0.0,default,100,9.7,4,1,1,0,0,,
trap_penalty_q_learning_10_q_learning_123_f70ef7ca,trap_penalty_q_learning_10,q_learning,eval,7,123,risk,5,5,0.1,0.9,0.0,default,100,9.7,4,1,1,0,0,,
trap_penalty_q_learning_10_q_learning_123_f70ef7ca,trap_penalty_q_learning_10,q_learning,eval,8,123,risk,5,5,0.1,0.9,0.0,default,100,9.7,4,1,1,0,0,,
trap_penalty_q_learning_10_q_learning_123_f70ef7ca,trap_penalty_q_learning_10,q_learning,eval,9,123,risk,5,5,0.1,0.9,0.0,default,100,9.7,4,1,1,0,0,,
trap_penalty_q_learning_10_q_learning_123_f70ef7ca,trap_penalty_q_learning_10,q_learning,eval,10,123,risk,5,5,0.1,0.9,0.0,default,100,9.7,4,1,1,0,0,,
trap_penalty_q_learning_10_q_learning_123_f70ef7ca,trap_penalty_q_learning_10,q_learning,eval,1,123,risk,5,5,0.1,0.9,0.0,default,100,9.7,4,1,1,0,0,,
trap_penalty_q_learning_10_q_learning_123_f70ef7ca,trap_penalty_q_learning_10,q_learning,eval,2,123,risk,5,5,0.1,0.9,0.0,default,100,9.7,4,1,1,0,0,,
trap_penalty_q_learning_10_q_learning_123_f70ef7ca,trap_penalty_q_learning_10,q_learning,eval,3,123,risk,5,5,0.1,0.9,0.0,default,100,9.7,4,1,1,0,0,,
trap_penalty_q_learning_10_q_learning_123_f70ef7ca,trap_penalty_q_learning_10,q_learning,eval,4,123,risk,5,5,0.1,0.9,0.0,default,100,9.7,4,1,1,0,0,,
trap_penalty_q_learning_10_q_learning_123_f70ef7ca,trap_penalty_q_learning_10,q_learning,eval,5,123,risk,5,5,0.1,0.9,0.0,default,100,9.7,4,1,1,0,0,,
trap_penalty_q_learning_10_q_learning_123_f70ef7ca,trap_penalty_q_learning_10,q_learning,eval,6,123,risk,5,5,0.1,0.9,0.0,default,100,9.7,4,1,1,0,0,,
trap_penalty_q_learning_10_q_learning_123_f70ef7ca,trap_penalty_q_learning_10,q_learning,eval,7,123,risk,5,5,0.1,0.9,0.0,default,100,9.7,4,1,1,0,0,,
trap_penalty_q_learning_10_q_learning_123_f70ef7ca,trap_penalty_q_learning_10,q_learning,eval,8,123,risk,5,5,0.1,0.9,0.0,default,100,9.7,4,1,1,0,0,,
trap_penalty_q_learning_10_q_learning_123_f70ef7ca,trap_penalty_q_learning_10,q_learning,eval,9,123,risk,5,5,0.1,0.9,0.0,default,100,9.7,4,1,1,0,0,,
trap_penalty_q_learning_10_q_learning_123_f70ef7ca,trap_penalty_q_learning_10,q_learning,eval,10,123,risk,5,5,0.1,0.9,0.0,default,100,9.7,4,1,1,0,0,,
trap_penalty_q_learning_10_q_learning_123_f70ef7ca,trap_penalty_q_learning_10,q_learning,eval,1,123,risk,5,5,0.1,0.9,0.0,default,100,9.7,4,1,1,0,0,,
trap_penalty_q_learning_10_q_learning_123_f70ef7ca,trap_penalty_q_learning_10,q_learning,eval,2,123,risk,5,5,0.1,0.9,0.0,default,100,9.7,4,1,1,0,0,,
trap_penalty_q_learning_10_q_learning_123_f70ef7ca,trap_penalty_q_learning_10,q_learning,eval,3,123,risk,5,5,0.1,0.9,0.0,default,100,9.7,4,1,1,0,0,,
trap_penalty_q_learning_10_q_learning_123_f70ef7ca,trap_penalty_q_learning_10,q_learning,eval,4,123,risk,5,5,0.1,0.9,0.0,default,100,9.7,4,1,1,0,0,,
trap_penalty_q_learning_10_q_learning_123_f70ef7ca,trap_penalty_q_learning_10,q_learning,eval,5,123,risk,5,5,0.1,0.9,0.0,default,100,9.7,4,1,1,0,0,,
trap_penalty_q_learning_10_q_learning_123_f70ef7ca,trap_penalty_q_learning_10,q_learning,eval,6,123,risk,5,5,0.1,0.9,0.0,default,100,9.7,4,1,1,0,0,,
trap_penalty_q_learning_10_q_learning_123_f70ef7ca,trap_penalty_q_learning_10,q_learning,eval,7,123,risk,5,5,0.1,0.9,0.0,default,100,9.7,4,1,1,0,0,,
trap_penalty_q_learning_10_q_learning_123_f70ef7ca,trap_penalty_q_learning_10,q_learning,eval,8,123,risk,5,5,0.1,0.9,0.0,default,100,9.7,4,1,1,0,0,,
trap_penalty_q_learning_10_q_learning_123_f70ef7ca,trap_penalty_q_learning_10,q_learning,eval,9,123,risk,5,5,0.1,0.9,0.0,default,100,9.7,4,1,1,0,0,,
trap_penalty_q_learning_10_q_learning_123_f70ef7ca,trap_penalty_q_learning_10,q_learning,eval,10,123,risk,5,5,0.1,0.9,0.0,default,100,9.7,4,1,1,0,0,,
trap_penalty_q_learning_10_q_learning_123_f70ef7ca,trap_penalty_q_learning_10,q_learning,eval,1,123,risk,5,5,0.1,0.9,0.0,default,100,9.7,4,1,1,0,0,,
trap_penalty_q_learning_10_q_learning_123_f70ef7ca,trap_penalty_q_learning_10,q_learning,eval,2,123,risk,5,5,0.1,0.9,0.0,default,100,9.7,4,1,1,0,0,,
trap_penalty_q_learning_10_q_learning_123_f70ef7ca,trap_penalty_q_learning_10,q_learning,eval,3,123,risk,5,5,0.1,0.9,0.0,default,100,9.7,4,1,1,0,0,,
trap_penalty_q_learning_10_q_learning_123_f70ef7ca,trap_penalty_q_learning_10,q_learning,eval,4,123,risk,5,5,0.1,0.9,0.0,default,100,9.7,4,1,1,0,0,,
trap_penalty_q_learning_10_q_learning_123_f70ef7ca,trap_penalty_q_learning_10,q_learning,eval,5,123,risk,5,5,0.1,0.9,0.0,default,100,9.7,4,1,1,0,0,,
trap_penalty_q_learning_10_q_learning_123_f70ef7ca,trap_penalty_q_learning_10,q_learning,eval,6,123,risk,5,5,0.1,0.9,0.0,default,100,9.7,4,1,1,0,0,,
trap_penalty_q_learning_10_q_learning_123_f70ef7ca,trap_penalty_q_learning_10,q_learning,eval,7,123,risk,5,5,0.1,0.9,0.0,default,100,9.7,4,1,1,0,0,,
trap_penalty_q_learning_10_q_learning_123_f70ef7ca,trap_penalty_q_learning_10,q_learning,eval,8,123,risk,5,5,0.1,0.9,0.0,default,100,9.7,4,1,1,0,0,,
trap_penalty_q_learning_10_q_learning_123_f70ef7ca,trap_penalty_q_learning_10,q_learning,eval,9,123,risk,5,5,0.1,0.9,0.0,default,100,9.7,4,1,1,0,0,,
trap_penalty_q_learning_10_q_learning_123_f70ef7ca,trap_penalty_q_learning_10,q_learning,eval,10,123,risk,5,5,0.1,0.9,0.0,default,100,9.7,4,1,1,0,0,,
trap_penalty_q_learning_10_q_learning_123_f70ef7ca,trap_penalty_q_learning_10,q_learning,eval,1,123,risk,5,5,0.1,0.9,0.0,default,100,9.7,4,1,1,0,0,,
trap_penalty_q_learning_10_q_learning_123_f70ef7ca,trap_penalty_q_learning_10,q_learning,eval,2,123,risk,5,5,0.1,0.9,0.0,default,100,9.7,4,1,1,0,0,,
trap_penalty_q_learning_10_q_learning_123_f70ef7ca,trap_penalty_q_learning_10,q_learning,eval,3,123,risk,5,5,0.1,0.9,0.0,default,100,9.7,4,1,1,0,0,,
trap_penalty_q_learning_10_q_learning_123_f70ef7ca,trap_penalty_q_learning_10,q_learning,eval,4,123,risk,5,5,0.1,0.9,0.0,default,100,9.7,4,1,1,0,0,,
trap_penalty_q_learning_10_q_learning_123_f70ef7ca,trap_penalty_q_learning_10,q_learning,eval,5,123,risk,5,5,0.1,0.9,0.0,default,100,9.7,4,1,1,0,0,,
trap_penalty_q_learning_10_q_learning_123_f70ef7ca,trap_penalty_q_learning_10,q_learning,eval,6,123,risk,5,5,0.1,0.9,0.0,default,100,9.7,4,1,1,0,0,,
trap_penalty_q_learning_10_q_learning_123_f70ef7ca,trap_penalty_q_learning_10,q_learning,eval,7,123,risk,5,5,0.1,0.9,0.0,default,100,9.7,4,1,1,0,0,,
trap_penalty_q_learning_10_q_learning_123_f70ef7ca,trap_penalty_q_learning_10,q_learning,eval,8,123,risk,5,5,0.1,0.9,0.0,default,100,9.7,4,1,1,0,0,,
trap_penalty_q_learning_10_q_learning_123_f70ef7ca,trap_penalty_q_learning_10,q_learning,eval,9,123,risk,5,5,0.1,0.9,0.0,default,100,9.7,4,1,1,0,0,,
trap_penalty_q_learning_10_q_learning_123_f70ef7ca,trap_penalty_q_learning_10,q_learning,eval,10,123,risk,5,5,0.1,0.9,0.0,default,100,9.7,4,1,1,0,0,,
trap_penalty_q_learning_10_q_learning_123_f70ef7ca,trap_penalty_q_learning_10,q_learning,eval,1,123,risk,5,5,0.1,0.9,0.0,default,100,9.7,4,1,1,0,0,,
trap_penalty_q_learning_10_q_learning_123_f70ef7ca,trap_penalty_q_learning_10,q_learning,eval,2,123,risk,5,5,0.1,0.9,0.0,default,100,9.7,4,1,1,0,0,,
trap_penalty_q_learning_10_q_learning_123_f70ef7ca,trap_penalty_q_learning_10,q_learning,eval,3,123,risk,5,5,0.1,0.9,0.0,default,100,9.7,4,1,1,0,0,,
trap_penalty_q_learning_10_q_learning_123_f70ef7ca,trap_penalty_q_learning_10,q_learning,eval,4,123,risk,5,5,0.1,0.9,0.0,default,100,9.7,4,1,1,0,0,,
trap_penalty_q_learning_10_q_learning_123_f70ef7ca,trap_penalty_q_learning_10,q_learning,eval,5,123,risk,5,5,0.1,0.9,0.0,default,100,9.7,4,1,1,0,0,,
trap_penalty_q_learning_10_q_learning_123_f70ef7ca,trap_penalty_q_learning_10,q_learning,eval,6,123,risk,5,5,0.1,0.9,0.0,default,100,9.7,4,1,1,0,0,,
trap_penalty_q_learning_10_q_learning_123_f70ef7ca,trap_penalty_q_learning_10,q_learning,eval,7,123,risk,5,5,0.1,0.9,0.0,default,100,9.7,4,1,1,0,0,,
trap_penalty_q_learning_10_q_learning_123_f70ef7ca,trap_penalty_q_learning_10,q_learning,eval,8,123,risk,5,5,0.1,0.9,0.0,default,100,9.7,4,1,1,0,0,,
trap_penalty_q_learning_10_q_learning_123_f70ef7ca,trap_penalty_q_learning_10,q_learning,eval,9,123,risk,5,5,0.1,0.9,0.0,default,100,9.7,4,1,1,0,0,,
trap_penalty_q_learning_10_q_learning_123_f70ef7ca,trap_penalty_q_learning_10,q_learning,eval,10,123,risk,5,5,0.1,0.9,0.0,default,100,9.7,4,1,1,0,0,,
trap_penalty_q_learning_10_q_learning_123_f70ef7ca,trap_penalty_q_learning_10,q_learning,eval,1,123,risk,5,5,0.1,0.9,0.0,default,100,9.7,4,1,1,0,0,,
trap_penalty_q_learning_10_q_learning_123_f70ef7ca,trap_penalty_q_learning_10,q_learning,eval,2,123,risk,5,5,0.1,0.9,0.0,default,100,9.7,4,1,1,0,0,,
trap_penalty_q_learning_10_q_learning_123_f70ef7ca,trap_penalty_q_learning_10,q_learning,eval,3,123,risk,5,5,0.1,0.9,0.0,default,100,9.7,4,1,1,0,0,,
trap_penalty_q_learning_10_q_learning_123_f70ef7ca,trap_penalty_q_learning_10,q_learning,eval,4,123,risk,5,5,0.1,0.9,0.0,default,100,9.7,4,1,1,0,0,,
trap_penalty_q_learning_10_q_learning_123_f70ef7ca,trap_penalty_q_learning_10,q_learning,eval,5,123,risk,5,5,0.1,0.9,0.0,default,100,9.7,4,1,1,0,0,,
trap_penalty_q_learning_10_q_learning_123_f70ef7ca,trap_penalty_q_learning_10,q_learning,eval,6,123,risk,5,5,0.1,0.9,0.0,default,100,9.7,4,1,1,0,0,,
trap_penalty_q_learning_10_q_learning_123_f70ef7ca,trap_penalty_q_learning_10,q_learning,eval,7,123,risk,5,5,0.1,0.9,0.0,default,100,9.7,4,1,1,0,0,,
trap_penalty_q_learning_10_q_learning_123_f70ef7ca,trap_penalty_q_learning_10,q_learning,eval,8,123,risk,5,5,0.1,0.9,0.0,default,100,9.7,4,1,1,0,0,,
trap_penalty_q_learning_10_q_learning_123_f70ef7ca,trap_penalty_q_learning_10,q_learning,eval,9,123,risk,5,5,0.1,0.9,0.0,default,100,9.7,4,1,1,0,0,,
trap_penalty_q_learning_10_q_learning_123_f70ef7ca,trap_penalty_q_learning_10,q_learning,eval,10,123,risk,5,5,0.1,0.9,0.0,default,100,9.7,4,1,1,0,0,,
trap_penalty_q_learning_10_q_learning_123_f70ef7ca,trap_penalty_q_learning_10,q_learning,eval,1,123,risk,5,5,0.1,0.9,0.0,default,100,9.7,4,1,1,0,0,,
trap_penalty_q_learning_10_q_learning_123_f70ef7ca,trap_penalty_q_learning_10,q_learning,eval,2,123,risk,5,5,0.1,0.9,0.0,default,100,9.7,4,1,1,0,0,,
trap_penalty_q_learning_10_q_learning_123_f70ef7ca,trap_penalty_q_learning_10,q_learning,eval,3,123,risk,5,5,0.1,0.9,0.0,default,100,9.7,4,1,1,0,0,,
trap_penalty_q_learning_10_q_learning_123_f70ef7ca,trap_penalty_q_learning_10,q_learning,eval,4,123,risk,5,5,0.1,0.9,0.0,default,100,9.7,4,1,1,0,0,,
trap_penalty_q_learning_10_q_learning_123_f70ef7ca,trap_penalty_q_learning_10,q_learning,eval,5,123,risk,5,5,0.1,0.9,0.0,default,100,9.7,4,1,1,0,0,,
trap_penalty_q_learning_10_q_learning_123_f70ef7ca,trap_penalty_q_learning_10,q_learning,eval,6,123,risk,5,5,0.1,0.9,0.0,default,100,9.7,4,1,1,0,0,,
trap_penalty_q_learning_10_q_learning_123_f70ef7ca,trap_penalty_q_learning_10,q_learning,eval,7,123,risk,5,5,0.1,0.9,0.0,default,100,9.7,4,1,1,0,0,,
trap_penalty_q_learning_10_q_learning_123_f70ef7ca,trap_penalty_q_learning_10,q_learning,eval,8,123,risk,5,5,0.1,0.9,0.0,default,100,9.7,4,1,1,0,0,,
trap_penalty_q_learning_10_q_learning_123_f70ef7ca,trap_penalty_q_learning_10,q_learning,eval,9,123,risk,5,5,0.1,0.9,0.0,default,100,9.7,4,1,1,0,0,,
trap_penalty_q_learning_10_q_learning_123_f70ef7ca,trap_penalty_q_learning_10,q_learning,eval,10,123,risk,5,5,0.1,0.9,0.0,default,100,9.7,4,1,1,0,0,,
trap_penalty_q_learning_10_q_learning_123_f70ef7ca,trap_penalty_q_learning_10,q_learning,eval,1,123,risk,5,5,0.1,0.9,0.0,default,100,9.7,4,1,1,0,0,,
trap_penalty_q_learning_10_q_learning_123_f70ef7ca,trap_penalty_q_learning_10,q_learning,eval,2,123,risk,5,5,0.1,0.9,0.0,default,100,9.7,4,1,1,0,0,,
trap_penalty_q_learning_10_q_learning_123_f70ef7ca,trap_penalty_q_learning_10,q_learning,eval,3,123,risk,5,5,0.1,0.9,0.0,default,100,9.7,4,1,1,0,0,,
trap_penalty_q_learning_10_q_learning_123_f70ef7ca,trap_penalty_q_learning_10,q_learning,eval,4,123,risk,5,5,0.1,0.9,0.0,default,100,9.7,4,1,1,0,0,,
trap_penalty_q_learning_10_q_learning_123_f70ef7ca,trap_penalty_q_learning_10,q_learning,eval,5,123,risk,5,5,0.1,0.9,0.0,default,100,9.7,4,1,1,0,0,,
trap_penalty_q_learning_10_q_learning_123_f70ef7ca,trap_penalty_q_learning_10,q_learning,eval,6,123,risk,5,5,0.1,0.9,0.0,default,100,9.7,4,1,1,0,0,,
trap_penalty_q_learning_10_q_learning_123_f70ef7ca,trap_penalty_q_learning_10,q_learning,eval,7,123,risk,5,5,0.1,0.9,0.0,default,100,9.7,4,1,1,0,0,,
trap_penalty_q_learning_10_q_learning_123_f70ef7ca,trap_penalty_q_learning_10,q_learning,eval,8,123,risk,5,5,0.1,0.9,0.0,default,100,9.7,4,1,1,0,0,,
trap_penalty_q_learning_10_q_learning_123_f70ef7ca,trap_penalty_q_learning_10,q_learning,eval,9,123,risk,5,5,0.1,0.9,0.0,default,100,9.7,4,1,1,0,0,,
trap_penalty_q_learning_10_q_learning_123_f70ef7ca,trap_penalty_q_learning_10,q_learning,eval,10,123,risk,5,5,0.1,0.9,0.0,default,100,9.7,4,1,1,0,0,,
trap_penalty_q_learning_10_q_learning_123_f70ef7ca,trap_penalty_q_learning_10,q_learning,eval,1,123,risk,5,5,0.1,0.9,0.0,default,100,9.7,4,1,1,0,0,,
trap_penalty_q_learning_10_q_learning_123_f70ef7ca,trap_penalty_q_learning_10,q_learning,eval,2,123,risk,5,5,0.1,0.9,0.0,default,100,9.7,4,1,1,0,0,,
trap_penalty_q_learning_10_q_learning_123_f70ef7ca,trap_penalty_q_learning_10,q_learning,eval,3,123,risk,5,5,0.1,0.9,0.0,default,100,9.7,4,1,1,0,0,,
trap_penalty_q_learning_10_q_learning_123_f70ef7ca,trap_penalty_q_learning_10,q_learning,eval,4,123,risk,5,5,0.1,0.9,0.0,default,100,9.7,4,1,1,0,0,,
trap_penalty_q_learning_10_q_learning_123_f70ef7ca,trap_penalty_q_learning_10,q_learning,eval,5,123,risk,5,5,0.1,0.9,0.0,default,100,9.7,4,1,1,0,0,,
trap_penalty_q_learning_10_q_learning_123_f70ef7ca,trap_penalty_q_learning_10,q_learning,eval,6,123,risk,5,5,0.1,0.9,0.0,default,100,9.7,4,1,1,0,0,,
trap_penalty_q_learning_10_q_learning_123_f70ef7ca,trap_penalty_q_learning_10,q_learning,eval,7,123,risk,5,5,0.1,0.9,0.0,default,100,9.7,4,1,1,0,0,,
trap_penalty_q_learning_10_q_learning_123_f70ef7ca,trap_penalty_q_learning_10,q_learning,eval,8,123,risk,5,5,0.1,0.9,0.0,default,100,9.7,4,1,1,0,0,,
trap_penalty_q_learning_10_q_learning_123_f70ef7ca,trap_penalty_q_learning_10,q_learning,eval,9,123,risk,5,5,0.1,0.9,0.0,default,100,9.7,4,1,1,0,0,,
trap_penalty_q_learning_10_q_learning_123_f70ef7ca,trap_penalty_q_learning_10,q_learning,eval,10,123,risk,5,5,0.1,0.9,0.0,default,100,9.7,4,1,1,0,0,,
trap_penalty_q_learning_10_q_learning_123_f70ef7ca,trap_penalty_q_learning_10,q_learning,eval,1,123,risk,5,5,0.1,0.9,0.0,default,100,9.7,4,1,1,0,0,,
trap_penalty_q_learning_10_q_learning_123_f70ef7ca,trap_penalty_q_learning_10,q_learning,eval,2,123,risk,5,5,0.1,0.9,0.0,default,100,9.7,4,1,1,0,0,,
trap_penalty_q_learning_10_q_learning_123_f70ef7ca,trap_penalty_q_learning_10,q_learning,eval,3,123,risk,5,5,0.1,0.9,0.0,default,100,9.7,4,1,1,0,0,,
trap_penalty_q_learning_10_q_learning_123_f70ef7ca,trap_penalty_q_learning_10,q_learning,eval,4,123,risk,5,5,0.1,0.9,0.0,default,100,9.7,4,1,1,0,0,,
trap_penalty_q_learning_10_q_learning_123_f70ef7ca,trap_penalty_q_learning_10,q_learning,eval,5,123,risk,5,5,0.1,0.9,0.0,default,100,9.7,4,1,1,0,0,,
trap_penalty_q_learning_10_q_learning_123_f70ef7ca,trap_penalty_q_learning_10,q_learning,eval,6,123,risk,5,5,0.1,0.9,0.0,default,100,9.7,4,1,1,0,0,,
trap_penalty_q_learning_10_q_learning_123_f70ef7ca,trap_penalty_q_learning_10,q_learning,eval,7,123,risk,5,5,0.1,0.9,0.0,default,100,9.7,4,1,1,0,0,,
trap_penalty_q_learning_10_q_learning_123_f70ef7ca,trap_penalty_q_learning_10,q_learning,eval,8,123,risk,5,5,0.1,0.9,0.0,default,100,9.7,4,1,1,0,0,,
trap_penalty_q_learning_10_q_learning_123_f70ef7ca,trap_penalty_q_learning_10,q_learning,eval,9,123,risk,5,5,0.1,0.9,0.0,default,100,9.7,4,1,1,0,0,,
trap_penalty_q_learning_10_q_learning_123_f70ef7ca,trap_penalty_q_learning_10,q_learning,eval,10,123,risk,5,5,0.1,0.9,0.0,default,100,9.7,4,1,1,0,0,,
trap_penalty_q_learning_10_q_learning_123_f70ef7ca,trap_penalty_q_learning_10,q_learning,eval,1,123,risk,5,5,0.1,0.9,0.0,default,100,9.7,4,1,1,0,0,,
trap_penalty_q_learning_10_q_learning_123_f70ef7ca,trap_penalty_q_learning_10,q_learning,eval,2,123,risk,5,5,0.1,0.9,0.0,default,100,9.7,4,1,1,0,0,,
trap_penalty_q_learning_10_q_learning_123_f70ef7ca,trap_penalty_q_learning_10,q_learning,eval,3,123,risk,5,5,0.1,0.9,0.0,default,100,9.7,4,1,1,0,0,,
trap_penalty_q_learning_10_q_learning_123_f70ef7ca,trap_penalty_q_learning_10,q_learning,eval,4,123,risk,5,5,0.1,0.9,0.0,default,100,9.7,4,1,1,0,0,,
trap_penalty_q_learning_10_q_learning_123_f70ef7ca,trap_penalty_q_learning_10,q_learning,eval,5,123,risk,5,5,0.1,0.9,0.0,default,100,9.7,4,1,1,0,0,,
trap_penalty_q_learning_10_q_learning_123_f70ef7ca,trap_penalty_q_learning_10,q_learning,eval,6,123,risk,5,5,0.1,0.9,0.0,default,100,9.7,4,1,1,0,0,,
trap_penalty_q_learning_10_q_learning_123_f70ef7ca,trap_penalty_q_learning_10,q_learning,eval,7,123,risk,5,5,0.1,0.9,0.0,default,100,9.7,4,1,1,0,0,,
trap_penalty_q_learning_10_q_learning_123_f70ef7ca,trap_penalty_q_learning_10,q_learning,eval,8,123,risk,5,5,0.1,0.9,0.0,default,100,9.7,4,1,1,0,0,,
trap_penalty_q_learning_10_q_learning_123_f70ef7ca,trap_penalty_q_learning_10,q_learning,eval,9,123,risk,5,5,0.1,0.9,0.0,default,100,9.7,4,1,1,0,0,,
trap_penalty_q_learning_10_q_learning_123_f70ef7ca,trap_penalty_q_learning_10,q_learning,eval,10,123,risk,5,5,0.1,0.9,0.0,default,100,9.7,4,1,1,0,0,,
trap_penalty_q_learning_10_q_learning_123_f70ef7ca,trap_penalty_q_learning_10,q_learning,eval,1,123,risk,5,5,0.1,0.9,0.0,default,100,9.7,4,1,1,0,0,,
trap_penalty_q_learning_10_q_learning_123_f70ef7ca,trap_penalty_q_learning_10,q_learning,eval,2,123,risk,5,5,0.1,0.9,0.0,default,100,9.7,4,1,1,0,0,,
trap_penalty_q_learning_10_q_learning_123_f70ef7ca,trap_penalty_q_learning_10,q_learning,eval,3,123,risk,5,5,0.1,0.9,0.0,default,100,9.7,4,1,1,0,0,,
trap_penalty_q_learning_10_q_learning_123_f70ef7ca,trap_penalty_q_learning_10,q_learning,eval,4,123,risk,5,5,0.1,0.9,0.0,default,100,9.7,4,1,1,0,0,,
trap_penalty_q_learning_10_q_learning_123_f70ef7ca,trap_penalty_q_learning_10,q_learning,eval,5,123,risk,5,5,0.1,0.9,0.0,default,100,9.7,4,1,1,0,0,,
trap_penalty_q_learning_10_q_learning_123_f70ef7ca,trap_penalty_q_learning_10,q_learning,eval,6,123,risk,5,5,0.1,0.9,0.0,default,100,9.7,4,1,1,0,0,,
trap_penalty_q_learning_10_q_learning_123_f70ef7ca,trap_penalty_q_learning_10,q_learning,eval,7,123,risk,5,5,0.1,0.9,0.0,default,100,9.7,4,1,1,0,0,,
trap_penalty_q_learning_10_q_learning_123_f70ef7ca,trap_penalty_q_learning_10,q_learning,eval,8,123,risk,5,5,0.1,0.9,0.0,default,100,9.7,4,1,1,0,0,,
trap_penalty_q_learning_10_q_learning_123_f70ef7ca,trap_penalty_q_learning_10,q_learning,eval,9,123,risk,5,5,0.1,0.9,0.0,default,100,9.7,4,1,1,0,0,,
trap_penalty_q_learning_10_q_learning_123_f70ef7ca,trap_penalty_q_learning_10,q_learning,eval,10,123,risk,5,5,0.1,0.9,0.0,default,100,9.7,4,1,1,0,0,,
trap_penalty_q_learning_10_q_learning_123_f70ef7ca,trap_penalty_q_learning_10,q_learning,eval,1,123,risk,5,5,0.1,0.9,0.0,default,100,9.7,4,1,1,0,0,,
trap_penalty_q_learning_10_q_learning_123_f70ef7ca,trap_penalty_q_learning_10,q_learning,eval,2,123,risk,5,5,0.1,0.9,0.0,default,100,9.7,4,1,1,0,0,,
trap_penalty_q_learning_10_q_learning_123_f70ef7ca,trap_penalty_q_learning_10,q_learning,eval,3,123,risk,5,5,0.1,0.9,0.0,default,100,9.7,4,1,1,0,0,,
trap_penalty_q_learning_10_q_learning_123_f70ef7ca,trap_penalty_q_learning_10,q_learning,eval,4,123,risk,5,5,0.1,0.9,0.0,default,100,9.7,4,1,1,0,0,,
trap_penalty_q_learning_10_q_learning_123_f70ef7ca,trap_penalty_q_learning_10,q_learning,eval,5,123,risk,5,5,0.1,0.9,0.0,default,100,9.7,4,1,1,0,0,,
trap_penalty_q_learning_10_q_learning_123_f70ef7ca,trap_penalty_q_learning_10,q_learning,eval,6,123,risk,5,5,0.1,0.9,0.0,default,100,9.7,4,1,1,0,0,,
trap_penalty_q_learning_10_q_learning_123_f70ef7ca,trap_penalty_q_learning_10,q_learning,eval,7,123,risk,5,5,0.1,0.9,0.0,default,100,9.7,4,1,1,0,0,,
trap_penalty_q_learning_10_q_learning_123_f70ef7ca,trap_penalty_q_learning_10,q_learning,eval,8,123,risk,5,5,0.1,0.9,0.0,default,100,9.7,4,1,1,0,0,,
trap_penalty_q_learning_10_q_learning_123_f70ef7ca,trap_penalty_q_learning_10,q_learning,eval,9,123,risk,5,5,0.1,0.9,0.0,default,100,9.7,4,1,1,0,0,,
trap_penalty_q_learning_10_q_learning_123_f70ef7ca,trap_penalty_q_learning_10,q_learning,eval,10,123,risk,5,5,0.1,0.9,0.0,default,100,9.7,4,1,1,0,0,,
trap_penalty_q_learning_10_q_learning_123_f70ef7ca,trap_penalty_q_learning_10,q_learning,eval,1,123,risk,5,5,0.1,0.9,0.0,default,100,9.7,4,1,1,0,0,,
trap_penalty_q_learning_10_q_learning_123_f70ef7ca,trap_penalty_q_learning_10,q_learning,eval,2,123,risk,5,5,0.1,0.9,0.0,default,100,9.7,4,1,1,0,0,,
trap_penalty_q_learning_10_q_learning_123_f70ef7ca,trap_penalty_q_learning_10,q_learning,eval,3,123,risk,5,5,0.1,0.9,0.0,default,100,9.7,4,1,1,0,0,,
trap_penalty_q_learning_10_q_learning_123_f70ef7ca,trap_penalty_q_learning_10,q_learning,eval,4,123,risk,5,5,0.1,0.9,0.0,default,100,9.7,4,1,1,0,0,,
trap_penalty_q_learning_10_q_learning_123_f70ef7ca,trap_penalty_q_learning_10,q_learning,eval,5,123,risk,5,5,0.1,0.9,0.0,default,100,9.7,4,1,1,0,0,,
trap_penalty_q_learning_10_q_learning_123_f70ef7ca,trap_penalty_q_learning_10,q_learning,eval,6,123,risk,5,5,0.1,0.9,0.0,default,100,9.7,4,1,1,0,0,,
trap_penalty_q_learning_10_q_learning_123_f70ef7ca,trap_penalty_q_learning_10,q_learning,eval,7,123,risk,5,5,0.1,0.9,0.0,default,100,9.7,4,1,1,0,0,,
trap_penalty_q_learning_10_q_learning_123_f70ef7ca,trap_penalty_q_learning_10,q_learning,eval,8,123,risk,5,5,0.1,0.9,0.0,default,100,9.7,4,1,1,0,0,,
trap_penalty_q_learning_10_q_learning_123_f70ef7ca,trap_penalty_q_learning_10,q_learning,eval,9,123,risk,5,5,0.1,0.9,0.0,default,100,9.7,4,1,1,0,0,,
trap_penalty_q_learning_10_q_learning_123_f70ef7ca,trap_penalty_q_learning_10,q_learning,eval,10,123,risk,5,5,0.1,0.9,0.0,default,100,9.7,4,1,1,0,0,,
trap_penalty_q_learning_10_q_learning_123_f70ef7ca,trap_penalty_q_learning_10,q_learning,eval,1,123,risk,5,5,0.1,0.9,0.0,default,100,9.7,4,1,1,0,0,,
trap_penalty_q_learning_10_q_learning_123_f70ef7ca,trap_penalty_q_learning_10,q_learning,eval,2,123,risk,5,5,0.1,0.9,0.0,default,100,9.7,4,1,1,0,0,,
trap_penalty_q_learning_10_q_learning_123_f70ef7ca,trap_penalty_q_learning_10,q_learning,eval,3,123,risk,5,5,0.1,0.9,0.0,default,100,9.7,4,1,1,0,0,,
trap_penalty_q_learning_10_q_learning_123_f70ef7ca,trap_penalty_q_learning_10,q_learning,eval,4,123,risk,5,5,0.1,0.9,0.0,default,100,9.7,4,1,1,0,0,,
trap_penalty_q_learning_10_q_learning_123_f70ef7ca,trap_penalty_q_learning_10,q_learning,eval,5,123,risk,5,5,0.1,0.9,0.0,default,100,9.7,4,1,1,0,0,,
trap_penalty_q_learning_10_q_learning_123_f70ef7ca,trap_penalty_q_learning_10,q_learning,eval,6,123,risk,5,5,0.1,0.9,0.0,default,100,9.7,4,1,1,0,0,,
trap_penalty_q_learning_10_q_learning_123_f70ef7ca,trap_penalty_q_learning_10,q_learning,eval,7,123,risk,5,5,0.1,0.9,0.0,default,100,9.7,4,1,1,0,0,,
trap_penalty_q_learning_10_q_learning_123_f70ef7ca,trap_penalty_q_learning_10,q_learning,eval,8,123,risk,5,5,0.1,0.9,0.0,default,100,9.7,4,1,1,0,0,,
trap_penalty_q_learning_10_q_learning_123_f70ef7ca,trap_penalty_q_learning_10,q_learning,eval,9,123,risk,5,5,0.1,0.9,0.0,default,100,9.7,4,1,1,0,0,,
trap_penalty_q_learning_10_q_learning_123_f70ef7ca,trap_penalty_q_learning_10,q_learning,eval,10,123,risk,5,5,0.1,0.9,0.0,default,100,9.7,4,1,1,0,0,,
trap_penalty_q_learning_10_q_learning_123_f70ef7ca,trap_penalty_q_learning_10,q_learning,eval,1,123,risk,5,5,0.1,0.9,0.0,default,100,9.7,4,1,1,0,0,,
trap_penalty_q_learning_10_q_learning_123_f70ef7ca,trap_penalty_q_learning_10,q_learning,eval,2,123,risk,5,5,0.1,0.9,0.0,default,100,9.7,4,1,1,0,0,,
trap_penalty_q_learning_10_q_learning_123_f70ef7ca,trap_penalty_q_learning_10,q_learning,eval,3,123,risk,5,5,0.1,0.9,0.0,default,100,9.7,4,1,1,0,0,,
trap_penalty_q_learning_10_q_learning_123_f70ef7ca,trap_penalty_q_learning_10,q_learning,eval,4,123,risk,5,5,0.1,0.9,0.0,default,100,9.7,4,1,1,0,0,,
trap_penalty_q_learning_10_q_learning_123_f70ef7ca,trap_penalty_q_learning_10,q_learning,eval,5,123,risk,5,5,0.1,0.9,0.0,default,100,9.7,4,1,1,0,0,,
trap_penalty_q_learning_10_q_learning_123_f70ef7ca,trap_penalty_q_learning_10,q_learning,eval,6,123,risk,5,5,0.1,0.9,0.0,default,100,9.7,4,1,1,0,0,,
trap_penalty_q_learning_10_q_learning_123_f70ef7ca,trap_penalty_q_learning_10,q_learning,eval,7,123,risk,5,5,0.1,0.9,0.0,default,100,9.7,4,1,1,0,0,,
trap_penalty_q_learning_10_q_learning_123_f70ef7ca,trap_penalty_q_learning_10,q_learning,eval,8,123,risk,5,5,0.1,0.9,0.0,default,100,9.7,4,1,1,0,0,,
trap_penalty_q_learning_10_q_learning_123_f70ef7ca,trap_penalty_q_learning_10,q_learning,eval,9,123,risk,5,5,0.1,0.9,0.0,default,100,9.7,4,1,1,0,0,,
trap_penalty_q_learning_10_q_learning_123_f70ef7ca,trap_penalty_q_learning_10,q_learning,eval,10,123,risk,5,5,0.1,0.9,0.0,default,100,9.7,4,1,1,0,0,,
trap_penalty_q_learning_10_q_learning_123_f70ef7ca,trap_penalty_q_learning_10,q_learning,eval,1,123,risk,5,5,0.1,0.9,0.0,default,100,9.7,4,1,1,0,0,,
trap_penalty_q_learning_10_q_learning_123_f70ef7ca,trap_penalty_q_learning_10,q_learning,eval,2,123,risk,5,5,0.1,0.9,0.0,default,100,9.7,4,1,1,0,0,,
trap_penalty_q_learning_10_q_learning_123_f70ef7ca,trap_penalty_q_learning_10,q_learning,eval,3,123,risk,5,5,0.1,0.9,0.0,default,100,9.7,4,1,1,0,0,,
trap_penalty_q_learning_10_q_learning_123_f70ef7ca,trap_penalty_q_learning_10,q_learning,eval,4,123,risk,5,5,0.1,0.9,0.0,default,100,9.7,4,1,1,0,0,,
trap_penalty_q_learning_10_q_learning_123_f70ef7ca,trap_penalty_q_learning_10,q_learning,eval,5,123,risk,5,5,0.1,0.9,0.0,default,100,9.7,4,1,1,0,0,,
trap_penalty_q_learning_10_q_learning_123_f70ef7ca,trap_penalty_q_learning_10,q_learning,eval,6,123,risk,5,5,0.1,0.9,0.0,default,100,9.7,4,1,1,0,0,,
trap_penalty_q_learning_10_q_learning_123_f70ef7ca,trap_penalty_q_learning_10,q_learning,eval,7,123,risk,5,5,0.1,0.9,0.0,default,100,9.7,4,1,1,0,0,,
trap_penalty_q_learning_10_q_learning_123_f70ef7ca,trap_penalty_q_learning_10,q_learning,eval,8,123,risk,5,5,0.1,0.9,0.0,default,100,9.7,4,1,1,0,0,,
trap_penalty_q_learning_10_q_learning_123_f70ef7ca,trap_penalty_q_learning_10,q_learning,eval,9,123,risk,5,5,0.1,0.9,0.0,default,100,9.7,4,1,1,0,0,,
trap_penalty_q_learning_10_q_learning_123_f70ef7ca,trap_penalty_q_learning_10,q_learning,eval,10,123,risk,5,5,0.1,0.9,0.0,default,100,9.7,4,1,1,0,0,,
trap_penalty_q_learning_10_q_learning_123_f70ef7ca,trap_penalty_q_learning_10,q_learning,eval,1,123,risk,5,5,0.1,0.9,0.0,default,100,9.7,4,1,1,0,0,,
trap_penalty_q_learning_10_q_learning_123_f70ef7ca,trap_penalty_q_learning_10,q_learning,eval,2,123,risk,5,5,0.1,0.9,0.0,default,100,9.7,4,1,1,0,0,,
trap_penalty_q_learning_10_q_learning_123_f70ef7ca,trap_penalty_q_learning_10,q_learning,eval,3,123,risk,5,5,0.1,0.9,0.0,default,100,9.7,4,1,1,0,0,,
trap_penalty_q_learning_10_q_learning_123_f70ef7ca,trap_penalty_q_learning_10,q_learning,eval,4,123,risk,5,5,0.1,0.9,0.0,default,100,9.7,4,1,1,0,0,,
trap_penalty_q_learning_10_q_learning_123_f70ef7ca,trap_penalty_q_learning_10,q_learning,eval,5,123,risk,5,5,0.1,0.9,0.0,default,100,9.7,4,1,1,0,0,,
trap_penalty_q_learning_10_q_learning_123_f70ef7ca,trap_penalty_q_learning_10,q_learning,eval,6,123,risk,5,5,0.1,0.9,0.0,default,100,9.7,4,1,1,0,0,,
trap_penalty_q_learning_10_q_learning_123_f70ef7ca,trap_penalty_q_learning_10,q_learning,eval,7,123,risk,5,5,0.1,0.9,0.0,default,100,9.7,4,1,1,0,0,,
trap_penalty_q_learning_10_q_learning_123_f70ef7ca,trap_penalty_q_learning_10,q_learning,eval,8,123,risk,5,5,0.1,0.9,0.0,default,100,9.7,4,1,1,0,0,,
trap_penalty_q_learning_10_q_learning_123_f70ef7ca,trap_penalty_q_learning_10,q_learning,eval,9,123,risk,5,5,0.1,0.9,0.0,default,100,9.7,4,1,1,0,0,,
trap_penalty_q_learning_10_q_learning_123_f70ef7ca,trap_penalty_q_learning_10,q_learning,eval,10,123,risk,5,5,0.1,0.9,0.0,default,100,9.7,4,1,1,0,0,,
trap_penalty_q_learning_10_q_learning_123_f70ef7ca,trap_penalty_q_learning_10,q_learning,eval,1,123,risk,5,5,0.1,0.9,0.0,default,100,9.7,4,1,1,0,0,,
trap_penalty_q_learning_10_q_learning_123_f70ef7ca,trap_penalty_q_learning_10,q_learning,eval,2,123,risk,5,5,0.1,0.9,0.0,default,100,9.7,4,1,1,0,0,,
trap_penalty_q_learning_10_q_learning_123_f70ef7ca,trap_penalty_q_learning_10,q_learning,eval,3,123,risk,5,5,0.1,0.9,0.0,default,100,9.7,4,1,1,0,0,,
trap_penalty_q_learning_10_q_learning_123_f70ef7ca,trap_penalty_q_learning_10,q_learning,eval,4,123,risk,5,5,0.1,0.9,0.0,default,100,9.7,4,1,1,0,0,,
trap_penalty_q_learning_10_q_learning_123_f70ef7ca,trap_penalty_q_learning_10,q_learning,eval,5,123,risk,5,5,0.1,0.9,0.0,default,100,9.7,4,1,1,0,0,,
trap_penalty_q_learning_10_q_learning_123_f70ef7ca,trap_penalty_q_learning_10,q_learning,eval,6,123,risk,5,5,0.1,0.9,0.0,default,100,9.7,4,1,1,0,0,,
trap_penalty_q_learning_10_q_learning_123_f70ef7ca,trap_penalty_q_learning_10,q_learning,eval,7,123,risk,5,5,0.1,0.9,0.0,default,100,9.7,4,1,1,0,0,,
trap_penalty_q_learning_10_q_learning_123_f70ef7ca,trap_penalty_q_learning_10,q_learning,eval,8,123,risk,5,5,0.1,0.9,0.0,default,100,9.7,4,1,1,0,0,,
trap_penalty_q_learning_10_q_learning_123_f70ef7ca,trap_penalty_q_learning_10,q_learning,eval,9,123,risk,5,5,0.1,0.9,0.0,default,100,9.7,4,1,1,0,0,,
trap_penalty_q_learning_10_q_learning_123_f70ef7ca,trap_penalty_q_learning_10,q_learning,eval,10,123,risk,5,5,0.1,0.9,0.0,default,100,9.7,4,1,1,0,0,,
trap_penalty_q_learning_10_q_learning_123_f70ef7ca,trap_penalty_q_learning_10,q_learning,eval,1,123,risk,5,5,0.1,0.9,0.0,default,100,9.7,4,1,1,0,0,,
trap_penalty_q_learning_10_q_learning_123_f70ef7ca,trap_penalty_q_learning_10,q_learning,eval,2,123,risk,5,5,0.1,0.9,0.0,default,100,9.7,4,1,1,0,0,,
trap_penalty_q_learning_10_q_learning_123_f70ef7ca,trap_penalty_q_learning_10,q_learning,eval,3,123,risk,5,5,0.1,0.9,0.0,default,100,9.7,4,1,1,0,0,,
trap_penalty_q_learning_10_q_learning_123_f70ef7ca,trap_penalty_q_learning_10,q_learning,eval,4,123,risk,5,5,0.1,0.9,0.0,default,100,9.7,4,1,1,0,0,,
trap_penalty_q_learning_10_q_learning_123_f70ef7ca,trap_penalty_q_learning_10,q_learning,eval,5,123,risk,5,5,0.1,0.9,0.0,default,100,9.7,4,1,1,0,0,,
trap_penalty_q_learning_10_q_learning_123_f70ef7ca,trap_penalty_q_learning_10,q_learning,eval,6,123,risk,5,5,0.1,0.9,0.0,default,100,9.7,4,1,1,0,0,,
trap_penalty_q_learning_10_q_learning_123_f70ef7ca,trap_penalty_q_learning_10,q_learning,eval,7,123,risk,5,5,0.1,0.9,0.0,default,100,9.7,4,1,1,0,0,,
trap_penalty_q_learning_10_q_learning_123_f70ef7ca,trap_penalty_q_learning_10,q_learning,eval,8,123,risk,5,5,0.1,0.9,0.0,default,100,9.7,4,1,1,0,0,,
trap_penalty_q_learning_10_q_learning_123_f70ef7ca,trap_penalty_q_learning_10,q_learning,eval,9,123,risk,5,5,0.1,0.9,0.0,default,100,9.7,4,1,1,0,0,,
trap_penalty_q_learning_10_q_learning_123_f70ef7ca,trap_penalty_q_learning_10,q_learning,eval,10,123,risk,5,5,0.1,0.9,0.0,default,100,9.7,4,1,1,0,0,,
trap_penalty_q_learning_10_q_learning_123_f70ef7ca,trap_penalty_q_learning_10,q_learning,eval,1,123,risk,5,5,0.1,0.9,0.0,default,100,9.7,4,1,1,0,0,,
trap_penalty_q_learning_10_q_learning_123_f70ef7ca,trap_penalty_q_learning_10,q_learning,eval,2,123,risk,5,5,0.1,0.9,0.0,default,100,9.7,4,1,1,0,0,,
trap_penalty_q_learning_10_q_learning_123_f70ef7ca,trap_penalty_q_learning_10,q_learning,eval,3,123,risk,5,5,0.1,0.9,0.0,default,100,9.7,4,1,1,0,0,,
trap_penalty_q_learning_10_q_learning_123_f70ef7ca,trap_penalty_q_learning_10,q_learning,eval,4,123,risk,5,5,0.1,0.9,0.0,default,100,9.7,4,1,1,0,0,,
trap_penalty_q_learning_10_q_learning_123_f70ef7ca,trap_penalty_q_learning_10,q_learning,eval,5,123,risk,5,5,0.1,0.9,0.0,default,100,9.7,4,1,1,0,0,,
trap_penalty_q_learning_10_q_learning_123_f70ef7ca,trap_penalty_q_learning_10,q_learning,eval,6,123,risk,5,5,0.1,0.9,0.0,default,100,9.7,4,1,1,0,0,,
trap_penalty_q_learning_10_q_learning_123_f70ef7ca,trap_penalty_q_learning_10,q_learning,eval,7,123,risk,5,5,0.1,0.9,0.0,default,100,9.7,4,1,1,0,0,,
trap_penalty_q_learning_10_q_learning_123_f70ef7ca,trap_penalty_q_learning_10,q_learning,eval,8,123,risk,5,5,0.1,0.9,0.0,default,100,9.7,4,1,1,0,0,,
trap_penalty_q_learning_10_q_learning_123_f70ef7ca,trap_penalty_q_learning_10,q_learning,eval,9,123,risk,5,5,0.1,0.9,0.0,default,100,9.7,4,1,1,0,0,,
trap_penalty_q_learning_10_q_learning_123_f70ef7ca,trap_penalty_q_learning_10,q_learning,eval,10,123,risk,5,5,0.1,0.9,0.0,default,100,9.7,4,1,1,0,0,,
trap_penalty_q_learning_10_q_learning_123_f70ef7ca,trap_penalty_q_learning_10,q_learning,eval,1,123,risk,5,5,0.1,0.9,0.0,default,100,9.7,4,1,1,0,0,,
trap_penalty_q_learning_10_q_learning_123_f70ef7ca,trap_penalty_q_learning_10,q_learning,eval,2,123,risk,5,5,0.1,0.9,0.0,default,100,9.7,4,1,1,0,0,,
trap_penalty_q_learning_10_q_learning_123_f70ef7ca,trap_penalty_q_learning_10,q_learning,eval,3,123,risk,5,5,0.1,0.9,0.0,default,100,9.7,4,1,1,0,0,,
trap_penalty_q_learning_10_q_learning_123_f70ef7ca,trap_penalty_q_learning_10,q_learning,eval,4,123,risk,5,5,0.1,0.9,0.0,default,100,9.7,4,1,1,0,0,,
trap_penalty_q_learning_10_q_learning_123_f70ef7ca,trap_penalty_q_learning_10,q_learning,eval,5,123,risk,5,5,0.1,0.9,0.0,default,100,9.7,4,1,1,0,0,,
trap_penalty_q_learning_10_q_learning_123_f70ef7ca,trap_penalty_q_learning_10,q_learning,eval,6,123,risk,5,5,0.1,0.9,0.0,default,100,9.7,4,1,1,0,0,,
trap_penalty_q_learning_10_q_learning_123_f70ef7ca,trap_penalty_q_learning_10,q_learning,eval,7,123,risk,5,5,0.1,0.9,0.0,default,100,9.7,4,1,1,0,0,,
trap_penalty_q_learning_10_q_learning_123_f70ef7ca,trap_penalty_q_learning_10,q_learning,eval,8,123,risk,5,5,0.1,0.9,0.0,default,100,9.7,4,1,1,0,0,,
trap_penalty_q_learning_10_q_learning_123_f70ef7ca,trap_penalty_q_learning_10,q_learning,eval,9,123,risk,5,5,0.1,0.9,0.0,default,100,9.7,4,1,1,0,0,,
trap_penalty_q_learning_10_q_learning_123_f70ef7ca,trap_penalty_q_learning_10,q_learning,eval,10,123,risk,5,5,0.1,0.9,0.0,default,100,9.7,4,1,1,0,0,,
trap_penalty_q_learning_10_q_learning_123_f70ef7ca,trap_penalty_q_learning_10,q_learning,eval,1,123,risk,5,5,0.1,0.9,0.0,default,100,9.7,4,1,1,0,0,,
trap_penalty_q_learning_10_q_learning_123_f70ef7ca,trap_penalty_q_learning_10,q_learning,eval,2,123,risk,5,5,0.1,0.9,0.0,default,100,9.7,4,1,1,0,0,,
trap_penalty_q_learning_10_q_learning_123_f70ef7ca,trap_penalty_q_learning_10,q_learning,eval,3,123,risk,5,5,0.1,0.9,0.0,default,100,9.7,4,1,1,0,0,,
trap_penalty_q_learning_10_q_learning_123_f70ef7ca,trap_penalty_q_learning_10,q_learning,eval,4,123,risk,5,5,0.1,0.9,0.0,default,100,9.7,4,1,1,0,0,,
trap_penalty_q_learning_10_q_learning_123_f70ef7ca,trap_penalty_q_learning_10,q_learning,eval,5,123,risk,5,5,0.1,0.9,0.0,default,100,9.7,4,1,1,0,0,,
trap_penalty_q_learning_10_q_learning_123_f70ef7ca,trap_penalty_q_learning_10,q_learning,eval,6,123,risk,5,5,0.1,0.9,0.0,default,100,9.7,4,1,1,0,0,,
trap_penalty_q_learning_10_q_learning_123_f70ef7ca,trap_penalty_q_learning_10,q_learning,eval,7,123,risk,5,5,0.1,0.9,0.0,default,100,9.7,4,1,1,0,0,,
trap_penalty_q_learning_10_q_learning_123_f70ef7ca,trap_penalty_q_learning_10,q_learning,eval,8,123,risk,5,5,0.1,0.9,0.0,default,100,9.7,4,1,1,0,0,,
trap_penalty_q_learning_10_q_learning_123_f70ef7ca,trap_penalty_q_learning_10,q_learning,eval,9,123,risk,5,5,0.1,0.9,0.0,default,100,9.7,4,1,1,0,0,,
trap_penalty_q_learning_10_q_learning_123_f70ef7ca,trap_penalty_q_learning_10,q_learning,eval,10,123,risk,5,5,0.1,0.9,0.0,default,100,9.7,4,1,1,0,0,,
trap_penalty_q_learning_10_q_learning_123_f70ef7ca,trap_penalty_q_learning_10,q_learning,eval,1,123,risk,5,5,0.1,0.9,0.0,default,100,9.7,4,1,1,0,0,,
trap_penalty_q_learning_10_q_learning_123_f70ef7ca,trap_penalty_q_learning_10,q_learning,eval,2,123,risk,5,5,0.1,0.9,0.0,default,100,9.7,4,1,1,0,0,,
trap_penalty_q_learning_10_q_learning_123_f70ef7ca,trap_penalty_q_learning_10,q_learning,eval,3,123,risk,5,5,0.1,0.9,0.0,default,100,9.7,4,1,1,0,0,,
trap_penalty_q_learning_10_q_learning_123_f70ef7ca,trap_penalty_q_learning_10,q_learning,eval,4,123,risk,5,5,0.1,0.9,0.0,default,100,9.7,4,1,1,0,0,,
trap_penalty_q_learning_10_q_learning_123_f70ef7ca,trap_penalty_q_learning_10,q_learning,eval,5,123,risk,5,5,0.1,0.9,0.0,default,100,9.7,4,1,1,0,0,,
trap_penalty_q_learning_10_q_learning_123_f70ef7ca,trap_penalty_q_learning_10,q_learning,eval,6,123,risk,5,5,0.1,0.9,0.0,default,100,9.7,4,1,1,0,0,,
trap_penalty_q_learning_10_q_learning_123_f70ef7ca,trap_penalty_q_learning_10,q_learning,eval,7,123,risk,5,5,0.1,0.9,0.0,default,100,9.7,4,1,1,0,0,,
trap_penalty_q_learning_10_q_learning_123_f70ef7ca,trap_penalty_q_learning_10,q_learning,eval,8,123,risk,5,5,0.1,0.9,0.0,default,100,9.7,4,1,1,0,0,,
trap_penalty_q_learning_10_q_learning_123_f70ef7ca,trap_penalty_q_learning_10,q_learning,eval,9,123,risk,5,5,0.1,0.9,0.0,default,100,9.7,4,1,1,0,0,,
trap_penalty_q_learning_10_q_learning_123_f70ef7ca,trap_penalty_q_learning_10,q_learning,eval,10,123,risk,5,5,0.1,0.9,0.0,default,100,9.7,4,1,1,0,0,,
trap_penalty_q_learning_10_q_learning_123_f70ef7ca,trap_penalty_q_learning_10,q_learning,eval,1,123,risk,5,5,0.1,0.9,0.0,default,100,9.7,4,1,1,0,0,,
trap_penalty_q_learning_10_q_learning_123_f70ef7ca,trap_penalty_q_learning_10,q_learning,eval,2,123,risk,5,5,0.1,0.9,0.0,default,100,9.7,4,1,1,0,0,,
trap_penalty_q_learning_10_q_learning_123_f70ef7ca,trap_penalty_q_learning_10,q_learning,eval,3,123,risk,5,5,0.1,0.9,0.0,default,100,9.7,4,1,1,0,0,,
trap_penalty_q_learning_10_q_learning_123_f70ef7ca,trap_penalty_q_learning_10,q_learning,eval,4,123,risk,5,5,0.1,0.9,0.0,default,100,9.7,4,1,1,0,0,,
trap_penalty_q_learning_10_q_learning_123_f70ef7ca,trap_penalty_q_learning_10,q_learning,eval,5,123,risk,5,5,0.1,0.9,0.0,default,100,9.7,4,1,1,0,0,,
trap_penalty_q_learning_10_q_learning_123_f70ef7ca,trap_penalty_q_learning_10,q_learning,eval,6,123,risk,5,5,0.1,0.9,0.0,default,100,9.7,4,1,1,0,0,,
trap_penalty_q_learning_10_q_learning_123_f70ef7ca,trap_penalty_q_learning_10,q_learning,eval,7,123,risk,5,5,0.1,0.9,0.0,default,100,9.7,4,1,1,0,0,,
trap_penalty_q_learning_10_q_learning_123_f70ef7ca,trap_penalty_q_learning_10,q_learning,eval,8,123,risk,5,5,0.1,0.9,0.0,default,100,9.7,4,1,1,0,0,,
trap_penalty_q_learning_10_q_learning_123_f70ef7ca,trap_penalty_q_learning_10,q_learning,eval,9,123,risk,5,5,0.1,0.9,0.0,default,100,9.7,4,1,1,0,0,,
trap_penalty_q_learning_10_q_learning_123_f70ef7ca,trap_penalty_q_learning_10,q_learning,eval,10,123,risk,5,5,0.1,0.9,0.0,default,100,9.7,4,1,1,0,0,,
trap_penalty_q_learning_10_q_learning_123_f70ef7ca,trap_penalty_q_learning_10,q_learning,eval,1,123,risk,5,5,0.1,0.9,0.0,default,100,9.7,4,1,1,0,0,,
trap_penalty_q_learning_10_q_learning_123_f70ef7ca,trap_penalty_q_learning_10,q_learning,eval,2,123,risk,5,5,0.1,0.9,0.0,default,100,9.7,4,1,1,0,0,,
trap_penalty_q_learning_10_q_learning_123_f70ef7ca,trap_penalty_q_learning_10,q_learning,eval,3,123,risk,5,5,0.1,0.9,0.0,default,100,9.7,4,1,1,0,0,,
trap_penalty_q_learning_10_q_learning_123_f70ef7ca,trap_penalty_q_learning_10,q_learning,eval,4,123,risk,5,5,0.1,0.9,0.0,default,100,9.7,4,1,1,0,0,,
trap_penalty_q_learning_10_q_learning_123_f70ef7ca,trap_penalty_q_learning_10,q_learning,eval,5,123,risk,5,5,0.1,0.9,0.0,default,100,9.7,4,1,1,0,0,,
trap_penalty_q_learning_10_q_learning_123_f70ef7ca,trap_penalty_q_learning_10,q_learning,eval,6,123,risk,5,5,0.1,0.9,0.0,default,100,9.7,4,1,1,0,0,,
trap_penalty_q_learning_10_q_learning_123_f70ef7ca,trap_penalty_q_learning_10,q_learning,eval,7,123,risk,5,5,0.1,0.9,0.0,default,100,9.7,4,1,1,0,0,,
trap_penalty_q_learning_10_q_learning_123_f70ef7ca,trap_penalty_q_learning_10,q_learning,eval,8,123,risk,5,5,0.1,0.9,0.0,default,100,9.7,4,1,1,0,0,,
trap_penalty_q_learning_10_q_learning_123_f70ef7ca,trap_penalty_q_learning_10,q_learning,eval,9,123,risk,5,5,0.1,0.9,0.0,default,100,9.7,4,1,1,0,0,,
trap_penalty_q_learning_10_q_learning_123_f70ef7ca,trap_penalty_q_learning_10,q_learning,eval,10,123,risk,5,5,0.1,0.9,0.0,default,100,9.7,4,1,1,0,0,,
trap_penalty_q_learning_10_q_learning_123_f70ef7ca,trap_penalty_q_learning_10,q_learning,eval,1,123,risk,5,5,0.1,0.9,0.0,default,100,9.7,4,1,1,0,0,,
trap_penalty_q_learning_10_q_learning_123_f70ef7ca,trap_penalty_q_learning_10,q_learning,eval,2,123,risk,5,5,0.1,0.9,0.0,default,100,9.7,4,1,1,0,0,,
trap_penalty_q_learning_10_q_learning_123_f70ef7ca,trap_penalty_q_learning_10,q_learning,eval,3,123,risk,5,5,0.1,0.9,0.0,default,100,9.7,4,1,1,0,0,,
trap_penalty_q_learning_10_q_learning_123_f70ef7ca,trap_penalty_q_learning_10,q_learning,eval,4,123,risk,5,5,0.1,0.9,0.0,default,100,9.7,4,1,1,0,0,,
trap_penalty_q_learning_10_q_learning_123_f70ef7ca,trap_penalty_q_learning_10,q_learning,eval,5,123,risk,5,5,0.1,0.9,0.0,default,100,9.7,4,1,1,0,0,,
trap_penalty_q_learning_10_q_learning_123_f70ef7ca,trap_penalty_q_learning_10,q_learning,eval,6,123,risk,5,5,0.1,0.9,0.0,default,100,9.7,4,1,1,0,0,,
trap_penalty_q_learning_10_q_learning_123_f70ef7ca,trap_penalty_q_learning_10,q_learning,eval,7,123,risk,5,5,0.1,0.9,0.0,default,100,9.7,4,1,1,0,0,,
trap_penalty_q_learning_10_q_learning_123_f70ef7ca,trap_penalty_q_learning_10,q_learning,eval,8,123,risk,5,5,0.1,0.9,0.0,default,100,9.7,4,1,1,0,0,,
trap_penalty_q_learning_10_q_learning_123_f70ef7ca,trap_penalty_q_learning_10,q_learning,eval,9,123,risk,5,5,0.1,0.9,0.0,default,100,9.7,4,1,1,0,0,,
trap_penalty_q_learning_10_q_learning_123_f70ef7ca,trap_penalty_q_learning_10,q_learning,eval,10,123,risk,5,5,0.1,0.9,0.0,default,100,9.7,4,1,1,0,0,,
trap_penalty_q_learning_10_q_learning_123_f70ef7ca,trap_penalty_q_learning_10,q_learning,eval,1,123,risk,5,5,0.1,0.9,0.0,default,100,9.7,4,1,1,0,0,,
trap_penalty_q_learning_10_q_learning_123_f70ef7ca,trap_penalty_q_learning_10,q_learning,eval,2,123,risk,5,5,0.1,0.9,0.0,default,100,9.7,4,1,1,0,0,,
trap_penalty_q_learning_10_q_learning_123_f70ef7ca,trap_penalty_q_learning_10,q_learning,eval,3,123,risk,5,5,0.1,0.9,0.0,default,100,9.7,4,1,1,0,0,,
trap_penalty_q_learning_10_q_learning_123_f70ef7ca,trap_penalty_q_learning_10,q_learning,eval,4,123,risk,5,5,0.1,0.9,0.0,default,100,9.7,4,1,1,0,0,,
trap_penalty_q_learning_10_q_learning_123_f70ef7ca,trap_penalty_q_learning_10,q_learning,eval,5,123,risk,5,5,0.1,0.9,0.0,default,100,9.7,4,1,1,0,0,,
trap_penalty_q_learning_10_q_learning_123_f70ef7ca,trap_penalty_q_learning_10,q_learning,eval,6,123,risk,5,5,0.1,0.9,0.0,default,100,9.7,4,1,1,0,0,,
trap_penalty_q_learning_10_q_learning_123_f70ef7ca,trap_penalty_q_learning_10,q_learning,eval,7,123,risk,5,5,0.1,0.9,0.0,default,100,9.7,4,1,1,0,0,,
trap_penalty_q_learning_10_q_learning_123_f70ef7ca,trap_penalty_q_learning_10,q_learning,eval,8,123,risk,5,5,0.1,0.9,0.0,default,100,9.7,4,1,1,0,0,,
trap_penalty_q_learning_10_q_learning_123_f70ef7ca,trap_penalty_q_learning_10,q_learning,eval,9,123,risk,5,5,0.1,0.9,0.0,default,100,9.7,4,1,1,0,0,,
trap_penalty_q_learning_10_q_learning_123_f70ef7ca,trap_penalty_q_learning_10,q_learning,eval,10,123,risk,5,5,0.1,0.9,0.0,default,100,9.7,4,1,1,0,0,,
trap_penalty_q_learning_10_q_learning_123_f70ef7ca,trap_penalty_q_learning_10,q_learning,eval,1,123,risk,5,5,0.1,0.9,0.0,default,100,9.7,4,1,1,0,0,,
trap_penalty_q_learning_10_q_learning_123_f70ef7ca,trap_penalty_q_learning_10,q_learning,eval,2,123,risk,5,5,0.1,0.9,0.0,default,100,9.7,4,1,1,0,0,,
trap_penalty_q_learning_10_q_learning_123_f70ef7ca,trap_penalty_q_learning_10,q_learning,eval,3,123,risk,5,5,0.1,0.9,0.0,default,100,9.7,4,1,1,0,0,,
trap_penalty_q_learning_10_q_learning_123_f70ef7ca,trap_penalty_q_learning_10,q_learning,eval,4,123,risk,5,5,0.1,0.9,0.0,default,100,9.7,4,1,1,0,0,,
trap_penalty_q_learning_10_q_learning_123_f70ef7ca,trap_penalty_q_learning_10,q_learning,eval,5,123,risk,5,5,0.1,0.9,0.0,default,100,9.7,4,1,1,0,0,,
trap_penalty_q_learning_10_q_learning_123_f70ef7ca,trap_penalty_q_learning_10,q_learning,eval,6,123,risk,5,5,0.1,0.9,0.0,default,100,9.7,4,1,1,0,0,,
trap_penalty_q_learning_10_q_learning_123_f70ef7ca,trap_penalty_q_learning_10,q_learning,eval,7,123,risk,5,5,0.1,0.9,0.0,default,100,9.7,4,1,1,0,0,,
trap_penalty_q_learning_10_q_learning_123_f70ef7ca,trap_penalty_q_learning_10,q_learning,eval,8,123,risk,5,5,0.1,0.9,0.0,default,100,9.7,4,1,1,0,0,,
trap_penalty_q_learning_10_q_learning_123_f70ef7ca,trap_penalty_q_learning_10,q_learning,eval,9,123,risk,5,5,0.1,0.9,0.0,default,100,9.7,4,1,1,0,0,,
trap_penalty_q_learning_10_q_learning_123_f70ef7ca,trap_penalty_q_learning_10,q_learning,eval,10,123,risk,5,5,0.1,0.9,0.0,default,100,9.7,4,1,1,0,0,,
trap_penalty_q_learning_10_q_learning_123_f70ef7ca,trap_penalty_q_learning_10,q_learning,eval,1,123,risk,5,5,0.1,0.9,0.0,default,100,9.7,4,1,1,0,0,,
trap_penalty_q_learning_10_q_learning_123_f70ef7ca,trap_penalty_q_learning_10,q_learning,eval,2,123,risk,5,5,0.1,0.9,0.0,default,100,9.7,4,1,1,0,0,,
trap_penalty_q_learning_10_q_learning_123_f70ef7ca,trap_penalty_q_learning_10,q_learning,eval,3,123,risk,5,5,0.1,0.9,0.0,default,100,9.7,4,1,1,0,0,,
trap_penalty_q_learning_10_q_learning_123_f70ef7ca,trap_penalty_q_learning_10,q_learning,eval,4,123,risk,5,5,0.1,0.9,0.0,default,100,9.7,4,1,1,0,0,,
trap_penalty_q_learning_10_q_learning_123_f70ef7ca,trap_penalty_q_learning_10,q_learning,eval,5,123,risk,5,5,0.1,0.9,0.0,default,100,9.7,4,1,1,0,0,,
trap_penalty_q_learning_10_q_learning_123_f70ef7ca,trap_penalty_q_learning_10,q_learning,eval,6,123,risk,5,5,0.1,0.9,0.0,default,100,9.7,4,1,1,0,0,,
trap_penalty_q_learning_10_q_learning_123_f70ef7ca,trap_penalty_q_learning_10,q_learning,eval,7,123,risk,5,5,0.1,0.9,0.0,default,100,9.7,4,1,1,0,0,,
trap_penalty_q_learning_10_q_learning_123_f70ef7ca,trap_penalty_q_learning_10,q_learning,eval,8,123,risk,5,5,0.1,0.9,0.0,default,100,9.7,4,1,1,0,0,,
trap_penalty_q_learning_10_q_learning_123_f70ef7ca,trap_penalty_q_learning_10,q_learning,eval,9,123,risk,5,5,0.1,0.9,0.0,default,100,9.7,4,1,1,0,0,,
trap_penalty_q_learning_10_q_learning_123_f70ef7ca,trap_penalty_q_learning_10,q_learning,eval,10,123,risk,5,5,0.1,0.9,0.0,default,100,9.7,4,1,1,0,0,,
trap_penalty_q_learning_10_q_learning_123_f70ef7ca,trap_penalty_q_learning_10,q_learning,eval,1,123,risk,5,5,0.1,0.9,0.0,default,100,9.7,4,1,1,0,0,,
trap_penalty_q_learning_10_q_learning_123_f70ef7ca,trap_penalty_q_learning_10,q_learning,eval,2,123,risk,5,5,0.1,0.9,0.0,default,100,9.7,4,1,1,0,0,,
trap_penalty_q_learning_10_q_learning_123_f70ef7ca,trap_penalty_q_learning_10,q_learning,eval,3,123,risk,5,5,0.1,0.9,0.0,default,100,9.7,4,1,1,0,0,,
trap_penalty_q_learning_10_q_learning_123_f70ef7ca,trap_penalty_q_learning_10,q_learning,eval,4,123,risk,5,5,0.1,0.9,0.0,default,100,9.7,4,1,1,0,0,,
trap_penalty_q_learning_10_q_learning_123_f70ef7ca,trap_penalty_q_learning_10,q_learning,eval,5,123,risk,5,5,0.1,0.9,0.0,default,100,9.7,4,1,1,0,0,,
trap_penalty_q_learning_10_q_learning_123_f70ef7ca,trap_penalty_q_learning_10,q_learning,eval,6,123,risk,5,5,0.1,0.9,0.0,default,100,9.7,4,1,1,0,0,,
trap_penalty_q_learning_10_q_learning_123_f70ef7ca,trap_penalty_q_learning_10,q_learning,eval,7,123,risk,5,5,0.1,0.9,0.0,default,100,9.7,4,1,1,0,0,,
trap_penalty_q_learning_10_q_learning_123_f70ef7ca,trap_penalty_q_learning_10,q_learning,eval,8,123,risk,5,5,0.1,0.9,0.0,default,100,9.7,4,1,1,0,0,,
trap_penalty_q_learning_10_q_learning_123_f70ef7ca,trap_penalty_q_learning_10,q_learning,eval,9,123,risk,5,5,0.1,0.9,0.0,default,100,9.7,4,1,1,0,0,,
trap_penalty_q_learning_10_q_learning_123_f70ef7ca,trap_penalty_q_learning_10,q_learning,eval,10,123,risk,5,5,0.1,0.9,0.0,default,100,9.7,4,1,1,0,0,,
trap_penalty_q_learning_10_q_learning_123_f70ef7ca,trap_penalty_q_learning_10,q_learning,eval,1,123,risk,5,5,0.1,0.9,0.0,default,100,9.7,4,1,1,0,0,,
trap_penalty_q_learning_10_q_learning_123_f70ef7ca,trap_penalty_q_learning_10,q_learning,eval,2,123,risk,5,5,0.1,0.9,0.0,default,100,9.7,4,1,1,0,0,,
trap_penalty_q_learning_10_q_learning_123_f70ef7ca,trap_penalty_q_learning_10,q_learning,eval,3,123,risk,5,5,0.1,0.9,0.0,default,100,9.7,4,1,1,0,0,,
trap_penalty_q_learning_10_q_learning_123_f70ef7ca,trap_penalty_q_learning_10,q_learning,eval,4,123,risk,5,5,0.1,0.9,0.0,default,100,9.7,4,1,1,0,0,,
trap_penalty_q_learning_10_q_learning_123_f70ef7ca,trap_penalty_q_learning_10,q_learning,eval,5,123,risk,5,5,0.1,0.9,0.0,default,100,9.7,4,1,1,0,0,,
trap_penalty_q_learning_10_q_learning_123_f70ef7ca,trap_penalty_q_learning_10,q_learning,eval,6,123,risk,5,5,0.1,0.9,0.0,default,100,9.7,4,1,1,0,0,,
trap_penalty_q_learning_10_q_learning_123_f70ef7ca,trap_penalty_q_learning_10,q_learning,eval,7,123,risk,5,5,0.1,0.9,0.0,default,100,9.7,4,1,1,0,0,,
trap_penalty_q_learning_10_q_learning_123_f70ef7ca,trap_penalty_q_learning_10,q_learning,eval,8,123,risk,5,5,0.1,0.9,0.0,default,100,9.7,4,1,1,0,0,,
trap_penalty_q_learning_10_q_learning_123_f70ef7ca,trap_penalty_q_learning_10,q_learning,eval,9,123,risk,5,5,0.1,0.9,0.0,default,100,9.7,4,1,1,0,0,,
trap_penalty_q_learning_10_q_learning_123_f70ef7ca,trap_penalty_q_learning_10,q_learning,eval,10,123,risk,5,5,0.1,0.9,0.0,default,100,9.7,4,1,1,0,0,,
trap_penalty_q_learning_10_q_learning_123_f70ef7ca,trap_penalty_q_learning_10,q_learning,eval,1,123,risk,5,5,0.1,0.9,0.0,default,100,9.7,4,1,1,0,0,,
trap_penalty_q_learning_10_q_learning_123_f70ef7ca,trap_penalty_q_learning_10,q_learning,eval,2,123,risk,5,5,0.1,0.9,0.0,default,100,9.7,4,1,1,0,0,,
trap_penalty_q_learning_10_q_learning_123_f70ef7ca,trap_penalty_q_learning_10,q_learning,eval,3,123,risk,5,5,0.1,0.9,0.0,default,100,9.7,4,1,1,0,0,,
trap_penalty_q_learning_10_q_learning_123_f70ef7ca,trap_penalty_q_learning_10,q_learning,eval,4,123,risk,5,5,0.1,0.9,0.0,default,100,9.7,4,1,1,0,0,,
trap_penalty_q_learning_10_q_learning_123_f70ef7ca,trap_penalty_q_learning_10,q_learning,eval,5,123,risk,5,5,0.1,0.9,0.0,default,100,9.7,4,1,1,0,0,,
trap_penalty_q_learning_10_q_learning_123_f70ef7ca,trap_penalty_q_learning_10,q_learning,eval,6,123,risk,5,5,0.1,0.9,0.0,default,100,9.7,4,1,1,0,0,,
trap_penalty_q_learning_10_q_learning_123_f70ef7ca,trap_penalty_q_learning_10,q_learning,eval,7,123,risk,5,5,0.1,0.9,0.0,default,100,9.7,4,1,1,0,0,,
trap_penalty_q_learning_10_q_learning_123_f70ef7ca,trap_penalty_q_learning_10,q_learning,eval,8,123,risk,5,5,0.1,0.9,0.0,default,100,9.7,4,1,1,0,0,,
trap_penalty_q_learning_10_q_learning_123_f70ef7ca,trap_penalty_q_learning_10,q_learning,eval,9,123,risk,5,5,0.1,0.9,0.0,default,100,9.7,4,1,1,0,0,,
trap_penalty_q_learning_10_q_learning_123_f70ef7ca,trap_penalty_q_learning_10,q_learning,eval,10,123,risk,5,5,0.1,0.9,0.0,default,100,9.7,4,1,1,0,0,,
trap_penalty_q_learning_10_q_learning_123_f70ef7ca,trap_penalty_q_learning_10,q_learning,eval,1,123,risk,5,5,0.1,0.9,0.0,default,100,9.7,4,1,1,0,0,,
trap_penalty_q_learning_10_q_learning_123_f70ef7ca,trap_penalty_q_learning_10,q_learning,eval,2,123,risk,5,5,0.1,0.9,0.0,default,100,9.7,4,1,1,0,0,,
trap_penalty_q_learning_10_q_learning_123_f70ef7ca,trap_penalty_q_learning_10,q_learning,eval,3,123,risk,5,5,0.1,0.9,0.0,default,100,9.7,4,1,1,0,0,,
trap_penalty_q_learning_10_q_learning_123_f70ef7ca,trap_penalty_q_learning_10,q_learning,eval,4,123,risk,5,5,0.1,0.9,0.0,default,100,9.7,4,1,1,0,0,,
trap_penalty_q_learning_10_q_learning_123_f70ef7ca,trap_penalty_q_learning_10,q_learning,eval,5,123,risk,5,5,0.1,0.9,0.0,default,100,9.7,4,1,1,0,0,,
trap_penalty_q_learning_10_q_learning_123_f70ef7ca,trap_penalty_q_learning_10,q_learning,eval,6,123,risk,5,5,0.1,0.9,0.0,default,100,9.7,4,1,1,0,0,,
trap_penalty_q_learning_10_q_learning_123_f70ef7ca,trap_penalty_q_learning_10,q_learning,eval,7,123,risk,5,5,0.1,0.9,0.0,default,100,9.7,4,1,1,0,0,,
trap_penalty_q_learning_10_q_learning_123_f70ef7ca,trap_penalty_q_learning_10,q_learning,eval,8,123,risk,5,5,0.1,0.9,0.0,default,100,9.7,4,1,1,0,0,,
trap_penalty_q_learning_10_q_learning_123_f70ef7ca,trap_penalty_q_learning_10,q_learning,eval,9,123,risk,5,5,0.1,0.9,0.0,default,100,9.7,4,1,1,0,0,,
trap_penalty_q_learning_10_q_learning_123_f70ef7ca,trap_penalty_q_learning_10,q_learning,eval,10,123,risk,5,5,0.1,0.9,0.0,default,100,9.7,4,1,1,0,0,,
trap_penalty_q_learning_10_q_learning_123_f70ef7ca,trap_penalty_q_learning_10,q_learning,eval,1,123,risk,5,5,0.1,0.9,0.0,default,100,9.7,4,1,1,0,0,,
trap_penalty_q_learning_10_q_learning_123_f70ef7ca,trap_penalty_q_learning_10,q_learning,eval,2,123,risk,5,5,0.1,0.9,0.0,default,100,9.7,4,1,1,0,0,,
trap_penalty_q_learning_10_q_learning_123_f70ef7ca,trap_penalty_q_learning_10,q_learning,eval,3,123,risk,5,5,0.1,0.9,0.0,default,100,9.7,4,1,1,0,0,,
trap_penalty_q_learning_10_q_learning_123_f70ef7ca,trap_penalty_q_learning_10,q_learning,eval,4,123,risk,5,5,0.1,0.9,0.0,default,100,9.7,4,1,1,0,0,,
trap_penalty_q_learning_10_q_learning_123_f70ef7ca,trap_penalty_q_learning_10,q_learning,eval,5,123,risk,5,5,0.1,0.9,0.0,default,100,9.7,4,1,1,0,0,,
trap_penalty_q_learning_10_q_learning_123_f70ef7ca,trap_penalty_q_learning_10,q_learning,eval,6,123,risk,5,5,0.1,0.9,0.0,default,100,9.7,4,1,1,0,0,,
trap_penalty_q_learning_10_q_learning_123_f70ef7ca,trap_penalty_q_learning_10,q_learning,eval,7,123,risk,5,5,0.1,0.9,0.0,default,100,9.7,4,1,1,0,0,,
trap_penalty_q_learning_10_q_learning_123_f70ef7ca,trap_penalty_q_learning_10,q_learning,eval,8,123,risk,5,5,0.1,0.9,0.0,default,100,9.7,4,1,1,0,0,,
trap_penalty_q_learning_10_q_learning_123_f70ef7ca,trap_penalty_q_learning_10,q_learning,eval,9,123,risk,5,5,0.1,0.9,0.0,default,100,9.7,4,1,1,0,0,,
trap_penalty_q_learning_10_q_learning_123_f70ef7ca,trap_penalty_q_learning_10,q_learning,eval,10,123,risk,5,5,0.1,0.9,0.0,default,100,9.7,4,1,1,0,0,,
trap_penalty_q_learning_10_q_learning_123_f70ef7ca,trap_penalty_q_learning_10,q_learning,eval,1,123,risk,5,5,0.1,0.9,0.0,default,100,9.7,4,1,1,0,0,,
trap_penalty_q_learning_10_q_learning_123_f70ef7ca,trap_penalty_q_learning_10,q_learning,eval,2,123,risk,5,5,0.1,0.9,0.0,default,100,9.7,4,1,1,0,0,,
trap_penalty_q_learning_10_q_learning_123_f70ef7ca,trap_penalty_q_learning_10,q_learning,eval,3,123,risk,5,5,0.1,0.9,0.0,default,100,9.7,4,1,1,0,0,,
trap_penalty_q_learning_10_q_learning_123_f70ef7ca,trap_penalty_q_learning_10,q_learning,eval,4,123,risk,5,5,0.1,0.9,0.0,default,100,9.7,4,1,1,0,0,,
trap_penalty_q_learning_10_q_learning_123_f70ef7ca,trap_penalty_q_learning_10,q_learning,eval,5,123,risk,5,5,0.1,0.9,0.0,default,100,9.7,4,1,1,0,0,,
trap_penalty_q_learning_10_q_learning_123_f70ef7ca,trap_penalty_q_learning_10,q_learning,eval,6,123,risk,5,5,0.1,0.9,0.0,default,100,9.7,4,1,1,0,0,,
trap_penalty_q_learning_10_q_learning_123_f70ef7ca,trap_penalty_q_learning_10,q_learning,eval,7,123,risk,5,5,0.1,0.9,0.0,default,100,9.7,4,1,1,0,0,,
trap_penalty_q_learning_10_q_learning_123_f70ef7ca,trap_penalty_q_learning_10,q_learning,eval,8,123,risk,5,5,0.1,0.9,0.0,default,100,9.7,4,1,1,0,0,,
trap_penalty_q_learning_10_q_learning_123_f70ef7ca,trap_penalty_q_learning_10,q_learning,eval,9,123,risk,5,5,0.1,0.9,0.0,default,100,9.7,4,1,1,0,0,,
trap_penalty_q_learning_10_q_learning_123_f70ef7ca,trap_penalty_q_learning_10,q_learning,eval,10,123,risk,5,5,0.1,0.9,0.0,default,100,9.7,4,1,1,0,0,,
trap_penalty_q_learning_10_q_learning_123_f70ef7ca,trap_penalty_q_learning_10,q_learning,eval,1,123,risk,5,5,0.1,0.9,0.0,default,100,9.7,4,1,1,0,0,,
trap_penalty_q_learning_10_q_learning_123_f70ef7ca,trap_penalty_q_learning_10,q_learning,eval,2,123,risk,5,5,0.1,0.9,0.0,default,100,9.7,4,1,1,0,0,,
trap_penalty_q_learning_10_q_learning_123_f70ef7ca,trap_penalty_q_learning_10,q_learning,eval,3,123,risk,5,5,0.1,0.9,0.0,default,100,9.7,4,1,1,0,0,,
trap_penalty_q_learning_10_q_learning_123_f70ef7ca,trap_penalty_q_learning_10,q_learning,eval,4,123,risk,5,5,0.1,0.9,0.0,default,100,9.7,4,1,1,0,0,,
trap_penalty_q_learning_10_q_learning_123_f70ef7ca,trap_penalty_q_learning_10,q_learning,eval,5,123,risk,5,5,0.1,0.9,0.0,default,100,9.7,4,1,1,0,0,,
trap_penalty_q_learning_10_q_learning_123_f70ef7ca,trap_penalty_q_learning_10,q_learning,eval,6,123,risk,5,5,0.1,0.9,0.0,default,100,9.7,4,1,1,0,0,,
trap_penalty_q_learning_10_q_learning_123_f70ef7ca,trap_penalty_q_learning_10,q_learning,eval,7,123,risk,5,5,0.1,0.9,0.0,default,100,9.7,4,1,1,0,0,,
trap_penalty_q_learning_10_q_learning_123_f70ef7ca,trap_penalty_q_learning_10,q_learning,eval,8,123,risk,5,5,0.1,0.9,0.0,default,100,9.7,4,1,1,0,0,,
trap_penalty_q_learning_10_q_learning_123_f70ef7ca,trap_penalty_q_learning_10,q_learning,eval,9,123,risk,5,5,0.1,0.9,0.0,default,100,9.7,4,1,1,0,0,,
trap_penalty_q_learning_10_q_learning_123_f70ef7ca,trap_penalty_q_learning_10,q_learning,eval,10,123,risk,5,5,0.1,0.9,0.0,default,100,9.7,4,1,1,0,0,,
trap_penalty_q_learning_10_q_learning_123_f70ef7ca,trap_penalty_q_learning_10,q_learning,eval,1,123,risk,5,5,0.1,0.9,0.0,default,100,9.7,4,1,1,0,0,,
trap_penalty_q_learning_10_q_learning_123_f70ef7ca,trap_penalty_q_learning_10,q_learning,eval,2,123,risk,5,5,0.1,0.9,0.0,default,100,9.7,4,1,1,0,0,,
trap_penalty_q_learning_10_q_learning_123_f70ef7ca,trap_penalty_q_learning_10,q_learning,eval,3,123,risk,5,5,0.1,0.9,0.0,default,100,9.7,4,1,1,0,0,,
trap_penalty_q_learning_10_q_learning_123_f70ef7ca,trap_penalty_q_learning_10,q_learning,eval,4,123,risk,5,5,0.1,0.9,0.0,default,100,9.7,4,1,1,0,0,,
trap_penalty_q_learning_10_q_learning_123_f70ef7ca,trap_penalty_q_learning_10,q_learning,eval,5,123,risk,5,5,0.1,0.9,0.0,default,100,9.7,4,1,1,0,0,,
trap_penalty_q_learning_10_q_learning_123_f70ef7ca,trap_penalty_q_learning_10,q_learning,eval,6,123,risk,5,5,0.1,0.9,0.0,default,100,9.7,4,1,1,0,0,,
trap_penalty_q_learning_10_q_learning_123_f70ef7ca,trap_penalty_q_learning_10,q_learning,eval,7,123,risk,5,5,0.1,0.9,0.0,default,100,9.7,4,1,1,0,0,,
trap_penalty_q_learning_10_q_learning_123_f70ef7ca,trap_penalty_q_learning_10,q_learning,eval,8,123,risk,5,5,0.1,0.9,0.0,default,100,9.7,4,1,1,0,0,,
trap_penalty_q_learning_10_q_learning_123_f70ef7ca,trap_penalty_q_learning_10,q_learning,eval,9,123,risk,5,5,0.1,0.9,0.0,default,100,9.7,4,1,1,0,0,,
trap_penalty_q_learning_10_q_learning_123_f70ef7ca,trap_penalty_q_learning_10,q_learning,eval,10,123,risk,5,5,0.1,0.9,0.0,default,100,9.7,4,1,1,0,0,,
trap_penalty_q_learning_10_q_learning_123_f70ef7ca,trap_penalty_q_learning_10,q_learning,eval,1,123,risk,5,5,0.1,0.9,0.0,default,100,9.7,4,1,1,0,0,,
trap_penalty_q_learning_10_q_learning_123_f70ef7ca,trap_penalty_q_learning_10,q_learning,eval,2,123,risk,5,5,0.1,0.9,0.0,default,100,9.7,4,1,1,0,0,,
trap_penalty_q_learning_10_q_learning_123_f70ef7ca,trap_penalty_q_learning_10,q_learning,eval,3,123,risk,5,5,0.1,0.9,0.0,default,100,9.7,4,1,1,0,0,,
trap_penalty_q_learning_10_q_learning_123_f70ef7ca,trap_penalty_q_learning_10,q_learning,eval,4,123,risk,5,5,0.1,0.9,0.0,default,100,9.7,4,1,1,0,0,,
trap_penalty_q_learning_10_q_learning_123_f70ef7ca,trap_penalty_q_learning_10,q_learning,eval,5,123,risk,5,5,0.1,0.9,0.0,default,100,9.7,4,1,1,0,0,,
trap_penalty_q_learning_10_q_learning_123_f70ef7ca,trap_penalty_q_learning_10,q_learning,eval,6,123,risk,5,5,0.1,0.9,0.0,default,100,9.7,4,1,1,0,0,,
trap_penalty_q_learning_10_q_learning_123_f70ef7ca,trap_penalty_q_learning_10,q_learning,eval,7,123,risk,5,5,0.1,0.9,0.0,default,100,9.7,4,1,1,0,0,,
trap_penalty_q_learning_10_q_learning_123_f70ef7ca,trap_penalty_q_learning_10,q_learning,eval,8,123,risk,5,5,0.1,0.9,0.0,default,100,9.7,4,1,1,0,0,,
trap_penalty_q_learning_10_q_learning_123_f70ef7ca,trap_penalty_q_learning_10,q_learning,eval,9,123,risk,5,5,0.1,0.9,0.0,default,100,9.7,4,1,1,0,0,,
trap_penalty_q_learning_10_q_learning_123_f70ef7ca,trap_penalty_q_learning_10,q_learning,eval,10,123,risk,5,5,0.1,0.9,0.0,default,100,9.7,4,1,1,0,0,,
trap_penalty_q_learning_10_q_learning_123_f70ef7ca,trap_penalty_q_learning_10,q_learning,eval,1,123,risk,5,5,0.1,0.9,0.0,default,100,9.7,4,1,1,0,0,,
trap_penalty_q_learning_10_q_learning_123_f70ef7ca,trap_penalty_q_learning_10,q_learning,eval,2,123,risk,5,5,0.1,0.9,0.0,default,100,9.7,4,1,1,0,0,,
trap_penalty_q_learning_10_q_learning_123_f70ef7ca,trap_penalty_q_learning_10,q_learning,eval,3,123,risk,5,5,0.1,0.9,0.0,default,100,9.7,4,1,1,0,0,,
trap_penalty_q_learning_10_q_learning_123_f70ef7ca,trap_penalty_q_learning_10,q_learning,eval,4,123,risk,5,5,0.1,0.9,0.0,default,100,9.7,4,1,1,0,0,,
trap_penalty_q_learning_10_q_learning_123_f70ef7ca,trap_penalty_q_learning_10,q_learning,eval,5,123,risk,5,5,0.1,0.9,0.0,default,100,9.7,4,1,1,0,0,,
trap_penalty_q_learning_10_q_learning_123_f70ef7ca,trap_penalty_q_learning_10,q_learning,eval,6,123,risk,5,5,0.1,0.9,0.0,default,100,9.7,4,1,1,0,0,,
trap_penalty_q_learning_10_q_learning_123_f70ef7ca,trap_penalty_q_learning_10,q_learning,eval,7,123,risk,5,5,0.1,0.9,0.0,default,100,9.7,4,1,1,0,0,,
trap_penalty_q_learning_10_q_learning_123_f70ef7ca,trap_penalty_q_learning_10,q_learning,eval,8,123,risk,5,5,0.1,0.9,0.0,default,100,9.7,4,1,1,0,0,,
trap_penalty_q_learning_10_q_learning_123_f70ef7ca,trap_penalty_q_learning_10,q_learning,eval,9,123,risk,5,5,0.1,0.9,0.0,default,100,9.7,4,1,1,0,0,,
trap_penalty_q_learning_10_q_learning_123_f70ef7ca,trap_penalty_q_learning_10,q_learning,eval,10,123,risk,5,5,0.1,0.9,0.0,default,100,9.7,4,1,1,0,0,,
trap_penalty_q_learning_10_q_learning_123_f70ef7ca,trap_penalty_q_learning_10,q_learning,eval,1,123,risk,5,5,0.1,0.9,0.0,default,100,9.7,4,1,1,0,0,,
trap_penalty_q_learning_10_q_learning_123_f70ef7ca,trap_penalty_q_learning_10,q_learning,eval,2,123,risk,5,5,0.1,0.9,0.0,default,100,9.7,4,1,1,0,0,,
trap_penalty_q_learning_10_q_learning_123_f70ef7ca,trap_penalty_q_learning_10,q_learning,eval,3,123,risk,5,5,0.1,0.9,0.0,default,100,9.7,4,1,1,0,0,,
trap_penalty_q_learning_10_q_learning_123_f70ef7ca,trap_penalty_q_learning_10,q_learning,eval,4,123,risk,5,5,0.1,0.9,0.0,default,100,9.7,4,1,1,0,0,,
trap_penalty_q_learning_10_q_learning_123_f70ef7ca,trap_penalty_q_learning_10,q_learning,eval,5,123,risk,5,5,0.1,0.9,0.0,default,100,9.7,4,1,1,0,0,,
trap_penalty_q_learning_10_q_learning_123_f70ef7ca,trap_penalty_q_learning_10,q_learning,eval,6,123,risk,5,5,0.1,0.9,0.0,default,100,9.7,4,1,1,0,0,,
trap_penalty_q_learning_10_q_learning_123_f70ef7ca,trap_penalty_q_learning_10,q_learning,eval,7,123,risk,5,5,0.1,0.9,0.0,default,100,9.7,4,1,1,0,0,,
trap_penalty_q_learning_10_q_learning_123_f70ef7ca,trap_penalty_q_learning_10,q_learning,eval,8,123,risk,5,5,0.1,0.9,0.0,default,100,9.7,4,1,1,0,0,,
trap_penalty_q_learning_10_q_learning_123_f70ef7ca,trap_penalty_q_learning_10,q_learning,eval,9,123,risk,5,5,0.1,0.9,0.0,default,100,9.7,4,1,1,0,0,,
trap_penalty_q_learning_10_q_learning_123_f70ef7ca,trap_penalty_q_learning_10,q_learning,eval,10,123,risk,5,5,0.1,0.9,0.0,default,100,9.7,4,1,1,0,0,,
