run_id,exp_name,phase,episode,seed,map_name,rows,cols,alpha,gamma,epsilon,reward_setting,max_steps,total_reward,steps,success,terminated,truncated,hit_trap,elapsed_sec,qtable_path
gamma_0.8_789_e4f06b93,gamma_0.8,train,1,789,easy,5,5,0.1,0.8,0.199,default,100,-3.0,14,1,1,0,0,0.002257700005429797,
gamma_0.8_789_e4f06b93,gamma_0.8,train,2,789,easy,5,5,0.1,0.8,0.19800500000000001,default,100,-57.0,68,1,1,0,0,0.007489600000553764,
gamma_0.8_789_e4f06b93,gamma_0.8,train,3,789,easy,5,5,0.1,0.8,0.197014975,default,100,-27.0,18,0,1,0,1,0.0020850000000791624,
gamma_0.8_789_e4f06b93,gamma_0.8,train,4,789,easy,5,5,0.1,0.8,0.19602990012500002,default,100,-57.0,68,1,1,0,0,0.00731540001288522,
gamma_0.8_789_e4f06b93,gamma_0.8,train,5,789,easy,5,5,0.1,0.8,0.19504975062437502,default,100,-20.0,11,0,1,0,1,0.001294299989240244,
gamma_0.8_789_e4f06b93,gamma_0.8,train,6,789,easy,5,5,0.1,0.8,0.19407450187125314,default,100,-54.0,45,0,1,0,1,0.005257899989373982,
gamma_0.8_789_e4f06b93,gamma_0.8,train,7,789,easy,5,5,0.1,0.8,0.19310412936189686,default,100,-107.0,98,0,1,0,1,0.011044699989724904,
gamma_0.8_789_e4f06b93,gamma_0.8,train,8,789,easy,5,5,0.1,0.8,0.19213860871508737,default,100,-19.0,30,1,1,0,0,0.003517800010740757,
gamma_0.8_789_e4f06b93,gamma_0.8,train,9,789,easy,5,5,0.1,0.8,0.19117791567151193,default,100,-44.0,35,0,1,0,1,0.003926699995645322,
gamma_0.8_789_e4f06b93,gamma_0.8,train,10,789,easy,5,5,0.1,0.8,0.19022202609315436,default,100,-22.0,33,1,1,0,0,0.003986700001405552,
gamma_0.8_789_e4f06b93,gamma_0.8,train,11,789,easy,5,5,0.1,0.8,0.18927091596268858,default,100,-36.0,47,1,1,0,0,0.0050436000019544736,
gamma_0.8_789_e4f06b93,gamma_0.8,train,12,789,easy,5,5,0.1,0.8,0.18832456138287512,default,100,-89.0,100,1,1,0,0,0.011268200003542006,
gamma_0.8_789_e4f06b93,gamma_0.8,train,13,789,easy,5,5,0.1,0.8,0.18738293857596075,default,100,-9.0,20,1,1,0,0,0.0022544999956153333,
gamma_0.8_789_e4f06b93,gamma_0.8,train,14,789,easy,5,5,0.1,0.8,0.18644602388308096,default,100,-1.0,12,1,1,0,0,0.0015264000103343278,
gamma_0.8_789_e4f06b93,gamma_0.8,train,15,789,easy,5,5,0.1,0.8,0.18551379376366556,default,100,-31.0,42,1,1,0,0,0.004524599993601441,
gamma_0.8_789_e4f06b93,gamma_0.8,train,16,789,easy,5,5,0.1,0.8,0.18458622479484724,default,100,-16.0,27,1,1,0,0,0.003100999994785525,
gamma_0.8_789_e4f06b93,gamma_0.8,train,17,789,easy,5,5,0.1,0.8,0.183663293670873,default,100,-24.0,35,1,1,0,0,0.003954400002839975,
gamma_0.8_789_e4f06b93,gamma_0.8,train,18,789,easy,5,5,0.1,0.8,0.18274497720251864,default,100,-1.0,12,1,1,0,0,0.0014488000015262514,
gamma_0.8_789_e4f06b93,gamma_0.8,train,19,789,easy,5,5,0.1,0.8,0.18183125231650604,default,100,-31.0,42,1,1,0,0,0.0048811999877216294,
gamma_0.8_789_e4f06b93,gamma_0.8,train,20,789,easy,5,5,0.1,0.8,0.18092209605492351,default,100,-4.0,15,1,1,0,0,0.0017573000077391043,
gamma_0.8_789_e4f06b93,gamma_0.8,train,21,789,easy,5,5,0.1,0.8,0.1800174855746489,default,100,-25.0,16,0,1,0,1,0.0019105000101262704,
gamma_0.8_789_e4f06b93,gamma_0.8,train,22,789,easy,5,5,0.1,0.8,0.17911739814677563,default,100,-7.0,18,1,1,0,0,0.002173200002289377,
gamma_0.8_789_e4f06b93,gamma_0.8,train,23,789,easy,5,5,0.1,0.8,0.17822181115604174,default,100,-10.0,21,1,1,0,0,0.0024415999941993505,
gamma_0.8_789_e4f06b93,gamma_0.8,train,24,789,easy,5,5,0.1,0.8,0.17733070210026153,default,100,-18.0,29,1,1,0,0,0.0035558999952627346,
gamma_0.8_789_e4f06b93,gamma_0.8,train,25,789,easy,5,5,0.1,0.8,0.17644404858976023,default,100,-25.0,36,1,1,0,0,0.003991599995060824,
gamma_0.8_789_e4f06b93,gamma_0.8,train,26,789,easy,5,5,0.1,0.8,0.17556182834681144,default,100,-1.0,12,1,1,0,0,0.001357300003292039,
gamma_0.8_789_e4f06b93,gamma_0.8,train,27,789,easy,5,5,0.1,0.8,0.1746840192050774,default,100,-17.0,28,1,1,0,0,0.003025900005013682,
gamma_0.8_789_e4f06b93,gamma_0.8,train,28,789,easy,5,5,0.1,0.8,0.173810599109052,default,100,-15.0,26,1,1,0,0,0.0029973000055179,
gamma_0.8_789_e4f06b93,gamma_0.8,train,29,789,easy,5,5,0.1,0.8,0.17294154611350673,default,100,-29.0,20,0,1,0,1,0.0023012000019662082,
gamma_0.8_789_e4f06b93,gamma_0.8,train,30,789,easy,5,5,0.1,0.8,0.1720768383829392,default,100,-2.0,13,1,1,0,0,0.0017656999989412725,
gamma_0.8_789_e4f06b93,gamma_0.8,train,31,789,easy,5,5,0.1,0.8,0.1712164541910245,default,100,-1.0,12,1,1,0,0,0.0013692999928025529,
gamma_0.8_789_e4f06b93,gamma_0.8,train,32,789,easy,5,5,0.1,0.8,0.17036037192006936,default,100,-1.0,12,1,1,0,0,0.0015715000045020133,
gamma_0.8_789_e4f06b93,gamma_0.8,train,33,789,easy,5,5,0.1,0.8,0.16950857006046902,default,100,-14.0,25,1,1,0,0,0.002856999999494292,
gamma_0.8_789_e4f06b93,gamma_0.8,train,34,789,easy,5,5,0.1,0.8,0.16866102721016668,default,100,-2.0,13,1,1,0,0,0.0015601000050082803,
gamma_0.8_789_e4f06b93,gamma_0.8,train,35,789,easy,5,5,0.1,0.8,0.16781772207411585,default,100,-18.0,29,1,1,0,0,0.003294199996162206,
gamma_0.8_789_e4f06b93,gamma_0.8,train,36,789,easy,5,5,0.1,0.8,0.16697863346374528,default,100,-11.0,22,1,1,0,0,0.0024702000082470477,
gamma_0.8_789_e4f06b93,gamma_0.8,train,37,789,easy,5,5,0.1,0.8,0.16614374029642656,default,100,-5.0,16,1,1,0,0,0.0018718999926932156,
gamma_0.8_789_e4f06b93,gamma_0.8,train,38,789,easy,5,5,0.1,0.8,0.16531302159494443,default,100,0.0,11,1,1,0,0,0.0014392000011866912,
gamma_0.8_789_e4f06b93,gamma_0.8,train,39,789,easy,5,5,0.1,0.8,0.16448645648696972,default,100,0.0,11,1,1,0,0,0.001554200003738515,
gamma_0.8_789_e4f06b93,gamma_0.8,train,40,789,easy,5,5,0.1,0.8,0.16366402420453488,default,100,-21.0,12,0,1,0,1,0.0013699999981326982,
gamma_0.8_789_e4f06b93,gamma_0.8,train,41,789,easy,5,5,0.1,0.8,0.1628457040835122,default,100,-4.0,15,1,1,0,0,0.0017708999948808923,
gamma_0.8_789_e4f06b93,gamma_0.8,train,42,789,easy,5,5,0.1,0.8,0.16203147556309463,default,100,-4.0,15,1,1,0,0,0.0018127999937860295,
gamma_0.8_789_e4f06b93,gamma_0.8,train,43,789,easy,5,5,0.1,0.8,0.16122131818527916,default,100,-16.0,27,1,1,0,0,0.0031438999867532402,
gamma_0.8_789_e4f06b93,gamma_0.8,train,44,789,easy,5,5,0.1,0.8,0.16041521159435276,default,100,-14.0,5,0,1,0,1,0.0006683999963570386,
gamma_0.8_789_e4f06b93,gamma_0.8,train,45,789,easy,5,5,0.1,0.8,0.159613135536381,default,100,-2.0,13,1,1,0,0,0.001596900008735247,
gamma_0.8_789_e4f06b93,gamma_0.8,train,46,789,easy,5,5,0.1,0.8,0.15881506985869911,default,100,-3.0,14,1,1,0,0,0.0017168000049423426,
gamma_0.8_789_e4f06b93,gamma_0.8,train,47,789,easy,5,5,0.1,0.8,0.15802099450940563,default,100,-2.0,13,1,1,0,0,0.0015248999989125878,
gamma_0.8_789_e4f06b93,gamma_0.8,train,48,789,easy,5,5,0.1,0.8,0.1572308895368586,default,100,-5.0,16,1,1,0,0,0.0019475000008242205,
gamma_0.8_789_e4f06b93,gamma_0.8,train,49,789,easy,5,5,0.1,0.8,0.1564447350891743,default,100,-4.0,15,1,1,0,0,0.0017408999992767349,
gamma_0.8_789_e4f06b93,gamma_0.8,train,50,789,easy,5,5,0.1,0.8,0.15566251141372844,default,100,1.0,10,1,1,0,0,0.0012960999883944169,
gamma_0.8_789_e4f06b93,gamma_0.8,train,51,789,easy,5,5,0.1,0.8,0.1548841988566598,default,100,-9.0,20,1,1,0,0,0.002355300006456673,
gamma_0.8_789_e4f06b93,gamma_0.8,train,52,789,easy,5,5,0.1,0.8,0.1541097778623765,default,100,-3.0,14,1,1,0,0,0.0017225000046892092,
gamma_0.8_789_e4f06b93,gamma_0.8,train,53,789,easy,5,5,0.1,0.8,0.15333922897306462,default,100,-2.0,13,1,1,0,0,0.0015647999971406534,
gamma_0.8_789_e4f06b93,gamma_0.8,train,54,789,easy,5,5,0.1,0.8,0.1525725328281993,default,100,-7.0,18,1,1,0,0,0.00210019999940414,
gamma_0.8_789_e4f06b93,gamma_0.8,train,55,789,easy,5,5,0.1,0.8,0.1518096701640583,default,100,2.0,9,1,1,0,0,0.0012056999985361472,
gamma_0.8_789_e4f06b93,gamma_0.8,train,56,789,easy,5,5,0.1,0.8,0.151050621813238,default,100,2.0,9,1,1,0,0,0.001178899998194538,
gamma_0.8_789_e4f06b93,gamma_0.8,train,57,789,easy,5,5,0.1,0.8,0.15029536870417182,default,100,-3.0,14,1,1,0,0,0.0017671000096015632,
gamma_0.8_789_e4f06b93,gamma_0.8,train,58,789,easy,5,5,0.1,0.8,0.14954389186065095,default,100,-1.0,12,1,1,0,0,0.0014855999907013029,
gamma_0.8_789_e4f06b93,gamma_0.8,train,59,789,easy,5,5,0.1,0.8,0.1487961724013477,default,100,3.0,8,1,1,0,0,0.0010042000067187473,
gamma_0.8_789_e4f06b93,gamma_0.8,train,60,789,easy,5,5,0.1,0.8,0.14805219153934096,default,100,-4.0,15,1,1,0,0,0.0018749000009847805,
gamma_0.8_789_e4f06b93,gamma_0.8,train,61,789,easy,5,5,0.1,0.8,0.14731193058164427,default,100,3.0,8,1,1,0,0,0.0010859000030905008,
gamma_0.8_789_e4f06b93,gamma_0.8,train,62,789,easy,5,5,0.1,0.8,0.14657537092873604,default,100,-8.0,19,1,1,0,0,0.002224199997726828,
gamma_0.8_789_e4f06b93,gamma_0.8,train,63,789,easy,5,5,0.1,0.8,0.14584249407409236,default,100,2.0,9,1,1,0,0,0.0011900999961653724,
gamma_0.8_789_e4f06b93,gamma_0.8,train,64,789,easy,5,5,0.1,0.8,0.1451132816037219,default,100,3.0,8,1,1,0,0,0.0010494000016478822,
gamma_0.8_789_e4f06b93,gamma_0.8,train,65,789,easy,5,5,0.1,0.8,0.1443877151957033,default,100,1.0,10,1,1,0,0,0.0012573999993037432,
gamma_0.8_789_e4f06b93,gamma_0.8,train,66,789,easy,5,5,0.1,0.8,0.14366577661972477,default,100,0.0,11,1,1,0,0,0.0013212999911047518,
gamma_0.8_789_e4f06b93,gamma_0.8,train,67,789,easy,5,5,0.1,0.8,0.14294744773662615,default,100,0.0,11,1,1,0,0,0.0013355000119190663,
gamma_0.8_789_e4f06b93,gamma_0.8,train,68,789,easy,5,5,0.1,0.8,0.14223271049794303,default,100,-4.0,15,1,1,0,0,0.0018779999954858795,
gamma_0.8_789_e4f06b93,gamma_0.8,train,69,789,easy,5,5,0.1,0.8,0.14152154694545332,default,100,3.0,8,1,1,0,0,0.0010941999935312197,
gamma_0.8_789_e4f06b93,gamma_0.8,train,70,789,easy,5,5,0.1,0.8,0.14081393921072605,default,100,-3.0,14,1,1,0,0,0.0017851999873528257,
gamma_0.8_789_e4f06b93,gamma_0.8,train,71,789,easy,5,5,0.1,0.8,0.1401098695146724,default,100,2.0,9,1,1,0,0,0.0011356000031810254,
gamma_0.8_789_e4f06b93,gamma_0.8,train,72,789,easy,5,5,0.1,0.8,0.13940932016709906,default,100,2.0,9,1,1,0,0,0.0011949000036111102,
gamma_0.8_789_e4f06b93,gamma_0.8,train,73,789,easy,5,5,0.1,0.8,0.13871227356626356,default,100,-1.0,12,1,1,0,0,0.001425599999492988,
gamma_0.8_789_e4f06b93,gamma_0.8,train,74,789,easy,5,5,0.1,0.8,0.13801871219843223,default,100,3.0,8,1,1,0,0,0.0010776999988593161,
gamma_0.8_789_e4f06b93,gamma_0.8,train,75,789,easy,5,5,0.1,0.8,0.13732861863744006,default,100,-4.0,15,1,1,0,0,0.0018018999980995432,
gamma_0.8_789_e4f06b93,gamma_0.8,train,76,789,easy,5,5,0.1,0.8,0.13664197554425286,default,100,-14.0,5,0,1,0,1,0.0006646999972872436,
gamma_0.8_789_e4f06b93,gamma_0.8,train,77,789,easy,5,5,0.1,0.8,0.1359587656665316,default,100,2.0,9,1,1,0,0,0.0012096999998902902,
gamma_0.8_789_e4f06b93,gamma_0.8,train,78,789,easy,5,5,0.1,0.8,0.13527897183819892,default,100,-2.0,13,1,1,0,0,0.0016657999949529767,
gamma_0.8_789_e4f06b93,gamma_0.8,train,79,789,easy,5,5,0.1,0.8,0.13460257697900793,default,100,3.0,8,1,1,0,0,0.001073099992936477,
gamma_0.8_789_e4f06b93,gamma_0.8,train,80,789,easy,5,5,0.1,0.8,0.13392956409411289,default,100,2.0,9,1,1,0,0,0.0011501999979373068,
gamma_0.8_789_e4f06b93,gamma_0.8,train,81,789,easy,5,5,0.1,0.8,0.1332599162736423,default,100,-2.0,13,1,1,0,0,0.0016106999973999336,
gamma_0.8_789_e4f06b93,gamma_0.8,train,82,789,easy,5,5,0.1,0.8,0.1325936166922741,default,100,2.0,9,1,1,0,0,0.0011396000045351684,
gamma_0.8_789_e4f06b93,gamma_0.8,train,83,789,easy,5,5,0.1,0.8,0.13193064860881273,default,100,3.0,8,1,1,0,0,0.001076799992006272,
gamma_0.8_789_e4f06b93,gamma_0.8,train,84,789,easy,5,5,0.1,0.8,0.13127099536576867,default,100,2.0,9,1,1,0,0,0.0011309999972581863,
gamma_0.8_789_e4f06b93,gamma_0.8,train,85,789,easy,5,5,0.1,0.8,0.13061464038893983,default,100,2.0,9,1,1,0,0,0.0011458000080892816,
gamma_0.8_789_e4f06b93,gamma_0.8,train,86,789,easy,5,5,0.1,0.8,0.12996156718699514,default,100,-19.0,10,0,1,0,1,0.0011531000054674223,
gamma_0.8_789_e4f06b93,gamma_0.8,train,87,789,easy,5,5,0.1,0.8,0.12931175935106015,default,100,0.0,11,1,1,0,0,0.0013761000009253621,
gamma_0.8_789_e4f06b93,gamma_0.8,train,88,789,easy,5,5,0.1,0.8,0.12866520055430486,default,100,3.0,8,1,1,0,0,0.0010711999930208549,
gamma_0.8_789_e4f06b93,gamma_0.8,train,89,789,easy,5,5,0.1,0.8,0.12802187455153333,default,100,3.0,8,1,1,0,0,0.0010349999938625842,
gamma_0.8_789_e4f06b93,gamma_0.8,train,90,789,easy,5,5,0.1,0.8,0.12738176517877567,default,100,-16.0,7,0,1,0,1,0.0008718000026419759,
gamma_0.8_789_e4f06b93,gamma_0.8,train,91,789,easy,5,5,0.1,0.8,0.1267448563528818,default,100,1.0,10,1,1,0,0,0.0011980999988736585,
gamma_0.8_789_e4f06b93,gamma_0.8,train,92,789,easy,5,5,0.1,0.8,0.12611113207111738,default,100,-2.0,13,1,1,0,0,0.0015705000114394352,
gamma_0.8_789_e4f06b93,gamma_0.8,train,93,789,easy,5,5,0.1,0.8,0.1254805764107618,default,100,1.0,10,1,1,0,0,0.0012735999916912988,
gamma_0.8_789_e4f06b93,gamma_0.8,train,94,789,easy,5,5,0.1,0.8,0.12485317352870799,default,100,3.0,8,1,1,0,0,0.001026300000376068,
gamma_0.8_789_e4f06b93,gamma_0.8,train,95,789,easy,5,5,0.1,0.8,0.12422890766106445,default,100,2.0,9,1,1,0,0,0.0011472999904071912,
gamma_0.8_789_e4f06b93,gamma_0.8,train,96,789,easy,5,5,0.1,0.8,0.12360776312275913,default,100,0.0,11,1,1,0,0,0.0013175000058254227,
gamma_0.8_789_e4f06b93,gamma_0.8,train,97,789,easy,5,5,0.1,0.8,0.12298972430714533,default,100,-20.0,11,0,1,0,1,0.0013108999992255121,
gamma_0.8_789_e4f06b93,gamma_0.8,train,98,789,easy,5,5,0.1,0.8,0.1223747756856096,default,100,1.0,10,1,1,0,0,0.0012464000028558075,
gamma_0.8_789_e4f06b93,gamma_0.8,train,99,789,easy,5,5,0.1,0.8,0.12176290180718155,default,100,3.0,8,1,1,0,0,0.0010642999986885116,
gamma_0.8_789_e4f06b93,gamma_0.8,train,100,789,easy,5,5,0.1,0.8,0.12115408729814564,default,100,1.0,10,1,1,0,0,0.0012217000039527193,
gamma_0.8_789_e4f06b93,gamma_0.8,train,101,789,easy,5,5,0.1,0.8,0.12054831686165492,default,100,3.0,8,1,1,0,0,0.0009945000056177378,
gamma_0.8_789_e4f06b93,gamma_0.8,train,102,789,easy,5,5,0.1,0.8,0.11994557527734664,default,100,1.0,10,1,1,0,0,0.0012183000071672723,
gamma_0.8_789_e4f06b93,gamma_0.8,train,103,789,easy,5,5,0.1,0.8,0.11934584740095991,default,100,2.0,9,1,1,0,0,0.00112599998828955,
gamma_0.8_789_e4f06b93,gamma_0.8,train,104,789,easy,5,5,0.1,0.8,0.11874911816395511,default,100,1.0,10,1,1,0,0,0.0012115999998059124,
gamma_0.8_789_e4f06b93,gamma_0.8,train,105,789,easy,5,5,0.1,0.8,0.11815537257313534,default,100,3.0,8,1,1,0,0,0.00106969999615103,
gamma_0.8_789_e4f06b93,gamma_0.8,train,106,789,easy,5,5,0.1,0.8,0.11756459571026966,default,100,-1.0,12,1,1,0,0,0.0014559999981429428,
gamma_0.8_789_e4f06b93,gamma_0.8,train,107,789,easy,5,5,0.1,0.8,0.1169767727317183,default,100,3.0,8,1,1,0,0,0.0010705000022426248,
gamma_0.8_789_e4f06b93,gamma_0.8,train,108,789,easy,5,5,0.1,0.8,0.1163918888680597,default,100,3.0,8,1,1,0,0,0.0010615999926812947,
gamma_0.8_789_e4f06b93,gamma_0.8,train,109,789,easy,5,5,0.1,0.8,0.11580992942371941,default,100,2.0,9,1,1,0,0,0.001140100008342415,
gamma_0.8_789_e4f06b93,gamma_0.8,train,110,789,easy,5,5,0.1,0.8,0.11523087977660082,default,100,3.0,8,1,1,0,0,0.0010058000043500215,
gamma_0.8_789_e4f06b93,gamma_0.8,train,111,789,easy,5,5,0.1,0.8,0.11465472537771781,default,100,-17.0,8,0,1,0,1,0.0009772000048542395,
gamma_0.8_789_e4f06b93,gamma_0.8,train,112,789,easy,5,5,0.1,0.8,0.11408145175082922,default,100,3.0,8,1,1,0,0,0.0010485999955562875,
gamma_0.8_789_e4f06b93,gamma_0.8,train,113,789,easy,5,5,0.1,0.8,0.11351104449207507,default,100,3.0,8,1,1,0,0,0.001072400002158247,
gamma_0.8_789_e4f06b93,gamma_0.8,train,114,789,easy,5,5,0.1,0.8,0.11294348926961469,default,100,3.0,8,1,1,0,0,0.0009591999987605959,
gamma_0.8_789_e4f06b93,gamma_0.8,train,115,789,easy,5,5,0.1,0.8,0.11237877182326661,default,100,3.0,8,1,1,0,0,0.0010525999969104305,
gamma_0.8_789_e4f06b93,gamma_0.8,train,116,789,easy,5,5,0.1,0.8,0.11181687796415028,default,100,1.0,10,1,1,0,0,0.0012468000059016049,
gamma_0.8_789_e4f06b93,gamma_0.8,train,117,789,easy,5,5,0.1,0.8,0.11125779357432954,default,100,3.0,8,1,1,0,0,0.001072799990652129,
gamma_0.8_789_e4f06b93,gamma_0.8,train,118,789,easy,5,5,0.1,0.8,0.11070150460645789,default,100,1.0,10,1,1,0,0,0.0012559999886434525,
gamma_0.8_789_e4f06b93,gamma_0.8,train,119,789,easy,5,5,0.1,0.8,0.1101479970834256,default,100,3.0,8,1,1,0,0,0.00112749999971129,
gamma_0.8_789_e4f06b93,gamma_0.8,train,120,789,easy,5,5,0.1,0.8,0.10959725709800847,default,100,1.0,10,1,1,0,0,0.001267799991182983,
gamma_0.8_789_e4f06b93,gamma_0.8,train,121,789,easy,5,5,0.1,0.8,0.10904927081251842,default,100,1.0,10,1,1,0,0,0.0011966999882133678,
gamma_0.8_789_e4f06b93,gamma_0.8,train,122,789,easy,5,5,0.1,0.8,0.10850402445845582,default,100,0.0,11,1,1,0,0,0.0013215999933890998,
gamma_0.8_789_e4f06b93,gamma_0.8,train,123,789,easy,5,5,0.1,0.8,0.10796150433616354,default,100,0.0,11,1,1,0,0,0.0013842000043950975,
gamma_0.8_789_e4f06b93,gamma_0.8,train,124,789,easy,5,5,0.1,0.8,0.10742169681448273,default,100,3.0,8,1,1,0,0,0.0010746000043582171,
gamma_0.8_789_e4f06b93,gamma_0.8,train,125,789,easy,5,5,0.1,0.8,0.10688458833041031,default,100,-1.0,12,1,1,0,0,0.0014014999906066805,
gamma_0.8_789_e4f06b93,gamma_0.8,train,126,789,easy,5,5,0.1,0.8,0.10635016538875826,default,100,3.0,8,1,1,0,0,0.0010221000120509416,
gamma_0.8_789_e4f06b93,gamma_0.8,train,127,789,easy,5,5,0.1,0.8,0.10581841456181447,default,100,2.0,9,1,1,0,0,0.0010479999909875914,
gamma_0.8_789_e4f06b93,gamma_0.8,train,128,789,easy,5,5,0.1,0.8,0.1052893224890054,default,100,3.0,8,1,1,0,0,0.001078899993444793,
gamma_0.8_789_e4f06b93,gamma_0.8,train,129,789,easy,5,5,0.1,0.8,0.10476287587656037,default,100,1.0,10,1,1,0,0,0.0011977999965893105,
gamma_0.8_789_e4f06b93,gamma_0.8,train,130,789,easy,5,5,0.1,0.8,0.10423906149717757,default,100,3.0,8,1,1,0,0,0.001069999998435378,
gamma_0.8_789_e4f06b93,gamma_0.8,train,131,789,easy,5,5,0.1,0.8,0.10371786618969168,default,100,3.0,8,1,1,0,0,0.0010496000031707808,
gamma_0.8_789_e4f06b93,gamma_0.8,train,132,789,easy,5,5,0.1,0.8,0.10319927685874322,default,100,-4.0,15,1,1,0,0,0.001607400001375936,
gamma_0.8_789_e4f06b93,gamma_0.8,train,133,789,easy,5,5,0.1,0.8,0.10268328047444951,default,100,3.0,8,1,1,0,0,0.0010670000046957284,
gamma_0.8_789_e4f06b93,gamma_0.8,train,134,789,easy,5,5,0.1,0.8,0.10216986407207726,default,100,3.0,8,1,1,0,0,0.0010069999989354983,
gamma_0.8_789_e4f06b93,gamma_0.8,train,135,789,easy,5,5,0.1,0.8,0.10165901475171688,default,100,0.0,11,1,1,0,0,0.00134529999922961,
gamma_0.8_789_e4f06b93,gamma_0.8,train,136,789,easy,5,5,0.1,0.8,0.10115071967795829,default,100,-14.0,5,0,1,0,1,0.0006780999974580482,
gamma_0.8_789_e4f06b93,gamma_0.8,train,137,789,easy,5,5,0.1,0.8,0.10064496607956849,default,100,3.0,8,1,1,0,0,0.0010824000055436045,
gamma_0.8_789_e4f06b93,gamma_0.8,train,138,789,easy,5,5,0.1,0.8,0.10014174124917065,default,100,1.0,10,1,1,0,0,0.0012028000055579469,
gamma_0.8_789_e4f06b93,gamma_0.8,train,139,789,easy,5,5,0.1,0.8,0.09964103254292479,default,100,3.0,8,1,1,0,0,0.0010651000047801062,
gamma_0.8_789_e4f06b93,gamma_0.8,train,140,789,easy,5,5,0.1,0.8,0.09914282738021017,default,100,3.0,8,1,1,0,0,0.0010747000051196665,
gamma_0.8_789_e4f06b93,gamma_0.8,train,141,789,easy,5,5,0.1,0.8,0.09864711324330912,default,100,1.0,10,1,1,0,0,0.0012967999937245622,
gamma_0.8_789_e4f06b93,gamma_0.8,train,142,789,easy,5,5,0.1,0.8,0.09815387767709258,default,100,3.0,8,1,1,0,0,0.0010845000069821253,
gamma_0.8_789_e4f06b93,gamma_0.8,train,143,789,easy,5,5,0.1,0.8,0.09766310828870711,default,100,2.0,9,1,1,0,0,0.0011320999910822138,
gamma_0.8_789_e4f06b93,gamma_0.8,train,144,789,easy,5,5,0.1,0.8,0.09717479274726358,default,100,3.0,8,1,1,0,0,0.001080400004866533,
gamma_0.8_789_e4f06b93,gamma_0.8,train,145,789,easy,5,5,0.1,0.8,0.09668891878352726,default,100,3.0,8,1,1,0,0,0.00106160000723321,
gamma_0.8_789_e4f06b93,gamma_0.8,train,146,789,easy,5,5,0.1,0.8,0.09620547418960962,default,100,0.0,11,1,1,0,0,0.0013389999949140474,
gamma_0.8_789_e4f06b93,gamma_0.8,train,147,789,easy,5,5,0.1,0.8,0.09572444681866157,default,100,1.0,10,1,1,0,0,0.0012751000031130388,
gamma_0.8_789_e4f06b93,gamma_0.8,train,148,789,easy,5,5,0.1,0.8,0.09524582458456826,default,100,0.0,11,1,1,0,0,0.0013158999936422333,
gamma_0.8_789_e4f06b93,gamma_0.8,train,149,789,easy,5,5,0.1,0.8,0.09476959546164541,default,100,3.0,8,1,1,0,0,0.0010670000046957284,
gamma_0.8_789_e4f06b93,gamma_0.8,train,150,789,easy,5,5,0.1,0.8,0.09429574748433718,default,100,2.0,9,1,1,0,0,0.0011331999994581565,
gamma_0.8_789_e4f06b93,gamma_0.8,train,151,789,easy,5,5,0.1,0.8,0.09382426874691549,default,100,3.0,8,1,1,0,0,0.0010760999866761267,
gamma_0.8_789_e4f06b93,gamma_0.8,train,152,789,easy,5,5,0.1,0.8,0.09335514740318092,default,100,3.0,8,1,1,0,0,0.0010601999965729192,
gamma_0.8_789_e4f06b93,gamma_0.8,train,153,789,easy,5,5,0.1,0.8,0.09288837166616501,default,100,1.0,10,1,1,0,0,0.0012677000049734488,
gamma_0.8_789_e4f06b93,gamma_0.8,train,154,789,easy,5,5,0.1,0.8,0.09242392980783419,default,100,1.0,10,1,1,0,0,0.001247799998964183,
gamma_0.8_789_e4f06b93,gamma_0.8,train,155,789,easy,5,5,0.1,0.8,0.09196181015879502,default,100,3.0,8,1,1,0,0,0.0010634999925969169,
gamma_0.8_789_e4f06b93,gamma_0.8,train,156,789,easy,5,5,0.1,0.8,0.09150200110800105,default,100,3.0,8,1,1,0,0,0.0010708999907365069,
gamma_0.8_789_e4f06b93,gamma_0.8,train,157,789,easy,5,5,0.1,0.8,0.09104449110246104,default,100,3.0,8,1,1,0,0,0.0010738999990280718,
gamma_0.8_789_e4f06b93,gamma_0.8,train,158,789,easy,5,5,0.1,0.8,0.09058926864694875,default,100,1.0,10,1,1,0,0,0.001261299999896437,
gamma_0.8_789_e4f06b93,gamma_0.8,train,159,789,easy,5,5,0.1,0.8,0.090136322303714,default,100,3.0,8,1,1,0,0,0.001059800008079037,
gamma_0.8_789_e4f06b93,gamma_0.8,train,160,789,easy,5,5,0.1,0.8,0.08968564069219544,default,100,3.0,8,1,1,0,0,0.0010755999974207953,
gamma_0.8_789_e4f06b93,gamma_0.8,train,161,789,easy,5,5,0.1,0.8,0.08923721248873447,default,100,3.0,8,1,1,0,0,0.001113099991925992,
gamma_0.8_789_e4f06b93,gamma_0.8,train,162,789,easy,5,5,0.1,0.8,0.08879102642629079,default,100,1.0,10,1,1,0,0,0.001258500007679686,
gamma_0.8_789_e4f06b93,gamma_0.8,train,163,789,easy,5,5,0.1,0.8,0.08834707129415934,default,100,3.0,8,1,1,0,0,0.0010610000026645139,
gamma_0.8_789_e4f06b93,gamma_0.8,train,164,789,easy,5,5,0.1,0.8,0.08790533593768854,default,100,-1.0,12,1,1,0,0,0.0014368000120157376,
gamma_0.8_789_e4f06b93,gamma_0.8,train,165,789,easy,5,5,0.1,0.8,0.0874658092580001,default,100,3.0,8,1,1,0,0,0.001077399996574968,
gamma_0.8_789_e4f06b93,gamma_0.8,train,166,789,easy,5,5,0.1,0.8,0.0870284802117101,default,100,3.0,8,1,1,0,0,0.0010731000074883923,
gamma_0.8_789_e4f06b93,gamma_0.8,train,167,789,easy,5,5,0.1,0.8,0.08659333781065155,default,100,3.0,8,1,1,0,0,0.001069999998435378,
gamma_0.8_789_e4f06b93,gamma_0.8,train,168,789,easy,5,5,0.1,0.8,0.0861603711215983,default,100,3.0,8,1,1,0,0,0.0010876000014832243,
gamma_0.8_789_e4f06b93,gamma_0.8,train,169,789,easy,5,5,0.1,0.8,0.0857295692659903,default,100,1.0,10,1,1,0,0,0.001241600009961985,
gamma_0.8_789_e4f06b93,gamma_0.8,train,170,789,easy,5,5,0.1,0.8,0.08530092141966035,default,100,3.0,8,1,1,0,0,0.001025399993523024,
gamma_0.8_789_e4f06b93,gamma_0.8,train,171,789,easy,5,5,0.1,0.8,0.08487441681256205,default,100,3.0,8,1,1,0,0,0.0010855000000447035,
gamma_0.8_789_e4f06b93,gamma_0.8,train,172,789,easy,5,5,0.1,0.8,0.08445004472849925,default,100,3.0,8,1,1,0,0,0.0010477999894646928,
gamma_0.8_789_e4f06b93,gamma_0.8,train,173,789,easy,5,5,0.1,0.8,0.08402779450485676,default,100,3.0,8,1,1,0,0,0.0010519999923417345,
gamma_0.8_789_e4f06b93,gamma_0.8,train,174,789,easy,5,5,0.1,0.8,0.08360765553233247,default,100,-15.0,6,0,1,0,1,0.0007503999950131401,
gamma_0.8_789_e4f06b93,gamma_0.8,train,175,789,easy,5,5,0.1,0.8,0.0831896172546708,default,100,2.0,9,1,1,0,0,0.0011335000017425045,
gamma_0.8_789_e4f06b93,gamma_0.8,train,176,789,easy,5,5,0.1,0.8,0.08277366916839746,default,100,0.0,11,1,1,0,0,0.0013236000086180866,
gamma_0.8_789_e4f06b93,gamma_0.8,train,177,789,easy,5,5,0.1,0.8,0.08235980082255547,default,100,1.0,10,1,1,0,0,0.0012722999963443726,
gamma_0.8_789_e4f06b93,gamma_0.8,train,178,789,easy,5,5,0.1,0.8,0.08194800181844268,default,100,2.0,9,1,1,0,0,0.001149300005636178,
gamma_0.8_789_e4f06b93,gamma_0.8,train,179,789,easy,5,5,0.1,0.8,0.08153826180935046,default,100,3.0,8,1,1,0,0,0.001029699997161515,
gamma_0.8_789_e4f06b93,gamma_0.8,train,180,789,easy,5,5,0.1,0.8,0.08113057050030371,default,100,3.0,8,1,1,0,0,0.0010678000107873231,
gamma_0.8_789_e4f06b93,gamma_0.8,train,181,789,easy,5,5,0.1,0.8,0.0807249176478022,default,100,2.0,9,1,1,0,0,0.0013564000109909102,
gamma_0.8_789_e4f06b93,gamma_0.8,train,182,789,easy,5,5,0.1,0.8,0.08032129305956318,default,100,3.0,8,1,1,0,0,0.0011261000036029145,
gamma_0.8_789_e4f06b93,gamma_0.8,train,183,789,easy,5,5,0.1,0.8,0.07991968659426536,default,100,3.0,8,1,1,0,0,0.001061399991158396,
gamma_0.8_789_e4f06b93,gamma_0.8,train,184,789,easy,5,5,0.1,0.8,0.07952008816129404,default,100,3.0,8,1,1,0,0,0.0010681999992812052,
gamma_0.8_789_e4f06b93,gamma_0.8,train,185,789,easy,5,5,0.1,0.8,0.07912248772048756,default,100,1.0,10,1,1,0,0,0.0012446999899111688,
gamma_0.8_789_e4f06b93,gamma_0.8,train,186,789,easy,5,5,0.1,0.8,0.07872687528188513,default,100,3.0,8,1,1,0,0,0.001064700001734309,
gamma_0.8_789_e4f06b93,gamma_0.8,train,187,789,easy,5,5,0.1,0.8,0.0783332409054757,default,100,3.0,8,1,1,0,0,0.0010486999963177368,
gamma_0.8_789_e4f06b93,gamma_0.8,train,188,789,easy,5,5,0.1,0.8,0.07794157470094833,default,100,1.0,10,1,1,0,0,0.0012046000047121197,
gamma_0.8_789_e4f06b93,gamma_0.8,train,189,789,easy,5,5,0.1,0.8,0.07755186682744358,default,100,3.0,8,1,1,0,0,0.001073999999789521,
gamma_0.8_789_e4f06b93,gamma_0.8,train,190,789,easy,5,5,0.1,0.8,0.07716410749330636,default,100,3.0,8,1,1,0,0,0.0010655000078259036,
gamma_0.8_789_e4f06b93,gamma_0.8,train,191,789,easy,5,5,0.1,0.8,0.07677828695583983,default,100,3.0,8,1,1,0,0,0.0010615999926812947,
gamma_0.8_789_e4f06b93,gamma_0.8,train,192,789,easy,5,5,0.1,0.8,0.07639439552106063,default,100,-14.0,5,0,1,0,1,0.0006970000104047358,
gamma_0.8_789_e4f06b93,gamma_0.8,train,193,789,easy,5,5,0.1,0.8,0.07601242354345533,default,100,3.0,8,1,1,0,0,0.0010627999872667715,
gamma_0.8_789_e4f06b93,gamma_0.8,train,194,789,easy,5,5,0.1,0.8,0.07563236142573805,default,100,3.0,8,1,1,0,0,0.0010615000064717606,
gamma_0.8_789_e4f06b93,gamma_0.8,train,195,789,easy,5,5,0.1,0.8,0.07525419961860937,default,100,3.0,8,1,1,0,0,0.0010420000035082921,
gamma_0.8_789_e4f06b93,gamma_0.8,train,196,789,easy,5,5,0.1,0.8,0.07487792862051632,default,100,3.0,8,1,1,0,0,0.0010541999945417047,
gamma_0.8_789_e4f06b93,gamma_0.8,train,197,789,easy,5,5,0.1,0.8,0.07450353897741373,default,100,3.0,8,1,1,0,0,0.0010542000090936199,
gamma_0.8_789_e4f06b93,gamma_0.8,train,198,789,easy,5,5,0.1,0.8,0.07413102128252666,default,100,3.0,8,1,1,0,0,0.0010658999963197857,
gamma_0.8_789_e4f06b93,gamma_0.8,train,199,789,easy,5,5,0.1,0.8,0.07376036617611402,default,100,3.0,8,1,1,0,0,0.0010393999982625246,
gamma_0.8_789_e4f06b93,gamma_0.8,train,200,789,easy,5,5,0.1,0.8,0.07339156434523345,default,100,1.0,10,1,1,0,0,0.0012442000006558374,results\gamma_comparison\gamma_0.8\seed_789\qtable_ep200.npz
gamma_0.8_789_e4f06b93,gamma_0.8,train,201,789,easy,5,5,0.1,0.8,0.07302460652350727,default,100,2.0,9,1,1,0,0,0.001200400001835078,
gamma_0.8_789_e4f06b93,gamma_0.8,train,202,789,easy,5,5,0.1,0.8,0.07265948349088973,default,100,3.0,8,1,1,0,0,0.0010389999952167273,
gamma_0.8_789_e4f06b93,gamma_0.8,train,203,789,easy,5,5,0.1,0.8,0.07229618607343528,default,100,3.0,8,1,1,0,0,0.0010833999986061826,
gamma_0.8_789_e4f06b93,gamma_0.8,train,204,789,easy,5,5,0.1,0.8,0.0719347051430681,default,100,1.0,10,1,1,0,0,0.0012553000124171376,
gamma_0.8_789_e4f06b93,gamma_0.8,train,205,789,easy,5,5,0.1,0.8,0.07157503161735276,default,100,3.0,8,1,1,0,0,0.0010605999996187165,
gamma_0.8_789_e4f06b93,gamma_0.8,train,206,789,easy,5,5,0.1,0.8,0.071217156459266,default,100,3.0,8,1,1,0,0,0.0010978999926010147,
gamma_0.8_789_e4f06b93,gamma_0.8,train,207,789,easy,5,5,0.1,0.8,0.07086107067696967,default,100,3.0,8,1,1,0,0,0.0010242999996989965,
gamma_0.8_789_e4f06b93,gamma_0.8,train,208,789,easy,5,5,0.1,0.8,0.07050676532358482,default,100,3.0,8,1,1,0,0,0.0010887999960687011,
gamma_0.8_789_e4f06b93,gamma_0.8,train,209,789,easy,5,5,0.1,0.8,0.0701542314969669,default,100,3.0,8,1,1,0,0,0.001054599997587502,
gamma_0.8_789_e4f06b93,gamma_0.8,train,210,789,easy,5,5,0.1,0.8,0.06980346033948207,default,100,2.0,9,1,1,0,0,0.0010984000109601766,
gamma_0.8_789_e4f06b93,gamma_0.8,train,211,789,easy,5,5,0.1,0.8,0.06945444303778466,default,100,2.0,9,1,1,0,0,0.0011266999936196953,
gamma_0.8_789_e4f06b93,gamma_0.8,train,212,789,easy,5,5,0.1,0.8,0.06910717082259574,default,100,3.0,8,1,1,0,0,0.0010700999991968274,
gamma_0.8_789_e4f06b93,gamma_0.8,train,213,789,easy,5,5,0.1,0.8,0.06876163496848275,default,100,3.0,8,1,1,0,0,0.0010473000002093613,
gamma_0.8_789_e4f06b93,gamma_0.8,train,214,789,easy,5,5,0.1,0.8,0.06841782679364034,default,100,3.0,8,1,1,0,0,0.0010325000039301813,
gamma_0.8_789_e4f06b93,gamma_0.8,train,215,789,easy,5,5,0.1,0.8,0.06807573765967213,default,100,3.0,8,1,1,0,0,0.0010469999979250133,
gamma_0.8_789_e4f06b93,gamma_0.8,train,216,789,easy,5,5,0.1,0.8,0.06773535897137377,default,100,3.0,8,1,1,0,0,0.0010754000104498118,
gamma_0.8_789_e4f06b93,gamma_0.8,train,217,789,easy,5,5,0.1,0.8,0.0673966821765169,default,100,3.0,8,1,1,0,0,0.0010946999973384663,
gamma_0.8_789_e4f06b93,gamma_0.8,train,218,789,easy,5,5,0.1,0.8,0.0670596987656343,default,100,3.0,8,1,1,0,0,0.0010641999979270622,
gamma_0.8_789_e4f06b93,gamma_0.8,train,219,789,easy,5,5,0.1,0.8,0.06672440027180614,default,100,2.0,9,1,1,0,0,0.0011017999931937084,
gamma_0.8_789_e4f06b93,gamma_0.8,train,220,789,easy,5,5,0.1,0.8,0.0663907782704471,default,100,3.0,8,1,1,0,0,0.001048700010869652,
gamma_0.8_789_e4f06b93,gamma_0.8,train,221,789,easy,5,5,0.1,0.8,0.06605882437909487,default,100,0.0,11,1,1,0,0,0.001363799994578585,
gamma_0.8_789_e4f06b93,gamma_0.8,train,222,789,easy,5,5,0.1,0.8,0.0657285302571994,default,100,2.0,9,1,1,0,0,0.0011663999903248623,
gamma_0.8_789_e4f06b93,gamma_0.8,train,223,789,easy,5,5,0.1,0.8,0.06539988760591339,default,100,1.0,10,1,1,0,0,0.001225900006829761,
gamma_0.8_789_e4f06b93,gamma_0.8,train,224,789,easy,5,5,0.1,0.8,0.06507288816788383,default,100,1.0,10,1,1,0,0,0.0012196000025141984,
gamma_0.8_789_e4f06b93,gamma_0.8,train,225,789,easy,5,5,0.1,0.8,0.06474752372704441,default,100,3.0,8,1,1,0,0,0.0010566999990260229,
gamma_0.8_789_e4f06b93,gamma_0.8,train,226,789,easy,5,5,0.1,0.8,0.0644237861084092,default,100,3.0,8,1,1,0,0,0.0010851999977603555,
gamma_0.8_789_e4f06b93,gamma_0.8,train,227,789,easy,5,5,0.1,0.8,0.06410166717786715,default,100,3.0,8,1,1,0,0,0.0010301000002073124,
gamma_0.8_789_e4f06b93,gamma_0.8,train,228,789,easy,5,5,0.1,0.8,0.06378115884197781,default,100,3.0,8,1,1,0,0,0.0010763000027509406,
gamma_0.8_789_e4f06b93,gamma_0.8,train,229,789,easy,5,5,0.1,0.8,0.06346225304776792,default,100,3.0,8,1,1,0,0,0.0010567999997874722,
gamma_0.8_789_e4f06b93,gamma_0.8,train,230,789,easy,5,5,0.1,0.8,0.06314494178252908,default,100,3.0,8,1,1,0,0,0.0010646000009728596,
gamma_0.8_789_e4f06b93,gamma_0.8,train,231,789,easy,5,5,0.1,0.8,0.06282921707361644,default,100,3.0,8,1,1,0,0,0.0010529000137466937,
gamma_0.8_789_e4f06b93,gamma_0.8,train,232,789,easy,5,5,0.1,0.8,0.06251507098824835,default,100,3.0,8,1,1,0,0,0.0010285000025760382,
gamma_0.8_789_e4f06b93,gamma_0.8,train,233,789,easy,5,5,0.1,0.8,0.062202495633307105,default,100,3.0,8,1,1,0,0,0.0010560999944573268,
gamma_0.8_789_e4f06b93,gamma_0.8,train,234,789,easy,5,5,0.1,0.8,0.06189148315514057,default,100,3.0,8,1,1,0,0,0.0010667000024113804,
gamma_0.8_789_e4f06b93,gamma_0.8,train,235,789,easy,5,5,0.1,0.8,0.061582025739364867,default,100,3.0,8,1,1,0,0,0.0011305000080028549,
gamma_0.8_789_e4f06b93,gamma_0.8,train,236,789,easy,5,5,0.1,0.8,0.06127411561066804,default,100,3.0,8,1,1,0,0,0.0010958999919239432,
gamma_0.8_789_e4f06b93,gamma_0.8,train,237,789,easy,5,5,0.1,0.8,0.0609677450326147,default,100,3.0,8,1,1,0,0,0.0010455000010551885,
gamma_0.8_789_e4f06b93,gamma_0.8,train,238,789,easy,5,5,0.1,0.8,0.06066290630745162,default,100,0.0,11,1,1,0,0,0.0013275999954203144,
gamma_0.8_789_e4f06b93,gamma_0.8,train,239,789,easy,5,5,0.1,0.8,0.060359591775914365,default,100,3.0,8,1,1,0,0,0.0010414999997010455,
gamma_0.8_789_e4f06b93,gamma_0.8,train,240,789,easy,5,5,0.1,0.8,0.06005779381703479,default,100,3.0,8,1,1,0,0,0.0010631000041030347,
gamma_0.8_789_e4f06b93,gamma_0.8,train,241,789,easy,5,5,0.1,0.8,0.059757504847949616,default,100,3.0,8,1,1,0,0,0.0011097999959019944,
gamma_0.8_789_e4f06b93,gamma_0.8,train,242,789,easy,5,5,0.1,0.8,0.059458717323709866,default,100,1.0,10,1,1,0,0,0.0012703999964287505,
gamma_0.8_789_e4f06b93,gamma_0.8,train,243,789,easy,5,5,0.1,0.8,0.059161423737091316,default,100,3.0,8,1,1,0,0,0.0010819000017363578,
gamma_0.8_789_e4f06b93,gamma_0.8,train,244,789,easy,5,5,0.1,0.8,0.05886561661840586,default,100,3.0,8,1,1,0,0,0.001072099999873899,
gamma_0.8_789_e4f06b93,gamma_0.8,train,245,789,easy,5,5,0.1,0.8,0.05857128853531383,default,100,3.0,8,1,1,0,0,0.001061900009517558,
gamma_0.8_789_e4f06b93,gamma_0.8,train,246,789,easy,5,5,0.1,0.8,0.05827843209263726,default,100,3.0,8,1,1,0,0,0.0010675999947125092,
gamma_0.8_789_e4f06b93,gamma_0.8,train,247,789,easy,5,5,0.1,0.8,0.05798703993217407,default,100,3.0,8,1,1,0,0,0.0010689999908208847,
gamma_0.8_789_e4f06b93,gamma_0.8,train,248,789,easy,5,5,0.1,0.8,0.0576971047325132,default,100,3.0,8,1,1,0,0,0.0010667999886209145,
gamma_0.8_789_e4f06b93,gamma_0.8,train,249,789,easy,5,5,0.1,0.8,0.05740861920885063,default,100,3.0,8,1,1,0,0,0.0010505000100238249,
gamma_0.8_789_e4f06b93,gamma_0.8,train,250,789,easy,5,5,0.1,0.8,0.057121576112806376,default,100,3.0,8,1,1,0,0,0.0010728999914135784,
gamma_0.8_789_e4f06b93,gamma_0.8,train,251,789,easy,5,5,0.1,0.8,0.056835968232242344,default,100,3.0,8,1,1,0,0,0.0010498999909032136,
gamma_0.8_789_e4f06b93,gamma_0.8,train,252,789,easy,5,5,0.1,0.8,0.05655178839108113,default,100,-1.0,12,1,1,0,0,0.0014005999983055517,
gamma_0.8_789_e4f06b93,gamma_0.8,train,253,789,easy,5,5,0.1,0.8,0.05626902944912573,default,100,3.0,8,1,1,0,0,0.0011247999937040731,
gamma_0.8_789_e4f06b93,gamma_0.8,train,254,789,easy,5,5,0.1,0.8,0.0559876843018801,default,100,3.0,8,1,1,0,0,0.0010928000119747594,
gamma_0.8_789_e4f06b93,gamma_0.8,train,255,789,easy,5,5,0.1,0.8,0.055707745880370696,default,100,3.0,8,1,1,0,0,0.0010719999991124496,
gamma_0.8_789_e4f06b93,gamma_0.8,train,256,789,easy,5,5,0.1,0.8,0.05542920715096884,default,100,3.0,8,1,1,0,0,0.0010560999944573268,
gamma_0.8_789_e4f06b93,gamma_0.8,train,257,789,easy,5,5,0.1,0.8,0.055152061115214,default,100,3.0,8,1,1,0,0,0.0010942000080831349,
gamma_0.8_789_e4f06b93,gamma_0.8,train,258,789,easy,5,5,0.1,0.8,0.05487630080963793,default,100,3.0,8,1,1,0,0,0.0010547999991104007,
gamma_0.8_789_e4f06b93,gamma_0.8,train,259,789,easy,5,5,0.1,0.8,0.05460191930558974,default,100,3.0,8,1,1,0,0,0.0010708000045269728,
gamma_0.8_789_e4f06b93,gamma_0.8,train,260,789,easy,5,5,0.1,0.8,0.05432890970906179,default,100,3.0,8,1,1,0,0,0.001007899991236627,
gamma_0.8_789_e4f06b93,gamma_0.8,train,261,789,easy,5,5,0.1,0.8,0.05405726516051648,default,100,3.0,8,1,1,0,0,0.001104399998439476,
gamma_0.8_789_e4f06b93,gamma_0.8,train,262,789,easy,5,5,0.1,0.8,0.0537869788347139,default,100,3.0,8,1,1,0,0,0.0010191999899689108,
gamma_0.8_789_e4f06b93,gamma_0.8,train,263,789,easy,5,5,0.1,0.8,0.053518043940540334,default,100,3.0,8,1,1,0,0,0.0010313000093447044,
gamma_0.8_789_e4f06b93,gamma_0.8,train,264,789,easy,5,5,0.1,0.8,0.053250453720837636,default,100,-16.0,7,0,1,0,1,0.0008967999892774969,
gamma_0.8_789_e4f06b93,gamma_0.8,train,265,789,easy,5,5,0.1,0.8,0.05298420145223345,default,100,2.0,9,1,1,0,0,0.001140400010626763,
gamma_0.8_789_e4f06b93,gamma_0.8,train,266,789,easy,5,5,0.1,0.8,0.05271928044497228,default,100,3.0,8,1,1,0,0,0.0010474000009708107,
gamma_0.8_789_e4f06b93,gamma_0.8,train,267,789,easy,5,5,0.1,0.8,0.05245568404274742,default,100,3.0,8,1,1,0,0,0.001073099992936477,
gamma_0.8_789_e4f06b93,gamma_0.8,train,268,789,easy,5,5,0.1,0.8,0.05219340562253368,default,100,1.0,10,1,1,0,0,0.0012344000133452937,
gamma_0.8_789_e4f06b93,gamma_0.8,train,269,789,easy,5,5,0.1,0.8,0.05193243859442102,default,100,3.0,8,1,1,0,0,0.0010789999942062423,
gamma_0.8_789_e4f06b93,gamma_0.8,train,270,789,easy,5,5,0.1,0.8,0.05167277640144891,default,100,-14.0,5,0,1,0,1,0.0006614000012632459,
gamma_0.8_789_e4f06b93,gamma_0.8,train,271,789,easy,5,5,0.1,0.8,0.05141441251944167,default,100,3.0,8,1,1,0,0,0.0010748000058811158,
gamma_0.8_789_e4f06b93,gamma_0.8,train,272,789,easy,5,5,0.1,0.8,0.05115734045684446,default,100,3.0,8,1,1,0,0,0.0011258000013185665,
gamma_0.8_789_e4f06b93,gamma_0.8,train,273,789,easy,5,5,0.1,0.8,0.050901553754560236,default,100,3.0,8,1,1,0,0,0.0010719999991124496,
gamma_0.8_789_e4f06b93,gamma_0.8,train,274,789,easy,5,5,0.1,0.8,0.05064704598578743,default,100,3.0,8,1,1,0,0,0.0009610999986762181,
gamma_0.8_789_e4f06b93,gamma_0.8,train,275,789,easy,5,5,0.1,0.8,0.0503938107558585,default,100,2.0,9,1,1,0,0,0.001146599999628961,
gamma_0.8_789_e4f06b93,gamma_0.8,train,276,789,easy,5,5,0.1,0.8,0.05014184170207921,default,100,3.0,8,1,1,0,0,0.001034000000800006,
gamma_0.8_789_e4f06b93,gamma_0.8,train,277,789,easy,5,5,0.1,0.8,0.05,default,100,3.0,8,1,1,0,0,0.0010665000008884817,
gamma_0.8_789_e4f06b93,gamma_0.8,train,278,789,easy,5,5,0.1,0.8,0.05,default,100,3.0,8,1,1,0,0,0.001069399993866682,
gamma_0.8_789_e4f06b93,gamma_0.8,train,279,789,easy,5,5,0.1,0.8,0.05,default,100,3.0,8,1,1,0,0,0.0010424999927636236,
gamma_0.8_789_e4f06b93,gamma_0.8,train,280,789,easy,5,5,0.1,0.8,0.05,default,100,3.0,8,1,1,0,0,0.001072700004442595,
gamma_0.8_789_e4f06b93,gamma_0.8,train,281,789,easy,5,5,0.1,0.8,0.05,default,100,3.0,8,1,1,0,0,0.0011253999982727692,
gamma_0.8_789_e4f06b93,gamma_0.8,train,282,789,easy,5,5,0.1,0.8,0.05,default,100,1.0,10,1,1,0,0,0.0012775000068359077,
gamma_0.8_789_e4f06b93,gamma_0.8,train,283,789,easy,5,5,0.1,0.8,0.05,default,100,3.0,8,1,1,0,0,0.0010817000002134591,
gamma_0.8_789_e4f06b93,gamma_0.8,train,284,789,easy,5,5,0.1,0.8,0.05,default,100,3.0,8,1,1,0,0,0.0010553000029176474,
gamma_0.8_789_e4f06b93,gamma_0.8,train,285,789,easy,5,5,0.1,0.8,0.05,default,100,3.0,8,1,1,0,0,0.001032400003168732,
gamma_0.8_789_e4f06b93,gamma_0.8,train,286,789,easy,5,5,0.1,0.8,0.05,default,100,3.0,8,1,1,0,0,0.001047800004016608,
gamma_0.8_789_e4f06b93,gamma_0.8,train,287,789,easy,5,5,0.1,0.8,0.05,default,100,3.0,8,1,1,0,0,0.0010833999986061826,
gamma_0.8_789_e4f06b93,gamma_0.8,train,288,789,easy,5,5,0.1,0.8,0.05,default,100,3.0,8,1,1,0,0,0.0010628000018186867,
gamma_0.8_789_e4f06b93,gamma_0.8,train,289,789,easy,5,5,0.1,0.8,0.05,default,100,3.0,8,1,1,0,0,0.0010573000035947189,
gamma_0.8_789_e4f06b93,gamma_0.8,train,290,789,easy,5,5,0.1,0.8,0.05,default,100,2.0,9,1,1,0,0,0.0011915000068256631,
gamma_0.8_789_e4f06b93,gamma_0.8,train,291,789,easy,5,5,0.1,0.8,0.05,default,100,3.0,8,1,1,0,0,0.0010271999926771969,
gamma_0.8_789_e4f06b93,gamma_0.8,train,292,789,easy,5,5,0.1,0.8,0.05,default,100,3.0,8,1,1,0,0,0.0010480000055395067,
gamma_0.8_789_e4f06b93,gamma_0.8,train,293,789,easy,5,5,0.1,0.8,0.05,default,100,3.0,8,1,1,0,0,0.0010162999969907105,
gamma_0.8_789_e4f06b93,gamma_0.8,train,294,789,easy,5,5,0.1,0.8,0.05,default,100,3.0,8,1,1,0,0,0.001041300012730062,
gamma_0.8_789_e4f06b93,gamma_0.8,train,295,789,easy,5,5,0.1,0.8,0.05,default,100,3.0,8,1,1,0,0,0.0010614999919198453,
gamma_0.8_789_e4f06b93,gamma_0.8,train,296,789,easy,5,5,0.1,0.8,0.05,default,100,3.0,8,1,1,0,0,0.0010477000032551587,
gamma_0.8_789_e4f06b93,gamma_0.8,train,297,789,easy,5,5,0.1,0.8,0.05,default,100,2.0,9,1,1,0,0,0.0011586000036913902,
gamma_0.8_789_e4f06b93,gamma_0.8,train,298,789,easy,5,5,0.1,0.8,0.05,default,100,3.0,8,1,1,0,0,0.0010792999964905903,
gamma_0.8_789_e4f06b93,gamma_0.8,train,299,789,easy,5,5,0.1,0.8,0.05,default,100,3.0,8,1,1,0,0,0.0010573000035947189,
gamma_0.8_789_e4f06b93,gamma_0.8,train,300,789,easy,5,5,0.1,0.8,0.05,default,100,3.0,8,1,1,0,0,0.0010295000101905316,
gamma_0.8_789_e4f06b93,gamma_0.8,train,301,789,easy,5,5,0.1,0.8,0.05,default,100,3.0,8,1,1,0,0,0.0010916000028373674,
gamma_0.8_789_e4f06b93,gamma_0.8,train,302,789,easy,5,5,0.1,0.8,0.05,default,100,3.0,8,1,1,0,0,0.0011041999969165772,
gamma_0.8_789_e4f06b93,gamma_0.8,train,303,789,easy,5,5,0.1,0.8,0.05,default,100,3.0,8,1,1,0,0,0.0010541999945417047,
gamma_0.8_789_e4f06b93,gamma_0.8,train,304,789,easy,5,5,0.1,0.8,0.05,default,100,3.0,8,1,1,0,0,0.0010712000075727701,
gamma_0.8_789_e4f06b93,gamma_0.8,train,305,789,easy,5,5,0.1,0.8,0.05,default,100,-16.0,7,0,1,0,1,0.0009024000028148293,
gamma_0.8_789_e4f06b93,gamma_0.8,train,306,789,easy,5,5,0.1,0.8,0.05,default,100,3.0,8,1,1,0,0,0.0010275999957229942,
gamma_0.8_789_e4f06b93,gamma_0.8,train,307,789,easy,5,5,0.1,0.8,0.05,default,100,1.0,10,1,1,0,0,0.0012073000107193366,
gamma_0.8_789_e4f06b93,gamma_0.8,train,308,789,easy,5,5,0.1,0.8,0.05,default,100,0.0,11,1,1,0,0,0.0013370999949984252,
gamma_0.8_789_e4f06b93,gamma_0.8,train,309,789,easy,5,5,0.1,0.8,0.05,default,100,1.0,10,1,1,0,0,0.0013644999999087304,
gamma_0.8_789_e4f06b93,gamma_0.8,train,310,789,easy,5,5,0.1,0.8,0.05,default,100,3.0,8,1,1,0,0,0.0010599999950500205,
gamma_0.8_789_e4f06b93,gamma_0.8,train,311,789,easy,5,5,0.1,0.8,0.05,default,100,3.0,8,1,1,0,0,0.0010658000101102516,
gamma_0.8_789_e4f06b93,gamma_0.8,train,312,789,easy,5,5,0.1,0.8,0.05,default,100,3.0,8,1,1,0,0,0.0010493000008864328,
gamma_0.8_789_e4f06b93,gamma_0.8,train,313,789,easy,5,5,0.1,0.8,0.05,default,100,3.0,8,1,1,0,0,0.0010633000056259334,
gamma_0.8_789_e4f06b93,gamma_0.8,train,314,789,easy,5,5,0.1,0.8,0.05,default,100,3.0,8,1,1,0,0,0.0010163999977521598,
gamma_0.8_789_e4f06b93,gamma_0.8,train,315,789,easy,5,5,0.1,0.8,0.05,default,100,3.0,8,1,1,0,0,0.0010170000023208559,
gamma_0.8_789_e4f06b93,gamma_0.8,train,316,789,easy,5,5,0.1,0.8,0.05,default,100,1.0,10,1,1,0,0,0.0012385000009089708,
gamma_0.8_789_e4f06b93,gamma_0.8,train,317,789,easy,5,5,0.1,0.8,0.05,default,100,3.0,8,1,1,0,0,0.0010411000112071633,
gamma_0.8_789_e4f06b93,gamma_0.8,train,318,789,easy,5,5,0.1,0.8,0.05,default,100,3.0,8,1,1,0,0,0.0010055000020656735,
gamma_0.8_789_e4f06b93,gamma_0.8,train,319,789,easy,5,5,0.1,0.8,0.05,default,100,3.0,8,1,1,0,0,0.0010668000031728297,
gamma_0.8_789_e4f06b93,gamma_0.8,train,320,789,easy,5,5,0.1,0.8,0.05,default,100,-14.0,5,0,1,0,1,0.0006573999999091029,
gamma_0.8_789_e4f06b93,gamma_0.8,train,321,789,easy,5,5,0.1,0.8,0.05,default,100,3.0,8,1,1,0,0,0.0010951999865937978,
gamma_0.8_789_e4f06b93,gamma_0.8,train,322,789,easy,5,5,0.1,0.8,0.05,default,100,3.0,8,1,1,0,0,0.001073099992936477,
gamma_0.8_789_e4f06b93,gamma_0.8,train,323,789,easy,5,5,0.1,0.8,0.05,default,100,3.0,8,1,1,0,0,0.001072400002158247,
gamma_0.8_789_e4f06b93,gamma_0.8,train,324,789,easy,5,5,0.1,0.8,0.05,default,100,1.0,10,1,1,0,0,0.0012633000005735084,
gamma_0.8_789_e4f06b93,gamma_0.8,train,325,789,easy,5,5,0.1,0.8,0.05,default,100,3.0,8,1,1,0,0,0.0010771000088425353,
gamma_0.8_789_e4f06b93,gamma_0.8,train,326,789,easy,5,5,0.1,0.8,0.05,default,100,3.0,8,1,1,0,0,0.001073699997505173,
gamma_0.8_789_e4f06b93,gamma_0.8,train,327,789,easy,5,5,0.1,0.8,0.05,default,100,-16.0,7,0,1,0,1,0.0009061000018846244,
gamma_0.8_789_e4f06b93,gamma_0.8,train,328,789,easy,5,5,0.1,0.8,0.05,default,100,1.0,10,1,1,0,0,0.0012811000051442534,
gamma_0.8_789_e4f06b93,gamma_0.8,train,329,789,easy,5,5,0.1,0.8,0.05,default,100,3.0,8,1,1,0,0,0.0010577999928500503,
gamma_0.8_789_e4f06b93,gamma_0.8,train,330,789,easy,5,5,0.1,0.8,0.05,default,100,3.0,8,1,1,0,0,0.001069399993866682,
gamma_0.8_789_e4f06b93,gamma_0.8,train,331,789,easy,5,5,0.1,0.8,0.05,default,100,3.0,8,1,1,0,0,0.0010564999975031242,
gamma_0.8_789_e4f06b93,gamma_0.8,train,332,789,easy,5,5,0.1,0.8,0.05,default,100,3.0,8,1,1,0,0,0.0010686000023270026,
gamma_0.8_789_e4f06b93,gamma_0.8,train,333,789,easy,5,5,0.1,0.8,0.05,default,100,2.0,9,1,1,0,0,0.0011568000045372173,
gamma_0.8_789_e4f06b93,gamma_0.8,train,334,789,easy,5,5,0.1,0.8,0.05,default,100,3.0,8,1,1,0,0,0.0010752999951364473,
gamma_0.8_789_e4f06b93,gamma_0.8,train,335,789,easy,5,5,0.1,0.8,0.05,default,100,3.0,8,1,1,0,0,0.0010638999956427142,
gamma_0.8_789_e4f06b93,gamma_0.8,train,336,789,easy,5,5,0.1,0.8,0.05,default,100,-14.0,5,0,1,0,1,0.0006677999917883426,
gamma_0.8_789_e4f06b93,gamma_0.8,train,337,789,easy,5,5,0.1,0.8,0.05,default,100,3.0,8,1,1,0,0,0.001057900008163415,
gamma_0.8_789_e4f06b93,gamma_0.8,train,338,789,easy,5,5,0.1,0.8,0.05,default,100,2.0,9,1,1,0,0,0.0011464999988675117,
gamma_0.8_789_e4f06b93,gamma_0.8,train,339,789,easy,5,5,0.1,0.8,0.05,default,100,3.0,8,1,1,0,0,0.001048400008585304,
gamma_0.8_789_e4f06b93,gamma_0.8,train,340,789,easy,5,5,0.1,0.8,0.05,default,100,1.0,10,1,1,0,0,0.0012485000042943284,
gamma_0.8_789_e4f06b93,gamma_0.8,train,341,789,easy,5,5,0.1,0.8,0.05,default,100,3.0,8,1,1,0,0,0.0011115999950561672,
gamma_0.8_789_e4f06b93,gamma_0.8,train,342,789,easy,5,5,0.1,0.8,0.05,default,100,2.0,9,1,1,0,0,0.00114969999413006,
gamma_0.8_789_e4f06b93,gamma_0.8,train,343,789,easy,5,5,0.1,0.8,0.05,default,100,3.0,8,1,1,0,0,0.0010883000068133697,
gamma_0.8_789_e4f06b93,gamma_0.8,train,344,789,easy,5,5,0.1,0.8,0.05,default,100,3.0,8,1,1,0,0,0.0010188000014750287,
gamma_0.8_789_e4f06b93,gamma_0.8,train,345,789,easy,5,5,0.1,0.8,0.05,default,100,3.0,8,1,1,0,0,0.001080499991076067,
gamma_0.8_789_e4f06b93,gamma_0.8,train,346,789,easy,5,5,0.1,0.8,0.05,default,100,3.0,8,1,1,0,0,0.0010972000018227845,
gamma_0.8_789_e4f06b93,gamma_0.8,train,347,789,easy,5,5,0.1,0.8,0.05,default,100,0.0,11,1,1,0,0,0.001349300000583753,
gamma_0.8_789_e4f06b93,gamma_0.8,train,348,789,easy,5,5,0.1,0.8,0.05,default,100,3.0,8,1,1,0,0,0.001076700005796738,
gamma_0.8_789_e4f06b93,gamma_0.8,train,349,789,easy,5,5,0.1,0.8,0.05,default,100,3.0,8,1,1,0,0,0.001062900002580136,
gamma_0.8_789_e4f06b93,gamma_0.8,train,350,789,easy,5,5,0.1,0.8,0.05,default,100,-14.0,5,0,1,0,1,0.0006726999999955297,
gamma_0.8_789_e4f06b93,gamma_0.8,train,351,789,easy,5,5,0.1,0.8,0.05,default,100,1.0,10,1,1,0,0,0.0012781999976141378,
gamma_0.8_789_e4f06b93,gamma_0.8,train,352,789,easy,5,5,0.1,0.8,0.05,default,100,-14.0,5,0,1,0,1,0.0006627999973716214,
gamma_0.8_789_e4f06b93,gamma_0.8,train,353,789,easy,5,5,0.1,0.8,0.05,default,100,3.0,8,1,1,0,0,0.0010705000022426248,
gamma_0.8_789_e4f06b93,gamma_0.8,train,354,789,easy,5,5,0.1,0.8,0.05,default,100,3.0,8,1,1,0,0,0.001053999993018806,
gamma_0.8_789_e4f06b93,gamma_0.8,train,355,789,easy,5,5,0.1,0.8,0.05,default,100,1.0,10,1,1,0,0,0.001283799996599555,
gamma_0.8_789_e4f06b93,gamma_0.8,train,356,789,easy,5,5,0.1,0.8,0.05,default,100,3.0,8,1,1,0,0,0.0010670000046957284,
gamma_0.8_789_e4f06b93,gamma_0.8,train,357,789,easy,5,5,0.1,0.8,0.05,default,100,3.0,8,1,1,0,0,0.0010742000013124198,
gamma_0.8_789_e4f06b93,gamma_0.8,train,358,789,easy,5,5,0.1,0.8,0.05,default,100,3.0,8,1,1,0,0,0.0010805999918375164,
gamma_0.8_789_e4f06b93,gamma_0.8,train,359,789,easy,5,5,0.1,0.8,0.05,default,100,3.0,8,1,1,0,0,0.0010543999960646033,
gamma_0.8_789_e4f06b93,gamma_0.8,train,360,789,easy,5,5,0.1,0.8,0.05,default,100,3.0,8,1,1,0,0,0.0011518999963300303,
gamma_0.8_789_e4f06b93,gamma_0.8,train,361,789,easy,5,5,0.1,0.8,0.05,default,100,3.0,8,1,1,0,0,0.0010861000046133995,
gamma_0.8_789_e4f06b93,gamma_0.8,train,362,789,easy,5,5,0.1,0.8,0.05,default,100,3.0,8,1,1,0,0,0.001043500000378117,
gamma_0.8_789_e4f06b93,gamma_0.8,train,363,789,easy,5,5,0.1,0.8,0.05,default,100,1.0,10,1,1,0,0,0.0012641999928746372,
gamma_0.8_789_e4f06b93,gamma_0.8,train,364,789,easy,5,5,0.1,0.8,0.05,default,100,3.0,8,1,1,0,0,0.0011239000014029443,
gamma_0.8_789_e4f06b93,gamma_0.8,train,365,789,easy,5,5,0.1,0.8,0.05,default,100,3.0,8,1,1,0,0,0.0010916000028373674,
gamma_0.8_789_e4f06b93,gamma_0.8,train,366,789,easy,5,5,0.1,0.8,0.05,default,100,3.0,8,1,1,0,0,0.0010963999957311898,
gamma_0.8_789_e4f06b93,gamma_0.8,train,367,789,easy,5,5,0.1,0.8,0.05,default,100,3.0,8,1,1,0,0,0.0010887999960687011,
gamma_0.8_789_e4f06b93,gamma_0.8,train,368,789,easy,5,5,0.1,0.8,0.05,default,100,3.0,8,1,1,0,0,0.00106160000723321,
gamma_0.8_789_e4f06b93,gamma_0.8,train,369,789,easy,5,5,0.1,0.8,0.05,default,100,3.0,8,1,1,0,0,0.0010819000017363578,
gamma_0.8_789_e4f06b93,gamma_0.8,train,370,789,easy,5,5,0.1,0.8,0.05,default,100,3.0,8,1,1,0,0,0.0010564999975031242,
gamma_0.8_789_e4f06b93,gamma_0.8,train,371,789,easy,5,5,0.1,0.8,0.05,default,100,3.0,8,1,1,0,0,0.0010716000106185675,
gamma_0.8_789_e4f06b93,gamma_0.8,train,372,789,easy,5,5,0.1,0.8,0.05,default,100,-14.0,5,0,1,0,1,0.0006790000043110922,
gamma_0.8_789_e4f06b93,gamma_0.8,train,373,789,easy,5,5,0.1,0.8,0.05,default,100,3.0,8,1,1,0,0,0.0010786000057123601,
gamma_0.8_789_e4f06b93,gamma_0.8,train,374,789,easy,5,5,0.1,0.8,0.05,default,100,1.0,10,1,1,0,0,0.0012432000075932592,
gamma_0.8_789_e4f06b93,gamma_0.8,train,375,789,easy,5,5,0.1,0.8,0.05,default,100,3.0,8,1,1,0,0,0.0010710999922594056,
gamma_0.8_789_e4f06b93,gamma_0.8,train,376,789,easy,5,5,0.1,0.8,0.05,default,100,3.0,8,1,1,0,0,0.0010835000139195472,
gamma_0.8_789_e4f06b93,gamma_0.8,train,377,789,easy,5,5,0.1,0.8,0.05,default,100,3.0,8,1,1,0,0,0.0010407999943709,
gamma_0.8_789_e4f06b93,gamma_0.8,train,378,789,easy,5,5,0.1,0.8,0.05,default,100,3.0,8,1,1,0,0,0.0010480000055395067,
gamma_0.8_789_e4f06b93,gamma_0.8,train,379,789,easy,5,5,0.1,0.8,0.05,default,100,3.0,8,1,1,0,0,0.0010997999925166368,
gamma_0.8_789_e4f06b93,gamma_0.8,train,380,789,easy,5,5,0.1,0.8,0.05,default,100,1.0,10,1,1,0,0,0.0012667999981204048,
gamma_0.8_789_e4f06b93,gamma_0.8,train,381,789,easy,5,5,0.1,0.8,0.05,default,100,3.0,8,1,1,0,0,0.001086599993868731,
gamma_0.8_789_e4f06b93,gamma_0.8,train,382,789,easy,5,5,0.1,0.8,0.05,default,100,3.0,8,1,1,0,0,0.0010769999935291708,
gamma_0.8_789_e4f06b93,gamma_0.8,train,383,789,easy,5,5,0.1,0.8,0.05,default,100,3.0,8,1,1,0,0,0.0011333000002196059,
gamma_0.8_789_e4f06b93,gamma_0.8,train,384,789,easy,5,5,0.1,0.8,0.05,default,100,3.0,8,1,1,0,0,0.0010855000000447035,
gamma_0.8_789_e4f06b93,gamma_0.8,train,385,789,easy,5,5,0.1,0.8,0.05,default,100,3.0,8,1,1,0,0,0.0010291000071447343,
gamma_0.8_789_e4f06b93,gamma_0.8,train,386,789,easy,5,5,0.1,0.8,0.05,default,100,3.0,8,1,1,0,0,0.001107799995224923,
gamma_0.8_789_e4f06b93,gamma_0.8,train,387,789,easy,5,5,0.1,0.8,0.05,default,100,3.0,8,1,1,0,0,0.0010774999973364174,
gamma_0.8_789_e4f06b93,gamma_0.8,train,388,789,easy,5,5,0.1,0.8,0.05,default,100,3.0,8,1,1,0,0,0.0010904999944614246,
gamma_0.8_789_e4f06b93,gamma_0.8,train,389,789,easy,5,5,0.1,0.8,0.05,default,100,3.0,8,1,1,0,0,0.0010648000024957582,
gamma_0.8_789_e4f06b93,gamma_0.8,train,390,789,easy,5,5,0.1,0.8,0.05,default,100,3.0,8,1,1,0,0,0.0010750999936135486,
gamma_0.8_789_e4f06b93,gamma_0.8,train,391,789,easy,5,5,0.1,0.8,0.05,default,100,2.0,9,1,1,0,0,0.0011448000004747882,
gamma_0.8_789_e4f06b93,gamma_0.8,train,392,789,easy,5,5,0.1,0.8,0.05,default,100,3.0,8,1,1,0,0,0.0010561999952187762,
gamma_0.8_789_e4f06b93,gamma_0.8,train,393,789,easy,5,5,0.1,0.8,0.05,default,100,3.0,8,1,1,0,0,0.0010671999916667119,
gamma_0.8_789_e4f06b93,gamma_0.8,train,394,789,easy,5,5,0.1,0.8,0.05,default,100,3.0,8,1,1,0,0,0.0010646999871823937,
gamma_0.8_789_e4f06b93,gamma_0.8,train,395,789,easy,5,5,0.1,0.8,0.05,default,100,1.0,10,1,1,0,0,0.0012681999942287803,
gamma_0.8_789_e4f06b93,gamma_0.8,train,396,789,easy,5,5,0.1,0.8,0.05,default,100,3.0,8,1,1,0,0,0.0010536000045249239,
gamma_0.8_789_e4f06b93,gamma_0.8,train,397,789,easy,5,5,0.1,0.8,0.05,default,100,2.0,9,1,1,0,0,0.00118530000327155,
gamma_0.8_789_e4f06b93,gamma_0.8,train,398,789,easy,5,5,0.1,0.8,0.05,default,100,-3.0,14,1,1,0,0,0.0016351000085705891,
gamma_0.8_789_e4f06b93,gamma_0.8,train,399,789,easy,5,5,0.1,0.8,0.05,default,100,-16.0,7,0,1,0,1,0.0009006999898701906,
gamma_0.8_789_e4f06b93,gamma_0.8,train,400,789,easy,5,5,0.1,0.8,0.05,default,100,3.0,8,1,1,0,0,0.0010701999999582767,results\gamma_comparison\gamma_0.8\seed_789\qtable_ep400.npz
gamma_0.8_789_e4f06b93,gamma_0.8,train,401,789,easy,5,5,0.1,0.8,0.05,default,100,3.0,8,1,1,0,0,0.0011071000044466928,
gamma_0.8_789_e4f06b93,gamma_0.8,train,402,789,easy,5,5,0.1,0.8,0.05,default,100,2.0,9,1,1,0,0,0.0012352000048849732,
gamma_0.8_789_e4f06b93,gamma_0.8,train,403,789,easy,5,5,0.1,0.8,0.05,default,100,3.0,8,1,1,0,0,0.0010880000045290217,
gamma_0.8_789_e4f06b93,gamma_0.8,train,404,789,easy,5,5,0.1,0.8,0.05,default,100,3.0,8,1,1,0,0,0.0010836000001290813,
gamma_0.8_789_e4f06b93,gamma_0.8,train,405,789,easy,5,5,0.1,0.8,0.05,default,100,3.0,8,1,1,0,0,0.0010660000116331503,
gamma_0.8_789_e4f06b93,gamma_0.8,train,406,789,easy,5,5,0.1,0.8,0.05,default,100,3.0,8,1,1,0,0,0.0010594999912427738,
gamma_0.8_789_e4f06b93,gamma_0.8,train,407,789,easy,5,5,0.1,0.8,0.05,default,100,3.0,8,1,1,0,0,0.001073099992936477,
gamma_0.8_789_e4f06b93,gamma_0.8,train,408,789,easy,5,5,0.1,0.8,0.05,default,100,-16.0,7,0,1,0,1,0.0008932000055210665,
gamma_0.8_789_e4f06b93,gamma_0.8,train,409,789,easy,5,5,0.1,0.8,0.05,default,100,3.0,8,1,1,0,0,0.0010198999952990562,
gamma_0.8_789_e4f06b93,gamma_0.8,train,410,789,easy,5,5,0.1,0.8,0.05,default,100,3.0,8,1,1,0,0,0.0009988000092562288,
gamma_0.8_789_e4f06b93,gamma_0.8,train,411,789,easy,5,5,0.1,0.8,0.05,default,100,3.0,8,1,1,0,0,0.0010860000038519502,
gamma_0.8_789_e4f06b93,gamma_0.8,train,412,789,easy,5,5,0.1,0.8,0.05,default,100,3.0,8,1,1,0,0,0.0010127999994438142,
gamma_0.8_789_e4f06b93,gamma_0.8,train,413,789,easy,5,5,0.1,0.8,0.05,default,100,3.0,8,1,1,0,0,0.0010792999964905903,
gamma_0.8_789_e4f06b93,gamma_0.8,train,414,789,easy,5,5,0.1,0.8,0.05,default,100,3.0,8,1,1,0,0,0.001052100007655099,
gamma_0.8_789_e4f06b93,gamma_0.8,train,415,789,easy,5,5,0.1,0.8,0.05,default,100,3.0,8,1,1,0,0,0.0010620999964885414,
gamma_0.8_789_e4f06b93,gamma_0.8,train,416,789,easy,5,5,0.1,0.8,0.05,default,100,3.0,8,1,1,0,0,0.001044400007231161,
gamma_0.8_789_e4f06b93,gamma_0.8,train,417,789,easy,5,5,0.1,0.8,0.05,default,100,3.0,8,1,1,0,0,0.00107489999209065,
gamma_0.8_789_e4f06b93,gamma_0.8,train,418,789,easy,5,5,0.1,0.8,0.05,default,100,3.0,8,1,1,0,0,0.0010432999988552183,
gamma_0.8_789_e4f06b93,gamma_0.8,train,419,789,easy,5,5,0.1,0.8,0.05,default,100,2.0,9,1,1,0,0,0.001090899997507222,
gamma_0.8_789_e4f06b93,gamma_0.8,train,420,789,easy,5,5,0.1,0.8,0.05,default,100,1.0,10,1,1,0,0,0.001247199994395487,
gamma_0.8_789_e4f06b93,gamma_0.8,train,421,789,easy,5,5,0.1,0.8,0.05,default,100,1.0,10,1,1,0,0,0.0012863000010838732,
gamma_0.8_789_e4f06b93,gamma_0.8,train,422,789,easy,5,5,0.1,0.8,0.05,default,100,0.0,11,1,1,0,0,0.0013158999936422333,
gamma_0.8_789_e4f06b93,gamma_0.8,train,423,789,easy,5,5,0.1,0.8,0.05,default,100,3.0,8,1,1,0,0,0.0011178999993717298,
gamma_0.8_789_e4f06b93,gamma_0.8,train,424,789,easy,5,5,0.1,0.8,0.05,default,100,2.0,9,1,1,0,0,0.0011704999924404547,
gamma_0.8_789_e4f06b93,gamma_0.8,train,425,789,easy,5,5,0.1,0.8,0.05,default,100,3.0,8,1,1,0,0,0.0010689000046113506,
gamma_0.8_789_e4f06b93,gamma_0.8,train,426,789,easy,5,5,0.1,0.8,0.05,default,100,3.0,8,1,1,0,0,0.0010628000018186867,
gamma_0.8_789_e4f06b93,gamma_0.8,train,427,789,easy,5,5,0.1,0.8,0.05,default,100,3.0,8,1,1,0,0,0.0010547999991104007,
gamma_0.8_789_e4f06b93,gamma_0.8,train,428,789,easy,5,5,0.1,0.8,0.05,default,100,2.0,9,1,1,0,0,0.0011266000074101612,
gamma_0.8_789_e4f06b93,gamma_0.8,train,429,789,easy,5,5,0.1,0.8,0.05,default,100,3.0,8,1,1,0,0,0.0011088999890489504,
gamma_0.8_789_e4f06b93,gamma_0.8,train,430,789,easy,5,5,0.1,0.8,0.05,default,100,3.0,8,1,1,0,0,0.0010534000030020252,
gamma_0.8_789_e4f06b93,gamma_0.8,train,431,789,easy,5,5,0.1,0.8,0.05,default,100,3.0,8,1,1,0,0,0.0010691999923437834,
gamma_0.8_789_e4f06b93,gamma_0.8,train,432,789,easy,5,5,0.1,0.8,0.05,default,100,3.0,8,1,1,0,0,0.0010159000084968284,
gamma_0.8_789_e4f06b93,gamma_0.8,train,433,789,easy,5,5,0.1,0.8,0.05,default,100,3.0,8,1,1,0,0,0.0010630999895511195,
gamma_0.8_789_e4f06b93,gamma_0.8,train,434,789,easy,5,5,0.1,0.8,0.05,default,100,1.0,10,1,1,0,0,0.0012381999986246228,
gamma_0.8_789_e4f06b93,gamma_0.8,train,435,789,easy,5,5,0.1,0.8,0.05,default,100,3.0,8,1,1,0,0,0.00102599999809172,
gamma_0.8_789_e4f06b93,gamma_0.8,train,436,789,easy,5,5,0.1,0.8,0.05,default,100,3.0,8,1,1,0,0,0.0010514000023249537,
gamma_0.8_789_e4f06b93,gamma_0.8,train,437,789,easy,5,5,0.1,0.8,0.05,default,100,3.0,8,1,1,0,0,0.0010707999899750575,
gamma_0.8_789_e4f06b93,gamma_0.8,train,438,789,easy,5,5,0.1,0.8,0.05,default,100,3.0,8,1,1,0,0,0.0010492000001249835,
gamma_0.8_789_e4f06b93,gamma_0.8,train,439,789,easy,5,5,0.1,0.8,0.05,default,100,2.0,9,1,1,0,0,0.0011384999961592257,
gamma_0.8_789_e4f06b93,gamma_0.8,train,440,789,easy,5,5,0.1,0.8,0.05,default,100,3.0,8,1,1,0,0,0.0010704000014811754,
gamma_0.8_789_e4f06b93,gamma_0.8,train,441,789,easy,5,5,0.1,0.8,0.05,default,100,3.0,8,1,1,0,0,0.001054299995303154,
gamma_0.8_789_e4f06b93,gamma_0.8,train,442,789,easy,5,5,0.1,0.8,0.05,default,100,1.0,10,1,1,0,0,0.0012739999947370961,
gamma_0.8_789_e4f06b93,gamma_0.8,train,443,789,easy,5,5,0.1,0.8,0.05,default,100,3.0,8,1,1,0,0,0.0010818000009749085,
gamma_0.8_789_e4f06b93,gamma_0.8,train,444,789,easy,5,5,0.1,0.8,0.05,default,100,3.0,8,1,1,0,0,0.0010750000074040145,
gamma_0.8_789_e4f06b93,gamma_0.8,train,445,789,easy,5,5,0.1,0.8,0.05,default,100,3.0,8,1,1,0,0,0.0010527999984333292,
gamma_0.8_789_e4f06b93,gamma_0.8,train,446,789,easy,5,5,0.1,0.8,0.05,default,100,-1.0,12,1,1,0,0,0.0014516999945044518,
gamma_0.8_789_e4f06b93,gamma_0.8,train,447,789,easy,5,5,0.1,0.8,0.05,default,100,3.0,8,1,1,0,0,0.0011024999985238537,
gamma_0.8_789_e4f06b93,gamma_0.8,train,448,789,easy,5,5,0.1,0.8,0.05,default,100,3.0,8,1,1,0,0,0.0010497999901417643,
gamma_0.8_789_e4f06b93,gamma_0.8,train,449,789,easy,5,5,0.1,0.8,0.05,default,100,-2.0,13,1,1,0,0,0.0015297000063583255,
gamma_0.8_789_e4f06b93,gamma_0.8,train,450,789,easy,5,5,0.1,0.8,0.05,default,100,3.0,8,1,1,0,0,0.0010488999978406355,
gamma_0.8_789_e4f06b93,gamma_0.8,train,451,789,easy,5,5,0.1,0.8,0.05,default,100,3.0,8,1,1,0,0,0.0010637000086717308,
gamma_0.8_789_e4f06b93,gamma_0.8,train,452,789,easy,5,5,0.1,0.8,0.05,default,100,2.0,9,1,1,0,0,0.0011328999971738085,
gamma_0.8_789_e4f06b93,gamma_0.8,train,453,789,easy,5,5,0.1,0.8,0.05,default,100,3.0,8,1,1,0,0,0.0010604999988572672,
gamma_0.8_789_e4f06b93,gamma_0.8,train,454,789,easy,5,5,0.1,0.8,0.05,default,100,3.0,8,1,1,0,0,0.0010621999972499907,
gamma_0.8_789_e4f06b93,gamma_0.8,train,455,789,easy,5,5,0.1,0.8,0.05,default,100,3.0,8,1,1,0,0,0.0010047999967355281,
gamma_0.8_789_e4f06b93,gamma_0.8,train,456,789,easy,5,5,0.1,0.8,0.05,default,100,3.0,8,1,1,0,0,0.0010657000093488023,
gamma_0.8_789_e4f06b93,gamma_0.8,train,457,789,easy,5,5,0.1,0.8,0.05,default,100,3.0,8,1,1,0,0,0.0010800000018207356,
gamma_0.8_789_e4f06b93,gamma_0.8,train,458,789,easy,5,5,0.1,0.8,0.05,default,100,3.0,8,1,1,0,0,0.001068099998519756,
gamma_0.8_789_e4f06b93,gamma_0.8,train,459,789,easy,5,5,0.1,0.8,0.05,default,100,3.0,8,1,1,0,0,0.0010507000115467235,
gamma_0.8_789_e4f06b93,gamma_0.8,train,460,789,easy,5,5,0.1,0.8,0.05,default,100,1.0,10,1,1,0,0,0.001264999998966232,
gamma_0.8_789_e4f06b93,gamma_0.8,train,461,789,easy,5,5,0.1,0.8,0.05,default,100,3.0,8,1,1,0,0,0.00107709999429062,
gamma_0.8_789_e4f06b93,gamma_0.8,train,462,789,easy,5,5,0.1,0.8,0.05,default,100,3.0,8,1,1,0,0,0.0010751000081654638,
gamma_0.8_789_e4f06b93,gamma_0.8,train,463,789,easy,5,5,0.1,0.8,0.05,default,100,3.0,8,1,1,0,0,0.0010497999901417643,
gamma_0.8_789_e4f06b93,gamma_0.8,train,464,789,easy,5,5,0.1,0.8,0.05,default,100,2.0,9,1,1,0,0,0.0011384000099496916,
gamma_0.8_789_e4f06b93,gamma_0.8,train,465,789,easy,5,5,0.1,0.8,0.05,default,100,3.0,8,1,1,0,0,0.0010817000002134591,
gamma_0.8_789_e4f06b93,gamma_0.8,train,466,789,easy,5,5,0.1,0.8,0.05,default,100,3.0,8,1,1,0,0,0.0010608000011416152,
gamma_0.8_789_e4f06b93,gamma_0.8,train,467,789,easy,5,5,0.1,0.8,0.05,default,100,2.0,9,1,1,0,0,0.0011602000013226643,
gamma_0.8_789_e4f06b93,gamma_0.8,train,468,789,easy,5,5,0.1,0.8,0.05,default,100,3.0,8,1,1,0,0,0.0010567999997874722,
gamma_0.8_789_e4f06b93,gamma_0.8,train,469,789,easy,5,5,0.1,0.8,0.05,default,100,3.0,8,1,1,0,0,0.0010621000110404566,
gamma_0.8_789_e4f06b93,gamma_0.8,train,470,789,easy,5,5,0.1,0.8,0.05,default,100,3.0,8,1,1,0,0,0.0010405999928480014,
gamma_0.8_789_e4f06b93,gamma_0.8,train,471,789,easy,5,5,0.1,0.8,0.05,default,100,3.0,8,1,1,0,0,0.0010583999974187464,
gamma_0.8_789_e4f06b93,gamma_0.8,train,472,789,easy,5,5,0.1,0.8,0.05,default,100,2.0,9,1,1,0,0,0.0011195999977644533,
gamma_0.8_789_e4f06b93,gamma_0.8,train,473,789,easy,5,5,0.1,0.8,0.05,default,100,2.0,9,1,1,0,0,0.0011417000059736893,
gamma_0.8_789_e4f06b93,gamma_0.8,train,474,789,easy,5,5,0.1,0.8,0.05,default,100,1.0,10,1,1,0,0,0.0011837000056402758,
gamma_0.8_789_e4f06b93,gamma_0.8,train,475,789,easy,5,5,0.1,0.8,0.05,default,100,1.0,10,1,1,0,0,0.0012525999918580055,
gamma_0.8_789_e4f06b93,gamma_0.8,train,476,789,easy,5,5,0.1,0.8,0.05,default,100,3.0,8,1,1,0,0,0.0010633000056259334,
gamma_0.8_789_e4f06b93,gamma_0.8,train,477,789,easy,5,5,0.1,0.8,0.05,default,100,3.0,8,1,1,0,0,0.0010620000102790073,
gamma_0.8_789_e4f06b93,gamma_0.8,train,478,789,easy,5,5,0.1,0.8,0.05,default,100,3.0,8,1,1,0,0,0.0011337000032654032,
gamma_0.8_789_e4f06b93,gamma_0.8,train,479,789,easy,5,5,0.1,0.8,0.05,default,100,3.0,8,1,1,0,0,0.0010732999944593757,
gamma_0.8_789_e4f06b93,gamma_0.8,train,480,789,easy,5,5,0.1,0.8,0.05,default,100,2.0,9,1,1,0,0,0.0011131999926874414,
gamma_0.8_789_e4f06b93,gamma_0.8,train,481,789,easy,5,5,0.1,0.8,0.05,default,100,3.0,8,1,1,0,0,0.0010867000091820955,
gamma_0.8_789_e4f06b93,gamma_0.8,train,482,789,easy,5,5,0.1,0.8,0.05,default,100,3.0,8,1,1,0,0,0.001073999999789521,
gamma_0.8_789_e4f06b93,gamma_0.8,train,483,789,easy,5,5,0.1,0.8,0.05,default,100,2.0,9,1,1,0,0,0.0011442000104580075,
gamma_0.8_789_e4f06b93,gamma_0.8,train,484,789,easy,5,5,0.1,0.8,0.05,default,100,1.0,10,1,1,0,0,0.0012491999950725585,
gamma_0.8_789_e4f06b93,gamma_0.8,train,485,789,easy,5,5,0.1,0.8,0.05,default,100,3.0,8,1,1,0,0,0.0010746000043582171,
gamma_0.8_789_e4f06b93,gamma_0.8,train,486,789,easy,5,5,0.1,0.8,0.05,default,100,3.0,8,1,1,0,0,0.0010493000008864328,
gamma_0.8_789_e4f06b93,gamma_0.8,train,487,789,easy,5,5,0.1,0.8,0.05,default,100,3.0,8,1,1,0,0,0.0010836000001290813,
gamma_0.8_789_e4f06b93,gamma_0.8,train,488,789,easy,5,5,0.1,0.8,0.05,default,100,1.0,10,1,1,0,0,0.0012390000047162175,
gamma_0.8_789_e4f06b93,gamma_0.8,train,489,789,easy,5,5,0.1,0.8,0.05,default,100,3.0,8,1,1,0,0,0.0010573000035947189,
gamma_0.8_789_e4f06b93,gamma_0.8,train,490,789,easy,5,5,0.1,0.8,0.05,default,100,3.0,8,1,1,0,0,0.0009931999957188964,
gamma_0.8_789_e4f06b93,gamma_0.8,train,491,789,easy,5,5,0.1,0.8,0.05,default,100,3.0,8,1,1,0,0,0.0010559000074863434,
gamma_0.8_789_e4f06b93,gamma_0.8,train,492,789,easy,5,5,0.1,0.8,0.05,default,100,3.0,8,1,1,0,0,0.0010387999936938286,
gamma_0.8_789_e4f06b93,gamma_0.8,train,493,789,easy,5,5,0.1,0.8,0.05,default,100,3.0,8,1,1,0,0,0.001019500006805174,
gamma_0.8_789_e4f06b93,gamma_0.8,train,494,789,easy,5,5,0.1,0.8,0.05,default,100,3.0,8,1,1,0,0,0.0010583999974187464,
gamma_0.8_789_e4f06b93,gamma_0.8,train,495,789,easy,5,5,0.1,0.8,0.05,default,100,2.0,9,1,1,0,0,0.001130800010287203,
gamma_0.8_789_e4f06b93,gamma_0.8,train,496,789,easy,5,5,0.1,0.8,0.05,default,100,3.0,8,1,1,0,0,0.001044199991156347,
gamma_0.8_789_e4f06b93,gamma_0.8,train,497,789,easy,5,5,0.1,0.8,0.05,default,100,3.0,8,1,1,0,0,0.0011282999912509695,
gamma_0.8_789_e4f06b93,gamma_0.8,train,498,789,easy,5,5,0.1,0.8,0.05,default,100,1.0,10,1,1,0,0,0.0012610999983735383,
gamma_0.8_789_e4f06b93,gamma_0.8,train,499,789,easy,5,5,0.1,0.8,0.05,default,100,1.0,10,1,1,0,0,0.0012395000085234642,
gamma_0.8_789_e4f06b93,gamma_0.8,train,500,789,easy,5,5,0.1,0.8,0.05,default,100,3.0,8,1,1,0,0,0.0010784000041894615,
gamma_0.8_789_e4f06b93,gamma_0.8,train,501,789,easy,5,5,0.1,0.8,0.05,default,100,3.0,8,1,1,0,0,0.0011152999941259623,
gamma_0.8_789_e4f06b93,gamma_0.8,train,502,789,easy,5,5,0.1,0.8,0.05,default,100,3.0,8,1,1,0,0,0.0010864999931072816,
gamma_0.8_789_e4f06b93,gamma_0.8,train,503,789,easy,5,5,0.1,0.8,0.05,default,100,3.0,8,1,1,0,0,0.0010532000014791265,
gamma_0.8_789_e4f06b93,gamma_0.8,train,504,789,easy,5,5,0.1,0.8,0.05,default,100,3.0,8,1,1,0,0,0.0010624999995343387,
gamma_0.8_789_e4f06b93,gamma_0.8,train,505,789,easy,5,5,0.1,0.8,0.05,default,100,3.0,8,1,1,0,0,0.0010517000046093017,
gamma_0.8_789_e4f06b93,gamma_0.8,train,506,789,easy,5,5,0.1,0.8,0.05,default,100,3.0,8,1,1,0,0,0.001026300000376068,
gamma_0.8_789_e4f06b93,gamma_0.8,train,507,789,easy,5,5,0.1,0.8,0.05,default,100,3.0,8,1,1,0,0,0.0010443999926792458,
gamma_0.8_789_e4f06b93,gamma_0.8,train,508,789,easy,5,5,0.1,0.8,0.05,default,100,3.0,8,1,1,0,0,0.0010513999877730384,
gamma_0.8_789_e4f06b93,gamma_0.8,train,509,789,easy,5,5,0.1,0.8,0.05,default,100,2.0,9,1,1,0,0,0.0011404999968362972,
gamma_0.8_789_e4f06b93,gamma_0.8,train,510,789,easy,5,5,0.1,0.8,0.05,default,100,1.0,10,1,1,0,0,0.001232700000400655,
gamma_0.8_789_e4f06b93,gamma_0.8,train,511,789,easy,5,5,0.1,0.8,0.05,default,100,3.0,8,1,1,0,0,0.0010599000088404864,
gamma_0.8_789_e4f06b93,gamma_0.8,train,512,789,easy,5,5,0.1,0.8,0.05,default,100,3.0,8,1,1,0,0,0.0010424999927636236,
gamma_0.8_789_e4f06b93,gamma_0.8,train,513,789,easy,5,5,0.1,0.8,0.05,default,100,3.0,8,1,1,0,0,0.0010541000083321705,
gamma_0.8_789_e4f06b93,gamma_0.8,train,514,789,easy,5,5,0.1,0.8,0.05,default,100,3.0,8,1,1,0,0,0.0010418000019853935,
gamma_0.8_789_e4f06b93,gamma_0.8,train,515,789,easy,5,5,0.1,0.8,0.05,default,100,3.0,8,1,1,0,0,0.0011286000080872327,
gamma_0.8_789_e4f06b93,gamma_0.8,train,516,789,easy,5,5,0.1,0.8,0.05,default,100,3.0,8,1,1,0,0,0.0010509999992791563,
gamma_0.8_789_e4f06b93,gamma_0.8,train,517,789,easy,5,5,0.1,0.8,0.05,default,100,3.0,8,1,1,0,0,0.0010824000055436045,
gamma_0.8_789_e4f06b93,gamma_0.8,train,518,789,easy,5,5,0.1,0.8,0.05,default,100,3.0,8,1,1,0,0,0.001000799995381385,
gamma_0.8_789_e4f06b93,gamma_0.8,train,519,789,easy,5,5,0.1,0.8,0.05,default,100,3.0,8,1,1,0,0,0.0010122000094270334,
gamma_0.8_789_e4f06b93,gamma_0.8,train,520,789,easy,5,5,0.1,0.8,0.05,default,100,1.0,10,1,1,0,0,0.001235799994901754,
gamma_0.8_789_e4f06b93,gamma_0.8,train,521,789,easy,5,5,0.1,0.8,0.05,default,100,2.0,9,1,1,0,0,0.0012022000009892508,
gamma_0.8_789_e4f06b93,gamma_0.8,train,522,789,easy,5,5,0.1,0.8,0.05,default,100,3.0,8,1,1,0,0,0.0010938999912468717,
gamma_0.8_789_e4f06b93,gamma_0.8,train,523,789,easy,5,5,0.1,0.8,0.05,default,100,3.0,8,1,1,0,0,0.0010576000058790669,
gamma_0.8_789_e4f06b93,gamma_0.8,train,524,789,easy,5,5,0.1,0.8,0.05,default,100,3.0,8,1,1,0,0,0.001065999997081235,
gamma_0.8_789_e4f06b93,gamma_0.8,train,525,789,easy,5,5,0.1,0.8,0.05,default,100,0.0,11,1,1,0,0,0.0013084999955026433,
gamma_0.8_789_e4f06b93,gamma_0.8,train,526,789,easy,5,5,0.1,0.8,0.05,default,100,2.0,9,1,1,0,0,0.0011404999968362972,
gamma_0.8_789_e4f06b93,gamma_0.8,train,527,789,easy,5,5,0.1,0.8,0.05,default,100,3.0,8,1,1,0,0,0.0010813999979291111,
gamma_0.8_789_e4f06b93,gamma_0.8,train,528,789,easy,5,5,0.1,0.8,0.05,default,100,3.0,8,1,1,0,0,0.0010951000003842637,
gamma_0.8_789_e4f06b93,gamma_0.8,train,529,789,easy,5,5,0.1,0.8,0.05,default,100,3.0,8,1,1,0,0,0.0010716999968281016,
gamma_0.8_789_e4f06b93,gamma_0.8,train,530,789,easy,5,5,0.1,0.8,0.05,default,100,3.0,8,1,1,0,0,0.001072199986083433,
gamma_0.8_789_e4f06b93,gamma_0.8,train,531,789,easy,5,5,0.1,0.8,0.05,default,100,3.0,8,1,1,0,0,0.001062600000295788,
gamma_0.8_789_e4f06b93,gamma_0.8,train,532,789,easy,5,5,0.1,0.8,0.05,default,100,3.0,8,1,1,0,0,0.0010454999865032732,
gamma_0.8_789_e4f06b93,gamma_0.8,train,533,789,easy,5,5,0.1,0.8,0.05,default,100,3.0,8,1,1,0,0,0.001155199992354028,
gamma_0.8_789_e4f06b93,gamma_0.8,train,534,789,easy,5,5,0.1,0.8,0.05,default,100,3.0,8,1,1,0,0,0.0010536000045249239,
gamma_0.8_789_e4f06b93,gamma_0.8,train,535,789,easy,5,5,0.1,0.8,0.05,default,100,3.0,8,1,1,0,0,0.001028099999530241,
gamma_0.8_789_e4f06b93,gamma_0.8,train,536,789,easy,5,5,0.1,0.8,0.05,default,100,3.0,8,1,1,0,0,0.0010522000084165484,
gamma_0.8_789_e4f06b93,gamma_0.8,train,537,789,easy,5,5,0.1,0.8,0.05,default,100,3.0,8,1,1,0,0,0.0010825000063050538,
gamma_0.8_789_e4f06b93,gamma_0.8,train,538,789,easy,5,5,0.1,0.8,0.05,default,100,3.0,8,1,1,0,0,0.001050299993949011,
gamma_0.8_789_e4f06b93,gamma_0.8,train,539,789,easy,5,5,0.1,0.8,0.05,default,100,3.0,8,1,1,0,0,0.0010654999932739884,
gamma_0.8_789_e4f06b93,gamma_0.8,train,540,789,easy,5,5,0.1,0.8,0.05,default,100,2.0,9,1,1,0,0,0.001119799999287352,
gamma_0.8_789_e4f06b93,gamma_0.8,train,541,789,easy,5,5,0.1,0.8,0.05,default,100,3.0,8,1,1,0,0,0.0010781999881146476,
gamma_0.8_789_e4f06b93,gamma_0.8,train,542,789,easy,5,5,0.1,0.8,0.05,default,100,3.0,8,1,1,0,0,0.0010608000011416152,
gamma_0.8_789_e4f06b93,gamma_0.8,train,543,789,easy,5,5,0.1,0.8,0.05,default,100,3.0,8,1,1,0,0,0.0010776999988593161,
gamma_0.8_789_e4f06b93,gamma_0.8,train,544,789,easy,5,5,0.1,0.8,0.05,default,100,2.0,9,1,1,0,0,0.0011040999961551279,
gamma_0.8_789_e4f06b93,gamma_0.8,train,545,789,easy,5,5,0.1,0.8,0.05,default,100,-16.0,7,0,1,0,1,0.000898900005267933,
gamma_0.8_789_e4f06b93,gamma_0.8,train,546,789,easy,5,5,0.1,0.8,0.05,default,100,3.0,8,1,1,0,0,0.0010081999935209751,
gamma_0.8_789_e4f06b93,gamma_0.8,train,547,789,easy,5,5,0.1,0.8,0.05,default,100,1.0,10,1,1,0,0,0.0012297000066610053,
gamma_0.8_789_e4f06b93,gamma_0.8,train,548,789,easy,5,5,0.1,0.8,0.05,default,100,3.0,8,1,1,0,0,0.0010732999944593757,
gamma_0.8_789_e4f06b93,gamma_0.8,train,549,789,easy,5,5,0.1,0.8,0.05,default,100,3.0,8,1,1,0,0,0.0010495999886188656,
gamma_0.8_789_e4f06b93,gamma_0.8,train,550,789,easy,5,5,0.1,0.8,0.05,default,100,3.0,8,1,1,0,0,0.0010681999992812052,
gamma_0.8_789_e4f06b93,gamma_0.8,train,551,789,easy,5,5,0.1,0.8,0.05,default,100,3.0,8,1,1,0,0,0.001004100005957298,
gamma_0.8_789_e4f06b93,gamma_0.8,train,552,789,easy,5,5,0.1,0.8,0.05,default,100,1.0,10,1,1,0,0,0.0013286000030348077,
gamma_0.8_789_e4f06b93,gamma_0.8,train,553,789,easy,5,5,0.1,0.8,0.05,default,100,3.0,8,1,1,0,0,0.0010557999921729788,
gamma_0.8_789_e4f06b93,gamma_0.8,train,554,789,easy,5,5,0.1,0.8,0.05,default,100,3.0,8,1,1,0,0,0.0010705000022426248,
gamma_0.8_789_e4f06b93,gamma_0.8,train,555,789,easy,5,5,0.1,0.8,0.05,default,100,3.0,8,1,1,0,0,0.0010498000046936795,
gamma_0.8_789_e4f06b93,gamma_0.8,train,556,789,easy,5,5,0.1,0.8,0.05,default,100,3.0,8,1,1,0,0,0.0010345000046072528,
gamma_0.8_789_e4f06b93,gamma_0.8,train,557,789,easy,5,5,0.1,0.8,0.05,default,100,3.0,8,1,1,0,0,0.001059500005794689,
gamma_0.8_789_e4f06b93,gamma_0.8,train,558,789,easy,5,5,0.1,0.8,0.05,default,100,3.0,8,1,1,0,0,0.0010704000014811754,
gamma_0.8_789_e4f06b93,gamma_0.8,train,559,789,easy,5,5,0.1,0.8,0.05,default,100,3.0,8,1,1,0,0,0.0010590000019874424,
gamma_0.8_789_e4f06b93,gamma_0.8,train,560,789,easy,5,5,0.1,0.8,0.05,default,100,-14.0,5,0,1,0,1,0.0006731999892508611,
gamma_0.8_789_e4f06b93,gamma_0.8,train,561,789,easy,5,5,0.1,0.8,0.05,default,100,3.0,8,1,1,0,0,0.0011233999975956976,
gamma_0.8_789_e4f06b93,gamma_0.8,train,562,789,easy,5,5,0.1,0.8,0.05,default,100,-1.0,12,1,1,0,0,0.001449299990781583,
gamma_0.8_789_e4f06b93,gamma_0.8,train,563,789,easy,5,5,0.1,0.8,0.05,default,100,3.0,8,1,1,0,0,0.0011044999992009252,
gamma_0.8_789_e4f06b93,gamma_0.8,train,564,789,easy,5,5,0.1,0.8,0.05,default,100,3.0,8,1,1,0,0,0.0010543999960646033,
gamma_0.8_789_e4f06b93,gamma_0.8,train,565,789,easy,5,5,0.1,0.8,0.05,default,100,3.0,8,1,1,0,0,0.0010634999925969169,
gamma_0.8_789_e4f06b93,gamma_0.8,train,566,789,easy,5,5,0.1,0.8,0.05,default,100,3.0,8,1,1,0,0,0.001061900009517558,
gamma_0.8_789_e4f06b93,gamma_0.8,train,567,789,easy,5,5,0.1,0.8,0.05,default,100,0.0,11,1,1,0,0,0.001336100001935847,
gamma_0.8_789_e4f06b93,gamma_0.8,train,568,789,easy,5,5,0.1,0.8,0.05,default,100,3.0,8,1,1,0,0,0.0010498000046936795,
gamma_0.8_789_e4f06b93,gamma_0.8,train,569,789,easy,5,5,0.1,0.8,0.05,default,100,3.0,8,1,1,0,0,0.001064700001734309,
gamma_0.8_789_e4f06b93,gamma_0.8,train,570,789,easy,5,5,0.1,0.8,0.05,default,100,1.0,10,1,1,0,0,0.0013219999964348972,
gamma_0.8_789_e4f06b93,gamma_0.8,train,571,789,easy,5,5,0.1,0.8,0.05,default,100,2.0,9,1,1,0,0,0.0011250999959884211,
gamma_0.8_789_e4f06b93,gamma_0.8,train,572,789,easy,5,5,0.1,0.8,0.05,default,100,3.0,8,1,1,0,0,0.0010623999987728894,
gamma_0.8_789_e4f06b93,gamma_0.8,train,573,789,easy,5,5,0.1,0.8,0.05,default,100,3.0,8,1,1,0,0,0.0010454000002937391,
gamma_0.8_789_e4f06b93,gamma_0.8,train,574,789,easy,5,5,0.1,0.8,0.05,default,100,3.0,8,1,1,0,0,0.0010612000041874126,
gamma_0.8_789_e4f06b93,gamma_0.8,train,575,789,easy,5,5,0.1,0.8,0.05,default,100,3.0,8,1,1,0,0,0.0010499000054551288,
gamma_0.8_789_e4f06b93,gamma_0.8,train,576,789,easy,5,5,0.1,0.8,0.05,default,100,3.0,8,1,1,0,0,0.0010584999981801957,
gamma_0.8_789_e4f06b93,gamma_0.8,train,577,789,easy,5,5,0.1,0.8,0.05,default,100,3.0,8,1,1,0,0,0.0010580000089248642,
gamma_0.8_789_e4f06b93,gamma_0.8,train,578,789,easy,5,5,0.1,0.8,0.05,default,100,3.0,8,1,1,0,0,0.001061999995727092,
gamma_0.8_789_e4f06b93,gamma_0.8,train,579,789,easy,5,5,0.1,0.8,0.05,default,100,3.0,8,1,1,0,0,0.0010469999979250133,
gamma_0.8_789_e4f06b93,gamma_0.8,train,580,789,easy,5,5,0.1,0.8,0.05,default,100,1.0,10,1,1,0,0,0.0012031000078422949,
gamma_0.8_789_e4f06b93,gamma_0.8,train,581,789,easy,5,5,0.1,0.8,0.05,default,100,3.0,8,1,1,0,0,0.0010618000087561086,
gamma_0.8_789_e4f06b93,gamma_0.8,train,582,789,easy,5,5,0.1,0.8,0.05,default,100,3.0,8,1,1,0,0,0.001084400006220676,
gamma_0.8_789_e4f06b93,gamma_0.8,train,583,789,easy,5,5,0.1,0.8,0.05,default,100,3.0,8,1,1,0,0,0.0010916000028373674,
gamma_0.8_789_e4f06b93,gamma_0.8,train,584,789,easy,5,5,0.1,0.8,0.05,default,100,3.0,8,1,1,0,0,0.0010032999998657033,
gamma_0.8_789_e4f06b93,gamma_0.8,train,585,789,easy,5,5,0.1,0.8,0.05,default,100,3.0,8,1,1,0,0,0.001073399995220825,
gamma_0.8_789_e4f06b93,gamma_0.8,train,586,789,easy,5,5,0.1,0.8,0.05,default,100,3.0,8,1,1,0,0,0.0010538000060478225,
gamma_0.8_789_e4f06b93,gamma_0.8,train,587,789,easy,5,5,0.1,0.8,0.05,default,100,1.0,10,1,1,0,0,0.0012581000046338886,
gamma_0.8_789_e4f06b93,gamma_0.8,train,588,789,easy,5,5,0.1,0.8,0.05,default,100,3.0,8,1,1,0,0,0.0010630000033415854,
gamma_0.8_789_e4f06b93,gamma_0.8,train,589,789,easy,5,5,0.1,0.8,0.05,default,100,3.0,8,1,1,0,0,0.0010155999916605651,
gamma_0.8_789_e4f06b93,gamma_0.8,train,590,789,easy,5,5,0.1,0.8,0.05,default,100,3.0,8,1,1,0,0,0.0010451000125613064,
gamma_0.8_789_e4f06b93,gamma_0.8,train,591,789,easy,5,5,0.1,0.8,0.05,default,100,1.0,10,1,1,0,0,0.0012543999910121784,
gamma_0.8_789_e4f06b93,gamma_0.8,train,592,789,easy,5,5,0.1,0.8,0.05,default,100,3.0,8,1,1,0,0,0.001062900002580136,
gamma_0.8_789_e4f06b93,gamma_0.8,train,593,789,easy,5,5,0.1,0.8,0.05,default,100,1.0,10,1,1,0,0,0.001244099999894388,
gamma_0.8_789_e4f06b93,gamma_0.8,train,594,789,easy,5,5,0.1,0.8,0.05,default,100,3.0,8,1,1,0,0,0.0010811999964062124,
gamma_0.8_789_e4f06b93,gamma_0.8,train,595,789,easy,5,5,0.1,0.8,0.05,default,100,3.0,8,1,1,0,0,0.0010775000118883327,
gamma_0.8_789_e4f06b93,gamma_0.8,train,596,789,easy,5,5,0.1,0.8,0.05,default,100,3.0,8,1,1,0,0,0.0010743000020738691,
gamma_0.8_789_e4f06b93,gamma_0.8,train,597,789,easy,5,5,0.1,0.8,0.05,default,100,2.0,9,1,1,0,0,0.0010900000052060932,
gamma_0.8_789_e4f06b93,gamma_0.8,train,598,789,easy,5,5,0.1,0.8,0.05,default,100,3.0,8,1,1,0,0,0.001065999997081235,
gamma_0.8_789_e4f06b93,gamma_0.8,train,599,789,easy,5,5,0.1,0.8,0.05,default,100,3.0,8,1,1,0,0,0.001044100004946813,
gamma_0.8_789_e4f06b93,gamma_0.8,train,600,789,easy,5,5,0.1,0.8,0.05,default,100,3.0,8,1,1,0,0,0.001063200004864484,results\gamma_comparison\gamma_0.8\seed_789\qtable_ep600.npz
gamma_0.8_789_e4f06b93,gamma_0.8,train,601,789,easy,5,5,0.1,0.8,0.05,default,100,3.0,8,1,1,0,0,0.0011220000014873222,
gamma_0.8_789_e4f06b93,gamma_0.8,train,602,789,easy,5,5,0.1,0.8,0.05,default,100,-2.0,13,1,1,0,0,0.0015432999935001135,
gamma_0.8_789_e4f06b93,gamma_0.8,train,603,789,easy,5,5,0.1,0.8,0.05,default,100,1.0,10,1,1,0,0,0.001241000005393289,
gamma_0.8_789_e4f06b93,gamma_0.8,train,604,789,easy,5,5,0.1,0.8,0.05,default,100,3.0,8,1,1,0,0,0.0010670999909052625,
gamma_0.8_789_e4f06b93,gamma_0.8,train,605,789,easy,5,5,0.1,0.8,0.05,default,100,3.0,8,1,1,0,0,0.0010746000043582171,
gamma_0.8_789_e4f06b93,gamma_0.8,train,606,789,easy,5,5,0.1,0.8,0.05,default,100,3.0,8,1,1,0,0,0.0010473000002093613,
gamma_0.8_789_e4f06b93,gamma_0.8,train,607,789,easy,5,5,0.1,0.8,0.05,default,100,3.0,8,1,1,0,0,0.0010737999982666224,
gamma_0.8_789_e4f06b93,gamma_0.8,train,608,789,easy,5,5,0.1,0.8,0.05,default,100,3.0,8,1,1,0,0,0.0010551000013947487,
gamma_0.8_789_e4f06b93,gamma_0.8,train,609,789,easy,5,5,0.1,0.8,0.05,default,100,3.0,8,1,1,0,0,0.0010320000001229346,
gamma_0.8_789_e4f06b93,gamma_0.8,train,610,789,easy,5,5,0.1,0.8,0.05,default,100,3.0,8,1,1,0,0,0.0009618999902158976,
gamma_0.8_789_e4f06b93,gamma_0.8,train,611,789,easy,5,5,0.1,0.8,0.05,default,100,1.0,10,1,1,0,0,0.00126530000125058,
gamma_0.8_789_e4f06b93,gamma_0.8,train,612,789,easy,5,5,0.1,0.8,0.05,default,100,2.0,9,1,1,0,0,0.0010914000013144687,
gamma_0.8_789_e4f06b93,gamma_0.8,train,613,789,easy,5,5,0.1,0.8,0.05,default,100,3.0,8,1,1,0,0,0.0010683000000426546,
gamma_0.8_789_e4f06b93,gamma_0.8,train,614,789,easy,5,5,0.1,0.8,0.05,default,100,3.0,8,1,1,0,0,0.0010516999900573865,
gamma_0.8_789_e4f06b93,gamma_0.8,train,615,789,easy,5,5,0.1,0.8,0.05,default,100,3.0,8,1,1,0,0,0.0010681999992812052,
gamma_0.8_789_e4f06b93,gamma_0.8,train,616,789,easy,5,5,0.1,0.8,0.05,default,100,3.0,8,1,1,0,0,0.001141399989137426,
gamma_0.8_789_e4f06b93,gamma_0.8,train,617,789,easy,5,5,0.1,0.8,0.05,default,100,1.0,10,1,1,0,0,0.0012992999982088804,
gamma_0.8_789_e4f06b93,gamma_0.8,train,618,789,easy,5,5,0.1,0.8,0.05,default,100,3.0,8,1,1,0,0,0.0010489999986020848,
gamma_0.8_789_e4f06b93,gamma_0.8,train,619,789,easy,5,5,0.1,0.8,0.05,default,100,3.0,8,1,1,0,0,0.0010630999895511195,
gamma_0.8_789_e4f06b93,gamma_0.8,train,620,789,easy,5,5,0.1,0.8,0.05,default,100,3.0,8,1,1,0,0,0.0010246000019833446,
gamma_0.8_789_e4f06b93,gamma_0.8,train,621,789,easy,5,5,0.1,0.8,0.05,default,100,3.0,8,1,1,0,0,0.0010369999945396557,
gamma_0.8_789_e4f06b93,gamma_0.8,train,622,789,easy,5,5,0.1,0.8,0.05,default,100,3.0,8,1,1,0,0,0.001083199997083284,
gamma_0.8_789_e4f06b93,gamma_0.8,train,623,789,easy,5,5,0.1,0.8,0.05,default,100,3.0,8,1,1,0,0,0.0010519000061322004,
gamma_0.8_789_e4f06b93,gamma_0.8,train,624,789,easy,5,5,0.1,0.8,0.05,default,100,2.0,9,1,1,0,0,0.0011303000064799562,
gamma_0.8_789_e4f06b93,gamma_0.8,train,625,789,easy,5,5,0.1,0.8,0.05,default,100,3.0,8,1,1,0,0,0.0010461999918334186,
gamma_0.8_789_e4f06b93,gamma_0.8,train,626,789,easy,5,5,0.1,0.8,0.05,default,100,3.0,8,1,1,0,0,0.0010628000018186867,
gamma_0.8_789_e4f06b93,gamma_0.8,train,627,789,easy,5,5,0.1,0.8,0.05,default,100,3.0,8,1,1,0,0,0.0010554999898886308,
gamma_0.8_789_e4f06b93,gamma_0.8,train,628,789,easy,5,5,0.1,0.8,0.05,default,100,3.0,8,1,1,0,0,0.0010678999969968572,
gamma_0.8_789_e4f06b93,gamma_0.8,train,629,789,easy,5,5,0.1,0.8,0.05,default,100,3.0,8,1,1,0,0,0.0010632999910740182,
gamma_0.8_789_e4f06b93,gamma_0.8,train,630,789,easy,5,5,0.1,0.8,0.05,default,100,3.0,8,1,1,0,0,0.0010708000045269728,
gamma_0.8_789_e4f06b93,gamma_0.8,train,631,789,easy,5,5,0.1,0.8,0.05,default,100,1.0,10,1,1,0,0,0.0012541000032797456,
gamma_0.8_789_e4f06b93,gamma_0.8,train,632,789,easy,5,5,0.1,0.8,0.05,default,100,3.0,8,1,1,0,0,0.001077399996574968,
gamma_0.8_789_e4f06b93,gamma_0.8,train,633,789,easy,5,5,0.1,0.8,0.05,default,100,3.0,8,1,1,0,0,0.001027200007229112,
gamma_0.8_789_e4f06b93,gamma_0.8,train,634,789,easy,5,5,0.1,0.8,0.05,default,100,-16.0,7,0,1,0,1,0.0009137000015471131,
gamma_0.8_789_e4f06b93,gamma_0.8,train,635,789,easy,5,5,0.1,0.8,0.05,default,100,3.0,8,1,1,0,0,0.0010675999947125092,
gamma_0.8_789_e4f06b93,gamma_0.8,train,636,789,easy,5,5,0.1,0.8,0.05,default,100,3.0,8,1,1,0,0,0.0010439000034239143,
gamma_0.8_789_e4f06b93,gamma_0.8,train,637,789,easy,5,5,0.1,0.8,0.05,default,100,3.0,8,1,1,0,0,0.0010743000020738691,
gamma_0.8_789_e4f06b93,gamma_0.8,train,638,789,easy,5,5,0.1,0.8,0.05,default,100,3.0,8,1,1,0,0,0.0010511000000406057,
gamma_0.8_789_e4f06b93,gamma_0.8,train,639,789,easy,5,5,0.1,0.8,0.05,default,100,3.0,8,1,1,0,0,0.0010734999959822744,
gamma_0.8_789_e4f06b93,gamma_0.8,train,640,789,easy,5,5,0.1,0.8,0.05,default,100,2.0,9,1,1,0,0,0.0011245000059716403,
gamma_0.8_789_e4f06b93,gamma_0.8,train,641,789,easy,5,5,0.1,0.8,0.05,default,100,3.0,8,1,1,0,0,0.001095500003430061,
gamma_0.8_789_e4f06b93,gamma_0.8,train,642,789,easy,5,5,0.1,0.8,0.05,default,100,0.0,11,1,1,0,0,0.0013315000105649233,
gamma_0.8_789_e4f06b93,gamma_0.8,train,643,789,easy,5,5,0.1,0.8,0.05,default,100,1.0,10,1,1,0,0,0.0012387000024318695,
gamma_0.8_789_e4f06b93,gamma_0.8,train,644,789,easy,5,5,0.1,0.8,0.05,default,100,3.0,8,1,1,0,0,0.0010590999881969765,
gamma_0.8_789_e4f06b93,gamma_0.8,train,645,789,easy,5,5,0.1,0.8,0.05,default,100,3.0,8,1,1,0,0,0.001044199991156347,
gamma_0.8_789_e4f06b93,gamma_0.8,train,646,789,easy,5,5,0.1,0.8,0.05,default,100,3.0,8,1,1,0,0,0.0010571000020718202,
gamma_0.8_789_e4f06b93,gamma_0.8,train,647,789,easy,5,5,0.1,0.8,0.05,default,100,1.0,10,1,1,0,0,0.001238599987118505,
gamma_0.8_789_e4f06b93,gamma_0.8,train,648,789,easy,5,5,0.1,0.8,0.05,default,100,3.0,8,1,1,0,0,0.0010672999924281612,
gamma_0.8_789_e4f06b93,gamma_0.8,train,649,789,easy,5,5,0.1,0.8,0.05,default,100,3.0,8,1,1,0,0,0.001001099997665733,
gamma_0.8_789_e4f06b93,gamma_0.8,train,650,789,easy,5,5,0.1,0.8,0.05,default,100,3.0,8,1,1,0,0,0.0010649999894667417,
gamma_0.8_789_e4f06b93,gamma_0.8,train,651,789,easy,5,5,0.1,0.8,0.05,default,100,2.0,9,1,1,0,0,0.0011518999963300303,
gamma_0.8_789_e4f06b93,gamma_0.8,train,652,789,easy,5,5,0.1,0.8,0.05,default,100,1.0,10,1,1,0,0,0.0012412999931257218,
gamma_0.8_789_e4f06b93,gamma_0.8,train,653,789,easy,5,5,0.1,0.8,0.05,default,100,3.0,8,1,1,0,0,0.0010168000007979572,
gamma_0.8_789_e4f06b93,gamma_0.8,train,654,789,easy,5,5,0.1,0.8,0.05,default,100,2.0,9,1,1,0,0,0.0011248999944655225,
gamma_0.8_789_e4f06b93,gamma_0.8,train,655,789,easy,5,5,0.1,0.8,0.05,default,100,2.0,9,1,1,0,0,0.0011344999948050827,
gamma_0.8_789_e4f06b93,gamma_0.8,train,656,789,easy,5,5,0.1,0.8,0.05,default,100,2.0,9,1,1,0,0,0.0010676999954739586,
gamma_0.8_789_e4f06b93,gamma_0.8,train,657,789,easy,5,5,0.1,0.8,0.05,default,100,3.0,8,1,1,0,0,0.0010957999911624938,
gamma_0.8_789_e4f06b93,gamma_0.8,train,658,789,easy,5,5,0.1,0.8,0.05,default,100,3.0,8,1,1,0,0,0.0010191999899689108,
gamma_0.8_789_e4f06b93,gamma_0.8,train,659,789,easy,5,5,0.1,0.8,0.05,default,100,3.0,8,1,1,0,0,0.0010633999918354675,
gamma_0.8_789_e4f06b93,gamma_0.8,train,660,789,easy,5,5,0.1,0.8,0.05,default,100,-14.0,5,0,1,0,1,0.0006670000002486631,
gamma_0.8_789_e4f06b93,gamma_0.8,train,661,789,easy,5,5,0.1,0.8,0.05,default,100,3.0,8,1,1,0,0,0.0010708000045269728,
gamma_0.8_789_e4f06b93,gamma_0.8,train,662,789,easy,5,5,0.1,0.8,0.05,default,100,3.0,8,1,1,0,0,0.0010887999960687011,
gamma_0.8_789_e4f06b93,gamma_0.8,train,663,789,easy,5,5,0.1,0.8,0.05,default,100,3.0,8,1,1,0,0,0.0011097999959019944,
gamma_0.8_789_e4f06b93,gamma_0.8,train,664,789,easy,5,5,0.1,0.8,0.05,default,100,3.0,8,1,1,0,0,0.0010743000020738691,
gamma_0.8_789_e4f06b93,gamma_0.8,train,665,789,easy,5,5,0.1,0.8,0.05,default,100,2.0,9,1,1,0,0,0.0011439999943831936,
gamma_0.8_789_e4f06b93,gamma_0.8,train,666,789,easy,5,5,0.1,0.8,0.05,default,100,3.0,8,1,1,0,0,0.0010318999993614852,
gamma_0.8_789_e4f06b93,gamma_0.8,train,667,789,easy,5,5,0.1,0.8,0.05,default,100,3.0,8,1,1,0,0,0.0010278999980073422,
gamma_0.8_789_e4f06b93,gamma_0.8,train,668,789,easy,5,5,0.1,0.8,0.05,default,100,-16.0,7,0,1,0,1,0.0008835000044200569,
gamma_0.8_789_e4f06b93,gamma_0.8,train,669,789,easy,5,5,0.1,0.8,0.05,default,100,3.0,8,1,1,0,0,0.0010848999954760075,
gamma_0.8_789_e4f06b93,gamma_0.8,train,670,789,easy,5,5,0.1,0.8,0.05,default,100,3.0,8,1,1,0,0,0.0011009000008925796,
gamma_0.8_789_e4f06b93,gamma_0.8,train,671,789,easy,5,5,0.1,0.8,0.05,default,100,2.0,9,1,1,0,0,0.0011320000048726797,
gamma_0.8_789_e4f06b93,gamma_0.8,train,672,789,easy,5,5,0.1,0.8,0.05,default,100,3.0,8,1,1,0,0,0.0010728999914135784,
gamma_0.8_789_e4f06b93,gamma_0.8,train,673,789,easy,5,5,0.1,0.8,0.05,default,100,3.0,8,1,1,0,0,0.0010546000121394172,
gamma_0.8_789_e4f06b93,gamma_0.8,train,674,789,easy,5,5,0.1,0.8,0.05,default,100,2.0,9,1,1,0,0,0.0011635000118985772,
gamma_0.8_789_e4f06b93,gamma_0.8,train,675,789,easy,5,5,0.1,0.8,0.05,default,100,3.0,8,1,1,0,0,0.0010558999929344282,
gamma_0.8_789_e4f06b93,gamma_0.8,train,676,789,easy,5,5,0.1,0.8,0.05,default,100,1.0,10,1,1,0,0,0.0012573000130942091,
gamma_0.8_789_e4f06b93,gamma_0.8,train,677,789,easy,5,5,0.1,0.8,0.05,default,100,3.0,8,1,1,0,0,0.001084199990145862,
gamma_0.8_789_e4f06b93,gamma_0.8,train,678,789,easy,5,5,0.1,0.8,0.05,default,100,3.0,8,1,1,0,0,0.00106380000943318,
gamma_0.8_789_e4f06b93,gamma_0.8,train,679,789,easy,5,5,0.1,0.8,0.05,default,100,3.0,8,1,1,0,0,0.0010710000060498714,
gamma_0.8_789_e4f06b93,gamma_0.8,train,680,789,easy,5,5,0.1,0.8,0.05,default,100,3.0,8,1,1,0,0,0.0010511000000406057,
gamma_0.8_789_e4f06b93,gamma_0.8,train,681,789,easy,5,5,0.1,0.8,0.05,default,100,2.0,9,1,1,0,0,0.001177999991341494,
gamma_0.8_789_e4f06b93,gamma_0.8,train,682,789,easy,5,5,0.1,0.8,0.05,default,100,-2.0,13,1,1,0,0,0.0015286999987438321,
gamma_0.8_789_e4f06b93,gamma_0.8,train,683,789,easy,5,5,0.1,0.8,0.05,default,100,3.0,8,1,1,0,0,0.0010405000066384673,
gamma_0.8_789_e4f06b93,gamma_0.8,train,684,789,easy,5,5,0.1,0.8,0.05,default,100,3.0,8,1,1,0,0,0.0010657999955583364,
gamma_0.8_789_e4f06b93,gamma_0.8,train,685,789,easy,5,5,0.1,0.8,0.05,default,100,2.0,9,1,1,0,0,0.0010940000065602362,
gamma_0.8_789_e4f06b93,gamma_0.8,train,686,789,easy,5,5,0.1,0.8,0.05,default,100,3.0,8,1,1,0,0,0.0010674999939510599,
gamma_0.8_789_e4f06b93,gamma_0.8,train,687,789,easy,5,5,0.1,0.8,0.05,default,100,1.0,10,1,1,0,0,0.0012454000097932294,
gamma_0.8_789_e4f06b93,gamma_0.8,train,688,789,easy,5,5,0.1,0.8,0.05,default,100,3.0,8,1,1,0,0,0.0009979000024031848,
gamma_0.8_789_e4f06b93,gamma_0.8,train,689,789,easy,5,5,0.1,0.8,0.05,default,100,3.0,8,1,1,0,0,0.0010522999946260825,
gamma_0.8_789_e4f06b93,gamma_0.8,train,690,789,easy,5,5,0.1,0.8,0.05,default,100,3.0,8,1,1,0,0,0.0010193999914918095,
gamma_0.8_789_e4f06b93,gamma_0.8,train,691,789,easy,5,5,0.1,0.8,0.05,default,100,3.0,8,1,1,0,0,0.0010490999993635342,
gamma_0.8_789_e4f06b93,gamma_0.8,train,692,789,easy,5,5,0.1,0.8,0.05,default,100,3.0,8,1,1,0,0,0.0015225999959511682,
gamma_0.8_789_e4f06b93,gamma_0.8,train,693,789,easy,5,5,0.1,0.8,0.05,default,100,3.0,8,1,1,0,0,0.001656000007642433,
gamma_0.8_789_e4f06b93,gamma_0.8,train,694,789,easy,5,5,0.1,0.8,0.05,default,100,3.0,8,1,1,0,0,0.0016201999969780445,
gamma_0.8_789_e4f06b93,gamma_0.8,train,695,789,easy,5,5,0.1,0.8,0.05,default,100,-1.0,12,1,1,0,0,0.002156800008378923,
gamma_0.8_789_e4f06b93,gamma_0.8,train,696,789,easy,5,5,0.1,0.8,0.05,default,100,2.0,9,1,1,0,0,0.0018495999975129962,
gamma_0.8_789_e4f06b93,gamma_0.8,train,697,789,easy,5,5,0.1,0.8,0.05,default,100,1.0,10,1,1,0,0,0.0020915999921271577,
gamma_0.8_789_e4f06b93,gamma_0.8,train,698,789,easy,5,5,0.1,0.8,0.05,default,100,3.0,8,1,1,0,0,0.0016818000003695488,
gamma_0.8_789_e4f06b93,gamma_0.8,train,699,789,easy,5,5,0.1,0.8,0.05,default,100,2.0,9,1,1,0,0,0.0018202999926870689,
gamma_0.8_789_e4f06b93,gamma_0.8,train,700,789,easy,5,5,0.1,0.8,0.05,default,100,3.0,8,1,1,0,0,0.0017793999868445098,
gamma_0.8_789_e4f06b93,gamma_0.8,train,701,789,easy,5,5,0.1,0.8,0.05,default,100,3.0,8,1,1,0,0,0.0011147000041091815,
gamma_0.8_789_e4f06b93,gamma_0.8,train,702,789,easy,5,5,0.1,0.8,0.05,default,100,3.0,8,1,1,0,0,0.0010664000001270324,
gamma_0.8_789_e4f06b93,gamma_0.8,train,703,789,easy,5,5,0.1,0.8,0.05,default,100,2.0,9,1,1,0,0,0.0011569999915082008,
gamma_0.8_789_e4f06b93,gamma_0.8,train,704,789,easy,5,5,0.1,0.8,0.05,default,100,2.0,9,1,1,0,0,0.0011547000030986965,
gamma_0.8_789_e4f06b93,gamma_0.8,train,705,789,easy,5,5,0.1,0.8,0.05,default,100,3.0,8,1,1,0,0,0.001065000004018657,
gamma_0.8_789_e4f06b93,gamma_0.8,train,706,789,easy,5,5,0.1,0.8,0.05,default,100,3.0,8,1,1,0,0,0.0010796999995363876,
gamma_0.8_789_e4f06b93,gamma_0.8,train,707,789,easy,5,5,0.1,0.8,0.05,default,100,3.0,8,1,1,0,0,0.0010725000029196963,
gamma_0.8_789_e4f06b93,gamma_0.8,train,708,789,easy,5,5,0.1,0.8,0.05,default,100,3.0,8,1,1,0,0,0.0011346999963279814,
gamma_0.8_789_e4f06b93,gamma_0.8,train,709,789,easy,5,5,0.1,0.8,0.05,default,100,3.0,8,1,1,0,0,0.0010382000036770478,
gamma_0.8_789_e4f06b93,gamma_0.8,train,710,789,easy,5,5,0.1,0.8,0.05,default,100,2.0,9,1,1,0,0,0.0011616999981924891,
gamma_0.8_789_e4f06b93,gamma_0.8,train,711,789,easy,5,5,0.1,0.8,0.05,default,100,3.0,8,1,1,0,0,0.00106160000723321,
gamma_0.8_789_e4f06b93,gamma_0.8,train,712,789,easy,5,5,0.1,0.8,0.05,default,100,3.0,8,1,1,0,0,0.0010347999923396856,
gamma_0.8_789_e4f06b93,gamma_0.8,train,713,789,easy,5,5,0.1,0.8,0.05,default,100,3.0,8,1,1,0,0,0.00097490000189282,
gamma_0.8_789_e4f06b93,gamma_0.8,train,714,789,easy,5,5,0.1,0.8,0.05,default,100,3.0,8,1,1,0,0,0.0010882999922614545,
gamma_0.8_789_e4f06b93,gamma_0.8,train,715,789,easy,5,5,0.1,0.8,0.05,default,100,1.0,10,1,1,0,0,0.0012691000010818243,
gamma_0.8_789_e4f06b93,gamma_0.8,train,716,789,easy,5,5,0.1,0.8,0.05,default,100,3.0,8,1,1,0,0,0.0009637000039219856,
gamma_0.8_789_e4f06b93,gamma_0.8,train,717,789,easy,5,5,0.1,0.8,0.05,default,100,3.0,8,1,1,0,0,0.0010840000031748787,
gamma_0.8_789_e4f06b93,gamma_0.8,train,718,789,easy,5,5,0.1,0.8,0.05,default,100,3.0,8,1,1,0,0,0.001064700001734309,
gamma_0.8_789_e4f06b93,gamma_0.8,train,719,789,easy,5,5,0.1,0.8,0.05,default,100,3.0,8,1,1,0,0,0.0010782000026665628,
gamma_0.8_789_e4f06b93,gamma_0.8,train,720,789,easy,5,5,0.1,0.8,0.05,default,100,3.0,8,1,1,0,0,0.0010563000105321407,
gamma_0.8_789_e4f06b93,gamma_0.8,train,721,789,easy,5,5,0.1,0.8,0.05,default,100,3.0,8,1,1,0,0,0.0011078999959863722,
gamma_0.8_789_e4f06b93,gamma_0.8,train,722,789,easy,5,5,0.1,0.8,0.05,default,100,3.0,8,1,1,0,0,0.0010674999939510599,
gamma_0.8_789_e4f06b93,gamma_0.8,train,723,789,easy,5,5,0.1,0.8,0.05,default,100,2.0,9,1,1,0,0,0.0011095000081695616,
gamma_0.8_789_e4f06b93,gamma_0.8,train,724,789,easy,5,5,0.1,0.8,0.05,default,100,3.0,8,1,1,0,0,0.0010635999933583662,
gamma_0.8_789_e4f06b93,gamma_0.8,train,725,789,easy,5,5,0.1,0.8,0.05,default,100,3.0,8,1,1,0,0,0.0010757000127341598,
gamma_0.8_789_e4f06b93,gamma_0.8,train,726,789,easy,5,5,0.1,0.8,0.05,default,100,3.0,8,1,1,0,0,0.0010752999951364473,
gamma_0.8_789_e4f06b93,gamma_0.8,train,727,789,easy,5,5,0.1,0.8,0.05,default,100,2.0,9,1,1,0,0,0.001132100005634129,
gamma_0.8_789_e4f06b93,gamma_0.8,train,728,789,easy,5,5,0.1,0.8,0.05,default,100,3.0,8,1,1,0,0,0.0010560999944573268,
gamma_0.8_789_e4f06b93,gamma_0.8,train,729,789,easy,5,5,0.1,0.8,0.05,default,100,3.0,8,1,1,0,0,0.0010649999894667417,
gamma_0.8_789_e4f06b93,gamma_0.8,train,730,789,easy,5,5,0.1,0.8,0.05,default,100,3.0,8,1,1,0,0,0.0010749999928520992,
gamma_0.8_789_e4f06b93,gamma_0.8,train,731,789,easy,5,5,0.1,0.8,0.05,default,100,3.0,8,1,1,0,0,0.001061300004948862,
gamma_0.8_789_e4f06b93,gamma_0.8,train,732,789,easy,5,5,0.1,0.8,0.05,default,100,-14.0,5,0,1,0,1,0.0006741999968653545,
gamma_0.8_789_e4f06b93,gamma_0.8,train,733,789,easy,5,5,0.1,0.8,0.05,default,100,2.0,9,1,1,0,0,0.00114900000335183,
gamma_0.8_789_e4f06b93,gamma_0.8,train,734,789,easy,5,5,0.1,0.8,0.05,default,100,3.0,8,1,1,0,0,0.0010780000011436641,
gamma_0.8_789_e4f06b93,gamma_0.8,train,735,789,easy,5,5,0.1,0.8,0.05,default,100,3.0,8,1,1,0,0,0.001083599985577166,
gamma_0.8_789_e4f06b93,gamma_0.8,train,736,789,easy,5,5,0.1,0.8,0.05,default,100,-16.0,7,0,1,0,1,0.0008686999935889617,
gamma_0.8_789_e4f06b93,gamma_0.8,train,737,789,easy,5,5,0.1,0.8,0.05,default,100,-17.0,8,0,1,0,1,0.0009385000012116507,
gamma_0.8_789_e4f06b93,gamma_0.8,train,738,789,easy,5,5,0.1,0.8,0.05,default,100,3.0,8,1,1,0,0,0.0010509000130696222,
gamma_0.8_789_e4f06b93,gamma_0.8,train,739,789,easy,5,5,0.1,0.8,0.05,default,100,3.0,8,1,1,0,0,0.0010580999951343983,
gamma_0.8_789_e4f06b93,gamma_0.8,train,740,789,easy,5,5,0.1,0.8,0.05,default,100,3.0,8,1,1,0,0,0.0010779000003822148,
gamma_0.8_789_e4f06b93,gamma_0.8,train,741,789,easy,5,5,0.1,0.8,0.05,default,100,3.0,8,1,1,0,0,0.0010861000046133995,
gamma_0.8_789_e4f06b93,gamma_0.8,train,742,789,easy,5,5,0.1,0.8,0.05,default,100,3.0,8,1,1,0,0,0.0010830999963218346,
gamma_0.8_789_e4f06b93,gamma_0.8,train,743,789,easy,5,5,0.1,0.8,0.05,default,100,3.0,8,1,1,0,0,0.0010623999987728894,
gamma_0.8_789_e4f06b93,gamma_0.8,train,744,789,easy,5,5,0.1,0.8,0.05,default,100,3.0,8,1,1,0,0,0.0010956000041915104,
gamma_0.8_789_e4f06b93,gamma_0.8,train,745,789,easy,5,5,0.1,0.8,0.05,default,100,3.0,8,1,1,0,0,0.0010641999979270622,
gamma_0.8_789_e4f06b93,gamma_0.8,train,746,789,easy,5,5,0.1,0.8,0.05,default,100,3.0,8,1,1,0,0,0.0011555999953998253,
gamma_0.8_789_e4f06b93,gamma_0.8,train,747,789,easy,5,5,0.1,0.8,0.05,default,100,3.0,8,1,1,0,0,0.0010923999943770468,
gamma_0.8_789_e4f06b93,gamma_0.8,train,748,789,easy,5,5,0.1,0.8,0.05,default,100,3.0,8,1,1,0,0,0.0010315999970771372,
gamma_0.8_789_e4f06b93,gamma_0.8,train,749,789,easy,5,5,0.1,0.8,0.05,default,100,3.0,8,1,1,0,0,0.0009928999934345484,
gamma_0.8_789_e4f06b93,gamma_0.8,train,750,789,easy,5,5,0.1,0.8,0.05,default,100,3.0,8,1,1,0,0,0.001060400012647733,
gamma_0.8_789_e4f06b93,gamma_0.8,train,751,789,easy,5,5,0.1,0.8,0.05,default,100,3.0,8,1,1,0,0,0.0010790999949676916,
gamma_0.8_789_e4f06b93,gamma_0.8,train,752,789,easy,5,5,0.1,0.8,0.05,default,100,3.0,8,1,1,0,0,0.0010636999941198155,
gamma_0.8_789_e4f06b93,gamma_0.8,train,753,789,easy,5,5,0.1,0.8,0.05,default,100,3.0,8,1,1,0,0,0.0010820999887073413,
gamma_0.8_789_e4f06b93,gamma_0.8,train,754,789,easy,5,5,0.1,0.8,0.05,default,100,-14.0,5,0,1,0,1,0.0006699999939883128,
gamma_0.8_789_e4f06b93,gamma_0.8,train,755,789,easy,5,5,0.1,0.8,0.05,default,100,3.0,8,1,1,0,0,0.0010868000099435449,
gamma_0.8_789_e4f06b93,gamma_0.8,train,756,789,easy,5,5,0.1,0.8,0.05,default,100,3.0,8,1,1,0,0,0.001075799998943694,
gamma_0.8_789_e4f06b93,gamma_0.8,train,757,789,easy,5,5,0.1,0.8,0.05,default,100,2.0,9,1,1,0,0,0.0011683000047923997,
gamma_0.8_789_e4f06b93,gamma_0.8,train,758,789,easy,5,5,0.1,0.8,0.05,default,100,3.0,8,1,1,0,0,0.0010643999994499609,
gamma_0.8_789_e4f06b93,gamma_0.8,train,759,789,easy,5,5,0.1,0.8,0.05,default,100,3.0,8,1,1,0,0,0.001075199994374998,
gamma_0.8_789_e4f06b93,gamma_0.8,train,760,789,easy,5,5,0.1,0.8,0.05,default,100,3.0,8,1,1,0,0,0.0010847999947145581,
gamma_0.8_789_e4f06b93,gamma_0.8,train,761,789,easy,5,5,0.1,0.8,0.05,default,100,3.0,8,1,1,0,0,0.0010990000009769574,
gamma_0.8_789_e4f06b93,gamma_0.8,train,762,789,easy,5,5,0.1,0.8,0.05,default,100,3.0,8,1,1,0,0,0.0010241999989375472,
gamma_0.8_789_e4f06b93,gamma_0.8,train,763,789,easy,5,5,0.1,0.8,0.05,default,100,3.0,8,1,1,0,0,0.001034899993101135,
gamma_0.8_789_e4f06b93,gamma_0.8,train,764,789,easy,5,5,0.1,0.8,0.05,default,100,1.0,10,1,1,0,0,0.0012175999872852117,
gamma_0.8_789_e4f06b93,gamma_0.8,train,765,789,easy,5,5,0.1,0.8,0.05,default,100,3.0,8,1,1,0,0,0.0010809999948833138,
gamma_0.8_789_e4f06b93,gamma_0.8,train,766,789,easy,5,5,0.1,0.8,0.05,default,100,3.0,8,1,1,0,0,0.0011030000023311004,
gamma_0.8_789_e4f06b93,gamma_0.8,train,767,789,easy,5,5,0.1,0.8,0.05,default,100,3.0,8,1,1,0,0,0.0010621999972499907,
gamma_0.8_789_e4f06b93,gamma_0.8,train,768,789,easy,5,5,0.1,0.8,0.05,default,100,-14.0,5,0,1,0,1,0.0006761000113328919,
gamma_0.8_789_e4f06b93,gamma_0.8,train,769,789,easy,5,5,0.1,0.8,0.05,default,100,0.0,11,1,1,0,0,0.001330899991444312,
gamma_0.8_789_e4f06b93,gamma_0.8,train,770,789,easy,5,5,0.1,0.8,0.05,default,100,3.0,8,1,1,0,0,0.0010702999861678109,
gamma_0.8_789_e4f06b93,gamma_0.8,train,771,789,easy,5,5,0.1,0.8,0.05,default,100,3.0,8,1,1,0,0,0.0010554999898886308,
gamma_0.8_789_e4f06b93,gamma_0.8,train,772,789,easy,5,5,0.1,0.8,0.05,default,100,3.0,8,1,1,0,0,0.0010661999986041337,
gamma_0.8_789_e4f06b93,gamma_0.8,train,773,789,easy,5,5,0.1,0.8,0.05,default,100,3.0,8,1,1,0,0,0.001057999994372949,
gamma_0.8_789_e4f06b93,gamma_0.8,train,774,789,easy,5,5,0.1,0.8,0.05,default,100,3.0,8,1,1,0,0,0.0010697999969124794,
gamma_0.8_789_e4f06b93,gamma_0.8,train,775,789,easy,5,5,0.1,0.8,0.05,default,100,3.0,8,1,1,0,0,0.0010537000052863732,
gamma_0.8_789_e4f06b93,gamma_0.8,train,776,789,easy,5,5,0.1,0.8,0.05,default,100,2.0,9,1,1,0,0,0.0011405999975977466,
gamma_0.8_789_e4f06b93,gamma_0.8,train,777,789,easy,5,5,0.1,0.8,0.05,default,100,3.0,8,1,1,0,0,0.0010630000033415854,
gamma_0.8_789_e4f06b93,gamma_0.8,train,778,789,easy,5,5,0.1,0.8,0.05,default,100,3.0,8,1,1,0,0,0.0010843000054592267,
gamma_0.8_789_e4f06b93,gamma_0.8,train,779,789,easy,5,5,0.1,0.8,0.05,default,100,1.0,10,1,1,0,0,0.0013100000069243833,
gamma_0.8_789_e4f06b93,gamma_0.8,train,780,789,easy,5,5,0.1,0.8,0.05,default,100,1.0,10,1,1,0,0,0.0012462000013329089,
gamma_0.8_789_e4f06b93,gamma_0.8,train,781,789,easy,5,5,0.1,0.8,0.05,default,100,3.0,8,1,1,0,0,0.001099200002499856,
gamma_0.8_789_e4f06b93,gamma_0.8,train,782,789,easy,5,5,0.1,0.8,0.05,default,100,3.0,8,1,1,0,0,0.0010941999935312197,
gamma_0.8_789_e4f06b93,gamma_0.8,train,783,789,easy,5,5,0.1,0.8,0.05,default,100,2.0,9,1,1,0,0,0.0011765999952331185,
gamma_0.8_789_e4f06b93,gamma_0.8,train,784,789,easy,5,5,0.1,0.8,0.05,default,100,3.0,8,1,1,0,0,0.0010704000014811754,
gamma_0.8_789_e4f06b93,gamma_0.8,train,785,789,easy,5,5,0.1,0.8,0.05,default,100,3.0,8,1,1,0,0,0.001068499987013638,
gamma_0.8_789_e4f06b93,gamma_0.8,train,786,789,easy,5,5,0.1,0.8,0.05,default,100,3.0,8,1,1,0,0,0.0010735999967437238,
gamma_0.8_789_e4f06b93,gamma_0.8,train,787,789,easy,5,5,0.1,0.8,0.05,default,100,3.0,8,1,1,0,0,0.0010173000046052039,
gamma_0.8_789_e4f06b93,gamma_0.8,train,788,789,easy,5,5,0.1,0.8,0.05,default,100,3.0,8,1,1,0,0,0.0010782000026665628,
gamma_0.8_789_e4f06b93,gamma_0.8,train,789,789,easy,5,5,0.1,0.8,0.05,default,100,3.0,8,1,1,0,0,0.0010099000064656138,
gamma_0.8_789_e4f06b93,gamma_0.8,train,790,789,easy,5,5,0.1,0.8,0.05,default,100,3.0,8,1,1,0,0,0.0010813999979291111,
gamma_0.8_789_e4f06b93,gamma_0.8,train,791,789,easy,5,5,0.1,0.8,0.05,default,100,-14.0,5,0,1,0,1,0.0006603000074392185,
gamma_0.8_789_e4f06b93,gamma_0.8,train,792,789,easy,5,5,0.1,0.8,0.05,default,100,3.0,8,1,1,0,0,0.0010608000011416152,
gamma_0.8_789_e4f06b93,gamma_0.8,train,793,789,easy,5,5,0.1,0.8,0.05,default,100,1.0,10,1,1,0,0,0.0012499000004027039,
gamma_0.8_789_e4f06b93,gamma_0.8,train,794,789,easy,5,5,0.1,0.8,0.05,default,100,3.0,8,1,1,0,0,0.0010252999927615747,
gamma_0.8_789_e4f06b93,gamma_0.8,train,795,789,easy,5,5,0.1,0.8,0.05,default,100,1.0,10,1,1,0,0,0.001245000006747432,
gamma_0.8_789_e4f06b93,gamma_0.8,train,796,789,easy,5,5,0.1,0.8,0.05,default,100,3.0,8,1,1,0,0,0.0010673000069800764,
gamma_0.8_789_e4f06b93,gamma_0.8,train,797,789,easy,5,5,0.1,0.8,0.05,default,100,1.0,10,1,1,0,0,0.0012916999985463917,
gamma_0.8_789_e4f06b93,gamma_0.8,train,798,789,easy,5,5,0.1,0.8,0.05,default,100,2.0,9,1,1,0,0,0.0011547000030986965,
gamma_0.8_789_e4f06b93,gamma_0.8,train,799,789,easy,5,5,0.1,0.8,0.05,default,100,-14.0,5,0,1,0,1,0.0006647999980486929,
gamma_0.8_789_e4f06b93,gamma_0.8,train,800,789,easy,5,5,0.1,0.8,0.05,default,100,3.0,8,1,1,0,0,0.001066900003934279,results\gamma_comparison\gamma_0.8\seed_789\qtable_ep800.npz
gamma_0.8_789_e4f06b93,gamma_0.8,eval,1,789,easy,5,5,0.1,0.8,0.0,default,100,-100.0,100,0,0,1,0,,
gamma_0.8_789_e4f06b93,gamma_0.8,eval,2,789,easy,5,5,0.1,0.8,0.0,default,100,-100.0,100,0,0,1,0,,
gamma_0.8_789_e4f06b93,gamma_0.8,eval,3,789,easy,5,5,0.1,0.8,0.0,default,100,-100.0,100,0,0,1,0,,
gamma_0.8_789_e4f06b93,gamma_0.8,eval,4,789,easy,5,5,0.1,0.8,0.0,default,100,-100.0,100,0,0,1,0,,
gamma_0.8_789_e4f06b93,gamma_0.8,eval,5,789,easy,5,5,0.1,0.8,0.0,default,100,-100.0,100,0,0,1,0,,
gamma_0.8_789_e4f06b93,gamma_0.8,eval,6,789,easy,5,5,0.1,0.8,0.0,default,100,-100.0,100,0,0,1,0,,
gamma_0.8_789_e4f06b93,gamma_0.8,eval,7,789,easy,5,5,0.1,0.8,0.0,default,100,-100.0,100,0,0,1,0,,
gamma_0.8_789_e4f06b93,gamma_0.8,eval,8,789,easy,5,5,0.1,0.8,0.0,default,100,-100.0,100,0,0,1,0,,
gamma_0.8_789_e4f06b93,gamma_0.8,eval,9,789,easy,5,5,0.1,0.8,0.0,default,100,-100.0,100,0,0,1,0,,
gamma_0.8_789_e4f06b93,gamma_0.8,eval,10,789,easy,5,5,0.1,0.8,0.0,default,100,-100.0,100,0,0,1,0,,
gamma_0.8_789_e4f06b93,gamma_0.8,eval,1,789,easy,5,5,0.1,0.8,0.0,default,100,-100.0,100,0,0,1,0,,
gamma_0.8_789_e4f06b93,gamma_0.8,eval,2,789,easy,5,5,0.1,0.8,0.0,default,100,-100.0,100,0,0,1,0,,
gamma_0.8_789_e4f06b93,gamma_0.8,eval,3,789,easy,5,5,0.1,0.8,0.0,default,100,-100.0,100,0,0,1,0,,
gamma_0.8_789_e4f06b93,gamma_0.8,eval,4,789,easy,5,5,0.1,0.8,0.0,default,100,-100.0,100,0,0,1,0,,
gamma_0.8_789_e4f06b93,gamma_0.8,eval,5,789,easy,5,5,0.1,0.8,0.0,default,100,-100.0,100,0,0,1,0,,
gamma_0.8_789_e4f06b93,gamma_0.8,eval,6,789,easy,5,5,0.1,0.8,0.0,default,100,-100.0,100,0,0,1,0,,
gamma_0.8_789_e4f06b93,gamma_0.8,eval,7,789,easy,5,5,0.1,0.8,0.0,default,100,-100.0,100,0,0,1,0,,
gamma_0.8_789_e4f06b93,gamma_0.8,eval,8,789,easy,5,5,0.1,0.8,0.0,default,100,-100.0,100,0,0,1,0,,
gamma_0.8_789_e4f06b93,gamma_0.8,eval,9,789,easy,5,5,0.1,0.8,0.0,default,100,-100.0,100,0,0,1,0,,
gamma_0.8_789_e4f06b93,gamma_0.8,eval,10,789,easy,5,5,0.1,0.8,0.0,default,100,-100.0,100,0,0,1,0,,
gamma_0.8_789_e4f06b93,gamma_0.8,eval,1,789,easy,5,5,0.1,0.8,0.0,default,100,-100.0,100,0,0,1,0,,
gamma_0.8_789_e4f06b93,gamma_0.8,eval,2,789,easy,5,5,0.1,0.8,0.0,default,100,-100.0,100,0,0,1,0,,
gamma_0.8_789_e4f06b93,gamma_0.8,eval,3,789,easy,5,5,0.1,0.8,0.0,default,100,-100.0,100,0,0,1,0,,
gamma_0.8_789_e4f06b93,gamma_0.8,eval,4,789,easy,5,5,0.1,0.8,0.0,default,100,-100.0,100,0,0,1,0,,
gamma_0.8_789_e4f06b93,gamma_0.8,eval,5,789,easy,5,5,0.1,0.8,0.0,default,100,-100.0,100,0,0,1,0,,
gamma_0.8_789_e4f06b93,gamma_0.8,eval,6,789,easy,5,5,0.1,0.8,0.0,default,100,-100.0,100,0,0,1,0,,
gamma_0.8_789_e4f06b93,gamma_0.8,eval,7,789,easy,5,5,0.1,0.8,0.0,default,100,-100.0,100,0,0,1,0,,
gamma_0.8_789_e4f06b93,gamma_0.8,eval,8,789,easy,5,5,0.1,0.8,0.0,default,100,-100.0,100,0,0,1,0,,
gamma_0.8_789_e4f06b93,gamma_0.8,eval,9,789,easy,5,5,0.1,0.8,0.0,default,100,-100.0,100,0,0,1,0,,
gamma_0.8_789_e4f06b93,gamma_0.8,eval,10,789,easy,5,5,0.1,0.8,0.0,default,100,-100.0,100,0,0,1,0,,
gamma_0.8_789_e4f06b93,gamma_0.8,eval,1,789,easy,5,5,0.1,0.8,0.0,default,100,-100.0,100,0,0,1,0,,
gamma_0.8_789_e4f06b93,gamma_0.8,eval,2,789,easy,5,5,0.1,0.8,0.0,default,100,-100.0,100,0,0,1,0,,
gamma_0.8_789_e4f06b93,gamma_0.8,eval,3,789,easy,5,5,0.1,0.8,0.0,default,100,-100.0,100,0,0,1,0,,
gamma_0.8_789_e4f06b93,gamma_0.8,eval,4,789,easy,5,5,0.1,0.8,0.0,default,100,-100.0,100,0,0,1,0,,
gamma_0.8_789_e4f06b93,gamma_0.8,eval,5,789,easy,5,5,0.1,0.8,0.0,default,100,-100.0,100,0,0,1,0,,
gamma_0.8_789_e4f06b93,gamma_0.8,eval,6,789,easy,5,5,0.1,0.8,0.0,default,100,-100.0,100,0,0,1,0,,
gamma_0.8_789_e4f06b93,gamma_0.8,eval,7,789,easy,5,5,0.1,0.8,0.0,default,100,-100.0,100,0,0,1,0,,
gamma_0.8_789_e4f06b93,gamma_0.8,eval,8,789,easy,5,5,0.1,0.8,0.0,default,100,-100.0,100,0,0,1,0,,
gamma_0.8_789_e4f06b93,gamma_0.8,eval,9,789,easy,5,5,0.1,0.8,0.0,default,100,-100.0,100,0,0,1,0,,
gamma_0.8_789_e4f06b93,gamma_0.8,eval,10,789,easy,5,5,0.1,0.8,0.0,default,100,-100.0,100,0,0,1,0,,
gamma_0.8_789_e4f06b93,gamma_0.8,eval,1,789,easy,5,5,0.1,0.8,0.0,default,100,3.0,8,1,1,0,0,,
gamma_0.8_789_e4f06b93,gamma_0.8,eval,2,789,easy,5,5,0.1,0.8,0.0,default,100,3.0,8,1,1,0,0,,
gamma_0.8_789_e4f06b93,gamma_0.8,eval,3,789,easy,5,5,0.1,0.8,0.0,default,100,3.0,8,1,1,0,0,,
gamma_0.8_789_e4f06b93,gamma_0.8,eval,4,789,easy,5,5,0.1,0.8,0.0,default,100,3.0,8,1,1,0,0,,
gamma_0.8_789_e4f06b93,gamma_0.8,eval,5,789,easy,5,5,0.1,0.8,0.0,default,100,3.0,8,1,1,0,0,,
gamma_0.8_789_e4f06b93,gamma_0.8,eval,6,789,easy,5,5,0.1,0.8,0.0,default,100,3.0,8,1,1,0,0,,
gamma_0.8_789_e4f06b93,gamma_0.8,eval,7,789,easy,5,5,0.1,0.8,0.0,default,100,3.0,8,1,1,0,0,,
gamma_0.8_789_e4f06b93,gamma_0.8,eval,8,789,easy,5,5,0.1,0.8,0.0,default,100,3.0,8,1,1,0,0,,
gamma_0.8_789_e4f06b93,gamma_0.8,eval,9,789,easy,5,5,0.1,0.8,0.0,default,100,3.0,8,1,1,0,0,,
gamma_0.8_789_e4f06b93,gamma_0.8,eval,10,789,easy,5,5,0.1,0.8,0.0,default,100,3.0,8,1,1,0,0,,
gamma_0.8_789_e4f06b93,gamma_0.8,eval,1,789,easy,5,5,0.1,0.8,0.0,default,100,3.0,8,1,1,0,0,,
gamma_0.8_789_e4f06b93,gamma_0.8,eval,2,789,easy,5,5,0.1,0.8,0.0,default,100,3.0,8,1,1,0,0,,
gamma_0.8_789_e4f06b93,gamma_0.8,eval,3,789,easy,5,5,0.1,0.8,0.0,default,100,3.0,8,1,1,0,0,,
gamma_0.8_789_e4f06b93,gamma_0.8,eval,4,789,easy,5,5,0.1,0.8,0.0,default,100,3.0,8,1,1,0,0,,
gamma_0.8_789_e4f06b93,gamma_0.8,eval,5,789,easy,5,5,0.1,0.8,0.0,default,100,3.0,8,1,1,0,0,,
gamma_0.8_789_e4f06b93,gamma_0.8,eval,6,789,easy,5,5,0.1,0.8,0.0,default,100,3.0,8,1,1,0,0,,
gamma_0.8_789_e4f06b93,gamma_0.8,eval,7,789,easy,5,5,0.1,0.8,0.0,default,100,3.0,8,1,1,0,0,,
gamma_0.8_789_e4f06b93,gamma_0.8,eval,8,789,easy,5,5,0.1,0.8,0.0,default,100,3.0,8,1,1,0,0,,
gamma_0.8_789_e4f06b93,gamma_0.8,eval,9,789,easy,5,5,0.1,0.8,0.0,default,100,3.0,8,1,1,0,0,,
gamma_0.8_789_e4f06b93,gamma_0.8,eval,10,789,easy,5,5,0.1,0.8,0.0,default,100,3.0,8,1,1,0,0,,
gamma_0.8_789_e4f06b93,gamma_0.8,eval,1,789,easy,5,5,0.1,0.8,0.0,default,100,3.0,8,1,1,0,0,,
gamma_0.8_789_e4f06b93,gamma_0.8,eval,2,789,easy,5,5,0.1,0.8,0.0,default,100,3.0,8,1,1,0,0,,
gamma_0.8_789_e4f06b93,gamma_0.8,eval,3,789,easy,5,5,0.1,0.8,0.0,default,100,3.0,8,1,1,0,0,,
gamma_0.8_789_e4f06b93,gamma_0.8,eval,4,789,easy,5,5,0.1,0.8,0.0,default,100,3.0,8,1,1,0,0,,
gamma_0.8_789_e4f06b93,gamma_0.8,eval,5,789,easy,5,5,0.1,0.8,0.0,default,100,3.0,8,1,1,0,0,,
gamma_0.8_789_e4f06b93,gamma_0.8,eval,6,789,easy,5,5,0.1,0.8,0.0,default,100,3.0,8,1,1,0,0,,
gamma_0.8_789_e4f06b93,gamma_0.8,eval,7,789,easy,5,5,0.1,0.8,0.0,default,100,3.0,8,1,1,0,0,,
gamma_0.8_789_e4f06b93,gamma_0.8,eval,8,789,easy,5,5,0.1,0.8,0.0,default,100,3.0,8,1,1,0,0,,
gamma_0.8_789_e4f06b93,gamma_0.8,eval,9,789,easy,5,5,0.1,0.8,0.0,default,100,3.0,8,1,1,0,0,,
gamma_0.8_789_e4f06b93,gamma_0.8,eval,10,789,easy,5,5,0.1,0.8,0.0,default,100,3.0,8,1,1,0,0,,
gamma_0.8_789_e4f06b93,gamma_0.8,eval,1,789,easy,5,5,0.1,0.8,0.0,default,100,3.0,8,1,1,0,0,,
gamma_0.8_789_e4f06b93,gamma_0.8,eval,2,789,easy,5,5,0.1,0.8,0.0,default,100,3.0,8,1,1,0,0,,
gamma_0.8_789_e4f06b93,gamma_0.8,eval,3,789,easy,5,5,0.1,0.8,0.0,default,100,3.0,8,1,1,0,0,,
gamma_0.8_789_e4f06b93,gamma_0.8,eval,4,789,easy,5,5,0.1,0.8,0.0,default,100,3.0,8,1,1,0,0,,
gamma_0.8_789_e4f06b93,gamma_0.8,eval,5,789,easy,5,5,0.1,0.8,0.0,default,100,3.0,8,1,1,0,0,,
gamma_0.8_789_e4f06b93,gamma_0.8,eval,6,789,easy,5,5,0.1,0.8,0.0,default,100,3.0,8,1,1,0,0,,
gamma_0.8_789_e4f06b93,gamma_0.8,eval,7,789,easy,5,5,0.1,0.8,0.0,default,100,3.0,8,1,1,0,0,,
gamma_0.8_789_e4f06b93,gamma_0.8,eval,8,789,easy,5,5,0.1,0.8,0.0,default,100,3.0,8,1,1,0,0,,
gamma_0.8_789_e4f06b93,gamma_0.8,eval,9,789,easy,5,5,0.1,0.8,0.0,default,100,3.0,8,1,1,0,0,,
gamma_0.8_789_e4f06b93,gamma_0.8,eval,10,789,easy,5,5,0.1,0.8,0.0,default,100,3.0,8,1,1,0,0,,
gamma_0.8_789_e4f06b93,gamma_0.8,eval,1,789,easy,5,5,0.1,0.8,0.0,default,100,3.0,8,1,1,0,0,,
gamma_0.8_789_e4f06b93,gamma_0.8,eval,2,789,easy,5,5,0.1,0.8,0.0,default,100,3.0,8,1,1,0,0,,
gamma_0.8_789_e4f06b93,gamma_0.8,eval,3,789,easy,5,5,0.1,0.8,0.0,default,100,3.0,8,1,1,0,0,,
gamma_0.8_789_e4f06b93,gamma_0.8,eval,4,789,easy,5,5,0.1,0.8,0.0,default,100,3.0,8,1,1,0,0,,
gamma_0.8_789_e4f06b93,gamma_0.8,eval,5,789,easy,5,5,0.1,0.8,0.0,default,100,3.0,8,1,1,0,0,,
gamma_0.8_789_e4f06b93,gamma_0.8,eval,6,789,easy,5,5,0.1,0.8,0.0,default,100,3.0,8,1,1,0,0,,
gamma_0.8_789_e4f06b93,gamma_0.8,eval,7,789,easy,5,5,0.1,0.8,0.0,default,100,3.0,8,1,1,0,0,,
gamma_0.8_789_e4f06b93,gamma_0.8,eval,8,789,easy,5,5,0.1,0.8,0.0,default,100,3.0,8,1,1,0,0,,
gamma_0.8_789_e4f06b93,gamma_0.8,eval,9,789,easy,5,5,0.1,0.8,0.0,default,100,3.0,8,1,1,0,0,,
gamma_0.8_789_e4f06b93,gamma_0.8,eval,10,789,easy,5,5,0.1,0.8,0.0,default,100,3.0,8,1,1,0,0,,
gamma_0.8_789_e4f06b93,gamma_0.8,eval,1,789,easy,5,5,0.1,0.8,0.0,default,100,3.0,8,1,1,0,0,,
gamma_0.8_789_e4f06b93,gamma_0.8,eval,2,789,easy,5,5,0.1,0.8,0.0,default,100,3.0,8,1,1,0,0,,
gamma_0.8_789_e4f06b93,gamma_0.8,eval,3,789,easy,5,5,0.1,0.8,0.0,default,100,3.0,8,1,1,0,0,,
gamma_0.8_789_e4f06b93,gamma_0.8,eval,4,789,easy,5,5,0.1,0.8,0.0,default,100,3.0,8,1,1,0,0,,
gamma_0.8_789_e4f06b93,gamma_0.8,eval,5,789,easy,5,5,0.1,0.8,0.0,default,100,3.0,8,1,1,0,0,,
gamma_0.8_789_e4f06b93,gamma_0.8,eval,6,789,easy,5,5,0.1,0.8,0.0,default,100,3.0,8,1,1,0,0,,
gamma_0.8_789_e4f06b93,gamma_0.8,eval,7,789,easy,5,5,0.1,0.8,0.0,default,100,3.0,8,1,1,0,0,,
gamma_0.8_789_e4f06b93,gamma_0.8,eval,8,789,easy,5,5,0.1,0.8,0.0,default,100,3.0,8,1,1,0,0,,
gamma_0.8_789_e4f06b93,gamma_0.8,eval,9,789,easy,5,5,0.1,0.8,0.0,default,100,3.0,8,1,1,0,0,,
gamma_0.8_789_e4f06b93,gamma_0.8,eval,10,789,easy,5,5,0.1,0.8,0.0,default,100,3.0,8,1,1,0,0,,
gamma_0.8_789_e4f06b93,gamma_0.8,eval,1,789,easy,5,5,0.1,0.8,0.0,default,100,3.0,8,1,1,0,0,,
gamma_0.8_789_e4f06b93,gamma_0.8,eval,2,789,easy,5,5,0.1,0.8,0.0,default,100,3.0,8,1,1,0,0,,
gamma_0.8_789_e4f06b93,gamma_0.8,eval,3,789,easy,5,5,0.1,0.8,0.0,default,100,3.0,8,1,1,0,0,,
gamma_0.8_789_e4f06b93,gamma_0.8,eval,4,789,easy,5,5,0.1,0.8,0.0,default,100,3.0,8,1,1,0,0,,
gamma_0.8_789_e4f06b93,gamma_0.8,eval,5,789,easy,5,5,0.1,0.8,0.0,default,100,3.0,8,1,1,0,0,,
gamma_0.8_789_e4f06b93,gamma_0.8,eval,6,789,easy,5,5,0.1,0.8,0.0,default,100,3.0,8,1,1,0,0,,
gamma_0.8_789_e4f06b93,gamma_0.8,eval,7,789,easy,5,5,0.1,0.8,0.0,default,100,3.0,8,1,1,0,0,,
gamma_0.8_789_e4f06b93,gamma_0.8,eval,8,789,easy,5,5,0.1,0.8,0.0,default,100,3.0,8,1,1,0,0,,
gamma_0.8_789_e4f06b93,gamma_0.8,eval,9,789,easy,5,5,0.1,0.8,0.0,default,100,3.0,8,1,1,0,0,,
gamma_0.8_789_e4f06b93,gamma_0.8,eval,10,789,easy,5,5,0.1,0.8,0.0,default,100,3.0,8,1,1,0,0,,
gamma_0.8_789_e4f06b93,gamma_0.8,eval,1,789,easy,5,5,0.1,0.8,0.0,default,100,3.0,8,1,1,0,0,,
gamma_0.8_789_e4f06b93,gamma_0.8,eval,2,789,easy,5,5,0.1,0.8,0.0,default,100,3.0,8,1,1,0,0,,
gamma_0.8_789_e4f06b93,gamma_0.8,eval,3,789,easy,5,5,0.1,0.8,0.0,default,100,3.0,8,1,1,0,0,,
gamma_0.8_789_e4f06b93,gamma_0.8,eval,4,789,easy,5,5,0.1,0.8,0.0,default,100,3.0,8,1,1,0,0,,
gamma_0.8_789_e4f06b93,gamma_0.8,eval,5,789,easy,5,5,0.1,0.8,0.0,default,100,3.0,8,1,1,0,0,,
gamma_0.8_789_e4f06b93,gamma_0.8,eval,6,789,easy,5,5,0.1,0.8,0.0,default,100,3.0,8,1,1,0,0,,
gamma_0.8_789_e4f06b93,gamma_0.8,eval,7,789,easy,5,5,0.1,0.8,0.0,default,100,3.0,8,1,1,0,0,,
gamma_0.8_789_e4f06b93,gamma_0.8,eval,8,789,easy,5,5,0.1,0.8,0.0,default,100,3.0,8,1,1,0,0,,
gamma_0.8_789_e4f06b93,gamma_0.8,eval,9,789,easy,5,5,0.1,0.8,0.0,default,100,3.0,8,1,1,0,0,,
gamma_0.8_789_e4f06b93,gamma_0.8,eval,10,789,easy,5,5,0.1,0.8,0.0,default,100,3.0,8,1,1,0,0,,
gamma_0.8_789_e4f06b93,gamma_0.8,eval,1,789,easy,5,5,0.1,0.8,0.0,default,100,3.0,8,1,1,0,0,,
gamma_0.8_789_e4f06b93,gamma_0.8,eval,2,789,easy,5,5,0.1,0.8,0.0,default,100,3.0,8,1,1,0,0,,
gamma_0.8_789_e4f06b93,gamma_0.8,eval,3,789,easy,5,5,0.1,0.8,0.0,default,100,3.0,8,1,1,0,0,,
gamma_0.8_789_e4f06b93,gamma_0.8,eval,4,789,easy,5,5,0.1,0.8,0.0,default,100,3.0,8,1,1,0,0,,
gamma_0.8_789_e4f06b93,gamma_0.8,eval,5,789,easy,5,5,0.1,0.8,0.0,default,100,3.0,8,1,1,0,0,,
gamma_0.8_789_e4f06b93,gamma_0.8,eval,6,789,easy,5,5,0.1,0.8,0.0,default,100,3.0,8,1,1,0,0,,
gamma_0.8_789_e4f06b93,gamma_0.8,eval,7,789,easy,5,5,0.1,0.8,0.0,default,100,3.0,8,1,1,0,0,,
gamma_0.8_789_e4f06b93,gamma_0.8,eval,8,789,easy,5,5,0.1,0.8,0.0,default,100,3.0,8,1,1,0,0,,
gamma_0.8_789_e4f06b93,gamma_0.8,eval,9,789,easy,5,5,0.1,0.8,0.0,default,100,3.0,8,1,1,0,0,,
gamma_0.8_789_e4f06b93,gamma_0.8,eval,10,789,easy,5,5,0.1,0.8,0.0,default,100,3.0,8,1,1,0,0,,
gamma_0.8_789_e4f06b93,gamma_0.8,eval,1,789,easy,5,5,0.1,0.8,0.0,default,100,3.0,8,1,1,0,0,,
gamma_0.8_789_e4f06b93,gamma_0.8,eval,2,789,easy,5,5,0.1,0.8,0.0,default,100,3.0,8,1,1,0,0,,
gamma_0.8_789_e4f06b93,gamma_0.8,eval,3,789,easy,5,5,0.1,0.8,0.0,default,100,3.0,8,1,1,0,0,,
gamma_0.8_789_e4f06b93,gamma_0.8,eval,4,789,easy,5,5,0.1,0.8,0.0,default,100,3.0,8,1,1,0,0,,
gamma_0.8_789_e4f06b93,gamma_0.8,eval,5,789,easy,5,5,0.1,0.8,0.0,default,100,3.0,8,1,1,0,0,,
gamma_0.8_789_e4f06b93,gamma_0.8,eval,6,789,easy,5,5,0.1,0.8,0.0,default,100,3.0,8,1,1,0,0,,
gamma_0.8_789_e4f06b93,gamma_0.8,eval,7,789,easy,5,5,0.1,0.8,0.0,default,100,3.0,8,1,1,0,0,,
gamma_0.8_789_e4f06b93,gamma_0.8,eval,8,789,easy,5,5,0.1,0.8,0.0,default,100,3.0,8,1,1,0,0,,
gamma_0.8_789_e4f06b93,gamma_0.8,eval,9,789,easy,5,5,0.1,0.8,0.0,default,100,3.0,8,1,1,0,0,,
gamma_0.8_789_e4f06b93,gamma_0.8,eval,10,789,easy,5,5,0.1,0.8,0.0,default,100,3.0,8,1,1,0,0,,
gamma_0.8_789_e4f06b93,gamma_0.8,eval,1,789,easy,5,5,0.1,0.8,0.0,default,100,3.0,8,1,1,0,0,,
gamma_0.8_789_e4f06b93,gamma_0.8,eval,2,789,easy,5,5,0.1,0.8,0.0,default,100,3.0,8,1,1,0,0,,
gamma_0.8_789_e4f06b93,gamma_0.8,eval,3,789,easy,5,5,0.1,0.8,0.0,default,100,3.0,8,1,1,0,0,,
gamma_0.8_789_e4f06b93,gamma_0.8,eval,4,789,easy,5,5,0.1,0.8,0.0,default,100,3.0,8,1,1,0,0,,
gamma_0.8_789_e4f06b93,gamma_0.8,eval,5,789,easy,5,5,0.1,0.8,0.0,default,100,3.0,8,1,1,0,0,,
gamma_0.8_789_e4f06b93,gamma_0.8,eval,6,789,easy,5,5,0.1,0.8,0.0,default,100,3.0,8,1,1,0,0,,
gamma_0.8_789_e4f06b93,gamma_0.8,eval,7,789,easy,5,5,0.1,0.8,0.0,default,100,3.0,8,1,1,0,0,,
gamma_0.8_789_e4f06b93,gamma_0.8,eval,8,789,easy,5,5,0.1,0.8,0.0,default,100,3.0,8,1,1,0,0,,
gamma_0.8_789_e4f06b93,gamma_0.8,eval,9,789,easy,5,5,0.1,0.8,0.0,default,100,3.0,8,1,1,0,0,,
gamma_0.8_789_e4f06b93,gamma_0.8,eval,10,789,easy,5,5,0.1,0.8,0.0,default,100,3.0,8,1,1,0,0,,
gamma_0.8_789_e4f06b93,gamma_0.8,eval,1,789,easy,5,5,0.1,0.8,0.0,default,100,3.0,8,1,1,0,0,,
gamma_0.8_789_e4f06b93,gamma_0.8,eval,2,789,easy,5,5,0.1,0.8,0.0,default,100,3.0,8,1,1,0,0,,
gamma_0.8_789_e4f06b93,gamma_0.8,eval,3,789,easy,5,5,0.1,0.8,0.0,default,100,3.0,8,1,1,0,0,,
gamma_0.8_789_e4f06b93,gamma_0.8,eval,4,789,easy,5,5,0.1,0.8,0.0,default,100,3.0,8,1,1,0,0,,
gamma_0.8_789_e4f06b93,gamma_0.8,eval,5,789,easy,5,5,0.1,0.8,0.0,default,100,3.0,8,1,1,0,0,,
gamma_0.8_789_e4f06b93,gamma_0.8,eval,6,789,easy,5,5,0.1,0.8,0.0,default,100,3.0,8,1,1,0,0,,
gamma_0.8_789_e4f06b93,gamma_0.8,eval,7,789,easy,5,5,0.1,0.8,0.0,default,100,3.0,8,1,1,0,0,,
gamma_0.8_789_e4f06b93,gamma_0.8,eval,8,789,easy,5,5,0.1,0.8,0.0,default,100,3.0,8,1,1,0,0,,
gamma_0.8_789_e4f06b93,gamma_0.8,eval,9,789,easy,5,5,0.1,0.8,0.0,default,100,3.0,8,1,1,0,0,,
gamma_0.8_789_e4f06b93,gamma_0.8,eval,10,789,easy,5,5,0.1,0.8,0.0,default,100,3.0,8,1,1,0,0,,
gamma_0.8_789_e4f06b93,gamma_0.8,eval,1,789,easy,5,5,0.1,0.8,0.0,default,100,3.0,8,1,1,0,0,,
gamma_0.8_789_e4f06b93,gamma_0.8,eval,2,789,easy,5,5,0.1,0.8,0.0,default,100,3.0,8,1,1,0,0,,
gamma_0.8_789_e4f06b93,gamma_0.8,eval,3,789,easy,5,5,0.1,0.8,0.0,default,100,3.0,8,1,1,0,0,,
gamma_0.8_789_e4f06b93,gamma_0.8,eval,4,789,easy,5,5,0.1,0.8,0.0,default,100,3.0,8,1,1,0,0,,
gamma_0.8_789_e4f06b93,gamma_0.8,eval,5,789,easy,5,5,0.1,0.8,0.0,default,100,3.0,8,1,1,0,0,,
gamma_0.8_789_e4f06b93,gamma_0.8,eval,6,789,easy,5,5,0.1,0.8,0.0,default,100,3.0,8,1,1,0,0,,
gamma_0.8_789_e4f06b93,gamma_0.8,eval,7,789,easy,5,5,0.1,0.8,0.0,default,100,3.0,8,1,1,0,0,,
gamma_0.8_789_e4f06b93,gamma_0.8,eval,8,789,easy,5,5,0.1,0.8,0.0,default,100,3.0,8,1,1,0,0,,
gamma_0.8_789_e4f06b93,gamma_0.8,eval,9,789,easy,5,5,0.1,0.8,0.0,default,100,3.0,8,1,1,0,0,,
gamma_0.8_789_e4f06b93,gamma_0.8,eval,10,789,easy,5,5,0.1,0.8,0.0,default,100,3.0,8,1,1,0,0,,
gamma_0.8_789_e4f06b93,gamma_0.8,eval,1,789,easy,5,5,0.1,0.8,0.0,default,100,3.0,8,1,1,0,0,,
gamma_0.8_789_e4f06b93,gamma_0.8,eval,2,789,easy,5,5,0.1,0.8,0.0,default,100,3.0,8,1,1,0,0,,
gamma_0.8_789_e4f06b93,gamma_0.8,eval,3,789,easy,5,5,0.1,0.8,0.0,default,100,3.0,8,1,1,0,0,,
gamma_0.8_789_e4f06b93,gamma_0.8,eval,4,789,easy,5,5,0.1,0.8,0.0,default,100,3.0,8,1,1,0,0,,
gamma_0.8_789_e4f06b93,gamma_0.8,eval,5,789,easy,5,5,0.1,0.8,0.0,default,100,3.0,8,1,1,0,0,,
gamma_0.8_789_e4f06b93,gamma_0.8,eval,6,789,easy,5,5,0.1,0.8,0.0,default,100,3.0,8,1,1,0,0,,
gamma_0.8_789_e4f06b93,gamma_0.8,eval,7,789,easy,5,5,0.1,0.8,0.0,default,100,3.0,8,1,1,0,0,,
gamma_0.8_789_e4f06b93,gamma_0.8,eval,8,789,easy,5,5,0.1,0.8,0.0,default,100,3.0,8,1,1,0,0,,
gamma_0.8_789_e4f06b93,gamma_0.8,eval,9,789,easy,5,5,0.1,0.8,0.0,default,100,3.0,8,1,1,0,0,,
gamma_0.8_789_e4f06b93,gamma_0.8,eval,10,789,easy,5,5,0.1,0.8,0.0,default,100,3.0,8,1,1,0,0,,
gamma_0.8_789_e4f06b93,gamma_0.8,eval,1,789,easy,5,5,0.1,0.8,0.0,default,100,3.0,8,1,1,0,0,,
gamma_0.8_789_e4f06b93,gamma_0.8,eval,2,789,easy,5,5,0.1,0.8,0.0,default,100,3.0,8,1,1,0,0,,
gamma_0.8_789_e4f06b93,gamma_0.8,eval,3,789,easy,5,5,0.1,0.8,0.0,default,100,3.0,8,1,1,0,0,,
gamma_0.8_789_e4f06b93,gamma_0.8,eval,4,789,easy,5,5,0.1,0.8,0.0,default,100,3.0,8,1,1,0,0,,
gamma_0.8_789_e4f06b93,gamma_0.8,eval,5,789,easy,5,5,0.1,0.8,0.0,default,100,3.0,8,1,1,0,0,,
gamma_0.8_789_e4f06b93,gamma_0.8,eval,6,789,easy,5,5,0.1,0.8,0.0,default,100,3.0,8,1,1,0,0,,
gamma_0.8_789_e4f06b93,gamma_0.8,eval,7,789,easy,5,5,0.1,0.8,0.0,default,100,3.0,8,1,1,0,0,,
gamma_0.8_789_e4f06b93,gamma_0.8,eval,8,789,easy,5,5,0.1,0.8,0.0,default,100,3.0,8,1,1,0,0,,
gamma_0.8_789_e4f06b93,gamma_0.8,eval,9,789,easy,5,5,0.1,0.8,0.0,default,100,3.0,8,1,1,0,0,,
gamma_0.8_789_e4f06b93,gamma_0.8,eval,10,789,easy,5,5,0.1,0.8,0.0,default,100,3.0,8,1,1,0,0,,
gamma_0.8_789_e4f06b93,gamma_0.8,eval,1,789,easy,5,5,0.1,0.8,0.0,default,100,3.0,8,1,1,0,0,,
gamma_0.8_789_e4f06b93,gamma_0.8,eval,2,789,easy,5,5,0.1,0.8,0.0,default,100,3.0,8,1,1,0,0,,
gamma_0.8_789_e4f06b93,gamma_0.8,eval,3,789,easy,5,5,0.1,0.8,0.0,default,100,3.0,8,1,1,0,0,,
gamma_0.8_789_e4f06b93,gamma_0.8,eval,4,789,easy,5,5,0.1,0.8,0.0,default,100,3.0,8,1,1,0,0,,
gamma_0.8_789_e4f06b93,gamma_0.8,eval,5,789,easy,5,5,0.1,0.8,0.0,default,100,3.0,8,1,1,0,0,,
gamma_0.8_789_e4f06b93,gamma_0.8,eval,6,789,easy,5,5,0.1,0.8,0.0,default,100,3.0,8,1,1,0,0,,
gamma_0.8_789_e4f06b93,gamma_0.8,eval,7,789,easy,5,5,0.1,0.8,0.0,default,100,3.0,8,1,1,0,0,,
gamma_0.8_789_e4f06b93,gamma_0.8,eval,8,789,easy,5,5,0.1,0.8,0.0,default,100,3.0,8,1,1,0,0,,
gamma_0.8_789_e4f06b93,gamma_0.8,eval,9,789,easy,5,5,0.1,0.8,0.0,default,100,3.0,8,1,1,0,0,,
gamma_0.8_789_e4f06b93,gamma_0.8,eval,10,789,easy,5,5,0.1,0.8,0.0,default,100,3.0,8,1,1,0,0,,
gamma_0.8_789_e4f06b93,gamma_0.8,eval,1,789,easy,5,5,0.1,0.8,0.0,default,100,3.0,8,1,1,0,0,,
gamma_0.8_789_e4f06b93,gamma_0.8,eval,2,789,easy,5,5,0.1,0.8,0.0,default,100,3.0,8,1,1,0,0,,
gamma_0.8_789_e4f06b93,gamma_0.8,eval,3,789,easy,5,5,0.1,0.8,0.0,default,100,3.0,8,1,1,0,0,,
gamma_0.8_789_e4f06b93,gamma_0.8,eval,4,789,easy,5,5,0.1,0.8,0.0,default,100,3.0,8,1,1,0,0,,
gamma_0.8_789_e4f06b93,gamma_0.8,eval,5,789,easy,5,5,0.1,0.8,0.0,default,100,3.0,8,1,1,0,0,,
gamma_0.8_789_e4f06b93,gamma_0.8,eval,6,789,easy,5,5,0.1,0.8,0.0,default,100,3.0,8,1,1,0,0,,
gamma_0.8_789_e4f06b93,gamma_0.8,eval,7,789,easy,5,5,0.1,0.8,0.0,default,100,3.0,8,1,1,0,0,,
gamma_0.8_789_e4f06b93,gamma_0.8,eval,8,789,easy,5,5,0.1,0.8,0.0,default,100,3.0,8,1,1,0,0,,
gamma_0.8_789_e4f06b93,gamma_0.8,eval,9,789,easy,5,5,0.1,0.8,0.0,default,100,3.0,8,1,1,0,0,,
gamma_0.8_789_e4f06b93,gamma_0.8,eval,10,789,easy,5,5,0.1,0.8,0.0,default,100,3.0,8,1,1,0,0,,
gamma_0.8_789_e4f06b93,gamma_0.8,eval,1,789,easy,5,5,0.1,0.8,0.0,default,100,3.0,8,1,1,0,0,,
gamma_0.8_789_e4f06b93,gamma_0.8,eval,2,789,easy,5,5,0.1,0.8,0.0,default,100,3.0,8,1,1,0,0,,
gamma_0.8_789_e4f06b93,gamma_0.8,eval,3,789,easy,5,5,0.1,0.8,0.0,default,100,3.0,8,1,1,0,0,,
gamma_0.8_789_e4f06b93,gamma_0.8,eval,4,789,easy,5,5,0.1,0.8,0.0,default,100,3.0,8,1,1,0,0,,
gamma_0.8_789_e4f06b93,gamma_0.8,eval,5,789,easy,5,5,0.1,0.8,0.0,default,100,3.0,8,1,1,0,0,,
gamma_0.8_789_e4f06b93,gamma_0.8,eval,6,789,easy,5,5,0.1,0.8,0.0,default,100,3.0,8,1,1,0,0,,
gamma_0.8_789_e4f06b93,gamma_0.8,eval,7,789,easy,5,5,0.1,0.8,0.0,default,100,3.0,8,1,1,0,0,,
gamma_0.8_789_e4f06b93,gamma_0.8,eval,8,789,easy,5,5,0.1,0.8,0.0,default,100,3.0,8,1,1,0,0,,
gamma_0.8_789_e4f06b93,gamma_0.8,eval,9,789,easy,5,5,0.1,0.8,0.0,default,100,3.0,8,1,1,0,0,,
gamma_0.8_789_e4f06b93,gamma_0.8,eval,10,789,easy,5,5,0.1,0.8,0.0,default,100,3.0,8,1,1,0,0,,
gamma_0.8_789_e4f06b93,gamma_0.8,eval,1,789,easy,5,5,0.1,0.8,0.0,default,100,3.0,8,1,1,0,0,,
gamma_0.8_789_e4f06b93,gamma_0.8,eval,2,789,easy,5,5,0.1,0.8,0.0,default,100,3.0,8,1,1,0,0,,
gamma_0.8_789_e4f06b93,gamma_0.8,eval,3,789,easy,5,5,0.1,0.8,0.0,default,100,3.0,8,1,1,0,0,,
gamma_0.8_789_e4f06b93,gamma_0.8,eval,4,789,easy,5,5,0.1,0.8,0.0,default,100,3.0,8,1,1,0,0,,
gamma_0.8_789_e4f06b93,gamma_0.8,eval,5,789,easy,5,5,0.1,0.8,0.0,default,100,3.0,8,1,1,0,0,,
gamma_0.8_789_e4f06b93,gamma_0.8,eval,6,789,easy,5,5,0.1,0.8,0.0,default,100,3.0,8,1,1,0,0,,
gamma_0.8_789_e4f06b93,gamma_0.8,eval,7,789,easy,5,5,0.1,0.8,0.0,default,100,3.0,8,1,1,0,0,,
gamma_0.8_789_e4f06b93,gamma_0.8,eval,8,789,easy,5,5,0.1,0.8,0.0,default,100,3.0,8,1,1,0,0,,
gamma_0.8_789_e4f06b93,gamma_0.8,eval,9,789,easy,5,5,0.1,0.8,0.0,default,100,3.0,8,1,1,0,0,,
gamma_0.8_789_e4f06b93,gamma_0.8,eval,10,789,easy,5,5,0.1,0.8,0.0,default,100,3.0,8,1,1,0,0,,
gamma_0.8_789_e4f06b93,gamma_0.8,eval,1,789,easy,5,5,0.1,0.8,0.0,default,100,3.0,8,1,1,0,0,,
gamma_0.8_789_e4f06b93,gamma_0.8,eval,2,789,easy,5,5,0.1,0.8,0.0,default,100,3.0,8,1,1,0,0,,
gamma_0.8_789_e4f06b93,gamma_0.8,eval,3,789,easy,5,5,0.1,0.8,0.0,default,100,3.0,8,1,1,0,0,,
gamma_0.8_789_e4f06b93,gamma_0.8,eval,4,789,easy,5,5,0.1,0.8,0.0,default,100,3.0,8,1,1,0,0,,
gamma_0.8_789_e4f06b93,gamma_0.8,eval,5,789,easy,5,5,0.1,0.8,0.0,default,100,3.0,8,1,1,0,0,,
gamma_0.8_789_e4f06b93,gamma_0.8,eval,6,789,easy,5,5,0.1,0.8,0.0,default,100,3.0,8,1,1,0,0,,
gamma_0.8_789_e4f06b93,gamma_0.8,eval,7,789,easy,5,5,0.1,0.8,0.0,default,100,3.0,8,1,1,0,0,,
gamma_0.8_789_e4f06b93,gamma_0.8,eval,8,789,easy,5,5,0.1,0.8,0.0,default,100,3.0,8,1,1,0,0,,
gamma_0.8_789_e4f06b93,gamma_0.8,eval,9,789,easy,5,5,0.1,0.8,0.0,default,100,3.0,8,1,1,0,0,,
gamma_0.8_789_e4f06b93,gamma_0.8,eval,10,789,easy,5,5,0.1,0.8,0.0,default,100,3.0,8,1,1,0,0,,
gamma_0.8_789_e4f06b93,gamma_0.8,eval,1,789,easy,5,5,0.1,0.8,0.0,default,100,3.0,8,1,1,0,0,,
gamma_0.8_789_e4f06b93,gamma_0.8,eval,2,789,easy,5,5,0.1,0.8,0.0,default,100,3.0,8,1,1,0,0,,
gamma_0.8_789_e4f06b93,gamma_0.8,eval,3,789,easy,5,5,0.1,0.8,0.0,default,100,3.0,8,1,1,0,0,,
gamma_0.8_789_e4f06b93,gamma_0.8,eval,4,789,easy,5,5,0.1,0.8,0.0,default,100,3.0,8,1,1,0,0,,
gamma_0.8_789_e4f06b93,gamma_0.8,eval,5,789,easy,5,5,0.1,0.8,0.0,default,100,3.0,8,1,1,0,0,,
gamma_0.8_789_e4f06b93,gamma_0.8,eval,6,789,easy,5,5,0.1,0.8,0.0,default,100,3.0,8,1,1,0,0,,
gamma_0.8_789_e4f06b93,gamma_0.8,eval,7,789,easy,5,5,0.1,0.8,0.0,default,100,3.0,8,1,1,0,0,,
gamma_0.8_789_e4f06b93,gamma_0.8,eval,8,789,easy,5,5,0.1,0.8,0.0,default,100,3.0,8,1,1,0,0,,
gamma_0.8_789_e4f06b93,gamma_0.8,eval,9,789,easy,5,5,0.1,0.8,0.0,default,100,3.0,8,1,1,0,0,,
gamma_0.8_789_e4f06b93,gamma_0.8,eval,10,789,easy,5,5,0.1,0.8,0.0,default,100,3.0,8,1,1,0,0,,
gamma_0.8_789_e4f06b93,gamma_0.8,eval,1,789,easy,5,5,0.1,0.8,0.0,default,100,3.0,8,1,1,0,0,,
gamma_0.8_789_e4f06b93,gamma_0.8,eval,2,789,easy,5,5,0.1,0.8,0.0,default,100,3.0,8,1,1,0,0,,
gamma_0.8_789_e4f06b93,gamma_0.8,eval,3,789,easy,5,5,0.1,0.8,0.0,default,100,3.0,8,1,1,0,0,,
gamma_0.8_789_e4f06b93,gamma_0.8,eval,4,789,easy,5,5,0.1,0.8,0.0,default,100,3.0,8,1,1,0,0,,
gamma_0.8_789_e4f06b93,gamma_0.8,eval,5,789,easy,5,5,0.1,0.8,0.0,default,100,3.0,8,1,1,0,0,,
gamma_0.8_789_e4f06b93,gamma_0.8,eval,6,789,easy,5,5,0.1,0.8,0.0,default,100,3.0,8,1,1,0,0,,
gamma_0.8_789_e4f06b93,gamma_0.8,eval,7,789,easy,5,5,0.1,0.8,0.0,default,100,3.0,8,1,1,0,0,,
gamma_0.8_789_e4f06b93,gamma_0.8,eval,8,789,easy,5,5,0.1,0.8,0.0,default,100,3.0,8,1,1,0,0,,
gamma_0.8_789_e4f06b93,gamma_0.8,eval,9,789,easy,5,5,0.1,0.8,0.0,default,100,3.0,8,1,1,0,0,,
gamma_0.8_789_e4f06b93,gamma_0.8,eval,10,789,easy,5,5,0.1,0.8,0.0,default,100,3.0,8,1,1,0,0,,
gamma_0.8_789_e4f06b93,gamma_0.8,eval,1,789,easy,5,5,0.1,0.8,0.0,default,100,3.0,8,1,1,0,0,,
gamma_0.8_789_e4f06b93,gamma_0.8,eval,2,789,easy,5,5,0.1,0.8,0.0,default,100,3.0,8,1,1,0,0,,
gamma_0.8_789_e4f06b93,gamma_0.8,eval,3,789,easy,5,5,0.1,0.8,0.0,default,100,3.0,8,1,1,0,0,,
gamma_0.8_789_e4f06b93,gamma_0.8,eval,4,789,easy,5,5,0.1,0.8,0.0,default,100,3.0,8,1,1,0,0,,
gamma_0.8_789_e4f06b93,gamma_0.8,eval,5,789,easy,5,5,0.1,0.8,0.0,default,100,3.0,8,1,1,0,0,,
gamma_0.8_789_e4f06b93,gamma_0.8,eval,6,789,easy,5,5,0.1,0.8,0.0,default,100,3.0,8,1,1,0,0,,
gamma_0.8_789_e4f06b93,gamma_0.8,eval,7,789,easy,5,5,0.1,0.8,0.0,default,100,3.0,8,1,1,0,0,,
gamma_0.8_789_e4f06b93,gamma_0.8,eval,8,789,easy,5,5,0.1,0.8,0.0,default,100,3.0,8,1,1,0,0,,
gamma_0.8_789_e4f06b93,gamma_0.8,eval,9,789,easy,5,5,0.1,0.8,0.0,default,100,3.0,8,1,1,0,0,,
gamma_0.8_789_e4f06b93,gamma_0.8,eval,10,789,easy,5,5,0.1,0.8,0.0,default,100,3.0,8,1,1,0,0,,
gamma_0.8_789_e4f06b93,gamma_0.8,eval,1,789,easy,5,5,0.1,0.8,0.0,default,100,3.0,8,1,1,0,0,,
gamma_0.8_789_e4f06b93,gamma_0.8,eval,2,789,easy,5,5,0.1,0.8,0.0,default,100,3.0,8,1,1,0,0,,
gamma_0.8_789_e4f06b93,gamma_0.8,eval,3,789,easy,5,5,0.1,0.8,0.0,default,100,3.0,8,1,1,0,0,,
gamma_0.8_789_e4f06b93,gamma_0.8,eval,4,789,easy,5,5,0.1,0.8,0.0,default,100,3.0,8,1,1,0,0,,
gamma_0.8_789_e4f06b93,gamma_0.8,eval,5,789,easy,5,5,0.1,0.8,0.0,default,100,3.0,8,1,1,0,0,,
gamma_0.8_789_e4f06b93,gamma_0.8,eval,6,789,easy,5,5,0.1,0.8,0.0,default,100,3.0,8,1,1,0,0,,
gamma_0.8_789_e4f06b93,gamma_0.8,eval,7,789,easy,5,5,0.1,0.8,0.0,default,100,3.0,8,1,1,0,0,,
gamma_0.8_789_e4f06b93,gamma_0.8,eval,8,789,easy,5,5,0.1,0.8,0.0,default,100,3.0,8,1,1,0,0,,
gamma_0.8_789_e4f06b93,gamma_0.8,eval,9,789,easy,5,5,0.1,0.8,0.0,default,100,3.0,8,1,1,0,0,,
gamma_0.8_789_e4f06b93,gamma_0.8,eval,10,789,easy,5,5,0.1,0.8,0.0,default,100,3.0,8,1,1,0,0,,
gamma_0.8_789_e4f06b93,gamma_0.8,eval,1,789,easy,5,5,0.1,0.8,0.0,default,100,3.0,8,1,1,0,0,,
gamma_0.8_789_e4f06b93,gamma_0.8,eval,2,789,easy,5,5,0.1,0.8,0.0,default,100,3.0,8,1,1,0,0,,
gamma_0.8_789_e4f06b93,gamma_0.8,eval,3,789,easy,5,5,0.1,0.8,0.0,default,100,3.0,8,1,1,0,0,,
gamma_0.8_789_e4f06b93,gamma_0.8,eval,4,789,easy,5,5,0.1,0.8,0.0,default,100,3.0,8,1,1,0,0,,
gamma_0.8_789_e4f06b93,gamma_0.8,eval,5,789,easy,5,5,0.1,0.8,0.0,default,100,3.0,8,1,1,0,0,,
gamma_0.8_789_e4f06b93,gamma_0.8,eval,6,789,easy,5,5,0.1,0.8,0.0,default,100,3.0,8,1,1,0,0,,
gamma_0.8_789_e4f06b93,gamma_0.8,eval,7,789,easy,5,5,0.1,0.8,0.0,default,100,3.0,8,1,1,0,0,,
gamma_0.8_789_e4f06b93,gamma_0.8,eval,8,789,easy,5,5,0.1,0.8,0.0,default,100,3.0,8,1,1,0,0,,
gamma_0.8_789_e4f06b93,gamma_0.8,eval,9,789,easy,5,5,0.1,0.8,0.0,default,100,3.0,8,1,1,0,0,,
gamma_0.8_789_e4f06b93,gamma_0.8,eval,10,789,easy,5,5,0.1,0.8,0.0,default,100,3.0,8,1,1,0,0,,
gamma_0.8_789_e4f06b93,gamma_0.8,eval,1,789,easy,5,5,0.1,0.8,0.0,default,100,3.0,8,1,1,0,0,,
gamma_0.8_789_e4f06b93,gamma_0.8,eval,2,789,easy,5,5,0.1,0.8,0.0,default,100,3.0,8,1,1,0,0,,
gamma_0.8_789_e4f06b93,gamma_0.8,eval,3,789,easy,5,5,0.1,0.8,0.0,default,100,3.0,8,1,1,0,0,,
gamma_0.8_789_e4f06b93,gamma_0.8,eval,4,789,easy,5,5,0.1,0.8,0.0,default,100,3.0,8,1,1,0,0,,
gamma_0.8_789_e4f06b93,gamma_0.8,eval,5,789,easy,5,5,0.1,0.8,0.0,default,100,3.0,8,1,1,0,0,,
gamma_0.8_789_e4f06b93,gamma_0.8,eval,6,789,easy,5,5,0.1,0.8,0.0,default,100,3.0,8,1,1,0,0,,
gamma_0.8_789_e4f06b93,gamma_0.8,eval,7,789,easy,5,5,0.1,0.8,0.0,default,100,3.0,8,1,1,0,0,,
gamma_0.8_789_e4f06b93,gamma_0.8,eval,8,789,easy,5,5,0.1,0.8,0.0,default,100,3.0,8,1,1,0,0,,
gamma_0.8_789_e4f06b93,gamma_0.8,eval,9,789,easy,5,5,0.1,0.8,0.0,default,100,3.0,8,1,1,0,0,,
gamma_0.8_789_e4f06b93,gamma_0.8,eval,10,789,easy,5,5,0.1,0.8,0.0,default,100,3.0,8,1,1,0,0,,
gamma_0.8_789_e4f06b93,gamma_0.8,eval,1,789,easy,5,5,0.1,0.8,0.0,default,100,3.0,8,1,1,0,0,,
gamma_0.8_789_e4f06b93,gamma_0.8,eval,2,789,easy,5,5,0.1,0.8,0.0,default,100,3.0,8,1,1,0,0,,
gamma_0.8_789_e4f06b93,gamma_0.8,eval,3,789,easy,5,5,0.1,0.8,0.0,default,100,3.0,8,1,1,0,0,,
gamma_0.8_789_e4f06b93,gamma_0.8,eval,4,789,easy,5,5,0.1,0.8,0.0,default,100,3.0,8,1,1,0,0,,
gamma_0.8_789_e4f06b93,gamma_0.8,eval,5,789,easy,5,5,0.1,0.8,0.0,default,100,3.0,8,1,1,0,0,,
gamma_0.8_789_e4f06b93,gamma_0.8,eval,6,789,easy,5,5,0.1,0.8,0.0,default,100,3.0,8,1,1,0,0,,
gamma_0.8_789_e4f06b93,gamma_0.8,eval,7,789,easy,5,5,0.1,0.8,0.0,default,100,3.0,8,1,1,0,0,,
gamma_0.8_789_e4f06b93,gamma_0.8,eval,8,789,easy,5,5,0.1,0.8,0.0,default,100,3.0,8,1,1,0,0,,
gamma_0.8_789_e4f06b93,gamma_0.8,eval,9,789,easy,5,5,0.1,0.8,0.0,default,100,3.0,8,1,1,0,0,,
gamma_0.8_789_e4f06b93,gamma_0.8,eval,10,789,easy,5,5,0.1,0.8,0.0,default,100,3.0,8,1,1,0,0,,
gamma_0.8_789_e4f06b93,gamma_0.8,eval,1,789,easy,5,5,0.1,0.8,0.0,default,100,3.0,8,1,1,0,0,,
gamma_0.8_789_e4f06b93,gamma_0.8,eval,2,789,easy,5,5,0.1,0.8,0.0,default,100,3.0,8,1,1,0,0,,
gamma_0.8_789_e4f06b93,gamma_0.8,eval,3,789,easy,5,5,0.1,0.8,0.0,default,100,3.0,8,1,1,0,0,,
gamma_0.8_789_e4f06b93,gamma_0.8,eval,4,789,easy,5,5,0.1,0.8,0.0,default,100,3.0,8,1,1,0,0,,
gamma_0.8_789_e4f06b93,gamma_0.8,eval,5,789,easy,5,5,0.1,0.8,0.0,default,100,3.0,8,1,1,0,0,,
gamma_0.8_789_e4f06b93,gamma_0.8,eval,6,789,easy,5,5,0.1,0.8,0.0,default,100,3.0,8,1,1,0,0,,
gamma_0.8_789_e4f06b93,gamma_0.8,eval,7,789,easy,5,5,0.1,0.8,0.0,default,100,3.0,8,1,1,0,0,,
gamma_0.8_789_e4f06b93,gamma_0.8,eval,8,789,easy,5,5,0.1,0.8,0.0,default,100,3.0,8,1,1,0,0,,
gamma_0.8_789_e4f06b93,gamma_0.8,eval,9,789,easy,5,5,0.1,0.8,0.0,default,100,3.0,8,1,1,0,0,,
gamma_0.8_789_e4f06b93,gamma_0.8,eval,10,789,easy,5,5,0.1,0.8,0.0,default,100,3.0,8,1,1,0,0,,
gamma_0.8_789_e4f06b93,gamma_0.8,eval,1,789,easy,5,5,0.1,0.8,0.0,default,100,3.0,8,1,1,0,0,,
gamma_0.8_789_e4f06b93,gamma_0.8,eval,2,789,easy,5,5,0.1,0.8,0.0,default,100,3.0,8,1,1,0,0,,
gamma_0.8_789_e4f06b93,gamma_0.8,eval,3,789,easy,5,5,0.1,0.8,0.0,default,100,3.0,8,1,1,0,0,,
gamma_0.8_789_e4f06b93,gamma_0.8,eval,4,789,easy,5,5,0.1,0.8,0.0,default,100,3.0,8,1,1,0,0,,
gamma_0.8_789_e4f06b93,gamma_0.8,eval,5,789,easy,5,5,0.1,0.8,0.0,default,100,3.0,8,1,1,0,0,,
gamma_0.8_789_e4f06b93,gamma_0.8,eval,6,789,easy,5,5,0.1,0.8,0.0,default,100,3.0,8,1,1,0,0,,
gamma_0.8_789_e4f06b93,gamma_0.8,eval,7,789,easy,5,5,0.1,0.8,0.0,default,100,3.0,8,1,1,0,0,,
gamma_0.8_789_e4f06b93,gamma_0.8,eval,8,789,easy,5,5,0.1,0.8,0.0,default,100,3.0,8,1,1,0,0,,
gamma_0.8_789_e4f06b93,gamma_0.8,eval,9,789,easy,5,5,0.1,0.8,0.0,default,100,3.0,8,1,1,0,0,,
gamma_0.8_789_e4f06b93,gamma_0.8,eval,10,789,easy,5,5,0.1,0.8,0.0,default,100,3.0,8,1,1,0,0,,
gamma_0.8_789_e4f06b93,gamma_0.8,eval,1,789,easy,5,5,0.1,0.8,0.0,default,100,3.0,8,1,1,0,0,,
gamma_0.8_789_e4f06b93,gamma_0.8,eval,2,789,easy,5,5,0.1,0.8,0.0,default,100,3.0,8,1,1,0,0,,
gamma_0.8_789_e4f06b93,gamma_0.8,eval,3,789,easy,5,5,0.1,0.8,0.0,default,100,3.0,8,1,1,0,0,,
gamma_0.8_789_e4f06b93,gamma_0.8,eval,4,789,easy,5,5,0.1,0.8,0.0,default,100,3.0,8,1,1,0,0,,
gamma_0.8_789_e4f06b93,gamma_0.8,eval,5,789,easy,5,5,0.1,0.8,0.0,default,100,3.0,8,1,1,0,0,,
gamma_0.8_789_e4f06b93,gamma_0.8,eval,6,789,easy,5,5,0.1,0.8,0.0,default,100,3.0,8,1,1,0,0,,
gamma_0.8_789_e4f06b93,gamma_0.8,eval,7,789,easy,5,5,0.1,0.8,0.0,default,100,3.0,8,1,1,0,0,,
gamma_0.8_789_e4f06b93,gamma_0.8,eval,8,789,easy,5,5,0.1,0.8,0.0,default,100,3.0,8,1,1,0,0,,
gamma_0.8_789_e4f06b93,gamma_0.8,eval,9,789,easy,5,5,0.1,0.8,0.0,default,100,3.0,8,1,1,0,0,,
gamma_0.8_789_e4f06b93,gamma_0.8,eval,10,789,easy,5,5,0.1,0.8,0.0,default,100,3.0,8,1,1,0,0,,
gamma_0.8_789_e4f06b93,gamma_0.8,eval,1,789,easy,5,5,0.1,0.8,0.0,default,100,3.0,8,1,1,0,0,,
gamma_0.8_789_e4f06b93,gamma_0.8,eval,2,789,easy,5,5,0.1,0.8,0.0,default,100,3.0,8,1,1,0,0,,
gamma_0.8_789_e4f06b93,gamma_0.8,eval,3,789,easy,5,5,0.1,0.8,0.0,default,100,3.0,8,1,1,0,0,,
gamma_0.8_789_e4f06b93,gamma_0.8,eval,4,789,easy,5,5,0.1,0.8,0.0,default,100,3.0,8,1,1,0,0,,
gamma_0.8_789_e4f06b93,gamma_0.8,eval,5,789,easy,5,5,0.1,0.8,0.0,default,100,3.0,8,1,1,0,0,,
gamma_0.8_789_e4f06b93,gamma_0.8,eval,6,789,easy,5,5,0.1,0.8,0.0,default,100,3.0,8,1,1,0,0,,
gamma_0.8_789_e4f06b93,gamma_0.8,eval,7,789,easy,5,5,0.1,0.8,0.0,default,100,3.0,8,1,1,0,0,,
gamma_0.8_789_e4f06b93,gamma_0.8,eval,8,789,easy,5,5,0.1,0.8,0.0,default,100,3.0,8,1,1,0,0,,
gamma_0.8_789_e4f06b93,gamma_0.8,eval,9,789,easy,5,5,0.1,0.8,0.0,default,100,3.0,8,1,1,0,0,,
gamma_0.8_789_e4f06b93,gamma_0.8,eval,10,789,easy,5,5,0.1,0.8,0.0,default,100,3.0,8,1,1,0,0,,
gamma_0.8_789_e4f06b93,gamma_0.8,eval,1,789,easy,5,5,0.1,0.8,0.0,default,100,3.0,8,1,1,0,0,,
gamma_0.8_789_e4f06b93,gamma_0.8,eval,2,789,easy,5,5,0.1,0.8,0.0,default,100,3.0,8,1,1,0,0,,
gamma_0.8_789_e4f06b93,gamma_0.8,eval,3,789,easy,5,5,0.1,0.8,0.0,default,100,3.0,8,1,1,0,0,,
gamma_0.8_789_e4f06b93,gamma_0.8,eval,4,789,easy,5,5,0.1,0.8,0.0,default,100,3.0,8,1,1,0,0,,
gamma_0.8_789_e4f06b93,gamma_0.8,eval,5,789,easy,5,5,0.1,0.8,0.0,default,100,3.0,8,1,1,0,0,,
gamma_0.8_789_e4f06b93,gamma_0.8,eval,6,789,easy,5,5,0.1,0.8,0.0,default,100,3.0,8,1,1,0,0,,
gamma_0.8_789_e4f06b93,gamma_0.8,eval,7,789,easy,5,5,0.1,0.8,0.0,default,100,3.0,8,1,1,0,0,,
gamma_0.8_789_e4f06b93,gamma_0.8,eval,8,789,easy,5,5,0.1,0.8,0.0,default,100,3.0,8,1,1,0,0,,
gamma_0.8_789_e4f06b93,gamma_0.8,eval,9,789,easy,5,5,0.1,0.8,0.0,default,100,3.0,8,1,1,0,0,,
gamma_0.8_789_e4f06b93,gamma_0.8,eval,10,789,easy,5,5,0.1,0.8,0.0,default,100,3.0,8,1,1,0,0,,
gamma_0.8_789_e4f06b93,gamma_0.8,eval,1,789,easy,5,5,0.1,0.8,0.0,default,100,3.0,8,1,1,0,0,,
gamma_0.8_789_e4f06b93,gamma_0.8,eval,2,789,easy,5,5,0.1,0.8,0.0,default,100,3.0,8,1,1,0,0,,
gamma_0.8_789_e4f06b93,gamma_0.8,eval,3,789,easy,5,5,0.1,0.8,0.0,default,100,3.0,8,1,1,0,0,,
gamma_0.8_789_e4f06b93,gamma_0.8,eval,4,789,easy,5,5,0.1,0.8,0.0,default,100,3.0,8,1,1,0,0,,
gamma_0.8_789_e4f06b93,gamma_0.8,eval,5,789,easy,5,5,0.1,0.8,0.0,default,100,3.0,8,1,1,0,0,,
gamma_0.8_789_e4f06b93,gamma_0.8,eval,6,789,easy,5,5,0.1,0.8,0.0,default,100,3.0,8,1,1,0,0,,
gamma_0.8_789_e4f06b93,gamma_0.8,eval,7,789,easy,5,5,0.1,0.8,0.0,default,100,3.0,8,1,1,0,0,,
gamma_0.8_789_e4f06b93,gamma_0.8,eval,8,789,easy,5,5,0.1,0.8,0.0,default,100,3.0,8,1,1,0,0,,
gamma_0.8_789_e4f06b93,gamma_0.8,eval,9,789,easy,5,5,0.1,0.8,0.0,default,100,3.0,8,1,1,0,0,,
gamma_0.8_789_e4f06b93,gamma_0.8,eval,10,789,easy,5,5,0.1,0.8,0.0,default,100,3.0,8,1,1,0,0,,
gamma_0.8_789_e4f06b93,gamma_0.8,eval,1,789,easy,5,5,0.1,0.8,0.0,default,100,3.0,8,1,1,0,0,,
gamma_0.8_789_e4f06b93,gamma_0.8,eval,2,789,easy,5,5,0.1,0.8,0.0,default,100,3.0,8,1,1,0,0,,
gamma_0.8_789_e4f06b93,gamma_0.8,eval,3,789,easy,5,5,0.1,0.8,0.0,default,100,3.0,8,1,1,0,0,,
gamma_0.8_789_e4f06b93,gamma_0.8,eval,4,789,easy,5,5,0.1,0.8,0.0,default,100,3.0,8,1,1,0,0,,
gamma_0.8_789_e4f06b93,gamma_0.8,eval,5,789,easy,5,5,0.1,0.8,0.0,default,100,3.0,8,1,1,0,0,,
gamma_0.8_789_e4f06b93,gamma_0.8,eval,6,789,easy,5,5,0.1,0.8,0.0,default,100,3.0,8,1,1,0,0,,
gamma_0.8_789_e4f06b93,gamma_0.8,eval,7,789,easy,5,5,0.1,0.8,0.0,default,100,3.0,8,1,1,0,0,,
gamma_0.8_789_e4f06b93,gamma_0.8,eval,8,789,easy,5,5,0.1,0.8,0.0,default,100,3.0,8,1,1,0,0,,
gamma_0.8_789_e4f06b93,gamma_0.8,eval,9,789,easy,5,5,0.1,0.8,0.0,default,100,3.0,8,1,1,0,0,,
gamma_0.8_789_e4f06b93,gamma_0.8,eval,10,789,easy,5,5,0.1,0.8,0.0,default,100,3.0,8,1,1,0,0,,
gamma_0.8_789_e4f06b93,gamma_0.8,eval,1,789,easy,5,5,0.1,0.8,0.0,default,100,3.0,8,1,1,0,0,,
gamma_0.8_789_e4f06b93,gamma_0.8,eval,2,789,easy,5,5,0.1,0.8,0.0,default,100,3.0,8,1,1,0,0,,
gamma_0.8_789_e4f06b93,gamma_0.8,eval,3,789,easy,5,5,0.1,0.8,0.0,default,100,3.0,8,1,1,0,0,,
gamma_0.8_789_e4f06b93,gamma_0.8,eval,4,789,easy,5,5,0.1,0.8,0.0,default,100,3.0,8,1,1,0,0,,
gamma_0.8_789_e4f06b93,gamma_0.8,eval,5,789,easy,5,5,0.1,0.8,0.0,default,100,3.0,8,1,1,0,0,,
gamma_0.8_789_e4f06b93,gamma_0.8,eval,6,789,easy,5,5,0.1,0.8,0.0,default,100,3.0,8,1,1,0,0,,
gamma_0.8_789_e4f06b93,gamma_0.8,eval,7,789,easy,5,5,0.1,0.8,0.0,default,100,3.0,8,1,1,0,0,,
gamma_0.8_789_e4f06b93,gamma_0.8,eval,8,789,easy,5,5,0.1,0.8,0.0,default,100,3.0,8,1,1,0,0,,
gamma_0.8_789_e4f06b93,gamma_0.8,eval,9,789,easy,5,5,0.1,0.8,0.0,default,100,3.0,8,1,1,0,0,,
gamma_0.8_789_e4f06b93,gamma_0.8,eval,10,789,easy,5,5,0.1,0.8,0.0,default,100,3.0,8,1,1,0,0,,
gamma_0.8_789_e4f06b93,gamma_0.8,eval,1,789,easy,5,5,0.1,0.8,0.0,default,100,3.0,8,1,1,0,0,,
gamma_0.8_789_e4f06b93,gamma_0.8,eval,2,789,easy,5,5,0.1,0.8,0.0,default,100,3.0,8,1,1,0,0,,
gamma_0.8_789_e4f06b93,gamma_0.8,eval,3,789,easy,5,5,0.1,0.8,0.0,default,100,3.0,8,1,1,0,0,,
gamma_0.8_789_e4f06b93,gamma_0.8,eval,4,789,easy,5,5,0.1,0.8,0.0,default,100,3.0,8,1,1,0,0,,
gamma_0.8_789_e4f06b93,gamma_0.8,eval,5,789,easy,5,5,0.1,0.8,0.0,default,100,3.0,8,1,1,0,0,,
gamma_0.8_789_e4f06b93,gamma_0.8,eval,6,789,easy,5,5,0.1,0.8,0.0,default,100,3.0,8,1,1,0,0,,
gamma_0.8_789_e4f06b93,gamma_0.8,eval,7,789,easy,5,5,0.1,0.8,0.0,default,100,3.0,8,1,1,0,0,,
gamma_0.8_789_e4f06b93,gamma_0.8,eval,8,789,easy,5,5,0.1,0.8,0.0,default,100,3.0,8,1,1,0,0,,
gamma_0.8_789_e4f06b93,gamma_0.8,eval,9,789,easy,5,5,0.1,0.8,0.0,default,100,3.0,8,1,1,0,0,,
gamma_0.8_789_e4f06b93,gamma_0.8,eval,10,789,easy,5,5,0.1,0.8,0.0,default,100,3.0,8,1,1,0,0,,
