run_id,exp_name,phase,episode,seed,map_name,rows,cols,alpha,gamma,epsilon,reward_setting,max_steps,total_reward,steps,success,terminated,truncated,hit_trap,elapsed_sec,qtable_path
eps_std_456_1e4b7a82,eps_std,train,1,456,easy,5,5,0.1,0.95,0.99,default,100,-16.0,7,0,1,0,1,0.0011320999910822138,
eps_std_456_1e4b7a82,eps_std,train,2,456,easy,5,5,0.1,0.95,0.9801,default,100,-33.0,24,0,1,0,1,0.0019114000024273992,
eps_std_456_1e4b7a82,eps_std,train,3,456,easy,5,5,0.1,0.95,0.9702989999999999,default,100,-54.0,45,0,1,0,1,0.0031989999988581985,
eps_std_456_1e4b7a82,eps_std,train,4,456,easy,5,5,0.1,0.95,0.96059601,default,100,-36.0,47,1,1,0,0,0.003998100000899285,
eps_std_456_1e4b7a82,eps_std,train,5,456,easy,5,5,0.1,0.95,0.9509900498999999,default,100,-23.0,14,0,1,0,1,0.001203199994051829,
eps_std_456_1e4b7a82,eps_std,train,6,456,easy,5,5,0.1,0.95,0.9414801494009999,default,100,-59.0,50,0,1,0,1,0.004048200004035607,
eps_std_456_1e4b7a82,eps_std,train,7,456,easy,5,5,0.1,0.95,0.9320653479069899,default,100,-39.0,30,0,1,0,1,0.0023006999981589615,
eps_std_456_1e4b7a82,eps_std,train,8,456,easy,5,5,0.1,0.95,0.92274469442792,default,100,-9.0,20,1,1,0,0,0.0016413999983342364,
eps_std_456_1e4b7a82,eps_std,train,9,456,easy,5,5,0.1,0.95,0.9135172474836407,default,100,-27.0,38,1,1,0,0,0.002933099996880628,
eps_std_456_1e4b7a82,eps_std,train,10,456,easy,5,5,0.1,0.95,0.9043820750088043,default,100,-54.0,65,1,1,0,0,0.005075400011264719,
eps_std_456_1e4b7a82,eps_std,train,11,456,easy,5,5,0.1,0.95,0.8953382542587163,default,100,-64.0,75,1,1,0,0,0.006067700000130571,
eps_std_456_1e4b7a82,eps_std,train,12,456,easy,5,5,0.1,0.95,0.8863848717161291,default,100,-44.0,35,0,1,0,1,0.002668800007086247,
eps_std_456_1e4b7a82,eps_std,train,13,456,easy,5,5,0.1,0.95,0.8775210229989678,default,100,-53.0,64,1,1,0,0,0.0048722000065026805,
eps_std_456_1e4b7a82,eps_std,train,14,456,easy,5,5,0.1,0.95,0.8687458127689781,default,100,-27.0,18,0,1,0,1,0.001519099998404272,
eps_std_456_1e4b7a82,eps_std,train,15,456,easy,5,5,0.1,0.95,0.8600583546412883,default,100,-39.0,30,0,1,0,1,0.002384200008236803,
eps_std_456_1e4b7a82,eps_std,train,16,456,easy,5,5,0.1,0.95,0.8514577710948754,default,100,-41.0,32,0,1,0,1,0.002660500002093613,
eps_std_456_1e4b7a82,eps_std,train,17,456,easy,5,5,0.1,0.95,0.8429431933839266,default,100,-38.0,29,0,1,0,1,0.0023713999980827793,
eps_std_456_1e4b7a82,eps_std,train,18,456,easy,5,5,0.1,0.95,0.8345137614500874,default,100,-17.0,28,1,1,0,0,0.0022218999947654083,
eps_std_456_1e4b7a82,eps_std,train,19,456,easy,5,5,0.1,0.95,0.8261686238355865,default,100,-87.0,78,0,1,0,1,0.005992999998852611,
eps_std_456_1e4b7a82,eps_std,train,20,456,easy,5,5,0.1,0.95,0.8179069375972307,default,100,-58.0,49,0,1,0,1,0.003987899995991029,
eps_std_456_1e4b7a82,eps_std,train,21,456,easy,5,5,0.1,0.95,0.8097278682212583,default,100,-32.0,23,0,1,0,1,0.001934400002937764,
eps_std_456_1e4b7a82,eps_std,train,22,456,easy,5,5,0.1,0.95,0.8016305895390458,default,100,-43.0,34,0,1,0,1,0.003021600001375191,
eps_std_456_1e4b7a82,eps_std,train,23,456,easy,5,5,0.1,0.95,0.7936142836436553,default,100,-24.0,35,1,1,0,0,0.003056699992157519,
eps_std_456_1e4b7a82,eps_std,train,24,456,easy,5,5,0.1,0.95,0.7856781408072188,default,100,-24.0,35,1,1,0,0,0.003179700011969544,
eps_std_456_1e4b7a82,eps_std,train,25,456,easy,5,5,0.1,0.95,0.7778213593991465,default,100,-14.0,5,0,1,0,1,0.0006476999988080934,
eps_std_456_1e4b7a82,eps_std,train,26,456,easy,5,5,0.1,0.95,0.7700431458051551,default,100,-20.0,31,1,1,0,0,0.002573399993707426,
eps_std_456_1e4b7a82,eps_std,train,27,456,easy,5,5,0.1,0.95,0.7623427143471035,default,100,-33.0,24,0,1,0,1,0.0021751000022049993,
eps_std_456_1e4b7a82,eps_std,train,28,456,easy,5,5,0.1,0.95,0.7547192872036325,default,100,-74.0,65,0,1,0,1,0.005965399992419407,
eps_std_456_1e4b7a82,eps_std,train,29,456,easy,5,5,0.1,0.95,0.7471720943315961,default,100,-35.0,26,0,1,0,1,0.002381099999183789,
eps_std_456_1e4b7a82,eps_std,train,30,456,easy,5,5,0.1,0.95,0.7397003733882802,default,100,-53.0,64,1,1,0,0,0.005387400000472553,
eps_std_456_1e4b7a82,eps_std,train,31,456,easy,5,5,0.1,0.95,0.7323033696543974,default,100,-54.0,45,0,1,0,1,0.0038314999983413145,
eps_std_456_1e4b7a82,eps_std,train,32,456,easy,5,5,0.1,0.95,0.7249803359578534,default,100,-21.0,12,0,1,0,1,0.0009476999985054135,
eps_std_456_1e4b7a82,eps_std,train,33,456,easy,5,5,0.1,0.95,0.7177305325982748,default,100,-25.0,36,1,1,0,0,0.002992099995026365,
eps_std_456_1e4b7a82,eps_std,train,34,456,easy,5,5,0.1,0.95,0.7105532272722921,default,100,-4.0,15,1,1,0,0,0.0014398999919649214,
eps_std_456_1e4b7a82,eps_std,train,35,456,easy,5,5,0.1,0.95,0.7034476949995692,default,100,-14.0,25,1,1,0,0,0.0022689000034006312,
eps_std_456_1e4b7a82,eps_std,train,36,456,easy,5,5,0.1,0.95,0.6964132180495735,default,100,-2.0,13,1,1,0,0,0.0013525999966077507,
eps_std_456_1e4b7a82,eps_std,train,37,456,easy,5,5,0.1,0.95,0.6894490858690777,default,100,1.0,10,1,1,0,0,0.0011733999999705702,
eps_std_456_1e4b7a82,eps_std,train,38,456,easy,5,5,0.1,0.95,0.682554595010387,default,100,-33.0,24,0,1,0,1,0.0022870999964652583,
eps_std_456_1e4b7a82,eps_std,train,39,456,easy,5,5,0.1,0.95,0.6757290490602831,default,100,-49.0,40,0,1,0,1,0.0035499000077834353,
eps_std_456_1e4b7a82,eps_std,train,40,456,easy,5,5,0.1,0.95,0.6689717585696803,default,100,-5.0,16,1,1,0,0,0.0015091999957803637,
eps_std_456_1e4b7a82,eps_std,train,41,456,easy,5,5,0.1,0.95,0.6622820409839835,default,100,-4.0,15,1,1,0,0,0.001588999992236495,
eps_std_456_1e4b7a82,eps_std,train,42,456,easy,5,5,0.1,0.95,0.6556592205741436,default,100,-20.0,11,0,1,0,1,0.0012435999960871413,
eps_std_456_1e4b7a82,eps_std,train,43,456,easy,5,5,0.1,0.95,0.6491026283684022,default,100,-12.0,23,1,1,0,0,0.0021964000043226406,
eps_std_456_1e4b7a82,eps_std,train,44,456,easy,5,5,0.1,0.95,0.6426116020847181,default,100,-35.0,26,0,1,0,1,0.0025763000012375414,
eps_std_456_1e4b7a82,eps_std,train,45,456,easy,5,5,0.1,0.95,0.6361854860638709,default,100,-3.0,14,1,1,0,0,0.0016182000108528882,
eps_std_456_1e4b7a82,eps_std,train,46,456,easy,5,5,0.1,0.95,0.6298236312032323,default,100,-49.0,40,0,1,0,1,0.003540999998222105,
eps_std_456_1e4b7a82,eps_std,train,47,456,easy,5,5,0.1,0.95,0.6235253948912,default,100,-17.0,8,0,1,0,1,0.0008421000093221664,
eps_std_456_1e4b7a82,eps_std,train,48,456,easy,5,5,0.1,0.95,0.617290140942288,default,100,-5.0,16,1,1,0,0,0.001513600000180304,
eps_std_456_1e4b7a82,eps_std,train,49,456,easy,5,5,0.1,0.95,0.6111172395328651,default,100,-17.0,8,0,1,0,1,0.0009598000033292919,
eps_std_456_1e4b7a82,eps_std,train,50,456,easy,5,5,0.1,0.95,0.6050060671375365,default,100,-11.0,22,1,1,0,0,0.0021496999979717657,
eps_std_456_1e4b7a82,eps_std,train,51,456,easy,5,5,0.1,0.95,0.5989560064661611,default,100,-7.0,18,1,1,0,0,0.0016488999972352758,
eps_std_456_1e4b7a82,eps_std,train,52,456,easy,5,5,0.1,0.95,0.5929664464014994,default,100,-11.0,22,1,1,0,0,0.0020349000114947557,
eps_std_456_1e4b7a82,eps_std,train,53,456,easy,5,5,0.1,0.95,0.5870367819374844,default,100,-5.0,16,1,1,0,0,0.0016088000120362267,
eps_std_456_1e4b7a82,eps_std,train,54,456,easy,5,5,0.1,0.95,0.5811664141181095,default,100,-8.0,19,1,1,0,0,0.001761500010616146,
eps_std_456_1e4b7a82,eps_std,train,55,456,easy,5,5,0.1,0.95,0.5753547499769285,default,100,-8.0,19,1,1,0,0,0.0018647999968379736,
eps_std_456_1e4b7a82,eps_std,train,56,456,easy,5,5,0.1,0.95,0.5696012024771592,default,100,0.0,11,1,1,0,0,0.0011959999974351376,
eps_std_456_1e4b7a82,eps_std,train,57,456,easy,5,5,0.1,0.95,0.5639051904523876,default,100,-31.0,22,0,1,0,1,0.0021590999967884272,
eps_std_456_1e4b7a82,eps_std,train,58,456,easy,5,5,0.1,0.95,0.5582661385478638,default,100,-8.0,19,1,1,0,0,0.0018259999924339354,
eps_std_456_1e4b7a82,eps_std,train,59,456,easy,5,5,0.1,0.95,0.5526834771623851,default,100,-18.0,29,1,1,0,0,0.00272689999837894,
eps_std_456_1e4b7a82,eps_std,train,60,456,easy,5,5,0.1,0.95,0.5471566423907612,default,100,-2.0,13,1,1,0,0,0.001428999996278435,
eps_std_456_1e4b7a82,eps_std,train,61,456,easy,5,5,0.1,0.95,0.5416850759668536,default,100,2.0,9,1,1,0,0,0.0013508999982150272,
eps_std_456_1e4b7a82,eps_std,train,62,456,easy,5,5,0.1,0.95,0.536268225207185,default,100,-13.0,24,1,1,0,0,0.0027790000021923333,
eps_std_456_1e4b7a82,eps_std,train,63,456,easy,5,5,0.1,0.95,0.5309055429551132,default,100,2.0,9,1,1,0,0,0.0010483000078238547,
eps_std_456_1e4b7a82,eps_std,train,64,456,easy,5,5,0.1,0.95,0.525596487525562,default,100,-12.0,23,1,1,0,0,0.0022022000048309565,
eps_std_456_1e4b7a82,eps_std,train,65,456,easy,5,5,0.1,0.95,0.5203405226503064,default,100,-9.0,20,1,1,0,0,0.002200500006438233,
eps_std_456_1e4b7a82,eps_std,train,66,456,easy,5,5,0.1,0.95,0.5151371174238033,default,100,-24.0,15,0,1,0,1,0.0017540000117151067,
eps_std_456_1e4b7a82,eps_std,train,67,456,easy,5,5,0.1,0.95,0.5099857462495653,default,100,-2.0,13,1,1,0,0,0.001789899994037114,
eps_std_456_1e4b7a82,eps_std,train,68,456,easy,5,5,0.1,0.95,0.5048858887870696,default,100,0.0,11,1,1,0,0,0.0016590000013820827,
eps_std_456_1e4b7a82,eps_std,train,69,456,easy,5,5,0.1,0.95,0.4998370298991989,default,100,-4.0,15,1,1,0,0,0.0020782999927178025,
eps_std_456_1e4b7a82,eps_std,train,70,456,easy,5,5,0.1,0.95,0.49483865960020695,default,100,-6.0,17,1,1,0,0,0.0018454999953974038,
eps_std_456_1e4b7a82,eps_std,train,71,456,easy,5,5,0.1,0.95,0.4898902730042049,default,100,1.0,10,1,1,0,0,0.0012501999881351367,
eps_std_456_1e4b7a82,eps_std,train,72,456,easy,5,5,0.1,0.95,0.48499137027416284,default,100,-3.0,14,1,1,0,0,0.0017158999980892986,
eps_std_456_1e4b7a82,eps_std,train,73,456,easy,5,5,0.1,0.95,0.4801414565714212,default,100,-3.0,14,1,1,0,0,0.0017700000025797635,
eps_std_456_1e4b7a82,eps_std,train,74,456,easy,5,5,0.1,0.95,0.475340042005707,default,100,-30.0,21,0,1,0,1,0.001993899990338832,
eps_std_456_1e4b7a82,eps_std,train,75,456,easy,5,5,0.1,0.95,0.47058664158564995,default,100,-17.0,28,1,1,0,0,0.002696399998967536,
eps_std_456_1e4b7a82,eps_std,train,76,456,easy,5,5,0.1,0.95,0.4658807751697934,default,100,3.0,8,1,1,0,0,0.0009520000021439046,
eps_std_456_1e4b7a82,eps_std,train,77,456,easy,5,5,0.1,0.95,0.4612219674180955,default,100,-12.0,23,1,1,0,0,0.002459299998008646,
eps_std_456_1e4b7a82,eps_std,train,78,456,easy,5,5,0.1,0.95,0.45660974774391455,default,100,-21.0,12,0,1,0,1,0.001336100001935847,
eps_std_456_1e4b7a82,eps_std,train,79,456,easy,5,5,0.1,0.95,0.4520436502664754,default,100,-3.0,14,1,1,0,0,0.001447799993911758,
eps_std_456_1e4b7a82,eps_std,train,80,456,easy,5,5,0.1,0.95,0.44752321376381066,default,100,2.0,9,1,1,0,0,0.001105900009861216,
eps_std_456_1e4b7a82,eps_std,train,81,456,easy,5,5,0.1,0.95,0.44304798162617254,default,100,-14.0,5,0,1,0,1,0.0006210999999893829,
eps_std_456_1e4b7a82,eps_std,train,82,456,easy,5,5,0.1,0.95,0.4386175018099108,default,100,1.0,10,1,1,0,0,0.0012712000025203452,
eps_std_456_1e4b7a82,eps_std,train,83,456,easy,5,5,0.1,0.95,0.4342313267918117,default,100,-12.0,23,1,1,0,0,0.0020125000010011718,
eps_std_456_1e4b7a82,eps_std,train,84,456,easy,5,5,0.1,0.95,0.4298890135238936,default,100,-6.0,17,1,1,0,0,0.0016908999969018623,
eps_std_456_1e4b7a82,eps_std,train,85,456,easy,5,5,0.1,0.95,0.42559012338865465,default,100,-7.0,18,1,1,0,0,0.001760600003763102,
eps_std_456_1e4b7a82,eps_std,train,86,456,easy,5,5,0.1,0.95,0.4213342221547681,default,100,-11.0,22,1,1,0,0,0.0021299999934853986,
eps_std_456_1e4b7a82,eps_std,train,87,456,easy,5,5,0.1,0.95,0.41712087993322045,default,100,-2.0,13,1,1,0,0,0.0014025999989826232,
eps_std_456_1e4b7a82,eps_std,train,88,456,easy,5,5,0.1,0.95,0.41294967113388825,default,100,-2.0,13,1,1,0,0,0.0014549000043189153,
eps_std_456_1e4b7a82,eps_std,train,89,456,easy,5,5,0.1,0.95,0.40882017442254937,default,100,1.0,10,1,1,0,0,0.0012072999961674213,
eps_std_456_1e4b7a82,eps_std,train,90,456,easy,5,5,0.1,0.95,0.4047319726783239,default,100,-6.0,17,1,1,0,0,0.0016640999965602532,
eps_std_456_1e4b7a82,eps_std,train,91,456,easy,5,5,0.1,0.95,0.40068465295154065,default,100,-23.0,14,0,1,0,1,0.00144160000490956,
eps_std_456_1e4b7a82,eps_std,train,92,456,easy,5,5,0.1,0.95,0.39667780642202527,default,100,-3.0,14,1,1,0,0,0.0016108999989228323,
eps_std_456_1e4b7a82,eps_std,train,93,456,easy,5,5,0.1,0.95,0.392711028357805,default,100,2.0,9,1,1,0,0,0.0010227000020677224,
eps_std_456_1e4b7a82,eps_std,train,94,456,easy,5,5,0.1,0.95,0.38878391807422696,default,100,-3.0,14,1,1,0,0,0.0014762000064365566,
eps_std_456_1e4b7a82,eps_std,train,95,456,easy,5,5,0.1,0.95,0.3848960788934847,default,100,-2.0,13,1,1,0,0,0.001509299996541813,
eps_std_456_1e4b7a82,eps_std,train,96,456,easy,5,5,0.1,0.95,0.38104711810454983,default,100,-1.0,12,1,1,0,0,0.0013408000086201355,
eps_std_456_1e4b7a82,eps_std,train,97,456,easy,5,5,0.1,0.95,0.37723664692350434,default,100,-2.0,13,1,1,0,0,0.0014444000116782263,
eps_std_456_1e4b7a82,eps_std,train,98,456,easy,5,5,0.1,0.95,0.37346428045426927,default,100,1.0,10,1,1,0,0,0.001192799987620674,
eps_std_456_1e4b7a82,eps_std,train,99,456,easy,5,5,0.1,0.95,0.36972963764972655,default,100,-11.0,22,1,1,0,0,0.002013500008615665,
eps_std_456_1e4b7a82,eps_std,train,100,456,easy,5,5,0.1,0.95,0.36603234127322926,default,100,-3.0,14,1,1,0,0,0.0016706999886082485,
eps_std_456_1e4b7a82,eps_std,train,101,456,easy,5,5,0.1,0.95,0.36237201786049694,default,100,-2.0,13,1,1,0,0,0.0015177000022958964,
eps_std_456_1e4b7a82,eps_std,train,102,456,easy,5,5,0.1,0.95,0.358748297681892,default,100,-4.0,15,1,1,0,0,0.0015839999978197739,
eps_std_456_1e4b7a82,eps_std,train,103,456,easy,5,5,0.1,0.95,0.35516081470507305,default,100,1.0,10,1,1,0,0,0.0011234000121476129,
eps_std_456_1e4b7a82,eps_std,train,104,456,easy,5,5,0.1,0.95,0.3516092065580223,default,100,-3.0,14,1,1,0,0,0.0016168000001925975,
eps_std_456_1e4b7a82,eps_std,train,105,456,easy,5,5,0.1,0.95,0.34809311449244207,default,100,0.0,11,1,1,0,0,0.0012710000009974465,
eps_std_456_1e4b7a82,eps_std,train,106,456,easy,5,5,0.1,0.95,0.34461218334751764,default,100,3.0,8,1,1,0,0,0.0009690000006230548,
eps_std_456_1e4b7a82,eps_std,train,107,456,easy,5,5,0.1,0.95,0.34116606151404244,default,100,2.0,9,1,1,0,0,0.0011189999931957573,
eps_std_456_1e4b7a82,eps_std,train,108,456,easy,5,5,0.1,0.95,0.337754400898902,default,100,-3.0,14,1,1,0,0,0.0015299000078812242,
eps_std_456_1e4b7a82,eps_std,train,109,456,easy,5,5,0.1,0.95,0.334376856889913,default,100,-3.0,14,1,1,0,0,0.0014291999978013337,
eps_std_456_1e4b7a82,eps_std,train,110,456,easy,5,5,0.1,0.95,0.33103308832101386,default,100,1.0,10,1,1,0,0,0.0010690000053728,
eps_std_456_1e4b7a82,eps_std,train,111,456,easy,5,5,0.1,0.95,0.3277227574378037,default,100,-10.0,21,1,1,0,0,0.002152899993234314,
eps_std_456_1e4b7a82,eps_std,train,112,456,easy,5,5,0.1,0.95,0.3244455298634257,default,100,3.0,8,1,1,0,0,0.0010538000060478225,
eps_std_456_1e4b7a82,eps_std,train,113,456,easy,5,5,0.1,0.95,0.3212010745647914,default,100,1.0,10,1,1,0,0,0.0012435999960871413,
eps_std_456_1e4b7a82,eps_std,train,114,456,easy,5,5,0.1,0.95,0.3179890638191435,default,100,1.0,10,1,1,0,0,0.0011834000033559278,
eps_std_456_1e4b7a82,eps_std,train,115,456,easy,5,5,0.1,0.95,0.31480917318095203,default,100,-2.0,13,1,1,0,0,0.0014239000011002645,
eps_std_456_1e4b7a82,eps_std,train,116,456,easy,5,5,0.1,0.95,0.3116610814491425,default,100,-1.0,12,1,1,0,0,0.0013395999994827434,
eps_std_456_1e4b7a82,eps_std,train,117,456,easy,5,5,0.1,0.95,0.30854447063465107,default,100,-3.0,14,1,1,0,0,0.0015085000050021335,
eps_std_456_1e4b7a82,eps_std,train,118,456,easy,5,5,0.1,0.95,0.30545902592830454,default,100,-1.0,12,1,1,0,0,0.0013760000001639128,
eps_std_456_1e4b7a82,eps_std,train,119,456,easy,5,5,0.1,0.95,0.3024044356690215,default,100,3.0,8,1,1,0,0,0.0009750000026542693,
eps_std_456_1e4b7a82,eps_std,train,120,456,easy,5,5,0.1,0.95,0.29938039131233124,default,100,0.0,11,1,1,0,0,0.00117859999591019,
eps_std_456_1e4b7a82,eps_std,train,121,456,easy,5,5,0.1,0.95,0.2963865873992079,default,100,3.0,8,1,1,0,0,0.001003599987598136,
eps_std_456_1e4b7a82,eps_std,train,122,456,easy,5,5,0.1,0.95,0.29342272152521587,default,100,-2.0,13,1,1,0,0,0.0013921999925514683,
eps_std_456_1e4b7a82,eps_std,train,123,456,easy,5,5,0.1,0.95,0.2904884943099637,default,100,3.0,8,1,1,0,0,0.0010187000007135794,
eps_std_456_1e4b7a82,eps_std,train,124,456,easy,5,5,0.1,0.95,0.28758360936686406,default,100,3.0,8,1,1,0,0,0.0010456000018166378,
eps_std_456_1e4b7a82,eps_std,train,125,456,easy,5,5,0.1,0.95,0.2847077732731954,default,100,-1.0,12,1,1,0,0,0.0013316999975359067,
eps_std_456_1e4b7a82,eps_std,train,126,456,easy,5,5,0.1,0.95,0.28186069554046345,default,100,-3.0,14,1,1,0,0,0.0016219000099226832,
eps_std_456_1e4b7a82,eps_std,train,127,456,easy,5,5,0.1,0.95,0.2790420885850588,default,100,3.0,8,1,1,0,0,0.0010130000009667128,
eps_std_456_1e4b7a82,eps_std,train,128,456,easy,5,5,0.1,0.95,0.2762516676992082,default,100,0.0,11,1,1,0,0,0.0012229999992996454,
eps_std_456_1e4b7a82,eps_std,train,129,456,easy,5,5,0.1,0.95,0.27348915102221616,default,100,1.0,10,1,1,0,0,0.0011113999935332686,
eps_std_456_1e4b7a82,eps_std,train,130,456,easy,5,5,0.1,0.95,0.270754259511994,default,100,2.0,9,1,1,0,0,0.001108099997509271,
eps_std_456_1e4b7a82,eps_std,train,131,456,easy,5,5,0.1,0.95,0.26804671691687404,default,100,1.0,10,1,1,0,0,0.0012215000024298206,
eps_std_456_1e4b7a82,eps_std,train,132,456,easy,5,5,0.1,0.95,0.2653662497477053,default,100,2.0,9,1,1,0,0,0.0011114000080851838,
eps_std_456_1e4b7a82,eps_std,train,133,456,easy,5,5,0.1,0.95,0.2627125872502282,default,100,2.0,9,1,1,0,0,0.0010745000035967678,
eps_std_456_1e4b7a82,eps_std,train,134,456,easy,5,5,0.1,0.95,0.2600854613777259,default,100,0.0,11,1,1,0,0,0.0012476999982027337,
eps_std_456_1e4b7a82,eps_std,train,135,456,easy,5,5,0.1,0.95,0.2574846067639487,default,100,-2.0,13,1,1,0,0,0.0014393000019481406,
eps_std_456_1e4b7a82,eps_std,train,136,456,easy,5,5,0.1,0.95,0.2549097606963092,default,100,0.0,11,1,1,0,0,0.0013042000064160675,
eps_std_456_1e4b7a82,eps_std,train,137,456,easy,5,5,0.1,0.95,0.2523606630893461,default,100,2.0,9,1,1,0,0,0.0011174000101163983,
eps_std_456_1e4b7a82,eps_std,train,138,456,easy,5,5,0.1,0.95,0.24983705645845267,default,100,1.0,10,1,1,0,0,0.001147799994214438,
eps_std_456_1e4b7a82,eps_std,train,139,456,easy,5,5,0.1,0.95,0.24733868589386815,default,100,2.0,9,1,1,0,0,0.0010738999990280718,
eps_std_456_1e4b7a82,eps_std,train,140,456,easy,5,5,0.1,0.95,0.24486529903492946,default,100,2.0,9,1,1,0,0,0.0010637000086717308,
eps_std_456_1e4b7a82,eps_std,train,141,456,easy,5,5,0.1,0.95,0.24241664604458016,default,100,1.0,10,1,1,0,0,0.0012867000041296706,
eps_std_456_1e4b7a82,eps_std,train,142,456,easy,5,5,0.1,0.95,0.23999247958413436,default,100,0.0,11,1,1,0,0,0.0012226999970152974,
eps_std_456_1e4b7a82,eps_std,train,143,456,easy,5,5,0.1,0.95,0.23759255478829303,default,100,1.0,10,1,1,0,0,0.0012655999889830127,
eps_std_456_1e4b7a82,eps_std,train,144,456,easy,5,5,0.1,0.95,0.2352166292404101,default,100,1.0,10,1,1,0,0,0.0012537000002339482,
eps_std_456_1e4b7a82,eps_std,train,145,456,easy,5,5,0.1,0.95,0.232864462948006,default,100,-1.0,12,1,1,0,0,0.0013248000032035634,
eps_std_456_1e4b7a82,eps_std,train,146,456,easy,5,5,0.1,0.95,0.23053581831852593,default,100,1.0,10,1,1,0,0,0.0011781000066548586,
eps_std_456_1e4b7a82,eps_std,train,147,456,easy,5,5,0.1,0.95,0.22823046013534068,default,100,2.0,9,1,1,0,0,0.001130899996496737,
eps_std_456_1e4b7a82,eps_std,train,148,456,easy,5,5,0.1,0.95,0.22594815553398728,default,100,-4.0,15,1,1,0,0,0.0016601999959675595,
eps_std_456_1e4b7a82,eps_std,train,149,456,easy,5,5,0.1,0.95,0.22368867397864742,default,100,2.0,9,1,1,0,0,0.0011492000048747286,
eps_std_456_1e4b7a82,eps_std,train,150,456,easy,5,5,0.1,0.95,0.22145178723886094,default,100,-1.0,12,1,1,0,0,0.0013328000059118494,
eps_std_456_1e4b7a82,eps_std,train,151,456,easy,5,5,0.1,0.95,0.21923726936647234,default,100,3.0,8,1,1,0,0,0.0010192999907303602,
eps_std_456_1e4b7a82,eps_std,train,152,456,easy,5,5,0.1,0.95,0.2170448966728076,default,100,1.0,10,1,1,0,0,0.0011119999981019646,
eps_std_456_1e4b7a82,eps_std,train,153,456,easy,5,5,0.1,0.95,0.21487444770607952,default,100,-1.0,12,1,1,0,0,0.0013686999882338569,
eps_std_456_1e4b7a82,eps_std,train,154,456,easy,5,5,0.1,0.95,0.21272570322901874,default,100,1.0,10,1,1,0,0,0.001253000009455718,
eps_std_456_1e4b7a82,eps_std,train,155,456,easy,5,5,0.1,0.95,0.21059844619672854,default,100,1.0,10,1,1,0,0,0.0011975000088568777,
eps_std_456_1e4b7a82,eps_std,train,156,456,easy,5,5,0.1,0.95,0.20849246173476127,default,100,0.0,11,1,1,0,0,0.001268699998036027,
eps_std_456_1e4b7a82,eps_std,train,157,456,easy,5,5,0.1,0.95,0.20640753711741366,default,100,0.0,11,1,1,0,0,0.0012855000095441937,
eps_std_456_1e4b7a82,eps_std,train,158,456,easy,5,5,0.1,0.95,0.20434346174623952,default,100,3.0,8,1,1,0,0,0.0010070999996969476,
eps_std_456_1e4b7a82,eps_std,train,159,456,easy,5,5,0.1,0.95,0.20230002712877712,default,100,0.0,11,1,1,0,0,0.0012634000013349578,
eps_std_456_1e4b7a82,eps_std,train,160,456,easy,5,5,0.1,0.95,0.20027702685748935,default,100,3.0,8,1,1,0,0,0.0010602999973343685,
eps_std_456_1e4b7a82,eps_std,train,161,456,easy,5,5,0.1,0.95,0.19827425658891445,default,100,-1.0,12,1,1,0,0,0.00144749999162741,
eps_std_456_1e4b7a82,eps_std,train,162,456,easy,5,5,0.1,0.95,0.1962915140230253,default,100,0.0,11,1,1,0,0,0.0013255999947432429,
eps_std_456_1e4b7a82,eps_std,train,163,456,easy,5,5,0.1,0.95,0.19432859888279505,default,100,3.0,8,1,1,0,0,0.0010492000001249835,
eps_std_456_1e4b7a82,eps_std,train,164,456,easy,5,5,0.1,0.95,0.1923853128939671,default,100,2.0,9,1,1,0,0,0.0010813999979291111,
eps_std_456_1e4b7a82,eps_std,train,165,456,easy,5,5,0.1,0.95,0.19046145976502743,default,100,2.0,9,1,1,0,0,0.0011454999912530184,
eps_std_456_1e4b7a82,eps_std,train,166,456,easy,5,5,0.1,0.95,0.18855684516737714,default,100,3.0,8,1,1,0,0,0.0010543999960646033,
eps_std_456_1e4b7a82,eps_std,train,167,456,easy,5,5,0.1,0.95,0.18667127671570335,default,100,1.0,10,1,1,0,0,0.0011956000089412555,
eps_std_456_1e4b7a82,eps_std,train,168,456,easy,5,5,0.1,0.95,0.18480456394854633,default,100,3.0,8,1,1,0,0,0.0009477999992668629,
eps_std_456_1e4b7a82,eps_std,train,169,456,easy,5,5,0.1,0.95,0.18295651830906087,default,100,1.0,10,1,1,0,0,0.0012581999908434227,
eps_std_456_1e4b7a82,eps_std,train,170,456,easy,5,5,0.1,0.95,0.18112695312597027,default,100,-1.0,12,1,1,0,0,0.0012798999960068613,
eps_std_456_1e4b7a82,eps_std,train,171,456,easy,5,5,0.1,0.95,0.17931568359471056,default,100,3.0,8,1,1,0,0,0.001065399992512539,
eps_std_456_1e4b7a82,eps_std,train,172,456,easy,5,5,0.1,0.95,0.17752252675876345,default,100,3.0,8,1,1,0,0,0.0010005999938584864,
eps_std_456_1e4b7a82,eps_std,train,173,456,easy,5,5,0.1,0.95,0.17574730149117582,default,100,3.0,8,1,1,0,0,0.001013999994029291,
eps_std_456_1e4b7a82,eps_std,train,174,456,easy,5,5,0.1,0.95,0.17398982847626407,default,100,3.0,8,1,1,0,0,0.001044100004946813,
eps_std_456_1e4b7a82,eps_std,train,175,456,easy,5,5,0.1,0.95,0.17224993019150142,default,100,2.0,9,1,1,0,0,0.0011257000005571172,
eps_std_456_1e4b7a82,eps_std,train,176,456,easy,5,5,0.1,0.95,0.1705274308895864,default,100,1.0,10,1,1,0,0,0.001221900005475618,
eps_std_456_1e4b7a82,eps_std,train,177,456,easy,5,5,0.1,0.95,0.16882215658069055,default,100,1.0,10,1,1,0,0,0.0012104999914299697,
eps_std_456_1e4b7a82,eps_std,train,178,456,easy,5,5,0.1,0.95,0.16713393501488363,default,100,-1.0,12,1,1,0,0,0.0013579999940702692,
eps_std_456_1e4b7a82,eps_std,train,179,456,easy,5,5,0.1,0.95,0.16546259566473479,default,100,2.0,9,1,1,0,0,0.0011172000085934997,
eps_std_456_1e4b7a82,eps_std,train,180,456,easy,5,5,0.1,0.95,0.16380796970808745,default,100,-1.0,12,1,1,0,0,0.0014319000038085505,
eps_std_456_1e4b7a82,eps_std,train,181,456,easy,5,5,0.1,0.95,0.16216989001100657,default,100,1.0,10,1,1,0,0,0.001281000004382804,
eps_std_456_1e4b7a82,eps_std,train,182,456,easy,5,5,0.1,0.95,0.1605481911108965,default,100,3.0,8,1,1,0,0,0.0010320000001229346,
eps_std_456_1e4b7a82,eps_std,train,183,456,easy,5,5,0.1,0.95,0.15894270919978754,default,100,2.0,9,1,1,0,0,0.0011476000072434545,
eps_std_456_1e4b7a82,eps_std,train,184,456,easy,5,5,0.1,0.95,0.15735328210778965,default,100,2.0,9,1,1,0,0,0.0010320000001229346,
eps_std_456_1e4b7a82,eps_std,train,185,456,easy,5,5,0.1,0.95,0.15577974928671176,default,100,3.0,8,1,1,0,0,0.0010752999951364473,
eps_std_456_1e4b7a82,eps_std,train,186,456,easy,5,5,0.1,0.95,0.15422195179384465,default,100,2.0,9,1,1,0,0,0.0012748000008286908,
eps_std_456_1e4b7a82,eps_std,train,187,456,easy,5,5,0.1,0.95,0.1526797322759062,default,100,2.0,9,1,1,0,0,0.0011873000039486215,
eps_std_456_1e4b7a82,eps_std,train,188,456,easy,5,5,0.1,0.95,0.15115293495314713,default,100,2.0,9,1,1,0,0,0.001181300001917407,
eps_std_456_1e4b7a82,eps_std,train,189,456,easy,5,5,0.1,0.95,0.14964140560361566,default,100,3.0,8,1,1,0,0,0.0010516000038478523,
eps_std_456_1e4b7a82,eps_std,train,190,456,easy,5,5,0.1,0.95,0.1481449915475795,default,100,2.0,9,1,1,0,0,0.0011287999950582162,
eps_std_456_1e4b7a82,eps_std,train,191,456,easy,5,5,0.1,0.95,0.1466635416321037,default,100,3.0,8,1,1,0,0,0.0009969999955501407,
eps_std_456_1e4b7a82,eps_std,train,192,456,easy,5,5,0.1,0.95,0.14519690621578268,default,100,3.0,8,1,1,0,0,0.0010562000097706914,
eps_std_456_1e4b7a82,eps_std,train,193,456,easy,5,5,0.1,0.95,0.14374493715362485,default,100,3.0,8,1,1,0,0,0.0010935999889625236,
eps_std_456_1e4b7a82,eps_std,train,194,456,easy,5,5,0.1,0.95,0.1423074877820886,default,100,0.0,11,1,1,0,0,0.0013337999989744276,
eps_std_456_1e4b7a82,eps_std,train,195,456,easy,5,5,0.1,0.95,0.1408844129042677,default,100,1.0,10,1,1,0,0,0.0012035999970976263,
eps_std_456_1e4b7a82,eps_std,train,196,456,easy,5,5,0.1,0.95,0.13947556877522502,default,100,3.0,8,1,1,0,0,0.0010628000018186867,
eps_std_456_1e4b7a82,eps_std,train,197,456,easy,5,5,0.1,0.95,0.13808081308747278,default,100,2.0,9,1,1,0,0,0.0011406999983591959,
eps_std_456_1e4b7a82,eps_std,train,198,456,easy,5,5,0.1,0.95,0.13670000495659804,default,100,3.0,8,1,1,0,0,0.0010349000076530501,
eps_std_456_1e4b7a82,eps_std,train,199,456,easy,5,5,0.1,0.95,0.13533300490703207,default,100,3.0,8,1,1,0,0,0.0009979999886127189,
eps_std_456_1e4b7a82,eps_std,train,200,456,easy,5,5,0.1,0.95,0.13397967485796175,default,100,3.0,8,1,1,0,0,0.0010399000020697713,results\epsilon\standard\seed_456\qtable_ep200.npz
eps_std_456_1e4b7a82,eps_std,train,201,456,easy,5,5,0.1,0.95,0.13263987810938213,default,100,3.0,8,1,1,0,0,0.0011251999967498705,
eps_std_456_1e4b7a82,eps_std,train,202,456,easy,5,5,0.1,0.95,0.1313134793282883,default,100,1.0,10,1,1,0,0,0.00128749999566935,
eps_std_456_1e4b7a82,eps_std,train,203,456,easy,5,5,0.1,0.95,0.13000034453500542,default,100,3.0,8,1,1,0,0,0.0012636999890673906,
eps_std_456_1e4b7a82,eps_std,train,204,456,easy,5,5,0.1,0.95,0.12870034108965536,default,100,3.0,8,1,1,0,0,0.0011052999907406047,
eps_std_456_1e4b7a82,eps_std,train,205,456,easy,5,5,0.1,0.95,0.12741333767875881,default,100,-1.0,12,1,1,0,0,0.001364700001431629,
eps_std_456_1e4b7a82,eps_std,train,206,456,easy,5,5,0.1,0.95,0.12613920430197123,default,100,3.0,8,1,1,0,0,0.001080100002582185,
eps_std_456_1e4b7a82,eps_std,train,207,456,easy,5,5,0.1,0.95,0.12487781225895152,default,100,1.0,10,1,1,0,0,0.0012725999986287206,
eps_std_456_1e4b7a82,eps_std,train,208,456,easy,5,5,0.1,0.95,0.123629034136362,default,100,1.0,10,1,1,0,0,0.001275799993891269,
eps_std_456_1e4b7a82,eps_std,train,209,456,easy,5,5,0.1,0.95,0.12239274379499838,default,100,-1.0,12,1,1,0,0,0.0014128000038908795,
eps_std_456_1e4b7a82,eps_std,train,210,456,easy,5,5,0.1,0.95,0.1211688163570484,default,100,3.0,8,1,1,0,0,0.0010563999967416748,
eps_std_456_1e4b7a82,eps_std,train,211,456,easy,5,5,0.1,0.95,0.11995712819347792,default,100,3.0,8,1,1,0,0,0.0011612000089371577,
eps_std_456_1e4b7a82,eps_std,train,212,456,easy,5,5,0.1,0.95,0.11875755691154315,default,100,1.0,10,1,1,0,0,0.0012669999996433035,
eps_std_456_1e4b7a82,eps_std,train,213,456,easy,5,5,0.1,0.95,0.11756998134242772,default,100,2.0,9,1,1,0,0,0.0011217999999644235,
eps_std_456_1e4b7a82,eps_std,train,214,456,easy,5,5,0.1,0.95,0.11639428152900344,default,100,2.0,9,1,1,0,0,0.0011372999870218337,
eps_std_456_1e4b7a82,eps_std,train,215,456,easy,5,5,0.1,0.95,0.11523033871371341,default,100,2.0,9,1,1,0,0,0.0010760000004665926,
eps_std_456_1e4b7a82,eps_std,train,216,456,easy,5,5,0.1,0.95,0.11407803532657627,default,100,3.0,8,1,1,0,0,0.0010560000082477927,
eps_std_456_1e4b7a82,eps_std,train,217,456,easy,5,5,0.1,0.95,0.11293725497331052,default,100,2.0,9,1,1,0,0,0.0011408999998820946,
eps_std_456_1e4b7a82,eps_std,train,218,456,easy,5,5,0.1,0.95,0.1118078824235774,default,100,1.0,10,1,1,0,0,0.0012636000028578565,
eps_std_456_1e4b7a82,eps_std,train,219,456,easy,5,5,0.1,0.95,0.11068980359934164,default,100,3.0,8,1,1,0,0,0.0010675999947125092,
eps_std_456_1e4b7a82,eps_std,train,220,456,easy,5,5,0.1,0.95,0.10958290556334822,default,100,3.0,8,1,1,0,0,0.0010581999958958477,
eps_std_456_1e4b7a82,eps_std,train,221,456,easy,5,5,0.1,0.95,0.10848707650771475,default,100,2.0,9,1,1,0,0,0.001222800012328662,
eps_std_456_1e4b7a82,eps_std,train,222,456,easy,5,5,0.1,0.95,0.1074022057426376,default,100,2.0,9,1,1,0,0,0.0011414999898988754,
eps_std_456_1e4b7a82,eps_std,train,223,456,easy,5,5,0.1,0.95,0.10632818368521123,default,100,3.0,8,1,1,0,0,0.0010781000019051135,
eps_std_456_1e4b7a82,eps_std,train,224,456,easy,5,5,0.1,0.95,0.10526490184835911,default,100,2.0,9,1,1,0,0,0.0011260000028414652,
eps_std_456_1e4b7a82,eps_std,train,225,456,easy,5,5,0.1,0.95,0.10421225282987552,default,100,3.0,8,1,1,0,0,0.001028099999530241,
eps_std_456_1e4b7a82,eps_std,train,226,456,easy,5,5,0.1,0.95,0.10317013030157676,default,100,3.0,8,1,1,0,0,0.0010859000030905008,
eps_std_456_1e4b7a82,eps_std,train,227,456,easy,5,5,0.1,0.95,0.10213842899856099,default,100,3.0,8,1,1,0,0,0.0010670999909052625,
eps_std_456_1e4b7a82,eps_std,train,228,456,easy,5,5,0.1,0.95,0.10111704470857538,default,100,3.0,8,1,1,0,0,0.0010716999968281016,
eps_std_456_1e4b7a82,eps_std,train,229,456,easy,5,5,0.1,0.95,0.10010587426148963,default,100,3.0,8,1,1,0,0,0.0010539000068092719,
eps_std_456_1e4b7a82,eps_std,train,230,456,easy,5,5,0.1,0.95,0.09910481551887473,default,100,3.0,8,1,1,0,0,0.0012174000003142282,
eps_std_456_1e4b7a82,eps_std,train,231,456,easy,5,5,0.1,0.95,0.09811376736368599,default,100,3.0,8,1,1,0,0,0.001159799998276867,
eps_std_456_1e4b7a82,eps_std,train,232,456,easy,5,5,0.1,0.95,0.09713262969004913,default,100,1.0,10,1,1,0,0,0.0012728000001516193,
eps_std_456_1e4b7a82,eps_std,train,233,456,easy,5,5,0.1,0.95,0.09616130339314863,default,100,2.0,9,1,1,0,0,0.0011360999924363568,
eps_std_456_1e4b7a82,eps_std,train,234,456,easy,5,5,0.1,0.95,0.09519969035921715,default,100,3.0,8,1,1,0,0,0.0010618000087561086,
eps_std_456_1e4b7a82,eps_std,train,235,456,easy,5,5,0.1,0.95,0.09424769345562498,default,100,2.0,9,1,1,0,0,0.001145699992775917,
eps_std_456_1e4b7a82,eps_std,train,236,456,easy,5,5,0.1,0.95,0.09330521652106873,default,100,3.0,8,1,1,0,0,0.0010461000056238845,
eps_std_456_1e4b7a82,eps_std,train,237,456,easy,5,5,0.1,0.95,0.09237216435585804,default,100,3.0,8,1,1,0,0,0.001088100005290471,
eps_std_456_1e4b7a82,eps_std,train,238,456,easy,5,5,0.1,0.95,0.09144844271229946,default,100,3.0,8,1,1,0,0,0.0010685000015655532,
eps_std_456_1e4b7a82,eps_std,train,239,456,easy,5,5,0.1,0.95,0.09053395828517646,default,100,1.0,10,1,1,0,0,0.0012864000018453225,
eps_std_456_1e4b7a82,eps_std,train,240,456,easy,5,5,0.1,0.95,0.08962861870232469,default,100,3.0,8,1,1,0,0,0.0010677999962354079,
eps_std_456_1e4b7a82,eps_std,train,241,456,easy,5,5,0.1,0.95,0.08873233251530144,default,100,3.0,8,1,1,0,0,0.0011760000052163377,
eps_std_456_1e4b7a82,eps_std,train,242,456,easy,5,5,0.1,0.95,0.08784500919014843,default,100,3.0,8,1,1,0,0,0.0010901999921770766,
eps_std_456_1e4b7a82,eps_std,train,243,456,easy,5,5,0.1,0.95,0.08696655909824694,default,100,3.0,8,1,1,0,0,0.0010884999937843531,
eps_std_456_1e4b7a82,eps_std,train,244,456,easy,5,5,0.1,0.95,0.08609689350726446,default,100,3.0,8,1,1,0,0,0.0010395999997854233,
eps_std_456_1e4b7a82,eps_std,train,245,456,easy,5,5,0.1,0.95,0.08523592457219181,default,100,3.0,8,1,1,0,0,0.00106229999801144,
eps_std_456_1e4b7a82,eps_std,train,246,456,easy,5,5,0.1,0.95,0.0843835653264699,default,100,3.0,8,1,1,0,0,0.0010295000101905316,
eps_std_456_1e4b7a82,eps_std,train,247,456,easy,5,5,0.1,0.95,0.0835397296732052,default,100,3.0,8,1,1,0,0,0.001068700003088452,
eps_std_456_1e4b7a82,eps_std,train,248,456,easy,5,5,0.1,0.95,0.08270433237647315,default,100,2.0,9,1,1,0,0,0.0011558999976841733,
eps_std_456_1e4b7a82,eps_std,train,249,456,easy,5,5,0.1,0.95,0.08187728905270841,default,100,2.0,9,1,1,0,0,0.0010853999992832541,
eps_std_456_1e4b7a82,eps_std,train,250,456,easy,5,5,0.1,0.95,0.08105851616218133,default,100,2.0,9,1,1,0,0,0.0011371000000508502,
eps_std_456_1e4b7a82,eps_std,train,251,456,easy,5,5,0.1,0.95,0.08024793100055952,default,100,3.0,8,1,1,0,0,0.0010564999975031242,
eps_std_456_1e4b7a82,eps_std,train,252,456,easy,5,5,0.1,0.95,0.07944545169055392,default,100,1.0,10,1,1,0,0,0.0012564999924506992,
eps_std_456_1e4b7a82,eps_std,train,253,456,easy,5,5,0.1,0.95,0.07865099717364837,default,100,3.0,8,1,1,0,0,0.0010194999922532588,
eps_std_456_1e4b7a82,eps_std,train,254,456,easy,5,5,0.1,0.95,0.07786448720191189,default,100,3.0,8,1,1,0,0,0.001059500005794689,
eps_std_456_1e4b7a82,eps_std,train,255,456,easy,5,5,0.1,0.95,0.07708584232989277,default,100,3.0,8,1,1,0,0,0.001072099999873899,
eps_std_456_1e4b7a82,eps_std,train,256,456,easy,5,5,0.1,0.95,0.07631498390659384,default,100,3.0,8,1,1,0,0,0.0010479000047780573,
eps_std_456_1e4b7a82,eps_std,train,257,456,easy,5,5,0.1,0.95,0.07555183406752791,default,100,3.0,8,1,1,0,0,0.001079199995729141,
eps_std_456_1e4b7a82,eps_std,train,258,456,easy,5,5,0.1,0.95,0.07479631572685264,default,100,3.0,8,1,1,0,0,0.0010600999958114699,
eps_std_456_1e4b7a82,eps_std,train,259,456,easy,5,5,0.1,0.95,0.07404835256958411,default,100,2.0,9,1,1,0,0,0.001138599996920675,
eps_std_456_1e4b7a82,eps_std,train,260,456,easy,5,5,0.1,0.95,0.07330786904388827,default,100,3.0,8,1,1,0,0,0.001015500005451031,
eps_std_456_1e4b7a82,eps_std,train,261,456,easy,5,5,0.1,0.95,0.07257479035344938,default,100,1.0,10,1,1,0,0,0.0013729999918723479,
eps_std_456_1e4b7a82,eps_std,train,262,456,easy,5,5,0.1,0.95,0.07184904244991488,default,100,1.0,10,1,1,0,0,0.0012484999897424132,
eps_std_456_1e4b7a82,eps_std,train,263,456,easy,5,5,0.1,0.95,0.07113055202541574,default,100,3.0,8,1,1,0,0,0.001066299999365583,
eps_std_456_1e4b7a82,eps_std,train,264,456,easy,5,5,0.1,0.95,0.07041924650516158,default,100,3.0,8,1,1,0,0,0.001070900005288422,
eps_std_456_1e4b7a82,eps_std,train,265,456,easy,5,5,0.1,0.95,0.06971505404010997,default,100,-14.0,5,0,1,0,1,0.0006279999943217263,
eps_std_456_1e4b7a82,eps_std,train,266,456,easy,5,5,0.1,0.95,0.06901790349970886,default,100,1.0,10,1,1,0,0,0.0012129999959142879,
eps_std_456_1e4b7a82,eps_std,train,267,456,easy,5,5,0.1,0.95,0.06832772446471178,default,100,-2.0,13,1,1,0,0,0.0014881999959470704,
eps_std_456_1e4b7a82,eps_std,train,268,456,easy,5,5,0.1,0.95,0.06764444722006466,default,100,3.0,8,1,1,0,0,0.0010655000078259036,
eps_std_456_1e4b7a82,eps_std,train,269,456,easy,5,5,0.1,0.95,0.066968002747864,default,100,1.0,10,1,1,0,0,0.0012581000046338886,
eps_std_456_1e4b7a82,eps_std,train,270,456,easy,5,5,0.1,0.95,0.06629832272038537,default,100,3.0,8,1,1,0,0,0.0010678999969968572,
eps_std_456_1e4b7a82,eps_std,train,271,456,easy,5,5,0.1,0.95,0.06563533949318151,default,100,3.0,8,1,1,0,0,0.0010652000055415556,
eps_std_456_1e4b7a82,eps_std,train,272,456,easy,5,5,0.1,0.95,0.06497898609824969,default,100,3.0,8,1,1,0,0,0.0010532000014791265,
eps_std_456_1e4b7a82,eps_std,train,273,456,easy,5,5,0.1,0.95,0.0643291962372672,default,100,3.0,8,1,1,0,0,0.0010638999956427142,
eps_std_456_1e4b7a82,eps_std,train,274,456,easy,5,5,0.1,0.95,0.06368590427489453,default,100,3.0,8,1,1,0,0,0.0010535999899730086,
eps_std_456_1e4b7a82,eps_std,train,275,456,easy,5,5,0.1,0.95,0.06304904523214558,default,100,3.0,8,1,1,0,0,0.0010872000129893422,
eps_std_456_1e4b7a82,eps_std,train,276,456,easy,5,5,0.1,0.95,0.06241855477982412,default,100,3.0,8,1,1,0,0,0.0010528000129852444,
eps_std_456_1e4b7a82,eps_std,train,277,456,easy,5,5,0.1,0.95,0.06179436923202588,default,100,3.0,8,1,1,0,0,0.001036499990732409,
eps_std_456_1e4b7a82,eps_std,train,278,456,easy,5,5,0.1,0.95,0.06117642553970562,default,100,3.0,8,1,1,0,0,0.0010064000089187175,
eps_std_456_1e4b7a82,eps_std,train,279,456,easy,5,5,0.1,0.95,0.06056466128430856,default,100,3.0,8,1,1,0,0,0.0010618999949656427,
eps_std_456_1e4b7a82,eps_std,train,280,456,easy,5,5,0.1,0.95,0.05995901467146548,default,100,3.0,8,1,1,0,0,0.0010546999983489513,
eps_std_456_1e4b7a82,eps_std,train,281,456,easy,5,5,0.1,0.95,0.05935942452475082,default,100,2.0,9,1,1,0,0,0.001333899999735877,
eps_std_456_1e4b7a82,eps_std,train,282,456,easy,5,5,0.1,0.95,0.058765830279503314,default,100,3.0,8,1,1,0,0,0.0010742000013124198,
eps_std_456_1e4b7a82,eps_std,train,283,456,easy,5,5,0.1,0.95,0.05817817197670828,default,100,3.0,8,1,1,0,0,0.0010943999950541183,
eps_std_456_1e4b7a82,eps_std,train,284,456,easy,5,5,0.1,0.95,0.057596390256941195,default,100,3.0,8,1,1,0,0,0.0010866999946301803,
eps_std_456_1e4b7a82,eps_std,train,285,456,easy,5,5,0.1,0.95,0.05702042635437178,default,100,3.0,8,1,1,0,0,0.0009766000002855435,
eps_std_456_1e4b7a82,eps_std,train,286,456,easy,5,5,0.1,0.95,0.05645022209082806,default,100,3.0,8,1,1,0,0,0.0010268000041833147,
eps_std_456_1e4b7a82,eps_std,train,287,456,easy,5,5,0.1,0.95,0.05588571986991978,default,100,3.0,8,1,1,0,0,0.0010680000123102218,
eps_std_456_1e4b7a82,eps_std,train,288,456,easy,5,5,0.1,0.95,0.055326862671220584,default,100,3.0,8,1,1,0,0,0.0010907999967457727,
eps_std_456_1e4b7a82,eps_std,train,289,456,easy,5,5,0.1,0.95,0.05477359404450838,default,100,3.0,8,1,1,0,0,0.0010220999974990264,
eps_std_456_1e4b7a82,eps_std,train,290,456,easy,5,5,0.1,0.95,0.054225858104063294,default,100,3.0,8,1,1,0,0,0.0010769000073196366,
eps_std_456_1e4b7a82,eps_std,train,291,456,easy,5,5,0.1,0.95,0.05368359952302266,default,100,2.0,9,1,1,0,0,0.0011257000005571172,
eps_std_456_1e4b7a82,eps_std,train,292,456,easy,5,5,0.1,0.95,0.053146763527792434,default,100,2.0,9,1,1,0,0,0.0011357000039424747,
eps_std_456_1e4b7a82,eps_std,train,293,456,easy,5,5,0.1,0.95,0.052615295892514506,default,100,3.0,8,1,1,0,0,0.0010701999999582767,
eps_std_456_1e4b7a82,eps_std,train,294,456,easy,5,5,0.1,0.95,0.052089142933589364,default,100,3.0,8,1,1,0,0,0.0010812999971676618,
eps_std_456_1e4b7a82,eps_std,train,295,456,easy,5,5,0.1,0.95,0.05156825150425347,default,100,2.0,9,1,1,0,0,0.0011286000080872327,
eps_std_456_1e4b7a82,eps_std,train,296,456,easy,5,5,0.1,0.95,0.051052568989210935,default,100,3.0,8,1,1,0,0,0.0010673999931896105,
eps_std_456_1e4b7a82,eps_std,train,297,456,easy,5,5,0.1,0.95,0.05054204329931883,default,100,3.0,8,1,1,0,0,0.0010732000082498416,
eps_std_456_1e4b7a82,eps_std,train,298,456,easy,5,5,0.1,0.95,0.05003662286632564,default,100,0.0,11,1,1,0,0,0.0013189000019337982,
eps_std_456_1e4b7a82,eps_std,train,299,456,easy,5,5,0.1,0.95,0.05,default,100,2.0,9,1,1,0,0,0.0010971000010613352,
eps_std_456_1e4b7a82,eps_std,train,300,456,easy,5,5,0.1,0.95,0.05,default,100,2.0,9,1,1,0,0,0.0011220000014873222,
eps_std_456_1e4b7a82,eps_std,train,301,456,easy,5,5,0.1,0.95,0.05,default,100,3.0,8,1,1,0,0,0.0011268000089330599,
eps_std_456_1e4b7a82,eps_std,train,302,456,easy,5,5,0.1,0.95,0.05,default,100,3.0,8,1,1,0,0,0.0010880999907385558,
eps_std_456_1e4b7a82,eps_std,train,303,456,easy,5,5,0.1,0.95,0.05,default,100,3.0,8,1,1,0,0,0.0010744000028353184,
eps_std_456_1e4b7a82,eps_std,train,304,456,easy,5,5,0.1,0.95,0.05,default,100,3.0,8,1,1,0,0,0.001033099993946962,
eps_std_456_1e4b7a82,eps_std,train,305,456,easy,5,5,0.1,0.95,0.05,default,100,1.0,10,1,1,0,0,0.0012505000049714,
eps_std_456_1e4b7a82,eps_std,train,306,456,easy,5,5,0.1,0.95,0.05,default,100,3.0,8,1,1,0,0,0.0010758999997051433,
eps_std_456_1e4b7a82,eps_std,train,307,456,easy,5,5,0.1,0.95,0.05,default,100,1.0,10,1,1,0,0,0.0013993999891681597,
eps_std_456_1e4b7a82,eps_std,train,308,456,easy,5,5,0.1,0.95,0.05,default,100,2.0,9,1,1,0,0,0.001128100004279986,
eps_std_456_1e4b7a82,eps_std,train,309,456,easy,5,5,0.1,0.95,0.05,default,100,3.0,8,1,1,0,0,0.0010691000061342493,
eps_std_456_1e4b7a82,eps_std,train,310,456,easy,5,5,0.1,0.95,0.05,default,100,3.0,8,1,1,0,0,0.0010711999930208549,
eps_std_456_1e4b7a82,eps_std,train,311,456,easy,5,5,0.1,0.95,0.05,default,100,3.0,8,1,1,0,0,0.0010498000046936795,
eps_std_456_1e4b7a82,eps_std,train,312,456,easy,5,5,0.1,0.95,0.05,default,100,3.0,8,1,1,0,0,0.0010562999959802255,
eps_std_456_1e4b7a82,eps_std,train,313,456,easy,5,5,0.1,0.95,0.05,default,100,3.0,8,1,1,0,0,0.001019200004520826,
eps_std_456_1e4b7a82,eps_std,train,314,456,easy,5,5,0.1,0.95,0.05,default,100,3.0,8,1,1,0,0,0.0010580000089248642,
eps_std_456_1e4b7a82,eps_std,train,315,456,easy,5,5,0.1,0.95,0.05,default,100,3.0,8,1,1,0,0,0.001025399993523024,
eps_std_456_1e4b7a82,eps_std,train,316,456,easy,5,5,0.1,0.95,0.05,default,100,3.0,8,1,1,0,0,0.00104750000173226,
eps_std_456_1e4b7a82,eps_std,train,317,456,easy,5,5,0.1,0.95,0.05,default,100,1.0,10,1,1,0,0,0.001511400012532249,
eps_std_456_1e4b7a82,eps_std,train,318,456,easy,5,5,0.1,0.95,0.05,default,100,3.0,8,1,1,0,0,0.0010903999936999753,
eps_std_456_1e4b7a82,eps_std,train,319,456,easy,5,5,0.1,0.95,0.05,default,100,1.0,10,1,1,0,0,0.001260999997612089,
eps_std_456_1e4b7a82,eps_std,train,320,456,easy,5,5,0.1,0.95,0.05,default,100,3.0,8,1,1,0,0,0.0010771000088425353,
eps_std_456_1e4b7a82,eps_std,train,321,456,easy,5,5,0.1,0.95,0.05,default,100,3.0,8,1,1,0,0,0.0010903999936999753,
eps_std_456_1e4b7a82,eps_std,train,322,456,easy,5,5,0.1,0.95,0.05,default,100,2.0,9,1,1,0,0,0.001159799998276867,
eps_std_456_1e4b7a82,eps_std,train,323,456,easy,5,5,0.1,0.95,0.05,default,100,1.0,10,1,1,0,0,0.0012574000138556585,
eps_std_456_1e4b7a82,eps_std,train,324,456,easy,5,5,0.1,0.95,0.05,default,100,0.0,11,1,1,0,0,0.0013328000059118494,
eps_std_456_1e4b7a82,eps_std,train,325,456,easy,5,5,0.1,0.95,0.05,default,100,3.0,8,1,1,0,0,0.0016071999998530373,
eps_std_456_1e4b7a82,eps_std,train,326,456,easy,5,5,0.1,0.95,0.05,default,100,3.0,8,1,1,0,0,0.001186299996334128,
eps_std_456_1e4b7a82,eps_std,train,327,456,easy,5,5,0.1,0.95,0.05,default,100,1.0,10,1,1,0,0,0.0012925999908475205,
eps_std_456_1e4b7a82,eps_std,train,328,456,easy,5,5,0.1,0.95,0.05,default,100,3.0,8,1,1,0,0,0.0013487999967765063,
eps_std_456_1e4b7a82,eps_std,train,329,456,easy,5,5,0.1,0.95,0.05,default,100,3.0,8,1,1,0,0,0.0013927999971201643,
eps_std_456_1e4b7a82,eps_std,train,330,456,easy,5,5,0.1,0.95,0.05,default,100,3.0,8,1,1,0,0,0.0011074000067310408,
eps_std_456_1e4b7a82,eps_std,train,331,456,easy,5,5,0.1,0.95,0.05,default,100,3.0,8,1,1,0,0,0.0010926000104518607,
eps_std_456_1e4b7a82,eps_std,train,332,456,easy,5,5,0.1,0.95,0.05,default,100,3.0,8,1,1,0,0,0.0012344999995548278,
eps_std_456_1e4b7a82,eps_std,train,333,456,easy,5,5,0.1,0.95,0.05,default,100,3.0,8,1,1,0,0,0.0012276000052224845,
eps_std_456_1e4b7a82,eps_std,train,334,456,easy,5,5,0.1,0.95,0.05,default,100,3.0,8,1,1,0,0,0.0011543000000528991,
eps_std_456_1e4b7a82,eps_std,train,335,456,easy,5,5,0.1,0.95,0.05,default,100,3.0,8,1,1,0,0,0.001270200009457767,
eps_std_456_1e4b7a82,eps_std,train,336,456,easy,5,5,0.1,0.95,0.05,default,100,2.0,9,1,1,0,0,0.001201000006403774,
eps_std_456_1e4b7a82,eps_std,train,337,456,easy,5,5,0.1,0.95,0.05,default,100,0.0,11,1,1,0,0,0.0015694000030634925,
eps_std_456_1e4b7a82,eps_std,train,338,456,easy,5,5,0.1,0.95,0.05,default,100,3.0,8,1,1,0,0,0.0015223000082187355,
eps_std_456_1e4b7a82,eps_std,train,339,456,easy,5,5,0.1,0.95,0.05,default,100,3.0,8,1,1,0,0,0.0014697999868076295,
eps_std_456_1e4b7a82,eps_std,train,340,456,easy,5,5,0.1,0.95,0.05,default,100,3.0,8,1,1,0,0,0.0011073000059695914,
eps_std_456_1e4b7a82,eps_std,train,341,456,easy,5,5,0.1,0.95,0.05,default,100,3.0,8,1,1,0,0,0.0011335000017425045,
eps_std_456_1e4b7a82,eps_std,train,342,456,easy,5,5,0.1,0.95,0.05,default,100,3.0,8,1,1,0,0,0.0015260000072885305,
eps_std_456_1e4b7a82,eps_std,train,343,456,easy,5,5,0.1,0.95,0.05,default,100,2.0,9,1,1,0,0,0.0014553000073647127,
eps_std_456_1e4b7a82,eps_std,train,344,456,easy,5,5,0.1,0.95,0.05,default,100,3.0,8,1,1,0,0,0.0010474000009708107,
eps_std_456_1e4b7a82,eps_std,train,345,456,easy,5,5,0.1,0.95,0.05,default,100,3.0,8,1,1,0,0,0.0011598999990383163,
eps_std_456_1e4b7a82,eps_std,train,346,456,easy,5,5,0.1,0.95,0.05,default,100,3.0,8,1,1,0,0,0.0012672000011662021,
eps_std_456_1e4b7a82,eps_std,train,347,456,easy,5,5,0.1,0.95,0.05,default,100,3.0,8,1,1,0,0,0.0013238999963505194,
eps_std_456_1e4b7a82,eps_std,train,348,456,easy,5,5,0.1,0.95,0.05,default,100,3.0,8,1,1,0,0,0.0014469000016106293,
eps_std_456_1e4b7a82,eps_std,train,349,456,easy,5,5,0.1,0.95,0.05,default,100,3.0,8,1,1,0,0,0.001210800008266233,
eps_std_456_1e4b7a82,eps_std,train,350,456,easy,5,5,0.1,0.95,0.05,default,100,1.0,10,1,1,0,0,0.0012855999957537279,
eps_std_456_1e4b7a82,eps_std,train,351,456,easy,5,5,0.1,0.95,0.05,default,100,3.0,8,1,1,0,0,0.0011140999995404854,
eps_std_456_1e4b7a82,eps_std,train,352,456,easy,5,5,0.1,0.95,0.05,default,100,3.0,8,1,1,0,0,0.0012752000038744882,
eps_std_456_1e4b7a82,eps_std,train,353,456,easy,5,5,0.1,0.95,0.05,default,100,1.0,10,1,1,0,0,0.0013682999997399747,
eps_std_456_1e4b7a82,eps_std,train,354,456,easy,5,5,0.1,0.95,0.05,default,100,3.0,8,1,1,0,0,0.001193600008264184,
eps_std_456_1e4b7a82,eps_std,train,355,456,easy,5,5,0.1,0.95,0.05,default,100,0.0,11,1,1,0,0,0.0016751999937696382,
eps_std_456_1e4b7a82,eps_std,train,356,456,easy,5,5,0.1,0.95,0.05,default,100,2.0,9,1,1,0,0,0.0012552999978652224,
eps_std_456_1e4b7a82,eps_std,train,357,456,easy,5,5,0.1,0.95,0.05,default,100,2.0,9,1,1,0,0,0.0011613999959081411,
eps_std_456_1e4b7a82,eps_std,train,358,456,easy,5,5,0.1,0.95,0.05,default,100,3.0,8,1,1,0,0,0.001405000002705492,
eps_std_456_1e4b7a82,eps_std,train,359,456,easy,5,5,0.1,0.95,0.05,default,100,3.0,8,1,1,0,0,0.001578499999595806,
eps_std_456_1e4b7a82,eps_std,train,360,456,easy,5,5,0.1,0.95,0.05,default,100,3.0,8,1,1,0,0,0.0012457999982871115,
eps_std_456_1e4b7a82,eps_std,train,361,456,easy,5,5,0.1,0.95,0.05,default,100,3.0,8,1,1,0,0,0.00117790000513196,
eps_std_456_1e4b7a82,eps_std,train,362,456,easy,5,5,0.1,0.95,0.05,default,100,2.0,9,1,1,0,0,0.001345900003798306,
eps_std_456_1e4b7a82,eps_std,train,363,456,easy,5,5,0.1,0.95,0.05,default,100,3.0,8,1,1,0,0,0.0010959000064758584,
eps_std_456_1e4b7a82,eps_std,train,364,456,easy,5,5,0.1,0.95,0.05,default,100,3.0,8,1,1,0,0,0.0011802000080933794,
eps_std_456_1e4b7a82,eps_std,train,365,456,easy,5,5,0.1,0.95,0.05,default,100,3.0,8,1,1,0,0,0.0010811000101966783,
eps_std_456_1e4b7a82,eps_std,train,366,456,easy,5,5,0.1,0.95,0.05,default,100,3.0,8,1,1,0,0,0.0015574999997625127,
eps_std_456_1e4b7a82,eps_std,train,367,456,easy,5,5,0.1,0.95,0.05,default,100,0.0,11,1,1,0,0,0.0013915999879827723,
eps_std_456_1e4b7a82,eps_std,train,368,456,easy,5,5,0.1,0.95,0.05,default,100,3.0,8,1,1,0,0,0.0010967999987769872,
eps_std_456_1e4b7a82,eps_std,train,369,456,easy,5,5,0.1,0.95,0.05,default,100,1.0,10,1,1,0,0,0.001349300000583753,
eps_std_456_1e4b7a82,eps_std,train,370,456,easy,5,5,0.1,0.95,0.05,default,100,2.0,9,1,1,0,0,0.0014861000090604648,
eps_std_456_1e4b7a82,eps_std,train,371,456,easy,5,5,0.1,0.95,0.05,default,100,3.0,8,1,1,0,0,0.0011011999886250123,
eps_std_456_1e4b7a82,eps_std,train,372,456,easy,5,5,0.1,0.95,0.05,default,100,3.0,8,1,1,0,0,0.0012678000057348981,
eps_std_456_1e4b7a82,eps_std,train,373,456,easy,5,5,0.1,0.95,0.05,default,100,3.0,8,1,1,0,0,0.0011642000026768073,
eps_std_456_1e4b7a82,eps_std,train,374,456,easy,5,5,0.1,0.95,0.05,default,100,3.0,8,1,1,0,0,0.00121640000725165,
eps_std_456_1e4b7a82,eps_std,train,375,456,easy,5,5,0.1,0.95,0.05,default,100,3.0,8,1,1,0,0,0.0016223999991780147,
eps_std_456_1e4b7a82,eps_std,train,376,456,easy,5,5,0.1,0.95,0.05,default,100,3.0,8,1,1,0,0,0.001283700010390021,
eps_std_456_1e4b7a82,eps_std,train,377,456,easy,5,5,0.1,0.95,0.05,default,100,3.0,8,1,1,0,0,0.0011292999988654628,
eps_std_456_1e4b7a82,eps_std,train,378,456,easy,5,5,0.1,0.95,0.05,default,100,2.0,9,1,1,0,0,0.0012106000067433342,
eps_std_456_1e4b7a82,eps_std,train,379,456,easy,5,5,0.1,0.95,0.05,default,100,3.0,8,1,1,0,0,0.0011834000033559278,
eps_std_456_1e4b7a82,eps_std,train,380,456,easy,5,5,0.1,0.95,0.05,default,100,3.0,8,1,1,0,0,0.0014663000038126484,
eps_std_456_1e4b7a82,eps_std,train,381,456,easy,5,5,0.1,0.95,0.05,default,100,3.0,8,1,1,0,0,0.001456000012694858,
eps_std_456_1e4b7a82,eps_std,train,382,456,easy,5,5,0.1,0.95,0.05,default,100,1.0,10,1,1,0,0,0.0013027000095462427,
eps_std_456_1e4b7a82,eps_std,train,383,456,easy,5,5,0.1,0.95,0.05,default,100,3.0,8,1,1,0,0,0.001247400010470301,
eps_std_456_1e4b7a82,eps_std,train,384,456,easy,5,5,0.1,0.95,0.05,default,100,2.0,9,1,1,0,0,0.0010779000003822148,
eps_std_456_1e4b7a82,eps_std,train,385,456,easy,5,5,0.1,0.95,0.05,default,100,3.0,8,1,1,0,0,0.0010607000003801659,
eps_std_456_1e4b7a82,eps_std,train,386,456,easy,5,5,0.1,0.95,0.05,default,100,3.0,8,1,1,0,0,0.0012322999973548576,
eps_std_456_1e4b7a82,eps_std,train,387,456,easy,5,5,0.1,0.95,0.05,default,100,3.0,8,1,1,0,0,0.001108099997509271,
eps_std_456_1e4b7a82,eps_std,train,388,456,easy,5,5,0.1,0.95,0.05,default,100,2.0,9,1,1,0,0,0.0011232000106247142,
eps_std_456_1e4b7a82,eps_std,train,389,456,easy,5,5,0.1,0.95,0.05,default,100,3.0,8,1,1,0,0,0.0010678999969968572,
eps_std_456_1e4b7a82,eps_std,train,390,456,easy,5,5,0.1,0.95,0.05,default,100,3.0,8,1,1,0,0,0.00120749999769032,
eps_std_456_1e4b7a82,eps_std,train,391,456,easy,5,5,0.1,0.95,0.05,default,100,3.0,8,1,1,0,0,0.0010898000036831945,
eps_std_456_1e4b7a82,eps_std,train,392,456,easy,5,5,0.1,0.95,0.05,default,100,3.0,8,1,1,0,0,0.0010527999984333292,
eps_std_456_1e4b7a82,eps_std,train,393,456,easy,5,5,0.1,0.95,0.05,default,100,3.0,8,1,1,0,0,0.0010668000031728297,
eps_std_456_1e4b7a82,eps_std,train,394,456,easy,5,5,0.1,0.95,0.05,default,100,3.0,8,1,1,0,0,0.0013364000042201951,
eps_std_456_1e4b7a82,eps_std,train,395,456,easy,5,5,0.1,0.95,0.05,default,100,3.0,8,1,1,0,0,0.0010895000013988465,
eps_std_456_1e4b7a82,eps_std,train,396,456,easy,5,5,0.1,0.95,0.05,default,100,3.0,8,1,1,0,0,0.001093699989723973,
eps_std_456_1e4b7a82,eps_std,train,397,456,easy,5,5,0.1,0.95,0.05,default,100,3.0,8,1,1,0,0,0.001026600002660416,
eps_std_456_1e4b7a82,eps_std,train,398,456,easy,5,5,0.1,0.95,0.05,default,100,3.0,8,1,1,0,0,0.0010750000074040145,
eps_std_456_1e4b7a82,eps_std,train,399,456,easy,5,5,0.1,0.95,0.05,default,100,-16.0,7,0,1,0,1,0.0008420999947702512,
eps_std_456_1e4b7a82,eps_std,train,400,456,easy,5,5,0.1,0.95,0.05,default,100,3.0,8,1,1,0,0,0.0010674000077415258,results\epsilon\standard\seed_456\qtable_ep400.npz
eps_std_456_1e4b7a82,eps_std,train,401,456,easy,5,5,0.1,0.95,0.05,default,100,3.0,8,1,1,0,0,0.0011119999981019646,
eps_std_456_1e4b7a82,eps_std,train,402,456,easy,5,5,0.1,0.95,0.05,default,100,3.0,8,1,1,0,0,0.0010456000018166378,
eps_std_456_1e4b7a82,eps_std,train,403,456,easy,5,5,0.1,0.95,0.05,default,100,3.0,8,1,1,0,0,0.0010633000056259334,
eps_std_456_1e4b7a82,eps_std,train,404,456,easy,5,5,0.1,0.95,0.05,default,100,3.0,8,1,1,0,0,0.0011968999897362664,
eps_std_456_1e4b7a82,eps_std,train,405,456,easy,5,5,0.1,0.95,0.05,default,100,3.0,8,1,1,0,0,0.0011005999986082315,
eps_std_456_1e4b7a82,eps_std,train,406,456,easy,5,5,0.1,0.95,0.05,default,100,2.0,9,1,1,0,0,0.0011586000036913902,
eps_std_456_1e4b7a82,eps_std,train,407,456,easy,5,5,0.1,0.95,0.05,default,100,3.0,8,1,1,0,0,0.0010863999923458323,
eps_std_456_1e4b7a82,eps_std,train,408,456,easy,5,5,0.1,0.95,0.05,default,100,3.0,8,1,1,0,0,0.0010596000065561384,
eps_std_456_1e4b7a82,eps_std,train,409,456,easy,5,5,0.1,0.95,0.05,default,100,3.0,8,1,1,0,0,0.001748299997416325,
eps_std_456_1e4b7a82,eps_std,train,410,456,easy,5,5,0.1,0.95,0.05,default,100,1.0,10,1,1,0,0,0.001895399997010827,
eps_std_456_1e4b7a82,eps_std,train,411,456,easy,5,5,0.1,0.95,0.05,default,100,3.0,8,1,1,0,0,0.001443400004063733,
eps_std_456_1e4b7a82,eps_std,train,412,456,easy,5,5,0.1,0.95,0.05,default,100,3.0,8,1,1,0,0,0.0011995999957434833,
eps_std_456_1e4b7a82,eps_std,train,413,456,easy,5,5,0.1,0.95,0.05,default,100,3.0,8,1,1,0,0,0.0011057000083383173,
eps_std_456_1e4b7a82,eps_std,train,414,456,easy,5,5,0.1,0.95,0.05,default,100,3.0,8,1,1,0,0,0.0013054000010015443,
eps_std_456_1e4b7a82,eps_std,train,415,456,easy,5,5,0.1,0.95,0.05,default,100,3.0,8,1,1,0,0,0.0011611000081757084,
eps_std_456_1e4b7a82,eps_std,train,416,456,easy,5,5,0.1,0.95,0.05,default,100,2.0,9,1,1,0,0,0.0011716000008163974,
eps_std_456_1e4b7a82,eps_std,train,417,456,easy,5,5,0.1,0.95,0.05,default,100,1.0,10,1,1,0,0,0.0013159999944036826,
eps_std_456_1e4b7a82,eps_std,train,418,456,easy,5,5,0.1,0.95,0.05,default,100,3.0,8,1,1,0,0,0.0010886999953072518,
eps_std_456_1e4b7a82,eps_std,train,419,456,easy,5,5,0.1,0.95,0.05,default,100,3.0,8,1,1,0,0,0.0010861999908229336,
eps_std_456_1e4b7a82,eps_std,train,420,456,easy,5,5,0.1,0.95,0.05,default,100,3.0,8,1,1,0,0,0.0010646000009728596,
eps_std_456_1e4b7a82,eps_std,train,421,456,easy,5,5,0.1,0.95,0.05,default,100,3.0,8,1,1,0,0,0.001152700002421625,
eps_std_456_1e4b7a82,eps_std,train,422,456,easy,5,5,0.1,0.95,0.05,default,100,0.0,11,1,1,0,0,0.0013820000021951273,
eps_std_456_1e4b7a82,eps_std,train,423,456,easy,5,5,0.1,0.95,0.05,default,100,3.0,8,1,1,0,0,0.0010433999996166676,
eps_std_456_1e4b7a82,eps_std,train,424,456,easy,5,5,0.1,0.95,0.05,default,100,3.0,8,1,1,0,0,0.0010963000095216557,
eps_std_456_1e4b7a82,eps_std,train,425,456,easy,5,5,0.1,0.95,0.05,default,100,3.0,8,1,1,0,0,0.0010708999907365069,
eps_std_456_1e4b7a82,eps_std,train,426,456,easy,5,5,0.1,0.95,0.05,default,100,2.0,9,1,1,0,0,0.0012036999978590757,
eps_std_456_1e4b7a82,eps_std,train,427,456,easy,5,5,0.1,0.95,0.05,default,100,2.0,9,1,1,0,0,0.0011448000004747882,
eps_std_456_1e4b7a82,eps_std,train,428,456,easy,5,5,0.1,0.95,0.05,default,100,3.0,8,1,1,0,0,0.0010922999936155975,
eps_std_456_1e4b7a82,eps_std,train,429,456,easy,5,5,0.1,0.95,0.05,default,100,1.0,10,1,1,0,0,0.0013127999991411343,
eps_std_456_1e4b7a82,eps_std,train,430,456,easy,5,5,0.1,0.95,0.05,default,100,3.0,8,1,1,0,0,0.0010643999994499609,
eps_std_456_1e4b7a82,eps_std,train,431,456,easy,5,5,0.1,0.95,0.05,default,100,2.0,9,1,1,0,0,0.0010588999866740778,
eps_std_456_1e4b7a82,eps_std,train,432,456,easy,5,5,0.1,0.95,0.05,default,100,3.0,8,1,1,0,0,0.0011217999999644235,
eps_std_456_1e4b7a82,eps_std,train,433,456,easy,5,5,0.1,0.95,0.05,default,100,3.0,8,1,1,0,0,0.0010818000009749085,
eps_std_456_1e4b7a82,eps_std,train,434,456,easy,5,5,0.1,0.95,0.05,default,100,3.0,8,1,1,0,0,0.0010535000037634745,
eps_std_456_1e4b7a82,eps_std,train,435,456,easy,5,5,0.1,0.95,0.05,default,100,2.0,9,1,1,0,0,0.0011727999954018742,
eps_std_456_1e4b7a82,eps_std,train,436,456,easy,5,5,0.1,0.95,0.05,default,100,3.0,8,1,1,0,0,0.0010271999926771969,
eps_std_456_1e4b7a82,eps_std,train,437,456,easy,5,5,0.1,0.95,0.05,default,100,-1.0,12,1,1,0,0,0.001487400004407391,
eps_std_456_1e4b7a82,eps_std,train,438,456,easy,5,5,0.1,0.95,0.05,default,100,3.0,8,1,1,0,0,0.0010922999936155975,
eps_std_456_1e4b7a82,eps_std,train,439,456,easy,5,5,0.1,0.95,0.05,default,100,3.0,8,1,1,0,0,0.001046599994879216,
eps_std_456_1e4b7a82,eps_std,train,440,456,easy,5,5,0.1,0.95,0.05,default,100,3.0,8,1,1,0,0,0.001076100001228042,
eps_std_456_1e4b7a82,eps_std,train,441,456,easy,5,5,0.1,0.95,0.05,default,100,3.0,8,1,1,0,0,0.0010954000026686117,
eps_std_456_1e4b7a82,eps_std,train,442,456,easy,5,5,0.1,0.95,0.05,default,100,2.0,9,1,1,0,0,0.0011864999978570268,
eps_std_456_1e4b7a82,eps_std,train,443,456,easy,5,5,0.1,0.95,0.05,default,100,3.0,8,1,1,0,0,0.0011024000123143196,
eps_std_456_1e4b7a82,eps_std,train,444,456,easy,5,5,0.1,0.95,0.05,default,100,2.0,9,1,1,0,0,0.0011336000025039539,
eps_std_456_1e4b7a82,eps_std,train,445,456,easy,5,5,0.1,0.95,0.05,default,100,3.0,8,1,1,0,0,0.0010800000018207356,
eps_std_456_1e4b7a82,eps_std,train,446,456,easy,5,5,0.1,0.95,0.05,default,100,3.0,8,1,1,0,0,0.0010829999955603853,
eps_std_456_1e4b7a82,eps_std,train,447,456,easy,5,5,0.1,0.95,0.05,default,100,3.0,8,1,1,0,0,0.0010564999975031242,
eps_std_456_1e4b7a82,eps_std,train,448,456,easy,5,5,0.1,0.95,0.05,default,100,1.0,10,1,1,0,0,0.0012070999946445227,
eps_std_456_1e4b7a82,eps_std,train,449,456,easy,5,5,0.1,0.95,0.05,default,100,3.0,8,1,1,0,0,0.001073900013579987,
eps_std_456_1e4b7a82,eps_std,train,450,456,easy,5,5,0.1,0.95,0.05,default,100,2.0,9,1,1,0,0,0.001123800000641495,
eps_std_456_1e4b7a82,eps_std,train,451,456,easy,5,5,0.1,0.95,0.05,default,100,2.0,9,1,1,0,0,0.001324400000157766,
eps_std_456_1e4b7a82,eps_std,train,452,456,easy,5,5,0.1,0.95,0.05,default,100,2.0,9,1,1,0,0,0.0012510999949881807,
eps_std_456_1e4b7a82,eps_std,train,453,456,easy,5,5,0.1,0.95,0.05,default,100,3.0,8,1,1,0,0,0.0010805000056279823,
eps_std_456_1e4b7a82,eps_std,train,454,456,easy,5,5,0.1,0.95,0.05,default,100,3.0,8,1,1,0,0,0.001090599995222874,
eps_std_456_1e4b7a82,eps_std,train,455,456,easy,5,5,0.1,0.95,0.05,default,100,3.0,8,1,1,0,0,0.001061699993442744,
eps_std_456_1e4b7a82,eps_std,train,456,456,easy,5,5,0.1,0.95,0.05,default,100,3.0,8,1,1,0,0,0.0010910000128205866,
eps_std_456_1e4b7a82,eps_std,train,457,456,easy,5,5,0.1,0.95,0.05,default,100,3.0,8,1,1,0,0,0.0010867999953916296,
eps_std_456_1e4b7a82,eps_std,train,458,456,easy,5,5,0.1,0.95,0.05,default,100,3.0,8,1,1,0,0,0.0010957000049529597,
eps_std_456_1e4b7a82,eps_std,train,459,456,easy,5,5,0.1,0.95,0.05,default,100,-1.0,12,1,1,0,0,0.0014570999919669703,
eps_std_456_1e4b7a82,eps_std,train,460,456,easy,5,5,0.1,0.95,0.05,default,100,3.0,8,1,1,0,0,0.0010898000036831945,
eps_std_456_1e4b7a82,eps_std,train,461,456,easy,5,5,0.1,0.95,0.05,default,100,3.0,8,1,1,0,0,0.0012125000066589564,
eps_std_456_1e4b7a82,eps_std,train,462,456,easy,5,5,0.1,0.95,0.05,default,100,3.0,8,1,1,0,0,0.0010381999891251326,
eps_std_456_1e4b7a82,eps_std,train,463,456,easy,5,5,0.1,0.95,0.05,default,100,3.0,8,1,1,0,0,0.0010802000033436343,
eps_std_456_1e4b7a82,eps_std,train,464,456,easy,5,5,0.1,0.95,0.05,default,100,3.0,8,1,1,0,0,0.0010523000091779977,
eps_std_456_1e4b7a82,eps_std,train,465,456,easy,5,5,0.1,0.95,0.05,default,100,3.0,8,1,1,0,0,0.0010715999960666522,
eps_std_456_1e4b7a82,eps_std,train,466,456,easy,5,5,0.1,0.95,0.05,default,100,1.0,10,1,1,0,0,0.0012637000036193058,
eps_std_456_1e4b7a82,eps_std,train,467,456,easy,5,5,0.1,0.95,0.05,default,100,3.0,8,1,1,0,0,0.0010712999937823042,
eps_std_456_1e4b7a82,eps_std,train,468,456,easy,5,5,0.1,0.95,0.05,default,100,2.0,9,1,1,0,0,0.0011484999995445833,
eps_std_456_1e4b7a82,eps_std,train,469,456,easy,5,5,0.1,0.95,0.05,default,100,1.0,10,1,1,0,0,0.0012478999997256324,
eps_std_456_1e4b7a82,eps_std,train,470,456,easy,5,5,0.1,0.95,0.05,default,100,3.0,8,1,1,0,0,0.0010856000008061528,
eps_std_456_1e4b7a82,eps_std,train,471,456,easy,5,5,0.1,0.95,0.05,default,100,3.0,8,1,1,0,0,0.0010556000052019954,
eps_std_456_1e4b7a82,eps_std,train,472,456,easy,5,5,0.1,0.95,0.05,default,100,3.0,8,1,1,0,0,0.0010668999893823639,
eps_std_456_1e4b7a82,eps_std,train,473,456,easy,5,5,0.1,0.95,0.05,default,100,3.0,8,1,1,0,0,0.0010589999874355271,
eps_std_456_1e4b7a82,eps_std,train,474,456,easy,5,5,0.1,0.95,0.05,default,100,3.0,8,1,1,0,0,0.001244099999894388,
eps_std_456_1e4b7a82,eps_std,train,475,456,easy,5,5,0.1,0.95,0.05,default,100,3.0,8,1,1,0,0,0.0011894000053871423,
eps_std_456_1e4b7a82,eps_std,train,476,456,easy,5,5,0.1,0.95,0.05,default,100,3.0,8,1,1,0,0,0.0011858000070787966,
eps_std_456_1e4b7a82,eps_std,train,477,456,easy,5,5,0.1,0.95,0.05,default,100,3.0,8,1,1,0,0,0.0010987999994540587,
eps_std_456_1e4b7a82,eps_std,train,478,456,easy,5,5,0.1,0.95,0.05,default,100,3.0,8,1,1,0,0,0.001053999993018806,
eps_std_456_1e4b7a82,eps_std,train,479,456,easy,5,5,0.1,0.95,0.05,default,100,3.0,8,1,1,0,0,0.001062900002580136,
eps_std_456_1e4b7a82,eps_std,train,480,456,easy,5,5,0.1,0.95,0.05,default,100,3.0,8,1,1,0,0,0.0010628000018186867,
eps_std_456_1e4b7a82,eps_std,train,481,456,easy,5,5,0.1,0.95,0.05,default,100,3.0,8,1,1,0,0,0.0011303999926894903,
eps_std_456_1e4b7a82,eps_std,train,482,456,easy,5,5,0.1,0.95,0.05,default,100,3.0,8,1,1,0,0,0.0010959000064758584,
eps_std_456_1e4b7a82,eps_std,train,483,456,easy,5,5,0.1,0.95,0.05,default,100,3.0,8,1,1,0,0,0.001082599992514588,
eps_std_456_1e4b7a82,eps_std,train,484,456,easy,5,5,0.1,0.95,0.05,default,100,3.0,8,1,1,0,0,0.001036799993016757,
eps_std_456_1e4b7a82,eps_std,train,485,456,easy,5,5,0.1,0.95,0.05,default,100,2.0,9,1,1,0,0,0.0011285000073257834,
eps_std_456_1e4b7a82,eps_std,train,486,456,easy,5,5,0.1,0.95,0.05,default,100,3.0,8,1,1,0,0,0.001078899993444793,
eps_std_456_1e4b7a82,eps_std,train,487,456,easy,5,5,0.1,0.95,0.05,default,100,3.0,8,1,1,0,0,0.0010781000019051135,
eps_std_456_1e4b7a82,eps_std,train,488,456,easy,5,5,0.1,0.95,0.05,default,100,3.0,8,1,1,0,0,0.0010879000037675723,
eps_std_456_1e4b7a82,eps_std,train,489,456,easy,5,5,0.1,0.95,0.05,default,100,3.0,8,1,1,0,0,0.00125790000311099,
eps_std_456_1e4b7a82,eps_std,train,490,456,easy,5,5,0.1,0.95,0.05,default,100,3.0,8,1,1,0,0,0.0011568999907467514,
eps_std_456_1e4b7a82,eps_std,train,491,456,easy,5,5,0.1,0.95,0.05,default,100,3.0,8,1,1,0,0,0.0010946000111289322,
eps_std_456_1e4b7a82,eps_std,train,492,456,easy,5,5,0.1,0.95,0.05,default,100,2.0,9,1,1,0,0,0.0011790999997174367,
eps_std_456_1e4b7a82,eps_std,train,493,456,easy,5,5,0.1,0.95,0.05,default,100,3.0,8,1,1,0,0,0.0010963999957311898,
eps_std_456_1e4b7a82,eps_std,train,494,456,easy,5,5,0.1,0.95,0.05,default,100,3.0,8,1,1,0,0,0.00106969999615103,
eps_std_456_1e4b7a82,eps_std,train,495,456,easy,5,5,0.1,0.95,0.05,default,100,3.0,8,1,1,0,0,0.0010772000096039847,
eps_std_456_1e4b7a82,eps_std,train,496,456,easy,5,5,0.1,0.95,0.05,default,100,2.0,9,1,1,0,0,0.001120199987781234,
eps_std_456_1e4b7a82,eps_std,train,497,456,easy,5,5,0.1,0.95,0.05,default,100,3.0,8,1,1,0,0,0.0010456000018166378,
eps_std_456_1e4b7a82,eps_std,train,498,456,easy,5,5,0.1,0.95,0.05,default,100,2.0,9,1,1,0,0,0.0010933000012300909,
eps_std_456_1e4b7a82,eps_std,train,499,456,easy,5,5,0.1,0.95,0.05,default,100,3.0,8,1,1,0,0,0.0010667000024113804,
eps_std_456_1e4b7a82,eps_std,train,500,456,easy,5,5,0.1,0.95,0.05,default,100,3.0,8,1,1,0,0,0.0010452999995322898,
eps_std_456_1e4b7a82,eps_std,train,501,456,easy,5,5,0.1,0.95,0.05,default,100,3.0,8,1,1,0,0,0.0010799000010592863,
eps_std_456_1e4b7a82,eps_std,train,502,456,easy,5,5,0.1,0.95,0.05,default,100,3.0,8,1,1,0,0,0.0010956000041915104,
eps_std_456_1e4b7a82,eps_std,train,503,456,easy,5,5,0.1,0.95,0.05,default,100,3.0,8,1,1,0,0,0.0010181999969063327,
eps_std_456_1e4b7a82,eps_std,train,504,456,easy,5,5,0.1,0.95,0.05,default,100,2.0,9,1,1,0,0,0.0011406999983591959,
eps_std_456_1e4b7a82,eps_std,train,505,456,easy,5,5,0.1,0.95,0.05,default,100,3.0,8,1,1,0,0,0.0010657999955583364,
eps_std_456_1e4b7a82,eps_std,train,506,456,easy,5,5,0.1,0.95,0.05,default,100,2.0,9,1,1,0,0,0.0011580000136746094,
eps_std_456_1e4b7a82,eps_std,train,507,456,easy,5,5,0.1,0.95,0.05,default,100,3.0,8,1,1,0,0,0.001061300004948862,
eps_std_456_1e4b7a82,eps_std,train,508,456,easy,5,5,0.1,0.95,0.05,default,100,3.0,8,1,1,0,0,0.0010866999946301803,
eps_std_456_1e4b7a82,eps_std,train,509,456,easy,5,5,0.1,0.95,0.05,default,100,3.0,8,1,1,0,0,0.0010738999990280718,
eps_std_456_1e4b7a82,eps_std,train,510,456,easy,5,5,0.1,0.95,0.05,default,100,3.0,8,1,1,0,0,0.0010978000063914806,
eps_std_456_1e4b7a82,eps_std,train,511,456,easy,5,5,0.1,0.95,0.05,default,100,3.0,8,1,1,0,0,0.001057399989804253,
eps_std_456_1e4b7a82,eps_std,train,512,456,easy,5,5,0.1,0.95,0.05,default,100,3.0,8,1,1,0,0,0.0010882999922614545,
eps_std_456_1e4b7a82,eps_std,train,513,456,easy,5,5,0.1,0.95,0.05,default,100,3.0,8,1,1,0,0,0.0010765000042738393,
eps_std_456_1e4b7a82,eps_std,train,514,456,easy,5,5,0.1,0.95,0.05,default,100,3.0,8,1,1,0,0,0.0010566999990260229,
eps_std_456_1e4b7a82,eps_std,train,515,456,easy,5,5,0.1,0.95,0.05,default,100,3.0,8,1,1,0,0,0.001068099998519756,
eps_std_456_1e4b7a82,eps_std,train,516,456,easy,5,5,0.1,0.95,0.05,default,100,3.0,8,1,1,0,0,0.0010712999937823042,
eps_std_456_1e4b7a82,eps_std,train,517,456,easy,5,5,0.1,0.95,0.05,default,100,3.0,8,1,1,0,0,0.001182800013339147,
eps_std_456_1e4b7a82,eps_std,train,518,456,easy,5,5,0.1,0.95,0.05,default,100,3.0,8,1,1,0,0,0.0010868000099435449,
eps_std_456_1e4b7a82,eps_std,train,519,456,easy,5,5,0.1,0.95,0.05,default,100,3.0,8,1,1,0,0,0.001076100001228042,
eps_std_456_1e4b7a82,eps_std,train,520,456,easy,5,5,0.1,0.95,0.05,default,100,3.0,8,1,1,0,0,0.001057900008163415,
eps_std_456_1e4b7a82,eps_std,train,521,456,easy,5,5,0.1,0.95,0.05,default,100,2.0,9,1,1,0,0,0.0011511000047903508,
eps_std_456_1e4b7a82,eps_std,train,522,456,easy,5,5,0.1,0.95,0.05,default,100,3.0,8,1,1,0,0,0.0011038999946322292,
eps_std_456_1e4b7a82,eps_std,train,523,456,easy,5,5,0.1,0.95,0.05,default,100,2.0,9,1,1,0,0,0.0011372000008122995,
eps_std_456_1e4b7a82,eps_std,train,524,456,easy,5,5,0.1,0.95,0.05,default,100,3.0,8,1,1,0,0,0.0010211000044364482,
eps_std_456_1e4b7a82,eps_std,train,525,456,easy,5,5,0.1,0.95,0.05,default,100,3.0,8,1,1,0,0,0.0010111000010510907,
eps_std_456_1e4b7a82,eps_std,train,526,456,easy,5,5,0.1,0.95,0.05,default,100,3.0,8,1,1,0,0,0.0010780000011436641,
eps_std_456_1e4b7a82,eps_std,train,527,456,easy,5,5,0.1,0.95,0.05,default,100,3.0,8,1,1,0,0,0.0011242000036872923,
eps_std_456_1e4b7a82,eps_std,train,528,456,easy,5,5,0.1,0.95,0.05,default,100,3.0,8,1,1,0,0,0.001109399992856197,
eps_std_456_1e4b7a82,eps_std,train,529,456,easy,5,5,0.1,0.95,0.05,default,100,3.0,8,1,1,0,0,0.0010520999931031838,
eps_std_456_1e4b7a82,eps_std,train,530,456,easy,5,5,0.1,0.95,0.05,default,100,3.0,8,1,1,0,0,0.0010620999964885414,
eps_std_456_1e4b7a82,eps_std,train,531,456,easy,5,5,0.1,0.95,0.05,default,100,3.0,8,1,1,0,0,0.0010169000015594065,
eps_std_456_1e4b7a82,eps_std,train,532,456,easy,5,5,0.1,0.95,0.05,default,100,3.0,8,1,1,0,0,0.0010248999897157773,
eps_std_456_1e4b7a82,eps_std,train,533,456,easy,5,5,0.1,0.95,0.05,default,100,2.0,9,1,1,0,0,0.0010927999974228442,
eps_std_456_1e4b7a82,eps_std,train,534,456,easy,5,5,0.1,0.95,0.05,default,100,3.0,8,1,1,0,0,0.0010598999942885712,
eps_std_456_1e4b7a82,eps_std,train,535,456,easy,5,5,0.1,0.95,0.05,default,100,2.0,9,1,1,0,0,0.001134800011641346,
eps_std_456_1e4b7a82,eps_std,train,536,456,easy,5,5,0.1,0.95,0.05,default,100,2.0,9,1,1,0,0,0.0011144999880343676,
eps_std_456_1e4b7a82,eps_std,train,537,456,easy,5,5,0.1,0.95,0.05,default,100,3.0,8,1,1,0,0,0.0012835999950766563,
eps_std_456_1e4b7a82,eps_std,train,538,456,easy,5,5,0.1,0.95,0.05,default,100,3.0,8,1,1,0,0,0.0011169999925186858,
eps_std_456_1e4b7a82,eps_std,train,539,456,easy,5,5,0.1,0.95,0.05,default,100,1.0,10,1,1,0,0,0.0012241999938851222,
eps_std_456_1e4b7a82,eps_std,train,540,456,easy,5,5,0.1,0.95,0.05,default,100,3.0,8,1,1,0,0,0.0010784999903989956,
eps_std_456_1e4b7a82,eps_std,train,541,456,easy,5,5,0.1,0.95,0.05,default,100,3.0,8,1,1,0,0,0.0011372000008122995,
eps_std_456_1e4b7a82,eps_std,train,542,456,easy,5,5,0.1,0.95,0.05,default,100,3.0,8,1,1,0,0,0.0010862000053748488,
eps_std_456_1e4b7a82,eps_std,train,543,456,easy,5,5,0.1,0.95,0.05,default,100,3.0,8,1,1,0,0,0.001061699993442744,
eps_std_456_1e4b7a82,eps_std,train,544,456,easy,5,5,0.1,0.95,0.05,default,100,3.0,8,1,1,0,0,0.0010713999945437536,
eps_std_456_1e4b7a82,eps_std,train,545,456,easy,5,5,0.1,0.95,0.05,default,100,0.0,11,1,1,0,0,0.0012648999982047826,
eps_std_456_1e4b7a82,eps_std,train,546,456,easy,5,5,0.1,0.95,0.05,default,100,1.0,10,1,1,0,0,0.0013527999981306493,
eps_std_456_1e4b7a82,eps_std,train,547,456,easy,5,5,0.1,0.95,0.05,default,100,3.0,8,1,1,0,0,0.00110599999607075,
eps_std_456_1e4b7a82,eps_std,train,548,456,easy,5,5,0.1,0.95,0.05,default,100,3.0,8,1,1,0,0,0.0010559999936958775,
eps_std_456_1e4b7a82,eps_std,train,549,456,easy,5,5,0.1,0.95,0.05,default,100,3.0,8,1,1,0,0,0.0010673000069800764,
eps_std_456_1e4b7a82,eps_std,train,550,456,easy,5,5,0.1,0.95,0.05,default,100,3.0,8,1,1,0,0,0.0010440999903948978,
eps_std_456_1e4b7a82,eps_std,train,551,456,easy,5,5,0.1,0.95,0.05,default,100,1.0,10,1,1,0,0,0.001255499999388121,
eps_std_456_1e4b7a82,eps_std,train,552,456,easy,5,5,0.1,0.95,0.05,default,100,3.0,8,1,1,0,0,0.0010564999975031242,
eps_std_456_1e4b7a82,eps_std,train,553,456,easy,5,5,0.1,0.95,0.05,default,100,3.0,8,1,1,0,0,0.001064700001734309,
eps_std_456_1e4b7a82,eps_std,train,554,456,easy,5,5,0.1,0.95,0.05,default,100,3.0,8,1,1,0,0,0.0010611999896354973,
eps_std_456_1e4b7a82,eps_std,train,555,456,easy,5,5,0.1,0.95,0.05,default,100,3.0,8,1,1,0,0,0.0010528999991947785,
eps_std_456_1e4b7a82,eps_std,train,556,456,easy,5,5,0.1,0.95,0.05,default,100,3.0,8,1,1,0,0,0.0011039999953936785,
eps_std_456_1e4b7a82,eps_std,train,557,456,easy,5,5,0.1,0.95,0.05,default,100,3.0,8,1,1,0,0,0.001073000006726943,
eps_std_456_1e4b7a82,eps_std,train,558,456,easy,5,5,0.1,0.95,0.05,default,100,2.0,9,1,1,0,0,0.0011446000135038048,
eps_std_456_1e4b7a82,eps_std,train,559,456,easy,5,5,0.1,0.95,0.05,default,100,1.0,10,1,1,0,0,0.00125859999388922,
eps_std_456_1e4b7a82,eps_std,train,560,456,easy,5,5,0.1,0.95,0.05,default,100,3.0,8,1,1,0,0,0.0010698999976739287,
eps_std_456_1e4b7a82,eps_std,train,561,456,easy,5,5,0.1,0.95,0.05,default,100,2.0,9,1,1,0,0,0.0011652999965008348,
eps_std_456_1e4b7a82,eps_std,train,562,456,easy,5,5,0.1,0.95,0.05,default,100,3.0,8,1,1,0,0,0.0011005000123986974,
eps_std_456_1e4b7a82,eps_std,train,563,456,easy,5,5,0.1,0.95,0.05,default,100,3.0,8,1,1,0,0,0.0010769000073196366,
eps_std_456_1e4b7a82,eps_std,train,564,456,easy,5,5,0.1,0.95,0.05,default,100,2.0,9,1,1,0,0,0.0011476000072434545,
eps_std_456_1e4b7a82,eps_std,train,565,456,easy,5,5,0.1,0.95,0.05,default,100,2.0,9,1,1,0,0,0.001145300004282035,
eps_std_456_1e4b7a82,eps_std,train,566,456,easy,5,5,0.1,0.95,0.05,default,100,3.0,8,1,1,0,0,0.0010595999920042232,
eps_std_456_1e4b7a82,eps_std,train,567,456,easy,5,5,0.1,0.95,0.05,default,100,1.0,10,1,1,0,0,0.0012146000080974773,
eps_std_456_1e4b7a82,eps_std,train,568,456,easy,5,5,0.1,0.95,0.05,default,100,3.0,8,1,1,0,0,0.0010504999954719096,
eps_std_456_1e4b7a82,eps_std,train,569,456,easy,5,5,0.1,0.95,0.05,default,100,3.0,8,1,1,0,0,0.0010833999986061826,
eps_std_456_1e4b7a82,eps_std,train,570,456,easy,5,5,0.1,0.95,0.05,default,100,3.0,8,1,1,0,0,0.00104010000359267,
eps_std_456_1e4b7a82,eps_std,train,571,456,easy,5,5,0.1,0.95,0.05,default,100,3.0,8,1,1,0,0,0.001057900008163415,
eps_std_456_1e4b7a82,eps_std,train,572,456,easy,5,5,0.1,0.95,0.05,default,100,3.0,8,1,1,0,0,0.001054599997587502,
eps_std_456_1e4b7a82,eps_std,train,573,456,easy,5,5,0.1,0.95,0.05,default,100,3.0,8,1,1,0,0,0.0010602999973343685,
eps_std_456_1e4b7a82,eps_std,train,574,456,easy,5,5,0.1,0.95,0.05,default,100,3.0,8,1,1,0,0,0.0010452999995322898,
eps_std_456_1e4b7a82,eps_std,train,575,456,easy,5,5,0.1,0.95,0.05,default,100,3.0,8,1,1,0,0,0.0010611999896354973,
eps_std_456_1e4b7a82,eps_std,train,576,456,easy,5,5,0.1,0.95,0.05,default,100,3.0,8,1,1,0,0,0.0010609999881125987,
eps_std_456_1e4b7a82,eps_std,train,577,456,easy,5,5,0.1,0.95,0.05,default,100,3.0,8,1,1,0,0,0.0010869999969145283,
eps_std_456_1e4b7a82,eps_std,train,578,456,easy,5,5,0.1,0.95,0.05,default,100,3.0,8,1,1,0,0,0.0010971000010613352,
eps_std_456_1e4b7a82,eps_std,train,579,456,easy,5,5,0.1,0.95,0.05,default,100,3.0,8,1,1,0,0,0.0010555999906500801,
eps_std_456_1e4b7a82,eps_std,train,580,456,easy,5,5,0.1,0.95,0.05,default,100,3.0,8,1,1,0,0,0.00106969999615103,
eps_std_456_1e4b7a82,eps_std,train,581,456,easy,5,5,0.1,0.95,0.05,default,100,3.0,8,1,1,0,0,0.001081000009435229,
eps_std_456_1e4b7a82,eps_std,train,582,456,easy,5,5,0.1,0.95,0.05,default,100,3.0,8,1,1,0,0,0.001102200010791421,
eps_std_456_1e4b7a82,eps_std,train,583,456,easy,5,5,0.1,0.95,0.05,default,100,3.0,8,1,1,0,0,0.0010581000096863136,
eps_std_456_1e4b7a82,eps_std,train,584,456,easy,5,5,0.1,0.95,0.05,default,100,3.0,8,1,1,0,0,0.0010648000024957582,
eps_std_456_1e4b7a82,eps_std,train,585,456,easy,5,5,0.1,0.95,0.05,default,100,3.0,8,1,1,0,0,0.0010638999956427142,
eps_std_456_1e4b7a82,eps_std,train,586,456,easy,5,5,0.1,0.95,0.05,default,100,2.0,9,1,1,0,0,0.001102900001569651,
eps_std_456_1e4b7a82,eps_std,train,587,456,easy,5,5,0.1,0.95,0.05,default,100,3.0,8,1,1,0,0,0.001069099991582334,
eps_std_456_1e4b7a82,eps_std,train,588,456,easy,5,5,0.1,0.95,0.05,default,100,3.0,8,1,1,0,0,0.0011017000069841743,
eps_std_456_1e4b7a82,eps_std,train,589,456,easy,5,5,0.1,0.95,0.05,default,100,3.0,8,1,1,0,0,0.001051200000802055,
eps_std_456_1e4b7a82,eps_std,train,590,456,easy,5,5,0.1,0.95,0.05,default,100,3.0,8,1,1,0,0,0.0010676999954739586,
eps_std_456_1e4b7a82,eps_std,train,591,456,easy,5,5,0.1,0.95,0.05,default,100,2.0,9,1,1,0,0,0.0011845999979414046,
eps_std_456_1e4b7a82,eps_std,train,592,456,easy,5,5,0.1,0.95,0.05,default,100,3.0,8,1,1,0,0,0.0010540000075707212,
eps_std_456_1e4b7a82,eps_std,train,593,456,easy,5,5,0.1,0.95,0.05,default,100,2.0,9,1,1,0,0,0.0011761999921873212,
eps_std_456_1e4b7a82,eps_std,train,594,456,easy,5,5,0.1,0.95,0.05,default,100,3.0,8,1,1,0,0,0.0010639999964041635,
eps_std_456_1e4b7a82,eps_std,train,595,456,easy,5,5,0.1,0.95,0.05,default,100,-1.0,12,1,1,0,0,0.001372400001855567,
eps_std_456_1e4b7a82,eps_std,train,596,456,easy,5,5,0.1,0.95,0.05,default,100,3.0,8,1,1,0,0,0.0010042999929282814,
eps_std_456_1e4b7a82,eps_std,train,597,456,easy,5,5,0.1,0.95,0.05,default,100,2.0,9,1,1,0,0,0.001148399998783134,
eps_std_456_1e4b7a82,eps_std,train,598,456,easy,5,5,0.1,0.95,0.05,default,100,2.0,9,1,1,0,0,0.0011448000004747882,
eps_std_456_1e4b7a82,eps_std,train,599,456,easy,5,5,0.1,0.95,0.05,default,100,3.0,8,1,1,0,0,0.0010450999980093911,
eps_std_456_1e4b7a82,eps_std,train,600,456,easy,5,5,0.1,0.95,0.05,default,100,3.0,8,1,1,0,0,0.0010678999969968572,results\epsilon\standard\seed_456\qtable_ep600.npz
eps_std_456_1e4b7a82,eps_std,train,601,456,easy,5,5,0.1,0.95,0.05,default,100,3.0,8,1,1,0,0,0.0011106999882031232,
eps_std_456_1e4b7a82,eps_std,train,602,456,easy,5,5,0.1,0.95,0.05,default,100,3.0,8,1,1,0,0,0.0010970000002998859,
eps_std_456_1e4b7a82,eps_std,train,603,456,easy,5,5,0.1,0.95,0.05,default,100,2.0,9,1,1,0,0,0.0011159999994561076,
eps_std_456_1e4b7a82,eps_std,train,604,456,easy,5,5,0.1,0.95,0.05,default,100,3.0,8,1,1,0,0,0.0010637000086717308,
eps_std_456_1e4b7a82,eps_std,train,605,456,easy,5,5,0.1,0.95,0.05,default,100,1.0,10,1,1,0,0,0.0012234000023454428,
eps_std_456_1e4b7a82,eps_std,train,606,456,easy,5,5,0.1,0.95,0.05,default,100,3.0,8,1,1,0,0,0.0010605999996187165,
eps_std_456_1e4b7a82,eps_std,train,607,456,easy,5,5,0.1,0.95,0.05,default,100,3.0,8,1,1,0,0,0.0010892999998759478,
eps_std_456_1e4b7a82,eps_std,train,608,456,easy,5,5,0.1,0.95,0.05,default,100,3.0,8,1,1,0,0,0.0010554000036790967,
eps_std_456_1e4b7a82,eps_std,train,609,456,easy,5,5,0.1,0.95,0.05,default,100,3.0,8,1,1,0,0,0.0010442999919177964,
eps_std_456_1e4b7a82,eps_std,train,610,456,easy,5,5,0.1,0.95,0.05,default,100,3.0,8,1,1,0,0,0.0010917000035988167,
eps_std_456_1e4b7a82,eps_std,train,611,456,easy,5,5,0.1,0.95,0.05,default,100,3.0,8,1,1,0,0,0.0010800000018207356,
eps_std_456_1e4b7a82,eps_std,train,612,456,easy,5,5,0.1,0.95,0.05,default,100,3.0,8,1,1,0,0,0.0010570000013103709,
eps_std_456_1e4b7a82,eps_std,train,613,456,easy,5,5,0.1,0.95,0.05,default,100,3.0,8,1,1,0,0,0.0010596000065561384,
eps_std_456_1e4b7a82,eps_std,train,614,456,easy,5,5,0.1,0.95,0.05,default,100,3.0,8,1,1,0,0,0.0010464999941177666,
eps_std_456_1e4b7a82,eps_std,train,615,456,easy,5,5,0.1,0.95,0.05,default,100,3.0,8,1,1,0,0,0.0010591999889584258,
eps_std_456_1e4b7a82,eps_std,train,616,456,easy,5,5,0.1,0.95,0.05,default,100,3.0,8,1,1,0,0,0.0010544000106165186,
eps_std_456_1e4b7a82,eps_std,train,617,456,easy,5,5,0.1,0.95,0.05,default,100,3.0,8,1,1,0,0,0.001070600003004074,
eps_std_456_1e4b7a82,eps_std,train,618,456,easy,5,5,0.1,0.95,0.05,default,100,3.0,8,1,1,0,0,0.0010726999898906797,
eps_std_456_1e4b7a82,eps_std,train,619,456,easy,5,5,0.1,0.95,0.05,default,100,3.0,8,1,1,0,0,0.0010036000021500513,
eps_std_456_1e4b7a82,eps_std,train,620,456,easy,5,5,0.1,0.95,0.05,default,100,2.0,9,1,1,0,0,0.001139500003773719,
eps_std_456_1e4b7a82,eps_std,train,621,456,easy,5,5,0.1,0.95,0.05,default,100,3.0,8,1,1,0,0,0.0010749999928520992,
eps_std_456_1e4b7a82,eps_std,train,622,456,easy,5,5,0.1,0.95,0.05,default,100,1.0,10,1,1,0,0,0.0012722999963443726,
eps_std_456_1e4b7a82,eps_std,train,623,456,easy,5,5,0.1,0.95,0.05,default,100,3.0,8,1,1,0,0,0.0010741000005509704,
eps_std_456_1e4b7a82,eps_std,train,624,456,easy,5,5,0.1,0.95,0.05,default,100,2.0,9,1,1,0,0,0.0011476999934529886,
eps_std_456_1e4b7a82,eps_std,train,625,456,easy,5,5,0.1,0.95,0.05,default,100,3.0,8,1,1,0,0,0.0010927999974228442,
eps_std_456_1e4b7a82,eps_std,train,626,456,easy,5,5,0.1,0.95,0.05,default,100,3.0,8,1,1,0,0,0.001083899987861514,
eps_std_456_1e4b7a82,eps_std,train,627,456,easy,5,5,0.1,0.95,0.05,default,100,3.0,8,1,1,0,0,0.0010802000033436343,
eps_std_456_1e4b7a82,eps_std,train,628,456,easy,5,5,0.1,0.95,0.05,default,100,3.0,8,1,1,0,0,0.0011233999975956976,
eps_std_456_1e4b7a82,eps_std,train,629,456,easy,5,5,0.1,0.95,0.05,default,100,3.0,8,1,1,0,0,0.0010885000083362684,
eps_std_456_1e4b7a82,eps_std,train,630,456,easy,5,5,0.1,0.95,0.05,default,100,3.0,8,1,1,0,0,0.0010015000007115304,
eps_std_456_1e4b7a82,eps_std,train,631,456,easy,5,5,0.1,0.95,0.05,default,100,2.0,9,1,1,0,0,0.0011401999945519492,
eps_std_456_1e4b7a82,eps_std,train,632,456,easy,5,5,0.1,0.95,0.05,default,100,3.0,8,1,1,0,0,0.0010935000027529895,
eps_std_456_1e4b7a82,eps_std,train,633,456,easy,5,5,0.1,0.95,0.05,default,100,3.0,8,1,1,0,0,0.001072700004442595,
eps_std_456_1e4b7a82,eps_std,train,634,456,easy,5,5,0.1,0.95,0.05,default,100,2.0,9,1,1,0,0,0.0011297000019112602,
eps_std_456_1e4b7a82,eps_std,train,635,456,easy,5,5,0.1,0.95,0.05,default,100,3.0,8,1,1,0,0,0.001068400000804104,
eps_std_456_1e4b7a82,eps_std,train,636,456,easy,5,5,0.1,0.95,0.05,default,100,1.0,10,1,1,0,0,0.001251800000318326,
eps_std_456_1e4b7a82,eps_std,train,637,456,easy,5,5,0.1,0.95,0.05,default,100,3.0,8,1,1,0,0,0.0010686000023270026,
eps_std_456_1e4b7a82,eps_std,train,638,456,easy,5,5,0.1,0.95,0.05,default,100,3.0,8,1,1,0,0,0.0010742000013124198,
eps_std_456_1e4b7a82,eps_std,train,639,456,easy,5,5,0.1,0.95,0.05,default,100,2.0,9,1,1,0,0,0.0011314000003039837,
eps_std_456_1e4b7a82,eps_std,train,640,456,easy,5,5,0.1,0.95,0.05,default,100,3.0,8,1,1,0,0,0.0010236999951303005,
eps_std_456_1e4b7a82,eps_std,train,641,456,easy,5,5,0.1,0.95,0.05,default,100,3.0,8,1,1,0,0,0.0010356999991927296,
eps_std_456_1e4b7a82,eps_std,train,642,456,easy,5,5,0.1,0.95,0.05,default,100,3.0,8,1,1,0,0,0.0011438999936217442,
eps_std_456_1e4b7a82,eps_std,train,643,456,easy,5,5,0.1,0.95,0.05,default,100,3.0,8,1,1,0,0,0.0011912000045413151,
eps_std_456_1e4b7a82,eps_std,train,644,456,easy,5,5,0.1,0.95,0.05,default,100,3.0,8,1,1,0,0,0.0010723000013967976,
eps_std_456_1e4b7a82,eps_std,train,645,456,easy,5,5,0.1,0.95,0.05,default,100,3.0,8,1,1,0,0,0.0010580999951343983,
eps_std_456_1e4b7a82,eps_std,train,646,456,easy,5,5,0.1,0.95,0.05,default,100,3.0,8,1,1,0,0,0.0011654000118141994,
eps_std_456_1e4b7a82,eps_std,train,647,456,easy,5,5,0.1,0.95,0.05,default,100,3.0,8,1,1,0,0,0.0010899000044446439,
eps_std_456_1e4b7a82,eps_std,train,648,456,easy,5,5,0.1,0.95,0.05,default,100,3.0,8,1,1,0,0,0.0010171000030823052,
eps_std_456_1e4b7a82,eps_std,train,649,456,easy,5,5,0.1,0.95,0.05,default,100,3.0,8,1,1,0,0,0.0010738999990280718,
eps_std_456_1e4b7a82,eps_std,train,650,456,easy,5,5,0.1,0.95,0.05,default,100,3.0,8,1,1,0,0,0.001007800005027093,
eps_std_456_1e4b7a82,eps_std,train,651,456,easy,5,5,0.1,0.95,0.05,default,100,3.0,8,1,1,0,0,0.0010737999982666224,
eps_std_456_1e4b7a82,eps_std,train,652,456,easy,5,5,0.1,0.95,0.05,default,100,3.0,8,1,1,0,0,0.001014299996313639,
eps_std_456_1e4b7a82,eps_std,train,653,456,easy,5,5,0.1,0.95,0.05,default,100,3.0,8,1,1,0,0,0.0011119000118924305,
eps_std_456_1e4b7a82,eps_std,train,654,456,easy,5,5,0.1,0.95,0.05,default,100,3.0,8,1,1,0,0,0.0010686999885365367,
eps_std_456_1e4b7a82,eps_std,train,655,456,easy,5,5,0.1,0.95,0.05,default,100,3.0,8,1,1,0,0,0.001068799989297986,
eps_std_456_1e4b7a82,eps_std,train,656,456,easy,5,5,0.1,0.95,0.05,default,100,3.0,8,1,1,0,0,0.0010544000106165186,
eps_std_456_1e4b7a82,eps_std,train,657,456,easy,5,5,0.1,0.95,0.05,default,100,3.0,8,1,1,0,0,0.0010812999971676618,
eps_std_456_1e4b7a82,eps_std,train,658,456,easy,5,5,0.1,0.95,0.05,default,100,3.0,8,1,1,0,0,0.0010571000020718202,
eps_std_456_1e4b7a82,eps_std,train,659,456,easy,5,5,0.1,0.95,0.05,default,100,3.0,8,1,1,0,0,0.001065300006303005,
eps_std_456_1e4b7a82,eps_std,train,660,456,easy,5,5,0.1,0.95,0.05,default,100,3.0,8,1,1,0,0,0.0011372000008122995,
eps_std_456_1e4b7a82,eps_std,train,661,456,easy,5,5,0.1,0.95,0.05,default,100,2.0,9,1,1,0,0,0.001186599998618476,
eps_std_456_1e4b7a82,eps_std,train,662,456,easy,5,5,0.1,0.95,0.05,default,100,3.0,8,1,1,0,0,0.0010881999915000051,
eps_std_456_1e4b7a82,eps_std,train,663,456,easy,5,5,0.1,0.95,0.05,default,100,3.0,8,1,1,0,0,0.0010742000013124198,
eps_std_456_1e4b7a82,eps_std,train,664,456,easy,5,5,0.1,0.95,0.05,default,100,3.0,8,1,1,0,0,0.0010851999977603555,
eps_std_456_1e4b7a82,eps_std,train,665,456,easy,5,5,0.1,0.95,0.05,default,100,3.0,8,1,1,0,0,0.0010238999966531992,
eps_std_456_1e4b7a82,eps_std,train,666,456,easy,5,5,0.1,0.95,0.05,default,100,3.0,8,1,1,0,0,0.0010756000119727105,
eps_std_456_1e4b7a82,eps_std,train,667,456,easy,5,5,0.1,0.95,0.05,default,100,2.0,9,1,1,0,0,0.0010823999909916893,
eps_std_456_1e4b7a82,eps_std,train,668,456,easy,5,5,0.1,0.95,0.05,default,100,3.0,8,1,1,0,0,0.001085000010789372,
eps_std_456_1e4b7a82,eps_std,train,669,456,easy,5,5,0.1,0.95,0.05,default,100,3.0,8,1,1,0,0,0.0010559999936958775,
eps_std_456_1e4b7a82,eps_std,train,670,456,easy,5,5,0.1,0.95,0.05,default,100,3.0,8,1,1,0,0,0.0010679999977583066,
eps_std_456_1e4b7a82,eps_std,train,671,456,easy,5,5,0.1,0.95,0.05,default,100,3.0,8,1,1,0,0,0.001056100009009242,
eps_std_456_1e4b7a82,eps_std,train,672,456,easy,5,5,0.1,0.95,0.05,default,100,3.0,8,1,1,0,0,0.0010700999991968274,
eps_std_456_1e4b7a82,eps_std,train,673,456,easy,5,5,0.1,0.95,0.05,default,100,3.0,8,1,1,0,0,0.0010981999948853627,
eps_std_456_1e4b7a82,eps_std,train,674,456,easy,5,5,0.1,0.95,0.05,default,100,3.0,8,1,1,0,0,0.0010594000050332397,
eps_std_456_1e4b7a82,eps_std,train,675,456,easy,5,5,0.1,0.95,0.05,default,100,1.0,10,1,1,0,0,0.0012889999925391749,
eps_std_456_1e4b7a82,eps_std,train,676,456,easy,5,5,0.1,0.95,0.05,default,100,3.0,8,1,1,0,0,0.0010667999886209145,
eps_std_456_1e4b7a82,eps_std,train,677,456,easy,5,5,0.1,0.95,0.05,default,100,1.0,10,1,1,0,0,0.0012711000017588958,
eps_std_456_1e4b7a82,eps_std,train,678,456,easy,5,5,0.1,0.95,0.05,default,100,3.0,8,1,1,0,0,0.000985399994533509,
eps_std_456_1e4b7a82,eps_std,train,679,456,easy,5,5,0.1,0.95,0.05,default,100,3.0,8,1,1,0,0,0.0010748000058811158,
eps_std_456_1e4b7a82,eps_std,train,680,456,easy,5,5,0.1,0.95,0.05,default,100,3.0,8,1,1,0,0,0.0010200999968219548,
eps_std_456_1e4b7a82,eps_std,train,681,456,easy,5,5,0.1,0.95,0.05,default,100,1.0,10,1,1,0,0,0.0012933999969391152,
eps_std_456_1e4b7a82,eps_std,train,682,456,easy,5,5,0.1,0.95,0.05,default,100,3.0,8,1,1,0,0,0.0011041999969165772,
eps_std_456_1e4b7a82,eps_std,train,683,456,easy,5,5,0.1,0.95,0.05,default,100,2.0,9,1,1,0,0,0.0011611999943852425,
eps_std_456_1e4b7a82,eps_std,train,684,456,easy,5,5,0.1,0.95,0.05,default,100,1.0,10,1,1,0,0,0.0012698000064119697,
eps_std_456_1e4b7a82,eps_std,train,685,456,easy,5,5,0.1,0.95,0.05,default,100,3.0,8,1,1,0,0,0.0010631999903125688,
eps_std_456_1e4b7a82,eps_std,train,686,456,easy,5,5,0.1,0.95,0.05,default,100,0.0,11,1,1,0,0,0.0013286000030348077,
eps_std_456_1e4b7a82,eps_std,train,687,456,easy,5,5,0.1,0.95,0.05,default,100,3.0,8,1,1,0,0,0.0010704000014811754,
eps_std_456_1e4b7a82,eps_std,train,688,456,easy,5,5,0.1,0.95,0.05,default,100,3.0,8,1,1,0,0,0.0010624999995343387,
eps_std_456_1e4b7a82,eps_std,train,689,456,easy,5,5,0.1,0.95,0.05,default,100,0.0,11,1,1,0,0,0.001333599997451529,
eps_std_456_1e4b7a82,eps_std,train,690,456,easy,5,5,0.1,0.95,0.05,default,100,2.0,9,1,1,0,0,0.001127800001995638,
eps_std_456_1e4b7a82,eps_std,train,691,456,easy,5,5,0.1,0.95,0.05,default,100,1.0,10,1,1,0,0,0.0012623000075109303,
eps_std_456_1e4b7a82,eps_std,train,692,456,easy,5,5,0.1,0.95,0.05,default,100,3.0,8,1,1,0,0,0.001021099989884533,
eps_std_456_1e4b7a82,eps_std,train,693,456,easy,5,5,0.1,0.95,0.05,default,100,3.0,8,1,1,0,0,0.0010737000120570883,
eps_std_456_1e4b7a82,eps_std,train,694,456,easy,5,5,0.1,0.95,0.05,default,100,2.0,9,1,1,0,0,0.0011201000015717,
eps_std_456_1e4b7a82,eps_std,train,695,456,easy,5,5,0.1,0.95,0.05,default,100,3.0,8,1,1,0,0,0.0010916999890469015,
eps_std_456_1e4b7a82,eps_std,train,696,456,easy,5,5,0.1,0.95,0.05,default,100,3.0,8,1,1,0,0,0.001096100007998757,
eps_std_456_1e4b7a82,eps_std,train,697,456,easy,5,5,0.1,0.95,0.05,default,100,3.0,8,1,1,0,0,0.0010741000005509704,
eps_std_456_1e4b7a82,eps_std,train,698,456,easy,5,5,0.1,0.95,0.05,default,100,2.0,9,1,1,0,0,0.0011598999990383163,
eps_std_456_1e4b7a82,eps_std,train,699,456,easy,5,5,0.1,0.95,0.05,default,100,3.0,8,1,1,0,0,0.0010557000059634447,
eps_std_456_1e4b7a82,eps_std,train,700,456,easy,5,5,0.1,0.95,0.05,default,100,3.0,8,1,1,0,0,0.0010833999986061826,
eps_std_456_1e4b7a82,eps_std,train,701,456,easy,5,5,0.1,0.95,0.05,default,100,3.0,8,1,1,0,0,0.0010889999975915998,
eps_std_456_1e4b7a82,eps_std,train,702,456,easy,5,5,0.1,0.95,0.05,default,100,3.0,8,1,1,0,0,0.0010898000036831945,
eps_std_456_1e4b7a82,eps_std,train,703,456,easy,5,5,0.1,0.95,0.05,default,100,2.0,9,1,1,0,0,0.0011287999950582162,
eps_std_456_1e4b7a82,eps_std,train,704,456,easy,5,5,0.1,0.95,0.05,default,100,3.0,8,1,1,0,0,0.0010942000080831349,
eps_std_456_1e4b7a82,eps_std,train,705,456,easy,5,5,0.1,0.95,0.05,default,100,3.0,8,1,1,0,0,0.0010790999949676916,
eps_std_456_1e4b7a82,eps_std,train,706,456,easy,5,5,0.1,0.95,0.05,default,100,1.0,10,1,1,0,0,0.0012496999988798052,
eps_std_456_1e4b7a82,eps_std,train,707,456,easy,5,5,0.1,0.95,0.05,default,100,3.0,8,1,1,0,0,0.0010820000024978071,
eps_std_456_1e4b7a82,eps_std,train,708,456,easy,5,5,0.1,0.95,0.05,default,100,2.0,9,1,1,0,0,0.0011359000054653734,
eps_std_456_1e4b7a82,eps_std,train,709,456,easy,5,5,0.1,0.95,0.05,default,100,1.0,10,1,1,0,0,0.001268699998036027,
eps_std_456_1e4b7a82,eps_std,train,710,456,easy,5,5,0.1,0.95,0.05,default,100,3.0,8,1,1,0,0,0.001055200002156198,
eps_std_456_1e4b7a82,eps_std,train,711,456,easy,5,5,0.1,0.95,0.05,default,100,3.0,8,1,1,0,0,0.0011071999906562269,
eps_std_456_1e4b7a82,eps_std,train,712,456,easy,5,5,0.1,0.95,0.05,default,100,1.0,10,1,1,0,0,0.0012357000086922199,
eps_std_456_1e4b7a82,eps_std,train,713,456,easy,5,5,0.1,0.95,0.05,default,100,3.0,8,1,1,0,0,0.0010414999997010455,
eps_std_456_1e4b7a82,eps_std,train,714,456,easy,5,5,0.1,0.95,0.05,default,100,3.0,8,1,1,0,0,0.0010987999994540587,
eps_std_456_1e4b7a82,eps_std,train,715,456,easy,5,5,0.1,0.95,0.05,default,100,3.0,8,1,1,0,0,0.0010746000043582171,
eps_std_456_1e4b7a82,eps_std,train,716,456,easy,5,5,0.1,0.95,0.05,default,100,1.0,10,1,1,0,0,0.0013124999968567863,
eps_std_456_1e4b7a82,eps_std,train,717,456,easy,5,5,0.1,0.95,0.05,default,100,3.0,8,1,1,0,0,0.001087199998437427,
eps_std_456_1e4b7a82,eps_std,train,718,456,easy,5,5,0.1,0.95,0.05,default,100,3.0,8,1,1,0,0,0.0010796999995363876,
eps_std_456_1e4b7a82,eps_std,train,719,456,easy,5,5,0.1,0.95,0.05,default,100,3.0,8,1,1,0,0,0.0010519000061322004,
eps_std_456_1e4b7a82,eps_std,train,720,456,easy,5,5,0.1,0.95,0.05,default,100,3.0,8,1,1,0,0,0.0011689999955706298,
eps_std_456_1e4b7a82,eps_std,train,721,456,easy,5,5,0.1,0.95,0.05,default,100,3.0,8,1,1,0,0,0.0011196999985259026,
eps_std_456_1e4b7a82,eps_std,train,722,456,easy,5,5,0.1,0.95,0.05,default,100,3.0,8,1,1,0,0,0.0010624999995343387,
eps_std_456_1e4b7a82,eps_std,train,723,456,easy,5,5,0.1,0.95,0.05,default,100,3.0,8,1,1,0,0,0.0010779000003822148,
eps_std_456_1e4b7a82,eps_std,train,724,456,easy,5,5,0.1,0.95,0.05,default,100,2.0,9,1,1,0,0,0.0011175999970873818,
eps_std_456_1e4b7a82,eps_std,train,725,456,easy,5,5,0.1,0.95,0.05,default,100,3.0,8,1,1,0,0,0.0011063999991165474,
eps_std_456_1e4b7a82,eps_std,train,726,456,easy,5,5,0.1,0.95,0.05,default,100,3.0,8,1,1,0,0,0.00106969999615103,
eps_std_456_1e4b7a82,eps_std,train,727,456,easy,5,5,0.1,0.95,0.05,default,100,3.0,8,1,1,0,0,0.001112099998863414,
eps_std_456_1e4b7a82,eps_std,train,728,456,easy,5,5,0.1,0.95,0.05,default,100,3.0,8,1,1,0,0,0.001087800003006123,
eps_std_456_1e4b7a82,eps_std,train,729,456,easy,5,5,0.1,0.95,0.05,default,100,3.0,8,1,1,0,0,0.001080700007150881,
eps_std_456_1e4b7a82,eps_std,train,730,456,easy,5,5,0.1,0.95,0.05,default,100,3.0,8,1,1,0,0,0.0011045999999623746,
eps_std_456_1e4b7a82,eps_std,train,731,456,easy,5,5,0.1,0.95,0.05,default,100,3.0,8,1,1,0,0,0.0011009000008925796,
eps_std_456_1e4b7a82,eps_std,train,732,456,easy,5,5,0.1,0.95,0.05,default,100,3.0,8,1,1,0,0,0.0010996999917551875,
eps_std_456_1e4b7a82,eps_std,train,733,456,easy,5,5,0.1,0.95,0.05,default,100,3.0,8,1,1,0,0,0.0010544000106165186,
eps_std_456_1e4b7a82,eps_std,train,734,456,easy,5,5,0.1,0.95,0.05,default,100,2.0,9,1,1,0,0,0.0011607999913394451,
eps_std_456_1e4b7a82,eps_std,train,735,456,easy,5,5,0.1,0.95,0.05,default,100,3.0,8,1,1,0,0,0.0010602000111248344,
eps_std_456_1e4b7a82,eps_std,train,736,456,easy,5,5,0.1,0.95,0.05,default,100,3.0,8,1,1,0,0,0.0010706999892136082,
eps_std_456_1e4b7a82,eps_std,train,737,456,easy,5,5,0.1,0.95,0.05,default,100,1.0,10,1,1,0,0,0.00126379998982884,
eps_std_456_1e4b7a82,eps_std,train,738,456,easy,5,5,0.1,0.95,0.05,default,100,2.0,9,1,1,0,0,0.0011532000062288716,
eps_std_456_1e4b7a82,eps_std,train,739,456,easy,5,5,0.1,0.95,0.05,default,100,3.0,8,1,1,0,0,0.00106969999615103,
eps_std_456_1e4b7a82,eps_std,train,740,456,easy,5,5,0.1,0.95,0.05,default,100,3.0,8,1,1,0,0,0.0012830000050598755,
eps_std_456_1e4b7a82,eps_std,train,741,456,easy,5,5,0.1,0.95,0.05,default,100,3.0,8,1,1,0,0,0.0011298000026727095,
eps_std_456_1e4b7a82,eps_std,train,742,456,easy,5,5,0.1,0.95,0.05,default,100,3.0,8,1,1,0,0,0.0010692000068956986,
eps_std_456_1e4b7a82,eps_std,train,743,456,easy,5,5,0.1,0.95,0.05,default,100,3.0,8,1,1,0,0,0.001087800003006123,
eps_std_456_1e4b7a82,eps_std,train,744,456,easy,5,5,0.1,0.95,0.05,default,100,3.0,8,1,1,0,0,0.001062600000295788,
eps_std_456_1e4b7a82,eps_std,train,745,456,easy,5,5,0.1,0.95,0.05,default,100,3.0,8,1,1,0,0,0.001081000009435229,
eps_std_456_1e4b7a82,eps_std,train,746,456,easy,5,5,0.1,0.95,0.05,default,100,3.0,8,1,1,0,0,0.0010697000107029453,
eps_std_456_1e4b7a82,eps_std,train,747,456,easy,5,5,0.1,0.95,0.05,default,100,3.0,8,1,1,0,0,0.0010737000120570883,
eps_std_456_1e4b7a82,eps_std,train,748,456,easy,5,5,0.1,0.95,0.05,default,100,3.0,8,1,1,0,0,0.0010806000063894317,
eps_std_456_1e4b7a82,eps_std,train,749,456,easy,5,5,0.1,0.95,0.05,default,100,-2.0,13,1,1,0,0,0.0015236999897751957,
eps_std_456_1e4b7a82,eps_std,train,750,456,easy,5,5,0.1,0.95,0.05,default,100,3.0,8,1,1,0,0,0.0011458000080892816,
eps_std_456_1e4b7a82,eps_std,train,751,456,easy,5,5,0.1,0.95,0.05,default,100,3.0,8,1,1,0,0,0.001072400002158247,
eps_std_456_1e4b7a82,eps_std,train,752,456,easy,5,5,0.1,0.95,0.05,default,100,3.0,8,1,1,0,0,0.0010902000067289919,
eps_std_456_1e4b7a82,eps_std,train,753,456,easy,5,5,0.1,0.95,0.05,default,100,0.0,11,1,1,0,0,0.0012867000041296706,
eps_std_456_1e4b7a82,eps_std,train,754,456,easy,5,5,0.1,0.95,0.05,default,100,3.0,8,1,1,0,0,0.0010567999997874722,
eps_std_456_1e4b7a82,eps_std,train,755,456,easy,5,5,0.1,0.95,0.05,default,100,3.0,8,1,1,0,0,0.001095200001145713,
eps_std_456_1e4b7a82,eps_std,train,756,456,easy,5,5,0.1,0.95,0.05,default,100,3.0,8,1,1,0,0,0.001075799998943694,
eps_std_456_1e4b7a82,eps_std,train,757,456,easy,5,5,0.1,0.95,0.05,default,100,3.0,8,1,1,0,0,0.0010958999919239432,
eps_std_456_1e4b7a82,eps_std,train,758,456,easy,5,5,0.1,0.95,0.05,default,100,3.0,8,1,1,0,0,0.0010569000005489215,
eps_std_456_1e4b7a82,eps_std,train,759,456,easy,5,5,0.1,0.95,0.05,default,100,3.0,8,1,1,0,0,0.001061300004948862,
eps_std_456_1e4b7a82,eps_std,train,760,456,easy,5,5,0.1,0.95,0.05,default,100,0.0,11,1,1,0,0,0.0013255999947432429,
eps_std_456_1e4b7a82,eps_std,train,761,456,easy,5,5,0.1,0.95,0.05,default,100,3.0,8,1,1,0,0,0.0010876999876927584,
eps_std_456_1e4b7a82,eps_std,train,762,456,easy,5,5,0.1,0.95,0.05,default,100,3.0,8,1,1,0,0,0.0010790999949676916,
eps_std_456_1e4b7a82,eps_std,train,763,456,easy,5,5,0.1,0.95,0.05,default,100,2.0,9,1,1,0,0,0.001122599991504103,
eps_std_456_1e4b7a82,eps_std,train,764,456,easy,5,5,0.1,0.95,0.05,default,100,3.0,8,1,1,0,0,0.001022299999021925,
eps_std_456_1e4b7a82,eps_std,train,765,456,easy,5,5,0.1,0.95,0.05,default,100,3.0,8,1,1,0,0,0.0010546999983489513,
eps_std_456_1e4b7a82,eps_std,train,766,456,easy,5,5,0.1,0.95,0.05,default,100,2.0,9,1,1,0,0,0.001161300009698607,
eps_std_456_1e4b7a82,eps_std,train,767,456,easy,5,5,0.1,0.95,0.05,default,100,3.0,8,1,1,0,0,0.0010677999962354079,
eps_std_456_1e4b7a82,eps_std,train,768,456,easy,5,5,0.1,0.95,0.05,default,100,3.0,8,1,1,0,0,0.0010291999933542684,
eps_std_456_1e4b7a82,eps_std,train,769,456,easy,5,5,0.1,0.95,0.05,default,100,3.0,8,1,1,0,0,0.0010541999945417047,
eps_std_456_1e4b7a82,eps_std,train,770,456,easy,5,5,0.1,0.95,0.05,default,100,1.0,10,1,1,0,0,0.00127269999939017,
eps_std_456_1e4b7a82,eps_std,train,771,456,easy,5,5,0.1,0.95,0.05,default,100,1.0,10,1,1,0,0,0.00126530000125058,
eps_std_456_1e4b7a82,eps_std,train,772,456,easy,5,5,0.1,0.95,0.05,default,100,2.0,9,1,1,0,0,0.0011258000013185665,
eps_std_456_1e4b7a82,eps_std,train,773,456,easy,5,5,0.1,0.95,0.05,default,100,3.0,8,1,1,0,0,0.0010678999969968572,
eps_std_456_1e4b7a82,eps_std,train,774,456,easy,5,5,0.1,0.95,0.05,default,100,3.0,8,1,1,0,0,0.0010559000074863434,
eps_std_456_1e4b7a82,eps_std,train,775,456,easy,5,5,0.1,0.95,0.05,default,100,3.0,8,1,1,0,0,0.0010728000052040443,
eps_std_456_1e4b7a82,eps_std,train,776,456,easy,5,5,0.1,0.95,0.05,default,100,3.0,8,1,1,0,0,0.0010583999974187464,
eps_std_456_1e4b7a82,eps_std,train,777,456,easy,5,5,0.1,0.95,0.05,default,100,3.0,8,1,1,0,0,0.0010996000055456534,
eps_std_456_1e4b7a82,eps_std,train,778,456,easy,5,5,0.1,0.95,0.05,default,100,3.0,8,1,1,0,0,0.001061300004948862,
eps_std_456_1e4b7a82,eps_std,train,779,456,easy,5,5,0.1,0.95,0.05,default,100,3.0,8,1,1,0,0,0.0010769000073196366,
eps_std_456_1e4b7a82,eps_std,train,780,456,easy,5,5,0.1,0.95,0.05,default,100,3.0,8,1,1,0,0,0.001144399997428991,
eps_std_456_1e4b7a82,eps_std,train,781,456,easy,5,5,0.1,0.95,0.05,default,100,3.0,8,1,1,0,0,0.0010880000045290217,
eps_std_456_1e4b7a82,eps_std,train,782,456,easy,5,5,0.1,0.95,0.05,default,100,3.0,8,1,1,0,0,0.0010785000049509108,
eps_std_456_1e4b7a82,eps_std,train,783,456,easy,5,5,0.1,0.95,0.05,default,100,3.0,8,1,1,0,0,0.0010649000032572076,
eps_std_456_1e4b7a82,eps_std,train,784,456,easy,5,5,0.1,0.95,0.05,default,100,3.0,8,1,1,0,0,0.0010843999916687608,
eps_std_456_1e4b7a82,eps_std,train,785,456,easy,5,5,0.1,0.95,0.05,default,100,3.0,8,1,1,0,0,0.001058599998941645,
eps_std_456_1e4b7a82,eps_std,train,786,456,easy,5,5,0.1,0.95,0.05,default,100,3.0,8,1,1,0,0,0.001095800005714409,
eps_std_456_1e4b7a82,eps_std,train,787,456,easy,5,5,0.1,0.95,0.05,default,100,3.0,8,1,1,0,0,0.0010719999991124496,
eps_std_456_1e4b7a82,eps_std,train,788,456,easy,5,5,0.1,0.95,0.05,default,100,3.0,8,1,1,0,0,0.0010966999980155379,
eps_std_456_1e4b7a82,eps_std,train,789,456,easy,5,5,0.1,0.95,0.05,default,100,3.0,8,1,1,0,0,0.00106229999801144,
eps_std_456_1e4b7a82,eps_std,train,790,456,easy,5,5,0.1,0.95,0.05,default,100,3.0,8,1,1,0,0,0.0010209999891230837,
eps_std_456_1e4b7a82,eps_std,train,791,456,easy,5,5,0.1,0.95,0.05,default,100,3.0,8,1,1,0,0,0.0010571000020718202,
eps_std_456_1e4b7a82,eps_std,train,792,456,easy,5,5,0.1,0.95,0.05,default,100,3.0,8,1,1,0,0,0.001069300007657148,
eps_std_456_1e4b7a82,eps_std,train,793,456,easy,5,5,0.1,0.95,0.05,default,100,3.0,8,1,1,0,0,0.001173900003777817,
eps_std_456_1e4b7a82,eps_std,train,794,456,easy,5,5,0.1,0.95,0.05,default,100,3.0,8,1,1,0,0,0.001080199988791719,
eps_std_456_1e4b7a82,eps_std,train,795,456,easy,5,5,0.1,0.95,0.05,default,100,3.0,8,1,1,0,0,0.001068400000804104,
eps_std_456_1e4b7a82,eps_std,train,796,456,easy,5,5,0.1,0.95,0.05,default,100,3.0,8,1,1,0,0,0.0010473000002093613,
eps_std_456_1e4b7a82,eps_std,train,797,456,easy,5,5,0.1,0.95,0.05,default,100,2.0,9,1,1,0,0,0.0011501999979373068,
eps_std_456_1e4b7a82,eps_std,train,798,456,easy,5,5,0.1,0.95,0.05,default,100,3.0,8,1,1,0,0,0.0010768000065581873,
eps_std_456_1e4b7a82,eps_std,train,799,456,easy,5,5,0.1,0.95,0.05,default,100,3.0,8,1,1,0,0,0.0010855000000447035,
eps_std_456_1e4b7a82,eps_std,train,800,456,easy,5,5,0.1,0.95,0.05,default,100,3.0,8,1,1,0,0,0.0010085999965667725,results\epsilon\standard\seed_456\qtable_ep800.npz
eps_std_456_1e4b7a82,eps_std,eval,1,456,easy,5,5,0.1,0.95,0.0,default,100,-100.0,100,0,0,1,0,,
eps_std_456_1e4b7a82,eps_std,eval,2,456,easy,5,5,0.1,0.95,0.0,default,100,-100.0,100,0,0,1,0,,
eps_std_456_1e4b7a82,eps_std,eval,3,456,easy,5,5,0.1,0.95,0.0,default,100,-100.0,100,0,0,1,0,,
eps_std_456_1e4b7a82,eps_std,eval,4,456,easy,5,5,0.1,0.95,0.0,default,100,-100.0,100,0,0,1,0,,
eps_std_456_1e4b7a82,eps_std,eval,5,456,easy,5,5,0.1,0.95,0.0,default,100,-100.0,100,0,0,1,0,,
eps_std_456_1e4b7a82,eps_std,eval,6,456,easy,5,5,0.1,0.95,0.0,default,100,-100.0,100,0,0,1,0,,
eps_std_456_1e4b7a82,eps_std,eval,7,456,easy,5,5,0.1,0.95,0.0,default,100,-100.0,100,0,0,1,0,,
eps_std_456_1e4b7a82,eps_std,eval,8,456,easy,5,5,0.1,0.95,0.0,default,100,-100.0,100,0,0,1,0,,
eps_std_456_1e4b7a82,eps_std,eval,9,456,easy,5,5,0.1,0.95,0.0,default,100,-100.0,100,0,0,1,0,,
eps_std_456_1e4b7a82,eps_std,eval,10,456,easy,5,5,0.1,0.95,0.0,default,100,-100.0,100,0,0,1,0,,
eps_std_456_1e4b7a82,eps_std,eval,1,456,easy,5,5,0.1,0.95,0.0,default,100,-100.0,100,0,0,1,0,,
eps_std_456_1e4b7a82,eps_std,eval,2,456,easy,5,5,0.1,0.95,0.0,default,100,-100.0,100,0,0,1,0,,
eps_std_456_1e4b7a82,eps_std,eval,3,456,easy,5,5,0.1,0.95,0.0,default,100,-100.0,100,0,0,1,0,,
eps_std_456_1e4b7a82,eps_std,eval,4,456,easy,5,5,0.1,0.95,0.0,default,100,-100.0,100,0,0,1,0,,
eps_std_456_1e4b7a82,eps_std,eval,5,456,easy,5,5,0.1,0.95,0.0,default,100,-100.0,100,0,0,1,0,,
eps_std_456_1e4b7a82,eps_std,eval,6,456,easy,5,5,0.1,0.95,0.0,default,100,-100.0,100,0,0,1,0,,
eps_std_456_1e4b7a82,eps_std,eval,7,456,easy,5,5,0.1,0.95,0.0,default,100,-100.0,100,0,0,1,0,,
eps_std_456_1e4b7a82,eps_std,eval,8,456,easy,5,5,0.1,0.95,0.0,default,100,-100.0,100,0,0,1,0,,
eps_std_456_1e4b7a82,eps_std,eval,9,456,easy,5,5,0.1,0.95,0.0,default,100,-100.0,100,0,0,1,0,,
eps_std_456_1e4b7a82,eps_std,eval,10,456,easy,5,5,0.1,0.95,0.0,default,100,-100.0,100,0,0,1,0,,
eps_std_456_1e4b7a82,eps_std,eval,1,456,easy,5,5,0.1,0.95,0.0,default,100,3.0,8,1,1,0,0,,
eps_std_456_1e4b7a82,eps_std,eval,2,456,easy,5,5,0.1,0.95,0.0,default,100,3.0,8,1,1,0,0,,
eps_std_456_1e4b7a82,eps_std,eval,3,456,easy,5,5,0.1,0.95,0.0,default,100,3.0,8,1,1,0,0,,
eps_std_456_1e4b7a82,eps_std,eval,4,456,easy,5,5,0.1,0.95,0.0,default,100,3.0,8,1,1,0,0,,
eps_std_456_1e4b7a82,eps_std,eval,5,456,easy,5,5,0.1,0.95,0.0,default,100,3.0,8,1,1,0,0,,
eps_std_456_1e4b7a82,eps_std,eval,6,456,easy,5,5,0.1,0.95,0.0,default,100,3.0,8,1,1,0,0,,
eps_std_456_1e4b7a82,eps_std,eval,7,456,easy,5,5,0.1,0.95,0.0,default,100,3.0,8,1,1,0,0,,
eps_std_456_1e4b7a82,eps_std,eval,8,456,easy,5,5,0.1,0.95,0.0,default,100,3.0,8,1,1,0,0,,
eps_std_456_1e4b7a82,eps_std,eval,9,456,easy,5,5,0.1,0.95,0.0,default,100,3.0,8,1,1,0,0,,
eps_std_456_1e4b7a82,eps_std,eval,10,456,easy,5,5,0.1,0.95,0.0,default,100,3.0,8,1,1,0,0,,
eps_std_456_1e4b7a82,eps_std,eval,1,456,easy,5,5,0.1,0.95,0.0,default,100,3.0,8,1,1,0,0,,
eps_std_456_1e4b7a82,eps_std,eval,2,456,easy,5,5,0.1,0.95,0.0,default,100,3.0,8,1,1,0,0,,
eps_std_456_1e4b7a82,eps_std,eval,3,456,easy,5,5,0.1,0.95,0.0,default,100,3.0,8,1,1,0,0,,
eps_std_456_1e4b7a82,eps_std,eval,4,456,easy,5,5,0.1,0.95,0.0,default,100,3.0,8,1,1,0,0,,
eps_std_456_1e4b7a82,eps_std,eval,5,456,easy,5,5,0.1,0.95,0.0,default,100,3.0,8,1,1,0,0,,
eps_std_456_1e4b7a82,eps_std,eval,6,456,easy,5,5,0.1,0.95,0.0,default,100,3.0,8,1,1,0,0,,
eps_std_456_1e4b7a82,eps_std,eval,7,456,easy,5,5,0.1,0.95,0.0,default,100,3.0,8,1,1,0,0,,
eps_std_456_1e4b7a82,eps_std,eval,8,456,easy,5,5,0.1,0.95,0.0,default,100,3.0,8,1,1,0,0,,
eps_std_456_1e4b7a82,eps_std,eval,9,456,easy,5,5,0.1,0.95,0.0,default,100,3.0,8,1,1,0,0,,
eps_std_456_1e4b7a82,eps_std,eval,10,456,easy,5,5,0.1,0.95,0.0,default,100,3.0,8,1,1,0,0,,
eps_std_456_1e4b7a82,eps_std,eval,1,456,easy,5,5,0.1,0.95,0.0,default,100,3.0,8,1,1,0,0,,
eps_std_456_1e4b7a82,eps_std,eval,2,456,easy,5,5,0.1,0.95,0.0,default,100,3.0,8,1,1,0,0,,
eps_std_456_1e4b7a82,eps_std,eval,3,456,easy,5,5,0.1,0.95,0.0,default,100,3.0,8,1,1,0,0,,
eps_std_456_1e4b7a82,eps_std,eval,4,456,easy,5,5,0.1,0.95,0.0,default,100,3.0,8,1,1,0,0,,
eps_std_456_1e4b7a82,eps_std,eval,5,456,easy,5,5,0.1,0.95,0.0,default,100,3.0,8,1,1,0,0,,
eps_std_456_1e4b7a82,eps_std,eval,6,456,easy,5,5,0.1,0.95,0.0,default,100,3.0,8,1,1,0,0,,
eps_std_456_1e4b7a82,eps_std,eval,7,456,easy,5,5,0.1,0.95,0.0,default,100,3.0,8,1,1,0,0,,
eps_std_456_1e4b7a82,eps_std,eval,8,456,easy,5,5,0.1,0.95,0.0,default,100,3.0,8,1,1,0,0,,
eps_std_456_1e4b7a82,eps_std,eval,9,456,easy,5,5,0.1,0.95,0.0,default,100,3.0,8,1,1,0,0,,
eps_std_456_1e4b7a82,eps_std,eval,10,456,easy,5,5,0.1,0.95,0.0,default,100,3.0,8,1,1,0,0,,
eps_std_456_1e4b7a82,eps_std,eval,1,456,easy,5,5,0.1,0.95,0.0,default,100,3.0,8,1,1,0,0,,
eps_std_456_1e4b7a82,eps_std,eval,2,456,easy,5,5,0.1,0.95,0.0,default,100,3.0,8,1,1,0,0,,
eps_std_456_1e4b7a82,eps_std,eval,3,456,easy,5,5,0.1,0.95,0.0,default,100,3.0,8,1,1,0,0,,
eps_std_456_1e4b7a82,eps_std,eval,4,456,easy,5,5,0.1,0.95,0.0,default,100,3.0,8,1,1,0,0,,
eps_std_456_1e4b7a82,eps_std,eval,5,456,easy,5,5,0.1,0.95,0.0,default,100,3.0,8,1,1,0,0,,
eps_std_456_1e4b7a82,eps_std,eval,6,456,easy,5,5,0.1,0.95,0.0,default,100,3.0,8,1,1,0,0,,
eps_std_456_1e4b7a82,eps_std,eval,7,456,easy,5,5,0.1,0.95,0.0,default,100,3.0,8,1,1,0,0,,
eps_std_456_1e4b7a82,eps_std,eval,8,456,easy,5,5,0.1,0.95,0.0,default,100,3.0,8,1,1,0,0,,
eps_std_456_1e4b7a82,eps_std,eval,9,456,easy,5,5,0.1,0.95,0.0,default,100,3.0,8,1,1,0,0,,
eps_std_456_1e4b7a82,eps_std,eval,10,456,easy,5,5,0.1,0.95,0.0,default,100,3.0,8,1,1,0,0,,
eps_std_456_1e4b7a82,eps_std,eval,1,456,easy,5,5,0.1,0.95,0.0,default,100,3.0,8,1,1,0,0,,
eps_std_456_1e4b7a82,eps_std,eval,2,456,easy,5,5,0.1,0.95,0.0,default,100,3.0,8,1,1,0,0,,
eps_std_456_1e4b7a82,eps_std,eval,3,456,easy,5,5,0.1,0.95,0.0,default,100,3.0,8,1,1,0,0,,
eps_std_456_1e4b7a82,eps_std,eval,4,456,easy,5,5,0.1,0.95,0.0,default,100,3.0,8,1,1,0,0,,
eps_std_456_1e4b7a82,eps_std,eval,5,456,easy,5,5,0.1,0.95,0.0,default,100,3.0,8,1,1,0,0,,
eps_std_456_1e4b7a82,eps_std,eval,6,456,easy,5,5,0.1,0.95,0.0,default,100,3.0,8,1,1,0,0,,
eps_std_456_1e4b7a82,eps_std,eval,7,456,easy,5,5,0.1,0.95,0.0,default,100,3.0,8,1,1,0,0,,
eps_std_456_1e4b7a82,eps_std,eval,8,456,easy,5,5,0.1,0.95,0.0,default,100,3.0,8,1,1,0,0,,
eps_std_456_1e4b7a82,eps_std,eval,9,456,easy,5,5,0.1,0.95,0.0,default,100,3.0,8,1,1,0,0,,
eps_std_456_1e4b7a82,eps_std,eval,10,456,easy,5,5,0.1,0.95,0.0,default,100,3.0,8,1,1,0,0,,
eps_std_456_1e4b7a82,eps_std,eval,1,456,easy,5,5,0.1,0.95,0.0,default,100,3.0,8,1,1,0,0,,
eps_std_456_1e4b7a82,eps_std,eval,2,456,easy,5,5,0.1,0.95,0.0,default,100,3.0,8,1,1,0,0,,
eps_std_456_1e4b7a82,eps_std,eval,3,456,easy,5,5,0.1,0.95,0.0,default,100,3.0,8,1,1,0,0,,
eps_std_456_1e4b7a82,eps_std,eval,4,456,easy,5,5,0.1,0.95,0.0,default,100,3.0,8,1,1,0,0,,
eps_std_456_1e4b7a82,eps_std,eval,5,456,easy,5,5,0.1,0.95,0.0,default,100,3.0,8,1,1,0,0,,
eps_std_456_1e4b7a82,eps_std,eval,6,456,easy,5,5,0.1,0.95,0.0,default,100,3.0,8,1,1,0,0,,
eps_std_456_1e4b7a82,eps_std,eval,7,456,easy,5,5,0.1,0.95,0.0,default,100,3.0,8,1,1,0,0,,
eps_std_456_1e4b7a82,eps_std,eval,8,456,easy,5,5,0.1,0.95,0.0,default,100,3.0,8,1,1,0,0,,
eps_std_456_1e4b7a82,eps_std,eval,9,456,easy,5,5,0.1,0.95,0.0,default,100,3.0,8,1,1,0,0,,
eps_std_456_1e4b7a82,eps_std,eval,10,456,easy,5,5,0.1,0.95,0.0,default,100,3.0,8,1,1,0,0,,
eps_std_456_1e4b7a82,eps_std,eval,1,456,easy,5,5,0.1,0.95,0.0,default,100,3.0,8,1,1,0,0,,
eps_std_456_1e4b7a82,eps_std,eval,2,456,easy,5,5,0.1,0.95,0.0,default,100,3.0,8,1,1,0,0,,
eps_std_456_1e4b7a82,eps_std,eval,3,456,easy,5,5,0.1,0.95,0.0,default,100,3.0,8,1,1,0,0,,
eps_std_456_1e4b7a82,eps_std,eval,4,456,easy,5,5,0.1,0.95,0.0,default,100,3.0,8,1,1,0,0,,
eps_std_456_1e4b7a82,eps_std,eval,5,456,easy,5,5,0.1,0.95,0.0,default,100,3.0,8,1,1,0,0,,
eps_std_456_1e4b7a82,eps_std,eval,6,456,easy,5,5,0.1,0.95,0.0,default,100,3.0,8,1,1,0,0,,
eps_std_456_1e4b7a82,eps_std,eval,7,456,easy,5,5,0.1,0.95,0.0,default,100,3.0,8,1,1,0,0,,
eps_std_456_1e4b7a82,eps_std,eval,8,456,easy,5,5,0.1,0.95,0.0,default,100,3.0,8,1,1,0,0,,
eps_std_456_1e4b7a82,eps_std,eval,9,456,easy,5,5,0.1,0.95,0.0,default,100,3.0,8,1,1,0,0,,
eps_std_456_1e4b7a82,eps_std,eval,10,456,easy,5,5,0.1,0.95,0.0,default,100,3.0,8,1,1,0,0,,
eps_std_456_1e4b7a82,eps_std,eval,1,456,easy,5,5,0.1,0.95,0.0,default,100,3.0,8,1,1,0,0,,
eps_std_456_1e4b7a82,eps_std,eval,2,456,easy,5,5,0.1,0.95,0.0,default,100,3.0,8,1,1,0,0,,
eps_std_456_1e4b7a82,eps_std,eval,3,456,easy,5,5,0.1,0.95,0.0,default,100,3.0,8,1,1,0,0,,
eps_std_456_1e4b7a82,eps_std,eval,4,456,easy,5,5,0.1,0.95,0.0,default,100,3.0,8,1,1,0,0,,
eps_std_456_1e4b7a82,eps_std,eval,5,456,easy,5,5,0.1,0.95,0.0,default,100,3.0,8,1,1,0,0,,
eps_std_456_1e4b7a82,eps_std,eval,6,456,easy,5,5,0.1,0.95,0.0,default,100,3.0,8,1,1,0,0,,
eps_std_456_1e4b7a82,eps_std,eval,7,456,easy,5,5,0.1,0.95,0.0,default,100,3.0,8,1,1,0,0,,
eps_std_456_1e4b7a82,eps_std,eval,8,456,easy,5,5,0.1,0.95,0.0,default,100,3.0,8,1,1,0,0,,
eps_std_456_1e4b7a82,eps_std,eval,9,456,easy,5,5,0.1,0.95,0.0,default,100,3.0,8,1,1,0,0,,
eps_std_456_1e4b7a82,eps_std,eval,10,456,easy,5,5,0.1,0.95,0.0,default,100,3.0,8,1,1,0,0,,
eps_std_456_1e4b7a82,eps_std,eval,1,456,easy,5,5,0.1,0.95,0.0,default,100,3.0,8,1,1,0,0,,
eps_std_456_1e4b7a82,eps_std,eval,2,456,easy,5,5,0.1,0.95,0.0,default,100,3.0,8,1,1,0,0,,
eps_std_456_1e4b7a82,eps_std,eval,3,456,easy,5,5,0.1,0.95,0.0,default,100,3.0,8,1,1,0,0,,
eps_std_456_1e4b7a82,eps_std,eval,4,456,easy,5,5,0.1,0.95,0.0,default,100,3.0,8,1,1,0,0,,
eps_std_456_1e4b7a82,eps_std,eval,5,456,easy,5,5,0.1,0.95,0.0,default,100,3.0,8,1,1,0,0,,
eps_std_456_1e4b7a82,eps_std,eval,6,456,easy,5,5,0.1,0.95,0.0,default,100,3.0,8,1,1,0,0,,
eps_std_456_1e4b7a82,eps_std,eval,7,456,easy,5,5,0.1,0.95,0.0,default,100,3.0,8,1,1,0,0,,
eps_std_456_1e4b7a82,eps_std,eval,8,456,easy,5,5,0.1,0.95,0.0,default,100,3.0,8,1,1,0,0,,
eps_std_456_1e4b7a82,eps_std,eval,9,456,easy,5,5,0.1,0.95,0.0,default,100,3.0,8,1,1,0,0,,
eps_std_456_1e4b7a82,eps_std,eval,10,456,easy,5,5,0.1,0.95,0.0,default,100,3.0,8,1,1,0,0,,
eps_std_456_1e4b7a82,eps_std,eval,1,456,easy,5,5,0.1,0.95,0.0,default,100,3.0,8,1,1,0,0,,
eps_std_456_1e4b7a82,eps_std,eval,2,456,easy,5,5,0.1,0.95,0.0,default,100,3.0,8,1,1,0,0,,
eps_std_456_1e4b7a82,eps_std,eval,3,456,easy,5,5,0.1,0.95,0.0,default,100,3.0,8,1,1,0,0,,
eps_std_456_1e4b7a82,eps_std,eval,4,456,easy,5,5,0.1,0.95,0.0,default,100,3.0,8,1,1,0,0,,
eps_std_456_1e4b7a82,eps_std,eval,5,456,easy,5,5,0.1,0.95,0.0,default,100,3.0,8,1,1,0,0,,
eps_std_456_1e4b7a82,eps_std,eval,6,456,easy,5,5,0.1,0.95,0.0,default,100,3.0,8,1,1,0,0,,
eps_std_456_1e4b7a82,eps_std,eval,7,456,easy,5,5,0.1,0.95,0.0,default,100,3.0,8,1,1,0,0,,
eps_std_456_1e4b7a82,eps_std,eval,8,456,easy,5,5,0.1,0.95,0.0,default,100,3.0,8,1,1,0,0,,
eps_std_456_1e4b7a82,eps_std,eval,9,456,easy,5,5,0.1,0.95,0.0,default,100,3.0,8,1,1,0,0,,
eps_std_456_1e4b7a82,eps_std,eval,10,456,easy,5,5,0.1,0.95,0.0,default,100,3.0,8,1,1,0,0,,
eps_std_456_1e4b7a82,eps_std,eval,1,456,easy,5,5,0.1,0.95,0.0,default,100,3.0,8,1,1,0,0,,
eps_std_456_1e4b7a82,eps_std,eval,2,456,easy,5,5,0.1,0.95,0.0,default,100,3.0,8,1,1,0,0,,
eps_std_456_1e4b7a82,eps_std,eval,3,456,easy,5,5,0.1,0.95,0.0,default,100,3.0,8,1,1,0,0,,
eps_std_456_1e4b7a82,eps_std,eval,4,456,easy,5,5,0.1,0.95,0.0,default,100,3.0,8,1,1,0,0,,
eps_std_456_1e4b7a82,eps_std,eval,5,456,easy,5,5,0.1,0.95,0.0,default,100,3.0,8,1,1,0,0,,
eps_std_456_1e4b7a82,eps_std,eval,6,456,easy,5,5,0.1,0.95,0.0,default,100,3.0,8,1,1,0,0,,
eps_std_456_1e4b7a82,eps_std,eval,7,456,easy,5,5,0.1,0.95,0.0,default,100,3.0,8,1,1,0,0,,
eps_std_456_1e4b7a82,eps_std,eval,8,456,easy,5,5,0.1,0.95,0.0,default,100,3.0,8,1,1,0,0,,
eps_std_456_1e4b7a82,eps_std,eval,9,456,easy,5,5,0.1,0.95,0.0,default,100,3.0,8,1,1,0,0,,
eps_std_456_1e4b7a82,eps_std,eval,10,456,easy,5,5,0.1,0.95,0.0,default,100,3.0,8,1,1,0,0,,
eps_std_456_1e4b7a82,eps_std,eval,1,456,easy,5,5,0.1,0.95,0.0,default,100,3.0,8,1,1,0,0,,
eps_std_456_1e4b7a82,eps_std,eval,2,456,easy,5,5,0.1,0.95,0.0,default,100,3.0,8,1,1,0,0,,
eps_std_456_1e4b7a82,eps_std,eval,3,456,easy,5,5,0.1,0.95,0.0,default,100,3.0,8,1,1,0,0,,
eps_std_456_1e4b7a82,eps_std,eval,4,456,easy,5,5,0.1,0.95,0.0,default,100,3.0,8,1,1,0,0,,
eps_std_456_1e4b7a82,eps_std,eval,5,456,easy,5,5,0.1,0.95,0.0,default,100,3.0,8,1,1,0,0,,
eps_std_456_1e4b7a82,eps_std,eval,6,456,easy,5,5,0.1,0.95,0.0,default,100,3.0,8,1,1,0,0,,
eps_std_456_1e4b7a82,eps_std,eval,7,456,easy,5,5,0.1,0.95,0.0,default,100,3.0,8,1,1,0,0,,
eps_std_456_1e4b7a82,eps_std,eval,8,456,easy,5,5,0.1,0.95,0.0,default,100,3.0,8,1,1,0,0,,
eps_std_456_1e4b7a82,eps_std,eval,9,456,easy,5,5,0.1,0.95,0.0,default,100,3.0,8,1,1,0,0,,
eps_std_456_1e4b7a82,eps_std,eval,10,456,easy,5,5,0.1,0.95,0.0,default,100,3.0,8,1,1,0,0,,
eps_std_456_1e4b7a82,eps_std,eval,1,456,easy,5,5,0.1,0.95,0.0,default,100,3.0,8,1,1,0,0,,
eps_std_456_1e4b7a82,eps_std,eval,2,456,easy,5,5,0.1,0.95,0.0,default,100,3.0,8,1,1,0,0,,
eps_std_456_1e4b7a82,eps_std,eval,3,456,easy,5,5,0.1,0.95,0.0,default,100,3.0,8,1,1,0,0,,
eps_std_456_1e4b7a82,eps_std,eval,4,456,easy,5,5,0.1,0.95,0.0,default,100,3.0,8,1,1,0,0,,
eps_std_456_1e4b7a82,eps_std,eval,5,456,easy,5,5,0.1,0.95,0.0,default,100,3.0,8,1,1,0,0,,
eps_std_456_1e4b7a82,eps_std,eval,6,456,easy,5,5,0.1,0.95,0.0,default,100,3.0,8,1,1,0,0,,
eps_std_456_1e4b7a82,eps_std,eval,7,456,easy,5,5,0.1,0.95,0.0,default,100,3.0,8,1,1,0,0,,
eps_std_456_1e4b7a82,eps_std,eval,8,456,easy,5,5,0.1,0.95,0.0,default,100,3.0,8,1,1,0,0,,
eps_std_456_1e4b7a82,eps_std,eval,9,456,easy,5,5,0.1,0.95,0.0,default,100,3.0,8,1,1,0,0,,
eps_std_456_1e4b7a82,eps_std,eval,10,456,easy,5,5,0.1,0.95,0.0,default,100,3.0,8,1,1,0,0,,
eps_std_456_1e4b7a82,eps_std,eval,1,456,easy,5,5,0.1,0.95,0.0,default,100,3.0,8,1,1,0,0,,
eps_std_456_1e4b7a82,eps_std,eval,2,456,easy,5,5,0.1,0.95,0.0,default,100,3.0,8,1,1,0,0,,
eps_std_456_1e4b7a82,eps_std,eval,3,456,easy,5,5,0.1,0.95,0.0,default,100,3.0,8,1,1,0,0,,
eps_std_456_1e4b7a82,eps_std,eval,4,456,easy,5,5,0.1,0.95,0.0,default,100,3.0,8,1,1,0,0,,
eps_std_456_1e4b7a82,eps_std,eval,5,456,easy,5,5,0.1,0.95,0.0,default,100,3.0,8,1,1,0,0,,
eps_std_456_1e4b7a82,eps_std,eval,6,456,easy,5,5,0.1,0.95,0.0,default,100,3.0,8,1,1,0,0,,
eps_std_456_1e4b7a82,eps_std,eval,7,456,easy,5,5,0.1,0.95,0.0,default,100,3.0,8,1,1,0,0,,
eps_std_456_1e4b7a82,eps_std,eval,8,456,easy,5,5,0.1,0.95,0.0,default,100,3.0,8,1,1,0,0,,
eps_std_456_1e4b7a82,eps_std,eval,9,456,easy,5,5,0.1,0.95,0.0,default,100,3.0,8,1,1,0,0,,
eps_std_456_1e4b7a82,eps_std,eval,10,456,easy,5,5,0.1,0.95,0.0,default,100,3.0,8,1,1,0,0,,
eps_std_456_1e4b7a82,eps_std,eval,1,456,easy,5,5,0.1,0.95,0.0,default,100,3.0,8,1,1,0,0,,
eps_std_456_1e4b7a82,eps_std,eval,2,456,easy,5,5,0.1,0.95,0.0,default,100,3.0,8,1,1,0,0,,
eps_std_456_1e4b7a82,eps_std,eval,3,456,easy,5,5,0.1,0.95,0.0,default,100,3.0,8,1,1,0,0,,
eps_std_456_1e4b7a82,eps_std,eval,4,456,easy,5,5,0.1,0.95,0.0,default,100,3.0,8,1,1,0,0,,
eps_std_456_1e4b7a82,eps_std,eval,5,456,easy,5,5,0.1,0.95,0.0,default,100,3.0,8,1,1,0,0,,
eps_std_456_1e4b7a82,eps_std,eval,6,456,easy,5,5,0.1,0.95,0.0,default,100,3.0,8,1,1,0,0,,
eps_std_456_1e4b7a82,eps_std,eval,7,456,easy,5,5,0.1,0.95,0.0,default,100,3.0,8,1,1,0,0,,
eps_std_456_1e4b7a82,eps_std,eval,8,456,easy,5,5,0.1,0.95,0.0,default,100,3.0,8,1,1,0,0,,
eps_std_456_1e4b7a82,eps_std,eval,9,456,easy,5,5,0.1,0.95,0.0,default,100,3.0,8,1,1,0,0,,
eps_std_456_1e4b7a82,eps_std,eval,10,456,easy,5,5,0.1,0.95,0.0,default,100,3.0,8,1,1,0,0,,
eps_std_456_1e4b7a82,eps_std,eval,1,456,easy,5,5,0.1,0.95,0.0,default,100,3.0,8,1,1,0,0,,
eps_std_456_1e4b7a82,eps_std,eval,2,456,easy,5,5,0.1,0.95,0.0,default,100,3.0,8,1,1,0,0,,
eps_std_456_1e4b7a82,eps_std,eval,3,456,easy,5,5,0.1,0.95,0.0,default,100,3.0,8,1,1,0,0,,
eps_std_456_1e4b7a82,eps_std,eval,4,456,easy,5,5,0.1,0.95,0.0,default,100,3.0,8,1,1,0,0,,
eps_std_456_1e4b7a82,eps_std,eval,5,456,easy,5,5,0.1,0.95,0.0,default,100,3.0,8,1,1,0,0,,
eps_std_456_1e4b7a82,eps_std,eval,6,456,easy,5,5,0.1,0.95,0.0,default,100,3.0,8,1,1,0,0,,
eps_std_456_1e4b7a82,eps_std,eval,7,456,easy,5,5,0.1,0.95,0.0,default,100,3.0,8,1,1,0,0,,
eps_std_456_1e4b7a82,eps_std,eval,8,456,easy,5,5,0.1,0.95,0.0,default,100,3.0,8,1,1,0,0,,
eps_std_456_1e4b7a82,eps_std,eval,9,456,easy,5,5,0.1,0.95,0.0,default,100,3.0,8,1,1,0,0,,
eps_std_456_1e4b7a82,eps_std,eval,10,456,easy,5,5,0.1,0.95,0.0,default,100,3.0,8,1,1,0,0,,
eps_std_456_1e4b7a82,eps_std,eval,1,456,easy,5,5,0.1,0.95,0.0,default,100,3.0,8,1,1,0,0,,
eps_std_456_1e4b7a82,eps_std,eval,2,456,easy,5,5,0.1,0.95,0.0,default,100,3.0,8,1,1,0,0,,
eps_std_456_1e4b7a82,eps_std,eval,3,456,easy,5,5,0.1,0.95,0.0,default,100,3.0,8,1,1,0,0,,
eps_std_456_1e4b7a82,eps_std,eval,4,456,easy,5,5,0.1,0.95,0.0,default,100,3.0,8,1,1,0,0,,
eps_std_456_1e4b7a82,eps_std,eval,5,456,easy,5,5,0.1,0.95,0.0,default,100,3.0,8,1,1,0,0,,
eps_std_456_1e4b7a82,eps_std,eval,6,456,easy,5,5,0.1,0.95,0.0,default,100,3.0,8,1,1,0,0,,
eps_std_456_1e4b7a82,eps_std,eval,7,456,easy,5,5,0.1,0.95,0.0,default,100,3.0,8,1,1,0,0,,
eps_std_456_1e4b7a82,eps_std,eval,8,456,easy,5,5,0.1,0.95,0.0,default,100,3.0,8,1,1,0,0,,
eps_std_456_1e4b7a82,eps_std,eval,9,456,easy,5,5,0.1,0.95,0.0,default,100,3.0,8,1,1,0,0,,
eps_std_456_1e4b7a82,eps_std,eval,10,456,easy,5,5,0.1,0.95,0.0,default,100,3.0,8,1,1,0,0,,
eps_std_456_1e4b7a82,eps_std,eval,1,456,easy,5,5,0.1,0.95,0.0,default,100,3.0,8,1,1,0,0,,
eps_std_456_1e4b7a82,eps_std,eval,2,456,easy,5,5,0.1,0.95,0.0,default,100,3.0,8,1,1,0,0,,
eps_std_456_1e4b7a82,eps_std,eval,3,456,easy,5,5,0.1,0.95,0.0,default,100,3.0,8,1,1,0,0,,
eps_std_456_1e4b7a82,eps_std,eval,4,456,easy,5,5,0.1,0.95,0.0,default,100,3.0,8,1,1,0,0,,
eps_std_456_1e4b7a82,eps_std,eval,5,456,easy,5,5,0.1,0.95,0.0,default,100,3.0,8,1,1,0,0,,
eps_std_456_1e4b7a82,eps_std,eval,6,456,easy,5,5,0.1,0.95,0.0,default,100,3.0,8,1,1,0,0,,
eps_std_456_1e4b7a82,eps_std,eval,7,456,easy,5,5,0.1,0.95,0.0,default,100,3.0,8,1,1,0,0,,
eps_std_456_1e4b7a82,eps_std,eval,8,456,easy,5,5,0.1,0.95,0.0,default,100,3.0,8,1,1,0,0,,
eps_std_456_1e4b7a82,eps_std,eval,9,456,easy,5,5,0.1,0.95,0.0,default,100,3.0,8,1,1,0,0,,
eps_std_456_1e4b7a82,eps_std,eval,10,456,easy,5,5,0.1,0.95,0.0,default,100,3.0,8,1,1,0,0,,
eps_std_456_1e4b7a82,eps_std,eval,1,456,easy,5,5,0.1,0.95,0.0,default,100,3.0,8,1,1,0,0,,
eps_std_456_1e4b7a82,eps_std,eval,2,456,easy,5,5,0.1,0.95,0.0,default,100,3.0,8,1,1,0,0,,
eps_std_456_1e4b7a82,eps_std,eval,3,456,easy,5,5,0.1,0.95,0.0,default,100,3.0,8,1,1,0,0,,
eps_std_456_1e4b7a82,eps_std,eval,4,456,easy,5,5,0.1,0.95,0.0,default,100,3.0,8,1,1,0,0,,
eps_std_456_1e4b7a82,eps_std,eval,5,456,easy,5,5,0.1,0.95,0.0,default,100,3.0,8,1,1,0,0,,
eps_std_456_1e4b7a82,eps_std,eval,6,456,easy,5,5,0.1,0.95,0.0,default,100,3.0,8,1,1,0,0,,
eps_std_456_1e4b7a82,eps_std,eval,7,456,easy,5,5,0.1,0.95,0.0,default,100,3.0,8,1,1,0,0,,
eps_std_456_1e4b7a82,eps_std,eval,8,456,easy,5,5,0.1,0.95,0.0,default,100,3.0,8,1,1,0,0,,
eps_std_456_1e4b7a82,eps_std,eval,9,456,easy,5,5,0.1,0.95,0.0,default,100,3.0,8,1,1,0,0,,
eps_std_456_1e4b7a82,eps_std,eval,10,456,easy,5,5,0.1,0.95,0.0,default,100,3.0,8,1,1,0,0,,
eps_std_456_1e4b7a82,eps_std,eval,1,456,easy,5,5,0.1,0.95,0.0,default,100,3.0,8,1,1,0,0,,
eps_std_456_1e4b7a82,eps_std,eval,2,456,easy,5,5,0.1,0.95,0.0,default,100,3.0,8,1,1,0,0,,
eps_std_456_1e4b7a82,eps_std,eval,3,456,easy,5,5,0.1,0.95,0.0,default,100,3.0,8,1,1,0,0,,
eps_std_456_1e4b7a82,eps_std,eval,4,456,easy,5,5,0.1,0.95,0.0,default,100,3.0,8,1,1,0,0,,
eps_std_456_1e4b7a82,eps_std,eval,5,456,easy,5,5,0.1,0.95,0.0,default,100,3.0,8,1,1,0,0,,
eps_std_456_1e4b7a82,eps_std,eval,6,456,easy,5,5,0.1,0.95,0.0,default,100,3.0,8,1,1,0,0,,
eps_std_456_1e4b7a82,eps_std,eval,7,456,easy,5,5,0.1,0.95,0.0,default,100,3.0,8,1,1,0,0,,
eps_std_456_1e4b7a82,eps_std,eval,8,456,easy,5,5,0.1,0.95,0.0,default,100,3.0,8,1,1,0,0,,
eps_std_456_1e4b7a82,eps_std,eval,9,456,easy,5,5,0.1,0.95,0.0,default,100,3.0,8,1,1,0,0,,
eps_std_456_1e4b7a82,eps_std,eval,10,456,easy,5,5,0.1,0.95,0.0,default,100,3.0,8,1,1,0,0,,
eps_std_456_1e4b7a82,eps_std,eval,1,456,easy,5,5,0.1,0.95,0.0,default,100,3.0,8,1,1,0,0,,
eps_std_456_1e4b7a82,eps_std,eval,2,456,easy,5,5,0.1,0.95,0.0,default,100,3.0,8,1,1,0,0,,
eps_std_456_1e4b7a82,eps_std,eval,3,456,easy,5,5,0.1,0.95,0.0,default,100,3.0,8,1,1,0,0,,
eps_std_456_1e4b7a82,eps_std,eval,4,456,easy,5,5,0.1,0.95,0.0,default,100,3.0,8,1,1,0,0,,
eps_std_456_1e4b7a82,eps_std,eval,5,456,easy,5,5,0.1,0.95,0.0,default,100,3.0,8,1,1,0,0,,
eps_std_456_1e4b7a82,eps_std,eval,6,456,easy,5,5,0.1,0.95,0.0,default,100,3.0,8,1,1,0,0,,
eps_std_456_1e4b7a82,eps_std,eval,7,456,easy,5,5,0.1,0.95,0.0,default,100,3.0,8,1,1,0,0,,
eps_std_456_1e4b7a82,eps_std,eval,8,456,easy,5,5,0.1,0.95,0.0,default,100,3.0,8,1,1,0,0,,
eps_std_456_1e4b7a82,eps_std,eval,9,456,easy,5,5,0.1,0.95,0.0,default,100,3.0,8,1,1,0,0,,
eps_std_456_1e4b7a82,eps_std,eval,10,456,easy,5,5,0.1,0.95,0.0,default,100,3.0,8,1,1,0,0,,
eps_std_456_1e4b7a82,eps_std,eval,1,456,easy,5,5,0.1,0.95,0.0,default,100,3.0,8,1,1,0,0,,
eps_std_456_1e4b7a82,eps_std,eval,2,456,easy,5,5,0.1,0.95,0.0,default,100,3.0,8,1,1,0,0,,
eps_std_456_1e4b7a82,eps_std,eval,3,456,easy,5,5,0.1,0.95,0.0,default,100,3.0,8,1,1,0,0,,
eps_std_456_1e4b7a82,eps_std,eval,4,456,easy,5,5,0.1,0.95,0.0,default,100,3.0,8,1,1,0,0,,
eps_std_456_1e4b7a82,eps_std,eval,5,456,easy,5,5,0.1,0.95,0.0,default,100,3.0,8,1,1,0,0,,
eps_std_456_1e4b7a82,eps_std,eval,6,456,easy,5,5,0.1,0.95,0.0,default,100,3.0,8,1,1,0,0,,
eps_std_456_1e4b7a82,eps_std,eval,7,456,easy,5,5,0.1,0.95,0.0,default,100,3.0,8,1,1,0,0,,
eps_std_456_1e4b7a82,eps_std,eval,8,456,easy,5,5,0.1,0.95,0.0,default,100,3.0,8,1,1,0,0,,
eps_std_456_1e4b7a82,eps_std,eval,9,456,easy,5,5,0.1,0.95,0.0,default,100,3.0,8,1,1,0,0,,
eps_std_456_1e4b7a82,eps_std,eval,10,456,easy,5,5,0.1,0.95,0.0,default,100,3.0,8,1,1,0,0,,
eps_std_456_1e4b7a82,eps_std,eval,1,456,easy,5,5,0.1,0.95,0.0,default,100,3.0,8,1,1,0,0,,
eps_std_456_1e4b7a82,eps_std,eval,2,456,easy,5,5,0.1,0.95,0.0,default,100,3.0,8,1,1,0,0,,
eps_std_456_1e4b7a82,eps_std,eval,3,456,easy,5,5,0.1,0.95,0.0,default,100,3.0,8,1,1,0,0,,
eps_std_456_1e4b7a82,eps_std,eval,4,456,easy,5,5,0.1,0.95,0.0,default,100,3.0,8,1,1,0,0,,
eps_std_456_1e4b7a82,eps_std,eval,5,456,easy,5,5,0.1,0.95,0.0,default,100,3.0,8,1,1,0,0,,
eps_std_456_1e4b7a82,eps_std,eval,6,456,easy,5,5,0.1,0.95,0.0,default,100,3.0,8,1,1,0,0,,
eps_std_456_1e4b7a82,eps_std,eval,7,456,easy,5,5,0.1,0.95,0.0,default,100,3.0,8,1,1,0,0,,
eps_std_456_1e4b7a82,eps_std,eval,8,456,easy,5,5,0.1,0.95,0.0,default,100,3.0,8,1,1,0,0,,
eps_std_456_1e4b7a82,eps_std,eval,9,456,easy,5,5,0.1,0.95,0.0,default,100,3.0,8,1,1,0,0,,
eps_std_456_1e4b7a82,eps_std,eval,10,456,easy,5,5,0.1,0.95,0.0,default,100,3.0,8,1,1,0,0,,
eps_std_456_1e4b7a82,eps_std,eval,1,456,easy,5,5,0.1,0.95,0.0,default,100,3.0,8,1,1,0,0,,
eps_std_456_1e4b7a82,eps_std,eval,2,456,easy,5,5,0.1,0.95,0.0,default,100,3.0,8,1,1,0,0,,
eps_std_456_1e4b7a82,eps_std,eval,3,456,easy,5,5,0.1,0.95,0.0,default,100,3.0,8,1,1,0,0,,
eps_std_456_1e4b7a82,eps_std,eval,4,456,easy,5,5,0.1,0.95,0.0,default,100,3.0,8,1,1,0,0,,
eps_std_456_1e4b7a82,eps_std,eval,5,456,easy,5,5,0.1,0.95,0.0,default,100,3.0,8,1,1,0,0,,
eps_std_456_1e4b7a82,eps_std,eval,6,456,easy,5,5,0.1,0.95,0.0,default,100,3.0,8,1,1,0,0,,
eps_std_456_1e4b7a82,eps_std,eval,7,456,easy,5,5,0.1,0.95,0.0,default,100,3.0,8,1,1,0,0,,
eps_std_456_1e4b7a82,eps_std,eval,8,456,easy,5,5,0.1,0.95,0.0,default,100,3.0,8,1,1,0,0,,
eps_std_456_1e4b7a82,eps_std,eval,9,456,easy,5,5,0.1,0.95,0.0,default,100,3.0,8,1,1,0,0,,
eps_std_456_1e4b7a82,eps_std,eval,10,456,easy,5,5,0.1,0.95,0.0,default,100,3.0,8,1,1,0,0,,
eps_std_456_1e4b7a82,eps_std,eval,1,456,easy,5,5,0.1,0.95,0.0,default,100,3.0,8,1,1,0,0,,
eps_std_456_1e4b7a82,eps_std,eval,2,456,easy,5,5,0.1,0.95,0.0,default,100,3.0,8,1,1,0,0,,
eps_std_456_1e4b7a82,eps_std,eval,3,456,easy,5,5,0.1,0.95,0.0,default,100,3.0,8,1,1,0,0,,
eps_std_456_1e4b7a82,eps_std,eval,4,456,easy,5,5,0.1,0.95,0.0,default,100,3.0,8,1,1,0,0,,
eps_std_456_1e4b7a82,eps_std,eval,5,456,easy,5,5,0.1,0.95,0.0,default,100,3.0,8,1,1,0,0,,
eps_std_456_1e4b7a82,eps_std,eval,6,456,easy,5,5,0.1,0.95,0.0,default,100,3.0,8,1,1,0,0,,
eps_std_456_1e4b7a82,eps_std,eval,7,456,easy,5,5,0.1,0.95,0.0,default,100,3.0,8,1,1,0,0,,
eps_std_456_1e4b7a82,eps_std,eval,8,456,easy,5,5,0.1,0.95,0.0,default,100,3.0,8,1,1,0,0,,
eps_std_456_1e4b7a82,eps_std,eval,9,456,easy,5,5,0.1,0.95,0.0,default,100,3.0,8,1,1,0,0,,
eps_std_456_1e4b7a82,eps_std,eval,10,456,easy,5,5,0.1,0.95,0.0,default,100,3.0,8,1,1,0,0,,
eps_std_456_1e4b7a82,eps_std,eval,1,456,easy,5,5,0.1,0.95,0.0,default,100,3.0,8,1,1,0,0,,
eps_std_456_1e4b7a82,eps_std,eval,2,456,easy,5,5,0.1,0.95,0.0,default,100,3.0,8,1,1,0,0,,
eps_std_456_1e4b7a82,eps_std,eval,3,456,easy,5,5,0.1,0.95,0.0,default,100,3.0,8,1,1,0,0,,
eps_std_456_1e4b7a82,eps_std,eval,4,456,easy,5,5,0.1,0.95,0.0,default,100,3.0,8,1,1,0,0,,
eps_std_456_1e4b7a82,eps_std,eval,5,456,easy,5,5,0.1,0.95,0.0,default,100,3.0,8,1,1,0,0,,
eps_std_456_1e4b7a82,eps_std,eval,6,456,easy,5,5,0.1,0.95,0.0,default,100,3.0,8,1,1,0,0,,
eps_std_456_1e4b7a82,eps_std,eval,7,456,easy,5,5,0.1,0.95,0.0,default,100,3.0,8,1,1,0,0,,
eps_std_456_1e4b7a82,eps_std,eval,8,456,easy,5,5,0.1,0.95,0.0,default,100,3.0,8,1,1,0,0,,
eps_std_456_1e4b7a82,eps_std,eval,9,456,easy,5,5,0.1,0.95,0.0,default,100,3.0,8,1,1,0,0,,
eps_std_456_1e4b7a82,eps_std,eval,10,456,easy,5,5,0.1,0.95,0.0,default,100,3.0,8,1,1,0,0,,
eps_std_456_1e4b7a82,eps_std,eval,1,456,easy,5,5,0.1,0.95,0.0,default,100,3.0,8,1,1,0,0,,
eps_std_456_1e4b7a82,eps_std,eval,2,456,easy,5,5,0.1,0.95,0.0,default,100,3.0,8,1,1,0,0,,
eps_std_456_1e4b7a82,eps_std,eval,3,456,easy,5,5,0.1,0.95,0.0,default,100,3.0,8,1,1,0,0,,
eps_std_456_1e4b7a82,eps_std,eval,4,456,easy,5,5,0.1,0.95,0.0,default,100,3.0,8,1,1,0,0,,
eps_std_456_1e4b7a82,eps_std,eval,5,456,easy,5,5,0.1,0.95,0.0,default,100,3.0,8,1,1,0,0,,
eps_std_456_1e4b7a82,eps_std,eval,6,456,easy,5,5,0.1,0.95,0.0,default,100,3.0,8,1,1,0,0,,
eps_std_456_1e4b7a82,eps_std,eval,7,456,easy,5,5,0.1,0.95,0.0,default,100,3.0,8,1,1,0,0,,
eps_std_456_1e4b7a82,eps_std,eval,8,456,easy,5,5,0.1,0.95,0.0,default,100,3.0,8,1,1,0,0,,
eps_std_456_1e4b7a82,eps_std,eval,9,456,easy,5,5,0.1,0.95,0.0,default,100,3.0,8,1,1,0,0,,
eps_std_456_1e4b7a82,eps_std,eval,10,456,easy,5,5,0.1,0.95,0.0,default,100,3.0,8,1,1,0,0,,
eps_std_456_1e4b7a82,eps_std,eval,1,456,easy,5,5,0.1,0.95,0.0,default,100,3.0,8,1,1,0,0,,
eps_std_456_1e4b7a82,eps_std,eval,2,456,easy,5,5,0.1,0.95,0.0,default,100,3.0,8,1,1,0,0,,
eps_std_456_1e4b7a82,eps_std,eval,3,456,easy,5,5,0.1,0.95,0.0,default,100,3.0,8,1,1,0,0,,
eps_std_456_1e4b7a82,eps_std,eval,4,456,easy,5,5,0.1,0.95,0.0,default,100,3.0,8,1,1,0,0,,
eps_std_456_1e4b7a82,eps_std,eval,5,456,easy,5,5,0.1,0.95,0.0,default,100,3.0,8,1,1,0,0,,
eps_std_456_1e4b7a82,eps_std,eval,6,456,easy,5,5,0.1,0.95,0.0,default,100,3.0,8,1,1,0,0,,
eps_std_456_1e4b7a82,eps_std,eval,7,456,easy,5,5,0.1,0.95,0.0,default,100,3.0,8,1,1,0,0,,
eps_std_456_1e4b7a82,eps_std,eval,8,456,easy,5,5,0.1,0.95,0.0,default,100,3.0,8,1,1,0,0,,
eps_std_456_1e4b7a82,eps_std,eval,9,456,easy,5,5,0.1,0.95,0.0,default,100,3.0,8,1,1,0,0,,
eps_std_456_1e4b7a82,eps_std,eval,10,456,easy,5,5,0.1,0.95,0.0,default,100,3.0,8,1,1,0,0,,
eps_std_456_1e4b7a82,eps_std,eval,1,456,easy,5,5,0.1,0.95,0.0,default,100,3.0,8,1,1,0,0,,
eps_std_456_1e4b7a82,eps_std,eval,2,456,easy,5,5,0.1,0.95,0.0,default,100,3.0,8,1,1,0,0,,
eps_std_456_1e4b7a82,eps_std,eval,3,456,easy,5,5,0.1,0.95,0.0,default,100,3.0,8,1,1,0,0,,
eps_std_456_1e4b7a82,eps_std,eval,4,456,easy,5,5,0.1,0.95,0.0,default,100,3.0,8,1,1,0,0,,
eps_std_456_1e4b7a82,eps_std,eval,5,456,easy,5,5,0.1,0.95,0.0,default,100,3.0,8,1,1,0,0,,
eps_std_456_1e4b7a82,eps_std,eval,6,456,easy,5,5,0.1,0.95,0.0,default,100,3.0,8,1,1,0,0,,
eps_std_456_1e4b7a82,eps_std,eval,7,456,easy,5,5,0.1,0.95,0.0,default,100,3.0,8,1,1,0,0,,
eps_std_456_1e4b7a82,eps_std,eval,8,456,easy,5,5,0.1,0.95,0.0,default,100,3.0,8,1,1,0,0,,
eps_std_456_1e4b7a82,eps_std,eval,9,456,easy,5,5,0.1,0.95,0.0,default,100,3.0,8,1,1,0,0,,
eps_std_456_1e4b7a82,eps_std,eval,10,456,easy,5,5,0.1,0.95,0.0,default,100,3.0,8,1,1,0,0,,
eps_std_456_1e4b7a82,eps_std,eval,1,456,easy,5,5,0.1,0.95,0.0,default,100,3.0,8,1,1,0,0,,
eps_std_456_1e4b7a82,eps_std,eval,2,456,easy,5,5,0.1,0.95,0.0,default,100,3.0,8,1,1,0,0,,
eps_std_456_1e4b7a82,eps_std,eval,3,456,easy,5,5,0.1,0.95,0.0,default,100,3.0,8,1,1,0,0,,
eps_std_456_1e4b7a82,eps_std,eval,4,456,easy,5,5,0.1,0.95,0.0,default,100,3.0,8,1,1,0,0,,
eps_std_456_1e4b7a82,eps_std,eval,5,456,easy,5,5,0.1,0.95,0.0,default,100,3.0,8,1,1,0,0,,
eps_std_456_1e4b7a82,eps_std,eval,6,456,easy,5,5,0.1,0.95,0.0,default,100,3.0,8,1,1,0,0,,
eps_std_456_1e4b7a82,eps_std,eval,7,456,easy,5,5,0.1,0.95,0.0,default,100,3.0,8,1,1,0,0,,
eps_std_456_1e4b7a82,eps_std,eval,8,456,easy,5,5,0.1,0.95,0.0,default,100,3.0,8,1,1,0,0,,
eps_std_456_1e4b7a82,eps_std,eval,9,456,easy,5,5,0.1,0.95,0.0,default,100,3.0,8,1,1,0,0,,
eps_std_456_1e4b7a82,eps_std,eval,10,456,easy,5,5,0.1,0.95,0.0,default,100,3.0,8,1,1,0,0,,
eps_std_456_1e4b7a82,eps_std,eval,1,456,easy,5,5,0.1,0.95,0.0,default,100,3.0,8,1,1,0,0,,
eps_std_456_1e4b7a82,eps_std,eval,2,456,easy,5,5,0.1,0.95,0.0,default,100,3.0,8,1,1,0,0,,
eps_std_456_1e4b7a82,eps_std,eval,3,456,easy,5,5,0.1,0.95,0.0,default,100,3.0,8,1,1,0,0,,
eps_std_456_1e4b7a82,eps_std,eval,4,456,easy,5,5,0.1,0.95,0.0,default,100,3.0,8,1,1,0,0,,
eps_std_456_1e4b7a82,eps_std,eval,5,456,easy,5,5,0.1,0.95,0.0,default,100,3.0,8,1,1,0,0,,
eps_std_456_1e4b7a82,eps_std,eval,6,456,easy,5,5,0.1,0.95,0.0,default,100,3.0,8,1,1,0,0,,
eps_std_456_1e4b7a82,eps_std,eval,7,456,easy,5,5,0.1,0.95,0.0,default,100,3.0,8,1,1,0,0,,
eps_std_456_1e4b7a82,eps_std,eval,8,456,easy,5,5,0.1,0.95,0.0,default,100,3.0,8,1,1,0,0,,
eps_std_456_1e4b7a82,eps_std,eval,9,456,easy,5,5,0.1,0.95,0.0,default,100,3.0,8,1,1,0,0,,
eps_std_456_1e4b7a82,eps_std,eval,10,456,easy,5,5,0.1,0.95,0.0,default,100,3.0,8,1,1,0,0,,
eps_std_456_1e4b7a82,eps_std,eval,1,456,easy,5,5,0.1,0.95,0.0,default,100,3.0,8,1,1,0,0,,
eps_std_456_1e4b7a82,eps_std,eval,2,456,easy,5,5,0.1,0.95,0.0,default,100,3.0,8,1,1,0,0,,
eps_std_456_1e4b7a82,eps_std,eval,3,456,easy,5,5,0.1,0.95,0.0,default,100,3.0,8,1,1,0,0,,
eps_std_456_1e4b7a82,eps_std,eval,4,456,easy,5,5,0.1,0.95,0.0,default,100,3.0,8,1,1,0,0,,
eps_std_456_1e4b7a82,eps_std,eval,5,456,easy,5,5,0.1,0.95,0.0,default,100,3.0,8,1,1,0,0,,
eps_std_456_1e4b7a82,eps_std,eval,6,456,easy,5,5,0.1,0.95,0.0,default,100,3.0,8,1,1,0,0,,
eps_std_456_1e4b7a82,eps_std,eval,7,456,easy,5,5,0.1,0.95,0.0,default,100,3.0,8,1,1,0,0,,
eps_std_456_1e4b7a82,eps_std,eval,8,456,easy,5,5,0.1,0.95,0.0,default,100,3.0,8,1,1,0,0,,
eps_std_456_1e4b7a82,eps_std,eval,9,456,easy,5,5,0.1,0.95,0.0,default,100,3.0,8,1,1,0,0,,
eps_std_456_1e4b7a82,eps_std,eval,10,456,easy,5,5,0.1,0.95,0.0,default,100,3.0,8,1,1,0,0,,
eps_std_456_1e4b7a82,eps_std,eval,1,456,easy,5,5,0.1,0.95,0.0,default,100,3.0,8,1,1,0,0,,
eps_std_456_1e4b7a82,eps_std,eval,2,456,easy,5,5,0.1,0.95,0.0,default,100,3.0,8,1,1,0,0,,
eps_std_456_1e4b7a82,eps_std,eval,3,456,easy,5,5,0.1,0.95,0.0,default,100,3.0,8,1,1,0,0,,
eps_std_456_1e4b7a82,eps_std,eval,4,456,easy,5,5,0.1,0.95,0.0,default,100,3.0,8,1,1,0,0,,
eps_std_456_1e4b7a82,eps_std,eval,5,456,easy,5,5,0.1,0.95,0.0,default,100,3.0,8,1,1,0,0,,
eps_std_456_1e4b7a82,eps_std,eval,6,456,easy,5,5,0.1,0.95,0.0,default,100,3.0,8,1,1,0,0,,
eps_std_456_1e4b7a82,eps_std,eval,7,456,easy,5,5,0.1,0.95,0.0,default,100,3.0,8,1,1,0,0,,
eps_std_456_1e4b7a82,eps_std,eval,8,456,easy,5,5,0.1,0.95,0.0,default,100,3.0,8,1,1,0,0,,
eps_std_456_1e4b7a82,eps_std,eval,9,456,easy,5,5,0.1,0.95,0.0,default,100,3.0,8,1,1,0,0,,
eps_std_456_1e4b7a82,eps_std,eval,10,456,easy,5,5,0.1,0.95,0.0,default,100,3.0,8,1,1,0,0,,
eps_std_456_1e4b7a82,eps_std,eval,1,456,easy,5,5,0.1,0.95,0.0,default,100,3.0,8,1,1,0,0,,
eps_std_456_1e4b7a82,eps_std,eval,2,456,easy,5,5,0.1,0.95,0.0,default,100,3.0,8,1,1,0,0,,
eps_std_456_1e4b7a82,eps_std,eval,3,456,easy,5,5,0.1,0.95,0.0,default,100,3.0,8,1,1,0,0,,
eps_std_456_1e4b7a82,eps_std,eval,4,456,easy,5,5,0.1,0.95,0.0,default,100,3.0,8,1,1,0,0,,
eps_std_456_1e4b7a82,eps_std,eval,5,456,easy,5,5,0.1,0.95,0.0,default,100,3.0,8,1,1,0,0,,
eps_std_456_1e4b7a82,eps_std,eval,6,456,easy,5,5,0.1,0.95,0.0,default,100,3.0,8,1,1,0,0,,
eps_std_456_1e4b7a82,eps_std,eval,7,456,easy,5,5,0.1,0.95,0.0,default,100,3.0,8,1,1,0,0,,
eps_std_456_1e4b7a82,eps_std,eval,8,456,easy,5,5,0.1,0.95,0.0,default,100,3.0,8,1,1,0,0,,
eps_std_456_1e4b7a82,eps_std,eval,9,456,easy,5,5,0.1,0.95,0.0,default,100,3.0,8,1,1,0,0,,
eps_std_456_1e4b7a82,eps_std,eval,10,456,easy,5,5,0.1,0.95,0.0,default,100,3.0,8,1,1,0,0,,
eps_std_456_1e4b7a82,eps_std,eval,1,456,easy,5,5,0.1,0.95,0.0,default,100,3.0,8,1,1,0,0,,
eps_std_456_1e4b7a82,eps_std,eval,2,456,easy,5,5,0.1,0.95,0.0,default,100,3.0,8,1,1,0,0,,
eps_std_456_1e4b7a82,eps_std,eval,3,456,easy,5,5,0.1,0.95,0.0,default,100,3.0,8,1,1,0,0,,
eps_std_456_1e4b7a82,eps_std,eval,4,456,easy,5,5,0.1,0.95,0.0,default,100,3.0,8,1,1,0,0,,
eps_std_456_1e4b7a82,eps_std,eval,5,456,easy,5,5,0.1,0.95,0.0,default,100,3.0,8,1,1,0,0,,
eps_std_456_1e4b7a82,eps_std,eval,6,456,easy,5,5,0.1,0.95,0.0,default,100,3.0,8,1,1,0,0,,
eps_std_456_1e4b7a82,eps_std,eval,7,456,easy,5,5,0.1,0.95,0.0,default,100,3.0,8,1,1,0,0,,
eps_std_456_1e4b7a82,eps_std,eval,8,456,easy,5,5,0.1,0.95,0.0,default,100,3.0,8,1,1,0,0,,
eps_std_456_1e4b7a82,eps_std,eval,9,456,easy,5,5,0.1,0.95,0.0,default,100,3.0,8,1,1,0,0,,
eps_std_456_1e4b7a82,eps_std,eval,10,456,easy,5,5,0.1,0.95,0.0,default,100,3.0,8,1,1,0,0,,
eps_std_456_1e4b7a82,eps_std,eval,1,456,easy,5,5,0.1,0.95,0.0,default,100,3.0,8,1,1,0,0,,
eps_std_456_1e4b7a82,eps_std,eval,2,456,easy,5,5,0.1,0.95,0.0,default,100,3.0,8,1,1,0,0,,
eps_std_456_1e4b7a82,eps_std,eval,3,456,easy,5,5,0.1,0.95,0.0,default,100,3.0,8,1,1,0,0,,
eps_std_456_1e4b7a82,eps_std,eval,4,456,easy,5,5,0.1,0.95,0.0,default,100,3.0,8,1,1,0,0,,
eps_std_456_1e4b7a82,eps_std,eval,5,456,easy,5,5,0.1,0.95,0.0,default,100,3.0,8,1,1,0,0,,
eps_std_456_1e4b7a82,eps_std,eval,6,456,easy,5,5,0.1,0.95,0.0,default,100,3.0,8,1,1,0,0,,
eps_std_456_1e4b7a82,eps_std,eval,7,456,easy,5,5,0.1,0.95,0.0,default,100,3.0,8,1,1,0,0,,
eps_std_456_1e4b7a82,eps_std,eval,8,456,easy,5,5,0.1,0.95,0.0,default,100,3.0,8,1,1,0,0,,
eps_std_456_1e4b7a82,eps_std,eval,9,456,easy,5,5,0.1,0.95,0.0,default,100,3.0,8,1,1,0,0,,
eps_std_456_1e4b7a82,eps_std,eval,10,456,easy,5,5,0.1,0.95,0.0,default,100,3.0,8,1,1,0,0,,
eps_std_456_1e4b7a82,eps_std,eval,1,456,easy,5,5,0.1,0.95,0.0,default,100,3.0,8,1,1,0,0,,
eps_std_456_1e4b7a82,eps_std,eval,2,456,easy,5,5,0.1,0.95,0.0,default,100,3.0,8,1,1,0,0,,
eps_std_456_1e4b7a82,eps_std,eval,3,456,easy,5,5,0.1,0.95,0.0,default,100,3.0,8,1,1,0,0,,
eps_std_456_1e4b7a82,eps_std,eval,4,456,easy,5,5,0.1,0.95,0.0,default,100,3.0,8,1,1,0,0,,
eps_std_456_1e4b7a82,eps_std,eval,5,456,easy,5,5,0.1,0.95,0.0,default,100,3.0,8,1,1,0,0,,
eps_std_456_1e4b7a82,eps_std,eval,6,456,easy,5,5,0.1,0.95,0.0,default,100,3.0,8,1,1,0,0,,
eps_std_456_1e4b7a82,eps_std,eval,7,456,easy,5,5,0.1,0.95,0.0,default,100,3.0,8,1,1,0,0,,
eps_std_456_1e4b7a82,eps_std,eval,8,456,easy,5,5,0.1,0.95,0.0,default,100,3.0,8,1,1,0,0,,
eps_std_456_1e4b7a82,eps_std,eval,9,456,easy,5,5,0.1,0.95,0.0,default,100,3.0,8,1,1,0,0,,
eps_std_456_1e4b7a82,eps_std,eval,10,456,easy,5,5,0.1,0.95,0.0,default,100,3.0,8,1,1,0,0,,
eps_std_456_1e4b7a82,eps_std,eval,1,456,easy,5,5,0.1,0.95,0.0,default,100,3.0,8,1,1,0,0,,
eps_std_456_1e4b7a82,eps_std,eval,2,456,easy,5,5,0.1,0.95,0.0,default,100,3.0,8,1,1,0,0,,
eps_std_456_1e4b7a82,eps_std,eval,3,456,easy,5,5,0.1,0.95,0.0,default,100,3.0,8,1,1,0,0,,
eps_std_456_1e4b7a82,eps_std,eval,4,456,easy,5,5,0.1,0.95,0.0,default,100,3.0,8,1,1,0,0,,
eps_std_456_1e4b7a82,eps_std,eval,5,456,easy,5,5,0.1,0.95,0.0,default,100,3.0,8,1,1,0,0,,
eps_std_456_1e4b7a82,eps_std,eval,6,456,easy,5,5,0.1,0.95,0.0,default,100,3.0,8,1,1,0,0,,
eps_std_456_1e4b7a82,eps_std,eval,7,456,easy,5,5,0.1,0.95,0.0,default,100,3.0,8,1,1,0,0,,
eps_std_456_1e4b7a82,eps_std,eval,8,456,easy,5,5,0.1,0.95,0.0,default,100,3.0,8,1,1,0,0,,
eps_std_456_1e4b7a82,eps_std,eval,9,456,easy,5,5,0.1,0.95,0.0,default,100,3.0,8,1,1,0,0,,
eps_std_456_1e4b7a82,eps_std,eval,10,456,easy,5,5,0.1,0.95,0.0,default,100,3.0,8,1,1,0,0,,
