run_id,exp_name,phase,episode,seed,map_name,rows,cols,alpha,gamma,epsilon,reward_setting,max_steps,total_reward,steps,success,terminated,truncated,hit_trap,elapsed_sec,qtable_path
eps_std_789_2723476f,eps_std,train,1,789,easy,5,5,0.1,0.95,0.99,default,100,-17.0,8,0,1,0,1,0.0010752999951364473,
eps_std_789_2723476f,eps_std,train,2,789,easy,5,5,0.1,0.95,0.9801,default,100,-27.0,38,1,1,0,0,0.002833300008205697,
eps_std_789_2723476f,eps_std,train,3,789,easy,5,5,0.1,0.95,0.9702989999999999,default,100,-32.0,43,1,1,0,0,0.003125900009763427,
eps_std_789_2723476f,eps_std,train,4,789,easy,5,5,0.1,0.95,0.96059601,default,100,-41.0,32,0,1,0,1,0.00271499999507796,
eps_std_789_2723476f,eps_std,train,5,789,easy,5,5,0.1,0.95,0.9509900498999999,default,100,-68.0,59,0,1,0,1,0.004673600007663481,
eps_std_789_2723476f,eps_std,train,6,789,easy,5,5,0.1,0.95,0.9414801494009999,default,100,-86.0,77,0,1,0,1,0.006264499999815598,
eps_std_789_2723476f,eps_std,train,7,789,easy,5,5,0.1,0.95,0.9320653479069899,default,100,-38.0,29,0,1,0,1,0.0022810000082245097,
eps_std_789_2723476f,eps_std,train,8,789,easy,5,5,0.1,0.95,0.92274469442792,default,100,-15.0,26,1,1,0,0,0.0020152000070083886,
eps_std_789_2723476f,eps_std,train,9,789,easy,5,5,0.1,0.95,0.9135172474836407,default,100,-50.0,41,0,1,0,1,0.003109299999778159,
eps_std_789_2723476f,eps_std,train,10,789,easy,5,5,0.1,0.95,0.9043820750088043,default,100,-54.0,65,1,1,0,0,0.005070600003818981,
eps_std_789_2723476f,eps_std,train,11,789,easy,5,5,0.1,0.95,0.8953382542587163,default,100,-34.0,25,0,1,0,1,0.002093400005833246,
eps_std_789_2723476f,eps_std,train,12,789,easy,5,5,0.1,0.95,0.8863848717161291,default,100,-48.0,39,0,1,0,1,0.0030734000029042363,
eps_std_789_2723476f,eps_std,train,13,789,easy,5,5,0.1,0.95,0.8775210229989678,default,100,-100.0,100,0,0,1,0,0.007666999998036772,
eps_std_789_2723476f,eps_std,train,14,789,easy,5,5,0.1,0.95,0.8687458127689781,default,100,-14.0,25,1,1,0,0,0.0021994999988237396,
eps_std_789_2723476f,eps_std,train,15,789,easy,5,5,0.1,0.95,0.8600583546412883,default,100,-38.0,29,0,1,0,1,0.002528499986510724,
eps_std_789_2723476f,eps_std,train,16,789,easy,5,5,0.1,0.95,0.8514577710948754,default,100,-6.0,17,1,1,0,0,0.0014672999968752265,
eps_std_789_2723476f,eps_std,train,17,789,easy,5,5,0.1,0.95,0.8429431933839266,default,100,-28.0,39,1,1,0,0,0.0031402999884448946,
eps_std_789_2723476f,eps_std,train,18,789,easy,5,5,0.1,0.95,0.8345137614500874,default,100,-43.0,54,1,1,0,0,0.004696999996667728,
eps_std_789_2723476f,eps_std,train,19,789,easy,5,5,0.1,0.95,0.8261686238355865,default,100,-22.0,33,1,1,0,0,0.002693999995244667,
eps_std_789_2723476f,eps_std,train,20,789,easy,5,5,0.1,0.95,0.8179069375972307,default,100,-7.0,18,1,1,0,0,0.00149789999704808,
eps_std_789_2723476f,eps_std,train,21,789,easy,5,5,0.1,0.95,0.8097278682212583,default,100,-3.0,14,1,1,0,0,0.0018620000046212226,
eps_std_789_2723476f,eps_std,train,22,789,easy,5,5,0.1,0.95,0.8016305895390458,default,100,-16.0,7,0,1,0,1,0.000644200001261197,
eps_std_789_2723476f,eps_std,train,23,789,easy,5,5,0.1,0.95,0.7936142836436553,default,100,-22.0,13,0,1,0,1,0.0013571000017691404,
eps_std_789_2723476f,eps_std,train,24,789,easy,5,5,0.1,0.95,0.7856781408072188,default,100,-54.0,65,1,1,0,0,0.005912900000112131,
eps_std_789_2723476f,eps_std,train,25,789,easy,5,5,0.1,0.95,0.7778213593991465,default,100,-28.0,19,0,1,0,1,0.001594800007296726,
eps_std_789_2723476f,eps_std,train,26,789,easy,5,5,0.1,0.95,0.7700431458051551,default,100,-15.0,6,0,1,0,1,0.0006775999936508015,
eps_std_789_2723476f,eps_std,train,27,789,easy,5,5,0.1,0.95,0.7623427143471035,default,100,-31.0,22,0,1,0,1,0.0021798000088892877,
eps_std_789_2723476f,eps_std,train,28,789,easy,5,5,0.1,0.95,0.7547192872036325,default,100,-3.0,14,1,1,0,0,0.0016619999951217324,
eps_std_789_2723476f,eps_std,train,29,789,easy,5,5,0.1,0.95,0.7471720943315961,default,100,-19.0,30,1,1,0,0,0.0030300000071292743,
eps_std_789_2723476f,eps_std,train,30,789,easy,5,5,0.1,0.95,0.7397003733882802,default,100,-27.0,18,0,1,0,1,0.0016365000046789646,
eps_std_789_2723476f,eps_std,train,31,789,easy,5,5,0.1,0.95,0.7323033696543974,default,100,-25.0,16,0,1,0,1,0.0014594999956898391,
eps_std_789_2723476f,eps_std,train,32,789,easy,5,5,0.1,0.95,0.7249803359578534,default,100,-47.0,58,1,1,0,0,0.0047747000062372535,
eps_std_789_2723476f,eps_std,train,33,789,easy,5,5,0.1,0.95,0.7177305325982748,default,100,-45.0,36,0,1,0,1,0.0032070000015664846,
eps_std_789_2723476f,eps_std,train,34,789,easy,5,5,0.1,0.95,0.7105532272722921,default,100,-17.0,28,1,1,0,0,0.0025489999970886856,
eps_std_789_2723476f,eps_std,train,35,789,easy,5,5,0.1,0.95,0.7034476949995692,default,100,-8.0,19,1,1,0,0,0.0018246999970870093,
eps_std_789_2723476f,eps_std,train,36,789,easy,5,5,0.1,0.95,0.6964132180495735,default,100,-15.0,26,1,1,0,0,0.0024526000051992014,
eps_std_789_2723476f,eps_std,train,37,789,easy,5,5,0.1,0.95,0.6894490858690777,default,100,-30.0,21,0,1,0,1,0.0020268999942345545,
eps_std_789_2723476f,eps_std,train,38,789,easy,5,5,0.1,0.95,0.682554595010387,default,100,-41.0,32,0,1,0,1,0.002842599991708994,
eps_std_789_2723476f,eps_std,train,39,789,easy,5,5,0.1,0.95,0.6757290490602831,default,100,-17.0,28,1,1,0,0,0.002391200003330596,
eps_std_789_2723476f,eps_std,train,40,789,easy,5,5,0.1,0.95,0.6689717585696803,default,100,-21.0,12,0,1,0,1,0.001160100000561215,
eps_std_789_2723476f,eps_std,train,41,789,easy,5,5,0.1,0.95,0.6622820409839835,default,100,-45.0,36,0,1,0,1,0.005638300004648045,
eps_std_789_2723476f,eps_std,train,42,789,easy,5,5,0.1,0.95,0.6556592205741436,default,100,-49.0,40,0,1,0,1,0.004759899995406158,
eps_std_789_2723476f,eps_std,train,43,789,easy,5,5,0.1,0.95,0.6491026283684022,default,100,-6.0,17,1,1,0,0,0.0021654000011039898,
eps_std_789_2723476f,eps_std,train,44,789,easy,5,5,0.1,0.95,0.6426116020847181,default,100,-17.0,8,0,1,0,1,0.0010609000019030645,
eps_std_789_2723476f,eps_std,train,45,789,easy,5,5,0.1,0.95,0.6361854860638709,default,100,-26.0,17,0,1,0,1,0.0020745000074384734,
eps_std_789_2723476f,eps_std,train,46,789,easy,5,5,0.1,0.95,0.6298236312032323,default,100,-12.0,23,1,1,0,0,0.0023942000116221607,
eps_std_789_2723476f,eps_std,train,47,789,easy,5,5,0.1,0.95,0.6235253948912,default,100,-5.0,16,1,1,0,0,0.002252499994938262,
eps_std_789_2723476f,eps_std,train,48,789,easy,5,5,0.1,0.95,0.617290140942288,default,100,-45.0,36,0,1,0,1,0.0041062999953283,
eps_std_789_2723476f,eps_std,train,49,789,easy,5,5,0.1,0.95,0.6111172395328651,default,100,-29.0,20,0,1,0,1,0.0021723000099882483,
eps_std_789_2723476f,eps_std,train,50,789,easy,5,5,0.1,0.95,0.6050060671375365,default,100,-27.0,18,0,1,0,1,0.0027264999953331426,
eps_std_789_2723476f,eps_std,train,51,789,easy,5,5,0.1,0.95,0.5989560064661611,default,100,-23.0,34,1,1,0,0,0.0038911000010557473,
eps_std_789_2723476f,eps_std,train,52,789,easy,5,5,0.1,0.95,0.5929664464014994,default,100,-11.0,22,1,1,0,0,0.0024218000035034493,
eps_std_789_2723476f,eps_std,train,53,789,easy,5,5,0.1,0.95,0.5870367819374844,default,100,2.0,9,1,1,0,0,0.0010462000063853338,
eps_std_789_2723476f,eps_std,train,54,789,easy,5,5,0.1,0.95,0.5811664141181095,default,100,-16.0,27,1,1,0,0,0.0024434999941149727,
eps_std_789_2723476f,eps_std,train,55,789,easy,5,5,0.1,0.95,0.5753547499769285,default,100,-25.0,16,0,1,0,1,0.0015682000084780157,
eps_std_789_2723476f,eps_std,train,56,789,easy,5,5,0.1,0.95,0.5696012024771592,default,100,-3.0,14,1,1,0,0,0.0014269000093918294,
eps_std_789_2723476f,eps_std,train,57,789,easy,5,5,0.1,0.95,0.5639051904523876,default,100,-4.0,15,1,1,0,0,0.0015904000028967857,
eps_std_789_2723476f,eps_std,train,58,789,easy,5,5,0.1,0.95,0.5582661385478638,default,100,-24.0,15,0,1,0,1,0.0015366000006906688,
eps_std_789_2723476f,eps_std,train,59,789,easy,5,5,0.1,0.95,0.5526834771623851,default,100,-4.0,15,1,1,0,0,0.0015657000039936975,
eps_std_789_2723476f,eps_std,train,60,789,easy,5,5,0.1,0.95,0.5471566423907612,default,100,-15.0,26,1,1,0,0,0.0024741999950492755,
eps_std_789_2723476f,eps_std,train,61,789,easy,5,5,0.1,0.95,0.5416850759668536,default,100,-24.0,15,0,1,0,1,0.0016180000093299896,
eps_std_789_2723476f,eps_std,train,62,789,easy,5,5,0.1,0.95,0.536268225207185,default,100,-20.0,31,1,1,0,0,0.002824099996360019,
eps_std_789_2723476f,eps_std,train,63,789,easy,5,5,0.1,0.95,0.5309055429551132,default,100,-19.0,10,0,1,0,1,0.0010567999997874722,
eps_std_789_2723476f,eps_std,train,64,789,easy,5,5,0.1,0.95,0.525596487525562,default,100,-2.0,13,1,1,0,0,0.0014189999928930774,
eps_std_789_2723476f,eps_std,train,65,789,easy,5,5,0.1,0.95,0.5203405226503064,default,100,-6.0,17,1,1,0,0,0.0016641999973217025,
eps_std_789_2723476f,eps_std,train,66,789,easy,5,5,0.1,0.95,0.5151371174238033,default,100,-12.0,23,1,1,0,0,0.002114799994160421,
eps_std_789_2723476f,eps_std,train,67,789,easy,5,5,0.1,0.95,0.5099857462495653,default,100,-3.0,14,1,1,0,0,0.0014681000029668212,
eps_std_789_2723476f,eps_std,train,68,789,easy,5,5,0.1,0.95,0.5048858887870696,default,100,-30.0,21,0,1,0,1,0.0023581999994348735,
eps_std_789_2723476f,eps_std,train,69,789,easy,5,5,0.1,0.95,0.4998370298991989,default,100,-37.0,28,0,1,0,1,0.0027074000099673867,
eps_std_789_2723476f,eps_std,train,70,789,easy,5,5,0.1,0.95,0.49483865960020695,default,100,-3.0,14,1,1,0,0,0.0015306999994209036,
eps_std_789_2723476f,eps_std,train,71,789,easy,5,5,0.1,0.95,0.4898902730042049,default,100,1.0,10,1,1,0,0,0.0011481999972602352,
eps_std_789_2723476f,eps_std,train,72,789,easy,5,5,0.1,0.95,0.48499137027416284,default,100,-4.0,15,1,1,0,0,0.0015128999948501587,
eps_std_789_2723476f,eps_std,train,73,789,easy,5,5,0.1,0.95,0.4801414565714212,default,100,-6.0,17,1,1,0,0,0.0016828000079840422,
eps_std_789_2723476f,eps_std,train,74,789,easy,5,5,0.1,0.95,0.475340042005707,default,100,-14.0,25,1,1,0,0,0.002446300000883639,
eps_std_789_2723476f,eps_std,train,75,789,easy,5,5,0.1,0.95,0.47058664158564995,default,100,-6.0,17,1,1,0,0,0.0017360999918309972,
eps_std_789_2723476f,eps_std,train,76,789,easy,5,5,0.1,0.95,0.4658807751697934,default,100,3.0,8,1,1,0,0,0.0009658000053605065,
eps_std_789_2723476f,eps_std,train,77,789,easy,5,5,0.1,0.95,0.4612219674180955,default,100,-4.0,15,1,1,0,0,0.0015150999970501289,
eps_std_789_2723476f,eps_std,train,78,789,easy,5,5,0.1,0.95,0.45660974774391455,default,100,-24.0,15,0,1,0,1,0.0015071999951032922,
eps_std_789_2723476f,eps_std,train,79,789,easy,5,5,0.1,0.95,0.4520436502664754,default,100,-14.0,25,1,1,0,0,0.00244389999716077,
eps_std_789_2723476f,eps_std,train,80,789,easy,5,5,0.1,0.95,0.44752321376381066,default,100,3.0,8,1,1,0,0,0.0009876999974949285,
eps_std_789_2723476f,eps_std,train,81,789,easy,5,5,0.1,0.95,0.44304798162617254,default,100,-4.0,15,1,1,0,0,0.0017289999959757552,
eps_std_789_2723476f,eps_std,train,82,789,easy,5,5,0.1,0.95,0.4386175018099108,default,100,-6.0,17,1,1,0,0,0.0016761000006226823,
eps_std_789_2723476f,eps_std,train,83,789,easy,5,5,0.1,0.95,0.4342313267918117,default,100,-1.0,12,1,1,0,0,0.0013210999895818532,
eps_std_789_2723476f,eps_std,train,84,789,easy,5,5,0.1,0.95,0.4298890135238936,default,100,0.0,11,1,1,0,0,0.0011460999958217144,
eps_std_789_2723476f,eps_std,train,85,789,easy,5,5,0.1,0.95,0.42559012338865465,default,100,-31.0,22,0,1,0,1,0.0022706000017933547,
eps_std_789_2723476f,eps_std,train,86,789,easy,5,5,0.1,0.95,0.4213342221547681,default,100,0.0,11,1,1,0,0,0.0011974999943049625,
eps_std_789_2723476f,eps_std,train,87,789,easy,5,5,0.1,0.95,0.41712087993322045,default,100,1.0,10,1,1,0,0,0.0011804999958258122,
eps_std_789_2723476f,eps_std,train,88,789,easy,5,5,0.1,0.95,0.41294967113388825,default,100,-3.0,14,1,1,0,0,0.0014066000003367662,
eps_std_789_2723476f,eps_std,train,89,789,easy,5,5,0.1,0.95,0.40882017442254937,default,100,-6.0,17,1,1,0,0,0.0017423999961465597,
eps_std_789_2723476f,eps_std,train,90,789,easy,5,5,0.1,0.95,0.4047319726783239,default,100,-6.0,17,1,1,0,0,0.0016230999899562448,
eps_std_789_2723476f,eps_std,train,91,789,easy,5,5,0.1,0.95,0.40068465295154065,default,100,-4.0,15,1,1,0,0,0.0016341000009560958,
eps_std_789_2723476f,eps_std,train,92,789,easy,5,5,0.1,0.95,0.39667780642202527,default,100,-25.0,36,1,1,0,0,0.0032556000078329816,
eps_std_789_2723476f,eps_std,train,93,789,easy,5,5,0.1,0.95,0.392711028357805,default,100,3.0,8,1,1,0,0,0.0010892999998759478,
eps_std_789_2723476f,eps_std,train,94,789,easy,5,5,0.1,0.95,0.38878391807422696,default,100,-1.0,12,1,1,0,0,0.0013561000087065622,
eps_std_789_2723476f,eps_std,train,95,789,easy,5,5,0.1,0.95,0.3848960788934847,default,100,-4.0,15,1,1,0,0,0.0015393999929074198,
eps_std_789_2723476f,eps_std,train,96,789,easy,5,5,0.1,0.95,0.38104711810454983,default,100,-2.0,13,1,1,0,0,0.0014205000043148175,
eps_std_789_2723476f,eps_std,train,97,789,easy,5,5,0.1,0.95,0.37723664692350434,default,100,-12.0,23,1,1,0,0,0.0022434999991673976,
eps_std_789_2723476f,eps_std,train,98,789,easy,5,5,0.1,0.95,0.37346428045426927,default,100,-1.0,12,1,1,0,0,0.0013515000027837232,
eps_std_789_2723476f,eps_std,train,99,789,easy,5,5,0.1,0.95,0.36972963764972655,default,100,-3.0,14,1,1,0,0,0.0015410000050906092,
eps_std_789_2723476f,eps_std,train,100,789,easy,5,5,0.1,0.95,0.36603234127322926,default,100,-1.0,12,1,1,0,0,0.0013820000021951273,
eps_std_789_2723476f,eps_std,train,101,789,easy,5,5,0.1,0.95,0.36237201786049694,default,100,-6.0,17,1,1,0,0,0.0018727999995462596,
eps_std_789_2723476f,eps_std,train,102,789,easy,5,5,0.1,0.95,0.358748297681892,default,100,1.0,10,1,1,0,0,0.0011298000026727095,
eps_std_789_2723476f,eps_std,train,103,789,easy,5,5,0.1,0.95,0.35516081470507305,default,100,-1.0,12,1,1,0,0,0.001389600001857616,
eps_std_789_2723476f,eps_std,train,104,789,easy,5,5,0.1,0.95,0.3516092065580223,default,100,1.0,10,1,1,0,0,0.0010642999986885116,
eps_std_789_2723476f,eps_std,train,105,789,easy,5,5,0.1,0.95,0.34809311449244207,default,100,-18.0,9,0,1,0,1,0.0009085999918170273,
eps_std_789_2723476f,eps_std,train,106,789,easy,5,5,0.1,0.95,0.34461218334751764,default,100,-1.0,12,1,1,0,0,0.001339499998721294,
eps_std_789_2723476f,eps_std,train,107,789,easy,5,5,0.1,0.95,0.34116606151404244,default,100,2.0,9,1,1,0,0,0.001053699990734458,
eps_std_789_2723476f,eps_std,train,108,789,easy,5,5,0.1,0.95,0.337754400898902,default,100,-4.0,15,1,1,0,0,0.0016504000086570159,
eps_std_789_2723476f,eps_std,train,109,789,easy,5,5,0.1,0.95,0.334376856889913,default,100,1.0,10,1,1,0,0,0.001146900001913309,
eps_std_789_2723476f,eps_std,train,110,789,easy,5,5,0.1,0.95,0.33103308832101386,default,100,-2.0,13,1,1,0,0,0.0013771999947493896,
eps_std_789_2723476f,eps_std,train,111,789,easy,5,5,0.1,0.95,0.3277227574378037,default,100,-6.0,17,1,1,0,0,0.0018761000101221725,
eps_std_789_2723476f,eps_std,train,112,789,easy,5,5,0.1,0.95,0.3244455298634257,default,100,0.0,11,1,1,0,0,0.001312699998379685,
eps_std_789_2723476f,eps_std,train,113,789,easy,5,5,0.1,0.95,0.3212010745647914,default,100,-1.0,12,1,1,0,0,0.001402800000505522,
eps_std_789_2723476f,eps_std,train,114,789,easy,5,5,0.1,0.95,0.3179890638191435,default,100,-2.0,13,1,1,0,0,0.00151269999332726,
eps_std_789_2723476f,eps_std,train,115,789,easy,5,5,0.1,0.95,0.31480917318095203,default,100,2.0,9,1,1,0,0,0.0010728999914135784,
eps_std_789_2723476f,eps_std,train,116,789,easy,5,5,0.1,0.95,0.3116610814491425,default,100,-7.0,18,1,1,0,0,0.0019049000111408532,
eps_std_789_2723476f,eps_std,train,117,789,easy,5,5,0.1,0.95,0.30854447063465107,default,100,-3.0,14,1,1,0,0,0.0014995999954408035,
eps_std_789_2723476f,eps_std,train,118,789,easy,5,5,0.1,0.95,0.30545902592830454,default,100,-8.0,19,1,1,0,0,0.002064500004053116,
eps_std_789_2723476f,eps_std,train,119,789,easy,5,5,0.1,0.95,0.3024044356690215,default,100,0.0,11,1,1,0,0,0.0013325999898370355,
eps_std_789_2723476f,eps_std,train,120,789,easy,5,5,0.1,0.95,0.29938039131233124,default,100,1.0,10,1,1,0,0,0.0010558999929344282,
eps_std_789_2723476f,eps_std,train,121,789,easy,5,5,0.1,0.95,0.2963865873992079,default,100,-1.0,12,1,1,0,0,0.0014893999905325472,
eps_std_789_2723476f,eps_std,train,122,789,easy,5,5,0.1,0.95,0.29342272152521587,default,100,-1.0,12,1,1,0,0,0.00141789999906905,
eps_std_789_2723476f,eps_std,train,123,789,easy,5,5,0.1,0.95,0.2904884943099637,default,100,2.0,9,1,1,0,0,0.0010416000004624948,
eps_std_789_2723476f,eps_std,train,124,789,easy,5,5,0.1,0.95,0.28758360936686406,default,100,0.0,11,1,1,0,0,0.001412999990861863,
eps_std_789_2723476f,eps_std,train,125,789,easy,5,5,0.1,0.95,0.2847077732731954,default,100,-2.0,13,1,1,0,0,0.001448099996196106,
eps_std_789_2723476f,eps_std,train,126,789,easy,5,5,0.1,0.95,0.28186069554046345,default,100,2.0,9,1,1,0,0,0.0010905000090133399,
eps_std_789_2723476f,eps_std,train,127,789,easy,5,5,0.1,0.95,0.2790420885850588,default,100,0.0,11,1,1,0,0,0.0013179999950807542,
eps_std_789_2723476f,eps_std,train,128,789,easy,5,5,0.1,0.95,0.2762516676992082,default,100,-1.0,12,1,1,0,0,0.0014653999969596043,
eps_std_789_2723476f,eps_std,train,129,789,easy,5,5,0.1,0.95,0.27348915102221616,default,100,1.0,10,1,1,0,0,0.001153099990915507,
eps_std_789_2723476f,eps_std,train,130,789,easy,5,5,0.1,0.95,0.270754259511994,default,100,3.0,8,1,1,0,0,0.0009404000011272728,
eps_std_789_2723476f,eps_std,train,131,789,easy,5,5,0.1,0.95,0.26804671691687404,default,100,-5.0,16,1,1,0,0,0.0017953000060515478,
eps_std_789_2723476f,eps_std,train,132,789,easy,5,5,0.1,0.95,0.2653662497477053,default,100,3.0,8,1,1,0,0,0.0010599999950500205,
eps_std_789_2723476f,eps_std,train,133,789,easy,5,5,0.1,0.95,0.2627125872502282,default,100,3.0,8,1,1,0,0,0.001073399995220825,
eps_std_789_2723476f,eps_std,train,134,789,easy,5,5,0.1,0.95,0.2600854613777259,default,100,3.0,8,1,1,0,0,0.0010574000043561682,
eps_std_789_2723476f,eps_std,train,135,789,easy,5,5,0.1,0.95,0.2574846067639487,default,100,-1.0,12,1,1,0,0,0.0014205000043148175,
eps_std_789_2723476f,eps_std,train,136,789,easy,5,5,0.1,0.95,0.2549097606963092,default,100,2.0,9,1,1,0,0,0.0011989999911747873,
eps_std_789_2723476f,eps_std,train,137,789,easy,5,5,0.1,0.95,0.2523606630893461,default,100,3.0,8,1,1,0,0,0.0011387999984435737,
eps_std_789_2723476f,eps_std,train,138,789,easy,5,5,0.1,0.95,0.24983705645845267,default,100,-3.0,14,1,1,0,0,0.0016039000038290396,
eps_std_789_2723476f,eps_std,train,139,789,easy,5,5,0.1,0.95,0.24733868589386815,default,100,1.0,10,1,1,0,0,0.0012065000046277419,
eps_std_789_2723476f,eps_std,train,140,789,easy,5,5,0.1,0.95,0.24486529903492946,default,100,3.0,8,1,1,0,0,0.001076100001228042,
eps_std_789_2723476f,eps_std,train,141,789,easy,5,5,0.1,0.95,0.24241664604458016,default,100,-1.0,12,1,1,0,0,0.001412400000845082,
eps_std_789_2723476f,eps_std,train,142,789,easy,5,5,0.1,0.95,0.23999247958413436,default,100,-2.0,13,1,1,0,0,0.0014896000066073611,
eps_std_789_2723476f,eps_std,train,143,789,easy,5,5,0.1,0.95,0.23759255478829303,default,100,0.0,11,1,1,0,0,0.0012885000032838434,
eps_std_789_2723476f,eps_std,train,144,789,easy,5,5,0.1,0.95,0.2352166292404101,default,100,3.0,8,1,1,0,0,0.0010862000053748488,
eps_std_789_2723476f,eps_std,train,145,789,easy,5,5,0.1,0.95,0.232864462948006,default,100,-2.0,13,1,1,0,0,0.0015407000028062612,
eps_std_789_2723476f,eps_std,train,146,789,easy,5,5,0.1,0.95,0.23053581831852593,default,100,0.0,11,1,1,0,0,0.0013164999982109293,
eps_std_789_2723476f,eps_std,train,147,789,easy,5,5,0.1,0.95,0.22823046013534068,default,100,3.0,8,1,1,0,0,0.0010916999890469015,
eps_std_789_2723476f,eps_std,train,148,789,easy,5,5,0.1,0.95,0.22594815553398728,default,100,3.0,8,1,1,0,0,0.001066900003934279,
eps_std_789_2723476f,eps_std,train,149,789,easy,5,5,0.1,0.95,0.22368867397864742,default,100,0.0,11,1,1,0,0,0.0012836000096285716,
eps_std_789_2723476f,eps_std,train,150,789,easy,5,5,0.1,0.95,0.22145178723886094,default,100,2.0,9,1,1,0,0,0.0010933000012300909,
eps_std_789_2723476f,eps_std,train,151,789,easy,5,5,0.1,0.95,0.21923726936647234,default,100,1.0,10,1,1,0,0,0.0012152999988757074,
eps_std_789_2723476f,eps_std,train,152,789,easy,5,5,0.1,0.95,0.2170448966728076,default,100,1.0,10,1,1,0,0,0.0012183999933768064,
eps_std_789_2723476f,eps_std,train,153,789,easy,5,5,0.1,0.95,0.21487444770607952,default,100,2.0,9,1,1,0,0,0.0011202000023331493,
eps_std_789_2723476f,eps_std,train,154,789,easy,5,5,0.1,0.95,0.21272570322901874,default,100,-1.0,12,1,1,0,0,0.0013629000022774562,
eps_std_789_2723476f,eps_std,train,155,789,easy,5,5,0.1,0.95,0.21059844619672854,default,100,2.0,9,1,1,0,0,0.0010820000024978071,
eps_std_789_2723476f,eps_std,train,156,789,easy,5,5,0.1,0.95,0.20849246173476127,default,100,0.0,11,1,1,0,0,0.001337599998805672,
eps_std_789_2723476f,eps_std,train,157,789,easy,5,5,0.1,0.95,0.20640753711741366,default,100,2.0,9,1,1,0,0,0.0011148000048706308,
eps_std_789_2723476f,eps_std,train,158,789,easy,5,5,0.1,0.95,0.20434346174623952,default,100,2.0,9,1,1,0,0,0.0011350999993737787,
eps_std_789_2723476f,eps_std,train,159,789,easy,5,5,0.1,0.95,0.20230002712877712,default,100,-4.0,15,1,1,0,0,0.0016640999965602532,
eps_std_789_2723476f,eps_std,train,160,789,easy,5,5,0.1,0.95,0.20027702685748935,default,100,-3.0,14,1,1,0,0,0.001540000012028031,
eps_std_789_2723476f,eps_std,train,161,789,easy,5,5,0.1,0.95,0.19827425658891445,default,100,3.0,8,1,1,0,0,0.0010853999992832541,
eps_std_789_2723476f,eps_std,train,162,789,easy,5,5,0.1,0.95,0.1962915140230253,default,100,0.0,11,1,1,0,0,0.001294500005315058,
eps_std_789_2723476f,eps_std,train,163,789,easy,5,5,0.1,0.95,0.19432859888279505,default,100,2.0,9,1,1,0,0,0.0010409000096842647,
eps_std_789_2723476f,eps_std,train,164,789,easy,5,5,0.1,0.95,0.1923853128939671,default,100,1.0,10,1,1,0,0,0.0012634000013349578,
eps_std_789_2723476f,eps_std,train,165,789,easy,5,5,0.1,0.95,0.19046145976502743,default,100,0.0,11,1,1,0,0,0.0013401999894995242,
eps_std_789_2723476f,eps_std,train,166,789,easy,5,5,0.1,0.95,0.18855684516737714,default,100,2.0,9,1,1,0,0,0.0011299000034341589,
eps_std_789_2723476f,eps_std,train,167,789,easy,5,5,0.1,0.95,0.18667127671570335,default,100,1.0,10,1,1,0,0,0.0011844000109704211,
eps_std_789_2723476f,eps_std,train,168,789,easy,5,5,0.1,0.95,0.18480456394854633,default,100,3.0,8,1,1,0,0,0.0010607000003801659,
eps_std_789_2723476f,eps_std,train,169,789,easy,5,5,0.1,0.95,0.18295651830906087,default,100,-2.0,13,1,1,0,0,0.0015329000016208738,
eps_std_789_2723476f,eps_std,train,170,789,easy,5,5,0.1,0.95,0.18112695312597027,default,100,1.0,10,1,1,0,0,0.0013903999933972955,
eps_std_789_2723476f,eps_std,train,171,789,easy,5,5,0.1,0.95,0.17931568359471056,default,100,0.0,11,1,1,0,0,0.0013561999949160963,
eps_std_789_2723476f,eps_std,train,172,789,easy,5,5,0.1,0.95,0.17752252675876345,default,100,0.0,11,1,1,0,0,0.0012276000052224845,
eps_std_789_2723476f,eps_std,train,173,789,easy,5,5,0.1,0.95,0.17574730149117582,default,100,-3.0,14,1,1,0,0,0.0015951000095810741,
eps_std_789_2723476f,eps_std,train,174,789,easy,5,5,0.1,0.95,0.17398982847626407,default,100,3.0,8,1,1,0,0,0.0010553000029176474,
eps_std_789_2723476f,eps_std,train,175,789,easy,5,5,0.1,0.95,0.17224993019150142,default,100,-3.0,14,1,1,0,0,0.0015300999948522076,
eps_std_789_2723476f,eps_std,train,176,789,easy,5,5,0.1,0.95,0.1705274308895864,default,100,2.0,9,1,1,0,0,0.0011442999966675416,
eps_std_789_2723476f,eps_std,train,177,789,easy,5,5,0.1,0.95,0.16882215658069055,default,100,1.0,10,1,1,0,0,0.0012021000002278015,
eps_std_789_2723476f,eps_std,train,178,789,easy,5,5,0.1,0.95,0.16713393501488363,default,100,-2.0,13,1,1,0,0,0.0014641000016126782,
eps_std_789_2723476f,eps_std,train,179,789,easy,5,5,0.1,0.95,0.16546259566473479,default,100,1.0,10,1,1,0,0,0.0012098000006517395,
eps_std_789_2723476f,eps_std,train,180,789,easy,5,5,0.1,0.95,0.16380796970808745,default,100,-18.0,9,0,1,0,1,0.00110599999607075,
eps_std_789_2723476f,eps_std,train,181,789,easy,5,5,0.1,0.95,0.16216989001100657,default,100,3.0,8,1,1,0,0,0.0011088000028394163,
eps_std_789_2723476f,eps_std,train,182,789,easy,5,5,0.1,0.95,0.1605481911108965,default,100,3.0,8,1,1,0,0,0.0010495000024093315,
eps_std_789_2723476f,eps_std,train,183,789,easy,5,5,0.1,0.95,0.15894270919978754,default,100,-1.0,12,1,1,0,0,0.001407700008712709,
eps_std_789_2723476f,eps_std,train,184,789,easy,5,5,0.1,0.95,0.15735328210778965,default,100,3.0,8,1,1,0,0,0.0010197000083280727,
eps_std_789_2723476f,eps_std,train,185,789,easy,5,5,0.1,0.95,0.15577974928671176,default,100,3.0,8,1,1,0,0,0.0010643999994499609,
eps_std_789_2723476f,eps_std,train,186,789,easy,5,5,0.1,0.95,0.15422195179384465,default,100,-2.0,13,1,1,0,0,0.0015272999880835414,
eps_std_789_2723476f,eps_std,train,187,789,easy,5,5,0.1,0.95,0.1526797322759062,default,100,-1.0,12,1,1,0,0,0.0013261999993119389,
eps_std_789_2723476f,eps_std,train,188,789,easy,5,5,0.1,0.95,0.15115293495314713,default,100,3.0,8,1,1,0,0,0.0010667000024113804,
eps_std_789_2723476f,eps_std,train,189,789,easy,5,5,0.1,0.95,0.14964140560361566,default,100,1.0,10,1,1,0,0,0.0012174000003142282,
eps_std_789_2723476f,eps_std,train,190,789,easy,5,5,0.1,0.95,0.1481449915475795,default,100,3.0,8,1,1,0,0,0.0010158999939449131,
eps_std_789_2723476f,eps_std,train,191,789,easy,5,5,0.1,0.95,0.1466635416321037,default,100,3.0,8,1,1,0,0,0.001023500008159317,
eps_std_789_2723476f,eps_std,train,192,789,easy,5,5,0.1,0.95,0.14519690621578268,default,100,0.0,11,1,1,0,0,0.0013087999977869913,
eps_std_789_2723476f,eps_std,train,193,789,easy,5,5,0.1,0.95,0.14374493715362485,default,100,3.0,8,1,1,0,0,0.00102599999809172,
eps_std_789_2723476f,eps_std,train,194,789,easy,5,5,0.1,0.95,0.1423074877820886,default,100,2.0,9,1,1,0,0,0.0011254999990342185,
eps_std_789_2723476f,eps_std,train,195,789,easy,5,5,0.1,0.95,0.1408844129042677,default,100,2.0,9,1,1,0,0,0.0010902000067289919,
eps_std_789_2723476f,eps_std,train,196,789,easy,5,5,0.1,0.95,0.13947556877522502,default,100,2.0,9,1,1,0,0,0.0011296000011498109,
eps_std_789_2723476f,eps_std,train,197,789,easy,5,5,0.1,0.95,0.13808081308747278,default,100,2.0,9,1,1,0,0,0.0011464999988675117,
eps_std_789_2723476f,eps_std,train,198,789,easy,5,5,0.1,0.95,0.13670000495659804,default,100,3.0,8,1,1,0,0,0.0010583999974187464,
eps_std_789_2723476f,eps_std,train,199,789,easy,5,5,0.1,0.95,0.13533300490703207,default,100,2.0,9,1,1,0,0,0.0010278999980073422,
eps_std_789_2723476f,eps_std,train,200,789,easy,5,5,0.1,0.95,0.13397967485796175,default,100,-1.0,12,1,1,0,0,0.0014542999997502193,results\epsilon\standard\seed_789\qtable_ep200.npz
eps_std_789_2723476f,eps_std,train,201,789,easy,5,5,0.1,0.95,0.13263987810938213,default,100,3.0,8,1,1,0,0,0.0010980000079143792,
eps_std_789_2723476f,eps_std,train,202,789,easy,5,5,0.1,0.95,0.1313134793282883,default,100,2.0,9,1,1,0,0,0.0011574999953154474,
eps_std_789_2723476f,eps_std,train,203,789,easy,5,5,0.1,0.95,0.13000034453500542,default,100,3.0,8,1,1,0,0,0.0010891999991144985,
eps_std_789_2723476f,eps_std,train,204,789,easy,5,5,0.1,0.95,0.12870034108965536,default,100,-3.0,14,1,1,0,0,0.0016636000073049217,
eps_std_789_2723476f,eps_std,train,205,789,easy,5,5,0.1,0.95,0.12741333767875881,default,100,3.0,8,1,1,0,0,0.0010353999969083816,
eps_std_789_2723476f,eps_std,train,206,789,easy,5,5,0.1,0.95,0.12613920430197123,default,100,3.0,8,1,1,0,0,0.0010859000030905008,
eps_std_789_2723476f,eps_std,train,207,789,easy,5,5,0.1,0.95,0.12487781225895152,default,100,0.0,11,1,1,0,0,0.0013593000039691105,
eps_std_789_2723476f,eps_std,train,208,789,easy,5,5,0.1,0.95,0.123629034136362,default,100,3.0,8,1,1,0,0,0.0009862000006251037,
eps_std_789_2723476f,eps_std,train,209,789,easy,5,5,0.1,0.95,0.12239274379499838,default,100,2.0,9,1,1,0,0,0.0011460999958217144,
eps_std_789_2723476f,eps_std,train,210,789,easy,5,5,0.1,0.95,0.1211688163570484,default,100,2.0,9,1,1,0,0,0.0011149000056320801,
eps_std_789_2723476f,eps_std,train,211,789,easy,5,5,0.1,0.95,0.11995712819347792,default,100,2.0,9,1,1,0,0,0.0011484000133350492,
eps_std_789_2723476f,eps_std,train,212,789,easy,5,5,0.1,0.95,0.11875755691154315,default,100,3.0,8,1,1,0,0,0.0010588000004645437,
eps_std_789_2723476f,eps_std,train,213,789,easy,5,5,0.1,0.95,0.11756998134242772,default,100,3.0,8,1,1,0,0,0.0010799000010592863,
eps_std_789_2723476f,eps_std,train,214,789,easy,5,5,0.1,0.95,0.11639428152900344,default,100,2.0,9,1,1,0,0,0.0011319000041112304,
eps_std_789_2723476f,eps_std,train,215,789,easy,5,5,0.1,0.95,0.11523033871371341,default,100,1.0,10,1,1,0,0,0.0012567999947350472,
eps_std_789_2723476f,eps_std,train,216,789,easy,5,5,0.1,0.95,0.11407803532657627,default,100,3.0,8,1,1,0,0,0.0010747000051196665,
eps_std_789_2723476f,eps_std,train,217,789,easy,5,5,0.1,0.95,0.11293725497331052,default,100,1.0,10,1,1,0,0,0.001269699991098605,
eps_std_789_2723476f,eps_std,train,218,789,easy,5,5,0.1,0.95,0.1118078824235774,default,100,2.0,9,1,1,0,0,0.001103500006138347,
eps_std_789_2723476f,eps_std,train,219,789,easy,5,5,0.1,0.95,0.11068980359934164,default,100,-1.0,12,1,1,0,0,0.0017450000013923272,
eps_std_789_2723476f,eps_std,train,220,789,easy,5,5,0.1,0.95,0.10958290556334822,default,100,2.0,9,1,1,0,0,0.0012036000116495416,
eps_std_789_2723476f,eps_std,train,221,789,easy,5,5,0.1,0.95,0.10848707650771475,default,100,3.0,8,1,1,0,0,0.0011347999970894307,
eps_std_789_2723476f,eps_std,train,222,789,easy,5,5,0.1,0.95,0.1074022057426376,default,100,3.0,8,1,1,0,0,0.0010298999986844137,
eps_std_789_2723476f,eps_std,train,223,789,easy,5,5,0.1,0.95,0.10632818368521123,default,100,1.0,10,1,1,0,0,0.0012740000092890114,
eps_std_789_2723476f,eps_std,train,224,789,easy,5,5,0.1,0.95,0.10526490184835911,default,100,3.0,8,1,1,0,0,0.0010627000010572374,
eps_std_789_2723476f,eps_std,train,225,789,easy,5,5,0.1,0.95,0.10421225282987552,default,100,1.0,10,1,1,0,0,0.0012869000056525692,
eps_std_789_2723476f,eps_std,train,226,789,easy,5,5,0.1,0.95,0.10317013030157676,default,100,0.0,11,1,1,0,0,0.0013371999957598746,
eps_std_789_2723476f,eps_std,train,227,789,easy,5,5,0.1,0.95,0.10213842899856099,default,100,2.0,9,1,1,0,0,0.0011624000035226345,
eps_std_789_2723476f,eps_std,train,228,789,easy,5,5,0.1,0.95,0.10111704470857538,default,100,2.0,9,1,1,0,0,0.001160499989055097,
eps_std_789_2723476f,eps_std,train,229,789,easy,5,5,0.1,0.95,0.10010587426148963,default,100,0.0,11,1,1,0,0,0.0012808999890694395,
eps_std_789_2723476f,eps_std,train,230,789,easy,5,5,0.1,0.95,0.09910481551887473,default,100,1.0,10,1,1,0,0,0.0012674000026891008,
eps_std_789_2723476f,eps_std,train,231,789,easy,5,5,0.1,0.95,0.09811376736368599,default,100,3.0,8,1,1,0,0,0.0010879000037675723,
eps_std_789_2723476f,eps_std,train,232,789,easy,5,5,0.1,0.95,0.09713262969004913,default,100,3.0,8,1,1,0,0,0.0010497000039322302,
eps_std_789_2723476f,eps_std,train,233,789,easy,5,5,0.1,0.95,0.09616130339314863,default,100,3.0,8,1,1,0,0,0.0010864999931072816,
eps_std_789_2723476f,eps_std,train,234,789,easy,5,5,0.1,0.95,0.09519969035921715,default,100,3.0,8,1,1,0,0,0.0010581999958958477,
eps_std_789_2723476f,eps_std,train,235,789,easy,5,5,0.1,0.95,0.09424769345562498,default,100,3.0,8,1,1,0,0,0.0010763000027509406,
eps_std_789_2723476f,eps_std,train,236,789,easy,5,5,0.1,0.95,0.09330521652106873,default,100,2.0,9,1,1,0,0,0.0010832999978447333,
eps_std_789_2723476f,eps_std,train,237,789,easy,5,5,0.1,0.95,0.09237216435585804,default,100,3.0,8,1,1,0,0,0.0011230999953113496,
eps_std_789_2723476f,eps_std,train,238,789,easy,5,5,0.1,0.95,0.09144844271229946,default,100,2.0,9,1,1,0,0,0.0011763999937102199,
eps_std_789_2723476f,eps_std,train,239,789,easy,5,5,0.1,0.95,0.09053395828517646,default,100,1.0,10,1,1,0,0,0.0012872999941464514,
eps_std_789_2723476f,eps_std,train,240,789,easy,5,5,0.1,0.95,0.08962861870232469,default,100,3.0,8,1,1,0,0,0.0011741000053007156,
eps_std_789_2723476f,eps_std,train,241,789,easy,5,5,0.1,0.95,0.08873233251530144,default,100,1.0,10,1,1,0,0,0.0013092000008327886,
eps_std_789_2723476f,eps_std,train,242,789,easy,5,5,0.1,0.95,0.08784500919014843,default,100,0.0,11,1,1,0,0,0.0013485999952536076,
eps_std_789_2723476f,eps_std,train,243,789,easy,5,5,0.1,0.95,0.08696655909824694,default,100,3.0,8,1,1,0,0,0.0010814999986905605,
eps_std_789_2723476f,eps_std,train,244,789,easy,5,5,0.1,0.95,0.08609689350726446,default,100,3.0,8,1,1,0,0,0.0010468000109540299,
eps_std_789_2723476f,eps_std,train,245,789,easy,5,5,0.1,0.95,0.08523592457219181,default,100,1.0,10,1,1,0,0,0.0012236999900778756,
eps_std_789_2723476f,eps_std,train,246,789,easy,5,5,0.1,0.95,0.0843835653264699,default,100,1.0,10,1,1,0,0,0.0012052000092808157,
eps_std_789_2723476f,eps_std,train,247,789,easy,5,5,0.1,0.95,0.0835397296732052,default,100,2.0,9,1,1,0,0,0.0011654999980237335,
eps_std_789_2723476f,eps_std,train,248,789,easy,5,5,0.1,0.95,0.08270433237647315,default,100,1.0,10,1,1,0,0,0.0011799000058090314,
eps_std_789_2723476f,eps_std,train,249,789,easy,5,5,0.1,0.95,0.08187728905270841,default,100,3.0,8,1,1,0,0,0.0010568999859970063,
eps_std_789_2723476f,eps_std,train,250,789,easy,5,5,0.1,0.95,0.08105851616218133,default,100,2.0,9,1,1,0,0,0.001109699995140545,
eps_std_789_2723476f,eps_std,train,251,789,easy,5,5,0.1,0.95,0.08024793100055952,default,100,3.0,8,1,1,0,0,0.0010620999964885414,
eps_std_789_2723476f,eps_std,train,252,789,easy,5,5,0.1,0.95,0.07944545169055392,default,100,3.0,8,1,1,0,0,0.0010741000005509704,
eps_std_789_2723476f,eps_std,train,253,789,easy,5,5,0.1,0.95,0.07865099717364837,default,100,3.0,8,1,1,0,0,0.0010629999887896702,
eps_std_789_2723476f,eps_std,train,254,789,easy,5,5,0.1,0.95,0.07786448720191189,default,100,2.0,9,1,1,0,0,0.0011444999981904402,
eps_std_789_2723476f,eps_std,train,255,789,easy,5,5,0.1,0.95,0.07708584232989277,default,100,3.0,8,1,1,0,0,0.001061300004948862,
eps_std_789_2723476f,eps_std,train,256,789,easy,5,5,0.1,0.95,0.07631498390659384,default,100,3.0,8,1,1,0,0,0.0010784000041894615,
eps_std_789_2723476f,eps_std,train,257,789,easy,5,5,0.1,0.95,0.07555183406752791,default,100,2.0,9,1,1,0,0,0.0012204999948153272,
eps_std_789_2723476f,eps_std,train,258,789,easy,5,5,0.1,0.95,0.07479631572685264,default,100,2.0,9,1,1,0,0,0.001141399989137426,
eps_std_789_2723476f,eps_std,train,259,789,easy,5,5,0.1,0.95,0.07404835256958411,default,100,0.0,11,1,1,0,0,0.0013397000002441928,
eps_std_789_2723476f,eps_std,train,260,789,easy,5,5,0.1,0.95,0.07330786904388827,default,100,3.0,8,1,1,0,0,0.001065000004018657,
eps_std_789_2723476f,eps_std,train,261,789,easy,5,5,0.1,0.95,0.07257479035344938,default,100,1.0,10,1,1,0,0,0.001363100003800355,
eps_std_789_2723476f,eps_std,train,262,789,easy,5,5,0.1,0.95,0.07184904244991488,default,100,3.0,8,1,1,0,0,0.0010967999987769872,
eps_std_789_2723476f,eps_std,train,263,789,easy,5,5,0.1,0.95,0.07113055202541574,default,100,3.0,8,1,1,0,0,0.001060100010363385,
eps_std_789_2723476f,eps_std,train,264,789,easy,5,5,0.1,0.95,0.07041924650516158,default,100,3.0,8,1,1,0,0,0.001044499993440695,
eps_std_789_2723476f,eps_std,train,265,789,easy,5,5,0.1,0.95,0.06971505404010997,default,100,2.0,9,1,1,0,0,0.0012085000053048134,
eps_std_789_2723476f,eps_std,train,266,789,easy,5,5,0.1,0.95,0.06901790349970886,default,100,1.0,10,1,1,0,0,0.0012394000077620149,
eps_std_789_2723476f,eps_std,train,267,789,easy,5,5,0.1,0.95,0.06832772446471178,default,100,2.0,9,1,1,0,0,0.0011689000093610957,
eps_std_789_2723476f,eps_std,train,268,789,easy,5,5,0.1,0.95,0.06764444722006466,default,100,3.0,8,1,1,0,0,0.00108229999023024,
eps_std_789_2723476f,eps_std,train,269,789,easy,5,5,0.1,0.95,0.066968002747864,default,100,3.0,8,1,1,0,0,0.0010894000006373972,
eps_std_789_2723476f,eps_std,train,270,789,easy,5,5,0.1,0.95,0.06629832272038537,default,100,2.0,9,1,1,0,0,0.0011406999983591959,
eps_std_789_2723476f,eps_std,train,271,789,easy,5,5,0.1,0.95,0.06563533949318151,default,100,0.0,11,1,1,0,0,0.0013344999897526577,
eps_std_789_2723476f,eps_std,train,272,789,easy,5,5,0.1,0.95,0.06497898609824969,default,100,3.0,8,1,1,0,0,0.001055500004440546,
eps_std_789_2723476f,eps_std,train,273,789,easy,5,5,0.1,0.95,0.0643291962372672,default,100,3.0,8,1,1,0,0,0.001079800000297837,
eps_std_789_2723476f,eps_std,train,274,789,easy,5,5,0.1,0.95,0.06368590427489453,default,100,1.0,10,1,1,0,0,0.0011874000047100708,
eps_std_789_2723476f,eps_std,train,275,789,easy,5,5,0.1,0.95,0.06304904523214558,default,100,3.0,8,1,1,0,0,0.00108229999023024,
eps_std_789_2723476f,eps_std,train,276,789,easy,5,5,0.1,0.95,0.06241855477982412,default,100,3.0,8,1,1,0,0,0.0010633000056259334,
eps_std_789_2723476f,eps_std,train,277,789,easy,5,5,0.1,0.95,0.06179436923202588,default,100,1.0,10,1,1,0,0,0.0012864000018453225,
eps_std_789_2723476f,eps_std,train,278,789,easy,5,5,0.1,0.95,0.06117642553970562,default,100,3.0,8,1,1,0,0,0.0010784000041894615,
eps_std_789_2723476f,eps_std,train,279,789,easy,5,5,0.1,0.95,0.06056466128430856,default,100,3.0,8,1,1,0,0,0.0010636999941198155,
eps_std_789_2723476f,eps_std,train,280,789,easy,5,5,0.1,0.95,0.05995901467146548,default,100,2.0,9,1,1,0,0,0.0011498000094434246,
eps_std_789_2723476f,eps_std,train,281,789,easy,5,5,0.1,0.95,0.05935942452475082,default,100,3.0,8,1,1,0,0,0.001094599996577017,
eps_std_789_2723476f,eps_std,train,282,789,easy,5,5,0.1,0.95,0.058765830279503314,default,100,3.0,8,1,1,0,0,0.0012932999961776659,
eps_std_789_2723476f,eps_std,train,283,789,easy,5,5,0.1,0.95,0.05817817197670828,default,100,1.0,10,1,1,0,0,0.0013497000036295503,
eps_std_789_2723476f,eps_std,train,284,789,easy,5,5,0.1,0.95,0.057596390256941195,default,100,3.0,8,1,1,0,0,0.0010765000042738393,
eps_std_789_2723476f,eps_std,train,285,789,easy,5,5,0.1,0.95,0.05702042635437178,default,100,2.0,9,1,1,0,0,0.001155499994638376,
eps_std_789_2723476f,eps_std,train,286,789,easy,5,5,0.1,0.95,0.05645022209082806,default,100,3.0,8,1,1,0,0,0.0010529999999562278,
eps_std_789_2723476f,eps_std,train,287,789,easy,5,5,0.1,0.95,0.05588571986991978,default,100,3.0,8,1,1,0,0,0.0010886999953072518,
eps_std_789_2723476f,eps_std,train,288,789,easy,5,5,0.1,0.95,0.055326862671220584,default,100,3.0,8,1,1,0,0,0.0010557999921729788,
eps_std_789_2723476f,eps_std,train,289,789,easy,5,5,0.1,0.95,0.05477359404450838,default,100,1.0,10,1,1,0,0,0.0012512000103015453,
eps_std_789_2723476f,eps_std,train,290,789,easy,5,5,0.1,0.95,0.054225858104063294,default,100,3.0,8,1,1,0,0,0.0010783999896375462,
eps_std_789_2723476f,eps_std,train,291,789,easy,5,5,0.1,0.95,0.05368359952302266,default,100,3.0,8,1,1,0,0,0.0010748000058811158,
eps_std_789_2723476f,eps_std,train,292,789,easy,5,5,0.1,0.95,0.053146763527792434,default,100,1.0,10,1,1,0,0,0.001251800000318326,
eps_std_789_2723476f,eps_std,train,293,789,easy,5,5,0.1,0.95,0.052615295892514506,default,100,3.0,8,1,1,0,0,0.001047800004016608,
eps_std_789_2723476f,eps_std,train,294,789,easy,5,5,0.1,0.95,0.052089142933589364,default,100,3.0,8,1,1,0,0,0.0010643999994499609,
eps_std_789_2723476f,eps_std,train,295,789,easy,5,5,0.1,0.95,0.05156825150425347,default,100,3.0,8,1,1,0,0,0.001049999991664663,
eps_std_789_2723476f,eps_std,train,296,789,easy,5,5,0.1,0.95,0.051052568989210935,default,100,3.0,8,1,1,0,0,0.0010686999885365367,
eps_std_789_2723476f,eps_std,train,297,789,easy,5,5,0.1,0.95,0.05054204329931883,default,100,2.0,9,1,1,0,0,0.0011415000044507906,
eps_std_789_2723476f,eps_std,train,298,789,easy,5,5,0.1,0.95,0.05003662286632564,default,100,-1.0,12,1,1,0,0,0.0014131999923847616,
eps_std_789_2723476f,eps_std,train,299,789,easy,5,5,0.1,0.95,0.05,default,100,1.0,10,1,1,0,0,0.0012590999976964667,
eps_std_789_2723476f,eps_std,train,300,789,easy,5,5,0.1,0.95,0.05,default,100,3.0,8,1,1,0,0,0.001055200002156198,
eps_std_789_2723476f,eps_std,train,301,789,easy,5,5,0.1,0.95,0.05,default,100,3.0,8,1,1,0,0,0.0012359999964246526,
eps_std_789_2723476f,eps_std,train,302,789,easy,5,5,0.1,0.95,0.05,default,100,3.0,8,1,1,0,0,0.0010999000078300014,
eps_std_789_2723476f,eps_std,train,303,789,easy,5,5,0.1,0.95,0.05,default,100,3.0,8,1,1,0,0,0.0010849999962374568,
eps_std_789_2723476f,eps_std,train,304,789,easy,5,5,0.1,0.95,0.05,default,100,1.0,10,1,1,0,0,0.0012721999955829233,
eps_std_789_2723476f,eps_std,train,305,789,easy,5,5,0.1,0.95,0.05,default,100,3.0,8,1,1,0,0,0.0010612000041874126,
eps_std_789_2723476f,eps_std,train,306,789,easy,5,5,0.1,0.95,0.05,default,100,3.0,8,1,1,0,0,0.0010735999967437238,
eps_std_789_2723476f,eps_std,train,307,789,easy,5,5,0.1,0.95,0.05,default,100,1.0,10,1,1,0,0,0.001261900004465133,
eps_std_789_2723476f,eps_std,train,308,789,easy,5,5,0.1,0.95,0.05,default,100,1.0,10,1,1,0,0,0.0012869000056525692,
eps_std_789_2723476f,eps_std,train,309,789,easy,5,5,0.1,0.95,0.05,default,100,3.0,8,1,1,0,0,0.0010719999991124496,
eps_std_789_2723476f,eps_std,train,310,789,easy,5,5,0.1,0.95,0.05,default,100,3.0,8,1,1,0,0,0.001065300006303005,
eps_std_789_2723476f,eps_std,train,311,789,easy,5,5,0.1,0.95,0.05,default,100,3.0,8,1,1,0,0,0.0010726000036811456,
eps_std_789_2723476f,eps_std,train,312,789,easy,5,5,0.1,0.95,0.05,default,100,1.0,10,1,1,0,0,0.0012499000004027039,
eps_std_789_2723476f,eps_std,train,313,789,easy,5,5,0.1,0.95,0.05,default,100,3.0,8,1,1,0,0,0.0010802999895531684,
eps_std_789_2723476f,eps_std,train,314,789,easy,5,5,0.1,0.95,0.05,default,100,3.0,8,1,1,0,0,0.0010597000073175877,
eps_std_789_2723476f,eps_std,train,315,789,easy,5,5,0.1,0.95,0.05,default,100,3.0,8,1,1,0,0,0.0010288000048603863,
eps_std_789_2723476f,eps_std,train,316,789,easy,5,5,0.1,0.95,0.05,default,100,3.0,8,1,1,0,0,0.001062900002580136,
eps_std_789_2723476f,eps_std,train,317,789,easy,5,5,0.1,0.95,0.05,default,100,2.0,9,1,1,0,0,0.0011571999930310994,
eps_std_789_2723476f,eps_std,train,318,789,easy,5,5,0.1,0.95,0.05,default,100,3.0,8,1,1,0,0,0.00105489999987185,
eps_std_789_2723476f,eps_std,train,319,789,easy,5,5,0.1,0.95,0.05,default,100,1.0,10,1,1,0,0,0.0012606000091182068,
eps_std_789_2723476f,eps_std,train,320,789,easy,5,5,0.1,0.95,0.05,default,100,3.0,8,1,1,0,0,0.0010964999964926392,
eps_std_789_2723476f,eps_std,train,321,789,easy,5,5,0.1,0.95,0.05,default,100,3.0,8,1,1,0,0,0.001101300003938377,
eps_std_789_2723476f,eps_std,train,322,789,easy,5,5,0.1,0.95,0.05,default,100,1.0,10,1,1,0,0,0.0012838000111514702,
eps_std_789_2723476f,eps_std,train,323,789,easy,5,5,0.1,0.95,0.05,default,100,2.0,9,1,1,0,0,0.0011347000108798966,
eps_std_789_2723476f,eps_std,train,324,789,easy,5,5,0.1,0.95,0.05,default,100,3.0,8,1,1,0,0,0.001078299988876097,
eps_std_789_2723476f,eps_std,train,325,789,easy,5,5,0.1,0.95,0.05,default,100,3.0,8,1,1,0,0,0.0010620000102790073,
eps_std_789_2723476f,eps_std,train,326,789,easy,5,5,0.1,0.95,0.05,default,100,3.0,8,1,1,0,0,0.001106299998355098,
eps_std_789_2723476f,eps_std,train,327,789,easy,5,5,0.1,0.95,0.05,default,100,3.0,8,1,1,0,0,0.0010881999915000051,
eps_std_789_2723476f,eps_std,train,328,789,easy,5,5,0.1,0.95,0.05,default,100,3.0,8,1,1,0,0,0.0010718999983510002,
eps_std_789_2723476f,eps_std,train,329,789,easy,5,5,0.1,0.95,0.05,default,100,3.0,8,1,1,0,0,0.0010756999981822446,
eps_std_789_2723476f,eps_std,train,330,789,easy,5,5,0.1,0.95,0.05,default,100,2.0,9,1,1,0,0,0.0011301999911665916,
eps_std_789_2723476f,eps_std,train,331,789,easy,5,5,0.1,0.95,0.05,default,100,3.0,8,1,1,0,0,0.0010746000043582171,
eps_std_789_2723476f,eps_std,train,332,789,easy,5,5,0.1,0.95,0.05,default,100,2.0,9,1,1,0,0,0.0011289999965811148,
eps_std_789_2723476f,eps_std,train,333,789,easy,5,5,0.1,0.95,0.05,default,100,3.0,8,1,1,0,0,0.001037099995301105,
eps_std_789_2723476f,eps_std,train,334,789,easy,5,5,0.1,0.95,0.05,default,100,1.0,10,1,1,0,0,0.0012607999960891902,
eps_std_789_2723476f,eps_std,train,335,789,easy,5,5,0.1,0.95,0.05,default,100,3.0,8,1,1,0,0,0.0010748000058811158,
eps_std_789_2723476f,eps_std,train,336,789,easy,5,5,0.1,0.95,0.05,default,100,3.0,8,1,1,0,0,0.001059200003510341,
eps_std_789_2723476f,eps_std,train,337,789,easy,5,5,0.1,0.95,0.05,default,100,3.0,8,1,1,0,0,0.0010832999978447333,
eps_std_789_2723476f,eps_std,train,338,789,easy,5,5,0.1,0.95,0.05,default,100,3.0,8,1,1,0,0,0.0010722000006353483,
eps_std_789_2723476f,eps_std,train,339,789,easy,5,5,0.1,0.95,0.05,default,100,3.0,8,1,1,0,0,0.00107640000351239,
eps_std_789_2723476f,eps_std,train,340,789,easy,5,5,0.1,0.95,0.05,default,100,3.0,8,1,1,0,0,0.0010830999963218346,
eps_std_789_2723476f,eps_std,train,341,789,easy,5,5,0.1,0.95,0.05,default,100,3.0,8,1,1,0,0,0.0010936000035144389,
eps_std_789_2723476f,eps_std,train,342,789,easy,5,5,0.1,0.95,0.05,default,100,2.0,9,1,1,0,0,0.0011576999968383461,
eps_std_789_2723476f,eps_std,train,343,789,easy,5,5,0.1,0.95,0.05,default,100,-1.0,12,1,1,0,0,0.0014421000087168068,
eps_std_789_2723476f,eps_std,train,344,789,easy,5,5,0.1,0.95,0.05,default,100,2.0,9,1,1,0,0,0.001181699990411289,
eps_std_789_2723476f,eps_std,train,345,789,easy,5,5,0.1,0.95,0.05,default,100,3.0,8,1,1,0,0,0.0010852999985218048,
eps_std_789_2723476f,eps_std,train,346,789,easy,5,5,0.1,0.95,0.05,default,100,3.0,8,1,1,0,0,0.0010668000031728297,
eps_std_789_2723476f,eps_std,train,347,789,easy,5,5,0.1,0.95,0.05,default,100,3.0,8,1,1,0,0,0.0010900999914156273,
eps_std_789_2723476f,eps_std,train,348,789,easy,5,5,0.1,0.95,0.05,default,100,3.0,8,1,1,0,0,0.0010748000058811158,
eps_std_789_2723476f,eps_std,train,349,789,easy,5,5,0.1,0.95,0.05,default,100,0.0,11,1,1,0,0,0.0013605999993160367,
eps_std_789_2723476f,eps_std,train,350,789,easy,5,5,0.1,0.95,0.05,default,100,2.0,9,1,1,0,0,0.001149300005636178,
eps_std_789_2723476f,eps_std,train,351,789,easy,5,5,0.1,0.95,0.05,default,100,3.0,8,1,1,0,0,0.0010771999950520694,
eps_std_789_2723476f,eps_std,train,352,789,easy,5,5,0.1,0.95,0.05,default,100,3.0,8,1,1,0,0,0.0010710000060498714,
eps_std_789_2723476f,eps_std,train,353,789,easy,5,5,0.1,0.95,0.05,default,100,3.0,8,1,1,0,0,0.0010638999956427142,
eps_std_789_2723476f,eps_std,train,354,789,easy,5,5,0.1,0.95,0.05,default,100,3.0,8,1,1,0,0,0.001072799990652129,
eps_std_789_2723476f,eps_std,train,355,789,easy,5,5,0.1,0.95,0.05,default,100,3.0,8,1,1,0,0,0.0010599000088404864,
eps_std_789_2723476f,eps_std,train,356,789,easy,5,5,0.1,0.95,0.05,default,100,3.0,8,1,1,0,0,0.0010784000041894615,
eps_std_789_2723476f,eps_std,train,357,789,easy,5,5,0.1,0.95,0.05,default,100,3.0,8,1,1,0,0,0.001095500003430061,
eps_std_789_2723476f,eps_std,train,358,789,easy,5,5,0.1,0.95,0.05,default,100,3.0,8,1,1,0,0,0.0010753999958978966,
eps_std_789_2723476f,eps_std,train,359,789,easy,5,5,0.1,0.95,0.05,default,100,3.0,8,1,1,0,0,0.0010172000038437545,
eps_std_789_2723476f,eps_std,train,360,789,easy,5,5,0.1,0.95,0.05,default,100,3.0,8,1,1,0,0,0.0010810999956447631,
eps_std_789_2723476f,eps_std,train,361,789,easy,5,5,0.1,0.95,0.05,default,100,3.0,8,1,1,0,0,0.0010959000064758584,
eps_std_789_2723476f,eps_std,train,362,789,easy,5,5,0.1,0.95,0.05,default,100,3.0,8,1,1,0,0,0.0011149000056320801,
eps_std_789_2723476f,eps_std,train,363,789,easy,5,5,0.1,0.95,0.05,default,100,1.0,10,1,1,0,0,0.0012779999960912392,
eps_std_789_2723476f,eps_std,train,364,789,easy,5,5,0.1,0.95,0.05,default,100,3.0,8,1,1,0,0,0.0010223999997833744,
eps_std_789_2723476f,eps_std,train,365,789,easy,5,5,0.1,0.95,0.05,default,100,3.0,8,1,1,0,0,0.0010850999969989061,
eps_std_789_2723476f,eps_std,train,366,789,easy,5,5,0.1,0.95,0.05,default,100,3.0,8,1,1,0,0,0.0010640999971656129,
eps_std_789_2723476f,eps_std,train,367,789,easy,5,5,0.1,0.95,0.05,default,100,2.0,9,1,1,0,0,0.0011211999953957275,
eps_std_789_2723476f,eps_std,train,368,789,easy,5,5,0.1,0.95,0.05,default,100,3.0,8,1,1,0,0,0.0010712000075727701,
eps_std_789_2723476f,eps_std,train,369,789,easy,5,5,0.1,0.95,0.05,default,100,2.0,9,1,1,0,0,0.0011021999962395057,
eps_std_789_2723476f,eps_std,train,370,789,easy,5,5,0.1,0.95,0.05,default,100,2.0,9,1,1,0,0,0.001152700002421625,
eps_std_789_2723476f,eps_std,train,371,789,easy,5,5,0.1,0.95,0.05,default,100,2.0,9,1,1,0,0,0.0011534999939613044,
eps_std_789_2723476f,eps_std,train,372,789,easy,5,5,0.1,0.95,0.05,default,100,3.0,8,1,1,0,0,0.0010735000105341896,
eps_std_789_2723476f,eps_std,train,373,789,easy,5,5,0.1,0.95,0.05,default,100,3.0,8,1,1,0,0,0.001072799990652129,
eps_std_789_2723476f,eps_std,train,374,789,easy,5,5,0.1,0.95,0.05,default,100,3.0,8,1,1,0,0,0.0010374999983469024,
eps_std_789_2723476f,eps_std,train,375,789,easy,5,5,0.1,0.95,0.05,default,100,3.0,8,1,1,0,0,0.001090899997507222,
eps_std_789_2723476f,eps_std,train,376,789,easy,5,5,0.1,0.95,0.05,default,100,1.0,10,1,1,0,0,0.0012673000019276515,
eps_std_789_2723476f,eps_std,train,377,789,easy,5,5,0.1,0.95,0.05,default,100,3.0,8,1,1,0,0,0.0010655999940354377,
eps_std_789_2723476f,eps_std,train,378,789,easy,5,5,0.1,0.95,0.05,default,100,3.0,8,1,1,0,0,0.0010708000045269728,
eps_std_789_2723476f,eps_std,train,379,789,easy,5,5,0.1,0.95,0.05,default,100,2.0,9,1,1,0,0,0.0011292999988654628,
eps_std_789_2723476f,eps_std,train,380,789,easy,5,5,0.1,0.95,0.05,default,100,3.0,8,1,1,0,0,0.0010771999950520694,
eps_std_789_2723476f,eps_std,train,381,789,easy,5,5,0.1,0.95,0.05,default,100,3.0,8,1,1,0,0,0.0010899000044446439,
eps_std_789_2723476f,eps_std,train,382,789,easy,5,5,0.1,0.95,0.05,default,100,3.0,8,1,1,0,0,0.0010855000000447035,
eps_std_789_2723476f,eps_std,train,383,789,easy,5,5,0.1,0.95,0.05,default,100,2.0,9,1,1,0,0,0.0011538999970071018,
eps_std_789_2723476f,eps_std,train,384,789,easy,5,5,0.1,0.95,0.05,default,100,1.0,10,1,1,0,0,0.0012586000084411353,
eps_std_789_2723476f,eps_std,train,385,789,easy,5,5,0.1,0.95,0.05,default,100,1.0,10,1,1,0,0,0.0012630999990506098,
eps_std_789_2723476f,eps_std,train,386,789,easy,5,5,0.1,0.95,0.05,default,100,3.0,8,1,1,0,0,0.001057399989804253,
eps_std_789_2723476f,eps_std,train,387,789,easy,5,5,0.1,0.95,0.05,default,100,3.0,8,1,1,0,0,0.0010976000048685819,
eps_std_789_2723476f,eps_std,train,388,789,easy,5,5,0.1,0.95,0.05,default,100,3.0,8,1,1,0,0,0.001072099999873899,
eps_std_789_2723476f,eps_std,train,389,789,easy,5,5,0.1,0.95,0.05,default,100,3.0,8,1,1,0,0,0.0010780000011436641,
eps_std_789_2723476f,eps_std,train,390,789,easy,5,5,0.1,0.95,0.05,default,100,1.0,10,1,1,0,0,0.0012277000059839338,
eps_std_789_2723476f,eps_std,train,391,789,easy,5,5,0.1,0.95,0.05,default,100,3.0,8,1,1,0,0,0.0010614000057103112,
eps_std_789_2723476f,eps_std,train,392,789,easy,5,5,0.1,0.95,0.05,default,100,3.0,8,1,1,0,0,0.0010741000005509704,
eps_std_789_2723476f,eps_std,train,393,789,easy,5,5,0.1,0.95,0.05,default,100,0.0,11,1,1,0,0,0.001340999995591119,
eps_std_789_2723476f,eps_std,train,394,789,easy,5,5,0.1,0.95,0.05,default,100,3.0,8,1,1,0,0,0.001086899996153079,
eps_std_789_2723476f,eps_std,train,395,789,easy,5,5,0.1,0.95,0.05,default,100,3.0,8,1,1,0,0,0.001062900002580136,
eps_std_789_2723476f,eps_std,train,396,789,easy,5,5,0.1,0.95,0.05,default,100,3.0,8,1,1,0,0,0.001076100001228042,
eps_std_789_2723476f,eps_std,train,397,789,easy,5,5,0.1,0.95,0.05,default,100,3.0,8,1,1,0,0,0.0010712000075727701,
eps_std_789_2723476f,eps_std,train,398,789,easy,5,5,0.1,0.95,0.05,default,100,3.0,8,1,1,0,0,0.0010786999919218943,
eps_std_789_2723476f,eps_std,train,399,789,easy,5,5,0.1,0.95,0.05,default,100,3.0,8,1,1,0,0,0.0010722999868448824,
eps_std_789_2723476f,eps_std,train,400,789,easy,5,5,0.1,0.95,0.05,default,100,3.0,8,1,1,0,0,0.0010583999974187464,results\epsilon\standard\seed_789\qtable_ep400.npz
eps_std_789_2723476f,eps_std,train,401,789,easy,5,5,0.1,0.95,0.05,default,100,3.0,8,1,1,0,0,0.0011243000044487417,
eps_std_789_2723476f,eps_std,train,402,789,easy,5,5,0.1,0.95,0.05,default,100,2.0,9,1,1,0,0,0.0011475000064820051,
eps_std_789_2723476f,eps_std,train,403,789,easy,5,5,0.1,0.95,0.05,default,100,0.0,11,1,1,0,0,0.0015607000095769763,
eps_std_789_2723476f,eps_std,train,404,789,easy,5,5,0.1,0.95,0.05,default,100,3.0,8,1,1,0,0,0.001113000005716458,
eps_std_789_2723476f,eps_std,train,405,789,easy,5,5,0.1,0.95,0.05,default,100,3.0,8,1,1,0,0,0.0010747000051196665,
eps_std_789_2723476f,eps_std,train,406,789,easy,5,5,0.1,0.95,0.05,default,100,3.0,8,1,1,0,0,0.0010908000112976879,
eps_std_789_2723476f,eps_std,train,407,789,easy,5,5,0.1,0.95,0.05,default,100,3.0,8,1,1,0,0,0.001018500013742596,
eps_std_789_2723476f,eps_std,train,408,789,easy,5,5,0.1,0.95,0.05,default,100,3.0,8,1,1,0,0,0.0010570000013103709,
eps_std_789_2723476f,eps_std,train,409,789,easy,5,5,0.1,0.95,0.05,default,100,3.0,8,1,1,0,0,0.0010443000064697117,
eps_std_789_2723476f,eps_std,train,410,789,easy,5,5,0.1,0.95,0.05,default,100,2.0,9,1,1,0,0,0.0011296000011498109,
eps_std_789_2723476f,eps_std,train,411,789,easy,5,5,0.1,0.95,0.05,default,100,3.0,8,1,1,0,0,0.0009979999886127189,
eps_std_789_2723476f,eps_std,train,412,789,easy,5,5,0.1,0.95,0.05,default,100,3.0,8,1,1,0,0,0.0010526999976718798,
eps_std_789_2723476f,eps_std,train,413,789,easy,5,5,0.1,0.95,0.05,default,100,3.0,8,1,1,0,0,0.0010473000002093613,
eps_std_789_2723476f,eps_std,train,414,789,easy,5,5,0.1,0.95,0.05,default,100,2.0,9,1,1,0,0,0.0011281999904895201,
eps_std_789_2723476f,eps_std,train,415,789,easy,5,5,0.1,0.95,0.05,default,100,3.0,8,1,1,0,0,0.0010378000006312504,
eps_std_789_2723476f,eps_std,train,416,789,easy,5,5,0.1,0.95,0.05,default,100,1.0,10,1,1,0,0,0.0012373999925330281,
eps_std_789_2723476f,eps_std,train,417,789,easy,5,5,0.1,0.95,0.05,default,100,3.0,8,1,1,0,0,0.0010565999982645735,
eps_std_789_2723476f,eps_std,train,418,789,easy,5,5,0.1,0.95,0.05,default,100,3.0,8,1,1,0,0,0.0010334999969927594,
eps_std_789_2723476f,eps_std,train,419,789,easy,5,5,0.1,0.95,0.05,default,100,2.0,9,1,1,0,0,0.0011241999891353771,
eps_std_789_2723476f,eps_std,train,420,789,easy,5,5,0.1,0.95,0.05,default,100,2.0,9,1,1,0,0,0.0011220000014873222,
eps_std_789_2723476f,eps_std,train,421,789,easy,5,5,0.1,0.95,0.05,default,100,3.0,8,1,1,0,0,0.0011223000037716702,
eps_std_789_2723476f,eps_std,train,422,789,easy,5,5,0.1,0.95,0.05,default,100,3.0,8,1,1,0,0,0.0010668999893823639,
eps_std_789_2723476f,eps_std,train,423,789,easy,5,5,0.1,0.95,0.05,default,100,3.0,8,1,1,0,0,0.0010849999962374568,
eps_std_789_2723476f,eps_std,train,424,789,easy,5,5,0.1,0.95,0.05,default,100,3.0,8,1,1,0,0,0.0010852999985218048,
eps_std_789_2723476f,eps_std,train,425,789,easy,5,5,0.1,0.95,0.05,default,100,0.0,11,1,1,0,0,0.0012812000059057027,
eps_std_789_2723476f,eps_std,train,426,789,easy,5,5,0.1,0.95,0.05,default,100,2.0,9,1,1,0,0,0.0011283999920124188,
eps_std_789_2723476f,eps_std,train,427,789,easy,5,5,0.1,0.95,0.05,default,100,3.0,8,1,1,0,0,0.0010546999983489513,
eps_std_789_2723476f,eps_std,train,428,789,easy,5,5,0.1,0.95,0.05,default,100,3.0,8,1,1,0,0,0.0010997000063071027,
eps_std_789_2723476f,eps_std,train,429,789,easy,5,5,0.1,0.95,0.05,default,100,3.0,8,1,1,0,0,0.001043800002662465,
eps_std_789_2723476f,eps_std,train,430,789,easy,5,5,0.1,0.95,0.05,default,100,3.0,8,1,1,0,0,0.0010643999994499609,
eps_std_789_2723476f,eps_std,train,431,789,easy,5,5,0.1,0.95,0.05,default,100,3.0,8,1,1,0,0,0.0010413999989395961,
eps_std_789_2723476f,eps_std,train,432,789,easy,5,5,0.1,0.95,0.05,default,100,2.0,9,1,1,0,0,0.0010803000041050836,
eps_std_789_2723476f,eps_std,train,433,789,easy,5,5,0.1,0.95,0.05,default,100,3.0,8,1,1,0,0,0.0010146999993594363,
eps_std_789_2723476f,eps_std,train,434,789,easy,5,5,0.1,0.95,0.05,default,100,2.0,9,1,1,0,0,0.0011249999952269718,
eps_std_789_2723476f,eps_std,train,435,789,easy,5,5,0.1,0.95,0.05,default,100,0.0,11,1,1,0,0,0.0012913000100525096,
eps_std_789_2723476f,eps_std,train,436,789,easy,5,5,0.1,0.95,0.05,default,100,3.0,8,1,1,0,0,0.001057699992088601,
eps_std_789_2723476f,eps_std,train,437,789,easy,5,5,0.1,0.95,0.05,default,100,3.0,8,1,1,0,0,0.0010597000073175877,
eps_std_789_2723476f,eps_std,train,438,789,easy,5,5,0.1,0.95,0.05,default,100,3.0,8,1,1,0,0,0.0010747000051196665,
eps_std_789_2723476f,eps_std,train,439,789,easy,5,5,0.1,0.95,0.05,default,100,1.0,10,1,1,0,0,0.0012455999967642128,
eps_std_789_2723476f,eps_std,train,440,789,easy,5,5,0.1,0.95,0.05,default,100,3.0,8,1,1,0,0,0.001041099996655248,
eps_std_789_2723476f,eps_std,train,441,789,easy,5,5,0.1,0.95,0.05,default,100,1.0,10,1,1,0,0,0.0012822999997297302,
eps_std_789_2723476f,eps_std,train,442,789,easy,5,5,0.1,0.95,0.05,default,100,2.0,9,1,1,0,0,0.0011949000036111102,
eps_std_789_2723476f,eps_std,train,443,789,easy,5,5,0.1,0.95,0.05,default,100,3.0,8,1,1,0,0,0.0010751000081654638,
eps_std_789_2723476f,eps_std,train,444,789,easy,5,5,0.1,0.95,0.05,default,100,3.0,8,1,1,0,0,0.0010289999918313697,
eps_std_789_2723476f,eps_std,train,445,789,easy,5,5,0.1,0.95,0.05,default,100,3.0,8,1,1,0,0,0.0010722000006353483,
eps_std_789_2723476f,eps_std,train,446,789,easy,5,5,0.1,0.95,0.05,default,100,3.0,8,1,1,0,0,0.0010482000070624053,
eps_std_789_2723476f,eps_std,train,447,789,easy,5,5,0.1,0.95,0.05,default,100,2.0,9,1,1,0,0,0.0011565000022528693,
eps_std_789_2723476f,eps_std,train,448,789,easy,5,5,0.1,0.95,0.05,default,100,3.0,8,1,1,0,0,0.001074599989806302,
eps_std_789_2723476f,eps_std,train,449,789,easy,5,5,0.1,0.95,0.05,default,100,3.0,8,1,1,0,0,0.0010520000068936497,
eps_std_789_2723476f,eps_std,train,450,789,easy,5,5,0.1,0.95,0.05,default,100,3.0,8,1,1,0,0,0.0010628000018186867,
eps_std_789_2723476f,eps_std,train,451,789,easy,5,5,0.1,0.95,0.05,default,100,3.0,8,1,1,0,0,0.0010458000033395365,
eps_std_789_2723476f,eps_std,train,452,789,easy,5,5,0.1,0.95,0.05,default,100,3.0,8,1,1,0,0,0.0010584999981801957,
eps_std_789_2723476f,eps_std,train,453,789,easy,5,5,0.1,0.95,0.05,default,100,1.0,10,1,1,0,0,0.001233600007253699,
eps_std_789_2723476f,eps_std,train,454,789,easy,5,5,0.1,0.95,0.05,default,100,3.0,8,1,1,0,0,0.0010615999926812947,
eps_std_789_2723476f,eps_std,train,455,789,easy,5,5,0.1,0.95,0.05,default,100,3.0,8,1,1,0,0,0.0009988000092562288,
eps_std_789_2723476f,eps_std,train,456,789,easy,5,5,0.1,0.95,0.05,default,100,3.0,8,1,1,0,0,0.0010825000063050538,
eps_std_789_2723476f,eps_std,train,457,789,easy,5,5,0.1,0.95,0.05,default,100,2.0,9,1,1,0,0,0.0011272999981883913,
eps_std_789_2723476f,eps_std,train,458,789,easy,5,5,0.1,0.95,0.05,default,100,3.0,8,1,1,0,0,0.0010655999940354377,
eps_std_789_2723476f,eps_std,train,459,789,easy,5,5,0.1,0.95,0.05,default,100,3.0,8,1,1,0,0,0.0010560999944573268,
eps_std_789_2723476f,eps_std,train,460,789,easy,5,5,0.1,0.95,0.05,default,100,3.0,8,1,1,0,0,0.001051800005370751,
eps_std_789_2723476f,eps_std,train,461,789,easy,5,5,0.1,0.95,0.05,default,100,3.0,8,1,1,0,0,0.0011077000090153888,
eps_std_789_2723476f,eps_std,train,462,789,easy,5,5,0.1,0.95,0.05,default,100,3.0,8,1,1,0,0,0.0010277999972458929,
eps_std_789_2723476f,eps_std,train,463,789,easy,5,5,0.1,0.95,0.05,default,100,3.0,8,1,1,0,0,0.001073300009011291,
eps_std_789_2723476f,eps_std,train,464,789,easy,5,5,0.1,0.95,0.05,default,100,0.0,11,1,1,0,0,0.0013007999950787053,
eps_std_789_2723476f,eps_std,train,465,789,easy,5,5,0.1,0.95,0.05,default,100,2.0,9,1,1,0,0,0.001131199998781085,
eps_std_789_2723476f,eps_std,train,466,789,easy,5,5,0.1,0.95,0.05,default,100,3.0,8,1,1,0,0,0.0010443000064697117,
eps_std_789_2723476f,eps_std,train,467,789,easy,5,5,0.1,0.95,0.05,default,100,3.0,8,1,1,0,0,0.001068400000804104,
eps_std_789_2723476f,eps_std,train,468,789,easy,5,5,0.1,0.95,0.05,default,100,3.0,8,1,1,0,0,0.0010450999980093911,
eps_std_789_2723476f,eps_std,train,469,789,easy,5,5,0.1,0.95,0.05,default,100,1.0,10,1,1,0,0,0.0012429999915184453,
eps_std_789_2723476f,eps_std,train,470,789,easy,5,5,0.1,0.95,0.05,default,100,3.0,8,1,1,0,0,0.0010623000125633553,
eps_std_789_2723476f,eps_std,train,471,789,easy,5,5,0.1,0.95,0.05,default,100,2.0,9,1,1,0,0,0.0011145000025862828,
eps_std_789_2723476f,eps_std,train,472,789,easy,5,5,0.1,0.95,0.05,default,100,3.0,8,1,1,0,0,0.0010782000026665628,
eps_std_789_2723476f,eps_std,train,473,789,easy,5,5,0.1,0.95,0.05,default,100,1.0,10,1,1,0,0,0.001250800007255748,
eps_std_789_2723476f,eps_std,train,474,789,easy,5,5,0.1,0.95,0.05,default,100,2.0,9,1,1,0,0,0.0012059000000590459,
eps_std_789_2723476f,eps_std,train,475,789,easy,5,5,0.1,0.95,0.05,default,100,3.0,8,1,1,0,0,0.0010045000090030953,
eps_std_789_2723476f,eps_std,train,476,789,easy,5,5,0.1,0.95,0.05,default,100,1.0,10,1,1,0,0,0.001247499996679835,
eps_std_789_2723476f,eps_std,train,477,789,easy,5,5,0.1,0.95,0.05,default,100,1.0,10,1,1,0,0,0.0012528000079328194,
eps_std_789_2723476f,eps_std,train,478,789,easy,5,5,0.1,0.95,0.05,default,100,2.0,9,1,1,0,0,0.0010646000009728596,
eps_std_789_2723476f,eps_std,train,479,789,easy,5,5,0.1,0.95,0.05,default,100,3.0,8,1,1,0,0,0.0010604999988572672,
eps_std_789_2723476f,eps_std,train,480,789,easy,5,5,0.1,0.95,0.05,default,100,1.0,10,1,1,0,0,0.0012519000010797754,
eps_std_789_2723476f,eps_std,train,481,789,easy,5,5,0.1,0.95,0.05,default,100,3.0,8,1,1,0,0,0.0010877000022446737,
eps_std_789_2723476f,eps_std,train,482,789,easy,5,5,0.1,0.95,0.05,default,100,3.0,8,1,1,0,0,0.0009721999958856031,
eps_std_789_2723476f,eps_std,train,483,789,easy,5,5,0.1,0.95,0.05,default,100,3.0,8,1,1,0,0,0.0010654999932739884,
eps_std_789_2723476f,eps_std,train,484,789,easy,5,5,0.1,0.95,0.05,default,100,3.0,8,1,1,0,0,0.0010486999963177368,
eps_std_789_2723476f,eps_std,train,485,789,easy,5,5,0.1,0.95,0.05,default,100,3.0,8,1,1,0,0,0.0010755999974207953,
eps_std_789_2723476f,eps_std,train,486,789,easy,5,5,0.1,0.95,0.05,default,100,2.0,9,1,1,0,0,0.0011331999994581565,
eps_std_789_2723476f,eps_std,train,487,789,easy,5,5,0.1,0.95,0.05,default,100,3.0,8,1,1,0,0,0.0010265000018989667,
eps_std_789_2723476f,eps_std,train,488,789,easy,5,5,0.1,0.95,0.05,default,100,2.0,9,1,1,0,0,0.0011508000025060028,
eps_std_789_2723476f,eps_std,train,489,789,easy,5,5,0.1,0.95,0.05,default,100,1.0,10,1,1,0,0,0.0011980999988736585,
eps_std_789_2723476f,eps_std,train,490,789,easy,5,5,0.1,0.95,0.05,default,100,3.0,8,1,1,0,0,0.001065000004018657,
eps_std_789_2723476f,eps_std,train,491,789,easy,5,5,0.1,0.95,0.05,default,100,3.0,8,1,1,0,0,0.0010537999914959073,
eps_std_789_2723476f,eps_std,train,492,789,easy,5,5,0.1,0.95,0.05,default,100,1.0,10,1,1,0,0,0.0013176999927964061,
eps_std_789_2723476f,eps_std,train,493,789,easy,5,5,0.1,0.95,0.05,default,100,3.0,8,1,1,0,0,0.001055500004440546,
eps_std_789_2723476f,eps_std,train,494,789,easy,5,5,0.1,0.95,0.05,default,100,2.0,9,1,1,0,0,0.0011337000032654032,
eps_std_789_2723476f,eps_std,train,495,789,easy,5,5,0.1,0.95,0.05,default,100,3.0,8,1,1,0,0,0.0010496000031707808,
eps_std_789_2723476f,eps_std,train,496,789,easy,5,5,0.1,0.95,0.05,default,100,1.0,10,1,1,0,0,0.0012396999954944476,
eps_std_789_2723476f,eps_std,train,497,789,easy,5,5,0.1,0.95,0.05,default,100,3.0,8,1,1,0,0,0.0010698000114643946,
eps_std_789_2723476f,eps_std,train,498,789,easy,5,5,0.1,0.95,0.05,default,100,3.0,8,1,1,0,0,0.0010400999890407547,
eps_std_789_2723476f,eps_std,train,499,789,easy,5,5,0.1,0.95,0.05,default,100,3.0,8,1,1,0,0,0.0010583999974187464,
eps_std_789_2723476f,eps_std,train,500,789,easy,5,5,0.1,0.95,0.05,default,100,3.0,8,1,1,0,0,0.0010476000024937093,
eps_std_789_2723476f,eps_std,train,501,789,easy,5,5,0.1,0.95,0.05,default,100,2.0,9,1,1,0,0,0.0011647999926935881,
eps_std_789_2723476f,eps_std,train,502,789,easy,5,5,0.1,0.95,0.05,default,100,1.0,10,1,1,0,0,0.0012425000022631139,
eps_std_789_2723476f,eps_std,train,503,789,easy,5,5,0.1,0.95,0.05,default,100,0.0,11,1,1,0,0,0.0013438999885693192,
eps_std_789_2723476f,eps_std,train,504,789,easy,5,5,0.1,0.95,0.05,default,100,3.0,8,1,1,0,0,0.001035799999954179,
eps_std_789_2723476f,eps_std,train,505,789,easy,5,5,0.1,0.95,0.05,default,100,3.0,8,1,1,0,0,0.0010567999997874722,
eps_std_789_2723476f,eps_std,train,506,789,easy,5,5,0.1,0.95,0.05,default,100,3.0,8,1,1,0,0,0.000989699998172,
eps_std_789_2723476f,eps_std,train,507,789,easy,5,5,0.1,0.95,0.05,default,100,3.0,8,1,1,0,0,0.0010734000097727403,
eps_std_789_2723476f,eps_std,train,508,789,easy,5,5,0.1,0.95,0.05,default,100,2.0,9,1,1,0,0,0.001135500002419576,
eps_std_789_2723476f,eps_std,train,509,789,easy,5,5,0.1,0.95,0.05,default,100,2.0,9,1,1,0,0,0.0010692999931052327,
eps_std_789_2723476f,eps_std,train,510,789,easy,5,5,0.1,0.95,0.05,default,100,3.0,8,1,1,0,0,0.0010758999997051433,
eps_std_789_2723476f,eps_std,train,511,789,easy,5,5,0.1,0.95,0.05,default,100,2.0,9,1,1,0,0,0.0011151000071549788,
eps_std_789_2723476f,eps_std,train,512,789,easy,5,5,0.1,0.95,0.05,default,100,3.0,8,1,1,0,0,0.0010526999976718798,
eps_std_789_2723476f,eps_std,train,513,789,easy,5,5,0.1,0.95,0.05,default,100,3.0,8,1,1,0,0,0.0010445000079926103,
eps_std_789_2723476f,eps_std,train,514,789,easy,5,5,0.1,0.95,0.05,default,100,3.0,8,1,1,0,0,0.0010674999939510599,
eps_std_789_2723476f,eps_std,train,515,789,easy,5,5,0.1,0.95,0.05,default,100,1.0,10,1,1,0,0,0.0012540999887278304,
eps_std_789_2723476f,eps_std,train,516,789,easy,5,5,0.1,0.95,0.05,default,100,1.0,10,1,1,0,0,0.0012522000033641234,
eps_std_789_2723476f,eps_std,train,517,789,easy,5,5,0.1,0.95,0.05,default,100,3.0,8,1,1,0,0,0.0010310000070603564,
eps_std_789_2723476f,eps_std,train,518,789,easy,5,5,0.1,0.95,0.05,default,100,2.0,9,1,1,0,0,0.0011253999982727692,
eps_std_789_2723476f,eps_std,train,519,789,easy,5,5,0.1,0.95,0.05,default,100,3.0,8,1,1,0,0,0.0010639999964041635,
eps_std_789_2723476f,eps_std,train,520,789,easy,5,5,0.1,0.95,0.05,default,100,2.0,9,1,1,0,0,0.001124400005210191,
eps_std_789_2723476f,eps_std,train,521,789,easy,5,5,0.1,0.95,0.05,default,100,3.0,8,1,1,0,0,0.0010507999977562577,
eps_std_789_2723476f,eps_std,train,522,789,easy,5,5,0.1,0.95,0.05,default,100,3.0,8,1,1,0,0,0.00106160000723321,
eps_std_789_2723476f,eps_std,train,523,789,easy,5,5,0.1,0.95,0.05,default,100,3.0,8,1,1,0,0,0.0010564999975031242,
eps_std_789_2723476f,eps_std,train,524,789,easy,5,5,0.1,0.95,0.05,default,100,2.0,9,1,1,0,0,0.0011254999990342185,
eps_std_789_2723476f,eps_std,train,525,789,easy,5,5,0.1,0.95,0.05,default,100,1.0,10,1,1,0,0,0.001252100002602674,
eps_std_789_2723476f,eps_std,train,526,789,easy,5,5,0.1,0.95,0.05,default,100,3.0,8,1,1,0,0,0.0010894000006373972,
eps_std_789_2723476f,eps_std,train,527,789,easy,5,5,0.1,0.95,0.05,default,100,3.0,8,1,1,0,0,0.0010614999919198453,
eps_std_789_2723476f,eps_std,train,528,789,easy,5,5,0.1,0.95,0.05,default,100,3.0,8,1,1,0,0,0.0010973000025842339,
eps_std_789_2723476f,eps_std,train,529,789,easy,5,5,0.1,0.95,0.05,default,100,3.0,8,1,1,0,0,0.001059200003510341,
eps_std_789_2723476f,eps_std,train,530,789,easy,5,5,0.1,0.95,0.05,default,100,3.0,8,1,1,0,0,0.0010298999986844137,
eps_std_789_2723476f,eps_std,train,531,789,easy,5,5,0.1,0.95,0.05,default,100,2.0,9,1,1,0,0,0.0011192000092705712,
eps_std_789_2723476f,eps_std,train,532,789,easy,5,5,0.1,0.95,0.05,default,100,3.0,8,1,1,0,0,0.0010855000000447035,
eps_std_789_2723476f,eps_std,train,533,789,easy,5,5,0.1,0.95,0.05,default,100,2.0,9,1,1,0,0,0.0011495999933686107,
eps_std_789_2723476f,eps_std,train,534,789,easy,5,5,0.1,0.95,0.05,default,100,1.0,10,1,1,0,0,0.0012335000064922497,
eps_std_789_2723476f,eps_std,train,535,789,easy,5,5,0.1,0.95,0.05,default,100,3.0,8,1,1,0,0,0.0010718999983510002,
eps_std_789_2723476f,eps_std,train,536,789,easy,5,5,0.1,0.95,0.05,default,100,0.0,11,1,1,0,0,0.0012745999993057922,
eps_std_789_2723476f,eps_std,train,537,789,easy,5,5,0.1,0.95,0.05,default,100,3.0,8,1,1,0,0,0.0010789999942062423,
eps_std_789_2723476f,eps_std,train,538,789,easy,5,5,0.1,0.95,0.05,default,100,3.0,8,1,1,0,0,0.0010694000084185973,
eps_std_789_2723476f,eps_std,train,539,789,easy,5,5,0.1,0.95,0.05,default,100,3.0,8,1,1,0,0,0.001086899996153079,
eps_std_789_2723476f,eps_std,train,540,789,easy,5,5,0.1,0.95,0.05,default,100,3.0,8,1,1,0,0,0.0010551000013947487,
eps_std_789_2723476f,eps_std,train,541,789,easy,5,5,0.1,0.95,0.05,default,100,3.0,8,1,1,0,0,0.0011065999860875309,
eps_std_789_2723476f,eps_std,train,542,789,easy,5,5,0.1,0.95,0.05,default,100,3.0,8,1,1,0,0,0.001091500002075918,
eps_std_789_2723476f,eps_std,train,543,789,easy,5,5,0.1,0.95,0.05,default,100,2.0,9,1,1,0,0,0.0011074999929405749,
eps_std_789_2723476f,eps_std,train,544,789,easy,5,5,0.1,0.95,0.05,default,100,3.0,8,1,1,0,0,0.0010575000051176175,
eps_std_789_2723476f,eps_std,train,545,789,easy,5,5,0.1,0.95,0.05,default,100,3.0,8,1,1,0,0,0.0010719999991124496,
eps_std_789_2723476f,eps_std,train,546,789,easy,5,5,0.1,0.95,0.05,default,100,3.0,8,1,1,0,0,0.0010837000008905306,
eps_std_789_2723476f,eps_std,train,547,789,easy,5,5,0.1,0.95,0.05,default,100,3.0,8,1,1,0,0,0.0010231000051135197,
eps_std_789_2723476f,eps_std,train,548,789,easy,5,5,0.1,0.95,0.05,default,100,1.0,10,1,1,0,0,0.0012133999989600852,
eps_std_789_2723476f,eps_std,train,549,789,easy,5,5,0.1,0.95,0.05,default,100,3.0,8,1,1,0,0,0.0010500999924261123,
eps_std_789_2723476f,eps_std,train,550,789,easy,5,5,0.1,0.95,0.05,default,100,3.0,8,1,1,0,0,0.0010742999875219539,
eps_std_789_2723476f,eps_std,train,551,789,easy,5,5,0.1,0.95,0.05,default,100,3.0,8,1,1,0,0,0.0010497000039322302,
eps_std_789_2723476f,eps_std,train,552,789,easy,5,5,0.1,0.95,0.05,default,100,2.0,9,1,1,0,0,0.001151799995568581,
eps_std_789_2723476f,eps_std,train,553,789,easy,5,5,0.1,0.95,0.05,default,100,1.0,10,1,1,0,0,0.001239799996255897,
eps_std_789_2723476f,eps_std,train,554,789,easy,5,5,0.1,0.95,0.05,default,100,3.0,8,1,1,0,0,0.0010729000059654936,
eps_std_789_2723476f,eps_std,train,555,789,easy,5,5,0.1,0.95,0.05,default,100,1.0,10,1,1,0,0,0.001256100003956817,
eps_std_789_2723476f,eps_std,train,556,789,easy,5,5,0.1,0.95,0.05,default,100,2.0,9,1,1,0,0,0.0010372999968240038,
eps_std_789_2723476f,eps_std,train,557,789,easy,5,5,0.1,0.95,0.05,default,100,2.0,9,1,1,0,0,0.0011037999938707799,
eps_std_789_2723476f,eps_std,train,558,789,easy,5,5,0.1,0.95,0.05,default,100,3.0,8,1,1,0,0,0.0010462000063853338,
eps_std_789_2723476f,eps_std,train,559,789,easy,5,5,0.1,0.95,0.05,default,100,3.0,8,1,1,0,0,0.0010756999981822446,
eps_std_789_2723476f,eps_std,train,560,789,easy,5,5,0.1,0.95,0.05,default,100,3.0,8,1,1,0,0,0.0010700999991968274,
eps_std_789_2723476f,eps_std,train,561,789,easy,5,5,0.1,0.95,0.05,default,100,3.0,8,1,1,0,0,0.0010960000072373077,
eps_std_789_2723476f,eps_std,train,562,789,easy,5,5,0.1,0.95,0.05,default,100,3.0,8,1,1,0,0,0.0010705000022426248,
eps_std_789_2723476f,eps_std,train,563,789,easy,5,5,0.1,0.95,0.05,default,100,3.0,8,1,1,0,0,0.0010654000070644543,
eps_std_789_2723476f,eps_std,train,564,789,easy,5,5,0.1,0.95,0.05,default,100,3.0,8,1,1,0,0,0.0010689999908208847,
eps_std_789_2723476f,eps_std,train,565,789,easy,5,5,0.1,0.95,0.05,default,100,3.0,8,1,1,0,0,0.001073900013579987,
eps_std_789_2723476f,eps_std,train,566,789,easy,5,5,0.1,0.95,0.05,default,100,3.0,8,1,1,0,0,0.001068799989297986,
eps_std_789_2723476f,eps_std,train,567,789,easy,5,5,0.1,0.95,0.05,default,100,2.0,9,1,1,0,0,0.0011172999948030338,
eps_std_789_2723476f,eps_std,train,568,789,easy,5,5,0.1,0.95,0.05,default,100,3.0,8,1,1,0,0,0.001044499993440695,
eps_std_789_2723476f,eps_std,train,569,789,easy,5,5,0.1,0.95,0.05,default,100,3.0,8,1,1,0,0,0.0010708000045269728,
eps_std_789_2723476f,eps_std,train,570,789,easy,5,5,0.1,0.95,0.05,default,100,3.0,8,1,1,0,0,0.0010857000015676022,
eps_std_789_2723476f,eps_std,train,571,789,easy,5,5,0.1,0.95,0.05,default,100,3.0,8,1,1,0,0,0.0010527999984333292,
eps_std_789_2723476f,eps_std,train,572,789,easy,5,5,0.1,0.95,0.05,default,100,3.0,8,1,1,0,0,0.0010617999942041934,
eps_std_789_2723476f,eps_std,train,573,789,easy,5,5,0.1,0.95,0.05,default,100,3.0,8,1,1,0,0,0.001006599995889701,
eps_std_789_2723476f,eps_std,train,574,789,easy,5,5,0.1,0.95,0.05,default,100,3.0,8,1,1,0,0,0.0010826000070665032,
eps_std_789_2723476f,eps_std,train,575,789,easy,5,5,0.1,0.95,0.05,default,100,1.0,10,1,1,0,0,0.0012380999978631735,
eps_std_789_2723476f,eps_std,train,576,789,easy,5,5,0.1,0.95,0.05,default,100,3.0,8,1,1,0,0,0.0010892999998759478,
eps_std_789_2723476f,eps_std,train,577,789,easy,5,5,0.1,0.95,0.05,default,100,3.0,8,1,1,0,0,0.0010793000110425055,
eps_std_789_2723476f,eps_std,train,578,789,easy,5,5,0.1,0.95,0.05,default,100,3.0,8,1,1,0,0,0.0010904999944614246,
eps_std_789_2723476f,eps_std,train,579,789,easy,5,5,0.1,0.95,0.05,default,100,3.0,8,1,1,0,0,0.0010578999936114997,
eps_std_789_2723476f,eps_std,train,580,789,easy,5,5,0.1,0.95,0.05,default,100,3.0,8,1,1,0,0,0.0010289000056218356,
eps_std_789_2723476f,eps_std,train,581,789,easy,5,5,0.1,0.95,0.05,default,100,2.0,9,1,1,0,0,0.001177600002847612,
eps_std_789_2723476f,eps_std,train,582,789,easy,5,5,0.1,0.95,0.05,default,100,1.0,10,1,1,0,0,0.0012120000028517097,
eps_std_789_2723476f,eps_std,train,583,789,easy,5,5,0.1,0.95,0.05,default,100,3.0,8,1,1,0,0,0.0011094000074081123,
eps_std_789_2723476f,eps_std,train,584,789,easy,5,5,0.1,0.95,0.05,default,100,3.0,8,1,1,0,0,0.0010596000065561384,
eps_std_789_2723476f,eps_std,train,585,789,easy,5,5,0.1,0.95,0.05,default,100,3.0,8,1,1,0,0,0.0010716999968281016,
eps_std_789_2723476f,eps_std,train,586,789,easy,5,5,0.1,0.95,0.05,default,100,2.0,9,1,1,0,0,0.0011254999990342185,
eps_std_789_2723476f,eps_std,train,587,789,easy,5,5,0.1,0.95,0.05,default,100,0.0,11,1,1,0,0,0.001348399993730709,
eps_std_789_2723476f,eps_std,train,588,789,easy,5,5,0.1,0.95,0.05,default,100,3.0,8,1,1,0,0,0.0011334000009810552,
eps_std_789_2723476f,eps_std,train,589,789,easy,5,5,0.1,0.95,0.05,default,100,3.0,8,1,1,0,0,0.0010604999988572672,
eps_std_789_2723476f,eps_std,train,590,789,easy,5,5,0.1,0.95,0.05,default,100,3.0,8,1,1,0,0,0.0010708000045269728,
eps_std_789_2723476f,eps_std,train,591,789,easy,5,5,0.1,0.95,0.05,default,100,3.0,8,1,1,0,0,0.001061699993442744,
eps_std_789_2723476f,eps_std,train,592,789,easy,5,5,0.1,0.95,0.05,default,100,3.0,8,1,1,0,0,0.001083499999367632,
eps_std_789_2723476f,eps_std,train,593,789,easy,5,5,0.1,0.95,0.05,default,100,1.0,10,1,1,0,0,0.0012495999981183559,
eps_std_789_2723476f,eps_std,train,594,789,easy,5,5,0.1,0.95,0.05,default,100,3.0,8,1,1,0,0,0.0010722000006353483,
eps_std_789_2723476f,eps_std,train,595,789,easy,5,5,0.1,0.95,0.05,default,100,3.0,8,1,1,0,0,0.0010463000071467832,
eps_std_789_2723476f,eps_std,train,596,789,easy,5,5,0.1,0.95,0.05,default,100,2.0,9,1,1,0,0,0.0011595999967539683,
eps_std_789_2723476f,eps_std,train,597,789,easy,5,5,0.1,0.95,0.05,default,100,2.0,9,1,1,0,0,0.00115640000149142,
eps_std_789_2723476f,eps_std,train,598,789,easy,5,5,0.1,0.95,0.05,default,100,2.0,9,1,1,0,0,0.001122599991504103,
eps_std_789_2723476f,eps_std,train,599,789,easy,5,5,0.1,0.95,0.05,default,100,3.0,8,1,1,0,0,0.001065699994796887,
eps_std_789_2723476f,eps_std,train,600,789,easy,5,5,0.1,0.95,0.05,default,100,3.0,8,1,1,0,0,0.001050899998517707,results\epsilon\standard\seed_789\qtable_ep600.npz
eps_std_789_2723476f,eps_std,train,601,789,easy,5,5,0.1,0.95,0.05,default,100,3.0,8,1,1,0,0,0.0010588000004645437,
eps_std_789_2723476f,eps_std,train,602,789,easy,5,5,0.1,0.95,0.05,default,100,3.0,8,1,1,0,0,0.0010819000017363578,
eps_std_789_2723476f,eps_std,train,603,789,easy,5,5,0.1,0.95,0.05,default,100,3.0,8,1,1,0,0,0.0010963999957311898,
eps_std_789_2723476f,eps_std,train,604,789,easy,5,5,0.1,0.95,0.05,default,100,3.0,8,1,1,0,0,0.0010716999968281016,
eps_std_789_2723476f,eps_std,train,605,789,easy,5,5,0.1,0.95,0.05,default,100,2.0,9,1,1,0,0,0.0011754000006476417,
eps_std_789_2723476f,eps_std,train,606,789,easy,5,5,0.1,0.95,0.05,default,100,3.0,8,1,1,0,0,0.0010701999999582767,
eps_std_789_2723476f,eps_std,train,607,789,easy,5,5,0.1,0.95,0.05,default,100,3.0,8,1,1,0,0,0.0010517999908188358,
eps_std_789_2723476f,eps_std,train,608,789,easy,5,5,0.1,0.95,0.05,default,100,3.0,8,1,1,0,0,0.0010700999991968274,
eps_std_789_2723476f,eps_std,train,609,789,easy,5,5,0.1,0.95,0.05,default,100,3.0,8,1,1,0,0,0.0010580000089248642,
eps_std_789_2723476f,eps_std,train,610,789,easy,5,5,0.1,0.95,0.05,default,100,3.0,8,1,1,0,0,0.0010700999991968274,
eps_std_789_2723476f,eps_std,train,611,789,easy,5,5,0.1,0.95,0.05,default,100,1.0,10,1,1,0,0,0.0013356999988900498,
eps_std_789_2723476f,eps_std,train,612,789,easy,5,5,0.1,0.95,0.05,default,100,3.0,8,1,1,0,0,0.0010540999937802553,
eps_std_789_2723476f,eps_std,train,613,789,easy,5,5,0.1,0.95,0.05,default,100,1.0,10,1,1,0,0,0.0012782999983755872,
eps_std_789_2723476f,eps_std,train,614,789,easy,5,5,0.1,0.95,0.05,default,100,1.0,10,1,1,0,0,0.0012705999979516491,
eps_std_789_2723476f,eps_std,train,615,789,easy,5,5,0.1,0.95,0.05,default,100,0.0,11,1,1,0,0,0.0013516000035451725,
eps_std_789_2723476f,eps_std,train,616,789,easy,5,5,0.1,0.95,0.05,default,100,2.0,9,1,1,0,0,0.0011440999951446429,
eps_std_789_2723476f,eps_std,train,617,789,easy,5,5,0.1,0.95,0.05,default,100,1.0,10,1,1,0,0,0.0012941000022692606,
eps_std_789_2723476f,eps_std,train,618,789,easy,5,5,0.1,0.95,0.05,default,100,3.0,8,1,1,0,0,0.0010832999978447333,
eps_std_789_2723476f,eps_std,train,619,789,easy,5,5,0.1,0.95,0.05,default,100,1.0,10,1,1,0,0,0.0012778999953297898,
eps_std_789_2723476f,eps_std,train,620,789,easy,5,5,0.1,0.95,0.05,default,100,3.0,8,1,1,0,0,0.0010963999957311898,
eps_std_789_2723476f,eps_std,train,621,789,easy,5,5,0.1,0.95,0.05,default,100,1.0,10,1,1,0,0,0.0012915000115754083,
eps_std_789_2723476f,eps_std,train,622,789,easy,5,5,0.1,0.95,0.05,default,100,0.0,11,1,1,0,0,0.001356699998723343,
eps_std_789_2723476f,eps_std,train,623,789,easy,5,5,0.1,0.95,0.05,default,100,3.0,8,1,1,0,0,0.0010799000010592863,
eps_std_789_2723476f,eps_std,train,624,789,easy,5,5,0.1,0.95,0.05,default,100,1.0,10,1,1,0,0,0.0012671000004047528,
eps_std_789_2723476f,eps_std,train,625,789,easy,5,5,0.1,0.95,0.05,default,100,1.0,10,1,1,0,0,0.0012732000031974167,
eps_std_789_2723476f,eps_std,train,626,789,easy,5,5,0.1,0.95,0.05,default,100,3.0,8,1,1,0,0,0.0009931999957188964,
eps_std_789_2723476f,eps_std,train,627,789,easy,5,5,0.1,0.95,0.05,default,100,2.0,9,1,1,0,0,0.0011660000018309802,
eps_std_789_2723476f,eps_std,train,628,789,easy,5,5,0.1,0.95,0.05,default,100,3.0,8,1,1,0,0,0.0010661999986041337,
eps_std_789_2723476f,eps_std,train,629,789,easy,5,5,0.1,0.95,0.05,default,100,2.0,9,1,1,0,0,0.0012093999976059422,
eps_std_789_2723476f,eps_std,train,630,789,easy,5,5,0.1,0.95,0.05,default,100,3.0,8,1,1,0,0,0.0010909999982686713,
eps_std_789_2723476f,eps_std,train,631,789,easy,5,5,0.1,0.95,0.05,default,100,3.0,8,1,1,0,0,0.0010681999992812052,
eps_std_789_2723476f,eps_std,train,632,789,easy,5,5,0.1,0.95,0.05,default,100,3.0,8,1,1,0,0,0.0010774999973364174,
eps_std_789_2723476f,eps_std,train,633,789,easy,5,5,0.1,0.95,0.05,default,100,3.0,8,1,1,0,0,0.0010766000050352886,
eps_std_789_2723476f,eps_std,train,634,789,easy,5,5,0.1,0.95,0.05,default,100,3.0,8,1,1,0,0,0.0010883999930229038,
eps_std_789_2723476f,eps_std,train,635,789,easy,5,5,0.1,0.95,0.05,default,100,3.0,8,1,1,0,0,0.0010680000123102218,
eps_std_789_2723476f,eps_std,train,636,789,easy,5,5,0.1,0.95,0.05,default,100,3.0,8,1,1,0,0,0.0010460999910719693,
eps_std_789_2723476f,eps_std,train,637,789,easy,5,5,0.1,0.95,0.05,default,100,3.0,8,1,1,0,0,0.00107640000351239,
eps_std_789_2723476f,eps_std,train,638,789,easy,5,5,0.1,0.95,0.05,default,100,0.0,11,1,1,0,0,0.0013448999961838126,
eps_std_789_2723476f,eps_std,train,639,789,easy,5,5,0.1,0.95,0.05,default,100,3.0,8,1,1,0,0,0.0010883000068133697,
eps_std_789_2723476f,eps_std,train,640,789,easy,5,5,0.1,0.95,0.05,default,100,3.0,8,1,1,0,0,0.0010879000037675723,
eps_std_789_2723476f,eps_std,train,641,789,easy,5,5,0.1,0.95,0.05,default,100,3.0,8,1,1,0,0,0.001108399999793619,
eps_std_789_2723476f,eps_std,train,642,789,easy,5,5,0.1,0.95,0.05,default,100,3.0,8,1,1,0,0,0.0010771999950520694,
eps_std_789_2723476f,eps_std,train,643,789,easy,5,5,0.1,0.95,0.05,default,100,3.0,8,1,1,0,0,0.0010867000091820955,
eps_std_789_2723476f,eps_std,train,644,789,easy,5,5,0.1,0.95,0.05,default,100,3.0,8,1,1,0,0,0.001102599999285303,
eps_std_789_2723476f,eps_std,train,645,789,easy,5,5,0.1,0.95,0.05,default,100,3.0,8,1,1,0,0,0.0010926000104518607,
eps_std_789_2723476f,eps_std,train,646,789,easy,5,5,0.1,0.95,0.05,default,100,2.0,9,1,1,0,0,0.0011399999930290505,
eps_std_789_2723476f,eps_std,train,647,789,easy,5,5,0.1,0.95,0.05,default,100,2.0,9,1,1,0,0,0.0011203000030945987,
eps_std_789_2723476f,eps_std,train,648,789,easy,5,5,0.1,0.95,0.05,default,100,3.0,8,1,1,0,0,0.0010791000095196068,
eps_std_789_2723476f,eps_std,train,649,789,easy,5,5,0.1,0.95,0.05,default,100,2.0,9,1,1,0,0,0.0011630999943008646,
eps_std_789_2723476f,eps_std,train,650,789,easy,5,5,0.1,0.95,0.05,default,100,3.0,8,1,1,0,0,0.0010833999986061826,
eps_std_789_2723476f,eps_std,train,651,789,easy,5,5,0.1,0.95,0.05,default,100,1.0,10,1,1,0,0,0.0012755999923683703,
eps_std_789_2723476f,eps_std,train,652,789,easy,5,5,0.1,0.95,0.05,default,100,3.0,8,1,1,0,0,0.0010771000088425353,
eps_std_789_2723476f,eps_std,train,653,789,easy,5,5,0.1,0.95,0.05,default,100,1.0,10,1,1,0,0,0.0012109999952372164,
eps_std_789_2723476f,eps_std,train,654,789,easy,5,5,0.1,0.95,0.05,default,100,3.0,8,1,1,0,0,0.0010389000090071931,
eps_std_789_2723476f,eps_std,train,655,789,easy,5,5,0.1,0.95,0.05,default,100,2.0,9,1,1,0,0,0.001134599995566532,
eps_std_789_2723476f,eps_std,train,656,789,easy,5,5,0.1,0.95,0.05,default,100,3.0,8,1,1,0,0,0.0010785000049509108,
eps_std_789_2723476f,eps_std,train,657,789,easy,5,5,0.1,0.95,0.05,default,100,3.0,8,1,1,0,0,0.0011159999994561076,
eps_std_789_2723476f,eps_std,train,658,789,easy,5,5,0.1,0.95,0.05,default,100,3.0,8,1,1,0,0,0.0012814000074286014,
eps_std_789_2723476f,eps_std,train,659,789,easy,5,5,0.1,0.95,0.05,default,100,2.0,9,1,1,0,0,0.0012456999975256622,
eps_std_789_2723476f,eps_std,train,660,789,easy,5,5,0.1,0.95,0.05,default,100,3.0,8,1,1,0,0,0.0010837000008905306,
eps_std_789_2723476f,eps_std,train,661,789,easy,5,5,0.1,0.95,0.05,default,100,3.0,8,1,1,0,0,0.001143200002843514,
eps_std_789_2723476f,eps_std,train,662,789,easy,5,5,0.1,0.95,0.05,default,100,3.0,8,1,1,0,0,0.0010313999955542386,
eps_std_789_2723476f,eps_std,train,663,789,easy,5,5,0.1,0.95,0.05,default,100,3.0,8,1,1,0,0,0.0010771999950520694,
eps_std_789_2723476f,eps_std,train,664,789,easy,5,5,0.1,0.95,0.05,default,100,3.0,8,1,1,0,0,0.0010732999944593757,
eps_std_789_2723476f,eps_std,train,665,789,easy,5,5,0.1,0.95,0.05,default,100,3.0,8,1,1,0,0,0.001068099998519756,
eps_std_789_2723476f,eps_std,train,666,789,easy,5,5,0.1,0.95,0.05,default,100,3.0,8,1,1,0,0,0.0010732999944593757,
eps_std_789_2723476f,eps_std,train,667,789,easy,5,5,0.1,0.95,0.05,default,100,1.0,10,1,1,0,0,0.0013005000073462725,
eps_std_789_2723476f,eps_std,train,668,789,easy,5,5,0.1,0.95,0.05,default,100,3.0,8,1,1,0,0,0.0011011000024154782,
eps_std_789_2723476f,eps_std,train,669,789,easy,5,5,0.1,0.95,0.05,default,100,3.0,8,1,1,0,0,0.0010575000051176175,
eps_std_789_2723476f,eps_std,train,670,789,easy,5,5,0.1,0.95,0.05,default,100,3.0,8,1,1,0,0,0.0010729999921750277,
eps_std_789_2723476f,eps_std,train,671,789,easy,5,5,0.1,0.95,0.05,default,100,1.0,10,1,1,0,0,0.0012467000051401556,
eps_std_789_2723476f,eps_std,train,672,789,easy,5,5,0.1,0.95,0.05,default,100,3.0,8,1,1,0,0,0.00107489999209065,
eps_std_789_2723476f,eps_std,train,673,789,easy,5,5,0.1,0.95,0.05,default,100,3.0,8,1,1,0,0,0.0010692000068956986,
eps_std_789_2723476f,eps_std,train,674,789,easy,5,5,0.1,0.95,0.05,default,100,3.0,8,1,1,0,0,0.0010211999906459823,
eps_std_789_2723476f,eps_std,train,675,789,easy,5,5,0.1,0.95,0.05,default,100,3.0,8,1,1,0,0,0.0011018000077456236,
eps_std_789_2723476f,eps_std,train,676,789,easy,5,5,0.1,0.95,0.05,default,100,3.0,8,1,1,0,0,0.0010698000114643946,
eps_std_789_2723476f,eps_std,train,677,789,easy,5,5,0.1,0.95,0.05,default,100,3.0,8,1,1,0,0,0.001049999991664663,
eps_std_789_2723476f,eps_std,train,678,789,easy,5,5,0.1,0.95,0.05,default,100,1.0,10,1,1,0,0,0.0012379999971017241,
eps_std_789_2723476f,eps_std,train,679,789,easy,5,5,0.1,0.95,0.05,default,100,3.0,8,1,1,0,0,0.0010328000062145293,
eps_std_789_2723476f,eps_std,train,680,789,easy,5,5,0.1,0.95,0.05,default,100,3.0,8,1,1,0,0,0.001057999994372949,
eps_std_789_2723476f,eps_std,train,681,789,easy,5,5,0.1,0.95,0.05,default,100,3.0,8,1,1,0,0,0.0011005999986082315,
eps_std_789_2723476f,eps_std,train,682,789,easy,5,5,0.1,0.95,0.05,default,100,3.0,8,1,1,0,0,0.0010581000096863136,
eps_std_789_2723476f,eps_std,train,683,789,easy,5,5,0.1,0.95,0.05,default,100,3.0,8,1,1,0,0,0.0010731999936979264,
eps_std_789_2723476f,eps_std,train,684,789,easy,5,5,0.1,0.95,0.05,default,100,3.0,8,1,1,0,0,0.0010738999990280718,
eps_std_789_2723476f,eps_std,train,685,789,easy,5,5,0.1,0.95,0.05,default,100,1.0,10,1,1,0,0,0.001261299999896437,
eps_std_789_2723476f,eps_std,train,686,789,easy,5,5,0.1,0.95,0.05,default,100,3.0,8,1,1,0,0,0.001072099999873899,
eps_std_789_2723476f,eps_std,train,687,789,easy,5,5,0.1,0.95,0.05,default,100,3.0,8,1,1,0,0,0.0010729999921750277,
eps_std_789_2723476f,eps_std,train,688,789,easy,5,5,0.1,0.95,0.05,default,100,3.0,8,1,1,0,0,0.0010894000006373972,
eps_std_789_2723476f,eps_std,train,689,789,easy,5,5,0.1,0.95,0.05,default,100,3.0,8,1,1,0,0,0.0010227000020677224,
eps_std_789_2723476f,eps_std,train,690,789,easy,5,5,0.1,0.95,0.05,default,100,3.0,8,1,1,0,0,0.0010344000038458034,
eps_std_789_2723476f,eps_std,train,691,789,easy,5,5,0.1,0.95,0.05,default,100,3.0,8,1,1,0,0,0.0010592999897198752,
eps_std_789_2723476f,eps_std,train,692,789,easy,5,5,0.1,0.95,0.05,default,100,3.0,8,1,1,0,0,0.0010711000068113208,
eps_std_789_2723476f,eps_std,train,693,789,easy,5,5,0.1,0.95,0.05,default,100,2.0,9,1,1,0,0,0.0011507000017445534,
eps_std_789_2723476f,eps_std,train,694,789,easy,5,5,0.1,0.95,0.05,default,100,3.0,8,1,1,0,0,0.0010812999971676618,
eps_std_789_2723476f,eps_std,train,695,789,easy,5,5,0.1,0.95,0.05,default,100,3.0,8,1,1,0,0,0.001065600008587353,
eps_std_789_2723476f,eps_std,train,696,789,easy,5,5,0.1,0.95,0.05,default,100,3.0,8,1,1,0,0,0.0010608999873511493,
eps_std_789_2723476f,eps_std,train,697,789,easy,5,5,0.1,0.95,0.05,default,100,2.0,9,1,1,0,0,0.001160700005129911,
eps_std_789_2723476f,eps_std,train,698,789,easy,5,5,0.1,0.95,0.05,default,100,2.0,9,1,1,0,0,0.0011389999999664724,
eps_std_789_2723476f,eps_std,train,699,789,easy,5,5,0.1,0.95,0.05,default,100,2.0,9,1,1,0,0,0.0011051000037696213,
eps_std_789_2723476f,eps_std,train,700,789,easy,5,5,0.1,0.95,0.05,default,100,3.0,8,1,1,0,0,0.0010561999952187762,
eps_std_789_2723476f,eps_std,train,701,789,easy,5,5,0.1,0.95,0.05,default,100,3.0,8,1,1,0,0,0.0011126999888801947,
eps_std_789_2723476f,eps_std,train,702,789,easy,5,5,0.1,0.95,0.05,default,100,3.0,8,1,1,0,0,0.001072099999873899,
eps_std_789_2723476f,eps_std,train,703,789,easy,5,5,0.1,0.95,0.05,default,100,3.0,8,1,1,0,0,0.0010760000004665926,
eps_std_789_2723476f,eps_std,train,704,789,easy,5,5,0.1,0.95,0.05,default,100,3.0,8,1,1,0,0,0.0010649000032572076,
eps_std_789_2723476f,eps_std,train,705,789,easy,5,5,0.1,0.95,0.05,default,100,3.0,8,1,1,0,0,0.0010819000017363578,
eps_std_789_2723476f,eps_std,train,706,789,easy,5,5,0.1,0.95,0.05,default,100,3.0,8,1,1,0,0,0.0010789000079967082,
eps_std_789_2723476f,eps_std,train,707,789,easy,5,5,0.1,0.95,0.05,default,100,3.0,8,1,1,0,0,0.00107709999429062,
eps_std_789_2723476f,eps_std,train,708,789,easy,5,5,0.1,0.95,0.05,default,100,3.0,8,1,1,0,0,0.0010830000101123005,
eps_std_789_2723476f,eps_std,train,709,789,easy,5,5,0.1,0.95,0.05,default,100,2.0,9,1,1,0,0,0.0011383999953977764,
eps_std_789_2723476f,eps_std,train,710,789,easy,5,5,0.1,0.95,0.05,default,100,3.0,8,1,1,0,0,0.001080100002582185,
eps_std_789_2723476f,eps_std,train,711,789,easy,5,5,0.1,0.95,0.05,default,100,1.0,10,1,1,0,0,0.0012805000005755574,
eps_std_789_2723476f,eps_std,train,712,789,easy,5,5,0.1,0.95,0.05,default,100,3.0,8,1,1,0,0,0.0010860000038519502,
eps_std_789_2723476f,eps_std,train,713,789,easy,5,5,0.1,0.95,0.05,default,100,3.0,8,1,1,0,0,0.0010683000000426546,
eps_std_789_2723476f,eps_std,train,714,789,easy,5,5,0.1,0.95,0.05,default,100,3.0,8,1,1,0,0,0.0010800000018207356,
eps_std_789_2723476f,eps_std,train,715,789,easy,5,5,0.1,0.95,0.05,default,100,3.0,8,1,1,0,0,0.0010295999964000657,
eps_std_789_2723476f,eps_std,train,716,789,easy,5,5,0.1,0.95,0.05,default,100,3.0,8,1,1,0,0,0.001073999999789521,
eps_std_789_2723476f,eps_std,train,717,789,easy,5,5,0.1,0.95,0.05,default,100,0.0,11,1,1,0,0,0.0015131999971345067,
eps_std_789_2723476f,eps_std,train,718,789,easy,5,5,0.1,0.95,0.05,default,100,3.0,8,1,1,0,0,0.0011206999915884808,
eps_std_789_2723476f,eps_std,train,719,789,easy,5,5,0.1,0.95,0.05,default,100,2.0,9,1,1,0,0,0.0011672999971779063,
eps_std_789_2723476f,eps_std,train,720,789,easy,5,5,0.1,0.95,0.05,default,100,3.0,8,1,1,0,0,0.0010740999859990552,
eps_std_789_2723476f,eps_std,train,721,789,easy,5,5,0.1,0.95,0.05,default,100,3.0,8,1,1,0,0,0.0010675999947125092,
eps_std_789_2723476f,eps_std,train,722,789,easy,5,5,0.1,0.95,0.05,default,100,3.0,8,1,1,0,0,0.0010889999975915998,
eps_std_789_2723476f,eps_std,train,723,789,easy,5,5,0.1,0.95,0.05,default,100,3.0,8,1,1,0,0,0.0011043000122299418,
eps_std_789_2723476f,eps_std,train,724,789,easy,5,5,0.1,0.95,0.05,default,100,3.0,8,1,1,0,0,0.001094500010367483,
eps_std_789_2723476f,eps_std,train,725,789,easy,5,5,0.1,0.95,0.05,default,100,3.0,8,1,1,0,0,0.0010602000111248344,
eps_std_789_2723476f,eps_std,train,726,789,easy,5,5,0.1,0.95,0.05,default,100,3.0,8,1,1,0,0,0.001073999999789521,
eps_std_789_2723476f,eps_std,train,727,789,easy,5,5,0.1,0.95,0.05,default,100,3.0,8,1,1,0,0,0.0010749999928520992,
eps_std_789_2723476f,eps_std,train,728,789,easy,5,5,0.1,0.95,0.05,default,100,2.0,9,1,1,0,0,0.001153300006990321,
eps_std_789_2723476f,eps_std,train,729,789,easy,5,5,0.1,0.95,0.05,default,100,3.0,8,1,1,0,0,0.0010799000010592863,
eps_std_789_2723476f,eps_std,train,730,789,easy,5,5,0.1,0.95,0.05,default,100,3.0,8,1,1,0,0,0.0010825000063050538,
eps_std_789_2723476f,eps_std,train,731,789,easy,5,5,0.1,0.95,0.05,default,100,3.0,8,1,1,0,0,0.0010583999974187464,
eps_std_789_2723476f,eps_std,train,732,789,easy,5,5,0.1,0.95,0.05,default,100,3.0,8,1,1,0,0,0.0010754000104498118,
eps_std_789_2723476f,eps_std,train,733,789,easy,5,5,0.1,0.95,0.05,default,100,1.0,10,1,1,0,0,0.001219199999468401,
eps_std_789_2723476f,eps_std,train,734,789,easy,5,5,0.1,0.95,0.05,default,100,2.0,9,1,1,0,0,0.0011393000022508204,
eps_std_789_2723476f,eps_std,train,735,789,easy,5,5,0.1,0.95,0.05,default,100,1.0,10,1,1,0,0,0.0012640000059036538,
eps_std_789_2723476f,eps_std,train,736,789,easy,5,5,0.1,0.95,0.05,default,100,1.0,10,1,1,0,0,0.0012524999910965562,
eps_std_789_2723476f,eps_std,train,737,789,easy,5,5,0.1,0.95,0.05,default,100,3.0,8,1,1,0,0,0.0010930999997071922,
eps_std_789_2723476f,eps_std,train,738,789,easy,5,5,0.1,0.95,0.05,default,100,3.0,8,1,1,0,0,0.0010756000119727105,
eps_std_789_2723476f,eps_std,train,739,789,easy,5,5,0.1,0.95,0.05,default,100,3.0,8,1,1,0,0,0.0010261999996146187,
eps_std_789_2723476f,eps_std,train,740,789,easy,5,5,0.1,0.95,0.05,default,100,3.0,8,1,1,0,0,0.0010824000055436045,
eps_std_789_2723476f,eps_std,train,741,789,easy,5,5,0.1,0.95,0.05,default,100,3.0,8,1,1,0,0,0.0010920000058831647,
eps_std_789_2723476f,eps_std,train,742,789,easy,5,5,0.1,0.95,0.05,default,100,2.0,9,1,1,0,0,0.0011718999885488302,
eps_std_789_2723476f,eps_std,train,743,789,easy,5,5,0.1,0.95,0.05,default,100,3.0,8,1,1,0,0,0.0010646000009728596,
eps_std_789_2723476f,eps_std,train,744,789,easy,5,5,0.1,0.95,0.05,default,100,1.0,10,1,1,0,0,0.001224999999976717,
eps_std_789_2723476f,eps_std,train,745,789,easy,5,5,0.1,0.95,0.05,default,100,3.0,8,1,1,0,0,0.0010140999947907403,
eps_std_789_2723476f,eps_std,train,746,789,easy,5,5,0.1,0.95,0.05,default,100,-1.0,12,1,1,0,0,0.0014301000046543777,
eps_std_789_2723476f,eps_std,train,747,789,easy,5,5,0.1,0.95,0.05,default,100,3.0,8,1,1,0,0,0.0010946999973384663,
eps_std_789_2723476f,eps_std,train,748,789,easy,5,5,0.1,0.95,0.05,default,100,3.0,8,1,1,0,0,0.0010601999965729192,
eps_std_789_2723476f,eps_std,train,749,789,easy,5,5,0.1,0.95,0.05,default,100,3.0,8,1,1,0,0,0.0010695000091800466,
eps_std_789_2723476f,eps_std,train,750,789,easy,5,5,0.1,0.95,0.05,default,100,0.0,11,1,1,0,0,0.0013457000022754073,
eps_std_789_2723476f,eps_std,train,751,789,easy,5,5,0.1,0.95,0.05,default,100,2.0,9,1,1,0,0,0.0011437999928602949,
eps_std_789_2723476f,eps_std,train,752,789,easy,5,5,0.1,0.95,0.05,default,100,3.0,8,1,1,0,0,0.0010571000020718202,
eps_std_789_2723476f,eps_std,train,753,789,easy,5,5,0.1,0.95,0.05,default,100,3.0,8,1,1,0,0,0.0010808000079123303,
eps_std_789_2723476f,eps_std,train,754,789,easy,5,5,0.1,0.95,0.05,default,100,3.0,8,1,1,0,0,0.0011378000053809956,
eps_std_789_2723476f,eps_std,train,755,789,easy,5,5,0.1,0.95,0.05,default,100,3.0,8,1,1,0,0,0.0010738999990280718,
eps_std_789_2723476f,eps_std,train,756,789,easy,5,5,0.1,0.95,0.05,default,100,3.0,8,1,1,0,0,0.0010436000011395663,
eps_std_789_2723476f,eps_std,train,757,789,easy,5,5,0.1,0.95,0.05,default,100,2.0,9,1,1,0,0,0.0011505000002216548,
eps_std_789_2723476f,eps_std,train,758,789,easy,5,5,0.1,0.95,0.05,default,100,3.0,8,1,1,0,0,0.0010755999974207953,
eps_std_789_2723476f,eps_std,train,759,789,easy,5,5,0.1,0.95,0.05,default,100,3.0,8,1,1,0,0,0.0010609000019030645,
eps_std_789_2723476f,eps_std,train,760,789,easy,5,5,0.1,0.95,0.05,default,100,3.0,8,1,1,0,0,0.0011501999979373068,
eps_std_789_2723476f,eps_std,train,761,789,easy,5,5,0.1,0.95,0.05,default,100,3.0,8,1,1,0,0,0.0010614000057103112,
eps_std_789_2723476f,eps_std,train,762,789,easy,5,5,0.1,0.95,0.05,default,100,3.0,8,1,1,0,0,0.0010824000055436045,
eps_std_789_2723476f,eps_std,train,763,789,easy,5,5,0.1,0.95,0.05,default,100,3.0,8,1,1,0,0,0.00106160000723321,
eps_std_789_2723476f,eps_std,train,764,789,easy,5,5,0.1,0.95,0.05,default,100,3.0,8,1,1,0,0,0.0011105000012321398,
eps_std_789_2723476f,eps_std,train,765,789,easy,5,5,0.1,0.95,0.05,default,100,3.0,8,1,1,0,0,0.00107640000351239,
eps_std_789_2723476f,eps_std,train,766,789,easy,5,5,0.1,0.95,0.05,default,100,3.0,8,1,1,0,0,0.0010202999983448535,
eps_std_789_2723476f,eps_std,train,767,789,easy,5,5,0.1,0.95,0.05,default,100,3.0,8,1,1,0,0,0.0010882999922614545,
eps_std_789_2723476f,eps_std,train,768,789,easy,5,5,0.1,0.95,0.05,default,100,3.0,8,1,1,0,0,0.0010686000023270026,
eps_std_789_2723476f,eps_std,train,769,789,easy,5,5,0.1,0.95,0.05,default,100,3.0,8,1,1,0,0,0.0010697999969124794,
eps_std_789_2723476f,eps_std,train,770,789,easy,5,5,0.1,0.95,0.05,default,100,3.0,8,1,1,0,0,0.0010760000004665926,
eps_std_789_2723476f,eps_std,train,771,789,easy,5,5,0.1,0.95,0.05,default,100,3.0,8,1,1,0,0,0.0010788000072352588,
eps_std_789_2723476f,eps_std,train,772,789,easy,5,5,0.1,0.95,0.05,default,100,1.0,10,1,1,0,0,0.0011998999980278313,
eps_std_789_2723476f,eps_std,train,773,789,easy,5,5,0.1,0.95,0.05,default,100,3.0,8,1,1,0,0,0.0010718999983510002,
eps_std_789_2723476f,eps_std,train,774,789,easy,5,5,0.1,0.95,0.05,default,100,1.0,10,1,1,0,0,0.0012509000080171973,
eps_std_789_2723476f,eps_std,train,775,789,easy,5,5,0.1,0.95,0.05,default,100,3.0,8,1,1,0,0,0.001075799998943694,
eps_std_789_2723476f,eps_std,train,776,789,easy,5,5,0.1,0.95,0.05,default,100,3.0,8,1,1,0,0,0.0010362000029999763,
eps_std_789_2723476f,eps_std,train,777,789,easy,5,5,0.1,0.95,0.05,default,100,3.0,8,1,1,0,0,0.001028700004098937,
eps_std_789_2723476f,eps_std,train,778,789,easy,5,5,0.1,0.95,0.05,default,100,3.0,8,1,1,0,0,0.0010921999928541481,
eps_std_789_2723476f,eps_std,train,779,789,easy,5,5,0.1,0.95,0.05,default,100,1.0,10,1,1,0,0,0.0012522000033641234,
eps_std_789_2723476f,eps_std,train,780,789,easy,5,5,0.1,0.95,0.05,default,100,1.0,10,1,1,0,0,0.0012652000004891306,
eps_std_789_2723476f,eps_std,train,781,789,easy,5,5,0.1,0.95,0.05,default,100,3.0,8,1,1,0,0,0.0011301999911665916,
eps_std_789_2723476f,eps_std,train,782,789,easy,5,5,0.1,0.95,0.05,default,100,3.0,8,1,1,0,0,0.0011150000063935295,
eps_std_789_2723476f,eps_std,train,783,789,easy,5,5,0.1,0.95,0.05,default,100,1.0,10,1,1,0,0,0.0012891999940620735,
eps_std_789_2723476f,eps_std,train,784,789,easy,5,5,0.1,0.95,0.05,default,100,3.0,8,1,1,0,0,0.001032799991662614,
eps_std_789_2723476f,eps_std,train,785,789,easy,5,5,0.1,0.95,0.05,default,100,3.0,8,1,1,0,0,0.0010903999936999753,
eps_std_789_2723476f,eps_std,train,786,789,easy,5,5,0.1,0.95,0.05,default,100,3.0,8,1,1,0,0,0.0010630000033415854,
eps_std_789_2723476f,eps_std,train,787,789,easy,5,5,0.1,0.95,0.05,default,100,3.0,8,1,1,0,0,0.0010887999960687011,
eps_std_789_2723476f,eps_std,train,788,789,easy,5,5,0.1,0.95,0.05,default,100,3.0,8,1,1,0,0,0.001061900009517558,
eps_std_789_2723476f,eps_std,train,789,789,easy,5,5,0.1,0.95,0.05,default,100,3.0,8,1,1,0,0,0.0010772999958135188,
eps_std_789_2723476f,eps_std,train,790,789,easy,5,5,0.1,0.95,0.05,default,100,3.0,8,1,1,0,0,0.001075199994374998,
eps_std_789_2723476f,eps_std,train,791,789,easy,5,5,0.1,0.95,0.05,default,100,3.0,8,1,1,0,0,0.0010690000053728,
eps_std_789_2723476f,eps_std,train,792,789,easy,5,5,0.1,0.95,0.05,default,100,3.0,8,1,1,0,0,0.00106969999615103,
eps_std_789_2723476f,eps_std,train,793,789,easy,5,5,0.1,0.95,0.05,default,100,1.0,10,1,1,0,0,0.001403400005074218,
eps_std_789_2723476f,eps_std,train,794,789,easy,5,5,0.1,0.95,0.05,default,100,3.0,8,1,1,0,0,0.0011737000022549182,
eps_std_789_2723476f,eps_std,train,795,789,easy,5,5,0.1,0.95,0.05,default,100,3.0,8,1,1,0,0,0.0010991000017384067,
eps_std_789_2723476f,eps_std,train,796,789,easy,5,5,0.1,0.95,0.05,default,100,1.0,10,1,1,0,0,0.0013050999987171963,
eps_std_789_2723476f,eps_std,train,797,789,easy,5,5,0.1,0.95,0.05,default,100,2.0,9,1,1,0,0,0.0011918999953195453,
eps_std_789_2723476f,eps_std,train,798,789,easy,5,5,0.1,0.95,0.05,default,100,3.0,8,1,1,0,0,0.0010124999971594661,
eps_std_789_2723476f,eps_std,train,799,789,easy,5,5,0.1,0.95,0.05,default,100,2.0,9,1,1,0,0,0.0011430000013206154,
eps_std_789_2723476f,eps_std,train,800,789,easy,5,5,0.1,0.95,0.05,default,100,-5.0,16,1,1,0,0,0.0018315999914193526,results\epsilon\standard\seed_789\qtable_ep800.npz
eps_std_789_2723476f,eps_std,eval,1,789,easy,5,5,0.1,0.95,0.0,default,100,-100.0,100,0,0,1,0,,
eps_std_789_2723476f,eps_std,eval,2,789,easy,5,5,0.1,0.95,0.0,default,100,-100.0,100,0,0,1,0,,
eps_std_789_2723476f,eps_std,eval,3,789,easy,5,5,0.1,0.95,0.0,default,100,-100.0,100,0,0,1,0,,
eps_std_789_2723476f,eps_std,eval,4,789,easy,5,5,0.1,0.95,0.0,default,100,-100.0,100,0,0,1,0,,
eps_std_789_2723476f,eps_std,eval,5,789,easy,5,5,0.1,0.95,0.0,default,100,-100.0,100,0,0,1,0,,
eps_std_789_2723476f,eps_std,eval,6,789,easy,5,5,0.1,0.95,0.0,default,100,-100.0,100,0,0,1,0,,
eps_std_789_2723476f,eps_std,eval,7,789,easy,5,5,0.1,0.95,0.0,default,100,-100.0,100,0,0,1,0,,
eps_std_789_2723476f,eps_std,eval,8,789,easy,5,5,0.1,0.95,0.0,default,100,-100.0,100,0,0,1,0,,
eps_std_789_2723476f,eps_std,eval,9,789,easy,5,5,0.1,0.95,0.0,default,100,-100.0,100,0,0,1,0,,
eps_std_789_2723476f,eps_std,eval,10,789,easy,5,5,0.1,0.95,0.0,default,100,-100.0,100,0,0,1,0,,
eps_std_789_2723476f,eps_std,eval,1,789,easy,5,5,0.1,0.95,0.0,default,100,-100.0,100,0,0,1,0,,
eps_std_789_2723476f,eps_std,eval,2,789,easy,5,5,0.1,0.95,0.0,default,100,-100.0,100,0,0,1,0,,
eps_std_789_2723476f,eps_std,eval,3,789,easy,5,5,0.1,0.95,0.0,default,100,-100.0,100,0,0,1,0,,
eps_std_789_2723476f,eps_std,eval,4,789,easy,5,5,0.1,0.95,0.0,default,100,-100.0,100,0,0,1,0,,
eps_std_789_2723476f,eps_std,eval,5,789,easy,5,5,0.1,0.95,0.0,default,100,-100.0,100,0,0,1,0,,
eps_std_789_2723476f,eps_std,eval,6,789,easy,5,5,0.1,0.95,0.0,default,100,-100.0,100,0,0,1,0,,
eps_std_789_2723476f,eps_std,eval,7,789,easy,5,5,0.1,0.95,0.0,default,100,-100.0,100,0,0,1,0,,
eps_std_789_2723476f,eps_std,eval,8,789,easy,5,5,0.1,0.95,0.0,default,100,-100.0,100,0,0,1,0,,
eps_std_789_2723476f,eps_std,eval,9,789,easy,5,5,0.1,0.95,0.0,default,100,-100.0,100,0,0,1,0,,
eps_std_789_2723476f,eps_std,eval,10,789,easy,5,5,0.1,0.95,0.0,default,100,-100.0,100,0,0,1,0,,
eps_std_789_2723476f,eps_std,eval,1,789,easy,5,5,0.1,0.95,0.0,default,100,-100.0,100,0,0,1,0,,
eps_std_789_2723476f,eps_std,eval,2,789,easy,5,5,0.1,0.95,0.0,default,100,-100.0,100,0,0,1,0,,
eps_std_789_2723476f,eps_std,eval,3,789,easy,5,5,0.1,0.95,0.0,default,100,-100.0,100,0,0,1,0,,
eps_std_789_2723476f,eps_std,eval,4,789,easy,5,5,0.1,0.95,0.0,default,100,-100.0,100,0,0,1,0,,
eps_std_789_2723476f,eps_std,eval,5,789,easy,5,5,0.1,0.95,0.0,default,100,-100.0,100,0,0,1,0,,
eps_std_789_2723476f,eps_std,eval,6,789,easy,5,5,0.1,0.95,0.0,default,100,-100.0,100,0,0,1,0,,
eps_std_789_2723476f,eps_std,eval,7,789,easy,5,5,0.1,0.95,0.0,default,100,-100.0,100,0,0,1,0,,
eps_std_789_2723476f,eps_std,eval,8,789,easy,5,5,0.1,0.95,0.0,default,100,-100.0,100,0,0,1,0,,
eps_std_789_2723476f,eps_std,eval,9,789,easy,5,5,0.1,0.95,0.0,default,100,-100.0,100,0,0,1,0,,
eps_std_789_2723476f,eps_std,eval,10,789,easy,5,5,0.1,0.95,0.0,default,100,-100.0,100,0,0,1,0,,
eps_std_789_2723476f,eps_std,eval,1,789,easy,5,5,0.1,0.95,0.0,default,100,-100.0,100,0,0,1,0,,
eps_std_789_2723476f,eps_std,eval,2,789,easy,5,5,0.1,0.95,0.0,default,100,-100.0,100,0,0,1,0,,
eps_std_789_2723476f,eps_std,eval,3,789,easy,5,5,0.1,0.95,0.0,default,100,-100.0,100,0,0,1,0,,
eps_std_789_2723476f,eps_std,eval,4,789,easy,5,5,0.1,0.95,0.0,default,100,-100.0,100,0,0,1,0,,
eps_std_789_2723476f,eps_std,eval,5,789,easy,5,5,0.1,0.95,0.0,default,100,-100.0,100,0,0,1,0,,
eps_std_789_2723476f,eps_std,eval,6,789,easy,5,5,0.1,0.95,0.0,default,100,-100.0,100,0,0,1,0,,
eps_std_789_2723476f,eps_std,eval,7,789,easy,5,5,0.1,0.95,0.0,default,100,-100.0,100,0,0,1,0,,
eps_std_789_2723476f,eps_std,eval,8,789,easy,5,5,0.1,0.95,0.0,default,100,-100.0,100,0,0,1,0,,
eps_std_789_2723476f,eps_std,eval,9,789,easy,5,5,0.1,0.95,0.0,default,100,-100.0,100,0,0,1,0,,
eps_std_789_2723476f,eps_std,eval,10,789,easy,5,5,0.1,0.95,0.0,default,100,-100.0,100,0,0,1,0,,
eps_std_789_2723476f,eps_std,eval,1,789,easy,5,5,0.1,0.95,0.0,default,100,3.0,8,1,1,0,0,,
eps_std_789_2723476f,eps_std,eval,2,789,easy,5,5,0.1,0.95,0.0,default,100,3.0,8,1,1,0,0,,
eps_std_789_2723476f,eps_std,eval,3,789,easy,5,5,0.1,0.95,0.0,default,100,3.0,8,1,1,0,0,,
eps_std_789_2723476f,eps_std,eval,4,789,easy,5,5,0.1,0.95,0.0,default,100,3.0,8,1,1,0,0,,
eps_std_789_2723476f,eps_std,eval,5,789,easy,5,5,0.1,0.95,0.0,default,100,3.0,8,1,1,0,0,,
eps_std_789_2723476f,eps_std,eval,6,789,easy,5,5,0.1,0.95,0.0,default,100,3.0,8,1,1,0,0,,
eps_std_789_2723476f,eps_std,eval,7,789,easy,5,5,0.1,0.95,0.0,default,100,3.0,8,1,1,0,0,,
eps_std_789_2723476f,eps_std,eval,8,789,easy,5,5,0.1,0.95,0.0,default,100,3.0,8,1,1,0,0,,
eps_std_789_2723476f,eps_std,eval,9,789,easy,5,5,0.1,0.95,0.0,default,100,3.0,8,1,1,0,0,,
eps_std_789_2723476f,eps_std,eval,10,789,easy,5,5,0.1,0.95,0.0,default,100,3.0,8,1,1,0,0,,
eps_std_789_2723476f,eps_std,eval,1,789,easy,5,5,0.1,0.95,0.0,default,100,3.0,8,1,1,0,0,,
eps_std_789_2723476f,eps_std,eval,2,789,easy,5,5,0.1,0.95,0.0,default,100,3.0,8,1,1,0,0,,
eps_std_789_2723476f,eps_std,eval,3,789,easy,5,5,0.1,0.95,0.0,default,100,3.0,8,1,1,0,0,,
eps_std_789_2723476f,eps_std,eval,4,789,easy,5,5,0.1,0.95,0.0,default,100,3.0,8,1,1,0,0,,
eps_std_789_2723476f,eps_std,eval,5,789,easy,5,5,0.1,0.95,0.0,default,100,3.0,8,1,1,0,0,,
eps_std_789_2723476f,eps_std,eval,6,789,easy,5,5,0.1,0.95,0.0,default,100,3.0,8,1,1,0,0,,
eps_std_789_2723476f,eps_std,eval,7,789,easy,5,5,0.1,0.95,0.0,default,100,3.0,8,1,1,0,0,,
eps_std_789_2723476f,eps_std,eval,8,789,easy,5,5,0.1,0.95,0.0,default,100,3.0,8,1,1,0,0,,
eps_std_789_2723476f,eps_std,eval,9,789,easy,5,5,0.1,0.95,0.0,default,100,3.0,8,1,1,0,0,,
eps_std_789_2723476f,eps_std,eval,10,789,easy,5,5,0.1,0.95,0.0,default,100,3.0,8,1,1,0,0,,
eps_std_789_2723476f,eps_std,eval,1,789,easy,5,5,0.1,0.95,0.0,default,100,3.0,8,1,1,0,0,,
eps_std_789_2723476f,eps_std,eval,2,789,easy,5,5,0.1,0.95,0.0,default,100,3.0,8,1,1,0,0,,
eps_std_789_2723476f,eps_std,eval,3,789,easy,5,5,0.1,0.95,0.0,default,100,3.0,8,1,1,0,0,,
eps_std_789_2723476f,eps_std,eval,4,789,easy,5,5,0.1,0.95,0.0,default,100,3.0,8,1,1,0,0,,
eps_std_789_2723476f,eps_std,eval,5,789,easy,5,5,0.1,0.95,0.0,default,100,3.0,8,1,1,0,0,,
eps_std_789_2723476f,eps_std,eval,6,789,easy,5,5,0.1,0.95,0.0,default,100,3.0,8,1,1,0,0,,
eps_std_789_2723476f,eps_std,eval,7,789,easy,5,5,0.1,0.95,0.0,default,100,3.0,8,1,1,0,0,,
eps_std_789_2723476f,eps_std,eval,8,789,easy,5,5,0.1,0.95,0.0,default,100,3.0,8,1,1,0,0,,
eps_std_789_2723476f,eps_std,eval,9,789,easy,5,5,0.1,0.95,0.0,default,100,3.0,8,1,1,0,0,,
eps_std_789_2723476f,eps_std,eval,10,789,easy,5,5,0.1,0.95,0.0,default,100,3.0,8,1,1,0,0,,
eps_std_789_2723476f,eps_std,eval,1,789,easy,5,5,0.1,0.95,0.0,default,100,3.0,8,1,1,0,0,,
eps_std_789_2723476f,eps_std,eval,2,789,easy,5,5,0.1,0.95,0.0,default,100,3.0,8,1,1,0,0,,
eps_std_789_2723476f,eps_std,eval,3,789,easy,5,5,0.1,0.95,0.0,default,100,3.0,8,1,1,0,0,,
eps_std_789_2723476f,eps_std,eval,4,789,easy,5,5,0.1,0.95,0.0,default,100,3.0,8,1,1,0,0,,
eps_std_789_2723476f,eps_std,eval,5,789,easy,5,5,0.1,0.95,0.0,default,100,3.0,8,1,1,0,0,,
eps_std_789_2723476f,eps_std,eval,6,789,easy,5,5,0.1,0.95,0.0,default,100,3.0,8,1,1,0,0,,
eps_std_789_2723476f,eps_std,eval,7,789,easy,5,5,0.1,0.95,0.0,default,100,3.0,8,1,1,0,0,,
eps_std_789_2723476f,eps_std,eval,8,789,easy,5,5,0.1,0.95,0.0,default,100,3.0,8,1,1,0,0,,
eps_std_789_2723476f,eps_std,eval,9,789,easy,5,5,0.1,0.95,0.0,default,100,3.0,8,1,1,0,0,,
eps_std_789_2723476f,eps_std,eval,10,789,easy,5,5,0.1,0.95,0.0,default,100,3.0,8,1,1,0,0,,
eps_std_789_2723476f,eps_std,eval,1,789,easy,5,5,0.1,0.95,0.0,default,100,3.0,8,1,1,0,0,,
eps_std_789_2723476f,eps_std,eval,2,789,easy,5,5,0.1,0.95,0.0,default,100,3.0,8,1,1,0,0,,
eps_std_789_2723476f,eps_std,eval,3,789,easy,5,5,0.1,0.95,0.0,default,100,3.0,8,1,1,0,0,,
eps_std_789_2723476f,eps_std,eval,4,789,easy,5,5,0.1,0.95,0.0,default,100,3.0,8,1,1,0,0,,
eps_std_789_2723476f,eps_std,eval,5,789,easy,5,5,0.1,0.95,0.0,default,100,3.0,8,1,1,0,0,,
eps_std_789_2723476f,eps_std,eval,6,789,easy,5,5,0.1,0.95,0.0,default,100,3.0,8,1,1,0,0,,
eps_std_789_2723476f,eps_std,eval,7,789,easy,5,5,0.1,0.95,0.0,default,100,3.0,8,1,1,0,0,,
eps_std_789_2723476f,eps_std,eval,8,789,easy,5,5,0.1,0.95,0.0,default,100,3.0,8,1,1,0,0,,
eps_std_789_2723476f,eps_std,eval,9,789,easy,5,5,0.1,0.95,0.0,default,100,3.0,8,1,1,0,0,,
eps_std_789_2723476f,eps_std,eval,10,789,easy,5,5,0.1,0.95,0.0,default,100,3.0,8,1,1,0,0,,
eps_std_789_2723476f,eps_std,eval,1,789,easy,5,5,0.1,0.95,0.0,default,100,3.0,8,1,1,0,0,,
eps_std_789_2723476f,eps_std,eval,2,789,easy,5,5,0.1,0.95,0.0,default,100,3.0,8,1,1,0,0,,
eps_std_789_2723476f,eps_std,eval,3,789,easy,5,5,0.1,0.95,0.0,default,100,3.0,8,1,1,0,0,,
eps_std_789_2723476f,eps_std,eval,4,789,easy,5,5,0.1,0.95,0.0,default,100,3.0,8,1,1,0,0,,
eps_std_789_2723476f,eps_std,eval,5,789,easy,5,5,0.1,0.95,0.0,default,100,3.0,8,1,1,0,0,,
eps_std_789_2723476f,eps_std,eval,6,789,easy,5,5,0.1,0.95,0.0,default,100,3.0,8,1,1,0,0,,
eps_std_789_2723476f,eps_std,eval,7,789,easy,5,5,0.1,0.95,0.0,default,100,3.0,8,1,1,0,0,,
eps_std_789_2723476f,eps_std,eval,8,789,easy,5,5,0.1,0.95,0.0,default,100,3.0,8,1,1,0,0,,
eps_std_789_2723476f,eps_std,eval,9,789,easy,5,5,0.1,0.95,0.0,default,100,3.0,8,1,1,0,0,,
eps_std_789_2723476f,eps_std,eval,10,789,easy,5,5,0.1,0.95,0.0,default,100,3.0,8,1,1,0,0,,
eps_std_789_2723476f,eps_std,eval,1,789,easy,5,5,0.1,0.95,0.0,default,100,3.0,8,1,1,0,0,,
eps_std_789_2723476f,eps_std,eval,2,789,easy,5,5,0.1,0.95,0.0,default,100,3.0,8,1,1,0,0,,
eps_std_789_2723476f,eps_std,eval,3,789,easy,5,5,0.1,0.95,0.0,default,100,3.0,8,1,1,0,0,,
eps_std_789_2723476f,eps_std,eval,4,789,easy,5,5,0.1,0.95,0.0,default,100,3.0,8,1,1,0,0,,
eps_std_789_2723476f,eps_std,eval,5,789,easy,5,5,0.1,0.95,0.0,default,100,3.0,8,1,1,0,0,,
eps_std_789_2723476f,eps_std,eval,6,789,easy,5,5,0.1,0.95,0.0,default,100,3.0,8,1,1,0,0,,
eps_std_789_2723476f,eps_std,eval,7,789,easy,5,5,0.1,0.95,0.0,default,100,3.0,8,1,1,0,0,,
eps_std_789_2723476f,eps_std,eval,8,789,easy,5,5,0.1,0.95,0.0,default,100,3.0,8,1,1,0,0,,
eps_std_789_2723476f,eps_std,eval,9,789,easy,5,5,0.1,0.95,0.0,default,100,3.0,8,1,1,0,0,,
eps_std_789_2723476f,eps_std,eval,10,789,easy,5,5,0.1,0.95,0.0,default,100,3.0,8,1,1,0,0,,
eps_std_789_2723476f,eps_std,eval,1,789,easy,5,5,0.1,0.95,0.0,default,100,3.0,8,1,1,0,0,,
eps_std_789_2723476f,eps_std,eval,2,789,easy,5,5,0.1,0.95,0.0,default,100,3.0,8,1,1,0,0,,
eps_std_789_2723476f,eps_std,eval,3,789,easy,5,5,0.1,0.95,0.0,default,100,3.0,8,1,1,0,0,,
eps_std_789_2723476f,eps_std,eval,4,789,easy,5,5,0.1,0.95,0.0,default,100,3.0,8,1,1,0,0,,
eps_std_789_2723476f,eps_std,eval,5,789,easy,5,5,0.1,0.95,0.0,default,100,3.0,8,1,1,0,0,,
eps_std_789_2723476f,eps_std,eval,6,789,easy,5,5,0.1,0.95,0.0,default,100,3.0,8,1,1,0,0,,
eps_std_789_2723476f,eps_std,eval,7,789,easy,5,5,0.1,0.95,0.0,default,100,3.0,8,1,1,0,0,,
eps_std_789_2723476f,eps_std,eval,8,789,easy,5,5,0.1,0.95,0.0,default,100,3.0,8,1,1,0,0,,
eps_std_789_2723476f,eps_std,eval,9,789,easy,5,5,0.1,0.95,0.0,default,100,3.0,8,1,1,0,0,,
eps_std_789_2723476f,eps_std,eval,10,789,easy,5,5,0.1,0.95,0.0,default,100,3.0,8,1,1,0,0,,
eps_std_789_2723476f,eps_std,eval,1,789,easy,5,5,0.1,0.95,0.0,default,100,3.0,8,1,1,0,0,,
eps_std_789_2723476f,eps_std,eval,2,789,easy,5,5,0.1,0.95,0.0,default,100,3.0,8,1,1,0,0,,
eps_std_789_2723476f,eps_std,eval,3,789,easy,5,5,0.1,0.95,0.0,default,100,3.0,8,1,1,0,0,,
eps_std_789_2723476f,eps_std,eval,4,789,easy,5,5,0.1,0.95,0.0,default,100,3.0,8,1,1,0,0,,
eps_std_789_2723476f,eps_std,eval,5,789,easy,5,5,0.1,0.95,0.0,default,100,3.0,8,1,1,0,0,,
eps_std_789_2723476f,eps_std,eval,6,789,easy,5,5,0.1,0.95,0.0,default,100,3.0,8,1,1,0,0,,
eps_std_789_2723476f,eps_std,eval,7,789,easy,5,5,0.1,0.95,0.0,default,100,3.0,8,1,1,0,0,,
eps_std_789_2723476f,eps_std,eval,8,789,easy,5,5,0.1,0.95,0.0,default,100,3.0,8,1,1,0,0,,
eps_std_789_2723476f,eps_std,eval,9,789,easy,5,5,0.1,0.95,0.0,default,100,3.0,8,1,1,0,0,,
eps_std_789_2723476f,eps_std,eval,10,789,easy,5,5,0.1,0.95,0.0,default,100,3.0,8,1,1,0,0,,
eps_std_789_2723476f,eps_std,eval,1,789,easy,5,5,0.1,0.95,0.0,default,100,3.0,8,1,1,0,0,,
eps_std_789_2723476f,eps_std,eval,2,789,easy,5,5,0.1,0.95,0.0,default,100,3.0,8,1,1,0,0,,
eps_std_789_2723476f,eps_std,eval,3,789,easy,5,5,0.1,0.95,0.0,default,100,3.0,8,1,1,0,0,,
eps_std_789_2723476f,eps_std,eval,4,789,easy,5,5,0.1,0.95,0.0,default,100,3.0,8,1,1,0,0,,
eps_std_789_2723476f,eps_std,eval,5,789,easy,5,5,0.1,0.95,0.0,default,100,3.0,8,1,1,0,0,,
eps_std_789_2723476f,eps_std,eval,6,789,easy,5,5,0.1,0.95,0.0,default,100,3.0,8,1,1,0,0,,
eps_std_789_2723476f,eps_std,eval,7,789,easy,5,5,0.1,0.95,0.0,default,100,3.0,8,1,1,0,0,,
eps_std_789_2723476f,eps_std,eval,8,789,easy,5,5,0.1,0.95,0.0,default,100,3.0,8,1,1,0,0,,
eps_std_789_2723476f,eps_std,eval,9,789,easy,5,5,0.1,0.95,0.0,default,100,3.0,8,1,1,0,0,,
eps_std_789_2723476f,eps_std,eval,10,789,easy,5,5,0.1,0.95,0.0,default,100,3.0,8,1,1,0,0,,
eps_std_789_2723476f,eps_std,eval,1,789,easy,5,5,0.1,0.95,0.0,default,100,3.0,8,1,1,0,0,,
eps_std_789_2723476f,eps_std,eval,2,789,easy,5,5,0.1,0.95,0.0,default,100,3.0,8,1,1,0,0,,
eps_std_789_2723476f,eps_std,eval,3,789,easy,5,5,0.1,0.95,0.0,default,100,3.0,8,1,1,0,0,,
eps_std_789_2723476f,eps_std,eval,4,789,easy,5,5,0.1,0.95,0.0,default,100,3.0,8,1,1,0,0,,
eps_std_789_2723476f,eps_std,eval,5,789,easy,5,5,0.1,0.95,0.0,default,100,3.0,8,1,1,0,0,,
eps_std_789_2723476f,eps_std,eval,6,789,easy,5,5,0.1,0.95,0.0,default,100,3.0,8,1,1,0,0,,
eps_std_789_2723476f,eps_std,eval,7,789,easy,5,5,0.1,0.95,0.0,default,100,3.0,8,1,1,0,0,,
eps_std_789_2723476f,eps_std,eval,8,789,easy,5,5,0.1,0.95,0.0,default,100,3.0,8,1,1,0,0,,
eps_std_789_2723476f,eps_std,eval,9,789,easy,5,5,0.1,0.95,0.0,default,100,3.0,8,1,1,0,0,,
eps_std_789_2723476f,eps_std,eval,10,789,easy,5,5,0.1,0.95,0.0,default,100,3.0,8,1,1,0,0,,
eps_std_789_2723476f,eps_std,eval,1,789,easy,5,5,0.1,0.95,0.0,default,100,3.0,8,1,1,0,0,,
eps_std_789_2723476f,eps_std,eval,2,789,easy,5,5,0.1,0.95,0.0,default,100,3.0,8,1,1,0,0,,
eps_std_789_2723476f,eps_std,eval,3,789,easy,5,5,0.1,0.95,0.0,default,100,3.0,8,1,1,0,0,,
eps_std_789_2723476f,eps_std,eval,4,789,easy,5,5,0.1,0.95,0.0,default,100,3.0,8,1,1,0,0,,
eps_std_789_2723476f,eps_std,eval,5,789,easy,5,5,0.1,0.95,0.0,default,100,3.0,8,1,1,0,0,,
eps_std_789_2723476f,eps_std,eval,6,789,easy,5,5,0.1,0.95,0.0,default,100,3.0,8,1,1,0,0,,
eps_std_789_2723476f,eps_std,eval,7,789,easy,5,5,0.1,0.95,0.0,default,100,3.0,8,1,1,0,0,,
eps_std_789_2723476f,eps_std,eval,8,789,easy,5,5,0.1,0.95,0.0,default,100,3.0,8,1,1,0,0,,
eps_std_789_2723476f,eps_std,eval,9,789,easy,5,5,0.1,0.95,0.0,default,100,3.0,8,1,1,0,0,,
eps_std_789_2723476f,eps_std,eval,10,789,easy,5,5,0.1,0.95,0.0,default,100,3.0,8,1,1,0,0,,
eps_std_789_2723476f,eps_std,eval,1,789,easy,5,5,0.1,0.95,0.0,default,100,3.0,8,1,1,0,0,,
eps_std_789_2723476f,eps_std,eval,2,789,easy,5,5,0.1,0.95,0.0,default,100,3.0,8,1,1,0,0,,
eps_std_789_2723476f,eps_std,eval,3,789,easy,5,5,0.1,0.95,0.0,default,100,3.0,8,1,1,0,0,,
eps_std_789_2723476f,eps_std,eval,4,789,easy,5,5,0.1,0.95,0.0,default,100,3.0,8,1,1,0,0,,
eps_std_789_2723476f,eps_std,eval,5,789,easy,5,5,0.1,0.95,0.0,default,100,3.0,8,1,1,0,0,,
eps_std_789_2723476f,eps_std,eval,6,789,easy,5,5,0.1,0.95,0.0,default,100,3.0,8,1,1,0,0,,
eps_std_789_2723476f,eps_std,eval,7,789,easy,5,5,0.1,0.95,0.0,default,100,3.0,8,1,1,0,0,,
eps_std_789_2723476f,eps_std,eval,8,789,easy,5,5,0.1,0.95,0.0,default,100,3.0,8,1,1,0,0,,
eps_std_789_2723476f,eps_std,eval,9,789,easy,5,5,0.1,0.95,0.0,default,100,3.0,8,1,1,0,0,,
eps_std_789_2723476f,eps_std,eval,10,789,easy,5,5,0.1,0.95,0.0,default,100,3.0,8,1,1,0,0,,
eps_std_789_2723476f,eps_std,eval,1,789,easy,5,5,0.1,0.95,0.0,default,100,3.0,8,1,1,0,0,,
eps_std_789_2723476f,eps_std,eval,2,789,easy,5,5,0.1,0.95,0.0,default,100,3.0,8,1,1,0,0,,
eps_std_789_2723476f,eps_std,eval,3,789,easy,5,5,0.1,0.95,0.0,default,100,3.0,8,1,1,0,0,,
eps_std_789_2723476f,eps_std,eval,4,789,easy,5,5,0.1,0.95,0.0,default,100,3.0,8,1,1,0,0,,
eps_std_789_2723476f,eps_std,eval,5,789,easy,5,5,0.1,0.95,0.0,default,100,3.0,8,1,1,0,0,,
eps_std_789_2723476f,eps_std,eval,6,789,easy,5,5,0.1,0.95,0.0,default,100,3.0,8,1,1,0,0,,
eps_std_789_2723476f,eps_std,eval,7,789,easy,5,5,0.1,0.95,0.0,default,100,3.0,8,1,1,0,0,,
eps_std_789_2723476f,eps_std,eval,8,789,easy,5,5,0.1,0.95,0.0,default,100,3.0,8,1,1,0,0,,
eps_std_789_2723476f,eps_std,eval,9,789,easy,5,5,0.1,0.95,0.0,default,100,3.0,8,1,1,0,0,,
eps_std_789_2723476f,eps_std,eval,10,789,easy,5,5,0.1,0.95,0.0,default,100,3.0,8,1,1,0,0,,
eps_std_789_2723476f,eps_std,eval,1,789,easy,5,5,0.1,0.95,0.0,default,100,3.0,8,1,1,0,0,,
eps_std_789_2723476f,eps_std,eval,2,789,easy,5,5,0.1,0.95,0.0,default,100,3.0,8,1,1,0,0,,
eps_std_789_2723476f,eps_std,eval,3,789,easy,5,5,0.1,0.95,0.0,default,100,3.0,8,1,1,0,0,,
eps_std_789_2723476f,eps_std,eval,4,789,easy,5,5,0.1,0.95,0.0,default,100,3.0,8,1,1,0,0,,
eps_std_789_2723476f,eps_std,eval,5,789,easy,5,5,0.1,0.95,0.0,default,100,3.0,8,1,1,0,0,,
eps_std_789_2723476f,eps_std,eval,6,789,easy,5,5,0.1,0.95,0.0,default,100,3.0,8,1,1,0,0,,
eps_std_789_2723476f,eps_std,eval,7,789,easy,5,5,0.1,0.95,0.0,default,100,3.0,8,1,1,0,0,,
eps_std_789_2723476f,eps_std,eval,8,789,easy,5,5,0.1,0.95,0.0,default,100,3.0,8,1,1,0,0,,
eps_std_789_2723476f,eps_std,eval,9,789,easy,5,5,0.1,0.95,0.0,default,100,3.0,8,1,1,0,0,,
eps_std_789_2723476f,eps_std,eval,10,789,easy,5,5,0.1,0.95,0.0,default,100,3.0,8,1,1,0,0,,
eps_std_789_2723476f,eps_std,eval,1,789,easy,5,5,0.1,0.95,0.0,default,100,3.0,8,1,1,0,0,,
eps_std_789_2723476f,eps_std,eval,2,789,easy,5,5,0.1,0.95,0.0,default,100,3.0,8,1,1,0,0,,
eps_std_789_2723476f,eps_std,eval,3,789,easy,5,5,0.1,0.95,0.0,default,100,3.0,8,1,1,0,0,,
eps_std_789_2723476f,eps_std,eval,4,789,easy,5,5,0.1,0.95,0.0,default,100,3.0,8,1,1,0,0,,
eps_std_789_2723476f,eps_std,eval,5,789,easy,5,5,0.1,0.95,0.0,default,100,3.0,8,1,1,0,0,,
eps_std_789_2723476f,eps_std,eval,6,789,easy,5,5,0.1,0.95,0.0,default,100,3.0,8,1,1,0,0,,
eps_std_789_2723476f,eps_std,eval,7,789,easy,5,5,0.1,0.95,0.0,default,100,3.0,8,1,1,0,0,,
eps_std_789_2723476f,eps_std,eval,8,789,easy,5,5,0.1,0.95,0.0,default,100,3.0,8,1,1,0,0,,
eps_std_789_2723476f,eps_std,eval,9,789,easy,5,5,0.1,0.95,0.0,default,100,3.0,8,1,1,0,0,,
eps_std_789_2723476f,eps_std,eval,10,789,easy,5,5,0.1,0.95,0.0,default,100,3.0,8,1,1,0,0,,
eps_std_789_2723476f,eps_std,eval,1,789,easy,5,5,0.1,0.95,0.0,default,100,3.0,8,1,1,0,0,,
eps_std_789_2723476f,eps_std,eval,2,789,easy,5,5,0.1,0.95,0.0,default,100,3.0,8,1,1,0,0,,
eps_std_789_2723476f,eps_std,eval,3,789,easy,5,5,0.1,0.95,0.0,default,100,3.0,8,1,1,0,0,,
eps_std_789_2723476f,eps_std,eval,4,789,easy,5,5,0.1,0.95,0.0,default,100,3.0,8,1,1,0,0,,
eps_std_789_2723476f,eps_std,eval,5,789,easy,5,5,0.1,0.95,0.0,default,100,3.0,8,1,1,0,0,,
eps_std_789_2723476f,eps_std,eval,6,789,easy,5,5,0.1,0.95,0.0,default,100,3.0,8,1,1,0,0,,
eps_std_789_2723476f,eps_std,eval,7,789,easy,5,5,0.1,0.95,0.0,default,100,3.0,8,1,1,0,0,,
eps_std_789_2723476f,eps_std,eval,8,789,easy,5,5,0.1,0.95,0.0,default,100,3.0,8,1,1,0,0,,
eps_std_789_2723476f,eps_std,eval,9,789,easy,5,5,0.1,0.95,0.0,default,100,3.0,8,1,1,0,0,,
eps_std_789_2723476f,eps_std,eval,10,789,easy,5,5,0.1,0.95,0.0,default,100,3.0,8,1,1,0,0,,
eps_std_789_2723476f,eps_std,eval,1,789,easy,5,5,0.1,0.95,0.0,default,100,3.0,8,1,1,0,0,,
eps_std_789_2723476f,eps_std,eval,2,789,easy,5,5,0.1,0.95,0.0,default,100,3.0,8,1,1,0,0,,
eps_std_789_2723476f,eps_std,eval,3,789,easy,5,5,0.1,0.95,0.0,default,100,3.0,8,1,1,0,0,,
eps_std_789_2723476f,eps_std,eval,4,789,easy,5,5,0.1,0.95,0.0,default,100,3.0,8,1,1,0,0,,
eps_std_789_2723476f,eps_std,eval,5,789,easy,5,5,0.1,0.95,0.0,default,100,3.0,8,1,1,0,0,,
eps_std_789_2723476f,eps_std,eval,6,789,easy,5,5,0.1,0.95,0.0,default,100,3.0,8,1,1,0,0,,
eps_std_789_2723476f,eps_std,eval,7,789,easy,5,5,0.1,0.95,0.0,default,100,3.0,8,1,1,0,0,,
eps_std_789_2723476f,eps_std,eval,8,789,easy,5,5,0.1,0.95,0.0,default,100,3.0,8,1,1,0,0,,
eps_std_789_2723476f,eps_std,eval,9,789,easy,5,5,0.1,0.95,0.0,default,100,3.0,8,1,1,0,0,,
eps_std_789_2723476f,eps_std,eval,10,789,easy,5,5,0.1,0.95,0.0,default,100,3.0,8,1,1,0,0,,
eps_std_789_2723476f,eps_std,eval,1,789,easy,5,5,0.1,0.95,0.0,default,100,3.0,8,1,1,0,0,,
eps_std_789_2723476f,eps_std,eval,2,789,easy,5,5,0.1,0.95,0.0,default,100,3.0,8,1,1,0,0,,
eps_std_789_2723476f,eps_std,eval,3,789,easy,5,5,0.1,0.95,0.0,default,100,3.0,8,1,1,0,0,,
eps_std_789_2723476f,eps_std,eval,4,789,easy,5,5,0.1,0.95,0.0,default,100,3.0,8,1,1,0,0,,
eps_std_789_2723476f,eps_std,eval,5,789,easy,5,5,0.1,0.95,0.0,default,100,3.0,8,1,1,0,0,,
eps_std_789_2723476f,eps_std,eval,6,789,easy,5,5,0.1,0.95,0.0,default,100,3.0,8,1,1,0,0,,
eps_std_789_2723476f,eps_std,eval,7,789,easy,5,5,0.1,0.95,0.0,default,100,3.0,8,1,1,0,0,,
eps_std_789_2723476f,eps_std,eval,8,789,easy,5,5,0.1,0.95,0.0,default,100,3.0,8,1,1,0,0,,
eps_std_789_2723476f,eps_std,eval,9,789,easy,5,5,0.1,0.95,0.0,default,100,3.0,8,1,1,0,0,,
eps_std_789_2723476f,eps_std,eval,10,789,easy,5,5,0.1,0.95,0.0,default,100,3.0,8,1,1,0,0,,
eps_std_789_2723476f,eps_std,eval,1,789,easy,5,5,0.1,0.95,0.0,default,100,3.0,8,1,1,0,0,,
eps_std_789_2723476f,eps_std,eval,2,789,easy,5,5,0.1,0.95,0.0,default,100,3.0,8,1,1,0,0,,
eps_std_789_2723476f,eps_std,eval,3,789,easy,5,5,0.1,0.95,0.0,default,100,3.0,8,1,1,0,0,,
eps_std_789_2723476f,eps_std,eval,4,789,easy,5,5,0.1,0.95,0.0,default,100,3.0,8,1,1,0,0,,
eps_std_789_2723476f,eps_std,eval,5,789,easy,5,5,0.1,0.95,0.0,default,100,3.0,8,1,1,0,0,,
eps_std_789_2723476f,eps_std,eval,6,789,easy,5,5,0.1,0.95,0.0,default,100,3.0,8,1,1,0,0,,
eps_std_789_2723476f,eps_std,eval,7,789,easy,5,5,0.1,0.95,0.0,default,100,3.0,8,1,1,0,0,,
eps_std_789_2723476f,eps_std,eval,8,789,easy,5,5,0.1,0.95,0.0,default,100,3.0,8,1,1,0,0,,
eps_std_789_2723476f,eps_std,eval,9,789,easy,5,5,0.1,0.95,0.0,default,100,3.0,8,1,1,0,0,,
eps_std_789_2723476f,eps_std,eval,10,789,easy,5,5,0.1,0.95,0.0,default,100,3.0,8,1,1,0,0,,
eps_std_789_2723476f,eps_std,eval,1,789,easy,5,5,0.1,0.95,0.0,default,100,3.0,8,1,1,0,0,,
eps_std_789_2723476f,eps_std,eval,2,789,easy,5,5,0.1,0.95,0.0,default,100,3.0,8,1,1,0,0,,
eps_std_789_2723476f,eps_std,eval,3,789,easy,5,5,0.1,0.95,0.0,default,100,3.0,8,1,1,0,0,,
eps_std_789_2723476f,eps_std,eval,4,789,easy,5,5,0.1,0.95,0.0,default,100,3.0,8,1,1,0,0,,
eps_std_789_2723476f,eps_std,eval,5,789,easy,5,5,0.1,0.95,0.0,default,100,3.0,8,1,1,0,0,,
eps_std_789_2723476f,eps_std,eval,6,789,easy,5,5,0.1,0.95,0.0,default,100,3.0,8,1,1,0,0,,
eps_std_789_2723476f,eps_std,eval,7,789,easy,5,5,0.1,0.95,0.0,default,100,3.0,8,1,1,0,0,,
eps_std_789_2723476f,eps_std,eval,8,789,easy,5,5,0.1,0.95,0.0,default,100,3.0,8,1,1,0,0,,
eps_std_789_2723476f,eps_std,eval,9,789,easy,5,5,0.1,0.95,0.0,default,100,3.0,8,1,1,0,0,,
eps_std_789_2723476f,eps_std,eval,10,789,easy,5,5,0.1,0.95,0.0,default,100,3.0,8,1,1,0,0,,
eps_std_789_2723476f,eps_std,eval,1,789,easy,5,5,0.1,0.95,0.0,default,100,3.0,8,1,1,0,0,,
eps_std_789_2723476f,eps_std,eval,2,789,easy,5,5,0.1,0.95,0.0,default,100,3.0,8,1,1,0,0,,
eps_std_789_2723476f,eps_std,eval,3,789,easy,5,5,0.1,0.95,0.0,default,100,3.0,8,1,1,0,0,,
eps_std_789_2723476f,eps_std,eval,4,789,easy,5,5,0.1,0.95,0.0,default,100,3.0,8,1,1,0,0,,
eps_std_789_2723476f,eps_std,eval,5,789,easy,5,5,0.1,0.95,0.0,default,100,3.0,8,1,1,0,0,,
eps_std_789_2723476f,eps_std,eval,6,789,easy,5,5,0.1,0.95,0.0,default,100,3.0,8,1,1,0,0,,
eps_std_789_2723476f,eps_std,eval,7,789,easy,5,5,0.1,0.95,0.0,default,100,3.0,8,1,1,0,0,,
eps_std_789_2723476f,eps_std,eval,8,789,easy,5,5,0.1,0.95,0.0,default,100,3.0,8,1,1,0,0,,
eps_std_789_2723476f,eps_std,eval,9,789,easy,5,5,0.1,0.95,0.0,default,100,3.0,8,1,1,0,0,,
eps_std_789_2723476f,eps_std,eval,10,789,easy,5,5,0.1,0.95,0.0,default,100,3.0,8,1,1,0,0,,
eps_std_789_2723476f,eps_std,eval,1,789,easy,5,5,0.1,0.95,0.0,default,100,3.0,8,1,1,0,0,,
eps_std_789_2723476f,eps_std,eval,2,789,easy,5,5,0.1,0.95,0.0,default,100,3.0,8,1,1,0,0,,
eps_std_789_2723476f,eps_std,eval,3,789,easy,5,5,0.1,0.95,0.0,default,100,3.0,8,1,1,0,0,,
eps_std_789_2723476f,eps_std,eval,4,789,easy,5,5,0.1,0.95,0.0,default,100,3.0,8,1,1,0,0,,
eps_std_789_2723476f,eps_std,eval,5,789,easy,5,5,0.1,0.95,0.0,default,100,3.0,8,1,1,0,0,,
eps_std_789_2723476f,eps_std,eval,6,789,easy,5,5,0.1,0.95,0.0,default,100,3.0,8,1,1,0,0,,
eps_std_789_2723476f,eps_std,eval,7,789,easy,5,5,0.1,0.95,0.0,default,100,3.0,8,1,1,0,0,,
eps_std_789_2723476f,eps_std,eval,8,789,easy,5,5,0.1,0.95,0.0,default,100,3.0,8,1,1,0,0,,
eps_std_789_2723476f,eps_std,eval,9,789,easy,5,5,0.1,0.95,0.0,default,100,3.0,8,1,1,0,0,,
eps_std_789_2723476f,eps_std,eval,10,789,easy,5,5,0.1,0.95,0.0,default,100,3.0,8,1,1,0,0,,
eps_std_789_2723476f,eps_std,eval,1,789,easy,5,5,0.1,0.95,0.0,default,100,3.0,8,1,1,0,0,,
eps_std_789_2723476f,eps_std,eval,2,789,easy,5,5,0.1,0.95,0.0,default,100,3.0,8,1,1,0,0,,
eps_std_789_2723476f,eps_std,eval,3,789,easy,5,5,0.1,0.95,0.0,default,100,3.0,8,1,1,0,0,,
eps_std_789_2723476f,eps_std,eval,4,789,easy,5,5,0.1,0.95,0.0,default,100,3.0,8,1,1,0,0,,
eps_std_789_2723476f,eps_std,eval,5,789,easy,5,5,0.1,0.95,0.0,default,100,3.0,8,1,1,0,0,,
eps_std_789_2723476f,eps_std,eval,6,789,easy,5,5,0.1,0.95,0.0,default,100,3.0,8,1,1,0,0,,
eps_std_789_2723476f,eps_std,eval,7,789,easy,5,5,0.1,0.95,0.0,default,100,3.0,8,1,1,0,0,,
eps_std_789_2723476f,eps_std,eval,8,789,easy,5,5,0.1,0.95,0.0,default,100,3.0,8,1,1,0,0,,
eps_std_789_2723476f,eps_std,eval,9,789,easy,5,5,0.1,0.95,0.0,default,100,3.0,8,1,1,0,0,,
eps_std_789_2723476f,eps_std,eval,10,789,easy,5,5,0.1,0.95,0.0,default,100,3.0,8,1,1,0,0,,
eps_std_789_2723476f,eps_std,eval,1,789,easy,5,5,0.1,0.95,0.0,default,100,3.0,8,1,1,0,0,,
eps_std_789_2723476f,eps_std,eval,2,789,easy,5,5,0.1,0.95,0.0,default,100,3.0,8,1,1,0,0,,
eps_std_789_2723476f,eps_std,eval,3,789,easy,5,5,0.1,0.95,0.0,default,100,3.0,8,1,1,0,0,,
eps_std_789_2723476f,eps_std,eval,4,789,easy,5,5,0.1,0.95,0.0,default,100,3.0,8,1,1,0,0,,
eps_std_789_2723476f,eps_std,eval,5,789,easy,5,5,0.1,0.95,0.0,default,100,3.0,8,1,1,0,0,,
eps_std_789_2723476f,eps_std,eval,6,789,easy,5,5,0.1,0.95,0.0,default,100,3.0,8,1,1,0,0,,
eps_std_789_2723476f,eps_std,eval,7,789,easy,5,5,0.1,0.95,0.0,default,100,3.0,8,1,1,0,0,,
eps_std_789_2723476f,eps_std,eval,8,789,easy,5,5,0.1,0.95,0.0,default,100,3.0,8,1,1,0,0,,
eps_std_789_2723476f,eps_std,eval,9,789,easy,5,5,0.1,0.95,0.0,default,100,3.0,8,1,1,0,0,,
eps_std_789_2723476f,eps_std,eval,10,789,easy,5,5,0.1,0.95,0.0,default,100,3.0,8,1,1,0,0,,
eps_std_789_2723476f,eps_std,eval,1,789,easy,5,5,0.1,0.95,0.0,default,100,3.0,8,1,1,0,0,,
eps_std_789_2723476f,eps_std,eval,2,789,easy,5,5,0.1,0.95,0.0,default,100,3.0,8,1,1,0,0,,
eps_std_789_2723476f,eps_std,eval,3,789,easy,5,5,0.1,0.95,0.0,default,100,3.0,8,1,1,0,0,,
eps_std_789_2723476f,eps_std,eval,4,789,easy,5,5,0.1,0.95,0.0,default,100,3.0,8,1,1,0,0,,
eps_std_789_2723476f,eps_std,eval,5,789,easy,5,5,0.1,0.95,0.0,default,100,3.0,8,1,1,0,0,,
eps_std_789_2723476f,eps_std,eval,6,789,easy,5,5,0.1,0.95,0.0,default,100,3.0,8,1,1,0,0,,
eps_std_789_2723476f,eps_std,eval,7,789,easy,5,5,0.1,0.95,0.0,default,100,3.0,8,1,1,0,0,,
eps_std_789_2723476f,eps_std,eval,8,789,easy,5,5,0.1,0.95,0.0,default,100,3.0,8,1,1,0,0,,
eps_std_789_2723476f,eps_std,eval,9,789,easy,5,5,0.1,0.95,0.0,default,100,3.0,8,1,1,0,0,,
eps_std_789_2723476f,eps_std,eval,10,789,easy,5,5,0.1,0.95,0.0,default,100,3.0,8,1,1,0,0,,
eps_std_789_2723476f,eps_std,eval,1,789,easy,5,5,0.1,0.95,0.0,default,100,3.0,8,1,1,0,0,,
eps_std_789_2723476f,eps_std,eval,2,789,easy,5,5,0.1,0.95,0.0,default,100,3.0,8,1,1,0,0,,
eps_std_789_2723476f,eps_std,eval,3,789,easy,5,5,0.1,0.95,0.0,default,100,3.0,8,1,1,0,0,,
eps_std_789_2723476f,eps_std,eval,4,789,easy,5,5,0.1,0.95,0.0,default,100,3.0,8,1,1,0,0,,
eps_std_789_2723476f,eps_std,eval,5,789,easy,5,5,0.1,0.95,0.0,default,100,3.0,8,1,1,0,0,,
eps_std_789_2723476f,eps_std,eval,6,789,easy,5,5,0.1,0.95,0.0,default,100,3.0,8,1,1,0,0,,
eps_std_789_2723476f,eps_std,eval,7,789,easy,5,5,0.1,0.95,0.0,default,100,3.0,8,1,1,0,0,,
eps_std_789_2723476f,eps_std,eval,8,789,easy,5,5,0.1,0.95,0.0,default,100,3.0,8,1,1,0,0,,
eps_std_789_2723476f,eps_std,eval,9,789,easy,5,5,0.1,0.95,0.0,default,100,3.0,8,1,1,0,0,,
eps_std_789_2723476f,eps_std,eval,10,789,easy,5,5,0.1,0.95,0.0,default,100,3.0,8,1,1,0,0,,
eps_std_789_2723476f,eps_std,eval,1,789,easy,5,5,0.1,0.95,0.0,default,100,3.0,8,1,1,0,0,,
eps_std_789_2723476f,eps_std,eval,2,789,easy,5,5,0.1,0.95,0.0,default,100,3.0,8,1,1,0,0,,
eps_std_789_2723476f,eps_std,eval,3,789,easy,5,5,0.1,0.95,0.0,default,100,3.0,8,1,1,0,0,,
eps_std_789_2723476f,eps_std,eval,4,789,easy,5,5,0.1,0.95,0.0,default,100,3.0,8,1,1,0,0,,
eps_std_789_2723476f,eps_std,eval,5,789,easy,5,5,0.1,0.95,0.0,default,100,3.0,8,1,1,0,0,,
eps_std_789_2723476f,eps_std,eval,6,789,easy,5,5,0.1,0.95,0.0,default,100,3.0,8,1,1,0,0,,
eps_std_789_2723476f,eps_std,eval,7,789,easy,5,5,0.1,0.95,0.0,default,100,3.0,8,1,1,0,0,,
eps_std_789_2723476f,eps_std,eval,8,789,easy,5,5,0.1,0.95,0.0,default,100,3.0,8,1,1,0,0,,
eps_std_789_2723476f,eps_std,eval,9,789,easy,5,5,0.1,0.95,0.0,default,100,3.0,8,1,1,0,0,,
eps_std_789_2723476f,eps_std,eval,10,789,easy,5,5,0.1,0.95,0.0,default,100,3.0,8,1,1,0,0,,
eps_std_789_2723476f,eps_std,eval,1,789,easy,5,5,0.1,0.95,0.0,default,100,3.0,8,1,1,0,0,,
eps_std_789_2723476f,eps_std,eval,2,789,easy,5,5,0.1,0.95,0.0,default,100,3.0,8,1,1,0,0,,
eps_std_789_2723476f,eps_std,eval,3,789,easy,5,5,0.1,0.95,0.0,default,100,3.0,8,1,1,0,0,,
eps_std_789_2723476f,eps_std,eval,4,789,easy,5,5,0.1,0.95,0.0,default,100,3.0,8,1,1,0,0,,
eps_std_789_2723476f,eps_std,eval,5,789,easy,5,5,0.1,0.95,0.0,default,100,3.0,8,1,1,0,0,,
eps_std_789_2723476f,eps_std,eval,6,789,easy,5,5,0.1,0.95,0.0,default,100,3.0,8,1,1,0,0,,
eps_std_789_2723476f,eps_std,eval,7,789,easy,5,5,0.1,0.95,0.0,default,100,3.0,8,1,1,0,0,,
eps_std_789_2723476f,eps_std,eval,8,789,easy,5,5,0.1,0.95,0.0,default,100,3.0,8,1,1,0,0,,
eps_std_789_2723476f,eps_std,eval,9,789,easy,5,5,0.1,0.95,0.0,default,100,3.0,8,1,1,0,0,,
eps_std_789_2723476f,eps_std,eval,10,789,easy,5,5,0.1,0.95,0.0,default,100,3.0,8,1,1,0,0,,
eps_std_789_2723476f,eps_std,eval,1,789,easy,5,5,0.1,0.95,0.0,default,100,3.0,8,1,1,0,0,,
eps_std_789_2723476f,eps_std,eval,2,789,easy,5,5,0.1,0.95,0.0,default,100,3.0,8,1,1,0,0,,
eps_std_789_2723476f,eps_std,eval,3,789,easy,5,5,0.1,0.95,0.0,default,100,3.0,8,1,1,0,0,,
eps_std_789_2723476f,eps_std,eval,4,789,easy,5,5,0.1,0.95,0.0,default,100,3.0,8,1,1,0,0,,
eps_std_789_2723476f,eps_std,eval,5,789,easy,5,5,0.1,0.95,0.0,default,100,3.0,8,1,1,0,0,,
eps_std_789_2723476f,eps_std,eval,6,789,easy,5,5,0.1,0.95,0.0,default,100,3.0,8,1,1,0,0,,
eps_std_789_2723476f,eps_std,eval,7,789,easy,5,5,0.1,0.95,0.0,default,100,3.0,8,1,1,0,0,,
eps_std_789_2723476f,eps_std,eval,8,789,easy,5,5,0.1,0.95,0.0,default,100,3.0,8,1,1,0,0,,
eps_std_789_2723476f,eps_std,eval,9,789,easy,5,5,0.1,0.95,0.0,default,100,3.0,8,1,1,0,0,,
eps_std_789_2723476f,eps_std,eval,10,789,easy,5,5,0.1,0.95,0.0,default,100,3.0,8,1,1,0,0,,
eps_std_789_2723476f,eps_std,eval,1,789,easy,5,5,0.1,0.95,0.0,default,100,3.0,8,1,1,0,0,,
eps_std_789_2723476f,eps_std,eval,2,789,easy,5,5,0.1,0.95,0.0,default,100,3.0,8,1,1,0,0,,
eps_std_789_2723476f,eps_std,eval,3,789,easy,5,5,0.1,0.95,0.0,default,100,3.0,8,1,1,0,0,,
eps_std_789_2723476f,eps_std,eval,4,789,easy,5,5,0.1,0.95,0.0,default,100,3.0,8,1,1,0,0,,
eps_std_789_2723476f,eps_std,eval,5,789,easy,5,5,0.1,0.95,0.0,default,100,3.0,8,1,1,0,0,,
eps_std_789_2723476f,eps_std,eval,6,789,easy,5,5,0.1,0.95,0.0,default,100,3.0,8,1,1,0,0,,
eps_std_789_2723476f,eps_std,eval,7,789,easy,5,5,0.1,0.95,0.0,default,100,3.0,8,1,1,0,0,,
eps_std_789_2723476f,eps_std,eval,8,789,easy,5,5,0.1,0.95,0.0,default,100,3.0,8,1,1,0,0,,
eps_std_789_2723476f,eps_std,eval,9,789,easy,5,5,0.1,0.95,0.0,default,100,3.0,8,1,1,0,0,,
eps_std_789_2723476f,eps_std,eval,10,789,easy,5,5,0.1,0.95,0.0,default,100,3.0,8,1,1,0,0,,
eps_std_789_2723476f,eps_std,eval,1,789,easy,5,5,0.1,0.95,0.0,default,100,3.0,8,1,1,0,0,,
eps_std_789_2723476f,eps_std,eval,2,789,easy,5,5,0.1,0.95,0.0,default,100,3.0,8,1,1,0,0,,
eps_std_789_2723476f,eps_std,eval,3,789,easy,5,5,0.1,0.95,0.0,default,100,3.0,8,1,1,0,0,,
eps_std_789_2723476f,eps_std,eval,4,789,easy,5,5,0.1,0.95,0.0,default,100,3.0,8,1,1,0,0,,
eps_std_789_2723476f,eps_std,eval,5,789,easy,5,5,0.1,0.95,0.0,default,100,3.0,8,1,1,0,0,,
eps_std_789_2723476f,eps_std,eval,6,789,easy,5,5,0.1,0.95,0.0,default,100,3.0,8,1,1,0,0,,
eps_std_789_2723476f,eps_std,eval,7,789,easy,5,5,0.1,0.95,0.0,default,100,3.0,8,1,1,0,0,,
eps_std_789_2723476f,eps_std,eval,8,789,easy,5,5,0.1,0.95,0.0,default,100,3.0,8,1,1,0,0,,
eps_std_789_2723476f,eps_std,eval,9,789,easy,5,5,0.1,0.95,0.0,default,100,3.0,8,1,1,0,0,,
eps_std_789_2723476f,eps_std,eval,10,789,easy,5,5,0.1,0.95,0.0,default,100,3.0,8,1,1,0,0,,
eps_std_789_2723476f,eps_std,eval,1,789,easy,5,5,0.1,0.95,0.0,default,100,3.0,8,1,1,0,0,,
eps_std_789_2723476f,eps_std,eval,2,789,easy,5,5,0.1,0.95,0.0,default,100,3.0,8,1,1,0,0,,
eps_std_789_2723476f,eps_std,eval,3,789,easy,5,5,0.1,0.95,0.0,default,100,3.0,8,1,1,0,0,,
eps_std_789_2723476f,eps_std,eval,4,789,easy,5,5,0.1,0.95,0.0,default,100,3.0,8,1,1,0,0,,
eps_std_789_2723476f,eps_std,eval,5,789,easy,5,5,0.1,0.95,0.0,default,100,3.0,8,1,1,0,0,,
eps_std_789_2723476f,eps_std,eval,6,789,easy,5,5,0.1,0.95,0.0,default,100,3.0,8,1,1,0,0,,
eps_std_789_2723476f,eps_std,eval,7,789,easy,5,5,0.1,0.95,0.0,default,100,3.0,8,1,1,0,0,,
eps_std_789_2723476f,eps_std,eval,8,789,easy,5,5,0.1,0.95,0.0,default,100,3.0,8,1,1,0,0,,
eps_std_789_2723476f,eps_std,eval,9,789,easy,5,5,0.1,0.95,0.0,default,100,3.0,8,1,1,0,0,,
eps_std_789_2723476f,eps_std,eval,10,789,easy,5,5,0.1,0.95,0.0,default,100,3.0,8,1,1,0,0,,
eps_std_789_2723476f,eps_std,eval,1,789,easy,5,5,0.1,0.95,0.0,default,100,3.0,8,1,1,0,0,,
eps_std_789_2723476f,eps_std,eval,2,789,easy,5,5,0.1,0.95,0.0,default,100,3.0,8,1,1,0,0,,
eps_std_789_2723476f,eps_std,eval,3,789,easy,5,5,0.1,0.95,0.0,default,100,3.0,8,1,1,0,0,,
eps_std_789_2723476f,eps_std,eval,4,789,easy,5,5,0.1,0.95,0.0,default,100,3.0,8,1,1,0,0,,
eps_std_789_2723476f,eps_std,eval,5,789,easy,5,5,0.1,0.95,0.0,default,100,3.0,8,1,1,0,0,,
eps_std_789_2723476f,eps_std,eval,6,789,easy,5,5,0.1,0.95,0.0,default,100,3.0,8,1,1,0,0,,
eps_std_789_2723476f,eps_std,eval,7,789,easy,5,5,0.1,0.95,0.0,default,100,3.0,8,1,1,0,0,,
eps_std_789_2723476f,eps_std,eval,8,789,easy,5,5,0.1,0.95,0.0,default,100,3.0,8,1,1,0,0,,
eps_std_789_2723476f,eps_std,eval,9,789,easy,5,5,0.1,0.95,0.0,default,100,3.0,8,1,1,0,0,,
eps_std_789_2723476f,eps_std,eval,10,789,easy,5,5,0.1,0.95,0.0,default,100,3.0,8,1,1,0,0,,
eps_std_789_2723476f,eps_std,eval,1,789,easy,5,5,0.1,0.95,0.0,default,100,3.0,8,1,1,0,0,,
eps_std_789_2723476f,eps_std,eval,2,789,easy,5,5,0.1,0.95,0.0,default,100,3.0,8,1,1,0,0,,
eps_std_789_2723476f,eps_std,eval,3,789,easy,5,5,0.1,0.95,0.0,default,100,3.0,8,1,1,0,0,,
eps_std_789_2723476f,eps_std,eval,4,789,easy,5,5,0.1,0.95,0.0,default,100,3.0,8,1,1,0,0,,
eps_std_789_2723476f,eps_std,eval,5,789,easy,5,5,0.1,0.95,0.0,default,100,3.0,8,1,1,0,0,,
eps_std_789_2723476f,eps_std,eval,6,789,easy,5,5,0.1,0.95,0.0,default,100,3.0,8,1,1,0,0,,
eps_std_789_2723476f,eps_std,eval,7,789,easy,5,5,0.1,0.95,0.0,default,100,3.0,8,1,1,0,0,,
eps_std_789_2723476f,eps_std,eval,8,789,easy,5,5,0.1,0.95,0.0,default,100,3.0,8,1,1,0,0,,
eps_std_789_2723476f,eps_std,eval,9,789,easy,5,5,0.1,0.95,0.0,default,100,3.0,8,1,1,0,0,,
eps_std_789_2723476f,eps_std,eval,10,789,easy,5,5,0.1,0.95,0.0,default,100,3.0,8,1,1,0,0,,
eps_std_789_2723476f,eps_std,eval,1,789,easy,5,5,0.1,0.95,0.0,default,100,3.0,8,1,1,0,0,,
eps_std_789_2723476f,eps_std,eval,2,789,easy,5,5,0.1,0.95,0.0,default,100,3.0,8,1,1,0,0,,
eps_std_789_2723476f,eps_std,eval,3,789,easy,5,5,0.1,0.95,0.0,default,100,3.0,8,1,1,0,0,,
eps_std_789_2723476f,eps_std,eval,4,789,easy,5,5,0.1,0.95,0.0,default,100,3.0,8,1,1,0,0,,
eps_std_789_2723476f,eps_std,eval,5,789,easy,5,5,0.1,0.95,0.0,default,100,3.0,8,1,1,0,0,,
eps_std_789_2723476f,eps_std,eval,6,789,easy,5,5,0.1,0.95,0.0,default,100,3.0,8,1,1,0,0,,
eps_std_789_2723476f,eps_std,eval,7,789,easy,5,5,0.1,0.95,0.0,default,100,3.0,8,1,1,0,0,,
eps_std_789_2723476f,eps_std,eval,8,789,easy,5,5,0.1,0.95,0.0,default,100,3.0,8,1,1,0,0,,
eps_std_789_2723476f,eps_std,eval,9,789,easy,5,5,0.1,0.95,0.0,default,100,3.0,8,1,1,0,0,,
eps_std_789_2723476f,eps_std,eval,10,789,easy,5,5,0.1,0.95,0.0,default,100,3.0,8,1,1,0,0,,
