run_id,exp_name,phase,episode,seed,map_name,rows,cols,alpha,gamma,epsilon,reward_setting,max_steps,total_reward,steps,success,terminated,truncated,hit_trap,elapsed_sec,qtable_path
reward_dense_456_14f3b1ae,reward_dense,train,1,456,easy,5,5,0.1,0.95,0.199,default,100,-26.200000000000017,60,0,1,0,1,0.007654000000911765,
reward_dense_456_14f3b1ae,reward_dense,train,2,456,easy,5,5,0.1,0.95,0.19800500000000001,default,100,4.5,20,1,1,0,0,0.0023074000055203214,
reward_dense_456_14f3b1ae,reward_dense,train,3,456,easy,5,5,0.1,0.95,0.197014975,default,100,-9.6,20,0,1,0,1,0.002339600003324449,
reward_dense_456_14f3b1ae,reward_dense,train,4,456,easy,5,5,0.1,0.95,0.19602990012500002,default,100,1.900000000000004,28,1,1,0,0,0.003177899998263456,
reward_dense_456_14f3b1ae,reward_dense,train,5,456,easy,5,5,0.1,0.95,0.19504975062437502,default,100,-7.0,12,0,1,0,1,0.0015298000071197748,
reward_dense_456_14f3b1ae,reward_dense,train,6,456,easy,5,5,0.1,0.95,0.19407450187125314,default,100,-7.800000000000001,20,0,1,0,1,0.0023532000050181523,
reward_dense_456_14f3b1ae,reward_dense,train,7,456,easy,5,5,0.1,0.95,0.19310412936189686,default,100,-1.8999999999999897,57,1,1,0,0,0.006330200005322695,
reward_dense_456_14f3b1ae,reward_dense,train,8,456,easy,5,5,0.1,0.95,0.19213860871508737,default,100,-10.200000000000001,17,0,1,0,1,0.001958100008778274,
reward_dense_456_14f3b1ae,reward_dense,train,9,456,easy,5,5,0.1,0.95,0.19117791567151193,default,100,5.099999999999998,32,1,1,0,0,0.0036874999932479113,
reward_dense_456_14f3b1ae,reward_dense,train,10,456,easy,5,5,0.1,0.95,0.19022202609315436,default,100,3.900000000000004,35,1,1,0,0,0.004024500012747012,
reward_dense_456_14f3b1ae,reward_dense,train,11,456,easy,5,5,0.1,0.95,0.18927091596268858,default,100,-7.2,14,0,1,0,1,0.0016441000043414533,
reward_dense_456_14f3b1ae,reward_dense,train,12,456,easy,5,5,0.1,0.95,0.18832456138287512,default,100,4.100000000000001,24,1,1,0,0,0.0027337999927112833,
reward_dense_456_14f3b1ae,reward_dense,train,13,456,easy,5,5,0.1,0.95,0.18738293857596075,default,100,7.099999999999999,30,1,1,0,0,0.0035644000017782673,
reward_dense_456_14f3b1ae,reward_dense,train,14,456,easy,5,5,0.1,0.95,0.18644602388308096,default,100,9.1,10,1,1,0,0,0.0012072999961674213,
reward_dense_456_14f3b1ae,reward_dense,train,15,456,easy,5,5,0.1,0.95,0.18551379376366556,default,100,3.9000000000000066,44,1,1,0,0,0.004909600000246428,
reward_dense_456_14f3b1ae,reward_dense,train,16,456,easy,5,5,0.1,0.95,0.18458622479484724,default,100,7.5,17,1,1,0,0,0.0020035999914398417,
reward_dense_456_14f3b1ae,reward_dense,train,17,456,easy,5,5,0.1,0.95,0.183663293670873,default,100,6.699999999999999,16,1,1,0,0,0.0018531000096118078,
reward_dense_456_14f3b1ae,reward_dense,train,18,456,easy,5,5,0.1,0.95,0.18274497720251864,default,100,7.299999999999999,19,1,1,0,0,0.0022372000094037503,
reward_dense_456_14f3b1ae,reward_dense,train,19,456,easy,5,5,0.1,0.95,0.18183125231650604,default,100,8.1,20,1,1,0,0,0.00244389999716077,
reward_dense_456_14f3b1ae,reward_dense,train,20,456,easy,5,5,0.1,0.95,0.18092209605492351,default,100,4.500000000000002,20,1,1,0,0,0.002152599990949966,
reward_dense_456_14f3b1ae,reward_dense,train,21,456,easy,5,5,0.1,0.95,0.1800174855746489,default,100,7.299999999999999,10,1,1,0,0,0.001295800000661984,
reward_dense_456_14f3b1ae,reward_dense,train,22,456,easy,5,5,0.1,0.95,0.17911739814677563,default,100,9.1,10,1,1,0,0,0.0012966000067535788,
reward_dense_456_14f3b1ae,reward_dense,train,23,456,easy,5,5,0.1,0.95,0.17822181115604174,default,100,-9.6,20,0,1,0,1,0.002279899999848567,
reward_dense_456_14f3b1ae,reward_dense,train,24,456,easy,5,5,0.1,0.95,0.17733070210026153,default,100,7.9,13,1,1,0,0,0.001527100001112558,
reward_dense_456_14f3b1ae,reward_dense,train,25,456,easy,5,5,0.1,0.95,0.17644404858976023,default,100,8.3,9,1,1,0,0,0.0011492999910842627,
reward_dense_456_14f3b1ae,reward_dense,train,26,456,easy,5,5,0.1,0.95,0.17556182834681144,default,100,8.9,12,1,1,0,0,0.0015562000044155866,
reward_dense_456_14f3b1ae,reward_dense,train,27,456,easy,5,5,0.1,0.95,0.1746840192050774,default,100,9.3,8,1,1,0,0,0.0010646000009728596,
reward_dense_456_14f3b1ae,reward_dense,train,28,456,easy,5,5,0.1,0.95,0.173810599109052,default,100,8.299999999999999,9,1,1,0,0,0.0011217999999644235,
reward_dense_456_14f3b1ae,reward_dense,train,29,456,easy,5,5,0.1,0.95,0.17294154611350673,default,100,9.3,8,1,1,0,0,0.001055200002156198,
reward_dense_456_14f3b1ae,reward_dense,train,30,456,easy,5,5,0.1,0.95,0.1720768383829392,default,100,4.9,25,1,1,0,0,0.0028027999942423776,
reward_dense_456_14f3b1ae,reward_dense,train,31,456,easy,5,5,0.1,0.95,0.1712164541910245,default,100,8.9,12,1,1,0,0,0.0014637999993283302,
reward_dense_456_14f3b1ae,reward_dense,train,32,456,easy,5,5,0.1,0.95,0.17036037192006936,default,100,9.1,10,1,1,0,0,0.0012082000030204654,
reward_dense_456_14f3b1ae,reward_dense,train,33,456,easy,5,5,0.1,0.95,0.16950857006046902,default,100,8.299999999999999,9,1,1,0,0,0.001119799999287352,
reward_dense_456_14f3b1ae,reward_dense,train,34,456,easy,5,5,0.1,0.95,0.16866102721016668,default,100,8.7,14,1,1,0,0,0.0016908999969018623,
reward_dense_456_14f3b1ae,reward_dense,train,35,456,easy,5,5,0.1,0.95,0.16781772207411585,default,100,8.3,9,1,1,0,0,0.001156700003775768,
reward_dense_456_14f3b1ae,reward_dense,train,36,456,easy,5,5,0.1,0.95,0.16697863346374528,default,100,9.3,8,1,1,0,0,0.0010914000013144687,
reward_dense_456_14f3b1ae,reward_dense,train,37,456,easy,5,5,0.1,0.95,0.16614374029642656,default,100,8.9,12,1,1,0,0,0.0014488000015262514,
reward_dense_456_14f3b1ae,reward_dense,train,38,456,easy,5,5,0.1,0.95,0.16531302159494443,default,100,9.1,10,1,1,0,0,0.001188399997772649,
reward_dense_456_14f3b1ae,reward_dense,train,39,456,easy,5,5,0.1,0.95,0.16448645648696972,default,100,8.1,11,1,1,0,0,0.0013518999912776053,
reward_dense_456_14f3b1ae,reward_dense,train,40,456,easy,5,5,0.1,0.95,0.16366402420453488,default,100,8.7,14,1,1,0,0,0.0017661000019870698,
reward_dense_456_14f3b1ae,reward_dense,train,41,456,easy,5,5,0.1,0.95,0.1628457040835122,default,100,8.299999999999999,9,1,1,0,0,0.0011763999937102199,
reward_dense_456_14f3b1ae,reward_dense,train,42,456,easy,5,5,0.1,0.95,0.16203147556309463,default,100,9.1,10,1,1,0,0,0.0012366000009933487,
reward_dense_456_14f3b1ae,reward_dense,train,43,456,easy,5,5,0.1,0.95,0.16122131818527916,default,100,8.9,12,1,1,0,0,0.0015322999970521778,
reward_dense_456_14f3b1ae,reward_dense,train,44,456,easy,5,5,0.1,0.95,0.16041521159435276,default,100,9.1,10,1,1,0,0,0.0012128999951528385,
reward_dense_456_14f3b1ae,reward_dense,train,45,456,easy,5,5,0.1,0.95,0.159613135536381,default,100,9.1,10,1,1,0,0,0.0012644000089494511,
reward_dense_456_14f3b1ae,reward_dense,train,46,456,easy,5,5,0.1,0.95,0.15881506985869911,default,100,9.3,8,1,1,0,0,0.001057099987519905,
reward_dense_456_14f3b1ae,reward_dense,train,47,456,easy,5,5,0.1,0.95,0.15802099450940563,default,100,9.3,8,1,1,0,0,0.0010837999871000648,
reward_dense_456_14f3b1ae,reward_dense,train,48,456,easy,5,5,0.1,0.95,0.1572308895368586,default,100,9.3,8,1,1,0,0,0.0010731000074883923,
reward_dense_456_14f3b1ae,reward_dense,train,49,456,easy,5,5,0.1,0.95,0.1564447350891743,default,100,9.3,8,1,1,0,0,0.0010631000041030347,
reward_dense_456_14f3b1ae,reward_dense,train,50,456,easy,5,5,0.1,0.95,0.15566251141372844,default,100,9.3,8,1,1,0,0,0.001084100003936328,
reward_dense_456_14f3b1ae,reward_dense,train,51,456,easy,5,5,0.1,0.95,0.1548841988566598,default,100,8.1,11,1,1,0,0,0.0012291000020923093,
reward_dense_456_14f3b1ae,reward_dense,train,52,456,easy,5,5,0.1,0.95,0.1541097778623765,default,100,8.3,9,1,1,0,0,0.0011571999930310994,
reward_dense_456_14f3b1ae,reward_dense,train,53,456,easy,5,5,0.1,0.95,0.15333922897306462,default,100,9.3,8,1,1,0,0,0.001061300004948862,
reward_dense_456_14f3b1ae,reward_dense,train,54,456,easy,5,5,0.1,0.95,0.1525725328281993,default,100,6.299999999999999,11,1,1,0,0,0.0012992999982088804,
reward_dense_456_14f3b1ae,reward_dense,train,55,456,easy,5,5,0.1,0.95,0.1518096701640583,default,100,7.3,10,1,1,0,0,0.0012349000026006252,
reward_dense_456_14f3b1ae,reward_dense,train,56,456,easy,5,5,0.1,0.95,0.151050621813238,default,100,8.3,9,1,1,0,0,0.0010775999980978668,
reward_dense_456_14f3b1ae,reward_dense,train,57,456,easy,5,5,0.1,0.95,0.15029536870417182,default,100,8.3,9,1,1,0,0,0.001189399990835227,
reward_dense_456_14f3b1ae,reward_dense,train,58,456,easy,5,5,0.1,0.95,0.14954389186065095,default,100,8.1,11,1,1,0,0,0.0013260999985504895,
reward_dense_456_14f3b1ae,reward_dense,train,59,456,easy,5,5,0.1,0.95,0.1487961724013477,default,100,8.299999999999999,9,1,1,0,0,0.0011494000063976273,
reward_dense_456_14f3b1ae,reward_dense,train,60,456,easy,5,5,0.1,0.95,0.14805219153934096,default,100,9.1,10,1,1,0,0,0.0015184999938355759,
reward_dense_456_14f3b1ae,reward_dense,train,61,456,easy,5,5,0.1,0.95,0.14731193058164427,default,100,9.3,8,1,1,0,0,0.0011076999944634736,
reward_dense_456_14f3b1ae,reward_dense,train,62,456,easy,5,5,0.1,0.95,0.14657537092873604,default,100,7.299999999999999,10,1,1,0,0,0.0012287999998079613,
reward_dense_456_14f3b1ae,reward_dense,train,63,456,easy,5,5,0.1,0.95,0.14584249407409236,default,100,8.299999999999999,9,1,1,0,0,0.0011362000077497214,
reward_dense_456_14f3b1ae,reward_dense,train,64,456,easy,5,5,0.1,0.95,0.1451132816037219,default,100,7.1,12,1,1,0,0,0.0013995999906910583,
reward_dense_456_14f3b1ae,reward_dense,train,65,456,easy,5,5,0.1,0.95,0.1443877151957033,default,100,8.299999999999999,9,1,1,0,0,0.001101900008507073,
reward_dense_456_14f3b1ae,reward_dense,train,66,456,easy,5,5,0.1,0.95,0.14366577661972477,default,100,9.3,8,1,1,0,0,0.001080799993360415,
reward_dense_456_14f3b1ae,reward_dense,train,67,456,easy,5,5,0.1,0.95,0.14294744773662615,default,100,9.3,8,1,1,0,0,0.0010695999953895807,
reward_dense_456_14f3b1ae,reward_dense,train,68,456,easy,5,5,0.1,0.95,0.14223271049794303,default,100,9.3,8,1,1,0,0,0.0010780000011436641,
reward_dense_456_14f3b1ae,reward_dense,train,69,456,easy,5,5,0.1,0.95,0.14152154694545332,default,100,9.3,8,1,1,0,0,0.0010796999995363876,
reward_dense_456_14f3b1ae,reward_dense,train,70,456,easy,5,5,0.1,0.95,0.14081393921072605,default,100,8.299999999999999,9,1,1,0,0,0.0014160999999148771,
reward_dense_456_14f3b1ae,reward_dense,train,71,456,easy,5,5,0.1,0.95,0.1401098695146724,default,100,9.3,8,1,1,0,0,0.0011018999939551577,
reward_dense_456_14f3b1ae,reward_dense,train,72,456,easy,5,5,0.1,0.95,0.13940932016709906,default,100,9.1,10,1,1,0,0,0.001298899995163083,
reward_dense_456_14f3b1ae,reward_dense,train,73,456,easy,5,5,0.1,0.95,0.13871227356626356,default,100,9.3,8,1,1,0,0,0.0010561999952187762,
reward_dense_456_14f3b1ae,reward_dense,train,74,456,easy,5,5,0.1,0.95,0.13801871219843223,default,100,9.1,10,1,1,0,0,0.0012583000061567873,
reward_dense_456_14f3b1ae,reward_dense,train,75,456,easy,5,5,0.1,0.95,0.13732861863744006,default,100,7.1,12,1,1,0,0,0.0013983999961055815,
reward_dense_456_14f3b1ae,reward_dense,train,76,456,easy,5,5,0.1,0.95,0.13664197554425286,default,100,8.299999999999999,9,1,1,0,0,0.001120199987781234,
reward_dense_456_14f3b1ae,reward_dense,train,77,456,easy,5,5,0.1,0.95,0.1359587656665316,default,100,9.3,8,1,1,0,0,0.0010439000034239143,
reward_dense_456_14f3b1ae,reward_dense,train,78,456,easy,5,5,0.1,0.95,0.13527897183819892,default,100,9.3,8,1,1,0,0,0.001029000006383285,
reward_dense_456_14f3b1ae,reward_dense,train,79,456,easy,5,5,0.1,0.95,0.13460257697900793,default,100,8.1,11,1,1,0,0,0.0013341999874683097,
reward_dense_456_14f3b1ae,reward_dense,train,80,456,easy,5,5,0.1,0.95,0.13392956409411289,default,100,9.3,8,1,1,0,0,0.0010509999992791563,
reward_dense_456_14f3b1ae,reward_dense,train,81,456,easy,5,5,0.1,0.95,0.1332599162736423,default,100,8.9,12,1,1,0,0,0.0014383999950950965,
reward_dense_456_14f3b1ae,reward_dense,train,82,456,easy,5,5,0.1,0.95,0.1325936166922741,default,100,9.1,10,1,1,0,0,0.0012883000017609447,
reward_dense_456_14f3b1ae,reward_dense,train,83,456,easy,5,5,0.1,0.95,0.13193064860881273,default,100,9.3,8,1,1,0,0,0.001068700003088452,
reward_dense_456_14f3b1ae,reward_dense,train,84,456,easy,5,5,0.1,0.95,0.13127099536576867,default,100,9.3,8,1,1,0,0,0.0011054000060539693,
reward_dense_456_14f3b1ae,reward_dense,train,85,456,easy,5,5,0.1,0.95,0.13061464038893983,default,100,8.1,11,1,1,0,0,0.0013362000026972964,
reward_dense_456_14f3b1ae,reward_dense,train,86,456,easy,5,5,0.1,0.95,0.12996156718699514,default,100,8.299999999999999,9,1,1,0,0,0.0010860000038519502,
reward_dense_456_14f3b1ae,reward_dense,train,87,456,easy,5,5,0.1,0.95,0.12931175935106015,default,100,9.3,8,1,1,0,0,0.0010799000010592863,
reward_dense_456_14f3b1ae,reward_dense,train,88,456,easy,5,5,0.1,0.95,0.12866520055430486,default,100,9.1,10,1,1,0,0,0.0012405999877955765,
reward_dense_456_14f3b1ae,reward_dense,train,89,456,easy,5,5,0.1,0.95,0.12802187455153333,default,100,9.1,10,1,1,0,0,0.001272099994821474,
reward_dense_456_14f3b1ae,reward_dense,train,90,456,easy,5,5,0.1,0.95,0.12738176517877567,default,100,8.3,9,1,1,0,0,0.0011457999935373664,
reward_dense_456_14f3b1ae,reward_dense,train,91,456,easy,5,5,0.1,0.95,0.1267448563528818,default,100,9.3,8,1,1,0,0,0.001067200006218627,
reward_dense_456_14f3b1ae,reward_dense,train,92,456,easy,5,5,0.1,0.95,0.12611113207111738,default,100,9.3,8,1,1,0,0,0.001075499996659346,
reward_dense_456_14f3b1ae,reward_dense,train,93,456,easy,5,5,0.1,0.95,0.1254805764107618,default,100,9.1,10,1,1,0,0,0.0011611000081757084,
reward_dense_456_14f3b1ae,reward_dense,train,94,456,easy,5,5,0.1,0.95,0.12485317352870799,default,100,9.3,8,1,1,0,0,0.001072099999873899,
reward_dense_456_14f3b1ae,reward_dense,train,95,456,easy,5,5,0.1,0.95,0.12422890766106445,default,100,9.3,8,1,1,0,0,0.0010525000107008964,
reward_dense_456_14f3b1ae,reward_dense,train,96,456,easy,5,5,0.1,0.95,0.12360776312275913,default,100,9.3,8,1,1,0,0,0.0010304000024916604,
reward_dense_456_14f3b1ae,reward_dense,train,97,456,easy,5,5,0.1,0.95,0.12298972430714533,default,100,7.299999999999999,10,1,1,0,0,0.0012120000028517097,
reward_dense_456_14f3b1ae,reward_dense,train,98,456,easy,5,5,0.1,0.95,0.1223747756856096,default,100,9.3,8,1,1,0,0,0.0010787999926833436,
reward_dense_456_14f3b1ae,reward_dense,train,99,456,easy,5,5,0.1,0.95,0.12176290180718155,default,100,8.299999999999999,9,1,1,0,0,0.0011227000068174675,
reward_dense_456_14f3b1ae,reward_dense,train,100,456,easy,5,5,0.1,0.95,0.12115408729814564,default,100,9.3,8,1,1,0,0,0.0010765999904833734,
reward_dense_456_14f3b1ae,reward_dense,train,101,456,easy,5,5,0.1,0.95,0.12054831686165492,default,100,9.1,10,1,1,0,0,0.0013009000103920698,
reward_dense_456_14f3b1ae,reward_dense,train,102,456,easy,5,5,0.1,0.95,0.11994557527734664,default,100,9.3,8,1,1,0,0,0.001072700004442595,
reward_dense_456_14f3b1ae,reward_dense,train,103,456,easy,5,5,0.1,0.95,0.11934584740095991,default,100,8.299999999999999,9,1,1,0,0,0.0011575000098673627,
reward_dense_456_14f3b1ae,reward_dense,train,104,456,easy,5,5,0.1,0.95,0.11874911816395511,default,100,9.3,8,1,1,0,0,0.0010590000019874424,
reward_dense_456_14f3b1ae,reward_dense,train,105,456,easy,5,5,0.1,0.95,0.11815537257313534,default,100,9.1,10,1,1,0,0,0.001259800003026612,
reward_dense_456_14f3b1ae,reward_dense,train,106,456,easy,5,5,0.1,0.95,0.11756459571026966,default,100,9.3,8,1,1,0,0,0.0011286000080872327,
reward_dense_456_14f3b1ae,reward_dense,train,107,456,easy,5,5,0.1,0.95,0.1169767727317183,default,100,8.299999999999999,9,1,1,0,0,0.00115640000149142,
reward_dense_456_14f3b1ae,reward_dense,train,108,456,easy,5,5,0.1,0.95,0.1163918888680597,default,100,9.3,8,1,1,0,0,0.0010785000049509108,
reward_dense_456_14f3b1ae,reward_dense,train,109,456,easy,5,5,0.1,0.95,0.11580992942371941,default,100,8.9,12,1,1,0,0,0.0014309999969555065,
reward_dense_456_14f3b1ae,reward_dense,train,110,456,easy,5,5,0.1,0.95,0.11523087977660082,default,100,9.3,8,1,1,0,0,0.001030300001730211,
reward_dense_456_14f3b1ae,reward_dense,train,111,456,easy,5,5,0.1,0.95,0.11465472537771781,default,100,9.3,8,1,1,0,0,0.001066600001649931,
reward_dense_456_14f3b1ae,reward_dense,train,112,456,easy,5,5,0.1,0.95,0.11408145175082922,default,100,8.1,11,1,1,0,0,0.0013465999945765361,
reward_dense_456_14f3b1ae,reward_dense,train,113,456,easy,5,5,0.1,0.95,0.11351104449207507,default,100,9.3,8,1,1,0,0,0.0010777000134112313,
reward_dense_456_14f3b1ae,reward_dense,train,114,456,easy,5,5,0.1,0.95,0.11294348926961469,default,100,8.299999999999999,9,1,1,0,0,0.0011301999911665916,
reward_dense_456_14f3b1ae,reward_dense,train,115,456,easy,5,5,0.1,0.95,0.11237877182326661,default,100,7.299999999999999,10,1,1,0,0,0.0011713000130839646,
reward_dense_456_14f3b1ae,reward_dense,train,116,456,easy,5,5,0.1,0.95,0.11181687796415028,default,100,9.3,8,1,1,0,0,0.001013699991744943,
reward_dense_456_14f3b1ae,reward_dense,train,117,456,easy,5,5,0.1,0.95,0.11125779357432954,default,100,9.3,8,1,1,0,0,0.00109119999979157,
reward_dense_456_14f3b1ae,reward_dense,train,118,456,easy,5,5,0.1,0.95,0.11070150460645789,default,100,8.3,9,1,1,0,0,0.0011319999903207645,
reward_dense_456_14f3b1ae,reward_dense,train,119,456,easy,5,5,0.1,0.95,0.1101479970834256,default,100,9.3,8,1,1,0,0,0.0010791000095196068,
reward_dense_456_14f3b1ae,reward_dense,train,120,456,easy,5,5,0.1,0.95,0.10959725709800847,default,100,9.3,8,1,1,0,0,0.0010870999976759776,
reward_dense_456_14f3b1ae,reward_dense,train,121,456,easy,5,5,0.1,0.95,0.10904927081251842,default,100,9.1,10,1,1,0,0,0.001302200005738996,
reward_dense_456_14f3b1ae,reward_dense,train,122,456,easy,5,5,0.1,0.95,0.10850402445845582,default,100,9.1,10,1,1,0,0,0.0011384999961592257,
reward_dense_456_14f3b1ae,reward_dense,train,123,456,easy,5,5,0.1,0.95,0.10796150433616354,default,100,9.1,10,1,1,0,0,0.0012463000020943582,
reward_dense_456_14f3b1ae,reward_dense,train,124,456,easy,5,5,0.1,0.95,0.10742169681448273,default,100,9.1,10,1,1,0,0,0.001368400000501424,
reward_dense_456_14f3b1ae,reward_dense,train,125,456,easy,5,5,0.1,0.95,0.10688458833041031,default,100,9.3,8,1,1,0,0,0.0010904000082518905,
reward_dense_456_14f3b1ae,reward_dense,train,126,456,easy,5,5,0.1,0.95,0.10635016538875826,default,100,9.3,8,1,1,0,0,0.0010623999987728894,
reward_dense_456_14f3b1ae,reward_dense,train,127,456,easy,5,5,0.1,0.95,0.10581841456181447,default,100,9.3,8,1,1,0,0,0.0010494000016478822,
reward_dense_456_14f3b1ae,reward_dense,train,128,456,easy,5,5,0.1,0.95,0.1052893224890054,default,100,9.1,10,1,1,0,0,0.0012466000043787062,
reward_dense_456_14f3b1ae,reward_dense,train,129,456,easy,5,5,0.1,0.95,0.10476287587656037,default,100,9.3,8,1,1,0,0,0.0010863999923458323,
reward_dense_456_14f3b1ae,reward_dense,train,130,456,easy,5,5,0.1,0.95,0.10423906149717757,default,100,9.3,8,1,1,0,0,0.0010755000112112612,
reward_dense_456_14f3b1ae,reward_dense,train,131,456,easy,5,5,0.1,0.95,0.10371786618969168,default,100,9.3,8,1,1,0,0,0.001078899993444793,
reward_dense_456_14f3b1ae,reward_dense,train,132,456,easy,5,5,0.1,0.95,0.10319927685874322,default,100,9.3,8,1,1,0,0,0.001064700001734309,
reward_dense_456_14f3b1ae,reward_dense,train,133,456,easy,5,5,0.1,0.95,0.10268328047444951,default,100,9.1,10,1,1,0,0,0.0012768000015057623,
reward_dense_456_14f3b1ae,reward_dense,train,134,456,easy,5,5,0.1,0.95,0.10216986407207726,default,100,9.3,8,1,1,0,0,0.0010780000011436641,
reward_dense_456_14f3b1ae,reward_dense,train,135,456,easy,5,5,0.1,0.95,0.10165901475171688,default,100,8.299999999999999,9,1,1,0,0,0.00108380000165198,
reward_dense_456_14f3b1ae,reward_dense,train,136,456,easy,5,5,0.1,0.95,0.10115071967795829,default,100,9.3,8,1,1,0,0,0.0012898999993922189,
reward_dense_456_14f3b1ae,reward_dense,train,137,456,easy,5,5,0.1,0.95,0.10064496607956849,default,100,9.1,10,1,1,0,0,0.0013478999899234623,
reward_dense_456_14f3b1ae,reward_dense,train,138,456,easy,5,5,0.1,0.95,0.10014174124917065,default,100,9.3,8,1,1,0,0,0.0010829999955603853,
reward_dense_456_14f3b1ae,reward_dense,train,139,456,easy,5,5,0.1,0.95,0.09964103254292479,default,100,9.3,8,1,1,0,0,0.0010897999891312793,
reward_dense_456_14f3b1ae,reward_dense,train,140,456,easy,5,5,0.1,0.95,0.09914282738021017,default,100,9.3,8,1,1,0,0,0.001061999995727092,
reward_dense_456_14f3b1ae,reward_dense,train,141,456,easy,5,5,0.1,0.95,0.09864711324330912,default,100,9.3,8,1,1,0,0,0.00114160000521224,
reward_dense_456_14f3b1ae,reward_dense,train,142,456,easy,5,5,0.1,0.95,0.09815387767709258,default,100,8.299999999999999,9,1,1,0,0,0.001189300004625693,
reward_dense_456_14f3b1ae,reward_dense,train,143,456,easy,5,5,0.1,0.95,0.09766310828870711,default,100,9.3,8,1,1,0,0,0.0010608000011416152,
reward_dense_456_14f3b1ae,reward_dense,train,144,456,easy,5,5,0.1,0.95,0.09717479274726358,default,100,9.3,8,1,1,0,0,0.0010652999917510897,
reward_dense_456_14f3b1ae,reward_dense,train,145,456,easy,5,5,0.1,0.95,0.09668891878352726,default,100,9.1,10,1,1,0,0,0.0012743999977828935,
reward_dense_456_14f3b1ae,reward_dense,train,146,456,easy,5,5,0.1,0.95,0.09620547418960962,default,100,7.1,12,1,1,0,0,0.0014639000000897795,
reward_dense_456_14f3b1ae,reward_dense,train,147,456,easy,5,5,0.1,0.95,0.09572444681866157,default,100,8.3,9,1,1,0,0,0.001149399991845712,
reward_dense_456_14f3b1ae,reward_dense,train,148,456,easy,5,5,0.1,0.95,0.09524582458456826,default,100,9.3,8,1,1,0,0,0.0010808000079123303,
reward_dense_456_14f3b1ae,reward_dense,train,149,456,easy,5,5,0.1,0.95,0.09476959546164541,default,100,8.3,9,1,1,0,0,0.0011239000014029443,
reward_dense_456_14f3b1ae,reward_dense,train,150,456,easy,5,5,0.1,0.95,0.09429574748433718,default,100,9.3,8,1,1,0,0,0.0010682000138331205,
reward_dense_456_14f3b1ae,reward_dense,train,151,456,easy,5,5,0.1,0.95,0.09382426874691549,default,100,7.299999999999999,10,1,1,0,0,0.0011931999906664714,
reward_dense_456_14f3b1ae,reward_dense,train,152,456,easy,5,5,0.1,0.95,0.09335514740318092,default,100,8.299999999999999,9,1,1,0,0,0.0011383000091882423,
reward_dense_456_14f3b1ae,reward_dense,train,153,456,easy,5,5,0.1,0.95,0.09288837166616501,default,100,9.3,8,1,1,0,0,0.0010596999927656725,
reward_dense_456_14f3b1ae,reward_dense,train,154,456,easy,5,5,0.1,0.95,0.09242392980783419,default,100,9.3,8,1,1,0,0,0.0010758999997051433,
reward_dense_456_14f3b1ae,reward_dense,train,155,456,easy,5,5,0.1,0.95,0.09196181015879502,default,100,9.3,8,1,1,0,0,0.001079499998013489,
reward_dense_456_14f3b1ae,reward_dense,train,156,456,easy,5,5,0.1,0.95,0.09150200110800105,default,100,9.3,8,1,1,0,0,0.001047599987941794,
reward_dense_456_14f3b1ae,reward_dense,train,157,456,easy,5,5,0.1,0.95,0.09104449110246104,default,100,9.3,8,1,1,0,0,0.001029900013236329,
reward_dense_456_14f3b1ae,reward_dense,train,158,456,easy,5,5,0.1,0.95,0.09058926864694875,default,100,8.299999999999999,9,1,1,0,0,0.0011240000021643937,
reward_dense_456_14f3b1ae,reward_dense,train,159,456,easy,5,5,0.1,0.95,0.090136322303714,default,100,8.299999999999999,9,1,1,0,0,0.0011330999986967072,
reward_dense_456_14f3b1ae,reward_dense,train,160,456,easy,5,5,0.1,0.95,0.08968564069219544,default,100,9.3,8,1,1,0,0,0.0010476000024937093,
reward_dense_456_14f3b1ae,reward_dense,train,161,456,easy,5,5,0.1,0.95,0.08923721248873447,default,100,9.3,8,1,1,0,0,0.0010977999918395653,
reward_dense_456_14f3b1ae,reward_dense,train,162,456,easy,5,5,0.1,0.95,0.08879102642629079,default,100,9.3,8,1,1,0,0,0.0010164999985136092,
reward_dense_456_14f3b1ae,reward_dense,train,163,456,easy,5,5,0.1,0.95,0.08834707129415934,default,100,9.3,8,1,1,0,0,0.0010735999967437238,
reward_dense_456_14f3b1ae,reward_dense,train,164,456,easy,5,5,0.1,0.95,0.08790533593768854,default,100,8.1,11,1,1,0,0,0.0013236999948276207,
reward_dense_456_14f3b1ae,reward_dense,train,165,456,easy,5,5,0.1,0.95,0.0874658092580001,default,100,9.3,8,1,1,0,0,0.001251800000318326,
reward_dense_456_14f3b1ae,reward_dense,train,166,456,easy,5,5,0.1,0.95,0.0870284802117101,default,100,9.1,10,1,1,0,0,0.0012744999985443428,
reward_dense_456_14f3b1ae,reward_dense,train,167,456,easy,5,5,0.1,0.95,0.08659333781065155,default,100,8.3,9,1,1,0,0,0.001102200010791421,
reward_dense_456_14f3b1ae,reward_dense,train,168,456,easy,5,5,0.1,0.95,0.0861603711215983,default,100,9.3,8,1,1,0,0,0.0010840000031748787,
reward_dense_456_14f3b1ae,reward_dense,train,169,456,easy,5,5,0.1,0.95,0.0857295692659903,default,100,8.9,12,1,1,0,0,0.0013976999907754362,
reward_dense_456_14f3b1ae,reward_dense,train,170,456,easy,5,5,0.1,0.95,0.08530092141966035,default,100,9.1,10,1,1,0,0,0.001237600008607842,
reward_dense_456_14f3b1ae,reward_dense,train,171,456,easy,5,5,0.1,0.95,0.08487441681256205,default,100,7.299999999999999,10,1,1,0,0,0.0012229000130901113,
reward_dense_456_14f3b1ae,reward_dense,train,172,456,easy,5,5,0.1,0.95,0.08445004472849925,default,100,9.3,8,1,1,0,0,0.0010627000010572374,
reward_dense_456_14f3b1ae,reward_dense,train,173,456,easy,5,5,0.1,0.95,0.08402779450485676,default,100,9.3,8,1,1,0,0,0.0010241999989375472,
reward_dense_456_14f3b1ae,reward_dense,train,174,456,easy,5,5,0.1,0.95,0.08360765553233247,default,100,9.3,8,1,1,0,0,0.0010459000041009858,
reward_dense_456_14f3b1ae,reward_dense,train,175,456,easy,5,5,0.1,0.95,0.0831896172546708,default,100,9.1,10,1,1,0,0,0.001210500005981885,
reward_dense_456_14f3b1ae,reward_dense,train,176,456,easy,5,5,0.1,0.95,0.08277366916839746,default,100,9.3,8,1,1,0,0,0.001002599994535558,
reward_dense_456_14f3b1ae,reward_dense,train,177,456,easy,5,5,0.1,0.95,0.08235980082255547,default,100,9.1,10,1,1,0,0,0.0012608999968506396,
reward_dense_456_14f3b1ae,reward_dense,train,178,456,easy,5,5,0.1,0.95,0.08194800181844268,default,100,8.299999999999999,9,1,1,0,0,0.0011360000062268227,
reward_dense_456_14f3b1ae,reward_dense,train,179,456,easy,5,5,0.1,0.95,0.08153826180935046,default,100,8.3,9,1,1,0,0,0.0010750000074040145,
reward_dense_456_14f3b1ae,reward_dense,train,180,456,easy,5,5,0.1,0.95,0.08113057050030371,default,100,9.3,8,1,1,0,0,0.0010282000002916902,
reward_dense_456_14f3b1ae,reward_dense,train,181,456,easy,5,5,0.1,0.95,0.0807249176478022,default,100,9.1,10,1,1,0,0,0.0013079999916953966,
reward_dense_456_14f3b1ae,reward_dense,train,182,456,easy,5,5,0.1,0.95,0.08032129305956318,default,100,9.3,8,1,1,0,0,0.001110600001993589,
reward_dense_456_14f3b1ae,reward_dense,train,183,456,easy,5,5,0.1,0.95,0.07991968659426536,default,100,9.3,8,1,1,0,0,0.0013261999993119389,
reward_dense_456_14f3b1ae,reward_dense,train,184,456,easy,5,5,0.1,0.95,0.07952008816129404,default,100,8.9,12,1,1,0,0,0.0014722000050824136,
reward_dense_456_14f3b1ae,reward_dense,train,185,456,easy,5,5,0.1,0.95,0.07912248772048756,default,100,9.3,8,1,1,0,0,0.0010812999971676618,
reward_dense_456_14f3b1ae,reward_dense,train,186,456,easy,5,5,0.1,0.95,0.07872687528188513,default,100,9.3,8,1,1,0,0,0.0010667000024113804,
reward_dense_456_14f3b1ae,reward_dense,train,187,456,easy,5,5,0.1,0.95,0.0783332409054757,default,100,9.3,8,1,1,0,0,0.0010765000042738393,
reward_dense_456_14f3b1ae,reward_dense,train,188,456,easy,5,5,0.1,0.95,0.07794157470094833,default,100,9.3,8,1,1,0,0,0.0010743000020738691,
reward_dense_456_14f3b1ae,reward_dense,train,189,456,easy,5,5,0.1,0.95,0.07755186682744358,default,100,8.1,11,1,1,0,0,0.0013675999944098294,
reward_dense_456_14f3b1ae,reward_dense,train,190,456,easy,5,5,0.1,0.95,0.07716410749330636,default,100,9.3,8,1,1,0,0,0.001037099995301105,
reward_dense_456_14f3b1ae,reward_dense,train,191,456,easy,5,5,0.1,0.95,0.07677828695583983,default,100,9.3,8,1,1,0,0,0.0010564999975031242,
reward_dense_456_14f3b1ae,reward_dense,train,192,456,easy,5,5,0.1,0.95,0.07639439552106063,default,100,9.3,8,1,1,0,0,0.001072400002158247,
reward_dense_456_14f3b1ae,reward_dense,train,193,456,easy,5,5,0.1,0.95,0.07601242354345533,default,100,9.3,8,1,1,0,0,0.0010509999992791563,
reward_dense_456_14f3b1ae,reward_dense,train,194,456,easy,5,5,0.1,0.95,0.07563236142573805,default,100,8.299999999999999,9,1,1,0,0,0.0011441000096965581,
reward_dense_456_14f3b1ae,reward_dense,train,195,456,easy,5,5,0.1,0.95,0.07525419961860937,default,100,9.3,8,1,1,0,0,0.0010107999987667426,
reward_dense_456_14f3b1ae,reward_dense,train,196,456,easy,5,5,0.1,0.95,0.07487792862051632,default,100,8.3,9,1,1,0,0,0.0011386999976821244,
reward_dense_456_14f3b1ae,reward_dense,train,197,456,easy,5,5,0.1,0.95,0.07450353897741373,default,100,8.9,12,1,1,0,0,0.0014592999941669405,
reward_dense_456_14f3b1ae,reward_dense,train,198,456,easy,5,5,0.1,0.95,0.07413102128252666,default,100,9.3,8,1,1,0,0,0.001019800009089522,
reward_dense_456_14f3b1ae,reward_dense,train,199,456,easy,5,5,0.1,0.95,0.07376036617611402,default,100,9.3,8,1,1,0,0,0.0010809999948833138,
reward_dense_456_14f3b1ae,reward_dense,train,200,456,easy,5,5,0.1,0.95,0.07339156434523345,default,100,9.3,8,1,1,0,0,0.0010567999997874722,results\reward\dense\seed_456\qtable_ep200.npz
reward_dense_456_14f3b1ae,reward_dense,train,201,456,easy,5,5,0.1,0.95,0.07302460652350727,default,100,9.3,8,1,1,0,0,0.0009837999969022349,
reward_dense_456_14f3b1ae,reward_dense,train,202,456,easy,5,5,0.1,0.95,0.07265948349088973,default,100,8.3,9,1,1,0,0,0.0011579999991226941,
reward_dense_456_14f3b1ae,reward_dense,train,203,456,easy,5,5,0.1,0.95,0.07229618607343528,default,100,8.299999999999999,9,1,1,0,0,0.0011314000003039837,
reward_dense_456_14f3b1ae,reward_dense,train,204,456,easy,5,5,0.1,0.95,0.0719347051430681,default,100,8.3,9,1,1,0,0,0.001164100001915358,
reward_dense_456_14f3b1ae,reward_dense,train,205,456,easy,5,5,0.1,0.95,0.07157503161735276,default,100,9.3,8,1,1,0,0,0.0010609000019030645,
reward_dense_456_14f3b1ae,reward_dense,train,206,456,easy,5,5,0.1,0.95,0.071217156459266,default,100,8.299999999999999,9,1,1,0,0,0.0011546000023372471,
reward_dense_456_14f3b1ae,reward_dense,train,207,456,easy,5,5,0.1,0.95,0.07086107067696967,default,100,9.3,8,1,1,0,0,0.001087199998437427,
reward_dense_456_14f3b1ae,reward_dense,train,208,456,easy,5,5,0.1,0.95,0.07050676532358482,default,100,8.299999999999999,9,1,1,0,0,0.0011512000055518001,
reward_dense_456_14f3b1ae,reward_dense,train,209,456,easy,5,5,0.1,0.95,0.0701542314969669,default,100,9.1,10,1,1,0,0,0.0012601999915204942,
reward_dense_456_14f3b1ae,reward_dense,train,210,456,easy,5,5,0.1,0.95,0.06980346033948207,default,100,9.3,8,1,1,0,0,0.001063500007148832,
reward_dense_456_14f3b1ae,reward_dense,train,211,456,easy,5,5,0.1,0.95,0.06945444303778466,default,100,8.299999999999999,9,1,1,0,0,0.0011566999892238528,
reward_dense_456_14f3b1ae,reward_dense,train,212,456,easy,5,5,0.1,0.95,0.06910717082259574,default,100,9.3,8,1,1,0,0,0.0010131999879376963,
reward_dense_456_14f3b1ae,reward_dense,train,213,456,easy,5,5,0.1,0.95,0.06876163496848275,default,100,9.3,8,1,1,0,0,0.0010300000139977783,
reward_dense_456_14f3b1ae,reward_dense,train,214,456,easy,5,5,0.1,0.95,0.06841782679364034,default,100,9.3,8,1,1,0,0,0.0010628999880282208,
reward_dense_456_14f3b1ae,reward_dense,train,215,456,easy,5,5,0.1,0.95,0.06807573765967213,default,100,9.3,8,1,1,0,0,0.001073999999789521,
reward_dense_456_14f3b1ae,reward_dense,train,216,456,easy,5,5,0.1,0.95,0.06773535897137377,default,100,9.3,8,1,1,0,0,0.0010813999979291111,
reward_dense_456_14f3b1ae,reward_dense,train,217,456,easy,5,5,0.1,0.95,0.0673966821765169,default,100,9.3,8,1,1,0,0,0.0010469999979250133,
reward_dense_456_14f3b1ae,reward_dense,train,218,456,easy,5,5,0.1,0.95,0.0670596987656343,default,100,9.3,8,1,1,0,0,0.0010755999974207953,
reward_dense_456_14f3b1ae,reward_dense,train,219,456,easy,5,5,0.1,0.95,0.06672440027180614,default,100,8.1,11,1,1,0,0,0.0013569000002462417,
reward_dense_456_14f3b1ae,reward_dense,train,220,456,easy,5,5,0.1,0.95,0.0663907782704471,default,100,9.3,8,1,1,0,0,0.0010822000040207058,
reward_dense_456_14f3b1ae,reward_dense,train,221,456,easy,5,5,0.1,0.95,0.06605882437909487,default,100,8.299999999999999,9,1,1,0,0,0.0012522000033641234,
reward_dense_456_14f3b1ae,reward_dense,train,222,456,easy,5,5,0.1,0.95,0.0657285302571994,default,100,9.3,8,1,1,0,0,0.0011004999978467822,
reward_dense_456_14f3b1ae,reward_dense,train,223,456,easy,5,5,0.1,0.95,0.06539988760591339,default,100,9.3,8,1,1,0,0,0.001070600003004074,
reward_dense_456_14f3b1ae,reward_dense,train,224,456,easy,5,5,0.1,0.95,0.06507288816788383,default,100,9.3,8,1,1,0,0,0.0010760000004665926,
reward_dense_456_14f3b1ae,reward_dense,train,225,456,easy,5,5,0.1,0.95,0.06474752372704441,default,100,9.3,8,1,1,0,0,0.0010593999904813245,
reward_dense_456_14f3b1ae,reward_dense,train,226,456,easy,5,5,0.1,0.95,0.0644237861084092,default,100,9.3,8,1,1,0,0,0.0010766999912448227,
reward_dense_456_14f3b1ae,reward_dense,train,227,456,easy,5,5,0.1,0.95,0.06410166717786715,default,100,9.3,8,1,1,0,0,0.0011415000044507906,
reward_dense_456_14f3b1ae,reward_dense,train,228,456,easy,5,5,0.1,0.95,0.06378115884197781,default,100,9.3,8,1,1,0,0,0.0011177999986102805,
reward_dense_456_14f3b1ae,reward_dense,train,229,456,easy,5,5,0.1,0.95,0.06346225304776792,default,100,9.3,8,1,1,0,0,0.0010397000005468726,
reward_dense_456_14f3b1ae,reward_dense,train,230,456,easy,5,5,0.1,0.95,0.06314494178252908,default,100,9.3,8,1,1,0,0,0.0010676000092644244,
reward_dense_456_14f3b1ae,reward_dense,train,231,456,easy,5,5,0.1,0.95,0.06282921707361644,default,100,9.3,8,1,1,0,0,0.0010926000104518607,
reward_dense_456_14f3b1ae,reward_dense,train,232,456,easy,5,5,0.1,0.95,0.06251507098824835,default,100,9.3,8,1,1,0,0,0.0010711999930208549,
reward_dense_456_14f3b1ae,reward_dense,train,233,456,easy,5,5,0.1,0.95,0.062202495633307105,default,100,9.3,8,1,1,0,0,0.0010323000024072826,
reward_dense_456_14f3b1ae,reward_dense,train,234,456,easy,5,5,0.1,0.95,0.06189148315514057,default,100,9.3,8,1,1,0,0,0.001042899995809421,
reward_dense_456_14f3b1ae,reward_dense,train,235,456,easy,5,5,0.1,0.95,0.061582025739364867,default,100,9.3,8,1,1,0,0,0.0010446999949635938,
reward_dense_456_14f3b1ae,reward_dense,train,236,456,easy,5,5,0.1,0.95,0.06127411561066804,default,100,9.3,8,1,1,0,0,0.0010765000042738393,
reward_dense_456_14f3b1ae,reward_dense,train,237,456,easy,5,5,0.1,0.95,0.0609677450326147,default,100,8.1,11,1,1,0,0,0.001352099992800504,
reward_dense_456_14f3b1ae,reward_dense,train,238,456,easy,5,5,0.1,0.95,0.06066290630745162,default,100,9.3,8,1,1,0,0,0.0010169000015594065,
reward_dense_456_14f3b1ae,reward_dense,train,239,456,easy,5,5,0.1,0.95,0.060359591775914365,default,100,9.3,8,1,1,0,0,0.0010840000031748787,
reward_dense_456_14f3b1ae,reward_dense,train,240,456,easy,5,5,0.1,0.95,0.06005779381703479,default,100,9.3,8,1,1,0,0,0.0010615000064717606,
reward_dense_456_14f3b1ae,reward_dense,train,241,456,easy,5,5,0.1,0.95,0.059757504847949616,default,100,9.3,8,1,1,0,0,0.0011400000075809658,
reward_dense_456_14f3b1ae,reward_dense,train,242,456,easy,5,5,0.1,0.95,0.059458717323709866,default,100,9.3,8,1,1,0,0,0.0010644000140018761,
reward_dense_456_14f3b1ae,reward_dense,train,243,456,easy,5,5,0.1,0.95,0.059161423737091316,default,100,9.3,8,1,1,0,0,0.0010667000024113804,
reward_dense_456_14f3b1ae,reward_dense,train,244,456,easy,5,5,0.1,0.95,0.05886561661840586,default,100,9.3,8,1,1,0,0,0.0010667000024113804,
reward_dense_456_14f3b1ae,reward_dense,train,245,456,easy,5,5,0.1,0.95,0.05857128853531383,default,100,9.3,8,1,1,0,0,0.0010547999991104007,
reward_dense_456_14f3b1ae,reward_dense,train,246,456,easy,5,5,0.1,0.95,0.05827843209263726,default,100,9.3,8,1,1,0,0,0.0010734999959822744,
reward_dense_456_14f3b1ae,reward_dense,train,247,456,easy,5,5,0.1,0.95,0.05798703993217407,default,100,9.1,10,1,1,0,0,0.0012560000031953678,
reward_dense_456_14f3b1ae,reward_dense,train,248,456,easy,5,5,0.1,0.95,0.0576971047325132,default,100,9.3,8,1,1,0,0,0.0010675999947125092,
reward_dense_456_14f3b1ae,reward_dense,train,249,456,easy,5,5,0.1,0.95,0.05740861920885063,default,100,9.3,8,1,1,0,0,0.0010700999991968274,
reward_dense_456_14f3b1ae,reward_dense,train,250,456,easy,5,5,0.1,0.95,0.057121576112806376,default,100,7.299999999999999,10,1,1,0,0,0.0011905999999726191,
reward_dense_456_14f3b1ae,reward_dense,train,251,456,easy,5,5,0.1,0.95,0.056835968232242344,default,100,9.3,8,1,1,0,0,0.0010636000079102814,
reward_dense_456_14f3b1ae,reward_dense,train,252,456,easy,5,5,0.1,0.95,0.05655178839108113,default,100,9.3,8,1,1,0,0,0.001037099995301105,
reward_dense_456_14f3b1ae,reward_dense,train,253,456,easy,5,5,0.1,0.95,0.05626902944912573,default,100,9.3,8,1,1,0,0,0.001065099990228191,
reward_dense_456_14f3b1ae,reward_dense,train,254,456,easy,5,5,0.1,0.95,0.0559876843018801,default,100,9.3,8,1,1,0,0,0.0010566999990260229,
reward_dense_456_14f3b1ae,reward_dense,train,255,456,easy,5,5,0.1,0.95,0.055707745880370696,default,100,9.3,8,1,1,0,0,0.0010417000012239441,
reward_dense_456_14f3b1ae,reward_dense,train,256,456,easy,5,5,0.1,0.95,0.05542920715096884,default,100,9.3,8,1,1,0,0,0.0010546999983489513,
reward_dense_456_14f3b1ae,reward_dense,train,257,456,easy,5,5,0.1,0.95,0.055152061115214,default,100,8.3,9,1,1,0,0,0.0011621000012382865,
reward_dense_456_14f3b1ae,reward_dense,train,258,456,easy,5,5,0.1,0.95,0.05487630080963793,default,100,8.3,9,1,1,0,0,0.0010756999981822446,
reward_dense_456_14f3b1ae,reward_dense,train,259,456,easy,5,5,0.1,0.95,0.05460191930558974,default,100,9.3,8,1,1,0,0,0.001066299999365583,
reward_dense_456_14f3b1ae,reward_dense,train,260,456,easy,5,5,0.1,0.95,0.05432890970906179,default,100,9.3,8,1,1,0,0,0.0010999999940395355,
reward_dense_456_14f3b1ae,reward_dense,train,261,456,easy,5,5,0.1,0.95,0.05405726516051648,default,100,9.3,8,1,1,0,0,0.00109859999793116,
reward_dense_456_14f3b1ae,reward_dense,train,262,456,easy,5,5,0.1,0.95,0.0537869788347139,default,100,9.3,8,1,1,0,0,0.0011067000014008954,
reward_dense_456_14f3b1ae,reward_dense,train,263,456,easy,5,5,0.1,0.95,0.053518043940540334,default,100,9.3,8,1,1,0,0,0.00106229999801144,
reward_dense_456_14f3b1ae,reward_dense,train,264,456,easy,5,5,0.1,0.95,0.053250453720837636,default,100,9.3,8,1,1,0,0,0.0010748000058811158,
reward_dense_456_14f3b1ae,reward_dense,train,265,456,easy,5,5,0.1,0.95,0.05298420145223345,default,100,9.3,8,1,1,0,0,0.001065699994796887,
reward_dense_456_14f3b1ae,reward_dense,train,266,456,easy,5,5,0.1,0.95,0.05271928044497228,default,100,9.3,8,1,1,0,0,0.001142599998274818,
reward_dense_456_14f3b1ae,reward_dense,train,267,456,easy,5,5,0.1,0.95,0.05245568404274742,default,100,9.3,8,1,1,0,0,0.0010795999987749383,
reward_dense_456_14f3b1ae,reward_dense,train,268,456,easy,5,5,0.1,0.95,0.05219340562253368,default,100,9.3,8,1,1,0,0,0.0010810999956447631,
reward_dense_456_14f3b1ae,reward_dense,train,269,456,easy,5,5,0.1,0.95,0.05193243859442102,default,100,7.299999999999999,10,1,1,0,0,0.0011847999994643033,
reward_dense_456_14f3b1ae,reward_dense,train,270,456,easy,5,5,0.1,0.95,0.05167277640144891,default,100,9.3,8,1,1,0,0,0.0010953999881166965,
reward_dense_456_14f3b1ae,reward_dense,train,271,456,easy,5,5,0.1,0.95,0.05141441251944167,default,100,9.1,10,1,1,0,0,0.0012654000020120293,
reward_dense_456_14f3b1ae,reward_dense,train,272,456,easy,5,5,0.1,0.95,0.05115734045684446,default,100,9.3,8,1,1,0,0,0.0010586999997030944,
reward_dense_456_14f3b1ae,reward_dense,train,273,456,easy,5,5,0.1,0.95,0.050901553754560236,default,100,9.3,8,1,1,0,0,0.0010859000030905008,
reward_dense_456_14f3b1ae,reward_dense,train,274,456,easy,5,5,0.1,0.95,0.05064704598578743,default,100,9.3,8,1,1,0,0,0.0010111000010510907,
reward_dense_456_14f3b1ae,reward_dense,train,275,456,easy,5,5,0.1,0.95,0.0503938107558585,default,100,9.1,10,1,1,0,0,0.0012857999972766265,
reward_dense_456_14f3b1ae,reward_dense,train,276,456,easy,5,5,0.1,0.95,0.05014184170207921,default,100,9.1,10,1,1,0,0,0.0012624000082723796,
reward_dense_456_14f3b1ae,reward_dense,train,277,456,easy,5,5,0.1,0.95,0.05,default,100,8.3,9,1,1,0,0,0.0011725999938789755,
reward_dense_456_14f3b1ae,reward_dense,train,278,456,easy,5,5,0.1,0.95,0.05,default,100,9.1,10,1,1,0,0,0.0012674000026891008,
reward_dense_456_14f3b1ae,reward_dense,train,279,456,easy,5,5,0.1,0.95,0.05,default,100,9.3,8,1,1,0,0,0.001063200004864484,
reward_dense_456_14f3b1ae,reward_dense,train,280,456,easy,5,5,0.1,0.95,0.05,default,100,9.3,8,1,1,0,0,0.0010859000030905008,
reward_dense_456_14f3b1ae,reward_dense,train,281,456,easy,5,5,0.1,0.95,0.05,default,100,9.3,8,1,1,0,0,0.0011126999888801947,
reward_dense_456_14f3b1ae,reward_dense,train,282,456,easy,5,5,0.1,0.95,0.05,default,100,8.1,11,1,1,0,0,0.001371499995002523,
reward_dense_456_14f3b1ae,reward_dense,train,283,456,easy,5,5,0.1,0.95,0.05,default,100,9.3,8,1,1,0,0,0.001082899994798936,
reward_dense_456_14f3b1ae,reward_dense,train,284,456,easy,5,5,0.1,0.95,0.05,default,100,9.3,8,1,1,0,0,0.0010282000002916902,
reward_dense_456_14f3b1ae,reward_dense,train,285,456,easy,5,5,0.1,0.95,0.05,default,100,8.1,11,1,1,0,0,0.0013309000059962273,
reward_dense_456_14f3b1ae,reward_dense,train,286,456,easy,5,5,0.1,0.95,0.05,default,100,9.3,8,1,1,0,0,0.001069099991582334,
reward_dense_456_14f3b1ae,reward_dense,train,287,456,easy,5,5,0.1,0.95,0.05,default,100,9.3,8,1,1,0,0,0.0011497000086819753,
reward_dense_456_14f3b1ae,reward_dense,train,288,456,easy,5,5,0.1,0.95,0.05,default,100,8.299999999999999,9,1,1,0,0,0.0011531000054674223,
reward_dense_456_14f3b1ae,reward_dense,train,289,456,easy,5,5,0.1,0.95,0.05,default,100,9.1,10,1,1,0,0,0.0012583999923663214,
reward_dense_456_14f3b1ae,reward_dense,train,290,456,easy,5,5,0.1,0.95,0.05,default,100,9.3,8,1,1,0,0,0.0011040000099455938,
reward_dense_456_14f3b1ae,reward_dense,train,291,456,easy,5,5,0.1,0.95,0.05,default,100,9.1,10,1,1,0,0,0.0012590999976964667,
reward_dense_456_14f3b1ae,reward_dense,train,292,456,easy,5,5,0.1,0.95,0.05,default,100,9.3,8,1,1,0,0,0.001054599997587502,
reward_dense_456_14f3b1ae,reward_dense,train,293,456,easy,5,5,0.1,0.95,0.05,default,100,9.3,8,1,1,0,0,0.0011654999980237335,
reward_dense_456_14f3b1ae,reward_dense,train,294,456,easy,5,5,0.1,0.95,0.05,default,100,7.1,12,1,1,0,0,0.0014290000108303502,
reward_dense_456_14f3b1ae,reward_dense,train,295,456,easy,5,5,0.1,0.95,0.05,default,100,9.3,8,1,1,0,0,0.0010775000118883327,
reward_dense_456_14f3b1ae,reward_dense,train,296,456,easy,5,5,0.1,0.95,0.05,default,100,9.3,8,1,1,0,0,0.001076100001228042,
reward_dense_456_14f3b1ae,reward_dense,train,297,456,easy,5,5,0.1,0.95,0.05,default,100,9.3,8,1,1,0,0,0.001087500000721775,
reward_dense_456_14f3b1ae,reward_dense,train,298,456,easy,5,5,0.1,0.95,0.05,default,100,9.1,10,1,1,0,0,0.0012573999993037432,
reward_dense_456_14f3b1ae,reward_dense,train,299,456,easy,5,5,0.1,0.95,0.05,default,100,9.3,8,1,1,0,0,0.0010722000006353483,
reward_dense_456_14f3b1ae,reward_dense,train,300,456,easy,5,5,0.1,0.95,0.05,default,100,9.3,8,1,1,0,0,0.0010975999903166667,
reward_dense_456_14f3b1ae,reward_dense,train,301,456,easy,5,5,0.1,0.95,0.05,default,100,9.3,8,1,1,0,0,0.0010668999893823639,
reward_dense_456_14f3b1ae,reward_dense,train,302,456,easy,5,5,0.1,0.95,0.05,default,100,9.1,10,1,1,0,0,0.0012855999957537279,
reward_dense_456_14f3b1ae,reward_dense,train,303,456,easy,5,5,0.1,0.95,0.05,default,100,9.1,10,1,1,0,0,0.0012240000069141388,
reward_dense_456_14f3b1ae,reward_dense,train,304,456,easy,5,5,0.1,0.95,0.05,default,100,9.3,8,1,1,0,0,0.001097699991078116,
reward_dense_456_14f3b1ae,reward_dense,train,305,456,easy,5,5,0.1,0.95,0.05,default,100,7.3,10,1,1,0,0,0.0012102000036975369,
reward_dense_456_14f3b1ae,reward_dense,train,306,456,easy,5,5,0.1,0.95,0.05,default,100,9.3,8,1,1,0,0,0.0010898000036831945,
reward_dense_456_14f3b1ae,reward_dense,train,307,456,easy,5,5,0.1,0.95,0.05,default,100,9.3,8,1,1,0,0,0.0010936000035144389,
reward_dense_456_14f3b1ae,reward_dense,train,308,456,easy,5,5,0.1,0.95,0.05,default,100,9.3,8,1,1,0,0,0.0010609000019030645,
reward_dense_456_14f3b1ae,reward_dense,train,309,456,easy,5,5,0.1,0.95,0.05,default,100,9.3,8,1,1,0,0,0.0010868000099435449,
reward_dense_456_14f3b1ae,reward_dense,train,310,456,easy,5,5,0.1,0.95,0.05,default,100,8.299999999999999,9,1,1,0,0,0.0011289999965811148,
reward_dense_456_14f3b1ae,reward_dense,train,311,456,easy,5,5,0.1,0.95,0.05,default,100,9.3,8,1,1,0,0,0.0010851999977603555,
reward_dense_456_14f3b1ae,reward_dense,train,312,456,easy,5,5,0.1,0.95,0.05,default,100,9.3,8,1,1,0,0,0.0010570000013103709,
reward_dense_456_14f3b1ae,reward_dense,train,313,456,easy,5,5,0.1,0.95,0.05,default,100,9.3,8,1,1,0,0,0.001029699997161515,
reward_dense_456_14f3b1ae,reward_dense,train,314,456,easy,5,5,0.1,0.95,0.05,default,100,9.3,8,1,1,0,0,0.001067500008502975,
reward_dense_456_14f3b1ae,reward_dense,train,315,456,easy,5,5,0.1,0.95,0.05,default,100,8.299999999999999,9,1,1,0,0,0.0011441999959060922,
reward_dense_456_14f3b1ae,reward_dense,train,316,456,easy,5,5,0.1,0.95,0.05,default,100,9.3,8,1,1,0,0,0.0010514999885344878,
reward_dense_456_14f3b1ae,reward_dense,train,317,456,easy,5,5,0.1,0.95,0.05,default,100,9.3,8,1,1,0,0,0.001086299991584383,
reward_dense_456_14f3b1ae,reward_dense,train,318,456,easy,5,5,0.1,0.95,0.05,default,100,9.3,8,1,1,0,0,0.0011039999953936785,
reward_dense_456_14f3b1ae,reward_dense,train,319,456,easy,5,5,0.1,0.95,0.05,default,100,9.1,10,1,1,0,0,0.001262899997527711,
reward_dense_456_14f3b1ae,reward_dense,train,320,456,easy,5,5,0.1,0.95,0.05,default,100,9.1,10,1,1,0,0,0.001260399993043393,
reward_dense_456_14f3b1ae,reward_dense,train,321,456,easy,5,5,0.1,0.95,0.05,default,100,9.3,8,1,1,0,0,0.0010956000041915104,
reward_dense_456_14f3b1ae,reward_dense,train,322,456,easy,5,5,0.1,0.95,0.05,default,100,9.3,8,1,1,0,0,0.0011717000015778467,
reward_dense_456_14f3b1ae,reward_dense,train,323,456,easy,5,5,0.1,0.95,0.05,default,100,9.3,8,1,1,0,0,0.0010320000001229346,
reward_dense_456_14f3b1ae,reward_dense,train,324,456,easy,5,5,0.1,0.95,0.05,default,100,9.3,8,1,1,0,0,0.0010777999996207654,
reward_dense_456_14f3b1ae,reward_dense,train,325,456,easy,5,5,0.1,0.95,0.05,default,100,9.3,8,1,1,0,0,0.0010749000066425651,
reward_dense_456_14f3b1ae,reward_dense,train,326,456,easy,5,5,0.1,0.95,0.05,default,100,8.3,9,1,1,0,0,0.0010921999928541481,
reward_dense_456_14f3b1ae,reward_dense,train,327,456,easy,5,5,0.1,0.95,0.05,default,100,9.3,8,1,1,0,0,0.0010965000110445544,
reward_dense_456_14f3b1ae,reward_dense,train,328,456,easy,5,5,0.1,0.95,0.05,default,100,9.3,8,1,1,0,0,0.001064799987943843,
reward_dense_456_14f3b1ae,reward_dense,train,329,456,easy,5,5,0.1,0.95,0.05,default,100,9.3,8,1,1,0,0,0.0010742000013124198,
reward_dense_456_14f3b1ae,reward_dense,train,330,456,easy,5,5,0.1,0.95,0.05,default,100,9.3,8,1,1,0,0,0.0010577999928500503,
reward_dense_456_14f3b1ae,reward_dense,train,331,456,easy,5,5,0.1,0.95,0.05,default,100,8.1,11,1,1,0,0,0.0014267000078689307,
reward_dense_456_14f3b1ae,reward_dense,train,332,456,easy,5,5,0.1,0.95,0.05,default,100,9.3,8,1,1,0,0,0.0010758999997051433,
reward_dense_456_14f3b1ae,reward_dense,train,333,456,easy,5,5,0.1,0.95,0.05,default,100,9.3,8,1,1,0,0,0.0010762000019894913,
reward_dense_456_14f3b1ae,reward_dense,train,334,456,easy,5,5,0.1,0.95,0.05,default,100,9.1,10,1,1,0,0,0.0012661000073421746,
reward_dense_456_14f3b1ae,reward_dense,train,335,456,easy,5,5,0.1,0.95,0.05,default,100,9.3,8,1,1,0,0,0.0010567999997874722,
reward_dense_456_14f3b1ae,reward_dense,train,336,456,easy,5,5,0.1,0.95,0.05,default,100,9.1,10,1,1,0,0,0.0012786000006599352,
reward_dense_456_14f3b1ae,reward_dense,train,337,456,easy,5,5,0.1,0.95,0.05,default,100,9.3,8,1,1,0,0,0.001077399996574968,
reward_dense_456_14f3b1ae,reward_dense,train,338,456,easy,5,5,0.1,0.95,0.05,default,100,9.3,8,1,1,0,0,0.0010907999967457727,
reward_dense_456_14f3b1ae,reward_dense,train,339,456,easy,5,5,0.1,0.95,0.05,default,100,9.3,8,1,1,0,0,0.0010521999938646331,
reward_dense_456_14f3b1ae,reward_dense,train,340,456,easy,5,5,0.1,0.95,0.05,default,100,9.3,8,1,1,0,0,0.0010708000045269728,
reward_dense_456_14f3b1ae,reward_dense,train,341,456,easy,5,5,0.1,0.95,0.05,default,100,8.299999999999999,9,1,1,0,0,0.001172400006907992,
reward_dense_456_14f3b1ae,reward_dense,train,342,456,easy,5,5,0.1,0.95,0.05,default,100,9.3,8,1,1,0,0,0.0010744000028353184,
reward_dense_456_14f3b1ae,reward_dense,train,343,456,easy,5,5,0.1,0.95,0.05,default,100,7.299999999999999,10,1,1,0,0,0.0012313000042922795,
reward_dense_456_14f3b1ae,reward_dense,train,344,456,easy,5,5,0.1,0.95,0.05,default,100,9.3,8,1,1,0,0,0.0010708000045269728,
reward_dense_456_14f3b1ae,reward_dense,train,345,456,easy,5,5,0.1,0.95,0.05,default,100,9.3,8,1,1,0,0,0.0010318999993614852,
reward_dense_456_14f3b1ae,reward_dense,train,346,456,easy,5,5,0.1,0.95,0.05,default,100,9.3,8,1,1,0,0,0.0010607000003801659,
reward_dense_456_14f3b1ae,reward_dense,train,347,456,easy,5,5,0.1,0.95,0.05,default,100,8.3,9,1,1,0,0,0.0011488000018289313,
reward_dense_456_14f3b1ae,reward_dense,train,348,456,easy,5,5,0.1,0.95,0.05,default,100,9.3,8,1,1,0,0,0.0010187000007135794,
reward_dense_456_14f3b1ae,reward_dense,train,349,456,easy,5,5,0.1,0.95,0.05,default,100,9.3,8,1,1,0,0,0.0010769000073196366,
reward_dense_456_14f3b1ae,reward_dense,train,350,456,easy,5,5,0.1,0.95,0.05,default,100,9.3,8,1,1,0,0,0.0010558999929344282,
reward_dense_456_14f3b1ae,reward_dense,train,351,456,easy,5,5,0.1,0.95,0.05,default,100,9.3,8,1,1,0,0,0.00102599999809172,
reward_dense_456_14f3b1ae,reward_dense,train,352,456,easy,5,5,0.1,0.95,0.05,default,100,9.3,8,1,1,0,0,0.0010593999904813245,
reward_dense_456_14f3b1ae,reward_dense,train,353,456,easy,5,5,0.1,0.95,0.05,default,100,9.3,8,1,1,0,0,0.0010329000069759786,
reward_dense_456_14f3b1ae,reward_dense,train,354,456,easy,5,5,0.1,0.95,0.05,default,100,9.1,10,1,1,0,0,0.0012768000015057623,
reward_dense_456_14f3b1ae,reward_dense,train,355,456,easy,5,5,0.1,0.95,0.05,default,100,9.3,8,1,1,0,0,0.0010592999897198752,
reward_dense_456_14f3b1ae,reward_dense,train,356,456,easy,5,5,0.1,0.95,0.05,default,100,9.3,8,1,1,0,0,0.001029300008667633,
reward_dense_456_14f3b1ae,reward_dense,train,357,456,easy,5,5,0.1,0.95,0.05,default,100,9.3,8,1,1,0,0,0.0010683000000426546,
reward_dense_456_14f3b1ae,reward_dense,train,358,456,easy,5,5,0.1,0.95,0.05,default,100,9.3,8,1,1,0,0,0.001075499996659346,
reward_dense_456_14f3b1ae,reward_dense,train,359,456,easy,5,5,0.1,0.95,0.05,default,100,9.3,8,1,1,0,0,0.0011696000001393259,
reward_dense_456_14f3b1ae,reward_dense,train,360,456,easy,5,5,0.1,0.95,0.05,default,100,9.3,8,1,1,0,0,0.0011001999955624342,
reward_dense_456_14f3b1ae,reward_dense,train,361,456,easy,5,5,0.1,0.95,0.05,default,100,8.1,11,1,1,0,0,0.001374599989503622,
reward_dense_456_14f3b1ae,reward_dense,train,362,456,easy,5,5,0.1,0.95,0.05,default,100,9.3,8,1,1,0,0,0.0010689999908208847,
reward_dense_456_14f3b1ae,reward_dense,train,363,456,easy,5,5,0.1,0.95,0.05,default,100,9.3,8,1,1,0,0,0.0010734999959822744,
reward_dense_456_14f3b1ae,reward_dense,train,364,456,easy,5,5,0.1,0.95,0.05,default,100,9.3,8,1,1,0,0,0.0010561999952187762,
reward_dense_456_14f3b1ae,reward_dense,train,365,456,easy,5,5,0.1,0.95,0.05,default,100,9.3,8,1,1,0,0,0.001076100001228042,
reward_dense_456_14f3b1ae,reward_dense,train,366,456,easy,5,5,0.1,0.95,0.05,default,100,9.3,8,1,1,0,0,0.001057699992088601,
reward_dense_456_14f3b1ae,reward_dense,train,367,456,easy,5,5,0.1,0.95,0.05,default,100,9.3,8,1,1,0,0,0.001077300010365434,
reward_dense_456_14f3b1ae,reward_dense,train,368,456,easy,5,5,0.1,0.95,0.05,default,100,9.3,8,1,1,0,0,0.0010565999982645735,
reward_dense_456_14f3b1ae,reward_dense,train,369,456,easy,5,5,0.1,0.95,0.05,default,100,9.3,8,1,1,0,0,0.0010826999932760373,
reward_dense_456_14f3b1ae,reward_dense,train,370,456,easy,5,5,0.1,0.95,0.05,default,100,9.3,8,1,1,0,0,0.0010695999953895807,
reward_dense_456_14f3b1ae,reward_dense,train,371,456,easy,5,5,0.1,0.95,0.05,default,100,8.299999999999999,9,1,1,0,0,0.0011455999920144677,
reward_dense_456_14f3b1ae,reward_dense,train,372,456,easy,5,5,0.1,0.95,0.05,default,100,9.3,8,1,1,0,0,0.001077000008081086,
reward_dense_456_14f3b1ae,reward_dense,train,373,456,easy,5,5,0.1,0.95,0.05,default,100,9.3,8,1,1,0,0,0.0010331999947084114,
reward_dense_456_14f3b1ae,reward_dense,train,374,456,easy,5,5,0.1,0.95,0.05,default,100,9.3,8,1,1,0,0,0.0010723000013967976,
reward_dense_456_14f3b1ae,reward_dense,train,375,456,easy,5,5,0.1,0.95,0.05,default,100,9.3,8,1,1,0,0,0.0010600000096019357,
reward_dense_456_14f3b1ae,reward_dense,train,376,456,easy,5,5,0.1,0.95,0.05,default,100,9.3,8,1,1,0,0,0.0010695999953895807,
reward_dense_456_14f3b1ae,reward_dense,train,377,456,easy,5,5,0.1,0.95,0.05,default,100,9.3,8,1,1,0,0,0.0010725000029196963,
reward_dense_456_14f3b1ae,reward_dense,train,378,456,easy,5,5,0.1,0.95,0.05,default,100,9.1,10,1,1,0,0,0.00127420001081191,
reward_dense_456_14f3b1ae,reward_dense,train,379,456,easy,5,5,0.1,0.95,0.05,default,100,9.3,8,1,1,0,0,0.0010676999954739586,
reward_dense_456_14f3b1ae,reward_dense,train,380,456,easy,5,5,0.1,0.95,0.05,default,100,8.3,9,1,1,0,0,0.0011489000025903806,
reward_dense_456_14f3b1ae,reward_dense,train,381,456,easy,5,5,0.1,0.95,0.05,default,100,9.3,8,1,1,0,0,0.0012018999987049028,
reward_dense_456_14f3b1ae,reward_dense,train,382,456,easy,5,5,0.1,0.95,0.05,default,100,9.3,8,1,1,0,0,0.0015675000031478703,
reward_dense_456_14f3b1ae,reward_dense,train,383,456,easy,5,5,0.1,0.95,0.05,default,100,9.3,8,1,1,0,0,0.0013699999981326982,
reward_dense_456_14f3b1ae,reward_dense,train,384,456,easy,5,5,0.1,0.95,0.05,default,100,9.3,8,1,1,0,0,0.0011245000059716403,
reward_dense_456_14f3b1ae,reward_dense,train,385,456,easy,5,5,0.1,0.95,0.05,default,100,8.299999999999999,9,1,1,0,0,0.001232399998116307,
reward_dense_456_14f3b1ae,reward_dense,train,386,456,easy,5,5,0.1,0.95,0.05,default,100,9.3,8,1,1,0,0,0.0010989999864250422,
reward_dense_456_14f3b1ae,reward_dense,train,387,456,easy,5,5,0.1,0.95,0.05,default,100,9.3,8,1,1,0,0,0.0012298000074224547,
reward_dense_456_14f3b1ae,reward_dense,train,388,456,easy,5,5,0.1,0.95,0.05,default,100,9.3,8,1,1,0,0,0.0011386999976821244,
reward_dense_456_14f3b1ae,reward_dense,train,389,456,easy,5,5,0.1,0.95,0.05,default,100,9.3,8,1,1,0,0,0.0011140999995404854,
reward_dense_456_14f3b1ae,reward_dense,train,390,456,easy,5,5,0.1,0.95,0.05,default,100,9.3,8,1,1,0,0,0.001054500011377968,
reward_dense_456_14f3b1ae,reward_dense,train,391,456,easy,5,5,0.1,0.95,0.05,default,100,9.3,8,1,1,0,0,0.0010800000018207356,
reward_dense_456_14f3b1ae,reward_dense,train,392,456,easy,5,5,0.1,0.95,0.05,default,100,8.299999999999999,9,1,1,0,0,0.0011205000046174973,
reward_dense_456_14f3b1ae,reward_dense,train,393,456,easy,5,5,0.1,0.95,0.05,default,100,8.299999999999999,9,1,1,0,0,0.001128700008848682,
reward_dense_456_14f3b1ae,reward_dense,train,394,456,easy,5,5,0.1,0.95,0.05,default,100,9.3,8,1,1,0,0,0.0010511000000406057,
reward_dense_456_14f3b1ae,reward_dense,train,395,456,easy,5,5,0.1,0.95,0.05,default,100,9.3,8,1,1,0,0,0.0010600999958114699,
reward_dense_456_14f3b1ae,reward_dense,train,396,456,easy,5,5,0.1,0.95,0.05,default,100,9.3,8,1,1,0,0,0.0010467999964021146,
reward_dense_456_14f3b1ae,reward_dense,train,397,456,easy,5,5,0.1,0.95,0.05,default,100,9.3,8,1,1,0,0,0.0011290999973425642,
reward_dense_456_14f3b1ae,reward_dense,train,398,456,easy,5,5,0.1,0.95,0.05,default,100,9.3,8,1,1,0,0,0.0010584999981801957,
reward_dense_456_14f3b1ae,reward_dense,train,399,456,easy,5,5,0.1,0.95,0.05,default,100,9.3,8,1,1,0,0,0.0010709999914979562,
reward_dense_456_14f3b1ae,reward_dense,train,400,456,easy,5,5,0.1,0.95,0.05,default,100,9.3,8,1,1,0,0,0.0010486999963177368,results\reward\dense\seed_456\qtable_ep400.npz
reward_dense_456_14f3b1ae,reward_dense,train,401,456,easy,5,5,0.1,0.95,0.05,default,100,6.299999999999999,11,1,1,0,0,0.001411700010066852,
reward_dense_456_14f3b1ae,reward_dense,train,402,456,easy,5,5,0.1,0.95,0.05,default,100,9.3,8,1,1,0,0,0.0010735999967437238,
reward_dense_456_14f3b1ae,reward_dense,train,403,456,easy,5,5,0.1,0.95,0.05,default,100,9.3,8,1,1,0,0,0.001353600004222244,
reward_dense_456_14f3b1ae,reward_dense,train,404,456,easy,5,5,0.1,0.95,0.05,default,100,9.3,8,1,1,0,0,0.0011774000013247132,
reward_dense_456_14f3b1ae,reward_dense,train,405,456,easy,5,5,0.1,0.95,0.05,default,100,9.3,8,1,1,0,0,0.0012336999934632331,
reward_dense_456_14f3b1ae,reward_dense,train,406,456,easy,5,5,0.1,0.95,0.05,default,100,9.3,8,1,1,0,0,0.0011992000072496012,
reward_dense_456_14f3b1ae,reward_dense,train,407,456,easy,5,5,0.1,0.95,0.05,default,100,9.3,8,1,1,0,0,0.0011451000027591363,
reward_dense_456_14f3b1ae,reward_dense,train,408,456,easy,5,5,0.1,0.95,0.05,default,100,9.3,8,1,1,0,0,0.0012910999939776957,
reward_dense_456_14f3b1ae,reward_dense,train,409,456,easy,5,5,0.1,0.95,0.05,default,100,9.3,8,1,1,0,0,0.0011911000037798658,
reward_dense_456_14f3b1ae,reward_dense,train,410,456,easy,5,5,0.1,0.95,0.05,default,100,9.3,8,1,1,0,0,0.0011006999993696809,
reward_dense_456_14f3b1ae,reward_dense,train,411,456,easy,5,5,0.1,0.95,0.05,default,100,9.3,8,1,1,0,0,0.0010814999986905605,
reward_dense_456_14f3b1ae,reward_dense,train,412,456,easy,5,5,0.1,0.95,0.05,default,100,9.1,10,1,1,0,0,0.0012707999994745478,
reward_dense_456_14f3b1ae,reward_dense,train,413,456,easy,5,5,0.1,0.95,0.05,default,100,8.3,9,1,1,0,0,0.0011595999967539683,
reward_dense_456_14f3b1ae,reward_dense,train,414,456,easy,5,5,0.1,0.95,0.05,default,100,9.3,8,1,1,0,0,0.001070900005288422,
reward_dense_456_14f3b1ae,reward_dense,train,415,456,easy,5,5,0.1,0.95,0.05,default,100,8.3,9,1,1,0,0,0.0011324999941280112,
reward_dense_456_14f3b1ae,reward_dense,train,416,456,easy,5,5,0.1,0.95,0.05,default,100,9.3,8,1,1,0,0,0.0010648000024957582,
reward_dense_456_14f3b1ae,reward_dense,train,417,456,easy,5,5,0.1,0.95,0.05,default,100,9.3,8,1,1,0,0,0.0012282999960007146,
reward_dense_456_14f3b1ae,reward_dense,train,418,456,easy,5,5,0.1,0.95,0.05,default,100,9.3,8,1,1,0,0,0.001182800013339147,
reward_dense_456_14f3b1ae,reward_dense,train,419,456,easy,5,5,0.1,0.95,0.05,default,100,9.3,8,1,1,0,0,0.001066900003934279,
reward_dense_456_14f3b1ae,reward_dense,train,420,456,easy,5,5,0.1,0.95,0.05,default,100,9.3,8,1,1,0,0,0.001084400006220676,
reward_dense_456_14f3b1ae,reward_dense,train,421,456,easy,5,5,0.1,0.95,0.05,default,100,9.3,8,1,1,0,0,0.001424699992639944,
reward_dense_456_14f3b1ae,reward_dense,train,422,456,easy,5,5,0.1,0.95,0.05,default,100,9.1,10,1,1,0,0,0.001363700008369051,
reward_dense_456_14f3b1ae,reward_dense,train,423,456,easy,5,5,0.1,0.95,0.05,default,100,9.3,8,1,1,0,0,0.0011506000009831041,
reward_dense_456_14f3b1ae,reward_dense,train,424,456,easy,5,5,0.1,0.95,0.05,default,100,9.1,10,1,1,0,0,0.001269000000320375,
reward_dense_456_14f3b1ae,reward_dense,train,425,456,easy,5,5,0.1,0.95,0.05,default,100,9.3,8,1,1,0,0,0.0013470999983837828,
reward_dense_456_14f3b1ae,reward_dense,train,426,456,easy,5,5,0.1,0.95,0.05,default,100,9.1,10,1,1,0,0,0.0014026999997440726,
reward_dense_456_14f3b1ae,reward_dense,train,427,456,easy,5,5,0.1,0.95,0.05,default,100,9.3,8,1,1,0,0,0.0010929999989457428,
reward_dense_456_14f3b1ae,reward_dense,train,428,456,easy,5,5,0.1,0.95,0.05,default,100,7.299999999999999,10,1,1,0,0,0.0012444999883882701,
reward_dense_456_14f3b1ae,reward_dense,train,429,456,easy,5,5,0.1,0.95,0.05,default,100,9.3,8,1,1,0,0,0.0010651000047801062,
reward_dense_456_14f3b1ae,reward_dense,train,430,456,easy,5,5,0.1,0.95,0.05,default,100,9.3,8,1,1,0,0,0.0010861000046133995,
reward_dense_456_14f3b1ae,reward_dense,train,431,456,easy,5,5,0.1,0.95,0.05,default,100,9.3,8,1,1,0,0,0.0010723000013967976,
reward_dense_456_14f3b1ae,reward_dense,train,432,456,easy,5,5,0.1,0.95,0.05,default,100,9.3,8,1,1,0,0,0.0012306999997235835,
reward_dense_456_14f3b1ae,reward_dense,train,433,456,easy,5,5,0.1,0.95,0.05,default,100,8.299999999999999,9,1,1,0,0,0.001203499996336177,
reward_dense_456_14f3b1ae,reward_dense,train,434,456,easy,5,5,0.1,0.95,0.05,default,100,9.3,8,1,1,0,0,0.0010686000023270026,
reward_dense_456_14f3b1ae,reward_dense,train,435,456,easy,5,5,0.1,0.95,0.05,default,100,9.3,8,1,1,0,0,0.0010360000014770776,
reward_dense_456_14f3b1ae,reward_dense,train,436,456,easy,5,5,0.1,0.95,0.05,default,100,9.3,8,1,1,0,0,0.001046299992594868,
reward_dense_456_14f3b1ae,reward_dense,train,437,456,easy,5,5,0.1,0.95,0.05,default,100,9.3,8,1,1,0,0,0.001291199994739145,
reward_dense_456_14f3b1ae,reward_dense,train,438,456,easy,5,5,0.1,0.95,0.05,default,100,9.3,8,1,1,0,0,0.0012725999986287206,
reward_dense_456_14f3b1ae,reward_dense,train,439,456,easy,5,5,0.1,0.95,0.05,default,100,9.1,10,1,1,0,0,0.0012946000060765073,
reward_dense_456_14f3b1ae,reward_dense,train,440,456,easy,5,5,0.1,0.95,0.05,default,100,9.3,8,1,1,0,0,0.0010781000019051135,
reward_dense_456_14f3b1ae,reward_dense,train,441,456,easy,5,5,0.1,0.95,0.05,default,100,9.3,8,1,1,0,0,0.0011364999954821542,
reward_dense_456_14f3b1ae,reward_dense,train,442,456,easy,5,5,0.1,0.95,0.05,default,100,9.3,8,1,1,0,0,0.0010629999887896702,
reward_dense_456_14f3b1ae,reward_dense,train,443,456,easy,5,5,0.1,0.95,0.05,default,100,8.299999999999999,9,1,1,0,0,0.0011740999907488003,
reward_dense_456_14f3b1ae,reward_dense,train,444,456,easy,5,5,0.1,0.95,0.05,default,100,9.3,8,1,1,0,0,0.0011323999933665618,
reward_dense_456_14f3b1ae,reward_dense,train,445,456,easy,5,5,0.1,0.95,0.05,default,100,9.3,8,1,1,0,0,0.0010781999881146476,
reward_dense_456_14f3b1ae,reward_dense,train,446,456,easy,5,5,0.1,0.95,0.05,default,100,8.3,9,1,1,0,0,0.0011270999966654927,
reward_dense_456_14f3b1ae,reward_dense,train,447,456,easy,5,5,0.1,0.95,0.05,default,100,9.3,8,1,1,0,0,0.0010891999991144985,
reward_dense_456_14f3b1ae,reward_dense,train,448,456,easy,5,5,0.1,0.95,0.05,default,100,9.3,8,1,1,0,0,0.0010599999950500205,
reward_dense_456_14f3b1ae,reward_dense,train,449,456,easy,5,5,0.1,0.95,0.05,default,100,9.3,8,1,1,0,0,0.001080799993360415,
reward_dense_456_14f3b1ae,reward_dense,train,450,456,easy,5,5,0.1,0.95,0.05,default,100,9.3,8,1,1,0,0,0.0010488999978406355,
reward_dense_456_14f3b1ae,reward_dense,train,451,456,easy,5,5,0.1,0.95,0.05,default,100,9.3,8,1,1,0,0,0.001117600011639297,
reward_dense_456_14f3b1ae,reward_dense,train,452,456,easy,5,5,0.1,0.95,0.05,default,100,9.3,8,1,1,0,0,0.0011063999991165474,
reward_dense_456_14f3b1ae,reward_dense,train,453,456,easy,5,5,0.1,0.95,0.05,default,100,9.3,8,1,1,0,0,0.0010846999939531088,
reward_dense_456_14f3b1ae,reward_dense,train,454,456,easy,5,5,0.1,0.95,0.05,default,100,9.3,8,1,1,0,0,0.0011875000054715201,
reward_dense_456_14f3b1ae,reward_dense,train,455,456,easy,5,5,0.1,0.95,0.05,default,100,9.3,8,1,1,0,0,0.0010789999942062423,
reward_dense_456_14f3b1ae,reward_dense,train,456,456,easy,5,5,0.1,0.95,0.05,default,100,9.3,8,1,1,0,0,0.0010829999955603853,
reward_dense_456_14f3b1ae,reward_dense,train,457,456,easy,5,5,0.1,0.95,0.05,default,100,9.3,8,1,1,0,0,0.0011036000068997964,
reward_dense_456_14f3b1ae,reward_dense,train,458,456,easy,5,5,0.1,0.95,0.05,default,100,9.3,8,1,1,0,0,0.0010947999980999157,
reward_dense_456_14f3b1ae,reward_dense,train,459,456,easy,5,5,0.1,0.95,0.05,default,100,9.3,8,1,1,0,0,0.0010617999942041934,
reward_dense_456_14f3b1ae,reward_dense,train,460,456,easy,5,5,0.1,0.95,0.05,default,100,9.3,8,1,1,0,0,0.0011021999962395057,
reward_dense_456_14f3b1ae,reward_dense,train,461,456,easy,5,5,0.1,0.95,0.05,default,100,9.3,8,1,1,0,0,0.0011058999953093007,
reward_dense_456_14f3b1ae,reward_dense,train,462,456,easy,5,5,0.1,0.95,0.05,default,100,9.3,8,1,1,0,0,0.001093699989723973,
reward_dense_456_14f3b1ae,reward_dense,train,463,456,easy,5,5,0.1,0.95,0.05,default,100,9.3,8,1,1,0,0,0.0010800000018207356,
reward_dense_456_14f3b1ae,reward_dense,train,464,456,easy,5,5,0.1,0.95,0.05,default,100,9.3,8,1,1,0,0,0.0010534000030020252,
reward_dense_456_14f3b1ae,reward_dense,train,465,456,easy,5,5,0.1,0.95,0.05,default,100,9.3,8,1,1,0,0,0.0010716999968281016,
reward_dense_456_14f3b1ae,reward_dense,train,466,456,easy,5,5,0.1,0.95,0.05,default,100,9.3,8,1,1,0,0,0.0010135000047739595,
reward_dense_456_14f3b1ae,reward_dense,train,467,456,easy,5,5,0.1,0.95,0.05,default,100,9.3,8,1,1,0,0,0.001085699987015687,
reward_dense_456_14f3b1ae,reward_dense,train,468,456,easy,5,5,0.1,0.95,0.05,default,100,9.3,8,1,1,0,0,0.0010138000070583075,
reward_dense_456_14f3b1ae,reward_dense,train,469,456,easy,5,5,0.1,0.95,0.05,default,100,9.3,8,1,1,0,0,0.0010735999967437238,
reward_dense_456_14f3b1ae,reward_dense,train,470,456,easy,5,5,0.1,0.95,0.05,default,100,9.3,8,1,1,0,0,0.0009647999977460131,
reward_dense_456_14f3b1ae,reward_dense,train,471,456,easy,5,5,0.1,0.95,0.05,default,100,8.3,9,1,1,0,0,0.0012206000101286918,
reward_dense_456_14f3b1ae,reward_dense,train,472,456,easy,5,5,0.1,0.95,0.05,default,100,9.1,10,1,1,0,0,0.0012567000085255131,
reward_dense_456_14f3b1ae,reward_dense,train,473,456,easy,5,5,0.1,0.95,0.05,default,100,9.3,8,1,1,0,0,0.0010796999995363876,
reward_dense_456_14f3b1ae,reward_dense,train,474,456,easy,5,5,0.1,0.95,0.05,default,100,8.299999999999999,9,1,1,0,0,0.0011384999961592257,
reward_dense_456_14f3b1ae,reward_dense,train,475,456,easy,5,5,0.1,0.95,0.05,default,100,9.3,8,1,1,0,0,0.0010755999974207953,
reward_dense_456_14f3b1ae,reward_dense,train,476,456,easy,5,5,0.1,0.95,0.05,default,100,9.3,8,1,1,0,0,0.001073399995220825,
reward_dense_456_14f3b1ae,reward_dense,train,477,456,easy,5,5,0.1,0.95,0.05,default,100,9.3,8,1,1,0,0,0.001065600008587353,
reward_dense_456_14f3b1ae,reward_dense,train,478,456,easy,5,5,0.1,0.95,0.05,default,100,9.3,8,1,1,0,0,0.0010691000061342493,
reward_dense_456_14f3b1ae,reward_dense,train,479,456,easy,5,5,0.1,0.95,0.05,default,100,9.3,8,1,1,0,0,0.001014900000882335,
reward_dense_456_14f3b1ae,reward_dense,train,480,456,easy,5,5,0.1,0.95,0.05,default,100,9.3,8,1,1,0,0,0.001072700004442595,
reward_dense_456_14f3b1ae,reward_dense,train,481,456,easy,5,5,0.1,0.95,0.05,default,100,9.3,8,1,1,0,0,0.001255800001672469,
reward_dense_456_14f3b1ae,reward_dense,train,482,456,easy,5,5,0.1,0.95,0.05,default,100,9.1,10,1,1,0,0,0.001370500001939945,
reward_dense_456_14f3b1ae,reward_dense,train,483,456,easy,5,5,0.1,0.95,0.05,default,100,9.3,8,1,1,0,0,0.0010628000018186867,
reward_dense_456_14f3b1ae,reward_dense,train,484,456,easy,5,5,0.1,0.95,0.05,default,100,9.3,8,1,1,0,0,0.0010244000004604459,
reward_dense_456_14f3b1ae,reward_dense,train,485,456,easy,5,5,0.1,0.95,0.05,default,100,8.299999999999999,9,1,1,0,0,0.0011627000058069825,
reward_dense_456_14f3b1ae,reward_dense,train,486,456,easy,5,5,0.1,0.95,0.05,default,100,9.3,8,1,1,0,0,0.0010620000102790073,
reward_dense_456_14f3b1ae,reward_dense,train,487,456,easy,5,5,0.1,0.95,0.05,default,100,8.9,12,1,1,0,0,0.0014058999950066209,
reward_dense_456_14f3b1ae,reward_dense,train,488,456,easy,5,5,0.1,0.95,0.05,default,100,8.299999999999999,9,1,1,0,0,0.0011393999884603545,
reward_dense_456_14f3b1ae,reward_dense,train,489,456,easy,5,5,0.1,0.95,0.05,default,100,8.3,9,1,1,0,0,0.0011306000087643042,
reward_dense_456_14f3b1ae,reward_dense,train,490,456,easy,5,5,0.1,0.95,0.05,default,100,9.3,8,1,1,0,0,0.0010688000038499013,
reward_dense_456_14f3b1ae,reward_dense,train,491,456,easy,5,5,0.1,0.95,0.05,default,100,9.3,8,1,1,0,0,0.0010152999893762171,
reward_dense_456_14f3b1ae,reward_dense,train,492,456,easy,5,5,0.1,0.95,0.05,default,100,9.3,8,1,1,0,0,0.0010677000100258738,
reward_dense_456_14f3b1ae,reward_dense,train,493,456,easy,5,5,0.1,0.95,0.05,default,100,9.3,8,1,1,0,0,0.0011168999917572364,
reward_dense_456_14f3b1ae,reward_dense,train,494,456,easy,5,5,0.1,0.95,0.05,default,100,9.3,8,1,1,0,0,0.0010760000004665926,
reward_dense_456_14f3b1ae,reward_dense,train,495,456,easy,5,5,0.1,0.95,0.05,default,100,9.3,8,1,1,0,0,0.001065000004018657,
reward_dense_456_14f3b1ae,reward_dense,train,496,456,easy,5,5,0.1,0.95,0.05,default,100,9.3,8,1,1,0,0,0.0011148000048706308,
reward_dense_456_14f3b1ae,reward_dense,train,497,456,easy,5,5,0.1,0.95,0.05,default,100,9.3,8,1,1,0,0,0.0010910999990301207,
reward_dense_456_14f3b1ae,reward_dense,train,498,456,easy,5,5,0.1,0.95,0.05,default,100,9.3,8,1,1,0,0,0.0010864999931072816,
reward_dense_456_14f3b1ae,reward_dense,train,499,456,easy,5,5,0.1,0.95,0.05,default,100,9.1,10,1,1,0,0,0.0013118000060785562,
reward_dense_456_14f3b1ae,reward_dense,train,500,456,easy,5,5,0.1,0.95,0.05,default,100,8.299999999999999,9,1,1,0,0,0.001144699999713339,
reward_dense_456_14f3b1ae,reward_dense,train,501,456,easy,5,5,0.1,0.95,0.05,default,100,9.3,8,1,1,0,0,0.001124100002925843,
reward_dense_456_14f3b1ae,reward_dense,train,502,456,easy,5,5,0.1,0.95,0.05,default,100,9.3,8,1,1,0,0,0.0010750000074040145,
reward_dense_456_14f3b1ae,reward_dense,train,503,456,easy,5,5,0.1,0.95,0.05,default,100,8.299999999999999,9,1,1,0,0,0.0011200000008102506,
reward_dense_456_14f3b1ae,reward_dense,train,504,456,easy,5,5,0.1,0.95,0.05,default,100,9.1,10,1,1,0,0,0.0012553999986266717,
reward_dense_456_14f3b1ae,reward_dense,train,505,456,easy,5,5,0.1,0.95,0.05,default,100,9.3,8,1,1,0,0,0.0010832999978447333,
reward_dense_456_14f3b1ae,reward_dense,train,506,456,easy,5,5,0.1,0.95,0.05,default,100,8.3,9,1,1,0,0,0.0011577999975997955,
reward_dense_456_14f3b1ae,reward_dense,train,507,456,easy,5,5,0.1,0.95,0.05,default,100,9.3,8,1,1,0,0,0.001022900003590621,
reward_dense_456_14f3b1ae,reward_dense,train,508,456,easy,5,5,0.1,0.95,0.05,default,100,9.3,8,1,1,0,0,0.0010476000024937093,
reward_dense_456_14f3b1ae,reward_dense,train,509,456,easy,5,5,0.1,0.95,0.05,default,100,9.3,8,1,1,0,0,0.0010667000024113804,
reward_dense_456_14f3b1ae,reward_dense,train,510,456,easy,5,5,0.1,0.95,0.05,default,100,9.3,8,1,1,0,0,0.0010808999941218644,
reward_dense_456_14f3b1ae,reward_dense,train,511,456,easy,5,5,0.1,0.95,0.05,default,100,9.3,8,1,1,0,0,0.0010847999947145581,
reward_dense_456_14f3b1ae,reward_dense,train,512,456,easy,5,5,0.1,0.95,0.05,default,100,9.3,8,1,1,0,0,0.0010840000031748787,
reward_dense_456_14f3b1ae,reward_dense,train,513,456,easy,5,5,0.1,0.95,0.05,default,100,8.9,12,1,1,0,0,0.0014356999890878797,
reward_dense_456_14f3b1ae,reward_dense,train,514,456,easy,5,5,0.1,0.95,0.05,default,100,9.3,8,1,1,0,0,0.001077600012649782,
reward_dense_456_14f3b1ae,reward_dense,train,515,456,easy,5,5,0.1,0.95,0.05,default,100,9.3,8,1,1,0,0,0.0010780000011436641,
reward_dense_456_14f3b1ae,reward_dense,train,516,456,easy,5,5,0.1,0.95,0.05,default,100,8.3,9,1,1,0,0,0.0011309999972581863,
reward_dense_456_14f3b1ae,reward_dense,train,517,456,easy,5,5,0.1,0.95,0.05,default,100,9.3,8,1,1,0,0,0.0010900999914156273,
reward_dense_456_14f3b1ae,reward_dense,train,518,456,easy,5,5,0.1,0.95,0.05,default,100,9.3,8,1,1,0,0,0.0010612000041874126,
reward_dense_456_14f3b1ae,reward_dense,train,519,456,easy,5,5,0.1,0.95,0.05,default,100,9.3,8,1,1,0,0,0.001080499991076067,
reward_dense_456_14f3b1ae,reward_dense,train,520,456,easy,5,5,0.1,0.95,0.05,default,100,8.1,11,1,1,0,0,0.0012752000038744882,
reward_dense_456_14f3b1ae,reward_dense,train,521,456,easy,5,5,0.1,0.95,0.05,default,100,8.299999999999999,9,1,1,0,0,0.0011403999960748479,
reward_dense_456_14f3b1ae,reward_dense,train,522,456,easy,5,5,0.1,0.95,0.05,default,100,9.3,8,1,1,0,0,0.0010954000026686117,
reward_dense_456_14f3b1ae,reward_dense,train,523,456,easy,5,5,0.1,0.95,0.05,default,100,9.3,8,1,1,0,0,0.001030300001730211,
reward_dense_456_14f3b1ae,reward_dense,train,524,456,easy,5,5,0.1,0.95,0.05,default,100,9.3,8,1,1,0,0,0.0010792999964905903,
reward_dense_456_14f3b1ae,reward_dense,train,525,456,easy,5,5,0.1,0.95,0.05,default,100,9.3,8,1,1,0,0,0.0010623999987728894,
reward_dense_456_14f3b1ae,reward_dense,train,526,456,easy,5,5,0.1,0.95,0.05,default,100,8.299999999999999,9,1,1,0,0,0.0011534000077517703,
reward_dense_456_14f3b1ae,reward_dense,train,527,456,easy,5,5,0.1,0.95,0.05,default,100,8.299999999999999,9,1,1,0,0,0.0011399999930290505,
reward_dense_456_14f3b1ae,reward_dense,train,528,456,easy,5,5,0.1,0.95,0.05,default,100,8.3,9,1,1,0,0,0.0011747999960789457,
reward_dense_456_14f3b1ae,reward_dense,train,529,456,easy,5,5,0.1,0.95,0.05,default,100,9.3,8,1,1,0,0,0.0010645000002114102,
reward_dense_456_14f3b1ae,reward_dense,train,530,456,easy,5,5,0.1,0.95,0.05,default,100,9.3,8,1,1,0,0,0.000992700006463565,
reward_dense_456_14f3b1ae,reward_dense,train,531,456,easy,5,5,0.1,0.95,0.05,default,100,9.3,8,1,1,0,0,0.0010704999876907095,
reward_dense_456_14f3b1ae,reward_dense,train,532,456,easy,5,5,0.1,0.95,0.05,default,100,9.3,8,1,1,0,0,0.0010636999941198155,
reward_dense_456_14f3b1ae,reward_dense,train,533,456,easy,5,5,0.1,0.95,0.05,default,100,9.3,8,1,1,0,0,0.0010274999949615449,
reward_dense_456_14f3b1ae,reward_dense,train,534,456,easy,5,5,0.1,0.95,0.05,default,100,9.3,8,1,1,0,0,0.001061300004948862,
reward_dense_456_14f3b1ae,reward_dense,train,535,456,easy,5,5,0.1,0.95,0.05,default,100,9.3,8,1,1,0,0,0.001037399997585453,
reward_dense_456_14f3b1ae,reward_dense,train,536,456,easy,5,5,0.1,0.95,0.05,default,100,9.3,8,1,1,0,0,0.0010640000109560788,
reward_dense_456_14f3b1ae,reward_dense,train,537,456,easy,5,5,0.1,0.95,0.05,default,100,8.299999999999999,9,1,1,0,0,0.001159199993708171,
reward_dense_456_14f3b1ae,reward_dense,train,538,456,easy,5,5,0.1,0.95,0.05,default,100,9.1,10,1,1,0,0,0.0012046000047121197,
reward_dense_456_14f3b1ae,reward_dense,train,539,456,easy,5,5,0.1,0.95,0.05,default,100,8.3,9,1,1,0,0,0.0011622000019997358,
reward_dense_456_14f3b1ae,reward_dense,train,540,456,easy,5,5,0.1,0.95,0.05,default,100,9.3,8,1,1,0,0,0.0010599999950500205,
reward_dense_456_14f3b1ae,reward_dense,train,541,456,easy,5,5,0.1,0.95,0.05,default,100,8.299999999999999,9,1,1,0,0,0.0011750999983632937,
reward_dense_456_14f3b1ae,reward_dense,train,542,456,easy,5,5,0.1,0.95,0.05,default,100,9.3,8,1,1,0,0,0.001088700009859167,
reward_dense_456_14f3b1ae,reward_dense,train,543,456,easy,5,5,0.1,0.95,0.05,default,100,9.3,8,1,1,0,0,0.0010712999937823042,
reward_dense_456_14f3b1ae,reward_dense,train,544,456,easy,5,5,0.1,0.95,0.05,default,100,8.299999999999999,9,1,1,0,0,0.001155499994638376,
reward_dense_456_14f3b1ae,reward_dense,train,545,456,easy,5,5,0.1,0.95,0.05,default,100,8.299999999999999,9,1,1,0,0,0.001145300004282035,
reward_dense_456_14f3b1ae,reward_dense,train,546,456,easy,5,5,0.1,0.95,0.05,default,100,8.299999999999999,9,1,1,0,0,0.0011335000017425045,
reward_dense_456_14f3b1ae,reward_dense,train,547,456,easy,5,5,0.1,0.95,0.05,default,100,9.3,8,1,1,0,0,0.001080499991076067,
reward_dense_456_14f3b1ae,reward_dense,train,548,456,easy,5,5,0.1,0.95,0.05,default,100,9.3,8,1,1,0,0,0.0010846000077435747,
reward_dense_456_14f3b1ae,reward_dense,train,549,456,easy,5,5,0.1,0.95,0.05,default,100,9.1,10,1,1,0,0,0.001269399988814257,
reward_dense_456_14f3b1ae,reward_dense,train,550,456,easy,5,5,0.1,0.95,0.05,default,100,9.3,8,1,1,0,0,0.0010597000073175877,
reward_dense_456_14f3b1ae,reward_dense,train,551,456,easy,5,5,0.1,0.95,0.05,default,100,9.3,8,1,1,0,0,0.0010769999935291708,
reward_dense_456_14f3b1ae,reward_dense,train,552,456,easy,5,5,0.1,0.95,0.05,default,100,9.3,8,1,1,0,0,0.0010564999975031242,
reward_dense_456_14f3b1ae,reward_dense,train,553,456,easy,5,5,0.1,0.95,0.05,default,100,9.3,8,1,1,0,0,0.0010715999960666522,
reward_dense_456_14f3b1ae,reward_dense,train,554,456,easy,5,5,0.1,0.95,0.05,default,100,9.3,8,1,1,0,0,0.0010597999935271218,
reward_dense_456_14f3b1ae,reward_dense,train,555,456,easy,5,5,0.1,0.95,0.05,default,100,9.3,8,1,1,0,0,0.0010820000024978071,
reward_dense_456_14f3b1ae,reward_dense,train,556,456,easy,5,5,0.1,0.95,0.05,default,100,9.3,8,1,1,0,0,0.00106160000723321,
reward_dense_456_14f3b1ae,reward_dense,train,557,456,easy,5,5,0.1,0.95,0.05,default,100,9.3,8,1,1,0,0,0.0010936000035144389,
reward_dense_456_14f3b1ae,reward_dense,train,558,456,easy,5,5,0.1,0.95,0.05,default,100,8.3,9,1,1,0,0,0.0010886999953072518,
reward_dense_456_14f3b1ae,reward_dense,train,559,456,easy,5,5,0.1,0.95,0.05,default,100,8.1,11,1,1,0,0,0.0013436000008368865,
reward_dense_456_14f3b1ae,reward_dense,train,560,456,easy,5,5,0.1,0.95,0.05,default,100,9.3,8,1,1,0,0,0.0011004999978467822,
reward_dense_456_14f3b1ae,reward_dense,train,561,456,easy,5,5,0.1,0.95,0.05,default,100,9.3,8,1,1,0,0,0.00109859999793116,
reward_dense_456_14f3b1ae,reward_dense,train,562,456,easy,5,5,0.1,0.95,0.05,default,100,9.3,8,1,1,0,0,0.0010909000120591372,
reward_dense_456_14f3b1ae,reward_dense,train,563,456,easy,5,5,0.1,0.95,0.05,default,100,9.3,8,1,1,0,0,0.0010686000023270026,
reward_dense_456_14f3b1ae,reward_dense,train,564,456,easy,5,5,0.1,0.95,0.05,default,100,9.3,8,1,1,0,0,0.0010566999990260229,
reward_dense_456_14f3b1ae,reward_dense,train,565,456,easy,5,5,0.1,0.95,0.05,default,100,8.299999999999999,9,1,1,0,0,0.0011509000032674521,
reward_dense_456_14f3b1ae,reward_dense,train,566,456,easy,5,5,0.1,0.95,0.05,default,100,9.3,8,1,1,0,0,0.0010409999958937988,
reward_dense_456_14f3b1ae,reward_dense,train,567,456,easy,5,5,0.1,0.95,0.05,default,100,9.3,8,1,1,0,0,0.0010800000018207356,
reward_dense_456_14f3b1ae,reward_dense,train,568,456,easy,5,5,0.1,0.95,0.05,default,100,9.3,8,1,1,0,0,0.0010843000054592267,
reward_dense_456_14f3b1ae,reward_dense,train,569,456,easy,5,5,0.1,0.95,0.05,default,100,9.3,8,1,1,0,0,0.00107640000351239,
reward_dense_456_14f3b1ae,reward_dense,train,570,456,easy,5,5,0.1,0.95,0.05,default,100,9.3,8,1,1,0,0,0.001065900010871701,
reward_dense_456_14f3b1ae,reward_dense,train,571,456,easy,5,5,0.1,0.95,0.05,default,100,9.3,8,1,1,0,0,0.00108380000165198,
reward_dense_456_14f3b1ae,reward_dense,train,572,456,easy,5,5,0.1,0.95,0.05,default,100,9.1,10,1,1,0,0,0.001250899993465282,
reward_dense_456_14f3b1ae,reward_dense,train,573,456,easy,5,5,0.1,0.95,0.05,default,100,9.3,8,1,1,0,0,0.001077000008081086,
reward_dense_456_14f3b1ae,reward_dense,train,574,456,easy,5,5,0.1,0.95,0.05,default,100,9.3,8,1,1,0,0,0.0010143999970750883,
reward_dense_456_14f3b1ae,reward_dense,train,575,456,easy,5,5,0.1,0.95,0.05,default,100,9.1,10,1,1,0,0,0.0012677000049734488,
reward_dense_456_14f3b1ae,reward_dense,train,576,456,easy,5,5,0.1,0.95,0.05,default,100,9.3,8,1,1,0,0,0.0010117999918293208,
reward_dense_456_14f3b1ae,reward_dense,train,577,456,easy,5,5,0.1,0.95,0.05,default,100,8.1,11,1,1,0,0,0.0013451000122586265,
reward_dense_456_14f3b1ae,reward_dense,train,578,456,easy,5,5,0.1,0.95,0.05,default,100,8.299999999999999,9,1,1,0,0,0.0011701999901561067,
reward_dense_456_14f3b1ae,reward_dense,train,579,456,easy,5,5,0.1,0.95,0.05,default,100,8.299999999999999,9,1,1,0,0,0.0013307000044733286,
reward_dense_456_14f3b1ae,reward_dense,train,580,456,easy,5,5,0.1,0.95,0.05,default,100,9.3,8,1,1,0,0,0.0011380999931134284,
reward_dense_456_14f3b1ae,reward_dense,train,581,456,easy,5,5,0.1,0.95,0.05,default,100,9.3,8,1,1,0,0,0.0011030000023311004,
reward_dense_456_14f3b1ae,reward_dense,train,582,456,easy,5,5,0.1,0.95,0.05,default,100,9.3,8,1,1,0,0,0.0011071000044466928,
reward_dense_456_14f3b1ae,reward_dense,train,583,456,easy,5,5,0.1,0.95,0.05,default,100,9.3,8,1,1,0,0,0.0010749000066425651,
reward_dense_456_14f3b1ae,reward_dense,train,584,456,easy,5,5,0.1,0.95,0.05,default,100,8.299999999999999,9,1,1,0,0,0.0011346999963279814,
reward_dense_456_14f3b1ae,reward_dense,train,585,456,easy,5,5,0.1,0.95,0.05,default,100,9.3,8,1,1,0,0,0.0010732000082498416,
reward_dense_456_14f3b1ae,reward_dense,train,586,456,easy,5,5,0.1,0.95,0.05,default,100,9.3,8,1,1,0,0,0.001054599997587502,
reward_dense_456_14f3b1ae,reward_dense,train,587,456,easy,5,5,0.1,0.95,0.05,default,100,9.3,8,1,1,0,0,0.0010782000026665628,
reward_dense_456_14f3b1ae,reward_dense,train,588,456,easy,5,5,0.1,0.95,0.05,default,100,9.3,8,1,1,0,0,0.001106900002923794,
reward_dense_456_14f3b1ae,reward_dense,train,589,456,easy,5,5,0.1,0.95,0.05,default,100,8.1,11,1,1,0,0,0.0013474000006681308,
reward_dense_456_14f3b1ae,reward_dense,train,590,456,easy,5,5,0.1,0.95,0.05,default,100,9.3,8,1,1,0,0,0.0010544999968260527,
reward_dense_456_14f3b1ae,reward_dense,train,591,456,easy,5,5,0.1,0.95,0.05,default,100,7.299999999999999,10,1,1,0,0,0.0011697000009007752,
reward_dense_456_14f3b1ae,reward_dense,train,592,456,easy,5,5,0.1,0.95,0.05,default,100,8.299999999999999,9,1,1,0,0,0.0011424999975133687,
reward_dense_456_14f3b1ae,reward_dense,train,593,456,easy,5,5,0.1,0.95,0.05,default,100,9.3,8,1,1,0,0,0.0010503999947104603,
reward_dense_456_14f3b1ae,reward_dense,train,594,456,easy,5,5,0.1,0.95,0.05,default,100,9.3,8,1,1,0,0,0.0010758999997051433,
reward_dense_456_14f3b1ae,reward_dense,train,595,456,easy,5,5,0.1,0.95,0.05,default,100,9.3,8,1,1,0,0,0.001088100005290471,
reward_dense_456_14f3b1ae,reward_dense,train,596,456,easy,5,5,0.1,0.95,0.05,default,100,9.3,8,1,1,0,0,0.0010731999936979264,
reward_dense_456_14f3b1ae,reward_dense,train,597,456,easy,5,5,0.1,0.95,0.05,default,100,9.3,8,1,1,0,0,0.0010614000057103112,
reward_dense_456_14f3b1ae,reward_dense,train,598,456,easy,5,5,0.1,0.95,0.05,default,100,9.3,8,1,1,0,0,0.0010674999939510599,
reward_dense_456_14f3b1ae,reward_dense,train,599,456,easy,5,5,0.1,0.95,0.05,default,100,9.3,8,1,1,0,0,0.0010461000056238845,
reward_dense_456_14f3b1ae,reward_dense,train,600,456,easy,5,5,0.1,0.95,0.05,default,100,8.299999999999999,9,1,1,0,0,0.0011367999977665022,results\reward\dense\seed_456\qtable_ep600.npz
reward_dense_456_14f3b1ae,reward_dense,train,601,456,easy,5,5,0.1,0.95,0.05,default,100,9.3,8,1,1,0,0,0.0011118999973405153,
reward_dense_456_14f3b1ae,reward_dense,train,602,456,easy,5,5,0.1,0.95,0.05,default,100,9.3,8,1,1,0,0,0.0010870999976759776,
reward_dense_456_14f3b1ae,reward_dense,train,603,456,easy,5,5,0.1,0.95,0.05,default,100,9.3,8,1,1,0,0,0.001068400000804104,
reward_dense_456_14f3b1ae,reward_dense,train,604,456,easy,5,5,0.1,0.95,0.05,default,100,9.1,10,1,1,0,0,0.0012657999905059114,
reward_dense_456_14f3b1ae,reward_dense,train,605,456,easy,5,5,0.1,0.95,0.05,default,100,9.3,8,1,1,0,0,0.001052100007655099,
reward_dense_456_14f3b1ae,reward_dense,train,606,456,easy,5,5,0.1,0.95,0.05,default,100,8.299999999999999,9,1,1,0,0,0.0010557000059634447,
reward_dense_456_14f3b1ae,reward_dense,train,607,456,easy,5,5,0.1,0.95,0.05,default,100,9.3,8,1,1,0,0,0.0010642999986885116,
reward_dense_456_14f3b1ae,reward_dense,train,608,456,easy,5,5,0.1,0.95,0.05,default,100,9.3,8,1,1,0,0,0.0010725000029196963,
reward_dense_456_14f3b1ae,reward_dense,train,609,456,easy,5,5,0.1,0.95,0.05,default,100,9.3,8,1,1,0,0,0.0010756999981822446,
reward_dense_456_14f3b1ae,reward_dense,train,610,456,easy,5,5,0.1,0.95,0.05,default,100,8.3,9,1,1,0,0,0.001150299998698756,
reward_dense_456_14f3b1ae,reward_dense,train,611,456,easy,5,5,0.1,0.95,0.05,default,100,9.3,8,1,1,0,0,0.001072499988367781,
reward_dense_456_14f3b1ae,reward_dense,train,612,456,easy,5,5,0.1,0.95,0.05,default,100,9.3,8,1,1,0,0,0.0010522000084165484,
reward_dense_456_14f3b1ae,reward_dense,train,613,456,easy,5,5,0.1,0.95,0.05,default,100,9.3,8,1,1,0,0,0.0011417999921832234,
reward_dense_456_14f3b1ae,reward_dense,train,614,456,easy,5,5,0.1,0.95,0.05,default,100,9.3,8,1,1,0,0,0.0010593999904813245,
reward_dense_456_14f3b1ae,reward_dense,train,615,456,easy,5,5,0.1,0.95,0.05,default,100,9.3,8,1,1,0,0,0.0010643999994499609,
reward_dense_456_14f3b1ae,reward_dense,train,616,456,easy,5,5,0.1,0.95,0.05,default,100,9.3,8,1,1,0,0,0.0010465000086696818,
reward_dense_456_14f3b1ae,reward_dense,train,617,456,easy,5,5,0.1,0.95,0.05,default,100,9.3,8,1,1,0,0,0.0010732999944593757,
reward_dense_456_14f3b1ae,reward_dense,train,618,456,easy,5,5,0.1,0.95,0.05,default,100,9.3,8,1,1,0,0,0.0010474000009708107,
reward_dense_456_14f3b1ae,reward_dense,train,619,456,easy,5,5,0.1,0.95,0.05,default,100,9.3,8,1,1,0,0,0.00101709998853039,
reward_dense_456_14f3b1ae,reward_dense,train,620,456,easy,5,5,0.1,0.95,0.05,default,100,9.3,8,1,1,0,0,0.001048700010869652,
reward_dense_456_14f3b1ae,reward_dense,train,621,456,easy,5,5,0.1,0.95,0.05,default,100,-5.6,7,0,1,0,1,0.0009068999934243038,
reward_dense_456_14f3b1ae,reward_dense,train,622,456,easy,5,5,0.1,0.95,0.05,default,100,9.3,8,1,1,0,0,0.0010649000032572076,
reward_dense_456_14f3b1ae,reward_dense,train,623,456,easy,5,5,0.1,0.95,0.05,default,100,9.3,8,1,1,0,0,0.0010768000065581873,
reward_dense_456_14f3b1ae,reward_dense,train,624,456,easy,5,5,0.1,0.95,0.05,default,100,9.3,8,1,1,0,0,0.001047199999447912,
reward_dense_456_14f3b1ae,reward_dense,train,625,456,easy,5,5,0.1,0.95,0.05,default,100,9.3,8,1,1,0,0,0.0010741000005509704,
reward_dense_456_14f3b1ae,reward_dense,train,626,456,easy,5,5,0.1,0.95,0.05,default,100,9.3,8,1,1,0,0,0.0010542000090936199,
reward_dense_456_14f3b1ae,reward_dense,train,627,456,easy,5,5,0.1,0.95,0.05,default,100,9.3,8,1,1,0,0,0.001079800000297837,
reward_dense_456_14f3b1ae,reward_dense,train,628,456,easy,5,5,0.1,0.95,0.05,default,100,8.299999999999999,9,1,1,0,0,0.0011589999921852723,
reward_dense_456_14f3b1ae,reward_dense,train,629,456,easy,5,5,0.1,0.95,0.05,default,100,9.3,8,1,1,0,0,0.0010620000102790073,
reward_dense_456_14f3b1ae,reward_dense,train,630,456,easy,5,5,0.1,0.95,0.05,default,100,9.3,8,1,1,0,0,0.0010344999900553375,
reward_dense_456_14f3b1ae,reward_dense,train,631,456,easy,5,5,0.1,0.95,0.05,default,100,9.3,8,1,1,0,0,0.0010603999980958179,
reward_dense_456_14f3b1ae,reward_dense,train,632,456,easy,5,5,0.1,0.95,0.05,default,100,9.1,10,1,1,0,0,0.0012512999965110794,
reward_dense_456_14f3b1ae,reward_dense,train,633,456,easy,5,5,0.1,0.95,0.05,default,100,9.3,8,1,1,0,0,0.0010466000094311312,
reward_dense_456_14f3b1ae,reward_dense,train,634,456,easy,5,5,0.1,0.95,0.05,default,100,9.3,8,1,1,0,0,0.0010217999952146783,
reward_dense_456_14f3b1ae,reward_dense,train,635,456,easy,5,5,0.1,0.95,0.05,default,100,9.3,8,1,1,0,0,0.0010497000039322302,
reward_dense_456_14f3b1ae,reward_dense,train,636,456,easy,5,5,0.1,0.95,0.05,default,100,9.3,8,1,1,0,0,0.0010602000111248344,
reward_dense_456_14f3b1ae,reward_dense,train,637,456,easy,5,5,0.1,0.95,0.05,default,100,9.3,8,1,1,0,0,0.001014599998597987,
reward_dense_456_14f3b1ae,reward_dense,train,638,456,easy,5,5,0.1,0.95,0.05,default,100,8.3,9,1,1,0,0,0.0010901000059675425,
reward_dense_456_14f3b1ae,reward_dense,train,639,456,easy,5,5,0.1,0.95,0.05,default,100,9.1,10,1,1,0,0,0.0012512999965110794,
reward_dense_456_14f3b1ae,reward_dense,train,640,456,easy,5,5,0.1,0.95,0.05,default,100,9.3,8,1,1,0,0,0.001054599997587502,
reward_dense_456_14f3b1ae,reward_dense,train,641,456,easy,5,5,0.1,0.95,0.05,default,100,9.3,8,1,1,0,0,0.0011182000016560778,
reward_dense_456_14f3b1ae,reward_dense,train,642,456,easy,5,5,0.1,0.95,0.05,default,100,9.3,8,1,1,0,0,0.0010683000000426546,
reward_dense_456_14f3b1ae,reward_dense,train,643,456,easy,5,5,0.1,0.95,0.05,default,100,9.3,8,1,1,0,0,0.0010746000043582171,
reward_dense_456_14f3b1ae,reward_dense,train,644,456,easy,5,5,0.1,0.95,0.05,default,100,8.1,11,1,1,0,0,0.0017305999936070293,
reward_dense_456_14f3b1ae,reward_dense,train,645,456,easy,5,5,0.1,0.95,0.05,default,100,9.3,8,1,1,0,0,0.0011860000086016953,
reward_dense_456_14f3b1ae,reward_dense,train,646,456,easy,5,5,0.1,0.95,0.05,default,100,9.3,8,1,1,0,0,0.0011108000035164878,
reward_dense_456_14f3b1ae,reward_dense,train,647,456,easy,5,5,0.1,0.95,0.05,default,100,9.3,8,1,1,0,0,0.001066600001649931,
reward_dense_456_14f3b1ae,reward_dense,train,648,456,easy,5,5,0.1,0.95,0.05,default,100,8.299999999999999,9,1,1,0,0,0.0011486999865155667,
reward_dense_456_14f3b1ae,reward_dense,train,649,456,easy,5,5,0.1,0.95,0.05,default,100,8.299999999999999,9,1,1,0,0,0.001123499998357147,
reward_dense_456_14f3b1ae,reward_dense,train,650,456,easy,5,5,0.1,0.95,0.05,default,100,9.3,8,1,1,0,0,0.001032400003168732,
reward_dense_456_14f3b1ae,reward_dense,train,651,456,easy,5,5,0.1,0.95,0.05,default,100,9.1,10,1,1,0,0,0.0012486999912653118,
reward_dense_456_14f3b1ae,reward_dense,train,652,456,easy,5,5,0.1,0.95,0.05,default,100,9.3,8,1,1,0,0,0.0010463000071467832,
reward_dense_456_14f3b1ae,reward_dense,train,653,456,easy,5,5,0.1,0.95,0.05,default,100,8.299999999999999,9,1,1,0,0,0.0010399000020697713,
reward_dense_456_14f3b1ae,reward_dense,train,654,456,easy,5,5,0.1,0.95,0.05,default,100,9.3,8,1,1,0,0,0.0010437000019010156,
reward_dense_456_14f3b1ae,reward_dense,train,655,456,easy,5,5,0.1,0.95,0.05,default,100,9.3,8,1,1,0,0,0.001069900012225844,
reward_dense_456_14f3b1ae,reward_dense,train,656,456,easy,5,5,0.1,0.95,0.05,default,100,9.3,8,1,1,0,0,0.001043899988871999,
reward_dense_456_14f3b1ae,reward_dense,train,657,456,easy,5,5,0.1,0.95,0.05,default,100,8.299999999999999,9,1,1,0,0,0.0011371000000508502,
reward_dense_456_14f3b1ae,reward_dense,train,658,456,easy,5,5,0.1,0.95,0.05,default,100,9.3,8,1,1,0,0,0.0009983000054489821,
reward_dense_456_14f3b1ae,reward_dense,train,659,456,easy,5,5,0.1,0.95,0.05,default,100,8.9,12,1,1,0,0,0.0014026999997440726,
reward_dense_456_14f3b1ae,reward_dense,train,660,456,easy,5,5,0.1,0.95,0.05,default,100,9.3,8,1,1,0,0,0.0010602999973343685,
reward_dense_456_14f3b1ae,reward_dense,train,661,456,easy,5,5,0.1,0.95,0.05,default,100,9.3,8,1,1,0,0,0.0010822000040207058,
reward_dense_456_14f3b1ae,reward_dense,train,662,456,easy,5,5,0.1,0.95,0.05,default,100,9.3,8,1,1,0,0,0.0010844999924302101,
reward_dense_456_14f3b1ae,reward_dense,train,663,456,easy,5,5,0.1,0.95,0.05,default,100,9.3,8,1,1,0,0,0.0010574000043561682,
reward_dense_456_14f3b1ae,reward_dense,train,664,456,easy,5,5,0.1,0.95,0.05,default,100,8.3,9,1,1,0,0,0.0011747999960789457,
reward_dense_456_14f3b1ae,reward_dense,train,665,456,easy,5,5,0.1,0.95,0.05,default,100,9.3,8,1,1,0,0,0.0012741999962599948,
reward_dense_456_14f3b1ae,reward_dense,train,666,456,easy,5,5,0.1,0.95,0.05,default,100,8.3,9,1,1,0,0,0.001208100002259016,
reward_dense_456_14f3b1ae,reward_dense,train,667,456,easy,5,5,0.1,0.95,0.05,default,100,9.3,8,1,1,0,0,0.0010708999907365069,
reward_dense_456_14f3b1ae,reward_dense,train,668,456,easy,5,5,0.1,0.95,0.05,default,100,9.3,8,1,1,0,0,0.0010941999935312197,
reward_dense_456_14f3b1ae,reward_dense,train,669,456,easy,5,5,0.1,0.95,0.05,default,100,9.3,8,1,1,0,0,0.0010307000047760084,
reward_dense_456_14f3b1ae,reward_dense,train,670,456,easy,5,5,0.1,0.95,0.05,default,100,9.1,10,1,1,0,0,0.001204700005473569,
reward_dense_456_14f3b1ae,reward_dense,train,671,456,easy,5,5,0.1,0.95,0.05,default,100,9.3,8,1,1,0,0,0.001066600001649931,
reward_dense_456_14f3b1ae,reward_dense,train,672,456,easy,5,5,0.1,0.95,0.05,default,100,8.3,9,1,1,0,0,0.0011341000063112006,
reward_dense_456_14f3b1ae,reward_dense,train,673,456,easy,5,5,0.1,0.95,0.05,default,100,8.3,9,1,1,0,0,0.0011330999986967072,
reward_dense_456_14f3b1ae,reward_dense,train,674,456,easy,5,5,0.1,0.95,0.05,default,100,8.3,9,1,1,0,0,0.0011241999891353771,
reward_dense_456_14f3b1ae,reward_dense,train,675,456,easy,5,5,0.1,0.95,0.05,default,100,9.3,8,1,1,0,0,0.0010821000032592565,
reward_dense_456_14f3b1ae,reward_dense,train,676,456,easy,5,5,0.1,0.95,0.05,default,100,9.3,8,1,1,0,0,0.0010550000006332994,
reward_dense_456_14f3b1ae,reward_dense,train,677,456,easy,5,5,0.1,0.95,0.05,default,100,9.3,8,1,1,0,0,0.0010940999927697703,
reward_dense_456_14f3b1ae,reward_dense,train,678,456,easy,5,5,0.1,0.95,0.05,default,100,9.3,8,1,1,0,0,0.0010634000063873827,
reward_dense_456_14f3b1ae,reward_dense,train,679,456,easy,5,5,0.1,0.95,0.05,default,100,9.3,8,1,1,0,0,0.0010494999878574163,
reward_dense_456_14f3b1ae,reward_dense,train,680,456,easy,5,5,0.1,0.95,0.05,default,100,9.3,8,1,1,0,0,0.001267799991182983,
reward_dense_456_14f3b1ae,reward_dense,train,681,456,easy,5,5,0.1,0.95,0.05,default,100,8.9,12,1,1,0,0,0.001509599998826161,
reward_dense_456_14f3b1ae,reward_dense,train,682,456,easy,5,5,0.1,0.95,0.05,default,100,9.3,8,1,1,0,0,0.001071799997589551,
reward_dense_456_14f3b1ae,reward_dense,train,683,456,easy,5,5,0.1,0.95,0.05,default,100,9.3,8,1,1,0,0,0.0010726999898906797,
reward_dense_456_14f3b1ae,reward_dense,train,684,456,easy,5,5,0.1,0.95,0.05,default,100,9.3,8,1,1,0,0,0.0010113000025739893,
reward_dense_456_14f3b1ae,reward_dense,train,685,456,easy,5,5,0.1,0.95,0.05,default,100,9.3,8,1,1,0,0,0.0010723000013967976,
reward_dense_456_14f3b1ae,reward_dense,train,686,456,easy,5,5,0.1,0.95,0.05,default,100,9.3,8,1,1,0,0,0.0010506999969948083,
reward_dense_456_14f3b1ae,reward_dense,train,687,456,easy,5,5,0.1,0.95,0.05,default,100,9.3,8,1,1,0,0,0.0010741000005509704,
reward_dense_456_14f3b1ae,reward_dense,train,688,456,easy,5,5,0.1,0.95,0.05,default,100,9.1,10,1,1,0,0,0.0012386000016704202,
reward_dense_456_14f3b1ae,reward_dense,train,689,456,easy,5,5,0.1,0.95,0.05,default,100,9.3,8,1,1,0,0,0.0013548999995691702,
reward_dense_456_14f3b1ae,reward_dense,train,690,456,easy,5,5,0.1,0.95,0.05,default,100,8.3,9,1,1,0,0,0.0021822999988216907,
reward_dense_456_14f3b1ae,reward_dense,train,691,456,easy,5,5,0.1,0.95,0.05,default,100,7.299999999999999,10,1,1,0,0,0.001309900006162934,
reward_dense_456_14f3b1ae,reward_dense,train,692,456,easy,5,5,0.1,0.95,0.05,default,100,9.3,8,1,1,0,0,0.0010847999947145581,
reward_dense_456_14f3b1ae,reward_dense,train,693,456,easy,5,5,0.1,0.95,0.05,default,100,9.3,8,1,1,0,0,0.0013512000004993752,
reward_dense_456_14f3b1ae,reward_dense,train,694,456,easy,5,5,0.1,0.95,0.05,default,100,9.3,8,1,1,0,0,0.0011677000002237037,
reward_dense_456_14f3b1ae,reward_dense,train,695,456,easy,5,5,0.1,0.95,0.05,default,100,9.3,8,1,1,0,0,0.001087500000721775,
reward_dense_456_14f3b1ae,reward_dense,train,696,456,easy,5,5,0.1,0.95,0.05,default,100,9.3,8,1,1,0,0,0.0010735999967437238,
reward_dense_456_14f3b1ae,reward_dense,train,697,456,easy,5,5,0.1,0.95,0.05,default,100,9.3,8,1,1,0,0,0.001076499989721924,
reward_dense_456_14f3b1ae,reward_dense,train,698,456,easy,5,5,0.1,0.95,0.05,default,100,9.3,8,1,1,0,0,0.0010932000004686415,
reward_dense_456_14f3b1ae,reward_dense,train,699,456,easy,5,5,0.1,0.95,0.05,default,100,9.3,8,1,1,0,0,0.001057999994372949,
reward_dense_456_14f3b1ae,reward_dense,train,700,456,easy,5,5,0.1,0.95,0.05,default,100,9.3,8,1,1,0,0,0.0010742000013124198,
reward_dense_456_14f3b1ae,reward_dense,train,701,456,easy,5,5,0.1,0.95,0.05,default,100,9.3,8,1,1,0,0,0.0011333000002196059,
reward_dense_456_14f3b1ae,reward_dense,train,702,456,easy,5,5,0.1,0.95,0.05,default,100,9.3,8,1,1,0,0,0.001077399996574968,
reward_dense_456_14f3b1ae,reward_dense,train,703,456,easy,5,5,0.1,0.95,0.05,default,100,9.3,8,1,1,0,0,0.0010814999986905605,
reward_dense_456_14f3b1ae,reward_dense,train,704,456,easy,5,5,0.1,0.95,0.05,default,100,9.3,8,1,1,0,0,0.0010554000036790967,
reward_dense_456_14f3b1ae,reward_dense,train,705,456,easy,5,5,0.1,0.95,0.05,default,100,9.3,8,1,1,0,0,0.0010688000038499013,
reward_dense_456_14f3b1ae,reward_dense,train,706,456,easy,5,5,0.1,0.95,0.05,default,100,9.3,8,1,1,0,0,0.0010107999987667426,
reward_dense_456_14f3b1ae,reward_dense,train,707,456,easy,5,5,0.1,0.95,0.05,default,100,8.3,9,1,1,0,0,0.0011598999990383163,
reward_dense_456_14f3b1ae,reward_dense,train,708,456,easy,5,5,0.1,0.95,0.05,default,100,9.3,8,1,1,0,0,0.001082599992514588,
reward_dense_456_14f3b1ae,reward_dense,train,709,456,easy,5,5,0.1,0.95,0.05,default,100,9.3,8,1,1,0,0,0.0011177999986102805,
reward_dense_456_14f3b1ae,reward_dense,train,710,456,easy,5,5,0.1,0.95,0.05,default,100,9.3,8,1,1,0,0,0.0010594000050332397,
reward_dense_456_14f3b1ae,reward_dense,train,711,456,easy,5,5,0.1,0.95,0.05,default,100,9.3,8,1,1,0,0,0.0010984999971697107,
reward_dense_456_14f3b1ae,reward_dense,train,712,456,easy,5,5,0.1,0.95,0.05,default,100,9.3,8,1,1,0,0,0.0010595999920042232,
reward_dense_456_14f3b1ae,reward_dense,train,713,456,easy,5,5,0.1,0.95,0.05,default,100,9.3,8,1,1,0,0,0.0010803000041050836,
reward_dense_456_14f3b1ae,reward_dense,train,714,456,easy,5,5,0.1,0.95,0.05,default,100,8.3,9,1,1,0,0,0.0011481999972602352,
reward_dense_456_14f3b1ae,reward_dense,train,715,456,easy,5,5,0.1,0.95,0.05,default,100,9.3,8,1,1,0,0,0.0010556000052019954,
reward_dense_456_14f3b1ae,reward_dense,train,716,456,easy,5,5,0.1,0.95,0.05,default,100,9.3,8,1,1,0,0,0.0010688000038499013,
reward_dense_456_14f3b1ae,reward_dense,train,717,456,easy,5,5,0.1,0.95,0.05,default,100,9.3,8,1,1,0,0,0.0012544000055640936,
reward_dense_456_14f3b1ae,reward_dense,train,718,456,easy,5,5,0.1,0.95,0.05,default,100,8.299999999999999,9,1,1,0,0,0.0012146000080974773,
reward_dense_456_14f3b1ae,reward_dense,train,719,456,easy,5,5,0.1,0.95,0.05,default,100,9.3,8,1,1,0,0,0.0010235999943688512,
reward_dense_456_14f3b1ae,reward_dense,train,720,456,easy,5,5,0.1,0.95,0.05,default,100,8.299999999999999,9,1,1,0,0,0.0010967999987769872,
reward_dense_456_14f3b1ae,reward_dense,train,721,456,easy,5,5,0.1,0.95,0.05,default,100,9.3,8,1,1,0,0,0.0011004999978467822,
reward_dense_456_14f3b1ae,reward_dense,train,722,456,easy,5,5,0.1,0.95,0.05,default,100,9.3,8,1,1,0,0,0.0010886999953072518,
reward_dense_456_14f3b1ae,reward_dense,train,723,456,easy,5,5,0.1,0.95,0.05,default,100,9.3,8,1,1,0,0,0.0010355000122217461,
reward_dense_456_14f3b1ae,reward_dense,train,724,456,easy,5,5,0.1,0.95,0.05,default,100,9.3,8,1,1,0,0,0.0010685000015655532,
reward_dense_456_14f3b1ae,reward_dense,train,725,456,easy,5,5,0.1,0.95,0.05,default,100,9.3,8,1,1,0,0,0.001037699999869801,
reward_dense_456_14f3b1ae,reward_dense,train,726,456,easy,5,5,0.1,0.95,0.05,default,100,8.3,9,1,1,0,0,0.001138599996920675,
reward_dense_456_14f3b1ae,reward_dense,train,727,456,easy,5,5,0.1,0.95,0.05,default,100,9.3,8,1,1,0,0,0.001088400007574819,
reward_dense_456_14f3b1ae,reward_dense,train,728,456,easy,5,5,0.1,0.95,0.05,default,100,8.299999999999999,9,1,1,0,0,0.0011341999925207347,
reward_dense_456_14f3b1ae,reward_dense,train,729,456,easy,5,5,0.1,0.95,0.05,default,100,9.3,8,1,1,0,0,0.0011034000053768978,
reward_dense_456_14f3b1ae,reward_dense,train,730,456,easy,5,5,0.1,0.95,0.05,default,100,9.3,8,1,1,0,0,0.0010630000033415854,
reward_dense_456_14f3b1ae,reward_dense,train,731,456,easy,5,5,0.1,0.95,0.05,default,100,9.3,8,1,1,0,0,0.001075499996659346,
reward_dense_456_14f3b1ae,reward_dense,train,732,456,easy,5,5,0.1,0.95,0.05,default,100,9.3,8,1,1,0,0,0.0010588000004645437,
reward_dense_456_14f3b1ae,reward_dense,train,733,456,easy,5,5,0.1,0.95,0.05,default,100,9.3,8,1,1,0,0,0.0010752000089269131,
reward_dense_456_14f3b1ae,reward_dense,train,734,456,easy,5,5,0.1,0.95,0.05,default,100,9.3,8,1,1,0,0,0.0010558999929344282,
reward_dense_456_14f3b1ae,reward_dense,train,735,456,easy,5,5,0.1,0.95,0.05,default,100,9.3,8,1,1,0,0,0.0010756999981822446,
reward_dense_456_14f3b1ae,reward_dense,train,736,456,easy,5,5,0.1,0.95,0.05,default,100,9.3,8,1,1,0,0,0.0010681999992812052,
reward_dense_456_14f3b1ae,reward_dense,train,737,456,easy,5,5,0.1,0.95,0.05,default,100,9.3,8,1,1,0,0,0.0010661999986041337,
reward_dense_456_14f3b1ae,reward_dense,train,738,456,easy,5,5,0.1,0.95,0.05,default,100,9.3,8,1,1,0,0,0.0010766999912448227,
reward_dense_456_14f3b1ae,reward_dense,train,739,456,easy,5,5,0.1,0.95,0.05,default,100,9.3,8,1,1,0,0,0.0010516000038478523,
reward_dense_456_14f3b1ae,reward_dense,train,740,456,easy,5,5,0.1,0.95,0.05,default,100,9.3,8,1,1,0,0,0.0010685000015655532,
reward_dense_456_14f3b1ae,reward_dense,train,741,456,easy,5,5,0.1,0.95,0.05,default,100,9.3,8,1,1,0,0,0.0010832999978447333,
reward_dense_456_14f3b1ae,reward_dense,train,742,456,easy,5,5,0.1,0.95,0.05,default,100,9.3,8,1,1,0,0,0.0011094999936176464,
reward_dense_456_14f3b1ae,reward_dense,train,743,456,easy,5,5,0.1,0.95,0.05,default,100,8.299999999999999,9,1,1,0,0,0.0011442000104580075,
reward_dense_456_14f3b1ae,reward_dense,train,744,456,easy,5,5,0.1,0.95,0.05,default,100,9.3,8,1,1,0,0,0.0010920000058831647,
reward_dense_456_14f3b1ae,reward_dense,train,745,456,easy,5,5,0.1,0.95,0.05,default,100,8.3,9,1,1,0,0,0.0011276000004727393,
reward_dense_456_14f3b1ae,reward_dense,train,746,456,easy,5,5,0.1,0.95,0.05,default,100,9.3,8,1,1,0,0,0.001026300000376068,
reward_dense_456_14f3b1ae,reward_dense,train,747,456,easy,5,5,0.1,0.95,0.05,default,100,9.3,8,1,1,0,0,0.0010048999974969774,
reward_dense_456_14f3b1ae,reward_dense,train,748,456,easy,5,5,0.1,0.95,0.05,default,100,9.3,8,1,1,0,0,0.001104700000723824,
reward_dense_456_14f3b1ae,reward_dense,train,749,456,easy,5,5,0.1,0.95,0.05,default,100,9.3,8,1,1,0,0,0.0010777999996207654,
reward_dense_456_14f3b1ae,reward_dense,train,750,456,easy,5,5,0.1,0.95,0.05,default,100,9.3,8,1,1,0,0,0.0010494000016478822,
reward_dense_456_14f3b1ae,reward_dense,train,751,456,easy,5,5,0.1,0.95,0.05,default,100,9.3,8,1,1,0,0,0.0010686000023270026,
reward_dense_456_14f3b1ae,reward_dense,train,752,456,easy,5,5,0.1,0.95,0.05,default,100,9.3,8,1,1,0,0,0.0010532999876886606,
reward_dense_456_14f3b1ae,reward_dense,train,753,456,easy,5,5,0.1,0.95,0.05,default,100,9.3,8,1,1,0,0,0.0010227999882772565,
reward_dense_456_14f3b1ae,reward_dense,train,754,456,easy,5,5,0.1,0.95,0.05,default,100,9.3,8,1,1,0,0,0.0010076000035041943,
reward_dense_456_14f3b1ae,reward_dense,train,755,456,easy,5,5,0.1,0.95,0.05,default,100,8.3,9,1,1,0,0,0.0010937000042758882,
reward_dense_456_14f3b1ae,reward_dense,train,756,456,easy,5,5,0.1,0.95,0.05,default,100,9.3,8,1,1,0,0,0.001046599994879216,
reward_dense_456_14f3b1ae,reward_dense,train,757,456,easy,5,5,0.1,0.95,0.05,default,100,8.3,9,1,1,0,0,0.0011434000043664128,
reward_dense_456_14f3b1ae,reward_dense,train,758,456,easy,5,5,0.1,0.95,0.05,default,100,8.299999999999999,9,1,1,0,0,0.0011289999965811148,
reward_dense_456_14f3b1ae,reward_dense,train,759,456,easy,5,5,0.1,0.95,0.05,default,100,9.3,8,1,1,0,0,0.001065900010871701,
reward_dense_456_14f3b1ae,reward_dense,train,760,456,easy,5,5,0.1,0.95,0.05,default,100,9.3,8,1,1,0,0,0.0010477999894646928,
reward_dense_456_14f3b1ae,reward_dense,train,761,456,easy,5,5,0.1,0.95,0.05,default,100,9.1,10,1,1,0,0,0.0012457999982871115,
reward_dense_456_14f3b1ae,reward_dense,train,762,456,easy,5,5,0.1,0.95,0.05,default,100,9.3,8,1,1,0,0,0.0010822000040207058,
reward_dense_456_14f3b1ae,reward_dense,train,763,456,easy,5,5,0.1,0.95,0.05,default,100,9.3,8,1,1,0,0,0.0010570000013103709,
reward_dense_456_14f3b1ae,reward_dense,train,764,456,easy,5,5,0.1,0.95,0.05,default,100,9.3,8,1,1,0,0,0.001068099998519756,
reward_dense_456_14f3b1ae,reward_dense,train,765,456,easy,5,5,0.1,0.95,0.05,default,100,9.3,8,1,1,0,0,0.0011217999999644235,
reward_dense_456_14f3b1ae,reward_dense,train,766,456,easy,5,5,0.1,0.95,0.05,default,100,9.3,8,1,1,0,0,0.001113999998779036,
reward_dense_456_14f3b1ae,reward_dense,train,767,456,easy,5,5,0.1,0.95,0.05,default,100,8.1,11,1,1,0,0,0.001285300008021295,
reward_dense_456_14f3b1ae,reward_dense,train,768,456,easy,5,5,0.1,0.95,0.05,default,100,9.1,10,1,1,0,0,0.0012620999914361164,
reward_dense_456_14f3b1ae,reward_dense,train,769,456,easy,5,5,0.1,0.95,0.05,default,100,9.3,8,1,1,0,0,0.0010758999997051433,
reward_dense_456_14f3b1ae,reward_dense,train,770,456,easy,5,5,0.1,0.95,0.05,default,100,9.3,8,1,1,0,0,0.0010507999977562577,
reward_dense_456_14f3b1ae,reward_dense,train,771,456,easy,5,5,0.1,0.95,0.05,default,100,9.3,8,1,1,0,0,0.0010686000023270026,
reward_dense_456_14f3b1ae,reward_dense,train,772,456,easy,5,5,0.1,0.95,0.05,default,100,9.3,8,1,1,0,0,0.0010580000089248642,
reward_dense_456_14f3b1ae,reward_dense,train,773,456,easy,5,5,0.1,0.95,0.05,default,100,9.1,10,1,1,0,0,0.0012519000010797754,
reward_dense_456_14f3b1ae,reward_dense,train,774,456,easy,5,5,0.1,0.95,0.05,default,100,9.3,8,1,1,0,0,0.0010501999931875616,
reward_dense_456_14f3b1ae,reward_dense,train,775,456,easy,5,5,0.1,0.95,0.05,default,100,9.3,8,1,1,0,0,0.0010668999893823639,
reward_dense_456_14f3b1ae,reward_dense,train,776,456,easy,5,5,0.1,0.95,0.05,default,100,9.3,8,1,1,0,0,0.0010538000060478225,
reward_dense_456_14f3b1ae,reward_dense,train,777,456,easy,5,5,0.1,0.95,0.05,default,100,9.3,8,1,1,0,0,0.0010734000097727403,
reward_dense_456_14f3b1ae,reward_dense,train,778,456,easy,5,5,0.1,0.95,0.05,default,100,9.3,8,1,1,0,0,0.001079800000297837,
reward_dense_456_14f3b1ae,reward_dense,train,779,456,easy,5,5,0.1,0.95,0.05,default,100,9.3,8,1,1,0,0,0.0010776999988593161,
reward_dense_456_14f3b1ae,reward_dense,train,780,456,easy,5,5,0.1,0.95,0.05,default,100,8.299999999999999,9,1,1,0,0,0.0011537999962456524,
reward_dense_456_14f3b1ae,reward_dense,train,781,456,easy,5,5,0.1,0.95,0.05,default,100,9.1,10,1,1,0,0,0.0012685999972745776,
reward_dense_456_14f3b1ae,reward_dense,train,782,456,easy,5,5,0.1,0.95,0.05,default,100,9.3,8,1,1,0,0,0.0010894000006373972,
reward_dense_456_14f3b1ae,reward_dense,train,783,456,easy,5,5,0.1,0.95,0.05,default,100,8.3,9,1,1,0,0,0.0011224000045331195,
reward_dense_456_14f3b1ae,reward_dense,train,784,456,easy,5,5,0.1,0.95,0.05,default,100,9.3,8,1,1,0,0,0.0010901000059675425,
reward_dense_456_14f3b1ae,reward_dense,train,785,456,easy,5,5,0.1,0.95,0.05,default,100,9.3,8,1,1,0,0,0.0010560000082477927,
reward_dense_456_14f3b1ae,reward_dense,train,786,456,easy,5,5,0.1,0.95,0.05,default,100,8.3,9,1,1,0,0,0.0011494999926071614,
reward_dense_456_14f3b1ae,reward_dense,train,787,456,easy,5,5,0.1,0.95,0.05,default,100,8.3,9,1,1,0,0,0.0011558999976841733,
reward_dense_456_14f3b1ae,reward_dense,train,788,456,easy,5,5,0.1,0.95,0.05,default,100,9.3,8,1,1,0,0,0.0010577000066405162,
reward_dense_456_14f3b1ae,reward_dense,train,789,456,easy,5,5,0.1,0.95,0.05,default,100,7.299999999999999,10,1,1,0,0,0.001220100006321445,
reward_dense_456_14f3b1ae,reward_dense,train,790,456,easy,5,5,0.1,0.95,0.05,default,100,9.3,8,1,1,0,0,0.0010501999931875616,
reward_dense_456_14f3b1ae,reward_dense,train,791,456,easy,5,5,0.1,0.95,0.05,default,100,9.3,8,1,1,0,0,0.0011002000101143494,
reward_dense_456_14f3b1ae,reward_dense,train,792,456,easy,5,5,0.1,0.95,0.05,default,100,9.3,8,1,1,0,0,0.0010547000129008666,
reward_dense_456_14f3b1ae,reward_dense,train,793,456,easy,5,5,0.1,0.95,0.05,default,100,9.3,8,1,1,0,0,0.0010749999928520992,
reward_dense_456_14f3b1ae,reward_dense,train,794,456,easy,5,5,0.1,0.95,0.05,default,100,9.3,8,1,1,0,0,0.0010563000105321407,
reward_dense_456_14f3b1ae,reward_dense,train,795,456,easy,5,5,0.1,0.95,0.05,default,100,9.3,8,1,1,0,0,0.0010777999996207654,
reward_dense_456_14f3b1ae,reward_dense,train,796,456,easy,5,5,0.1,0.95,0.05,default,100,9.3,8,1,1,0,0,0.0010753000096883625,
reward_dense_456_14f3b1ae,reward_dense,train,797,456,easy,5,5,0.1,0.95,0.05,default,100,9.3,8,1,1,0,0,0.001207799999974668,
reward_dense_456_14f3b1ae,reward_dense,train,798,456,easy,5,5,0.1,0.95,0.05,default,100,9.3,8,1,1,0,0,0.001208700006827712,
reward_dense_456_14f3b1ae,reward_dense,train,799,456,easy,5,5,0.1,0.95,0.05,default,100,9.3,8,1,1,0,0,0.001092100006644614,
reward_dense_456_14f3b1ae,reward_dense,train,800,456,easy,5,5,0.1,0.95,0.05,default,100,9.3,8,1,1,0,0,0.0010836000001290813,results\reward\dense\seed_456\qtable_ep800.npz
reward_dense_456_14f3b1ae,reward_dense,eval,1,456,easy,5,5,0.1,0.95,0.0,default,100,9.3,8,1,1,0,0,,
reward_dense_456_14f3b1ae,reward_dense,eval,2,456,easy,5,5,0.1,0.95,0.0,default,100,9.3,8,1,1,0,0,,
reward_dense_456_14f3b1ae,reward_dense,eval,3,456,easy,5,5,0.1,0.95,0.0,default,100,9.3,8,1,1,0,0,,
reward_dense_456_14f3b1ae,reward_dense,eval,4,456,easy,5,5,0.1,0.95,0.0,default,100,9.3,8,1,1,0,0,,
reward_dense_456_14f3b1ae,reward_dense,eval,5,456,easy,5,5,0.1,0.95,0.0,default,100,9.3,8,1,1,0,0,,
reward_dense_456_14f3b1ae,reward_dense,eval,6,456,easy,5,5,0.1,0.95,0.0,default,100,9.3,8,1,1,0,0,,
reward_dense_456_14f3b1ae,reward_dense,eval,7,456,easy,5,5,0.1,0.95,0.0,default,100,9.3,8,1,1,0,0,,
reward_dense_456_14f3b1ae,reward_dense,eval,8,456,easy,5,5,0.1,0.95,0.0,default,100,9.3,8,1,1,0,0,,
reward_dense_456_14f3b1ae,reward_dense,eval,9,456,easy,5,5,0.1,0.95,0.0,default,100,9.3,8,1,1,0,0,,
reward_dense_456_14f3b1ae,reward_dense,eval,10,456,easy,5,5,0.1,0.95,0.0,default,100,9.3,8,1,1,0,0,,
reward_dense_456_14f3b1ae,reward_dense,eval,1,456,easy,5,5,0.1,0.95,0.0,default,100,9.3,8,1,1,0,0,,
reward_dense_456_14f3b1ae,reward_dense,eval,2,456,easy,5,5,0.1,0.95,0.0,default,100,9.3,8,1,1,0,0,,
reward_dense_456_14f3b1ae,reward_dense,eval,3,456,easy,5,5,0.1,0.95,0.0,default,100,9.3,8,1,1,0,0,,
reward_dense_456_14f3b1ae,reward_dense,eval,4,456,easy,5,5,0.1,0.95,0.0,default,100,9.3,8,1,1,0,0,,
reward_dense_456_14f3b1ae,reward_dense,eval,5,456,easy,5,5,0.1,0.95,0.0,default,100,9.3,8,1,1,0,0,,
reward_dense_456_14f3b1ae,reward_dense,eval,6,456,easy,5,5,0.1,0.95,0.0,default,100,9.3,8,1,1,0,0,,
reward_dense_456_14f3b1ae,reward_dense,eval,7,456,easy,5,5,0.1,0.95,0.0,default,100,9.3,8,1,1,0,0,,
reward_dense_456_14f3b1ae,reward_dense,eval,8,456,easy,5,5,0.1,0.95,0.0,default,100,9.3,8,1,1,0,0,,
reward_dense_456_14f3b1ae,reward_dense,eval,9,456,easy,5,5,0.1,0.95,0.0,default,100,9.3,8,1,1,0,0,,
reward_dense_456_14f3b1ae,reward_dense,eval,10,456,easy,5,5,0.1,0.95,0.0,default,100,9.3,8,1,1,0,0,,
reward_dense_456_14f3b1ae,reward_dense,eval,1,456,easy,5,5,0.1,0.95,0.0,default,100,9.3,8,1,1,0,0,,
reward_dense_456_14f3b1ae,reward_dense,eval,2,456,easy,5,5,0.1,0.95,0.0,default,100,9.3,8,1,1,0,0,,
reward_dense_456_14f3b1ae,reward_dense,eval,3,456,easy,5,5,0.1,0.95,0.0,default,100,9.3,8,1,1,0,0,,
reward_dense_456_14f3b1ae,reward_dense,eval,4,456,easy,5,5,0.1,0.95,0.0,default,100,9.3,8,1,1,0,0,,
reward_dense_456_14f3b1ae,reward_dense,eval,5,456,easy,5,5,0.1,0.95,0.0,default,100,9.3,8,1,1,0,0,,
reward_dense_456_14f3b1ae,reward_dense,eval,6,456,easy,5,5,0.1,0.95,0.0,default,100,9.3,8,1,1,0,0,,
reward_dense_456_14f3b1ae,reward_dense,eval,7,456,easy,5,5,0.1,0.95,0.0,default,100,9.3,8,1,1,0,0,,
reward_dense_456_14f3b1ae,reward_dense,eval,8,456,easy,5,5,0.1,0.95,0.0,default,100,9.3,8,1,1,0,0,,
reward_dense_456_14f3b1ae,reward_dense,eval,9,456,easy,5,5,0.1,0.95,0.0,default,100,9.3,8,1,1,0,0,,
reward_dense_456_14f3b1ae,reward_dense,eval,10,456,easy,5,5,0.1,0.95,0.0,default,100,9.3,8,1,1,0,0,,
reward_dense_456_14f3b1ae,reward_dense,eval,1,456,easy,5,5,0.1,0.95,0.0,default,100,9.3,8,1,1,0,0,,
reward_dense_456_14f3b1ae,reward_dense,eval,2,456,easy,5,5,0.1,0.95,0.0,default,100,9.3,8,1,1,0,0,,
reward_dense_456_14f3b1ae,reward_dense,eval,3,456,easy,5,5,0.1,0.95,0.0,default,100,9.3,8,1,1,0,0,,
reward_dense_456_14f3b1ae,reward_dense,eval,4,456,easy,5,5,0.1,0.95,0.0,default,100,9.3,8,1,1,0,0,,
reward_dense_456_14f3b1ae,reward_dense,eval,5,456,easy,5,5,0.1,0.95,0.0,default,100,9.3,8,1,1,0,0,,
reward_dense_456_14f3b1ae,reward_dense,eval,6,456,easy,5,5,0.1,0.95,0.0,default,100,9.3,8,1,1,0,0,,
reward_dense_456_14f3b1ae,reward_dense,eval,7,456,easy,5,5,0.1,0.95,0.0,default,100,9.3,8,1,1,0,0,,
reward_dense_456_14f3b1ae,reward_dense,eval,8,456,easy,5,5,0.1,0.95,0.0,default,100,9.3,8,1,1,0,0,,
reward_dense_456_14f3b1ae,reward_dense,eval,9,456,easy,5,5,0.1,0.95,0.0,default,100,9.3,8,1,1,0,0,,
reward_dense_456_14f3b1ae,reward_dense,eval,10,456,easy,5,5,0.1,0.95,0.0,default,100,9.3,8,1,1,0,0,,
reward_dense_456_14f3b1ae,reward_dense,eval,1,456,easy,5,5,0.1,0.95,0.0,default,100,9.3,8,1,1,0,0,,
reward_dense_456_14f3b1ae,reward_dense,eval,2,456,easy,5,5,0.1,0.95,0.0,default,100,9.3,8,1,1,0,0,,
reward_dense_456_14f3b1ae,reward_dense,eval,3,456,easy,5,5,0.1,0.95,0.0,default,100,9.3,8,1,1,0,0,,
reward_dense_456_14f3b1ae,reward_dense,eval,4,456,easy,5,5,0.1,0.95,0.0,default,100,9.3,8,1,1,0,0,,
reward_dense_456_14f3b1ae,reward_dense,eval,5,456,easy,5,5,0.1,0.95,0.0,default,100,9.3,8,1,1,0,0,,
reward_dense_456_14f3b1ae,reward_dense,eval,6,456,easy,5,5,0.1,0.95,0.0,default,100,9.3,8,1,1,0,0,,
reward_dense_456_14f3b1ae,reward_dense,eval,7,456,easy,5,5,0.1,0.95,0.0,default,100,9.3,8,1,1,0,0,,
reward_dense_456_14f3b1ae,reward_dense,eval,8,456,easy,5,5,0.1,0.95,0.0,default,100,9.3,8,1,1,0,0,,
reward_dense_456_14f3b1ae,reward_dense,eval,9,456,easy,5,5,0.1,0.95,0.0,default,100,9.3,8,1,1,0,0,,
reward_dense_456_14f3b1ae,reward_dense,eval,10,456,easy,5,5,0.1,0.95,0.0,default,100,9.3,8,1,1,0,0,,
reward_dense_456_14f3b1ae,reward_dense,eval,1,456,easy,5,5,0.1,0.95,0.0,default,100,9.3,8,1,1,0,0,,
reward_dense_456_14f3b1ae,reward_dense,eval,2,456,easy,5,5,0.1,0.95,0.0,default,100,9.3,8,1,1,0,0,,
reward_dense_456_14f3b1ae,reward_dense,eval,3,456,easy,5,5,0.1,0.95,0.0,default,100,9.3,8,1,1,0,0,,
reward_dense_456_14f3b1ae,reward_dense,eval,4,456,easy,5,5,0.1,0.95,0.0,default,100,9.3,8,1,1,0,0,,
reward_dense_456_14f3b1ae,reward_dense,eval,5,456,easy,5,5,0.1,0.95,0.0,default,100,9.3,8,1,1,0,0,,
reward_dense_456_14f3b1ae,reward_dense,eval,6,456,easy,5,5,0.1,0.95,0.0,default,100,9.3,8,1,1,0,0,,
reward_dense_456_14f3b1ae,reward_dense,eval,7,456,easy,5,5,0.1,0.95,0.0,default,100,9.3,8,1,1,0,0,,
reward_dense_456_14f3b1ae,reward_dense,eval,8,456,easy,5,5,0.1,0.95,0.0,default,100,9.3,8,1,1,0,0,,
reward_dense_456_14f3b1ae,reward_dense,eval,9,456,easy,5,5,0.1,0.95,0.0,default,100,9.3,8,1,1,0,0,,
reward_dense_456_14f3b1ae,reward_dense,eval,10,456,easy,5,5,0.1,0.95,0.0,default,100,9.3,8,1,1,0,0,,
reward_dense_456_14f3b1ae,reward_dense,eval,1,456,easy,5,5,0.1,0.95,0.0,default,100,9.3,8,1,1,0,0,,
reward_dense_456_14f3b1ae,reward_dense,eval,2,456,easy,5,5,0.1,0.95,0.0,default,100,9.3,8,1,1,0,0,,
reward_dense_456_14f3b1ae,reward_dense,eval,3,456,easy,5,5,0.1,0.95,0.0,default,100,9.3,8,1,1,0,0,,
reward_dense_456_14f3b1ae,reward_dense,eval,4,456,easy,5,5,0.1,0.95,0.0,default,100,9.3,8,1,1,0,0,,
reward_dense_456_14f3b1ae,reward_dense,eval,5,456,easy,5,5,0.1,0.95,0.0,default,100,9.3,8,1,1,0,0,,
reward_dense_456_14f3b1ae,reward_dense,eval,6,456,easy,5,5,0.1,0.95,0.0,default,100,9.3,8,1,1,0,0,,
reward_dense_456_14f3b1ae,reward_dense,eval,7,456,easy,5,5,0.1,0.95,0.0,default,100,9.3,8,1,1,0,0,,
reward_dense_456_14f3b1ae,reward_dense,eval,8,456,easy,5,5,0.1,0.95,0.0,default,100,9.3,8,1,1,0,0,,
reward_dense_456_14f3b1ae,reward_dense,eval,9,456,easy,5,5,0.1,0.95,0.0,default,100,9.3,8,1,1,0,0,,
reward_dense_456_14f3b1ae,reward_dense,eval,10,456,easy,5,5,0.1,0.95,0.0,default,100,9.3,8,1,1,0,0,,
reward_dense_456_14f3b1ae,reward_dense,eval,1,456,easy,5,5,0.1,0.95,0.0,default,100,9.3,8,1,1,0,0,,
reward_dense_456_14f3b1ae,reward_dense,eval,2,456,easy,5,5,0.1,0.95,0.0,default,100,9.3,8,1,1,0,0,,
reward_dense_456_14f3b1ae,reward_dense,eval,3,456,easy,5,5,0.1,0.95,0.0,default,100,9.3,8,1,1,0,0,,
reward_dense_456_14f3b1ae,reward_dense,eval,4,456,easy,5,5,0.1,0.95,0.0,default,100,9.3,8,1,1,0,0,,
reward_dense_456_14f3b1ae,reward_dense,eval,5,456,easy,5,5,0.1,0.95,0.0,default,100,9.3,8,1,1,0,0,,
reward_dense_456_14f3b1ae,reward_dense,eval,6,456,easy,5,5,0.1,0.95,0.0,default,100,9.3,8,1,1,0,0,,
reward_dense_456_14f3b1ae,reward_dense,eval,7,456,easy,5,5,0.1,0.95,0.0,default,100,9.3,8,1,1,0,0,,
reward_dense_456_14f3b1ae,reward_dense,eval,8,456,easy,5,5,0.1,0.95,0.0,default,100,9.3,8,1,1,0,0,,
reward_dense_456_14f3b1ae,reward_dense,eval,9,456,easy,5,5,0.1,0.95,0.0,default,100,9.3,8,1,1,0,0,,
reward_dense_456_14f3b1ae,reward_dense,eval,10,456,easy,5,5,0.1,0.95,0.0,default,100,9.3,8,1,1,0,0,,
reward_dense_456_14f3b1ae,reward_dense,eval,1,456,easy,5,5,0.1,0.95,0.0,default,100,9.3,8,1,1,0,0,,
reward_dense_456_14f3b1ae,reward_dense,eval,2,456,easy,5,5,0.1,0.95,0.0,default,100,9.3,8,1,1,0,0,,
reward_dense_456_14f3b1ae,reward_dense,eval,3,456,easy,5,5,0.1,0.95,0.0,default,100,9.3,8,1,1,0,0,,
reward_dense_456_14f3b1ae,reward_dense,eval,4,456,easy,5,5,0.1,0.95,0.0,default,100,9.3,8,1,1,0,0,,
reward_dense_456_14f3b1ae,reward_dense,eval,5,456,easy,5,5,0.1,0.95,0.0,default,100,9.3,8,1,1,0,0,,
reward_dense_456_14f3b1ae,reward_dense,eval,6,456,easy,5,5,0.1,0.95,0.0,default,100,9.3,8,1,1,0,0,,
reward_dense_456_14f3b1ae,reward_dense,eval,7,456,easy,5,5,0.1,0.95,0.0,default,100,9.3,8,1,1,0,0,,
reward_dense_456_14f3b1ae,reward_dense,eval,8,456,easy,5,5,0.1,0.95,0.0,default,100,9.3,8,1,1,0,0,,
reward_dense_456_14f3b1ae,reward_dense,eval,9,456,easy,5,5,0.1,0.95,0.0,default,100,9.3,8,1,1,0,0,,
reward_dense_456_14f3b1ae,reward_dense,eval,10,456,easy,5,5,0.1,0.95,0.0,default,100,9.3,8,1,1,0,0,,
reward_dense_456_14f3b1ae,reward_dense,eval,1,456,easy,5,5,0.1,0.95,0.0,default,100,9.3,8,1,1,0,0,,
reward_dense_456_14f3b1ae,reward_dense,eval,2,456,easy,5,5,0.1,0.95,0.0,default,100,9.3,8,1,1,0,0,,
reward_dense_456_14f3b1ae,reward_dense,eval,3,456,easy,5,5,0.1,0.95,0.0,default,100,9.3,8,1,1,0,0,,
reward_dense_456_14f3b1ae,reward_dense,eval,4,456,easy,5,5,0.1,0.95,0.0,default,100,9.3,8,1,1,0,0,,
reward_dense_456_14f3b1ae,reward_dense,eval,5,456,easy,5,5,0.1,0.95,0.0,default,100,9.3,8,1,1,0,0,,
reward_dense_456_14f3b1ae,reward_dense,eval,6,456,easy,5,5,0.1,0.95,0.0,default,100,9.3,8,1,1,0,0,,
reward_dense_456_14f3b1ae,reward_dense,eval,7,456,easy,5,5,0.1,0.95,0.0,default,100,9.3,8,1,1,0,0,,
reward_dense_456_14f3b1ae,reward_dense,eval,8,456,easy,5,5,0.1,0.95,0.0,default,100,9.3,8,1,1,0,0,,
reward_dense_456_14f3b1ae,reward_dense,eval,9,456,easy,5,5,0.1,0.95,0.0,default,100,9.3,8,1,1,0,0,,
reward_dense_456_14f3b1ae,reward_dense,eval,10,456,easy,5,5,0.1,0.95,0.0,default,100,9.3,8,1,1,0,0,,
reward_dense_456_14f3b1ae,reward_dense,eval,1,456,easy,5,5,0.1,0.95,0.0,default,100,9.3,8,1,1,0,0,,
reward_dense_456_14f3b1ae,reward_dense,eval,2,456,easy,5,5,0.1,0.95,0.0,default,100,9.3,8,1,1,0,0,,
reward_dense_456_14f3b1ae,reward_dense,eval,3,456,easy,5,5,0.1,0.95,0.0,default,100,9.3,8,1,1,0,0,,
reward_dense_456_14f3b1ae,reward_dense,eval,4,456,easy,5,5,0.1,0.95,0.0,default,100,9.3,8,1,1,0,0,,
reward_dense_456_14f3b1ae,reward_dense,eval,5,456,easy,5,5,0.1,0.95,0.0,default,100,9.3,8,1,1,0,0,,
reward_dense_456_14f3b1ae,reward_dense,eval,6,456,easy,5,5,0.1,0.95,0.0,default,100,9.3,8,1,1,0,0,,
reward_dense_456_14f3b1ae,reward_dense,eval,7,456,easy,5,5,0.1,0.95,0.0,default,100,9.3,8,1,1,0,0,,
reward_dense_456_14f3b1ae,reward_dense,eval,8,456,easy,5,5,0.1,0.95,0.0,default,100,9.3,8,1,1,0,0,,
reward_dense_456_14f3b1ae,reward_dense,eval,9,456,easy,5,5,0.1,0.95,0.0,default,100,9.3,8,1,1,0,0,,
reward_dense_456_14f3b1ae,reward_dense,eval,10,456,easy,5,5,0.1,0.95,0.0,default,100,9.3,8,1,1,0,0,,
reward_dense_456_14f3b1ae,reward_dense,eval,1,456,easy,5,5,0.1,0.95,0.0,default,100,9.3,8,1,1,0,0,,
reward_dense_456_14f3b1ae,reward_dense,eval,2,456,easy,5,5,0.1,0.95,0.0,default,100,9.3,8,1,1,0,0,,
reward_dense_456_14f3b1ae,reward_dense,eval,3,456,easy,5,5,0.1,0.95,0.0,default,100,9.3,8,1,1,0,0,,
reward_dense_456_14f3b1ae,reward_dense,eval,4,456,easy,5,5,0.1,0.95,0.0,default,100,9.3,8,1,1,0,0,,
reward_dense_456_14f3b1ae,reward_dense,eval,5,456,easy,5,5,0.1,0.95,0.0,default,100,9.3,8,1,1,0,0,,
reward_dense_456_14f3b1ae,reward_dense,eval,6,456,easy,5,5,0.1,0.95,0.0,default,100,9.3,8,1,1,0,0,,
reward_dense_456_14f3b1ae,reward_dense,eval,7,456,easy,5,5,0.1,0.95,0.0,default,100,9.3,8,1,1,0,0,,
reward_dense_456_14f3b1ae,reward_dense,eval,8,456,easy,5,5,0.1,0.95,0.0,default,100,9.3,8,1,1,0,0,,
reward_dense_456_14f3b1ae,reward_dense,eval,9,456,easy,5,5,0.1,0.95,0.0,default,100,9.3,8,1,1,0,0,,
reward_dense_456_14f3b1ae,reward_dense,eval,10,456,easy,5,5,0.1,0.95,0.0,default,100,9.3,8,1,1,0,0,,
reward_dense_456_14f3b1ae,reward_dense,eval,1,456,easy,5,5,0.1,0.95,0.0,default,100,9.3,8,1,1,0,0,,
reward_dense_456_14f3b1ae,reward_dense,eval,2,456,easy,5,5,0.1,0.95,0.0,default,100,9.3,8,1,1,0,0,,
reward_dense_456_14f3b1ae,reward_dense,eval,3,456,easy,5,5,0.1,0.95,0.0,default,100,9.3,8,1,1,0,0,,
reward_dense_456_14f3b1ae,reward_dense,eval,4,456,easy,5,5,0.1,0.95,0.0,default,100,9.3,8,1,1,0,0,,
reward_dense_456_14f3b1ae,reward_dense,eval,5,456,easy,5,5,0.1,0.95,0.0,default,100,9.3,8,1,1,0,0,,
reward_dense_456_14f3b1ae,reward_dense,eval,6,456,easy,5,5,0.1,0.95,0.0,default,100,9.3,8,1,1,0,0,,
reward_dense_456_14f3b1ae,reward_dense,eval,7,456,easy,5,5,0.1,0.95,0.0,default,100,9.3,8,1,1,0,0,,
reward_dense_456_14f3b1ae,reward_dense,eval,8,456,easy,5,5,0.1,0.95,0.0,default,100,9.3,8,1,1,0,0,,
reward_dense_456_14f3b1ae,reward_dense,eval,9,456,easy,5,5,0.1,0.95,0.0,default,100,9.3,8,1,1,0,0,,
reward_dense_456_14f3b1ae,reward_dense,eval,10,456,easy,5,5,0.1,0.95,0.0,default,100,9.3,8,1,1,0,0,,
reward_dense_456_14f3b1ae,reward_dense,eval,1,456,easy,5,5,0.1,0.95,0.0,default,100,9.3,8,1,1,0,0,,
reward_dense_456_14f3b1ae,reward_dense,eval,2,456,easy,5,5,0.1,0.95,0.0,default,100,9.3,8,1,1,0,0,,
reward_dense_456_14f3b1ae,reward_dense,eval,3,456,easy,5,5,0.1,0.95,0.0,default,100,9.3,8,1,1,0,0,,
reward_dense_456_14f3b1ae,reward_dense,eval,4,456,easy,5,5,0.1,0.95,0.0,default,100,9.3,8,1,1,0,0,,
reward_dense_456_14f3b1ae,reward_dense,eval,5,456,easy,5,5,0.1,0.95,0.0,default,100,9.3,8,1,1,0,0,,
reward_dense_456_14f3b1ae,reward_dense,eval,6,456,easy,5,5,0.1,0.95,0.0,default,100,9.3,8,1,1,0,0,,
reward_dense_456_14f3b1ae,reward_dense,eval,7,456,easy,5,5,0.1,0.95,0.0,default,100,9.3,8,1,1,0,0,,
reward_dense_456_14f3b1ae,reward_dense,eval,8,456,easy,5,5,0.1,0.95,0.0,default,100,9.3,8,1,1,0,0,,
reward_dense_456_14f3b1ae,reward_dense,eval,9,456,easy,5,5,0.1,0.95,0.0,default,100,9.3,8,1,1,0,0,,
reward_dense_456_14f3b1ae,reward_dense,eval,10,456,easy,5,5,0.1,0.95,0.0,default,100,9.3,8,1,1,0,0,,
reward_dense_456_14f3b1ae,reward_dense,eval,1,456,easy,5,5,0.1,0.95,0.0,default,100,9.3,8,1,1,0,0,,
reward_dense_456_14f3b1ae,reward_dense,eval,2,456,easy,5,5,0.1,0.95,0.0,default,100,9.3,8,1,1,0,0,,
reward_dense_456_14f3b1ae,reward_dense,eval,3,456,easy,5,5,0.1,0.95,0.0,default,100,9.3,8,1,1,0,0,,
reward_dense_456_14f3b1ae,reward_dense,eval,4,456,easy,5,5,0.1,0.95,0.0,default,100,9.3,8,1,1,0,0,,
reward_dense_456_14f3b1ae,reward_dense,eval,5,456,easy,5,5,0.1,0.95,0.0,default,100,9.3,8,1,1,0,0,,
reward_dense_456_14f3b1ae,reward_dense,eval,6,456,easy,5,5,0.1,0.95,0.0,default,100,9.3,8,1,1,0,0,,
reward_dense_456_14f3b1ae,reward_dense,eval,7,456,easy,5,5,0.1,0.95,0.0,default,100,9.3,8,1,1,0,0,,
reward_dense_456_14f3b1ae,reward_dense,eval,8,456,easy,5,5,0.1,0.95,0.0,default,100,9.3,8,1,1,0,0,,
reward_dense_456_14f3b1ae,reward_dense,eval,9,456,easy,5,5,0.1,0.95,0.0,default,100,9.3,8,1,1,0,0,,
reward_dense_456_14f3b1ae,reward_dense,eval,10,456,easy,5,5,0.1,0.95,0.0,default,100,9.3,8,1,1,0,0,,
reward_dense_456_14f3b1ae,reward_dense,eval,1,456,easy,5,5,0.1,0.95,0.0,default,100,9.3,8,1,1,0,0,,
reward_dense_456_14f3b1ae,reward_dense,eval,2,456,easy,5,5,0.1,0.95,0.0,default,100,9.3,8,1,1,0,0,,
reward_dense_456_14f3b1ae,reward_dense,eval,3,456,easy,5,5,0.1,0.95,0.0,default,100,9.3,8,1,1,0,0,,
reward_dense_456_14f3b1ae,reward_dense,eval,4,456,easy,5,5,0.1,0.95,0.0,default,100,9.3,8,1,1,0,0,,
reward_dense_456_14f3b1ae,reward_dense,eval,5,456,easy,5,5,0.1,0.95,0.0,default,100,9.3,8,1,1,0,0,,
reward_dense_456_14f3b1ae,reward_dense,eval,6,456,easy,5,5,0.1,0.95,0.0,default,100,9.3,8,1,1,0,0,,
reward_dense_456_14f3b1ae,reward_dense,eval,7,456,easy,5,5,0.1,0.95,0.0,default,100,9.3,8,1,1,0,0,,
reward_dense_456_14f3b1ae,reward_dense,eval,8,456,easy,5,5,0.1,0.95,0.0,default,100,9.3,8,1,1,0,0,,
reward_dense_456_14f3b1ae,reward_dense,eval,9,456,easy,5,5,0.1,0.95,0.0,default,100,9.3,8,1,1,0,0,,
reward_dense_456_14f3b1ae,reward_dense,eval,10,456,easy,5,5,0.1,0.95,0.0,default,100,9.3,8,1,1,0,0,,
reward_dense_456_14f3b1ae,reward_dense,eval,1,456,easy,5,5,0.1,0.95,0.0,default,100,9.3,8,1,1,0,0,,
reward_dense_456_14f3b1ae,reward_dense,eval,2,456,easy,5,5,0.1,0.95,0.0,default,100,9.3,8,1,1,0,0,,
reward_dense_456_14f3b1ae,reward_dense,eval,3,456,easy,5,5,0.1,0.95,0.0,default,100,9.3,8,1,1,0,0,,
reward_dense_456_14f3b1ae,reward_dense,eval,4,456,easy,5,5,0.1,0.95,0.0,default,100,9.3,8,1,1,0,0,,
reward_dense_456_14f3b1ae,reward_dense,eval,5,456,easy,5,5,0.1,0.95,0.0,default,100,9.3,8,1,1,0,0,,
reward_dense_456_14f3b1ae,reward_dense,eval,6,456,easy,5,5,0.1,0.95,0.0,default,100,9.3,8,1,1,0,0,,
reward_dense_456_14f3b1ae,reward_dense,eval,7,456,easy,5,5,0.1,0.95,0.0,default,100,9.3,8,1,1,0,0,,
reward_dense_456_14f3b1ae,reward_dense,eval,8,456,easy,5,5,0.1,0.95,0.0,default,100,9.3,8,1,1,0,0,,
reward_dense_456_14f3b1ae,reward_dense,eval,9,456,easy,5,5,0.1,0.95,0.0,default,100,9.3,8,1,1,0,0,,
reward_dense_456_14f3b1ae,reward_dense,eval,10,456,easy,5,5,0.1,0.95,0.0,default,100,9.3,8,1,1,0,0,,
reward_dense_456_14f3b1ae,reward_dense,eval,1,456,easy,5,5,0.1,0.95,0.0,default,100,9.3,8,1,1,0,0,,
reward_dense_456_14f3b1ae,reward_dense,eval,2,456,easy,5,5,0.1,0.95,0.0,default,100,9.3,8,1,1,0,0,,
reward_dense_456_14f3b1ae,reward_dense,eval,3,456,easy,5,5,0.1,0.95,0.0,default,100,9.3,8,1,1,0,0,,
reward_dense_456_14f3b1ae,reward_dense,eval,4,456,easy,5,5,0.1,0.95,0.0,default,100,9.3,8,1,1,0,0,,
reward_dense_456_14f3b1ae,reward_dense,eval,5,456,easy,5,5,0.1,0.95,0.0,default,100,9.3,8,1,1,0,0,,
reward_dense_456_14f3b1ae,reward_dense,eval,6,456,easy,5,5,0.1,0.95,0.0,default,100,9.3,8,1,1,0,0,,
reward_dense_456_14f3b1ae,reward_dense,eval,7,456,easy,5,5,0.1,0.95,0.0,default,100,9.3,8,1,1,0,0,,
reward_dense_456_14f3b1ae,reward_dense,eval,8,456,easy,5,5,0.1,0.95,0.0,default,100,9.3,8,1,1,0,0,,
reward_dense_456_14f3b1ae,reward_dense,eval,9,456,easy,5,5,0.1,0.95,0.0,default,100,9.3,8,1,1,0,0,,
reward_dense_456_14f3b1ae,reward_dense,eval,10,456,easy,5,5,0.1,0.95,0.0,default,100,9.3,8,1,1,0,0,,
reward_dense_456_14f3b1ae,reward_dense,eval,1,456,easy,5,5,0.1,0.95,0.0,default,100,9.3,8,1,1,0,0,,
reward_dense_456_14f3b1ae,reward_dense,eval,2,456,easy,5,5,0.1,0.95,0.0,default,100,9.3,8,1,1,0,0,,
reward_dense_456_14f3b1ae,reward_dense,eval,3,456,easy,5,5,0.1,0.95,0.0,default,100,9.3,8,1,1,0,0,,
reward_dense_456_14f3b1ae,reward_dense,eval,4,456,easy,5,5,0.1,0.95,0.0,default,100,9.3,8,1,1,0,0,,
reward_dense_456_14f3b1ae,reward_dense,eval,5,456,easy,5,5,0.1,0.95,0.0,default,100,9.3,8,1,1,0,0,,
reward_dense_456_14f3b1ae,reward_dense,eval,6,456,easy,5,5,0.1,0.95,0.0,default,100,9.3,8,1,1,0,0,,
reward_dense_456_14f3b1ae,reward_dense,eval,7,456,easy,5,5,0.1,0.95,0.0,default,100,9.3,8,1,1,0,0,,
reward_dense_456_14f3b1ae,reward_dense,eval,8,456,easy,5,5,0.1,0.95,0.0,default,100,9.3,8,1,1,0,0,,
reward_dense_456_14f3b1ae,reward_dense,eval,9,456,easy,5,5,0.1,0.95,0.0,default,100,9.3,8,1,1,0,0,,
reward_dense_456_14f3b1ae,reward_dense,eval,10,456,easy,5,5,0.1,0.95,0.0,default,100,9.3,8,1,1,0,0,,
reward_dense_456_14f3b1ae,reward_dense,eval,1,456,easy,5,5,0.1,0.95,0.0,default,100,9.3,8,1,1,0,0,,
reward_dense_456_14f3b1ae,reward_dense,eval,2,456,easy,5,5,0.1,0.95,0.0,default,100,9.3,8,1,1,0,0,,
reward_dense_456_14f3b1ae,reward_dense,eval,3,456,easy,5,5,0.1,0.95,0.0,default,100,9.3,8,1,1,0,0,,
reward_dense_456_14f3b1ae,reward_dense,eval,4,456,easy,5,5,0.1,0.95,0.0,default,100,9.3,8,1,1,0,0,,
reward_dense_456_14f3b1ae,reward_dense,eval,5,456,easy,5,5,0.1,0.95,0.0,default,100,9.3,8,1,1,0,0,,
reward_dense_456_14f3b1ae,reward_dense,eval,6,456,easy,5,5,0.1,0.95,0.0,default,100,9.3,8,1,1,0,0,,
reward_dense_456_14f3b1ae,reward_dense,eval,7,456,easy,5,5,0.1,0.95,0.0,default,100,9.3,8,1,1,0,0,,
reward_dense_456_14f3b1ae,reward_dense,eval,8,456,easy,5,5,0.1,0.95,0.0,default,100,9.3,8,1,1,0,0,,
reward_dense_456_14f3b1ae,reward_dense,eval,9,456,easy,5,5,0.1,0.95,0.0,default,100,9.3,8,1,1,0,0,,
reward_dense_456_14f3b1ae,reward_dense,eval,10,456,easy,5,5,0.1,0.95,0.0,default,100,9.3,8,1,1,0,0,,
reward_dense_456_14f3b1ae,reward_dense,eval,1,456,easy,5,5,0.1,0.95,0.0,default,100,9.3,8,1,1,0,0,,
reward_dense_456_14f3b1ae,reward_dense,eval,2,456,easy,5,5,0.1,0.95,0.0,default,100,9.3,8,1,1,0,0,,
reward_dense_456_14f3b1ae,reward_dense,eval,3,456,easy,5,5,0.1,0.95,0.0,default,100,9.3,8,1,1,0,0,,
reward_dense_456_14f3b1ae,reward_dense,eval,4,456,easy,5,5,0.1,0.95,0.0,default,100,9.3,8,1,1,0,0,,
reward_dense_456_14f3b1ae,reward_dense,eval,5,456,easy,5,5,0.1,0.95,0.0,default,100,9.3,8,1,1,0,0,,
reward_dense_456_14f3b1ae,reward_dense,eval,6,456,easy,5,5,0.1,0.95,0.0,default,100,9.3,8,1,1,0,0,,
reward_dense_456_14f3b1ae,reward_dense,eval,7,456,easy,5,5,0.1,0.95,0.0,default,100,9.3,8,1,1,0,0,,
reward_dense_456_14f3b1ae,reward_dense,eval,8,456,easy,5,5,0.1,0.95,0.0,default,100,9.3,8,1,1,0,0,,
reward_dense_456_14f3b1ae,reward_dense,eval,9,456,easy,5,5,0.1,0.95,0.0,default,100,9.3,8,1,1,0,0,,
reward_dense_456_14f3b1ae,reward_dense,eval,10,456,easy,5,5,0.1,0.95,0.0,default,100,9.3,8,1,1,0,0,,
reward_dense_456_14f3b1ae,reward_dense,eval,1,456,easy,5,5,0.1,0.95,0.0,default,100,9.3,8,1,1,0,0,,
reward_dense_456_14f3b1ae,reward_dense,eval,2,456,easy,5,5,0.1,0.95,0.0,default,100,9.3,8,1,1,0,0,,
reward_dense_456_14f3b1ae,reward_dense,eval,3,456,easy,5,5,0.1,0.95,0.0,default,100,9.3,8,1,1,0,0,,
reward_dense_456_14f3b1ae,reward_dense,eval,4,456,easy,5,5,0.1,0.95,0.0,default,100,9.3,8,1,1,0,0,,
reward_dense_456_14f3b1ae,reward_dense,eval,5,456,easy,5,5,0.1,0.95,0.0,default,100,9.3,8,1,1,0,0,,
reward_dense_456_14f3b1ae,reward_dense,eval,6,456,easy,5,5,0.1,0.95,0.0,default,100,9.3,8,1,1,0,0,,
reward_dense_456_14f3b1ae,reward_dense,eval,7,456,easy,5,5,0.1,0.95,0.0,default,100,9.3,8,1,1,0,0,,
reward_dense_456_14f3b1ae,reward_dense,eval,8,456,easy,5,5,0.1,0.95,0.0,default,100,9.3,8,1,1,0,0,,
reward_dense_456_14f3b1ae,reward_dense,eval,9,456,easy,5,5,0.1,0.95,0.0,default,100,9.3,8,1,1,0,0,,
reward_dense_456_14f3b1ae,reward_dense,eval,10,456,easy,5,5,0.1,0.95,0.0,default,100,9.3,8,1,1,0,0,,
reward_dense_456_14f3b1ae,reward_dense,eval,1,456,easy,5,5,0.1,0.95,0.0,default,100,9.3,8,1,1,0,0,,
reward_dense_456_14f3b1ae,reward_dense,eval,2,456,easy,5,5,0.1,0.95,0.0,default,100,9.3,8,1,1,0,0,,
reward_dense_456_14f3b1ae,reward_dense,eval,3,456,easy,5,5,0.1,0.95,0.0,default,100,9.3,8,1,1,0,0,,
reward_dense_456_14f3b1ae,reward_dense,eval,4,456,easy,5,5,0.1,0.95,0.0,default,100,9.3,8,1,1,0,0,,
reward_dense_456_14f3b1ae,reward_dense,eval,5,456,easy,5,5,0.1,0.95,0.0,default,100,9.3,8,1,1,0,0,,
reward_dense_456_14f3b1ae,reward_dense,eval,6,456,easy,5,5,0.1,0.95,0.0,default,100,9.3,8,1,1,0,0,,
reward_dense_456_14f3b1ae,reward_dense,eval,7,456,easy,5,5,0.1,0.95,0.0,default,100,9.3,8,1,1,0,0,,
reward_dense_456_14f3b1ae,reward_dense,eval,8,456,easy,5,5,0.1,0.95,0.0,default,100,9.3,8,1,1,0,0,,
reward_dense_456_14f3b1ae,reward_dense,eval,9,456,easy,5,5,0.1,0.95,0.0,default,100,9.3,8,1,1,0,0,,
reward_dense_456_14f3b1ae,reward_dense,eval,10,456,easy,5,5,0.1,0.95,0.0,default,100,9.3,8,1,1,0,0,,
reward_dense_456_14f3b1ae,reward_dense,eval,1,456,easy,5,5,0.1,0.95,0.0,default,100,9.3,8,1,1,0,0,,
reward_dense_456_14f3b1ae,reward_dense,eval,2,456,easy,5,5,0.1,0.95,0.0,default,100,9.3,8,1,1,0,0,,
reward_dense_456_14f3b1ae,reward_dense,eval,3,456,easy,5,5,0.1,0.95,0.0,default,100,9.3,8,1,1,0,0,,
reward_dense_456_14f3b1ae,reward_dense,eval,4,456,easy,5,5,0.1,0.95,0.0,default,100,9.3,8,1,1,0,0,,
reward_dense_456_14f3b1ae,reward_dense,eval,5,456,easy,5,5,0.1,0.95,0.0,default,100,9.3,8,1,1,0,0,,
reward_dense_456_14f3b1ae,reward_dense,eval,6,456,easy,5,5,0.1,0.95,0.0,default,100,9.3,8,1,1,0,0,,
reward_dense_456_14f3b1ae,reward_dense,eval,7,456,easy,5,5,0.1,0.95,0.0,default,100,9.3,8,1,1,0,0,,
reward_dense_456_14f3b1ae,reward_dense,eval,8,456,easy,5,5,0.1,0.95,0.0,default,100,9.3,8,1,1,0,0,,
reward_dense_456_14f3b1ae,reward_dense,eval,9,456,easy,5,5,0.1,0.95,0.0,default,100,9.3,8,1,1,0,0,,
reward_dense_456_14f3b1ae,reward_dense,eval,10,456,easy,5,5,0.1,0.95,0.0,default,100,9.3,8,1,1,0,0,,
reward_dense_456_14f3b1ae,reward_dense,eval,1,456,easy,5,5,0.1,0.95,0.0,default,100,9.3,8,1,1,0,0,,
reward_dense_456_14f3b1ae,reward_dense,eval,2,456,easy,5,5,0.1,0.95,0.0,default,100,9.3,8,1,1,0,0,,
reward_dense_456_14f3b1ae,reward_dense,eval,3,456,easy,5,5,0.1,0.95,0.0,default,100,9.3,8,1,1,0,0,,
reward_dense_456_14f3b1ae,reward_dense,eval,4,456,easy,5,5,0.1,0.95,0.0,default,100,9.3,8,1,1,0,0,,
reward_dense_456_14f3b1ae,reward_dense,eval,5,456,easy,5,5,0.1,0.95,0.0,default,100,9.3,8,1,1,0,0,,
reward_dense_456_14f3b1ae,reward_dense,eval,6,456,easy,5,5,0.1,0.95,0.0,default,100,9.3,8,1,1,0,0,,
reward_dense_456_14f3b1ae,reward_dense,eval,7,456,easy,5,5,0.1,0.95,0.0,default,100,9.3,8,1,1,0,0,,
reward_dense_456_14f3b1ae,reward_dense,eval,8,456,easy,5,5,0.1,0.95,0.0,default,100,9.3,8,1,1,0,0,,
reward_dense_456_14f3b1ae,reward_dense,eval,9,456,easy,5,5,0.1,0.95,0.0,default,100,9.3,8,1,1,0,0,,
reward_dense_456_14f3b1ae,reward_dense,eval,10,456,easy,5,5,0.1,0.95,0.0,default,100,9.3,8,1,1,0,0,,
reward_dense_456_14f3b1ae,reward_dense,eval,1,456,easy,5,5,0.1,0.95,0.0,default,100,9.3,8,1,1,0,0,,
reward_dense_456_14f3b1ae,reward_dense,eval,2,456,easy,5,5,0.1,0.95,0.0,default,100,9.3,8,1,1,0,0,,
reward_dense_456_14f3b1ae,reward_dense,eval,3,456,easy,5,5,0.1,0.95,0.0,default,100,9.3,8,1,1,0,0,,
reward_dense_456_14f3b1ae,reward_dense,eval,4,456,easy,5,5,0.1,0.95,0.0,default,100,9.3,8,1,1,0,0,,
reward_dense_456_14f3b1ae,reward_dense,eval,5,456,easy,5,5,0.1,0.95,0.0,default,100,9.3,8,1,1,0,0,,
reward_dense_456_14f3b1ae,reward_dense,eval,6,456,easy,5,5,0.1,0.95,0.0,default,100,9.3,8,1,1,0,0,,
reward_dense_456_14f3b1ae,reward_dense,eval,7,456,easy,5,5,0.1,0.95,0.0,default,100,9.3,8,1,1,0,0,,
reward_dense_456_14f3b1ae,reward_dense,eval,8,456,easy,5,5,0.1,0.95,0.0,default,100,9.3,8,1,1,0,0,,
reward_dense_456_14f3b1ae,reward_dense,eval,9,456,easy,5,5,0.1,0.95,0.0,default,100,9.3,8,1,1,0,0,,
reward_dense_456_14f3b1ae,reward_dense,eval,10,456,easy,5,5,0.1,0.95,0.0,default,100,9.3,8,1,1,0,0,,
reward_dense_456_14f3b1ae,reward_dense,eval,1,456,easy,5,5,0.1,0.95,0.0,default,100,9.3,8,1,1,0,0,,
reward_dense_456_14f3b1ae,reward_dense,eval,2,456,easy,5,5,0.1,0.95,0.0,default,100,9.3,8,1,1,0,0,,
reward_dense_456_14f3b1ae,reward_dense,eval,3,456,easy,5,5,0.1,0.95,0.0,default,100,9.3,8,1,1,0,0,,
reward_dense_456_14f3b1ae,reward_dense,eval,4,456,easy,5,5,0.1,0.95,0.0,default,100,9.3,8,1,1,0,0,,
reward_dense_456_14f3b1ae,reward_dense,eval,5,456,easy,5,5,0.1,0.95,0.0,default,100,9.3,8,1,1,0,0,,
reward_dense_456_14f3b1ae,reward_dense,eval,6,456,easy,5,5,0.1,0.95,0.0,default,100,9.3,8,1,1,0,0,,
reward_dense_456_14f3b1ae,reward_dense,eval,7,456,easy,5,5,0.1,0.95,0.0,default,100,9.3,8,1,1,0,0,,
reward_dense_456_14f3b1ae,reward_dense,eval,8,456,easy,5,5,0.1,0.95,0.0,default,100,9.3,8,1,1,0,0,,
reward_dense_456_14f3b1ae,reward_dense,eval,9,456,easy,5,5,0.1,0.95,0.0,default,100,9.3,8,1,1,0,0,,
reward_dense_456_14f3b1ae,reward_dense,eval,10,456,easy,5,5,0.1,0.95,0.0,default,100,9.3,8,1,1,0,0,,
reward_dense_456_14f3b1ae,reward_dense,eval,1,456,easy,5,5,0.1,0.95,0.0,default,100,9.3,8,1,1,0,0,,
reward_dense_456_14f3b1ae,reward_dense,eval,2,456,easy,5,5,0.1,0.95,0.0,default,100,9.3,8,1,1,0,0,,
reward_dense_456_14f3b1ae,reward_dense,eval,3,456,easy,5,5,0.1,0.95,0.0,default,100,9.3,8,1,1,0,0,,
reward_dense_456_14f3b1ae,reward_dense,eval,4,456,easy,5,5,0.1,0.95,0.0,default,100,9.3,8,1,1,0,0,,
reward_dense_456_14f3b1ae,reward_dense,eval,5,456,easy,5,5,0.1,0.95,0.0,default,100,9.3,8,1,1,0,0,,
reward_dense_456_14f3b1ae,reward_dense,eval,6,456,easy,5,5,0.1,0.95,0.0,default,100,9.3,8,1,1,0,0,,
reward_dense_456_14f3b1ae,reward_dense,eval,7,456,easy,5,5,0.1,0.95,0.0,default,100,9.3,8,1,1,0,0,,
reward_dense_456_14f3b1ae,reward_dense,eval,8,456,easy,5,5,0.1,0.95,0.0,default,100,9.3,8,1,1,0,0,,
reward_dense_456_14f3b1ae,reward_dense,eval,9,456,easy,5,5,0.1,0.95,0.0,default,100,9.3,8,1,1,0,0,,
reward_dense_456_14f3b1ae,reward_dense,eval,10,456,easy,5,5,0.1,0.95,0.0,default,100,9.3,8,1,1,0,0,,
reward_dense_456_14f3b1ae,reward_dense,eval,1,456,easy,5,5,0.1,0.95,0.0,default,100,9.3,8,1,1,0,0,,
reward_dense_456_14f3b1ae,reward_dense,eval,2,456,easy,5,5,0.1,0.95,0.0,default,100,9.3,8,1,1,0,0,,
reward_dense_456_14f3b1ae,reward_dense,eval,3,456,easy,5,5,0.1,0.95,0.0,default,100,9.3,8,1,1,0,0,,
reward_dense_456_14f3b1ae,reward_dense,eval,4,456,easy,5,5,0.1,0.95,0.0,default,100,9.3,8,1,1,0,0,,
reward_dense_456_14f3b1ae,reward_dense,eval,5,456,easy,5,5,0.1,0.95,0.0,default,100,9.3,8,1,1,0,0,,
reward_dense_456_14f3b1ae,reward_dense,eval,6,456,easy,5,5,0.1,0.95,0.0,default,100,9.3,8,1,1,0,0,,
reward_dense_456_14f3b1ae,reward_dense,eval,7,456,easy,5,5,0.1,0.95,0.0,default,100,9.3,8,1,1,0,0,,
reward_dense_456_14f3b1ae,reward_dense,eval,8,456,easy,5,5,0.1,0.95,0.0,default,100,9.3,8,1,1,0,0,,
reward_dense_456_14f3b1ae,reward_dense,eval,9,456,easy,5,5,0.1,0.95,0.0,default,100,9.3,8,1,1,0,0,,
reward_dense_456_14f3b1ae,reward_dense,eval,10,456,easy,5,5,0.1,0.95,0.0,default,100,9.3,8,1,1,0,0,,
reward_dense_456_14f3b1ae,reward_dense,eval,1,456,easy,5,5,0.1,0.95,0.0,default,100,9.3,8,1,1,0,0,,
reward_dense_456_14f3b1ae,reward_dense,eval,2,456,easy,5,5,0.1,0.95,0.0,default,100,9.3,8,1,1,0,0,,
reward_dense_456_14f3b1ae,reward_dense,eval,3,456,easy,5,5,0.1,0.95,0.0,default,100,9.3,8,1,1,0,0,,
reward_dense_456_14f3b1ae,reward_dense,eval,4,456,easy,5,5,0.1,0.95,0.0,default,100,9.3,8,1,1,0,0,,
reward_dense_456_14f3b1ae,reward_dense,eval,5,456,easy,5,5,0.1,0.95,0.0,default,100,9.3,8,1,1,0,0,,
reward_dense_456_14f3b1ae,reward_dense,eval,6,456,easy,5,5,0.1,0.95,0.0,default,100,9.3,8,1,1,0,0,,
reward_dense_456_14f3b1ae,reward_dense,eval,7,456,easy,5,5,0.1,0.95,0.0,default,100,9.3,8,1,1,0,0,,
reward_dense_456_14f3b1ae,reward_dense,eval,8,456,easy,5,5,0.1,0.95,0.0,default,100,9.3,8,1,1,0,0,,
reward_dense_456_14f3b1ae,reward_dense,eval,9,456,easy,5,5,0.1,0.95,0.0,default,100,9.3,8,1,1,0,0,,
reward_dense_456_14f3b1ae,reward_dense,eval,10,456,easy,5,5,0.1,0.95,0.0,default,100,9.3,8,1,1,0,0,,
reward_dense_456_14f3b1ae,reward_dense,eval,1,456,easy,5,5,0.1,0.95,0.0,default,100,9.3,8,1,1,0,0,,
reward_dense_456_14f3b1ae,reward_dense,eval,2,456,easy,5,5,0.1,0.95,0.0,default,100,9.3,8,1,1,0,0,,
reward_dense_456_14f3b1ae,reward_dense,eval,3,456,easy,5,5,0.1,0.95,0.0,default,100,9.3,8,1,1,0,0,,
reward_dense_456_14f3b1ae,reward_dense,eval,4,456,easy,5,5,0.1,0.95,0.0,default,100,9.3,8,1,1,0,0,,
reward_dense_456_14f3b1ae,reward_dense,eval,5,456,easy,5,5,0.1,0.95,0.0,default,100,9.3,8,1,1,0,0,,
reward_dense_456_14f3b1ae,reward_dense,eval,6,456,easy,5,5,0.1,0.95,0.0,default,100,9.3,8,1,1,0,0,,
reward_dense_456_14f3b1ae,reward_dense,eval,7,456,easy,5,5,0.1,0.95,0.0,default,100,9.3,8,1,1,0,0,,
reward_dense_456_14f3b1ae,reward_dense,eval,8,456,easy,5,5,0.1,0.95,0.0,default,100,9.3,8,1,1,0,0,,
reward_dense_456_14f3b1ae,reward_dense,eval,9,456,easy,5,5,0.1,0.95,0.0,default,100,9.3,8,1,1,0,0,,
reward_dense_456_14f3b1ae,reward_dense,eval,10,456,easy,5,5,0.1,0.95,0.0,default,100,9.3,8,1,1,0,0,,
reward_dense_456_14f3b1ae,reward_dense,eval,1,456,easy,5,5,0.1,0.95,0.0,default,100,9.3,8,1,1,0,0,,
reward_dense_456_14f3b1ae,reward_dense,eval,2,456,easy,5,5,0.1,0.95,0.0,default,100,9.3,8,1,1,0,0,,
reward_dense_456_14f3b1ae,reward_dense,eval,3,456,easy,5,5,0.1,0.95,0.0,default,100,9.3,8,1,1,0,0,,
reward_dense_456_14f3b1ae,reward_dense,eval,4,456,easy,5,5,0.1,0.95,0.0,default,100,9.3,8,1,1,0,0,,
reward_dense_456_14f3b1ae,reward_dense,eval,5,456,easy,5,5,0.1,0.95,0.0,default,100,9.3,8,1,1,0,0,,
reward_dense_456_14f3b1ae,reward_dense,eval,6,456,easy,5,5,0.1,0.95,0.0,default,100,9.3,8,1,1,0,0,,
reward_dense_456_14f3b1ae,reward_dense,eval,7,456,easy,5,5,0.1,0.95,0.0,default,100,9.3,8,1,1,0,0,,
reward_dense_456_14f3b1ae,reward_dense,eval,8,456,easy,5,5,0.1,0.95,0.0,default,100,9.3,8,1,1,0,0,,
reward_dense_456_14f3b1ae,reward_dense,eval,9,456,easy,5,5,0.1,0.95,0.0,default,100,9.3,8,1,1,0,0,,
reward_dense_456_14f3b1ae,reward_dense,eval,10,456,easy,5,5,0.1,0.95,0.0,default,100,9.3,8,1,1,0,0,,
reward_dense_456_14f3b1ae,reward_dense,eval,1,456,easy,5,5,0.1,0.95,0.0,default,100,9.3,8,1,1,0,0,,
reward_dense_456_14f3b1ae,reward_dense,eval,2,456,easy,5,5,0.1,0.95,0.0,default,100,9.3,8,1,1,0,0,,
reward_dense_456_14f3b1ae,reward_dense,eval,3,456,easy,5,5,0.1,0.95,0.0,default,100,9.3,8,1,1,0,0,,
reward_dense_456_14f3b1ae,reward_dense,eval,4,456,easy,5,5,0.1,0.95,0.0,default,100,9.3,8,1,1,0,0,,
reward_dense_456_14f3b1ae,reward_dense,eval,5,456,easy,5,5,0.1,0.95,0.0,default,100,9.3,8,1,1,0,0,,
reward_dense_456_14f3b1ae,reward_dense,eval,6,456,easy,5,5,0.1,0.95,0.0,default,100,9.3,8,1,1,0,0,,
reward_dense_456_14f3b1ae,reward_dense,eval,7,456,easy,5,5,0.1,0.95,0.0,default,100,9.3,8,1,1,0,0,,
reward_dense_456_14f3b1ae,reward_dense,eval,8,456,easy,5,5,0.1,0.95,0.0,default,100,9.3,8,1,1,0,0,,
reward_dense_456_14f3b1ae,reward_dense,eval,9,456,easy,5,5,0.1,0.95,0.0,default,100,9.3,8,1,1,0,0,,
reward_dense_456_14f3b1ae,reward_dense,eval,10,456,easy,5,5,0.1,0.95,0.0,default,100,9.3,8,1,1,0,0,,
reward_dense_456_14f3b1ae,reward_dense,eval,1,456,easy,5,5,0.1,0.95,0.0,default,100,9.3,8,1,1,0,0,,
reward_dense_456_14f3b1ae,reward_dense,eval,2,456,easy,5,5,0.1,0.95,0.0,default,100,9.3,8,1,1,0,0,,
reward_dense_456_14f3b1ae,reward_dense,eval,3,456,easy,5,5,0.1,0.95,0.0,default,100,9.3,8,1,1,0,0,,
reward_dense_456_14f3b1ae,reward_dense,eval,4,456,easy,5,5,0.1,0.95,0.0,default,100,9.3,8,1,1,0,0,,
reward_dense_456_14f3b1ae,reward_dense,eval,5,456,easy,5,5,0.1,0.95,0.0,default,100,9.3,8,1,1,0,0,,
reward_dense_456_14f3b1ae,reward_dense,eval,6,456,easy,5,5,0.1,0.95,0.0,default,100,9.3,8,1,1,0,0,,
reward_dense_456_14f3b1ae,reward_dense,eval,7,456,easy,5,5,0.1,0.95,0.0,default,100,9.3,8,1,1,0,0,,
reward_dense_456_14f3b1ae,reward_dense,eval,8,456,easy,5,5,0.1,0.95,0.0,default,100,9.3,8,1,1,0,0,,
reward_dense_456_14f3b1ae,reward_dense,eval,9,456,easy,5,5,0.1,0.95,0.0,default,100,9.3,8,1,1,0,0,,
reward_dense_456_14f3b1ae,reward_dense,eval,10,456,easy,5,5,0.1,0.95,0.0,default,100,9.3,8,1,1,0,0,,
reward_dense_456_14f3b1ae,reward_dense,eval,1,456,easy,5,5,0.1,0.95,0.0,default,100,9.3,8,1,1,0,0,,
reward_dense_456_14f3b1ae,reward_dense,eval,2,456,easy,5,5,0.1,0.95,0.0,default,100,9.3,8,1,1,0,0,,
reward_dense_456_14f3b1ae,reward_dense,eval,3,456,easy,5,5,0.1,0.95,0.0,default,100,9.3,8,1,1,0,0,,
reward_dense_456_14f3b1ae,reward_dense,eval,4,456,easy,5,5,0.1,0.95,0.0,default,100,9.3,8,1,1,0,0,,
reward_dense_456_14f3b1ae,reward_dense,eval,5,456,easy,5,5,0.1,0.95,0.0,default,100,9.3,8,1,1,0,0,,
reward_dense_456_14f3b1ae,reward_dense,eval,6,456,easy,5,5,0.1,0.95,0.0,default,100,9.3,8,1,1,0,0,,
reward_dense_456_14f3b1ae,reward_dense,eval,7,456,easy,5,5,0.1,0.95,0.0,default,100,9.3,8,1,1,0,0,,
reward_dense_456_14f3b1ae,reward_dense,eval,8,456,easy,5,5,0.1,0.95,0.0,default,100,9.3,8,1,1,0,0,,
reward_dense_456_14f3b1ae,reward_dense,eval,9,456,easy,5,5,0.1,0.95,0.0,default,100,9.3,8,1,1,0,0,,
reward_dense_456_14f3b1ae,reward_dense,eval,10,456,easy,5,5,0.1,0.95,0.0,default,100,9.3,8,1,1,0,0,,
reward_dense_456_14f3b1ae,reward_dense,eval,1,456,easy,5,5,0.1,0.95,0.0,default,100,9.3,8,1,1,0,0,,
reward_dense_456_14f3b1ae,reward_dense,eval,2,456,easy,5,5,0.1,0.95,0.0,default,100,9.3,8,1,1,0,0,,
reward_dense_456_14f3b1ae,reward_dense,eval,3,456,easy,5,5,0.1,0.95,0.0,default,100,9.3,8,1,1,0,0,,
reward_dense_456_14f3b1ae,reward_dense,eval,4,456,easy,5,5,0.1,0.95,0.0,default,100,9.3,8,1,1,0,0,,
reward_dense_456_14f3b1ae,reward_dense,eval,5,456,easy,5,5,0.1,0.95,0.0,default,100,9.3,8,1,1,0,0,,
reward_dense_456_14f3b1ae,reward_dense,eval,6,456,easy,5,5,0.1,0.95,0.0,default,100,9.3,8,1,1,0,0,,
reward_dense_456_14f3b1ae,reward_dense,eval,7,456,easy,5,5,0.1,0.95,0.0,default,100,9.3,8,1,1,0,0,,
reward_dense_456_14f3b1ae,reward_dense,eval,8,456,easy,5,5,0.1,0.95,0.0,default,100,9.3,8,1,1,0,0,,
reward_dense_456_14f3b1ae,reward_dense,eval,9,456,easy,5,5,0.1,0.95,0.0,default,100,9.3,8,1,1,0,0,,
reward_dense_456_14f3b1ae,reward_dense,eval,10,456,easy,5,5,0.1,0.95,0.0,default,100,9.3,8,1,1,0,0,,
reward_dense_456_14f3b1ae,reward_dense,eval,1,456,easy,5,5,0.1,0.95,0.0,default,100,9.3,8,1,1,0,0,,
reward_dense_456_14f3b1ae,reward_dense,eval,2,456,easy,5,5,0.1,0.95,0.0,default,100,9.3,8,1,1,0,0,,
reward_dense_456_14f3b1ae,reward_dense,eval,3,456,easy,5,5,0.1,0.95,0.0,default,100,9.3,8,1,1,0,0,,
reward_dense_456_14f3b1ae,reward_dense,eval,4,456,easy,5,5,0.1,0.95,0.0,default,100,9.3,8,1,1,0,0,,
reward_dense_456_14f3b1ae,reward_dense,eval,5,456,easy,5,5,0.1,0.95,0.0,default,100,9.3,8,1,1,0,0,,
reward_dense_456_14f3b1ae,reward_dense,eval,6,456,easy,5,5,0.1,0.95,0.0,default,100,9.3,8,1,1,0,0,,
reward_dense_456_14f3b1ae,reward_dense,eval,7,456,easy,5,5,0.1,0.95,0.0,default,100,9.3,8,1,1,0,0,,
reward_dense_456_14f3b1ae,reward_dense,eval,8,456,easy,5,5,0.1,0.95,0.0,default,100,9.3,8,1,1,0,0,,
reward_dense_456_14f3b1ae,reward_dense,eval,9,456,easy,5,5,0.1,0.95,0.0,default,100,9.3,8,1,1,0,0,,
reward_dense_456_14f3b1ae,reward_dense,eval,10,456,easy,5,5,0.1,0.95,0.0,default,100,9.3,8,1,1,0,0,,
reward_dense_456_14f3b1ae,reward_dense,eval,1,456,easy,5,5,0.1,0.95,0.0,default,100,9.3,8,1,1,0,0,,
reward_dense_456_14f3b1ae,reward_dense,eval,2,456,easy,5,5,0.1,0.95,0.0,default,100,9.3,8,1,1,0,0,,
reward_dense_456_14f3b1ae,reward_dense,eval,3,456,easy,5,5,0.1,0.95,0.0,default,100,9.3,8,1,1,0,0,,
reward_dense_456_14f3b1ae,reward_dense,eval,4,456,easy,5,5,0.1,0.95,0.0,default,100,9.3,8,1,1,0,0,,
reward_dense_456_14f3b1ae,reward_dense,eval,5,456,easy,5,5,0.1,0.95,0.0,default,100,9.3,8,1,1,0,0,,
reward_dense_456_14f3b1ae,reward_dense,eval,6,456,easy,5,5,0.1,0.95,0.0,default,100,9.3,8,1,1,0,0,,
reward_dense_456_14f3b1ae,reward_dense,eval,7,456,easy,5,5,0.1,0.95,0.0,default,100,9.3,8,1,1,0,0,,
reward_dense_456_14f3b1ae,reward_dense,eval,8,456,easy,5,5,0.1,0.95,0.0,default,100,9.3,8,1,1,0,0,,
reward_dense_456_14f3b1ae,reward_dense,eval,9,456,easy,5,5,0.1,0.95,0.0,default,100,9.3,8,1,1,0,0,,
reward_dense_456_14f3b1ae,reward_dense,eval,10,456,easy,5,5,0.1,0.95,0.0,default,100,9.3,8,1,1,0,0,,
reward_dense_456_14f3b1ae,reward_dense,eval,1,456,easy,5,5,0.1,0.95,0.0,default,100,9.3,8,1,1,0,0,,
reward_dense_456_14f3b1ae,reward_dense,eval,2,456,easy,5,5,0.1,0.95,0.0,default,100,9.3,8,1,1,0,0,,
reward_dense_456_14f3b1ae,reward_dense,eval,3,456,easy,5,5,0.1,0.95,0.0,default,100,9.3,8,1,1,0,0,,
reward_dense_456_14f3b1ae,reward_dense,eval,4,456,easy,5,5,0.1,0.95,0.0,default,100,9.3,8,1,1,0,0,,
reward_dense_456_14f3b1ae,reward_dense,eval,5,456,easy,5,5,0.1,0.95,0.0,default,100,9.3,8,1,1,0,0,,
reward_dense_456_14f3b1ae,reward_dense,eval,6,456,easy,5,5,0.1,0.95,0.0,default,100,9.3,8,1,1,0,0,,
reward_dense_456_14f3b1ae,reward_dense,eval,7,456,easy,5,5,0.1,0.95,0.0,default,100,9.3,8,1,1,0,0,,
reward_dense_456_14f3b1ae,reward_dense,eval,8,456,easy,5,5,0.1,0.95,0.0,default,100,9.3,8,1,1,0,0,,
reward_dense_456_14f3b1ae,reward_dense,eval,9,456,easy,5,5,0.1,0.95,0.0,default,100,9.3,8,1,1,0,0,,
reward_dense_456_14f3b1ae,reward_dense,eval,10,456,easy,5,5,0.1,0.95,0.0,default,100,9.3,8,1,1,0,0,,
reward_dense_456_14f3b1ae,reward_dense,eval,1,456,easy,5,5,0.1,0.95,0.0,default,100,9.3,8,1,1,0,0,,
reward_dense_456_14f3b1ae,reward_dense,eval,2,456,easy,5,5,0.1,0.95,0.0,default,100,9.3,8,1,1,0,0,,
reward_dense_456_14f3b1ae,reward_dense,eval,3,456,easy,5,5,0.1,0.95,0.0,default,100,9.3,8,1,1,0,0,,
reward_dense_456_14f3b1ae,reward_dense,eval,4,456,easy,5,5,0.1,0.95,0.0,default,100,9.3,8,1,1,0,0,,
reward_dense_456_14f3b1ae,reward_dense,eval,5,456,easy,5,5,0.1,0.95,0.0,default,100,9.3,8,1,1,0,0,,
reward_dense_456_14f3b1ae,reward_dense,eval,6,456,easy,5,5,0.1,0.95,0.0,default,100,9.3,8,1,1,0,0,,
reward_dense_456_14f3b1ae,reward_dense,eval,7,456,easy,5,5,0.1,0.95,0.0,default,100,9.3,8,1,1,0,0,,
reward_dense_456_14f3b1ae,reward_dense,eval,8,456,easy,5,5,0.1,0.95,0.0,default,100,9.3,8,1,1,0,0,,
reward_dense_456_14f3b1ae,reward_dense,eval,9,456,easy,5,5,0.1,0.95,0.0,default,100,9.3,8,1,1,0,0,,
reward_dense_456_14f3b1ae,reward_dense,eval,10,456,easy,5,5,0.1,0.95,0.0,default,100,9.3,8,1,1,0,0,,
