run_id,exp_name,phase,episode,seed,map_name,rows,cols,alpha,gamma,epsilon,reward_setting,max_steps,total_reward,steps,success,terminated,truncated,hit_trap,elapsed_sec,qtable_path
reward_sparse_789_55eb3af7,reward_sparse,train,1,789,easy,5,5,0.1,0.95,0.199,default,100,7.0,13,1,1,0,0,0.0023357000027317554,
reward_sparse_789_55eb3af7,reward_sparse,train,2,789,easy,5,5,0.1,0.95,0.19800500000000001,default,100,5.0,19,1,1,0,0,0.0022628000006079674,
reward_sparse_789_55eb3af7,reward_sparse,train,3,789,easy,5,5,0.1,0.95,0.197014975,default,100,-19.0,46,0,1,0,1,0.005061399991973303,
reward_sparse_789_55eb3af7,reward_sparse,train,4,789,easy,5,5,0.1,0.95,0.19602990012500002,default,100,9.0,13,1,1,0,0,0.0015211999998427927,
reward_sparse_789_55eb3af7,reward_sparse,train,5,789,easy,5,5,0.1,0.95,0.19504975062437502,default,100,5.0,39,1,1,0,0,0.004354600008809939,
reward_sparse_789_55eb3af7,reward_sparse,train,6,789,easy,5,5,0.1,0.95,0.19407450187125314,default,100,-16.0,17,0,1,0,1,0.0019043000065721571,
reward_sparse_789_55eb3af7,reward_sparse,train,7,789,easy,5,5,0.1,0.95,0.19310412936189686,default,100,7.0,25,1,1,0,0,0.002788199999486096,
reward_sparse_789_55eb3af7,reward_sparse,train,8,789,easy,5,5,0.1,0.95,0.19213860871508737,default,100,-11.0,16,0,1,0,1,0.0019911999988835305,
reward_sparse_789_55eb3af7,reward_sparse,train,9,789,easy,5,5,0.1,0.95,0.19117791567151193,default,100,6.0,30,1,1,0,0,0.003351699997438118,
reward_sparse_789_55eb3af7,reward_sparse,train,10,789,easy,5,5,0.1,0.95,0.19022202609315436,default,100,10.0,12,1,1,0,0,0.00155639999138657,
reward_sparse_789_55eb3af7,reward_sparse,train,11,789,easy,5,5,0.1,0.95,0.18927091596268858,default,100,-11.0,18,0,1,0,1,0.001987299998290837,
reward_sparse_789_55eb3af7,reward_sparse,train,12,789,easy,5,5,0.1,0.95,0.18832456138287512,default,100,9.0,19,1,1,0,0,0.0022388999932445586,
reward_sparse_789_55eb3af7,reward_sparse,train,13,789,easy,5,5,0.1,0.95,0.18738293857596075,default,100,9.0,21,1,1,0,0,0.00248979999742005,
reward_sparse_789_55eb3af7,reward_sparse,train,14,789,easy,5,5,0.1,0.95,0.18644602388308096,default,100,9.0,13,1,1,0,0,0.0015305999986594543,
reward_sparse_789_55eb3af7,reward_sparse,train,15,789,easy,5,5,0.1,0.95,0.18551379376366556,default,100,10.0,12,1,1,0,0,0.0013495000021066517,
reward_sparse_789_55eb3af7,reward_sparse,train,16,789,easy,5,5,0.1,0.95,0.18458622479484724,default,100,10.0,8,1,1,0,0,0.001079800000297837,
reward_sparse_789_55eb3af7,reward_sparse,train,17,789,easy,5,5,0.1,0.95,0.183663293670873,default,100,10.0,8,1,1,0,0,0.0010956000041915104,
reward_sparse_789_55eb3af7,reward_sparse,train,18,789,easy,5,5,0.1,0.95,0.18274497720251864,default,100,10.0,10,1,1,0,0,0.0011677000002237037,
reward_sparse_789_55eb3af7,reward_sparse,train,19,789,easy,5,5,0.1,0.95,0.18183125231650604,default,100,10.0,8,1,1,0,0,0.0011765000090235844,
reward_sparse_789_55eb3af7,reward_sparse,train,20,789,easy,5,5,0.1,0.95,0.18092209605492351,default,100,9.0,11,1,1,0,0,0.001297999988310039,
reward_sparse_789_55eb3af7,reward_sparse,train,21,789,easy,5,5,0.1,0.95,0.1800174855746489,default,100,10.0,8,1,1,0,0,0.0011461999965831637,
reward_sparse_789_55eb3af7,reward_sparse,train,22,789,easy,5,5,0.1,0.95,0.17911739814677563,default,100,10.0,8,1,1,0,0,0.00111339999421034,
reward_sparse_789_55eb3af7,reward_sparse,train,23,789,easy,5,5,0.1,0.95,0.17822181115604174,default,100,3.0,19,1,1,0,0,0.002057799996691756,
reward_sparse_789_55eb3af7,reward_sparse,train,24,789,easy,5,5,0.1,0.95,0.17733070210026153,default,100,10.0,12,1,1,0,0,0.001462200001697056,
reward_sparse_789_55eb3af7,reward_sparse,train,25,789,easy,5,5,0.1,0.95,0.17644404858976023,default,100,9.0,13,1,1,0,0,0.001534499999252148,
reward_sparse_789_55eb3af7,reward_sparse,train,26,789,easy,5,5,0.1,0.95,0.17556182834681144,default,100,8.0,10,1,1,0,0,0.0012475000112317502,
reward_sparse_789_55eb3af7,reward_sparse,train,27,789,easy,5,5,0.1,0.95,0.1746840192050774,default,100,10.0,8,1,1,0,0,0.0010812000109581277,
reward_sparse_789_55eb3af7,reward_sparse,train,28,789,easy,5,5,0.1,0.95,0.173810599109052,default,100,9.0,9,1,1,0,0,0.0011719000031007454,
reward_sparse_789_55eb3af7,reward_sparse,train,29,789,easy,5,5,0.1,0.95,0.17294154611350673,default,100,10.0,12,1,1,0,0,0.0015071999951032922,
reward_sparse_789_55eb3af7,reward_sparse,train,30,789,easy,5,5,0.1,0.95,0.1720768383829392,default,100,10.0,8,1,1,0,0,0.0011187999916728586,
reward_sparse_789_55eb3af7,reward_sparse,train,31,789,easy,5,5,0.1,0.95,0.1712164541910245,default,100,9.0,11,1,1,0,0,0.0013776999985566363,
reward_sparse_789_55eb3af7,reward_sparse,train,32,789,easy,5,5,0.1,0.95,0.17036037192006936,default,100,9.0,11,1,1,0,0,0.0013421000039670616,
reward_sparse_789_55eb3af7,reward_sparse,train,33,789,easy,5,5,0.1,0.95,0.16950857006046902,default,100,10.0,8,1,1,0,0,0.0010820000024978071,
reward_sparse_789_55eb3af7,reward_sparse,train,34,789,easy,5,5,0.1,0.95,0.16866102721016668,default,100,10.0,8,1,1,0,0,0.0011076999944634736,
reward_sparse_789_55eb3af7,reward_sparse,train,35,789,easy,5,5,0.1,0.95,0.16781772207411585,default,100,10.0,16,1,1,0,0,0.0018591999978525564,
reward_sparse_789_55eb3af7,reward_sparse,train,36,789,easy,5,5,0.1,0.95,0.16697863346374528,default,100,8.0,10,1,1,0,0,0.0012141000042902306,
reward_sparse_789_55eb3af7,reward_sparse,train,37,789,easy,5,5,0.1,0.95,0.16614374029642656,default,100,8.0,10,1,1,0,0,0.0012403000000631437,
reward_sparse_789_55eb3af7,reward_sparse,train,38,789,easy,5,5,0.1,0.95,0.16531302159494443,default,100,10.0,8,1,1,0,0,0.001084100003936328,
reward_sparse_789_55eb3af7,reward_sparse,train,39,789,easy,5,5,0.1,0.95,0.16448645648696972,default,100,10.0,8,1,1,0,0,0.0011031999893020838,
reward_sparse_789_55eb3af7,reward_sparse,train,40,789,easy,5,5,0.1,0.95,0.16366402420453488,default,100,9.0,9,1,1,0,0,0.0011441000096965581,
reward_sparse_789_55eb3af7,reward_sparse,train,41,789,easy,5,5,0.1,0.95,0.1628457040835122,default,100,8.0,10,1,1,0,0,0.0012131999974371865,
reward_sparse_789_55eb3af7,reward_sparse,train,42,789,easy,5,5,0.1,0.95,0.16203147556309463,default,100,10.0,10,1,1,0,0,0.001301999989664182,
reward_sparse_789_55eb3af7,reward_sparse,train,43,789,easy,5,5,0.1,0.95,0.16122131818527916,default,100,10.0,12,1,1,0,0,0.0013591000024462119,
reward_sparse_789_55eb3af7,reward_sparse,train,44,789,easy,5,5,0.1,0.95,0.16041521159435276,default,100,10.0,8,1,1,0,0,0.0010973000025842339,
reward_sparse_789_55eb3af7,reward_sparse,train,45,789,easy,5,5,0.1,0.95,0.159613135536381,default,100,8.0,12,1,1,0,0,0.0013786999916192144,
reward_sparse_789_55eb3af7,reward_sparse,train,46,789,easy,5,5,0.1,0.95,0.15881506985869911,default,100,10.0,8,1,1,0,0,0.0010698000114643946,
reward_sparse_789_55eb3af7,reward_sparse,train,47,789,easy,5,5,0.1,0.95,0.15802099450940563,default,100,9.0,9,1,1,0,0,0.0011725999938789755,
reward_sparse_789_55eb3af7,reward_sparse,train,48,789,easy,5,5,0.1,0.95,0.1572308895368586,default,100,9.0,11,1,1,0,0,0.0013521000073524192,
reward_sparse_789_55eb3af7,reward_sparse,train,49,789,easy,5,5,0.1,0.95,0.1564447350891743,default,100,9.0,11,1,1,0,0,0.0013359000004129484,
reward_sparse_789_55eb3af7,reward_sparse,train,50,789,easy,5,5,0.1,0.95,0.15566251141372844,default,100,10.0,8,1,1,0,0,0.0010552999883657321,
reward_sparse_789_55eb3af7,reward_sparse,train,51,789,easy,5,5,0.1,0.95,0.1548841988566598,default,100,10.0,8,1,1,0,0,0.0010704000014811754,
reward_sparse_789_55eb3af7,reward_sparse,train,52,789,easy,5,5,0.1,0.95,0.1541097778623765,default,100,10.0,8,1,1,0,0,0.001095200001145713,
reward_sparse_789_55eb3af7,reward_sparse,train,53,789,easy,5,5,0.1,0.95,0.15333922897306462,default,100,10.0,8,1,1,0,0,0.0010716000106185675,
reward_sparse_789_55eb3af7,reward_sparse,train,54,789,easy,5,5,0.1,0.95,0.1525725328281993,default,100,9.0,9,1,1,0,0,0.001156700003775768,
reward_sparse_789_55eb3af7,reward_sparse,train,55,789,easy,5,5,0.1,0.95,0.1518096701640583,default,100,9.0,13,1,1,0,0,0.0015484000032301992,
reward_sparse_789_55eb3af7,reward_sparse,train,56,789,easy,5,5,0.1,0.95,0.151050621813238,default,100,10.0,8,1,1,0,0,0.0011021999962395057,
reward_sparse_789_55eb3af7,reward_sparse,train,57,789,easy,5,5,0.1,0.95,0.15029536870417182,default,100,9.0,9,1,1,0,0,0.0011174999963259324,
reward_sparse_789_55eb3af7,reward_sparse,train,58,789,easy,5,5,0.1,0.95,0.14954389186065095,default,100,7.0,13,1,1,0,0,0.0015149999962886795,
reward_sparse_789_55eb3af7,reward_sparse,train,59,789,easy,5,5,0.1,0.95,0.1487961724013477,default,100,10.0,8,1,1,0,0,0.0010337999992771074,
reward_sparse_789_55eb3af7,reward_sparse,train,60,789,easy,5,5,0.1,0.95,0.14805219153934096,default,100,10.0,8,1,1,0,0,0.0010978999926010147,
reward_sparse_789_55eb3af7,reward_sparse,train,61,789,easy,5,5,0.1,0.95,0.14731193058164427,default,100,10.0,8,1,1,0,0,0.0011001000093529,
reward_sparse_789_55eb3af7,reward_sparse,train,62,789,easy,5,5,0.1,0.95,0.14657537092873604,default,100,9.0,9,1,1,0,0,0.001186900000902824,
reward_sparse_789_55eb3af7,reward_sparse,train,63,789,easy,5,5,0.1,0.95,0.14584249407409236,default,100,8.0,10,1,1,0,0,0.001217999990331009,
reward_sparse_789_55eb3af7,reward_sparse,train,64,789,easy,5,5,0.1,0.95,0.1451132816037219,default,100,10.0,8,1,1,0,0,0.0010963000095216557,
reward_sparse_789_55eb3af7,reward_sparse,train,65,789,easy,5,5,0.1,0.95,0.1443877151957033,default,100,10.0,8,1,1,0,0,0.001087199998437427,
reward_sparse_789_55eb3af7,reward_sparse,train,66,789,easy,5,5,0.1,0.95,0.14366577661972477,default,100,10.0,8,1,1,0,0,0.0010890999983530492,
reward_sparse_789_55eb3af7,reward_sparse,train,67,789,easy,5,5,0.1,0.95,0.14294744773662615,default,100,10.0,8,1,1,0,0,0.0011845999979414046,
reward_sparse_789_55eb3af7,reward_sparse,train,68,789,easy,5,5,0.1,0.95,0.14223271049794303,default,100,10.0,8,1,1,0,0,0.0010313000093447044,
reward_sparse_789_55eb3af7,reward_sparse,train,69,789,easy,5,5,0.1,0.95,0.14152154694545332,default,100,10.0,10,1,1,0,0,0.0012865000026067719,
reward_sparse_789_55eb3af7,reward_sparse,train,70,789,easy,5,5,0.1,0.95,0.14081393921072605,default,100,9.0,9,1,1,0,0,0.0010482999932719395,
reward_sparse_789_55eb3af7,reward_sparse,train,71,789,easy,5,5,0.1,0.95,0.1401098695146724,default,100,10.0,10,1,1,0,0,0.0012671000004047528,
reward_sparse_789_55eb3af7,reward_sparse,train,72,789,easy,5,5,0.1,0.95,0.13940932016709906,default,100,9.0,9,1,1,0,0,0.0009574000141583383,
reward_sparse_789_55eb3af7,reward_sparse,train,73,789,easy,5,5,0.1,0.95,0.13871227356626356,default,100,10.0,8,1,1,0,0,0.0010873999999603257,
reward_sparse_789_55eb3af7,reward_sparse,train,74,789,easy,5,5,0.1,0.95,0.13801871219843223,default,100,9.0,11,1,1,0,0,0.0013481999922078103,
reward_sparse_789_55eb3af7,reward_sparse,train,75,789,easy,5,5,0.1,0.95,0.13732861863744006,default,100,9.0,11,1,1,0,0,0.0013005000073462725,
reward_sparse_789_55eb3af7,reward_sparse,train,76,789,easy,5,5,0.1,0.95,0.13664197554425286,default,100,10.0,10,1,1,0,0,0.0012744999985443428,
reward_sparse_789_55eb3af7,reward_sparse,train,77,789,easy,5,5,0.1,0.95,0.1359587656665316,default,100,10.0,8,1,1,0,0,0.0010884999937843531,
reward_sparse_789_55eb3af7,reward_sparse,train,78,789,easy,5,5,0.1,0.95,0.13527897183819892,default,100,8.0,10,1,1,0,0,0.0012227999977767467,
reward_sparse_789_55eb3af7,reward_sparse,train,79,789,easy,5,5,0.1,0.95,0.13460257697900793,default,100,9.0,9,1,1,0,0,0.0012308000004850328,
reward_sparse_789_55eb3af7,reward_sparse,train,80,789,easy,5,5,0.1,0.95,0.13392956409411289,default,100,10.0,8,1,1,0,0,0.0010749999928520992,
reward_sparse_789_55eb3af7,reward_sparse,train,81,789,easy,5,5,0.1,0.95,0.1332599162736423,default,100,10.0,8,1,1,0,0,0.001081300011719577,
reward_sparse_789_55eb3af7,reward_sparse,train,82,789,easy,5,5,0.1,0.95,0.1325936166922741,default,100,10.0,8,1,1,0,0,0.00104750000173226,
reward_sparse_789_55eb3af7,reward_sparse,train,83,789,easy,5,5,0.1,0.95,0.13193064860881273,default,100,8.0,10,1,1,0,0,0.0012009999918518588,
reward_sparse_789_55eb3af7,reward_sparse,train,84,789,easy,5,5,0.1,0.95,0.13127099536576867,default,100,7.0,11,1,1,0,0,0.0014204000035533682,
reward_sparse_789_55eb3af7,reward_sparse,train,85,789,easy,5,5,0.1,0.95,0.13061464038893983,default,100,10.0,8,1,1,0,0,0.001073999999789521,
reward_sparse_789_55eb3af7,reward_sparse,train,86,789,easy,5,5,0.1,0.95,0.12996156718699514,default,100,10.0,10,1,1,0,0,0.0012650999997276813,
reward_sparse_789_55eb3af7,reward_sparse,train,87,789,easy,5,5,0.1,0.95,0.12931175935106015,default,100,9.0,9,1,1,0,0,0.0011774999875342473,
reward_sparse_789_55eb3af7,reward_sparse,train,88,789,easy,5,5,0.1,0.95,0.12866520055430486,default,100,8.0,12,1,1,0,0,0.0014069000026211143,
reward_sparse_789_55eb3af7,reward_sparse,train,89,789,easy,5,5,0.1,0.95,0.12802187455153333,default,100,10.0,8,1,1,0,0,0.0010496000031707808,
reward_sparse_789_55eb3af7,reward_sparse,train,90,789,easy,5,5,0.1,0.95,0.12738176517877567,default,100,9.0,9,1,1,0,0,0.0010957000049529597,
reward_sparse_789_55eb3af7,reward_sparse,train,91,789,easy,5,5,0.1,0.95,0.1267448563528818,default,100,9.0,9,1,1,0,0,0.0011703000054694712,
reward_sparse_789_55eb3af7,reward_sparse,train,92,789,easy,5,5,0.1,0.95,0.12611113207111738,default,100,10.0,8,1,1,0,0,0.0010753999958978966,
reward_sparse_789_55eb3af7,reward_sparse,train,93,789,easy,5,5,0.1,0.95,0.1254805764107618,default,100,8.0,10,1,1,0,0,0.0012027999910060316,
reward_sparse_789_55eb3af7,reward_sparse,train,94,789,easy,5,5,0.1,0.95,0.12485317352870799,default,100,9.0,9,1,1,0,0,0.0011642000026768073,
reward_sparse_789_55eb3af7,reward_sparse,train,95,789,easy,5,5,0.1,0.95,0.12422890766106445,default,100,10.0,8,1,1,0,0,0.001029399994877167,
reward_sparse_789_55eb3af7,reward_sparse,train,96,789,easy,5,5,0.1,0.95,0.12360776312275913,default,100,9.0,11,1,1,0,0,0.0014144000015221536,
reward_sparse_789_55eb3af7,reward_sparse,train,97,789,easy,5,5,0.1,0.95,0.12298972430714533,default,100,10.0,8,1,1,0,0,0.0010827999940374866,
reward_sparse_789_55eb3af7,reward_sparse,train,98,789,easy,5,5,0.1,0.95,0.1223747756856096,default,100,9.0,9,1,1,0,0,0.0011654999980237335,
reward_sparse_789_55eb3af7,reward_sparse,train,99,789,easy,5,5,0.1,0.95,0.12176290180718155,default,100,10.0,8,1,1,0,0,0.001069399993866682,
reward_sparse_789_55eb3af7,reward_sparse,train,100,789,easy,5,5,0.1,0.95,0.12115408729814564,default,100,9.0,9,1,1,0,0,0.0011271000112174079,
reward_sparse_789_55eb3af7,reward_sparse,train,101,789,easy,5,5,0.1,0.95,0.12054831686165492,default,100,7.0,15,1,1,0,0,0.001716300001135096,
reward_sparse_789_55eb3af7,reward_sparse,train,102,789,easy,5,5,0.1,0.95,0.11994557527734664,default,100,10.0,8,1,1,0,0,0.0010337999992771074,
reward_sparse_789_55eb3af7,reward_sparse,train,103,789,easy,5,5,0.1,0.95,0.11934584740095991,default,100,8.0,10,1,1,0,0,0.0012642000074265525,
reward_sparse_789_55eb3af7,reward_sparse,train,104,789,easy,5,5,0.1,0.95,0.11874911816395511,default,100,9.0,9,1,1,0,0,0.0011598999990383163,
reward_sparse_789_55eb3af7,reward_sparse,train,105,789,easy,5,5,0.1,0.95,0.11815537257313534,default,100,10.0,8,1,1,0,0,0.0009879999997792765,
reward_sparse_789_55eb3af7,reward_sparse,train,106,789,easy,5,5,0.1,0.95,0.11756459571026966,default,100,10.0,8,1,1,0,0,0.0011091999913332984,
reward_sparse_789_55eb3af7,reward_sparse,train,107,789,easy,5,5,0.1,0.95,0.1169767727317183,default,100,10.0,8,1,1,0,0,0.0010791000095196068,
reward_sparse_789_55eb3af7,reward_sparse,train,108,789,easy,5,5,0.1,0.95,0.1163918888680597,default,100,10.0,8,1,1,0,0,0.0010924999951384962,
reward_sparse_789_55eb3af7,reward_sparse,train,109,789,easy,5,5,0.1,0.95,0.11580992942371941,default,100,10.0,8,1,1,0,0,0.0010711000068113208,
reward_sparse_789_55eb3af7,reward_sparse,train,110,789,easy,5,5,0.1,0.95,0.11523087977660082,default,100,9.0,9,1,1,0,0,0.0011693999986164272,
reward_sparse_789_55eb3af7,reward_sparse,train,111,789,easy,5,5,0.1,0.95,0.11465472537771781,default,100,9.0,9,1,1,0,0,0.0011516000085975975,
reward_sparse_789_55eb3af7,reward_sparse,train,112,789,easy,5,5,0.1,0.95,0.11408145175082922,default,100,10.0,8,1,1,0,0,0.0010655999940354377,
reward_sparse_789_55eb3af7,reward_sparse,train,113,789,easy,5,5,0.1,0.95,0.11351104449207507,default,100,10.0,8,1,1,0,0,0.001099500004784204,
reward_sparse_789_55eb3af7,reward_sparse,train,114,789,easy,5,5,0.1,0.95,0.11294348926961469,default,100,10.0,10,1,1,0,0,0.0012675000034505501,
reward_sparse_789_55eb3af7,reward_sparse,train,115,789,easy,5,5,0.1,0.95,0.11237877182326661,default,100,10.0,8,1,1,0,0,0.0010864999931072816,
reward_sparse_789_55eb3af7,reward_sparse,train,116,789,easy,5,5,0.1,0.95,0.11181687796415028,default,100,10.0,8,1,1,0,0,0.0010234000073978677,
reward_sparse_789_55eb3af7,reward_sparse,train,117,789,easy,5,5,0.1,0.95,0.11125779357432954,default,100,10.0,8,1,1,0,0,0.0010909999982686713,
reward_sparse_789_55eb3af7,reward_sparse,train,118,789,easy,5,5,0.1,0.95,0.11070150460645789,default,100,9.0,11,1,1,0,0,0.001327400008449331,
reward_sparse_789_55eb3af7,reward_sparse,train,119,789,easy,5,5,0.1,0.95,0.1101479970834256,default,100,10.0,10,1,1,0,0,0.0012875999964307994,
reward_sparse_789_55eb3af7,reward_sparse,train,120,789,easy,5,5,0.1,0.95,0.10959725709800847,default,100,10.0,8,1,1,0,0,0.0010904000082518905,
reward_sparse_789_55eb3af7,reward_sparse,train,121,789,easy,5,5,0.1,0.95,0.10904927081251842,default,100,10.0,8,1,1,0,0,0.001047199999447912,
reward_sparse_789_55eb3af7,reward_sparse,train,122,789,easy,5,5,0.1,0.95,0.10850402445845582,default,100,9.0,9,1,1,0,0,0.0011662000033538789,
reward_sparse_789_55eb3af7,reward_sparse,train,123,789,easy,5,5,0.1,0.95,0.10796150433616354,default,100,10.0,8,1,1,0,0,0.0010746999905677512,
reward_sparse_789_55eb3af7,reward_sparse,train,124,789,easy,5,5,0.1,0.95,0.10742169681448273,default,100,10.0,8,1,1,0,0,0.0010454000002937391,
reward_sparse_789_55eb3af7,reward_sparse,train,125,789,easy,5,5,0.1,0.95,0.10688458833041031,default,100,10.0,8,1,1,0,0,0.0010757000127341598,
reward_sparse_789_55eb3af7,reward_sparse,train,126,789,easy,5,5,0.1,0.95,0.10635016538875826,default,100,10.0,8,1,1,0,0,0.0010992999887093902,
reward_sparse_789_55eb3af7,reward_sparse,train,127,789,easy,5,5,0.1,0.95,0.10581841456181447,default,100,10.0,8,1,1,0,0,0.0010974000033456832,
reward_sparse_789_55eb3af7,reward_sparse,train,128,789,easy,5,5,0.1,0.95,0.1052893224890054,default,100,10.0,8,1,1,0,0,0.001116100000217557,
reward_sparse_789_55eb3af7,reward_sparse,train,129,789,easy,5,5,0.1,0.95,0.10476287587656037,default,100,10.0,8,1,1,0,0,0.00109119999979157,
reward_sparse_789_55eb3af7,reward_sparse,train,130,789,easy,5,5,0.1,0.95,0.10423906149717757,default,100,9.0,9,1,1,0,0,0.0011660000018309802,
reward_sparse_789_55eb3af7,reward_sparse,train,131,789,easy,5,5,0.1,0.95,0.10371786618969168,default,100,10.0,10,1,1,0,0,0.0013058000040473416,
reward_sparse_789_55eb3af7,reward_sparse,train,132,789,easy,5,5,0.1,0.95,0.10319927685874322,default,100,10.0,10,1,1,0,0,0.0012577000015880913,
reward_sparse_789_55eb3af7,reward_sparse,train,133,789,easy,5,5,0.1,0.95,0.10268328047444951,default,100,10.0,10,1,1,0,0,0.0012676000042119995,
reward_sparse_789_55eb3af7,reward_sparse,train,134,789,easy,5,5,0.1,0.95,0.10216986407207726,default,100,10.0,8,1,1,0,0,0.0010811999964062124,
reward_sparse_789_55eb3af7,reward_sparse,train,135,789,easy,5,5,0.1,0.95,0.10165901475171688,default,100,10.0,10,1,1,0,0,0.0012531999964267015,
reward_sparse_789_55eb3af7,reward_sparse,train,136,789,easy,5,5,0.1,0.95,0.10115071967795829,default,100,10.0,8,1,1,0,0,0.0010792999964905903,
reward_sparse_789_55eb3af7,reward_sparse,train,137,789,easy,5,5,0.1,0.95,0.10064496607956849,default,100,10.0,8,1,1,0,0,0.0010705000022426248,
reward_sparse_789_55eb3af7,reward_sparse,train,138,789,easy,5,5,0.1,0.95,0.10014174124917065,default,100,10.0,10,1,1,0,0,0.0012695000041276217,
reward_sparse_789_55eb3af7,reward_sparse,train,139,789,easy,5,5,0.1,0.95,0.09964103254292479,default,100,10.0,10,1,1,0,0,0.001222200007759966,
reward_sparse_789_55eb3af7,reward_sparse,train,140,789,easy,5,5,0.1,0.95,0.09914282738021017,default,100,9.0,11,1,1,0,0,0.001330599989159964,
reward_sparse_789_55eb3af7,reward_sparse,train,141,789,easy,5,5,0.1,0.95,0.09864711324330912,default,100,10.0,10,1,1,0,0,0.0013072000001557171,
reward_sparse_789_55eb3af7,reward_sparse,train,142,789,easy,5,5,0.1,0.95,0.09815387767709258,default,100,10.0,8,1,1,0,0,0.001084199990145862,
reward_sparse_789_55eb3af7,reward_sparse,train,143,789,easy,5,5,0.1,0.95,0.09766310828870711,default,100,10.0,8,1,1,0,0,0.0010728000052040443,
reward_sparse_789_55eb3af7,reward_sparse,train,144,789,easy,5,5,0.1,0.95,0.09717479274726358,default,100,10.0,8,1,1,0,0,0.001082899994798936,
reward_sparse_789_55eb3af7,reward_sparse,train,145,789,easy,5,5,0.1,0.95,0.09668891878352726,default,100,10.0,10,1,1,0,0,0.0012552000116556883,
reward_sparse_789_55eb3af7,reward_sparse,train,146,789,easy,5,5,0.1,0.95,0.09620547418960962,default,100,10.0,8,1,1,0,0,0.0011273999989498407,
reward_sparse_789_55eb3af7,reward_sparse,train,147,789,easy,5,5,0.1,0.95,0.09572444681866157,default,100,10.0,10,1,1,0,0,0.0013225000002421439,
reward_sparse_789_55eb3af7,reward_sparse,train,148,789,easy,5,5,0.1,0.95,0.09524582458456826,default,100,10.0,8,1,1,0,0,0.0010965999972540885,
reward_sparse_789_55eb3af7,reward_sparse,train,149,789,easy,5,5,0.1,0.95,0.09476959546164541,default,100,10.0,8,1,1,0,0,0.0010818000009749085,
reward_sparse_789_55eb3af7,reward_sparse,train,150,789,easy,5,5,0.1,0.95,0.09429574748433718,default,100,10.0,10,1,1,0,0,0.0012640000059036538,
reward_sparse_789_55eb3af7,reward_sparse,train,151,789,easy,5,5,0.1,0.95,0.09382426874691549,default,100,10.0,8,1,1,0,0,0.0010783000034280121,
reward_sparse_789_55eb3af7,reward_sparse,train,152,789,easy,5,5,0.1,0.95,0.09335514740318092,default,100,9.0,9,1,1,0,0,0.0011312999995425344,
reward_sparse_789_55eb3af7,reward_sparse,train,153,789,easy,5,5,0.1,0.95,0.09288837166616501,default,100,10.0,8,1,1,0,0,0.0010774999973364174,
reward_sparse_789_55eb3af7,reward_sparse,train,154,789,easy,5,5,0.1,0.95,0.09242392980783419,default,100,10.0,8,1,1,0,0,0.0010711000068113208,
reward_sparse_789_55eb3af7,reward_sparse,train,155,789,easy,5,5,0.1,0.95,0.09196181015879502,default,100,10.0,8,1,1,0,0,0.0010857000015676022,
reward_sparse_789_55eb3af7,reward_sparse,train,156,789,easy,5,5,0.1,0.95,0.09150200110800105,default,100,9.0,9,1,1,0,0,0.00113420000707265,
reward_sparse_789_55eb3af7,reward_sparse,train,157,789,easy,5,5,0.1,0.95,0.09104449110246104,default,100,10.0,12,1,1,0,0,0.0014719000027980655,
reward_sparse_789_55eb3af7,reward_sparse,train,158,789,easy,5,5,0.1,0.95,0.09058926864694875,default,100,10.0,8,1,1,0,0,0.001086899996153079,
reward_sparse_789_55eb3af7,reward_sparse,train,159,789,easy,5,5,0.1,0.95,0.090136322303714,default,100,10.0,8,1,1,0,0,0.0010782000026665628,
reward_sparse_789_55eb3af7,reward_sparse,train,160,789,easy,5,5,0.1,0.95,0.08968564069219544,default,100,9.0,9,1,1,0,0,0.001214500007336028,
reward_sparse_789_55eb3af7,reward_sparse,train,161,789,easy,5,5,0.1,0.95,0.08923721248873447,default,100,10.0,8,1,1,0,0,0.0010994000040227547,
reward_sparse_789_55eb3af7,reward_sparse,train,162,789,easy,5,5,0.1,0.95,0.08879102642629079,default,100,10.0,8,1,1,0,0,0.0010886999953072518,
reward_sparse_789_55eb3af7,reward_sparse,train,163,789,easy,5,5,0.1,0.95,0.08834707129415934,default,100,8.0,10,1,1,0,0,0.0011873000039486215,
reward_sparse_789_55eb3af7,reward_sparse,train,164,789,easy,5,5,0.1,0.95,0.08790533593768854,default,100,9.0,9,1,1,0,0,0.0011384999961592257,
reward_sparse_789_55eb3af7,reward_sparse,train,165,789,easy,5,5,0.1,0.95,0.0874658092580001,default,100,10.0,8,1,1,0,0,0.0011783000081777573,
reward_sparse_789_55eb3af7,reward_sparse,train,166,789,easy,5,5,0.1,0.95,0.0870284802117101,default,100,10.0,8,1,1,0,0,0.0010328999924240634,
reward_sparse_789_55eb3af7,reward_sparse,train,167,789,easy,5,5,0.1,0.95,0.08659333781065155,default,100,10.0,10,1,1,0,0,0.001225900006829761,
reward_sparse_789_55eb3af7,reward_sparse,train,168,789,easy,5,5,0.1,0.95,0.0861603711215983,default,100,10.0,8,1,1,0,0,0.0011048000014852732,
reward_sparse_789_55eb3af7,reward_sparse,train,169,789,easy,5,5,0.1,0.95,0.0857295692659903,default,100,9.0,11,1,1,0,0,0.0013633000053232536,
reward_sparse_789_55eb3af7,reward_sparse,train,170,789,easy,5,5,0.1,0.95,0.08530092141966035,default,100,9.0,9,1,1,0,0,0.00117270000919234,
reward_sparse_789_55eb3af7,reward_sparse,train,171,789,easy,5,5,0.1,0.95,0.08487441681256205,default,100,9.0,9,1,1,0,0,0.001187799993203953,
reward_sparse_789_55eb3af7,reward_sparse,train,172,789,easy,5,5,0.1,0.95,0.08445004472849925,default,100,10.0,8,1,1,0,0,0.0010904000082518905,
reward_sparse_789_55eb3af7,reward_sparse,train,173,789,easy,5,5,0.1,0.95,0.08402779450485676,default,100,9.0,9,1,1,0,0,0.0011406999983591959,
reward_sparse_789_55eb3af7,reward_sparse,train,174,789,easy,5,5,0.1,0.95,0.08360765553233247,default,100,10.0,8,1,1,0,0,0.0010818000009749085,
reward_sparse_789_55eb3af7,reward_sparse,train,175,789,easy,5,5,0.1,0.95,0.0831896172546708,default,100,9.0,11,1,1,0,0,0.0013527000119211152,
reward_sparse_789_55eb3af7,reward_sparse,train,176,789,easy,5,5,0.1,0.95,0.08277366916839746,default,100,10.0,12,1,1,0,0,0.001443499990273267,
reward_sparse_789_55eb3af7,reward_sparse,train,177,789,easy,5,5,0.1,0.95,0.08235980082255547,default,100,10.0,10,1,1,0,0,0.0013534999889088795,
reward_sparse_789_55eb3af7,reward_sparse,train,178,789,easy,5,5,0.1,0.95,0.08194800181844268,default,100,9.0,9,1,1,0,0,0.0011612000089371577,
reward_sparse_789_55eb3af7,reward_sparse,train,179,789,easy,5,5,0.1,0.95,0.08153826180935046,default,100,10.0,10,1,1,0,0,0.0011643000034382567,
reward_sparse_789_55eb3af7,reward_sparse,train,180,789,easy,5,5,0.1,0.95,0.08113057050030371,default,100,10.0,10,1,1,0,0,0.0012722999963443726,
reward_sparse_789_55eb3af7,reward_sparse,train,181,789,easy,5,5,0.1,0.95,0.0807249176478022,default,100,10.0,12,1,1,0,0,0.0015501000016229227,
reward_sparse_789_55eb3af7,reward_sparse,train,182,789,easy,5,5,0.1,0.95,0.08032129305956318,default,100,10.0,10,1,1,0,0,0.0013067000109003857,
reward_sparse_789_55eb3af7,reward_sparse,train,183,789,easy,5,5,0.1,0.95,0.07991968659426536,default,100,10.0,8,1,1,0,0,0.00111339999421034,
reward_sparse_789_55eb3af7,reward_sparse,train,184,789,easy,5,5,0.1,0.95,0.07952008816129404,default,100,10.0,8,1,1,0,0,0.0010895000013988465,
reward_sparse_789_55eb3af7,reward_sparse,train,185,789,easy,5,5,0.1,0.95,0.07912248772048756,default,100,10.0,8,1,1,0,0,0.0010927999974228442,
reward_sparse_789_55eb3af7,reward_sparse,train,186,789,easy,5,5,0.1,0.95,0.07872687528188513,default,100,9.0,9,1,1,0,0,0.0011337999894749373,
reward_sparse_789_55eb3af7,reward_sparse,train,187,789,easy,5,5,0.1,0.95,0.0783332409054757,default,100,10.0,8,1,1,0,0,0.0010449000110384077,
reward_sparse_789_55eb3af7,reward_sparse,train,188,789,easy,5,5,0.1,0.95,0.07794157470094833,default,100,10.0,8,1,1,0,0,0.0011222000030102208,
reward_sparse_789_55eb3af7,reward_sparse,train,189,789,easy,5,5,0.1,0.95,0.07755186682744358,default,100,10.0,10,1,1,0,0,0.0012530999956652522,
reward_sparse_789_55eb3af7,reward_sparse,train,190,789,easy,5,5,0.1,0.95,0.07716410749330636,default,100,10.0,8,1,1,0,0,0.0010776999988593161,
reward_sparse_789_55eb3af7,reward_sparse,train,191,789,easy,5,5,0.1,0.95,0.07677828695583983,default,100,9.0,9,1,1,0,0,0.0010897000029217452,
reward_sparse_789_55eb3af7,reward_sparse,train,192,789,easy,5,5,0.1,0.95,0.07639439552106063,default,100,10.0,8,1,1,0,0,0.0010751000081654638,
reward_sparse_789_55eb3af7,reward_sparse,train,193,789,easy,5,5,0.1,0.95,0.07601242354345533,default,100,9.0,9,1,1,0,0,0.0011287999950582162,
reward_sparse_789_55eb3af7,reward_sparse,train,194,789,easy,5,5,0.1,0.95,0.07563236142573805,default,100,10.0,8,1,1,0,0,0.0010949000134132802,
reward_sparse_789_55eb3af7,reward_sparse,train,195,789,easy,5,5,0.1,0.95,0.07525419961860937,default,100,9.0,9,1,1,0,0,0.0011476999934529886,
reward_sparse_789_55eb3af7,reward_sparse,train,196,789,easy,5,5,0.1,0.95,0.07487792862051632,default,100,10.0,8,1,1,0,0,0.0010747000051196665,
reward_sparse_789_55eb3af7,reward_sparse,train,197,789,easy,5,5,0.1,0.95,0.07450353897741373,default,100,9.0,9,1,1,0,0,0.001167800000985153,
reward_sparse_789_55eb3af7,reward_sparse,train,198,789,easy,5,5,0.1,0.95,0.07413102128252666,default,100,10.0,10,1,1,0,0,0.0012102000036975369,
reward_sparse_789_55eb3af7,reward_sparse,train,199,789,easy,5,5,0.1,0.95,0.07376036617611402,default,100,9.0,11,1,1,0,0,0.0013420000032056123,
reward_sparse_789_55eb3af7,reward_sparse,train,200,789,easy,5,5,0.1,0.95,0.07339156434523345,default,100,9.0,9,1,1,0,0,0.001096400010283105,results\reward\sparse\seed_789\qtable_ep200.npz
reward_sparse_789_55eb3af7,reward_sparse,train,201,789,easy,5,5,0.1,0.95,0.07302460652350727,default,100,10.0,8,1,1,0,0,0.0011178999993717298,
reward_sparse_789_55eb3af7,reward_sparse,train,202,789,easy,5,5,0.1,0.95,0.07265948349088973,default,100,10.0,8,1,1,0,0,0.001109600008931011,
reward_sparse_789_55eb3af7,reward_sparse,train,203,789,easy,5,5,0.1,0.95,0.07229618607343528,default,100,9.0,11,1,1,0,0,0.001394200007780455,
reward_sparse_789_55eb3af7,reward_sparse,train,204,789,easy,5,5,0.1,0.95,0.0719347051430681,default,100,8.0,10,1,1,0,0,0.0012391000054776669,
reward_sparse_789_55eb3af7,reward_sparse,train,205,789,easy,5,5,0.1,0.95,0.07157503161735276,default,100,10.0,10,1,1,0,0,0.001290200001676567,
reward_sparse_789_55eb3af7,reward_sparse,train,206,789,easy,5,5,0.1,0.95,0.071217156459266,default,100,10.0,8,1,1,0,0,0.001023800010443665,
reward_sparse_789_55eb3af7,reward_sparse,train,207,789,easy,5,5,0.1,0.95,0.07086107067696967,default,100,9.0,9,1,1,0,0,0.0012036999978590757,
reward_sparse_789_55eb3af7,reward_sparse,train,208,789,easy,5,5,0.1,0.95,0.07050676532358482,default,100,10.0,8,1,1,0,0,0.0010692999931052327,
reward_sparse_789_55eb3af7,reward_sparse,train,209,789,easy,5,5,0.1,0.95,0.0701542314969669,default,100,10.0,10,1,1,0,0,0.001225900006829761,
reward_sparse_789_55eb3af7,reward_sparse,train,210,789,easy,5,5,0.1,0.95,0.06980346033948207,default,100,8.0,10,1,1,0,0,0.0011781000066548586,
reward_sparse_789_55eb3af7,reward_sparse,train,211,789,easy,5,5,0.1,0.95,0.06945444303778466,default,100,10.0,8,1,1,0,0,0.0010645000002114102,
reward_sparse_789_55eb3af7,reward_sparse,train,212,789,easy,5,5,0.1,0.95,0.06910717082259574,default,100,10.0,8,1,1,0,0,0.0010774000111268833,
reward_sparse_789_55eb3af7,reward_sparse,train,213,789,easy,5,5,0.1,0.95,0.06876163496848275,default,100,9.0,9,1,1,0,0,0.0011322999926051125,
reward_sparse_789_55eb3af7,reward_sparse,train,214,789,easy,5,5,0.1,0.95,0.06841782679364034,default,100,10.0,10,1,1,0,0,0.0012650000135181472,
reward_sparse_789_55eb3af7,reward_sparse,train,215,789,easy,5,5,0.1,0.95,0.06807573765967213,default,100,10.0,8,1,1,0,0,0.0010722000006353483,
reward_sparse_789_55eb3af7,reward_sparse,train,216,789,easy,5,5,0.1,0.95,0.06773535897137377,default,100,10.0,10,1,1,0,0,0.0012703999964287505,
reward_sparse_789_55eb3af7,reward_sparse,train,217,789,easy,5,5,0.1,0.95,0.0673966821765169,default,100,10.0,8,1,1,0,0,0.0011137999972561374,
reward_sparse_789_55eb3af7,reward_sparse,train,218,789,easy,5,5,0.1,0.95,0.0670596987656343,default,100,10.0,8,1,1,0,0,0.0010680000123102218,
reward_sparse_789_55eb3af7,reward_sparse,train,219,789,easy,5,5,0.1,0.95,0.06672440027180614,default,100,10.0,8,1,1,0,0,0.0010984999971697107,
reward_sparse_789_55eb3af7,reward_sparse,train,220,789,easy,5,5,0.1,0.95,0.0663907782704471,default,100,10.0,8,1,1,0,0,0.0010934000019915402,
reward_sparse_789_55eb3af7,reward_sparse,train,221,789,easy,5,5,0.1,0.95,0.06605882437909487,default,100,10.0,8,1,1,0,0,0.0010818999871844426,
reward_sparse_789_55eb3af7,reward_sparse,train,222,789,easy,5,5,0.1,0.95,0.0657285302571994,default,100,10.0,8,1,1,0,0,0.0010840000031748787,
reward_sparse_789_55eb3af7,reward_sparse,train,223,789,easy,5,5,0.1,0.95,0.06539988760591339,default,100,10.0,8,1,1,0,0,0.0011074000067310408,
reward_sparse_789_55eb3af7,reward_sparse,train,224,789,easy,5,5,0.1,0.95,0.06507288816788383,default,100,10.0,8,1,1,0,0,0.00108380000165198,
reward_sparse_789_55eb3af7,reward_sparse,train,225,789,easy,5,5,0.1,0.95,0.06474752372704441,default,100,9.0,9,1,1,0,0,0.0011758999899029732,
reward_sparse_789_55eb3af7,reward_sparse,train,226,789,easy,5,5,0.1,0.95,0.0644237861084092,default,100,10.0,10,1,1,0,0,0.0012335000064922497,
reward_sparse_789_55eb3af7,reward_sparse,train,227,789,easy,5,5,0.1,0.95,0.06410166717786715,default,100,10.0,8,1,1,0,0,0.0011036000068997964,
reward_sparse_789_55eb3af7,reward_sparse,train,228,789,easy,5,5,0.1,0.95,0.06378115884197781,default,100,10.0,8,1,1,0,0,0.0010837000008905306,
reward_sparse_789_55eb3af7,reward_sparse,train,229,789,easy,5,5,0.1,0.95,0.06346225304776792,default,100,10.0,10,1,1,0,0,0.0012520000018412247,
reward_sparse_789_55eb3af7,reward_sparse,train,230,789,easy,5,5,0.1,0.95,0.06314494178252908,default,100,10.0,8,1,1,0,0,0.0010788000072352588,
reward_sparse_789_55eb3af7,reward_sparse,train,231,789,easy,5,5,0.1,0.95,0.06282921707361644,default,100,10.0,8,1,1,0,0,0.0010654999932739884,
reward_sparse_789_55eb3af7,reward_sparse,train,232,789,easy,5,5,0.1,0.95,0.06251507098824835,default,100,10.0,10,1,1,0,0,0.0012779999960912392,
reward_sparse_789_55eb3af7,reward_sparse,train,233,789,easy,5,5,0.1,0.95,0.062202495633307105,default,100,10.0,8,1,1,0,0,0.0010839000024134293,
reward_sparse_789_55eb3af7,reward_sparse,train,234,789,easy,5,5,0.1,0.95,0.06189148315514057,default,100,10.0,8,1,1,0,0,0.0010621000110404566,
reward_sparse_789_55eb3af7,reward_sparse,train,235,789,easy,5,5,0.1,0.95,0.061582025739364867,default,100,10.0,8,1,1,0,0,0.0010813999979291111,
reward_sparse_789_55eb3af7,reward_sparse,train,236,789,easy,5,5,0.1,0.95,0.06127411561066804,default,100,10.0,8,1,1,0,0,0.0010615000064717606,
reward_sparse_789_55eb3af7,reward_sparse,train,237,789,easy,5,5,0.1,0.95,0.0609677450326147,default,100,9.0,9,1,1,0,0,0.0011667000071611255,
reward_sparse_789_55eb3af7,reward_sparse,train,238,789,easy,5,5,0.1,0.95,0.06066290630745162,default,100,10.0,8,1,1,0,0,0.0011561999999685213,
reward_sparse_789_55eb3af7,reward_sparse,train,239,789,easy,5,5,0.1,0.95,0.060359591775914365,default,100,10.0,8,1,1,0,0,0.0011125000019092113,
reward_sparse_789_55eb3af7,reward_sparse,train,240,789,easy,5,5,0.1,0.95,0.06005779381703479,default,100,10.0,8,1,1,0,0,0.001069399993866682,
reward_sparse_789_55eb3af7,reward_sparse,train,241,789,easy,5,5,0.1,0.95,0.059757504847949616,default,100,10.0,8,1,1,0,0,0.001115799997933209,
reward_sparse_789_55eb3af7,reward_sparse,train,242,789,easy,5,5,0.1,0.95,0.059458717323709866,default,100,10.0,10,1,1,0,0,0.0013309000059962273,
reward_sparse_789_55eb3af7,reward_sparse,train,243,789,easy,5,5,0.1,0.95,0.059161423737091316,default,100,9.0,9,1,1,0,0,0.0011460000096121803,
reward_sparse_789_55eb3af7,reward_sparse,train,244,789,easy,5,5,0.1,0.95,0.05886561661840586,default,100,10.0,8,1,1,0,0,0.0010381999891251326,
reward_sparse_789_55eb3af7,reward_sparse,train,245,789,easy,5,5,0.1,0.95,0.05857128853531383,default,100,10.0,8,1,1,0,0,0.0011680000025080517,
reward_sparse_789_55eb3af7,reward_sparse,train,246,789,easy,5,5,0.1,0.95,0.05827843209263726,default,100,10.0,8,1,1,0,0,0.0010917000035988167,
reward_sparse_789_55eb3af7,reward_sparse,train,247,789,easy,5,5,0.1,0.95,0.05798703993217407,default,100,10.0,8,1,1,0,0,0.0010719999991124496,
reward_sparse_789_55eb3af7,reward_sparse,train,248,789,easy,5,5,0.1,0.95,0.0576971047325132,default,100,10.0,8,1,1,0,0,0.0010779000003822148,
reward_sparse_789_55eb3af7,reward_sparse,train,249,789,easy,5,5,0.1,0.95,0.05740861920885063,default,100,10.0,8,1,1,0,0,0.0010732999944593757,
reward_sparse_789_55eb3af7,reward_sparse,train,250,789,easy,5,5,0.1,0.95,0.057121576112806376,default,100,10.0,8,1,1,0,0,0.0010636000079102814,
reward_sparse_789_55eb3af7,reward_sparse,train,251,789,easy,5,5,0.1,0.95,0.056835968232242344,default,100,10.0,8,1,1,0,0,0.0010783000034280121,
reward_sparse_789_55eb3af7,reward_sparse,train,252,789,easy,5,5,0.1,0.95,0.05655178839108113,default,100,10.0,10,1,1,0,0,0.0012608999968506396,
reward_sparse_789_55eb3af7,reward_sparse,train,253,789,easy,5,5,0.1,0.95,0.05626902944912573,default,100,10.0,8,1,1,0,0,0.0010753999958978966,
reward_sparse_789_55eb3af7,reward_sparse,train,254,789,easy,5,5,0.1,0.95,0.0559876843018801,default,100,10.0,8,1,1,0,0,0.0010322000016458333,
reward_sparse_789_55eb3af7,reward_sparse,train,255,789,easy,5,5,0.1,0.95,0.055707745880370696,default,100,10.0,10,1,1,0,0,0.0012827000027755275,
reward_sparse_789_55eb3af7,reward_sparse,train,256,789,easy,5,5,0.1,0.95,0.05542920715096884,default,100,10.0,12,1,1,0,0,0.0014838999923085794,
reward_sparse_789_55eb3af7,reward_sparse,train,257,789,easy,5,5,0.1,0.95,0.055152061115214,default,100,10.0,8,1,1,0,0,0.001087500000721775,
reward_sparse_789_55eb3af7,reward_sparse,train,258,789,easy,5,5,0.1,0.95,0.05487630080963793,default,100,10.0,10,1,1,0,0,0.0012663000088650733,
reward_sparse_789_55eb3af7,reward_sparse,train,259,789,easy,5,5,0.1,0.95,0.05460191930558974,default,100,10.0,10,1,1,0,0,0.0012493999965954572,
reward_sparse_789_55eb3af7,reward_sparse,train,260,789,easy,5,5,0.1,0.95,0.05432890970906179,default,100,9.0,9,1,1,0,0,0.0011526000016601756,
reward_sparse_789_55eb3af7,reward_sparse,train,261,789,easy,5,5,0.1,0.95,0.05405726516051648,default,100,10.0,8,1,1,0,0,0.0011142000003019348,
reward_sparse_789_55eb3af7,reward_sparse,train,262,789,easy,5,5,0.1,0.95,0.0537869788347139,default,100,10.0,8,1,1,0,0,0.001068700003088452,
reward_sparse_789_55eb3af7,reward_sparse,train,263,789,easy,5,5,0.1,0.95,0.053518043940540334,default,100,10.0,8,1,1,0,0,0.0010963999957311898,
reward_sparse_789_55eb3af7,reward_sparse,train,264,789,easy,5,5,0.1,0.95,0.053250453720837636,default,100,10.0,8,1,1,0,0,0.00106969999615103,
reward_sparse_789_55eb3af7,reward_sparse,train,265,789,easy,5,5,0.1,0.95,0.05298420145223345,default,100,10.0,8,1,1,0,0,0.0010485000093467534,
reward_sparse_789_55eb3af7,reward_sparse,train,266,789,easy,5,5,0.1,0.95,0.05271928044497228,default,100,10.0,8,1,1,0,0,0.0010640999971656129,
reward_sparse_789_55eb3af7,reward_sparse,train,267,789,easy,5,5,0.1,0.95,0.05245568404274742,default,100,9.0,11,1,1,0,0,0.0013376999995671213,
reward_sparse_789_55eb3af7,reward_sparse,train,268,789,easy,5,5,0.1,0.95,0.05219340562253368,default,100,10.0,8,1,1,0,0,0.001082599992514588,
reward_sparse_789_55eb3af7,reward_sparse,train,269,789,easy,5,5,0.1,0.95,0.05193243859442102,default,100,10.0,8,1,1,0,0,0.0010777999996207654,
reward_sparse_789_55eb3af7,reward_sparse,train,270,789,easy,5,5,0.1,0.95,0.05167277640144891,default,100,10.0,8,1,1,0,0,0.0010806999925989658,
reward_sparse_789_55eb3af7,reward_sparse,train,271,789,easy,5,5,0.1,0.95,0.05141441251944167,default,100,10.0,8,1,1,0,0,0.0010617000079946592,
reward_sparse_789_55eb3af7,reward_sparse,train,272,789,easy,5,5,0.1,0.95,0.05115734045684446,default,100,10.0,10,1,1,0,0,0.0012734000047203153,
reward_sparse_789_55eb3af7,reward_sparse,train,273,789,easy,5,5,0.1,0.95,0.050901553754560236,default,100,10.0,8,1,1,0,0,0.0010832999978447333,
reward_sparse_789_55eb3af7,reward_sparse,train,274,789,easy,5,5,0.1,0.95,0.05064704598578743,default,100,10.0,8,1,1,0,0,0.0010956000041915104,
reward_sparse_789_55eb3af7,reward_sparse,train,275,789,easy,5,5,0.1,0.95,0.0503938107558585,default,100,10.0,8,1,1,0,0,0.0010686000023270026,
reward_sparse_789_55eb3af7,reward_sparse,train,276,789,easy,5,5,0.1,0.95,0.05014184170207921,default,100,10.0,8,1,1,0,0,0.001090299992938526,
reward_sparse_789_55eb3af7,reward_sparse,train,277,789,easy,5,5,0.1,0.95,0.05,default,100,10.0,8,1,1,0,0,0.001128100004279986,
reward_sparse_789_55eb3af7,reward_sparse,train,278,789,easy,5,5,0.1,0.95,0.05,default,100,10.0,8,1,1,0,0,0.001073399995220825,
reward_sparse_789_55eb3af7,reward_sparse,train,279,789,easy,5,5,0.1,0.95,0.05,default,100,9.0,9,1,1,0,0,0.0011565000022528693,
reward_sparse_789_55eb3af7,reward_sparse,train,280,789,easy,5,5,0.1,0.95,0.05,default,100,10.0,8,1,1,0,0,0.0010713000083342195,
reward_sparse_789_55eb3af7,reward_sparse,train,281,789,easy,5,5,0.1,0.95,0.05,default,100,10.0,8,1,1,0,0,0.0011147999903187156,
reward_sparse_789_55eb3af7,reward_sparse,train,282,789,easy,5,5,0.1,0.95,0.05,default,100,10.0,8,1,1,0,0,0.0010697999969124794,
reward_sparse_789_55eb3af7,reward_sparse,train,283,789,easy,5,5,0.1,0.95,0.05,default,100,10.0,10,1,1,0,0,0.001294599991524592,
reward_sparse_789_55eb3af7,reward_sparse,train,284,789,easy,5,5,0.1,0.95,0.05,default,100,10.0,8,1,1,0,0,0.0010850999969989061,
reward_sparse_789_55eb3af7,reward_sparse,train,285,789,easy,5,5,0.1,0.95,0.05,default,100,10.0,8,1,1,0,0,0.0010949999996228144,
reward_sparse_789_55eb3af7,reward_sparse,train,286,789,easy,5,5,0.1,0.95,0.05,default,100,10.0,8,1,1,0,0,0.0010504999954719096,
reward_sparse_789_55eb3af7,reward_sparse,train,287,789,easy,5,5,0.1,0.95,0.05,default,100,10.0,8,1,1,0,0,0.0010929999989457428,
reward_sparse_789_55eb3af7,reward_sparse,train,288,789,easy,5,5,0.1,0.95,0.05,default,100,10.0,8,1,1,0,0,0.0010826000070665032,
reward_sparse_789_55eb3af7,reward_sparse,train,289,789,easy,5,5,0.1,0.95,0.05,default,100,10.0,10,1,1,0,0,0.0012091999960830435,
reward_sparse_789_55eb3af7,reward_sparse,train,290,789,easy,5,5,0.1,0.95,0.05,default,100,10.0,10,1,1,0,0,0.0013160000089555979,
reward_sparse_789_55eb3af7,reward_sparse,train,291,789,easy,5,5,0.1,0.95,0.05,default,100,10.0,8,1,1,0,0,0.001087599986931309,
reward_sparse_789_55eb3af7,reward_sparse,train,292,789,easy,5,5,0.1,0.95,0.05,default,100,10.0,8,1,1,0,0,0.0010839000024134293,
reward_sparse_789_55eb3af7,reward_sparse,train,293,789,easy,5,5,0.1,0.95,0.05,default,100,9.0,9,1,1,0,0,0.0011550000053830445,
reward_sparse_789_55eb3af7,reward_sparse,train,294,789,easy,5,5,0.1,0.95,0.05,default,100,10.0,8,1,1,0,0,0.0010782000026665628,
reward_sparse_789_55eb3af7,reward_sparse,train,295,789,easy,5,5,0.1,0.95,0.05,default,100,10.0,8,1,1,0,0,0.0010853999992832541,
reward_sparse_789_55eb3af7,reward_sparse,train,296,789,easy,5,5,0.1,0.95,0.05,default,100,10.0,8,1,1,0,0,0.0010783000034280121,
reward_sparse_789_55eb3af7,reward_sparse,train,297,789,easy,5,5,0.1,0.95,0.05,default,100,10.0,8,1,1,0,0,0.0010895000013988465,
reward_sparse_789_55eb3af7,reward_sparse,train,298,789,easy,5,5,0.1,0.95,0.05,default,100,10.0,10,1,1,0,0,0.0012607999960891902,
reward_sparse_789_55eb3af7,reward_sparse,train,299,789,easy,5,5,0.1,0.95,0.05,default,100,10.0,8,1,1,0,0,0.0010793000110425055,
reward_sparse_789_55eb3af7,reward_sparse,train,300,789,easy,5,5,0.1,0.95,0.05,default,100,8.0,10,1,1,0,0,0.0012223999947309494,
reward_sparse_789_55eb3af7,reward_sparse,train,301,789,easy,5,5,0.1,0.95,0.05,default,100,10.0,8,1,1,0,0,0.001096400010283105,
reward_sparse_789_55eb3af7,reward_sparse,train,302,789,easy,5,5,0.1,0.95,0.05,default,100,10.0,12,1,1,0,0,0.0014214000111678615,
reward_sparse_789_55eb3af7,reward_sparse,train,303,789,easy,5,5,0.1,0.95,0.05,default,100,10.0,12,1,1,0,0,0.0014561999996658415,
reward_sparse_789_55eb3af7,reward_sparse,train,304,789,easy,5,5,0.1,0.95,0.05,default,100,10.0,8,1,1,0,0,0.0010735999967437238,
reward_sparse_789_55eb3af7,reward_sparse,train,305,789,easy,5,5,0.1,0.95,0.05,default,100,10.0,8,1,1,0,0,0.00107640000351239,
reward_sparse_789_55eb3af7,reward_sparse,train,306,789,easy,5,5,0.1,0.95,0.05,default,100,10.0,8,1,1,0,0,0.0010678999969968572,
reward_sparse_789_55eb3af7,reward_sparse,train,307,789,easy,5,5,0.1,0.95,0.05,default,100,10.0,8,1,1,0,0,0.0010827000078279525,
reward_sparse_789_55eb3af7,reward_sparse,train,308,789,easy,5,5,0.1,0.95,0.05,default,100,10.0,8,1,1,0,0,0.0010919999913312495,
reward_sparse_789_55eb3af7,reward_sparse,train,309,789,easy,5,5,0.1,0.95,0.05,default,100,10.0,8,1,1,0,0,0.0010791000095196068,
reward_sparse_789_55eb3af7,reward_sparse,train,310,789,easy,5,5,0.1,0.95,0.05,default,100,10.0,8,1,1,0,0,0.0010137999925063923,
reward_sparse_789_55eb3af7,reward_sparse,train,311,789,easy,5,5,0.1,0.95,0.05,default,100,10.0,8,1,1,0,0,0.0010716000106185675,
reward_sparse_789_55eb3af7,reward_sparse,train,312,789,easy,5,5,0.1,0.95,0.05,default,100,10.0,8,1,1,0,0,0.0010614999919198453,
reward_sparse_789_55eb3af7,reward_sparse,train,313,789,easy,5,5,0.1,0.95,0.05,default,100,10.0,8,1,1,0,0,0.001067500008502975,
reward_sparse_789_55eb3af7,reward_sparse,train,314,789,easy,5,5,0.1,0.95,0.05,default,100,10.0,8,1,1,0,0,0.0010551000013947487,
reward_sparse_789_55eb3af7,reward_sparse,train,315,789,easy,5,5,0.1,0.95,0.05,default,100,10.0,8,1,1,0,0,0.0010756999981822446,
reward_sparse_789_55eb3af7,reward_sparse,train,316,789,easy,5,5,0.1,0.95,0.05,default,100,10.0,8,1,1,0,0,0.0010564999975031242,
reward_sparse_789_55eb3af7,reward_sparse,train,317,789,easy,5,5,0.1,0.95,0.05,default,100,8.0,10,1,1,0,0,0.0012291999883018434,
reward_sparse_789_55eb3af7,reward_sparse,train,318,789,easy,5,5,0.1,0.95,0.05,default,100,10.0,8,1,1,0,0,0.0010353999969083816,
reward_sparse_789_55eb3af7,reward_sparse,train,319,789,easy,5,5,0.1,0.95,0.05,default,100,10.0,8,1,1,0,0,0.001063500007148832,
reward_sparse_789_55eb3af7,reward_sparse,train,320,789,easy,5,5,0.1,0.95,0.05,default,100,10.0,8,1,1,0,0,0.0010749999928520992,
reward_sparse_789_55eb3af7,reward_sparse,train,321,789,easy,5,5,0.1,0.95,0.05,default,100,10.0,10,1,1,0,0,0.001277600007597357,
reward_sparse_789_55eb3af7,reward_sparse,train,322,789,easy,5,5,0.1,0.95,0.05,default,100,10.0,8,1,1,0,0,0.0010900000052060932,
reward_sparse_789_55eb3af7,reward_sparse,train,323,789,easy,5,5,0.1,0.95,0.05,default,100,10.0,8,1,1,0,0,0.0010631000041030347,
reward_sparse_789_55eb3af7,reward_sparse,train,324,789,easy,5,5,0.1,0.95,0.05,default,100,10.0,8,1,1,0,0,0.0010830999963218346,
reward_sparse_789_55eb3af7,reward_sparse,train,325,789,easy,5,5,0.1,0.95,0.05,default,100,10.0,8,1,1,0,0,0.0011138999980175868,
reward_sparse_789_55eb3af7,reward_sparse,train,326,789,easy,5,5,0.1,0.95,0.05,default,100,10.0,8,1,1,0,0,0.001131800003349781,
reward_sparse_789_55eb3af7,reward_sparse,train,327,789,easy,5,5,0.1,0.95,0.05,default,100,10.0,8,1,1,0,0,0.0011094999936176464,
reward_sparse_789_55eb3af7,reward_sparse,train,328,789,easy,5,5,0.1,0.95,0.05,default,100,10.0,8,1,1,0,0,0.0010814000124810264,
reward_sparse_789_55eb3af7,reward_sparse,train,329,789,easy,5,5,0.1,0.95,0.05,default,100,10.0,8,1,1,0,0,0.001086599993868731,
reward_sparse_789_55eb3af7,reward_sparse,train,330,789,easy,5,5,0.1,0.95,0.05,default,100,10.0,8,1,1,0,0,0.0010657000093488023,
reward_sparse_789_55eb3af7,reward_sparse,train,331,789,easy,5,5,0.1,0.95,0.05,default,100,8.0,12,1,1,0,0,0.0014187000051606447,
reward_sparse_789_55eb3af7,reward_sparse,train,332,789,easy,5,5,0.1,0.95,0.05,default,100,10.0,8,1,1,0,0,0.0010743000020738691,
reward_sparse_789_55eb3af7,reward_sparse,train,333,789,easy,5,5,0.1,0.95,0.05,default,100,10.0,8,1,1,0,0,0.001068400000804104,
reward_sparse_789_55eb3af7,reward_sparse,train,334,789,easy,5,5,0.1,0.95,0.05,default,100,10.0,8,1,1,0,0,0.0010811999964062124,
reward_sparse_789_55eb3af7,reward_sparse,train,335,789,easy,5,5,0.1,0.95,0.05,default,100,10.0,8,1,1,0,0,0.0010599000088404864,
reward_sparse_789_55eb3af7,reward_sparse,train,336,789,easy,5,5,0.1,0.95,0.05,default,100,10.0,8,1,1,0,0,0.0010722000006353483,
reward_sparse_789_55eb3af7,reward_sparse,train,337,789,easy,5,5,0.1,0.95,0.05,default,100,10.0,8,1,1,0,0,0.001079800000297837,
reward_sparse_789_55eb3af7,reward_sparse,train,338,789,easy,5,5,0.1,0.95,0.05,default,100,10.0,8,1,1,0,0,0.00121420000505168,
reward_sparse_789_55eb3af7,reward_sparse,train,339,789,easy,5,5,0.1,0.95,0.05,default,100,9.0,9,1,1,0,0,0.0011662000033538789,
reward_sparse_789_55eb3af7,reward_sparse,train,340,789,easy,5,5,0.1,0.95,0.05,default,100,10.0,8,1,1,0,0,0.0010839999886229634,
reward_sparse_789_55eb3af7,reward_sparse,train,341,789,easy,5,5,0.1,0.95,0.05,default,100,10.0,8,1,1,0,0,0.0010328999924240634,
reward_sparse_789_55eb3af7,reward_sparse,train,342,789,easy,5,5,0.1,0.95,0.05,default,100,9.0,9,1,1,0,0,0.0011669999948935583,
reward_sparse_789_55eb3af7,reward_sparse,train,343,789,easy,5,5,0.1,0.95,0.05,default,100,10.0,10,1,1,0,0,0.0012381999986246228,
reward_sparse_789_55eb3af7,reward_sparse,train,344,789,easy,5,5,0.1,0.95,0.05,default,100,10.0,8,1,1,0,0,0.0010856000008061528,
reward_sparse_789_55eb3af7,reward_sparse,train,345,789,easy,5,5,0.1,0.95,0.05,default,100,10.0,8,1,1,0,0,0.0010808000079123303,
reward_sparse_789_55eb3af7,reward_sparse,train,346,789,easy,5,5,0.1,0.95,0.05,default,100,10.0,8,1,1,0,0,0.0011135999957332388,
reward_sparse_789_55eb3af7,reward_sparse,train,347,789,easy,5,5,0.1,0.95,0.05,default,100,9.0,9,1,1,0,0,0.0011617999989539385,
reward_sparse_789_55eb3af7,reward_sparse,train,348,789,easy,5,5,0.1,0.95,0.05,default,100,10.0,8,1,1,0,0,0.0010731999936979264,
reward_sparse_789_55eb3af7,reward_sparse,train,349,789,easy,5,5,0.1,0.95,0.05,default,100,10.0,8,1,1,0,0,0.0010365000052843243,
reward_sparse_789_55eb3af7,reward_sparse,train,350,789,easy,5,5,0.1,0.95,0.05,default,100,10.0,8,1,1,0,0,0.001058900001225993,
reward_sparse_789_55eb3af7,reward_sparse,train,351,789,easy,5,5,0.1,0.95,0.05,default,100,10.0,8,1,1,0,0,0.0010826000070665032,
reward_sparse_789_55eb3af7,reward_sparse,train,352,789,easy,5,5,0.1,0.95,0.05,default,100,10.0,8,1,1,0,0,0.0009711000020615757,
reward_sparse_789_55eb3af7,reward_sparse,train,353,789,easy,5,5,0.1,0.95,0.05,default,100,10.0,8,1,1,0,0,0.0010311999940313399,
reward_sparse_789_55eb3af7,reward_sparse,train,354,789,easy,5,5,0.1,0.95,0.05,default,100,10.0,8,1,1,0,0,0.0010190999892074615,
reward_sparse_789_55eb3af7,reward_sparse,train,355,789,easy,5,5,0.1,0.95,0.05,default,100,10.0,8,1,1,0,0,0.001086299991584383,
reward_sparse_789_55eb3af7,reward_sparse,train,356,789,easy,5,5,0.1,0.95,0.05,default,100,10.0,8,1,1,0,0,0.00107640000351239,
reward_sparse_789_55eb3af7,reward_sparse,train,357,789,easy,5,5,0.1,0.95,0.05,default,100,10.0,8,1,1,0,0,0.0010716999968281016,
reward_sparse_789_55eb3af7,reward_sparse,train,358,789,easy,5,5,0.1,0.95,0.05,default,100,10.0,8,1,1,0,0,0.0011652999965008348,
reward_sparse_789_55eb3af7,reward_sparse,train,359,789,easy,5,5,0.1,0.95,0.05,default,100,10.0,8,1,1,0,0,0.001066900003934279,
reward_sparse_789_55eb3af7,reward_sparse,train,360,789,easy,5,5,0.1,0.95,0.05,default,100,10.0,10,1,1,0,0,0.0012737999932141975,
reward_sparse_789_55eb3af7,reward_sparse,train,361,789,easy,5,5,0.1,0.95,0.05,default,100,10.0,8,1,1,0,0,0.001090299992938526,
reward_sparse_789_55eb3af7,reward_sparse,train,362,789,easy,5,5,0.1,0.95,0.05,default,100,10.0,8,1,1,0,0,0.00114900000335183,
reward_sparse_789_55eb3af7,reward_sparse,train,363,789,easy,5,5,0.1,0.95,0.05,default,100,10.0,8,1,1,0,0,0.0010843000054592267,
reward_sparse_789_55eb3af7,reward_sparse,train,364,789,easy,5,5,0.1,0.95,0.05,default,100,10.0,8,1,1,0,0,0.0010255999950459227,
reward_sparse_789_55eb3af7,reward_sparse,train,365,789,easy,5,5,0.1,0.95,0.05,default,100,10.0,8,1,1,0,0,0.0010777999996207654,
reward_sparse_789_55eb3af7,reward_sparse,train,366,789,easy,5,5,0.1,0.95,0.05,default,100,10.0,8,1,1,0,0,0.0010872000129893422,
reward_sparse_789_55eb3af7,reward_sparse,train,367,789,easy,5,5,0.1,0.95,0.05,default,100,10.0,8,1,1,0,0,0.001101399990147911,
reward_sparse_789_55eb3af7,reward_sparse,train,368,789,easy,5,5,0.1,0.95,0.05,default,100,10.0,10,1,1,0,0,0.0012912999955005944,
reward_sparse_789_55eb3af7,reward_sparse,train,369,789,easy,5,5,0.1,0.95,0.05,default,100,10.0,8,1,1,0,0,0.0010618999949656427,
reward_sparse_789_55eb3af7,reward_sparse,train,370,789,easy,5,5,0.1,0.95,0.05,default,100,10.0,8,1,1,0,0,0.001072700004442595,
reward_sparse_789_55eb3af7,reward_sparse,train,371,789,easy,5,5,0.1,0.95,0.05,default,100,9.0,9,1,1,0,0,0.0011605000036070123,
reward_sparse_789_55eb3af7,reward_sparse,train,372,789,easy,5,5,0.1,0.95,0.05,default,100,10.0,8,1,1,0,0,0.001061999995727092,
reward_sparse_789_55eb3af7,reward_sparse,train,373,789,easy,5,5,0.1,0.95,0.05,default,100,10.0,8,1,1,0,0,0.0010775999980978668,
reward_sparse_789_55eb3af7,reward_sparse,train,374,789,easy,5,5,0.1,0.95,0.05,default,100,10.0,8,1,1,0,0,0.0010820000024978071,
reward_sparse_789_55eb3af7,reward_sparse,train,375,789,easy,5,5,0.1,0.95,0.05,default,100,10.0,10,1,1,0,0,0.0012960000021848828,
reward_sparse_789_55eb3af7,reward_sparse,train,376,789,easy,5,5,0.1,0.95,0.05,default,100,10.0,8,1,1,0,0,0.0010842000046977773,
reward_sparse_789_55eb3af7,reward_sparse,train,377,789,easy,5,5,0.1,0.95,0.05,default,100,10.0,8,1,1,0,0,0.0010787999926833436,
reward_sparse_789_55eb3af7,reward_sparse,train,378,789,easy,5,5,0.1,0.95,0.05,default,100,9.0,9,1,1,0,0,0.0011640000011539087,
reward_sparse_789_55eb3af7,reward_sparse,train,379,789,easy,5,5,0.1,0.95,0.05,default,100,10.0,8,1,1,0,0,0.0010865000076591969,
reward_sparse_789_55eb3af7,reward_sparse,train,380,789,easy,5,5,0.1,0.95,0.05,default,100,10.0,8,1,1,0,0,0.0010968999995384365,
reward_sparse_789_55eb3af7,reward_sparse,train,381,789,easy,5,5,0.1,0.95,0.05,default,100,10.0,8,1,1,0,0,0.0011941999982809648,
reward_sparse_789_55eb3af7,reward_sparse,train,382,789,easy,5,5,0.1,0.95,0.05,default,100,10.0,8,1,1,0,0,0.0011048999876948074,
reward_sparse_789_55eb3af7,reward_sparse,train,383,789,easy,5,5,0.1,0.95,0.05,default,100,10.0,10,1,1,0,0,0.0012901000009151176,
reward_sparse_789_55eb3af7,reward_sparse,train,384,789,easy,5,5,0.1,0.95,0.05,default,100,9.0,9,1,1,0,0,0.0011073999921791255,
reward_sparse_789_55eb3af7,reward_sparse,train,385,789,easy,5,5,0.1,0.95,0.05,default,100,10.0,8,1,1,0,0,0.0010581999958958477,
reward_sparse_789_55eb3af7,reward_sparse,train,386,789,easy,5,5,0.1,0.95,0.05,default,100,9.0,11,1,1,0,0,0.0013431999977910891,
reward_sparse_789_55eb3af7,reward_sparse,train,387,789,easy,5,5,0.1,0.95,0.05,default,100,10.0,10,1,1,0,0,0.0012776999938068911,
reward_sparse_789_55eb3af7,reward_sparse,train,388,789,easy,5,5,0.1,0.95,0.05,default,100,10.0,8,1,1,0,0,0.0010966999980155379,
reward_sparse_789_55eb3af7,reward_sparse,train,389,789,easy,5,5,0.1,0.95,0.05,default,100,10.0,8,1,1,0,0,0.0011070999898947775,
reward_sparse_789_55eb3af7,reward_sparse,train,390,789,easy,5,5,0.1,0.95,0.05,default,100,10.0,8,1,1,0,0,0.0011015000054612756,
reward_sparse_789_55eb3af7,reward_sparse,train,391,789,easy,5,5,0.1,0.95,0.05,default,100,10.0,8,1,1,0,0,0.0010715999960666522,
reward_sparse_789_55eb3af7,reward_sparse,train,392,789,easy,5,5,0.1,0.95,0.05,default,100,10.0,8,1,1,0,0,0.0010495000024093315,
reward_sparse_789_55eb3af7,reward_sparse,train,393,789,easy,5,5,0.1,0.95,0.05,default,100,10.0,10,1,1,0,0,0.0013222999987192452,
reward_sparse_789_55eb3af7,reward_sparse,train,394,789,easy,5,5,0.1,0.95,0.05,default,100,10.0,8,1,1,0,0,0.0010694999946281314,
reward_sparse_789_55eb3af7,reward_sparse,train,395,789,easy,5,5,0.1,0.95,0.05,default,100,10.0,8,1,1,0,0,0.0010532000014791265,
reward_sparse_789_55eb3af7,reward_sparse,train,396,789,easy,5,5,0.1,0.95,0.05,default,100,10.0,8,1,1,0,0,0.0010320000001229346,
reward_sparse_789_55eb3af7,reward_sparse,train,397,789,easy,5,5,0.1,0.95,0.05,default,100,10.0,8,1,1,0,0,0.0010938000050373375,
reward_sparse_789_55eb3af7,reward_sparse,train,398,789,easy,5,5,0.1,0.95,0.05,default,100,10.0,8,1,1,0,0,0.0010187000007135794,
reward_sparse_789_55eb3af7,reward_sparse,train,399,789,easy,5,5,0.1,0.95,0.05,default,100,10.0,8,1,1,0,0,0.0010789999942062423,
reward_sparse_789_55eb3af7,reward_sparse,train,400,789,easy,5,5,0.1,0.95,0.05,default,100,10.0,8,1,1,0,0,0.001065600008587353,results\reward\sparse\seed_789\qtable_ep400.npz
reward_sparse_789_55eb3af7,reward_sparse,train,401,789,easy,5,5,0.1,0.95,0.05,default,100,10.0,10,1,1,0,0,0.0013241999986348674,
reward_sparse_789_55eb3af7,reward_sparse,train,402,789,easy,5,5,0.1,0.95,0.05,default,100,10.0,8,1,1,0,0,0.00109270001121331,
reward_sparse_789_55eb3af7,reward_sparse,train,403,789,easy,5,5,0.1,0.95,0.05,default,100,10.0,8,1,1,0,0,0.0011017999931937084,
reward_sparse_789_55eb3af7,reward_sparse,train,404,789,easy,5,5,0.1,0.95,0.05,default,100,10.0,8,1,1,0,0,0.0010836000001290813,
reward_sparse_789_55eb3af7,reward_sparse,train,405,789,easy,5,5,0.1,0.95,0.05,default,100,9.0,11,1,1,0,0,0.0013402000040514395,
reward_sparse_789_55eb3af7,reward_sparse,train,406,789,easy,5,5,0.1,0.95,0.05,default,100,10.0,8,1,1,0,0,0.001107799995224923,
reward_sparse_789_55eb3af7,reward_sparse,train,407,789,easy,5,5,0.1,0.95,0.05,default,100,10.0,8,1,1,0,0,0.0010752999951364473,
reward_sparse_789_55eb3af7,reward_sparse,train,408,789,easy,5,5,0.1,0.95,0.05,default,100,10.0,8,1,1,0,0,0.0010731000074883923,
reward_sparse_789_55eb3af7,reward_sparse,train,409,789,easy,5,5,0.1,0.95,0.05,default,100,10.0,8,1,1,0,0,0.001059200003510341,
reward_sparse_789_55eb3af7,reward_sparse,train,410,789,easy,5,5,0.1,0.95,0.05,default,100,9.0,9,1,1,0,0,0.001145999995060265,
reward_sparse_789_55eb3af7,reward_sparse,train,411,789,easy,5,5,0.1,0.95,0.05,default,100,10.0,8,1,1,0,0,0.0010572000028332695,
reward_sparse_789_55eb3af7,reward_sparse,train,412,789,easy,5,5,0.1,0.95,0.05,default,100,10.0,8,1,1,0,0,0.0010763000027509406,
reward_sparse_789_55eb3af7,reward_sparse,train,413,789,easy,5,5,0.1,0.95,0.05,default,100,10.0,8,1,1,0,0,0.0010225000005448237,
reward_sparse_789_55eb3af7,reward_sparse,train,414,789,easy,5,5,0.1,0.95,0.05,default,100,10.0,10,1,1,0,0,0.0012811999913537875,
reward_sparse_789_55eb3af7,reward_sparse,train,415,789,easy,5,5,0.1,0.95,0.05,default,100,10.0,8,1,1,0,0,0.001077399996574968,
reward_sparse_789_55eb3af7,reward_sparse,train,416,789,easy,5,5,0.1,0.95,0.05,default,100,10.0,10,1,1,0,0,0.001240400000824593,
reward_sparse_789_55eb3af7,reward_sparse,train,417,789,easy,5,5,0.1,0.95,0.05,default,100,10.0,8,1,1,0,0,0.0010901000059675425,
reward_sparse_789_55eb3af7,reward_sparse,train,418,789,easy,5,5,0.1,0.95,0.05,default,100,10.0,10,1,1,0,0,0.0012465000036172569,
reward_sparse_789_55eb3af7,reward_sparse,train,419,789,easy,5,5,0.1,0.95,0.05,default,100,10.0,8,1,1,0,0,0.0010882999922614545,
reward_sparse_789_55eb3af7,reward_sparse,train,420,789,easy,5,5,0.1,0.95,0.05,default,100,10.0,8,1,1,0,0,0.0010308000055374578,
reward_sparse_789_55eb3af7,reward_sparse,train,421,789,easy,5,5,0.1,0.95,0.05,default,100,10.0,8,1,1,0,0,0.0011063999991165474,
reward_sparse_789_55eb3af7,reward_sparse,train,422,789,easy,5,5,0.1,0.95,0.05,default,100,10.0,8,1,1,0,0,0.0010748000058811158,
reward_sparse_789_55eb3af7,reward_sparse,train,423,789,easy,5,5,0.1,0.95,0.05,default,100,10.0,12,1,1,0,0,0.001488699999754317,
reward_sparse_789_55eb3af7,reward_sparse,train,424,789,easy,5,5,0.1,0.95,0.05,default,100,10.0,8,1,1,0,0,0.0010900999914156273,
reward_sparse_789_55eb3af7,reward_sparse,train,425,789,easy,5,5,0.1,0.95,0.05,default,100,10.0,8,1,1,0,0,0.001070600003004074,
reward_sparse_789_55eb3af7,reward_sparse,train,426,789,easy,5,5,0.1,0.95,0.05,default,100,9.0,11,1,1,0,0,0.0013508999982150272,
reward_sparse_789_55eb3af7,reward_sparse,train,427,789,easy,5,5,0.1,0.95,0.05,default,100,10.0,8,1,1,0,0,0.0010729000059654936,
reward_sparse_789_55eb3af7,reward_sparse,train,428,789,easy,5,5,0.1,0.95,0.05,default,100,10.0,8,1,1,0,0,0.001014599998597987,
reward_sparse_789_55eb3af7,reward_sparse,train,429,789,easy,5,5,0.1,0.95,0.05,default,100,10.0,8,1,1,0,0,0.00107709999429062,
reward_sparse_789_55eb3af7,reward_sparse,train,430,789,easy,5,5,0.1,0.95,0.05,default,100,10.0,8,1,1,0,0,0.0010624999995343387,
reward_sparse_789_55eb3af7,reward_sparse,train,431,789,easy,5,5,0.1,0.95,0.05,default,100,10.0,10,1,1,0,0,0.001276700000744313,
reward_sparse_789_55eb3af7,reward_sparse,train,432,789,easy,5,5,0.1,0.95,0.05,default,100,10.0,8,1,1,0,0,0.0010537999914959073,
reward_sparse_789_55eb3af7,reward_sparse,train,433,789,easy,5,5,0.1,0.95,0.05,default,100,10.0,8,1,1,0,0,0.0010760000004665926,
reward_sparse_789_55eb3af7,reward_sparse,train,434,789,easy,5,5,0.1,0.95,0.05,default,100,10.0,8,1,1,0,0,0.0010528999991947785,
reward_sparse_789_55eb3af7,reward_sparse,train,435,789,easy,5,5,0.1,0.95,0.05,default,100,10.0,8,1,1,0,0,0.0010689999908208847,
reward_sparse_789_55eb3af7,reward_sparse,train,436,789,easy,5,5,0.1,0.95,0.05,default,100,10.0,8,1,1,0,0,0.001062900002580136,
reward_sparse_789_55eb3af7,reward_sparse,train,437,789,easy,5,5,0.1,0.95,0.05,default,100,9.0,9,1,1,0,0,0.0011635999981081113,
reward_sparse_789_55eb3af7,reward_sparse,train,438,789,easy,5,5,0.1,0.95,0.05,default,100,10.0,8,1,1,0,0,0.0010769000073196366,
reward_sparse_789_55eb3af7,reward_sparse,train,439,789,easy,5,5,0.1,0.95,0.05,default,100,10.0,10,1,1,0,0,0.0012416999961715192,
reward_sparse_789_55eb3af7,reward_sparse,train,440,789,easy,5,5,0.1,0.95,0.05,default,100,10.0,8,1,1,0,0,0.0010901000059675425,
reward_sparse_789_55eb3af7,reward_sparse,train,441,789,easy,5,5,0.1,0.95,0.05,default,100,10.0,8,1,1,0,0,0.0011082999990321696,
reward_sparse_789_55eb3af7,reward_sparse,train,442,789,easy,5,5,0.1,0.95,0.05,default,100,10.0,8,1,1,0,0,0.0010867999953916296,
reward_sparse_789_55eb3af7,reward_sparse,train,443,789,easy,5,5,0.1,0.95,0.05,default,100,10.0,8,1,1,0,0,0.0010578999936114997,
reward_sparse_789_55eb3af7,reward_sparse,train,444,789,easy,5,5,0.1,0.95,0.05,default,100,10.0,8,1,1,0,0,0.0010742999875219539,
reward_sparse_789_55eb3af7,reward_sparse,train,445,789,easy,5,5,0.1,0.95,0.05,default,100,10.0,8,1,1,0,0,0.0010854000138351694,
reward_sparse_789_55eb3af7,reward_sparse,train,446,789,easy,5,5,0.1,0.95,0.05,default,100,10.0,8,1,1,0,0,0.0010589999874355271,
reward_sparse_789_55eb3af7,reward_sparse,train,447,789,easy,5,5,0.1,0.95,0.05,default,100,9.0,9,1,1,0,0,0.0011820999934570864,
reward_sparse_789_55eb3af7,reward_sparse,train,448,789,easy,5,5,0.1,0.95,0.05,default,100,10.0,8,1,1,0,0,0.0010660999978426844,
reward_sparse_789_55eb3af7,reward_sparse,train,449,789,easy,5,5,0.1,0.95,0.05,default,100,9.0,9,1,1,0,0,0.0013226000010035932,
reward_sparse_789_55eb3af7,reward_sparse,train,450,789,easy,5,5,0.1,0.95,0.05,default,100,10.0,8,1,1,0,0,0.0011407999991206452,
reward_sparse_789_55eb3af7,reward_sparse,train,451,789,easy,5,5,0.1,0.95,0.05,default,100,9.0,9,1,1,0,0,0.0011690999963320792,
reward_sparse_789_55eb3af7,reward_sparse,train,452,789,easy,5,5,0.1,0.95,0.05,default,100,10.0,8,1,1,0,0,0.0010780000011436641,
reward_sparse_789_55eb3af7,reward_sparse,train,453,789,easy,5,5,0.1,0.95,0.05,default,100,9.0,9,1,1,0,0,0.001122599991504103,
reward_sparse_789_55eb3af7,reward_sparse,train,454,789,easy,5,5,0.1,0.95,0.05,default,100,10.0,8,1,1,0,0,0.0010634000063873827,
reward_sparse_789_55eb3af7,reward_sparse,train,455,789,easy,5,5,0.1,0.95,0.05,default,100,10.0,10,1,1,0,0,0.0013078000047244132,
reward_sparse_789_55eb3af7,reward_sparse,train,456,789,easy,5,5,0.1,0.95,0.05,default,100,10.0,8,1,1,0,0,0.001073999999789521,
reward_sparse_789_55eb3af7,reward_sparse,train,457,789,easy,5,5,0.1,0.95,0.05,default,100,10.0,8,1,1,0,0,0.0010681000130716711,
reward_sparse_789_55eb3af7,reward_sparse,train,458,789,easy,5,5,0.1,0.95,0.05,default,100,10.0,8,1,1,0,0,0.001088100005290471,
reward_sparse_789_55eb3af7,reward_sparse,train,459,789,easy,5,5,0.1,0.95,0.05,default,100,10.0,8,1,1,0,0,0.001031799998600036,
reward_sparse_789_55eb3af7,reward_sparse,train,460,789,easy,5,5,0.1,0.95,0.05,default,100,10.0,8,1,1,0,0,0.0010678999969968572,
reward_sparse_789_55eb3af7,reward_sparse,train,461,789,easy,5,5,0.1,0.95,0.05,default,100,10.0,8,1,1,0,0,0.0010884999937843531,
reward_sparse_789_55eb3af7,reward_sparse,train,462,789,easy,5,5,0.1,0.95,0.05,default,100,10.0,8,1,1,0,0,0.0010833999986061826,
reward_sparse_789_55eb3af7,reward_sparse,train,463,789,easy,5,5,0.1,0.95,0.05,default,100,10.0,8,1,1,0,0,0.0010726000036811456,
reward_sparse_789_55eb3af7,reward_sparse,train,464,789,easy,5,5,0.1,0.95,0.05,default,100,10.0,8,1,1,0,0,0.001113699996494688,
reward_sparse_789_55eb3af7,reward_sparse,train,465,789,easy,5,5,0.1,0.95,0.05,default,100,10.0,10,1,1,0,0,0.001293599998462014,
reward_sparse_789_55eb3af7,reward_sparse,train,466,789,easy,5,5,0.1,0.95,0.05,default,100,10.0,8,1,1,0,0,0.0010630999895511195,
reward_sparse_789_55eb3af7,reward_sparse,train,467,789,easy,5,5,0.1,0.95,0.05,default,100,10.0,8,1,1,0,0,0.0010897000029217452,
reward_sparse_789_55eb3af7,reward_sparse,train,468,789,easy,5,5,0.1,0.95,0.05,default,100,10.0,8,1,1,0,0,0.0010758999997051433,
reward_sparse_789_55eb3af7,reward_sparse,train,469,789,easy,5,5,0.1,0.95,0.05,default,100,10.0,8,1,1,0,0,0.0010844999924302101,
reward_sparse_789_55eb3af7,reward_sparse,train,470,789,easy,5,5,0.1,0.95,0.05,default,100,9.0,9,1,1,0,0,0.0011317000025883317,
reward_sparse_789_55eb3af7,reward_sparse,train,471,789,easy,5,5,0.1,0.95,0.05,default,100,9.0,9,1,1,0,0,0.0011468000011518598,
reward_sparse_789_55eb3af7,reward_sparse,train,472,789,easy,5,5,0.1,0.95,0.05,default,100,10.0,8,1,1,0,0,0.001080100002582185,
reward_sparse_789_55eb3af7,reward_sparse,train,473,789,easy,5,5,0.1,0.95,0.05,default,100,8.0,12,1,1,0,0,0.0014144000015221536,
reward_sparse_789_55eb3af7,reward_sparse,train,474,789,easy,5,5,0.1,0.95,0.05,default,100,10.0,10,1,1,0,0,0.0012626000097952783,
reward_sparse_789_55eb3af7,reward_sparse,train,475,789,easy,5,5,0.1,0.95,0.05,default,100,10.0,8,1,1,0,0,0.001053699990734458,
reward_sparse_789_55eb3af7,reward_sparse,train,476,789,easy,5,5,0.1,0.95,0.05,default,100,9.0,9,1,1,0,0,0.001144699999713339,
reward_sparse_789_55eb3af7,reward_sparse,train,477,789,easy,5,5,0.1,0.95,0.05,default,100,10.0,8,1,1,0,0,0.001077999986591749,
reward_sparse_789_55eb3af7,reward_sparse,train,478,789,easy,5,5,0.1,0.95,0.05,default,100,10.0,8,1,1,0,0,0.0010970000002998859,
reward_sparse_789_55eb3af7,reward_sparse,train,479,789,easy,5,5,0.1,0.95,0.05,default,100,10.0,8,1,1,0,0,0.0010915999882854521,
reward_sparse_789_55eb3af7,reward_sparse,train,480,789,easy,5,5,0.1,0.95,0.05,default,100,10.0,8,1,1,0,0,0.0010527999984333292,
reward_sparse_789_55eb3af7,reward_sparse,train,481,789,easy,5,5,0.1,0.95,0.05,default,100,10.0,8,1,1,0,0,0.0011163999879499897,
reward_sparse_789_55eb3af7,reward_sparse,train,482,789,easy,5,5,0.1,0.95,0.05,default,100,10.0,8,1,1,0,0,0.0010643999994499609,
reward_sparse_789_55eb3af7,reward_sparse,train,483,789,easy,5,5,0.1,0.95,0.05,default,100,9.0,9,1,1,0,0,0.0010974999895552173,
reward_sparse_789_55eb3af7,reward_sparse,train,484,789,easy,5,5,0.1,0.95,0.05,default,100,10.0,8,1,1,0,0,0.0010489999986020848,
reward_sparse_789_55eb3af7,reward_sparse,train,485,789,easy,5,5,0.1,0.95,0.05,default,100,10.0,8,1,1,0,0,0.0010507999977562577,
reward_sparse_789_55eb3af7,reward_sparse,train,486,789,easy,5,5,0.1,0.95,0.05,default,100,10.0,8,1,1,0,0,0.0010137999925063923,
reward_sparse_789_55eb3af7,reward_sparse,train,487,789,easy,5,5,0.1,0.95,0.05,default,100,10.0,8,1,1,0,0,0.0010722000006353483,
reward_sparse_789_55eb3af7,reward_sparse,train,488,789,easy,5,5,0.1,0.95,0.05,default,100,10.0,8,1,1,0,0,0.0010609000019030645,
reward_sparse_789_55eb3af7,reward_sparse,train,489,789,easy,5,5,0.1,0.95,0.05,default,100,10.0,8,1,1,0,0,0.0011280000035185367,
reward_sparse_789_55eb3af7,reward_sparse,train,490,789,easy,5,5,0.1,0.95,0.05,default,100,10.0,8,1,1,0,0,0.0010556999914115295,
reward_sparse_789_55eb3af7,reward_sparse,train,491,789,easy,5,5,0.1,0.95,0.05,default,100,10.0,8,1,1,0,0,0.0010934000019915402,
reward_sparse_789_55eb3af7,reward_sparse,train,492,789,easy,5,5,0.1,0.95,0.05,default,100,10.0,8,1,1,0,0,0.0010744000028353184,
reward_sparse_789_55eb3af7,reward_sparse,train,493,789,easy,5,5,0.1,0.95,0.05,default,100,9.0,11,1,1,0,0,0.0012990999966859818,
reward_sparse_789_55eb3af7,reward_sparse,train,494,789,easy,5,5,0.1,0.95,0.05,default,100,9.0,9,1,1,0,0,0.0011349999986123294,
reward_sparse_789_55eb3af7,reward_sparse,train,495,789,easy,5,5,0.1,0.95,0.05,default,100,10.0,10,1,1,0,0,0.0012302999966777861,
reward_sparse_789_55eb3af7,reward_sparse,train,496,789,easy,5,5,0.1,0.95,0.05,default,100,10.0,10,1,1,0,0,0.0011526000016601756,
reward_sparse_789_55eb3af7,reward_sparse,train,497,789,easy,5,5,0.1,0.95,0.05,default,100,10.0,8,1,1,0,0,0.0010929999989457428,
reward_sparse_789_55eb3af7,reward_sparse,train,498,789,easy,5,5,0.1,0.95,0.05,default,100,10.0,8,1,1,0,0,0.0010509999992791563,
reward_sparse_789_55eb3af7,reward_sparse,train,499,789,easy,5,5,0.1,0.95,0.05,default,100,10.0,10,1,1,0,0,0.00124379999761004,
reward_sparse_789_55eb3af7,reward_sparse,train,500,789,easy,5,5,0.1,0.95,0.05,default,100,10.0,8,1,1,0,0,0.0010482000070624053,
reward_sparse_789_55eb3af7,reward_sparse,train,501,789,easy,5,5,0.1,0.95,0.05,default,100,10.0,8,1,1,0,0,0.0011073999921791255,
reward_sparse_789_55eb3af7,reward_sparse,train,502,789,easy,5,5,0.1,0.95,0.05,default,100,10.0,8,1,1,0,0,0.0010215999936917797,
reward_sparse_789_55eb3af7,reward_sparse,train,503,789,easy,5,5,0.1,0.95,0.05,default,100,10.0,8,1,1,0,0,0.0010809000086737797,
reward_sparse_789_55eb3af7,reward_sparse,train,504,789,easy,5,5,0.1,0.95,0.05,default,100,10.0,8,1,1,0,0,0.0010586999997030944,
reward_sparse_789_55eb3af7,reward_sparse,train,505,789,easy,5,5,0.1,0.95,0.05,default,100,10.0,8,1,1,0,0,0.0010661999986041337,
reward_sparse_789_55eb3af7,reward_sparse,train,506,789,easy,5,5,0.1,0.95,0.05,default,100,10.0,8,1,1,0,0,0.001007500002742745,
reward_sparse_789_55eb3af7,reward_sparse,train,507,789,easy,5,5,0.1,0.95,0.05,default,100,10.0,8,1,1,0,0,0.0010674999939510599,
reward_sparse_789_55eb3af7,reward_sparse,train,508,789,easy,5,5,0.1,0.95,0.05,default,100,10.0,10,1,1,0,0,0.0013078000047244132,
reward_sparse_789_55eb3af7,reward_sparse,train,509,789,easy,5,5,0.1,0.95,0.05,default,100,10.0,8,1,1,0,0,0.0010863000061362982,
reward_sparse_789_55eb3af7,reward_sparse,train,510,789,easy,5,5,0.1,0.95,0.05,default,100,10.0,8,1,1,0,0,0.0010344999900553375,
reward_sparse_789_55eb3af7,reward_sparse,train,511,789,easy,5,5,0.1,0.95,0.05,default,100,10.0,8,1,1,0,0,0.0010461999918334186,
reward_sparse_789_55eb3af7,reward_sparse,train,512,789,easy,5,5,0.1,0.95,0.05,default,100,10.0,8,1,1,0,0,0.00106160000723321,
reward_sparse_789_55eb3af7,reward_sparse,train,513,789,easy,5,5,0.1,0.95,0.05,default,100,10.0,8,1,1,0,0,0.001009999992675148,
reward_sparse_789_55eb3af7,reward_sparse,train,514,789,easy,5,5,0.1,0.95,0.05,default,100,10.0,8,1,1,0,0,0.0010660999978426844,
reward_sparse_789_55eb3af7,reward_sparse,train,515,789,easy,5,5,0.1,0.95,0.05,default,100,10.0,8,1,1,0,0,0.001046899997163564,
reward_sparse_789_55eb3af7,reward_sparse,train,516,789,easy,5,5,0.1,0.95,0.05,default,100,10.0,10,1,1,0,0,0.00120900000911206,
reward_sparse_789_55eb3af7,reward_sparse,train,517,789,easy,5,5,0.1,0.95,0.05,default,100,10.0,8,1,1,0,0,0.0010668000031728297,
reward_sparse_789_55eb3af7,reward_sparse,train,518,789,easy,5,5,0.1,0.95,0.05,default,100,10.0,8,1,1,0,0,0.0010609000019030645,
reward_sparse_789_55eb3af7,reward_sparse,train,519,789,easy,5,5,0.1,0.95,0.05,default,100,10.0,8,1,1,0,0,0.0010483999940333888,
reward_sparse_789_55eb3af7,reward_sparse,train,520,789,easy,5,5,0.1,0.95,0.05,default,100,10.0,10,1,1,0,0,0.001252400004887022,
reward_sparse_789_55eb3af7,reward_sparse,train,521,789,easy,5,5,0.1,0.95,0.05,default,100,9.0,9,1,1,0,0,0.0011775000020861626,
reward_sparse_789_55eb3af7,reward_sparse,train,522,789,easy,5,5,0.1,0.95,0.05,default,100,10.0,8,1,1,0,0,0.001069999998435378,
reward_sparse_789_55eb3af7,reward_sparse,train,523,789,easy,5,5,0.1,0.95,0.05,default,100,9.0,11,1,1,0,0,0.0013437000015983358,
reward_sparse_789_55eb3af7,reward_sparse,train,524,789,easy,5,5,0.1,0.95,0.05,default,100,10.0,10,1,1,0,0,0.001260999997612089,
reward_sparse_789_55eb3af7,reward_sparse,train,525,789,easy,5,5,0.1,0.95,0.05,default,100,10.0,8,1,1,0,0,0.0010609000019030645,
reward_sparse_789_55eb3af7,reward_sparse,train,526,789,easy,5,5,0.1,0.95,0.05,default,100,10.0,10,1,1,0,0,0.0012870000064140186,
reward_sparse_789_55eb3af7,reward_sparse,train,527,789,easy,5,5,0.1,0.95,0.05,default,100,10.0,8,1,1,0,0,0.0010695999953895807,
reward_sparse_789_55eb3af7,reward_sparse,train,528,789,easy,5,5,0.1,0.95,0.05,default,100,10.0,8,1,1,0,0,0.0010763000027509406,
reward_sparse_789_55eb3af7,reward_sparse,train,529,789,easy,5,5,0.1,0.95,0.05,default,100,9.0,9,1,1,0,0,0.0011366999970050529,
reward_sparse_789_55eb3af7,reward_sparse,train,530,789,easy,5,5,0.1,0.95,0.05,default,100,10.0,8,1,1,0,0,0.001073099992936477,
reward_sparse_789_55eb3af7,reward_sparse,train,531,789,easy,5,5,0.1,0.95,0.05,default,100,10.0,8,1,1,0,0,0.0010532999876886606,
reward_sparse_789_55eb3af7,reward_sparse,train,532,789,easy,5,5,0.1,0.95,0.05,default,100,10.0,8,1,1,0,0,0.0010628999880282208,
reward_sparse_789_55eb3af7,reward_sparse,train,533,789,easy,5,5,0.1,0.95,0.05,default,100,10.0,8,1,1,0,0,0.0010527999984333292,
reward_sparse_789_55eb3af7,reward_sparse,train,534,789,easy,5,5,0.1,0.95,0.05,default,100,10.0,8,1,1,0,0,0.0010689000046113506,
reward_sparse_789_55eb3af7,reward_sparse,train,535,789,easy,5,5,0.1,0.95,0.05,default,100,9.0,9,1,1,0,0,0.0011486000003060326,
reward_sparse_789_55eb3af7,reward_sparse,train,536,789,easy,5,5,0.1,0.95,0.05,default,100,10.0,8,1,1,0,0,0.001054599997587502,
reward_sparse_789_55eb3af7,reward_sparse,train,537,789,easy,5,5,0.1,0.95,0.05,default,100,10.0,8,1,1,0,0,0.0010756999981822446,
reward_sparse_789_55eb3af7,reward_sparse,train,538,789,easy,5,5,0.1,0.95,0.05,default,100,10.0,8,1,1,0,0,0.0010527999984333292,
reward_sparse_789_55eb3af7,reward_sparse,train,539,789,easy,5,5,0.1,0.95,0.05,default,100,9.0,9,1,1,0,0,0.0011362999939592555,
reward_sparse_789_55eb3af7,reward_sparse,train,540,789,easy,5,5,0.1,0.95,0.05,default,100,10.0,8,1,1,0,0,0.0011205999908270314,
reward_sparse_789_55eb3af7,reward_sparse,train,541,789,easy,5,5,0.1,0.95,0.05,default,100,10.0,8,1,1,0,0,0.0011155999964103103,
reward_sparse_789_55eb3af7,reward_sparse,train,542,789,easy,5,5,0.1,0.95,0.05,default,100,10.0,10,1,1,0,0,0.001255199997103773,
reward_sparse_789_55eb3af7,reward_sparse,train,543,789,easy,5,5,0.1,0.95,0.05,default,100,10.0,8,1,1,0,0,0.0010746999905677512,
reward_sparse_789_55eb3af7,reward_sparse,train,544,789,easy,5,5,0.1,0.95,0.05,default,100,10.0,8,1,1,0,0,0.0010936000035144389,
reward_sparse_789_55eb3af7,reward_sparse,train,545,789,easy,5,5,0.1,0.95,0.05,default,100,10.0,8,1,1,0,0,0.0010737999982666224,
reward_sparse_789_55eb3af7,reward_sparse,train,546,789,easy,5,5,0.1,0.95,0.05,default,100,10.0,8,1,1,0,0,0.001026900004944764,
reward_sparse_789_55eb3af7,reward_sparse,train,547,789,easy,5,5,0.1,0.95,0.05,default,100,10.0,8,1,1,0,0,0.001070900005288422,
reward_sparse_789_55eb3af7,reward_sparse,train,548,789,easy,5,5,0.1,0.95,0.05,default,100,9.0,13,1,1,0,0,0.0015287999995052814,
reward_sparse_789_55eb3af7,reward_sparse,train,549,789,easy,5,5,0.1,0.95,0.05,default,100,9.0,9,1,1,0,0,0.0011615999974310398,
reward_sparse_789_55eb3af7,reward_sparse,train,550,789,easy,5,5,0.1,0.95,0.05,default,100,10.0,8,1,1,0,0,0.001082899994798936,
reward_sparse_789_55eb3af7,reward_sparse,train,551,789,easy,5,5,0.1,0.95,0.05,default,100,10.0,8,1,1,0,0,0.0010863000061362982,
reward_sparse_789_55eb3af7,reward_sparse,train,552,789,easy,5,5,0.1,0.95,0.05,default,100,10.0,8,1,1,0,0,0.0010580999951343983,
reward_sparse_789_55eb3af7,reward_sparse,train,553,789,easy,5,5,0.1,0.95,0.05,default,100,10.0,8,1,1,0,0,0.0010704000014811754,
reward_sparse_789_55eb3af7,reward_sparse,train,554,789,easy,5,5,0.1,0.95,0.05,default,100,9.0,11,1,1,0,0,0.0015416999958688393,
reward_sparse_789_55eb3af7,reward_sparse,train,555,789,easy,5,5,0.1,0.95,0.05,default,100,10.0,8,1,1,0,0,0.0011267999943811446,
reward_sparse_789_55eb3af7,reward_sparse,train,556,789,easy,5,5,0.1,0.95,0.05,default,100,10.0,8,1,1,0,0,0.001066299999365583,
reward_sparse_789_55eb3af7,reward_sparse,train,557,789,easy,5,5,0.1,0.95,0.05,default,100,10.0,8,1,1,0,0,0.0010637000086717308,
reward_sparse_789_55eb3af7,reward_sparse,train,558,789,easy,5,5,0.1,0.95,0.05,default,100,9.0,9,1,1,0,0,0.0011433000036049634,
reward_sparse_789_55eb3af7,reward_sparse,train,559,789,easy,5,5,0.1,0.95,0.05,default,100,10.0,8,1,1,0,0,0.0010527999984333292,
reward_sparse_789_55eb3af7,reward_sparse,train,560,789,easy,5,5,0.1,0.95,0.05,default,100,10.0,8,1,1,0,0,0.001066600001649931,
reward_sparse_789_55eb3af7,reward_sparse,train,561,789,easy,5,5,0.1,0.95,0.05,default,100,10.0,8,1,1,0,0,0.0010919000051217154,
reward_sparse_789_55eb3af7,reward_sparse,train,562,789,easy,5,5,0.1,0.95,0.05,default,100,10.0,10,1,1,0,0,0.001332400002866052,
reward_sparse_789_55eb3af7,reward_sparse,train,563,789,easy,5,5,0.1,0.95,0.05,default,100,10.0,8,1,1,0,0,0.0010586999997030944,
reward_sparse_789_55eb3af7,reward_sparse,train,564,789,easy,5,5,0.1,0.95,0.05,default,100,10.0,8,1,1,0,0,0.001076799992006272,
reward_sparse_789_55eb3af7,reward_sparse,train,565,789,easy,5,5,0.1,0.95,0.05,default,100,10.0,8,1,1,0,0,0.0010058000043500215,
reward_sparse_789_55eb3af7,reward_sparse,train,566,789,easy,5,5,0.1,0.95,0.05,default,100,10.0,8,1,1,0,0,0.0010782000026665628,
reward_sparse_789_55eb3af7,reward_sparse,train,567,789,easy,5,5,0.1,0.95,0.05,default,100,9.0,9,1,1,0,0,0.0011287999950582162,
reward_sparse_789_55eb3af7,reward_sparse,train,568,789,easy,5,5,0.1,0.95,0.05,default,100,10.0,8,1,1,0,0,0.0010784000041894615,
reward_sparse_789_55eb3af7,reward_sparse,train,569,789,easy,5,5,0.1,0.95,0.05,default,100,10.0,10,1,1,0,0,0.0012705999979516491,
reward_sparse_789_55eb3af7,reward_sparse,train,570,789,easy,5,5,0.1,0.95,0.05,default,100,10.0,8,1,1,0,0,0.0010462000063853338,
reward_sparse_789_55eb3af7,reward_sparse,train,571,789,easy,5,5,0.1,0.95,0.05,default,100,10.0,8,1,1,0,0,0.0010915999882854521,
reward_sparse_789_55eb3af7,reward_sparse,train,572,789,easy,5,5,0.1,0.95,0.05,default,100,10.0,10,1,1,0,0,0.0012448000052245334,
reward_sparse_789_55eb3af7,reward_sparse,train,573,789,easy,5,5,0.1,0.95,0.05,default,100,10.0,10,1,1,0,0,0.001253900001756847,
reward_sparse_789_55eb3af7,reward_sparse,train,574,789,easy,5,5,0.1,0.95,0.05,default,100,10.0,8,1,1,0,0,0.0010660999978426844,
reward_sparse_789_55eb3af7,reward_sparse,train,575,789,easy,5,5,0.1,0.95,0.05,default,100,10.0,8,1,1,0,0,0.001078899993444793,
reward_sparse_789_55eb3af7,reward_sparse,train,576,789,easy,5,5,0.1,0.95,0.05,default,100,10.0,8,1,1,0,0,0.0010605000134091824,
reward_sparse_789_55eb3af7,reward_sparse,train,577,789,easy,5,5,0.1,0.95,0.05,default,100,10.0,8,1,1,0,0,0.0010522999946260825,
reward_sparse_789_55eb3af7,reward_sparse,train,578,789,easy,5,5,0.1,0.95,0.05,default,100,10.0,8,1,1,0,0,0.0010652000055415556,
reward_sparse_789_55eb3af7,reward_sparse,train,579,789,easy,5,5,0.1,0.95,0.05,default,100,10.0,8,1,1,0,0,0.0010460999910719693,
reward_sparse_789_55eb3af7,reward_sparse,train,580,789,easy,5,5,0.1,0.95,0.05,default,100,10.0,10,1,1,0,0,0.0012483000027714297,
reward_sparse_789_55eb3af7,reward_sparse,train,581,789,easy,5,5,0.1,0.95,0.05,default,100,10.0,8,1,1,0,0,0.0010342999885324389,
reward_sparse_789_55eb3af7,reward_sparse,train,582,789,easy,5,5,0.1,0.95,0.05,default,100,10.0,8,1,1,0,0,0.0010719999991124496,
reward_sparse_789_55eb3af7,reward_sparse,train,583,789,easy,5,5,0.1,0.95,0.05,default,100,10.0,8,1,1,0,0,0.0010064999951282516,
reward_sparse_789_55eb3af7,reward_sparse,train,584,789,easy,5,5,0.1,0.95,0.05,default,100,10.0,10,1,1,0,0,0.0012606000091182068,
reward_sparse_789_55eb3af7,reward_sparse,train,585,789,easy,5,5,0.1,0.95,0.05,default,100,10.0,8,1,1,0,0,0.0010479999909875914,
reward_sparse_789_55eb3af7,reward_sparse,train,586,789,easy,5,5,0.1,0.95,0.05,default,100,10.0,8,1,1,0,0,0.0010877000022446737,
reward_sparse_789_55eb3af7,reward_sparse,train,587,789,easy,5,5,0.1,0.95,0.05,default,100,10.0,8,1,1,0,0,0.0010700999991968274,
reward_sparse_789_55eb3af7,reward_sparse,train,588,789,easy,5,5,0.1,0.95,0.05,default,100,10.0,8,1,1,0,0,0.0010543999960646033,
reward_sparse_789_55eb3af7,reward_sparse,train,589,789,easy,5,5,0.1,0.95,0.05,default,100,10.0,8,1,1,0,0,0.0010706999892136082,
reward_sparse_789_55eb3af7,reward_sparse,train,590,789,easy,5,5,0.1,0.95,0.05,default,100,10.0,8,1,1,0,0,0.001050899998517707,
reward_sparse_789_55eb3af7,reward_sparse,train,591,789,easy,5,5,0.1,0.95,0.05,default,100,10.0,8,1,1,0,0,0.001073399995220825,
reward_sparse_789_55eb3af7,reward_sparse,train,592,789,easy,5,5,0.1,0.95,0.05,default,100,9.0,9,1,1,0,0,0.001090599995222874,
reward_sparse_789_55eb3af7,reward_sparse,train,593,789,easy,5,5,0.1,0.95,0.05,default,100,10.0,10,1,1,0,0,0.0013074000016786158,
reward_sparse_789_55eb3af7,reward_sparse,train,594,789,easy,5,5,0.1,0.95,0.05,default,100,10.0,10,1,1,0,0,0.0012589999969350174,
reward_sparse_789_55eb3af7,reward_sparse,train,595,789,easy,5,5,0.1,0.95,0.05,default,100,10.0,8,1,1,0,0,0.00109119999979157,
reward_sparse_789_55eb3af7,reward_sparse,train,596,789,easy,5,5,0.1,0.95,0.05,default,100,10.0,8,1,1,0,0,0.0010691000061342493,
reward_sparse_789_55eb3af7,reward_sparse,train,597,789,easy,5,5,0.1,0.95,0.05,default,100,10.0,8,1,1,0,0,0.0010562999959802255,
reward_sparse_789_55eb3af7,reward_sparse,train,598,789,easy,5,5,0.1,0.95,0.05,default,100,10.0,8,1,1,0,0,0.0010651000047801062,
reward_sparse_789_55eb3af7,reward_sparse,train,599,789,easy,5,5,0.1,0.95,0.05,default,100,9.0,11,1,1,0,0,0.001309300001594238,
reward_sparse_789_55eb3af7,reward_sparse,train,600,789,easy,5,5,0.1,0.95,0.05,default,100,9.0,9,1,1,0,0,0.0011412000021664426,results\reward\sparse\seed_789\qtable_ep600.npz
reward_sparse_789_55eb3af7,reward_sparse,train,601,789,easy,5,5,0.1,0.95,0.05,default,100,10.0,8,1,1,0,0,0.0011057999945478514,
reward_sparse_789_55eb3af7,reward_sparse,train,602,789,easy,5,5,0.1,0.95,0.05,default,100,10.0,8,1,1,0,0,0.0010997999925166368,
reward_sparse_789_55eb3af7,reward_sparse,train,603,789,easy,5,5,0.1,0.95,0.05,default,100,10.0,8,1,1,0,0,0.001101399990147911,
reward_sparse_789_55eb3af7,reward_sparse,train,604,789,easy,5,5,0.1,0.95,0.05,default,100,10.0,8,1,1,0,0,0.0010668000031728297,
reward_sparse_789_55eb3af7,reward_sparse,train,605,789,easy,5,5,0.1,0.95,0.05,default,100,10.0,8,1,1,0,0,0.0010742999875219539,
reward_sparse_789_55eb3af7,reward_sparse,train,606,789,easy,5,5,0.1,0.95,0.05,default,100,10.0,8,1,1,0,0,0.0010651000047801062,
reward_sparse_789_55eb3af7,reward_sparse,train,607,789,easy,5,5,0.1,0.95,0.05,default,100,10.0,8,1,1,0,0,0.0010983000101987273,
reward_sparse_789_55eb3af7,reward_sparse,train,608,789,easy,5,5,0.1,0.95,0.05,default,100,10.0,8,1,1,0,0,0.0010728000052040443,
reward_sparse_789_55eb3af7,reward_sparse,train,609,789,easy,5,5,0.1,0.95,0.05,default,100,10.0,8,1,1,0,0,0.001029699997161515,
reward_sparse_789_55eb3af7,reward_sparse,train,610,789,easy,5,5,0.1,0.95,0.05,default,100,10.0,8,1,1,0,0,0.0010624000133248046,
reward_sparse_789_55eb3af7,reward_sparse,train,611,789,easy,5,5,0.1,0.95,0.05,default,100,10.0,8,1,1,0,0,0.0010786999919218943,
reward_sparse_789_55eb3af7,reward_sparse,train,612,789,easy,5,5,0.1,0.95,0.05,default,100,10.0,8,1,1,0,0,0.001055200002156198,
reward_sparse_789_55eb3af7,reward_sparse,train,613,789,easy,5,5,0.1,0.95,0.05,default,100,10.0,10,1,1,0,0,0.0012519000010797754,
reward_sparse_789_55eb3af7,reward_sparse,train,614,789,easy,5,5,0.1,0.95,0.05,default,100,10.0,8,1,1,0,0,0.0010268000041833147,
reward_sparse_789_55eb3af7,reward_sparse,train,615,789,easy,5,5,0.1,0.95,0.05,default,100,10.0,8,1,1,0,0,0.0010633000056259334,
reward_sparse_789_55eb3af7,reward_sparse,train,616,789,easy,5,5,0.1,0.95,0.05,default,100,10.0,8,1,1,0,0,0.0010677999962354079,
reward_sparse_789_55eb3af7,reward_sparse,train,617,789,easy,5,5,0.1,0.95,0.05,default,100,9.0,9,1,1,0,0,0.0011200000008102506,
reward_sparse_789_55eb3af7,reward_sparse,train,618,789,easy,5,5,0.1,0.95,0.05,default,100,10.0,8,1,1,0,0,0.001091500002075918,
reward_sparse_789_55eb3af7,reward_sparse,train,619,789,easy,5,5,0.1,0.95,0.05,default,100,9.0,9,1,1,0,0,0.001079800000297837,
reward_sparse_789_55eb3af7,reward_sparse,train,620,789,easy,5,5,0.1,0.95,0.05,default,100,10.0,8,1,1,0,0,0.0010283000010531396,
reward_sparse_789_55eb3af7,reward_sparse,train,621,789,easy,5,5,0.1,0.95,0.05,default,100,10.0,10,1,1,0,0,0.0012764999992214143,
reward_sparse_789_55eb3af7,reward_sparse,train,622,789,easy,5,5,0.1,0.95,0.05,default,100,10.0,8,1,1,0,0,0.0010817000002134591,
reward_sparse_789_55eb3af7,reward_sparse,train,623,789,easy,5,5,0.1,0.95,0.05,default,100,10.0,8,1,1,0,0,0.0010802000033436343,
reward_sparse_789_55eb3af7,reward_sparse,train,624,789,easy,5,5,0.1,0.95,0.05,default,100,10.0,8,1,1,0,0,0.0010707000037655234,
reward_sparse_789_55eb3af7,reward_sparse,train,625,789,easy,5,5,0.1,0.95,0.05,default,100,10.0,8,1,1,0,0,0.0011961999989580363,
reward_sparse_789_55eb3af7,reward_sparse,train,626,789,easy,5,5,0.1,0.95,0.05,default,100,10.0,10,1,1,0,0,0.0012691000010818243,
reward_sparse_789_55eb3af7,reward_sparse,train,627,789,easy,5,5,0.1,0.95,0.05,default,100,10.0,8,1,1,0,0,0.0011040999961551279,
reward_sparse_789_55eb3af7,reward_sparse,train,628,789,easy,5,5,0.1,0.95,0.05,default,100,10.0,8,1,1,0,0,0.001062900002580136,
reward_sparse_789_55eb3af7,reward_sparse,train,629,789,easy,5,5,0.1,0.95,0.05,default,100,10.0,8,1,1,0,0,0.0010449999972479418,
reward_sparse_789_55eb3af7,reward_sparse,train,630,789,easy,5,5,0.1,0.95,0.05,default,100,10.0,8,1,1,0,0,0.0010993000032613054,
reward_sparse_789_55eb3af7,reward_sparse,train,631,789,easy,5,5,0.1,0.95,0.05,default,100,10.0,8,1,1,0,0,0.0010951000003842637,
reward_sparse_789_55eb3af7,reward_sparse,train,632,789,easy,5,5,0.1,0.95,0.05,default,100,10.0,8,1,1,0,0,0.0010567999997874722,
reward_sparse_789_55eb3af7,reward_sparse,train,633,789,easy,5,5,0.1,0.95,0.05,default,100,9.0,9,1,1,0,0,0.0011526000016601756,
reward_sparse_789_55eb3af7,reward_sparse,train,634,789,easy,5,5,0.1,0.95,0.05,default,100,10.0,8,1,1,0,0,0.0010738999990280718,
reward_sparse_789_55eb3af7,reward_sparse,train,635,789,easy,5,5,0.1,0.95,0.05,default,100,9.0,11,1,1,0,0,0.0013209000026108697,
reward_sparse_789_55eb3af7,reward_sparse,train,636,789,easy,5,5,0.1,0.95,0.05,default,100,10.0,8,1,1,0,0,0.0012473999959183857,
reward_sparse_789_55eb3af7,reward_sparse,train,637,789,easy,5,5,0.1,0.95,0.05,default,100,10.0,8,1,1,0,0,0.001100400011637248,
reward_sparse_789_55eb3af7,reward_sparse,train,638,789,easy,5,5,0.1,0.95,0.05,default,100,10.0,8,1,1,0,0,0.0011685999925248325,
reward_sparse_789_55eb3af7,reward_sparse,train,639,789,easy,5,5,0.1,0.95,0.05,default,100,10.0,8,1,1,0,0,0.0010864000068977475,
reward_sparse_789_55eb3af7,reward_sparse,train,640,789,easy,5,5,0.1,0.95,0.05,default,100,10.0,10,1,1,0,0,0.0012056999985361472,
reward_sparse_789_55eb3af7,reward_sparse,train,641,789,easy,5,5,0.1,0.95,0.05,default,100,10.0,8,1,1,0,0,0.001113900012569502,
reward_sparse_789_55eb3af7,reward_sparse,train,642,789,easy,5,5,0.1,0.95,0.05,default,100,10.0,8,1,1,0,0,0.0010726000036811456,
reward_sparse_789_55eb3af7,reward_sparse,train,643,789,easy,5,5,0.1,0.95,0.05,default,100,10.0,10,1,1,0,0,0.0013054000010015443,
reward_sparse_789_55eb3af7,reward_sparse,train,644,789,easy,5,5,0.1,0.95,0.05,default,100,9.0,9,1,1,0,0,0.001145300004282035,
reward_sparse_789_55eb3af7,reward_sparse,train,645,789,easy,5,5,0.1,0.95,0.05,default,100,10.0,8,1,1,0,0,0.0010999999940395355,
reward_sparse_789_55eb3af7,reward_sparse,train,646,789,easy,5,5,0.1,0.95,0.05,default,100,10.0,8,1,1,0,0,0.0010762000019894913,
reward_sparse_789_55eb3af7,reward_sparse,train,647,789,easy,5,5,0.1,0.95,0.05,default,100,10.0,8,1,1,0,0,0.001067200006218627,
reward_sparse_789_55eb3af7,reward_sparse,train,648,789,easy,5,5,0.1,0.95,0.05,default,100,10.0,8,1,1,0,0,0.0011042999976780266,
reward_sparse_789_55eb3af7,reward_sparse,train,649,789,easy,5,5,0.1,0.95,0.05,default,100,10.0,8,1,1,0,0,0.0010723000013967976,
reward_sparse_789_55eb3af7,reward_sparse,train,650,789,easy,5,5,0.1,0.95,0.05,default,100,10.0,8,1,1,0,0,0.0010790999949676916,
reward_sparse_789_55eb3af7,reward_sparse,train,651,789,easy,5,5,0.1,0.95,0.05,default,100,10.0,8,1,1,0,0,0.0010781000019051135,
reward_sparse_789_55eb3af7,reward_sparse,train,652,789,easy,5,5,0.1,0.95,0.05,default,100,10.0,8,1,1,0,0,0.0010683000000426546,
reward_sparse_789_55eb3af7,reward_sparse,train,653,789,easy,5,5,0.1,0.95,0.05,default,100,9.0,11,1,1,0,0,0.0013198000087868422,
reward_sparse_789_55eb3af7,reward_sparse,train,654,789,easy,5,5,0.1,0.95,0.05,default,100,10.0,8,1,1,0,0,0.00103339999623131,
reward_sparse_789_55eb3af7,reward_sparse,train,655,789,easy,5,5,0.1,0.95,0.05,default,100,10.0,8,1,1,0,0,0.0010849000100279227,
reward_sparse_789_55eb3af7,reward_sparse,train,656,789,easy,5,5,0.1,0.95,0.05,default,100,10.0,8,1,1,0,0,0.0010860999900614843,
reward_sparse_789_55eb3af7,reward_sparse,train,657,789,easy,5,5,0.1,0.95,0.05,default,100,9.0,9,1,1,0,0,0.0011640000011539087,
reward_sparse_789_55eb3af7,reward_sparse,train,658,789,easy,5,5,0.1,0.95,0.05,default,100,10.0,8,1,1,0,0,0.001066900003934279,
reward_sparse_789_55eb3af7,reward_sparse,train,659,789,easy,5,5,0.1,0.95,0.05,default,100,10.0,8,1,1,0,0,0.0010709999914979562,
reward_sparse_789_55eb3af7,reward_sparse,train,660,789,easy,5,5,0.1,0.95,0.05,default,100,10.0,10,1,1,0,0,0.0012428000045474619,
reward_sparse_789_55eb3af7,reward_sparse,train,661,789,easy,5,5,0.1,0.95,0.05,default,100,10.0,8,1,1,0,0,0.00108380000165198,
reward_sparse_789_55eb3af7,reward_sparse,train,662,789,easy,5,5,0.1,0.95,0.05,default,100,10.0,8,1,1,0,0,0.0010668000031728297,
reward_sparse_789_55eb3af7,reward_sparse,train,663,789,easy,5,5,0.1,0.95,0.05,default,100,10.0,8,1,1,0,0,0.0010907999967457727,
reward_sparse_789_55eb3af7,reward_sparse,train,664,789,easy,5,5,0.1,0.95,0.05,default,100,9.0,9,1,1,0,0,0.0011620000004768372,
reward_sparse_789_55eb3af7,reward_sparse,train,665,789,easy,5,5,0.1,0.95,0.05,default,100,10.0,8,1,1,0,0,0.0010668000031728297,
reward_sparse_789_55eb3af7,reward_sparse,train,666,789,easy,5,5,0.1,0.95,0.05,default,100,9.0,9,1,1,0,0,0.0011509000032674521,
reward_sparse_789_55eb3af7,reward_sparse,train,667,789,easy,5,5,0.1,0.95,0.05,default,100,10.0,8,1,1,0,0,0.0010584999981801957,
reward_sparse_789_55eb3af7,reward_sparse,train,668,789,easy,5,5,0.1,0.95,0.05,default,100,10.0,8,1,1,0,0,0.0010795999987749383,
reward_sparse_789_55eb3af7,reward_sparse,train,669,789,easy,5,5,0.1,0.95,0.05,default,100,10.0,8,1,1,0,0,0.0010847999947145581,
reward_sparse_789_55eb3af7,reward_sparse,train,670,789,easy,5,5,0.1,0.95,0.05,default,100,9.0,9,1,1,0,0,0.0011018000077456236,
reward_sparse_789_55eb3af7,reward_sparse,train,671,789,easy,5,5,0.1,0.95,0.05,default,100,10.0,8,1,1,0,0,0.001080400004866533,
reward_sparse_789_55eb3af7,reward_sparse,train,672,789,easy,5,5,0.1,0.95,0.05,default,100,10.0,8,1,1,0,0,0.0011230999953113496,
reward_sparse_789_55eb3af7,reward_sparse,train,673,789,easy,5,5,0.1,0.95,0.05,default,100,10.0,8,1,1,0,0,0.001073999999789521,
reward_sparse_789_55eb3af7,reward_sparse,train,674,789,easy,5,5,0.1,0.95,0.05,default,100,10.0,8,1,1,0,0,0.0011063999991165474,
reward_sparse_789_55eb3af7,reward_sparse,train,675,789,easy,5,5,0.1,0.95,0.05,default,100,10.0,12,1,1,0,0,0.0014058999950066209,
reward_sparse_789_55eb3af7,reward_sparse,train,676,789,easy,5,5,0.1,0.95,0.05,default,100,10.0,8,1,1,0,0,0.0010506999969948083,
reward_sparse_789_55eb3af7,reward_sparse,train,677,789,easy,5,5,0.1,0.95,0.05,default,100,9.0,9,1,1,0,0,0.0011621000012382865,
reward_sparse_789_55eb3af7,reward_sparse,train,678,789,easy,5,5,0.1,0.95,0.05,default,100,10.0,8,1,1,0,0,0.0010620999964885414,
reward_sparse_789_55eb3af7,reward_sparse,train,679,789,easy,5,5,0.1,0.95,0.05,default,100,10.0,8,1,1,0,0,0.0010738999990280718,
reward_sparse_789_55eb3af7,reward_sparse,train,680,789,easy,5,5,0.1,0.95,0.05,default,100,10.0,8,1,1,0,0,0.0010566999990260229,
reward_sparse_789_55eb3af7,reward_sparse,train,681,789,easy,5,5,0.1,0.95,0.05,default,100,10.0,8,1,1,0,0,0.0011005999986082315,
reward_sparse_789_55eb3af7,reward_sparse,train,682,789,easy,5,5,0.1,0.95,0.05,default,100,9.0,9,1,1,0,0,0.001171800002339296,
reward_sparse_789_55eb3af7,reward_sparse,train,683,789,easy,5,5,0.1,0.95,0.05,default,100,9.0,9,1,1,0,0,0.0010928999981842935,
reward_sparse_789_55eb3af7,reward_sparse,train,684,789,easy,5,5,0.1,0.95,0.05,default,100,9.0,9,1,1,0,0,0.001159499995992519,
reward_sparse_789_55eb3af7,reward_sparse,train,685,789,easy,5,5,0.1,0.95,0.05,default,100,8.0,10,1,1,0,0,0.0012313000042922795,
reward_sparse_789_55eb3af7,reward_sparse,train,686,789,easy,5,5,0.1,0.95,0.05,default,100,10.0,8,1,1,0,0,0.0010752999951364473,
reward_sparse_789_55eb3af7,reward_sparse,train,687,789,easy,5,5,0.1,0.95,0.05,default,100,10.0,8,1,1,0,0,0.001072400002158247,
reward_sparse_789_55eb3af7,reward_sparse,train,688,789,easy,5,5,0.1,0.95,0.05,default,100,10.0,8,1,1,0,0,0.0010776999988593161,
reward_sparse_789_55eb3af7,reward_sparse,train,689,789,easy,5,5,0.1,0.95,0.05,default,100,10.0,8,1,1,0,0,0.0010799000010592863,
reward_sparse_789_55eb3af7,reward_sparse,train,690,789,easy,5,5,0.1,0.95,0.05,default,100,9.0,9,1,1,0,0,0.0011319000041112304,
reward_sparse_789_55eb3af7,reward_sparse,train,691,789,easy,5,5,0.1,0.95,0.05,default,100,10.0,8,1,1,0,0,0.001067200006218627,
reward_sparse_789_55eb3af7,reward_sparse,train,692,789,easy,5,5,0.1,0.95,0.05,default,100,10.0,8,1,1,0,0,0.0010891999991144985,
reward_sparse_789_55eb3af7,reward_sparse,train,693,789,easy,5,5,0.1,0.95,0.05,default,100,10.0,8,1,1,0,0,0.0010504999954719096,
reward_sparse_789_55eb3af7,reward_sparse,train,694,789,easy,5,5,0.1,0.95,0.05,default,100,10.0,8,1,1,0,0,0.001053999993018806,
reward_sparse_789_55eb3af7,reward_sparse,train,695,789,easy,5,5,0.1,0.95,0.05,default,100,10.0,8,1,1,0,0,0.0010386999929323792,
reward_sparse_789_55eb3af7,reward_sparse,train,696,789,easy,5,5,0.1,0.95,0.05,default,100,10.0,8,1,1,0,0,0.0010479000047780573,
reward_sparse_789_55eb3af7,reward_sparse,train,697,789,easy,5,5,0.1,0.95,0.05,default,100,10.0,8,1,1,0,0,0.0010762000019894913,
reward_sparse_789_55eb3af7,reward_sparse,train,698,789,easy,5,5,0.1,0.95,0.05,default,100,10.0,10,1,1,0,0,0.001240400000824593,
reward_sparse_789_55eb3af7,reward_sparse,train,699,789,easy,5,5,0.1,0.95,0.05,default,100,10.0,8,1,1,0,0,0.0010633999918354675,
reward_sparse_789_55eb3af7,reward_sparse,train,700,789,easy,5,5,0.1,0.95,0.05,default,100,10.0,8,1,1,0,0,0.0010476999887032434,
reward_sparse_789_55eb3af7,reward_sparse,train,701,789,easy,5,5,0.1,0.95,0.05,default,100,10.0,8,1,1,0,0,0.001104399998439476,
reward_sparse_789_55eb3af7,reward_sparse,train,702,789,easy,5,5,0.1,0.95,0.05,default,100,10.0,8,1,1,0,0,0.0010864999931072816,
reward_sparse_789_55eb3af7,reward_sparse,train,703,789,easy,5,5,0.1,0.95,0.05,default,100,10.0,8,1,1,0,0,0.0010766000050352886,
reward_sparse_789_55eb3af7,reward_sparse,train,704,789,easy,5,5,0.1,0.95,0.05,default,100,9.0,9,1,1,0,0,0.0011518999963300303,
reward_sparse_789_55eb3af7,reward_sparse,train,705,789,easy,5,5,0.1,0.95,0.05,default,100,10.0,8,1,1,0,0,0.0010633999918354675,
reward_sparse_789_55eb3af7,reward_sparse,train,706,789,easy,5,5,0.1,0.95,0.05,default,100,10.0,8,1,1,0,0,0.0010503000085009262,
reward_sparse_789_55eb3af7,reward_sparse,train,707,789,easy,5,5,0.1,0.95,0.05,default,100,10.0,10,1,1,0,0,0.0012648999982047826,
reward_sparse_789_55eb3af7,reward_sparse,train,708,789,easy,5,5,0.1,0.95,0.05,default,100,10.0,8,1,1,0,0,0.0010817000002134591,
reward_sparse_789_55eb3af7,reward_sparse,train,709,789,easy,5,5,0.1,0.95,0.05,default,100,10.0,8,1,1,0,0,0.001061699993442744,
reward_sparse_789_55eb3af7,reward_sparse,train,710,789,easy,5,5,0.1,0.95,0.05,default,100,10.0,8,1,1,0,0,0.0011449000012362376,
reward_sparse_789_55eb3af7,reward_sparse,train,711,789,easy,5,5,0.1,0.95,0.05,default,100,10.0,8,1,1,0,0,0.0010823000047821552,
reward_sparse_789_55eb3af7,reward_sparse,train,712,789,easy,5,5,0.1,0.95,0.05,default,100,9.0,9,1,1,0,0,0.001148399998783134,
reward_sparse_789_55eb3af7,reward_sparse,train,713,789,easy,5,5,0.1,0.95,0.05,default,100,10.0,8,1,1,0,0,0.0010840000031748787,
reward_sparse_789_55eb3af7,reward_sparse,train,714,789,easy,5,5,0.1,0.95,0.05,default,100,10.0,8,1,1,0,0,0.0010528999991947785,
reward_sparse_789_55eb3af7,reward_sparse,train,715,789,easy,5,5,0.1,0.95,0.05,default,100,8.0,10,1,1,0,0,0.0012366000009933487,
reward_sparse_789_55eb3af7,reward_sparse,train,716,789,easy,5,5,0.1,0.95,0.05,default,100,9.0,9,1,1,0,0,0.0011226000060560182,
reward_sparse_789_55eb3af7,reward_sparse,train,717,789,easy,5,5,0.1,0.95,0.05,default,100,10.0,8,1,1,0,0,0.0011017999931937084,
reward_sparse_789_55eb3af7,reward_sparse,train,718,789,easy,5,5,0.1,0.95,0.05,default,100,10.0,8,1,1,0,0,0.0010584999981801957,
reward_sparse_789_55eb3af7,reward_sparse,train,719,789,easy,5,5,0.1,0.95,0.05,default,100,10.0,8,1,1,0,0,0.0010685000015655532,
reward_sparse_789_55eb3af7,reward_sparse,train,720,789,easy,5,5,0.1,0.95,0.05,default,100,9.0,9,1,1,0,0,0.0011401999945519492,
reward_sparse_789_55eb3af7,reward_sparse,train,721,789,easy,5,5,0.1,0.95,0.05,default,100,10.0,8,1,1,0,0,0.001099200002499856,
reward_sparse_789_55eb3af7,reward_sparse,train,722,789,easy,5,5,0.1,0.95,0.05,default,100,10.0,8,1,1,0,0,0.0010574999905657023,
reward_sparse_789_55eb3af7,reward_sparse,train,723,789,easy,5,5,0.1,0.95,0.05,default,100,10.0,8,1,1,0,0,0.0010710999922594056,
reward_sparse_789_55eb3af7,reward_sparse,train,724,789,easy,5,5,0.1,0.95,0.05,default,100,10.0,10,1,1,0,0,0.0012700999941444024,
reward_sparse_789_55eb3af7,reward_sparse,train,725,789,easy,5,5,0.1,0.95,0.05,default,100,9.0,9,1,1,0,0,0.001143500005127862,
reward_sparse_789_55eb3af7,reward_sparse,train,726,789,easy,5,5,0.1,0.95,0.05,default,100,10.0,8,1,1,0,0,0.0010335999977542087,
reward_sparse_789_55eb3af7,reward_sparse,train,727,789,easy,5,5,0.1,0.95,0.05,default,100,9.0,9,1,1,0,0,0.0011460999958217144,
reward_sparse_789_55eb3af7,reward_sparse,train,728,789,easy,5,5,0.1,0.95,0.05,default,100,10.0,10,1,1,0,0,0.001346500008367002,
reward_sparse_789_55eb3af7,reward_sparse,train,729,789,easy,5,5,0.1,0.95,0.05,default,100,9.0,9,1,1,0,0,0.001113999998779036,
reward_sparse_789_55eb3af7,reward_sparse,train,730,789,easy,5,5,0.1,0.95,0.05,default,100,10.0,8,1,1,0,0,0.0010584999981801957,
reward_sparse_789_55eb3af7,reward_sparse,train,731,789,easy,5,5,0.1,0.95,0.05,default,100,10.0,10,1,1,0,0,0.001262200006749481,
reward_sparse_789_55eb3af7,reward_sparse,train,732,789,easy,5,5,0.1,0.95,0.05,default,100,10.0,8,1,1,0,0,0.0010828000085894018,
reward_sparse_789_55eb3af7,reward_sparse,train,733,789,easy,5,5,0.1,0.95,0.05,default,100,10.0,8,1,1,0,0,0.0009892999951262027,
reward_sparse_789_55eb3af7,reward_sparse,train,734,789,easy,5,5,0.1,0.95,0.05,default,100,10.0,8,1,1,0,0,0.0010655000078259036,
reward_sparse_789_55eb3af7,reward_sparse,train,735,789,easy,5,5,0.1,0.95,0.05,default,100,10.0,8,1,1,0,0,0.0010817000002134591,
reward_sparse_789_55eb3af7,reward_sparse,train,736,789,easy,5,5,0.1,0.95,0.05,default,100,10.0,8,1,1,0,0,0.0010762000019894913,
reward_sparse_789_55eb3af7,reward_sparse,train,737,789,easy,5,5,0.1,0.95,0.05,default,100,10.0,8,1,1,0,0,0.0010221999982604757,
reward_sparse_789_55eb3af7,reward_sparse,train,738,789,easy,5,5,0.1,0.95,0.05,default,100,10.0,8,1,1,0,0,0.0010372999968240038,
reward_sparse_789_55eb3af7,reward_sparse,train,739,789,easy,5,5,0.1,0.95,0.05,default,100,9.0,9,1,1,0,0,0.0011285000073257834,
reward_sparse_789_55eb3af7,reward_sparse,train,740,789,easy,5,5,0.1,0.95,0.05,default,100,9.0,11,1,1,0,0,0.001328700003796257,
reward_sparse_789_55eb3af7,reward_sparse,train,741,789,easy,5,5,0.1,0.95,0.05,default,100,10.0,8,1,1,0,0,0.0010932000004686415,
reward_sparse_789_55eb3af7,reward_sparse,train,742,789,easy,5,5,0.1,0.95,0.05,default,100,10.0,8,1,1,0,0,0.0011134000087622553,
reward_sparse_789_55eb3af7,reward_sparse,train,743,789,easy,5,5,0.1,0.95,0.05,default,100,10.0,10,1,1,0,0,0.0012743000115733594,
reward_sparse_789_55eb3af7,reward_sparse,train,744,789,easy,5,5,0.1,0.95,0.05,default,100,10.0,8,1,1,0,0,0.0010928999981842935,
reward_sparse_789_55eb3af7,reward_sparse,train,745,789,easy,5,5,0.1,0.95,0.05,default,100,9.0,9,1,1,0,0,0.0012303999974392354,
reward_sparse_789_55eb3af7,reward_sparse,train,746,789,easy,5,5,0.1,0.95,0.05,default,100,10.0,8,1,1,0,0,0.0010716999968281016,
reward_sparse_789_55eb3af7,reward_sparse,train,747,789,easy,5,5,0.1,0.95,0.05,default,100,10.0,10,1,1,0,0,0.0012751000031130388,
reward_sparse_789_55eb3af7,reward_sparse,train,748,789,easy,5,5,0.1,0.95,0.05,default,100,10.0,8,1,1,0,0,0.001063200004864484,
reward_sparse_789_55eb3af7,reward_sparse,train,749,789,easy,5,5,0.1,0.95,0.05,default,100,10.0,8,1,1,0,0,0.001073699997505173,
reward_sparse_789_55eb3af7,reward_sparse,train,750,789,easy,5,5,0.1,0.95,0.05,default,100,10.0,8,1,1,0,0,0.0010686999885365367,
reward_sparse_789_55eb3af7,reward_sparse,train,751,789,easy,5,5,0.1,0.95,0.05,default,100,10.0,8,1,1,0,0,0.0010837000008905306,
reward_sparse_789_55eb3af7,reward_sparse,train,752,789,easy,5,5,0.1,0.95,0.05,default,100,9.0,9,1,1,0,0,0.0011492999910842627,
reward_sparse_789_55eb3af7,reward_sparse,train,753,789,easy,5,5,0.1,0.95,0.05,default,100,10.0,10,1,1,0,0,0.0013384000048972666,
reward_sparse_789_55eb3af7,reward_sparse,train,754,789,easy,5,5,0.1,0.95,0.05,default,100,9.0,11,1,1,0,0,0.001363100003800355,
reward_sparse_789_55eb3af7,reward_sparse,train,755,789,easy,5,5,0.1,0.95,0.05,default,100,10.0,8,1,1,0,0,0.00103270000545308,
reward_sparse_789_55eb3af7,reward_sparse,train,756,789,easy,5,5,0.1,0.95,0.05,default,100,10.0,8,1,1,0,0,0.0010940999927697703,
reward_sparse_789_55eb3af7,reward_sparse,train,757,789,easy,5,5,0.1,0.95,0.05,default,100,10.0,8,1,1,0,0,0.000985300008323975,
reward_sparse_789_55eb3af7,reward_sparse,train,758,789,easy,5,5,0.1,0.95,0.05,default,100,10.0,8,1,1,0,0,0.00109119999979157,
reward_sparse_789_55eb3af7,reward_sparse,train,759,789,easy,5,5,0.1,0.95,0.05,default,100,9.0,9,1,1,0,0,0.001159799998276867,
reward_sparse_789_55eb3af7,reward_sparse,train,760,789,easy,5,5,0.1,0.95,0.05,default,100,9.0,9,1,1,0,0,0.0010901000059675425,
reward_sparse_789_55eb3af7,reward_sparse,train,761,789,easy,5,5,0.1,0.95,0.05,default,100,10.0,8,1,1,0,0,0.001140100008342415,
reward_sparse_789_55eb3af7,reward_sparse,train,762,789,easy,5,5,0.1,0.95,0.05,default,100,9.0,9,1,1,0,0,0.00115640000149142,
reward_sparse_789_55eb3af7,reward_sparse,train,763,789,easy,5,5,0.1,0.95,0.05,default,100,10.0,8,1,1,0,0,0.001123199996072799,
reward_sparse_789_55eb3af7,reward_sparse,train,764,789,easy,5,5,0.1,0.95,0.05,default,100,10.0,8,1,1,0,0,0.0010712999937823042,
reward_sparse_789_55eb3af7,reward_sparse,train,765,789,easy,5,5,0.1,0.95,0.05,default,100,10.0,8,1,1,0,0,0.0010820000024978071,
reward_sparse_789_55eb3af7,reward_sparse,train,766,789,easy,5,5,0.1,0.95,0.05,default,100,10.0,10,1,1,0,0,0.0012883000017609447,
reward_sparse_789_55eb3af7,reward_sparse,train,767,789,easy,5,5,0.1,0.95,0.05,default,100,10.0,10,1,1,0,0,0.0012639999913517386,
reward_sparse_789_55eb3af7,reward_sparse,train,768,789,easy,5,5,0.1,0.95,0.05,default,100,10.0,8,1,1,0,0,0.0010408000089228153,
reward_sparse_789_55eb3af7,reward_sparse,train,769,789,easy,5,5,0.1,0.95,0.05,default,100,9.0,9,1,1,0,0,0.0011373000015737489,
reward_sparse_789_55eb3af7,reward_sparse,train,770,789,easy,5,5,0.1,0.95,0.05,default,100,10.0,8,1,1,0,0,0.00107640000351239,
reward_sparse_789_55eb3af7,reward_sparse,train,771,789,easy,5,5,0.1,0.95,0.05,default,100,9.0,9,1,1,0,0,0.001132100005634129,
reward_sparse_789_55eb3af7,reward_sparse,train,772,789,easy,5,5,0.1,0.95,0.05,default,100,10.0,8,1,1,0,0,0.0010513000015635043,
reward_sparse_789_55eb3af7,reward_sparse,train,773,789,easy,5,5,0.1,0.95,0.05,default,100,10.0,8,1,1,0,0,0.0010808999941218644,
reward_sparse_789_55eb3af7,reward_sparse,train,774,789,easy,5,5,0.1,0.95,0.05,default,100,10.0,8,1,1,0,0,0.0010781000019051135,
reward_sparse_789_55eb3af7,reward_sparse,train,775,789,easy,5,5,0.1,0.95,0.05,default,100,9.0,9,1,1,0,0,0.0011549000046215951,
reward_sparse_789_55eb3af7,reward_sparse,train,776,789,easy,5,5,0.1,0.95,0.05,default,100,10.0,10,1,1,0,0,0.0013325000036275014,
reward_sparse_789_55eb3af7,reward_sparse,train,777,789,easy,5,5,0.1,0.95,0.05,default,100,10.0,8,1,1,0,0,0.0011095999943790957,
reward_sparse_789_55eb3af7,reward_sparse,train,778,789,easy,5,5,0.1,0.95,0.05,default,100,10.0,8,1,1,0,0,0.0010749000066425651,
reward_sparse_789_55eb3af7,reward_sparse,train,779,789,easy,5,5,0.1,0.95,0.05,default,100,10.0,8,1,1,0,0,0.0010785000049509108,
reward_sparse_789_55eb3af7,reward_sparse,train,780,789,easy,5,5,0.1,0.95,0.05,default,100,10.0,8,1,1,0,0,0.0010609000019030645,
reward_sparse_789_55eb3af7,reward_sparse,train,781,789,easy,5,5,0.1,0.95,0.05,default,100,10.0,8,1,1,0,0,0.0010924999951384962,
reward_sparse_789_55eb3af7,reward_sparse,train,782,789,easy,5,5,0.1,0.95,0.05,default,100,9.0,9,1,1,0,0,0.001168100003269501,
reward_sparse_789_55eb3af7,reward_sparse,train,783,789,easy,5,5,0.1,0.95,0.05,default,100,10.0,8,1,1,0,0,0.0010776999988593161,
reward_sparse_789_55eb3af7,reward_sparse,train,784,789,easy,5,5,0.1,0.95,0.05,default,100,9.0,9,1,1,0,0,0.0011610999936237931,
reward_sparse_789_55eb3af7,reward_sparse,train,785,789,easy,5,5,0.1,0.95,0.05,default,100,9.0,9,1,1,0,0,0.0010940000065602362,
reward_sparse_789_55eb3af7,reward_sparse,train,786,789,easy,5,5,0.1,0.95,0.05,default,100,10.0,8,1,1,0,0,0.0010826999932760373,
reward_sparse_789_55eb3af7,reward_sparse,train,787,789,easy,5,5,0.1,0.95,0.05,default,100,9.0,11,1,1,0,0,0.0012851000064983964,
reward_sparse_789_55eb3af7,reward_sparse,train,788,789,easy,5,5,0.1,0.95,0.05,default,100,10.0,8,1,1,0,0,0.0010814999986905605,
reward_sparse_789_55eb3af7,reward_sparse,train,789,789,easy,5,5,0.1,0.95,0.05,default,100,10.0,8,1,1,0,0,0.0010674999939510599,
reward_sparse_789_55eb3af7,reward_sparse,train,790,789,easy,5,5,0.1,0.95,0.05,default,100,10.0,8,1,1,0,0,0.0010840000031748787,
reward_sparse_789_55eb3af7,reward_sparse,train,791,789,easy,5,5,0.1,0.95,0.05,default,100,10.0,8,1,1,0,0,0.0010929999989457428,
reward_sparse_789_55eb3af7,reward_sparse,train,792,789,easy,5,5,0.1,0.95,0.05,default,100,10.0,8,1,1,0,0,0.0010685999877750874,
reward_sparse_789_55eb3af7,reward_sparse,train,793,789,easy,5,5,0.1,0.95,0.05,default,100,10.0,8,1,1,0,0,0.0010896000021602958,
reward_sparse_789_55eb3af7,reward_sparse,train,794,789,easy,5,5,0.1,0.95,0.05,default,100,10.0,10,1,1,0,0,0.0012489999935496598,
reward_sparse_789_55eb3af7,reward_sparse,train,795,789,easy,5,5,0.1,0.95,0.05,default,100,10.0,8,1,1,0,0,0.001099800007068552,
reward_sparse_789_55eb3af7,reward_sparse,train,796,789,easy,5,5,0.1,0.95,0.05,default,100,10.0,8,1,1,0,0,0.0011049000022467226,
reward_sparse_789_55eb3af7,reward_sparse,train,797,789,easy,5,5,0.1,0.95,0.05,default,100,10.0,8,1,1,0,0,0.001106299998355098,
reward_sparse_789_55eb3af7,reward_sparse,train,798,789,easy,5,5,0.1,0.95,0.05,default,100,10.0,8,1,1,0,0,0.0010337999992771074,
reward_sparse_789_55eb3af7,reward_sparse,train,799,789,easy,5,5,0.1,0.95,0.05,default,100,9.0,11,1,1,0,0,0.0013337999989744276,
reward_sparse_789_55eb3af7,reward_sparse,train,800,789,easy,5,5,0.1,0.95,0.05,default,100,10.0,8,1,1,0,0,0.0011051000037696213,results\reward\sparse\seed_789\qtable_ep800.npz
reward_sparse_789_55eb3af7,reward_sparse,eval,1,789,easy,5,5,0.1,0.95,0.0,default,100,10.0,8,1,1,0,0,,
reward_sparse_789_55eb3af7,reward_sparse,eval,2,789,easy,5,5,0.1,0.95,0.0,default,100,10.0,8,1,1,0,0,,
reward_sparse_789_55eb3af7,reward_sparse,eval,3,789,easy,5,5,0.1,0.95,0.0,default,100,10.0,8,1,1,0,0,,
reward_sparse_789_55eb3af7,reward_sparse,eval,4,789,easy,5,5,0.1,0.95,0.0,default,100,10.0,8,1,1,0,0,,
reward_sparse_789_55eb3af7,reward_sparse,eval,5,789,easy,5,5,0.1,0.95,0.0,default,100,10.0,8,1,1,0,0,,
reward_sparse_789_55eb3af7,reward_sparse,eval,6,789,easy,5,5,0.1,0.95,0.0,default,100,10.0,8,1,1,0,0,,
reward_sparse_789_55eb3af7,reward_sparse,eval,7,789,easy,5,5,0.1,0.95,0.0,default,100,10.0,8,1,1,0,0,,
reward_sparse_789_55eb3af7,reward_sparse,eval,8,789,easy,5,5,0.1,0.95,0.0,default,100,10.0,8,1,1,0,0,,
reward_sparse_789_55eb3af7,reward_sparse,eval,9,789,easy,5,5,0.1,0.95,0.0,default,100,10.0,8,1,1,0,0,,
reward_sparse_789_55eb3af7,reward_sparse,eval,10,789,easy,5,5,0.1,0.95,0.0,default,100,10.0,8,1,1,0,0,,
reward_sparse_789_55eb3af7,reward_sparse,eval,1,789,easy,5,5,0.1,0.95,0.0,default,100,10.0,8,1,1,0,0,,
reward_sparse_789_55eb3af7,reward_sparse,eval,2,789,easy,5,5,0.1,0.95,0.0,default,100,10.0,8,1,1,0,0,,
reward_sparse_789_55eb3af7,reward_sparse,eval,3,789,easy,5,5,0.1,0.95,0.0,default,100,10.0,8,1,1,0,0,,
reward_sparse_789_55eb3af7,reward_sparse,eval,4,789,easy,5,5,0.1,0.95,0.0,default,100,10.0,8,1,1,0,0,,
reward_sparse_789_55eb3af7,reward_sparse,eval,5,789,easy,5,5,0.1,0.95,0.0,default,100,10.0,8,1,1,0,0,,
reward_sparse_789_55eb3af7,reward_sparse,eval,6,789,easy,5,5,0.1,0.95,0.0,default,100,10.0,8,1,1,0,0,,
reward_sparse_789_55eb3af7,reward_sparse,eval,7,789,easy,5,5,0.1,0.95,0.0,default,100,10.0,8,1,1,0,0,,
reward_sparse_789_55eb3af7,reward_sparse,eval,8,789,easy,5,5,0.1,0.95,0.0,default,100,10.0,8,1,1,0,0,,
reward_sparse_789_55eb3af7,reward_sparse,eval,9,789,easy,5,5,0.1,0.95,0.0,default,100,10.0,8,1,1,0,0,,
reward_sparse_789_55eb3af7,reward_sparse,eval,10,789,easy,5,5,0.1,0.95,0.0,default,100,10.0,8,1,1,0,0,,
reward_sparse_789_55eb3af7,reward_sparse,eval,1,789,easy,5,5,0.1,0.95,0.0,default,100,10.0,8,1,1,0,0,,
reward_sparse_789_55eb3af7,reward_sparse,eval,2,789,easy,5,5,0.1,0.95,0.0,default,100,10.0,8,1,1,0,0,,
reward_sparse_789_55eb3af7,reward_sparse,eval,3,789,easy,5,5,0.1,0.95,0.0,default,100,10.0,8,1,1,0,0,,
reward_sparse_789_55eb3af7,reward_sparse,eval,4,789,easy,5,5,0.1,0.95,0.0,default,100,10.0,8,1,1,0,0,,
reward_sparse_789_55eb3af7,reward_sparse,eval,5,789,easy,5,5,0.1,0.95,0.0,default,100,10.0,8,1,1,0,0,,
reward_sparse_789_55eb3af7,reward_sparse,eval,6,789,easy,5,5,0.1,0.95,0.0,default,100,10.0,8,1,1,0,0,,
reward_sparse_789_55eb3af7,reward_sparse,eval,7,789,easy,5,5,0.1,0.95,0.0,default,100,10.0,8,1,1,0,0,,
reward_sparse_789_55eb3af7,reward_sparse,eval,8,789,easy,5,5,0.1,0.95,0.0,default,100,10.0,8,1,1,0,0,,
reward_sparse_789_55eb3af7,reward_sparse,eval,9,789,easy,5,5,0.1,0.95,0.0,default,100,10.0,8,1,1,0,0,,
reward_sparse_789_55eb3af7,reward_sparse,eval,10,789,easy,5,5,0.1,0.95,0.0,default,100,10.0,8,1,1,0,0,,
reward_sparse_789_55eb3af7,reward_sparse,eval,1,789,easy,5,5,0.1,0.95,0.0,default,100,10.0,8,1,1,0,0,,
reward_sparse_789_55eb3af7,reward_sparse,eval,2,789,easy,5,5,0.1,0.95,0.0,default,100,10.0,8,1,1,0,0,,
reward_sparse_789_55eb3af7,reward_sparse,eval,3,789,easy,5,5,0.1,0.95,0.0,default,100,10.0,8,1,1,0,0,,
reward_sparse_789_55eb3af7,reward_sparse,eval,4,789,easy,5,5,0.1,0.95,0.0,default,100,10.0,8,1,1,0,0,,
reward_sparse_789_55eb3af7,reward_sparse,eval,5,789,easy,5,5,0.1,0.95,0.0,default,100,10.0,8,1,1,0,0,,
reward_sparse_789_55eb3af7,reward_sparse,eval,6,789,easy,5,5,0.1,0.95,0.0,default,100,10.0,8,1,1,0,0,,
reward_sparse_789_55eb3af7,reward_sparse,eval,7,789,easy,5,5,0.1,0.95,0.0,default,100,10.0,8,1,1,0,0,,
reward_sparse_789_55eb3af7,reward_sparse,eval,8,789,easy,5,5,0.1,0.95,0.0,default,100,10.0,8,1,1,0,0,,
reward_sparse_789_55eb3af7,reward_sparse,eval,9,789,easy,5,5,0.1,0.95,0.0,default,100,10.0,8,1,1,0,0,,
reward_sparse_789_55eb3af7,reward_sparse,eval,10,789,easy,5,5,0.1,0.95,0.0,default,100,10.0,8,1,1,0,0,,
reward_sparse_789_55eb3af7,reward_sparse,eval,1,789,easy,5,5,0.1,0.95,0.0,default,100,10.0,8,1,1,0,0,,
reward_sparse_789_55eb3af7,reward_sparse,eval,2,789,easy,5,5,0.1,0.95,0.0,default,100,10.0,8,1,1,0,0,,
reward_sparse_789_55eb3af7,reward_sparse,eval,3,789,easy,5,5,0.1,0.95,0.0,default,100,10.0,8,1,1,0,0,,
reward_sparse_789_55eb3af7,reward_sparse,eval,4,789,easy,5,5,0.1,0.95,0.0,default,100,10.0,8,1,1,0,0,,
reward_sparse_789_55eb3af7,reward_sparse,eval,5,789,easy,5,5,0.1,0.95,0.0,default,100,10.0,8,1,1,0,0,,
reward_sparse_789_55eb3af7,reward_sparse,eval,6,789,easy,5,5,0.1,0.95,0.0,default,100,10.0,8,1,1,0,0,,
reward_sparse_789_55eb3af7,reward_sparse,eval,7,789,easy,5,5,0.1,0.95,0.0,default,100,10.0,8,1,1,0,0,,
reward_sparse_789_55eb3af7,reward_sparse,eval,8,789,easy,5,5,0.1,0.95,0.0,default,100,10.0,8,1,1,0,0,,
reward_sparse_789_55eb3af7,reward_sparse,eval,9,789,easy,5,5,0.1,0.95,0.0,default,100,10.0,8,1,1,0,0,,
reward_sparse_789_55eb3af7,reward_sparse,eval,10,789,easy,5,5,0.1,0.95,0.0,default,100,10.0,8,1,1,0,0,,
reward_sparse_789_55eb3af7,reward_sparse,eval,1,789,easy,5,5,0.1,0.95,0.0,default,100,10.0,8,1,1,0,0,,
reward_sparse_789_55eb3af7,reward_sparse,eval,2,789,easy,5,5,0.1,0.95,0.0,default,100,10.0,8,1,1,0,0,,
reward_sparse_789_55eb3af7,reward_sparse,eval,3,789,easy,5,5,0.1,0.95,0.0,default,100,10.0,8,1,1,0,0,,
reward_sparse_789_55eb3af7,reward_sparse,eval,4,789,easy,5,5,0.1,0.95,0.0,default,100,10.0,8,1,1,0,0,,
reward_sparse_789_55eb3af7,reward_sparse,eval,5,789,easy,5,5,0.1,0.95,0.0,default,100,10.0,8,1,1,0,0,,
reward_sparse_789_55eb3af7,reward_sparse,eval,6,789,easy,5,5,0.1,0.95,0.0,default,100,10.0,8,1,1,0,0,,
reward_sparse_789_55eb3af7,reward_sparse,eval,7,789,easy,5,5,0.1,0.95,0.0,default,100,10.0,8,1,1,0,0,,
reward_sparse_789_55eb3af7,reward_sparse,eval,8,789,easy,5,5,0.1,0.95,0.0,default,100,10.0,8,1,1,0,0,,
reward_sparse_789_55eb3af7,reward_sparse,eval,9,789,easy,5,5,0.1,0.95,0.0,default,100,10.0,8,1,1,0,0,,
reward_sparse_789_55eb3af7,reward_sparse,eval,10,789,easy,5,5,0.1,0.95,0.0,default,100,10.0,8,1,1,0,0,,
reward_sparse_789_55eb3af7,reward_sparse,eval,1,789,easy,5,5,0.1,0.95,0.0,default,100,10.0,8,1,1,0,0,,
reward_sparse_789_55eb3af7,reward_sparse,eval,2,789,easy,5,5,0.1,0.95,0.0,default,100,10.0,8,1,1,0,0,,
reward_sparse_789_55eb3af7,reward_sparse,eval,3,789,easy,5,5,0.1,0.95,0.0,default,100,10.0,8,1,1,0,0,,
reward_sparse_789_55eb3af7,reward_sparse,eval,4,789,easy,5,5,0.1,0.95,0.0,default,100,10.0,8,1,1,0,0,,
reward_sparse_789_55eb3af7,reward_sparse,eval,5,789,easy,5,5,0.1,0.95,0.0,default,100,10.0,8,1,1,0,0,,
reward_sparse_789_55eb3af7,reward_sparse,eval,6,789,easy,5,5,0.1,0.95,0.0,default,100,10.0,8,1,1,0,0,,
reward_sparse_789_55eb3af7,reward_sparse,eval,7,789,easy,5,5,0.1,0.95,0.0,default,100,10.0,8,1,1,0,0,,
reward_sparse_789_55eb3af7,reward_sparse,eval,8,789,easy,5,5,0.1,0.95,0.0,default,100,10.0,8,1,1,0,0,,
reward_sparse_789_55eb3af7,reward_sparse,eval,9,789,easy,5,5,0.1,0.95,0.0,default,100,10.0,8,1,1,0,0,,
reward_sparse_789_55eb3af7,reward_sparse,eval,10,789,easy,5,5,0.1,0.95,0.0,default,100,10.0,8,1,1,0,0,,
reward_sparse_789_55eb3af7,reward_sparse,eval,1,789,easy,5,5,0.1,0.95,0.0,default,100,10.0,8,1,1,0,0,,
reward_sparse_789_55eb3af7,reward_sparse,eval,2,789,easy,5,5,0.1,0.95,0.0,default,100,10.0,8,1,1,0,0,,
reward_sparse_789_55eb3af7,reward_sparse,eval,3,789,easy,5,5,0.1,0.95,0.0,default,100,10.0,8,1,1,0,0,,
reward_sparse_789_55eb3af7,reward_sparse,eval,4,789,easy,5,5,0.1,0.95,0.0,default,100,10.0,8,1,1,0,0,,
reward_sparse_789_55eb3af7,reward_sparse,eval,5,789,easy,5,5,0.1,0.95,0.0,default,100,10.0,8,1,1,0,0,,
reward_sparse_789_55eb3af7,reward_sparse,eval,6,789,easy,5,5,0.1,0.95,0.0,default,100,10.0,8,1,1,0,0,,
reward_sparse_789_55eb3af7,reward_sparse,eval,7,789,easy,5,5,0.1,0.95,0.0,default,100,10.0,8,1,1,0,0,,
reward_sparse_789_55eb3af7,reward_sparse,eval,8,789,easy,5,5,0.1,0.95,0.0,default,100,10.0,8,1,1,0,0,,
reward_sparse_789_55eb3af7,reward_sparse,eval,9,789,easy,5,5,0.1,0.95,0.0,default,100,10.0,8,1,1,0,0,,
reward_sparse_789_55eb3af7,reward_sparse,eval,10,789,easy,5,5,0.1,0.95,0.0,default,100,10.0,8,1,1,0,0,,
reward_sparse_789_55eb3af7,reward_sparse,eval,1,789,easy,5,5,0.1,0.95,0.0,default,100,10.0,8,1,1,0,0,,
reward_sparse_789_55eb3af7,reward_sparse,eval,2,789,easy,5,5,0.1,0.95,0.0,default,100,10.0,8,1,1,0,0,,
reward_sparse_789_55eb3af7,reward_sparse,eval,3,789,easy,5,5,0.1,0.95,0.0,default,100,10.0,8,1,1,0,0,,
reward_sparse_789_55eb3af7,reward_sparse,eval,4,789,easy,5,5,0.1,0.95,0.0,default,100,10.0,8,1,1,0,0,,
reward_sparse_789_55eb3af7,reward_sparse,eval,5,789,easy,5,5,0.1,0.95,0.0,default,100,10.0,8,1,1,0,0,,
reward_sparse_789_55eb3af7,reward_sparse,eval,6,789,easy,5,5,0.1,0.95,0.0,default,100,10.0,8,1,1,0,0,,
reward_sparse_789_55eb3af7,reward_sparse,eval,7,789,easy,5,5,0.1,0.95,0.0,default,100,10.0,8,1,1,0,0,,
reward_sparse_789_55eb3af7,reward_sparse,eval,8,789,easy,5,5,0.1,0.95,0.0,default,100,10.0,8,1,1,0,0,,
reward_sparse_789_55eb3af7,reward_sparse,eval,9,789,easy,5,5,0.1,0.95,0.0,default,100,10.0,8,1,1,0,0,,
reward_sparse_789_55eb3af7,reward_sparse,eval,10,789,easy,5,5,0.1,0.95,0.0,default,100,10.0,8,1,1,0,0,,
reward_sparse_789_55eb3af7,reward_sparse,eval,1,789,easy,5,5,0.1,0.95,0.0,default,100,10.0,8,1,1,0,0,,
reward_sparse_789_55eb3af7,reward_sparse,eval,2,789,easy,5,5,0.1,0.95,0.0,default,100,10.0,8,1,1,0,0,,
reward_sparse_789_55eb3af7,reward_sparse,eval,3,789,easy,5,5,0.1,0.95,0.0,default,100,10.0,8,1,1,0,0,,
reward_sparse_789_55eb3af7,reward_sparse,eval,4,789,easy,5,5,0.1,0.95,0.0,default,100,10.0,8,1,1,0,0,,
reward_sparse_789_55eb3af7,reward_sparse,eval,5,789,easy,5,5,0.1,0.95,0.0,default,100,10.0,8,1,1,0,0,,
reward_sparse_789_55eb3af7,reward_sparse,eval,6,789,easy,5,5,0.1,0.95,0.0,default,100,10.0,8,1,1,0,0,,
reward_sparse_789_55eb3af7,reward_sparse,eval,7,789,easy,5,5,0.1,0.95,0.0,default,100,10.0,8,1,1,0,0,,
reward_sparse_789_55eb3af7,reward_sparse,eval,8,789,easy,5,5,0.1,0.95,0.0,default,100,10.0,8,1,1,0,0,,
reward_sparse_789_55eb3af7,reward_sparse,eval,9,789,easy,5,5,0.1,0.95,0.0,default,100,10.0,8,1,1,0,0,,
reward_sparse_789_55eb3af7,reward_sparse,eval,10,789,easy,5,5,0.1,0.95,0.0,default,100,10.0,8,1,1,0,0,,
reward_sparse_789_55eb3af7,reward_sparse,eval,1,789,easy,5,5,0.1,0.95,0.0,default,100,10.0,8,1,1,0,0,,
reward_sparse_789_55eb3af7,reward_sparse,eval,2,789,easy,5,5,0.1,0.95,0.0,default,100,10.0,8,1,1,0,0,,
reward_sparse_789_55eb3af7,reward_sparse,eval,3,789,easy,5,5,0.1,0.95,0.0,default,100,10.0,8,1,1,0,0,,
reward_sparse_789_55eb3af7,reward_sparse,eval,4,789,easy,5,5,0.1,0.95,0.0,default,100,10.0,8,1,1,0,0,,
reward_sparse_789_55eb3af7,reward_sparse,eval,5,789,easy,5,5,0.1,0.95,0.0,default,100,10.0,8,1,1,0,0,,
reward_sparse_789_55eb3af7,reward_sparse,eval,6,789,easy,5,5,0.1,0.95,0.0,default,100,10.0,8,1,1,0,0,,
reward_sparse_789_55eb3af7,reward_sparse,eval,7,789,easy,5,5,0.1,0.95,0.0,default,100,10.0,8,1,1,0,0,,
reward_sparse_789_55eb3af7,reward_sparse,eval,8,789,easy,5,5,0.1,0.95,0.0,default,100,10.0,8,1,1,0,0,,
reward_sparse_789_55eb3af7,reward_sparse,eval,9,789,easy,5,5,0.1,0.95,0.0,default,100,10.0,8,1,1,0,0,,
reward_sparse_789_55eb3af7,reward_sparse,eval,10,789,easy,5,5,0.1,0.95,0.0,default,100,10.0,8,1,1,0,0,,
reward_sparse_789_55eb3af7,reward_sparse,eval,1,789,easy,5,5,0.1,0.95,0.0,default,100,10.0,8,1,1,0,0,,
reward_sparse_789_55eb3af7,reward_sparse,eval,2,789,easy,5,5,0.1,0.95,0.0,default,100,10.0,8,1,1,0,0,,
reward_sparse_789_55eb3af7,reward_sparse,eval,3,789,easy,5,5,0.1,0.95,0.0,default,100,10.0,8,1,1,0,0,,
reward_sparse_789_55eb3af7,reward_sparse,eval,4,789,easy,5,5,0.1,0.95,0.0,default,100,10.0,8,1,1,0,0,,
reward_sparse_789_55eb3af7,reward_sparse,eval,5,789,easy,5,5,0.1,0.95,0.0,default,100,10.0,8,1,1,0,0,,
reward_sparse_789_55eb3af7,reward_sparse,eval,6,789,easy,5,5,0.1,0.95,0.0,default,100,10.0,8,1,1,0,0,,
reward_sparse_789_55eb3af7,reward_sparse,eval,7,789,easy,5,5,0.1,0.95,0.0,default,100,10.0,8,1,1,0,0,,
reward_sparse_789_55eb3af7,reward_sparse,eval,8,789,easy,5,5,0.1,0.95,0.0,default,100,10.0,8,1,1,0,0,,
reward_sparse_789_55eb3af7,reward_sparse,eval,9,789,easy,5,5,0.1,0.95,0.0,default,100,10.0,8,1,1,0,0,,
reward_sparse_789_55eb3af7,reward_sparse,eval,10,789,easy,5,5,0.1,0.95,0.0,default,100,10.0,8,1,1,0,0,,
reward_sparse_789_55eb3af7,reward_sparse,eval,1,789,easy,5,5,0.1,0.95,0.0,default,100,10.0,8,1,1,0,0,,
reward_sparse_789_55eb3af7,reward_sparse,eval,2,789,easy,5,5,0.1,0.95,0.0,default,100,10.0,8,1,1,0,0,,
reward_sparse_789_55eb3af7,reward_sparse,eval,3,789,easy,5,5,0.1,0.95,0.0,default,100,10.0,8,1,1,0,0,,
reward_sparse_789_55eb3af7,reward_sparse,eval,4,789,easy,5,5,0.1,0.95,0.0,default,100,10.0,8,1,1,0,0,,
reward_sparse_789_55eb3af7,reward_sparse,eval,5,789,easy,5,5,0.1,0.95,0.0,default,100,10.0,8,1,1,0,0,,
reward_sparse_789_55eb3af7,reward_sparse,eval,6,789,easy,5,5,0.1,0.95,0.0,default,100,10.0,8,1,1,0,0,,
reward_sparse_789_55eb3af7,reward_sparse,eval,7,789,easy,5,5,0.1,0.95,0.0,default,100,10.0,8,1,1,0,0,,
reward_sparse_789_55eb3af7,reward_sparse,eval,8,789,easy,5,5,0.1,0.95,0.0,default,100,10.0,8,1,1,0,0,,
reward_sparse_789_55eb3af7,reward_sparse,eval,9,789,easy,5,5,0.1,0.95,0.0,default,100,10.0,8,1,1,0,0,,
reward_sparse_789_55eb3af7,reward_sparse,eval,10,789,easy,5,5,0.1,0.95,0.0,default,100,10.0,8,1,1,0,0,,
reward_sparse_789_55eb3af7,reward_sparse,eval,1,789,easy,5,5,0.1,0.95,0.0,default,100,10.0,8,1,1,0,0,,
reward_sparse_789_55eb3af7,reward_sparse,eval,2,789,easy,5,5,0.1,0.95,0.0,default,100,10.0,8,1,1,0,0,,
reward_sparse_789_55eb3af7,reward_sparse,eval,3,789,easy,5,5,0.1,0.95,0.0,default,100,10.0,8,1,1,0,0,,
reward_sparse_789_55eb3af7,reward_sparse,eval,4,789,easy,5,5,0.1,0.95,0.0,default,100,10.0,8,1,1,0,0,,
reward_sparse_789_55eb3af7,reward_sparse,eval,5,789,easy,5,5,0.1,0.95,0.0,default,100,10.0,8,1,1,0,0,,
reward_sparse_789_55eb3af7,reward_sparse,eval,6,789,easy,5,5,0.1,0.95,0.0,default,100,10.0,8,1,1,0,0,,
reward_sparse_789_55eb3af7,reward_sparse,eval,7,789,easy,5,5,0.1,0.95,0.0,default,100,10.0,8,1,1,0,0,,
reward_sparse_789_55eb3af7,reward_sparse,eval,8,789,easy,5,5,0.1,0.95,0.0,default,100,10.0,8,1,1,0,0,,
reward_sparse_789_55eb3af7,reward_sparse,eval,9,789,easy,5,5,0.1,0.95,0.0,default,100,10.0,8,1,1,0,0,,
reward_sparse_789_55eb3af7,reward_sparse,eval,10,789,easy,5,5,0.1,0.95,0.0,default,100,10.0,8,1,1,0,0,,
reward_sparse_789_55eb3af7,reward_sparse,eval,1,789,easy,5,5,0.1,0.95,0.0,default,100,10.0,8,1,1,0,0,,
reward_sparse_789_55eb3af7,reward_sparse,eval,2,789,easy,5,5,0.1,0.95,0.0,default,100,10.0,8,1,1,0,0,,
reward_sparse_789_55eb3af7,reward_sparse,eval,3,789,easy,5,5,0.1,0.95,0.0,default,100,10.0,8,1,1,0,0,,
reward_sparse_789_55eb3af7,reward_sparse,eval,4,789,easy,5,5,0.1,0.95,0.0,default,100,10.0,8,1,1,0,0,,
reward_sparse_789_55eb3af7,reward_sparse,eval,5,789,easy,5,5,0.1,0.95,0.0,default,100,10.0,8,1,1,0,0,,
reward_sparse_789_55eb3af7,reward_sparse,eval,6,789,easy,5,5,0.1,0.95,0.0,default,100,10.0,8,1,1,0,0,,
reward_sparse_789_55eb3af7,reward_sparse,eval,7,789,easy,5,5,0.1,0.95,0.0,default,100,10.0,8,1,1,0,0,,
reward_sparse_789_55eb3af7,reward_sparse,eval,8,789,easy,5,5,0.1,0.95,0.0,default,100,10.0,8,1,1,0,0,,
reward_sparse_789_55eb3af7,reward_sparse,eval,9,789,easy,5,5,0.1,0.95,0.0,default,100,10.0,8,1,1,0,0,,
reward_sparse_789_55eb3af7,reward_sparse,eval,10,789,easy,5,5,0.1,0.95,0.0,default,100,10.0,8,1,1,0,0,,
reward_sparse_789_55eb3af7,reward_sparse,eval,1,789,easy,5,5,0.1,0.95,0.0,default,100,10.0,8,1,1,0,0,,
reward_sparse_789_55eb3af7,reward_sparse,eval,2,789,easy,5,5,0.1,0.95,0.0,default,100,10.0,8,1,1,0,0,,
reward_sparse_789_55eb3af7,reward_sparse,eval,3,789,easy,5,5,0.1,0.95,0.0,default,100,10.0,8,1,1,0,0,,
reward_sparse_789_55eb3af7,reward_sparse,eval,4,789,easy,5,5,0.1,0.95,0.0,default,100,10.0,8,1,1,0,0,,
reward_sparse_789_55eb3af7,reward_sparse,eval,5,789,easy,5,5,0.1,0.95,0.0,default,100,10.0,8,1,1,0,0,,
reward_sparse_789_55eb3af7,reward_sparse,eval,6,789,easy,5,5,0.1,0.95,0.0,default,100,10.0,8,1,1,0,0,,
reward_sparse_789_55eb3af7,reward_sparse,eval,7,789,easy,5,5,0.1,0.95,0.0,default,100,10.0,8,1,1,0,0,,
reward_sparse_789_55eb3af7,reward_sparse,eval,8,789,easy,5,5,0.1,0.95,0.0,default,100,10.0,8,1,1,0,0,,
reward_sparse_789_55eb3af7,reward_sparse,eval,9,789,easy,5,5,0.1,0.95,0.0,default,100,10.0,8,1,1,0,0,,
reward_sparse_789_55eb3af7,reward_sparse,eval,10,789,easy,5,5,0.1,0.95,0.0,default,100,10.0,8,1,1,0,0,,
reward_sparse_789_55eb3af7,reward_sparse,eval,1,789,easy,5,5,0.1,0.95,0.0,default,100,10.0,8,1,1,0,0,,
reward_sparse_789_55eb3af7,reward_sparse,eval,2,789,easy,5,5,0.1,0.95,0.0,default,100,10.0,8,1,1,0,0,,
reward_sparse_789_55eb3af7,reward_sparse,eval,3,789,easy,5,5,0.1,0.95,0.0,default,100,10.0,8,1,1,0,0,,
reward_sparse_789_55eb3af7,reward_sparse,eval,4,789,easy,5,5,0.1,0.95,0.0,default,100,10.0,8,1,1,0,0,,
reward_sparse_789_55eb3af7,reward_sparse,eval,5,789,easy,5,5,0.1,0.95,0.0,default,100,10.0,8,1,1,0,0,,
reward_sparse_789_55eb3af7,reward_sparse,eval,6,789,easy,5,5,0.1,0.95,0.0,default,100,10.0,8,1,1,0,0,,
reward_sparse_789_55eb3af7,reward_sparse,eval,7,789,easy,5,5,0.1,0.95,0.0,default,100,10.0,8,1,1,0,0,,
reward_sparse_789_55eb3af7,reward_sparse,eval,8,789,easy,5,5,0.1,0.95,0.0,default,100,10.0,8,1,1,0,0,,
reward_sparse_789_55eb3af7,reward_sparse,eval,9,789,easy,5,5,0.1,0.95,0.0,default,100,10.0,8,1,1,0,0,,
reward_sparse_789_55eb3af7,reward_sparse,eval,10,789,easy,5,5,0.1,0.95,0.0,default,100,10.0,8,1,1,0,0,,
reward_sparse_789_55eb3af7,reward_sparse,eval,1,789,easy,5,5,0.1,0.95,0.0,default,100,10.0,8,1,1,0,0,,
reward_sparse_789_55eb3af7,reward_sparse,eval,2,789,easy,5,5,0.1,0.95,0.0,default,100,10.0,8,1,1,0,0,,
reward_sparse_789_55eb3af7,reward_sparse,eval,3,789,easy,5,5,0.1,0.95,0.0,default,100,10.0,8,1,1,0,0,,
reward_sparse_789_55eb3af7,reward_sparse,eval,4,789,easy,5,5,0.1,0.95,0.0,default,100,10.0,8,1,1,0,0,,
reward_sparse_789_55eb3af7,reward_sparse,eval,5,789,easy,5,5,0.1,0.95,0.0,default,100,10.0,8,1,1,0,0,,
reward_sparse_789_55eb3af7,reward_sparse,eval,6,789,easy,5,5,0.1,0.95,0.0,default,100,10.0,8,1,1,0,0,,
reward_sparse_789_55eb3af7,reward_sparse,eval,7,789,easy,5,5,0.1,0.95,0.0,default,100,10.0,8,1,1,0,0,,
reward_sparse_789_55eb3af7,reward_sparse,eval,8,789,easy,5,5,0.1,0.95,0.0,default,100,10.0,8,1,1,0,0,,
reward_sparse_789_55eb3af7,reward_sparse,eval,9,789,easy,5,5,0.1,0.95,0.0,default,100,10.0,8,1,1,0,0,,
reward_sparse_789_55eb3af7,reward_sparse,eval,10,789,easy,5,5,0.1,0.95,0.0,default,100,10.0,8,1,1,0,0,,
reward_sparse_789_55eb3af7,reward_sparse,eval,1,789,easy,5,5,0.1,0.95,0.0,default,100,10.0,8,1,1,0,0,,
reward_sparse_789_55eb3af7,reward_sparse,eval,2,789,easy,5,5,0.1,0.95,0.0,default,100,10.0,8,1,1,0,0,,
reward_sparse_789_55eb3af7,reward_sparse,eval,3,789,easy,5,5,0.1,0.95,0.0,default,100,10.0,8,1,1,0,0,,
reward_sparse_789_55eb3af7,reward_sparse,eval,4,789,easy,5,5,0.1,0.95,0.0,default,100,10.0,8,1,1,0,0,,
reward_sparse_789_55eb3af7,reward_sparse,eval,5,789,easy,5,5,0.1,0.95,0.0,default,100,10.0,8,1,1,0,0,,
reward_sparse_789_55eb3af7,reward_sparse,eval,6,789,easy,5,5,0.1,0.95,0.0,default,100,10.0,8,1,1,0,0,,
reward_sparse_789_55eb3af7,reward_sparse,eval,7,789,easy,5,5,0.1,0.95,0.0,default,100,10.0,8,1,1,0,0,,
reward_sparse_789_55eb3af7,reward_sparse,eval,8,789,easy,5,5,0.1,0.95,0.0,default,100,10.0,8,1,1,0,0,,
reward_sparse_789_55eb3af7,reward_sparse,eval,9,789,easy,5,5,0.1,0.95,0.0,default,100,10.0,8,1,1,0,0,,
reward_sparse_789_55eb3af7,reward_sparse,eval,10,789,easy,5,5,0.1,0.95,0.0,default,100,10.0,8,1,1,0,0,,
reward_sparse_789_55eb3af7,reward_sparse,eval,1,789,easy,5,5,0.1,0.95,0.0,default,100,10.0,8,1,1,0,0,,
reward_sparse_789_55eb3af7,reward_sparse,eval,2,789,easy,5,5,0.1,0.95,0.0,default,100,10.0,8,1,1,0,0,,
reward_sparse_789_55eb3af7,reward_sparse,eval,3,789,easy,5,5,0.1,0.95,0.0,default,100,10.0,8,1,1,0,0,,
reward_sparse_789_55eb3af7,reward_sparse,eval,4,789,easy,5,5,0.1,0.95,0.0,default,100,10.0,8,1,1,0,0,,
reward_sparse_789_55eb3af7,reward_sparse,eval,5,789,easy,5,5,0.1,0.95,0.0,default,100,10.0,8,1,1,0,0,,
reward_sparse_789_55eb3af7,reward_sparse,eval,6,789,easy,5,5,0.1,0.95,0.0,default,100,10.0,8,1,1,0,0,,
reward_sparse_789_55eb3af7,reward_sparse,eval,7,789,easy,5,5,0.1,0.95,0.0,default,100,10.0,8,1,1,0,0,,
reward_sparse_789_55eb3af7,reward_sparse,eval,8,789,easy,5,5,0.1,0.95,0.0,default,100,10.0,8,1,1,0,0,,
reward_sparse_789_55eb3af7,reward_sparse,eval,9,789,easy,5,5,0.1,0.95,0.0,default,100,10.0,8,1,1,0,0,,
reward_sparse_789_55eb3af7,reward_sparse,eval,10,789,easy,5,5,0.1,0.95,0.0,default,100,10.0,8,1,1,0,0,,
reward_sparse_789_55eb3af7,reward_sparse,eval,1,789,easy,5,5,0.1,0.95,0.0,default,100,10.0,8,1,1,0,0,,
reward_sparse_789_55eb3af7,reward_sparse,eval,2,789,easy,5,5,0.1,0.95,0.0,default,100,10.0,8,1,1,0,0,,
reward_sparse_789_55eb3af7,reward_sparse,eval,3,789,easy,5,5,0.1,0.95,0.0,default,100,10.0,8,1,1,0,0,,
reward_sparse_789_55eb3af7,reward_sparse,eval,4,789,easy,5,5,0.1,0.95,0.0,default,100,10.0,8,1,1,0,0,,
reward_sparse_789_55eb3af7,reward_sparse,eval,5,789,easy,5,5,0.1,0.95,0.0,default,100,10.0,8,1,1,0,0,,
reward_sparse_789_55eb3af7,reward_sparse,eval,6,789,easy,5,5,0.1,0.95,0.0,default,100,10.0,8,1,1,0,0,,
reward_sparse_789_55eb3af7,reward_sparse,eval,7,789,easy,5,5,0.1,0.95,0.0,default,100,10.0,8,1,1,0,0,,
reward_sparse_789_55eb3af7,reward_sparse,eval,8,789,easy,5,5,0.1,0.95,0.0,default,100,10.0,8,1,1,0,0,,
reward_sparse_789_55eb3af7,reward_sparse,eval,9,789,easy,5,5,0.1,0.95,0.0,default,100,10.0,8,1,1,0,0,,
reward_sparse_789_55eb3af7,reward_sparse,eval,10,789,easy,5,5,0.1,0.95,0.0,default,100,10.0,8,1,1,0,0,,
reward_sparse_789_55eb3af7,reward_sparse,eval,1,789,easy,5,5,0.1,0.95,0.0,default,100,10.0,8,1,1,0,0,,
reward_sparse_789_55eb3af7,reward_sparse,eval,2,789,easy,5,5,0.1,0.95,0.0,default,100,10.0,8,1,1,0,0,,
reward_sparse_789_55eb3af7,reward_sparse,eval,3,789,easy,5,5,0.1,0.95,0.0,default,100,10.0,8,1,1,0,0,,
reward_sparse_789_55eb3af7,reward_sparse,eval,4,789,easy,5,5,0.1,0.95,0.0,default,100,10.0,8,1,1,0,0,,
reward_sparse_789_55eb3af7,reward_sparse,eval,5,789,easy,5,5,0.1,0.95,0.0,default,100,10.0,8,1,1,0,0,,
reward_sparse_789_55eb3af7,reward_sparse,eval,6,789,easy,5,5,0.1,0.95,0.0,default,100,10.0,8,1,1,0,0,,
reward_sparse_789_55eb3af7,reward_sparse,eval,7,789,easy,5,5,0.1,0.95,0.0,default,100,10.0,8,1,1,0,0,,
reward_sparse_789_55eb3af7,reward_sparse,eval,8,789,easy,5,5,0.1,0.95,0.0,default,100,10.0,8,1,1,0,0,,
reward_sparse_789_55eb3af7,reward_sparse,eval,9,789,easy,5,5,0.1,0.95,0.0,default,100,10.0,8,1,1,0,0,,
reward_sparse_789_55eb3af7,reward_sparse,eval,10,789,easy,5,5,0.1,0.95,0.0,default,100,10.0,8,1,1,0,0,,
reward_sparse_789_55eb3af7,reward_sparse,eval,1,789,easy,5,5,0.1,0.95,0.0,default,100,10.0,8,1,1,0,0,,
reward_sparse_789_55eb3af7,reward_sparse,eval,2,789,easy,5,5,0.1,0.95,0.0,default,100,10.0,8,1,1,0,0,,
reward_sparse_789_55eb3af7,reward_sparse,eval,3,789,easy,5,5,0.1,0.95,0.0,default,100,10.0,8,1,1,0,0,,
reward_sparse_789_55eb3af7,reward_sparse,eval,4,789,easy,5,5,0.1,0.95,0.0,default,100,10.0,8,1,1,0,0,,
reward_sparse_789_55eb3af7,reward_sparse,eval,5,789,easy,5,5,0.1,0.95,0.0,default,100,10.0,8,1,1,0,0,,
reward_sparse_789_55eb3af7,reward_sparse,eval,6,789,easy,5,5,0.1,0.95,0.0,default,100,10.0,8,1,1,0,0,,
reward_sparse_789_55eb3af7,reward_sparse,eval,7,789,easy,5,5,0.1,0.95,0.0,default,100,10.0,8,1,1,0,0,,
reward_sparse_789_55eb3af7,reward_sparse,eval,8,789,easy,5,5,0.1,0.95,0.0,default,100,10.0,8,1,1,0,0,,
reward_sparse_789_55eb3af7,reward_sparse,eval,9,789,easy,5,5,0.1,0.95,0.0,default,100,10.0,8,1,1,0,0,,
reward_sparse_789_55eb3af7,reward_sparse,eval,10,789,easy,5,5,0.1,0.95,0.0,default,100,10.0,8,1,1,0,0,,
reward_sparse_789_55eb3af7,reward_sparse,eval,1,789,easy,5,5,0.1,0.95,0.0,default,100,10.0,8,1,1,0,0,,
reward_sparse_789_55eb3af7,reward_sparse,eval,2,789,easy,5,5,0.1,0.95,0.0,default,100,10.0,8,1,1,0,0,,
reward_sparse_789_55eb3af7,reward_sparse,eval,3,789,easy,5,5,0.1,0.95,0.0,default,100,10.0,8,1,1,0,0,,
reward_sparse_789_55eb3af7,reward_sparse,eval,4,789,easy,5,5,0.1,0.95,0.0,default,100,10.0,8,1,1,0,0,,
reward_sparse_789_55eb3af7,reward_sparse,eval,5,789,easy,5,5,0.1,0.95,0.0,default,100,10.0,8,1,1,0,0,,
reward_sparse_789_55eb3af7,reward_sparse,eval,6,789,easy,5,5,0.1,0.95,0.0,default,100,10.0,8,1,1,0,0,,
reward_sparse_789_55eb3af7,reward_sparse,eval,7,789,easy,5,5,0.1,0.95,0.0,default,100,10.0,8,1,1,0,0,,
reward_sparse_789_55eb3af7,reward_sparse,eval,8,789,easy,5,5,0.1,0.95,0.0,default,100,10.0,8,1,1,0,0,,
reward_sparse_789_55eb3af7,reward_sparse,eval,9,789,easy,5,5,0.1,0.95,0.0,default,100,10.0,8,1,1,0,0,,
reward_sparse_789_55eb3af7,reward_sparse,eval,10,789,easy,5,5,0.1,0.95,0.0,default,100,10.0,8,1,1,0,0,,
reward_sparse_789_55eb3af7,reward_sparse,eval,1,789,easy,5,5,0.1,0.95,0.0,default,100,10.0,8,1,1,0,0,,
reward_sparse_789_55eb3af7,reward_sparse,eval,2,789,easy,5,5,0.1,0.95,0.0,default,100,10.0,8,1,1,0,0,,
reward_sparse_789_55eb3af7,reward_sparse,eval,3,789,easy,5,5,0.1,0.95,0.0,default,100,10.0,8,1,1,0,0,,
reward_sparse_789_55eb3af7,reward_sparse,eval,4,789,easy,5,5,0.1,0.95,0.0,default,100,10.0,8,1,1,0,0,,
reward_sparse_789_55eb3af7,reward_sparse,eval,5,789,easy,5,5,0.1,0.95,0.0,default,100,10.0,8,1,1,0,0,,
reward_sparse_789_55eb3af7,reward_sparse,eval,6,789,easy,5,5,0.1,0.95,0.0,default,100,10.0,8,1,1,0,0,,
reward_sparse_789_55eb3af7,reward_sparse,eval,7,789,easy,5,5,0.1,0.95,0.0,default,100,10.0,8,1,1,0,0,,
reward_sparse_789_55eb3af7,reward_sparse,eval,8,789,easy,5,5,0.1,0.95,0.0,default,100,10.0,8,1,1,0,0,,
reward_sparse_789_55eb3af7,reward_sparse,eval,9,789,easy,5,5,0.1,0.95,0.0,default,100,10.0,8,1,1,0,0,,
reward_sparse_789_55eb3af7,reward_sparse,eval,10,789,easy,5,5,0.1,0.95,0.0,default,100,10.0,8,1,1,0,0,,
reward_sparse_789_55eb3af7,reward_sparse,eval,1,789,easy,5,5,0.1,0.95,0.0,default,100,10.0,8,1,1,0,0,,
reward_sparse_789_55eb3af7,reward_sparse,eval,2,789,easy,5,5,0.1,0.95,0.0,default,100,10.0,8,1,1,0,0,,
reward_sparse_789_55eb3af7,reward_sparse,eval,3,789,easy,5,5,0.1,0.95,0.0,default,100,10.0,8,1,1,0,0,,
reward_sparse_789_55eb3af7,reward_sparse,eval,4,789,easy,5,5,0.1,0.95,0.0,default,100,10.0,8,1,1,0,0,,
reward_sparse_789_55eb3af7,reward_sparse,eval,5,789,easy,5,5,0.1,0.95,0.0,default,100,10.0,8,1,1,0,0,,
reward_sparse_789_55eb3af7,reward_sparse,eval,6,789,easy,5,5,0.1,0.95,0.0,default,100,10.0,8,1,1,0,0,,
reward_sparse_789_55eb3af7,reward_sparse,eval,7,789,easy,5,5,0.1,0.95,0.0,default,100,10.0,8,1,1,0,0,,
reward_sparse_789_55eb3af7,reward_sparse,eval,8,789,easy,5,5,0.1,0.95,0.0,default,100,10.0,8,1,1,0,0,,
reward_sparse_789_55eb3af7,reward_sparse,eval,9,789,easy,5,5,0.1,0.95,0.0,default,100,10.0,8,1,1,0,0,,
reward_sparse_789_55eb3af7,reward_sparse,eval,10,789,easy,5,5,0.1,0.95,0.0,default,100,10.0,8,1,1,0,0,,
reward_sparse_789_55eb3af7,reward_sparse,eval,1,789,easy,5,5,0.1,0.95,0.0,default,100,10.0,8,1,1,0,0,,
reward_sparse_789_55eb3af7,reward_sparse,eval,2,789,easy,5,5,0.1,0.95,0.0,default,100,10.0,8,1,1,0,0,,
reward_sparse_789_55eb3af7,reward_sparse,eval,3,789,easy,5,5,0.1,0.95,0.0,default,100,10.0,8,1,1,0,0,,
reward_sparse_789_55eb3af7,reward_sparse,eval,4,789,easy,5,5,0.1,0.95,0.0,default,100,10.0,8,1,1,0,0,,
reward_sparse_789_55eb3af7,reward_sparse,eval,5,789,easy,5,5,0.1,0.95,0.0,default,100,10.0,8,1,1,0,0,,
reward_sparse_789_55eb3af7,reward_sparse,eval,6,789,easy,5,5,0.1,0.95,0.0,default,100,10.0,8,1,1,0,0,,
reward_sparse_789_55eb3af7,reward_sparse,eval,7,789,easy,5,5,0.1,0.95,0.0,default,100,10.0,8,1,1,0,0,,
reward_sparse_789_55eb3af7,reward_sparse,eval,8,789,easy,5,5,0.1,0.95,0.0,default,100,10.0,8,1,1,0,0,,
reward_sparse_789_55eb3af7,reward_sparse,eval,9,789,easy,5,5,0.1,0.95,0.0,default,100,10.0,8,1,1,0,0,,
reward_sparse_789_55eb3af7,reward_sparse,eval,10,789,easy,5,5,0.1,0.95,0.0,default,100,10.0,8,1,1,0,0,,
reward_sparse_789_55eb3af7,reward_sparse,eval,1,789,easy,5,5,0.1,0.95,0.0,default,100,10.0,8,1,1,0,0,,
reward_sparse_789_55eb3af7,reward_sparse,eval,2,789,easy,5,5,0.1,0.95,0.0,default,100,10.0,8,1,1,0,0,,
reward_sparse_789_55eb3af7,reward_sparse,eval,3,789,easy,5,5,0.1,0.95,0.0,default,100,10.0,8,1,1,0,0,,
reward_sparse_789_55eb3af7,reward_sparse,eval,4,789,easy,5,5,0.1,0.95,0.0,default,100,10.0,8,1,1,0,0,,
reward_sparse_789_55eb3af7,reward_sparse,eval,5,789,easy,5,5,0.1,0.95,0.0,default,100,10.0,8,1,1,0,0,,
reward_sparse_789_55eb3af7,reward_sparse,eval,6,789,easy,5,5,0.1,0.95,0.0,default,100,10.0,8,1,1,0,0,,
reward_sparse_789_55eb3af7,reward_sparse,eval,7,789,easy,5,5,0.1,0.95,0.0,default,100,10.0,8,1,1,0,0,,
reward_sparse_789_55eb3af7,reward_sparse,eval,8,789,easy,5,5,0.1,0.95,0.0,default,100,10.0,8,1,1,0,0,,
reward_sparse_789_55eb3af7,reward_sparse,eval,9,789,easy,5,5,0.1,0.95,0.0,default,100,10.0,8,1,1,0,0,,
reward_sparse_789_55eb3af7,reward_sparse,eval,10,789,easy,5,5,0.1,0.95,0.0,default,100,10.0,8,1,1,0,0,,
reward_sparse_789_55eb3af7,reward_sparse,eval,1,789,easy,5,5,0.1,0.95,0.0,default,100,10.0,8,1,1,0,0,,
reward_sparse_789_55eb3af7,reward_sparse,eval,2,789,easy,5,5,0.1,0.95,0.0,default,100,10.0,8,1,1,0,0,,
reward_sparse_789_55eb3af7,reward_sparse,eval,3,789,easy,5,5,0.1,0.95,0.0,default,100,10.0,8,1,1,0,0,,
reward_sparse_789_55eb3af7,reward_sparse,eval,4,789,easy,5,5,0.1,0.95,0.0,default,100,10.0,8,1,1,0,0,,
reward_sparse_789_55eb3af7,reward_sparse,eval,5,789,easy,5,5,0.1,0.95,0.0,default,100,10.0,8,1,1,0,0,,
reward_sparse_789_55eb3af7,reward_sparse,eval,6,789,easy,5,5,0.1,0.95,0.0,default,100,10.0,8,1,1,0,0,,
reward_sparse_789_55eb3af7,reward_sparse,eval,7,789,easy,5,5,0.1,0.95,0.0,default,100,10.0,8,1,1,0,0,,
reward_sparse_789_55eb3af7,reward_sparse,eval,8,789,easy,5,5,0.1,0.95,0.0,default,100,10.0,8,1,1,0,0,,
reward_sparse_789_55eb3af7,reward_sparse,eval,9,789,easy,5,5,0.1,0.95,0.0,default,100,10.0,8,1,1,0,0,,
reward_sparse_789_55eb3af7,reward_sparse,eval,10,789,easy,5,5,0.1,0.95,0.0,default,100,10.0,8,1,1,0,0,,
reward_sparse_789_55eb3af7,reward_sparse,eval,1,789,easy,5,5,0.1,0.95,0.0,default,100,10.0,8,1,1,0,0,,
reward_sparse_789_55eb3af7,reward_sparse,eval,2,789,easy,5,5,0.1,0.95,0.0,default,100,10.0,8,1,1,0,0,,
reward_sparse_789_55eb3af7,reward_sparse,eval,3,789,easy,5,5,0.1,0.95,0.0,default,100,10.0,8,1,1,0,0,,
reward_sparse_789_55eb3af7,reward_sparse,eval,4,789,easy,5,5,0.1,0.95,0.0,default,100,10.0,8,1,1,0,0,,
reward_sparse_789_55eb3af7,reward_sparse,eval,5,789,easy,5,5,0.1,0.95,0.0,default,100,10.0,8,1,1,0,0,,
reward_sparse_789_55eb3af7,reward_sparse,eval,6,789,easy,5,5,0.1,0.95,0.0,default,100,10.0,8,1,1,0,0,,
reward_sparse_789_55eb3af7,reward_sparse,eval,7,789,easy,5,5,0.1,0.95,0.0,default,100,10.0,8,1,1,0,0,,
reward_sparse_789_55eb3af7,reward_sparse,eval,8,789,easy,5,5,0.1,0.95,0.0,default,100,10.0,8,1,1,0,0,,
reward_sparse_789_55eb3af7,reward_sparse,eval,9,789,easy,5,5,0.1,0.95,0.0,default,100,10.0,8,1,1,0,0,,
reward_sparse_789_55eb3af7,reward_sparse,eval,10,789,easy,5,5,0.1,0.95,0.0,default,100,10.0,8,1,1,0,0,,
reward_sparse_789_55eb3af7,reward_sparse,eval,1,789,easy,5,5,0.1,0.95,0.0,default,100,10.0,8,1,1,0,0,,
reward_sparse_789_55eb3af7,reward_sparse,eval,2,789,easy,5,5,0.1,0.95,0.0,default,100,10.0,8,1,1,0,0,,
reward_sparse_789_55eb3af7,reward_sparse,eval,3,789,easy,5,5,0.1,0.95,0.0,default,100,10.0,8,1,1,0,0,,
reward_sparse_789_55eb3af7,reward_sparse,eval,4,789,easy,5,5,0.1,0.95,0.0,default,100,10.0,8,1,1,0,0,,
reward_sparse_789_55eb3af7,reward_sparse,eval,5,789,easy,5,5,0.1,0.95,0.0,default,100,10.0,8,1,1,0,0,,
reward_sparse_789_55eb3af7,reward_sparse,eval,6,789,easy,5,5,0.1,0.95,0.0,default,100,10.0,8,1,1,0,0,,
reward_sparse_789_55eb3af7,reward_sparse,eval,7,789,easy,5,5,0.1,0.95,0.0,default,100,10.0,8,1,1,0,0,,
reward_sparse_789_55eb3af7,reward_sparse,eval,8,789,easy,5,5,0.1,0.95,0.0,default,100,10.0,8,1,1,0,0,,
reward_sparse_789_55eb3af7,reward_sparse,eval,9,789,easy,5,5,0.1,0.95,0.0,default,100,10.0,8,1,1,0,0,,
reward_sparse_789_55eb3af7,reward_sparse,eval,10,789,easy,5,5,0.1,0.95,0.0,default,100,10.0,8,1,1,0,0,,
reward_sparse_789_55eb3af7,reward_sparse,eval,1,789,easy,5,5,0.1,0.95,0.0,default,100,10.0,8,1,1,0,0,,
reward_sparse_789_55eb3af7,reward_sparse,eval,2,789,easy,5,5,0.1,0.95,0.0,default,100,10.0,8,1,1,0,0,,
reward_sparse_789_55eb3af7,reward_sparse,eval,3,789,easy,5,5,0.1,0.95,0.0,default,100,10.0,8,1,1,0,0,,
reward_sparse_789_55eb3af7,reward_sparse,eval,4,789,easy,5,5,0.1,0.95,0.0,default,100,10.0,8,1,1,0,0,,
reward_sparse_789_55eb3af7,reward_sparse,eval,5,789,easy,5,5,0.1,0.95,0.0,default,100,10.0,8,1,1,0,0,,
reward_sparse_789_55eb3af7,reward_sparse,eval,6,789,easy,5,5,0.1,0.95,0.0,default,100,10.0,8,1,1,0,0,,
reward_sparse_789_55eb3af7,reward_sparse,eval,7,789,easy,5,5,0.1,0.95,0.0,default,100,10.0,8,1,1,0,0,,
reward_sparse_789_55eb3af7,reward_sparse,eval,8,789,easy,5,5,0.1,0.95,0.0,default,100,10.0,8,1,1,0,0,,
reward_sparse_789_55eb3af7,reward_sparse,eval,9,789,easy,5,5,0.1,0.95,0.0,default,100,10.0,8,1,1,0,0,,
reward_sparse_789_55eb3af7,reward_sparse,eval,10,789,easy,5,5,0.1,0.95,0.0,default,100,10.0,8,1,1,0,0,,
reward_sparse_789_55eb3af7,reward_sparse,eval,1,789,easy,5,5,0.1,0.95,0.0,default,100,10.0,8,1,1,0,0,,
reward_sparse_789_55eb3af7,reward_sparse,eval,2,789,easy,5,5,0.1,0.95,0.0,default,100,10.0,8,1,1,0,0,,
reward_sparse_789_55eb3af7,reward_sparse,eval,3,789,easy,5,5,0.1,0.95,0.0,default,100,10.0,8,1,1,0,0,,
reward_sparse_789_55eb3af7,reward_sparse,eval,4,789,easy,5,5,0.1,0.95,0.0,default,100,10.0,8,1,1,0,0,,
reward_sparse_789_55eb3af7,reward_sparse,eval,5,789,easy,5,5,0.1,0.95,0.0,default,100,10.0,8,1,1,0,0,,
reward_sparse_789_55eb3af7,reward_sparse,eval,6,789,easy,5,5,0.1,0.95,0.0,default,100,10.0,8,1,1,0,0,,
reward_sparse_789_55eb3af7,reward_sparse,eval,7,789,easy,5,5,0.1,0.95,0.0,default,100,10.0,8,1,1,0,0,,
reward_sparse_789_55eb3af7,reward_sparse,eval,8,789,easy,5,5,0.1,0.95,0.0,default,100,10.0,8,1,1,0,0,,
reward_sparse_789_55eb3af7,reward_sparse,eval,9,789,easy,5,5,0.1,0.95,0.0,default,100,10.0,8,1,1,0,0,,
reward_sparse_789_55eb3af7,reward_sparse,eval,10,789,easy,5,5,0.1,0.95,0.0,default,100,10.0,8,1,1,0,0,,
reward_sparse_789_55eb3af7,reward_sparse,eval,1,789,easy,5,5,0.1,0.95,0.0,default,100,10.0,8,1,1,0,0,,
reward_sparse_789_55eb3af7,reward_sparse,eval,2,789,easy,5,5,0.1,0.95,0.0,default,100,10.0,8,1,1,0,0,,
reward_sparse_789_55eb3af7,reward_sparse,eval,3,789,easy,5,5,0.1,0.95,0.0,default,100,10.0,8,1,1,0,0,,
reward_sparse_789_55eb3af7,reward_sparse,eval,4,789,easy,5,5,0.1,0.95,0.0,default,100,10.0,8,1,1,0,0,,
reward_sparse_789_55eb3af7,reward_sparse,eval,5,789,easy,5,5,0.1,0.95,0.0,default,100,10.0,8,1,1,0,0,,
reward_sparse_789_55eb3af7,reward_sparse,eval,6,789,easy,5,5,0.1,0.95,0.0,default,100,10.0,8,1,1,0,0,,
reward_sparse_789_55eb3af7,reward_sparse,eval,7,789,easy,5,5,0.1,0.95,0.0,default,100,10.0,8,1,1,0,0,,
reward_sparse_789_55eb3af7,reward_sparse,eval,8,789,easy,5,5,0.1,0.95,0.0,default,100,10.0,8,1,1,0,0,,
reward_sparse_789_55eb3af7,reward_sparse,eval,9,789,easy,5,5,0.1,0.95,0.0,default,100,10.0,8,1,1,0,0,,
reward_sparse_789_55eb3af7,reward_sparse,eval,10,789,easy,5,5,0.1,0.95,0.0,default,100,10.0,8,1,1,0,0,,
reward_sparse_789_55eb3af7,reward_sparse,eval,1,789,easy,5,5,0.1,0.95,0.0,default,100,10.0,8,1,1,0,0,,
reward_sparse_789_55eb3af7,reward_sparse,eval,2,789,easy,5,5,0.1,0.95,0.0,default,100,10.0,8,1,1,0,0,,
reward_sparse_789_55eb3af7,reward_sparse,eval,3,789,easy,5,5,0.1,0.95,0.0,default,100,10.0,8,1,1,0,0,,
reward_sparse_789_55eb3af7,reward_sparse,eval,4,789,easy,5,5,0.1,0.95,0.0,default,100,10.0,8,1,1,0,0,,
reward_sparse_789_55eb3af7,reward_sparse,eval,5,789,easy,5,5,0.1,0.95,0.0,default,100,10.0,8,1,1,0,0,,
reward_sparse_789_55eb3af7,reward_sparse,eval,6,789,easy,5,5,0.1,0.95,0.0,default,100,10.0,8,1,1,0,0,,
reward_sparse_789_55eb3af7,reward_sparse,eval,7,789,easy,5,5,0.1,0.95,0.0,default,100,10.0,8,1,1,0,0,,
reward_sparse_789_55eb3af7,reward_sparse,eval,8,789,easy,5,5,0.1,0.95,0.0,default,100,10.0,8,1,1,0,0,,
reward_sparse_789_55eb3af7,reward_sparse,eval,9,789,easy,5,5,0.1,0.95,0.0,default,100,10.0,8,1,1,0,0,,
reward_sparse_789_55eb3af7,reward_sparse,eval,10,789,easy,5,5,0.1,0.95,0.0,default,100,10.0,8,1,1,0,0,,
reward_sparse_789_55eb3af7,reward_sparse,eval,1,789,easy,5,5,0.1,0.95,0.0,default,100,10.0,8,1,1,0,0,,
reward_sparse_789_55eb3af7,reward_sparse,eval,2,789,easy,5,5,0.1,0.95,0.0,default,100,10.0,8,1,1,0,0,,
reward_sparse_789_55eb3af7,reward_sparse,eval,3,789,easy,5,5,0.1,0.95,0.0,default,100,10.0,8,1,1,0,0,,
reward_sparse_789_55eb3af7,reward_sparse,eval,4,789,easy,5,5,0.1,0.95,0.0,default,100,10.0,8,1,1,0,0,,
reward_sparse_789_55eb3af7,reward_sparse,eval,5,789,easy,5,5,0.1,0.95,0.0,default,100,10.0,8,1,1,0,0,,
reward_sparse_789_55eb3af7,reward_sparse,eval,6,789,easy,5,5,0.1,0.95,0.0,default,100,10.0,8,1,1,0,0,,
reward_sparse_789_55eb3af7,reward_sparse,eval,7,789,easy,5,5,0.1,0.95,0.0,default,100,10.0,8,1,1,0,0,,
reward_sparse_789_55eb3af7,reward_sparse,eval,8,789,easy,5,5,0.1,0.95,0.0,default,100,10.0,8,1,1,0,0,,
reward_sparse_789_55eb3af7,reward_sparse,eval,9,789,easy,5,5,0.1,0.95,0.0,default,100,10.0,8,1,1,0,0,,
reward_sparse_789_55eb3af7,reward_sparse,eval,10,789,easy,5,5,0.1,0.95,0.0,default,100,10.0,8,1,1,0,0,,
reward_sparse_789_55eb3af7,reward_sparse,eval,1,789,easy,5,5,0.1,0.95,0.0,default,100,10.0,8,1,1,0,0,,
reward_sparse_789_55eb3af7,reward_sparse,eval,2,789,easy,5,5,0.1,0.95,0.0,default,100,10.0,8,1,1,0,0,,
reward_sparse_789_55eb3af7,reward_sparse,eval,3,789,easy,5,5,0.1,0.95,0.0,default,100,10.0,8,1,1,0,0,,
reward_sparse_789_55eb3af7,reward_sparse,eval,4,789,easy,5,5,0.1,0.95,0.0,default,100,10.0,8,1,1,0,0,,
reward_sparse_789_55eb3af7,reward_sparse,eval,5,789,easy,5,5,0.1,0.95,0.0,default,100,10.0,8,1,1,0,0,,
reward_sparse_789_55eb3af7,reward_sparse,eval,6,789,easy,5,5,0.1,0.95,0.0,default,100,10.0,8,1,1,0,0,,
reward_sparse_789_55eb3af7,reward_sparse,eval,7,789,easy,5,5,0.1,0.95,0.0,default,100,10.0,8,1,1,0,0,,
reward_sparse_789_55eb3af7,reward_sparse,eval,8,789,easy,5,5,0.1,0.95,0.0,default,100,10.0,8,1,1,0,0,,
reward_sparse_789_55eb3af7,reward_sparse,eval,9,789,easy,5,5,0.1,0.95,0.0,default,100,10.0,8,1,1,0,0,,
reward_sparse_789_55eb3af7,reward_sparse,eval,10,789,easy,5,5,0.1,0.95,0.0,default,100,10.0,8,1,1,0,0,,
reward_sparse_789_55eb3af7,reward_sparse,eval,1,789,easy,5,5,0.1,0.95,0.0,default,100,10.0,8,1,1,0,0,,
reward_sparse_789_55eb3af7,reward_sparse,eval,2,789,easy,5,5,0.1,0.95,0.0,default,100,10.0,8,1,1,0,0,,
reward_sparse_789_55eb3af7,reward_sparse,eval,3,789,easy,5,5,0.1,0.95,0.0,default,100,10.0,8,1,1,0,0,,
reward_sparse_789_55eb3af7,reward_sparse,eval,4,789,easy,5,5,0.1,0.95,0.0,default,100,10.0,8,1,1,0,0,,
reward_sparse_789_55eb3af7,reward_sparse,eval,5,789,easy,5,5,0.1,0.95,0.0,default,100,10.0,8,1,1,0,0,,
reward_sparse_789_55eb3af7,reward_sparse,eval,6,789,easy,5,5,0.1,0.95,0.0,default,100,10.0,8,1,1,0,0,,
reward_sparse_789_55eb3af7,reward_sparse,eval,7,789,easy,5,5,0.1,0.95,0.0,default,100,10.0,8,1,1,0,0,,
reward_sparse_789_55eb3af7,reward_sparse,eval,8,789,easy,5,5,0.1,0.95,0.0,default,100,10.0,8,1,1,0,0,,
reward_sparse_789_55eb3af7,reward_sparse,eval,9,789,easy,5,5,0.1,0.95,0.0,default,100,10.0,8,1,1,0,0,,
reward_sparse_789_55eb3af7,reward_sparse,eval,10,789,easy,5,5,0.1,0.95,0.0,default,100,10.0,8,1,1,0,0,,
reward_sparse_789_55eb3af7,reward_sparse,eval,1,789,easy,5,5,0.1,0.95,0.0,default,100,10.0,8,1,1,0,0,,
reward_sparse_789_55eb3af7,reward_sparse,eval,2,789,easy,5,5,0.1,0.95,0.0,default,100,10.0,8,1,1,0,0,,
reward_sparse_789_55eb3af7,reward_sparse,eval,3,789,easy,5,5,0.1,0.95,0.0,default,100,10.0,8,1,1,0,0,,
reward_sparse_789_55eb3af7,reward_sparse,eval,4,789,easy,5,5,0.1,0.95,0.0,default,100,10.0,8,1,1,0,0,,
reward_sparse_789_55eb3af7,reward_sparse,eval,5,789,easy,5,5,0.1,0.95,0.0,default,100,10.0,8,1,1,0,0,,
reward_sparse_789_55eb3af7,reward_sparse,eval,6,789,easy,5,5,0.1,0.95,0.0,default,100,10.0,8,1,1,0,0,,
reward_sparse_789_55eb3af7,reward_sparse,eval,7,789,easy,5,5,0.1,0.95,0.0,default,100,10.0,8,1,1,0,0,,
reward_sparse_789_55eb3af7,reward_sparse,eval,8,789,easy,5,5,0.1,0.95,0.0,default,100,10.0,8,1,1,0,0,,
reward_sparse_789_55eb3af7,reward_sparse,eval,9,789,easy,5,5,0.1,0.95,0.0,default,100,10.0,8,1,1,0,0,,
reward_sparse_789_55eb3af7,reward_sparse,eval,10,789,easy,5,5,0.1,0.95,0.0,default,100,10.0,8,1,1,0,0,,
reward_sparse_789_55eb3af7,reward_sparse,eval,1,789,easy,5,5,0.1,0.95,0.0,default,100,10.0,8,1,1,0,0,,
reward_sparse_789_55eb3af7,reward_sparse,eval,2,789,easy,5,5,0.1,0.95,0.0,default,100,10.0,8,1,1,0,0,,
reward_sparse_789_55eb3af7,reward_sparse,eval,3,789,easy,5,5,0.1,0.95,0.0,default,100,10.0,8,1,1,0,0,,
reward_sparse_789_55eb3af7,reward_sparse,eval,4,789,easy,5,5,0.1,0.95,0.0,default,100,10.0,8,1,1,0,0,,
reward_sparse_789_55eb3af7,reward_sparse,eval,5,789,easy,5,5,0.1,0.95,0.0,default,100,10.0,8,1,1,0,0,,
reward_sparse_789_55eb3af7,reward_sparse,eval,6,789,easy,5,5,0.1,0.95,0.0,default,100,10.0,8,1,1,0,0,,
reward_sparse_789_55eb3af7,reward_sparse,eval,7,789,easy,5,5,0.1,0.95,0.0,default,100,10.0,8,1,1,0,0,,
reward_sparse_789_55eb3af7,reward_sparse,eval,8,789,easy,5,5,0.1,0.95,0.0,default,100,10.0,8,1,1,0,0,,
reward_sparse_789_55eb3af7,reward_sparse,eval,9,789,easy,5,5,0.1,0.95,0.0,default,100,10.0,8,1,1,0,0,,
reward_sparse_789_55eb3af7,reward_sparse,eval,10,789,easy,5,5,0.1,0.95,0.0,default,100,10.0,8,1,1,0,0,,
