run_id,exp_name,algorithm,phase,episode,seed,map_name,rows,cols,alpha,gamma,epsilon,reward_setting,max_steps,total_reward,steps,success,terminated,truncated,hit_trap,elapsed_sec,qtable_path
trap_penalty_q_learning_10_q_learning_456_eb52c11f,trap_penalty_q_learning_10,q_learning,train,1,456,risk,5,5,0.1,0.9,0.995,default,100,-10.2,3,0,1,0,1,0.0003668390002076194,
trap_penalty_q_learning_10_q_learning_456_eb52c11f,trap_penalty_q_learning_10,q_learning,train,2,456,risk,5,5,0.1,0.9,0.990025,default,100,-15.600000000000001,12,0,1,0,1,0.0007814719999714725,
trap_penalty_q_learning_10_q_learning_456_eb52c11f,trap_penalty_q_learning_10,q_learning,train,3,456,risk,5,5,0.1,0.9,0.985074875,default,100,-39.20000000000002,59,0,1,0,1,0.0026966370000991446,
trap_penalty_q_learning_10_q_learning_456_eb52c11f,trap_penalty_q_learning_10,q_learning,train,4,456,risk,5,5,0.1,0.9,0.9801495006250001,default,100,-41.50000000000006,100,0,0,1,0,0.004867173999855368,
trap_penalty_q_learning_10_q_learning_456_eb52c11f,trap_penalty_q_learning_10,q_learning,train,5,456,risk,5,5,0.1,0.9,0.9752487531218751,default,100,-30.700000000000035,100,0,0,1,0,0.004741368999930273,
trap_penalty_q_learning_10_q_learning_456_eb52c11f,trap_penalty_q_learning_10,q_learning,train,6,456,risk,5,5,0.1,0.9,0.9703725093562657,default,100,-45.100000000000044,100,0,0,1,0,0.004838831000142818,
trap_penalty_q_learning_10_q_learning_456_eb52c11f,trap_penalty_q_learning_10,q_learning,train,7,456,risk,5,5,0.1,0.9,0.9655206468094844,default,100,-2.899999999999997,22,1,1,0,0,0.0010383650001131173,
trap_penalty_q_learning_10_q_learning_456_eb52c11f,trap_penalty_q_learning_10,q_learning,train,8,456,risk,5,5,0.1,0.9,0.960693043575437,default,100,-33.400000000000034,100,0,0,1,0,0.004805077999890273,
trap_penalty_q_learning_10_q_learning_456_eb52c11f,trap_penalty_q_learning_10,q_learning,train,9,456,risk,5,5,0.1,0.9,0.9558895783575597,default,100,-39.70000000000005,100,0,0,1,0,0.004985054999906424,
trap_penalty_q_learning_10_q_learning_456_eb52c11f,trap_penalty_q_learning_10,q_learning,train,10,456,risk,5,5,0.1,0.9,0.9511101304657719,default,100,-10.4,5,0,1,0,1,0.0005306319999363041,
trap_penalty_q_learning_10_q_learning_456_eb52c11f,trap_penalty_q_learning_10,q_learning,train,11,456,risk,5,5,0.1,0.9,0.946354579813443,default,100,-37.90000000000008,100,0,0,1,0,0.0050629160000426054,
trap_penalty_q_learning_10_q_learning_456_eb52c11f,trap_penalty_q_learning_10,q_learning,train,12,456,risk,5,5,0.1,0.9,0.9416228069143757,default,100,-13.4,8,0,1,0,1,0.0004667010000503069,
trap_penalty_q_learning_10_q_learning_456_eb52c11f,trap_penalty_q_learning_10,q_learning,train,13,456,risk,5,5,0.1,0.9,0.9369146928798039,default,100,-10.2,3,0,1,0,1,0.0002326399999219575,
trap_penalty_q_learning_10_q_learning_456_eb52c11f,trap_penalty_q_learning_10,q_learning,train,14,456,risk,5,5,0.1,0.9,0.9322301194154049,default,100,-2.6999999999999993,20,1,1,0,0,0.0011704460000601102,
trap_penalty_q_learning_10_q_learning_456_eb52c11f,trap_penalty_q_learning_10,q_learning,train,15,456,risk,5,5,0.1,0.9,0.9275689688183278,default,100,-13.600000000000001,10,0,1,0,1,0.0007680029998482496,
trap_penalty_q_learning_10_q_learning_456_eb52c11f,trap_penalty_q_learning_10,q_learning,train,16,456,risk,5,5,0.1,0.9,0.9229311239742362,default,100,6.5,9,1,1,0,0,0.0006053269999028998,
trap_penalty_q_learning_10_q_learning_456_eb52c11f,trap_penalty_q_learning_10,q_learning,train,17,456,risk,5,5,0.1,0.9,0.918316468354365,default,100,-22.399999999999995,26,0,1,0,1,0.0012635589998808427,
trap_penalty_q_learning_10_q_learning_456_eb52c11f,trap_penalty_q_learning_10,q_learning,train,18,456,risk,5,5,0.1,0.9,0.9137248860125932,default,100,-28.900000000000055,100,0,0,1,0,0.005364787999951659,
trap_penalty_q_learning_10_q_learning_456_eb52c11f,trap_penalty_q_learning_10,q_learning,train,19,456,risk,5,5,0.1,0.9,0.9091562615825302,default,100,5.699999999999999,8,1,1,0,0,0.0006905950001510064,
trap_penalty_q_learning_10_q_learning_456_eb52c11f,trap_penalty_q_learning_10,q_learning,train,20,456,risk,5,5,0.1,0.9,0.9046104802746175,default,100,-34.300000000000054,100,0,0,1,0,0.005204892000165273,
trap_penalty_q_learning_10_q_learning_456_eb52c11f,trap_penalty_q_learning_10,q_learning,train,21,456,risk,5,5,0.1,0.9,0.9000874278732445,default,100,7.299999999999999,10,1,1,0,0,0.0007639380000910023,
trap_penalty_q_learning_10_q_learning_456_eb52c11f,trap_penalty_q_learning_10,q_learning,train,22,456,risk,5,5,0.1,0.9,0.8955869907338783,default,100,-1.0999999999999908,40,1,1,0,0,0.002339534999919124,
trap_penalty_q_learning_10_q_learning_456_eb52c11f,trap_penalty_q_learning_10,q_learning,train,23,456,risk,5,5,0.1,0.9,0.8911090557802088,default,100,1.700000000000001,21,1,1,0,0,0.001370299999962299,
trap_penalty_q_learning_10_q_learning_456_eb52c11f,trap_penalty_q_learning_10,q_learning,train,24,456,risk,5,5,0.1,0.9,0.8866535105013078,default,100,6.699999999999999,7,1,1,0,0,0.0005883080000330665,
trap_penalty_q_learning_10_q_learning_456_eb52c11f,trap_penalty_q_learning_10,q_learning,train,25,456,risk,5,5,0.1,0.9,0.8822202429488013,default,100,-1.099999999999996,22,1,1,0,0,0.0012662940000609524,
trap_penalty_q_learning_10_q_learning_456_eb52c11f,trap_penalty_q_learning_10,q_learning,train,26,456,risk,5,5,0.1,0.9,0.8778091417340573,default,100,8.5,7,1,1,0,0,0.00048587700007374224,
trap_penalty_q_learning_10_q_learning_456_eb52c11f,trap_penalty_q_learning_10,q_learning,train,27,456,risk,5,5,0.1,0.9,0.8734200960253871,default,100,4.3,13,1,1,0,0,0.0006524650000301335,
trap_penalty_q_learning_10_q_learning_456_eb52c11f,trap_penalty_q_learning_10,q_learning,train,28,456,risk,5,5,0.1,0.9,0.8690529955452602,default,100,-20.0,20,0,1,0,1,0.0013910659999964992,
trap_penalty_q_learning_10_q_learning_456_eb52c11f,trap_penalty_q_learning_10,q_learning,train,29,456,risk,5,5,0.1,0.9,0.8647077305675338,default,100,-17.799999999999997,16,0,1,0,1,0.0009507100000973878,
trap_penalty_q_learning_10_q_learning_456_eb52c11f,trap_penalty_q_learning_10,q_learning,train,30,456,risk,5,5,0.1,0.9,0.8603841919146962,default,100,-34.300000000000054,100,0,0,1,0,0.0055874459999358805,
trap_penalty_q_learning_10_q_learning_456_eb52c11f,trap_penalty_q_learning_10,q_learning,train,31,456,risk,5,5,0.1,0.9,0.8560822709551227,default,100,9.1,10,1,1,0,0,0.0007665289999749803,
trap_penalty_q_learning_10_q_learning_456_eb52c11f,trap_penalty_q_learning_10,q_learning,train,32,456,risk,5,5,0.1,0.9,0.851801859600347,default,100,4.5,11,1,1,0,0,0.0007988149998254812,
trap_penalty_q_learning_10_q_learning_456_eb52c11f,trap_penalty_q_learning_10,q_learning,train,33,456,risk,5,5,0.1,0.9,0.8475428503023453,default,100,-2.4999999999999964,27,1,1,0,0,0.001709857000150805,
trap_penalty_q_learning_10_q_learning_456_eb52c11f,trap_penalty_q_learning_10,q_learning,train,34,456,risk,5,5,0.1,0.9,0.8433051360508336,default,100,-4.299999999999992,36,1,1,0,0,0.0021235030001207633,
trap_penalty_q_learning_10_q_learning_456_eb52c11f,trap_penalty_q_learning_10,q_learning,train,35,456,risk,5,5,0.1,0.9,0.8390886103705794,default,100,0.10000000000000497,28,1,1,0,0,0.001840202000039426,
trap_penalty_q_learning_10_q_learning_456_eb52c11f,trap_penalty_q_learning_10,q_learning,train,36,456,risk,5,5,0.1,0.9,0.8348931673187264,default,100,-11.4,6,0,1,0,1,0.0004504880000695266,
trap_penalty_q_learning_10_q_learning_456_eb52c11f,trap_penalty_q_learning_10,q_learning,train,37,456,risk,5,5,0.1,0.9,0.8307187014821328,default,100,-11.4,6,0,1,0,1,0.0005070460001661559,
trap_penalty_q_learning_10_q_learning_456_eb52c11f,trap_penalty_q_learning_10,q_learning,train,38,456,risk,5,5,0.1,0.9,0.8265651079747222,default,100,-12.6,9,0,1,0,1,0.0006453359999341046,
trap_penalty_q_learning_10_q_learning_456_eb52c11f,trap_penalty_q_learning_10,q_learning,train,39,456,risk,5,5,0.1,0.9,0.8224322824348486,default,100,-17.0,17,0,1,0,1,0.0011359730001458956,
trap_penalty_q_learning_10_q_learning_456_eb52c11f,trap_penalty_q_learning_10,q_learning,train,40,456,risk,5,5,0.1,0.9,0.8183201210226743,default,100,0.7000000000000011,13,1,1,0,0,0.0008857430000261957,
trap_penalty_q_learning_10_q_learning_456_eb52c11f,trap_penalty_q_learning_10,q_learning,train,41,456,risk,5,5,0.1,0.9,0.8142285204175609,default,100,-19.199999999999996,30,0,1,0,1,0.0017708170000787504,
trap_penalty_q_learning_10_q_learning_456_eb52c11f,trap_penalty_q_learning_10,q_learning,train,42,456,risk,5,5,0.1,0.9,0.810157377815473,default,100,8.7,14,1,1,0,0,0.0007939890001580352,
trap_penalty_q_learning_10_q_learning_456_eb52c11f,trap_penalty_q_learning_10,q_learning,train,43,456,risk,5,5,0.1,0.9,0.8061065909263957,default,100,8.7,5,1,1,0,0,0.0005350209999051003,
trap_penalty_q_learning_10_q_learning_456_eb52c11f,trap_penalty_q_learning_10,q_learning,train,44,456,risk,5,5,0.1,0.9,0.8020760579717637,default,100,-1.099999999999996,22,1,1,0,0,0.0013314809998519195,
trap_penalty_q_learning_10_q_learning_456_eb52c11f,trap_penalty_q_learning_10,q_learning,train,45,456,risk,5,5,0.1,0.9,0.798065677681905,default,100,-27.50000000000005,79,1,1,0,0,0.004341825999972571,
trap_penalty_q_learning_10_q_learning_456_eb52c11f,trap_penalty_q_learning_10,q_learning,train,46,456,risk,5,5,0.1,0.9,0.7940753492934954,default,100,-17.500000000000004,51,1,1,0,0,0.003071185000180776,
trap_penalty_q_learning_10_q_learning_456_eb52c11f,trap_penalty_q_learning_10,q_learning,train,47,456,risk,5,5,0.1,0.9,0.7901049725470279,default,100,4.300000000000001,13,1,1,0,0,0.0009362799999053095,
trap_penalty_q_learning_10_q_learning_456_eb52c11f,trap_penalty_q_learning_10,q_learning,train,48,456,risk,5,5,0.1,0.9,0.7861544476842928,default,100,5.3,12,1,1,0,0,0.0008931290001328307,
trap_penalty_q_learning_10_q_learning_456_eb52c11f,trap_penalty_q_learning_10,q_learning,train,49,456,risk,5,5,0.1,0.9,0.7822236754458713,default,100,7.699999999999999,6,1,1,0,0,0.0006565469998349727,
trap_penalty_q_learning_10_q_learning_456_eb52c11f,trap_penalty_q_learning_10,q_learning,train,50,456,risk,5,5,0.1,0.9,0.778312557068642,default,100,-9.700000000000003,63,1,1,0,0,0.003915919000064605,
trap_penalty_q_learning_10_q_learning_456_eb52c11f,trap_penalty_q_learning_10,q_learning,train,51,456,risk,5,5,0.1,0.9,0.7744209942832988,default,100,-10.2,3,0,1,0,1,0.000257092999845554,
trap_penalty_q_learning_10_q_learning_456_eb52c11f,trap_penalty_q_learning_10,q_learning,train,52,456,risk,5,5,0.1,0.9,0.7705488893118823,default,100,-3.4999999999999982,19,1,1,0,0,0.000981328000079884,
trap_penalty_q_learning_10_q_learning_456_eb52c11f,trap_penalty_q_learning_10,q_learning,train,53,456,risk,5,5,0.1,0.9,0.7666961448653229,default,100,-11.2,4,0,1,0,1,0.00027731199998015654,
trap_penalty_q_learning_10_q_learning_456_eb52c11f,trap_penalty_q_learning_10,q_learning,train,54,456,risk,5,5,0.1,0.9,0.7628626641409962,default,100,4.700000000000001,9,1,1,0,0,0.0007109800001217081,
trap_penalty_q_learning_10_q_learning_456_eb52c11f,trap_penalty_q_learning_10,q_learning,train,55,456,risk,5,5,0.1,0.9,0.7590483508202912,default,100,-14.6,11,0,1,0,1,0.0007353170001351828,
trap_penalty_q_learning_10_q_learning_456_eb52c11f,trap_penalty_q_learning_10,q_learning,train,56,456,risk,5,5,0.1,0.9,0.7552531090661897,default,100,6.299999999999999,11,1,1,0,0,0.0008702979998815863,
trap_penalty_q_learning_10_q_learning_456_eb52c11f,trap_penalty_q_learning_10,q_learning,train,57,456,risk,5,5,0.1,0.9,0.7514768435208588,default,100,6.699999999999999,7,1,1,0,0,0.0006211390000316896,
trap_penalty_q_learning_10_q_learning_456_eb52c11f,trap_penalty_q_learning_10,q_learning,train,58,456,risk,5,5,0.1,0.9,0.7477194593032545,default,100,-11.700000000000003,56,1,1,0,0,0.003633793000062724,
trap_penalty_q_learning_10_q_learning_456_eb52c11f,trap_penalty_q_learning_10,q_learning,train,59,456,risk,5,5,0.1,0.9,0.7439808620067382,default,100,-11.2,4,0,1,0,1,0.0004887220000000525,
trap_penalty_q_learning_10_q_learning_456_eb52c11f,trap_penalty_q_learning_10,q_learning,train,60,456,risk,5,5,0.1,0.9,0.7402609576967045,default,100,-15.399999999999999,10,0,1,0,1,0.0006197770001108438,
trap_penalty_q_learning_10_q_learning_456_eb52c11f,trap_penalty_q_learning_10,q_learning,train,61,456,risk,5,5,0.1,0.9,0.736559652908221,default,100,8.7,5,1,1,0,0,0.00040680699999029457,
trap_penalty_q_learning_10_q_learning_456_eb52c11f,trap_penalty_q_learning_10,q_learning,train,62,456,risk,5,5,0.1,0.9,0.7328768546436799,default,100,-1.2999999999999972,24,1,1,0,0,0.0016403100000843551,
trap_penalty_q_learning_10_q_learning_456_eb52c11f,trap_penalty_q_learning_10,q_learning,train,63,456,risk,5,5,0.1,0.9,0.7292124703704616,default,100,8.7,5,1,1,0,0,0.0003987620000316383,
trap_penalty_q_learning_10_q_learning_456_eb52c11f,trap_penalty_q_learning_10,q_learning,train,64,456,risk,5,5,0.1,0.9,0.7255664080186093,default,100,8.7,5,1,1,0,0,0.0004682100000081846,
trap_penalty_q_learning_10_q_learning_456_eb52c11f,trap_penalty_q_learning_10,q_learning,train,65,456,risk,5,5,0.1,0.9,0.7219385759785162,default,100,3.1000000000000014,16,1,1,0,0,0.0010148169999411039,
trap_penalty_q_learning_10_q_learning_456_eb52c11f,trap_penalty_q_learning_10,q_learning,train,66,456,risk,5,5,0.1,0.9,0.7183288830986236,default,100,0.8999999999999986,20,1,1,0,0,0.001309707000018534,
trap_penalty_q_learning_10_q_learning_456_eb52c11f,trap_penalty_q_learning_10,q_learning,train,67,456,risk,5,5,0.1,0.9,0.7147372386831305,default,100,5.299999999999999,12,1,1,0,0,0.0008458679999421292,
trap_penalty_q_learning_10_q_learning_456_eb52c11f,trap_penalty_q_learning_10,q_learning,train,68,456,risk,5,5,0.1,0.9,0.7111635524897149,default,100,-12.600000000000001,9,0,1,0,1,0.000566628999877139,
trap_penalty_q_learning_10_q_learning_456_eb52c11f,trap_penalty_q_learning_10,q_learning,train,69,456,risk,5,5,0.1,0.9,0.7076077347272662,default,100,-10.899999999999999,75,1,1,0,0,0.004098679999970045,
trap_penalty_q_learning_10_q_learning_456_eb52c11f,trap_penalty_q_learning_10,q_learning,train,70,456,risk,5,5,0.1,0.9,0.7040696960536299,default,100,-10.4,5,0,1,0,1,0.0004743960000723746,
trap_penalty_q_learning_10_q_learning_456_eb52c11f,trap_penalty_q_learning_10,q_learning,train,71,456,risk,5,5,0.1,0.9,0.7005493475733617,default,100,-16.6,13,0,1,0,1,0.0009592559999873629,
trap_penalty_q_learning_10_q_learning_456_eb52c11f,trap_penalty_q_learning_10,q_learning,train,72,456,risk,5,5,0.1,0.9,0.697046600835495,default,100,8.7,5,1,1,0,0,0.00047503099995083176,
trap_penalty_q_learning_10_q_learning_456_eb52c11f,trap_penalty_q_learning_10,q_learning,train,73,456,risk,5,5,0.1,0.9,0.6935613678313175,default,100,0.3000000000000025,17,1,1,0,0,0.0012450899998839304,
trap_penalty_q_learning_10_q_learning_456_eb52c11f,trap_penalty_q_learning_10,q_learning,train,74,456,risk,5,5,0.1,0.9,0.6900935609921609,default,100,4.300000000000001,13,1,1,0,0,0.001044391000050382,
trap_penalty_q_learning_10_q_learning_456_eb52c11f,trap_penalty_q_learning_10,q_learning,train,75,456,risk,5,5,0.1,0.9,0.6866430931872001,default,100,3.5,12,1,1,0,0,0.0008956079998370114,
trap_penalty_q_learning_10_q_learning_456_eb52c11f,trap_penalty_q_learning_10,q_learning,train,76,456,risk,5,5,0.1,0.9,0.6832098777212641,default,100,6.699999999999999,7,1,1,0,0,0.0006286020000061399,
trap_penalty_q_learning_10_q_learning_456_eb52c11f,trap_penalty_q_learning_10,q_learning,train,77,456,risk,5,5,0.1,0.9,0.6797938283326578,default,100,-12.2,5,0,1,0,1,0.00034509199986132444,
trap_penalty_q_learning_10_q_learning_456_eb52c11f,trap_penalty_q_learning_10,q_learning,train,78,456,risk,5,5,0.1,0.9,0.6763948591909945,default,100,2.9000000000000004,18,1,1,0,0,0.0012212970000291534,
trap_penalty_q_learning_10_q_learning_456_eb52c11f,trap_penalty_q_learning_10,q_learning,train,79,456,risk,5,5,0.1,0.9,0.6730128848950395,default,100,8.7,5,1,1,0,0,0.0003969939998569316,
trap_penalty_q_learning_10_q_learning_456_eb52c11f,trap_penalty_q_learning_10,q_learning,train,80,456,risk,5,5,0.1,0.9,0.6696478204705644,default,100,-15.399999999999999,19,0,1,0,1,0.0012631619999865507,
trap_penalty_q_learning_10_q_learning_456_eb52c11f,trap_penalty_q_learning_10,q_learning,train,81,456,risk,5,5,0.1,0.9,0.6662995813682115,default,100,-10.299999999999997,51,1,1,0,0,0.002899084999853585,
trap_penalty_q_learning_10_q_learning_456_eb52c11f,trap_penalty_q_learning_10,q_learning,train,82,456,risk,5,5,0.1,0.9,0.6629680834613705,default,100,8.5,7,1,1,0,0,0.0006442579999657028,
trap_penalty_q_learning_10_q_learning_456_eb52c11f,trap_penalty_q_learning_10,q_learning,train,83,456,risk,5,5,0.1,0.9,0.6596532430440636,default,100,7.699999999999999,6,1,1,0,0,0.000584922999905757,
trap_penalty_q_learning_10_q_learning_456_eb52c11f,trap_penalty_q_learning_10,q_learning,train,84,456,risk,5,5,0.1,0.9,0.6563549768288433,default,100,6.5,9,1,1,0,0,0.0007119029999103077,
trap_penalty_q_learning_10_q_learning_456_eb52c11f,trap_penalty_q_learning_10,q_learning,train,85,456,risk,5,5,0.1,0.9,0.653073201944699,default,100,7.5,8,1,1,0,0,0.0007153959998049686,
trap_penalty_q_learning_10_q_learning_456_eb52c11f,trap_penalty_q_learning_10,q_learning,train,86,456,risk,5,5,0.1,0.9,0.6498078359349755,default,100,7.1,12,1,1,0,0,0.0009075630000552337,
trap_penalty_q_learning_10_q_learning_456_eb52c11f,trap_penalty_q_learning_10,q_learning,train,87,456,risk,5,5,0.1,0.9,0.6465587967553006,default,100,5.3,12,1,1,0,0,0.0011366880000878155,
trap_penalty_q_learning_10_q_learning_456_eb52c11f,trap_penalty_q_learning_10,q_learning,train,88,456,risk,5,5,0.1,0.9,0.6433260027715241,default,100,5.299999999999999,12,1,1,0,0,0.0010145510000256763,
trap_penalty_q_learning_10_q_learning_456_eb52c11f,trap_penalty_q_learning_10,q_learning,train,89,456,risk,5,5,0.1,0.9,0.6401093727576664,default,100,-11.6,8,0,1,0,1,0.000712207999868042,
trap_penalty_q_learning_10_q_learning_456_eb52c11f,trap_penalty_q_learning_10,q_learning,train,90,456,risk,5,5,0.1,0.9,0.6369088258938781,default,100,5.699999999999999,8,1,1,0,0,0.0007269459999861283,
trap_penalty_q_learning_10_q_learning_456_eb52c11f,trap_penalty_q_learning_10,q_learning,train,91,456,risk,5,5,0.1,0.9,0.6337242817644086,default,100,-15.799999999999999,14,0,1,0,1,0.0010095950001414167,
trap_penalty_q_learning_10_q_learning_456_eb52c11f,trap_penalty_q_learning_10,q_learning,train,92,456,risk,5,5,0.1,0.9,0.6305556603555866,default,100,8.7,5,1,1,0,0,0.00045412899999064393,
trap_penalty_q_learning_10_q_learning_456_eb52c11f,trap_penalty_q_learning_10,q_learning,train,93,456,risk,5,5,0.1,0.9,0.6274028820538087,default,100,7.5,8,1,1,0,0,0.0007914249999885214,
trap_penalty_q_learning_10_q_learning_456_eb52c11f,trap_penalty_q_learning_10,q_learning,train,94,456,risk,5,5,0.1,0.9,0.6242658676435396,default,100,-18.799999999999997,17,0,1,0,1,0.0011066969998410059,
trap_penalty_q_learning_10_q_learning_456_eb52c11f,trap_penalty_q_learning_10,q_learning,train,95,456,risk,5,5,0.1,0.9,0.6211445383053219,default,100,-14.2,7,0,1,0,1,0.00041738699997040385,
trap_penalty_q_learning_10_q_learning_456_eb52c11f,trap_penalty_q_learning_10,q_learning,train,96,456,risk,5,5,0.1,0.9,0.6180388156137953,default,100,9.5,6,1,1,0,0,0.0006303480001861317,
trap_penalty_q_learning_10_q_learning_456_eb52c11f,trap_penalty_q_learning_10,q_learning,train,97,456,risk,5,5,0.1,0.9,0.6149486215357263,default,100,8.7,5,1,1,0,0,0.0004706409999926109,
trap_penalty_q_learning_10_q_learning_456_eb52c11f,trap_penalty_q_learning_10,q_learning,train,98,456,risk,5,5,0.1,0.9,0.6118738784280476,default,100,8.3,9,1,1,0,0,0.0007419609999033128,
trap_penalty_q_learning_10_q_learning_456_eb52c11f,trap_penalty_q_learning_10,q_learning,train,99,456,risk,5,5,0.1,0.9,0.6088145090359074,default,100,6.5,9,1,1,0,0,0.0007629679998899519,
trap_penalty_q_learning_10_q_learning_456_eb52c11f,trap_penalty_q_learning_10,q_learning,train,100,456,risk,5,5,0.1,0.9,0.6057704364907278,default,100,6.1,13,1,1,0,0,0.0010058520001621218,
trap_penalty_q_learning_10_q_learning_456_eb52c11f,trap_penalty_q_learning_10,q_learning,train,101,456,risk,5,5,0.1,0.9,0.6027415843082742,default,100,7.5,8,1,1,0,0,0.0008367840000573779,
trap_penalty_q_learning_10_q_learning_456_eb52c11f,trap_penalty_q_learning_10,q_learning,train,102,456,risk,5,5,0.1,0.9,0.5997278763867329,default,100,5.8999999999999995,15,1,1,0,0,0.001206282000111969,
trap_penalty_q_learning_10_q_learning_456_eb52c11f,trap_penalty_q_learning_10,q_learning,train,103,456,risk,5,5,0.1,0.9,0.5967292370047992,default,100,9.1,10,1,1,0,0,0.0009740420000525774,
trap_penalty_q_learning_10_q_learning_456_eb52c11f,trap_penalty_q_learning_10,q_learning,train,104,456,risk,5,5,0.1,0.9,0.5937455908197752,default,100,8.5,7,1,1,0,0,0.0007526940000843751,
trap_penalty_q_learning_10_q_learning_456_eb52c11f,trap_penalty_q_learning_10,q_learning,train,105,456,risk,5,5,0.1,0.9,0.5907768628656763,default,100,-13.4,8,0,1,0,1,0.0005885699999907956,
trap_penalty_q_learning_10_q_learning_456_eb52c11f,trap_penalty_q_learning_10,q_learning,train,106,456,risk,5,5,0.1,0.9,0.5878229785513479,default,100,7.299999999999999,10,1,1,0,0,0.0010392579999916052,
trap_penalty_q_learning_10_q_learning_456_eb52c11f,trap_penalty_q_learning_10,q_learning,train,107,456,risk,5,5,0.1,0.9,0.5848838636585911,default,100,6.699999999999999,7,1,1,0,0,0.000620830000116257,
trap_penalty_q_learning_10_q_learning_456_eb52c11f,trap_penalty_q_learning_10,q_learning,train,108,456,risk,5,5,0.1,0.9,0.5819594443402982,default,100,8.7,5,1,1,0,0,0.00058672199998,
trap_penalty_q_learning_10_q_learning_456_eb52c11f,trap_penalty_q_learning_10,q_learning,train,109,456,risk,5,5,0.1,0.9,0.5790496471185967,default,100,-11.2,4,0,1,0,1,0.00045954100005474174,
trap_penalty_q_learning_10_q_learning_456_eb52c11f,trap_penalty_q_learning_10,q_learning,train,110,456,risk,5,5,0.1,0.9,0.5761543988830038,default,100,7.5,8,1,1,0,0,0.000661805999925491,
trap_penalty_q_learning_10_q_learning_456_eb52c11f,trap_penalty_q_learning_10,q_learning,train,111,456,risk,5,5,0.1,0.9,0.5732736268885887,default,100,4.5,11,1,1,0,0,0.0008983559998796409,
trap_penalty_q_learning_10_q_learning_456_eb52c11f,trap_penalty_q_learning_10,q_learning,train,112,456,risk,5,5,0.1,0.9,0.5704072587541458,default,100,-11.2,4,0,1,0,1,0.0003968749999785359,
trap_penalty_q_learning_10_q_learning_456_eb52c11f,trap_penalty_q_learning_10,q_learning,train,113,456,risk,5,5,0.1,0.9,0.567555222460375,default,100,6.5,9,1,1,0,0,0.0008723680000457534,
trap_penalty_q_learning_10_q_learning_456_eb52c11f,trap_penalty_q_learning_10,q_learning,train,114,456,risk,5,5,0.1,0.9,0.5647174463480732,default,100,-10.2,3,0,1,0,1,0.00034911099987766647,
trap_penalty_q_learning_10_q_learning_456_eb52c11f,trap_penalty_q_learning_10,q_learning,train,115,456,risk,5,5,0.1,0.9,0.5618938591163328,default,100,8.7,5,1,1,0,0,0.0005225820000305248,
trap_penalty_q_learning_10_q_learning_456_eb52c11f,trap_penalty_q_learning_10,q_learning,train,116,456,risk,5,5,0.1,0.9,0.5590843898207511,default,100,8.7,5,1,1,0,0,0.000643013999933828,
trap_penalty_q_learning_10_q_learning_456_eb52c11f,trap_penalty_q_learning_10,q_learning,train,117,456,risk,5,5,0.1,0.9,0.5562889678716474,default,100,9.7,4,1,1,0,0,0.0005551320000449778,
trap_penalty_q_learning_10_q_learning_456_eb52c11f,trap_penalty_q_learning_10,q_learning,train,118,456,risk,5,5,0.1,0.9,0.5535075230322891,default,100,6.299999999999999,11,1,1,0,0,0.0010125189999143913,
trap_penalty_q_learning_10_q_learning_456_eb52c11f,trap_penalty_q_learning_10,q_learning,train,119,456,risk,5,5,0.1,0.9,0.5507399854171277,default,100,6.1,13,1,1,0,0,0.001171589000023232,
trap_penalty_q_learning_10_q_learning_456_eb52c11f,trap_penalty_q_learning_10,q_learning,train,120,456,risk,5,5,0.1,0.9,0.547986285490042,default,100,-13.2,6,0,1,0,1,0.000491270000111399,
trap_penalty_q_learning_10_q_learning_456_eb52c11f,trap_penalty_q_learning_10,q_learning,train,121,456,risk,5,5,0.1,0.9,0.5452463540625918,default,100,8.5,7,1,1,0,0,0.0007767069998863008,
trap_penalty_q_learning_10_q_learning_456_eb52c11f,trap_penalty_q_learning_10,q_learning,train,122,456,risk,5,5,0.1,0.9,0.5425201222922789,default,100,5.500000000000001,10,1,1,0,0,0.0008961820001331944,
trap_penalty_q_learning_10_q_learning_456_eb52c11f,trap_penalty_q_learning_10,q_learning,train,123,456,risk,5,5,0.1,0.9,0.5398075216808175,default,100,7.1,12,1,1,0,0,0.0011188199998741766,
trap_penalty_q_learning_10_q_learning_456_eb52c11f,trap_penalty_q_learning_10,q_learning,train,124,456,risk,5,5,0.1,0.9,0.5371084840724134,default,100,8.7,5,1,1,0,0,0.0005846760000167706,
trap_penalty_q_learning_10_q_learning_456_eb52c11f,trap_penalty_q_learning_10,q_learning,train,125,456,risk,5,5,0.1,0.9,0.5344229416520513,default,100,-11.2,4,0,1,0,1,0.0004746129998238757,
trap_penalty_q_learning_10_q_learning_456_eb52c11f,trap_penalty_q_learning_10,q_learning,train,126,456,risk,5,5,0.1,0.9,0.531750826943791,default,100,8.7,5,1,1,0,0,0.0005214459999933752,
trap_penalty_q_learning_10_q_learning_456_eb52c11f,trap_penalty_q_learning_10,q_learning,train,127,456,risk,5,5,0.1,0.9,0.5290920728090721,default,100,6.699999999999999,16,1,1,0,0,0.0011755079999602458,
trap_penalty_q_learning_10_q_learning_456_eb52c11f,trap_penalty_q_learning_10,q_learning,train,128,456,risk,5,5,0.1,0.9,0.5264466124450268,default,100,7.699999999999999,6,1,1,0,0,0.0006239740000637539,
trap_penalty_q_learning_10_q_learning_456_eb52c11f,trap_penalty_q_learning_10,q_learning,train,129,456,risk,5,5,0.1,0.9,0.5238143793828016,default,100,9.7,4,1,1,0,0,0.000603406999971412,
trap_penalty_q_learning_10_q_learning_456_eb52c11f,trap_penalty_q_learning_10,q_learning,train,130,456,risk,5,5,0.1,0.9,0.5211953074858876,default,100,6.899999999999999,14,1,1,0,0,0.0011700049999490147,
trap_penalty_q_learning_10_q_learning_456_eb52c11f,trap_penalty_q_learning_10,q_learning,train,131,456,risk,5,5,0.1,0.9,0.5185893309484582,default,100,9.7,4,1,1,0,0,0.0006027309998444252,
trap_penalty_q_learning_10_q_learning_456_eb52c11f,trap_penalty_q_learning_10,q_learning,train,132,456,risk,5,5,0.1,0.9,0.5159963842937159,default,100,9.7,4,1,1,0,0,0.0005805670000427199,
trap_penalty_q_learning_10_q_learning_456_eb52c11f,trap_penalty_q_learning_10,q_learning,train,133,456,risk,5,5,0.1,0.9,0.5134164023722473,default,100,1.5,14,1,1,0,0,0.0011612289999902714,
trap_penalty_q_learning_10_q_learning_456_eb52c11f,trap_penalty_q_learning_10,q_learning,train,134,456,risk,5,5,0.1,0.9,0.510849320360386,default,100,-12.2,5,0,1,0,1,0.00043636099985633336,
trap_penalty_q_learning_10_q_learning_456_eb52c11f,trap_penalty_q_learning_10,q_learning,train,135,456,risk,5,5,0.1,0.9,0.5082950737585841,default,100,8.3,9,1,1,0,0,0.0010136669998246362,
trap_penalty_q_learning_10_q_learning_456_eb52c11f,trap_penalty_q_learning_10,q_learning,train,136,456,risk,5,5,0.1,0.9,0.5057535983897912,default,100,-11.6,8,0,1,0,1,0.0007342480000716023,
trap_penalty_q_learning_10_q_learning_456_eb52c11f,trap_penalty_q_learning_10,q_learning,train,137,456,risk,5,5,0.1,0.9,0.5032248303978422,default,100,9.7,4,1,1,0,0,0.0005883329999960552,
trap_penalty_q_learning_10_q_learning_456_eb52c11f,trap_penalty_q_learning_10,q_learning,train,138,456,risk,5,5,0.1,0.9,0.500708706245853,default,100,7.5,8,1,1,0,0,0.0007931659999940166,
trap_penalty_q_learning_10_q_learning_456_eb52c11f,trap_penalty_q_learning_10,q_learning,train,139,456,risk,5,5,0.1,0.9,0.4982051627146237,default,100,-10.2,3,0,1,0,1,0.00041583799998079485,
trap_penalty_q_learning_10_q_learning_456_eb52c11f,trap_penalty_q_learning_10,q_learning,train,140,456,risk,5,5,0.1,0.9,0.49571413690105054,default,100,8.7,5,1,1,0,0,0.0005693959999462095,
trap_penalty_q_learning_10_q_learning_456_eb52c11f,trap_penalty_q_learning_10,q_learning,train,141,456,risk,5,5,0.1,0.9,0.4932355662165453,default,100,-15.600000000000001,21,0,1,0,1,0.001697189000196886,
trap_penalty_q_learning_10_q_learning_456_eb52c11f,trap_penalty_q_learning_10,q_learning,train,142,456,risk,5,5,0.1,0.9,0.4907693883854626,default,100,-11.4,6,0,1,0,1,0.0005817620001380419,
trap_penalty_q_learning_10_q_learning_456_eb52c11f,trap_penalty_q_learning_10,q_learning,train,143,456,risk,5,5,0.1,0.9,0.4883155414435353,default,100,8.7,5,1,1,0,0,0.0005206129999351106,
trap_penalty_q_learning_10_q_learning_456_eb52c11f,trap_penalty_q_learning_10,q_learning,train,144,456,risk,5,5,0.1,0.9,0.4858739637363176,default,100,7.699999999999999,6,1,1,0,0,0.000716022000005978,
trap_penalty_q_learning_10_q_learning_456_eb52c11f,trap_penalty_q_learning_10,q_learning,train,145,456,risk,5,5,0.1,0.9,0.483444593917636,default,100,8.5,7,1,1,0,0,0.0007531249998464773,
trap_penalty_q_learning_10_q_learning_456_eb52c11f,trap_penalty_q_learning_10,q_learning,train,146,456,risk,5,5,0.1,0.9,0.4810273709480478,default,100,8.7,5,1,1,0,0,0.000517797999918912,
trap_penalty_q_learning_10_q_learning_456_eb52c11f,trap_penalty_q_learning_10,q_learning,train,147,456,risk,5,5,0.1,0.9,0.47862223409330756,default,100,9.7,4,1,1,0,0,0.0005910059999223449,
trap_penalty_q_learning_10_q_learning_456_eb52c11f,trap_penalty_q_learning_10,q_learning,train,148,456,risk,5,5,0.1,0.9,0.47622912292284103,default,100,9.7,4,1,1,0,0,0.0006076939998820308,
trap_penalty_q_learning_10_q_learning_456_eb52c11f,trap_penalty_q_learning_10,q_learning,train,149,456,risk,5,5,0.1,0.9,0.4738479773082268,default,100,5.3,12,1,1,0,0,0.0010457580001457245,
trap_penalty_q_learning_10_q_learning_456_eb52c11f,trap_penalty_q_learning_10,q_learning,train,150,456,risk,5,5,0.1,0.9,0.47147873742168567,default,100,8.1,11,1,1,0,0,0.0010344299998905626,
trap_penalty_q_learning_10_q_learning_456_eb52c11f,trap_penalty_q_learning_10,q_learning,train,151,456,risk,5,5,0.1,0.9,0.46912134373457726,default,100,7.699999999999999,6,1,1,0,0,0.0006352959999276209,
trap_penalty_q_learning_10_q_learning_456_eb52c11f,trap_penalty_q_learning_10,q_learning,train,152,456,risk,5,5,0.1,0.9,0.46677573701590436,default,100,8.7,5,1,1,0,0,0.00063526400003866,
trap_penalty_q_learning_10_q_learning_456_eb52c11f,trap_penalty_q_learning_10,q_learning,train,153,456,risk,5,5,0.1,0.9,0.46444185833082485,default,100,8.5,7,1,1,0,0,0.0007383030001619773,
trap_penalty_q_learning_10_q_learning_456_eb52c11f,trap_penalty_q_learning_10,q_learning,train,154,456,risk,5,5,0.1,0.9,0.46211964903917074,default,100,6.299999999999999,11,1,1,0,0,0.0009340849999261991,
trap_penalty_q_learning_10_q_learning_456_eb52c11f,trap_penalty_q_learning_10,q_learning,train,155,456,risk,5,5,0.1,0.9,0.4598090507939749,default,100,9.5,6,1,1,0,0,0.00072953999983838,
trap_penalty_q_learning_10_q_learning_456_eb52c11f,trap_penalty_q_learning_10,q_learning,train,156,456,risk,5,5,0.1,0.9,0.457510005540005,default,100,9.7,4,1,1,0,0,0.0005891509999855771,
trap_penalty_q_learning_10_q_learning_456_eb52c11f,trap_penalty_q_learning_10,q_learning,train,157,456,risk,5,5,0.1,0.9,0.45522245551230495,default,100,9.7,4,1,1,0,0,0.0005312659998253366,
trap_penalty_q_learning_10_q_learning_456_eb52c11f,trap_penalty_q_learning_10,q_learning,train,158,456,risk,5,5,0.1,0.9,0.4529463432347434,default,100,9.7,4,1,1,0,0,0.0004504230000748066,
trap_penalty_q_learning_10_q_learning_456_eb52c11f,trap_penalty_q_learning_10,q_learning,train,159,456,risk,5,5,0.1,0.9,0.4506816115185697,default,100,8.7,5,1,1,0,0,0.0006435749999127438,
trap_penalty_q_learning_10_q_learning_456_eb52c11f,trap_penalty_q_learning_10,q_learning,train,160,456,risk,5,5,0.1,0.9,0.4484282034609769,default,100,6.699999999999999,7,1,1,0,0,0.0005940309999914462,
trap_penalty_q_learning_10_q_learning_456_eb52c11f,trap_penalty_q_learning_10,q_learning,train,161,456,risk,5,5,0.1,0.9,0.446186062443672,default,100,-13.6,10,0,1,0,1,0.000837683000099787,
trap_penalty_q_learning_10_q_learning_456_eb52c11f,trap_penalty_q_learning_10,q_learning,train,162,456,risk,5,5,0.1,0.9,0.4439551321314536,default,100,7.699999999999999,6,1,1,0,0,0.0007091909999417112,
trap_penalty_q_learning_10_q_learning_456_eb52c11f,trap_penalty_q_learning_10,q_learning,train,163,456,risk,5,5,0.1,0.9,0.4417353564707963,default,100,8.7,5,1,1,0,0,0.0005036869999912597,
trap_penalty_q_learning_10_q_learning_456_eb52c11f,trap_penalty_q_learning_10,q_learning,train,164,456,risk,5,5,0.1,0.9,0.43952667968844233,default,100,6.5,9,1,1,0,0,0.000932641999952466,
trap_penalty_q_learning_10_q_learning_456_eb52c11f,trap_penalty_q_learning_10,q_learning,train,165,456,risk,5,5,0.1,0.9,0.43732904629000013,default,100,8.5,7,1,1,0,0,0.0007533049999892683,
trap_penalty_q_learning_10_q_learning_456_eb52c11f,trap_penalty_q_learning_10,q_learning,train,166,456,risk,5,5,0.1,0.9,0.4351424010585501,default,100,-12.2,5,0,1,0,1,0.00043221700002504804,
trap_penalty_q_learning_10_q_learning_456_eb52c11f,trap_penalty_q_learning_10,q_learning,train,167,456,risk,5,5,0.1,0.9,0.43296668905325736,default,100,9.7,4,1,1,0,0,0.0006014509999658912,
trap_penalty_q_learning_10_q_learning_456_eb52c11f,trap_penalty_q_learning_10,q_learning,train,168,456,risk,5,5,0.1,0.9,0.43080185560799106,default,100,8.7,5,1,1,0,0,0.0006420510001134971,
trap_penalty_q_learning_10_q_learning_456_eb52c11f,trap_penalty_q_learning_10,q_learning,train,169,456,risk,5,5,0.1,0.9,0.4286478463299511,default,100,7.7,6,1,1,0,0,0.0006168610000258923,
trap_penalty_q_learning_10_q_learning_456_eb52c11f,trap_penalty_q_learning_10,q_learning,train,170,456,risk,5,5,0.1,0.9,0.42650460709830135,default,100,9.7,4,1,1,0,0,0.0005925469999965571,
trap_penalty_q_learning_10_q_learning_456_eb52c11f,trap_penalty_q_learning_10,q_learning,train,171,456,risk,5,5,0.1,0.9,0.42437208406280985,default,100,8.3,9,1,1,0,0,0.0009283980000418524,
trap_penalty_q_learning_10_q_learning_456_eb52c11f,trap_penalty_q_learning_10,q_learning,train,172,456,risk,5,5,0.1,0.9,0.4222502236424958,default,100,9.7,4,1,1,0,0,0.0005888530001811887,
trap_penalty_q_learning_10_q_learning_456_eb52c11f,trap_penalty_q_learning_10,q_learning,train,173,456,risk,5,5,0.1,0.9,0.42013897252428334,default,100,7.699999999999999,6,1,1,0,0,0.0006237909999526892,
trap_penalty_q_learning_10_q_learning_456_eb52c11f,trap_penalty_q_learning_10,q_learning,train,174,456,risk,5,5,0.1,0.9,0.4180382776616619,default,100,7.699999999999999,6,1,1,0,0,0.0006243539999104541,
trap_penalty_q_learning_10_q_learning_456_eb52c11f,trap_penalty_q_learning_10,q_learning,train,175,456,risk,5,5,0.1,0.9,0.4159480862733536,default,100,8.7,5,1,1,0,0,0.0005015950000597513,
trap_penalty_q_learning_10_q_learning_456_eb52c11f,trap_penalty_q_learning_10,q_learning,train,176,456,risk,5,5,0.1,0.9,0.41386834584198684,default,100,-10.4,5,0,1,0,1,0.0005866340000011405,
trap_penalty_q_learning_10_q_learning_456_eb52c11f,trap_penalty_q_learning_10,q_learning,train,177,456,risk,5,5,0.1,0.9,0.4117990041127769,default,100,8.7,5,1,1,0,0,0.0005936099998962163,
trap_penalty_q_learning_10_q_learning_456_eb52c11f,trap_penalty_q_learning_10,q_learning,train,178,456,risk,5,5,0.1,0.9,0.40974000909221303,default,100,-12.4,7,0,1,0,1,0.0006151959998987877,
trap_penalty_q_learning_10_q_learning_456_eb52c11f,trap_penalty_q_learning_10,q_learning,train,179,456,risk,5,5,0.1,0.9,0.40769130904675194,default,100,9.7,4,1,1,0,0,0.0005238359999566455,
trap_penalty_q_learning_10_q_learning_456_eb52c11f,trap_penalty_q_learning_10,q_learning,train,180,456,risk,5,5,0.1,0.9,0.40565285250151817,default,100,8.5,7,1,1,0,0,0.0008085779998054932,
trap_penalty_q_learning_10_q_learning_456_eb52c11f,trap_penalty_q_learning_10,q_learning,train,181,456,risk,5,5,0.1,0.9,0.4036245882390106,default,100,9.7,4,1,1,0,0,0.0005686289998720895,
trap_penalty_q_learning_10_q_learning_456_eb52c11f,trap_penalty_q_learning_10,q_learning,train,182,456,risk,5,5,0.1,0.9,0.4016064652978155,default,100,9.5,6,1,1,0,0,0.0006357459999435378,
trap_penalty_q_learning_10_q_learning_456_eb52c11f,trap_penalty_q_learning_10,q_learning,train,183,456,risk,5,5,0.1,0.9,0.3995984329713264,default,100,-11.2,4,0,1,0,1,0.0004592220000176894,
trap_penalty_q_learning_10_q_learning_456_eb52c11f,trap_penalty_q_learning_10,q_learning,train,184,456,risk,5,5,0.1,0.9,0.3976004408064698,default,100,7.5,8,1,1,0,0,0.0008750839999720483,
trap_penalty_q_learning_10_q_learning_456_eb52c11f,trap_penalty_q_learning_10,q_learning,train,185,456,risk,5,5,0.1,0.9,0.39561243860243744,default,100,3.9000000000000004,17,1,1,0,0,0.001382477000106519,
trap_penalty_q_learning_10_q_learning_456_eb52c11f,trap_penalty_q_learning_10,q_learning,train,186,456,risk,5,5,0.1,0.9,0.3936343764094253,default,100,8.5,7,1,1,0,0,0.0008598120000442577,
trap_penalty_q_learning_10_q_learning_456_eb52c11f,trap_penalty_q_learning_10,q_learning,train,187,456,risk,5,5,0.1,0.9,0.39166620452737816,default,100,6.699999999999999,7,1,1,0,0,0.0007396210000933934,
trap_penalty_q_learning_10_q_learning_456_eb52c11f,trap_penalty_q_learning_10,q_learning,train,188,456,risk,5,5,0.1,0.9,0.3897078735047413,default,100,8.7,5,1,1,0,0,0.0005856979998952738,
trap_penalty_q_learning_10_q_learning_456_eb52c11f,trap_penalty_q_learning_10,q_learning,train,189,456,risk,5,5,0.1,0.9,0.3877593341372176,default,100,8.7,14,1,1,0,0,0.0013565679998919222,
trap_penalty_q_learning_10_q_learning_456_eb52c11f,trap_penalty_q_learning_10,q_learning,train,190,456,risk,5,5,0.1,0.9,0.3858205374665315,default,100,9.7,4,1,1,0,0,0.0005342649999420246,
trap_penalty_q_learning_10_q_learning_456_eb52c11f,trap_penalty_q_learning_10,q_learning,train,191,456,risk,5,5,0.1,0.9,0.38389143477919885,default,100,8.7,5,1,1,0,0,0.0006709150000006048,
trap_penalty_q_learning_10_q_learning_456_eb52c11f,trap_penalty_q_learning_10,q_learning,train,192,456,risk,5,5,0.1,0.9,0.3819719776053028,default,100,9.7,4,1,1,0,0,0.0005839350001224375,
trap_penalty_q_learning_10_q_learning_456_eb52c11f,trap_penalty_q_learning_10,q_learning,train,193,456,risk,5,5,0.1,0.9,0.3800621177172763,default,100,7.9,13,1,1,0,0,0.0011646179998479056,
trap_penalty_q_learning_10_q_learning_456_eb52c11f,trap_penalty_q_learning_10,q_learning,train,194,456,risk,5,5,0.1,0.9,0.37816180712868996,default,100,8.5,7,1,1,0,0,0.0008142379999753757,
trap_penalty_q_learning_10_q_learning_456_eb52c11f,trap_penalty_q_learning_10,q_learning,train,195,456,risk,5,5,0.1,0.9,0.37627099809304654,default,100,9.5,6,1,1,0,0,0.0006303539998953056,
trap_penalty_q_learning_10_q_learning_456_eb52c11f,trap_penalty_q_learning_10,q_learning,train,196,456,risk,5,5,0.1,0.9,0.3743896431025813,default,100,8.7,5,1,1,0,0,0.000660139000046911,
trap_penalty_q_learning_10_q_learning_456_eb52c11f,trap_penalty_q_learning_10,q_learning,train,197,456,risk,5,5,0.1,0.9,0.37251769488706843,default,100,-12.4,7,0,1,0,1,0.0005424540001968126,
trap_penalty_q_learning_10_q_learning_456_eb52c11f,trap_penalty_q_learning_10,q_learning,train,198,456,risk,5,5,0.1,0.9,0.3706551064126331,default,100,-10.4,5,0,1,0,1,0.0005852050001067255,
trap_penalty_q_learning_10_q_learning_456_eb52c11f,trap_penalty_q_learning_10,q_learning,train,199,456,risk,5,5,0.1,0.9,0.36880183088056995,default,100,9.7,4,1,1,0,0,0.0005887869999696704,
trap_penalty_q_learning_10_q_learning_456_eb52c11f,trap_penalty_q_learning_10,q_learning,train,200,456,risk,5,5,0.1,0.9,0.3669578217261671,default,100,-10.4,5,0,1,0,1,0.0005145229999925505,results/trap_penalty/q_learning/trap_10/seed_456/qtable_ep200.npz
trap_penalty_q_learning_10_q_learning_456_eb52c11f,trap_penalty_q_learning_10,q_learning,train,201,456,risk,5,5,0.1,0.9,0.36512303261753626,default,100,9.5,6,1,1,0,0,0.000649972000019261,
trap_penalty_q_learning_10_q_learning_456_eb52c11f,trap_penalty_q_learning_10,q_learning,train,202,456,risk,5,5,0.1,0.9,0.3632974174544486,default,100,9.7,4,1,1,0,0,0.0006178749999889988,
trap_penalty_q_learning_10_q_learning_456_eb52c11f,trap_penalty_q_learning_10,q_learning,train,203,456,risk,5,5,0.1,0.9,0.3614809303671764,default,100,7.3,10,1,1,0,0,0.0008992020000277989,
trap_penalty_q_learning_10_q_learning_456_eb52c11f,trap_penalty_q_learning_10,q_learning,train,204,456,risk,5,5,0.1,0.9,0.3596735257153405,default,100,8.7,5,1,1,0,0,0.0006914010000400594,
trap_penalty_q_learning_10_q_learning_456_eb52c11f,trap_penalty_q_learning_10,q_learning,train,205,456,risk,5,5,0.1,0.9,0.3578751580867638,default,100,8.7,5,1,1,0,0,0.0006448149999869202,
trap_penalty_q_learning_10_q_learning_456_eb52c11f,trap_penalty_q_learning_10,q_learning,train,206,456,risk,5,5,0.1,0.9,0.35608578229633,default,100,9.7,4,1,1,0,0,0.0005924140000388434,
trap_penalty_q_learning_10_q_learning_456_eb52c11f,trap_penalty_q_learning_10,q_learning,train,207,456,risk,5,5,0.1,0.9,0.3543053533848483,default,100,8.5,7,1,1,0,0,0.0008075299999745766,
trap_penalty_q_learning_10_q_learning_456_eb52c11f,trap_penalty_q_learning_10,q_learning,train,208,456,risk,5,5,0.1,0.9,0.35253382661792404,default,100,8.7,5,1,1,0,0,0.0006333720000384346,
trap_penalty_q_learning_10_q_learning_456_eb52c11f,trap_penalty_q_learning_10,q_learning,train,209,456,risk,5,5,0.1,0.9,0.3507711574848344,default,100,9.3,8,1,1,0,0,0.000945367999975133,
trap_penalty_q_learning_10_q_learning_456_eb52c11f,trap_penalty_q_learning_10,q_learning,train,210,456,risk,5,5,0.1,0.9,0.34901730169741024,default,100,6.699999999999999,7,1,1,0,0,0.0007505269998091535,
trap_penalty_q_learning_10_q_learning_456_eb52c11f,trap_penalty_q_learning_10,q_learning,train,211,456,risk,5,5,0.1,0.9,0.3472722151889232,default,100,-10.2,3,0,1,0,1,0.0004071329999533191,
trap_penalty_q_learning_10_q_learning_456_eb52c11f,trap_penalty_q_learning_10,q_learning,train,212,456,risk,5,5,0.1,0.9,0.3455358541129786,default,100,8.7,5,1,1,0,0,0.0006448579999869253,
trap_penalty_q_learning_10_q_learning_456_eb52c11f,trap_penalty_q_learning_10,q_learning,train,213,456,risk,5,5,0.1,0.9,0.3438081748424137,default,100,9.5,6,1,1,0,0,0.0007549440001639596,
trap_penalty_q_learning_10_q_learning_456_eb52c11f,trap_penalty_q_learning_10,q_learning,train,214,456,risk,5,5,0.1,0.9,0.3420891339682016,default,100,9.5,6,1,1,0,0,0.0006984130000091682,
trap_penalty_q_learning_10_q_learning_456_eb52c11f,trap_penalty_q_learning_10,q_learning,train,215,456,risk,5,5,0.1,0.9,0.3403786882983606,default,100,8.5,7,1,1,0,0,0.0006936380000297504,
trap_penalty_q_learning_10_q_learning_456_eb52c11f,trap_penalty_q_learning_10,q_learning,train,216,456,risk,5,5,0.1,0.9,0.3386767948568688,default,100,9.1,10,1,1,0,0,0.001032264000059513,
trap_penalty_q_learning_10_q_learning_456_eb52c11f,trap_penalty_q_learning_10,q_learning,train,217,456,risk,5,5,0.1,0.9,0.33698341088258443,default,100,8.7,5,1,1,0,0,0.0005850459999692248,
trap_penalty_q_learning_10_q_learning_456_eb52c11f,trap_penalty_q_learning_10,q_learning,train,218,456,risk,5,5,0.1,0.9,0.3352984938281715,default,100,7.299999999999999,10,1,1,0,0,0.0010207870000158437,
trap_penalty_q_learning_10_q_learning_456_eb52c11f,trap_penalty_q_learning_10,q_learning,train,219,456,risk,5,5,0.1,0.9,0.33362200135903064,default,100,9.7,4,1,1,0,0,0.0005858680001438188,
trap_penalty_q_learning_10_q_learning_456_eb52c11f,trap_penalty_q_learning_10,q_learning,train,220,456,risk,5,5,0.1,0.9,0.33195389135223546,default,100,9.7,4,1,1,0,0,0.000623574999963239,
trap_penalty_q_learning_10_q_learning_456_eb52c11f,trap_penalty_q_learning_10,q_learning,train,221,456,risk,5,5,0.1,0.9,0.3302941218954743,default,100,9.5,6,1,1,0,0,0.0007719620000443683,
trap_penalty_q_learning_10_q_learning_456_eb52c11f,trap_penalty_q_learning_10,q_learning,train,222,456,risk,5,5,0.1,0.9,0.32864265128599696,default,100,8.7,5,1,1,0,0,0.0006563450001522142,
trap_penalty_q_learning_10_q_learning_456_eb52c11f,trap_penalty_q_learning_10,q_learning,train,223,456,risk,5,5,0.1,0.9,0.326999438029567,default,100,-11.2,4,0,1,0,1,0.0004675960001350177,
trap_penalty_q_learning_10_q_learning_456_eb52c11f,trap_penalty_q_learning_10,q_learning,train,224,456,risk,5,5,0.1,0.9,0.3253644408394192,default,100,9.5,6,1,1,0,0,0.0007135529999686696,
trap_penalty_q_learning_10_q_learning_456_eb52c11f,trap_penalty_q_learning_10,q_learning,train,225,456,risk,5,5,0.1,0.9,0.3237376186352221,default,100,8.5,7,1,1,0,0,0.0007519410000895732,
trap_penalty_q_learning_10_q_learning_456_eb52c11f,trap_penalty_q_learning_10,q_learning,train,226,456,risk,5,5,0.1,0.9,0.322118930542046,default,100,6.699999999999999,7,1,1,0,0,0.0006765680000171415,
trap_penalty_q_learning_10_q_learning_456_eb52c11f,trap_penalty_q_learning_10,q_learning,train,227,456,risk,5,5,0.1,0.9,0.32050833588933575,default,100,7.699999999999999,6,1,1,0,0,0.0005502940000496892,
trap_penalty_q_learning_10_q_learning_456_eb52c11f,trap_penalty_q_learning_10,q_learning,train,228,456,risk,5,5,0.1,0.9,0.31890579420988907,default,100,9.7,4,1,1,0,0,0.0006029660000876902,
trap_penalty_q_learning_10_q_learning_456_eb52c11f,trap_penalty_q_learning_10,q_learning,train,229,456,risk,5,5,0.1,0.9,0.3173112652388396,default,100,9.7,4,1,1,0,0,0.0006009730000187119,
trap_penalty_q_learning_10_q_learning_456_eb52c11f,trap_penalty_q_learning_10,q_learning,train,230,456,risk,5,5,0.1,0.9,0.3157247089126454,default,100,8.5,7,1,1,0,0,0.0008181309999599762,
trap_penalty_q_learning_10_q_learning_456_eb52c11f,trap_penalty_q_learning_10,q_learning,train,231,456,risk,5,5,0.1,0.9,0.3141460853680822,default,100,9.5,6,1,1,0,0,0.0007008919999407226,
trap_penalty_q_learning_10_q_learning_456_eb52c11f,trap_penalty_q_learning_10,q_learning,train,232,456,risk,5,5,0.1,0.9,0.3125753549412418,default,100,9.7,4,1,1,0,0,0.0005966310000076191,
trap_penalty_q_learning_10_q_learning_456_eb52c11f,trap_penalty_q_learning_10,q_learning,train,233,456,risk,5,5,0.1,0.9,0.31101247816653554,default,100,8.7,5,1,1,0,0,0.0005629590000353346,
trap_penalty_q_learning_10_q_learning_456_eb52c11f,trap_penalty_q_learning_10,q_learning,train,234,456,risk,5,5,0.1,0.9,0.30945741577570285,default,100,8.7,5,1,1,0,0,0.0006562730000041483,
trap_penalty_q_learning_10_q_learning_456_eb52c11f,trap_penalty_q_learning_10,q_learning,train,235,456,risk,5,5,0.1,0.9,0.3079101286968243,default,100,9.7,4,1,1,0,0,0.0005916139998589642,
trap_penalty_q_learning_10_q_learning_456_eb52c11f,trap_penalty_q_learning_10,q_learning,train,236,456,risk,5,5,0.1,0.9,0.3063705780533402,default,100,9.5,6,1,1,0,0,0.0007968739998887031,
trap_penalty_q_learning_10_q_learning_456_eb52c11f,trap_penalty_q_learning_10,q_learning,train,237,456,risk,5,5,0.1,0.9,0.30483872516307353,default,100,9.5,6,1,1,0,0,0.0007649179999589251,
trap_penalty_q_learning_10_q_learning_456_eb52c11f,trap_penalty_q_learning_10,q_learning,train,238,456,risk,5,5,0.1,0.9,0.3033145315372582,default,100,-10.2,3,0,1,0,1,0.00041733800003385113,
trap_penalty_q_learning_10_q_learning_456_eb52c11f,trap_penalty_q_learning_10,q_learning,train,239,456,risk,5,5,0.1,0.9,0.3017979588795719,default,100,8.7,5,1,1,0,0,0.0006340699999327626,
trap_penalty_q_learning_10_q_learning_456_eb52c11f,trap_penalty_q_learning_10,q_learning,train,240,456,risk,5,5,0.1,0.9,0.30028896908517405,default,100,9.7,4,1,1,0,0,0.0005980329999601963,
trap_penalty_q_learning_10_q_learning_456_eb52c11f,trap_penalty_q_learning_10,q_learning,train,241,456,risk,5,5,0.1,0.9,0.2987875242397482,default,100,8.5,7,1,1,0,0,0.0007649359999959415,
trap_penalty_q_learning_10_q_learning_456_eb52c11f,trap_penalty_q_learning_10,q_learning,train,242,456,risk,5,5,0.1,0.9,0.29729358661854943,default,100,7.699999999999999,6,1,1,0,0,0.0006421220000447647,
trap_penalty_q_learning_10_q_learning_456_eb52c11f,trap_penalty_q_learning_10,q_learning,train,243,456,risk,5,5,0.1,0.9,0.29580711868545667,default,100,8.3,9,1,1,0,0,0.0009130390001246269,
trap_penalty_q_learning_10_q_learning_456_eb52c11f,trap_penalty_q_learning_10,q_learning,train,244,456,risk,5,5,0.1,0.9,0.2943280830920294,default,100,9.7,4,1,1,0,0,0.0005907080001179565,
trap_penalty_q_learning_10_q_learning_456_eb52c11f,trap_penalty_q_learning_10,q_learning,train,245,456,risk,5,5,0.1,0.9,0.29285644267656924,default,100,9.7,4,1,1,0,0,0.0006106559999352612,
trap_penalty_q_learning_10_q_learning_456_eb52c11f,trap_penalty_q_learning_10,q_learning,train,246,456,risk,5,5,0.1,0.9,0.2913921604631864,default,100,-10.2,3,0,1,0,1,0.00043038600006184424,
trap_penalty_q_learning_10_q_learning_456_eb52c11f,trap_penalty_q_learning_10,q_learning,train,247,456,risk,5,5,0.1,0.9,0.28993519966087045,default,100,9.7,4,1,1,0,0,0.0005998090000502998,
trap_penalty_q_learning_10_q_learning_456_eb52c11f,trap_penalty_q_learning_10,q_learning,train,248,456,risk,5,5,0.1,0.9,0.2884855236625661,default,100,9.5,6,1,1,0,0,0.0007605900000271504,
trap_penalty_q_learning_10_q_learning_456_eb52c11f,trap_penalty_q_learning_10,q_learning,train,249,456,risk,5,5,0.1,0.9,0.28704309604425327,default,100,9.7,4,1,1,0,0,0.0005813069999476284,
trap_penalty_q_learning_10_q_learning_456_eb52c11f,trap_penalty_q_learning_10,q_learning,train,250,456,risk,5,5,0.1,0.9,0.285607880564032,default,100,8.7,5,1,1,0,0,0.000647167999886733,
trap_penalty_q_learning_10_q_learning_456_eb52c11f,trap_penalty_q_learning_10,q_learning,train,251,456,risk,5,5,0.1,0.9,0.28417984116121187,default,100,8.7,5,1,1,0,0,0.0005710249999992811,
trap_penalty_q_learning_10_q_learning_456_eb52c11f,trap_penalty_q_learning_10,q_learning,train,252,456,risk,5,5,0.1,0.9,0.2827589419554058,default,100,-10.2,3,0,1,0,1,0.000405735000185814,
trap_penalty_q_learning_10_q_learning_456_eb52c11f,trap_penalty_q_learning_10,q_learning,train,253,456,risk,5,5,0.1,0.9,0.28134514724562876,default,100,9.7,4,1,1,0,0,0.0005435109999325505,
trap_penalty_q_learning_10_q_learning_456_eb52c11f,trap_penalty_q_learning_10,q_learning,train,254,456,risk,5,5,0.1,0.9,0.2799384215094006,default,100,9.7,4,1,1,0,0,0.0005944239999280398,
trap_penalty_q_learning_10_q_learning_456_eb52c11f,trap_penalty_q_learning_10,q_learning,train,255,456,risk,5,5,0.1,0.9,0.27853872940185365,default,100,9.7,4,1,1,0,0,0.0005952669998805504,
trap_penalty_q_learning_10_q_learning_456_eb52c11f,trap_penalty_q_learning_10,q_learning,train,256,456,risk,5,5,0.1,0.9,0.27714603575484437,default,100,9.7,4,1,1,0,0,0.0005156639999768231,
trap_penalty_q_learning_10_q_learning_456_eb52c11f,trap_penalty_q_learning_10,q_learning,train,257,456,risk,5,5,0.1,0.9,0.2757603055760701,default,100,9.5,6,1,1,0,0,0.0007572010001695162,
trap_penalty_q_learning_10_q_learning_456_eb52c11f,trap_penalty_q_learning_10,q_learning,train,258,456,risk,5,5,0.1,0.9,0.2743815040481898,default,100,9.7,4,1,1,0,0,0.0005935080000654125,
trap_penalty_q_learning_10_q_learning_456_eb52c11f,trap_penalty_q_learning_10,q_learning,train,259,456,risk,5,5,0.1,0.9,0.2730095965279488,default,100,9.7,4,1,1,0,0,0.0006202249999205378,
trap_penalty_q_learning_10_q_learning_456_eb52c11f,trap_penalty_q_learning_10,q_learning,train,260,456,risk,5,5,0.1,0.9,0.27164454854530906,default,100,8.5,7,1,1,0,0,0.0007540270000845339,
trap_penalty_q_learning_10_q_learning_456_eb52c11f,trap_penalty_q_learning_10,q_learning,train,261,456,risk,5,5,0.1,0.9,0.2702863258025825,default,100,8.7,5,1,1,0,0,0.0006649600002219813,
trap_penalty_q_learning_10_q_learning_456_eb52c11f,trap_penalty_q_learning_10,q_learning,train,262,456,risk,5,5,0.1,0.9,0.2689348941735696,default,100,8.7,5,1,1,0,0,0.0006496420000985381,
trap_penalty_q_learning_10_q_learning_456_eb52c11f,trap_penalty_q_learning_10,q_learning,train,263,456,risk,5,5,0.1,0.9,0.26759021970270175,default,100,-10.2,3,0,1,0,1,0.00036000400018565415,
trap_penalty_q_learning_10_q_learning_456_eb52c11f,trap_penalty_q_learning_10,q_learning,train,264,456,risk,5,5,0.1,0.9,0.2662522686041882,default,100,9.7,4,1,1,0,0,0.0006001489998652687,
trap_penalty_q_learning_10_q_learning_456_eb52c11f,trap_penalty_q_learning_10,q_learning,train,265,456,risk,5,5,0.1,0.9,0.2649210072611673,default,100,7.699999999999999,6,1,1,0,0,0.0006874450000395882,
trap_penalty_q_learning_10_q_learning_456_eb52c11f,trap_penalty_q_learning_10,q_learning,train,266,456,risk,5,5,0.1,0.9,0.26359640222486147,default,100,9.7,4,1,1,0,0,0.000599178000129541,
trap_penalty_q_learning_10_q_learning_456_eb52c11f,trap_penalty_q_learning_10,q_learning,train,267,456,risk,5,5,0.1,0.9,0.26227842021373715,default,100,7.699999999999999,6,1,1,0,0,0.0006221060000370926,
trap_penalty_q_learning_10_q_learning_456_eb52c11f,trap_penalty_q_learning_10,q_learning,train,268,456,risk,5,5,0.1,0.9,0.2609670281126685,default,100,9.7,4,1,1,0,0,0.0005835930001012457,
trap_penalty_q_learning_10_q_learning_456_eb52c11f,trap_penalty_q_learning_10,q_learning,train,269,456,risk,5,5,0.1,0.9,0.25966219297210513,default,100,9.7,4,1,1,0,0,0.0005954910000127711,
trap_penalty_q_learning_10_q_learning_456_eb52c11f,trap_penalty_q_learning_10,q_learning,train,270,456,risk,5,5,0.1,0.9,0.2583638820072446,default,100,9.7,4,1,1,0,0,0.0005479819999436586,
trap_penalty_q_learning_10_q_learning_456_eb52c11f,trap_penalty_q_learning_10,q_learning,train,271,456,risk,5,5,0.1,0.9,0.2570720625972084,default,100,7.5,8,1,1,0,0,0.0007961730000261014,
trap_penalty_q_learning_10_q_learning_456_eb52c11f,trap_penalty_q_learning_10,q_learning,train,272,456,risk,5,5,0.1,0.9,0.25578670228422234,default,100,8.7,5,1,1,0,0,0.0006499419998817757,
trap_penalty_q_learning_10_q_learning_456_eb52c11f,trap_penalty_q_learning_10,q_learning,train,273,456,risk,5,5,0.1,0.9,0.25450776877280124,default,100,9.7,4,1,1,0,0,0.0005919749999065971,
trap_penalty_q_learning_10_q_learning_456_eb52c11f,trap_penalty_q_learning_10,q_learning,train,274,456,risk,5,5,0.1,0.9,0.2532352299289372,default,100,-10.2,3,0,1,0,1,0.00040747599996393546,
trap_penalty_q_learning_10_q_learning_456_eb52c11f,trap_penalty_q_learning_10,q_learning,train,275,456,risk,5,5,0.1,0.9,0.2519690537792925,default,100,9.7,4,1,1,0,0,0.0005942599998434162,
trap_penalty_q_learning_10_q_learning_456_eb52c11f,trap_penalty_q_learning_10,q_learning,train,276,456,risk,5,5,0.1,0.9,0.2507092085103961,default,100,6.5,9,1,1,0,0,0.0009167450000404642,
trap_penalty_q_learning_10_q_learning_456_eb52c11f,trap_penalty_q_learning_10,q_learning,train,277,456,risk,5,5,0.1,0.9,0.2494556624678441,default,100,9.7,4,1,1,0,0,0.000536654000143244,
trap_penalty_q_learning_10_q_learning_456_eb52c11f,trap_penalty_q_learning_10,q_learning,train,278,456,risk,5,5,0.1,0.9,0.24820838415550486,default,100,9.5,6,1,1,0,0,0.0006957929999771295,
trap_penalty_q_learning_10_q_learning_456_eb52c11f,trap_penalty_q_learning_10,q_learning,train,279,456,risk,5,5,0.1,0.9,0.24696734223472733,default,100,6.5,9,1,1,0,0,0.0008402339999520336,
trap_penalty_q_learning_10_q_learning_456_eb52c11f,trap_penalty_q_learning_10,q_learning,train,280,456,risk,5,5,0.1,0.9,0.2457325055235537,default,100,9.7,4,1,1,0,0,0.0005896029999803432,
trap_penalty_q_learning_10_q_learning_456_eb52c11f,trap_penalty_q_learning_10,q_learning,train,281,456,risk,5,5,0.1,0.9,0.24450384299593592,default,100,9.7,4,1,1,0,0,0.0005991240000184916,
trap_penalty_q_learning_10_q_learning_456_eb52c11f,trap_penalty_q_learning_10,q_learning,train,282,456,risk,5,5,0.1,0.9,0.24328132378095624,default,100,8.7,5,1,1,0,0,0.0006465040000875888,
trap_penalty_q_learning_10_q_learning_456_eb52c11f,trap_penalty_q_learning_10,q_learning,train,283,456,risk,5,5,0.1,0.9,0.24206491716205145,default,100,8.7,5,1,1,0,0,0.0006489799998234957,
trap_penalty_q_learning_10_q_learning_456_eb52c11f,trap_penalty_q_learning_10,q_learning,train,284,456,risk,5,5,0.1,0.9,0.2408545925762412,default,100,-10.2,3,0,1,0,1,0.0003353039999183238,
trap_penalty_q_learning_10_q_learning_456_eb52c11f,trap_penalty_q_learning_10,q_learning,train,285,456,risk,5,5,0.1,0.9,0.23965031961336,default,100,9.7,4,1,1,0,0,0.000542622000011761,
trap_penalty_q_learning_10_q_learning_456_eb52c11f,trap_penalty_q_learning_10,q_learning,train,286,456,risk,5,5,0.1,0.9,0.2384520680152932,default,100,9.7,4,1,1,0,0,0.0006104670001150225,
trap_penalty_q_learning_10_q_learning_456_eb52c11f,trap_penalty_q_learning_10,q_learning,train,287,456,risk,5,5,0.1,0.9,0.23725980767521673,default,100,9.7,4,1,1,0,0,0.000594019000118351,
trap_penalty_q_learning_10_q_learning_456_eb52c11f,trap_penalty_q_learning_10,q_learning,train,288,456,risk,5,5,0.1,0.9,0.23607350863684065,default,100,9.7,4,1,1,0,0,0.0005814749999899504,
trap_penalty_q_learning_10_q_learning_456_eb52c11f,trap_penalty_q_learning_10,q_learning,train,289,456,risk,5,5,0.1,0.9,0.23489314109365644,default,100,9.7,4,1,1,0,0,0.0006017010000505252,
trap_penalty_q_learning_10_q_learning_456_eb52c11f,trap_penalty_q_learning_10,q_learning,train,290,456,risk,5,5,0.1,0.9,0.23371867538818816,default,100,9.5,6,1,1,0,0,0.0007631790001596528,
trap_penalty_q_learning_10_q_learning_456_eb52c11f,trap_penalty_q_learning_10,q_learning,train,291,456,risk,5,5,0.1,0.9,0.23255008201124722,default,100,7.699999999999999,6,1,1,0,0,0.0006168319998778315,
trap_penalty_q_learning_10_q_learning_456_eb52c11f,trap_penalty_q_learning_10,q_learning,train,292,456,risk,5,5,0.1,0.9,0.231387331601191,default,100,8.7,5,1,1,0,0,0.0005797520000214718,
trap_penalty_q_learning_10_q_learning_456_eb52c11f,trap_penalty_q_learning_10,q_learning,train,293,456,risk,5,5,0.1,0.9,0.23023039494318503,default,100,9.5,6,1,1,0,0,0.0007881870001256175,
trap_penalty_q_learning_10_q_learning_456_eb52c11f,trap_penalty_q_learning_10,q_learning,train,294,456,risk,5,5,0.1,0.9,0.2290792429684691,default,100,7.699999999999999,6,1,1,0,0,0.0006827899999279907,
trap_penalty_q_learning_10_q_learning_456_eb52c11f,trap_penalty_q_learning_10,q_learning,train,295,456,risk,5,5,0.1,0.9,0.22793384675362674,default,100,9.7,4,1,1,0,0,0.0005988069999602885,
trap_penalty_q_learning_10_q_learning_456_eb52c11f,trap_penalty_q_learning_10,q_learning,train,296,456,risk,5,5,0.1,0.9,0.22679417751985861,default,100,9.5,6,1,1,0,0,0.0006924320000507578,
trap_penalty_q_learning_10_q_learning_456_eb52c11f,trap_penalty_q_learning_10,q_learning,train,297,456,risk,5,5,0.1,0.9,0.22566020663225933,default,100,9.7,4,1,1,0,0,0.0005814890000692685,
trap_penalty_q_learning_10_q_learning_456_eb52c11f,trap_penalty_q_learning_10,q_learning,train,298,456,risk,5,5,0.1,0.9,0.22453190559909803,default,100,8.5,7,1,1,0,0,0.0008290589998978248,
trap_penalty_q_learning_10_q_learning_456_eb52c11f,trap_penalty_q_learning_10,q_learning,train,299,456,risk,5,5,0.1,0.9,0.22340924607110255,default,100,7.5,8,1,1,0,0,0.0008571619998747337,
trap_penalty_q_learning_10_q_learning_456_eb52c11f,trap_penalty_q_learning_10,q_learning,train,300,456,risk,5,5,0.1,0.9,0.22229219984074702,default,100,9.5,6,1,1,0,0,0.0007594859998789616,
trap_penalty_q_learning_10_q_learning_456_eb52c11f,trap_penalty_q_learning_10,q_learning,train,301,456,risk,5,5,0.1,0.9,0.2211807388415433,default,100,9.7,4,1,1,0,0,0.0006173159999889322,
trap_penalty_q_learning_10_q_learning_456_eb52c11f,trap_penalty_q_learning_10,q_learning,train,302,456,risk,5,5,0.1,0.9,0.22007483514733558,default,100,9.7,4,1,1,0,0,0.0006243070001801243,
trap_penalty_q_learning_10_q_learning_456_eb52c11f,trap_penalty_q_learning_10,q_learning,train,303,456,risk,5,5,0.1,0.9,0.2189744609715989,default,100,8.7,5,1,1,0,0,0.000570931999845925,
trap_penalty_q_learning_10_q_learning_456_eb52c11f,trap_penalty_q_learning_10,q_learning,train,304,456,risk,5,5,0.1,0.9,0.2178795886667409,default,100,-13.2,6,0,1,0,1,0.0005645130001994403,
trap_penalty_q_learning_10_q_learning_456_eb52c11f,trap_penalty_q_learning_10,q_learning,train,305,456,risk,5,5,0.1,0.9,0.2167901907234072,default,100,8.7,5,1,1,0,0,0.0006464230000347015,
trap_penalty_q_learning_10_q_learning_456_eb52c11f,trap_penalty_q_learning_10,q_learning,train,306,456,risk,5,5,0.1,0.9,0.21570623976979014,default,100,9.5,6,1,1,0,0,0.0006998960000146326,
trap_penalty_q_learning_10_q_learning_456_eb52c11f,trap_penalty_q_learning_10,q_learning,train,307,456,risk,5,5,0.1,0.9,0.21462770857094118,default,100,7.5,8,1,1,0,0,0.0008590739998908248,
trap_penalty_q_learning_10_q_learning_456_eb52c11f,trap_penalty_q_learning_10,q_learning,train,308,456,risk,5,5,0.1,0.9,0.21355457002808648,default,100,-10.2,3,0,1,0,1,0.0004292529999929684,
trap_penalty_q_learning_10_q_learning_456_eb52c11f,trap_penalty_q_learning_10,q_learning,train,309,456,risk,5,5,0.1,0.9,0.21248679717794605,default,100,9.7,4,1,1,0,0,0.0005941060001077858,
trap_penalty_q_learning_10_q_learning_456_eb52c11f,trap_penalty_q_learning_10,q_learning,train,310,456,risk,5,5,0.1,0.9,0.21142436319205632,default,100,8.7,5,1,1,0,0,0.0005851000000802742,
trap_penalty_q_learning_10_q_learning_456_eb52c11f,trap_penalty_q_learning_10,q_learning,train,311,456,risk,5,5,0.1,0.9,0.21036724137609603,default,100,9.7,4,1,1,0,0,0.0005802170001061313,
trap_penalty_q_learning_10_q_learning_456_eb52c11f,trap_penalty_q_learning_10,q_learning,train,312,456,risk,5,5,0.1,0.9,0.20931540516921554,default,100,9.7,4,1,1,0,0,0.0005883779999749095,
trap_penalty_q_learning_10_q_learning_456_eb52c11f,trap_penalty_q_learning_10,q_learning,train,313,456,risk,5,5,0.1,0.9,0.20826882814336947,default,100,9.5,6,1,1,0,0,0.0006744180000168853,
trap_penalty_q_learning_10_q_learning_456_eb52c11f,trap_penalty_q_learning_10,q_learning,train,314,456,risk,5,5,0.1,0.9,0.20722748400265262,default,100,9.7,4,1,1,0,0,0.0006275590001223463,
trap_penalty_q_learning_10_q_learning_456_eb52c11f,trap_penalty_q_learning_10,q_learning,train,315,456,risk,5,5,0.1,0.9,0.20619134658263935,default,100,9.7,4,1,1,0,0,0.0006194469999627472,
trap_penalty_q_learning_10_q_learning_456_eb52c11f,trap_penalty_q_learning_10,q_learning,train,316,456,risk,5,5,0.1,0.9,0.20516038984972615,default,100,9.7,4,1,1,0,0,0.0005828099999689584,
trap_penalty_q_learning_10_q_learning_456_eb52c11f,trap_penalty_q_learning_10,q_learning,train,317,456,risk,5,5,0.1,0.9,0.2041345879004775,default,100,9.7,4,1,1,0,0,0.0005934419998538942,
trap_penalty_q_learning_10_q_learning_456_eb52c11f,trap_penalty_q_learning_10,q_learning,train,318,456,risk,5,5,0.1,0.9,0.2031139149609751,default,100,8.7,5,1,1,0,0,0.0006417469999178138,
trap_penalty_q_learning_10_q_learning_456_eb52c11f,trap_penalty_q_learning_10,q_learning,train,319,456,risk,5,5,0.1,0.9,0.20209834538617025,default,100,-10.2,3,0,1,0,1,0.0004039119999106333,
trap_penalty_q_learning_10_q_learning_456_eb52c11f,trap_penalty_q_learning_10,q_learning,train,320,456,risk,5,5,0.1,0.9,0.2010878536592394,default,100,9.7,4,1,1,0,0,0.0005948819998593535,
trap_penalty_q_learning_10_q_learning_456_eb52c11f,trap_penalty_q_learning_10,q_learning,train,321,456,risk,5,5,0.1,0.9,0.2000824143909432,default,100,9.5,6,1,1,0,0,0.0007771359998969274,
trap_penalty_q_learning_10_q_learning_456_eb52c11f,trap_penalty_q_learning_10,q_learning,train,322,456,risk,5,5,0.1,0.9,0.19908200231898848,default,100,9.7,4,1,1,0,0,0.0005850000000009459,
trap_penalty_q_learning_10_q_learning_456_eb52c11f,trap_penalty_q_learning_10,q_learning,train,323,456,risk,5,5,0.1,0.9,0.19808659230739353,default,100,9.7,4,1,1,0,0,0.0006007160000081058,
trap_penalty_q_learning_10_q_learning_456_eb52c11f,trap_penalty_q_learning_10,q_learning,train,324,456,risk,5,5,0.1,0.9,0.19709615934585656,default,100,9.7,4,1,1,0,0,0.000531314999989263,
trap_penalty_q_learning_10_q_learning_456_eb52c11f,trap_penalty_q_learning_10,q_learning,train,325,456,risk,5,5,0.1,0.9,0.19611067854912728,default,100,9.7,4,1,1,0,0,0.0005462100000386272,
trap_penalty_q_learning_10_q_learning_456_eb52c11f,trap_penalty_q_learning_10,q_learning,train,326,456,risk,5,5,0.1,0.9,0.19513012515638165,default,100,9.7,4,1,1,0,0,0.0005968770001345547,
trap_penalty_q_learning_10_q_learning_456_eb52c11f,trap_penalty_q_learning_10,q_learning,train,327,456,risk,5,5,0.1,0.9,0.19415447453059972,default,100,9.5,6,1,1,0,0,0.0007423619999826769,
trap_penalty_q_learning_10_q_learning_456_eb52c11f,trap_penalty_q_learning_10,q_learning,train,328,456,risk,5,5,0.1,0.9,0.19318370215794672,default,100,9.7,4,1,1,0,0,0.0005836230000113574,
trap_penalty_q_learning_10_q_learning_456_eb52c11f,trap_penalty_q_learning_10,q_learning,train,329,456,risk,5,5,0.1,0.9,0.192217783647157,default,100,9.7,4,1,1,0,0,0.000586466999948243,
trap_penalty_q_learning_10_q_learning_456_eb52c11f,trap_penalty_q_learning_10,q_learning,train,330,456,risk,5,5,0.1,0.9,0.1912566947289212,default,100,9.7,4,1,1,0,0,0.0005171860000245943,
trap_penalty_q_learning_10_q_learning_456_eb52c11f,trap_penalty_q_learning_10,q_learning,train,331,456,risk,5,5,0.1,0.9,0.1903004112552766,default,100,9.7,4,1,1,0,0,0.0005300469999838242,
trap_penalty_q_learning_10_q_learning_456_eb52c11f,trap_penalty_q_learning_10,q_learning,train,332,456,risk,5,5,0.1,0.9,0.18934890919900021,default,100,7.299999999999999,10,1,1,0,0,0.0010420909998174466,
trap_penalty_q_learning_10_q_learning_456_eb52c11f,trap_penalty_q_learning_10,q_learning,train,333,456,risk,5,5,0.1,0.9,0.18840216465300522,default,100,9.7,4,1,1,0,0,0.0005975020001187659,
trap_penalty_q_learning_10_q_learning_456_eb52c11f,trap_penalty_q_learning_10,q_learning,train,334,456,risk,5,5,0.1,0.9,0.18746015382974018,default,100,7.699999999999999,6,1,1,0,0,0.0006960079999771551,
trap_penalty_q_learning_10_q_learning_456_eb52c11f,trap_penalty_q_learning_10,q_learning,train,335,456,risk,5,5,0.1,0.9,0.1865228530605915,default,100,9.7,4,1,1,0,0,0.0005944170000020677,
trap_penalty_q_learning_10_q_learning_456_eb52c11f,trap_penalty_q_learning_10,q_learning,train,336,456,risk,5,5,0.1,0.9,0.18559023879528855,default,100,9.7,4,1,1,0,0,0.000522110000019893,
trap_penalty_q_learning_10_q_learning_456_eb52c11f,trap_penalty_q_learning_10,q_learning,train,337,456,risk,5,5,0.1,0.9,0.1846622876013121,default,100,9.7,4,1,1,0,0,0.0005962170000657352,
trap_penalty_q_learning_10_q_learning_456_eb52c11f,trap_penalty_q_learning_10,q_learning,train,338,456,risk,5,5,0.1,0.9,0.18373897616330553,default,100,8.7,5,1,1,0,0,0.0005279829999835783,
trap_penalty_q_learning_10_q_learning_456_eb52c11f,trap_penalty_q_learning_10,q_learning,train,339,456,risk,5,5,0.1,0.9,0.182820281282489,default,100,8.5,7,1,1,0,0,0.0008183439999811526,
trap_penalty_q_learning_10_q_learning_456_eb52c11f,trap_penalty_q_learning_10,q_learning,train,340,456,risk,5,5,0.1,0.9,0.18190617987607657,default,100,9.7,4,1,1,0,0,0.0005987790000290261,
trap_penalty_q_learning_10_q_learning_456_eb52c11f,trap_penalty_q_learning_10,q_learning,train,341,456,risk,5,5,0.1,0.9,0.18099664897669618,default,100,9.7,4,1,1,0,0,0.0006282309998368873,
trap_penalty_q_learning_10_q_learning_456_eb52c11f,trap_penalty_q_learning_10,q_learning,train,342,456,risk,5,5,0.1,0.9,0.1800916657318127,default,100,9.7,4,1,1,0,0,0.0004970249999587395,
trap_penalty_q_learning_10_q_learning_456_eb52c11f,trap_penalty_q_learning_10,q_learning,train,343,456,risk,5,5,0.1,0.9,0.17919120740315364,default,100,8.7,5,1,1,0,0,0.0005932320000283653,
trap_penalty_q_learning_10_q_learning_456_eb52c11f,trap_penalty_q_learning_10,q_learning,train,344,456,risk,5,5,0.1,0.9,0.17829525136613786,default,100,9.7,4,1,1,0,0,0.0005396419999215141,
trap_penalty_q_learning_10_q_learning_456_eb52c11f,trap_penalty_q_learning_10,q_learning,train,345,456,risk,5,5,0.1,0.9,0.17740377510930716,default,100,9.7,4,1,1,0,0,0.0005287680000947148,
trap_penalty_q_learning_10_q_learning_456_eb52c11f,trap_penalty_q_learning_10,q_learning,train,346,456,risk,5,5,0.1,0.9,0.17651675623376062,default,100,9.7,4,1,1,0,0,0.0005873340001016913,
trap_penalty_q_learning_10_q_learning_456_eb52c11f,trap_penalty_q_learning_10,q_learning,train,347,456,risk,5,5,0.1,0.9,0.1756341724525918,default,100,9.7,4,1,1,0,0,0.0005785800001376629,
trap_penalty_q_learning_10_q_learning_456_eb52c11f,trap_penalty_q_learning_10,q_learning,train,348,456,risk,5,5,0.1,0.9,0.17475600159032884,default,100,8.7,5,1,1,0,0,0.0006652669999311911,
trap_penalty_q_learning_10_q_learning_456_eb52c11f,trap_penalty_q_learning_10,q_learning,train,349,456,risk,5,5,0.1,0.9,0.17388222158237718,default,100,8.7,5,1,1,0,0,0.0005553619998863724,
trap_penalty_q_learning_10_q_learning_456_eb52c11f,trap_penalty_q_learning_10,q_learning,train,350,456,risk,5,5,0.1,0.9,0.1730128104744653,default,100,9.7,4,1,1,0,0,0.000527425999962361,
trap_penalty_q_learning_10_q_learning_456_eb52c11f,trap_penalty_q_learning_10,q_learning,train,351,456,risk,5,5,0.1,0.9,0.17214774642209296,default,100,8.7,5,1,1,0,0,0.0005857989999640267,
trap_penalty_q_learning_10_q_learning_456_eb52c11f,trap_penalty_q_learning_10,q_learning,train,352,456,risk,5,5,0.1,0.9,0.1712870076899825,default,100,9.7,4,1,1,0,0,0.0005249109999567736,
trap_penalty_q_learning_10_q_learning_456_eb52c11f,trap_penalty_q_learning_10,q_learning,train,353,456,risk,5,5,0.1,0.9,0.17043057265153258,default,100,9.5,6,1,1,0,0,0.0006837089999862656,
trap_penalty_q_learning_10_q_learning_456_eb52c11f,trap_penalty_q_learning_10,q_learning,train,354,456,risk,5,5,0.1,0.9,0.16957841978827493,default,100,8.7,5,1,1,0,0,0.0005900609999116568,
trap_penalty_q_learning_10_q_learning_456_eb52c11f,trap_penalty_q_learning_10,q_learning,train,355,456,risk,5,5,0.1,0.9,0.16873052768933355,default,100,8.7,5,1,1,0,0,0.0006272089999583841,
trap_penalty_q_learning_10_q_learning_456_eb52c11f,trap_penalty_q_learning_10,q_learning,train,356,456,risk,5,5,0.1,0.9,0.1678868750508869,default,100,9.7,4,1,1,0,0,0.0005314190000262897,
trap_penalty_q_learning_10_q_learning_456_eb52c11f,trap_penalty_q_learning_10,q_learning,train,357,456,risk,5,5,0.1,0.9,0.16704744067563246,default,100,9.5,6,1,1,0,0,0.0007286749998911546,
trap_penalty_q_learning_10_q_learning_456_eb52c11f,trap_penalty_q_learning_10,q_learning,train,358,456,risk,5,5,0.1,0.9,0.1662122034722543,default,100,9.5,6,1,1,0,0,0.0006855529998119891,
trap_penalty_q_learning_10_q_learning_456_eb52c11f,trap_penalty_q_learning_10,q_learning,train,359,456,risk,5,5,0.1,0.9,0.16538114245489302,default,100,8.7,5,1,1,0,0,0.0005186880000564997,
trap_penalty_q_learning_10_q_learning_456_eb52c11f,trap_penalty_q_learning_10,q_learning,train,360,456,risk,5,5,0.1,0.9,0.16455423674261854,default,100,8.7,5,1,1,0,0,0.0005738070001370943,
trap_penalty_q_learning_10_q_learning_456_eb52c11f,trap_penalty_q_learning_10,q_learning,train,361,456,risk,5,5,0.1,0.9,0.16373146555890544,default,100,9.7,4,1,1,0,0,0.0006175129999519413,
trap_penalty_q_learning_10_q_learning_456_eb52c11f,trap_penalty_q_learning_10,q_learning,train,362,456,risk,5,5,0.1,0.9,0.16291280823111093,default,100,8.5,7,1,1,0,0,0.0006954939999559429,
trap_penalty_q_learning_10_q_learning_456_eb52c11f,trap_penalty_q_learning_10,q_learning,train,363,456,risk,5,5,0.1,0.9,0.16209824418995536,default,100,8.7,5,1,1,0,0,0.0005736780001370789,
trap_penalty_q_learning_10_q_learning_456_eb52c11f,trap_penalty_q_learning_10,q_learning,train,364,456,risk,5,5,0.1,0.9,0.16128775296900558,default,100,9.5,6,1,1,0,0,0.0006886360001772118,
trap_penalty_q_learning_10_q_learning_456_eb52c11f,trap_penalty_q_learning_10,q_learning,train,365,456,risk,5,5,0.1,0.9,0.16048131420416054,default,100,8.7,5,1,1,0,0,0.0005904399999963061,
trap_penalty_q_learning_10_q_learning_456_eb52c11f,trap_penalty_q_learning_10,q_learning,train,366,456,risk,5,5,0.1,0.9,0.15967890763313974,default,100,9.7,4,1,1,0,0,0.0005325810000158526,
trap_penalty_q_learning_10_q_learning_456_eb52c11f,trap_penalty_q_learning_10,q_learning,train,367,456,risk,5,5,0.1,0.9,0.15888051309497406,default,100,8.5,7,1,1,0,0,0.0008091530000911007,
trap_penalty_q_learning_10_q_learning_456_eb52c11f,trap_penalty_q_learning_10,q_learning,train,368,456,risk,5,5,0.1,0.9,0.1580861105294992,default,100,9.7,4,1,1,0,0,0.0005382340000323893,
trap_penalty_q_learning_10_q_learning_456_eb52c11f,trap_penalty_q_learning_10,q_learning,train,369,456,risk,5,5,0.1,0.9,0.1572956799768517,default,100,9.5,6,1,1,0,0,0.0006749110000328074,
trap_penalty_q_learning_10_q_learning_456_eb52c11f,trap_penalty_q_learning_10,q_learning,train,370,456,risk,5,5,0.1,0.9,0.15650920157696743,default,100,8.7,5,1,1,0,0,0.0005879979999008356,
trap_penalty_q_learning_10_q_learning_456_eb52c11f,trap_penalty_q_learning_10,q_learning,train,371,456,risk,5,5,0.1,0.9,0.1557266555690826,default,100,6.299999999999999,11,1,1,0,0,0.0010796669998853758,
trap_penalty_q_learning_10_q_learning_456_eb52c11f,trap_penalty_q_learning_10,q_learning,train,372,456,risk,5,5,0.1,0.9,0.1549480222912372,default,100,9.7,4,1,1,0,0,0.00055846999998721,
trap_penalty_q_learning_10_q_learning_456_eb52c11f,trap_penalty_q_learning_10,q_learning,train,373,456,risk,5,5,0.1,0.9,0.15417328217978102,default,100,9.7,4,1,1,0,0,0.0005242669999461214,
trap_penalty_q_learning_10_q_learning_456_eb52c11f,trap_penalty_q_learning_10,q_learning,train,374,456,risk,5,5,0.1,0.9,0.1534024157688821,default,100,8.5,7,1,1,0,0,0.0007945429999836051,
trap_penalty_q_learning_10_q_learning_456_eb52c11f,trap_penalty_q_learning_10,q_learning,train,375,456,risk,5,5,0.1,0.9,0.1526354036900377,default,100,9.7,4,1,1,0,0,0.000528346999999485,
trap_penalty_q_learning_10_q_learning_456_eb52c11f,trap_penalty_q_learning_10,q_learning,train,376,456,risk,5,5,0.1,0.9,0.1518722266715875,default,100,9.7,4,1,1,0,0,0.0005462859999170178,
trap_penalty_q_learning_10_q_learning_456_eb52c11f,trap_penalty_q_learning_10,q_learning,train,377,456,risk,5,5,0.1,0.9,0.15111286553822956,default,100,9.7,4,1,1,0,0,0.000525263000099585,
trap_penalty_q_learning_10_q_learning_456_eb52c11f,trap_penalty_q_learning_10,q_learning,train,378,456,risk,5,5,0.1,0.9,0.15035730121053842,default,100,9.7,4,1,1,0,0,0.0005214820000674081,
trap_penalty_q_learning_10_q_learning_456_eb52c11f,trap_penalty_q_learning_10,q_learning,train,379,456,risk,5,5,0.1,0.9,0.14960551470448571,default,100,9.7,4,1,1,0,0,0.0005371869999635237,
trap_penalty_q_learning_10_q_learning_456_eb52c11f,trap_penalty_q_learning_10,q_learning,train,380,456,risk,5,5,0.1,0.9,0.14885748713096328,default,100,9.7,4,1,1,0,0,0.0005860520000169345,
trap_penalty_q_learning_10_q_learning_456_eb52c11f,trap_penalty_q_learning_10,q_learning,train,381,456,risk,5,5,0.1,0.9,0.14811319969530845,default,100,9.7,4,1,1,0,0,0.000576679999994667,
trap_penalty_q_learning_10_q_learning_456_eb52c11f,trap_penalty_q_learning_10,q_learning,train,382,456,risk,5,5,0.1,0.9,0.1473726336968319,default,100,8.7,5,1,1,0,0,0.00058726000020215,
trap_penalty_q_learning_10_q_learning_456_eb52c11f,trap_penalty_q_learning_10,q_learning,train,383,456,risk,5,5,0.1,0.9,0.14663577052834775,default,100,9.7,4,1,1,0,0,0.0005472069999541418,
trap_penalty_q_learning_10_q_learning_456_eb52c11f,trap_penalty_q_learning_10,q_learning,train,384,456,risk,5,5,0.1,0.9,0.14590259167570602,default,100,-10.4,5,0,1,0,1,0.0005280809998566838,
trap_penalty_q_learning_10_q_learning_456_eb52c11f,trap_penalty_q_learning_10,q_learning,train,385,456,risk,5,5,0.1,0.9,0.1451730787173275,default,100,9.7,4,1,1,0,0,0.0005264159999569529,
trap_penalty_q_learning_10_q_learning_456_eb52c11f,trap_penalty_q_learning_10,q_learning,train,386,456,risk,5,5,0.1,0.9,0.14444721332374086,default,100,7.5,8,1,1,0,0,0.0007781949998388882,
trap_penalty_q_learning_10_q_learning_456_eb52c11f,trap_penalty_q_learning_10,q_learning,train,387,456,risk,5,5,0.1,0.9,0.14372497725712216,default,100,9.7,4,1,1,0,0,0.0004670420000820741,
trap_penalty_q_learning_10_q_learning_456_eb52c11f,trap_penalty_q_learning_10,q_learning,train,388,456,risk,5,5,0.1,0.9,0.14300635237083656,default,100,8.7,5,1,1,0,0,0.0005293059998621175,
trap_penalty_q_learning_10_q_learning_456_eb52c11f,trap_penalty_q_learning_10,q_learning,train,389,456,risk,5,5,0.1,0.9,0.14229132060898236,default,100,9.7,4,1,1,0,0,0.0005376609999530046,
trap_penalty_q_learning_10_q_learning_456_eb52c11f,trap_penalty_q_learning_10,q_learning,train,390,456,risk,5,5,0.1,0.9,0.14157986400593744,default,100,8.5,7,1,1,0,0,0.0006856709999283339,
trap_penalty_q_learning_10_q_learning_456_eb52c11f,trap_penalty_q_learning_10,q_learning,train,391,456,risk,5,5,0.1,0.9,0.14087196468590776,default,100,9.7,4,1,1,0,0,0.0005468930000915861,
trap_penalty_q_learning_10_q_learning_456_eb52c11f,trap_penalty_q_learning_10,q_learning,train,392,456,risk,5,5,0.1,0.9,0.14016760486247823,default,100,9.5,6,1,1,0,0,0.0007065600000260019,
trap_penalty_q_learning_10_q_learning_456_eb52c11f,trap_penalty_q_learning_10,q_learning,train,393,456,risk,5,5,0.1,0.9,0.13946676683816583,default,100,8.7,5,1,1,0,0,0.0006441070001983462,
trap_penalty_q_learning_10_q_learning_456_eb52c11f,trap_penalty_q_learning_10,q_learning,train,394,456,risk,5,5,0.1,0.9,0.138769433003975,default,100,9.7,4,1,1,0,0,0.0005928589998802636,
trap_penalty_q_learning_10_q_learning_456_eb52c11f,trap_penalty_q_learning_10,q_learning,train,395,456,risk,5,5,0.1,0.9,0.13807558583895513,default,100,9.7,4,1,1,0,0,0.0005142719999184919,
trap_penalty_q_learning_10_q_learning_456_eb52c11f,trap_penalty_q_learning_10,q_learning,train,396,456,risk,5,5,0.1,0.9,0.13738520790976036,default,100,9.7,4,1,1,0,0,0.0005959380000604142,
trap_penalty_q_learning_10_q_learning_456_eb52c11f,trap_penalty_q_learning_10,q_learning,train,397,456,risk,5,5,0.1,0.9,0.13669828187021155,default,100,8.7,5,1,1,0,0,0.000633715000049051,
trap_penalty_q_learning_10_q_learning_456_eb52c11f,trap_penalty_q_learning_10,q_learning,train,398,456,risk,5,5,0.1,0.9,0.13601479046086049,default,100,9.7,4,1,1,0,0,0.0004705700000613433,
trap_penalty_q_learning_10_q_learning_456_eb52c11f,trap_penalty_q_learning_10,q_learning,train,399,456,risk,5,5,0.1,0.9,0.1353347165085562,default,100,9.7,4,1,1,0,0,0.0005762509999840404,
trap_penalty_q_learning_10_q_learning_456_eb52c11f,trap_penalty_q_learning_10,q_learning,train,400,456,risk,5,5,0.1,0.9,0.1346580429260134,default,100,8.7,5,1,1,0,0,0.0006457609999870328,results/trap_penalty/q_learning/trap_10/seed_456/qtable_ep400.npz
trap_penalty_q_learning_10_q_learning_456_eb52c11f,trap_penalty_q_learning_10,q_learning,train,401,456,risk,5,5,0.1,0.9,0.13398475271138335,default,100,9.7,4,1,1,0,0,0.000606863000029989,
trap_penalty_q_learning_10_q_learning_456_eb52c11f,trap_penalty_q_learning_10,q_learning,train,402,456,risk,5,5,0.1,0.9,0.13331482894782642,default,100,8.7,5,1,1,0,0,0.0005999449999762874,
trap_penalty_q_learning_10_q_learning_456_eb52c11f,trap_penalty_q_learning_10,q_learning,train,403,456,risk,5,5,0.1,0.9,0.13264825480308728,default,100,9.7,4,1,1,0,0,0.0005849990000115213,
trap_penalty_q_learning_10_q_learning_456_eb52c11f,trap_penalty_q_learning_10,q_learning,train,404,456,risk,5,5,0.1,0.9,0.13198501352907185,default,100,9.7,4,1,1,0,0,0.0005284610001581314,
trap_penalty_q_learning_10_q_learning_456_eb52c11f,trap_penalty_q_learning_10,q_learning,train,405,456,risk,5,5,0.1,0.9,0.1313250884614265,default,100,9.7,4,1,1,0,0,0.0005392629998368648,
trap_penalty_q_learning_10_q_learning_456_eb52c11f,trap_penalty_q_learning_10,q_learning,train,406,456,risk,5,5,0.1,0.9,0.13066846301911936,default,100,9.7,4,1,1,0,0,0.0006048519999239943,
trap_penalty_q_learning_10_q_learning_456_eb52c11f,trap_penalty_q_learning_10,q_learning,train,407,456,risk,5,5,0.1,0.9,0.13001512070402377,default,100,9.5,6,1,1,0,0,0.0007623179999427521,
trap_penalty_q_learning_10_q_learning_456_eb52c11f,trap_penalty_q_learning_10,q_learning,train,408,456,risk,5,5,0.1,0.9,0.12936504510050365,default,100,8.5,7,1,1,0,0,0.0008243240001775121,
trap_penalty_q_learning_10_q_learning_456_eb52c11f,trap_penalty_q_learning_10,q_learning,train,409,456,risk,5,5,0.1,0.9,0.12871821987500112,default,100,9.7,4,1,1,0,0,0.0005273780000152328,
trap_penalty_q_learning_10_q_learning_456_eb52c11f,trap_penalty_q_learning_10,q_learning,train,410,456,risk,5,5,0.1,0.9,0.12807462877562611,default,100,9.7,4,1,1,0,0,0.0005393459998686012,
trap_penalty_q_learning_10_q_learning_456_eb52c11f,trap_penalty_q_learning_10,q_learning,train,411,456,risk,5,5,0.1,0.9,0.12743425563174798,default,100,9.7,4,1,1,0,0,0.0005397030001859093,
trap_penalty_q_learning_10_q_learning_456_eb52c11f,trap_penalty_q_learning_10,q_learning,train,412,456,risk,5,5,0.1,0.9,0.12679708435358925,default,100,9.7,4,1,1,0,0,0.0005471119998219365,
trap_penalty_q_learning_10_q_learning_456_eb52c11f,trap_penalty_q_learning_10,q_learning,train,413,456,risk,5,5,0.1,0.9,0.1261630989318213,default,100,8.7,5,1,1,0,0,0.0005869700000857847,
trap_penalty_q_learning_10_q_learning_456_eb52c11f,trap_penalty_q_learning_10,q_learning,train,414,456,risk,5,5,0.1,0.9,0.1255322834371622,default,100,9.5,6,1,1,0,0,0.0006764679999378131,
trap_penalty_q_learning_10_q_learning_456_eb52c11f,trap_penalty_q_learning_10,q_learning,train,415,456,risk,5,5,0.1,0.9,0.12490462201997637,default,100,9.7,4,1,1,0,0,0.0005367500000375003,
trap_penalty_q_learning_10_q_learning_456_eb52c11f,trap_penalty_q_learning_10,q_learning,train,416,456,risk,5,5,0.1,0.9,0.1242800989098765,default,100,9.7,4,1,1,0,0,0.0005255809999198391,
trap_penalty_q_learning_10_q_learning_456_eb52c11f,trap_penalty_q_learning_10,q_learning,train,417,456,risk,5,5,0.1,0.9,0.12365869841532712,default,100,9.7,4,1,1,0,0,0.0005370610001591558,
trap_penalty_q_learning_10_q_learning_456_eb52c11f,trap_penalty_q_learning_10,q_learning,train,418,456,risk,5,5,0.1,0.9,0.12304040492325048,default,100,9.7,4,1,1,0,0,0.0004653869998492155,
trap_penalty_q_learning_10_q_learning_456_eb52c11f,trap_penalty_q_learning_10,q_learning,train,419,456,risk,5,5,0.1,0.9,0.12242520289863423,default,100,9.5,6,1,1,0,0,0.0007804169999872101,
trap_penalty_q_learning_10_q_learning_456_eb52c11f,trap_penalty_q_learning_10,q_learning,train,420,456,risk,5,5,0.1,0.9,0.12181307688414106,default,100,9.7,4,1,1,0,0,0.0005436769999960234,
trap_penalty_q_learning_10_q_learning_456_eb52c11f,trap_penalty_q_learning_10,q_learning,train,421,456,risk,5,5,0.1,0.9,0.12120401149972035,default,100,-10.2,3,0,1,0,1,0.0003874419999192469,
trap_penalty_q_learning_10_q_learning_456_eb52c11f,trap_penalty_q_learning_10,q_learning,train,422,456,risk,5,5,0.1,0.9,0.12059799144222175,default,100,9.7,4,1,1,0,0,0.0005509160000656266,
trap_penalty_q_learning_10_q_learning_456_eb52c11f,trap_penalty_q_learning_10,q_learning,train,423,456,risk,5,5,0.1,0.9,0.11999500148501063,default,100,9.7,4,1,1,0,0,0.0005834809999214485,
trap_penalty_q_learning_10_q_learning_456_eb52c11f,trap_penalty_q_learning_10,q_learning,train,424,456,risk,5,5,0.1,0.9,0.11939502647758558,default,100,8.5,7,1,1,0,0,0.000752874999989217,
trap_penalty_q_learning_10_q_learning_456_eb52c11f,trap_penalty_q_learning_10,q_learning,train,425,456,risk,5,5,0.1,0.9,0.11879805134519765,default,100,8.7,5,1,1,0,0,0.0006110369999987597,
trap_penalty_q_learning_10_q_learning_456_eb52c11f,trap_penalty_q_learning_10,q_learning,train,426,456,risk,5,5,0.1,0.9,0.11820406108847166,default,100,8.7,5,1,1,0,0,0.0006646199999522651,
trap_penalty_q_learning_10_q_learning_456_eb52c11f,trap_penalty_q_learning_10,q_learning,train,427,456,risk,5,5,0.1,0.9,0.1176130407830293,default,100,9.7,4,1,1,0,0,0.0005904990000544785,
trap_penalty_q_learning_10_q_learning_456_eb52c11f,trap_penalty_q_learning_10,q_learning,train,428,456,risk,5,5,0.1,0.9,0.11702497557911415,default,100,9.7,4,1,1,0,0,0.0005375539999477041,
trap_penalty_q_learning_10_q_learning_456_eb52c11f,trap_penalty_q_learning_10,q_learning,train,429,456,risk,5,5,0.1,0.9,0.11643985070121858,default,100,8.5,7,1,1,0,0,0.0007296119999864459,
trap_penalty_q_learning_10_q_learning_456_eb52c11f,trap_penalty_q_learning_10,q_learning,train,430,456,risk,5,5,0.1,0.9,0.11585765144771248,default,100,8.7,5,1,1,0,0,0.0005986740000025748,
trap_penalty_q_learning_10_q_learning_456_eb52c11f,trap_penalty_q_learning_10,q_learning,train,431,456,risk,5,5,0.1,0.9,0.11527836319047392,default,100,9.7,4,1,1,0,0,0.0005427920000329323,
trap_penalty_q_learning_10_q_learning_456_eb52c11f,trap_penalty_q_learning_10,q_learning,train,432,456,risk,5,5,0.1,0.9,0.11470197137452155,default,100,9.5,6,1,1,0,0,0.0006810439999753726,
trap_penalty_q_learning_10_q_learning_456_eb52c11f,trap_penalty_q_learning_10,q_learning,train,433,456,risk,5,5,0.1,0.9,0.11412846151764894,default,100,9.5,6,1,1,0,0,0.0006896309998865036,
trap_penalty_q_learning_10_q_learning_456_eb52c11f,trap_penalty_q_learning_10,q_learning,train,434,456,risk,5,5,0.1,0.9,0.1135578192100607,default,100,9.5,6,1,1,0,0,0.0006898509998336522,
trap_penalty_q_learning_10_q_learning_456_eb52c11f,trap_penalty_q_learning_10,q_learning,train,435,456,risk,5,5,0.1,0.9,0.11299003011401039,default,100,-10.2,3,0,1,0,1,0.0003648990000328922,
trap_penalty_q_learning_10_q_learning_456_eb52c11f,trap_penalty_q_learning_10,q_learning,train,436,456,risk,5,5,0.1,0.9,0.11242507996344034,default,100,9.7,4,1,1,0,0,0.000536161999889373,
trap_penalty_q_learning_10_q_learning_456_eb52c11f,trap_penalty_q_learning_10,q_learning,train,437,456,risk,5,5,0.1,0.9,0.11186295456362313,default,100,8.7,5,1,1,0,0,0.0005969119999917893,
trap_penalty_q_learning_10_q_learning_456_eb52c11f,trap_penalty_q_learning_10,q_learning,train,438,456,risk,5,5,0.1,0.9,0.11130363979080501,default,100,9.7,4,1,1,0,0,0.0005906409999170137,
trap_penalty_q_learning_10_q_learning_456_eb52c11f,trap_penalty_q_learning_10,q_learning,train,439,456,risk,5,5,0.1,0.9,0.11074712159185099,default,100,8.7,5,1,1,0,0,0.0006423269999231707,
trap_penalty_q_learning_10_q_learning_456_eb52c11f,trap_penalty_q_learning_10,q_learning,train,440,456,risk,5,5,0.1,0.9,0.11019338598389174,default,100,9.7,4,1,1,0,0,0.0005470529999911378,
trap_penalty_q_learning_10_q_learning_456_eb52c11f,trap_penalty_q_learning_10,q_learning,train,441,456,risk,5,5,0.1,0.9,0.10964241905397228,default,100,9.7,4,1,1,0,0,0.0005596790001618501,
trap_penalty_q_learning_10_q_learning_456_eb52c11f,trap_penalty_q_learning_10,q_learning,train,442,456,risk,5,5,0.1,0.9,0.10909420695870241,default,100,9.7,4,1,1,0,0,0.0006041209999239072,
trap_penalty_q_learning_10_q_learning_456_eb52c11f,trap_penalty_q_learning_10,q_learning,train,443,456,risk,5,5,0.1,0.9,0.1085487359239089,default,100,9.7,4,1,1,0,0,0.000579414000185352,
trap_penalty_q_learning_10_q_learning_456_eb52c11f,trap_penalty_q_learning_10,q_learning,train,444,456,risk,5,5,0.1,0.9,0.10800599224428936,default,100,9.7,4,1,1,0,0,0.0005933449999702134,
trap_penalty_q_learning_10_q_learning_456_eb52c11f,trap_penalty_q_learning_10,q_learning,train,445,456,risk,5,5,0.1,0.9,0.10746596228306791,default,100,9.7,4,1,1,0,0,0.0005796490002012433,
trap_penalty_q_learning_10_q_learning_456_eb52c11f,trap_penalty_q_learning_10,q_learning,train,446,456,risk,5,5,0.1,0.9,0.10692863247165257,default,100,9.7,4,1,1,0,0,0.0004999039999802335,
trap_penalty_q_learning_10_q_learning_456_eb52c11f,trap_penalty_q_learning_10,q_learning,train,447,456,risk,5,5,0.1,0.9,0.1063939893092943,default,100,9.7,4,1,1,0,0,0.0005368730001009681,
trap_penalty_q_learning_10_q_learning_456_eb52c11f,trap_penalty_q_learning_10,q_learning,train,448,456,risk,5,5,0.1,0.9,0.10586201936274783,default,100,8.7,5,1,1,0,0,0.0006220990001111204,
trap_penalty_q_learning_10_q_learning_456_eb52c11f,trap_penalty_q_learning_10,q_learning,train,449,456,risk,5,5,0.1,0.9,0.10533270926593409,default,100,9.7,4,1,1,0,0,0.0005309939999733615,
trap_penalty_q_learning_10_q_learning_456_eb52c11f,trap_penalty_q_learning_10,q_learning,train,450,456,risk,5,5,0.1,0.9,0.10480604571960442,default,100,9.7,4,1,1,0,0,0.0005809450001379446,
trap_penalty_q_learning_10_q_learning_456_eb52c11f,trap_penalty_q_learning_10,q_learning,train,451,456,risk,5,5,0.1,0.9,0.1042820154910064,default,100,9.7,4,1,1,0,0,0.0005926499998167856,
trap_penalty_q_learning_10_q_learning_456_eb52c11f,trap_penalty_q_learning_10,q_learning,train,452,456,risk,5,5,0.1,0.9,0.10376060541355137,default,100,8.7,5,1,1,0,0,0.0006098030000885046,
trap_penalty_q_learning_10_q_learning_456_eb52c11f,trap_penalty_q_learning_10,q_learning,train,453,456,risk,5,5,0.1,0.9,0.1032418023864836,default,100,9.7,4,1,1,0,0,0.0005313179999575368,
trap_penalty_q_learning_10_q_learning_456_eb52c11f,trap_penalty_q_learning_10,q_learning,train,454,456,risk,5,5,0.1,0.9,0.10272559337455119,default,100,9.7,4,1,1,0,0,0.0005349299999579671,
trap_penalty_q_learning_10_q_learning_456_eb52c11f,trap_penalty_q_learning_10,q_learning,train,455,456,risk,5,5,0.1,0.9,0.10221196540767843,default,100,8.7,5,1,1,0,0,0.0005849770000168064,
trap_penalty_q_learning_10_q_learning_456_eb52c11f,trap_penalty_q_learning_10,q_learning,train,456,456,risk,5,5,0.1,0.9,0.10170090558064004,default,100,9.7,4,1,1,0,0,0.0005617909998818504,
trap_penalty_q_learning_10_q_learning_456_eb52c11f,trap_penalty_q_learning_10,q_learning,train,457,456,risk,5,5,0.1,0.9,0.10119240105273684,default,100,9.7,4,1,1,0,0,0.0005263590001050034,
trap_penalty_q_learning_10_q_learning_456_eb52c11f,trap_penalty_q_learning_10,q_learning,train,458,456,risk,5,5,0.1,0.9,0.10068643904747315,default,100,8.5,7,1,1,0,0,0.0007924519998141477,
trap_penalty_q_learning_10_q_learning_456_eb52c11f,trap_penalty_q_learning_10,q_learning,train,459,456,risk,5,5,0.1,0.9,0.10018300685223579,default,100,9.7,4,1,1,0,0,0.0004191160001028038,
trap_penalty_q_learning_10_q_learning_456_eb52c11f,trap_penalty_q_learning_10,q_learning,train,460,456,risk,5,5,0.1,0.9,0.0996820918179746,default,100,9.7,4,1,1,0,0,0.0005731789999572356,
trap_penalty_q_learning_10_q_learning_456_eb52c11f,trap_penalty_q_learning_10,q_learning,train,461,456,risk,5,5,0.1,0.9,0.09918368135888474,default,100,9.5,6,1,1,0,0,0.0007172489999902609,
trap_penalty_q_learning_10_q_learning_456_eb52c11f,trap_penalty_q_learning_10,q_learning,train,462,456,risk,5,5,0.1,0.9,0.09868776295209031,default,100,9.7,4,1,1,0,0,0.0005598079999344918,
trap_penalty_q_learning_10_q_learning_456_eb52c11f,trap_penalty_q_learning_10,q_learning,train,463,456,risk,5,5,0.1,0.9,0.09819432413732986,default,100,9.7,4,1,1,0,0,0.0005268940001315059,
trap_penalty_q_learning_10_q_learning_456_eb52c11f,trap_penalty_q_learning_10,q_learning,train,464,456,risk,5,5,0.1,0.9,0.09770335251664321,default,100,9.7,4,1,1,0,0,0.0005362779997994949,
trap_penalty_q_learning_10_q_learning_456_eb52c11f,trap_penalty_q_learning_10,q_learning,train,465,456,risk,5,5,0.1,0.9,0.09721483575406,default,100,9.7,4,1,1,0,0,0.0005267940000521776,
trap_penalty_q_learning_10_q_learning_456_eb52c11f,trap_penalty_q_learning_10,q_learning,train,466,456,risk,5,5,0.1,0.9,0.09672876157528969,default,100,9.7,4,1,1,0,0,0.0005343210000319232,
trap_penalty_q_learning_10_q_learning_456_eb52c11f,trap_penalty_q_learning_10,q_learning,train,467,456,risk,5,5,0.1,0.9,0.09624511776741324,default,100,9.7,4,1,1,0,0,0.0005500170000232174,
trap_penalty_q_learning_10_q_learning_456_eb52c11f,trap_penalty_q_learning_10,q_learning,train,468,456,risk,5,5,0.1,0.9,0.09576389217857617,default,100,-10.2,3,0,1,0,1,0.00037783200014018803,
trap_penalty_q_learning_10_q_learning_456_eb52c11f,trap_penalty_q_learning_10,q_learning,train,469,456,risk,5,5,0.1,0.9,0.09528507271768329,default,100,9.7,4,1,1,0,0,0.0005224340000040684,
trap_penalty_q_learning_10_q_learning_456_eb52c11f,trap_penalty_q_learning_10,q_learning,train,470,456,risk,5,5,0.1,0.9,0.09480864735409487,default,100,9.7,4,1,1,0,0,0.0005346380000901263,
trap_penalty_q_learning_10_q_learning_456_eb52c11f,trap_penalty_q_learning_10,q_learning,train,471,456,risk,5,5,0.1,0.9,0.0943346041173244,default,100,8.7,5,1,1,0,0,0.0005723039998883905,
trap_penalty_q_learning_10_q_learning_456_eb52c11f,trap_penalty_q_learning_10,q_learning,train,472,456,risk,5,5,0.1,0.9,0.09386293109673778,default,100,9.7,4,1,1,0,0,0.0005454809997900156,
trap_penalty_q_learning_10_q_learning_456_eb52c11f,trap_penalty_q_learning_10,q_learning,train,473,456,risk,5,5,0.1,0.9,0.09339361644125409,default,100,9.7,4,1,1,0,0,0.0005246840000836528,
trap_penalty_q_learning_10_q_learning_456_eb52c11f,trap_penalty_q_learning_10,q_learning,train,474,456,risk,5,5,0.1,0.9,0.09292664835904782,default,100,9.7,4,1,1,0,0,0.000494397000011304,
trap_penalty_q_learning_10_q_learning_456_eb52c11f,trap_penalty_q_learning_10,q_learning,train,475,456,risk,5,5,0.1,0.9,0.09246201511725258,default,100,9.7,4,1,1,0,0,0.0005429869997897185,
trap_penalty_q_learning_10_q_learning_456_eb52c11f,trap_penalty_q_learning_10,q_learning,train,476,456,risk,5,5,0.1,0.9,0.09199970504166631,default,100,9.7,4,1,1,0,0,0.0005485270000917808,
trap_penalty_q_learning_10_q_learning_456_eb52c11f,trap_penalty_q_learning_10,q_learning,train,477,456,risk,5,5,0.1,0.9,0.09153970651645797,default,100,9.7,4,1,1,0,0,0.0005940470000496134,
trap_penalty_q_learning_10_q_learning_456_eb52c11f,trap_penalty_q_learning_10,q_learning,train,478,456,risk,5,5,0.1,0.9,0.09108200798387568,default,100,9.7,4,1,1,0,0,0.000576670000100421,
trap_penalty_q_learning_10_q_learning_456_eb52c11f,trap_penalty_q_learning_10,q_learning,train,479,456,risk,5,5,0.1,0.9,0.0906265979439563,default,100,9.5,6,1,1,0,0,0.0006838739998329402,
trap_penalty_q_learning_10_q_learning_456_eb52c11f,trap_penalty_q_learning_10,q_learning,train,480,456,risk,5,5,0.1,0.9,0.09017346495423652,default,100,9.7,4,1,1,0,0,0.0005313629999363911,
trap_penalty_q_learning_10_q_learning_456_eb52c11f,trap_penalty_q_learning_10,q_learning,train,481,456,risk,5,5,0.1,0.9,0.08972259762946533,default,100,7.699999999999999,6,1,1,0,0,0.0006478909999714233,
trap_penalty_q_learning_10_q_learning_456_eb52c11f,trap_penalty_q_learning_10,q_learning,train,482,456,risk,5,5,0.1,0.9,0.089273984641318,default,100,9.7,4,1,1,0,0,0.0005419999999958236,
trap_penalty_q_learning_10_q_learning_456_eb52c11f,trap_penalty_q_learning_10,q_learning,train,483,456,risk,5,5,0.1,0.9,0.0888276147181114,default,100,8.7,5,1,1,0,0,0.0005158620001566305,
trap_penalty_q_learning_10_q_learning_456_eb52c11f,trap_penalty_q_learning_10,q_learning,train,484,456,risk,5,5,0.1,0.9,0.08838347664452084,default,100,8.7,5,1,1,0,0,0.0005998369999815623,
trap_penalty_q_learning_10_q_learning_456_eb52c11f,trap_penalty_q_learning_10,q_learning,train,485,456,risk,5,5,0.1,0.9,0.08794155926129824,default,100,-11.2,4,0,1,0,1,0.000456897000049139,
trap_penalty_q_learning_10_q_learning_456_eb52c11f,trap_penalty_q_learning_10,q_learning,train,486,456,risk,5,5,0.1,0.9,0.08750185146499175,default,100,-10.2,3,0,1,0,1,0.0004213429999708751,
trap_penalty_q_learning_10_q_learning_456_eb52c11f,trap_penalty_q_learning_10,q_learning,train,487,456,risk,5,5,0.1,0.9,0.08706434220766679,default,100,9.7,4,1,1,0,0,0.0006037529999503022,
trap_penalty_q_learning_10_q_learning_456_eb52c11f,trap_penalty_q_learning_10,q_learning,train,488,456,risk,5,5,0.1,0.9,0.08662902049662846,default,100,9.7,4,1,1,0,0,0.0006004869999287621,
trap_penalty_q_learning_10_q_learning_456_eb52c11f,trap_penalty_q_learning_10,q_learning,train,489,456,risk,5,5,0.1,0.9,0.08619587539414532,default,100,9.7,4,1,1,0,0,0.0005909939998218761,
trap_penalty_q_learning_10_q_learning_456_eb52c11f,trap_penalty_q_learning_10,q_learning,train,490,456,risk,5,5,0.1,0.9,0.08576489601717459,default,100,9.7,4,1,1,0,0,0.0005484729999807314,
trap_penalty_q_learning_10_q_learning_456_eb52c11f,trap_penalty_q_learning_10,q_learning,train,491,456,risk,5,5,0.1,0.9,0.08533607153708872,default,100,9.7,4,1,1,0,0,0.0005371949998789205,
trap_penalty_q_learning_10_q_learning_456_eb52c11f,trap_penalty_q_learning_10,q_learning,train,492,456,risk,5,5,0.1,0.9,0.08490939117940327,default,100,9.7,4,1,1,0,0,0.000519918999998481,
trap_penalty_q_learning_10_q_learning_456_eb52c11f,trap_penalty_q_learning_10,q_learning,train,493,456,risk,5,5,0.1,0.9,0.08448484422350626,default,100,9.7,4,1,1,0,0,0.0005357160000585282,
trap_penalty_q_learning_10_q_learning_456_eb52c11f,trap_penalty_q_learning_10,q_learning,train,494,456,risk,5,5,0.1,0.9,0.08406242000238873,default,100,8.7,5,1,1,0,0,0.0005314459999681276,
trap_penalty_q_learning_10_q_learning_456_eb52c11f,trap_penalty_q_learning_10,q_learning,train,495,456,risk,5,5,0.1,0.9,0.08364210790237678,default,100,9.7,4,1,1,0,0,0.0005391610000060609,
trap_penalty_q_learning_10_q_learning_456_eb52c11f,trap_penalty_q_learning_10,q_learning,train,496,456,risk,5,5,0.1,0.9,0.0832238973628649,default,100,7.699999999999999,6,1,1,0,0,0.0006180349998885504,
trap_penalty_q_learning_10_q_learning_456_eb52c11f,trap_penalty_q_learning_10,q_learning,train,497,456,risk,5,5,0.1,0.9,0.08280777787605056,default,100,8.7,5,1,1,0,0,0.0005832609999742999,
trap_penalty_q_learning_10_q_learning_456_eb52c11f,trap_penalty_q_learning_10,q_learning,train,498,456,risk,5,5,0.1,0.9,0.08239373898667031,default,100,9.7,4,1,1,0,0,0.0005371509998894908,
trap_penalty_q_learning_10_q_learning_456_eb52c11f,trap_penalty_q_learning_10,q_learning,train,499,456,risk,5,5,0.1,0.9,0.08198177029173696,default,100,9.7,4,1,1,0,0,0.0005250889998933417,
trap_penalty_q_learning_10_q_learning_456_eb52c11f,trap_penalty_q_learning_10,q_learning,train,500,456,risk,5,5,0.1,0.9,0.08157186144027828,default,100,9.7,4,1,1,0,0,0.0005344490000425139,
trap_penalty_q_learning_10_q_learning_456_eb52c11f,trap_penalty_q_learning_10,q_learning,train,501,456,risk,5,5,0.1,0.9,0.0811640021330769,default,100,9.7,4,1,1,0,0,0.0005531130000235862,
trap_penalty_q_learning_10_q_learning_456_eb52c11f,trap_penalty_q_learning_10,q_learning,train,502,456,risk,5,5,0.1,0.9,0.08075818212241151,default,100,9.5,6,1,1,0,0,0.0006949060000351892,
trap_penalty_q_learning_10_q_learning_456_eb52c11f,trap_penalty_q_learning_10,q_learning,train,503,456,risk,5,5,0.1,0.9,0.08035439121179945,default,100,9.7,4,1,1,0,0,0.0005423689999588532,
trap_penalty_q_learning_10_q_learning_456_eb52c11f,trap_penalty_q_learning_10,q_learning,train,504,456,risk,5,5,0.1,0.9,0.07995261925574046,default,100,9.7,4,1,1,0,0,0.0005266880000363017,
trap_penalty_q_learning_10_q_learning_456_eb52c11f,trap_penalty_q_learning_10,q_learning,train,505,456,risk,5,5,0.1,0.9,0.07955285615946175,default,100,9.7,4,1,1,0,0,0.0005377930001486675,
trap_penalty_q_learning_10_q_learning_456_eb52c11f,trap_penalty_q_learning_10,q_learning,train,506,456,risk,5,5,0.1,0.9,0.07915509187866444,default,100,9.7,4,1,1,0,0,0.0006180679999943095,
trap_penalty_q_learning_10_q_learning_456_eb52c11f,trap_penalty_q_learning_10,q_learning,train,507,456,risk,5,5,0.1,0.9,0.07875931641927113,default,100,9.7,4,1,1,0,0,0.0005982200000289595,
trap_penalty_q_learning_10_q_learning_456_eb52c11f,trap_penalty_q_learning_10,q_learning,train,508,456,risk,5,5,0.1,0.9,0.07836551983717477,default,100,9.7,4,1,1,0,0,0.000598052999976062,
trap_penalty_q_learning_10_q_learning_456_eb52c11f,trap_penalty_q_learning_10,q_learning,train,509,456,risk,5,5,0.1,0.9,0.07797369223798889,default,100,8.5,7,1,1,0,0,0.0007974090001425793,
trap_penalty_q_learning_10_q_learning_456_eb52c11f,trap_penalty_q_learning_10,q_learning,train,510,456,risk,5,5,0.1,0.9,0.07758382377679894,default,100,9.7,4,1,1,0,0,0.0005923749999965366,
trap_penalty_q_learning_10_q_learning_456_eb52c11f,trap_penalty_q_learning_10,q_learning,train,511,456,risk,5,5,0.1,0.9,0.07719590465791494,default,100,9.7,4,1,1,0,0,0.0005896689999644877,
trap_penalty_q_learning_10_q_learning_456_eb52c11f,trap_penalty_q_learning_10,q_learning,train,512,456,risk,5,5,0.1,0.9,0.07680992513462537,default,100,9.7,4,1,1,0,0,0.0006052979999822128,
trap_penalty_q_learning_10_q_learning_456_eb52c11f,trap_penalty_q_learning_10,q_learning,train,513,456,risk,5,5,0.1,0.9,0.07642587550895225,default,100,9.7,4,1,1,0,0,0.0005451680001442583,
trap_penalty_q_learning_10_q_learning_456_eb52c11f,trap_penalty_q_learning_10,q_learning,train,514,456,risk,5,5,0.1,0.9,0.07604374613140748,default,100,-11.2,4,0,1,0,1,0.0004534429999694112,
trap_penalty_q_learning_10_q_learning_456_eb52c11f,trap_penalty_q_learning_10,q_learning,train,515,456,risk,5,5,0.1,0.9,0.07566352740075044,default,100,9.7,4,1,1,0,0,0.0005950350000603066,
trap_penalty_q_learning_10_q_learning_456_eb52c11f,trap_penalty_q_learning_10,q_learning,train,516,456,risk,5,5,0.1,0.9,0.07528520976374668,default,100,9.7,4,1,1,0,0,0.0005783209999208339,
trap_penalty_q_learning_10_q_learning_456_eb52c11f,trap_penalty_q_learning_10,q_learning,train,517,456,risk,5,5,0.1,0.9,0.07490878371492794,default,100,9.7,4,1,1,0,0,0.000590122999938103,
trap_penalty_q_learning_10_q_learning_456_eb52c11f,trap_penalty_q_learning_10,q_learning,train,518,456,risk,5,5,0.1,0.9,0.0745342397963533,default,100,9.7,4,1,1,0,0,0.0005954209998435545,
trap_penalty_q_learning_10_q_learning_456_eb52c11f,trap_penalty_q_learning_10,q_learning,train,519,456,risk,5,5,0.1,0.9,0.07416156859737154,default,100,8.7,5,1,1,0,0,0.0006657830001586262,
trap_penalty_q_learning_10_q_learning_456_eb52c11f,trap_penalty_q_learning_10,q_learning,train,520,456,risk,5,5,0.1,0.9,0.07379076075438468,default,100,9.7,4,1,1,0,0,0.000595628000155557,
trap_penalty_q_learning_10_q_learning_456_eb52c11f,trap_penalty_q_learning_10,q_learning,train,521,456,risk,5,5,0.1,0.9,0.07342180695061275,default,100,9.7,4,1,1,0,0,0.0005580429999554326,
trap_penalty_q_learning_10_q_learning_456_eb52c11f,trap_penalty_q_learning_10,q_learning,train,522,456,risk,5,5,0.1,0.9,0.07305469791585968,default,100,8.7,5,1,1,0,0,0.0005808900000374706,
trap_penalty_q_learning_10_q_learning_456_eb52c11f,trap_penalty_q_learning_10,q_learning,train,523,456,risk,5,5,0.1,0.9,0.07268942442628039,default,100,9.7,4,1,1,0,0,0.0005393809999532095,
trap_penalty_q_learning_10_q_learning_456_eb52c11f,trap_penalty_q_learning_10,q_learning,train,524,456,risk,5,5,0.1,0.9,0.07232597730414898,default,100,9.7,4,1,1,0,0,0.0006169339999360091,
trap_penalty_q_learning_10_q_learning_456_eb52c11f,trap_penalty_q_learning_10,q_learning,train,525,456,risk,5,5,0.1,0.9,0.07196434741762824,default,100,9.7,4,1,1,0,0,0.000597160999859625,
trap_penalty_q_learning_10_q_learning_456_eb52c11f,trap_penalty_q_learning_10,q_learning,train,526,456,risk,5,5,0.1,0.9,0.0716045256805401,default,100,9.7,4,1,1,0,0,0.0005558810000820813,
trap_penalty_q_learning_10_q_learning_456_eb52c11f,trap_penalty_q_learning_10,q_learning,train,527,456,risk,5,5,0.1,0.9,0.0712465030521374,default,100,9.7,4,1,1,0,0,0.0005436649998955545,
trap_penalty_q_learning_10_q_learning_456_eb52c11f,trap_penalty_q_learning_10,q_learning,train,528,456,risk,5,5,0.1,0.9,0.0708902705368767,default,100,9.7,4,1,1,0,0,0.0005938479998803814,
trap_penalty_q_learning_10_q_learning_456_eb52c11f,trap_penalty_q_learning_10,q_learning,train,529,456,risk,5,5,0.1,0.9,0.07053581918419231,default,100,9.7,4,1,1,0,0,0.0005799850000585138,
trap_penalty_q_learning_10_q_learning_456_eb52c11f,trap_penalty_q_learning_10,q_learning,train,530,456,risk,5,5,0.1,0.9,0.07018314008827135,default,100,9.7,4,1,1,0,0,0.0005852039998899272,
trap_penalty_q_learning_10_q_learning_456_eb52c11f,trap_penalty_q_learning_10,q_learning,train,531,456,risk,5,5,0.1,0.9,0.06983222438783,default,100,9.7,4,1,1,0,0,0.0006448470001032547,
trap_penalty_q_learning_10_q_learning_456_eb52c11f,trap_penalty_q_learning_10,q_learning,train,532,456,risk,5,5,0.1,0.9,0.06948306326589085,default,100,9.7,4,1,1,0,0,0.0005862829998477537,
trap_penalty_q_learning_10_q_learning_456_eb52c11f,trap_penalty_q_learning_10,q_learning,train,533,456,risk,5,5,0.1,0.9,0.0691356479495614,default,100,9.7,4,1,1,0,0,0.0005379570000059175,
trap_penalty_q_learning_10_q_learning_456_eb52c11f,trap_penalty_q_learning_10,q_learning,train,534,456,risk,5,5,0.1,0.9,0.06878996970981359,default,100,9.7,4,1,1,0,0,0.0005242330000783113,
trap_penalty_q_learning_10_q_learning_456_eb52c11f,trap_penalty_q_learning_10,q_learning,train,535,456,risk,5,5,0.1,0.9,0.06844601986126451,default,100,9.7,4,1,1,0,0,0.000533840999878521,
trap_penalty_q_learning_10_q_learning_456_eb52c11f,trap_penalty_q_learning_10,q_learning,train,536,456,risk,5,5,0.1,0.9,0.06810378976195819,default,100,9.7,4,1,1,0,0,0.0005726690001210955,
trap_penalty_q_learning_10_q_learning_456_eb52c11f,trap_penalty_q_learning_10,q_learning,train,537,456,risk,5,5,0.1,0.9,0.0677632708131484,default,100,9.7,4,1,1,0,0,0.000616426999840769,
trap_penalty_q_learning_10_q_learning_456_eb52c11f,trap_penalty_q_learning_10,q_learning,train,538,456,risk,5,5,0.1,0.9,0.06742445445908266,default,100,9.7,4,1,1,0,0,0.0006065780000881205,
trap_penalty_q_learning_10_q_learning_456_eb52c11f,trap_penalty_q_learning_10,q_learning,train,539,456,risk,5,5,0.1,0.9,0.06708733218678724,default,100,9.5,6,1,1,0,0,0.0007317340000554395,
trap_penalty_q_learning_10_q_learning_456_eb52c11f,trap_penalty_q_learning_10,q_learning,train,540,456,risk,5,5,0.1,0.9,0.0667518955258533,default,100,9.7,4,1,1,0,0,0.0005348569998204766,
trap_penalty_q_learning_10_q_learning_456_eb52c11f,trap_penalty_q_learning_10,q_learning,train,541,456,risk,5,5,0.1,0.9,0.06641813604822402,default,100,9.7,4,1,1,0,0,0.000590596999927584,
trap_penalty_q_learning_10_q_learning_456_eb52c11f,trap_penalty_q_learning_10,q_learning,train,542,456,risk,5,5,0.1,0.9,0.0660860453679829,default,100,9.7,4,1,1,0,0,0.0005557599999974627,
trap_penalty_q_learning_10_q_learning_456_eb52c11f,trap_penalty_q_learning_10,q_learning,train,543,456,risk,5,5,0.1,0.9,0.06575561514114299,default,100,9.5,6,1,1,0,0,0.0007676580000861577,
trap_penalty_q_learning_10_q_learning_456_eb52c11f,trap_penalty_q_learning_10,q_learning,train,544,456,risk,5,5,0.1,0.9,0.06542683706543727,default,100,9.7,4,1,1,0,0,0.0005945999998857587,
trap_penalty_q_learning_10_q_learning_456_eb52c11f,trap_penalty_q_learning_10,q_learning,train,545,456,risk,5,5,0.1,0.9,0.06509970288011008,default,100,9.7,4,1,1,0,0,0.0005582310000136204,
trap_penalty_q_learning_10_q_learning_456_eb52c11f,trap_penalty_q_learning_10,q_learning,train,546,456,risk,5,5,0.1,0.9,0.06477420436570952,default,100,9.7,4,1,1,0,0,0.0005354249999527383,
trap_penalty_q_learning_10_q_learning_456_eb52c11f,trap_penalty_q_learning_10,q_learning,train,547,456,risk,5,5,0.1,0.9,0.06445033334388098,default,100,-10.2,3,0,1,0,1,0.0003601519999847369,
trap_penalty_q_learning_10_q_learning_456_eb52c11f,trap_penalty_q_learning_10,q_learning,train,548,456,risk,5,5,0.1,0.9,0.06412808167716157,default,100,9.7,4,1,1,0,0,0.0005383109999002045,
trap_penalty_q_learning_10_q_learning_456_eb52c11f,trap_penalty_q_learning_10,q_learning,train,549,456,risk,5,5,0.1,0.9,0.06380744126877576,default,100,9.7,4,1,1,0,0,0.0006088289999297558,
trap_penalty_q_learning_10_q_learning_456_eb52c11f,trap_penalty_q_learning_10,q_learning,train,550,456,risk,5,5,0.1,0.9,0.06348840406243188,default,100,8.7,5,1,1,0,0,0.0006432120001136354,
trap_penalty_q_learning_10_q_learning_456_eb52c11f,trap_penalty_q_learning_10,q_learning,train,551,456,risk,5,5,0.1,0.9,0.06317096204211972,default,100,9.7,4,1,1,0,0,0.0005908090001867095,
trap_penalty_q_learning_10_q_learning_456_eb52c11f,trap_penalty_q_learning_10,q_learning,train,552,456,risk,5,5,0.1,0.9,0.06285510723190912,default,100,9.5,6,1,1,0,0,0.0007108959998731734,
trap_penalty_q_learning_10_q_learning_456_eb52c11f,trap_penalty_q_learning_10,q_learning,train,553,456,risk,5,5,0.1,0.9,0.06254083169574957,default,100,9.7,4,1,1,0,0,0.0005341090000001714,
trap_penalty_q_learning_10_q_learning_456_eb52c11f,trap_penalty_q_learning_10,q_learning,train,554,456,risk,5,5,0.1,0.9,0.062228127537270826,default,100,9.7,4,1,1,0,0,0.0005363870000110182,
trap_penalty_q_learning_10_q_learning_456_eb52c11f,trap_penalty_q_learning_10,q_learning,train,555,456,risk,5,5,0.1,0.9,0.06191698689958447,default,100,8.7,5,1,1,0,0,0.0005901309998534998,
trap_penalty_q_learning_10_q_learning_456_eb52c11f,trap_penalty_q_learning_10,q_learning,train,556,456,risk,5,5,0.1,0.9,0.061607401965086545,default,100,9.7,4,1,1,0,0,0.0005374340000798838,
trap_penalty_q_learning_10_q_learning_456_eb52c11f,trap_penalty_q_learning_10,q_learning,train,557,456,risk,5,5,0.1,0.9,0.06129936495526111,default,100,9.7,4,1,1,0,0,0.0005255359999409848,
trap_penalty_q_learning_10_q_learning_456_eb52c11f,trap_penalty_q_learning_10,q_learning,train,558,456,risk,5,5,0.1,0.9,0.0609928681304848,default,100,9.7,4,1,1,0,0,0.0005338539999684144,
trap_penalty_q_learning_10_q_learning_456_eb52c11f,trap_penalty_q_learning_10,q_learning,train,559,456,risk,5,5,0.1,0.9,0.060687903789832374,default,100,-10.2,3,0,1,0,1,0.00036676700005955354,
trap_penalty_q_learning_10_q_learning_456_eb52c11f,trap_penalty_q_learning_10,q_learning,train,560,456,risk,5,5,0.1,0.9,0.06038446427088321,default,100,9.7,4,1,1,0,0,0.0005723579999994399,
trap_penalty_q_learning_10_q_learning_456_eb52c11f,trap_penalty_q_learning_10,q_learning,train,561,456,risk,5,5,0.1,0.9,0.06008254194952879,default,100,9.7,4,1,1,0,0,0.0006344240000544232,
trap_penalty_q_learning_10_q_learning_456_eb52c11f,trap_penalty_q_learning_10,q_learning,train,562,456,risk,5,5,0.1,0.9,0.05978212923978115,default,100,9.7,4,1,1,0,0,0.0005520039999282744,
trap_penalty_q_learning_10_q_learning_456_eb52c11f,trap_penalty_q_learning_10,q_learning,train,563,456,risk,5,5,0.1,0.9,0.05948321859358224,default,100,9.7,4,1,1,0,0,0.0005373360002067784,
trap_penalty_q_learning_10_q_learning_456_eb52c11f,trap_penalty_q_learning_10,q_learning,train,564,456,risk,5,5,0.1,0.9,0.05918580250061433,default,100,8.7,5,1,1,0,0,0.0005772540000634763,
trap_penalty_q_learning_10_q_learning_456_eb52c11f,trap_penalty_q_learning_10,q_learning,train,565,456,risk,5,5,0.1,0.9,0.058889873488111255,default,100,9.7,4,1,1,0,0,0.0005375849998472404,
trap_penalty_q_learning_10_q_learning_456_eb52c11f,trap_penalty_q_learning_10,q_learning,train,566,456,risk,5,5,0.1,0.9,0.058595424120670696,default,100,9.7,4,1,1,0,0,0.0005234369998561306,
trap_penalty_q_learning_10_q_learning_456_eb52c11f,trap_penalty_q_learning_10,q_learning,train,567,456,risk,5,5,0.1,0.9,0.05830244700006734,default,100,9.7,4,1,1,0,0,0.0004793809998773213,
trap_penalty_q_learning_10_q_learning_456_eb52c11f,trap_penalty_q_learning_10,q_learning,train,568,456,risk,5,5,0.1,0.9,0.058010934765067,default,100,9.7,4,1,1,0,0,0.0005978540000342036,
trap_penalty_q_learning_10_q_learning_456_eb52c11f,trap_penalty_q_learning_10,q_learning,train,569,456,risk,5,5,0.1,0.9,0.05772088009124167,default,100,9.7,4,1,1,0,0,0.0006146870000520721,
trap_penalty_q_learning_10_q_learning_456_eb52c11f,trap_penalty_q_learning_10,q_learning,train,570,456,risk,5,5,0.1,0.9,0.05743227569078546,default,100,9.7,4,1,1,0,0,0.0005941770000390534,
trap_penalty_q_learning_10_q_learning_456_eb52c11f,trap_penalty_q_learning_10,q_learning,train,571,456,risk,5,5,0.1,0.9,0.05714511431233153,default,100,9.7,4,1,1,0,0,0.0005819470000005822,
trap_penalty_q_learning_10_q_learning_456_eb52c11f,trap_penalty_q_learning_10,q_learning,train,572,456,risk,5,5,0.1,0.9,0.05685938874076987,default,100,9.7,4,1,1,0,0,0.0005341730000054667,
trap_penalty_q_learning_10_q_learning_456_eb52c11f,trap_penalty_q_learning_10,q_learning,train,573,456,risk,5,5,0.1,0.9,0.056575091797066025,default,100,9.7,4,1,1,0,0,0.0005924230001710384,
trap_penalty_q_learning_10_q_learning_456_eb52c11f,trap_penalty_q_learning_10,q_learning,train,574,456,risk,5,5,0.1,0.9,0.056292216338080694,default,100,9.7,4,1,1,0,0,0.0005931929999860586,
trap_penalty_q_learning_10_q_learning_456_eb52c11f,trap_penalty_q_learning_10,q_learning,train,575,456,risk,5,5,0.1,0.9,0.05601075525639029,default,100,-10.2,3,0,1,0,1,0.000390414000094097,
trap_penalty_q_learning_10_q_learning_456_eb52c11f,trap_penalty_q_learning_10,q_learning,train,576,456,risk,5,5,0.1,0.9,0.05573070148010834,default,100,9.7,4,1,1,0,0,0.0005999640000027284,
trap_penalty_q_learning_10_q_learning_456_eb52c11f,trap_penalty_q_learning_10,q_learning,train,577,456,risk,5,5,0.1,0.9,0.0554520479727078,default,100,9.5,6,1,1,0,0,0.0007632690001173614,
trap_penalty_q_learning_10_q_learning_456_eb52c11f,trap_penalty_q_learning_10,q_learning,train,578,456,risk,5,5,0.1,0.9,0.05517478773284426,default,100,9.5,6,1,1,0,0,0.0007038669998564728,
trap_penalty_q_learning_10_q_learning_456_eb52c11f,trap_penalty_q_learning_10,q_learning,train,579,456,risk,5,5,0.1,0.9,0.05489891379418004,default,100,9.7,4,1,1,0,0,0.0005355450000479323,
trap_penalty_q_learning_10_q_learning_456_eb52c11f,trap_penalty_q_learning_10,q_learning,train,580,456,risk,5,5,0.1,0.9,0.05462441922520914,default,100,9.7,4,1,1,0,0,0.0006104530000357045,
trap_penalty_q_learning_10_q_learning_456_eb52c11f,trap_penalty_q_learning_10,q_learning,train,581,456,risk,5,5,0.1,0.9,0.0543512971290831,default,100,9.7,4,1,1,0,0,0.0005818189999899914,
trap_penalty_q_learning_10_q_learning_456_eb52c11f,trap_penalty_q_learning_10,q_learning,train,582,456,risk,5,5,0.1,0.9,0.05407954064343768,default,100,9.7,4,1,1,0,0,0.0005435979999219853,
trap_penalty_q_learning_10_q_learning_456_eb52c11f,trap_penalty_q_learning_10,q_learning,train,583,456,risk,5,5,0.1,0.9,0.05380914294022049,default,100,9.7,4,1,1,0,0,0.0005383340001117176,
trap_penalty_q_learning_10_q_learning_456_eb52c11f,trap_penalty_q_learning_10,q_learning,train,584,456,risk,5,5,0.1,0.9,0.05354009722551939,default,100,9.7,4,1,1,0,0,0.0005299310000737023,
trap_penalty_q_learning_10_q_learning_456_eb52c11f,trap_penalty_q_learning_10,q_learning,train,585,456,risk,5,5,0.1,0.9,0.05327239673939179,default,100,9.7,4,1,1,0,0,0.0005371140000534069,
trap_penalty_q_learning_10_q_learning_456_eb52c11f,trap_penalty_q_learning_10,q_learning,train,586,456,risk,5,5,0.1,0.9,0.053006034755694834,default,100,9.7,4,1,1,0,0,0.0005471530000704661,
trap_penalty_q_learning_10_q_learning_456_eb52c11f,trap_penalty_q_learning_10,q_learning,train,587,456,risk,5,5,0.1,0.9,0.052741004581916356,default,100,9.7,4,1,1,0,0,0.0005192099999931088,
trap_penalty_q_learning_10_q_learning_456_eb52c11f,trap_penalty_q_learning_10,q_learning,train,588,456,risk,5,5,0.1,0.9,0.052477299559006776,default,100,8.7,5,1,1,0,0,0.0006291849999797705,
trap_penalty_q_learning_10_q_learning_456_eb52c11f,trap_penalty_q_learning_10,q_learning,train,589,456,risk,5,5,0.1,0.9,0.052214913061211746,default,100,9.7,4,1,1,0,0,0.0005871020000540739,
trap_penalty_q_learning_10_q_learning_456_eb52c11f,trap_penalty_q_learning_10,q_learning,train,590,456,risk,5,5,0.1,0.9,0.05195383849590569,default,100,9.7,4,1,1,0,0,0.000532421000116301,
trap_penalty_q_learning_10_q_learning_456_eb52c11f,trap_penalty_q_learning_10,q_learning,train,591,456,risk,5,5,0.1,0.9,0.05169406930342616,default,100,9.7,4,1,1,0,0,0.0004679369999394112,
trap_penalty_q_learning_10_q_learning_456_eb52c11f,trap_penalty_q_learning_10,q_learning,train,592,456,risk,5,5,0.1,0.9,0.05143559895690903,default,100,9.7,4,1,1,0,0,0.0005330000001322333,
trap_penalty_q_learning_10_q_learning_456_eb52c11f,trap_penalty_q_learning_10,q_learning,train,593,456,risk,5,5,0.1,0.9,0.051178420962124486,default,100,9.7,4,1,1,0,0,0.0005828339999425225,
trap_penalty_q_learning_10_q_learning_456_eb52c11f,trap_penalty_q_learning_10,q_learning,train,594,456,risk,5,5,0.1,0.9,0.05092252885731386,default,100,9.7,4,1,1,0,0,0.0005984370000078343,
trap_penalty_q_learning_10_q_learning_456_eb52c11f,trap_penalty_q_learning_10,q_learning,train,595,456,risk,5,5,0.1,0.9,0.05066791621302729,default,100,9.7,4,1,1,0,0,0.0005789740000636812,
trap_penalty_q_learning_10_q_learning_456_eb52c11f,trap_penalty_q_learning_10,q_learning,train,596,456,risk,5,5,0.1,0.9,0.05041457663196215,default,100,8.7,5,1,1,0,0,0.0006411040001239598,
trap_penalty_q_learning_10_q_learning_456_eb52c11f,trap_penalty_q_learning_10,q_learning,train,597,456,risk,5,5,0.1,0.9,0.050162503748802344,default,100,9.7,4,1,1,0,0,0.0005556290000185982,
trap_penalty_q_learning_10_q_learning_456_eb52c11f,trap_penalty_q_learning_10,q_learning,train,598,456,risk,5,5,0.1,0.9,0.05,default,100,9.5,6,1,1,0,0,0.0006759939999483322,
trap_penalty_q_learning_10_q_learning_456_eb52c11f,trap_penalty_q_learning_10,q_learning,train,599,456,risk,5,5,0.1,0.9,0.05,default,100,9.7,4,1,1,0,0,0.0005489650000072288,
trap_penalty_q_learning_10_q_learning_456_eb52c11f,trap_penalty_q_learning_10,q_learning,train,600,456,risk,5,5,0.1,0.9,0.05,default,100,9.7,4,1,1,0,0,0.000495308999916233,results/trap_penalty/q_learning/trap_10/seed_456/qtable_ep600.npz
trap_penalty_q_learning_10_q_learning_456_eb52c11f,trap_penalty_q_learning_10,q_learning,train,601,456,risk,5,5,0.1,0.9,0.05,default,100,9.7,4,1,1,0,0,0.0005814149999423535,
trap_penalty_q_learning_10_q_learning_456_eb52c11f,trap_penalty_q_learning_10,q_learning,train,602,456,risk,5,5,0.1,0.9,0.05,default,100,8.7,5,1,1,0,0,0.0006573140001364663,
trap_penalty_q_learning_10_q_learning_456_eb52c11f,trap_penalty_q_learning_10,q_learning,train,603,456,risk,5,5,0.1,0.9,0.05,default,100,9.7,4,1,1,0,0,0.0005939280001712177,
trap_penalty_q_learning_10_q_learning_456_eb52c11f,trap_penalty_q_learning_10,q_learning,train,604,456,risk,5,5,0.1,0.9,0.05,default,100,9.7,4,1,1,0,0,0.0005453900000702561,
trap_penalty_q_learning_10_q_learning_456_eb52c11f,trap_penalty_q_learning_10,q_learning,train,605,456,risk,5,5,0.1,0.9,0.05,default,100,9.7,4,1,1,0,0,0.00047121800002969394,
trap_penalty_q_learning_10_q_learning_456_eb52c11f,trap_penalty_q_learning_10,q_learning,train,606,456,risk,5,5,0.1,0.9,0.05,default,100,8.7,5,1,1,0,0,0.0005281300000206102,
trap_penalty_q_learning_10_q_learning_456_eb52c11f,trap_penalty_q_learning_10,q_learning,train,607,456,risk,5,5,0.1,0.9,0.05,default,100,9.7,4,1,1,0,0,0.0005392260000007809,
trap_penalty_q_learning_10_q_learning_456_eb52c11f,trap_penalty_q_learning_10,q_learning,train,608,456,risk,5,5,0.1,0.9,0.05,default,100,9.7,4,1,1,0,0,0.00052884499996253,
trap_penalty_q_learning_10_q_learning_456_eb52c11f,trap_penalty_q_learning_10,q_learning,train,609,456,risk,5,5,0.1,0.9,0.05,default,100,9.7,4,1,1,0,0,0.0005418200000804063,
trap_penalty_q_learning_10_q_learning_456_eb52c11f,trap_penalty_q_learning_10,q_learning,train,610,456,risk,5,5,0.1,0.9,0.05,default,100,9.7,4,1,1,0,0,0.0005838949998633325,
trap_penalty_q_learning_10_q_learning_456_eb52c11f,trap_penalty_q_learning_10,q_learning,train,611,456,risk,5,5,0.1,0.9,0.05,default,100,9.7,4,1,1,0,0,0.0005966820001503947,
trap_penalty_q_learning_10_q_learning_456_eb52c11f,trap_penalty_q_learning_10,q_learning,train,612,456,risk,5,5,0.1,0.9,0.05,default,100,9.7,4,1,1,0,0,0.0005665620001309435,
trap_penalty_q_learning_10_q_learning_456_eb52c11f,trap_penalty_q_learning_10,q_learning,train,613,456,risk,5,5,0.1,0.9,0.05,default,100,9.7,4,1,1,0,0,0.00053592800009028,
trap_penalty_q_learning_10_q_learning_456_eb52c11f,trap_penalty_q_learning_10,q_learning,train,614,456,risk,5,5,0.1,0.9,0.05,default,100,9.5,6,1,1,0,0,0.0006925849997969635,
trap_penalty_q_learning_10_q_learning_456_eb52c11f,trap_penalty_q_learning_10,q_learning,train,615,456,risk,5,5,0.1,0.9,0.05,default,100,9.7,4,1,1,0,0,0.0005226359999142005,
trap_penalty_q_learning_10_q_learning_456_eb52c11f,trap_penalty_q_learning_10,q_learning,train,616,456,risk,5,5,0.1,0.9,0.05,default,100,9.5,6,1,1,0,0,0.000683688000208349,
trap_penalty_q_learning_10_q_learning_456_eb52c11f,trap_penalty_q_learning_10,q_learning,train,617,456,risk,5,5,0.1,0.9,0.05,default,100,8.7,5,1,1,0,0,0.0005964690001292183,
trap_penalty_q_learning_10_q_learning_456_eb52c11f,trap_penalty_q_learning_10,q_learning,train,618,456,risk,5,5,0.1,0.9,0.05,default,100,8.5,7,1,1,0,0,0.0007685859998218803,
trap_penalty_q_learning_10_q_learning_456_eb52c11f,trap_penalty_q_learning_10,q_learning,train,619,456,risk,5,5,0.1,0.9,0.05,default,100,9.7,4,1,1,0,0,0.0006000959999710176,
trap_penalty_q_learning_10_q_learning_456_eb52c11f,trap_penalty_q_learning_10,q_learning,train,620,456,risk,5,5,0.1,0.9,0.05,default,100,9.7,4,1,1,0,0,0.0005811159999211668,
trap_penalty_q_learning_10_q_learning_456_eb52c11f,trap_penalty_q_learning_10,q_learning,train,621,456,risk,5,5,0.1,0.9,0.05,default,100,9.5,6,1,1,0,0,0.0007195230000434094,
trap_penalty_q_learning_10_q_learning_456_eb52c11f,trap_penalty_q_learning_10,q_learning,train,622,456,risk,5,5,0.1,0.9,0.05,default,100,9.7,4,1,1,0,0,0.0005461169998852711,
trap_penalty_q_learning_10_q_learning_456_eb52c11f,trap_penalty_q_learning_10,q_learning,train,623,456,risk,5,5,0.1,0.9,0.05,default,100,9.7,4,1,1,0,0,0.000525770999956876,
trap_penalty_q_learning_10_q_learning_456_eb52c11f,trap_penalty_q_learning_10,q_learning,train,624,456,risk,5,5,0.1,0.9,0.05,default,100,9.7,4,1,1,0,0,0.0005361129999528202,
trap_penalty_q_learning_10_q_learning_456_eb52c11f,trap_penalty_q_learning_10,q_learning,train,625,456,risk,5,5,0.1,0.9,0.05,default,100,9.7,4,1,1,0,0,0.000528710000025967,
trap_penalty_q_learning_10_q_learning_456_eb52c11f,trap_penalty_q_learning_10,q_learning,train,626,456,risk,5,5,0.1,0.9,0.05,default,100,9.7,4,1,1,0,0,0.0006054799998764793,
trap_penalty_q_learning_10_q_learning_456_eb52c11f,trap_penalty_q_learning_10,q_learning,train,627,456,risk,5,5,0.1,0.9,0.05,default,100,9.7,4,1,1,0,0,0.0005938580000020011,
trap_penalty_q_learning_10_q_learning_456_eb52c11f,trap_penalty_q_learning_10,q_learning,train,628,456,risk,5,5,0.1,0.9,0.05,default,100,8.7,5,1,1,0,0,0.0006501140001091699,
trap_penalty_q_learning_10_q_learning_456_eb52c11f,trap_penalty_q_learning_10,q_learning,train,629,456,risk,5,5,0.1,0.9,0.05,default,100,9.7,4,1,1,0,0,0.0005443120001018542,
trap_penalty_q_learning_10_q_learning_456_eb52c11f,trap_penalty_q_learning_10,q_learning,train,630,456,risk,5,5,0.1,0.9,0.05,default,100,9.7,4,1,1,0,0,0.0005296599999837781,
trap_penalty_q_learning_10_q_learning_456_eb52c11f,trap_penalty_q_learning_10,q_learning,train,631,456,risk,5,5,0.1,0.9,0.05,default,100,8.7,5,1,1,0,0,0.0005969799999547831,
trap_penalty_q_learning_10_q_learning_456_eb52c11f,trap_penalty_q_learning_10,q_learning,train,632,456,risk,5,5,0.1,0.9,0.05,default,100,9.7,4,1,1,0,0,0.0005398679998052103,
trap_penalty_q_learning_10_q_learning_456_eb52c11f,trap_penalty_q_learning_10,q_learning,train,633,456,risk,5,5,0.1,0.9,0.05,default,100,9.7,4,1,1,0,0,0.0005259600000044884,
trap_penalty_q_learning_10_q_learning_456_eb52c11f,trap_penalty_q_learning_10,q_learning,train,634,456,risk,5,5,0.1,0.9,0.05,default,100,9.7,4,1,1,0,0,0.0005792929998733598,
trap_penalty_q_learning_10_q_learning_456_eb52c11f,trap_penalty_q_learning_10,q_learning,train,635,456,risk,5,5,0.1,0.9,0.05,default,100,9.7,4,1,1,0,0,0.0006074539999190165,
trap_penalty_q_learning_10_q_learning_456_eb52c11f,trap_penalty_q_learning_10,q_learning,train,636,456,risk,5,5,0.1,0.9,0.05,default,100,8.7,5,1,1,0,0,0.0006287850001172046,
trap_penalty_q_learning_10_q_learning_456_eb52c11f,trap_penalty_q_learning_10,q_learning,train,637,456,risk,5,5,0.1,0.9,0.05,default,100,9.7,4,1,1,0,0,0.000526528999898801,
trap_penalty_q_learning_10_q_learning_456_eb52c11f,trap_penalty_q_learning_10,q_learning,train,638,456,risk,5,5,0.1,0.9,0.05,default,100,9.7,4,1,1,0,0,0.0005267860001367808,
trap_penalty_q_learning_10_q_learning_456_eb52c11f,trap_penalty_q_learning_10,q_learning,train,639,456,risk,5,5,0.1,0.9,0.05,default,100,9.7,4,1,1,0,0,0.0005886870001177158,
trap_penalty_q_learning_10_q_learning_456_eb52c11f,trap_penalty_q_learning_10,q_learning,train,640,456,risk,5,5,0.1,0.9,0.05,default,100,8.7,5,1,1,0,0,0.0006045860000085668,
trap_penalty_q_learning_10_q_learning_456_eb52c11f,trap_penalty_q_learning_10,q_learning,train,641,456,risk,5,5,0.1,0.9,0.05,default,100,9.7,4,1,1,0,0,0.0005522930000552151,
trap_penalty_q_learning_10_q_learning_456_eb52c11f,trap_penalty_q_learning_10,q_learning,train,642,456,risk,5,5,0.1,0.9,0.05,default,100,9.7,4,1,1,0,0,0.0005422360000011395,
trap_penalty_q_learning_10_q_learning_456_eb52c11f,trap_penalty_q_learning_10,q_learning,train,643,456,risk,5,5,0.1,0.9,0.05,default,100,8.7,5,1,1,0,0,0.0005703389999780484,
trap_penalty_q_learning_10_q_learning_456_eb52c11f,trap_penalty_q_learning_10,q_learning,train,644,456,risk,5,5,0.1,0.9,0.05,default,100,9.7,4,1,1,0,0,0.0005390460000853636,
trap_penalty_q_learning_10_q_learning_456_eb52c11f,trap_penalty_q_learning_10,q_learning,train,645,456,risk,5,5,0.1,0.9,0.05,default,100,9.7,4,1,1,0,0,0.0004741650000141817,
trap_penalty_q_learning_10_q_learning_456_eb52c11f,trap_penalty_q_learning_10,q_learning,train,646,456,risk,5,5,0.1,0.9,0.05,default,100,9.7,4,1,1,0,0,0.0005356649999157526,
trap_penalty_q_learning_10_q_learning_456_eb52c11f,trap_penalty_q_learning_10,q_learning,train,647,456,risk,5,5,0.1,0.9,0.05,default,100,9.7,4,1,1,0,0,0.0005468929998642125,
trap_penalty_q_learning_10_q_learning_456_eb52c11f,trap_penalty_q_learning_10,q_learning,train,648,456,risk,5,5,0.1,0.9,0.05,default,100,9.5,6,1,1,0,0,0.0006891860000450833,
trap_penalty_q_learning_10_q_learning_456_eb52c11f,trap_penalty_q_learning_10,q_learning,train,649,456,risk,5,5,0.1,0.9,0.05,default,100,9.7,4,1,1,0,0,0.0005591740000454593,
trap_penalty_q_learning_10_q_learning_456_eb52c11f,trap_penalty_q_learning_10,q_learning,train,650,456,risk,5,5,0.1,0.9,0.05,default,100,9.7,4,1,1,0,0,0.0005756999998993706,
trap_penalty_q_learning_10_q_learning_456_eb52c11f,trap_penalty_q_learning_10,q_learning,train,651,456,risk,5,5,0.1,0.9,0.05,default,100,9.7,4,1,1,0,0,0.0005949629999122408,
trap_penalty_q_learning_10_q_learning_456_eb52c11f,trap_penalty_q_learning_10,q_learning,train,652,456,risk,5,5,0.1,0.9,0.05,default,100,9.7,4,1,1,0,0,0.0005715689999306051,
trap_penalty_q_learning_10_q_learning_456_eb52c11f,trap_penalty_q_learning_10,q_learning,train,653,456,risk,5,5,0.1,0.9,0.05,default,100,9.7,4,1,1,0,0,0.0006164979999994102,
trap_penalty_q_learning_10_q_learning_456_eb52c11f,trap_penalty_q_learning_10,q_learning,train,654,456,risk,5,5,0.1,0.9,0.05,default,100,9.7,4,1,1,0,0,0.0006040829998710251,
trap_penalty_q_learning_10_q_learning_456_eb52c11f,trap_penalty_q_learning_10,q_learning,train,655,456,risk,5,5,0.1,0.9,0.05,default,100,9.7,4,1,1,0,0,0.000594457000033799,
trap_penalty_q_learning_10_q_learning_456_eb52c11f,trap_penalty_q_learning_10,q_learning,train,656,456,risk,5,5,0.1,0.9,0.05,default,100,9.7,4,1,1,0,0,0.000540305999948032,
trap_penalty_q_learning_10_q_learning_456_eb52c11f,trap_penalty_q_learning_10,q_learning,train,657,456,risk,5,5,0.1,0.9,0.05,default,100,9.7,4,1,1,0,0,0.0005254099999092432,
trap_penalty_q_learning_10_q_learning_456_eb52c11f,trap_penalty_q_learning_10,q_learning,train,658,456,risk,5,5,0.1,0.9,0.05,default,100,9.7,4,1,1,0,0,0.0005357869999897957,
trap_penalty_q_learning_10_q_learning_456_eb52c11f,trap_penalty_q_learning_10,q_learning,train,659,456,risk,5,5,0.1,0.9,0.05,default,100,9.7,4,1,1,0,0,0.0005196619999878749,
trap_penalty_q_learning_10_q_learning_456_eb52c11f,trap_penalty_q_learning_10,q_learning,train,660,456,risk,5,5,0.1,0.9,0.05,default,100,8.7,5,1,1,0,0,0.0006687980001061078,
trap_penalty_q_learning_10_q_learning_456_eb52c11f,trap_penalty_q_learning_10,q_learning,train,661,456,risk,5,5,0.1,0.9,0.05,default,100,9.7,4,1,1,0,0,0.0006131590000677534,
trap_penalty_q_learning_10_q_learning_456_eb52c11f,trap_penalty_q_learning_10,q_learning,train,662,456,risk,5,5,0.1,0.9,0.05,default,100,8.7,5,1,1,0,0,0.0006162060001315695,
trap_penalty_q_learning_10_q_learning_456_eb52c11f,trap_penalty_q_learning_10,q_learning,train,663,456,risk,5,5,0.1,0.9,0.05,default,100,9.7,4,1,1,0,0,0.0005261389999304811,
trap_penalty_q_learning_10_q_learning_456_eb52c11f,trap_penalty_q_learning_10,q_learning,train,664,456,risk,5,5,0.1,0.9,0.05,default,100,9.7,4,1,1,0,0,0.0005322619999788003,
trap_penalty_q_learning_10_q_learning_456_eb52c11f,trap_penalty_q_learning_10,q_learning,train,665,456,risk,5,5,0.1,0.9,0.05,default,100,9.7,4,1,1,0,0,0.0005932990000019345,
trap_penalty_q_learning_10_q_learning_456_eb52c11f,trap_penalty_q_learning_10,q_learning,train,666,456,risk,5,5,0.1,0.9,0.05,default,100,9.7,4,1,1,0,0,0.000600458000008075,
trap_penalty_q_learning_10_q_learning_456_eb52c11f,trap_penalty_q_learning_10,q_learning,train,667,456,risk,5,5,0.1,0.9,0.05,default,100,9.7,4,1,1,0,0,0.0005663970000568952,
trap_penalty_q_learning_10_q_learning_456_eb52c11f,trap_penalty_q_learning_10,q_learning,train,668,456,risk,5,5,0.1,0.9,0.05,default,100,9.5,6,1,1,0,0,0.0006836800000655785,
trap_penalty_q_learning_10_q_learning_456_eb52c11f,trap_penalty_q_learning_10,q_learning,train,669,456,risk,5,5,0.1,0.9,0.05,default,100,9.7,4,1,1,0,0,0.0005360490001748985,
trap_penalty_q_learning_10_q_learning_456_eb52c11f,trap_penalty_q_learning_10,q_learning,train,670,456,risk,5,5,0.1,0.9,0.05,default,100,9.7,4,1,1,0,0,0.0005328439999630064,
trap_penalty_q_learning_10_q_learning_456_eb52c11f,trap_penalty_q_learning_10,q_learning,train,671,456,risk,5,5,0.1,0.9,0.05,default,100,9.7,4,1,1,0,0,0.0005405379999956494,
trap_penalty_q_learning_10_q_learning_456_eb52c11f,trap_penalty_q_learning_10,q_learning,train,672,456,risk,5,5,0.1,0.9,0.05,default,100,9.7,4,1,1,0,0,0.0005455359998904896,
trap_penalty_q_learning_10_q_learning_456_eb52c11f,trap_penalty_q_learning_10,q_learning,train,673,456,risk,5,5,0.1,0.9,0.05,default,100,9.7,4,1,1,0,0,0.0005372210000587074,
trap_penalty_q_learning_10_q_learning_456_eb52c11f,trap_penalty_q_learning_10,q_learning,train,674,456,risk,5,5,0.1,0.9,0.05,default,100,9.7,4,1,1,0,0,0.0005276459999095096,
trap_penalty_q_learning_10_q_learning_456_eb52c11f,trap_penalty_q_learning_10,q_learning,train,675,456,risk,5,5,0.1,0.9,0.05,default,100,9.7,4,1,1,0,0,0.0005469549998906587,
trap_penalty_q_learning_10_q_learning_456_eb52c11f,trap_penalty_q_learning_10,q_learning,train,676,456,risk,5,5,0.1,0.9,0.05,default,100,8.7,5,1,1,0,0,0.000569642000073145,
trap_penalty_q_learning_10_q_learning_456_eb52c11f,trap_penalty_q_learning_10,q_learning,train,677,456,risk,5,5,0.1,0.9,0.05,default,100,9.7,4,1,1,0,0,0.0005472600000757666,
trap_penalty_q_learning_10_q_learning_456_eb52c11f,trap_penalty_q_learning_10,q_learning,train,678,456,risk,5,5,0.1,0.9,0.05,default,100,9.7,4,1,1,0,0,0.0005937969999649795,
trap_penalty_q_learning_10_q_learning_456_eb52c11f,trap_penalty_q_learning_10,q_learning,train,679,456,risk,5,5,0.1,0.9,0.05,default,100,8.7,5,1,1,0,0,0.0006669520000741613,
trap_penalty_q_learning_10_q_learning_456_eb52c11f,trap_penalty_q_learning_10,q_learning,train,680,456,risk,5,5,0.1,0.9,0.05,default,100,9.7,4,1,1,0,0,0.0005410609999216831,
trap_penalty_q_learning_10_q_learning_456_eb52c11f,trap_penalty_q_learning_10,q_learning,train,681,456,risk,5,5,0.1,0.9,0.05,default,100,8.5,7,1,1,0,0,0.0007577279998258746,
trap_penalty_q_learning_10_q_learning_456_eb52c11f,trap_penalty_q_learning_10,q_learning,train,682,456,risk,5,5,0.1,0.9,0.05,default,100,9.7,4,1,1,0,0,0.0005316930000844877,
trap_penalty_q_learning_10_q_learning_456_eb52c11f,trap_penalty_q_learning_10,q_learning,train,683,456,risk,5,5,0.1,0.9,0.05,default,100,9.7,4,1,1,0,0,0.0005388439999478578,
trap_penalty_q_learning_10_q_learning_456_eb52c11f,trap_penalty_q_learning_10,q_learning,train,684,456,risk,5,5,0.1,0.9,0.05,default,100,9.7,4,1,1,0,0,0.0005467720000069676,
trap_penalty_q_learning_10_q_learning_456_eb52c11f,trap_penalty_q_learning_10,q_learning,train,685,456,risk,5,5,0.1,0.9,0.05,default,100,9.7,4,1,1,0,0,0.0005449630000384786,
trap_penalty_q_learning_10_q_learning_456_eb52c11f,trap_penalty_q_learning_10,q_learning,train,686,456,risk,5,5,0.1,0.9,0.05,default,100,9.7,4,1,1,0,0,0.0005980570001611341,
trap_penalty_q_learning_10_q_learning_456_eb52c11f,trap_penalty_q_learning_10,q_learning,train,687,456,risk,5,5,0.1,0.9,0.05,default,100,9.7,4,1,1,0,0,0.0005929890000970772,
trap_penalty_q_learning_10_q_learning_456_eb52c11f,trap_penalty_q_learning_10,q_learning,train,688,456,risk,5,5,0.1,0.9,0.05,default,100,9.7,4,1,1,0,0,0.0005325719998836576,
trap_penalty_q_learning_10_q_learning_456_eb52c11f,trap_penalty_q_learning_10,q_learning,train,689,456,risk,5,5,0.1,0.9,0.05,default,100,9.7,4,1,1,0,0,0.0005196089998662501,
trap_penalty_q_learning_10_q_learning_456_eb52c11f,trap_penalty_q_learning_10,q_learning,train,690,456,risk,5,5,0.1,0.9,0.05,default,100,9.7,4,1,1,0,0,0.0005413040000803448,
trap_penalty_q_learning_10_q_learning_456_eb52c11f,trap_penalty_q_learning_10,q_learning,train,691,456,risk,5,5,0.1,0.9,0.05,default,100,9.7,4,1,1,0,0,0.0006528600001729501,
trap_penalty_q_learning_10_q_learning_456_eb52c11f,trap_penalty_q_learning_10,q_learning,train,692,456,risk,5,5,0.1,0.9,0.05,default,100,9.7,4,1,1,0,0,0.0006029840001247067,
trap_penalty_q_learning_10_q_learning_456_eb52c11f,trap_penalty_q_learning_10,q_learning,train,693,456,risk,5,5,0.1,0.9,0.05,default,100,9.7,4,1,1,0,0,0.0005926750000071479,
trap_penalty_q_learning_10_q_learning_456_eb52c11f,trap_penalty_q_learning_10,q_learning,train,694,456,risk,5,5,0.1,0.9,0.05,default,100,9.7,4,1,1,0,0,0.0005793430000267108,
trap_penalty_q_learning_10_q_learning_456_eb52c11f,trap_penalty_q_learning_10,q_learning,train,695,456,risk,5,5,0.1,0.9,0.05,default,100,9.7,4,1,1,0,0,0.000583419000122376,
trap_penalty_q_learning_10_q_learning_456_eb52c11f,trap_penalty_q_learning_10,q_learning,train,696,456,risk,5,5,0.1,0.9,0.05,default,100,9.7,4,1,1,0,0,0.0005551479998757713,
trap_penalty_q_learning_10_q_learning_456_eb52c11f,trap_penalty_q_learning_10,q_learning,train,697,456,risk,5,5,0.1,0.9,0.05,default,100,9.7,4,1,1,0,0,0.0006088149998504377,
trap_penalty_q_learning_10_q_learning_456_eb52c11f,trap_penalty_q_learning_10,q_learning,train,698,456,risk,5,5,0.1,0.9,0.05,default,100,9.7,4,1,1,0,0,0.0005924459999278042,
trap_penalty_q_learning_10_q_learning_456_eb52c11f,trap_penalty_q_learning_10,q_learning,train,699,456,risk,5,5,0.1,0.9,0.05,default,100,9.7,4,1,1,0,0,0.000525616999993872,
trap_penalty_q_learning_10_q_learning_456_eb52c11f,trap_penalty_q_learning_10,q_learning,train,700,456,risk,5,5,0.1,0.9,0.05,default,100,9.7,4,1,1,0,0,0.0005410339999798452,
trap_penalty_q_learning_10_q_learning_456_eb52c11f,trap_penalty_q_learning_10,q_learning,train,701,456,risk,5,5,0.1,0.9,0.05,default,100,9.7,4,1,1,0,0,0.0005560019999393262,
trap_penalty_q_learning_10_q_learning_456_eb52c11f,trap_penalty_q_learning_10,q_learning,train,702,456,risk,5,5,0.1,0.9,0.05,default,100,9.7,4,1,1,0,0,0.0005907190000016271,
trap_penalty_q_learning_10_q_learning_456_eb52c11f,trap_penalty_q_learning_10,q_learning,train,703,456,risk,5,5,0.1,0.9,0.05,default,100,9.7,4,1,1,0,0,0.0005982559998756187,
trap_penalty_q_learning_10_q_learning_456_eb52c11f,trap_penalty_q_learning_10,q_learning,train,704,456,risk,5,5,0.1,0.9,0.05,default,100,9.7,4,1,1,0,0,0.0005725369999254326,
trap_penalty_q_learning_10_q_learning_456_eb52c11f,trap_penalty_q_learning_10,q_learning,train,705,456,risk,5,5,0.1,0.9,0.05,default,100,9.7,4,1,1,0,0,0.0005464149999170331,
trap_penalty_q_learning_10_q_learning_456_eb52c11f,trap_penalty_q_learning_10,q_learning,train,706,456,risk,5,5,0.1,0.9,0.05,default,100,9.7,4,1,1,0,0,0.0005387389999214065,
trap_penalty_q_learning_10_q_learning_456_eb52c11f,trap_penalty_q_learning_10,q_learning,train,707,456,risk,5,5,0.1,0.9,0.05,default,100,9.7,4,1,1,0,0,0.0005392909999955009,
trap_penalty_q_learning_10_q_learning_456_eb52c11f,trap_penalty_q_learning_10,q_learning,train,708,456,risk,5,5,0.1,0.9,0.05,default,100,9.7,4,1,1,0,0,0.0005226709999988088,
trap_penalty_q_learning_10_q_learning_456_eb52c11f,trap_penalty_q_learning_10,q_learning,train,709,456,risk,5,5,0.1,0.9,0.05,default,100,9.7,4,1,1,0,0,0.0005563090001032833,
trap_penalty_q_learning_10_q_learning_456_eb52c11f,trap_penalty_q_learning_10,q_learning,train,710,456,risk,5,5,0.1,0.9,0.05,default,100,9.7,4,1,1,0,0,0.0004798109998773725,
trap_penalty_q_learning_10_q_learning_456_eb52c11f,trap_penalty_q_learning_10,q_learning,train,711,456,risk,5,5,0.1,0.9,0.05,default,100,9.7,4,1,1,0,0,0.0005531629999495635,
trap_penalty_q_learning_10_q_learning_456_eb52c11f,trap_penalty_q_learning_10,q_learning,train,712,456,risk,5,5,0.1,0.9,0.05,default,100,9.7,4,1,1,0,0,0.0005909819999487809,
trap_penalty_q_learning_10_q_learning_456_eb52c11f,trap_penalty_q_learning_10,q_learning,train,713,456,risk,5,5,0.1,0.9,0.05,default,100,9.7,4,1,1,0,0,0.0005763760000263574,
trap_penalty_q_learning_10_q_learning_456_eb52c11f,trap_penalty_q_learning_10,q_learning,train,714,456,risk,5,5,0.1,0.9,0.05,default,100,8.7,5,1,1,0,0,0.0006000079999921581,
trap_penalty_q_learning_10_q_learning_456_eb52c11f,trap_penalty_q_learning_10,q_learning,train,715,456,risk,5,5,0.1,0.9,0.05,default,100,9.7,4,1,1,0,0,0.0005229290002262132,
trap_penalty_q_learning_10_q_learning_456_eb52c11f,trap_penalty_q_learning_10,q_learning,train,716,456,risk,5,5,0.1,0.9,0.05,default,100,9.7,4,1,1,0,0,0.0005533989999548794,
trap_penalty_q_learning_10_q_learning_456_eb52c11f,trap_penalty_q_learning_10,q_learning,train,717,456,risk,5,5,0.1,0.9,0.05,default,100,9.7,4,1,1,0,0,0.0005425790000117559,
trap_penalty_q_learning_10_q_learning_456_eb52c11f,trap_penalty_q_learning_10,q_learning,train,718,456,risk,5,5,0.1,0.9,0.05,default,100,9.7,4,1,1,0,0,0.0005353779999950348,
trap_penalty_q_learning_10_q_learning_456_eb52c11f,trap_penalty_q_learning_10,q_learning,train,719,456,risk,5,5,0.1,0.9,0.05,default,100,9.7,4,1,1,0,0,0.0005357790000743989,
trap_penalty_q_learning_10_q_learning_456_eb52c11f,trap_penalty_q_learning_10,q_learning,train,720,456,risk,5,5,0.1,0.9,0.05,default,100,9.7,4,1,1,0,0,0.0005221080000410439,
trap_penalty_q_learning_10_q_learning_456_eb52c11f,trap_penalty_q_learning_10,q_learning,train,721,456,risk,5,5,0.1,0.9,0.05,default,100,9.7,4,1,1,0,0,0.0006132640000942047,
trap_penalty_q_learning_10_q_learning_456_eb52c11f,trap_penalty_q_learning_10,q_learning,train,722,456,risk,5,5,0.1,0.9,0.05,default,100,9.7,4,1,1,0,0,0.0005953160000444768,
trap_penalty_q_learning_10_q_learning_456_eb52c11f,trap_penalty_q_learning_10,q_learning,train,723,456,risk,5,5,0.1,0.9,0.05,default,100,9.7,4,1,1,0,0,0.0005401779999374412,
trap_penalty_q_learning_10_q_learning_456_eb52c11f,trap_penalty_q_learning_10,q_learning,train,724,456,risk,5,5,0.1,0.9,0.05,default,100,9.7,4,1,1,0,0,0.0005230960000517371,
trap_penalty_q_learning_10_q_learning_456_eb52c11f,trap_penalty_q_learning_10,q_learning,train,725,456,risk,5,5,0.1,0.9,0.05,default,100,9.7,4,1,1,0,0,0.0005398939999849972,
trap_penalty_q_learning_10_q_learning_456_eb52c11f,trap_penalty_q_learning_10,q_learning,train,726,456,risk,5,5,0.1,0.9,0.05,default,100,9.7,4,1,1,0,0,0.0005359219999263587,
trap_penalty_q_learning_10_q_learning_456_eb52c11f,trap_penalty_q_learning_10,q_learning,train,727,456,risk,5,5,0.1,0.9,0.05,default,100,8.7,5,1,1,0,0,0.0005727019999994809,
trap_penalty_q_learning_10_q_learning_456_eb52c11f,trap_penalty_q_learning_10,q_learning,train,728,456,risk,5,5,0.1,0.9,0.05,default,100,9.7,4,1,1,0,0,0.0005372989999159472,
trap_penalty_q_learning_10_q_learning_456_eb52c11f,trap_penalty_q_learning_10,q_learning,train,729,456,risk,5,5,0.1,0.9,0.05,default,100,9.7,4,1,1,0,0,0.0005426990001069498,
trap_penalty_q_learning_10_q_learning_456_eb52c11f,trap_penalty_q_learning_10,q_learning,train,730,456,risk,5,5,0.1,0.9,0.05,default,100,9.7,4,1,1,0,0,0.0005412650000380381,
trap_penalty_q_learning_10_q_learning_456_eb52c11f,trap_penalty_q_learning_10,q_learning,train,731,456,risk,5,5,0.1,0.9,0.05,default,100,9.7,4,1,1,0,0,0.0005246489999990445,
trap_penalty_q_learning_10_q_learning_456_eb52c11f,trap_penalty_q_learning_10,q_learning,train,732,456,risk,5,5,0.1,0.9,0.05,default,100,9.7,4,1,1,0,0,0.0005436530000224593,
trap_penalty_q_learning_10_q_learning_456_eb52c11f,trap_penalty_q_learning_10,q_learning,train,733,456,risk,5,5,0.1,0.9,0.05,default,100,9.7,4,1,1,0,0,0.0005233269998825563,
trap_penalty_q_learning_10_q_learning_456_eb52c11f,trap_penalty_q_learning_10,q_learning,train,734,456,risk,5,5,0.1,0.9,0.05,default,100,9.5,6,1,1,0,0,0.0006855100000393577,
trap_penalty_q_learning_10_q_learning_456_eb52c11f,trap_penalty_q_learning_10,q_learning,train,735,456,risk,5,5,0.1,0.9,0.05,default,100,9.7,4,1,1,0,0,0.0005346160000954114,
trap_penalty_q_learning_10_q_learning_456_eb52c11f,trap_penalty_q_learning_10,q_learning,train,736,456,risk,5,5,0.1,0.9,0.05,default,100,9.7,4,1,1,0,0,0.0005885780001335661,
trap_penalty_q_learning_10_q_learning_456_eb52c11f,trap_penalty_q_learning_10,q_learning,train,737,456,risk,5,5,0.1,0.9,0.05,default,100,9.7,4,1,1,0,0,0.0005440969998744549,
trap_penalty_q_learning_10_q_learning_456_eb52c11f,trap_penalty_q_learning_10,q_learning,train,738,456,risk,5,5,0.1,0.9,0.05,default,100,-10.4,5,0,1,0,1,0.0005689749998509797,
trap_penalty_q_learning_10_q_learning_456_eb52c11f,trap_penalty_q_learning_10,q_learning,train,739,456,risk,5,5,0.1,0.9,0.05,default,100,9.7,4,1,1,0,0,0.0005945519999386306,
trap_penalty_q_learning_10_q_learning_456_eb52c11f,trap_penalty_q_learning_10,q_learning,train,740,456,risk,5,5,0.1,0.9,0.05,default,100,9.7,4,1,1,0,0,0.0005936950001341756,
trap_penalty_q_learning_10_q_learning_456_eb52c11f,trap_penalty_q_learning_10,q_learning,train,741,456,risk,5,5,0.1,0.9,0.05,default,100,9.7,4,1,1,0,0,0.0006383499999174091,
trap_penalty_q_learning_10_q_learning_456_eb52c11f,trap_penalty_q_learning_10,q_learning,train,742,456,risk,5,5,0.1,0.9,0.05,default,100,9.7,4,1,1,0,0,0.0006098049998399802,
trap_penalty_q_learning_10_q_learning_456_eb52c11f,trap_penalty_q_learning_10,q_learning,train,743,456,risk,5,5,0.1,0.9,0.05,default,100,9.7,4,1,1,0,0,0.0005611789999875327,
trap_penalty_q_learning_10_q_learning_456_eb52c11f,trap_penalty_q_learning_10,q_learning,train,744,456,risk,5,5,0.1,0.9,0.05,default,100,8.7,5,1,1,0,0,0.0005825560001539998,
trap_penalty_q_learning_10_q_learning_456_eb52c11f,trap_penalty_q_learning_10,q_learning,train,745,456,risk,5,5,0.1,0.9,0.05,default,100,9.7,4,1,1,0,0,0.0005396679998739273,
trap_penalty_q_learning_10_q_learning_456_eb52c11f,trap_penalty_q_learning_10,q_learning,train,746,456,risk,5,5,0.1,0.9,0.05,default,100,9.7,4,1,1,0,0,0.0005621610000616784,
trap_penalty_q_learning_10_q_learning_456_eb52c11f,trap_penalty_q_learning_10,q_learning,train,747,456,risk,5,5,0.1,0.9,0.05,default,100,9.7,4,1,1,0,0,0.0005949849999069556,
trap_penalty_q_learning_10_q_learning_456_eb52c11f,trap_penalty_q_learning_10,q_learning,train,748,456,risk,5,5,0.1,0.9,0.05,default,100,9.7,4,1,1,0,0,0.0005418609998741886,
trap_penalty_q_learning_10_q_learning_456_eb52c11f,trap_penalty_q_learning_10,q_learning,train,749,456,risk,5,5,0.1,0.9,0.05,default,100,9.7,4,1,1,0,0,0.0005978379999760364,
trap_penalty_q_learning_10_q_learning_456_eb52c11f,trap_penalty_q_learning_10,q_learning,train,750,456,risk,5,5,0.1,0.9,0.05,default,100,9.7,4,1,1,0,0,0.0005553180001243163,
trap_penalty_q_learning_10_q_learning_456_eb52c11f,trap_penalty_q_learning_10,q_learning,train,751,456,risk,5,5,0.1,0.9,0.05,default,100,9.7,4,1,1,0,0,0.00046705799991286767,
trap_penalty_q_learning_10_q_learning_456_eb52c11f,trap_penalty_q_learning_10,q_learning,train,752,456,risk,5,5,0.1,0.9,0.05,default,100,9.7,4,1,1,0,0,0.0005363779998788232,
trap_penalty_q_learning_10_q_learning_456_eb52c11f,trap_penalty_q_learning_10,q_learning,train,753,456,risk,5,5,0.1,0.9,0.05,default,100,9.7,4,1,1,0,0,0.0005261999999675027,
trap_penalty_q_learning_10_q_learning_456_eb52c11f,trap_penalty_q_learning_10,q_learning,train,754,456,risk,5,5,0.1,0.9,0.05,default,100,9.5,6,1,1,0,0,0.0006836640000074112,
trap_penalty_q_learning_10_q_learning_456_eb52c11f,trap_penalty_q_learning_10,q_learning,train,755,456,risk,5,5,0.1,0.9,0.05,default,100,9.7,4,1,1,0,0,0.0005482849999225436,
trap_penalty_q_learning_10_q_learning_456_eb52c11f,trap_penalty_q_learning_10,q_learning,train,756,456,risk,5,5,0.1,0.9,0.05,default,100,9.7,4,1,1,0,0,0.0005395309999585152,
trap_penalty_q_learning_10_q_learning_456_eb52c11f,trap_penalty_q_learning_10,q_learning,train,757,456,risk,5,5,0.1,0.9,0.05,default,100,9.7,4,1,1,0,0,0.0005219890001626482,
trap_penalty_q_learning_10_q_learning_456_eb52c11f,trap_penalty_q_learning_10,q_learning,train,758,456,risk,5,5,0.1,0.9,0.05,default,100,9.7,4,1,1,0,0,0.0005947280001237232,
trap_penalty_q_learning_10_q_learning_456_eb52c11f,trap_penalty_q_learning_10,q_learning,train,759,456,risk,5,5,0.1,0.9,0.05,default,100,9.7,4,1,1,0,0,0.0005878419999589823,
trap_penalty_q_learning_10_q_learning_456_eb52c11f,trap_penalty_q_learning_10,q_learning,train,760,456,risk,5,5,0.1,0.9,0.05,default,100,9.7,4,1,1,0,0,0.0005672649999723944,
trap_penalty_q_learning_10_q_learning_456_eb52c11f,trap_penalty_q_learning_10,q_learning,train,761,456,risk,5,5,0.1,0.9,0.05,default,100,9.7,4,1,1,0,0,0.0005518319999282539,
trap_penalty_q_learning_10_q_learning_456_eb52c11f,trap_penalty_q_learning_10,q_learning,train,762,456,risk,5,5,0.1,0.9,0.05,default,100,9.7,4,1,1,0,0,0.0005481169998802216,
trap_penalty_q_learning_10_q_learning_456_eb52c11f,trap_penalty_q_learning_10,q_learning,train,763,456,risk,5,5,0.1,0.9,0.05,default,100,9.7,4,1,1,0,0,0.0005253500000890199,
trap_penalty_q_learning_10_q_learning_456_eb52c11f,trap_penalty_q_learning_10,q_learning,train,764,456,risk,5,5,0.1,0.9,0.05,default,100,9.7,4,1,1,0,0,0.0005340220000107365,
trap_penalty_q_learning_10_q_learning_456_eb52c11f,trap_penalty_q_learning_10,q_learning,train,765,456,risk,5,5,0.1,0.9,0.05,default,100,9.7,4,1,1,0,0,0.0005239609999989625,
trap_penalty_q_learning_10_q_learning_456_eb52c11f,trap_penalty_q_learning_10,q_learning,train,766,456,risk,5,5,0.1,0.9,0.05,default,100,9.7,4,1,1,0,0,0.0005751950000103534,
trap_penalty_q_learning_10_q_learning_456_eb52c11f,trap_penalty_q_learning_10,q_learning,train,767,456,risk,5,5,0.1,0.9,0.05,default,100,9.7,4,1,1,0,0,0.0005997209998440667,
trap_penalty_q_learning_10_q_learning_456_eb52c11f,trap_penalty_q_learning_10,q_learning,train,768,456,risk,5,5,0.1,0.9,0.05,default,100,9.7,4,1,1,0,0,0.0005969440001081239,
trap_penalty_q_learning_10_q_learning_456_eb52c11f,trap_penalty_q_learning_10,q_learning,train,769,456,risk,5,5,0.1,0.9,0.05,default,100,9.7,4,1,1,0,0,0.0005949950000285753,
trap_penalty_q_learning_10_q_learning_456_eb52c11f,trap_penalty_q_learning_10,q_learning,train,770,456,risk,5,5,0.1,0.9,0.05,default,100,9.7,4,1,1,0,0,0.0005744830000367074,
trap_penalty_q_learning_10_q_learning_456_eb52c11f,trap_penalty_q_learning_10,q_learning,train,771,456,risk,5,5,0.1,0.9,0.05,default,100,9.7,4,1,1,0,0,0.0005556990001878148,
trap_penalty_q_learning_10_q_learning_456_eb52c11f,trap_penalty_q_learning_10,q_learning,train,772,456,risk,5,5,0.1,0.9,0.05,default,100,9.7,4,1,1,0,0,0.000572232999957123,
trap_penalty_q_learning_10_q_learning_456_eb52c11f,trap_penalty_q_learning_10,q_learning,train,773,456,risk,5,5,0.1,0.9,0.05,default,100,9.7,4,1,1,0,0,0.0006135940000149276,
trap_penalty_q_learning_10_q_learning_456_eb52c11f,trap_penalty_q_learning_10,q_learning,train,774,456,risk,5,5,0.1,0.9,0.05,default,100,9.7,4,1,1,0,0,0.0005643479998980183,
trap_penalty_q_learning_10_q_learning_456_eb52c11f,trap_penalty_q_learning_10,q_learning,train,775,456,risk,5,5,0.1,0.9,0.05,default,100,9.7,4,1,1,0,0,0.0005233180002051085,
trap_penalty_q_learning_10_q_learning_456_eb52c11f,trap_penalty_q_learning_10,q_learning,train,776,456,risk,5,5,0.1,0.9,0.05,default,100,9.7,4,1,1,0,0,0.0005400590000590455,
trap_penalty_q_learning_10_q_learning_456_eb52c11f,trap_penalty_q_learning_10,q_learning,train,777,456,risk,5,5,0.1,0.9,0.05,default,100,9.7,4,1,1,0,0,0.0005245329998615489,
trap_penalty_q_learning_10_q_learning_456_eb52c11f,trap_penalty_q_learning_10,q_learning,train,778,456,risk,5,5,0.1,0.9,0.05,default,100,9.7,4,1,1,0,0,0.0005759139999099716,
trap_penalty_q_learning_10_q_learning_456_eb52c11f,trap_penalty_q_learning_10,q_learning,train,779,456,risk,5,5,0.1,0.9,0.05,default,100,9.7,4,1,1,0,0,0.0005765580001479975,
trap_penalty_q_learning_10_q_learning_456_eb52c11f,trap_penalty_q_learning_10,q_learning,train,780,456,risk,5,5,0.1,0.9,0.05,default,100,9.7,4,1,1,0,0,0.0005924319998484862,
trap_penalty_q_learning_10_q_learning_456_eb52c11f,trap_penalty_q_learning_10,q_learning,train,781,456,risk,5,5,0.1,0.9,0.05,default,100,9.7,4,1,1,0,0,0.0006161910000628268,
trap_penalty_q_learning_10_q_learning_456_eb52c11f,trap_penalty_q_learning_10,q_learning,train,782,456,risk,5,5,0.1,0.9,0.05,default,100,9.7,4,1,1,0,0,0.000578079999968395,
trap_penalty_q_learning_10_q_learning_456_eb52c11f,trap_penalty_q_learning_10,q_learning,train,783,456,risk,5,5,0.1,0.9,0.05,default,100,9.7,4,1,1,0,0,0.0005367369999476068,
trap_penalty_q_learning_10_q_learning_456_eb52c11f,trap_penalty_q_learning_10,q_learning,train,784,456,risk,5,5,0.1,0.9,0.05,default,100,8.7,5,1,1,0,0,0.0005685280000307102,
trap_penalty_q_learning_10_q_learning_456_eb52c11f,trap_penalty_q_learning_10,q_learning,train,785,456,risk,5,5,0.1,0.9,0.05,default,100,9.7,4,1,1,0,0,0.00048264400015796127,
trap_penalty_q_learning_10_q_learning_456_eb52c11f,trap_penalty_q_learning_10,q_learning,train,786,456,risk,5,5,0.1,0.9,0.05,default,100,9.7,4,1,1,0,0,0.0005570490000081918,
trap_penalty_q_learning_10_q_learning_456_eb52c11f,trap_penalty_q_learning_10,q_learning,train,787,456,risk,5,5,0.1,0.9,0.05,default,100,9.7,4,1,1,0,0,0.0005269630000839243,
trap_penalty_q_learning_10_q_learning_456_eb52c11f,trap_penalty_q_learning_10,q_learning,train,788,456,risk,5,5,0.1,0.9,0.05,default,100,9.7,4,1,1,0,0,0.0005340990001059254,
trap_penalty_q_learning_10_q_learning_456_eb52c11f,trap_penalty_q_learning_10,q_learning,train,789,456,risk,5,5,0.1,0.9,0.05,default,100,8.7,5,1,1,0,0,0.000570688000152586,
trap_penalty_q_learning_10_q_learning_456_eb52c11f,trap_penalty_q_learning_10,q_learning,train,790,456,risk,5,5,0.1,0.9,0.05,default,100,9.7,4,1,1,0,0,0.0005349999998998101,
trap_penalty_q_learning_10_q_learning_456_eb52c11f,trap_penalty_q_learning_10,q_learning,train,791,456,risk,5,5,0.1,0.9,0.05,default,100,9.7,4,1,1,0,0,0.00047072199981812446,
trap_penalty_q_learning_10_q_learning_456_eb52c11f,trap_penalty_q_learning_10,q_learning,train,792,456,risk,5,5,0.1,0.9,0.05,default,100,9.5,6,1,1,0,0,0.0006834920000073907,
trap_penalty_q_learning_10_q_learning_456_eb52c11f,trap_penalty_q_learning_10,q_learning,train,793,456,risk,5,5,0.1,0.9,0.05,default,100,9.7,4,1,1,0,0,0.0005459609999434178,
trap_penalty_q_learning_10_q_learning_456_eb52c11f,trap_penalty_q_learning_10,q_learning,train,794,456,risk,5,5,0.1,0.9,0.05,default,100,9.7,4,1,1,0,0,0.000538766000090618,
trap_penalty_q_learning_10_q_learning_456_eb52c11f,trap_penalty_q_learning_10,q_learning,train,795,456,risk,5,5,0.1,0.9,0.05,default,100,9.7,4,1,1,0,0,0.0005321680000633933,
trap_penalty_q_learning_10_q_learning_456_eb52c11f,trap_penalty_q_learning_10,q_learning,train,796,456,risk,5,5,0.1,0.9,0.05,default,100,9.7,4,1,1,0,0,0.000528426000073523,
trap_penalty_q_learning_10_q_learning_456_eb52c11f,trap_penalty_q_learning_10,q_learning,train,797,456,risk,5,5,0.1,0.9,0.05,default,100,9.7,4,1,1,0,0,0.0005329050000000279,
trap_penalty_q_learning_10_q_learning_456_eb52c11f,trap_penalty_q_learning_10,q_learning,train,798,456,risk,5,5,0.1,0.9,0.05,default,100,9.7,4,1,1,0,0,0.0005503360000602697,
trap_penalty_q_learning_10_q_learning_456_eb52c11f,trap_penalty_q_learning_10,q_learning,train,799,456,risk,5,5,0.1,0.9,0.05,default,100,9.7,4,1,1,0,0,0.0005839420000484097,
trap_penalty_q_learning_10_q_learning_456_eb52c11f,trap_penalty_q_learning_10,q_learning,train,800,456,risk,5,5,0.1,0.9,0.05,default,100,9.7,4,1,1,0,0,0.0005977030000394734,results/trap_penalty/q_learning/trap_10/seed_456/qtable_ep800.npz
trap_penalty_q_learning_10_q_learning_456_eb52c11f,trap_penalty_q_learning_10,q_learning,train,801,456,risk,5,5,0.1,0.9,0.05,default,100,9.7,4,1,1,0,0,0.0005544440000448958,
trap_penalty_q_learning_10_q_learning_456_eb52c11f,trap_penalty_q_learning_10,q_learning,train,802,456,risk,5,5,0.1,0.9,0.05,default,100,9.7,4,1,1,0,0,0.0005451240001548285,
trap_penalty_q_learning_10_q_learning_456_eb52c11f,trap_penalty_q_learning_10,q_learning,train,803,456,risk,5,5,0.1,0.9,0.05,default,100,8.7,5,1,1,0,0,0.0006010669999341189,
trap_penalty_q_learning_10_q_learning_456_eb52c11f,trap_penalty_q_learning_10,q_learning,train,804,456,risk,5,5,0.1,0.9,0.05,default,100,9.7,4,1,1,0,0,0.000543050000032963,
trap_penalty_q_learning_10_q_learning_456_eb52c11f,trap_penalty_q_learning_10,q_learning,train,805,456,risk,5,5,0.1,0.9,0.05,default,100,9.7,4,1,1,0,0,0.0005984330000501359,
trap_penalty_q_learning_10_q_learning_456_eb52c11f,trap_penalty_q_learning_10,q_learning,train,806,456,risk,5,5,0.1,0.9,0.05,default,100,8.7,5,1,1,0,0,0.0006423580000500806,
trap_penalty_q_learning_10_q_learning_456_eb52c11f,trap_penalty_q_learning_10,q_learning,train,807,456,risk,5,5,0.1,0.9,0.05,default,100,-10.2,3,0,1,0,1,0.00037971799997649214,
trap_penalty_q_learning_10_q_learning_456_eb52c11f,trap_penalty_q_learning_10,q_learning,train,808,456,risk,5,5,0.1,0.9,0.05,default,100,8.7,5,1,1,0,0,0.0005756680000104097,
trap_penalty_q_learning_10_q_learning_456_eb52c11f,trap_penalty_q_learning_10,q_learning,train,809,456,risk,5,5,0.1,0.9,0.05,default,100,9.7,4,1,1,0,0,0.0005376839999371441,
trap_penalty_q_learning_10_q_learning_456_eb52c11f,trap_penalty_q_learning_10,q_learning,train,810,456,risk,5,5,0.1,0.9,0.05,default,100,9.7,4,1,1,0,0,0.0005906659998800023,
trap_penalty_q_learning_10_q_learning_456_eb52c11f,trap_penalty_q_learning_10,q_learning,train,811,456,risk,5,5,0.1,0.9,0.05,default,100,9.7,4,1,1,0,0,0.0005983529999866732,
trap_penalty_q_learning_10_q_learning_456_eb52c11f,trap_penalty_q_learning_10,q_learning,train,812,456,risk,5,5,0.1,0.9,0.05,default,100,9.7,4,1,1,0,0,0.0005451229999380303,
trap_penalty_q_learning_10_q_learning_456_eb52c11f,trap_penalty_q_learning_10,q_learning,train,813,456,risk,5,5,0.1,0.9,0.05,default,100,8.7,5,1,1,0,0,0.0006473929997810046,
trap_penalty_q_learning_10_q_learning_456_eb52c11f,trap_penalty_q_learning_10,q_learning,train,814,456,risk,5,5,0.1,0.9,0.05,default,100,9.7,4,1,1,0,0,0.0005699569999251253,
trap_penalty_q_learning_10_q_learning_456_eb52c11f,trap_penalty_q_learning_10,q_learning,train,815,456,risk,5,5,0.1,0.9,0.05,default,100,9.7,4,1,1,0,0,0.0005241750000095635,
trap_penalty_q_learning_10_q_learning_456_eb52c11f,trap_penalty_q_learning_10,q_learning,train,816,456,risk,5,5,0.1,0.9,0.05,default,100,9.7,4,1,1,0,0,0.0005887289999009226,
trap_penalty_q_learning_10_q_learning_456_eb52c11f,trap_penalty_q_learning_10,q_learning,train,817,456,risk,5,5,0.1,0.9,0.05,default,100,9.7,4,1,1,0,0,0.0006187579999732407,
trap_penalty_q_learning_10_q_learning_456_eb52c11f,trap_penalty_q_learning_10,q_learning,train,818,456,risk,5,5,0.1,0.9,0.05,default,100,9.7,4,1,1,0,0,0.000570967000157907,
trap_penalty_q_learning_10_q_learning_456_eb52c11f,trap_penalty_q_learning_10,q_learning,train,819,456,risk,5,5,0.1,0.9,0.05,default,100,9.7,4,1,1,0,0,0.0005324119999841059,
trap_penalty_q_learning_10_q_learning_456_eb52c11f,trap_penalty_q_learning_10,q_learning,train,820,456,risk,5,5,0.1,0.9,0.05,default,100,9.7,4,1,1,0,0,0.0005242939998879592,
trap_penalty_q_learning_10_q_learning_456_eb52c11f,trap_penalty_q_learning_10,q_learning,train,821,456,risk,5,5,0.1,0.9,0.05,default,100,7.699999999999999,6,1,1,0,0,0.000651761000199258,
trap_penalty_q_learning_10_q_learning_456_eb52c11f,trap_penalty_q_learning_10,q_learning,train,822,456,risk,5,5,0.1,0.9,0.05,default,100,9.7,4,1,1,0,0,0.0006260170000587095,
trap_penalty_q_learning_10_q_learning_456_eb52c11f,trap_penalty_q_learning_10,q_learning,train,823,456,risk,5,5,0.1,0.9,0.05,default,100,9.7,4,1,1,0,0,0.0005902080001760623,
trap_penalty_q_learning_10_q_learning_456_eb52c11f,trap_penalty_q_learning_10,q_learning,train,824,456,risk,5,5,0.1,0.9,0.05,default,100,9.7,4,1,1,0,0,0.0005649019999509619,
trap_penalty_q_learning_10_q_learning_456_eb52c11f,trap_penalty_q_learning_10,q_learning,train,825,456,risk,5,5,0.1,0.9,0.05,default,100,9.7,4,1,1,0,0,0.0005259880001631245,
trap_penalty_q_learning_10_q_learning_456_eb52c11f,trap_penalty_q_learning_10,q_learning,train,826,456,risk,5,5,0.1,0.9,0.05,default,100,9.7,4,1,1,0,0,0.0005381369999213348,
trap_penalty_q_learning_10_q_learning_456_eb52c11f,trap_penalty_q_learning_10,q_learning,train,827,456,risk,5,5,0.1,0.9,0.05,default,100,9.7,4,1,1,0,0,0.0005223789999035944,
trap_penalty_q_learning_10_q_learning_456_eb52c11f,trap_penalty_q_learning_10,q_learning,train,828,456,risk,5,5,0.1,0.9,0.05,default,100,9.7,4,1,1,0,0,0.0005398749999585561,
trap_penalty_q_learning_10_q_learning_456_eb52c11f,trap_penalty_q_learning_10,q_learning,train,829,456,risk,5,5,0.1,0.9,0.05,default,100,9.7,4,1,1,0,0,0.0006284769999638229,
trap_penalty_q_learning_10_q_learning_456_eb52c11f,trap_penalty_q_learning_10,q_learning,train,830,456,risk,5,5,0.1,0.9,0.05,default,100,9.7,4,1,1,0,0,0.0005792330000531365,
trap_penalty_q_learning_10_q_learning_456_eb52c11f,trap_penalty_q_learning_10,q_learning,train,831,456,risk,5,5,0.1,0.9,0.05,default,100,8.7,5,1,1,0,0,0.0005738170000313403,
trap_penalty_q_learning_10_q_learning_456_eb52c11f,trap_penalty_q_learning_10,q_learning,train,832,456,risk,5,5,0.1,0.9,0.05,default,100,9.7,4,1,1,0,0,0.0005770600000687409,
trap_penalty_q_learning_10_q_learning_456_eb52c11f,trap_penalty_q_learning_10,q_learning,train,833,456,risk,5,5,0.1,0.9,0.05,default,100,9.7,4,1,1,0,0,0.0005329660000370495,
trap_penalty_q_learning_10_q_learning_456_eb52c11f,trap_penalty_q_learning_10,q_learning,train,834,456,risk,5,5,0.1,0.9,0.05,default,100,9.7,4,1,1,0,0,0.000578936000010799,
trap_penalty_q_learning_10_q_learning_456_eb52c11f,trap_penalty_q_learning_10,q_learning,train,835,456,risk,5,5,0.1,0.9,0.05,default,100,8.7,5,1,1,0,0,0.0006536079999932554,
trap_penalty_q_learning_10_q_learning_456_eb52c11f,trap_penalty_q_learning_10,q_learning,train,836,456,risk,5,5,0.1,0.9,0.05,default,100,9.7,4,1,1,0,0,0.0005968990001292696,
trap_penalty_q_learning_10_q_learning_456_eb52c11f,trap_penalty_q_learning_10,q_learning,train,837,456,risk,5,5,0.1,0.9,0.05,default,100,9.7,4,1,1,0,0,0.0005733610000788758,
trap_penalty_q_learning_10_q_learning_456_eb52c11f,trap_penalty_q_learning_10,q_learning,train,838,456,risk,5,5,0.1,0.9,0.05,default,100,9.7,4,1,1,0,0,0.0005938980000337324,
trap_penalty_q_learning_10_q_learning_456_eb52c11f,trap_penalty_q_learning_10,q_learning,train,839,456,risk,5,5,0.1,0.9,0.05,default,100,9.7,4,1,1,0,0,0.0005772269998942647,
trap_penalty_q_learning_10_q_learning_456_eb52c11f,trap_penalty_q_learning_10,q_learning,train,840,456,risk,5,5,0.1,0.9,0.05,default,100,9.7,4,1,1,0,0,0.000560153999913382,
trap_penalty_q_learning_10_q_learning_456_eb52c11f,trap_penalty_q_learning_10,q_learning,train,841,456,risk,5,5,0.1,0.9,0.05,default,100,9.7,4,1,1,0,0,0.0006264480000481853,
trap_penalty_q_learning_10_q_learning_456_eb52c11f,trap_penalty_q_learning_10,q_learning,train,842,456,risk,5,5,0.1,0.9,0.05,default,100,9.7,4,1,1,0,0,0.0006001909998758492,
trap_penalty_q_learning_10_q_learning_456_eb52c11f,trap_penalty_q_learning_10,q_learning,train,843,456,risk,5,5,0.1,0.9,0.05,default,100,9.7,4,1,1,0,0,0.0005647689999932481,
trap_penalty_q_learning_10_q_learning_456_eb52c11f,trap_penalty_q_learning_10,q_learning,train,844,456,risk,5,5,0.1,0.9,0.05,default,100,9.7,4,1,1,0,0,0.0005407959999956802,
trap_penalty_q_learning_10_q_learning_456_eb52c11f,trap_penalty_q_learning_10,q_learning,train,845,456,risk,5,5,0.1,0.9,0.05,default,100,9.5,6,1,1,0,0,0.0006780860001072142,
trap_penalty_q_learning_10_q_learning_456_eb52c11f,trap_penalty_q_learning_10,q_learning,train,846,456,risk,5,5,0.1,0.9,0.05,default,100,9.7,4,1,1,0,0,0.0005412939999587252,
trap_penalty_q_learning_10_q_learning_456_eb52c11f,trap_penalty_q_learning_10,q_learning,train,847,456,risk,5,5,0.1,0.9,0.05,default,100,9.7,4,1,1,0,0,0.0006381810001130361,
trap_penalty_q_learning_10_q_learning_456_eb52c11f,trap_penalty_q_learning_10,q_learning,train,848,456,risk,5,5,0.1,0.9,0.05,default,100,9.7,4,1,1,0,0,0.0005884640002022934,
trap_penalty_q_learning_10_q_learning_456_eb52c11f,trap_penalty_q_learning_10,q_learning,train,849,456,risk,5,5,0.1,0.9,0.05,default,100,9.7,4,1,1,0,0,0.0005420819998107618,
trap_penalty_q_learning_10_q_learning_456_eb52c11f,trap_penalty_q_learning_10,q_learning,train,850,456,risk,5,5,0.1,0.9,0.05,default,100,9.7,4,1,1,0,0,0.0005229089999829739,
trap_penalty_q_learning_10_q_learning_456_eb52c11f,trap_penalty_q_learning_10,q_learning,train,851,456,risk,5,5,0.1,0.9,0.05,default,100,9.7,4,1,1,0,0,0.0005336340000212658,
trap_penalty_q_learning_10_q_learning_456_eb52c11f,trap_penalty_q_learning_10,q_learning,train,852,456,risk,5,5,0.1,0.9,0.05,default,100,9.7,4,1,1,0,0,0.0005218429998876672,
trap_penalty_q_learning_10_q_learning_456_eb52c11f,trap_penalty_q_learning_10,q_learning,train,853,456,risk,5,5,0.1,0.9,0.05,default,100,9.7,4,1,1,0,0,0.0005491129998063116,
trap_penalty_q_learning_10_q_learning_456_eb52c11f,trap_penalty_q_learning_10,q_learning,train,854,456,risk,5,5,0.1,0.9,0.05,default,100,9.7,4,1,1,0,0,0.0005509770001026482,
trap_penalty_q_learning_10_q_learning_456_eb52c11f,trap_penalty_q_learning_10,q_learning,train,855,456,risk,5,5,0.1,0.9,0.05,default,100,9.7,4,1,1,0,0,0.0005381230000693904,
trap_penalty_q_learning_10_q_learning_456_eb52c11f,trap_penalty_q_learning_10,q_learning,train,856,456,risk,5,5,0.1,0.9,0.05,default,100,9.7,4,1,1,0,0,0.000606252000125096,
trap_penalty_q_learning_10_q_learning_456_eb52c11f,trap_penalty_q_learning_10,q_learning,train,857,456,risk,5,5,0.1,0.9,0.05,default,100,9.7,4,1,1,0,0,0.0006026920000294922,
trap_penalty_q_learning_10_q_learning_456_eb52c11f,trap_penalty_q_learning_10,q_learning,train,858,456,risk,5,5,0.1,0.9,0.05,default,100,9.5,6,1,1,0,0,0.0007522980001795077,
trap_penalty_q_learning_10_q_learning_456_eb52c11f,trap_penalty_q_learning_10,q_learning,train,859,456,risk,5,5,0.1,0.9,0.05,default,100,9.7,4,1,1,0,0,0.0005792139997993218,
trap_penalty_q_learning_10_q_learning_456_eb52c11f,trap_penalty_q_learning_10,q_learning,train,860,456,risk,5,5,0.1,0.9,0.05,default,100,9.7,4,1,1,0,0,0.0005411100000856095,
trap_penalty_q_learning_10_q_learning_456_eb52c11f,trap_penalty_q_learning_10,q_learning,train,861,456,risk,5,5,0.1,0.9,0.05,default,100,9.5,6,1,1,0,0,0.000709184000015739,
trap_penalty_q_learning_10_q_learning_456_eb52c11f,trap_penalty_q_learning_10,q_learning,train,862,456,risk,5,5,0.1,0.9,0.05,default,100,9.7,4,1,1,0,0,0.0005453579999539215,
trap_penalty_q_learning_10_q_learning_456_eb52c11f,trap_penalty_q_learning_10,q_learning,train,863,456,risk,5,5,0.1,0.9,0.05,default,100,9.7,4,1,1,0,0,0.0005533799999284383,
trap_penalty_q_learning_10_q_learning_456_eb52c11f,trap_penalty_q_learning_10,q_learning,train,864,456,risk,5,5,0.1,0.9,0.05,default,100,9.7,4,1,1,0,0,0.0005921499998748914,
trap_penalty_q_learning_10_q_learning_456_eb52c11f,trap_penalty_q_learning_10,q_learning,train,865,456,risk,5,5,0.1,0.9,0.05,default,100,9.7,4,1,1,0,0,0.0005409290001807676,
trap_penalty_q_learning_10_q_learning_456_eb52c11f,trap_penalty_q_learning_10,q_learning,train,866,456,risk,5,5,0.1,0.9,0.05,default,100,9.7,4,1,1,0,0,0.0005434510001123272,
trap_penalty_q_learning_10_q_learning_456_eb52c11f,trap_penalty_q_learning_10,q_learning,train,867,456,risk,5,5,0.1,0.9,0.05,default,100,9.7,4,1,1,0,0,0.0005267490000733233,
trap_penalty_q_learning_10_q_learning_456_eb52c11f,trap_penalty_q_learning_10,q_learning,train,868,456,risk,5,5,0.1,0.9,0.05,default,100,9.7,4,1,1,0,0,0.0005388099998526741,
trap_penalty_q_learning_10_q_learning_456_eb52c11f,trap_penalty_q_learning_10,q_learning,train,869,456,risk,5,5,0.1,0.9,0.05,default,100,9.7,4,1,1,0,0,0.0005243440000413102,
trap_penalty_q_learning_10_q_learning_456_eb52c11f,trap_penalty_q_learning_10,q_learning,train,870,456,risk,5,5,0.1,0.9,0.05,default,100,9.7,4,1,1,0,0,0.0005372400000851485,
trap_penalty_q_learning_10_q_learning_456_eb52c11f,trap_penalty_q_learning_10,q_learning,train,871,456,risk,5,5,0.1,0.9,0.05,default,100,9.7,4,1,1,0,0,0.0005231770001046243,
trap_penalty_q_learning_10_q_learning_456_eb52c11f,trap_penalty_q_learning_10,q_learning,train,872,456,risk,5,5,0.1,0.9,0.05,default,100,9.5,6,1,1,0,0,0.0006951169998501427,
trap_penalty_q_learning_10_q_learning_456_eb52c11f,trap_penalty_q_learning_10,q_learning,train,873,456,risk,5,5,0.1,0.9,0.05,default,100,8.7,5,1,1,0,0,0.0005838039999161992,
trap_penalty_q_learning_10_q_learning_456_eb52c11f,trap_penalty_q_learning_10,q_learning,train,874,456,risk,5,5,0.1,0.9,0.05,default,100,9.7,4,1,1,0,0,0.0005249620000995492,
trap_penalty_q_learning_10_q_learning_456_eb52c11f,trap_penalty_q_learning_10,q_learning,train,875,456,risk,5,5,0.1,0.9,0.05,default,100,9.7,4,1,1,0,0,0.0005363249999845721,
trap_penalty_q_learning_10_q_learning_456_eb52c11f,trap_penalty_q_learning_10,q_learning,train,876,456,risk,5,5,0.1,0.9,0.05,default,100,9.5,6,1,1,0,0,0.0006804380000176025,
trap_penalty_q_learning_10_q_learning_456_eb52c11f,trap_penalty_q_learning_10,q_learning,train,877,456,risk,5,5,0.1,0.9,0.05,default,100,8.7,5,1,1,0,0,0.0005728980002004391,
trap_penalty_q_learning_10_q_learning_456_eb52c11f,trap_penalty_q_learning_10,q_learning,train,878,456,risk,5,5,0.1,0.9,0.05,default,100,9.7,4,1,1,0,0,0.0005395059999955265,
trap_penalty_q_learning_10_q_learning_456_eb52c11f,trap_penalty_q_learning_10,q_learning,train,879,456,risk,5,5,0.1,0.9,0.05,default,100,9.7,4,1,1,0,0,0.0005454669999380712,
trap_penalty_q_learning_10_q_learning_456_eb52c11f,trap_penalty_q_learning_10,q_learning,train,880,456,risk,5,5,0.1,0.9,0.05,default,100,9.7,4,1,1,0,0,0.0005375790001380665,
trap_penalty_q_learning_10_q_learning_456_eb52c11f,trap_penalty_q_learning_10,q_learning,train,881,456,risk,5,5,0.1,0.9,0.05,default,100,9.7,4,1,1,0,0,0.0005595780000930972,
trap_penalty_q_learning_10_q_learning_456_eb52c11f,trap_penalty_q_learning_10,q_learning,train,882,456,risk,5,5,0.1,0.9,0.05,default,100,9.7,4,1,1,0,0,0.000529398000026049,
trap_penalty_q_learning_10_q_learning_456_eb52c11f,trap_penalty_q_learning_10,q_learning,train,883,456,risk,5,5,0.1,0.9,0.05,default,100,9.7,4,1,1,0,0,0.0005419099998107413,
trap_penalty_q_learning_10_q_learning_456_eb52c11f,trap_penalty_q_learning_10,q_learning,train,884,456,risk,5,5,0.1,0.9,0.05,default,100,9.7,4,1,1,0,0,0.0005464379999011726,
trap_penalty_q_learning_10_q_learning_456_eb52c11f,trap_penalty_q_learning_10,q_learning,train,885,456,risk,5,5,0.1,0.9,0.05,default,100,9.7,4,1,1,0,0,0.0005900600001496059,
trap_penalty_q_learning_10_q_learning_456_eb52c11f,trap_penalty_q_learning_10,q_learning,train,886,456,risk,5,5,0.1,0.9,0.05,default,100,9.7,4,1,1,0,0,0.0005799379998734366,
trap_penalty_q_learning_10_q_learning_456_eb52c11f,trap_penalty_q_learning_10,q_learning,train,887,456,risk,5,5,0.1,0.9,0.05,default,100,9.7,4,1,1,0,0,0.0005645220001042617,
trap_penalty_q_learning_10_q_learning_456_eb52c11f,trap_penalty_q_learning_10,q_learning,train,888,456,risk,5,5,0.1,0.9,0.05,default,100,9.7,4,1,1,0,0,0.0005378339999424497,
trap_penalty_q_learning_10_q_learning_456_eb52c11f,trap_penalty_q_learning_10,q_learning,train,889,456,risk,5,5,0.1,0.9,0.05,default,100,9.7,4,1,1,0,0,0.0005650769999192562,
trap_penalty_q_learning_10_q_learning_456_eb52c11f,trap_penalty_q_learning_10,q_learning,train,890,456,risk,5,5,0.1,0.9,0.05,default,100,9.7,4,1,1,0,0,0.0006000289999974484,
trap_penalty_q_learning_10_q_learning_456_eb52c11f,trap_penalty_q_learning_10,q_learning,train,891,456,risk,5,5,0.1,0.9,0.05,default,100,9.7,4,1,1,0,0,0.000598206999939066,
trap_penalty_q_learning_10_q_learning_456_eb52c11f,trap_penalty_q_learning_10,q_learning,train,892,456,risk,5,5,0.1,0.9,0.05,default,100,9.7,4,1,1,0,0,0.0005430950000118173,
trap_penalty_q_learning_10_q_learning_456_eb52c11f,trap_penalty_q_learning_10,q_learning,train,893,456,risk,5,5,0.1,0.9,0.05,default,100,9.7,4,1,1,0,0,0.0005253969998193497,
trap_penalty_q_learning_10_q_learning_456_eb52c11f,trap_penalty_q_learning_10,q_learning,train,894,456,risk,5,5,0.1,0.9,0.05,default,100,9.7,4,1,1,0,0,0.0005449420000331884,
trap_penalty_q_learning_10_q_learning_456_eb52c11f,trap_penalty_q_learning_10,q_learning,train,895,456,risk,5,5,0.1,0.9,0.05,default,100,9.7,4,1,1,0,0,0.0005351310001060483,
trap_penalty_q_learning_10_q_learning_456_eb52c11f,trap_penalty_q_learning_10,q_learning,train,896,456,risk,5,5,0.1,0.9,0.05,default,100,9.7,4,1,1,0,0,0.0005270039998777065,
trap_penalty_q_learning_10_q_learning_456_eb52c11f,trap_penalty_q_learning_10,q_learning,train,897,456,risk,5,5,0.1,0.9,0.05,default,100,9.7,4,1,1,0,0,0.0005368790000375157,
trap_penalty_q_learning_10_q_learning_456_eb52c11f,trap_penalty_q_learning_10,q_learning,train,898,456,risk,5,5,0.1,0.9,0.05,default,100,9.7,4,1,1,0,0,0.0005986870000924682,
trap_penalty_q_learning_10_q_learning_456_eb52c11f,trap_penalty_q_learning_10,q_learning,train,899,456,risk,5,5,0.1,0.9,0.05,default,100,9.7,4,1,1,0,0,0.0006014739999500307,
trap_penalty_q_learning_10_q_learning_456_eb52c11f,trap_penalty_q_learning_10,q_learning,train,900,456,risk,5,5,0.1,0.9,0.05,default,100,9.7,4,1,1,0,0,0.0005481289999806904,
trap_penalty_q_learning_10_q_learning_456_eb52c11f,trap_penalty_q_learning_10,q_learning,train,901,456,risk,5,5,0.1,0.9,0.05,default,100,9.7,4,1,1,0,0,0.0005451370000173483,
trap_penalty_q_learning_10_q_learning_456_eb52c11f,trap_penalty_q_learning_10,q_learning,train,902,456,risk,5,5,0.1,0.9,0.05,default,100,9.7,4,1,1,0,0,0.0005419789999905333,
trap_penalty_q_learning_10_q_learning_456_eb52c11f,trap_penalty_q_learning_10,q_learning,train,903,456,risk,5,5,0.1,0.9,0.05,default,100,9.7,4,1,1,0,0,0.0006031640000401239,
trap_penalty_q_learning_10_q_learning_456_eb52c11f,trap_penalty_q_learning_10,q_learning,train,904,456,risk,5,5,0.1,0.9,0.05,default,100,9.7,4,1,1,0,0,0.0006097990001308062,
trap_penalty_q_learning_10_q_learning_456_eb52c11f,trap_penalty_q_learning_10,q_learning,train,905,456,risk,5,5,0.1,0.9,0.05,default,100,9.7,4,1,1,0,0,0.0005632350000723818,
trap_penalty_q_learning_10_q_learning_456_eb52c11f,trap_penalty_q_learning_10,q_learning,train,906,456,risk,5,5,0.1,0.9,0.05,default,100,9.7,4,1,1,0,0,0.0005279389999941486,
trap_penalty_q_learning_10_q_learning_456_eb52c11f,trap_penalty_q_learning_10,q_learning,train,907,456,risk,5,5,0.1,0.9,0.05,default,100,9.7,4,1,1,0,0,0.0005346929999632266,
trap_penalty_q_learning_10_q_learning_456_eb52c11f,trap_penalty_q_learning_10,q_learning,train,908,456,risk,5,5,0.1,0.9,0.05,default,100,9.7,4,1,1,0,0,0.0005233330000464775,
trap_penalty_q_learning_10_q_learning_456_eb52c11f,trap_penalty_q_learning_10,q_learning,train,909,456,risk,5,5,0.1,0.9,0.05,default,100,9.7,4,1,1,0,0,0.0005411139998159342,
trap_penalty_q_learning_10_q_learning_456_eb52c11f,trap_penalty_q_learning_10,q_learning,train,910,456,risk,5,5,0.1,0.9,0.05,default,100,9.7,4,1,1,0,0,0.0006043729999873904,
trap_penalty_q_learning_10_q_learning_456_eb52c11f,trap_penalty_q_learning_10,q_learning,train,911,456,risk,5,5,0.1,0.9,0.05,default,100,9.7,4,1,1,0,0,0.0005975809999654302,
trap_penalty_q_learning_10_q_learning_456_eb52c11f,trap_penalty_q_learning_10,q_learning,train,912,456,risk,5,5,0.1,0.9,0.05,default,100,9.7,4,1,1,0,0,0.0005572090001351171,
trap_penalty_q_learning_10_q_learning_456_eb52c11f,trap_penalty_q_learning_10,q_learning,train,913,456,risk,5,5,0.1,0.9,0.05,default,100,9.7,4,1,1,0,0,0.0005350760000055743,
trap_penalty_q_learning_10_q_learning_456_eb52c11f,trap_penalty_q_learning_10,q_learning,train,914,456,risk,5,5,0.1,0.9,0.05,default,100,8.7,5,1,1,0,0,0.0005202449999615055,
trap_penalty_q_learning_10_q_learning_456_eb52c11f,trap_penalty_q_learning_10,q_learning,train,915,456,risk,5,5,0.1,0.9,0.05,default,100,9.7,4,1,1,0,0,0.0005528039998807799,
trap_penalty_q_learning_10_q_learning_456_eb52c11f,trap_penalty_q_learning_10,q_learning,train,916,456,risk,5,5,0.1,0.9,0.05,default,100,9.7,4,1,1,0,0,0.0005885900000066613,
trap_penalty_q_learning_10_q_learning_456_eb52c11f,trap_penalty_q_learning_10,q_learning,train,917,456,risk,5,5,0.1,0.9,0.05,default,100,9.7,4,1,1,0,0,0.0006074180000723572,
trap_penalty_q_learning_10_q_learning_456_eb52c11f,trap_penalty_q_learning_10,q_learning,train,918,456,risk,5,5,0.1,0.9,0.05,default,100,9.7,4,1,1,0,0,0.0005821429999741667,
trap_penalty_q_learning_10_q_learning_456_eb52c11f,trap_penalty_q_learning_10,q_learning,train,919,456,risk,5,5,0.1,0.9,0.05,default,100,9.7,4,1,1,0,0,0.0005232080000041606,
trap_penalty_q_learning_10_q_learning_456_eb52c11f,trap_penalty_q_learning_10,q_learning,train,920,456,risk,5,5,0.1,0.9,0.05,default,100,9.7,4,1,1,0,0,0.0005762680000316323,
trap_penalty_q_learning_10_q_learning_456_eb52c11f,trap_penalty_q_learning_10,q_learning,train,921,456,risk,5,5,0.1,0.9,0.05,default,100,9.7,4,1,1,0,0,0.0005609940001249925,
trap_penalty_q_learning_10_q_learning_456_eb52c11f,trap_penalty_q_learning_10,q_learning,train,922,456,risk,5,5,0.1,0.9,0.05,default,100,9.7,4,1,1,0,0,0.0005546930001401051,
trap_penalty_q_learning_10_q_learning_456_eb52c11f,trap_penalty_q_learning_10,q_learning,train,923,456,risk,5,5,0.1,0.9,0.05,default,100,9.7,4,1,1,0,0,0.0006025299999237177,
trap_penalty_q_learning_10_q_learning_456_eb52c11f,trap_penalty_q_learning_10,q_learning,train,924,456,risk,5,5,0.1,0.9,0.05,default,100,9.7,4,1,1,0,0,0.0006021550000241405,
trap_penalty_q_learning_10_q_learning_456_eb52c11f,trap_penalty_q_learning_10,q_learning,train,925,456,risk,5,5,0.1,0.9,0.05,default,100,9.5,6,1,1,0,0,0.000752102999967974,
trap_penalty_q_learning_10_q_learning_456_eb52c11f,trap_penalty_q_learning_10,q_learning,train,926,456,risk,5,5,0.1,0.9,0.05,default,100,9.7,4,1,1,0,0,0.0005986779999602732,
trap_penalty_q_learning_10_q_learning_456_eb52c11f,trap_penalty_q_learning_10,q_learning,train,927,456,risk,5,5,0.1,0.9,0.05,default,100,8.7,5,1,1,0,0,0.0006610489999729907,
trap_penalty_q_learning_10_q_learning_456_eb52c11f,trap_penalty_q_learning_10,q_learning,train,928,456,risk,5,5,0.1,0.9,0.05,default,100,9.7,4,1,1,0,0,0.0006090649999350717,
trap_penalty_q_learning_10_q_learning_456_eb52c11f,trap_penalty_q_learning_10,q_learning,train,929,456,risk,5,5,0.1,0.9,0.05,default,100,9.7,4,1,1,0,0,0.0005975389999548497,
trap_penalty_q_learning_10_q_learning_456_eb52c11f,trap_penalty_q_learning_10,q_learning,train,930,456,risk,5,5,0.1,0.9,0.05,default,100,9.7,4,1,1,0,0,0.0005826770000112447,
trap_penalty_q_learning_10_q_learning_456_eb52c11f,trap_penalty_q_learning_10,q_learning,train,931,456,risk,5,5,0.1,0.9,0.05,default,100,8.5,7,1,1,0,0,0.0008070579999639449,
trap_penalty_q_learning_10_q_learning_456_eb52c11f,trap_penalty_q_learning_10,q_learning,train,932,456,risk,5,5,0.1,0.9,0.05,default,100,7.699999999999999,6,1,1,0,0,0.0006952470000669564,
trap_penalty_q_learning_10_q_learning_456_eb52c11f,trap_penalty_q_learning_10,q_learning,train,933,456,risk,5,5,0.1,0.9,0.05,default,100,-10.2,3,0,1,0,1,0.00040298800013260916,
trap_penalty_q_learning_10_q_learning_456_eb52c11f,trap_penalty_q_learning_10,q_learning,train,934,456,risk,5,5,0.1,0.9,0.05,default,100,9.7,4,1,1,0,0,0.0005934470000283909,
trap_penalty_q_learning_10_q_learning_456_eb52c11f,trap_penalty_q_learning_10,q_learning,train,935,456,risk,5,5,0.1,0.9,0.05,default,100,9.7,4,1,1,0,0,0.0006015909998495772,
trap_penalty_q_learning_10_q_learning_456_eb52c11f,trap_penalty_q_learning_10,q_learning,train,936,456,risk,5,5,0.1,0.9,0.05,default,100,9.7,4,1,1,0,0,0.0005828990001646162,
trap_penalty_q_learning_10_q_learning_456_eb52c11f,trap_penalty_q_learning_10,q_learning,train,937,456,risk,5,5,0.1,0.9,0.05,default,100,8.7,5,1,1,0,0,0.0006447140001455409,
trap_penalty_q_learning_10_q_learning_456_eb52c11f,trap_penalty_q_learning_10,q_learning,train,938,456,risk,5,5,0.1,0.9,0.05,default,100,8.7,5,1,1,0,0,0.0006287170001542108,
trap_penalty_q_learning_10_q_learning_456_eb52c11f,trap_penalty_q_learning_10,q_learning,train,939,456,risk,5,5,0.1,0.9,0.05,default,100,9.7,4,1,1,0,0,0.0006390759999703732,
trap_penalty_q_learning_10_q_learning_456_eb52c11f,trap_penalty_q_learning_10,q_learning,train,940,456,risk,5,5,0.1,0.9,0.05,default,100,9.7,4,1,1,0,0,0.0005954470000233414,
trap_penalty_q_learning_10_q_learning_456_eb52c11f,trap_penalty_q_learning_10,q_learning,train,941,456,risk,5,5,0.1,0.9,0.05,default,100,9.7,4,1,1,0,0,0.0005457409999962692,
trap_penalty_q_learning_10_q_learning_456_eb52c11f,trap_penalty_q_learning_10,q_learning,train,942,456,risk,5,5,0.1,0.9,0.05,default,100,9.7,4,1,1,0,0,0.0005413519998000993,
trap_penalty_q_learning_10_q_learning_456_eb52c11f,trap_penalty_q_learning_10,q_learning,train,943,456,risk,5,5,0.1,0.9,0.05,default,100,9.7,4,1,1,0,0,0.0005250130000149511,
trap_penalty_q_learning_10_q_learning_456_eb52c11f,trap_penalty_q_learning_10,q_learning,train,944,456,risk,5,5,0.1,0.9,0.05,default,100,9.7,4,1,1,0,0,0.0005393559999902209,
trap_penalty_q_learning_10_q_learning_456_eb52c11f,trap_penalty_q_learning_10,q_learning,train,945,456,risk,5,5,0.1,0.9,0.05,default,100,9.7,4,1,1,0,0,0.0005319340000369266,
trap_penalty_q_learning_10_q_learning_456_eb52c11f,trap_penalty_q_learning_10,q_learning,train,946,456,risk,5,5,0.1,0.9,0.05,default,100,9.7,4,1,1,0,0,0.000584280999873954,
trap_penalty_q_learning_10_q_learning_456_eb52c11f,trap_penalty_q_learning_10,q_learning,train,947,456,risk,5,5,0.1,0.9,0.05,default,100,9.7,4,1,1,0,0,0.0005943959999967774,
trap_penalty_q_learning_10_q_learning_456_eb52c11f,trap_penalty_q_learning_10,q_learning,train,948,456,risk,5,5,0.1,0.9,0.05,default,100,7.699999999999999,6,1,1,0,0,0.0006820119999702001,
trap_penalty_q_learning_10_q_learning_456_eb52c11f,trap_penalty_q_learning_10,q_learning,train,949,456,risk,5,5,0.1,0.9,0.05,default,100,9.7,4,1,1,0,0,0.0005971280002086132,
trap_penalty_q_learning_10_q_learning_456_eb52c11f,trap_penalty_q_learning_10,q_learning,train,950,456,risk,5,5,0.1,0.9,0.05,default,100,9.7,4,1,1,0,0,0.0005884539998533,
trap_penalty_q_learning_10_q_learning_456_eb52c11f,trap_penalty_q_learning_10,q_learning,train,951,456,risk,5,5,0.1,0.9,0.05,default,100,7.699999999999999,6,1,1,0,0,0.0006366019999859418,
trap_penalty_q_learning_10_q_learning_456_eb52c11f,trap_penalty_q_learning_10,q_learning,train,952,456,risk,5,5,0.1,0.9,0.05,default,100,9.7,4,1,1,0,0,0.0005367490000480757,
trap_penalty_q_learning_10_q_learning_456_eb52c11f,trap_penalty_q_learning_10,q_learning,train,953,456,risk,5,5,0.1,0.9,0.05,default,100,9.7,4,1,1,0,0,0.0006082140000671643,
trap_penalty_q_learning_10_q_learning_456_eb52c11f,trap_penalty_q_learning_10,q_learning,train,954,456,risk,5,5,0.1,0.9,0.05,default,100,9.7,4,1,1,0,0,0.0005967550000605115,
trap_penalty_q_learning_10_q_learning_456_eb52c11f,trap_penalty_q_learning_10,q_learning,train,955,456,risk,5,5,0.1,0.9,0.05,default,100,9.7,4,1,1,0,0,0.0005532800000764837,
trap_penalty_q_learning_10_q_learning_456_eb52c11f,trap_penalty_q_learning_10,q_learning,train,956,456,risk,5,5,0.1,0.9,0.05,default,100,9.7,4,1,1,0,0,0.0005285470001581416,
trap_penalty_q_learning_10_q_learning_456_eb52c11f,trap_penalty_q_learning_10,q_learning,train,957,456,risk,5,5,0.1,0.9,0.05,default,100,9.7,4,1,1,0,0,0.0005388830002175382,
trap_penalty_q_learning_10_q_learning_456_eb52c11f,trap_penalty_q_learning_10,q_learning,train,958,456,risk,5,5,0.1,0.9,0.05,default,100,9.7,4,1,1,0,0,0.0005235090000041964,
trap_penalty_q_learning_10_q_learning_456_eb52c11f,trap_penalty_q_learning_10,q_learning,train,959,456,risk,5,5,0.1,0.9,0.05,default,100,9.7,4,1,1,0,0,0.0005337950001376157,
trap_penalty_q_learning_10_q_learning_456_eb52c11f,trap_penalty_q_learning_10,q_learning,train,960,456,risk,5,5,0.1,0.9,0.05,default,100,9.7,4,1,1,0,0,0.0005399149999902875,
trap_penalty_q_learning_10_q_learning_456_eb52c11f,trap_penalty_q_learning_10,q_learning,train,961,456,risk,5,5,0.1,0.9,0.05,default,100,9.7,4,1,1,0,0,0.0005488570000125037,
trap_penalty_q_learning_10_q_learning_456_eb52c11f,trap_penalty_q_learning_10,q_learning,train,962,456,risk,5,5,0.1,0.9,0.05,default,100,9.7,4,1,1,0,0,0.0005453740000120888,
trap_penalty_q_learning_10_q_learning_456_eb52c11f,trap_penalty_q_learning_10,q_learning,train,963,456,risk,5,5,0.1,0.9,0.05,default,100,9.7,4,1,1,0,0,0.0005256559998088051,
trap_penalty_q_learning_10_q_learning_456_eb52c11f,trap_penalty_q_learning_10,q_learning,train,964,456,risk,5,5,0.1,0.9,0.05,default,100,9.7,4,1,1,0,0,0.0005365489998894191,
trap_penalty_q_learning_10_q_learning_456_eb52c11f,trap_penalty_q_learning_10,q_learning,train,965,456,risk,5,5,0.1,0.9,0.05,default,100,9.7,4,1,1,0,0,0.0006115909998243296,
trap_penalty_q_learning_10_q_learning_456_eb52c11f,trap_penalty_q_learning_10,q_learning,train,966,456,risk,5,5,0.1,0.9,0.05,default,100,9.7,4,1,1,0,0,0.0006064609999612003,
trap_penalty_q_learning_10_q_learning_456_eb52c11f,trap_penalty_q_learning_10,q_learning,train,967,456,risk,5,5,0.1,0.9,0.05,default,100,9.7,4,1,1,0,0,0.0005388340000536118,
trap_penalty_q_learning_10_q_learning_456_eb52c11f,trap_penalty_q_learning_10,q_learning,train,968,456,risk,5,5,0.1,0.9,0.05,default,100,9.7,4,1,1,0,0,0.0005241540000042733,
trap_penalty_q_learning_10_q_learning_456_eb52c11f,trap_penalty_q_learning_10,q_learning,train,969,456,risk,5,5,0.1,0.9,0.05,default,100,9.7,4,1,1,0,0,0.0005347139999685169,
trap_penalty_q_learning_10_q_learning_456_eb52c11f,trap_penalty_q_learning_10,q_learning,train,970,456,risk,5,5,0.1,0.9,0.05,default,100,9.7,4,1,1,0,0,0.0005233939998561254,
trap_penalty_q_learning_10_q_learning_456_eb52c11f,trap_penalty_q_learning_10,q_learning,train,971,456,risk,5,5,0.1,0.9,0.05,default,100,9.7,4,1,1,0,0,0.0005454989998270321,
trap_penalty_q_learning_10_q_learning_456_eb52c11f,trap_penalty_q_learning_10,q_learning,train,972,456,risk,5,5,0.1,0.9,0.05,default,100,9.7,4,1,1,0,0,0.0005790339998839045,
trap_penalty_q_learning_10_q_learning_456_eb52c11f,trap_penalty_q_learning_10,q_learning,train,973,456,risk,5,5,0.1,0.9,0.05,default,100,9.7,4,1,1,0,0,0.0005924399999912566,
trap_penalty_q_learning_10_q_learning_456_eb52c11f,trap_penalty_q_learning_10,q_learning,train,974,456,risk,5,5,0.1,0.9,0.05,default,100,9.7,4,1,1,0,0,0.0005950449999545526,
trap_penalty_q_learning_10_q_learning_456_eb52c11f,trap_penalty_q_learning_10,q_learning,train,975,456,risk,5,5,0.1,0.9,0.05,default,100,9.7,4,1,1,0,0,0.0005800960000215127,
trap_penalty_q_learning_10_q_learning_456_eb52c11f,trap_penalty_q_learning_10,q_learning,train,976,456,risk,5,5,0.1,0.9,0.05,default,100,9.7,4,1,1,0,0,0.0006076779998238635,
trap_penalty_q_learning_10_q_learning_456_eb52c11f,trap_penalty_q_learning_10,q_learning,train,977,456,risk,5,5,0.1,0.9,0.05,default,100,9.7,4,1,1,0,0,0.000574149999920337,
trap_penalty_q_learning_10_q_learning_456_eb52c11f,trap_penalty_q_learning_10,q_learning,train,978,456,risk,5,5,0.1,0.9,0.05,default,100,9.7,4,1,1,0,0,0.0005640940000830597,
trap_penalty_q_learning_10_q_learning_456_eb52c11f,trap_penalty_q_learning_10,q_learning,train,979,456,risk,5,5,0.1,0.9,0.05,default,100,9.7,4,1,1,0,0,0.0005490720000125293,
trap_penalty_q_learning_10_q_learning_456_eb52c11f,trap_penalty_q_learning_10,q_learning,train,980,456,risk,5,5,0.1,0.9,0.05,default,100,9.7,4,1,1,0,0,0.0005405090000749624,
trap_penalty_q_learning_10_q_learning_456_eb52c11f,trap_penalty_q_learning_10,q_learning,train,981,456,risk,5,5,0.1,0.9,0.05,default,100,8.7,5,1,1,0,0,0.0006086030000460596,
trap_penalty_q_learning_10_q_learning_456_eb52c11f,trap_penalty_q_learning_10,q_learning,train,982,456,risk,5,5,0.1,0.9,0.05,default,100,9.7,4,1,1,0,0,0.0005997729999762669,
trap_penalty_q_learning_10_q_learning_456_eb52c11f,trap_penalty_q_learning_10,q_learning,train,983,456,risk,5,5,0.1,0.9,0.05,default,100,9.7,4,1,1,0,0,0.0006105639999987034,
trap_penalty_q_learning_10_q_learning_456_eb52c11f,trap_penalty_q_learning_10,q_learning,train,984,456,risk,5,5,0.1,0.9,0.05,default,100,9.7,4,1,1,0,0,0.0005943239998487115,
trap_penalty_q_learning_10_q_learning_456_eb52c11f,trap_penalty_q_learning_10,q_learning,train,985,456,risk,5,5,0.1,0.9,0.05,default,100,9.7,4,1,1,0,0,0.0005927049999172596,
trap_penalty_q_learning_10_q_learning_456_eb52c11f,trap_penalty_q_learning_10,q_learning,train,986,456,risk,5,5,0.1,0.9,0.05,default,100,8.7,5,1,1,0,0,0.0006315460000223538,
trap_penalty_q_learning_10_q_learning_456_eb52c11f,trap_penalty_q_learning_10,q_learning,train,987,456,risk,5,5,0.1,0.9,0.05,default,100,9.7,4,1,1,0,0,0.0005933100001129787,
trap_penalty_q_learning_10_q_learning_456_eb52c11f,trap_penalty_q_learning_10,q_learning,train,988,456,risk,5,5,0.1,0.9,0.05,default,100,9.7,4,1,1,0,0,0.000581019000037486,
trap_penalty_q_learning_10_q_learning_456_eb52c11f,trap_penalty_q_learning_10,q_learning,train,989,456,risk,5,5,0.1,0.9,0.05,default,100,9.7,4,1,1,0,0,0.0005900409998957912,
trap_penalty_q_learning_10_q_learning_456_eb52c11f,trap_penalty_q_learning_10,q_learning,train,990,456,risk,5,5,0.1,0.9,0.05,default,100,9.7,4,1,1,0,0,0.0006372670000018843,
trap_penalty_q_learning_10_q_learning_456_eb52c11f,trap_penalty_q_learning_10,q_learning,train,991,456,risk,5,5,0.1,0.9,0.05,default,100,8.7,5,1,1,0,0,0.000633287000027849,
trap_penalty_q_learning_10_q_learning_456_eb52c11f,trap_penalty_q_learning_10,q_learning,train,992,456,risk,5,5,0.1,0.9,0.05,default,100,9.7,4,1,1,0,0,0.0005957539999599248,
trap_penalty_q_learning_10_q_learning_456_eb52c11f,trap_penalty_q_learning_10,q_learning,train,993,456,risk,5,5,0.1,0.9,0.05,default,100,9.7,4,1,1,0,0,0.0005770930001745,
trap_penalty_q_learning_10_q_learning_456_eb52c11f,trap_penalty_q_learning_10,q_learning,train,994,456,risk,5,5,0.1,0.9,0.05,default,100,9.7,4,1,1,0,0,0.0005954050000127609,
trap_penalty_q_learning_10_q_learning_456_eb52c11f,trap_penalty_q_learning_10,q_learning,train,995,456,risk,5,5,0.1,0.9,0.05,default,100,9.7,4,1,1,0,0,0.000594601000102557,
trap_penalty_q_learning_10_q_learning_456_eb52c11f,trap_penalty_q_learning_10,q_learning,train,996,456,risk,5,5,0.1,0.9,0.05,default,100,9.7,4,1,1,0,0,0.0006209179998677428,
trap_penalty_q_learning_10_q_learning_456_eb52c11f,trap_penalty_q_learning_10,q_learning,train,997,456,risk,5,5,0.1,0.9,0.05,default,100,9.7,4,1,1,0,0,0.000593769000033717,
trap_penalty_q_learning_10_q_learning_456_eb52c11f,trap_penalty_q_learning_10,q_learning,train,998,456,risk,5,5,0.1,0.9,0.05,default,100,9.7,4,1,1,0,0,0.0005769870001586241,
trap_penalty_q_learning_10_q_learning_456_eb52c11f,trap_penalty_q_learning_10,q_learning,train,999,456,risk,5,5,0.1,0.9,0.05,default,100,9.7,4,1,1,0,0,0.0005922579998696165,
trap_penalty_q_learning_10_q_learning_456_eb52c11f,trap_penalty_q_learning_10,q_learning,train,1000,456,risk,5,5,0.1,0.9,0.05,default,100,9.7,4,1,1,0,0,0.0006074419998185476,results/trap_penalty/q_learning/trap_10/seed_456/qtable_ep1000.npz
trap_penalty_q_learning_10_q_learning_456_eb52c11f,trap_penalty_q_learning_10,q_learning,eval,1,456,risk,5,5,0.1,0.9,0.0,default,100,9.7,4,1,1,0,0,,
trap_penalty_q_learning_10_q_learning_456_eb52c11f,trap_penalty_q_learning_10,q_learning,eval,2,456,risk,5,5,0.1,0.9,0.0,default,100,9.7,4,1,1,0,0,,
trap_penalty_q_learning_10_q_learning_456_eb52c11f,trap_penalty_q_learning_10,q_learning,eval,3,456,risk,5,5,0.1,0.9,0.0,default,100,9.7,4,1,1,0,0,,
trap_penalty_q_learning_10_q_learning_456_eb52c11f,trap_penalty_q_learning_10,q_learning,eval,4,456,risk,5,5,0.1,0.9,0.0,default,100,9.7,4,1,1,0,0,,
trap_penalty_q_learning_10_q_learning_456_eb52c11f,trap_penalty_q_learning_10,q_learning,eval,5,456,risk,5,5,0.1,0.9,0.0,default,100,9.7,4,1,1,0,0,,
trap_penalty_q_learning_10_q_learning_456_eb52c11f,trap_penalty_q_learning_10,q_learning,eval,6,456,risk,5,5,0.1,0.9,0.0,default,100,9.7,4,1,1,0,0,,
trap_penalty_q_learning_10_q_learning_456_eb52c11f,trap_penalty_q_learning_10,q_learning,eval,7,456,risk,5,5,0.1,0.9,0.0,default,100,9.7,4,1,1,0,0,,
trap_penalty_q_learning_10_q_learning_456_eb52c11f,trap_penalty_q_learning_10,q_learning,eval,8,456,risk,5,5,0.1,0.9,0.0,default,100,9.7,4,1,1,0,0,,
trap_penalty_q_learning_10_q_learning_456_eb52c11f,trap_penalty_q_learning_10,q_learning,eval,9,456,risk,5,5,0.1,0.9,0.0,default,100,9.7,4,1,1,0,0,,
trap_penalty_q_learning_10_q_learning_456_eb52c11f,trap_penalty_q_learning_10,q_learning,eval,10,456,risk,5,5,0.1,0.9,0.0,default,100,9.7,4,1,1,0,0,,
trap_penalty_q_learning_10_q_learning_456_eb52c11f,trap_penalty_q_learning_10,q_learning,eval,1,456,risk,5,5,0.1,0.9,0.0,default,100,9.7,4,1,1,0,0,,
trap_penalty_q_learning_10_q_learning_456_eb52c11f,trap_penalty_q_learning_10,q_learning,eval,2,456,risk,5,5,0.1,0.9,0.0,default,100,9.7,4,1,1,0,0,,
trap_penalty_q_learning_10_q_learning_456_eb52c11f,trap_penalty_q_learning_10,q_learning,eval,3,456,risk,5,5,0.1,0.9,0.0,default,100,9.7,4,1,1,0,0,,
trap_penalty_q_learning_10_q_learning_456_eb52c11f,trap_penalty_q_learning_10,q_learning,eval,4,456,risk,5,5,0.1,0.9,0.0,default,100,9.7,4,1,1,0,0,,
trap_penalty_q_learning_10_q_learning_456_eb52c11f,trap_penalty_q_learning_10,q_learning,eval,5,456,risk,5,5,0.1,0.9,0.0,default,100,9.7,4,1,1,0,0,,
trap_penalty_q_learning_10_q_learning_456_eb52c11f,trap_penalty_q_learning_10,q_learning,eval,6,456,risk,5,5,0.1,0.9,0.0,default,100,9.7,4,1,1,0,0,,
trap_penalty_q_learning_10_q_learning_456_eb52c11f,trap_penalty_q_learning_10,q_learning,eval,7,456,risk,5,5,0.1,0.9,0.0,default,100,9.7,4,1,1,0,0,,
trap_penalty_q_learning_10_q_learning_456_eb52c11f,trap_penalty_q_learning_10,q_learning,eval,8,456,risk,5,5,0.1,0.9,0.0,default,100,9.7,4,1,1,0,0,,
trap_penalty_q_learning_10_q_learning_456_eb52c11f,trap_penalty_q_learning_10,q_learning,eval,9,456,risk,5,5,0.1,0.9,0.0,default,100,9.7,4,1,1,0,0,,
trap_penalty_q_learning_10_q_learning_456_eb52c11f,trap_penalty_q_learning_10,q_learning,eval,10,456,risk,5,5,0.1,0.9,0.0,default,100,9.7,4,1,1,0,0,,
trap_penalty_q_learning_10_q_learning_456_eb52c11f,trap_penalty_q_learning_10,q_learning,eval,1,456,risk,5,5,0.1,0.9,0.0,default,100,9.7,4,1,1,0,0,,
trap_penalty_q_learning_10_q_learning_456_eb52c11f,trap_penalty_q_learning_10,q_learning,eval,2,456,risk,5,5,0.1,0.9,0.0,default,100,9.7,4,1,1,0,0,,
trap_penalty_q_learning_10_q_learning_456_eb52c11f,trap_penalty_q_learning_10,q_learning,eval,3,456,risk,5,5,0.1,0.9,0.0,default,100,9.7,4,1,1,0,0,,
trap_penalty_q_learning_10_q_learning_456_eb52c11f,trap_penalty_q_learning_10,q_learning,eval,4,456,risk,5,5,0.1,0.9,0.0,default,100,9.7,4,1,1,0,0,,
trap_penalty_q_learning_10_q_learning_456_eb52c11f,trap_penalty_q_learning_10,q_learning,eval,5,456,risk,5,5,0.1,0.9,0.0,default,100,9.7,4,1,1,0,0,,
trap_penalty_q_learning_10_q_learning_456_eb52c11f,trap_penalty_q_learning_10,q_learning,eval,6,456,risk,5,5,0.1,0.9,0.0,default,100,9.7,4,1,1,0,0,,
trap_penalty_q_learning_10_q_learning_456_eb52c11f,trap_penalty_q_learning_10,q_learning,eval,7,456,risk,5,5,0.1,0.9,0.0,default,100,9.7,4,1,1,0,0,,
trap_penalty_q_learning_10_q_learning_456_eb52c11f,trap_penalty_q_learning_10,q_learning,eval,8,456,risk,5,5,0.1,0.9,0.0,default,100,9.7,4,1,1,0,0,,
trap_penalty_q_learning_10_q_learning_456_eb52c11f,trap_penalty_q_learning_10,q_learning,eval,9,456,risk,5,5,0.1,0.9,0.0,default,100,9.7,4,1,1,0,0,,
trap_penalty_q_learning_10_q_learning_456_eb52c11f,trap_penalty_q_learning_10,q_learning,eval,10,456,risk,5,5,0.1,0.9,0.0,default,100,9.7,4,1,1,0,0,,
trap_penalty_q_learning_10_q_learning_456_eb52c11f,trap_penalty_q_learning_10,q_learning,eval,1,456,risk,5,5,0.1,0.9,0.0,default,100,9.7,4,1,1,0,0,,
trap_penalty_q_learning_10_q_learning_456_eb52c11f,trap_penalty_q_learning_10,q_learning,eval,2,456,risk,5,5,0.1,0.9,0.0,default,100,9.7,4,1,1,0,0,,
trap_penalty_q_learning_10_q_learning_456_eb52c11f,trap_penalty_q_learning_10,q_learning,eval,3,456,risk,5,5,0.1,0.9,0.0,default,100,9.7,4,1,1,0,0,,
trap_penalty_q_learning_10_q_learning_456_eb52c11f,trap_penalty_q_learning_10,q_learning,eval,4,456,risk,5,5,0.1,0.9,0.0,default,100,9.7,4,1,1,0,0,,
trap_penalty_q_learning_10_q_learning_456_eb52c11f,trap_penalty_q_learning_10,q_learning,eval,5,456,risk,5,5,0.1,0.9,0.0,default,100,9.7,4,1,1,0,0,,
trap_penalty_q_learning_10_q_learning_456_eb52c11f,trap_penalty_q_learning_10,q_learning,eval,6,456,risk,5,5,0.1,0.9,0.0,default,100,9.7,4,1,1,0,0,,
trap_penalty_q_learning_10_q_learning_456_eb52c11f,trap_penalty_q_learning_10,q_learning,eval,7,456,risk,5,5,0.1,0.9,0.0,default,100,9.7,4,1,1,0,0,,
trap_penalty_q_learning_10_q_learning_456_eb52c11f,trap_penalty_q_learning_10,q_learning,eval,8,456,risk,5,5,0.1,0.9,0.0,default,100,9.7,4,1,1,0,0,,
trap_penalty_q_learning_10_q_learning_456_eb52c11f,trap_penalty_q_learning_10,q_learning,eval,9,456,risk,5,5,0.1,0.9,0.0,default,100,9.7,4,1,1,0,0,,
trap_penalty_q_learning_10_q_learning_456_eb52c11f,trap_penalty_q_learning_10,q_learning,eval,10,456,risk,5,5,0.1,0.9,0.0,default,100,9.7,4,1,1,0,0,,
trap_penalty_q_learning_10_q_learning_456_eb52c11f,trap_penalty_q_learning_10,q_learning,eval,1,456,risk,5,5,0.1,0.9,0.0,default,100,9.7,4,1,1,0,0,,
trap_penalty_q_learning_10_q_learning_456_eb52c11f,trap_penalty_q_learning_10,q_learning,eval,2,456,risk,5,5,0.1,0.9,0.0,default,100,9.7,4,1,1,0,0,,
trap_penalty_q_learning_10_q_learning_456_eb52c11f,trap_penalty_q_learning_10,q_learning,eval,3,456,risk,5,5,0.1,0.9,0.0,default,100,9.7,4,1,1,0,0,,
trap_penalty_q_learning_10_q_learning_456_eb52c11f,trap_penalty_q_learning_10,q_learning,eval,4,456,risk,5,5,0.1,0.9,0.0,default,100,9.7,4,1,1,0,0,,
trap_penalty_q_learning_10_q_learning_456_eb52c11f,trap_penalty_q_learning_10,q_learning,eval,5,456,risk,5,5,0.1,0.9,0.0,default,100,9.7,4,1,1,0,0,,
trap_penalty_q_learning_10_q_learning_456_eb52c11f,trap_penalty_q_learning_10,q_learning,eval,6,456,risk,5,5,0.1,0.9,0.0,default,100,9.7,4,1,1,0,0,,
trap_penalty_q_learning_10_q_learning_456_eb52c11f,trap_penalty_q_learning_10,q_learning,eval,7,456,risk,5,5,0.1,0.9,0.0,default,100,9.7,4,1,1,0,0,,
trap_penalty_q_learning_10_q_learning_456_eb52c11f,trap_penalty_q_learning_10,q_learning,eval,8,456,risk,5,5,0.1,0.9,0.0,default,100,9.7,4,1,1,0,0,,
trap_penalty_q_learning_10_q_learning_456_eb52c11f,trap_penalty_q_learning_10,q_learning,eval,9,456,risk,5,5,0.1,0.9,0.0,default,100,9.7,4,1,1,0,0,,
trap_penalty_q_learning_10_q_learning_456_eb52c11f,trap_penalty_q_learning_10,q_learning,eval,10,456,risk,5,5,0.1,0.9,0.0,default,100,9.7,4,1,1,0,0,,
trap_penalty_q_learning_10_q_learning_456_eb52c11f,trap_penalty_q_learning_10,q_learning,eval,1,456,risk,5,5,0.1,0.9,0.0,default,100,9.7,4,1,1,0,0,,
trap_penalty_q_learning_10_q_learning_456_eb52c11f,trap_penalty_q_learning_10,q_learning,eval,2,456,risk,5,5,0.1,0.9,0.0,default,100,9.7,4,1,1,0,0,,
trap_penalty_q_learning_10_q_learning_456_eb52c11f,trap_penalty_q_learning_10,q_learning,eval,3,456,risk,5,5,0.1,0.9,0.0,default,100,9.7,4,1,1,0,0,,
trap_penalty_q_learning_10_q_learning_456_eb52c11f,trap_penalty_q_learning_10,q_learning,eval,4,456,risk,5,5,0.1,0.9,0.0,default,100,9.7,4,1,1,0,0,,
trap_penalty_q_learning_10_q_learning_456_eb52c11f,trap_penalty_q_learning_10,q_learning,eval,5,456,risk,5,5,0.1,0.9,0.0,default,100,9.7,4,1,1,0,0,,
trap_penalty_q_learning_10_q_learning_456_eb52c11f,trap_penalty_q_learning_10,q_learning,eval,6,456,risk,5,5,0.1,0.9,0.0,default,100,9.7,4,1,1,0,0,,
trap_penalty_q_learning_10_q_learning_456_eb52c11f,trap_penalty_q_learning_10,q_learning,eval,7,456,risk,5,5,0.1,0.9,0.0,default,100,9.7,4,1,1,0,0,,
trap_penalty_q_learning_10_q_learning_456_eb52c11f,trap_penalty_q_learning_10,q_learning,eval,8,456,risk,5,5,0.1,0.9,0.0,default,100,9.7,4,1,1,0,0,,
trap_penalty_q_learning_10_q_learning_456_eb52c11f,trap_penalty_q_learning_10,q_learning,eval,9,456,risk,5,5,0.1,0.9,0.0,default,100,9.7,4,1,1,0,0,,
trap_penalty_q_learning_10_q_learning_456_eb52c11f,trap_penalty_q_learning_10,q_learning,eval,10,456,risk,5,5,0.1,0.9,0.0,default,100,9.7,4,1,1,0,0,,
trap_penalty_q_learning_10_q_learning_456_eb52c11f,trap_penalty_q_learning_10,q_learning,eval,1,456,risk,5,5,0.1,0.9,0.0,default,100,9.7,4,1,1,0,0,,
trap_penalty_q_learning_10_q_learning_456_eb52c11f,trap_penalty_q_learning_10,q_learning,eval,2,456,risk,5,5,0.1,0.9,0.0,default,100,9.7,4,1,1,0,0,,
trap_penalty_q_learning_10_q_learning_456_eb52c11f,trap_penalty_q_learning_10,q_learning,eval,3,456,risk,5,5,0.1,0.9,0.0,default,100,9.7,4,1,1,0,0,,
trap_penalty_q_learning_10_q_learning_456_eb52c11f,trap_penalty_q_learning_10,q_learning,eval,4,456,risk,5,5,0.1,0.9,0.0,default,100,9.7,4,1,1,0,0,,
trap_penalty_q_learning_10_q_learning_456_eb52c11f,trap_penalty_q_learning_10,q_learning,eval,5,456,risk,5,5,0.1,0.9,0.0,default,100,9.7,4,1,1,0,0,,
trap_penalty_q_learning_10_q_learning_456_eb52c11f,trap_penalty_q_learning_10,q_learning,eval,6,456,risk,5,5,0.1,0.9,0.0,default,100,9.7,4,1,1,0,0,,
trap_penalty_q_learning_10_q_learning_456_eb52c11f,trap_penalty_q_learning_10,q_learning,eval,7,456,risk,5,5,0.1,0.9,0.0,default,100,9.7,4,1,1,0,0,,
trap_penalty_q_learning_10_q_learning_456_eb52c11f,trap_penalty_q_learning_10,q_learning,eval,8,456,risk,5,5,0.1,0.9,0.0,default,100,9.7,4,1,1,0,0,,
trap_penalty_q_learning_10_q_learning_456_eb52c11f,trap_penalty_q_learning_10,q_learning,eval,9,456,risk,5,5,0.1,0.9,0.0,default,100,9.7,4,1,1,0,0,,
trap_penalty_q_learning_10_q_learning_456_eb52c11f,trap_penalty_q_learning_10,q_learning,eval,10,456,risk,5,5,0.1,0.9,0.0,default,100,9.7,4,1,1,0,0,,
trap_penalty_q_learning_10_q_learning_456_eb52c11f,trap_penalty_q_learning_10,q_learning,eval,1,456,risk,5,5,0.1,0.9,0.0,default,100,9.7,4,1,1,0,0,,
trap_penalty_q_learning_10_q_learning_456_eb52c11f,trap_penalty_q_learning_10,q_learning,eval,2,456,risk,5,5,0.1,0.9,0.0,default,100,9.7,4,1,1,0,0,,
trap_penalty_q_learning_10_q_learning_456_eb52c11f,trap_penalty_q_learning_10,q_learning,eval,3,456,risk,5,5,0.1,0.9,0.0,default,100,9.7,4,1,1,0,0,,
trap_penalty_q_learning_10_q_learning_456_eb52c11f,trap_penalty_q_learning_10,q_learning,eval,4,456,risk,5,5,0.1,0.9,0.0,default,100,9.7,4,1,1,0,0,,
trap_penalty_q_learning_10_q_learning_456_eb52c11f,trap_penalty_q_learning_10,q_learning,eval,5,456,risk,5,5,0.1,0.9,0.0,default,100,9.7,4,1,1,0,0,,
trap_penalty_q_learning_10_q_learning_456_eb52c11f,trap_penalty_q_learning_10,q_learning,eval,6,456,risk,5,5,0.1,0.9,0.0,default,100,9.7,4,1,1,0,0,,
trap_penalty_q_learning_10_q_learning_456_eb52c11f,trap_penalty_q_learning_10,q_learning,eval,7,456,risk,5,5,0.1,0.9,0.0,default,100,9.7,4,1,1,0,0,,
trap_penalty_q_learning_10_q_learning_456_eb52c11f,trap_penalty_q_learning_10,q_learning,eval,8,456,risk,5,5,0.1,0.9,0.0,default,100,9.7,4,1,1,0,0,,
trap_penalty_q_learning_10_q_learning_456_eb52c11f,trap_penalty_q_learning_10,q_learning,eval,9,456,risk,5,5,0.1,0.9,0.0,default,100,9.7,4,1,1,0,0,,
trap_penalty_q_learning_10_q_learning_456_eb52c11f,trap_penalty_q_learning_10,q_learning,eval,10,456,risk,5,5,0.1,0.9,0.0,default,100,9.7,4,1,1,0,0,,
trap_penalty_q_learning_10_q_learning_456_eb52c11f,trap_penalty_q_learning_10,q_learning,eval,1,456,risk,5,5,0.1,0.9,0.0,default,100,9.7,4,1,1,0,0,,
trap_penalty_q_learning_10_q_learning_456_eb52c11f,trap_penalty_q_learning_10,q_learning,eval,2,456,risk,5,5,0.1,0.9,0.0,default,100,9.7,4,1,1,0,0,,
trap_penalty_q_learning_10_q_learning_456_eb52c11f,trap_penalty_q_learning_10,q_learning,eval,3,456,risk,5,5,0.1,0.9,0.0,default,100,9.7,4,1,1,0,0,,
trap_penalty_q_learning_10_q_learning_456_eb52c11f,trap_penalty_q_learning_10,q_learning,eval,4,456,risk,5,5,0.1,0.9,0.0,default,100,9.7,4,1,1,0,0,,
trap_penalty_q_learning_10_q_learning_456_eb52c11f,trap_penalty_q_learning_10,q_learning,eval,5,456,risk,5,5,0.1,0.9,0.0,default,100,9.7,4,1,1,0,0,,
trap_penalty_q_learning_10_q_learning_456_eb52c11f,trap_penalty_q_learning_10,q_learning,eval,6,456,risk,5,5,0.1,0.9,0.0,default,100,9.7,4,1,1,0,0,,
trap_penalty_q_learning_10_q_learning_456_eb52c11f,trap_penalty_q_learning_10,q_learning,eval,7,456,risk,5,5,0.1,0.9,0.0,default,100,9.7,4,1,1,0,0,,
trap_penalty_q_learning_10_q_learning_456_eb52c11f,trap_penalty_q_learning_10,q_learning,eval,8,456,risk,5,5,0.1,0.9,0.0,default,100,9.7,4,1,1,0,0,,
trap_penalty_q_learning_10_q_learning_456_eb52c11f,trap_penalty_q_learning_10,q_learning,eval,9,456,risk,5,5,0.1,0.9,0.0,default,100,9.7,4,1,1,0,0,,
trap_penalty_q_learning_10_q_learning_456_eb52c11f,trap_penalty_q_learning_10,q_learning,eval,10,456,risk,5,5,0.1,0.9,0.0,default,100,9.7,4,1,1,0,0,,
trap_penalty_q_learning_10_q_learning_456_eb52c11f,trap_penalty_q_learning_10,q_learning,eval,1,456,risk,5,5,0.1,0.9,0.0,default,100,9.7,4,1,1,0,0,,
trap_penalty_q_learning_10_q_learning_456_eb52c11f,trap_penalty_q_learning_10,q_learning,eval,2,456,risk,5,5,0.1,0.9,0.0,default,100,9.7,4,1,1,0,0,,
trap_penalty_q_learning_10_q_learning_456_eb52c11f,trap_penalty_q_learning_10,q_learning,eval,3,456,risk,5,5,0.1,0.9,0.0,default,100,9.7,4,1,1,0,0,,
trap_penalty_q_learning_10_q_learning_456_eb52c11f,trap_penalty_q_learning_10,q_learning,eval,4,456,risk,5,5,0.1,0.9,0.0,default,100,9.7,4,1,1,0,0,,
trap_penalty_q_learning_10_q_learning_456_eb52c11f,trap_penalty_q_learning_10,q_learning,eval,5,456,risk,5,5,0.1,0.9,0.0,default,100,9.7,4,1,1,0,0,,
trap_penalty_q_learning_10_q_learning_456_eb52c11f,trap_penalty_q_learning_10,q_learning,eval,6,456,risk,5,5,0.1,0.9,0.0,default,100,9.7,4,1,1,0,0,,
trap_penalty_q_learning_10_q_learning_456_eb52c11f,trap_penalty_q_learning_10,q_learning,eval,7,456,risk,5,5,0.1,0.9,0.0,default,100,9.7,4,1,1,0,0,,
trap_penalty_q_learning_10_q_learning_456_eb52c11f,trap_penalty_q_learning_10,q_learning,eval,8,456,risk,5,5,0.1,0.9,0.0,default,100,9.7,4,1,1,0,0,,
trap_penalty_q_learning_10_q_learning_456_eb52c11f,trap_penalty_q_learning_10,q_learning,eval,9,456,risk,5,5,0.1,0.9,0.0,default,100,9.7,4,1,1,0,0,,
trap_penalty_q_learning_10_q_learning_456_eb52c11f,trap_penalty_q_learning_10,q_learning,eval,10,456,risk,5,5,0.1,0.9,0.0,default,100,9.7,4,1,1,0,0,,
trap_penalty_q_learning_10_q_learning_456_eb52c11f,trap_penalty_q_learning_10,q_learning,eval,1,456,risk,5,5,0.1,0.9,0.0,default,100,9.7,4,1,1,0,0,,
trap_penalty_q_learning_10_q_learning_456_eb52c11f,trap_penalty_q_learning_10,q_learning,eval,2,456,risk,5,5,0.1,0.9,0.0,default,100,9.7,4,1,1,0,0,,
trap_penalty_q_learning_10_q_learning_456_eb52c11f,trap_penalty_q_learning_10,q_learning,eval,3,456,risk,5,5,0.1,0.9,0.0,default,100,9.7,4,1,1,0,0,,
trap_penalty_q_learning_10_q_learning_456_eb52c11f,trap_penalty_q_learning_10,q_learning,eval,4,456,risk,5,5,0.1,0.9,0.0,default,100,9.7,4,1,1,0,0,,
trap_penalty_q_learning_10_q_learning_456_eb52c11f,trap_penalty_q_learning_10,q_learning,eval,5,456,risk,5,5,0.1,0.9,0.0,default,100,9.7,4,1,1,0,0,,
trap_penalty_q_learning_10_q_learning_456_eb52c11f,trap_penalty_q_learning_10,q_learning,eval,6,456,risk,5,5,0.1,0.9,0.0,default,100,9.7,4,1,1,0,0,,
trap_penalty_q_learning_10_q_learning_456_eb52c11f,trap_penalty_q_learning_10,q_learning,eval,7,456,risk,5,5,0.1,0.9,0.0,default,100,9.7,4,1,1,0,0,,
trap_penalty_q_learning_10_q_learning_456_eb52c11f,trap_penalty_q_learning_10,q_learning,eval,8,456,risk,5,5,0.1,0.9,0.0,default,100,9.7,4,1,1,0,0,,
trap_penalty_q_learning_10_q_learning_456_eb52c11f,trap_penalty_q_learning_10,q_learning,eval,9,456,risk,5,5,0.1,0.9,0.0,default,100,9.7,4,1,1,0,0,,
trap_penalty_q_learning_10_q_learning_456_eb52c11f,trap_penalty_q_learning_10,q_learning,eval,10,456,risk,5,5,0.1,0.9,0.0,default,100,9.7,4,1,1,0,0,,
trap_penalty_q_learning_10_q_learning_456_eb52c11f,trap_penalty_q_learning_10,q_learning,eval,1,456,risk,5,5,0.1,0.9,0.0,default,100,9.7,4,1,1,0,0,,
trap_penalty_q_learning_10_q_learning_456_eb52c11f,trap_penalty_q_learning_10,q_learning,eval,2,456,risk,5,5,0.1,0.9,0.0,default,100,9.7,4,1,1,0,0,,
trap_penalty_q_learning_10_q_learning_456_eb52c11f,trap_penalty_q_learning_10,q_learning,eval,3,456,risk,5,5,0.1,0.9,0.0,default,100,9.7,4,1,1,0,0,,
trap_penalty_q_learning_10_q_learning_456_eb52c11f,trap_penalty_q_learning_10,q_learning,eval,4,456,risk,5,5,0.1,0.9,0.0,default,100,9.7,4,1,1,0,0,,
trap_penalty_q_learning_10_q_learning_456_eb52c11f,trap_penalty_q_learning_10,q_learning,eval,5,456,risk,5,5,0.1,0.9,0.0,default,100,9.7,4,1,1,0,0,,
trap_penalty_q_learning_10_q_learning_456_eb52c11f,trap_penalty_q_learning_10,q_learning,eval,6,456,risk,5,5,0.1,0.9,0.0,default,100,9.7,4,1,1,0,0,,
trap_penalty_q_learning_10_q_learning_456_eb52c11f,trap_penalty_q_learning_10,q_learning,eval,7,456,risk,5,5,0.1,0.9,0.0,default,100,9.7,4,1,1,0,0,,
trap_penalty_q_learning_10_q_learning_456_eb52c11f,trap_penalty_q_learning_10,q_learning,eval,8,456,risk,5,5,0.1,0.9,0.0,default,100,9.7,4,1,1,0,0,,
trap_penalty_q_learning_10_q_learning_456_eb52c11f,trap_penalty_q_learning_10,q_learning,eval,9,456,risk,5,5,0.1,0.9,0.0,default,100,9.7,4,1,1,0,0,,
trap_penalty_q_learning_10_q_learning_456_eb52c11f,trap_penalty_q_learning_10,q_learning,eval,10,456,risk,5,5,0.1,0.9,0.0,default,100,9.7,4,1,1,0,0,,
trap_penalty_q_learning_10_q_learning_456_eb52c11f,trap_penalty_q_learning_10,q_learning,eval,1,456,risk,5,5,0.1,0.9,0.0,default,100,9.7,4,1,1,0,0,,
trap_penalty_q_learning_10_q_learning_456_eb52c11f,trap_penalty_q_learning_10,q_learning,eval,2,456,risk,5,5,0.1,0.9,0.0,default,100,9.7,4,1,1,0,0,,
trap_penalty_q_learning_10_q_learning_456_eb52c11f,trap_penalty_q_learning_10,q_learning,eval,3,456,risk,5,5,0.1,0.9,0.0,default,100,9.7,4,1,1,0,0,,
trap_penalty_q_learning_10_q_learning_456_eb52c11f,trap_penalty_q_learning_10,q_learning,eval,4,456,risk,5,5,0.1,0.9,0.0,default,100,9.7,4,1,1,0,0,,
trap_penalty_q_learning_10_q_learning_456_eb52c11f,trap_penalty_q_learning_10,q_learning,eval,5,456,risk,5,5,0.1,0.9,0.0,default,100,9.7,4,1,1,0,0,,
trap_penalty_q_learning_10_q_learning_456_eb52c11f,trap_penalty_q_learning_10,q_learning,eval,6,456,risk,5,5,0.1,0.9,0.0,default,100,9.7,4,1,1,0,0,,
trap_penalty_q_learning_10_q_learning_456_eb52c11f,trap_penalty_q_learning_10,q_learning,eval,7,456,risk,5,5,0.1,0.9,0.0,default,100,9.7,4,1,1,0,0,,
trap_penalty_q_learning_10_q_learning_456_eb52c11f,trap_penalty_q_learning_10,q_learning,eval,8,456,risk,5,5,0.1,0.9,0.0,default,100,9.7,4,1,1,0,0,,
trap_penalty_q_learning_10_q_learning_456_eb52c11f,trap_penalty_q_learning_10,q_learning,eval,9,456,risk,5,5,0.1,0.9,0.0,default,100,9.7,4,1,1,0,0,,
trap_penalty_q_learning_10_q_learning_456_eb52c11f,trap_penalty_q_learning_10,q_learning,eval,10,456,risk,5,5,0.1,0.9,0.0,default,100,9.7,4,1,1,0,0,,
trap_penalty_q_learning_10_q_learning_456_eb52c11f,trap_penalty_q_learning_10,q_learning,eval,1,456,risk,5,5,0.1,0.9,0.0,default,100,9.7,4,1,1,0,0,,
trap_penalty_q_learning_10_q_learning_456_eb52c11f,trap_penalty_q_learning_10,q_learning,eval,2,456,risk,5,5,0.1,0.9,0.0,default,100,9.7,4,1,1,0,0,,
trap_penalty_q_learning_10_q_learning_456_eb52c11f,trap_penalty_q_learning_10,q_learning,eval,3,456,risk,5,5,0.1,0.9,0.0,default,100,9.7,4,1,1,0,0,,
trap_penalty_q_learning_10_q_learning_456_eb52c11f,trap_penalty_q_learning_10,q_learning,eval,4,456,risk,5,5,0.1,0.9,0.0,default,100,9.7,4,1,1,0,0,,
trap_penalty_q_learning_10_q_learning_456_eb52c11f,trap_penalty_q_learning_10,q_learning,eval,5,456,risk,5,5,0.1,0.9,0.0,default,100,9.7,4,1,1,0,0,,
trap_penalty_q_learning_10_q_learning_456_eb52c11f,trap_penalty_q_learning_10,q_learning,eval,6,456,risk,5,5,0.1,0.9,0.0,default,100,9.7,4,1,1,0,0,,
trap_penalty_q_learning_10_q_learning_456_eb52c11f,trap_penalty_q_learning_10,q_learning,eval,7,456,risk,5,5,0.1,0.9,0.0,default,100,9.7,4,1,1,0,0,,
trap_penalty_q_learning_10_q_learning_456_eb52c11f,trap_penalty_q_learning_10,q_learning,eval,8,456,risk,5,5,0.1,0.9,0.0,default,100,9.7,4,1,1,0,0,,
trap_penalty_q_learning_10_q_learning_456_eb52c11f,trap_penalty_q_learning_10,q_learning,eval,9,456,risk,5,5,0.1,0.9,0.0,default,100,9.7,4,1,1,0,0,,
trap_penalty_q_learning_10_q_learning_456_eb52c11f,trap_penalty_q_learning_10,q_learning,eval,10,456,risk,5,5,0.1,0.9,0.0,default,100,9.7,4,1,1,0,0,,
trap_penalty_q_learning_10_q_learning_456_eb52c11f,trap_penalty_q_learning_10,q_learning,eval,1,456,risk,5,5,0.1,0.9,0.0,default,100,9.7,4,1,1,0,0,,
trap_penalty_q_learning_10_q_learning_456_eb52c11f,trap_penalty_q_learning_10,q_learning,eval,2,456,risk,5,5,0.1,0.9,0.0,default,100,9.7,4,1,1,0,0,,
trap_penalty_q_learning_10_q_learning_456_eb52c11f,trap_penalty_q_learning_10,q_learning,eval,3,456,risk,5,5,0.1,0.9,0.0,default,100,9.7,4,1,1,0,0,,
trap_penalty_q_learning_10_q_learning_456_eb52c11f,trap_penalty_q_learning_10,q_learning,eval,4,456,risk,5,5,0.1,0.9,0.0,default,100,9.7,4,1,1,0,0,,
trap_penalty_q_learning_10_q_learning_456_eb52c11f,trap_penalty_q_learning_10,q_learning,eval,5,456,risk,5,5,0.1,0.9,0.0,default,100,9.7,4,1,1,0,0,,
trap_penalty_q_learning_10_q_learning_456_eb52c11f,trap_penalty_q_learning_10,q_learning,eval,6,456,risk,5,5,0.1,0.9,0.0,default,100,9.7,4,1,1,0,0,,
trap_penalty_q_learning_10_q_learning_456_eb52c11f,trap_penalty_q_learning_10,q_learning,eval,7,456,risk,5,5,0.1,0.9,0.0,default,100,9.7,4,1,1,0,0,,
trap_penalty_q_learning_10_q_learning_456_eb52c11f,trap_penalty_q_learning_10,q_learning,eval,8,456,risk,5,5,0.1,0.9,0.0,default,100,9.7,4,1,1,0,0,,
trap_penalty_q_learning_10_q_learning_456_eb52c11f,trap_penalty_q_learning_10,q_learning,eval,9,456,risk,5,5,0.1,0.9,0.0,default,100,9.7,4,1,1,0,0,,
trap_penalty_q_learning_10_q_learning_456_eb52c11f,trap_penalty_q_learning_10,q_learning,eval,10,456,risk,5,5,0.1,0.9,0.0,default,100,9.7,4,1,1,0,0,,
trap_penalty_q_learning_10_q_learning_456_eb52c11f,trap_penalty_q_learning_10,q_learning,eval,1,456,risk,5,5,0.1,0.9,0.0,default,100,9.7,4,1,1,0,0,,
trap_penalty_q_learning_10_q_learning_456_eb52c11f,trap_penalty_q_learning_10,q_learning,eval,2,456,risk,5,5,0.1,0.9,0.0,default,100,9.7,4,1,1,0,0,,
trap_penalty_q_learning_10_q_learning_456_eb52c11f,trap_penalty_q_learning_10,q_learning,eval,3,456,risk,5,5,0.1,0.9,0.0,default,100,9.7,4,1,1,0,0,,
trap_penalty_q_learning_10_q_learning_456_eb52c11f,trap_penalty_q_learning_10,q_learning,eval,4,456,risk,5,5,0.1,0.9,0.0,default,100,9.7,4,1,1,0,0,,
trap_penalty_q_learning_10_q_learning_456_eb52c11f,trap_penalty_q_learning_10,q_learning,eval,5,456,risk,5,5,0.1,0.9,0.0,default,100,9.7,4,1,1,0,0,,
trap_penalty_q_learning_10_q_learning_456_eb52c11f,trap_penalty_q_learning_10,q_learning,eval,6,456,risk,5,5,0.1,0.9,0.0,default,100,9.7,4,1,1,0,0,,
trap_penalty_q_learning_10_q_learning_456_eb52c11f,trap_penalty_q_learning_10,q_learning,eval,7,456,risk,5,5,0.1,0.9,0.0,default,100,9.7,4,1,1,0,0,,
trap_penalty_q_learning_10_q_learning_456_eb52c11f,trap_penalty_q_learning_10,q_learning,eval,8,456,risk,5,5,0.1,0.9,0.0,default,100,9.7,4,1,1,0,0,,
trap_penalty_q_learning_10_q_learning_456_eb52c11f,trap_penalty_q_learning_10,q_learning,eval,9,456,risk,5,5,0.1,0.9,0.0,default,100,9.7,4,1,1,0,0,,
trap_penalty_q_learning_10_q_learning_456_eb52c11f,trap_penalty_q_learning_10,q_learning,eval,10,456,risk,5,5,0.1,0.9,0.0,default,100,9.7,4,1,1,0,0,,
trap_penalty_q_learning_10_q_learning_456_eb52c11f,trap_penalty_q_learning_10,q_learning,eval,1,456,risk,5,5,0.1,0.9,0.0,default,100,9.7,4,1,1,0,0,,
trap_penalty_q_learning_10_q_learning_456_eb52c11f,trap_penalty_q_learning_10,q_learning,eval,2,456,risk,5,5,0.1,0.9,0.0,default,100,9.7,4,1,1,0,0,,
trap_penalty_q_learning_10_q_learning_456_eb52c11f,trap_penalty_q_learning_10,q_learning,eval,3,456,risk,5,5,0.1,0.9,0.0,default,100,9.7,4,1,1,0,0,,
trap_penalty_q_learning_10_q_learning_456_eb52c11f,trap_penalty_q_learning_10,q_learning,eval,4,456,risk,5,5,0.1,0.9,0.0,default,100,9.7,4,1,1,0,0,,
trap_penalty_q_learning_10_q_learning_456_eb52c11f,trap_penalty_q_learning_10,q_learning,eval,5,456,risk,5,5,0.1,0.9,0.0,default,100,9.7,4,1,1,0,0,,
trap_penalty_q_learning_10_q_learning_456_eb52c11f,trap_penalty_q_learning_10,q_learning,eval,6,456,risk,5,5,0.1,0.9,0.0,default,100,9.7,4,1,1,0,0,,
trap_penalty_q_learning_10_q_learning_456_eb52c11f,trap_penalty_q_learning_10,q_learning,eval,7,456,risk,5,5,0.1,0.9,0.0,default,100,9.7,4,1,1,0,0,,
trap_penalty_q_learning_10_q_learning_456_eb52c11f,trap_penalty_q_learning_10,q_learning,eval,8,456,risk,5,5,0.1,0.9,0.0,default,100,9.7,4,1,1,0,0,,
trap_penalty_q_learning_10_q_learning_456_eb52c11f,trap_penalty_q_learning_10,q_learning,eval,9,456,risk,5,5,0.1,0.9,0.0,default,100,9.7,4,1,1,0,0,,
trap_penalty_q_learning_10_q_learning_456_eb52c11f,trap_penalty_q_learning_10,q_learning,eval,10,456,risk,5,5,0.1,0.9,0.0,default,100,9.7,4,1,1,0,0,,
trap_penalty_q_learning_10_q_learning_456_eb52c11f,trap_penalty_q_learning_10,q_learning,eval,1,456,risk,5,5,0.1,0.9,0.0,default,100,9.7,4,1,1,0,0,,
trap_penalty_q_learning_10_q_learning_456_eb52c11f,trap_penalty_q_learning_10,q_learning,eval,2,456,risk,5,5,0.1,0.9,0.0,default,100,9.7,4,1,1,0,0,,
trap_penalty_q_learning_10_q_learning_456_eb52c11f,trap_penalty_q_learning_10,q_learning,eval,3,456,risk,5,5,0.1,0.9,0.0,default,100,9.7,4,1,1,0,0,,
trap_penalty_q_learning_10_q_learning_456_eb52c11f,trap_penalty_q_learning_10,q_learning,eval,4,456,risk,5,5,0.1,0.9,0.0,default,100,9.7,4,1,1,0,0,,
trap_penalty_q_learning_10_q_learning_456_eb52c11f,trap_penalty_q_learning_10,q_learning,eval,5,456,risk,5,5,0.1,0.9,0.0,default,100,9.7,4,1,1,0,0,,
trap_penalty_q_learning_10_q_learning_456_eb52c11f,trap_penalty_q_learning_10,q_learning,eval,6,456,risk,5,5,0.1,0.9,0.0,default,100,9.7,4,1,1,0,0,,
trap_penalty_q_learning_10_q_learning_456_eb52c11f,trap_penalty_q_learning_10,q_learning,eval,7,456,risk,5,5,0.1,0.9,0.0,default,100,9.7,4,1,1,0,0,,
trap_penalty_q_learning_10_q_learning_456_eb52c11f,trap_penalty_q_learning_10,q_learning,eval,8,456,risk,5,5,0.1,0.9,0.0,default,100,9.7,4,1,1,0,0,,
trap_penalty_q_learning_10_q_learning_456_eb52c11f,trap_penalty_q_learning_10,q_learning,eval,9,456,risk,5,5,0.1,0.9,0.0,default,100,9.7,4,1,1,0,0,,
trap_penalty_q_learning_10_q_learning_456_eb52c11f,trap_penalty_q_learning_10,q_learning,eval,10,456,risk,5,5,0.1,0.9,0.0,default,100,9.7,4,1,1,0,0,,
trap_penalty_q_learning_10_q_learning_456_eb52c11f,trap_penalty_q_learning_10,q_learning,eval,1,456,risk,5,5,0.1,0.9,0.0,default,100,9.7,4,1,1,0,0,,
trap_penalty_q_learning_10_q_learning_456_eb52c11f,trap_penalty_q_learning_10,q_learning,eval,2,456,risk,5,5,0.1,0.9,0.0,default,100,9.7,4,1,1,0,0,,
trap_penalty_q_learning_10_q_learning_456_eb52c11f,trap_penalty_q_learning_10,q_learning,eval,3,456,risk,5,5,0.1,0.9,0.0,default,100,9.7,4,1,1,0,0,,
trap_penalty_q_learning_10_q_learning_456_eb52c11f,trap_penalty_q_learning_10,q_learning,eval,4,456,risk,5,5,0.1,0.9,0.0,default,100,9.7,4,1,1,0,0,,
trap_penalty_q_learning_10_q_learning_456_eb52c11f,trap_penalty_q_learning_10,q_learning,eval,5,456,risk,5,5,0.1,0.9,0.0,default,100,9.7,4,1,1,0,0,,
trap_penalty_q_learning_10_q_learning_456_eb52c11f,trap_penalty_q_learning_10,q_learning,eval,6,456,risk,5,5,0.1,0.9,0.0,default,100,9.7,4,1,1,0,0,,
trap_penalty_q_learning_10_q_learning_456_eb52c11f,trap_penalty_q_learning_10,q_learning,eval,7,456,risk,5,5,0.1,0.9,0.0,default,100,9.7,4,1,1,0,0,,
trap_penalty_q_learning_10_q_learning_456_eb52c11f,trap_penalty_q_learning_10,q_learning,eval,8,456,risk,5,5,0.1,0.9,0.0,default,100,9.7,4,1,1,0,0,,
trap_penalty_q_learning_10_q_learning_456_eb52c11f,trap_penalty_q_learning_10,q_learning,eval,9,456,risk,5,5,0.1,0.9,0.0,default,100,9.7,4,1,1,0,0,,
trap_penalty_q_learning_10_q_learning_456_eb52c11f,trap_penalty_q_learning_10,q_learning,eval,10,456,risk,5,5,0.1,0.9,0.0,default,100,9.7,4,1,1,0,0,,
trap_penalty_q_learning_10_q_learning_456_eb52c11f,trap_penalty_q_learning_10,q_learning,eval,1,456,risk,5,5,0.1,0.9,0.0,default,100,9.7,4,1,1,0,0,,
trap_penalty_q_learning_10_q_learning_456_eb52c11f,trap_penalty_q_learning_10,q_learning,eval,2,456,risk,5,5,0.1,0.9,0.0,default,100,9.7,4,1,1,0,0,,
trap_penalty_q_learning_10_q_learning_456_eb52c11f,trap_penalty_q_learning_10,q_learning,eval,3,456,risk,5,5,0.1,0.9,0.0,default,100,9.7,4,1,1,0,0,,
trap_penalty_q_learning_10_q_learning_456_eb52c11f,trap_penalty_q_learning_10,q_learning,eval,4,456,risk,5,5,0.1,0.9,0.0,default,100,9.7,4,1,1,0,0,,
trap_penalty_q_learning_10_q_learning_456_eb52c11f,trap_penalty_q_learning_10,q_learning,eval,5,456,risk,5,5,0.1,0.9,0.0,default,100,9.7,4,1,1,0,0,,
trap_penalty_q_learning_10_q_learning_456_eb52c11f,trap_penalty_q_learning_10,q_learning,eval,6,456,risk,5,5,0.1,0.9,0.0,default,100,9.7,4,1,1,0,0,,
trap_penalty_q_learning_10_q_learning_456_eb52c11f,trap_penalty_q_learning_10,q_learning,eval,7,456,risk,5,5,0.1,0.9,0.0,default,100,9.7,4,1,1,0,0,,
trap_penalty_q_learning_10_q_learning_456_eb52c11f,trap_penalty_q_learning_10,q_learning,eval,8,456,risk,5,5,0.1,0.9,0.0,default,100,9.7,4,1,1,0,0,,
trap_penalty_q_learning_10_q_learning_456_eb52c11f,trap_penalty_q_learning_10,q_learning,eval,9,456,risk,5,5,0.1,0.9,0.0,default,100,9.7,4,1,1,0,0,,
trap_penalty_q_learning_10_q_learning_456_eb52c11f,trap_penalty_q_learning_10,q_learning,eval,10,456,risk,5,5,0.1,0.9,0.0,default,100,9.7,4,1,1,0,0,,
trap_penalty_q_learning_10_q_learning_456_eb52c11f,trap_penalty_q_learning_10,q_learning,eval,1,456,risk,5,5,0.1,0.9,0.0,default,100,9.7,4,1,1,0,0,,
trap_penalty_q_learning_10_q_learning_456_eb52c11f,trap_penalty_q_learning_10,q_learning,eval,2,456,risk,5,5,0.1,0.9,0.0,default,100,9.7,4,1,1,0,0,,
trap_penalty_q_learning_10_q_learning_456_eb52c11f,trap_penalty_q_learning_10,q_learning,eval,3,456,risk,5,5,0.1,0.9,0.0,default,100,9.7,4,1,1,0,0,,
trap_penalty_q_learning_10_q_learning_456_eb52c11f,trap_penalty_q_learning_10,q_learning,eval,4,456,risk,5,5,0.1,0.9,0.0,default,100,9.7,4,1,1,0,0,,
trap_penalty_q_learning_10_q_learning_456_eb52c11f,trap_penalty_q_learning_10,q_learning,eval,5,456,risk,5,5,0.1,0.9,0.0,default,100,9.7,4,1,1,0,0,,
trap_penalty_q_learning_10_q_learning_456_eb52c11f,trap_penalty_q_learning_10,q_learning,eval,6,456,risk,5,5,0.1,0.9,0.0,default,100,9.7,4,1,1,0,0,,
trap_penalty_q_learning_10_q_learning_456_eb52c11f,trap_penalty_q_learning_10,q_learning,eval,7,456,risk,5,5,0.1,0.9,0.0,default,100,9.7,4,1,1,0,0,,
trap_penalty_q_learning_10_q_learning_456_eb52c11f,trap_penalty_q_learning_10,q_learning,eval,8,456,risk,5,5,0.1,0.9,0.0,default,100,9.7,4,1,1,0,0,,
trap_penalty_q_learning_10_q_learning_456_eb52c11f,trap_penalty_q_learning_10,q_learning,eval,9,456,risk,5,5,0.1,0.9,0.0,default,100,9.7,4,1,1,0,0,,
trap_penalty_q_learning_10_q_learning_456_eb52c11f,trap_penalty_q_learning_10,q_learning,eval,10,456,risk,5,5,0.1,0.9,0.0,default,100,9.7,4,1,1,0,0,,
trap_penalty_q_learning_10_q_learning_456_eb52c11f,trap_penalty_q_learning_10,q_learning,eval,1,456,risk,5,5,0.1,0.9,0.0,default,100,9.7,4,1,1,0,0,,
trap_penalty_q_learning_10_q_learning_456_eb52c11f,trap_penalty_q_learning_10,q_learning,eval,2,456,risk,5,5,0.1,0.9,0.0,default,100,9.7,4,1,1,0,0,,
trap_penalty_q_learning_10_q_learning_456_eb52c11f,trap_penalty_q_learning_10,q_learning,eval,3,456,risk,5,5,0.1,0.9,0.0,default,100,9.7,4,1,1,0,0,,
trap_penalty_q_learning_10_q_learning_456_eb52c11f,trap_penalty_q_learning_10,q_learning,eval,4,456,risk,5,5,0.1,0.9,0.0,default,100,9.7,4,1,1,0,0,,
trap_penalty_q_learning_10_q_learning_456_eb52c11f,trap_penalty_q_learning_10,q_learning,eval,5,456,risk,5,5,0.1,0.9,0.0,default,100,9.7,4,1,1,0,0,,
trap_penalty_q_learning_10_q_learning_456_eb52c11f,trap_penalty_q_learning_10,q_learning,eval,6,456,risk,5,5,0.1,0.9,0.0,default,100,9.7,4,1,1,0,0,,
trap_penalty_q_learning_10_q_learning_456_eb52c11f,trap_penalty_q_learning_10,q_learning,eval,7,456,risk,5,5,0.1,0.9,0.0,default,100,9.7,4,1,1,0,0,,
trap_penalty_q_learning_10_q_learning_456_eb52c11f,trap_penalty_q_learning_10,q_learning,eval,8,456,risk,5,5,0.1,0.9,0.0,default,100,9.7,4,1,1,0,0,,
trap_penalty_q_learning_10_q_learning_456_eb52c11f,trap_penalty_q_learning_10,q_learning,eval,9,456,risk,5,5,0.1,0.9,0.0,default,100,9.7,4,1,1,0,0,,
trap_penalty_q_learning_10_q_learning_456_eb52c11f,trap_penalty_q_learning_10,q_learning,eval,10,456,risk,5,5,0.1,0.9,0.0,default,100,9.7,4,1,1,0,0,,
trap_penalty_q_learning_10_q_learning_456_eb52c11f,trap_penalty_q_learning_10,q_learning,eval,1,456,risk,5,5,0.1,0.9,0.0,default,100,9.7,4,1,1,0,0,,
trap_penalty_q_learning_10_q_learning_456_eb52c11f,trap_penalty_q_learning_10,q_learning,eval,2,456,risk,5,5,0.1,0.9,0.0,default,100,9.7,4,1,1,0,0,,
trap_penalty_q_learning_10_q_learning_456_eb52c11f,trap_penalty_q_learning_10,q_learning,eval,3,456,risk,5,5,0.1,0.9,0.0,default,100,9.7,4,1,1,0,0,,
trap_penalty_q_learning_10_q_learning_456_eb52c11f,trap_penalty_q_learning_10,q_learning,eval,4,456,risk,5,5,0.1,0.9,0.0,default,100,9.7,4,1,1,0,0,,
trap_penalty_q_learning_10_q_learning_456_eb52c11f,trap_penalty_q_learning_10,q_learning,eval,5,456,risk,5,5,0.1,0.9,0.0,default,100,9.7,4,1,1,0,0,,
trap_penalty_q_learning_10_q_learning_456_eb52c11f,trap_penalty_q_learning_10,q_learning,eval,6,456,risk,5,5,0.1,0.9,0.0,default,100,9.7,4,1,1,0,0,,
trap_penalty_q_learning_10_q_learning_456_eb52c11f,trap_penalty_q_learning_10,q_learning,eval,7,456,risk,5,5,0.1,0.9,0.0,default,100,9.7,4,1,1,0,0,,
trap_penalty_q_learning_10_q_learning_456_eb52c11f,trap_penalty_q_learning_10,q_learning,eval,8,456,risk,5,5,0.1,0.9,0.0,default,100,9.7,4,1,1,0,0,,
trap_penalty_q_learning_10_q_learning_456_eb52c11f,trap_penalty_q_learning_10,q_learning,eval,9,456,risk,5,5,0.1,0.9,0.0,default,100,9.7,4,1,1,0,0,,
trap_penalty_q_learning_10_q_learning_456_eb52c11f,trap_penalty_q_learning_10,q_learning,eval,10,456,risk,5,5,0.1,0.9,0.0,default,100,9.7,4,1,1,0,0,,
trap_penalty_q_learning_10_q_learning_456_eb52c11f,trap_penalty_q_learning_10,q_learning,eval,1,456,risk,5,5,0.1,0.9,0.0,default,100,9.7,4,1,1,0,0,,
trap_penalty_q_learning_10_q_learning_456_eb52c11f,trap_penalty_q_learning_10,q_learning,eval,2,456,risk,5,5,0.1,0.9,0.0,default,100,9.7,4,1,1,0,0,,
trap_penalty_q_learning_10_q_learning_456_eb52c11f,trap_penalty_q_learning_10,q_learning,eval,3,456,risk,5,5,0.1,0.9,0.0,default,100,9.7,4,1,1,0,0,,
trap_penalty_q_learning_10_q_learning_456_eb52c11f,trap_penalty_q_learning_10,q_learning,eval,4,456,risk,5,5,0.1,0.9,0.0,default,100,9.7,4,1,1,0,0,,
trap_penalty_q_learning_10_q_learning_456_eb52c11f,trap_penalty_q_learning_10,q_learning,eval,5,456,risk,5,5,0.1,0.9,0.0,default,100,9.7,4,1,1,0,0,,
trap_penalty_q_learning_10_q_learning_456_eb52c11f,trap_penalty_q_learning_10,q_learning,eval,6,456,risk,5,5,0.1,0.9,0.0,default,100,9.7,4,1,1,0,0,,
trap_penalty_q_learning_10_q_learning_456_eb52c11f,trap_penalty_q_learning_10,q_learning,eval,7,456,risk,5,5,0.1,0.9,0.0,default,100,9.7,4,1,1,0,0,,
trap_penalty_q_learning_10_q_learning_456_eb52c11f,trap_penalty_q_learning_10,q_learning,eval,8,456,risk,5,5,0.1,0.9,0.0,default,100,9.7,4,1,1,0,0,,
trap_penalty_q_learning_10_q_learning_456_eb52c11f,trap_penalty_q_learning_10,q_learning,eval,9,456,risk,5,5,0.1,0.9,0.0,default,100,9.7,4,1,1,0,0,,
trap_penalty_q_learning_10_q_learning_456_eb52c11f,trap_penalty_q_learning_10,q_learning,eval,10,456,risk,5,5,0.1,0.9,0.0,default,100,9.7,4,1,1,0,0,,
trap_penalty_q_learning_10_q_learning_456_eb52c11f,trap_penalty_q_learning_10,q_learning,eval,1,456,risk,5,5,0.1,0.9,0.0,default,100,9.7,4,1,1,0,0,,
trap_penalty_q_learning_10_q_learning_456_eb52c11f,trap_penalty_q_learning_10,q_learning,eval,2,456,risk,5,5,0.1,0.9,0.0,default,100,9.7,4,1,1,0,0,,
trap_penalty_q_learning_10_q_learning_456_eb52c11f,trap_penalty_q_learning_10,q_learning,eval,3,456,risk,5,5,0.1,0.9,0.0,default,100,9.7,4,1,1,0,0,,
trap_penalty_q_learning_10_q_learning_456_eb52c11f,trap_penalty_q_learning_10,q_learning,eval,4,456,risk,5,5,0.1,0.9,0.0,default,100,9.7,4,1,1,0,0,,
trap_penalty_q_learning_10_q_learning_456_eb52c11f,trap_penalty_q_learning_10,q_learning,eval,5,456,risk,5,5,0.1,0.9,0.0,default,100,9.7,4,1,1,0,0,,
trap_penalty_q_learning_10_q_learning_456_eb52c11f,trap_penalty_q_learning_10,q_learning,eval,6,456,risk,5,5,0.1,0.9,0.0,default,100,9.7,4,1,1,0,0,,
trap_penalty_q_learning_10_q_learning_456_eb52c11f,trap_penalty_q_learning_10,q_learning,eval,7,456,risk,5,5,0.1,0.9,0.0,default,100,9.7,4,1,1,0,0,,
trap_penalty_q_learning_10_q_learning_456_eb52c11f,trap_penalty_q_learning_10,q_learning,eval,8,456,risk,5,5,0.1,0.9,0.0,default,100,9.7,4,1,1,0,0,,
trap_penalty_q_learning_10_q_learning_456_eb52c11f,trap_penalty_q_learning_10,q_learning,eval,9,456,risk,5,5,0.1,0.9,0.0,default,100,9.7,4,1,1,0,0,,
trap_penalty_q_learning_10_q_learning_456_eb52c11f,trap_penalty_q_learning_10,q_learning,eval,10,456,risk,5,5,0.1,0.9,0.0,default,100,9.7,4,1,1,0,0,,
trap_penalty_q_learning_10_q_learning_456_eb52c11f,trap_penalty_q_learning_10,q_learning,eval,1,456,risk,5,5,0.1,0.9,0.0,default,100,9.7,4,1,1,0,0,,
trap_penalty_q_learning_10_q_learning_456_eb52c11f,trap_penalty_q_learning_10,q_learning,eval,2,456,risk,5,5,0.1,0.9,0.0,default,100,9.7,4,1,1,0,0,,
trap_penalty_q_learning_10_q_learning_456_eb52c11f,trap_penalty_q_learning_10,q_learning,eval,3,456,risk,5,5,0.1,0.9,0.0,default,100,9.7,4,1,1,0,0,,
trap_penalty_q_learning_10_q_learning_456_eb52c11f,trap_penalty_q_learning_10,q_learning,eval,4,456,risk,5,5,0.1,0.9,0.0,default,100,9.7,4,1,1,0,0,,
trap_penalty_q_learning_10_q_learning_456_eb52c11f,trap_penalty_q_learning_10,q_learning,eval,5,456,risk,5,5,0.1,0.9,0.0,default,100,9.7,4,1,1,0,0,,
trap_penalty_q_learning_10_q_learning_456_eb52c11f,trap_penalty_q_learning_10,q_learning,eval,6,456,risk,5,5,0.1,0.9,0.0,default,100,9.7,4,1,1,0,0,,
trap_penalty_q_learning_10_q_learning_456_eb52c11f,trap_penalty_q_learning_10,q_learning,eval,7,456,risk,5,5,0.1,0.9,0.0,default,100,9.7,4,1,1,0,0,,
trap_penalty_q_learning_10_q_learning_456_eb52c11f,trap_penalty_q_learning_10,q_learning,eval,8,456,risk,5,5,0.1,0.9,0.0,default,100,9.7,4,1,1,0,0,,
trap_penalty_q_learning_10_q_learning_456_eb52c11f,trap_penalty_q_learning_10,q_learning,eval,9,456,risk,5,5,0.1,0.9,0.0,default,100,9.7,4,1,1,0,0,,
trap_penalty_q_learning_10_q_learning_456_eb52c11f,trap_penalty_q_learning_10,q_learning,eval,10,456,risk,5,5,0.1,0.9,0.0,default,100,9.7,4,1,1,0,0,,
trap_penalty_q_learning_10_q_learning_456_eb52c11f,trap_penalty_q_learning_10,q_learning,eval,1,456,risk,5,5,0.1,0.9,0.0,default,100,9.7,4,1,1,0,0,,
trap_penalty_q_learning_10_q_learning_456_eb52c11f,trap_penalty_q_learning_10,q_learning,eval,2,456,risk,5,5,0.1,0.9,0.0,default,100,9.7,4,1,1,0,0,,
trap_penalty_q_learning_10_q_learning_456_eb52c11f,trap_penalty_q_learning_10,q_learning,eval,3,456,risk,5,5,0.1,0.9,0.0,default,100,9.7,4,1,1,0,0,,
trap_penalty_q_learning_10_q_learning_456_eb52c11f,trap_penalty_q_learning_10,q_learning,eval,4,456,risk,5,5,0.1,0.9,0.0,default,100,9.7,4,1,1,0,0,,
trap_penalty_q_learning_10_q_learning_456_eb52c11f,trap_penalty_q_learning_10,q_learning,eval,5,456,risk,5,5,0.1,0.9,0.0,default,100,9.7,4,1,1,0,0,,
trap_penalty_q_learning_10_q_learning_456_eb52c11f,trap_penalty_q_learning_10,q_learning,eval,6,456,risk,5,5,0.1,0.9,0.0,default,100,9.7,4,1,1,0,0,,
trap_penalty_q_learning_10_q_learning_456_eb52c11f,trap_penalty_q_learning_10,q_learning,eval,7,456,risk,5,5,0.1,0.9,0.0,default,100,9.7,4,1,1,0,0,,
trap_penalty_q_learning_10_q_learning_456_eb52c11f,trap_penalty_q_learning_10,q_learning,eval,8,456,risk,5,5,0.1,0.9,0.0,default,100,9.7,4,1,1,0,0,,
trap_penalty_q_learning_10_q_learning_456_eb52c11f,trap_penalty_q_learning_10,q_learning,eval,9,456,risk,5,5,0.1,0.9,0.0,default,100,9.7,4,1,1,0,0,,
trap_penalty_q_learning_10_q_learning_456_eb52c11f,trap_penalty_q_learning_10,q_learning,eval,10,456,risk,5,5,0.1,0.9,0.0,default,100,9.7,4,1,1,0,0,,
trap_penalty_q_learning_10_q_learning_456_eb52c11f,trap_penalty_q_learning_10,q_learning,eval,1,456,risk,5,5,0.1,0.9,0.0,default,100,9.7,4,1,1,0,0,,
trap_penalty_q_learning_10_q_learning_456_eb52c11f,trap_penalty_q_learning_10,q_learning,eval,2,456,risk,5,5,0.1,0.9,0.0,default,100,9.7,4,1,1,0,0,,
trap_penalty_q_learning_10_q_learning_456_eb52c11f,trap_penalty_q_learning_10,q_learning,eval,3,456,risk,5,5,0.1,0.9,0.0,default,100,9.7,4,1,1,0,0,,
trap_penalty_q_learning_10_q_learning_456_eb52c11f,trap_penalty_q_learning_10,q_learning,eval,4,456,risk,5,5,0.1,0.9,0.0,default,100,9.7,4,1,1,0,0,,
trap_penalty_q_learning_10_q_learning_456_eb52c11f,trap_penalty_q_learning_10,q_learning,eval,5,456,risk,5,5,0.1,0.9,0.0,default,100,9.7,4,1,1,0,0,,
trap_penalty_q_learning_10_q_learning_456_eb52c11f,trap_penalty_q_learning_10,q_learning,eval,6,456,risk,5,5,0.1,0.9,0.0,default,100,9.7,4,1,1,0,0,,
trap_penalty_q_learning_10_q_learning_456_eb52c11f,trap_penalty_q_learning_10,q_learning,eval,7,456,risk,5,5,0.1,0.9,0.0,default,100,9.7,4,1,1,0,0,,
trap_penalty_q_learning_10_q_learning_456_eb52c11f,trap_penalty_q_learning_10,q_learning,eval,8,456,risk,5,5,0.1,0.9,0.0,default,100,9.7,4,1,1,0,0,,
trap_penalty_q_learning_10_q_learning_456_eb52c11f,trap_penalty_q_learning_10,q_learning,eval,9,456,risk,5,5,0.1,0.9,0.0,default,100,9.7,4,1,1,0,0,,
trap_penalty_q_learning_10_q_learning_456_eb52c11f,trap_penalty_q_learning_10,q_learning,eval,10,456,risk,5,5,0.1,0.9,0.0,default,100,9.7,4,1,1,0,0,,
trap_penalty_q_learning_10_q_learning_456_eb52c11f,trap_penalty_q_learning_10,q_learning,eval,1,456,risk,5,5,0.1,0.9,0.0,default,100,9.7,4,1,1,0,0,,
trap_penalty_q_learning_10_q_learning_456_eb52c11f,trap_penalty_q_learning_10,q_learning,eval,2,456,risk,5,5,0.1,0.9,0.0,default,100,9.7,4,1,1,0,0,,
trap_penalty_q_learning_10_q_learning_456_eb52c11f,trap_penalty_q_learning_10,q_learning,eval,3,456,risk,5,5,0.1,0.9,0.0,default,100,9.7,4,1,1,0,0,,
trap_penalty_q_learning_10_q_learning_456_eb52c11f,trap_penalty_q_learning_10,q_learning,eval,4,456,risk,5,5,0.1,0.9,0.0,default,100,9.7,4,1,1,0,0,,
trap_penalty_q_learning_10_q_learning_456_eb52c11f,trap_penalty_q_learning_10,q_learning,eval,5,456,risk,5,5,0.1,0.9,0.0,default,100,9.7,4,1,1,0,0,,
trap_penalty_q_learning_10_q_learning_456_eb52c11f,trap_penalty_q_learning_10,q_learning,eval,6,456,risk,5,5,0.1,0.9,0.0,default,100,9.7,4,1,1,0,0,,
trap_penalty_q_learning_10_q_learning_456_eb52c11f,trap_penalty_q_learning_10,q_learning,eval,7,456,risk,5,5,0.1,0.9,0.0,default,100,9.7,4,1,1,0,0,,
trap_penalty_q_learning_10_q_learning_456_eb52c11f,trap_penalty_q_learning_10,q_learning,eval,8,456,risk,5,5,0.1,0.9,0.0,default,100,9.7,4,1,1,0,0,,
trap_penalty_q_learning_10_q_learning_456_eb52c11f,trap_penalty_q_learning_10,q_learning,eval,9,456,risk,5,5,0.1,0.9,0.0,default,100,9.7,4,1,1,0,0,,
trap_penalty_q_learning_10_q_learning_456_eb52c11f,trap_penalty_q_learning_10,q_learning,eval,10,456,risk,5,5,0.1,0.9,0.0,default,100,9.7,4,1,1,0,0,,
trap_penalty_q_learning_10_q_learning_456_eb52c11f,trap_penalty_q_learning_10,q_learning,eval,1,456,risk,5,5,0.1,0.9,0.0,default,100,9.7,4,1,1,0,0,,
trap_penalty_q_learning_10_q_learning_456_eb52c11f,trap_penalty_q_learning_10,q_learning,eval,2,456,risk,5,5,0.1,0.9,0.0,default,100,9.7,4,1,1,0,0,,
trap_penalty_q_learning_10_q_learning_456_eb52c11f,trap_penalty_q_learning_10,q_learning,eval,3,456,risk,5,5,0.1,0.9,0.0,default,100,9.7,4,1,1,0,0,,
trap_penalty_q_learning_10_q_learning_456_eb52c11f,trap_penalty_q_learning_10,q_learning,eval,4,456,risk,5,5,0.1,0.9,0.0,default,100,9.7,4,1,1,0,0,,
trap_penalty_q_learning_10_q_learning_456_eb52c11f,trap_penalty_q_learning_10,q_learning,eval,5,456,risk,5,5,0.1,0.9,0.0,default,100,9.7,4,1,1,0,0,,
trap_penalty_q_learning_10_q_learning_456_eb52c11f,trap_penalty_q_learning_10,q_learning,eval,6,456,risk,5,5,0.1,0.9,0.0,default,100,9.7,4,1,1,0,0,,
trap_penalty_q_learning_10_q_learning_456_eb52c11f,trap_penalty_q_learning_10,q_learning,eval,7,456,risk,5,5,0.1,0.9,0.0,default,100,9.7,4,1,1,0,0,,
trap_penalty_q_learning_10_q_learning_456_eb52c11f,trap_penalty_q_learning_10,q_learning,eval,8,456,risk,5,5,0.1,0.9,0.0,default,100,9.7,4,1,1,0,0,,
trap_penalty_q_learning_10_q_learning_456_eb52c11f,trap_penalty_q_learning_10,q_learning,eval,9,456,risk,5,5,0.1,0.9,0.0,default,100,9.7,4,1,1,0,0,,
trap_penalty_q_learning_10_q_learning_456_eb52c11f,trap_penalty_q_learning_10,q_learning,eval,10,456,risk,5,5,0.1,0.9,0.0,default,100,9.7,4,1,1,0,0,,
trap_penalty_q_learning_10_q_learning_456_eb52c11f,trap_penalty_q_learning_10,q_learning,eval,1,456,risk,5,5,0.1,0.9,0.0,default,100,9.7,4,1,1,0,0,,
trap_penalty_q_learning_10_q_learning_456_eb52c11f,trap_penalty_q_learning_10,q_learning,eval,2,456,risk,5,5,0.1,0.9,0.0,default,100,9.7,4,1,1,0,0,,
trap_penalty_q_learning_10_q_learning_456_eb52c11f,trap_penalty_q_learning_10,q_learning,eval,3,456,risk,5,5,0.1,0.9,0.0,default,100,9.7,4,1,1,0,0,,
trap_penalty_q_learning_10_q_learning_456_eb52c11f,trap_penalty_q_learning_10,q_learning,eval,4,456,risk,5,5,0.1,0.9,0.0,default,100,9.7,4,1,1,0,0,,
trap_penalty_q_learning_10_q_learning_456_eb52c11f,trap_penalty_q_learning_10,q_learning,eval,5,456,risk,5,5,0.1,0.9,0.0,default,100,9.7,4,1,1,0,0,,
trap_penalty_q_learning_10_q_learning_456_eb52c11f,trap_penalty_q_learning_10,q_learning,eval,6,456,risk,5,5,0.1,0.9,0.0,default,100,9.7,4,1,1,0,0,,
trap_penalty_q_learning_10_q_learning_456_eb52c11f,trap_penalty_q_learning_10,q_learning,eval,7,456,risk,5,5,0.1,0.9,0.0,default,100,9.7,4,1,1,0,0,,
trap_penalty_q_learning_10_q_learning_456_eb52c11f,trap_penalty_q_learning_10,q_learning,eval,8,456,risk,5,5,0.1,0.9,0.0,default,100,9.7,4,1,1,0,0,,
trap_penalty_q_learning_10_q_learning_456_eb52c11f,trap_penalty_q_learning_10,q_learning,eval,9,456,risk,5,5,0.1,0.9,0.0,default,100,9.7,4,1,1,0,0,,
trap_penalty_q_learning_10_q_learning_456_eb52c11f,trap_penalty_q_learning_10,q_learning,eval,10,456,risk,5,5,0.1,0.9,0.0,default,100,9.7,4,1,1,0,0,,
trap_penalty_q_learning_10_q_learning_456_eb52c11f,trap_penalty_q_learning_10,q_learning,eval,1,456,risk,5,5,0.1,0.9,0.0,default,100,9.7,4,1,1,0,0,,
trap_penalty_q_learning_10_q_learning_456_eb52c11f,trap_penalty_q_learning_10,q_learning,eval,2,456,risk,5,5,0.1,0.9,0.0,default,100,9.7,4,1,1,0,0,,
trap_penalty_q_learning_10_q_learning_456_eb52c11f,trap_penalty_q_learning_10,q_learning,eval,3,456,risk,5,5,0.1,0.9,0.0,default,100,9.7,4,1,1,0,0,,
trap_penalty_q_learning_10_q_learning_456_eb52c11f,trap_penalty_q_learning_10,q_learning,eval,4,456,risk,5,5,0.1,0.9,0.0,default,100,9.7,4,1,1,0,0,,
trap_penalty_q_learning_10_q_learning_456_eb52c11f,trap_penalty_q_learning_10,q_learning,eval,5,456,risk,5,5,0.1,0.9,0.0,default,100,9.7,4,1,1,0,0,,
trap_penalty_q_learning_10_q_learning_456_eb52c11f,trap_penalty_q_learning_10,q_learning,eval,6,456,risk,5,5,0.1,0.9,0.0,default,100,9.7,4,1,1,0,0,,
trap_penalty_q_learning_10_q_learning_456_eb52c11f,trap_penalty_q_learning_10,q_learning,eval,7,456,risk,5,5,0.1,0.9,0.0,default,100,9.7,4,1,1,0,0,,
trap_penalty_q_learning_10_q_learning_456_eb52c11f,trap_penalty_q_learning_10,q_learning,eval,8,456,risk,5,5,0.1,0.9,0.0,default,100,9.7,4,1,1,0,0,,
trap_penalty_q_learning_10_q_learning_456_eb52c11f,trap_penalty_q_learning_10,q_learning,eval,9,456,risk,5,5,0.1,0.9,0.0,default,100,9.7,4,1,1,0,0,,
trap_penalty_q_learning_10_q_learning_456_eb52c11f,trap_penalty_q_learning_10,q_learning,eval,10,456,risk,5,5,0.1,0.9,0.0,default,100,9.7,4,1,1,0,0,,
trap_penalty_q_learning_10_q_learning_456_eb52c11f,trap_penalty_q_learning_10,q_learning,eval,1,456,risk,5,5,0.1,0.9,0.0,default,100,9.7,4,1,1,0,0,,
trap_penalty_q_learning_10_q_learning_456_eb52c11f,trap_penalty_q_learning_10,q_learning,eval,2,456,risk,5,5,0.1,0.9,0.0,default,100,9.7,4,1,1,0,0,,
trap_penalty_q_learning_10_q_learning_456_eb52c11f,trap_penalty_q_learning_10,q_learning,eval,3,456,risk,5,5,0.1,0.9,0.0,default,100,9.7,4,1,1,0,0,,
trap_penalty_q_learning_10_q_learning_456_eb52c11f,trap_penalty_q_learning_10,q_learning,eval,4,456,risk,5,5,0.1,0.9,0.0,default,100,9.7,4,1,1,0,0,,
trap_penalty_q_learning_10_q_learning_456_eb52c11f,trap_penalty_q_learning_10,q_learning,eval,5,456,risk,5,5,0.1,0.9,0.0,default,100,9.7,4,1,1,0,0,,
trap_penalty_q_learning_10_q_learning_456_eb52c11f,trap_penalty_q_learning_10,q_learning,eval,6,456,risk,5,5,0.1,0.9,0.0,default,100,9.7,4,1,1,0,0,,
trap_penalty_q_learning_10_q_learning_456_eb52c11f,trap_penalty_q_learning_10,q_learning,eval,7,456,risk,5,5,0.1,0.9,0.0,default,100,9.7,4,1,1,0,0,,
trap_penalty_q_learning_10_q_learning_456_eb52c11f,trap_penalty_q_learning_10,q_learning,eval,8,456,risk,5,5,0.1,0.9,0.0,default,100,9.7,4,1,1,0,0,,
trap_penalty_q_learning_10_q_learning_456_eb52c11f,trap_penalty_q_learning_10,q_learning,eval,9,456,risk,5,5,0.1,0.9,0.0,default,100,9.7,4,1,1,0,0,,
trap_penalty_q_learning_10_q_learning_456_eb52c11f,trap_penalty_q_learning_10,q_learning,eval,10,456,risk,5,5,0.1,0.9,0.0,default,100,9.7,4,1,1,0,0,,
trap_penalty_q_learning_10_q_learning_456_eb52c11f,trap_penalty_q_learning_10,q_learning,eval,1,456,risk,5,5,0.1,0.9,0.0,default,100,9.7,4,1,1,0,0,,
trap_penalty_q_learning_10_q_learning_456_eb52c11f,trap_penalty_q_learning_10,q_learning,eval,2,456,risk,5,5,0.1,0.9,0.0,default,100,9.7,4,1,1,0,0,,
trap_penalty_q_learning_10_q_learning_456_eb52c11f,trap_penalty_q_learning_10,q_learning,eval,3,456,risk,5,5,0.1,0.9,0.0,default,100,9.7,4,1,1,0,0,,
trap_penalty_q_learning_10_q_learning_456_eb52c11f,trap_penalty_q_learning_10,q_learning,eval,4,456,risk,5,5,0.1,0.9,0.0,default,100,9.7,4,1,1,0,0,,
trap_penalty_q_learning_10_q_learning_456_eb52c11f,trap_penalty_q_learning_10,q_learning,eval,5,456,risk,5,5,0.1,0.9,0.0,default,100,9.7,4,1,1,0,0,,
trap_penalty_q_learning_10_q_learning_456_eb52c11f,trap_penalty_q_learning_10,q_learning,eval,6,456,risk,5,5,0.1,0.9,0.0,default,100,9.7,4,1,1,0,0,,
trap_penalty_q_learning_10_q_learning_456_eb52c11f,trap_penalty_q_learning_10,q_learning,eval,7,456,risk,5,5,0.1,0.9,0.0,default,100,9.7,4,1,1,0,0,,
trap_penalty_q_learning_10_q_learning_456_eb52c11f,trap_penalty_q_learning_10,q_learning,eval,8,456,risk,5,5,0.1,0.9,0.0,default,100,9.7,4,1,1,0,0,,
trap_penalty_q_learning_10_q_learning_456_eb52c11f,trap_penalty_q_learning_10,q_learning,eval,9,456,risk,5,5,0.1,0.9,0.0,default,100,9.7,4,1,1,0,0,,
trap_penalty_q_learning_10_q_learning_456_eb52c11f,trap_penalty_q_learning_10,q_learning,eval,10,456,risk,5,5,0.1,0.9,0.0,default,100,9.7,4,1,1,0,0,,
trap_penalty_q_learning_10_q_learning_456_eb52c11f,trap_penalty_q_learning_10,q_learning,eval,1,456,risk,5,5,0.1,0.9,0.0,default,100,9.7,4,1,1,0,0,,
trap_penalty_q_learning_10_q_learning_456_eb52c11f,trap_penalty_q_learning_10,q_learning,eval,2,456,risk,5,5,0.1,0.9,0.0,default,100,9.7,4,1,1,0,0,,
trap_penalty_q_learning_10_q_learning_456_eb52c11f,trap_penalty_q_learning_10,q_learning,eval,3,456,risk,5,5,0.1,0.9,0.0,default,100,9.7,4,1,1,0,0,,
trap_penalty_q_learning_10_q_learning_456_eb52c11f,trap_penalty_q_learning_10,q_learning,eval,4,456,risk,5,5,0.1,0.9,0.0,default,100,9.7,4,1,1,0,0,,
trap_penalty_q_learning_10_q_learning_456_eb52c11f,trap_penalty_q_learning_10,q_learning,eval,5,456,risk,5,5,0.1,0.9,0.0,default,100,9.7,4,1,1,0,0,,
trap_penalty_q_learning_10_q_learning_456_eb52c11f,trap_penalty_q_learning_10,q_learning,eval,6,456,risk,5,5,0.1,0.9,0.0,default,100,9.7,4,1,1,0,0,,
trap_penalty_q_learning_10_q_learning_456_eb52c11f,trap_penalty_q_learning_10,q_learning,eval,7,456,risk,5,5,0.1,0.9,0.0,default,100,9.7,4,1,1,0,0,,
trap_penalty_q_learning_10_q_learning_456_eb52c11f,trap_penalty_q_learning_10,q_learning,eval,8,456,risk,5,5,0.1,0.9,0.0,default,100,9.7,4,1,1,0,0,,
trap_penalty_q_learning_10_q_learning_456_eb52c11f,trap_penalty_q_learning_10,q_learning,eval,9,456,risk,5,5,0.1,0.9,0.0,default,100,9.7,4,1,1,0,0,,
trap_penalty_q_learning_10_q_learning_456_eb52c11f,trap_penalty_q_learning_10,q_learning,eval,10,456,risk,5,5,0.1,0.9,0.0,default,100,9.7,4,1,1,0,0,,
trap_penalty_q_learning_10_q_learning_456_eb52c11f,trap_penalty_q_learning_10,q_learning,eval,1,456,risk,5,5,0.1,0.9,0.0,default,100,9.7,4,1,1,0,0,,
trap_penalty_q_learning_10_q_learning_456_eb52c11f,trap_penalty_q_learning_10,q_learning,eval,2,456,risk,5,5,0.1,0.9,0.0,default,100,9.7,4,1,1,0,0,,
trap_penalty_q_learning_10_q_learning_456_eb52c11f,trap_penalty_q_learning_10,q_learning,eval,3,456,risk,5,5,0.1,0.9,0.0,default,100,9.7,4,1,1,0,0,,
trap_penalty_q_learning_10_q_learning_456_eb52c11f,trap_penalty_q_learning_10,q_learning,eval,4,456,risk,5,5,0.1,0.9,0.0,default,100,9.7,4,1,1,0,0,,
trap_penalty_q_learning_10_q_learning_456_eb52c11f,trap_penalty_q_learning_10,q_learning,eval,5,456,risk,5,5,0.1,0.9,0.0,default,100,9.7,4,1,1,0,0,,
trap_penalty_q_learning_10_q_learning_456_eb52c11f,trap_penalty_q_learning_10,q_learning,eval,6,456,risk,5,5,0.1,0.9,0.0,default,100,9.7,4,1,1,0,0,,
trap_penalty_q_learning_10_q_learning_456_eb52c11f,trap_penalty_q_learning_10,q_learning,eval,7,456,risk,5,5,0.1,0.9,0.0,default,100,9.7,4,1,1,0,0,,
trap_penalty_q_learning_10_q_learning_456_eb52c11f,trap_penalty_q_learning_10,q_learning,eval,8,456,risk,5,5,0.1,0.9,0.0,default,100,9.7,4,1,1,0,0,,
trap_penalty_q_learning_10_q_learning_456_eb52c11f,trap_penalty_q_learning_10,q_learning,eval,9,456,risk,5,5,0.1,0.9,0.0,default,100,9.7,4,1,1,0,0,,
trap_penalty_q_learning_10_q_learning_456_eb52c11f,trap_penalty_q_learning_10,q_learning,eval,10,456,risk,5,5,0.1,0.9,0.0,default,100,9.7,4,1,1,0,0,,
trap_penalty_q_learning_10_q_learning_456_eb52c11f,trap_penalty_q_learning_10,q_learning,eval,1,456,risk,5,5,0.1,0.9,0.0,default,100,9.7,4,1,1,0,0,,
trap_penalty_q_learning_10_q_learning_456_eb52c11f,trap_penalty_q_learning_10,q_learning,eval,2,456,risk,5,5,0.1,0.9,0.0,default,100,9.7,4,1,1,0,0,,
trap_penalty_q_learning_10_q_learning_456_eb52c11f,trap_penalty_q_learning_10,q_learning,eval,3,456,risk,5,5,0.1,0.9,0.0,default,100,9.7,4,1,1,0,0,,
trap_penalty_q_learning_10_q_learning_456_eb52c11f,trap_penalty_q_learning_10,q_learning,eval,4,456,risk,5,5,0.1,0.9,0.0,default,100,9.7,4,1,1,0,0,,
trap_penalty_q_learning_10_q_learning_456_eb52c11f,trap_penalty_q_learning_10,q_learning,eval,5,456,risk,5,5,0.1,0.9,0.0,default,100,9.7,4,1,1,0,0,,
trap_penalty_q_learning_10_q_learning_456_eb52c11f,trap_penalty_q_learning_10,q_learning,eval,6,456,risk,5,5,0.1,0.9,0.0,default,100,9.7,4,1,1,0,0,,
trap_penalty_q_learning_10_q_learning_456_eb52c11f,trap_penalty_q_learning_10,q_learning,eval,7,456,risk,5,5,0.1,0.9,0.0,default,100,9.7,4,1,1,0,0,,
trap_penalty_q_learning_10_q_learning_456_eb52c11f,trap_penalty_q_learning_10,q_learning,eval,8,456,risk,5,5,0.1,0.9,0.0,default,100,9.7,4,1,1,0,0,,
trap_penalty_q_learning_10_q_learning_456_eb52c11f,trap_penalty_q_learning_10,q_learning,eval,9,456,risk,5,5,0.1,0.9,0.0,default,100,9.7,4,1,1,0,0,,
trap_penalty_q_learning_10_q_learning_456_eb52c11f,trap_penalty_q_learning_10,q_learning,eval,10,456,risk,5,5,0.1,0.9,0.0,default,100,9.7,4,1,1,0,0,,
trap_penalty_q_learning_10_q_learning_456_eb52c11f,trap_penalty_q_learning_10,q_learning,eval,1,456,risk,5,5,0.1,0.9,0.0,default,100,9.7,4,1,1,0,0,,
trap_penalty_q_learning_10_q_learning_456_eb52c11f,trap_penalty_q_learning_10,q_learning,eval,2,456,risk,5,5,0.1,0.9,0.0,default,100,9.7,4,1,1,0,0,,
trap_penalty_q_learning_10_q_learning_456_eb52c11f,trap_penalty_q_learning_10,q_learning,eval,3,456,risk,5,5,0.1,0.9,0.0,default,100,9.7,4,1,1,0,0,,
trap_penalty_q_learning_10_q_learning_456_eb52c11f,trap_penalty_q_learning_10,q_learning,eval,4,456,risk,5,5,0.1,0.9,0.0,default,100,9.7,4,1,1,0,0,,
trap_penalty_q_learning_10_q_learning_456_eb52c11f,trap_penalty_q_learning_10,q_learning,eval,5,456,risk,5,5,0.1,0.9,0.0,default,100,9.7,4,1,1,0,0,,
trap_penalty_q_learning_10_q_learning_456_eb52c11f,trap_penalty_q_learning_10,q_learning,eval,6,456,risk,5,5,0.1,0.9,0.0,default,100,9.7,4,1,1,0,0,,
trap_penalty_q_learning_10_q_learning_456_eb52c11f,trap_penalty_q_learning_10,q_learning,eval,7,456,risk,5,5,0.1,0.9,0.0,default,100,9.7,4,1,1,0,0,,
trap_penalty_q_learning_10_q_learning_456_eb52c11f,trap_penalty_q_learning_10,q_learning,eval,8,456,risk,5,5,0.1,0.9,0.0,default,100,9.7,4,1,1,0,0,,
trap_penalty_q_learning_10_q_learning_456_eb52c11f,trap_penalty_q_learning_10,q_learning,eval,9,456,risk,5,5,0.1,0.9,0.0,default,100,9.7,4,1,1,0,0,,
trap_penalty_q_learning_10_q_learning_456_eb52c11f,trap_penalty_q_learning_10,q_learning,eval,10,456,risk,5,5,0.1,0.9,0.0,default,100,9.7,4,1,1,0,0,,
trap_penalty_q_learning_10_q_learning_456_eb52c11f,trap_penalty_q_learning_10,q_learning,eval,1,456,risk,5,5,0.1,0.9,0.0,default,100,9.7,4,1,1,0,0,,
trap_penalty_q_learning_10_q_learning_456_eb52c11f,trap_penalty_q_learning_10,q_learning,eval,2,456,risk,5,5,0.1,0.9,0.0,default,100,9.7,4,1,1,0,0,,
trap_penalty_q_learning_10_q_learning_456_eb52c11f,trap_penalty_q_learning_10,q_learning,eval,3,456,risk,5,5,0.1,0.9,0.0,default,100,9.7,4,1,1,0,0,,
trap_penalty_q_learning_10_q_learning_456_eb52c11f,trap_penalty_q_learning_10,q_learning,eval,4,456,risk,5,5,0.1,0.9,0.0,default,100,9.7,4,1,1,0,0,,
trap_penalty_q_learning_10_q_learning_456_eb52c11f,trap_penalty_q_learning_10,q_learning,eval,5,456,risk,5,5,0.1,0.9,0.0,default,100,9.7,4,1,1,0,0,,
trap_penalty_q_learning_10_q_learning_456_eb52c11f,trap_penalty_q_learning_10,q_learning,eval,6,456,risk,5,5,0.1,0.9,0.0,default,100,9.7,4,1,1,0,0,,
trap_penalty_q_learning_10_q_learning_456_eb52c11f,trap_penalty_q_learning_10,q_learning,eval,7,456,risk,5,5,0.1,0.9,0.0,default,100,9.7,4,1,1,0,0,,
trap_penalty_q_learning_10_q_learning_456_eb52c11f,trap_penalty_q_learning_10,q_learning,eval,8,456,risk,5,5,0.1,0.9,0.0,default,100,9.7,4,1,1,0,0,,
trap_penalty_q_learning_10_q_learning_456_eb52c11f,trap_penalty_q_learning_10,q_learning,eval,9,456,risk,5,5,0.1,0.9,0.0,default,100,9.7,4,1,1,0,0,,
trap_penalty_q_learning_10_q_learning_456_eb52c11f,trap_penalty_q_learning_10,q_learning,eval,10,456,risk,5,5,0.1,0.9,0.0,default,100,9.7,4,1,1,0,0,,
trap_penalty_q_learning_10_q_learning_456_eb52c11f,trap_penalty_q_learning_10,q_learning,eval,1,456,risk,5,5,0.1,0.9,0.0,default,100,9.7,4,1,1,0,0,,
trap_penalty_q_learning_10_q_learning_456_eb52c11f,trap_penalty_q_learning_10,q_learning,eval,2,456,risk,5,5,0.1,0.9,0.0,default,100,9.7,4,1,1,0,0,,
trap_penalty_q_learning_10_q_learning_456_eb52c11f,trap_penalty_q_learning_10,q_learning,eval,3,456,risk,5,5,0.1,0.9,0.0,default,100,9.7,4,1,1,0,0,,
trap_penalty_q_learning_10_q_learning_456_eb52c11f,trap_penalty_q_learning_10,q_learning,eval,4,456,risk,5,5,0.1,0.9,0.0,default,100,9.7,4,1,1,0,0,,
trap_penalty_q_learning_10_q_learning_456_eb52c11f,trap_penalty_q_learning_10,q_learning,eval,5,456,risk,5,5,0.1,0.9,0.0,default,100,9.7,4,1,1,0,0,,
trap_penalty_q_learning_10_q_learning_456_eb52c11f,trap_penalty_q_learning_10,q_learning,eval,6,456,risk,5,5,0.1,0.9,0.0,default,100,9.7,4,1,1,0,0,,
trap_penalty_q_learning_10_q_learning_456_eb52c11f,trap_penalty_q_learning_10,q_learning,eval,7,456,risk,5,5,0.1,0.9,0.0,default,100,9.7,4,1,1,0,0,,
trap_penalty_q_learning_10_q_learning_456_eb52c11f,trap_penalty_q_learning_10,q_learning,eval,8,456,risk,5,5,0.1,0.9,0.0,default,100,9.7,4,1,1,0,0,,
trap_penalty_q_learning_10_q_learning_456_eb52c11f,trap_penalty_q_learning_10,q_learning,eval,9,456,risk,5,5,0.1,0.9,0.0,default,100,9.7,4,1,1,0,0,,
trap_penalty_q_learning_10_q_learning_456_eb52c11f,trap_penalty_q_learning_10,q_learning,eval,10,456,risk,5,5,0.1,0.9,0.0,default,100,9.7,4,1,1,0,0,,
trap_penalty_q_learning_10_q_learning_456_eb52c11f,trap_penalty_q_learning_10,q_learning,eval,1,456,risk,5,5,0.1,0.9,0.0,default,100,9.7,4,1,1,0,0,,
trap_penalty_q_learning_10_q_learning_456_eb52c11f,trap_penalty_q_learning_10,q_learning,eval,2,456,risk,5,5,0.1,0.9,0.0,default,100,9.7,4,1,1,0,0,,
trap_penalty_q_learning_10_q_learning_456_eb52c11f,trap_penalty_q_learning_10,q_learning,eval,3,456,risk,5,5,0.1,0.9,0.0,default,100,9.7,4,1,1,0,0,,
trap_penalty_q_learning_10_q_learning_456_eb52c11f,trap_penalty_q_learning_10,q_learning,eval,4,456,risk,5,5,0.1,0.9,0.0,default,100,9.7,4,1,1,0,0,,
trap_penalty_q_learning_10_q_learning_456_eb52c11f,trap_penalty_q_learning_10,q_learning,eval,5,456,risk,5,5,0.1,0.9,0.0,default,100,9.7,4,1,1,0,0,,
trap_penalty_q_learning_10_q_learning_456_eb52c11f,trap_penalty_q_learning_10,q_learning,eval,6,456,risk,5,5,0.1,0.9,0.0,default,100,9.7,4,1,1,0,0,,
trap_penalty_q_learning_10_q_learning_456_eb52c11f,trap_penalty_q_learning_10,q_learning,eval,7,456,risk,5,5,0.1,0.9,0.0,default,100,9.7,4,1,1,0,0,,
trap_penalty_q_learning_10_q_learning_456_eb52c11f,trap_penalty_q_learning_10,q_learning,eval,8,456,risk,5,5,0.1,0.9,0.0,default,100,9.7,4,1,1,0,0,,
trap_penalty_q_learning_10_q_learning_456_eb52c11f,trap_penalty_q_learning_10,q_learning,eval,9,456,risk,5,5,0.1,0.9,0.0,default,100,9.7,4,1,1,0,0,,
trap_penalty_q_learning_10_q_learning_456_eb52c11f,trap_penalty_q_learning_10,q_learning,eval,10,456,risk,5,5,0.1,0.9,0.0,default,100,9.7,4,1,1,0,0,,
trap_penalty_q_learning_10_q_learning_456_eb52c11f,trap_penalty_q_learning_10,q_learning,eval,1,456,risk,5,5,0.1,0.9,0.0,default,100,9.7,4,1,1,0,0,,
trap_penalty_q_learning_10_q_learning_456_eb52c11f,trap_penalty_q_learning_10,q_learning,eval,2,456,risk,5,5,0.1,0.9,0.0,default,100,9.7,4,1,1,0,0,,
trap_penalty_q_learning_10_q_learning_456_eb52c11f,trap_penalty_q_learning_10,q_learning,eval,3,456,risk,5,5,0.1,0.9,0.0,default,100,9.7,4,1,1,0,0,,
trap_penalty_q_learning_10_q_learning_456_eb52c11f,trap_penalty_q_learning_10,q_learning,eval,4,456,risk,5,5,0.1,0.9,0.0,default,100,9.7,4,1,1,0,0,,
trap_penalty_q_learning_10_q_learning_456_eb52c11f,trap_penalty_q_learning_10,q_learning,eval,5,456,risk,5,5,0.1,0.9,0.0,default,100,9.7,4,1,1,0,0,,
trap_penalty_q_learning_10_q_learning_456_eb52c11f,trap_penalty_q_learning_10,q_learning,eval,6,456,risk,5,5,0.1,0.9,0.0,default,100,9.7,4,1,1,0,0,,
trap_penalty_q_learning_10_q_learning_456_eb52c11f,trap_penalty_q_learning_10,q_learning,eval,7,456,risk,5,5,0.1,0.9,0.0,default,100,9.7,4,1,1,0,0,,
trap_penalty_q_learning_10_q_learning_456_eb52c11f,trap_penalty_q_learning_10,q_learning,eval,8,456,risk,5,5,0.1,0.9,0.0,default,100,9.7,4,1,1,0,0,,
trap_penalty_q_learning_10_q_learning_456_eb52c11f,trap_penalty_q_learning_10,q_learning,eval,9,456,risk,5,5,0.1,0.9,0.0,default,100,9.7,4,1,1,0,0,,
trap_penalty_q_learning_10_q_learning_456_eb52c11f,trap_penalty_q_learning_10,q_learning,eval,10,456,risk,5,5,0.1,0.9,0.0,default,100,9.7,4,1,1,0,0,,
trap_penalty_q_learning_10_q_learning_456_eb52c11f,trap_penalty_q_learning_10,q_learning,eval,1,456,risk,5,5,0.1,0.9,0.0,default,100,9.7,4,1,1,0,0,,
trap_penalty_q_learning_10_q_learning_456_eb52c11f,trap_penalty_q_learning_10,q_learning,eval,2,456,risk,5,5,0.1,0.9,0.0,default,100,9.7,4,1,1,0,0,,
trap_penalty_q_learning_10_q_learning_456_eb52c11f,trap_penalty_q_learning_10,q_learning,eval,3,456,risk,5,5,0.1,0.9,0.0,default,100,9.7,4,1,1,0,0,,
trap_penalty_q_learning_10_q_learning_456_eb52c11f,trap_penalty_q_learning_10,q_learning,eval,4,456,risk,5,5,0.1,0.9,0.0,default,100,9.7,4,1,1,0,0,,
trap_penalty_q_learning_10_q_learning_456_eb52c11f,trap_penalty_q_learning_10,q_learning,eval,5,456,risk,5,5,0.1,0.9,0.0,default,100,9.7,4,1,1,0,0,,
trap_penalty_q_learning_10_q_learning_456_eb52c11f,trap_penalty_q_learning_10,q_learning,eval,6,456,risk,5,5,0.1,0.9,0.0,default,100,9.7,4,1,1,0,0,,
trap_penalty_q_learning_10_q_learning_456_eb52c11f,trap_penalty_q_learning_10,q_learning,eval,7,456,risk,5,5,0.1,0.9,0.0,default,100,9.7,4,1,1,0,0,,
trap_penalty_q_learning_10_q_learning_456_eb52c11f,trap_penalty_q_learning_10,q_learning,eval,8,456,risk,5,5,0.1,0.9,0.0,default,100,9.7,4,1,1,0,0,,
trap_penalty_q_learning_10_q_learning_456_eb52c11f,trap_penalty_q_learning_10,q_learning,eval,9,456,risk,5,5,0.1,0.9,0.0,default,100,9.7,4,1,1,0,0,,
trap_penalty_q_learning_10_q_learning_456_eb52c11f,trap_penalty_q_learning_10,q_learning,eval,10,456,risk,5,5,0.1,0.9,0.0,default,100,9.7,4,1,1,0,0,,
trap_penalty_q_learning_10_q_learning_456_eb52c11f,trap_penalty_q_learning_10,q_learning,eval,1,456,risk,5,5,0.1,0.9,0.0,default,100,9.7,4,1,1,0,0,,
trap_penalty_q_learning_10_q_learning_456_eb52c11f,trap_penalty_q_learning_10,q_learning,eval,2,456,risk,5,5,0.1,0.9,0.0,default,100,9.7,4,1,1,0,0,,
trap_penalty_q_learning_10_q_learning_456_eb52c11f,trap_penalty_q_learning_10,q_learning,eval,3,456,risk,5,5,0.1,0.9,0.0,default,100,9.7,4,1,1,0,0,,
trap_penalty_q_learning_10_q_learning_456_eb52c11f,trap_penalty_q_learning_10,q_learning,eval,4,456,risk,5,5,0.1,0.9,0.0,default,100,9.7,4,1,1,0,0,,
trap_penalty_q_learning_10_q_learning_456_eb52c11f,trap_penalty_q_learning_10,q_learning,eval,5,456,risk,5,5,0.1,0.9,0.0,default,100,9.7,4,1,1,0,0,,
trap_penalty_q_learning_10_q_learning_456_eb52c11f,trap_penalty_q_learning_10,q_learning,eval,6,456,risk,5,5,0.1,0.9,0.0,default,100,9.7,4,1,1,0,0,,
trap_penalty_q_learning_10_q_learning_456_eb52c11f,trap_penalty_q_learning_10,q_learning,eval,7,456,risk,5,5,0.1,0.9,0.0,default,100,9.7,4,1,1,0,0,,
trap_penalty_q_learning_10_q_learning_456_eb52c11f,trap_penalty_q_learning_10,q_learning,eval,8,456,risk,5,5,0.1,0.9,0.0,default,100,9.7,4,1,1,0,0,,
trap_penalty_q_learning_10_q_learning_456_eb52c11f,trap_penalty_q_learning_10,q_learning,eval,9,456,risk,5,5,0.1,0.9,0.0,default,100,9.7,4,1,1,0,0,,
trap_penalty_q_learning_10_q_learning_456_eb52c11f,trap_penalty_q_learning_10,q_learning,eval,10,456,risk,5,5,0.1,0.9,0.0,default,100,9.7,4,1,1,0,0,,
trap_penalty_q_learning_10_q_learning_456_eb52c11f,trap_penalty_q_learning_10,q_learning,eval,1,456,risk,5,5,0.1,0.9,0.0,default,100,9.7,4,1,1,0,0,,
trap_penalty_q_learning_10_q_learning_456_eb52c11f,trap_penalty_q_learning_10,q_learning,eval,2,456,risk,5,5,0.1,0.9,0.0,default,100,9.7,4,1,1,0,0,,
trap_penalty_q_learning_10_q_learning_456_eb52c11f,trap_penalty_q_learning_10,q_learning,eval,3,456,risk,5,5,0.1,0.9,0.0,default,100,9.7,4,1,1,0,0,,
trap_penalty_q_learning_10_q_learning_456_eb52c11f,trap_penalty_q_learning_10,q_learning,eval,4,456,risk,5,5,0.1,0.9,0.0,default,100,9.7,4,1,1,0,0,,
trap_penalty_q_learning_10_q_learning_456_eb52c11f,trap_penalty_q_learning_10,q_learning,eval,5,456,risk,5,5,0.1,0.9,0.0,default,100,9.7,4,1,1,0,0,,
trap_penalty_q_learning_10_q_learning_456_eb52c11f,trap_penalty_q_learning_10,q_learning,eval,6,456,risk,5,5,0.1,0.9,0.0,default,100,9.7,4,1,1,0,0,,
trap_penalty_q_learning_10_q_learning_456_eb52c11f,trap_penalty_q_learning_10,q_learning,eval,7,456,risk,5,5,0.1,0.9,0.0,default,100,9.7,4,1,1,0,0,,
trap_penalty_q_learning_10_q_learning_456_eb52c11f,trap_penalty_q_learning_10,q_learning,eval,8,456,risk,5,5,0.1,0.9,0.0,default,100,9.7,4,1,1,0,0,,
trap_penalty_q_learning_10_q_learning_456_eb52c11f,trap_penalty_q_learning_10,q_learning,eval,9,456,risk,5,5,0.1,0.9,0.0,default,100,9.7,4,1,1,0,0,,
trap_penalty_q_learning_10_q_learning_456_eb52c11f,trap_penalty_q_learning_10,q_learning,eval,10,456,risk,5,5,0.1,0.9,0.0,default,100,9.7,4,1,1,0,0,,
trap_penalty_q_learning_10_q_learning_456_eb52c11f,trap_penalty_q_learning_10,q_learning,eval,1,456,risk,5,5,0.1,0.9,0.0,default,100,9.7,4,1,1,0,0,,
trap_penalty_q_learning_10_q_learning_456_eb52c11f,trap_penalty_q_learning_10,q_learning,eval,2,456,risk,5,5,0.1,0.9,0.0,default,100,9.7,4,1,1,0,0,,
trap_penalty_q_learning_10_q_learning_456_eb52c11f,trap_penalty_q_learning_10,q_learning,eval,3,456,risk,5,5,0.1,0.9,0.0,default,100,9.7,4,1,1,0,0,,
trap_penalty_q_learning_10_q_learning_456_eb52c11f,trap_penalty_q_learning_10,q_learning,eval,4,456,risk,5,5,0.1,0.9,0.0,default,100,9.7,4,1,1,0,0,,
trap_penalty_q_learning_10_q_learning_456_eb52c11f,trap_penalty_q_learning_10,q_learning,eval,5,456,risk,5,5,0.1,0.9,0.0,default,100,9.7,4,1,1,0,0,,
trap_penalty_q_learning_10_q_learning_456_eb52c11f,trap_penalty_q_learning_10,q_learning,eval,6,456,risk,5,5,0.1,0.9,0.0,default,100,9.7,4,1,1,0,0,,
trap_penalty_q_learning_10_q_learning_456_eb52c11f,trap_penalty_q_learning_10,q_learning,eval,7,456,risk,5,5,0.1,0.9,0.0,default,100,9.7,4,1,1,0,0,,
trap_penalty_q_learning_10_q_learning_456_eb52c11f,trap_penalty_q_learning_10,q_learning,eval,8,456,risk,5,5,0.1,0.9,0.0,default,100,9.7,4,1,1,0,0,,
trap_penalty_q_learning_10_q_learning_456_eb52c11f,trap_penalty_q_learning_10,q_learning,eval,9,456,risk,5,5,0.1,0.9,0.0,default,100,9.7,4,1,1,0,0,,
trap_penalty_q_learning_10_q_learning_456_eb52c11f,trap_penalty_q_learning_10,q_learning,eval,10,456,risk,5,5,0.1,0.9,0.0,default,100,9.7,4,1,1,0,0,,
trap_penalty_q_learning_10_q_learning_456_eb52c11f,trap_penalty_q_learning_10,q_learning,eval,1,456,risk,5,5,0.1,0.9,0.0,default,100,9.7,4,1,1,0,0,,
trap_penalty_q_learning_10_q_learning_456_eb52c11f,trap_penalty_q_learning_10,q_learning,eval,2,456,risk,5,5,0.1,0.9,0.0,default,100,9.7,4,1,1,0,0,,
trap_penalty_q_learning_10_q_learning_456_eb52c11f,trap_penalty_q_learning_10,q_learning,eval,3,456,risk,5,5,0.1,0.9,0.0,default,100,9.7,4,1,1,0,0,,
trap_penalty_q_learning_10_q_learning_456_eb52c11f,trap_penalty_q_learning_10,q_learning,eval,4,456,risk,5,5,0.1,0.9,0.0,default,100,9.7,4,1,1,0,0,,
trap_penalty_q_learning_10_q_learning_456_eb52c11f,trap_penalty_q_learning_10,q_learning,eval,5,456,risk,5,5,0.1,0.9,0.0,default,100,9.7,4,1,1,0,0,,
trap_penalty_q_learning_10_q_learning_456_eb52c11f,trap_penalty_q_learning_10,q_learning,eval,6,456,risk,5,5,0.1,0.9,0.0,default,100,9.7,4,1,1,0,0,,
trap_penalty_q_learning_10_q_learning_456_eb52c11f,trap_penalty_q_learning_10,q_learning,eval,7,456,risk,5,5,0.1,0.9,0.0,default,100,9.7,4,1,1,0,0,,
trap_penalty_q_learning_10_q_learning_456_eb52c11f,trap_penalty_q_learning_10,q_learning,eval,8,456,risk,5,5,0.1,0.9,0.0,default,100,9.7,4,1,1,0,0,,
trap_penalty_q_learning_10_q_learning_456_eb52c11f,trap_penalty_q_learning_10,q_learning,eval,9,456,risk,5,5,0.1,0.9,0.0,default,100,9.7,4,1,1,0,0,,
trap_penalty_q_learning_10_q_learning_456_eb52c11f,trap_penalty_q_learning_10,q_learning,eval,10,456,risk,5,5,0.1,0.9,0.0,default,100,9.7,4,1,1,0,0,,
trap_penalty_q_learning_10_q_learning_456_eb52c11f,trap_penalty_q_learning_10,q_learning,eval,1,456,risk,5,5,0.1,0.9,0.0,default,100,9.7,4,1,1,0,0,,
trap_penalty_q_learning_10_q_learning_456_eb52c11f,trap_penalty_q_learning_10,q_learning,eval,2,456,risk,5,5,0.1,0.9,0.0,default,100,9.7,4,1,1,0,0,,
trap_penalty_q_learning_10_q_learning_456_eb52c11f,trap_penalty_q_learning_10,q_learning,eval,3,456,risk,5,5,0.1,0.9,0.0,default,100,9.7,4,1,1,0,0,,
trap_penalty_q_learning_10_q_learning_456_eb52c11f,trap_penalty_q_learning_10,q_learning,eval,4,456,risk,5,5,0.1,0.9,0.0,default,100,9.7,4,1,1,0,0,,
trap_penalty_q_learning_10_q_learning_456_eb52c11f,trap_penalty_q_learning_10,q_learning,eval,5,456,risk,5,5,0.1,0.9,0.0,default,100,9.7,4,1,1,0,0,,
trap_penalty_q_learning_10_q_learning_456_eb52c11f,trap_penalty_q_learning_10,q_learning,eval,6,456,risk,5,5,0.1,0.9,0.0,default,100,9.7,4,1,1,0,0,,
trap_penalty_q_learning_10_q_learning_456_eb52c11f,trap_penalty_q_learning_10,q_learning,eval,7,456,risk,5,5,0.1,0.9,0.0,default,100,9.7,4,1,1,0,0,,
trap_penalty_q_learning_10_q_learning_456_eb52c11f,trap_penalty_q_learning_10,q_learning,eval,8,456,risk,5,5,0.1,0.9,0.0,default,100,9.7,4,1,1,0,0,,
trap_penalty_q_learning_10_q_learning_456_eb52c11f,trap_penalty_q_learning_10,q_learning,eval,9,456,risk,5,5,0.1,0.9,0.0,default,100,9.7,4,1,1,0,0,,
trap_penalty_q_learning_10_q_learning_456_eb52c11f,trap_penalty_q_learning_10,q_learning,eval,10,456,risk,5,5,0.1,0.9,0.0,default,100,9.7,4,1,1,0,0,,
trap_penalty_q_learning_10_q_learning_456_eb52c11f,trap_penalty_q_learning_10,q_learning,eval,1,456,risk,5,5,0.1,0.9,0.0,default,100,9.7,4,1,1,0,0,,
trap_penalty_q_learning_10_q_learning_456_eb52c11f,trap_penalty_q_learning_10,q_learning,eval,2,456,risk,5,5,0.1,0.9,0.0,default,100,9.7,4,1,1,0,0,,
trap_penalty_q_learning_10_q_learning_456_eb52c11f,trap_penalty_q_learning_10,q_learning,eval,3,456,risk,5,5,0.1,0.9,0.0,default,100,9.7,4,1,1,0,0,,
trap_penalty_q_learning_10_q_learning_456_eb52c11f,trap_penalty_q_learning_10,q_learning,eval,4,456,risk,5,5,0.1,0.9,0.0,default,100,9.7,4,1,1,0,0,,
trap_penalty_q_learning_10_q_learning_456_eb52c11f,trap_penalty_q_learning_10,q_learning,eval,5,456,risk,5,5,0.1,0.9,0.0,default,100,9.7,4,1,1,0,0,,
trap_penalty_q_learning_10_q_learning_456_eb52c11f,trap_penalty_q_learning_10,q_learning,eval,6,456,risk,5,5,0.1,0.9,0.0,default,100,9.7,4,1,1,0,0,,
trap_penalty_q_learning_10_q_learning_456_eb52c11f,trap_penalty_q_learning_10,q_learning,eval,7,456,risk,5,5,0.1,0.9,0.0,default,100,9.7,4,1,1,0,0,,
trap_penalty_q_learning_10_q_learning_456_eb52c11f,trap_penalty_q_learning_10,q_learning,eval,8,456,risk,5,5,0.1,0.9,0.0,default,100,9.7,4,1,1,0,0,,
trap_penalty_q_learning_10_q_learning_456_eb52c11f,trap_penalty_q_learning_10,q_learning,eval,9,456,risk,5,5,0.1,0.9,0.0,default,100,9.7,4,1,1,0,0,,
trap_penalty_q_learning_10_q_learning_456_eb52c11f,trap_penalty_q_learning_10,q_learning,eval,10,456,risk,5,5,0.1,0.9,0.0,default,100,9.7,4,1,1,0,0,,
trap_penalty_q_learning_10_q_learning_456_eb52c11f,trap_penalty_q_learning_10,q_learning,eval,1,456,risk,5,5,0.1,0.9,0.0,default,100,9.7,4,1,1,0,0,,
trap_penalty_q_learning_10_q_learning_456_eb52c11f,trap_penalty_q_learning_10,q_learning,eval,2,456,risk,5,5,0.1,0.9,0.0,default,100,9.7,4,1,1,0,0,,
trap_penalty_q_learning_10_q_learning_456_eb52c11f,trap_penalty_q_learning_10,q_learning,eval,3,456,risk,5,5,0.1,0.9,0.0,default,100,9.7,4,1,1,0,0,,
trap_penalty_q_learning_10_q_learning_456_eb52c11f,trap_penalty_q_learning_10,q_learning,eval,4,456,risk,5,5,0.1,0.9,0.0,default,100,9.7,4,1,1,0,0,,
trap_penalty_q_learning_10_q_learning_456_eb52c11f,trap_penalty_q_learning_10,q_learning,eval,5,456,risk,5,5,0.1,0.9,0.0,default,100,9.7,4,1,1,0,0,,
trap_penalty_q_learning_10_q_learning_456_eb52c11f,trap_penalty_q_learning_10,q_learning,eval,6,456,risk,5,5,0.1,0.9,0.0,default,100,9.7,4,1,1,0,0,,
trap_penalty_q_learning_10_q_learning_456_eb52c11f,trap_penalty_q_learning_10,q_learning,eval,7,456,risk,5,5,0.1,0.9,0.0,default,100,9.7,4,1,1,0,0,,
trap_penalty_q_learning_10_q_learning_456_eb52c11f,trap_penalty_q_learning_10,q_learning,eval,8,456,risk,5,5,0.1,0.9,0.0,default,100,9.7,4,1,1,0,0,,
trap_penalty_q_learning_10_q_learning_456_eb52c11f,trap_penalty_q_learning_10,q_learning,eval,9,456,risk,5,5,0.1,0.9,0.0,default,100,9.7,4,1,1,0,0,,
trap_penalty_q_learning_10_q_learning_456_eb52c11f,trap_penalty_q_learning_10,q_learning,eval,10,456,risk,5,5,0.1,0.9,0.0,default,100,9.7,4,1,1,0,0,,
