run_id,exp_name,phase,episode,seed,map_name,rows,cols,alpha,gamma,epsilon,reward_setting,max_steps,total_reward,steps,success,terminated,truncated,hit_trap,elapsed_sec,qtable_path
map_easy_123_60bcdb24,map_easy,train,1,123,easy,5,5,0.1,0.95,0.199,default,100,-28.0,39,1,1,0,0,0.005221999992500059,
map_easy_123_60bcdb24,map_easy,train,2,123,easy,5,5,0.1,0.95,0.19800500000000001,default,100,-37.0,28,0,1,0,1,0.0034364000021014363,
map_easy_123_60bcdb24,map_easy,train,3,123,easy,5,5,0.1,0.95,0.197014975,default,100,-18.0,29,1,1,0,0,0.0031550000130664557,
map_easy_123_60bcdb24,map_easy,train,4,123,easy,5,5,0.1,0.95,0.19602990012500002,default,100,-38.0,29,0,1,0,1,0.0032573999924352393,
map_easy_123_60bcdb24,map_easy,train,5,123,easy,5,5,0.1,0.95,0.19504975062437502,default,100,-72.0,83,1,1,0,0,0.009453999999095686,
map_easy_123_60bcdb24,map_easy,train,6,123,easy,5,5,0.1,0.95,0.19407450187125314,default,100,-19.0,10,0,1,0,1,0.0010824000055436045,
map_easy_123_60bcdb24,map_easy,train,7,123,easy,5,5,0.1,0.95,0.19310412936189686,default,100,-34.0,25,0,1,0,1,0.002944099993328564,
map_easy_123_60bcdb24,map_easy,train,8,123,easy,5,5,0.1,0.95,0.19213860871508737,default,100,-58.0,49,0,1,0,1,0.00543090001156088,
map_easy_123_60bcdb24,map_easy,train,9,123,easy,5,5,0.1,0.95,0.19117791567151193,default,100,-24.0,35,1,1,0,0,0.004047599999466911,
map_easy_123_60bcdb24,map_easy,train,10,123,easy,5,5,0.1,0.95,0.19022202609315436,default,100,-100.0,100,0,0,1,0,0.0110963999904925,
map_easy_123_60bcdb24,map_easy,train,11,123,easy,5,5,0.1,0.95,0.18927091596268858,default,100,-23.0,34,1,1,0,0,0.004013799989479594,
map_easy_123_60bcdb24,map_easy,train,12,123,easy,5,5,0.1,0.95,0.18832456138287512,default,100,-11.0,22,1,1,0,0,0.002460500007146038,
map_easy_123_60bcdb24,map_easy,train,13,123,easy,5,5,0.1,0.95,0.18738293857596075,default,100,-4.0,15,1,1,0,0,0.0017497999942861497,
map_easy_123_60bcdb24,map_easy,train,14,123,easy,5,5,0.1,0.95,0.18644602388308096,default,100,-56.0,67,1,1,0,0,0.0074985000101150945,
map_easy_123_60bcdb24,map_easy,train,15,123,easy,5,5,0.1,0.95,0.18551379376366556,default,100,-55.0,66,1,1,0,0,0.007263399995281361,
map_easy_123_60bcdb24,map_easy,train,16,123,easy,5,5,0.1,0.95,0.18458622479484724,default,100,-41.0,32,0,1,0,1,0.003694099999847822,
map_easy_123_60bcdb24,map_easy,train,17,123,easy,5,5,0.1,0.95,0.183663293670873,default,100,-18.0,29,1,1,0,0,0.0032992999913403764,
map_easy_123_60bcdb24,map_easy,train,18,123,easy,5,5,0.1,0.95,0.18274497720251864,default,100,0.0,11,1,1,0,0,0.0013627000007545575,
map_easy_123_60bcdb24,map_easy,train,19,123,easy,5,5,0.1,0.95,0.18183125231650604,default,100,-33.0,44,1,1,0,0,0.004895000005490147,
map_easy_123_60bcdb24,map_easy,train,20,123,easy,5,5,0.1,0.95,0.18092209605492351,default,100,-13.0,24,1,1,0,0,0.0027288999990560114,
map_easy_123_60bcdb24,map_easy,train,21,123,easy,5,5,0.1,0.95,0.1800174855746489,default,100,-26.0,17,0,1,0,1,0.002224600000772625,
map_easy_123_60bcdb24,map_easy,train,22,123,easy,5,5,0.1,0.95,0.17911739814677563,default,100,-2.0,13,1,1,0,0,0.0016988999996101484,
map_easy_123_60bcdb24,map_easy,train,23,123,easy,5,5,0.1,0.95,0.17822181115604174,default,100,-20.0,11,0,1,0,1,0.001424699992639944,
map_easy_123_60bcdb24,map_easy,train,24,123,easy,5,5,0.1,0.95,0.17733070210026153,default,100,-46.0,37,0,1,0,1,0.004176000002189539,
map_easy_123_60bcdb24,map_easy,train,25,123,easy,5,5,0.1,0.95,0.17644404858976023,default,100,-6.0,17,1,1,0,0,0.0019451000116532668,
map_easy_123_60bcdb24,map_easy,train,26,123,easy,5,5,0.1,0.95,0.17556182834681144,default,100,-18.0,29,1,1,0,0,0.003376900000148453,
map_easy_123_60bcdb24,map_easy,train,27,123,easy,5,5,0.1,0.95,0.1746840192050774,default,100,-4.0,15,1,1,0,0,0.0019069999980274588,
map_easy_123_60bcdb24,map_easy,train,28,123,easy,5,5,0.1,0.95,0.173810599109052,default,100,-5.0,16,1,1,0,0,0.0018721000087680295,
map_easy_123_60bcdb24,map_easy,train,29,123,easy,5,5,0.1,0.95,0.17294154611350673,default,100,-3.0,14,1,1,0,0,0.0017671999958110973,
map_easy_123_60bcdb24,map_easy,train,30,123,easy,5,5,0.1,0.95,0.1720768383829392,default,100,-9.0,20,1,1,0,0,0.0024440999986836687,
map_easy_123_60bcdb24,map_easy,train,31,123,easy,5,5,0.1,0.95,0.1712164541910245,default,100,-5.0,16,1,1,0,0,0.0019343000021763146,
map_easy_123_60bcdb24,map_easy,train,32,123,easy,5,5,0.1,0.95,0.17036037192006936,default,100,2.0,9,1,1,0,0,0.0011443000112194568,
map_easy_123_60bcdb24,map_easy,train,33,123,easy,5,5,0.1,0.95,0.16950857006046902,default,100,-11.0,22,1,1,0,0,0.002481999996234663,
map_easy_123_60bcdb24,map_easy,train,34,123,easy,5,5,0.1,0.95,0.16866102721016668,default,100,-22.0,13,0,1,0,1,0.001487799992901273,
map_easy_123_60bcdb24,map_easy,train,35,123,easy,5,5,0.1,0.95,0.16781772207411585,default,100,-11.0,22,1,1,0,0,0.002471200001309626,
map_easy_123_60bcdb24,map_easy,train,36,123,easy,5,5,0.1,0.95,0.16697863346374528,default,100,2.0,9,1,1,0,0,0.0011981999996351078,
map_easy_123_60bcdb24,map_easy,train,37,123,easy,5,5,0.1,0.95,0.16614374029642656,default,100,-11.0,22,1,1,0,0,0.002559899992775172,
map_easy_123_60bcdb24,map_easy,train,38,123,easy,5,5,0.1,0.95,0.16531302159494443,default,100,-6.0,17,1,1,0,0,0.001988899995922111,
map_easy_123_60bcdb24,map_easy,train,39,123,easy,5,5,0.1,0.95,0.16448645648696972,default,100,0.0,11,1,1,0,0,0.0014224000042304397,
map_easy_123_60bcdb24,map_easy,train,40,123,easy,5,5,0.1,0.95,0.16366402420453488,default,100,-3.0,14,1,1,0,0,0.001683099995716475,
map_easy_123_60bcdb24,map_easy,train,41,123,easy,5,5,0.1,0.95,0.1628457040835122,default,100,-10.0,21,1,1,0,0,0.002550399993197061,
map_easy_123_60bcdb24,map_easy,train,42,123,easy,5,5,0.1,0.95,0.16203147556309463,default,100,-2.0,13,1,1,0,0,0.0015949999942677096,
map_easy_123_60bcdb24,map_easy,train,43,123,easy,5,5,0.1,0.95,0.16122131818527916,default,100,-1.0,12,1,1,0,0,0.001475100012612529,
map_easy_123_60bcdb24,map_easy,train,44,123,easy,5,5,0.1,0.95,0.16041521159435276,default,100,-12.0,23,1,1,0,0,0.002876700003980659,
map_easy_123_60bcdb24,map_easy,train,45,123,easy,5,5,0.1,0.95,0.159613135536381,default,100,1.0,10,1,1,0,0,0.001282599987462163,
map_easy_123_60bcdb24,map_easy,train,46,123,easy,5,5,0.1,0.95,0.15881506985869911,default,100,-1.0,12,1,1,0,0,0.0015204999945126474,
map_easy_123_60bcdb24,map_easy,train,47,123,easy,5,5,0.1,0.95,0.15802099450940563,default,100,-8.0,19,1,1,0,0,0.0021529999939957634,
map_easy_123_60bcdb24,map_easy,train,48,123,easy,5,5,0.1,0.95,0.1572308895368586,default,100,-11.0,22,1,1,0,0,0.002517400003853254,
map_easy_123_60bcdb24,map_easy,train,49,123,easy,5,5,0.1,0.95,0.1564447350891743,default,100,0.0,11,1,1,0,0,0.0013866999943275005,
map_easy_123_60bcdb24,map_easy,train,50,123,easy,5,5,0.1,0.95,0.15566251141372844,default,100,0.0,11,1,1,0,0,0.0015974999987520278,
map_easy_123_60bcdb24,map_easy,train,51,123,easy,5,5,0.1,0.95,0.1548841988566598,default,100,2.0,9,1,1,0,0,0.001225600004545413,
map_easy_123_60bcdb24,map_easy,train,52,123,easy,5,5,0.1,0.95,0.1541097778623765,default,100,-6.0,17,1,1,0,0,0.0019555000035325065,
map_easy_123_60bcdb24,map_easy,train,53,123,easy,5,5,0.1,0.95,0.15333922897306462,default,100,-1.0,12,1,1,0,0,0.0014496999938273802,
map_easy_123_60bcdb24,map_easy,train,54,123,easy,5,5,0.1,0.95,0.1525725328281993,default,100,1.0,10,1,1,0,0,0.0013007999950787053,
map_easy_123_60bcdb24,map_easy,train,55,123,easy,5,5,0.1,0.95,0.1518096701640583,default,100,-3.0,14,1,1,0,0,0.00171720000798814,
map_easy_123_60bcdb24,map_easy,train,56,123,easy,5,5,0.1,0.95,0.151050621813238,default,100,2.0,9,1,1,0,0,0.0011208999931113794,
map_easy_123_60bcdb24,map_easy,train,57,123,easy,5,5,0.1,0.95,0.15029536870417182,default,100,2.0,9,1,1,0,0,0.0012120000028517097,
map_easy_123_60bcdb24,map_easy,train,58,123,easy,5,5,0.1,0.95,0.14954389186065095,default,100,-9.0,20,1,1,0,0,0.0022743000008631498,
map_easy_123_60bcdb24,map_easy,train,59,123,easy,5,5,0.1,0.95,0.1487961724013477,default,100,-6.0,17,1,1,0,0,0.0018408000032650307,
map_easy_123_60bcdb24,map_easy,train,60,123,easy,5,5,0.1,0.95,0.14805219153934096,default,100,-2.0,13,1,1,0,0,0.0015937999996822327,
map_easy_123_60bcdb24,map_easy,train,61,123,easy,5,5,0.1,0.95,0.14731193058164427,default,100,2.0,9,1,1,0,0,0.001167199996416457,
map_easy_123_60bcdb24,map_easy,train,62,123,easy,5,5,0.1,0.95,0.14657537092873604,default,100,3.0,8,1,1,0,0,0.0010978000063914806,
map_easy_123_60bcdb24,map_easy,train,63,123,easy,5,5,0.1,0.95,0.14584249407409236,default,100,-3.0,14,1,1,0,0,0.001724099987768568,
map_easy_123_60bcdb24,map_easy,train,64,123,easy,5,5,0.1,0.95,0.1451132816037219,default,100,1.0,10,1,1,0,0,0.0013091000000713393,
map_easy_123_60bcdb24,map_easy,train,65,123,easy,5,5,0.1,0.95,0.1443877151957033,default,100,-11.0,22,1,1,0,0,0.002287900002556853,
map_easy_123_60bcdb24,map_easy,train,66,123,easy,5,5,0.1,0.95,0.14366577661972477,default,100,1.0,10,1,1,0,0,0.001260399993043393,
map_easy_123_60bcdb24,map_easy,train,67,123,easy,5,5,0.1,0.95,0.14294744773662615,default,100,-2.0,13,1,1,0,0,0.0014934000064386055,
map_easy_123_60bcdb24,map_easy,train,68,123,easy,5,5,0.1,0.95,0.14223271049794303,default,100,2.0,9,1,1,0,0,0.0012049999932060018,
map_easy_123_60bcdb24,map_easy,train,69,123,easy,5,5,0.1,0.95,0.14152154694545332,default,100,2.0,9,1,1,0,0,0.0011793000012403354,
map_easy_123_60bcdb24,map_easy,train,70,123,easy,5,5,0.1,0.95,0.14081393921072605,default,100,1.0,10,1,1,0,0,0.001260999997612089,
map_easy_123_60bcdb24,map_easy,train,71,123,easy,5,5,0.1,0.95,0.1401098695146724,default,100,-2.0,13,1,1,0,0,0.0015675000031478703,
map_easy_123_60bcdb24,map_easy,train,72,123,easy,5,5,0.1,0.95,0.13940932016709906,default,100,-1.0,12,1,1,0,0,0.0014009000005898997,
map_easy_123_60bcdb24,map_easy,train,73,123,easy,5,5,0.1,0.95,0.13871227356626356,default,100,3.0,8,1,1,0,0,0.001071799997589551,
map_easy_123_60bcdb24,map_easy,train,74,123,easy,5,5,0.1,0.95,0.13801871219843223,default,100,1.0,10,1,1,0,0,0.0011897999938810244,
map_easy_123_60bcdb24,map_easy,train,75,123,easy,5,5,0.1,0.95,0.13732861863744006,default,100,2.0,9,1,1,0,0,0.0011510000040289015,
map_easy_123_60bcdb24,map_easy,train,76,123,easy,5,5,0.1,0.95,0.13664197554425286,default,100,2.0,9,1,1,0,0,0.0010799000010592863,
map_easy_123_60bcdb24,map_easy,train,77,123,easy,5,5,0.1,0.95,0.1359587656665316,default,100,-4.0,15,1,1,0,0,0.0017179999995278195,
map_easy_123_60bcdb24,map_easy,train,78,123,easy,5,5,0.1,0.95,0.13527897183819892,default,100,3.0,8,1,1,0,0,0.0010305000032531098,
map_easy_123_60bcdb24,map_easy,train,79,123,easy,5,5,0.1,0.95,0.13460257697900793,default,100,2.0,9,1,1,0,0,0.0011710999970091507,
map_easy_123_60bcdb24,map_easy,train,80,123,easy,5,5,0.1,0.95,0.13392956409411289,default,100,3.0,8,1,1,0,0,0.0010755999974207953,
map_easy_123_60bcdb24,map_easy,train,81,123,easy,5,5,0.1,0.95,0.1332599162736423,default,100,1.0,10,1,1,0,0,0.0012778999953297898,
map_easy_123_60bcdb24,map_easy,train,82,123,easy,5,5,0.1,0.95,0.1325936166922741,default,100,1.0,10,1,1,0,0,0.0012783999991370365,
map_easy_123_60bcdb24,map_easy,train,83,123,easy,5,5,0.1,0.95,0.13193064860881273,default,100,2.0,9,1,1,0,0,0.001116700004786253,
map_easy_123_60bcdb24,map_easy,train,84,123,easy,5,5,0.1,0.95,0.13127099536576867,default,100,2.0,9,1,1,0,0,0.0011580999998841435,
map_easy_123_60bcdb24,map_easy,train,85,123,easy,5,5,0.1,0.95,0.13061464038893983,default,100,1.0,10,1,1,0,0,0.0012547999940579757,
map_easy_123_60bcdb24,map_easy,train,86,123,easy,5,5,0.1,0.95,0.12996156718699514,default,100,1.0,10,1,1,0,0,0.0012131999974371865,
map_easy_123_60bcdb24,map_easy,train,87,123,easy,5,5,0.1,0.95,0.12931175935106015,default,100,3.0,8,1,1,0,0,0.001025600009597838,
map_easy_123_60bcdb24,map_easy,train,88,123,easy,5,5,0.1,0.95,0.12866520055430486,default,100,0.0,11,1,1,0,0,0.0013349999935599044,
map_easy_123_60bcdb24,map_easy,train,89,123,easy,5,5,0.1,0.95,0.12802187455153333,default,100,3.0,8,1,1,0,0,0.0010705000022426248,
map_easy_123_60bcdb24,map_easy,train,90,123,easy,5,5,0.1,0.95,0.12738176517877567,default,100,3.0,8,1,1,0,0,0.0010848999954760075,
map_easy_123_60bcdb24,map_easy,train,91,123,easy,5,5,0.1,0.95,0.1267448563528818,default,100,3.0,8,1,1,0,0,0.0010685999877750874,
map_easy_123_60bcdb24,map_easy,train,92,123,easy,5,5,0.1,0.95,0.12611113207111738,default,100,3.0,8,1,1,0,0,0.001047599987941794,
map_easy_123_60bcdb24,map_easy,train,93,123,easy,5,5,0.1,0.95,0.1254805764107618,default,100,2.0,9,1,1,0,0,0.001179200000478886,
map_easy_123_60bcdb24,map_easy,train,94,123,easy,5,5,0.1,0.95,0.12485317352870799,default,100,3.0,8,1,1,0,0,0.001065300006303005,
map_easy_123_60bcdb24,map_easy,train,95,123,easy,5,5,0.1,0.95,0.12422890766106445,default,100,2.0,9,1,1,0,0,0.001148099996498786,
map_easy_123_60bcdb24,map_easy,train,96,123,easy,5,5,0.1,0.95,0.12360776312275913,default,100,3.0,8,1,1,0,0,0.0010129000002052635,
map_easy_123_60bcdb24,map_easy,train,97,123,easy,5,5,0.1,0.95,0.12298972430714533,default,100,3.0,8,1,1,0,0,0.001283499994315207,
map_easy_123_60bcdb24,map_easy,train,98,123,easy,5,5,0.1,0.95,0.1223747756856096,default,100,0.0,11,1,1,0,0,0.0013729000056628138,
map_easy_123_60bcdb24,map_easy,train,99,123,easy,5,5,0.1,0.95,0.12176290180718155,default,100,1.0,10,1,1,0,0,0.0011984000011580065,
map_easy_123_60bcdb24,map_easy,train,100,123,easy,5,5,0.1,0.95,0.12115408729814564,default,100,3.0,8,1,1,0,0,0.0009905000042635947,
map_easy_123_60bcdb24,map_easy,train,101,123,easy,5,5,0.1,0.95,0.12054831686165492,default,100,3.0,8,1,1,0,0,0.0010571000020718202,
map_easy_123_60bcdb24,map_easy,train,102,123,easy,5,5,0.1,0.95,0.11994557527734664,default,100,3.0,8,1,1,0,0,0.0010819000017363578,
map_easy_123_60bcdb24,map_easy,train,103,123,easy,5,5,0.1,0.95,0.11934584740095991,default,100,2.0,9,1,1,0,0,0.0011242000036872923,
map_easy_123_60bcdb24,map_easy,train,104,123,easy,5,5,0.1,0.95,0.11874911816395511,default,100,2.0,9,1,1,0,0,0.001134299993282184,
map_easy_123_60bcdb24,map_easy,train,105,123,easy,5,5,0.1,0.95,0.11815537257313534,default,100,2.0,9,1,1,0,0,0.0027955999976256862,
map_easy_123_60bcdb24,map_easy,train,106,123,easy,5,5,0.1,0.95,0.11756459571026966,default,100,2.0,9,1,1,0,0,0.0013892000133637339,
map_easy_123_60bcdb24,map_easy,train,107,123,easy,5,5,0.1,0.95,0.1169767727317183,default,100,3.0,8,1,1,0,0,0.0011442999966675416,
map_easy_123_60bcdb24,map_easy,train,108,123,easy,5,5,0.1,0.95,0.1163918888680597,default,100,3.0,8,1,1,0,0,0.0010615000064717606,
map_easy_123_60bcdb24,map_easy,train,109,123,easy,5,5,0.1,0.95,0.11580992942371941,default,100,3.0,8,1,1,0,0,0.0010772999958135188,
map_easy_123_60bcdb24,map_easy,train,110,123,easy,5,5,0.1,0.95,0.11523087977660082,default,100,3.0,8,1,1,0,0,0.0010511000000406057,
map_easy_123_60bcdb24,map_easy,train,111,123,easy,5,5,0.1,0.95,0.11465472537771781,default,100,3.0,8,1,1,0,0,0.0010725000029196963,
map_easy_123_60bcdb24,map_easy,train,112,123,easy,5,5,0.1,0.95,0.11408145175082922,default,100,1.0,10,1,1,0,0,0.0011516999948071316,
map_easy_123_60bcdb24,map_easy,train,113,123,easy,5,5,0.1,0.95,0.11351104449207507,default,100,3.0,8,1,1,0,0,0.0009735999919939786,
map_easy_123_60bcdb24,map_easy,train,114,123,easy,5,5,0.1,0.95,0.11294348926961469,default,100,2.0,9,1,1,0,0,0.0010630000033415854,
map_easy_123_60bcdb24,map_easy,train,115,123,easy,5,5,0.1,0.95,0.11237877182326661,default,100,2.0,9,1,1,0,0,0.0010760000004665926,
map_easy_123_60bcdb24,map_easy,train,116,123,easy,5,5,0.1,0.95,0.11181687796415028,default,100,2.0,9,1,1,0,0,0.0010983000101987273,
map_easy_123_60bcdb24,map_easy,train,117,123,easy,5,5,0.1,0.95,0.11125779357432954,default,100,0.0,11,1,1,0,0,0.001327499994658865,
map_easy_123_60bcdb24,map_easy,train,118,123,easy,5,5,0.1,0.95,0.11070150460645789,default,100,3.0,8,1,1,0,0,0.0010167000000365078,
map_easy_123_60bcdb24,map_easy,train,119,123,easy,5,5,0.1,0.95,0.1101479970834256,default,100,3.0,8,1,1,0,0,0.0010381000029155985,
map_easy_123_60bcdb24,map_easy,train,120,123,easy,5,5,0.1,0.95,0.10959725709800847,default,100,3.0,8,1,1,0,0,0.0010782000026665628,
map_easy_123_60bcdb24,map_easy,train,121,123,easy,5,5,0.1,0.95,0.10904927081251842,default,100,2.0,9,1,1,0,0,0.0011775000020861626,
map_easy_123_60bcdb24,map_easy,train,122,123,easy,5,5,0.1,0.95,0.10850402445845582,default,100,3.0,8,1,1,0,0,0.0011054999922635034,
map_easy_123_60bcdb24,map_easy,train,123,123,easy,5,5,0.1,0.95,0.10796150433616354,default,100,3.0,8,1,1,0,0,0.0010163000115426257,
map_easy_123_60bcdb24,map_easy,train,124,123,easy,5,5,0.1,0.95,0.10742169681448273,default,100,0.0,11,1,1,0,0,0.0013399000017670915,
map_easy_123_60bcdb24,map_easy,train,125,123,easy,5,5,0.1,0.95,0.10688458833041031,default,100,3.0,8,1,1,0,0,0.0013134000037098303,
map_easy_123_60bcdb24,map_easy,train,126,123,easy,5,5,0.1,0.95,0.10635016538875826,default,100,1.0,10,1,1,0,0,0.0013421000039670616,
map_easy_123_60bcdb24,map_easy,train,127,123,easy,5,5,0.1,0.95,0.10581841456181447,default,100,2.0,9,1,1,0,0,0.0011802999943029135,
map_easy_123_60bcdb24,map_easy,train,128,123,easy,5,5,0.1,0.95,0.1052893224890054,default,100,1.0,10,1,1,0,0,0.001335799999651499,
map_easy_123_60bcdb24,map_easy,train,129,123,easy,5,5,0.1,0.95,0.10476287587656037,default,100,3.0,8,1,1,0,0,0.001073999999789521,
map_easy_123_60bcdb24,map_easy,train,130,123,easy,5,5,0.1,0.95,0.10423906149717757,default,100,3.0,8,1,1,0,0,0.0010824000055436045,
map_easy_123_60bcdb24,map_easy,train,131,123,easy,5,5,0.1,0.95,0.10371786618969168,default,100,3.0,8,1,1,0,0,0.0010113999887835234,
map_easy_123_60bcdb24,map_easy,train,132,123,easy,5,5,0.1,0.95,0.10319927685874322,default,100,3.0,8,1,1,0,0,0.0010252000065520406,
map_easy_123_60bcdb24,map_easy,train,133,123,easy,5,5,0.1,0.95,0.10268328047444951,default,100,1.0,10,1,1,0,0,0.0010987999994540587,
map_easy_123_60bcdb24,map_easy,train,134,123,easy,5,5,0.1,0.95,0.10216986407207726,default,100,3.0,8,1,1,0,0,0.0013662999990629032,
map_easy_123_60bcdb24,map_easy,train,135,123,easy,5,5,0.1,0.95,0.10165901475171688,default,100,3.0,8,1,1,0,0,0.0013496999890776351,
map_easy_123_60bcdb24,map_easy,train,136,123,easy,5,5,0.1,0.95,0.10115071967795829,default,100,2.0,9,1,1,0,0,0.0015873999946052209,
map_easy_123_60bcdb24,map_easy,train,137,123,easy,5,5,0.1,0.95,0.10064496607956849,default,100,2.0,9,1,1,0,0,0.0011987000034423545,
map_easy_123_60bcdb24,map_easy,train,138,123,easy,5,5,0.1,0.95,0.10014174124917065,default,100,3.0,8,1,1,0,0,0.001214500007336028,
map_easy_123_60bcdb24,map_easy,train,139,123,easy,5,5,0.1,0.95,0.09964103254292479,default,100,3.0,8,1,1,0,0,0.0014560999989043921,
map_easy_123_60bcdb24,map_easy,train,140,123,easy,5,5,0.1,0.95,0.09914282738021017,default,100,3.0,8,1,1,0,0,0.0012745999993057922,
map_easy_123_60bcdb24,map_easy,train,141,123,easy,5,5,0.1,0.95,0.09864711324330912,default,100,3.0,8,1,1,0,0,0.001298200004384853,
map_easy_123_60bcdb24,map_easy,train,142,123,easy,5,5,0.1,0.95,0.09815387767709258,default,100,3.0,8,1,1,0,0,0.001437600003555417,
map_easy_123_60bcdb24,map_easy,train,143,123,easy,5,5,0.1,0.95,0.09766310828870711,default,100,-2.0,13,1,1,0,0,0.0015171999984886497,
map_easy_123_60bcdb24,map_easy,train,144,123,easy,5,5,0.1,0.95,0.09717479274726358,default,100,3.0,8,1,1,0,0,0.0012305999989621341,
map_easy_123_60bcdb24,map_easy,train,145,123,easy,5,5,0.1,0.95,0.09668891878352726,default,100,0.0,11,1,1,0,0,0.001866700011305511,
map_easy_123_60bcdb24,map_easy,train,146,123,easy,5,5,0.1,0.95,0.09620547418960962,default,100,-2.0,13,1,1,0,0,0.0019503000075928867,
map_easy_123_60bcdb24,map_easy,train,147,123,easy,5,5,0.1,0.95,0.09572444681866157,default,100,3.0,8,1,1,0,0,0.0012501000019256026,
map_easy_123_60bcdb24,map_easy,train,148,123,easy,5,5,0.1,0.95,0.09524582458456826,default,100,3.0,8,1,1,0,0,0.0011039000091841444,
map_easy_123_60bcdb24,map_easy,train,149,123,easy,5,5,0.1,0.95,0.09476959546164541,default,100,1.0,10,1,1,0,0,0.0013273000076878816,
map_easy_123_60bcdb24,map_easy,train,150,123,easy,5,5,0.1,0.95,0.09429574748433718,default,100,3.0,8,1,1,0,0,0.0010379999876022339,
map_easy_123_60bcdb24,map_easy,train,151,123,easy,5,5,0.1,0.95,0.09382426874691549,default,100,2.0,9,1,1,0,0,0.0010713000083342195,
map_easy_123_60bcdb24,map_easy,train,152,123,easy,5,5,0.1,0.95,0.09335514740318092,default,100,3.0,8,1,1,0,0,0.0010577999928500503,
map_easy_123_60bcdb24,map_easy,train,153,123,easy,5,5,0.1,0.95,0.09288837166616501,default,100,1.0,10,1,1,0,0,0.0012162999919382855,
map_easy_123_60bcdb24,map_easy,train,154,123,easy,5,5,0.1,0.95,0.09242392980783419,default,100,3.0,8,1,1,0,0,0.001048700010869652,
map_easy_123_60bcdb24,map_easy,train,155,123,easy,5,5,0.1,0.95,0.09196181015879502,default,100,3.0,8,1,1,0,0,0.0010392999975010753,
map_easy_123_60bcdb24,map_easy,train,156,123,easy,5,5,0.1,0.95,0.09150200110800105,default,100,3.0,8,1,1,0,0,0.0010493000008864328,
map_easy_123_60bcdb24,map_easy,train,157,123,easy,5,5,0.1,0.95,0.09104449110246104,default,100,3.0,8,1,1,0,0,0.0010570000013103709,
map_easy_123_60bcdb24,map_easy,train,158,123,easy,5,5,0.1,0.95,0.09058926864694875,default,100,3.0,8,1,1,0,0,0.001022900003590621,
map_easy_123_60bcdb24,map_easy,train,159,123,easy,5,5,0.1,0.95,0.090136322303714,default,100,-1.0,12,1,1,0,0,0.0014244000049075112,
map_easy_123_60bcdb24,map_easy,train,160,123,easy,5,5,0.1,0.95,0.08968564069219544,default,100,1.0,10,1,1,0,0,0.0012224999954923987,
map_easy_123_60bcdb24,map_easy,train,161,123,easy,5,5,0.1,0.95,0.08923721248873447,default,100,1.0,10,1,1,0,0,0.0013045000087004155,
map_easy_123_60bcdb24,map_easy,train,162,123,easy,5,5,0.1,0.95,0.08879102642629079,default,100,3.0,8,1,1,0,0,0.001061399991158396,
map_easy_123_60bcdb24,map_easy,train,163,123,easy,5,5,0.1,0.95,0.08834707129415934,default,100,2.0,9,1,1,0,0,0.0011417000059736893,
map_easy_123_60bcdb24,map_easy,train,164,123,easy,5,5,0.1,0.95,0.08790533593768854,default,100,2.0,9,1,1,0,0,0.0011479999957373366,
map_easy_123_60bcdb24,map_easy,train,165,123,easy,5,5,0.1,0.95,0.0874658092580001,default,100,0.0,11,1,1,0,0,0.001297999988310039,
map_easy_123_60bcdb24,map_easy,train,166,123,easy,5,5,0.1,0.95,0.0870284802117101,default,100,3.0,8,1,1,0,0,0.0010811999964062124,
map_easy_123_60bcdb24,map_easy,train,167,123,easy,5,5,0.1,0.95,0.08659333781065155,default,100,3.0,8,1,1,0,0,0.0010516999900573865,
map_easy_123_60bcdb24,map_easy,train,168,123,easy,5,5,0.1,0.95,0.0861603711215983,default,100,3.0,8,1,1,0,0,0.0010574000043561682,
map_easy_123_60bcdb24,map_easy,train,169,123,easy,5,5,0.1,0.95,0.0857295692659903,default,100,3.0,8,1,1,0,0,0.0010362000029999763,
map_easy_123_60bcdb24,map_easy,train,170,123,easy,5,5,0.1,0.95,0.08530092141966035,default,100,3.0,8,1,1,0,0,0.00105489999987185,
map_easy_123_60bcdb24,map_easy,train,171,123,easy,5,5,0.1,0.95,0.08487441681256205,default,100,3.0,8,1,1,0,0,0.001037699999869801,
map_easy_123_60bcdb24,map_easy,train,172,123,easy,5,5,0.1,0.95,0.08445004472849925,default,100,1.0,10,1,1,0,0,0.0012380999978631735,
map_easy_123_60bcdb24,map_easy,train,173,123,easy,5,5,0.1,0.95,0.08402779450485676,default,100,3.0,8,1,1,0,0,0.001050899998517707,
map_easy_123_60bcdb24,map_easy,train,174,123,easy,5,5,0.1,0.95,0.08360765553233247,default,100,1.0,10,1,1,0,0,0.0012321999965934083,
map_easy_123_60bcdb24,map_easy,train,175,123,easy,5,5,0.1,0.95,0.0831896172546708,default,100,1.0,10,1,1,0,0,0.0011946999875362962,
map_easy_123_60bcdb24,map_easy,train,176,123,easy,5,5,0.1,0.95,0.08277366916839746,default,100,3.0,8,1,1,0,0,0.0010448999964864925,
map_easy_123_60bcdb24,map_easy,train,177,123,easy,5,5,0.1,0.95,0.08235980082255547,default,100,3.0,8,1,1,0,0,0.001065699994796887,
map_easy_123_60bcdb24,map_easy,train,178,123,easy,5,5,0.1,0.95,0.08194800181844268,default,100,3.0,8,1,1,0,0,0.0010402999905636534,
map_easy_123_60bcdb24,map_easy,train,179,123,easy,5,5,0.1,0.95,0.08153826180935046,default,100,3.0,8,1,1,0,0,0.0010570000013103709,
map_easy_123_60bcdb24,map_easy,train,180,123,easy,5,5,0.1,0.95,0.08113057050030371,default,100,3.0,8,1,1,0,0,0.0010621999972499907,
map_easy_123_60bcdb24,map_easy,train,181,123,easy,5,5,0.1,0.95,0.0807249176478022,default,100,-1.0,12,1,1,0,0,0.0014249000087147579,
map_easy_123_60bcdb24,map_easy,train,182,123,easy,5,5,0.1,0.95,0.08032129305956318,default,100,-2.0,13,1,1,0,0,0.0014617000124417245,
map_easy_123_60bcdb24,map_easy,train,183,123,easy,5,5,0.1,0.95,0.07991968659426536,default,100,3.0,8,1,1,0,0,0.0010067000112030655,
map_easy_123_60bcdb24,map_easy,train,184,123,easy,5,5,0.1,0.95,0.07952008816129404,default,100,3.0,8,1,1,0,0,0.001084100003936328,
map_easy_123_60bcdb24,map_easy,train,185,123,easy,5,5,0.1,0.95,0.07912248772048756,default,100,3.0,8,1,1,0,0,0.0012445000029401854,
map_easy_123_60bcdb24,map_easy,train,186,123,easy,5,5,0.1,0.95,0.07872687528188513,default,100,3.0,8,1,1,0,0,0.0011033999908249825,
map_easy_123_60bcdb24,map_easy,train,187,123,easy,5,5,0.1,0.95,0.0783332409054757,default,100,3.0,8,1,1,0,0,0.0010722999868448824,
map_easy_123_60bcdb24,map_easy,train,188,123,easy,5,5,0.1,0.95,0.07794157470094833,default,100,-2.0,13,1,1,0,0,0.001505899999756366,
map_easy_123_60bcdb24,map_easy,train,189,123,easy,5,5,0.1,0.95,0.07755186682744358,default,100,3.0,8,1,1,0,0,0.0010156999924220145,
map_easy_123_60bcdb24,map_easy,train,190,123,easy,5,5,0.1,0.95,0.07716410749330636,default,100,3.0,8,1,1,0,0,0.0010484999947948381,
map_easy_123_60bcdb24,map_easy,train,191,123,easy,5,5,0.1,0.95,0.07677828695583983,default,100,2.0,9,1,1,0,0,0.0011246000067330897,
map_easy_123_60bcdb24,map_easy,train,192,123,easy,5,5,0.1,0.95,0.07639439552106063,default,100,3.0,8,1,1,0,0,0.0010413999989395961,
map_easy_123_60bcdb24,map_easy,train,193,123,easy,5,5,0.1,0.95,0.07601242354345533,default,100,3.0,8,1,1,0,0,0.0010110000002896413,
map_easy_123_60bcdb24,map_easy,train,194,123,easy,5,5,0.1,0.95,0.07563236142573805,default,100,3.0,8,1,1,0,0,0.0010369999945396557,
map_easy_123_60bcdb24,map_easy,train,195,123,easy,5,5,0.1,0.95,0.07525419961860937,default,100,-1.0,12,1,1,0,0,0.0013770000077784061,
map_easy_123_60bcdb24,map_easy,train,196,123,easy,5,5,0.1,0.95,0.07487792862051632,default,100,3.0,8,1,1,0,0,0.00105489999987185,
map_easy_123_60bcdb24,map_easy,train,197,123,easy,5,5,0.1,0.95,0.07450353897741373,default,100,2.0,9,1,1,0,0,0.0011573999945539981,
map_easy_123_60bcdb24,map_easy,train,198,123,easy,5,5,0.1,0.95,0.07413102128252666,default,100,3.0,8,1,1,0,0,0.0010233999928459525,
map_easy_123_60bcdb24,map_easy,train,199,123,easy,5,5,0.1,0.95,0.07376036617611402,default,100,-1.0,12,1,1,0,0,0.0013972000015201047,
map_easy_123_60bcdb24,map_easy,train,200,123,easy,5,5,0.1,0.95,0.07339156434523345,default,100,3.0,8,1,1,0,0,0.0010504000092623755,results\map\easy\seed_123\qtable_ep200.npz
map_easy_123_60bcdb24,map_easy,train,201,123,easy,5,5,0.1,0.95,0.07302460652350727,default,100,3.0,8,1,1,0,0,0.001105000003008172,
map_easy_123_60bcdb24,map_easy,train,202,123,easy,5,5,0.1,0.95,0.07265948349088973,default,100,3.0,8,1,1,0,0,0.001084700008505024,
map_easy_123_60bcdb24,map_easy,train,203,123,easy,5,5,0.1,0.95,0.07229618607343528,default,100,3.0,8,1,1,0,0,0.0010965999972540885,
map_easy_123_60bcdb24,map_easy,train,204,123,easy,5,5,0.1,0.95,0.0719347051430681,default,100,3.0,8,1,1,0,0,0.0010910999990301207,
map_easy_123_60bcdb24,map_easy,train,205,123,easy,5,5,0.1,0.95,0.07157503161735276,default,100,3.0,8,1,1,0,0,0.0010883000068133697,
map_easy_123_60bcdb24,map_easy,train,206,123,easy,5,5,0.1,0.95,0.071217156459266,default,100,3.0,8,1,1,0,0,0.0010738999990280718,
map_easy_123_60bcdb24,map_easy,train,207,123,easy,5,5,0.1,0.95,0.07086107067696967,default,100,3.0,8,1,1,0,0,0.001108799988287501,
map_easy_123_60bcdb24,map_easy,train,208,123,easy,5,5,0.1,0.95,0.07050676532358482,default,100,2.0,9,1,1,0,0,0.0011934000067412853,
map_easy_123_60bcdb24,map_easy,train,209,123,easy,5,5,0.1,0.95,0.0701542314969669,default,100,1.0,10,1,1,0,0,0.0012566000077640638,
map_easy_123_60bcdb24,map_easy,train,210,123,easy,5,5,0.1,0.95,0.06980346033948207,default,100,0.0,11,1,1,0,0,0.0013774999970337376,
map_easy_123_60bcdb24,map_easy,train,211,123,easy,5,5,0.1,0.95,0.06945444303778466,default,100,0.0,11,1,1,0,0,0.0013427999947452918,
map_easy_123_60bcdb24,map_easy,train,212,123,easy,5,5,0.1,0.95,0.06910717082259574,default,100,3.0,8,1,1,0,0,0.001069099991582334,
map_easy_123_60bcdb24,map_easy,train,213,123,easy,5,5,0.1,0.95,0.06876163496848275,default,100,3.0,8,1,1,0,0,0.0010796999995363876,
map_easy_123_60bcdb24,map_easy,train,214,123,easy,5,5,0.1,0.95,0.06841782679364034,default,100,3.0,8,1,1,0,0,0.001062600000295788,
map_easy_123_60bcdb24,map_easy,train,215,123,easy,5,5,0.1,0.95,0.06807573765967213,default,100,3.0,8,1,1,0,0,0.0010827999940374866,
map_easy_123_60bcdb24,map_easy,train,216,123,easy,5,5,0.1,0.95,0.06773535897137377,default,100,3.0,8,1,1,0,0,0.0010235999943688512,
map_easy_123_60bcdb24,map_easy,train,217,123,easy,5,5,0.1,0.95,0.0673966821765169,default,100,3.0,8,1,1,0,0,0.0010922999936155975,
map_easy_123_60bcdb24,map_easy,train,218,123,easy,5,5,0.1,0.95,0.0670596987656343,default,100,2.0,9,1,1,0,0,0.0010489999986020848,
map_easy_123_60bcdb24,map_easy,train,219,123,easy,5,5,0.1,0.95,0.06672440027180614,default,100,3.0,8,1,1,0,0,0.0010821000032592565,
map_easy_123_60bcdb24,map_easy,train,220,123,easy,5,5,0.1,0.95,0.0663907782704471,default,100,2.0,9,1,1,0,0,0.0011368999985279515,
map_easy_123_60bcdb24,map_easy,train,221,123,easy,5,5,0.1,0.95,0.06605882437909487,default,100,2.0,9,1,1,0,0,0.0011824000102933496,
map_easy_123_60bcdb24,map_easy,train,222,123,easy,5,5,0.1,0.95,0.0657285302571994,default,100,0.0,11,1,1,0,0,0.001359700007014908,
map_easy_123_60bcdb24,map_easy,train,223,123,easy,5,5,0.1,0.95,0.06539988760591339,default,100,3.0,8,1,1,0,0,0.0010271000064676628,
map_easy_123_60bcdb24,map_easy,train,224,123,easy,5,5,0.1,0.95,0.06507288816788383,default,100,3.0,8,1,1,0,0,0.0010889999975915998,
map_easy_123_60bcdb24,map_easy,train,225,123,easy,5,5,0.1,0.95,0.06474752372704441,default,100,3.0,8,1,1,0,0,0.0010729999921750277,
map_easy_123_60bcdb24,map_easy,train,226,123,easy,5,5,0.1,0.95,0.0644237861084092,default,100,3.0,8,1,1,0,0,0.0011156000109622255,
map_easy_123_60bcdb24,map_easy,train,227,123,easy,5,5,0.1,0.95,0.06410166717786715,default,100,3.0,8,1,1,0,0,0.0010847999947145581,
map_easy_123_60bcdb24,map_easy,train,228,123,easy,5,5,0.1,0.95,0.06378115884197781,default,100,3.0,8,1,1,0,0,0.0011109000042779371,
map_easy_123_60bcdb24,map_easy,train,229,123,easy,5,5,0.1,0.95,0.06346225304776792,default,100,3.0,8,1,1,0,0,0.00106969999615103,
map_easy_123_60bcdb24,map_easy,train,230,123,easy,5,5,0.1,0.95,0.06314494178252908,default,100,1.0,10,1,1,0,0,0.0012725999986287206,
map_easy_123_60bcdb24,map_easy,train,231,123,easy,5,5,0.1,0.95,0.06282921707361644,default,100,2.0,9,1,1,0,0,0.0011544000008143485,
map_easy_123_60bcdb24,map_easy,train,232,123,easy,5,5,0.1,0.95,0.06251507098824835,default,100,1.0,10,1,1,0,0,0.0012629999982891604,
map_easy_123_60bcdb24,map_easy,train,233,123,easy,5,5,0.1,0.95,0.062202495633307105,default,100,1.0,10,1,1,0,0,0.001221900005475618,
map_easy_123_60bcdb24,map_easy,train,234,123,easy,5,5,0.1,0.95,0.06189148315514057,default,100,3.0,8,1,1,0,0,0.0010711999930208549,
map_easy_123_60bcdb24,map_easy,train,235,123,easy,5,5,0.1,0.95,0.061582025739364867,default,100,1.0,10,1,1,0,0,0.0012735999916912988,
map_easy_123_60bcdb24,map_easy,train,236,123,easy,5,5,0.1,0.95,0.06127411561066804,default,100,3.0,8,1,1,0,0,0.0010864000068977475,
map_easy_123_60bcdb24,map_easy,train,237,123,easy,5,5,0.1,0.95,0.0609677450326147,default,100,3.0,8,1,1,0,0,0.0012685999972745776,
map_easy_123_60bcdb24,map_easy,train,238,123,easy,5,5,0.1,0.95,0.06066290630745162,default,100,3.0,8,1,1,0,0,0.0011529000039445236,
map_easy_123_60bcdb24,map_easy,train,239,123,easy,5,5,0.1,0.95,0.060359591775914365,default,100,-2.0,13,1,1,0,0,0.0015133999986574054,
map_easy_123_60bcdb24,map_easy,train,240,123,easy,5,5,0.1,0.95,0.06005779381703479,default,100,3.0,8,1,1,0,0,0.0010732000082498416,
map_easy_123_60bcdb24,map_easy,train,241,123,easy,5,5,0.1,0.95,0.059757504847949616,default,100,3.0,8,1,1,0,0,0.0010846000077435747,
map_easy_123_60bcdb24,map_easy,train,242,123,easy,5,5,0.1,0.95,0.059458717323709866,default,100,3.0,8,1,1,0,0,0.000989699998172,
map_easy_123_60bcdb24,map_easy,train,243,123,easy,5,5,0.1,0.95,0.059161423737091316,default,100,3.0,8,1,1,0,0,0.0010898000036831945,
map_easy_123_60bcdb24,map_easy,train,244,123,easy,5,5,0.1,0.95,0.05886561661840586,default,100,3.0,8,1,1,0,0,0.0010627000010572374,
map_easy_123_60bcdb24,map_easy,train,245,123,easy,5,5,0.1,0.95,0.05857128853531383,default,100,3.0,8,1,1,0,0,0.0011003999970853329,
map_easy_123_60bcdb24,map_easy,train,246,123,easy,5,5,0.1,0.95,0.05827843209263726,default,100,3.0,8,1,1,0,0,0.0010567999997874722,
map_easy_123_60bcdb24,map_easy,train,247,123,easy,5,5,0.1,0.95,0.05798703993217407,default,100,3.0,8,1,1,0,0,0.0010860999900614843,
map_easy_123_60bcdb24,map_easy,train,248,123,easy,5,5,0.1,0.95,0.0576971047325132,default,100,3.0,8,1,1,0,0,0.0010576000058790669,
map_easy_123_60bcdb24,map_easy,train,249,123,easy,5,5,0.1,0.95,0.05740861920885063,default,100,1.0,10,1,1,0,0,0.0012691000010818243,
map_easy_123_60bcdb24,map_easy,train,250,123,easy,5,5,0.1,0.95,0.057121576112806376,default,100,3.0,8,1,1,0,0,0.001080400004866533,
map_easy_123_60bcdb24,map_easy,train,251,123,easy,5,5,0.1,0.95,0.056835968232242344,default,100,3.0,8,1,1,0,0,0.0011089000036008656,
map_easy_123_60bcdb24,map_easy,train,252,123,easy,5,5,0.1,0.95,0.05655178839108113,default,100,2.0,9,1,1,0,0,0.0011655999987851828,
map_easy_123_60bcdb24,map_easy,train,253,123,easy,5,5,0.1,0.95,0.05626902944912573,default,100,3.0,8,1,1,0,0,0.0010632999910740182,
map_easy_123_60bcdb24,map_easy,train,254,123,easy,5,5,0.1,0.95,0.0559876843018801,default,100,2.0,9,1,1,0,0,0.0011504000140121207,
map_easy_123_60bcdb24,map_easy,train,255,123,easy,5,5,0.1,0.95,0.055707745880370696,default,100,2.0,9,1,1,0,0,0.0013429000100586563,
map_easy_123_60bcdb24,map_easy,train,256,123,easy,5,5,0.1,0.95,0.05542920715096884,default,100,3.0,8,1,1,0,0,0.0011199000000488013,
map_easy_123_60bcdb24,map_easy,train,257,123,easy,5,5,0.1,0.95,0.055152061115214,default,100,2.0,9,1,1,0,0,0.0011391000007279217,
map_easy_123_60bcdb24,map_easy,train,258,123,easy,5,5,0.1,0.95,0.05487630080963793,default,100,3.0,8,1,1,0,0,0.0010938000050373375,
map_easy_123_60bcdb24,map_easy,train,259,123,easy,5,5,0.1,0.95,0.05460191930558974,default,100,3.0,8,1,1,0,0,0.0010489000123925507,
map_easy_123_60bcdb24,map_easy,train,260,123,easy,5,5,0.1,0.95,0.05432890970906179,default,100,3.0,8,1,1,0,0,0.0010570000013103709,
map_easy_123_60bcdb24,map_easy,train,261,123,easy,5,5,0.1,0.95,0.05405726516051648,default,100,3.0,8,1,1,0,0,0.0011171999940415844,
map_easy_123_60bcdb24,map_easy,train,262,123,easy,5,5,0.1,0.95,0.0537869788347139,default,100,3.0,8,1,1,0,0,0.0010241999989375472,
map_easy_123_60bcdb24,map_easy,train,263,123,easy,5,5,0.1,0.95,0.053518043940540334,default,100,3.0,8,1,1,0,0,0.00109790000715293,
map_easy_123_60bcdb24,map_easy,train,264,123,easy,5,5,0.1,0.95,0.053250453720837636,default,100,3.0,8,1,1,0,0,0.0010621999972499907,
map_easy_123_60bcdb24,map_easy,train,265,123,easy,5,5,0.1,0.95,0.05298420145223345,default,100,3.0,8,1,1,0,0,0.0010886999953072518,
map_easy_123_60bcdb24,map_easy,train,266,123,easy,5,5,0.1,0.95,0.05271928044497228,default,100,3.0,8,1,1,0,0,0.00108380000165198,
map_easy_123_60bcdb24,map_easy,train,267,123,easy,5,5,0.1,0.95,0.05245568404274742,default,100,3.0,8,1,1,0,0,0.0010700999991968274,
map_easy_123_60bcdb24,map_easy,train,268,123,easy,5,5,0.1,0.95,0.05219340562253368,default,100,3.0,8,1,1,0,0,0.001082599992514588,
map_easy_123_60bcdb24,map_easy,train,269,123,easy,5,5,0.1,0.95,0.05193243859442102,default,100,3.0,8,1,1,0,0,0.0010876000014832243,
map_easy_123_60bcdb24,map_easy,train,270,123,easy,5,5,0.1,0.95,0.05167277640144891,default,100,3.0,8,1,1,0,0,0.0010803999903146178,
map_easy_123_60bcdb24,map_easy,train,271,123,easy,5,5,0.1,0.95,0.05141441251944167,default,100,3.0,8,1,1,0,0,0.0010593000042717904,
map_easy_123_60bcdb24,map_easy,train,272,123,easy,5,5,0.1,0.95,0.05115734045684446,default,100,3.0,8,1,1,0,0,0.0010728999914135784,
map_easy_123_60bcdb24,map_easy,train,273,123,easy,5,5,0.1,0.95,0.050901553754560236,default,100,3.0,8,1,1,0,0,0.0010528999991947785,
map_easy_123_60bcdb24,map_easy,train,274,123,easy,5,5,0.1,0.95,0.05064704598578743,default,100,2.0,9,1,1,0,0,0.0011420000082580373,
map_easy_123_60bcdb24,map_easy,train,275,123,easy,5,5,0.1,0.95,0.0503938107558585,default,100,3.0,8,1,1,0,0,0.0010544999968260527,
map_easy_123_60bcdb24,map_easy,train,276,123,easy,5,5,0.1,0.95,0.05014184170207921,default,100,3.0,8,1,1,0,0,0.001121300010709092,
map_easy_123_60bcdb24,map_easy,train,277,123,easy,5,5,0.1,0.95,0.05,default,100,3.0,8,1,1,0,0,0.0011219000007258728,
map_easy_123_60bcdb24,map_easy,train,278,123,easy,5,5,0.1,0.95,0.05,default,100,3.0,8,1,1,0,0,0.0010712000075727701,
map_easy_123_60bcdb24,map_easy,train,279,123,easy,5,5,0.1,0.95,0.05,default,100,3.0,8,1,1,0,0,0.0010787999926833436,
map_easy_123_60bcdb24,map_easy,train,280,123,easy,5,5,0.1,0.95,0.05,default,100,3.0,8,1,1,0,0,0.001058599998941645,
map_easy_123_60bcdb24,map_easy,train,281,123,easy,5,5,0.1,0.95,0.05,default,100,3.0,8,1,1,0,0,0.0011301999911665916,
map_easy_123_60bcdb24,map_easy,train,282,123,easy,5,5,0.1,0.95,0.05,default,100,3.0,8,1,1,0,0,0.0010758999997051433,
map_easy_123_60bcdb24,map_easy,train,283,123,easy,5,5,0.1,0.95,0.05,default,100,3.0,8,1,1,0,0,0.0010853999992832541,
map_easy_123_60bcdb24,map_easy,train,284,123,easy,5,5,0.1,0.95,0.05,default,100,3.0,8,1,1,0,0,0.0010654999932739884,
map_easy_123_60bcdb24,map_easy,train,285,123,easy,5,5,0.1,0.95,0.05,default,100,2.0,9,1,1,0,0,0.0011104000004706904,
map_easy_123_60bcdb24,map_easy,train,286,123,easy,5,5,0.1,0.95,0.05,default,100,3.0,8,1,1,0,0,0.001065600008587353,
map_easy_123_60bcdb24,map_easy,train,287,123,easy,5,5,0.1,0.95,0.05,default,100,3.0,8,1,1,0,0,0.001104700000723824,
map_easy_123_60bcdb24,map_easy,train,288,123,easy,5,5,0.1,0.95,0.05,default,100,3.0,8,1,1,0,0,0.001069099991582334,
map_easy_123_60bcdb24,map_easy,train,289,123,easy,5,5,0.1,0.95,0.05,default,100,3.0,8,1,1,0,0,0.0010697999969124794,
map_easy_123_60bcdb24,map_easy,train,290,123,easy,5,5,0.1,0.95,0.05,default,100,3.0,8,1,1,0,0,0.00107489999209065,
map_easy_123_60bcdb24,map_easy,train,291,123,easy,5,5,0.1,0.95,0.05,default,100,1.0,10,1,1,0,0,0.0012035000108880922,
map_easy_123_60bcdb24,map_easy,train,292,123,easy,5,5,0.1,0.95,0.05,default,100,3.0,8,1,1,0,0,0.001036199988448061,
map_easy_123_60bcdb24,map_easy,train,293,123,easy,5,5,0.1,0.95,0.05,default,100,3.0,8,1,1,0,0,0.001058599998941645,
map_easy_123_60bcdb24,map_easy,train,294,123,easy,5,5,0.1,0.95,0.05,default,100,2.0,9,1,1,0,0,0.001152700002421625,
map_easy_123_60bcdb24,map_easy,train,295,123,easy,5,5,0.1,0.95,0.05,default,100,1.0,10,1,1,0,0,0.001224999999976717,
map_easy_123_60bcdb24,map_easy,train,296,123,easy,5,5,0.1,0.95,0.05,default,100,3.0,8,1,1,0,0,0.0010729999921750277,
map_easy_123_60bcdb24,map_easy,train,297,123,easy,5,5,0.1,0.95,0.05,default,100,3.0,8,1,1,0,0,0.001068099998519756,
map_easy_123_60bcdb24,map_easy,train,298,123,easy,5,5,0.1,0.95,0.05,default,100,3.0,8,1,1,0,0,0.0010760000004665926,
map_easy_123_60bcdb24,map_easy,train,299,123,easy,5,5,0.1,0.95,0.05,default,100,3.0,8,1,1,0,0,0.0010766999912448227,
map_easy_123_60bcdb24,map_easy,train,300,123,easy,5,5,0.1,0.95,0.05,default,100,3.0,8,1,1,0,0,0.0009673999884398654,
map_easy_123_60bcdb24,map_easy,train,301,123,easy,5,5,0.1,0.95,0.05,default,100,3.0,8,1,1,0,0,0.001073999999789521,
map_easy_123_60bcdb24,map_easy,train,302,123,easy,5,5,0.1,0.95,0.05,default,100,3.0,8,1,1,0,0,0.0010655999940354377,
map_easy_123_60bcdb24,map_easy,train,303,123,easy,5,5,0.1,0.95,0.05,default,100,3.0,8,1,1,0,0,0.0010792000102810562,
map_easy_123_60bcdb24,map_easy,train,304,123,easy,5,5,0.1,0.95,0.05,default,100,3.0,8,1,1,0,0,0.00101859999995213,
map_easy_123_60bcdb24,map_easy,train,305,123,easy,5,5,0.1,0.95,0.05,default,100,2.0,9,1,1,0,0,0.0011509000032674521,
map_easy_123_60bcdb24,map_easy,train,306,123,easy,5,5,0.1,0.95,0.05,default,100,3.0,8,1,1,0,0,0.001036400004522875,
map_easy_123_60bcdb24,map_easy,train,307,123,easy,5,5,0.1,0.95,0.05,default,100,3.0,8,1,1,0,0,0.001084700008505024,
map_easy_123_60bcdb24,map_easy,train,308,123,easy,5,5,0.1,0.95,0.05,default,100,3.0,8,1,1,0,0,0.0010738999990280718,
map_easy_123_60bcdb24,map_easy,train,309,123,easy,5,5,0.1,0.95,0.05,default,100,3.0,8,1,1,0,0,0.0010821000032592565,
map_easy_123_60bcdb24,map_easy,train,310,123,easy,5,5,0.1,0.95,0.05,default,100,2.0,9,1,1,0,0,0.001130899996496737,
map_easy_123_60bcdb24,map_easy,train,311,123,easy,5,5,0.1,0.95,0.05,default,100,2.0,9,1,1,0,0,0.001153699995484203,
map_easy_123_60bcdb24,map_easy,train,312,123,easy,5,5,0.1,0.95,0.05,default,100,1.0,10,1,1,0,0,0.0012643000081880018,
map_easy_123_60bcdb24,map_easy,train,313,123,easy,5,5,0.1,0.95,0.05,default,100,3.0,8,1,1,0,0,0.0010885999945458025,
map_easy_123_60bcdb24,map_easy,train,314,123,easy,5,5,0.1,0.95,0.05,default,100,3.0,8,1,1,0,0,0.0010808000079123303,
map_easy_123_60bcdb24,map_easy,train,315,123,easy,5,5,0.1,0.95,0.05,default,100,3.0,8,1,1,0,0,0.0010615999926812947,
map_easy_123_60bcdb24,map_easy,train,316,123,easy,5,5,0.1,0.95,0.05,default,100,3.0,8,1,1,0,0,0.0010870999976759776,
map_easy_123_60bcdb24,map_easy,train,317,123,easy,5,5,0.1,0.95,0.05,default,100,3.0,8,1,1,0,0,0.0010672999924281612,
map_easy_123_60bcdb24,map_easy,train,318,123,easy,5,5,0.1,0.95,0.05,default,100,3.0,8,1,1,0,0,0.0010752999951364473,
map_easy_123_60bcdb24,map_easy,train,319,123,easy,5,5,0.1,0.95,0.05,default,100,3.0,8,1,1,0,0,0.001054599997587502,
map_easy_123_60bcdb24,map_easy,train,320,123,easy,5,5,0.1,0.95,0.05,default,100,3.0,8,1,1,0,0,0.0010799999872688204,
map_easy_123_60bcdb24,map_easy,train,321,123,easy,5,5,0.1,0.95,0.05,default,100,3.0,8,1,1,0,0,0.0011303000064799562,
map_easy_123_60bcdb24,map_easy,train,322,123,easy,5,5,0.1,0.95,0.05,default,100,3.0,8,1,1,0,0,0.0010675999947125092,
map_easy_123_60bcdb24,map_easy,train,323,123,easy,5,5,0.1,0.95,0.05,default,100,3.0,8,1,1,0,0,0.001087199998437427,
map_easy_123_60bcdb24,map_easy,train,324,123,easy,5,5,0.1,0.95,0.05,default,100,3.0,8,1,1,0,0,0.0010556000052019954,
map_easy_123_60bcdb24,map_easy,train,325,123,easy,5,5,0.1,0.95,0.05,default,100,3.0,8,1,1,0,0,0.0010708999907365069,
map_easy_123_60bcdb24,map_easy,train,326,123,easy,5,5,0.1,0.95,0.05,default,100,3.0,8,1,1,0,0,0.0010339000000385568,
map_easy_123_60bcdb24,map_easy,train,327,123,easy,5,5,0.1,0.95,0.05,default,100,3.0,8,1,1,0,0,0.0010937999904854223,
map_easy_123_60bcdb24,map_easy,train,328,123,easy,5,5,0.1,0.95,0.05,default,100,3.0,8,1,1,0,0,0.0010675999947125092,
map_easy_123_60bcdb24,map_easy,train,329,123,easy,5,5,0.1,0.95,0.05,default,100,3.0,8,1,1,0,0,0.001078299988876097,
map_easy_123_60bcdb24,map_easy,train,330,123,easy,5,5,0.1,0.95,0.05,default,100,3.0,8,1,1,0,0,0.0010715000098571181,
map_easy_123_60bcdb24,map_easy,train,331,123,easy,5,5,0.1,0.95,0.05,default,100,2.0,9,1,1,0,0,0.001158899991423823,
map_easy_123_60bcdb24,map_easy,train,332,123,easy,5,5,0.1,0.95,0.05,default,100,3.0,8,1,1,0,0,0.0010869000107049942,
map_easy_123_60bcdb24,map_easy,train,333,123,easy,5,5,0.1,0.95,0.05,default,100,2.0,9,1,1,0,0,0.0011343999940436333,
map_easy_123_60bcdb24,map_easy,train,334,123,easy,5,5,0.1,0.95,0.05,default,100,1.0,10,1,1,0,0,0.0012691000010818243,
map_easy_123_60bcdb24,map_easy,train,335,123,easy,5,5,0.1,0.95,0.05,default,100,3.0,8,1,1,0,0,0.0010518999915802851,
map_easy_123_60bcdb24,map_easy,train,336,123,easy,5,5,0.1,0.95,0.05,default,100,3.0,8,1,1,0,0,0.0010668999893823639,
map_easy_123_60bcdb24,map_easy,train,337,123,easy,5,5,0.1,0.95,0.05,default,100,3.0,8,1,1,0,0,0.0010814000124810264,
map_easy_123_60bcdb24,map_easy,train,338,123,easy,5,5,0.1,0.95,0.05,default,100,2.0,9,1,1,0,0,0.001109000004362315,
map_easy_123_60bcdb24,map_easy,train,339,123,easy,5,5,0.1,0.95,0.05,default,100,3.0,8,1,1,0,0,0.0010675999947125092,
map_easy_123_60bcdb24,map_easy,train,340,123,easy,5,5,0.1,0.95,0.05,default,100,3.0,8,1,1,0,0,0.0010141999955521896,
map_easy_123_60bcdb24,map_easy,train,341,123,easy,5,5,0.1,0.95,0.05,default,100,2.0,9,1,1,0,0,0.0011804999958258122,
map_easy_123_60bcdb24,map_easy,train,342,123,easy,5,5,0.1,0.95,0.05,default,100,3.0,8,1,1,0,0,0.001029399994877167,
map_easy_123_60bcdb24,map_easy,train,343,123,easy,5,5,0.1,0.95,0.05,default,100,3.0,8,1,1,0,0,0.0012222999939695,
map_easy_123_60bcdb24,map_easy,train,344,123,easy,5,5,0.1,0.95,0.05,default,100,3.0,8,1,1,0,0,0.0010820000024978071,
map_easy_123_60bcdb24,map_easy,train,345,123,easy,5,5,0.1,0.95,0.05,default,100,3.0,8,1,1,0,0,0.0010809000086737797,
map_easy_123_60bcdb24,map_easy,train,346,123,easy,5,5,0.1,0.95,0.05,default,100,3.0,8,1,1,0,0,0.0010614999919198453,
map_easy_123_60bcdb24,map_easy,train,347,123,easy,5,5,0.1,0.95,0.05,default,100,-1.0,12,1,1,0,0,0.0014540999982273206,
map_easy_123_60bcdb24,map_easy,train,348,123,easy,5,5,0.1,0.95,0.05,default,100,2.0,9,1,1,0,0,0.0011561999999685213,
map_easy_123_60bcdb24,map_easy,train,349,123,easy,5,5,0.1,0.95,0.05,default,100,3.0,8,1,1,0,0,0.0011386000114725903,
map_easy_123_60bcdb24,map_easy,train,350,123,easy,5,5,0.1,0.95,0.05,default,100,3.0,8,1,1,0,0,0.0010907000105362386,
map_easy_123_60bcdb24,map_easy,train,351,123,easy,5,5,0.1,0.95,0.05,default,100,3.0,8,1,1,0,0,0.0010564999975031242,
map_easy_123_60bcdb24,map_easy,train,352,123,easy,5,5,0.1,0.95,0.05,default,100,3.0,8,1,1,0,0,0.0010885999945458025,
map_easy_123_60bcdb24,map_easy,train,353,123,easy,5,5,0.1,0.95,0.05,default,100,3.0,8,1,1,0,0,0.001065600008587353,
map_easy_123_60bcdb24,map_easy,train,354,123,easy,5,5,0.1,0.95,0.05,default,100,1.0,10,1,1,0,0,0.0012331000034464523,
map_easy_123_60bcdb24,map_easy,train,355,123,easy,5,5,0.1,0.95,0.05,default,100,0.0,11,1,1,0,0,0.0013328000059118494,
map_easy_123_60bcdb24,map_easy,train,356,123,easy,5,5,0.1,0.95,0.05,default,100,3.0,8,1,1,0,0,0.0010543999960646033,
map_easy_123_60bcdb24,map_easy,train,357,123,easy,5,5,0.1,0.95,0.05,default,100,3.0,8,1,1,0,0,0.0011003000108757988,
map_easy_123_60bcdb24,map_easy,train,358,123,easy,5,5,0.1,0.95,0.05,default,100,3.0,8,1,1,0,0,0.0010645000002114102,
map_easy_123_60bcdb24,map_easy,train,359,123,easy,5,5,0.1,0.95,0.05,default,100,3.0,8,1,1,0,0,0.0010728000052040443,
map_easy_123_60bcdb24,map_easy,train,360,123,easy,5,5,0.1,0.95,0.05,default,100,3.0,8,1,1,0,0,0.0010123999963980168,
map_easy_123_60bcdb24,map_easy,train,361,123,easy,5,5,0.1,0.95,0.05,default,100,3.0,8,1,1,0,0,0.0011091000051237643,
map_easy_123_60bcdb24,map_easy,train,362,123,easy,5,5,0.1,0.95,0.05,default,100,2.0,9,1,1,0,0,0.0011540999985300004,
map_easy_123_60bcdb24,map_easy,train,363,123,easy,5,5,0.1,0.95,0.05,default,100,1.0,10,1,1,0,0,0.0012644000089494511,
map_easy_123_60bcdb24,map_easy,train,364,123,easy,5,5,0.1,0.95,0.05,default,100,3.0,8,1,1,0,0,0.0010742000013124198,
map_easy_123_60bcdb24,map_easy,train,365,123,easy,5,5,0.1,0.95,0.05,default,100,3.0,8,1,1,0,0,0.0010544000106165186,
map_easy_123_60bcdb24,map_easy,train,366,123,easy,5,5,0.1,0.95,0.05,default,100,1.0,10,1,1,0,0,0.0012430999922798946,
map_easy_123_60bcdb24,map_easy,train,367,123,easy,5,5,0.1,0.95,0.05,default,100,1.0,10,1,1,0,0,0.001285300008021295,
map_easy_123_60bcdb24,map_easy,train,368,123,easy,5,5,0.1,0.95,0.05,default,100,3.0,8,1,1,0,0,0.0010815999994520098,
map_easy_123_60bcdb24,map_easy,train,369,123,easy,5,5,0.1,0.95,0.05,default,100,3.0,8,1,1,0,0,0.0010860000038519502,
map_easy_123_60bcdb24,map_easy,train,370,123,easy,5,5,0.1,0.95,0.05,default,100,3.0,8,1,1,0,0,0.0010279999987687916,
map_easy_123_60bcdb24,map_easy,train,371,123,easy,5,5,0.1,0.95,0.05,default,100,3.0,8,1,1,0,0,0.0010951000003842637,
map_easy_123_60bcdb24,map_easy,train,372,123,easy,5,5,0.1,0.95,0.05,default,100,3.0,8,1,1,0,0,0.0010620999964885414,
map_easy_123_60bcdb24,map_easy,train,373,123,easy,5,5,0.1,0.95,0.05,default,100,3.0,8,1,1,0,0,0.0010790999949676916,
map_easy_123_60bcdb24,map_easy,train,374,123,easy,5,5,0.1,0.95,0.05,default,100,3.0,8,1,1,0,0,0.001060100010363385,
map_easy_123_60bcdb24,map_easy,train,375,123,easy,5,5,0.1,0.95,0.05,default,100,3.0,8,1,1,0,0,0.0010737999982666224,
map_easy_123_60bcdb24,map_easy,train,376,123,easy,5,5,0.1,0.95,0.05,default,100,3.0,8,1,1,0,0,0.0010570000013103709,
map_easy_123_60bcdb24,map_easy,train,377,123,easy,5,5,0.1,0.95,0.05,default,100,3.0,8,1,1,0,0,0.001088400007574819,
map_easy_123_60bcdb24,map_easy,train,378,123,easy,5,5,0.1,0.95,0.05,default,100,3.0,8,1,1,0,0,0.0010815999994520098,
map_easy_123_60bcdb24,map_easy,train,379,123,easy,5,5,0.1,0.95,0.05,default,100,3.0,8,1,1,0,0,0.0009948999941116199,
map_easy_123_60bcdb24,map_easy,train,380,123,easy,5,5,0.1,0.95,0.05,default,100,3.0,8,1,1,0,0,0.0011125000019092113,
map_easy_123_60bcdb24,map_easy,train,381,123,easy,5,5,0.1,0.95,0.05,default,100,3.0,8,1,1,0,0,0.001105600007576868,
map_easy_123_60bcdb24,map_easy,train,382,123,easy,5,5,0.1,0.95,0.05,default,100,3.0,8,1,1,0,0,0.0010328000062145293,
map_easy_123_60bcdb24,map_easy,train,383,123,easy,5,5,0.1,0.95,0.05,default,100,2.0,9,1,1,0,0,0.0011418000067351386,
map_easy_123_60bcdb24,map_easy,train,384,123,easy,5,5,0.1,0.95,0.05,default,100,1.0,10,1,1,0,0,0.0012336999934632331,
map_easy_123_60bcdb24,map_easy,train,385,123,easy,5,5,0.1,0.95,0.05,default,100,0.0,11,1,1,0,0,0.001341299997875467,
map_easy_123_60bcdb24,map_easy,train,386,123,easy,5,5,0.1,0.95,0.05,default,100,3.0,8,1,1,0,0,0.0010766999912448227,
map_easy_123_60bcdb24,map_easy,train,387,123,easy,5,5,0.1,0.95,0.05,default,100,3.0,8,1,1,0,0,0.0010734000097727403,
map_easy_123_60bcdb24,map_easy,train,388,123,easy,5,5,0.1,0.95,0.05,default,100,2.0,9,1,1,0,0,0.0011590999929467216,
map_easy_123_60bcdb24,map_easy,train,389,123,easy,5,5,0.1,0.95,0.05,default,100,3.0,8,1,1,0,0,0.0010799000010592863,
map_easy_123_60bcdb24,map_easy,train,390,123,easy,5,5,0.1,0.95,0.05,default,100,3.0,8,1,1,0,0,0.0010602999973343685,
map_easy_123_60bcdb24,map_easy,train,391,123,easy,5,5,0.1,0.95,0.05,default,100,3.0,8,1,1,0,0,0.0010868000099435449,
map_easy_123_60bcdb24,map_easy,train,392,123,easy,5,5,0.1,0.95,0.05,default,100,3.0,8,1,1,0,0,0.0010600999958114699,
map_easy_123_60bcdb24,map_easy,train,393,123,easy,5,5,0.1,0.95,0.05,default,100,3.0,8,1,1,0,0,0.0010907999967457727,
map_easy_123_60bcdb24,map_easy,train,394,123,easy,5,5,0.1,0.95,0.05,default,100,0.0,11,1,1,0,0,0.001298800008953549,
map_easy_123_60bcdb24,map_easy,train,395,123,easy,5,5,0.1,0.95,0.05,default,100,3.0,8,1,1,0,0,0.00108380000165198,
map_easy_123_60bcdb24,map_easy,train,396,123,easy,5,5,0.1,0.95,0.05,default,100,1.0,10,1,1,0,0,0.0012705999979516491,
map_easy_123_60bcdb24,map_easy,train,397,123,easy,5,5,0.1,0.95,0.05,default,100,3.0,8,1,1,0,0,0.0010894000006373972,
map_easy_123_60bcdb24,map_easy,train,398,123,easy,5,5,0.1,0.95,0.05,default,100,3.0,8,1,1,0,0,0.001152700002421625,
map_easy_123_60bcdb24,map_easy,train,399,123,easy,5,5,0.1,0.95,0.05,default,100,3.0,8,1,1,0,0,0.0010873999999603257,
map_easy_123_60bcdb24,map_easy,train,400,123,easy,5,5,0.1,0.95,0.05,default,100,3.0,8,1,1,0,0,0.0010877000022446737,results\map\easy\seed_123\qtable_ep400.npz
map_easy_123_60bcdb24,map_easy,train,401,123,easy,5,5,0.1,0.95,0.05,default,100,-1.0,12,1,1,0,0,0.0014808999985689297,
map_easy_123_60bcdb24,map_easy,train,402,123,easy,5,5,0.1,0.95,0.05,default,100,3.0,8,1,1,0,0,0.0010849999962374568,
map_easy_123_60bcdb24,map_easy,train,403,123,easy,5,5,0.1,0.95,0.05,default,100,3.0,8,1,1,0,0,0.0010775999980978668,
map_easy_123_60bcdb24,map_easy,train,404,123,easy,5,5,0.1,0.95,0.05,default,100,2.0,9,1,1,0,0,0.0011503999994602054,
map_easy_123_60bcdb24,map_easy,train,405,123,easy,5,5,0.1,0.95,0.05,default,100,3.0,8,1,1,0,0,0.0010722000006353483,
map_easy_123_60bcdb24,map_easy,train,406,123,easy,5,5,0.1,0.95,0.05,default,100,3.0,8,1,1,0,0,0.0010818000009749085,
map_easy_123_60bcdb24,map_easy,train,407,123,easy,5,5,0.1,0.95,0.05,default,100,3.0,8,1,1,0,0,0.0010452999995322898,
map_easy_123_60bcdb24,map_easy,train,408,123,easy,5,5,0.1,0.95,0.05,default,100,3.0,8,1,1,0,0,0.0010718999983510002,
map_easy_123_60bcdb24,map_easy,train,409,123,easy,5,5,0.1,0.95,0.05,default,100,3.0,8,1,1,0,0,0.0010292000079061836,
map_easy_123_60bcdb24,map_easy,train,410,123,easy,5,5,0.1,0.95,0.05,default,100,3.0,8,1,1,0,0,0.0010571999882813543,
map_easy_123_60bcdb24,map_easy,train,411,123,easy,5,5,0.1,0.95,0.05,default,100,3.0,8,1,1,0,0,0.0010700999991968274,
map_easy_123_60bcdb24,map_easy,train,412,123,easy,5,5,0.1,0.95,0.05,default,100,3.0,8,1,1,0,0,0.0010860999900614843,
map_easy_123_60bcdb24,map_easy,train,413,123,easy,5,5,0.1,0.95,0.05,default,100,2.0,9,1,1,0,0,0.001152099997852929,
map_easy_123_60bcdb24,map_easy,train,414,123,easy,5,5,0.1,0.95,0.05,default,100,2.0,9,1,1,0,0,0.001150899988715537,
map_easy_123_60bcdb24,map_easy,train,415,123,easy,5,5,0.1,0.95,0.05,default,100,3.0,8,1,1,0,0,0.0010755999974207953,
map_easy_123_60bcdb24,map_easy,train,416,123,easy,5,5,0.1,0.95,0.05,default,100,3.0,8,1,1,0,0,0.0010571000020718202,
map_easy_123_60bcdb24,map_easy,train,417,123,easy,5,5,0.1,0.95,0.05,default,100,3.0,8,1,1,0,0,0.0010864999931072816,
map_easy_123_60bcdb24,map_easy,train,418,123,easy,5,5,0.1,0.95,0.05,default,100,3.0,8,1,1,0,0,0.0010553999891271815,
map_easy_123_60bcdb24,map_easy,train,419,123,easy,5,5,0.1,0.95,0.05,default,100,3.0,8,1,1,0,0,0.0010735000105341896,
map_easy_123_60bcdb24,map_easy,train,420,123,easy,5,5,0.1,0.95,0.05,default,100,-1.0,12,1,1,0,0,0.0014465999993262812,
map_easy_123_60bcdb24,map_easy,train,421,123,easy,5,5,0.1,0.95,0.05,default,100,3.0,8,1,1,0,0,0.0013346000050660223,
map_easy_123_60bcdb24,map_easy,train,422,123,easy,5,5,0.1,0.95,0.05,default,100,-1.0,12,1,1,0,0,0.001694499995210208,
map_easy_123_60bcdb24,map_easy,train,423,123,easy,5,5,0.1,0.95,0.05,default,100,3.0,8,1,1,0,0,0.0011488000018289313,
map_easy_123_60bcdb24,map_easy,train,424,123,easy,5,5,0.1,0.95,0.05,default,100,2.0,9,1,1,0,0,0.0010976000048685819,
map_easy_123_60bcdb24,map_easy,train,425,123,easy,5,5,0.1,0.95,0.05,default,100,1.0,10,1,1,0,0,0.0012494999973569065,
map_easy_123_60bcdb24,map_easy,train,426,123,easy,5,5,0.1,0.95,0.05,default,100,3.0,8,1,1,0,0,0.001071799997589551,
map_easy_123_60bcdb24,map_easy,train,427,123,easy,5,5,0.1,0.95,0.05,default,100,3.0,8,1,1,0,0,0.0010704000014811754,
map_easy_123_60bcdb24,map_easy,train,428,123,easy,5,5,0.1,0.95,0.05,default,100,1.0,10,1,1,0,0,0.001270800014026463,
map_easy_123_60bcdb24,map_easy,train,429,123,easy,5,5,0.1,0.95,0.05,default,100,3.0,8,1,1,0,0,0.0010623999987728894,
map_easy_123_60bcdb24,map_easy,train,430,123,easy,5,5,0.1,0.95,0.05,default,100,3.0,8,1,1,0,0,0.0010711000068113208,
map_easy_123_60bcdb24,map_easy,train,431,123,easy,5,5,0.1,0.95,0.05,default,100,3.0,8,1,1,0,0,0.0010417999874334782,
map_easy_123_60bcdb24,map_easy,train,432,123,easy,5,5,0.1,0.95,0.05,default,100,3.0,8,1,1,0,0,0.001066600001649931,
map_easy_123_60bcdb24,map_easy,train,433,123,easy,5,5,0.1,0.95,0.05,default,100,3.0,8,1,1,0,0,0.0010458000033395365,
map_easy_123_60bcdb24,map_easy,train,434,123,easy,5,5,0.1,0.95,0.05,default,100,3.0,8,1,1,0,0,0.0010535999899730086,
map_easy_123_60bcdb24,map_easy,train,435,123,easy,5,5,0.1,0.95,0.05,default,100,1.0,10,1,1,0,0,0.0011877000069944188,
map_easy_123_60bcdb24,map_easy,train,436,123,easy,5,5,0.1,0.95,0.05,default,100,2.0,9,1,1,0,0,0.0011253999982727692,
map_easy_123_60bcdb24,map_easy,train,437,123,easy,5,5,0.1,0.95,0.05,default,100,3.0,8,1,1,0,0,0.001065399992512539,
map_easy_123_60bcdb24,map_easy,train,438,123,easy,5,5,0.1,0.95,0.05,default,100,3.0,8,1,1,0,0,0.001041000010445714,
map_easy_123_60bcdb24,map_easy,train,439,123,easy,5,5,0.1,0.95,0.05,default,100,1.0,10,1,1,0,0,0.0012374999932944775,
map_easy_123_60bcdb24,map_easy,train,440,123,easy,5,5,0.1,0.95,0.05,default,100,3.0,8,1,1,0,0,0.0010465000086696818,
map_easy_123_60bcdb24,map_easy,train,441,123,easy,5,5,0.1,0.95,0.05,default,100,3.0,8,1,1,0,0,0.001113099991925992,
map_easy_123_60bcdb24,map_easy,train,442,123,easy,5,5,0.1,0.95,0.05,default,100,3.0,8,1,1,0,0,0.001257600000826642,
map_easy_123_60bcdb24,map_easy,train,443,123,easy,5,5,0.1,0.95,0.05,default,100,1.0,10,1,1,0,0,0.0012923999893246219,
map_easy_123_60bcdb24,map_easy,train,444,123,easy,5,5,0.1,0.95,0.05,default,100,3.0,8,1,1,0,0,0.0010600000096019357,
map_easy_123_60bcdb24,map_easy,train,445,123,easy,5,5,0.1,0.95,0.05,default,100,2.0,9,1,1,0,0,0.0011279999889666215,
map_easy_123_60bcdb24,map_easy,train,446,123,easy,5,5,0.1,0.95,0.05,default,100,3.0,8,1,1,0,0,0.0010858000023290515,
map_easy_123_60bcdb24,map_easy,train,447,123,easy,5,5,0.1,0.95,0.05,default,100,3.0,8,1,1,0,0,0.0010602999973343685,
map_easy_123_60bcdb24,map_easy,train,448,123,easy,5,5,0.1,0.95,0.05,default,100,3.0,8,1,1,0,0,0.0010609000019030645,
map_easy_123_60bcdb24,map_easy,train,449,123,easy,5,5,0.1,0.95,0.05,default,100,3.0,8,1,1,0,0,0.0010402000043541193,
map_easy_123_60bcdb24,map_easy,train,450,123,easy,5,5,0.1,0.95,0.05,default,100,-1.0,12,1,1,0,0,0.001462200001697056,
map_easy_123_60bcdb24,map_easy,train,451,123,easy,5,5,0.1,0.95,0.05,default,100,3.0,8,1,1,0,0,0.001062200011801906,
map_easy_123_60bcdb24,map_easy,train,452,123,easy,5,5,0.1,0.95,0.05,default,100,3.0,8,1,1,0,0,0.0010517999908188358,
map_easy_123_60bcdb24,map_easy,train,453,123,easy,5,5,0.1,0.95,0.05,default,100,3.0,8,1,1,0,0,0.0010524999961489812,
map_easy_123_60bcdb24,map_easy,train,454,123,easy,5,5,0.1,0.95,0.05,default,100,2.0,9,1,1,0,0,0.0011074000067310408,
map_easy_123_60bcdb24,map_easy,train,455,123,easy,5,5,0.1,0.95,0.05,default,100,3.0,8,1,1,0,0,0.0010514000023249537,
map_easy_123_60bcdb24,map_easy,train,456,123,easy,5,5,0.1,0.95,0.05,default,100,2.0,9,1,1,0,0,0.001116700004786253,
map_easy_123_60bcdb24,map_easy,train,457,123,easy,5,5,0.1,0.95,0.05,default,100,3.0,8,1,1,0,0,0.001073600011295639,
map_easy_123_60bcdb24,map_easy,train,458,123,easy,5,5,0.1,0.95,0.05,default,100,3.0,8,1,1,0,0,0.0010013999999500811,
map_easy_123_60bcdb24,map_easy,train,459,123,easy,5,5,0.1,0.95,0.05,default,100,3.0,8,1,1,0,0,0.001065000004018657,
map_easy_123_60bcdb24,map_easy,train,460,123,easy,5,5,0.1,0.95,0.05,default,100,2.0,9,1,1,0,0,0.0012261999945621938,
map_easy_123_60bcdb24,map_easy,train,461,123,easy,5,5,0.1,0.95,0.05,default,100,1.0,10,1,1,0,0,0.0013464999938150868,
map_easy_123_60bcdb24,map_easy,train,462,123,easy,5,5,0.1,0.95,0.05,default,100,1.0,10,1,1,0,0,0.0012698999926215038,
map_easy_123_60bcdb24,map_easy,train,463,123,easy,5,5,0.1,0.95,0.05,default,100,1.0,10,1,1,0,0,0.0012279000075068325,
map_easy_123_60bcdb24,map_easy,train,464,123,easy,5,5,0.1,0.95,0.05,default,100,1.0,10,1,1,0,0,0.0012573999993037432,
map_easy_123_60bcdb24,map_easy,train,465,123,easy,5,5,0.1,0.95,0.05,default,100,3.0,8,1,1,0,0,0.0010445999942021444,
map_easy_123_60bcdb24,map_easy,train,466,123,easy,5,5,0.1,0.95,0.05,default,100,3.0,8,1,1,0,0,0.0010564999975031242,
map_easy_123_60bcdb24,map_easy,train,467,123,easy,5,5,0.1,0.95,0.05,default,100,3.0,8,1,1,0,0,0.0010055000020656735,
map_easy_123_60bcdb24,map_easy,train,468,123,easy,5,5,0.1,0.95,0.05,default,100,3.0,8,1,1,0,0,0.0010737999982666224,
map_easy_123_60bcdb24,map_easy,train,469,123,easy,5,5,0.1,0.95,0.05,default,100,3.0,8,1,1,0,0,0.0010677999962354079,
map_easy_123_60bcdb24,map_easy,train,470,123,easy,5,5,0.1,0.95,0.05,default,100,3.0,8,1,1,0,0,0.0012057999992975965,
map_easy_123_60bcdb24,map_easy,train,471,123,easy,5,5,0.1,0.95,0.05,default,100,3.0,8,1,1,0,0,0.0011414999898988754,
map_easy_123_60bcdb24,map_easy,train,472,123,easy,5,5,0.1,0.95,0.05,default,100,3.0,8,1,1,0,0,0.0010615999926812947,
map_easy_123_60bcdb24,map_easy,train,473,123,easy,5,5,0.1,0.95,0.05,default,100,3.0,8,1,1,0,0,0.0010645000002114102,
map_easy_123_60bcdb24,map_easy,train,474,123,easy,5,5,0.1,0.95,0.05,default,100,1.0,10,1,1,0,0,0.0012242000084370375,
map_easy_123_60bcdb24,map_easy,train,475,123,easy,5,5,0.1,0.95,0.05,default,100,3.0,8,1,1,0,0,0.0010623000125633553,
map_easy_123_60bcdb24,map_easy,train,476,123,easy,5,5,0.1,0.95,0.05,default,100,2.0,9,1,1,0,0,0.0011137999972561374,
map_easy_123_60bcdb24,map_easy,train,477,123,easy,5,5,0.1,0.95,0.05,default,100,2.0,9,1,1,0,0,0.0011503999994602054,
map_easy_123_60bcdb24,map_easy,train,478,123,easy,5,5,0.1,0.95,0.05,default,100,3.0,8,1,1,0,0,0.0010635999933583662,
map_easy_123_60bcdb24,map_easy,train,479,123,easy,5,5,0.1,0.95,0.05,default,100,3.0,8,1,1,0,0,0.0010348000068916008,
map_easy_123_60bcdb24,map_easy,train,480,123,easy,5,5,0.1,0.95,0.05,default,100,3.0,8,1,1,0,0,0.001122899993788451,
map_easy_123_60bcdb24,map_easy,train,481,123,easy,5,5,0.1,0.95,0.05,default,100,-1.0,12,1,1,0,0,0.0013981999945826828,
map_easy_123_60bcdb24,map_easy,train,482,123,easy,5,5,0.1,0.95,0.05,default,100,3.0,8,1,1,0,0,0.0010966999980155379,
map_easy_123_60bcdb24,map_easy,train,483,123,easy,5,5,0.1,0.95,0.05,default,100,3.0,8,1,1,0,0,0.0010027000098489225,
map_easy_123_60bcdb24,map_easy,train,484,123,easy,5,5,0.1,0.95,0.05,default,100,1.0,10,1,1,0,0,0.0012445999891497195,
map_easy_123_60bcdb24,map_easy,train,485,123,easy,5,5,0.1,0.95,0.05,default,100,3.0,8,1,1,0,0,0.001072700004442595,
map_easy_123_60bcdb24,map_easy,train,486,123,easy,5,5,0.1,0.95,0.05,default,100,3.0,8,1,1,0,0,0.0010877999884542078,
map_easy_123_60bcdb24,map_easy,train,487,123,easy,5,5,0.1,0.95,0.05,default,100,3.0,8,1,1,0,0,0.001090899997507222,
map_easy_123_60bcdb24,map_easy,train,488,123,easy,5,5,0.1,0.95,0.05,default,100,1.0,10,1,1,0,0,0.0012304999982006848,
map_easy_123_60bcdb24,map_easy,train,489,123,easy,5,5,0.1,0.95,0.05,default,100,3.0,8,1,1,0,0,0.0010652000055415556,
map_easy_123_60bcdb24,map_easy,train,490,123,easy,5,5,0.1,0.95,0.05,default,100,2.0,9,1,1,0,0,0.0011224000045331195,
map_easy_123_60bcdb24,map_easy,train,491,123,easy,5,5,0.1,0.95,0.05,default,100,3.0,8,1,1,0,0,0.0010212999914074317,
map_easy_123_60bcdb24,map_easy,train,492,123,easy,5,5,0.1,0.95,0.05,default,100,3.0,8,1,1,0,0,0.0010011999984271824,
map_easy_123_60bcdb24,map_easy,train,493,123,easy,5,5,0.1,0.95,0.05,default,100,3.0,8,1,1,0,0,0.0010596999927656725,
map_easy_123_60bcdb24,map_easy,train,494,123,easy,5,5,0.1,0.95,0.05,default,100,3.0,8,1,1,0,0,0.0010459000041009858,
map_easy_123_60bcdb24,map_easy,train,495,123,easy,5,5,0.1,0.95,0.05,default,100,2.0,9,1,1,0,0,0.0011559999984456226,
map_easy_123_60bcdb24,map_easy,train,496,123,easy,5,5,0.1,0.95,0.05,default,100,3.0,8,1,1,0,0,0.001072700004442595,
map_easy_123_60bcdb24,map_easy,train,497,123,easy,5,5,0.1,0.95,0.05,default,100,3.0,8,1,1,0,0,0.0010756999981822446,
map_easy_123_60bcdb24,map_easy,train,498,123,easy,5,5,0.1,0.95,0.05,default,100,3.0,8,1,1,0,0,0.0010257999965688214,
map_easy_123_60bcdb24,map_easy,train,499,123,easy,5,5,0.1,0.95,0.05,default,100,2.0,9,1,1,0,0,0.00113420000707265,
map_easy_123_60bcdb24,map_easy,train,500,123,easy,5,5,0.1,0.95,0.05,default,100,0.0,11,1,1,0,0,0.0013174000050639734,
map_easy_123_60bcdb24,map_easy,train,501,123,easy,5,5,0.1,0.95,0.05,default,100,3.0,8,1,1,0,0,0.0011017999931937084,
map_easy_123_60bcdb24,map_easy,train,502,123,easy,5,5,0.1,0.95,0.05,default,100,3.0,8,1,1,0,0,0.0010934999882010743,
map_easy_123_60bcdb24,map_easy,train,503,123,easy,5,5,0.1,0.95,0.05,default,100,3.0,8,1,1,0,0,0.0010725000029196963,
map_easy_123_60bcdb24,map_easy,train,504,123,easy,5,5,0.1,0.95,0.05,default,100,3.0,8,1,1,0,0,0.0010191000037593767,
map_easy_123_60bcdb24,map_easy,train,505,123,easy,5,5,0.1,0.95,0.05,default,100,3.0,8,1,1,0,0,0.0010498999909032136,
map_easy_123_60bcdb24,map_easy,train,506,123,easy,5,5,0.1,0.95,0.05,default,100,3.0,8,1,1,0,0,0.0010636000079102814,
map_easy_123_60bcdb24,map_easy,train,507,123,easy,5,5,0.1,0.95,0.05,default,100,3.0,8,1,1,0,0,0.001080799993360415,
map_easy_123_60bcdb24,map_easy,train,508,123,easy,5,5,0.1,0.95,0.05,default,100,3.0,8,1,1,0,0,0.0010315000108676031,
map_easy_123_60bcdb24,map_easy,train,509,123,easy,5,5,0.1,0.95,0.05,default,100,3.0,8,1,1,0,0,0.0010487999970791861,
map_easy_123_60bcdb24,map_easy,train,510,123,easy,5,5,0.1,0.95,0.05,default,100,3.0,8,1,1,0,0,0.0010199999960605055,
map_easy_123_60bcdb24,map_easy,train,511,123,easy,5,5,0.1,0.95,0.05,default,100,3.0,8,1,1,0,0,0.0010547999991104007,
map_easy_123_60bcdb24,map_easy,train,512,123,easy,5,5,0.1,0.95,0.05,default,100,3.0,8,1,1,0,0,0.0010541999945417047,
map_easy_123_60bcdb24,map_easy,train,513,123,easy,5,5,0.1,0.95,0.05,default,100,3.0,8,1,1,0,0,0.001055800006724894,
map_easy_123_60bcdb24,map_easy,train,514,123,easy,5,5,0.1,0.95,0.05,default,100,1.0,10,1,1,0,0,0.0012960000021848828,
map_easy_123_60bcdb24,map_easy,train,515,123,easy,5,5,0.1,0.95,0.05,default,100,3.0,8,1,1,0,0,0.001032799991662614,
map_easy_123_60bcdb24,map_easy,train,516,123,easy,5,5,0.1,0.95,0.05,default,100,3.0,8,1,1,0,0,0.001044100004946813,
map_easy_123_60bcdb24,map_easy,train,517,123,easy,5,5,0.1,0.95,0.05,default,100,3.0,8,1,1,0,0,0.0010792999964905903,
map_easy_123_60bcdb24,map_easy,train,518,123,easy,5,5,0.1,0.95,0.05,default,100,0.0,11,1,1,0,0,0.0013595000054920092,
map_easy_123_60bcdb24,map_easy,train,519,123,easy,5,5,0.1,0.95,0.05,default,100,3.0,8,1,1,0,0,0.0010427999950479716,
map_easy_123_60bcdb24,map_easy,train,520,123,easy,5,5,0.1,0.95,0.05,default,100,3.0,8,1,1,0,0,0.0010569000005489215,
map_easy_123_60bcdb24,map_easy,train,521,123,easy,5,5,0.1,0.95,0.05,default,100,-1.0,12,1,1,0,0,0.001504699990618974,
map_easy_123_60bcdb24,map_easy,train,522,123,easy,5,5,0.1,0.95,0.05,default,100,0.0,11,1,1,0,0,0.0013738000125158578,
map_easy_123_60bcdb24,map_easy,train,523,123,easy,5,5,0.1,0.95,0.05,default,100,3.0,8,1,1,0,0,0.0010576000058790669,
map_easy_123_60bcdb24,map_easy,train,524,123,easy,5,5,0.1,0.95,0.05,default,100,3.0,8,1,1,0,0,0.0010645000002114102,
map_easy_123_60bcdb24,map_easy,train,525,123,easy,5,5,0.1,0.95,0.05,default,100,1.0,10,1,1,0,0,0.0012496999988798052,
map_easy_123_60bcdb24,map_easy,train,526,123,easy,5,5,0.1,0.95,0.05,default,100,3.0,8,1,1,0,0,0.001055200002156198,
map_easy_123_60bcdb24,map_easy,train,527,123,easy,5,5,0.1,0.95,0.05,default,100,1.0,10,1,1,0,0,0.0011651999957393855,
map_easy_123_60bcdb24,map_easy,train,528,123,easy,5,5,0.1,0.95,0.05,default,100,3.0,8,1,1,0,0,0.0010490999993635342,
map_easy_123_60bcdb24,map_easy,train,529,123,easy,5,5,0.1,0.95,0.05,default,100,3.0,8,1,1,0,0,0.0010713999945437536,
map_easy_123_60bcdb24,map_easy,train,530,123,easy,5,5,0.1,0.95,0.05,default,100,3.0,8,1,1,0,0,0.0010029999975813553,
map_easy_123_60bcdb24,map_easy,train,531,123,easy,5,5,0.1,0.95,0.05,default,100,3.0,8,1,1,0,0,0.0011154000094393268,
map_easy_123_60bcdb24,map_easy,train,532,123,easy,5,5,0.1,0.95,0.05,default,100,3.0,8,1,1,0,0,0.001033099993946962,
map_easy_123_60bcdb24,map_easy,train,533,123,easy,5,5,0.1,0.95,0.05,default,100,3.0,8,1,1,0,0,0.001094899998861365,
map_easy_123_60bcdb24,map_easy,train,534,123,easy,5,5,0.1,0.95,0.05,default,100,3.0,8,1,1,0,0,0.0010655999940354377,
map_easy_123_60bcdb24,map_easy,train,535,123,easy,5,5,0.1,0.95,0.05,default,100,3.0,8,1,1,0,0,0.0010277999972458929,
map_easy_123_60bcdb24,map_easy,train,536,123,easy,5,5,0.1,0.95,0.05,default,100,2.0,9,1,1,0,0,0.0011188000062247738,
map_easy_123_60bcdb24,map_easy,train,537,123,easy,5,5,0.1,0.95,0.05,default,100,2.0,9,1,1,0,0,0.0011468000011518598,
map_easy_123_60bcdb24,map_easy,train,538,123,easy,5,5,0.1,0.95,0.05,default,100,3.0,8,1,1,0,0,0.0010348000068916008,
map_easy_123_60bcdb24,map_easy,train,539,123,easy,5,5,0.1,0.95,0.05,default,100,2.0,9,1,1,0,0,0.001079499998013489,
map_easy_123_60bcdb24,map_easy,train,540,123,easy,5,5,0.1,0.95,0.05,default,100,3.0,8,1,1,0,0,0.001065000004018657,
map_easy_123_60bcdb24,map_easy,train,541,123,easy,5,5,0.1,0.95,0.05,default,100,2.0,9,1,1,0,0,0.001164400004199706,
map_easy_123_60bcdb24,map_easy,train,542,123,easy,5,5,0.1,0.95,0.05,default,100,3.0,8,1,1,0,0,0.0010446999949635938,
map_easy_123_60bcdb24,map_easy,train,543,123,easy,5,5,0.1,0.95,0.05,default,100,3.0,8,1,1,0,0,0.0010504999954719096,
map_easy_123_60bcdb24,map_easy,train,544,123,easy,5,5,0.1,0.95,0.05,default,100,3.0,8,1,1,0,0,0.0010710000060498714,
map_easy_123_60bcdb24,map_easy,train,545,123,easy,5,5,0.1,0.95,0.05,default,100,2.0,9,1,1,0,0,0.0010608000011416152,
map_easy_123_60bcdb24,map_easy,train,546,123,easy,5,5,0.1,0.95,0.05,default,100,3.0,8,1,1,0,0,0.0010639999964041635,
map_easy_123_60bcdb24,map_easy,train,547,123,easy,5,5,0.1,0.95,0.05,default,100,2.0,9,1,1,0,0,0.0010828000085894018,
map_easy_123_60bcdb24,map_easy,train,548,123,easy,5,5,0.1,0.95,0.05,default,100,2.0,9,1,1,0,0,0.001144399997428991,
map_easy_123_60bcdb24,map_easy,train,549,123,easy,5,5,0.1,0.95,0.05,default,100,2.0,9,1,1,0,0,0.001135200000135228,
map_easy_123_60bcdb24,map_easy,train,550,123,easy,5,5,0.1,0.95,0.05,default,100,3.0,8,1,1,0,0,0.001091500002075918,
map_easy_123_60bcdb24,map_easy,train,551,123,easy,5,5,0.1,0.95,0.05,default,100,3.0,8,1,1,0,0,0.0010675999947125092,
map_easy_123_60bcdb24,map_easy,train,552,123,easy,5,5,0.1,0.95,0.05,default,100,3.0,8,1,1,0,0,0.0010011999984271824,
map_easy_123_60bcdb24,map_easy,train,553,123,easy,5,5,0.1,0.95,0.05,default,100,3.0,8,1,1,0,0,0.0010593999904813245,
map_easy_123_60bcdb24,map_easy,train,554,123,easy,5,5,0.1,0.95,0.05,default,100,3.0,8,1,1,0,0,0.001040400005877018,
map_easy_123_60bcdb24,map_easy,train,555,123,easy,5,5,0.1,0.95,0.05,default,100,2.0,9,1,1,0,0,0.0011335000017425045,
map_easy_123_60bcdb24,map_easy,train,556,123,easy,5,5,0.1,0.95,0.05,default,100,1.0,10,1,1,0,0,0.0012235000031068921,
map_easy_123_60bcdb24,map_easy,train,557,123,easy,5,5,0.1,0.95,0.05,default,100,2.0,9,1,1,0,0,0.0011391000007279217,
map_easy_123_60bcdb24,map_easy,train,558,123,easy,5,5,0.1,0.95,0.05,default,100,3.0,8,1,1,0,0,0.0010437000019010156,
map_easy_123_60bcdb24,map_easy,train,559,123,easy,5,5,0.1,0.95,0.05,default,100,2.0,9,1,1,0,0,0.001138599996920675,
map_easy_123_60bcdb24,map_easy,train,560,123,easy,5,5,0.1,0.95,0.05,default,100,0.0,11,1,1,0,0,0.0013347000058274716,
map_easy_123_60bcdb24,map_easy,train,561,123,easy,5,5,0.1,0.95,0.05,default,100,3.0,8,1,1,0,0,0.0010946999973384663,
map_easy_123_60bcdb24,map_easy,train,562,123,easy,5,5,0.1,0.95,0.05,default,100,3.0,8,1,1,0,0,0.0011021999962395057,
map_easy_123_60bcdb24,map_easy,train,563,123,easy,5,5,0.1,0.95,0.05,default,100,3.0,8,1,1,0,0,0.0010759999859146774,
map_easy_123_60bcdb24,map_easy,train,564,123,easy,5,5,0.1,0.95,0.05,default,100,3.0,8,1,1,0,0,0.0010712999937823042,
map_easy_123_60bcdb24,map_easy,train,565,123,easy,5,5,0.1,0.95,0.05,default,100,3.0,8,1,1,0,0,0.001057999994372949,
map_easy_123_60bcdb24,map_easy,train,566,123,easy,5,5,0.1,0.95,0.05,default,100,3.0,8,1,1,0,0,0.0010623999987728894,
map_easy_123_60bcdb24,map_easy,train,567,123,easy,5,5,0.1,0.95,0.05,default,100,3.0,8,1,1,0,0,0.0010564999975031242,
map_easy_123_60bcdb24,map_easy,train,568,123,easy,5,5,0.1,0.95,0.05,default,100,1.0,10,1,1,0,0,0.0012829000042984262,
map_easy_123_60bcdb24,map_easy,train,569,123,easy,5,5,0.1,0.95,0.05,default,100,2.0,9,1,1,0,0,0.0011325999948894605,
map_easy_123_60bcdb24,map_easy,train,570,123,easy,5,5,0.1,0.95,0.05,default,100,3.0,8,1,1,0,0,0.0010442000057082623,
map_easy_123_60bcdb24,map_easy,train,571,123,easy,5,5,0.1,0.95,0.05,default,100,1.0,10,1,1,0,0,0.0012430999922798946,
map_easy_123_60bcdb24,map_easy,train,572,123,easy,5,5,0.1,0.95,0.05,default,100,2.0,9,1,1,0,0,0.0011226000060560182,
map_easy_123_60bcdb24,map_easy,train,573,123,easy,5,5,0.1,0.95,0.05,default,100,2.0,9,1,1,0,0,0.0011595999967539683,
map_easy_123_60bcdb24,map_easy,train,574,123,easy,5,5,0.1,0.95,0.05,default,100,3.0,8,1,1,0,0,0.0010547999991104007,
map_easy_123_60bcdb24,map_easy,train,575,123,easy,5,5,0.1,0.95,0.05,default,100,1.0,10,1,1,0,0,0.001250200002687052,
map_easy_123_60bcdb24,map_easy,train,576,123,easy,5,5,0.1,0.95,0.05,default,100,3.0,8,1,1,0,0,0.0010658999963197857,
map_easy_123_60bcdb24,map_easy,train,577,123,easy,5,5,0.1,0.95,0.05,default,100,3.0,8,1,1,0,0,0.0010631000041030347,
map_easy_123_60bcdb24,map_easy,train,578,123,easy,5,5,0.1,0.95,0.05,default,100,0.0,11,1,1,0,0,0.0013353999966057017,
map_easy_123_60bcdb24,map_easy,train,579,123,easy,5,5,0.1,0.95,0.05,default,100,3.0,8,1,1,0,0,0.0010132000024896115,
map_easy_123_60bcdb24,map_easy,train,580,123,easy,5,5,0.1,0.95,0.05,default,100,3.0,8,1,1,0,0,0.001063500007148832,
map_easy_123_60bcdb24,map_easy,train,581,123,easy,5,5,0.1,0.95,0.05,default,100,3.0,8,1,1,0,0,0.0010963999957311898,
map_easy_123_60bcdb24,map_easy,train,582,123,easy,5,5,0.1,0.95,0.05,default,100,3.0,8,1,1,0,0,0.001075799998943694,
map_easy_123_60bcdb24,map_easy,train,583,123,easy,5,5,0.1,0.95,0.05,default,100,3.0,8,1,1,0,0,0.0010056000028271228,
map_easy_123_60bcdb24,map_easy,train,584,123,easy,5,5,0.1,0.95,0.05,default,100,3.0,8,1,1,0,0,0.0010685000015655532,
map_easy_123_60bcdb24,map_easy,train,585,123,easy,5,5,0.1,0.95,0.05,default,100,3.0,8,1,1,0,0,0.001047199999447912,
map_easy_123_60bcdb24,map_easy,train,586,123,easy,5,5,0.1,0.95,0.05,default,100,3.0,8,1,1,0,0,0.0010828000085894018,
map_easy_123_60bcdb24,map_easy,train,587,123,easy,5,5,0.1,0.95,0.05,default,100,3.0,8,1,1,0,0,0.0010624999995343387,
map_easy_123_60bcdb24,map_easy,train,588,123,easy,5,5,0.1,0.95,0.05,default,100,3.0,8,1,1,0,0,0.0010747000051196665,
map_easy_123_60bcdb24,map_easy,train,589,123,easy,5,5,0.1,0.95,0.05,default,100,3.0,8,1,1,0,0,0.00106229999801144,
map_easy_123_60bcdb24,map_easy,train,590,123,easy,5,5,0.1,0.95,0.05,default,100,3.0,8,1,1,0,0,0.0010532000014791265,
map_easy_123_60bcdb24,map_easy,train,591,123,easy,5,5,0.1,0.95,0.05,default,100,3.0,8,1,1,0,0,0.0010668000031728297,
map_easy_123_60bcdb24,map_easy,train,592,123,easy,5,5,0.1,0.95,0.05,default,100,3.0,8,1,1,0,0,0.0010495000024093315,
map_easy_123_60bcdb24,map_easy,train,593,123,easy,5,5,0.1,0.95,0.05,default,100,3.0,8,1,1,0,0,0.001060100010363385,
map_easy_123_60bcdb24,map_easy,train,594,123,easy,5,5,0.1,0.95,0.05,default,100,3.0,8,1,1,0,0,0.0010543000098550692,
map_easy_123_60bcdb24,map_easy,train,595,123,easy,5,5,0.1,0.95,0.05,default,100,3.0,8,1,1,0,0,0.0010637999948812649,
map_easy_123_60bcdb24,map_easy,train,596,123,easy,5,5,0.1,0.95,0.05,default,100,3.0,8,1,1,0,0,0.0010569000005489215,
map_easy_123_60bcdb24,map_easy,train,597,123,easy,5,5,0.1,0.95,0.05,default,100,1.0,10,1,1,0,0,0.0012599999899975955,
map_easy_123_60bcdb24,map_easy,train,598,123,easy,5,5,0.1,0.95,0.05,default,100,3.0,8,1,1,0,0,0.0010541999945417047,
map_easy_123_60bcdb24,map_easy,train,599,123,easy,5,5,0.1,0.95,0.05,default,100,3.0,8,1,1,0,0,0.0010667000024113804,
map_easy_123_60bcdb24,map_easy,train,600,123,easy,5,5,0.1,0.95,0.05,default,100,3.0,8,1,1,0,0,0.0010251000057905912,results\map\easy\seed_123\qtable_ep600.npz
map_easy_123_60bcdb24,map_easy,train,601,123,easy,5,5,0.1,0.95,0.05,default,100,3.0,8,1,1,0,0,0.0011356000031810254,
map_easy_123_60bcdb24,map_easy,train,602,123,easy,5,5,0.1,0.95,0.05,default,100,0.0,11,1,1,0,0,0.001384399991366081,
map_easy_123_60bcdb24,map_easy,train,603,123,easy,5,5,0.1,0.95,0.05,default,100,3.0,8,1,1,0,0,0.001080100002582185,
map_easy_123_60bcdb24,map_easy,train,604,123,easy,5,5,0.1,0.95,0.05,default,100,3.0,8,1,1,0,0,0.0010429000103613362,
map_easy_123_60bcdb24,map_easy,train,605,123,easy,5,5,0.1,0.95,0.05,default,100,3.0,8,1,1,0,0,0.001081000009435229,
map_easy_123_60bcdb24,map_easy,train,606,123,easy,5,5,0.1,0.95,0.05,default,100,1.0,10,1,1,0,0,0.0012284999975236133,
map_easy_123_60bcdb24,map_easy,train,607,123,easy,5,5,0.1,0.95,0.05,default,100,3.0,8,1,1,0,0,0.001104399998439476,
map_easy_123_60bcdb24,map_easy,train,608,123,easy,5,5,0.1,0.95,0.05,default,100,3.0,8,1,1,0,0,0.0010675999947125092,
map_easy_123_60bcdb24,map_easy,train,609,123,easy,5,5,0.1,0.95,0.05,default,100,1.0,10,1,1,0,0,0.0012691000010818243,
map_easy_123_60bcdb24,map_easy,train,610,123,easy,5,5,0.1,0.95,0.05,default,100,3.0,8,1,1,0,0,0.001063500007148832,
map_easy_123_60bcdb24,map_easy,train,611,123,easy,5,5,0.1,0.95,0.05,default,100,3.0,8,1,1,0,0,0.0010735999967437238,
map_easy_123_60bcdb24,map_easy,train,612,123,easy,5,5,0.1,0.95,0.05,default,100,3.0,8,1,1,0,0,0.0010614999919198453,
map_easy_123_60bcdb24,map_easy,train,613,123,easy,5,5,0.1,0.95,0.05,default,100,1.0,10,1,1,0,0,0.0012380999978631735,
map_easy_123_60bcdb24,map_easy,train,614,123,easy,5,5,0.1,0.95,0.05,default,100,3.0,8,1,1,0,0,0.0011162000009790063,
map_easy_123_60bcdb24,map_easy,train,615,123,easy,5,5,0.1,0.95,0.05,default,100,3.0,8,1,1,0,0,0.0010577999928500503,
map_easy_123_60bcdb24,map_easy,train,616,123,easy,5,5,0.1,0.95,0.05,default,100,2.0,9,1,1,0,0,0.0011454000050434843,
map_easy_123_60bcdb24,map_easy,train,617,123,easy,5,5,0.1,0.95,0.05,default,100,3.0,8,1,1,0,0,0.0010638999956427142,
map_easy_123_60bcdb24,map_easy,train,618,123,easy,5,5,0.1,0.95,0.05,default,100,2.0,9,1,1,0,0,0.0011440999951446429,
map_easy_123_60bcdb24,map_easy,train,619,123,easy,5,5,0.1,0.95,0.05,default,100,1.0,10,1,1,0,0,0.0012450999929569662,
map_easy_123_60bcdb24,map_easy,train,620,123,easy,5,5,0.1,0.95,0.05,default,100,2.0,9,1,1,0,0,0.0011363999947207049,
map_easy_123_60bcdb24,map_easy,train,621,123,easy,5,5,0.1,0.95,0.05,default,100,3.0,8,1,1,0,0,0.0011298000026727095,
map_easy_123_60bcdb24,map_easy,train,622,123,easy,5,5,0.1,0.95,0.05,default,100,3.0,8,1,1,0,0,0.001072700004442595,
map_easy_123_60bcdb24,map_easy,train,623,123,easy,5,5,0.1,0.95,0.05,default,100,3.0,8,1,1,0,0,0.0010776999988593161,
map_easy_123_60bcdb24,map_easy,train,624,123,easy,5,5,0.1,0.95,0.05,default,100,3.0,8,1,1,0,0,0.0010138999932678416,
map_easy_123_60bcdb24,map_easy,train,625,123,easy,5,5,0.1,0.95,0.05,default,100,3.0,8,1,1,0,0,0.0010746000043582171,
map_easy_123_60bcdb24,map_easy,train,626,123,easy,5,5,0.1,0.95,0.05,default,100,3.0,8,1,1,0,0,0.0010584000119706616,
map_easy_123_60bcdb24,map_easy,train,627,123,easy,5,5,0.1,0.95,0.05,default,100,3.0,8,1,1,0,0,0.0011023999977624044,
map_easy_123_60bcdb24,map_easy,train,628,123,easy,5,5,0.1,0.95,0.05,default,100,1.0,10,1,1,0,0,0.001245000006747432,
map_easy_123_60bcdb24,map_easy,train,629,123,easy,5,5,0.1,0.95,0.05,default,100,3.0,8,1,1,0,0,0.0010365999914938584,
map_easy_123_60bcdb24,map_easy,train,630,123,easy,5,5,0.1,0.95,0.05,default,100,3.0,8,1,1,0,0,0.0010551000013947487,
map_easy_123_60bcdb24,map_easy,train,631,123,easy,5,5,0.1,0.95,0.05,default,100,3.0,8,1,1,0,0,0.0011253999982727692,
map_easy_123_60bcdb24,map_easy,train,632,123,easy,5,5,0.1,0.95,0.05,default,100,3.0,8,1,1,0,0,0.001109300006646663,
map_easy_123_60bcdb24,map_easy,train,633,123,easy,5,5,0.1,0.95,0.05,default,100,3.0,8,1,1,0,0,0.0010674999939510599,
map_easy_123_60bcdb24,map_easy,train,634,123,easy,5,5,0.1,0.95,0.05,default,100,3.0,8,1,1,0,0,0.0010843000054592267,
map_easy_123_60bcdb24,map_easy,train,635,123,easy,5,5,0.1,0.95,0.05,default,100,3.0,8,1,1,0,0,0.001071799997589551,
map_easy_123_60bcdb24,map_easy,train,636,123,easy,5,5,0.1,0.95,0.05,default,100,3.0,8,1,1,0,0,0.0010737999982666224,
map_easy_123_60bcdb24,map_easy,train,637,123,easy,5,5,0.1,0.95,0.05,default,100,3.0,8,1,1,0,0,0.0010719999991124496,
map_easy_123_60bcdb24,map_easy,train,638,123,easy,5,5,0.1,0.95,0.05,default,100,1.0,10,1,1,0,0,0.0012680000072577968,
map_easy_123_60bcdb24,map_easy,train,639,123,easy,5,5,0.1,0.95,0.05,default,100,3.0,8,1,1,0,0,0.0010665000008884817,
map_easy_123_60bcdb24,map_easy,train,640,123,easy,5,5,0.1,0.95,0.05,default,100,3.0,8,1,1,0,0,0.0010745000035967678,
map_easy_123_60bcdb24,map_easy,train,641,123,easy,5,5,0.1,0.95,0.05,default,100,3.0,8,1,1,0,0,0.0011180000001331791,
map_easy_123_60bcdb24,map_easy,train,642,123,easy,5,5,0.1,0.95,0.05,default,100,2.0,9,1,1,0,0,0.0010965999972540885,
map_easy_123_60bcdb24,map_easy,train,643,123,easy,5,5,0.1,0.95,0.05,default,100,3.0,8,1,1,0,0,0.0010808999941218644,
map_easy_123_60bcdb24,map_easy,train,644,123,easy,5,5,0.1,0.95,0.05,default,100,3.0,8,1,1,0,0,0.0010600999958114699,
map_easy_123_60bcdb24,map_easy,train,645,123,easy,5,5,0.1,0.95,0.05,default,100,3.0,8,1,1,0,0,0.0010763000027509406,
map_easy_123_60bcdb24,map_easy,train,646,123,easy,5,5,0.1,0.95,0.05,default,100,3.0,8,1,1,0,0,0.0010165000130655244,
map_easy_123_60bcdb24,map_easy,train,647,123,easy,5,5,0.1,0.95,0.05,default,100,2.0,9,1,1,0,0,0.0011580999998841435,
map_easy_123_60bcdb24,map_easy,train,648,123,easy,5,5,0.1,0.95,0.05,default,100,3.0,8,1,1,0,0,0.0010790999949676916,
map_easy_123_60bcdb24,map_easy,train,649,123,easy,5,5,0.1,0.95,0.05,default,100,2.0,9,1,1,0,0,0.0012171999987913296,
map_easy_123_60bcdb24,map_easy,train,650,123,easy,5,5,0.1,0.95,0.05,default,100,3.0,8,1,1,0,0,0.0010640999971656129,
map_easy_123_60bcdb24,map_easy,train,651,123,easy,5,5,0.1,0.95,0.05,default,100,3.0,8,1,1,0,0,0.0010840000031748787,
map_easy_123_60bcdb24,map_easy,train,652,123,easy,5,5,0.1,0.95,0.05,default,100,2.0,9,1,1,0,0,0.0011497999948915094,
map_easy_123_60bcdb24,map_easy,train,653,123,easy,5,5,0.1,0.95,0.05,default,100,2.0,9,1,1,0,0,0.0010880999907385558,
map_easy_123_60bcdb24,map_easy,train,654,123,easy,5,5,0.1,0.95,0.05,default,100,1.0,10,1,1,0,0,0.0012268999998923391,
map_easy_123_60bcdb24,map_easy,train,655,123,easy,5,5,0.1,0.95,0.05,default,100,3.0,8,1,1,0,0,0.0010605999996187165,
map_easy_123_60bcdb24,map_easy,train,656,123,easy,5,5,0.1,0.95,0.05,default,100,1.0,10,1,1,0,0,0.001262599995243363,
map_easy_123_60bcdb24,map_easy,train,657,123,easy,5,5,0.1,0.95,0.05,default,100,3.0,8,1,1,0,0,0.00106969999615103,
map_easy_123_60bcdb24,map_easy,train,658,123,easy,5,5,0.1,0.95,0.05,default,100,3.0,8,1,1,0,0,0.0010705999884521589,
map_easy_123_60bcdb24,map_easy,train,659,123,easy,5,5,0.1,0.95,0.05,default,100,3.0,8,1,1,0,0,0.0010533000022405759,
map_easy_123_60bcdb24,map_easy,train,660,123,easy,5,5,0.1,0.95,0.05,default,100,1.0,10,1,1,0,0,0.0012475999974412844,
map_easy_123_60bcdb24,map_easy,train,661,123,easy,5,5,0.1,0.95,0.05,default,100,3.0,8,1,1,0,0,0.0011037000076612458,
map_easy_123_60bcdb24,map_easy,train,662,123,easy,5,5,0.1,0.95,0.05,default,100,3.0,8,1,1,0,0,0.0010645000002114102,
map_easy_123_60bcdb24,map_easy,train,663,123,easy,5,5,0.1,0.95,0.05,default,100,1.0,10,1,1,0,0,0.0012624000082723796,
map_easy_123_60bcdb24,map_easy,train,664,123,easy,5,5,0.1,0.95,0.05,default,100,2.0,9,1,1,0,0,0.0011317000025883317,
map_easy_123_60bcdb24,map_easy,train,665,123,easy,5,5,0.1,0.95,0.05,default,100,2.0,9,1,1,0,0,0.001145399990491569,
map_easy_123_60bcdb24,map_easy,train,666,123,easy,5,5,0.1,0.95,0.05,default,100,3.0,8,1,1,0,0,0.001075499996659346,
map_easy_123_60bcdb24,map_easy,train,667,123,easy,5,5,0.1,0.95,0.05,default,100,3.0,8,1,1,0,0,0.0010846999939531088,
map_easy_123_60bcdb24,map_easy,train,668,123,easy,5,5,0.1,0.95,0.05,default,100,1.0,10,1,1,0,0,0.0012780999968526885,
map_easy_123_60bcdb24,map_easy,train,669,123,easy,5,5,0.1,0.95,0.05,default,100,3.0,8,1,1,0,0,0.0010603999980958179,
map_easy_123_60bcdb24,map_easy,train,670,123,easy,5,5,0.1,0.95,0.05,default,100,3.0,8,1,1,0,0,0.0010810999956447631,
map_easy_123_60bcdb24,map_easy,train,671,123,easy,5,5,0.1,0.95,0.05,default,100,2.0,9,1,1,0,0,0.0011463000118965283,
map_easy_123_60bcdb24,map_easy,train,672,123,easy,5,5,0.1,0.95,0.05,default,100,3.0,8,1,1,0,0,0.001070300000719726,
map_easy_123_60bcdb24,map_easy,train,673,123,easy,5,5,0.1,0.95,0.05,default,100,3.0,8,1,1,0,0,0.0010521999938646331,
map_easy_123_60bcdb24,map_easy,train,674,123,easy,5,5,0.1,0.95,0.05,default,100,3.0,8,1,1,0,0,0.0010738999990280718,
map_easy_123_60bcdb24,map_easy,train,675,123,easy,5,5,0.1,0.95,0.05,default,100,3.0,8,1,1,0,0,0.0010529999999562278,
map_easy_123_60bcdb24,map_easy,train,676,123,easy,5,5,0.1,0.95,0.05,default,100,3.0,8,1,1,0,0,0.0010674000077415258,
map_easy_123_60bcdb24,map_easy,train,677,123,easy,5,5,0.1,0.95,0.05,default,100,3.0,8,1,1,0,0,0.001073999999789521,
map_easy_123_60bcdb24,map_easy,train,678,123,easy,5,5,0.1,0.95,0.05,default,100,3.0,8,1,1,0,0,0.0010605999996187165,
map_easy_123_60bcdb24,map_easy,train,679,123,easy,5,5,0.1,0.95,0.05,default,100,3.0,8,1,1,0,0,0.001072700004442595,
map_easy_123_60bcdb24,map_easy,train,680,123,easy,5,5,0.1,0.95,0.05,default,100,2.0,9,1,1,0,0,0.001141300002927892,
map_easy_123_60bcdb24,map_easy,train,681,123,easy,5,5,0.1,0.95,0.05,default,100,2.0,9,1,1,0,0,0.0011903999984497204,
map_easy_123_60bcdb24,map_easy,train,682,123,easy,5,5,0.1,0.95,0.05,default,100,3.0,8,1,1,0,0,0.0010648000024957582,
map_easy_123_60bcdb24,map_easy,train,683,123,easy,5,5,0.1,0.95,0.05,default,100,3.0,8,1,1,0,0,0.0010381000029155985,
map_easy_123_60bcdb24,map_easy,train,684,123,easy,5,5,0.1,0.95,0.05,default,100,3.0,8,1,1,0,0,0.0010575000051176175,
map_easy_123_60bcdb24,map_easy,train,685,123,easy,5,5,0.1,0.95,0.05,default,100,2.0,9,1,1,0,0,0.001226299995323643,
map_easy_123_60bcdb24,map_easy,train,686,123,easy,5,5,0.1,0.95,0.05,default,100,3.0,8,1,1,0,0,0.0010849000100279227,
map_easy_123_60bcdb24,map_easy,train,687,123,easy,5,5,0.1,0.95,0.05,default,100,3.0,8,1,1,0,0,0.0010814000124810264,
map_easy_123_60bcdb24,map_easy,train,688,123,easy,5,5,0.1,0.95,0.05,default,100,3.0,8,1,1,0,0,0.0011027000000467524,
map_easy_123_60bcdb24,map_easy,train,689,123,easy,5,5,0.1,0.95,0.05,default,100,3.0,8,1,1,0,0,0.0010634999925969169,
map_easy_123_60bcdb24,map_easy,train,690,123,easy,5,5,0.1,0.95,0.05,default,100,1.0,10,1,1,0,0,0.0012193999864393845,
map_easy_123_60bcdb24,map_easy,train,691,123,easy,5,5,0.1,0.95,0.05,default,100,3.0,8,1,1,0,0,0.0009688999998616055,
map_easy_123_60bcdb24,map_easy,train,692,123,easy,5,5,0.1,0.95,0.05,default,100,1.0,10,1,1,0,0,0.0012734000047203153,
map_easy_123_60bcdb24,map_easy,train,693,123,easy,5,5,0.1,0.95,0.05,default,100,2.0,9,1,1,0,0,0.001133999990997836,
map_easy_123_60bcdb24,map_easy,train,694,123,easy,5,5,0.1,0.95,0.05,default,100,3.0,8,1,1,0,0,0.0010866999946301803,
map_easy_123_60bcdb24,map_easy,train,695,123,easy,5,5,0.1,0.95,0.05,default,100,2.0,9,1,1,0,0,0.0011476000072434545,
map_easy_123_60bcdb24,map_easy,train,696,123,easy,5,5,0.1,0.95,0.05,default,100,3.0,8,1,1,0,0,0.0010591000027488917,
map_easy_123_60bcdb24,map_easy,train,697,123,easy,5,5,0.1,0.95,0.05,default,100,2.0,9,1,1,0,0,0.0011508000025060028,
map_easy_123_60bcdb24,map_easy,train,698,123,easy,5,5,0.1,0.95,0.05,default,100,-1.0,12,1,1,0,0,0.001488699999754317,
map_easy_123_60bcdb24,map_easy,train,699,123,easy,5,5,0.1,0.95,0.05,default,100,3.0,8,1,1,0,0,0.0010851999977603555,
map_easy_123_60bcdb24,map_easy,train,700,123,easy,5,5,0.1,0.95,0.05,default,100,3.0,8,1,1,0,0,0.0010595999920042232,
map_easy_123_60bcdb24,map_easy,train,701,123,easy,5,5,0.1,0.95,0.05,default,100,3.0,8,1,1,0,0,0.0010987999994540587,
map_easy_123_60bcdb24,map_easy,train,702,123,easy,5,5,0.1,0.95,0.05,default,100,3.0,8,1,1,0,0,0.0010954999888781458,
map_easy_123_60bcdb24,map_easy,train,703,123,easy,5,5,0.1,0.95,0.05,default,100,3.0,8,1,1,0,0,0.0011108000035164878,
map_easy_123_60bcdb24,map_easy,train,704,123,easy,5,5,0.1,0.95,0.05,default,100,1.0,10,1,1,0,0,0.0012963999906787649,
map_easy_123_60bcdb24,map_easy,train,705,123,easy,5,5,0.1,0.95,0.05,default,100,3.0,8,1,1,0,0,0.0010726000036811456,
map_easy_123_60bcdb24,map_easy,train,706,123,easy,5,5,0.1,0.95,0.05,default,100,3.0,8,1,1,0,0,0.0010808000079123303,
map_easy_123_60bcdb24,map_easy,train,707,123,easy,5,5,0.1,0.95,0.05,default,100,3.0,8,1,1,0,0,0.0010735999967437238,
map_easy_123_60bcdb24,map_easy,train,708,123,easy,5,5,0.1,0.95,0.05,default,100,3.0,8,1,1,0,0,0.0010956000041915104,
map_easy_123_60bcdb24,map_easy,train,709,123,easy,5,5,0.1,0.95,0.05,default,100,3.0,8,1,1,0,0,0.0010795999987749383,
map_easy_123_60bcdb24,map_easy,train,710,123,easy,5,5,0.1,0.95,0.05,default,100,3.0,8,1,1,0,0,0.001073999999789521,
map_easy_123_60bcdb24,map_easy,train,711,123,easy,5,5,0.1,0.95,0.05,default,100,1.0,10,1,1,0,0,0.001269999993382953,
map_easy_123_60bcdb24,map_easy,train,712,123,easy,5,5,0.1,0.95,0.05,default,100,3.0,8,1,1,0,0,0.0010725000029196963,
map_easy_123_60bcdb24,map_easy,train,713,123,easy,5,5,0.1,0.95,0.05,default,100,3.0,8,1,1,0,0,0.0010859000030905008,
map_easy_123_60bcdb24,map_easy,train,714,123,easy,5,5,0.1,0.95,0.05,default,100,3.0,8,1,1,0,0,0.0010751000081654638,
map_easy_123_60bcdb24,map_easy,train,715,123,easy,5,5,0.1,0.95,0.05,default,100,3.0,8,1,1,0,0,0.0010876000014832243,
map_easy_123_60bcdb24,map_easy,train,716,123,easy,5,5,0.1,0.95,0.05,default,100,3.0,8,1,1,0,0,0.001047199999447912,
map_easy_123_60bcdb24,map_easy,train,717,123,easy,5,5,0.1,0.95,0.05,default,100,3.0,8,1,1,0,0,0.0010978000063914806,
map_easy_123_60bcdb24,map_easy,train,718,123,easy,5,5,0.1,0.95,0.05,default,100,3.0,8,1,1,0,0,0.0010660999978426844,
map_easy_123_60bcdb24,map_easy,train,719,123,easy,5,5,0.1,0.95,0.05,default,100,3.0,8,1,1,0,0,0.0010762000019894913,
map_easy_123_60bcdb24,map_easy,train,720,123,easy,5,5,0.1,0.95,0.05,default,100,3.0,8,1,1,0,0,0.0010753999958978966,
map_easy_123_60bcdb24,map_easy,train,721,123,easy,5,5,0.1,0.95,0.05,default,100,1.0,10,1,1,0,0,0.0013004999927943572,
map_easy_123_60bcdb24,map_easy,train,722,123,easy,5,5,0.1,0.95,0.05,default,100,3.0,8,1,1,0,0,0.001086899996153079,
map_easy_123_60bcdb24,map_easy,train,723,123,easy,5,5,0.1,0.95,0.05,default,100,3.0,8,1,1,0,0,0.001063200004864484,
map_easy_123_60bcdb24,map_easy,train,724,123,easy,5,5,0.1,0.95,0.05,default,100,3.0,8,1,1,0,0,0.0010809000086737797,
map_easy_123_60bcdb24,map_easy,train,725,123,easy,5,5,0.1,0.95,0.05,default,100,3.0,8,1,1,0,0,0.0010664000001270324,
map_easy_123_60bcdb24,map_easy,train,726,123,easy,5,5,0.1,0.95,0.05,default,100,3.0,8,1,1,0,0,0.0010812999971676618,
map_easy_123_60bcdb24,map_easy,train,727,123,easy,5,5,0.1,0.95,0.05,default,100,3.0,8,1,1,0,0,0.00107640000351239,
map_easy_123_60bcdb24,map_easy,train,728,123,easy,5,5,0.1,0.95,0.05,default,100,3.0,8,1,1,0,0,0.001094899998861365,
map_easy_123_60bcdb24,map_easy,train,729,123,easy,5,5,0.1,0.95,0.05,default,100,3.0,8,1,1,0,0,0.0010779000003822148,
map_easy_123_60bcdb24,map_easy,train,730,123,easy,5,5,0.1,0.95,0.05,default,100,3.0,8,1,1,0,0,0.0010691999923437834,
map_easy_123_60bcdb24,map_easy,train,731,123,easy,5,5,0.1,0.95,0.05,default,100,3.0,8,1,1,0,0,0.001079899986507371,
map_easy_123_60bcdb24,map_easy,train,732,123,easy,5,5,0.1,0.95,0.05,default,100,3.0,8,1,1,0,0,0.0010620999964885414,
map_easy_123_60bcdb24,map_easy,train,733,123,easy,5,5,0.1,0.95,0.05,default,100,1.0,10,1,1,0,0,0.0012734000047203153,
map_easy_123_60bcdb24,map_easy,train,734,123,easy,5,5,0.1,0.95,0.05,default,100,3.0,8,1,1,0,0,0.0010851999977603555,
map_easy_123_60bcdb24,map_easy,train,735,123,easy,5,5,0.1,0.95,0.05,default,100,3.0,8,1,1,0,0,0.0010817000002134591,
map_easy_123_60bcdb24,map_easy,train,736,123,easy,5,5,0.1,0.95,0.05,default,100,3.0,8,1,1,0,0,0.0010685999877750874,
map_easy_123_60bcdb24,map_easy,train,737,123,easy,5,5,0.1,0.95,0.05,default,100,3.0,8,1,1,0,0,0.0010937999904854223,
map_easy_123_60bcdb24,map_easy,train,738,123,easy,5,5,0.1,0.95,0.05,default,100,2.0,9,1,1,0,0,0.0011441000096965581,
map_easy_123_60bcdb24,map_easy,train,739,123,easy,5,5,0.1,0.95,0.05,default,100,3.0,8,1,1,0,0,0.0010194000060437247,
map_easy_123_60bcdb24,map_easy,train,740,123,easy,5,5,0.1,0.95,0.05,default,100,3.0,8,1,1,0,0,0.0010796999995363876,
map_easy_123_60bcdb24,map_easy,train,741,123,easy,5,5,0.1,0.95,0.05,default,100,3.0,8,1,1,0,0,0.0010938999912468717,
map_easy_123_60bcdb24,map_easy,train,742,123,easy,5,5,0.1,0.95,0.05,default,100,3.0,8,1,1,0,0,0.0010880000045290217,
map_easy_123_60bcdb24,map_easy,train,743,123,easy,5,5,0.1,0.95,0.05,default,100,2.0,9,1,1,0,0,0.0011513999925227836,
map_easy_123_60bcdb24,map_easy,train,744,123,easy,5,5,0.1,0.95,0.05,default,100,3.0,8,1,1,0,0,0.001035899986163713,
map_easy_123_60bcdb24,map_easy,train,745,123,easy,5,5,0.1,0.95,0.05,default,100,3.0,8,1,1,0,0,0.0010688999900594354,
map_easy_123_60bcdb24,map_easy,train,746,123,easy,5,5,0.1,0.95,0.05,default,100,3.0,8,1,1,0,0,0.0010888000106206164,
map_easy_123_60bcdb24,map_easy,train,747,123,easy,5,5,0.1,0.95,0.05,default,100,3.0,8,1,1,0,0,0.0010805000056279823,
map_easy_123_60bcdb24,map_easy,train,748,123,easy,5,5,0.1,0.95,0.05,default,100,3.0,8,1,1,0,0,0.0010814999986905605,
map_easy_123_60bcdb24,map_easy,train,749,123,easy,5,5,0.1,0.95,0.05,default,100,3.0,8,1,1,0,0,0.0010795999987749383,
map_easy_123_60bcdb24,map_easy,train,750,123,easy,5,5,0.1,0.95,0.05,default,100,3.0,8,1,1,0,0,0.0010752000089269131,
map_easy_123_60bcdb24,map_easy,train,751,123,easy,5,5,0.1,0.95,0.05,default,100,2.0,9,1,1,0,0,0.0011614999966695905,
map_easy_123_60bcdb24,map_easy,train,752,123,easy,5,5,0.1,0.95,0.05,default,100,3.0,8,1,1,0,0,0.0011151000071549788,
map_easy_123_60bcdb24,map_easy,train,753,123,easy,5,5,0.1,0.95,0.05,default,100,3.0,8,1,1,0,0,0.001104700000723824,
map_easy_123_60bcdb24,map_easy,train,754,123,easy,5,5,0.1,0.95,0.05,default,100,3.0,8,1,1,0,0,0.001069300007657148,
map_easy_123_60bcdb24,map_easy,train,755,123,easy,5,5,0.1,0.95,0.05,default,100,3.0,8,1,1,0,0,0.0010840000031748787,
map_easy_123_60bcdb24,map_easy,train,756,123,easy,5,5,0.1,0.95,0.05,default,100,2.0,9,1,1,0,0,0.0011381999938748777,
map_easy_123_60bcdb24,map_easy,train,757,123,easy,5,5,0.1,0.95,0.05,default,100,3.0,8,1,1,0,0,0.0010839999886229634,
map_easy_123_60bcdb24,map_easy,train,758,123,easy,5,5,0.1,0.95,0.05,default,100,2.0,9,1,1,0,0,0.00114160000521224,
map_easy_123_60bcdb24,map_easy,train,759,123,easy,5,5,0.1,0.95,0.05,default,100,3.0,8,1,1,0,0,0.001062900002580136,
map_easy_123_60bcdb24,map_easy,train,760,123,easy,5,5,0.1,0.95,0.05,default,100,3.0,8,1,1,0,0,0.0010775000118883327,
map_easy_123_60bcdb24,map_easy,train,761,123,easy,5,5,0.1,0.95,0.05,default,100,0.0,11,1,1,0,0,0.0012509999942267314,
map_easy_123_60bcdb24,map_easy,train,762,123,easy,5,5,0.1,0.95,0.05,default,100,3.0,8,1,1,0,0,0.0010864999931072816,
map_easy_123_60bcdb24,map_easy,train,763,123,easy,5,5,0.1,0.95,0.05,default,100,2.0,9,1,1,0,0,0.0010932000004686415,
map_easy_123_60bcdb24,map_easy,train,764,123,easy,5,5,0.1,0.95,0.05,default,100,3.0,8,1,1,0,0,0.0010788000072352588,
map_easy_123_60bcdb24,map_easy,train,765,123,easy,5,5,0.1,0.95,0.05,default,100,3.0,8,1,1,0,0,0.001062900002580136,
map_easy_123_60bcdb24,map_easy,train,766,123,easy,5,5,0.1,0.95,0.05,default,100,3.0,8,1,1,0,0,0.0011118999973405153,
map_easy_123_60bcdb24,map_easy,train,767,123,easy,5,5,0.1,0.95,0.05,default,100,2.0,9,1,1,0,0,0.0011670999956550077,
map_easy_123_60bcdb24,map_easy,train,768,123,easy,5,5,0.1,0.95,0.05,default,100,3.0,8,1,1,0,0,0.0010731999936979264,
map_easy_123_60bcdb24,map_easy,train,769,123,easy,5,5,0.1,0.95,0.05,default,100,3.0,8,1,1,0,0,0.0010815999994520098,
map_easy_123_60bcdb24,map_easy,train,770,123,easy,5,5,0.1,0.95,0.05,default,100,1.0,10,1,1,0,0,0.001275799993891269,
map_easy_123_60bcdb24,map_easy,train,771,123,easy,5,5,0.1,0.95,0.05,default,100,3.0,8,1,1,0,0,0.001079800000297837,
map_easy_123_60bcdb24,map_easy,train,772,123,easy,5,5,0.1,0.95,0.05,default,100,0.0,11,1,1,0,0,0.001276700000744313,
map_easy_123_60bcdb24,map_easy,train,773,123,easy,5,5,0.1,0.95,0.05,default,100,3.0,8,1,1,0,0,0.0010853999992832541,
map_easy_123_60bcdb24,map_easy,train,774,123,easy,5,5,0.1,0.95,0.05,default,100,1.0,10,1,1,0,0,0.0012488000065786764,
map_easy_123_60bcdb24,map_easy,train,775,123,easy,5,5,0.1,0.95,0.05,default,100,3.0,8,1,1,0,0,0.001091800004360266,
map_easy_123_60bcdb24,map_easy,train,776,123,easy,5,5,0.1,0.95,0.05,default,100,3.0,8,1,1,0,0,0.0010420000035082921,
map_easy_123_60bcdb24,map_easy,train,777,123,easy,5,5,0.1,0.95,0.05,default,100,2.0,9,1,1,0,0,0.0011426000128267333,
map_easy_123_60bcdb24,map_easy,train,778,123,easy,5,5,0.1,0.95,0.05,default,100,3.0,8,1,1,0,0,0.0010775999980978668,
map_easy_123_60bcdb24,map_easy,train,779,123,easy,5,5,0.1,0.95,0.05,default,100,2.0,9,1,1,0,0,0.0011436000058893114,
map_easy_123_60bcdb24,map_easy,train,780,123,easy,5,5,0.1,0.95,0.05,default,100,3.0,8,1,1,0,0,0.0011009000008925796,
map_easy_123_60bcdb24,map_easy,train,781,123,easy,5,5,0.1,0.95,0.05,default,100,3.0,8,1,1,0,0,0.001102299997000955,
map_easy_123_60bcdb24,map_easy,train,782,123,easy,5,5,0.1,0.95,0.05,default,100,3.0,8,1,1,0,0,0.0010891999991144985,
map_easy_123_60bcdb24,map_easy,train,783,123,easy,5,5,0.1,0.95,0.05,default,100,3.0,8,1,1,0,0,0.0010840000031748787,
map_easy_123_60bcdb24,map_easy,train,784,123,easy,5,5,0.1,0.95,0.05,default,100,3.0,8,1,1,0,0,0.001078299988876097,
map_easy_123_60bcdb24,map_easy,train,785,123,easy,5,5,0.1,0.95,0.05,default,100,3.0,8,1,1,0,0,0.0010877000022446737,
map_easy_123_60bcdb24,map_easy,train,786,123,easy,5,5,0.1,0.95,0.05,default,100,3.0,8,1,1,0,0,0.0010617000079946592,
map_easy_123_60bcdb24,map_easy,train,787,123,easy,5,5,0.1,0.95,0.05,default,100,3.0,8,1,1,0,0,0.0010967999987769872,
map_easy_123_60bcdb24,map_easy,train,788,123,easy,5,5,0.1,0.95,0.05,default,100,3.0,8,1,1,0,0,0.0011325999948894605,
map_easy_123_60bcdb24,map_easy,train,789,123,easy,5,5,0.1,0.95,0.05,default,100,2.0,9,1,1,0,0,0.0011663999903248623,
map_easy_123_60bcdb24,map_easy,train,790,123,easy,5,5,0.1,0.95,0.05,default,100,2.0,9,1,1,0,0,0.0011470000026747584,
map_easy_123_60bcdb24,map_easy,train,791,123,easy,5,5,0.1,0.95,0.05,default,100,3.0,8,1,1,0,0,0.0010667000024113804,
map_easy_123_60bcdb24,map_easy,train,792,123,easy,5,5,0.1,0.95,0.05,default,100,0.0,11,1,1,0,0,0.0013514000020222738,
map_easy_123_60bcdb24,map_easy,train,793,123,easy,5,5,0.1,0.95,0.05,default,100,3.0,8,1,1,0,0,0.0010704000014811754,
map_easy_123_60bcdb24,map_easy,train,794,123,easy,5,5,0.1,0.95,0.05,default,100,3.0,8,1,1,0,0,0.001085000010789372,
map_easy_123_60bcdb24,map_easy,train,795,123,easy,5,5,0.1,0.95,0.05,default,100,3.0,8,1,1,0,0,0.0010774999973364174,
map_easy_123_60bcdb24,map_easy,train,796,123,easy,5,5,0.1,0.95,0.05,default,100,2.0,9,1,1,0,0,0.0011515000078361481,
map_easy_123_60bcdb24,map_easy,train,797,123,easy,5,5,0.1,0.95,0.05,default,100,1.0,10,1,1,0,0,0.0012752999900840223,
map_easy_123_60bcdb24,map_easy,train,798,123,easy,5,5,0.1,0.95,0.05,default,100,2.0,9,1,1,0,0,0.0011383999953977764,
map_easy_123_60bcdb24,map_easy,train,799,123,easy,5,5,0.1,0.95,0.05,default,100,3.0,8,1,1,0,0,0.0010877000022446737,
map_easy_123_60bcdb24,map_easy,train,800,123,easy,5,5,0.1,0.95,0.05,default,100,3.0,8,1,1,0,0,0.0010651000047801062,results\map\easy\seed_123\qtable_ep800.npz
map_easy_123_60bcdb24,map_easy,eval,1,123,easy,5,5,0.1,0.95,0.0,default,100,-100.0,100,0,0,1,0,,
map_easy_123_60bcdb24,map_easy,eval,2,123,easy,5,5,0.1,0.95,0.0,default,100,-100.0,100,0,0,1,0,,
map_easy_123_60bcdb24,map_easy,eval,3,123,easy,5,5,0.1,0.95,0.0,default,100,-100.0,100,0,0,1,0,,
map_easy_123_60bcdb24,map_easy,eval,4,123,easy,5,5,0.1,0.95,0.0,default,100,-100.0,100,0,0,1,0,,
map_easy_123_60bcdb24,map_easy,eval,5,123,easy,5,5,0.1,0.95,0.0,default,100,-100.0,100,0,0,1,0,,
map_easy_123_60bcdb24,map_easy,eval,6,123,easy,5,5,0.1,0.95,0.0,default,100,-100.0,100,0,0,1,0,,
map_easy_123_60bcdb24,map_easy,eval,7,123,easy,5,5,0.1,0.95,0.0,default,100,-100.0,100,0,0,1,0,,
map_easy_123_60bcdb24,map_easy,eval,8,123,easy,5,5,0.1,0.95,0.0,default,100,-100.0,100,0,0,1,0,,
map_easy_123_60bcdb24,map_easy,eval,9,123,easy,5,5,0.1,0.95,0.0,default,100,-100.0,100,0,0,1,0,,
map_easy_123_60bcdb24,map_easy,eval,10,123,easy,5,5,0.1,0.95,0.0,default,100,-100.0,100,0,0,1,0,,
map_easy_123_60bcdb24,map_easy,eval,1,123,easy,5,5,0.1,0.95,0.0,default,100,-100.0,100,0,0,1,0,,
map_easy_123_60bcdb24,map_easy,eval,2,123,easy,5,5,0.1,0.95,0.0,default,100,-100.0,100,0,0,1,0,,
map_easy_123_60bcdb24,map_easy,eval,3,123,easy,5,5,0.1,0.95,0.0,default,100,-100.0,100,0,0,1,0,,
map_easy_123_60bcdb24,map_easy,eval,4,123,easy,5,5,0.1,0.95,0.0,default,100,-100.0,100,0,0,1,0,,
map_easy_123_60bcdb24,map_easy,eval,5,123,easy,5,5,0.1,0.95,0.0,default,100,-100.0,100,0,0,1,0,,
map_easy_123_60bcdb24,map_easy,eval,6,123,easy,5,5,0.1,0.95,0.0,default,100,-100.0,100,0,0,1,0,,
map_easy_123_60bcdb24,map_easy,eval,7,123,easy,5,5,0.1,0.95,0.0,default,100,-100.0,100,0,0,1,0,,
map_easy_123_60bcdb24,map_easy,eval,8,123,easy,5,5,0.1,0.95,0.0,default,100,-100.0,100,0,0,1,0,,
map_easy_123_60bcdb24,map_easy,eval,9,123,easy,5,5,0.1,0.95,0.0,default,100,-100.0,100,0,0,1,0,,
map_easy_123_60bcdb24,map_easy,eval,10,123,easy,5,5,0.1,0.95,0.0,default,100,-100.0,100,0,0,1,0,,
map_easy_123_60bcdb24,map_easy,eval,1,123,easy,5,5,0.1,0.95,0.0,default,100,3.0,8,1,1,0,0,,
map_easy_123_60bcdb24,map_easy,eval,2,123,easy,5,5,0.1,0.95,0.0,default,100,3.0,8,1,1,0,0,,
map_easy_123_60bcdb24,map_easy,eval,3,123,easy,5,5,0.1,0.95,0.0,default,100,3.0,8,1,1,0,0,,
map_easy_123_60bcdb24,map_easy,eval,4,123,easy,5,5,0.1,0.95,0.0,default,100,3.0,8,1,1,0,0,,
map_easy_123_60bcdb24,map_easy,eval,5,123,easy,5,5,0.1,0.95,0.0,default,100,3.0,8,1,1,0,0,,
map_easy_123_60bcdb24,map_easy,eval,6,123,easy,5,5,0.1,0.95,0.0,default,100,3.0,8,1,1,0,0,,
map_easy_123_60bcdb24,map_easy,eval,7,123,easy,5,5,0.1,0.95,0.0,default,100,3.0,8,1,1,0,0,,
map_easy_123_60bcdb24,map_easy,eval,8,123,easy,5,5,0.1,0.95,0.0,default,100,3.0,8,1,1,0,0,,
map_easy_123_60bcdb24,map_easy,eval,9,123,easy,5,5,0.1,0.95,0.0,default,100,3.0,8,1,1,0,0,,
map_easy_123_60bcdb24,map_easy,eval,10,123,easy,5,5,0.1,0.95,0.0,default,100,3.0,8,1,1,0,0,,
map_easy_123_60bcdb24,map_easy,eval,1,123,easy,5,5,0.1,0.95,0.0,default,100,3.0,8,1,1,0,0,,
map_easy_123_60bcdb24,map_easy,eval,2,123,easy,5,5,0.1,0.95,0.0,default,100,3.0,8,1,1,0,0,,
map_easy_123_60bcdb24,map_easy,eval,3,123,easy,5,5,0.1,0.95,0.0,default,100,3.0,8,1,1,0,0,,
map_easy_123_60bcdb24,map_easy,eval,4,123,easy,5,5,0.1,0.95,0.0,default,100,3.0,8,1,1,0,0,,
map_easy_123_60bcdb24,map_easy,eval,5,123,easy,5,5,0.1,0.95,0.0,default,100,3.0,8,1,1,0,0,,
map_easy_123_60bcdb24,map_easy,eval,6,123,easy,5,5,0.1,0.95,0.0,default,100,3.0,8,1,1,0,0,,
map_easy_123_60bcdb24,map_easy,eval,7,123,easy,5,5,0.1,0.95,0.0,default,100,3.0,8,1,1,0,0,,
map_easy_123_60bcdb24,map_easy,eval,8,123,easy,5,5,0.1,0.95,0.0,default,100,3.0,8,1,1,0,0,,
map_easy_123_60bcdb24,map_easy,eval,9,123,easy,5,5,0.1,0.95,0.0,default,100,3.0,8,1,1,0,0,,
map_easy_123_60bcdb24,map_easy,eval,10,123,easy,5,5,0.1,0.95,0.0,default,100,3.0,8,1,1,0,0,,
map_easy_123_60bcdb24,map_easy,eval,1,123,easy,5,5,0.1,0.95,0.0,default,100,3.0,8,1,1,0,0,,
map_easy_123_60bcdb24,map_easy,eval,2,123,easy,5,5,0.1,0.95,0.0,default,100,3.0,8,1,1,0,0,,
map_easy_123_60bcdb24,map_easy,eval,3,123,easy,5,5,0.1,0.95,0.0,default,100,3.0,8,1,1,0,0,,
map_easy_123_60bcdb24,map_easy,eval,4,123,easy,5,5,0.1,0.95,0.0,default,100,3.0,8,1,1,0,0,,
map_easy_123_60bcdb24,map_easy,eval,5,123,easy,5,5,0.1,0.95,0.0,default,100,3.0,8,1,1,0,0,,
map_easy_123_60bcdb24,map_easy,eval,6,123,easy,5,5,0.1,0.95,0.0,default,100,3.0,8,1,1,0,0,,
map_easy_123_60bcdb24,map_easy,eval,7,123,easy,5,5,0.1,0.95,0.0,default,100,3.0,8,1,1,0,0,,
map_easy_123_60bcdb24,map_easy,eval,8,123,easy,5,5,0.1,0.95,0.0,default,100,3.0,8,1,1,0,0,,
map_easy_123_60bcdb24,map_easy,eval,9,123,easy,5,5,0.1,0.95,0.0,default,100,3.0,8,1,1,0,0,,
map_easy_123_60bcdb24,map_easy,eval,10,123,easy,5,5,0.1,0.95,0.0,default,100,3.0,8,1,1,0,0,,
map_easy_123_60bcdb24,map_easy,eval,1,123,easy,5,5,0.1,0.95,0.0,default,100,3.0,8,1,1,0,0,,
map_easy_123_60bcdb24,map_easy,eval,2,123,easy,5,5,0.1,0.95,0.0,default,100,3.0,8,1,1,0,0,,
map_easy_123_60bcdb24,map_easy,eval,3,123,easy,5,5,0.1,0.95,0.0,default,100,3.0,8,1,1,0,0,,
map_easy_123_60bcdb24,map_easy,eval,4,123,easy,5,5,0.1,0.95,0.0,default,100,3.0,8,1,1,0,0,,
map_easy_123_60bcdb24,map_easy,eval,5,123,easy,5,5,0.1,0.95,0.0,default,100,3.0,8,1,1,0,0,,
map_easy_123_60bcdb24,map_easy,eval,6,123,easy,5,5,0.1,0.95,0.0,default,100,3.0,8,1,1,0,0,,
map_easy_123_60bcdb24,map_easy,eval,7,123,easy,5,5,0.1,0.95,0.0,default,100,3.0,8,1,1,0,0,,
map_easy_123_60bcdb24,map_easy,eval,8,123,easy,5,5,0.1,0.95,0.0,default,100,3.0,8,1,1,0,0,,
map_easy_123_60bcdb24,map_easy,eval,9,123,easy,5,5,0.1,0.95,0.0,default,100,3.0,8,1,1,0,0,,
map_easy_123_60bcdb24,map_easy,eval,10,123,easy,5,5,0.1,0.95,0.0,default,100,3.0,8,1,1,0,0,,
map_easy_123_60bcdb24,map_easy,eval,1,123,easy,5,5,0.1,0.95,0.0,default,100,3.0,8,1,1,0,0,,
map_easy_123_60bcdb24,map_easy,eval,2,123,easy,5,5,0.1,0.95,0.0,default,100,3.0,8,1,1,0,0,,
map_easy_123_60bcdb24,map_easy,eval,3,123,easy,5,5,0.1,0.95,0.0,default,100,3.0,8,1,1,0,0,,
map_easy_123_60bcdb24,map_easy,eval,4,123,easy,5,5,0.1,0.95,0.0,default,100,3.0,8,1,1,0,0,,
map_easy_123_60bcdb24,map_easy,eval,5,123,easy,5,5,0.1,0.95,0.0,default,100,3.0,8,1,1,0,0,,
map_easy_123_60bcdb24,map_easy,eval,6,123,easy,5,5,0.1,0.95,0.0,default,100,3.0,8,1,1,0,0,,
map_easy_123_60bcdb24,map_easy,eval,7,123,easy,5,5,0.1,0.95,0.0,default,100,3.0,8,1,1,0,0,,
map_easy_123_60bcdb24,map_easy,eval,8,123,easy,5,5,0.1,0.95,0.0,default,100,3.0,8,1,1,0,0,,
map_easy_123_60bcdb24,map_easy,eval,9,123,easy,5,5,0.1,0.95,0.0,default,100,3.0,8,1,1,0,0,,
map_easy_123_60bcdb24,map_easy,eval,10,123,easy,5,5,0.1,0.95,0.0,default,100,3.0,8,1,1,0,0,,
map_easy_123_60bcdb24,map_easy,eval,1,123,easy,5,5,0.1,0.95,0.0,default,100,3.0,8,1,1,0,0,,
map_easy_123_60bcdb24,map_easy,eval,2,123,easy,5,5,0.1,0.95,0.0,default,100,3.0,8,1,1,0,0,,
map_easy_123_60bcdb24,map_easy,eval,3,123,easy,5,5,0.1,0.95,0.0,default,100,3.0,8,1,1,0,0,,
map_easy_123_60bcdb24,map_easy,eval,4,123,easy,5,5,0.1,0.95,0.0,default,100,3.0,8,1,1,0,0,,
map_easy_123_60bcdb24,map_easy,eval,5,123,easy,5,5,0.1,0.95,0.0,default,100,3.0,8,1,1,0,0,,
map_easy_123_60bcdb24,map_easy,eval,6,123,easy,5,5,0.1,0.95,0.0,default,100,3.0,8,1,1,0,0,,
map_easy_123_60bcdb24,map_easy,eval,7,123,easy,5,5,0.1,0.95,0.0,default,100,3.0,8,1,1,0,0,,
map_easy_123_60bcdb24,map_easy,eval,8,123,easy,5,5,0.1,0.95,0.0,default,100,3.0,8,1,1,0,0,,
map_easy_123_60bcdb24,map_easy,eval,9,123,easy,5,5,0.1,0.95,0.0,default,100,3.0,8,1,1,0,0,,
map_easy_123_60bcdb24,map_easy,eval,10,123,easy,5,5,0.1,0.95,0.0,default,100,3.0,8,1,1,0,0,,
map_easy_123_60bcdb24,map_easy,eval,1,123,easy,5,5,0.1,0.95,0.0,default,100,3.0,8,1,1,0,0,,
map_easy_123_60bcdb24,map_easy,eval,2,123,easy,5,5,0.1,0.95,0.0,default,100,3.0,8,1,1,0,0,,
map_easy_123_60bcdb24,map_easy,eval,3,123,easy,5,5,0.1,0.95,0.0,default,100,3.0,8,1,1,0,0,,
map_easy_123_60bcdb24,map_easy,eval,4,123,easy,5,5,0.1,0.95,0.0,default,100,3.0,8,1,1,0,0,,
map_easy_123_60bcdb24,map_easy,eval,5,123,easy,5,5,0.1,0.95,0.0,default,100,3.0,8,1,1,0,0,,
map_easy_123_60bcdb24,map_easy,eval,6,123,easy,5,5,0.1,0.95,0.0,default,100,3.0,8,1,1,0,0,,
map_easy_123_60bcdb24,map_easy,eval,7,123,easy,5,5,0.1,0.95,0.0,default,100,3.0,8,1,1,0,0,,
map_easy_123_60bcdb24,map_easy,eval,8,123,easy,5,5,0.1,0.95,0.0,default,100,3.0,8,1,1,0,0,,
map_easy_123_60bcdb24,map_easy,eval,9,123,easy,5,5,0.1,0.95,0.0,default,100,3.0,8,1,1,0,0,,
map_easy_123_60bcdb24,map_easy,eval,10,123,easy,5,5,0.1,0.95,0.0,default,100,3.0,8,1,1,0,0,,
map_easy_123_60bcdb24,map_easy,eval,1,123,easy,5,5,0.1,0.95,0.0,default,100,3.0,8,1,1,0,0,,
map_easy_123_60bcdb24,map_easy,eval,2,123,easy,5,5,0.1,0.95,0.0,default,100,3.0,8,1,1,0,0,,
map_easy_123_60bcdb24,map_easy,eval,3,123,easy,5,5,0.1,0.95,0.0,default,100,3.0,8,1,1,0,0,,
map_easy_123_60bcdb24,map_easy,eval,4,123,easy,5,5,0.1,0.95,0.0,default,100,3.0,8,1,1,0,0,,
map_easy_123_60bcdb24,map_easy,eval,5,123,easy,5,5,0.1,0.95,0.0,default,100,3.0,8,1,1,0,0,,
map_easy_123_60bcdb24,map_easy,eval,6,123,easy,5,5,0.1,0.95,0.0,default,100,3.0,8,1,1,0,0,,
map_easy_123_60bcdb24,map_easy,eval,7,123,easy,5,5,0.1,0.95,0.0,default,100,3.0,8,1,1,0,0,,
map_easy_123_60bcdb24,map_easy,eval,8,123,easy,5,5,0.1,0.95,0.0,default,100,3.0,8,1,1,0,0,,
map_easy_123_60bcdb24,map_easy,eval,9,123,easy,5,5,0.1,0.95,0.0,default,100,3.0,8,1,1,0,0,,
map_easy_123_60bcdb24,map_easy,eval,10,123,easy,5,5,0.1,0.95,0.0,default,100,3.0,8,1,1,0,0,,
map_easy_123_60bcdb24,map_easy,eval,1,123,easy,5,5,0.1,0.95,0.0,default,100,3.0,8,1,1,0,0,,
map_easy_123_60bcdb24,map_easy,eval,2,123,easy,5,5,0.1,0.95,0.0,default,100,3.0,8,1,1,0,0,,
map_easy_123_60bcdb24,map_easy,eval,3,123,easy,5,5,0.1,0.95,0.0,default,100,3.0,8,1,1,0,0,,
map_easy_123_60bcdb24,map_easy,eval,4,123,easy,5,5,0.1,0.95,0.0,default,100,3.0,8,1,1,0,0,,
map_easy_123_60bcdb24,map_easy,eval,5,123,easy,5,5,0.1,0.95,0.0,default,100,3.0,8,1,1,0,0,,
map_easy_123_60bcdb24,map_easy,eval,6,123,easy,5,5,0.1,0.95,0.0,default,100,3.0,8,1,1,0,0,,
map_easy_123_60bcdb24,map_easy,eval,7,123,easy,5,5,0.1,0.95,0.0,default,100,3.0,8,1,1,0,0,,
map_easy_123_60bcdb24,map_easy,eval,8,123,easy,5,5,0.1,0.95,0.0,default,100,3.0,8,1,1,0,0,,
map_easy_123_60bcdb24,map_easy,eval,9,123,easy,5,5,0.1,0.95,0.0,default,100,3.0,8,1,1,0,0,,
map_easy_123_60bcdb24,map_easy,eval,10,123,easy,5,5,0.1,0.95,0.0,default,100,3.0,8,1,1,0,0,,
map_easy_123_60bcdb24,map_easy,eval,1,123,easy,5,5,0.1,0.95,0.0,default,100,3.0,8,1,1,0,0,,
map_easy_123_60bcdb24,map_easy,eval,2,123,easy,5,5,0.1,0.95,0.0,default,100,3.0,8,1,1,0,0,,
map_easy_123_60bcdb24,map_easy,eval,3,123,easy,5,5,0.1,0.95,0.0,default,100,3.0,8,1,1,0,0,,
map_easy_123_60bcdb24,map_easy,eval,4,123,easy,5,5,0.1,0.95,0.0,default,100,3.0,8,1,1,0,0,,
map_easy_123_60bcdb24,map_easy,eval,5,123,easy,5,5,0.1,0.95,0.0,default,100,3.0,8,1,1,0,0,,
map_easy_123_60bcdb24,map_easy,eval,6,123,easy,5,5,0.1,0.95,0.0,default,100,3.0,8,1,1,0,0,,
map_easy_123_60bcdb24,map_easy,eval,7,123,easy,5,5,0.1,0.95,0.0,default,100,3.0,8,1,1,0,0,,
map_easy_123_60bcdb24,map_easy,eval,8,123,easy,5,5,0.1,0.95,0.0,default,100,3.0,8,1,1,0,0,,
map_easy_123_60bcdb24,map_easy,eval,9,123,easy,5,5,0.1,0.95,0.0,default,100,3.0,8,1,1,0,0,,
map_easy_123_60bcdb24,map_easy,eval,10,123,easy,5,5,0.1,0.95,0.0,default,100,3.0,8,1,1,0,0,,
map_easy_123_60bcdb24,map_easy,eval,1,123,easy,5,5,0.1,0.95,0.0,default,100,3.0,8,1,1,0,0,,
map_easy_123_60bcdb24,map_easy,eval,2,123,easy,5,5,0.1,0.95,0.0,default,100,3.0,8,1,1,0,0,,
map_easy_123_60bcdb24,map_easy,eval,3,123,easy,5,5,0.1,0.95,0.0,default,100,3.0,8,1,1,0,0,,
map_easy_123_60bcdb24,map_easy,eval,4,123,easy,5,5,0.1,0.95,0.0,default,100,3.0,8,1,1,0,0,,
map_easy_123_60bcdb24,map_easy,eval,5,123,easy,5,5,0.1,0.95,0.0,default,100,3.0,8,1,1,0,0,,
map_easy_123_60bcdb24,map_easy,eval,6,123,easy,5,5,0.1,0.95,0.0,default,100,3.0,8,1,1,0,0,,
map_easy_123_60bcdb24,map_easy,eval,7,123,easy,5,5,0.1,0.95,0.0,default,100,3.0,8,1,1,0,0,,
map_easy_123_60bcdb24,map_easy,eval,8,123,easy,5,5,0.1,0.95,0.0,default,100,3.0,8,1,1,0,0,,
map_easy_123_60bcdb24,map_easy,eval,9,123,easy,5,5,0.1,0.95,0.0,default,100,3.0,8,1,1,0,0,,
map_easy_123_60bcdb24,map_easy,eval,10,123,easy,5,5,0.1,0.95,0.0,default,100,3.0,8,1,1,0,0,,
map_easy_123_60bcdb24,map_easy,eval,1,123,easy,5,5,0.1,0.95,0.0,default,100,3.0,8,1,1,0,0,,
map_easy_123_60bcdb24,map_easy,eval,2,123,easy,5,5,0.1,0.95,0.0,default,100,3.0,8,1,1,0,0,,
map_easy_123_60bcdb24,map_easy,eval,3,123,easy,5,5,0.1,0.95,0.0,default,100,3.0,8,1,1,0,0,,
map_easy_123_60bcdb24,map_easy,eval,4,123,easy,5,5,0.1,0.95,0.0,default,100,3.0,8,1,1,0,0,,
map_easy_123_60bcdb24,map_easy,eval,5,123,easy,5,5,0.1,0.95,0.0,default,100,3.0,8,1,1,0,0,,
map_easy_123_60bcdb24,map_easy,eval,6,123,easy,5,5,0.1,0.95,0.0,default,100,3.0,8,1,1,0,0,,
map_easy_123_60bcdb24,map_easy,eval,7,123,easy,5,5,0.1,0.95,0.0,default,100,3.0,8,1,1,0,0,,
map_easy_123_60bcdb24,map_easy,eval,8,123,easy,5,5,0.1,0.95,0.0,default,100,3.0,8,1,1,0,0,,
map_easy_123_60bcdb24,map_easy,eval,9,123,easy,5,5,0.1,0.95,0.0,default,100,3.0,8,1,1,0,0,,
map_easy_123_60bcdb24,map_easy,eval,10,123,easy,5,5,0.1,0.95,0.0,default,100,3.0,8,1,1,0,0,,
map_easy_123_60bcdb24,map_easy,eval,1,123,easy,5,5,0.1,0.95,0.0,default,100,3.0,8,1,1,0,0,,
map_easy_123_60bcdb24,map_easy,eval,2,123,easy,5,5,0.1,0.95,0.0,default,100,3.0,8,1,1,0,0,,
map_easy_123_60bcdb24,map_easy,eval,3,123,easy,5,5,0.1,0.95,0.0,default,100,3.0,8,1,1,0,0,,
map_easy_123_60bcdb24,map_easy,eval,4,123,easy,5,5,0.1,0.95,0.0,default,100,3.0,8,1,1,0,0,,
map_easy_123_60bcdb24,map_easy,eval,5,123,easy,5,5,0.1,0.95,0.0,default,100,3.0,8,1,1,0,0,,
map_easy_123_60bcdb24,map_easy,eval,6,123,easy,5,5,0.1,0.95,0.0,default,100,3.0,8,1,1,0,0,,
map_easy_123_60bcdb24,map_easy,eval,7,123,easy,5,5,0.1,0.95,0.0,default,100,3.0,8,1,1,0,0,,
map_easy_123_60bcdb24,map_easy,eval,8,123,easy,5,5,0.1,0.95,0.0,default,100,3.0,8,1,1,0,0,,
map_easy_123_60bcdb24,map_easy,eval,9,123,easy,5,5,0.1,0.95,0.0,default,100,3.0,8,1,1,0,0,,
map_easy_123_60bcdb24,map_easy,eval,10,123,easy,5,5,0.1,0.95,0.0,default,100,3.0,8,1,1,0,0,,
map_easy_123_60bcdb24,map_easy,eval,1,123,easy,5,5,0.1,0.95,0.0,default,100,3.0,8,1,1,0,0,,
map_easy_123_60bcdb24,map_easy,eval,2,123,easy,5,5,0.1,0.95,0.0,default,100,3.0,8,1,1,0,0,,
map_easy_123_60bcdb24,map_easy,eval,3,123,easy,5,5,0.1,0.95,0.0,default,100,3.0,8,1,1,0,0,,
map_easy_123_60bcdb24,map_easy,eval,4,123,easy,5,5,0.1,0.95,0.0,default,100,3.0,8,1,1,0,0,,
map_easy_123_60bcdb24,map_easy,eval,5,123,easy,5,5,0.1,0.95,0.0,default,100,3.0,8,1,1,0,0,,
map_easy_123_60bcdb24,map_easy,eval,6,123,easy,5,5,0.1,0.95,0.0,default,100,3.0,8,1,1,0,0,,
map_easy_123_60bcdb24,map_easy,eval,7,123,easy,5,5,0.1,0.95,0.0,default,100,3.0,8,1,1,0,0,,
map_easy_123_60bcdb24,map_easy,eval,8,123,easy,5,5,0.1,0.95,0.0,default,100,3.0,8,1,1,0,0,,
map_easy_123_60bcdb24,map_easy,eval,9,123,easy,5,5,0.1,0.95,0.0,default,100,3.0,8,1,1,0,0,,
map_easy_123_60bcdb24,map_easy,eval,10,123,easy,5,5,0.1,0.95,0.0,default,100,3.0,8,1,1,0,0,,
map_easy_123_60bcdb24,map_easy,eval,1,123,easy,5,5,0.1,0.95,0.0,default,100,3.0,8,1,1,0,0,,
map_easy_123_60bcdb24,map_easy,eval,2,123,easy,5,5,0.1,0.95,0.0,default,100,3.0,8,1,1,0,0,,
map_easy_123_60bcdb24,map_easy,eval,3,123,easy,5,5,0.1,0.95,0.0,default,100,3.0,8,1,1,0,0,,
map_easy_123_60bcdb24,map_easy,eval,4,123,easy,5,5,0.1,0.95,0.0,default,100,3.0,8,1,1,0,0,,
map_easy_123_60bcdb24,map_easy,eval,5,123,easy,5,5,0.1,0.95,0.0,default,100,3.0,8,1,1,0,0,,
map_easy_123_60bcdb24,map_easy,eval,6,123,easy,5,5,0.1,0.95,0.0,default,100,3.0,8,1,1,0,0,,
map_easy_123_60bcdb24,map_easy,eval,7,123,easy,5,5,0.1,0.95,0.0,default,100,3.0,8,1,1,0,0,,
map_easy_123_60bcdb24,map_easy,eval,8,123,easy,5,5,0.1,0.95,0.0,default,100,3.0,8,1,1,0,0,,
map_easy_123_60bcdb24,map_easy,eval,9,123,easy,5,5,0.1,0.95,0.0,default,100,3.0,8,1,1,0,0,,
map_easy_123_60bcdb24,map_easy,eval,10,123,easy,5,5,0.1,0.95,0.0,default,100,3.0,8,1,1,0,0,,
map_easy_123_60bcdb24,map_easy,eval,1,123,easy,5,5,0.1,0.95,0.0,default,100,3.0,8,1,1,0,0,,
map_easy_123_60bcdb24,map_easy,eval,2,123,easy,5,5,0.1,0.95,0.0,default,100,3.0,8,1,1,0,0,,
map_easy_123_60bcdb24,map_easy,eval,3,123,easy,5,5,0.1,0.95,0.0,default,100,3.0,8,1,1,0,0,,
map_easy_123_60bcdb24,map_easy,eval,4,123,easy,5,5,0.1,0.95,0.0,default,100,3.0,8,1,1,0,0,,
map_easy_123_60bcdb24,map_easy,eval,5,123,easy,5,5,0.1,0.95,0.0,default,100,3.0,8,1,1,0,0,,
map_easy_123_60bcdb24,map_easy,eval,6,123,easy,5,5,0.1,0.95,0.0,default,100,3.0,8,1,1,0,0,,
map_easy_123_60bcdb24,map_easy,eval,7,123,easy,5,5,0.1,0.95,0.0,default,100,3.0,8,1,1,0,0,,
map_easy_123_60bcdb24,map_easy,eval,8,123,easy,5,5,0.1,0.95,0.0,default,100,3.0,8,1,1,0,0,,
map_easy_123_60bcdb24,map_easy,eval,9,123,easy,5,5,0.1,0.95,0.0,default,100,3.0,8,1,1,0,0,,
map_easy_123_60bcdb24,map_easy,eval,10,123,easy,5,5,0.1,0.95,0.0,default,100,3.0,8,1,1,0,0,,
map_easy_123_60bcdb24,map_easy,eval,1,123,easy,5,5,0.1,0.95,0.0,default,100,3.0,8,1,1,0,0,,
map_easy_123_60bcdb24,map_easy,eval,2,123,easy,5,5,0.1,0.95,0.0,default,100,3.0,8,1,1,0,0,,
map_easy_123_60bcdb24,map_easy,eval,3,123,easy,5,5,0.1,0.95,0.0,default,100,3.0,8,1,1,0,0,,
map_easy_123_60bcdb24,map_easy,eval,4,123,easy,5,5,0.1,0.95,0.0,default,100,3.0,8,1,1,0,0,,
map_easy_123_60bcdb24,map_easy,eval,5,123,easy,5,5,0.1,0.95,0.0,default,100,3.0,8,1,1,0,0,,
map_easy_123_60bcdb24,map_easy,eval,6,123,easy,5,5,0.1,0.95,0.0,default,100,3.0,8,1,1,0,0,,
map_easy_123_60bcdb24,map_easy,eval,7,123,easy,5,5,0.1,0.95,0.0,default,100,3.0,8,1,1,0,0,,
map_easy_123_60bcdb24,map_easy,eval,8,123,easy,5,5,0.1,0.95,0.0,default,100,3.0,8,1,1,0,0,,
map_easy_123_60bcdb24,map_easy,eval,9,123,easy,5,5,0.1,0.95,0.0,default,100,3.0,8,1,1,0,0,,
map_easy_123_60bcdb24,map_easy,eval,10,123,easy,5,5,0.1,0.95,0.0,default,100,3.0,8,1,1,0,0,,
map_easy_123_60bcdb24,map_easy,eval,1,123,easy,5,5,0.1,0.95,0.0,default,100,3.0,8,1,1,0,0,,
map_easy_123_60bcdb24,map_easy,eval,2,123,easy,5,5,0.1,0.95,0.0,default,100,3.0,8,1,1,0,0,,
map_easy_123_60bcdb24,map_easy,eval,3,123,easy,5,5,0.1,0.95,0.0,default,100,3.0,8,1,1,0,0,,
map_easy_123_60bcdb24,map_easy,eval,4,123,easy,5,5,0.1,0.95,0.0,default,100,3.0,8,1,1,0,0,,
map_easy_123_60bcdb24,map_easy,eval,5,123,easy,5,5,0.1,0.95,0.0,default,100,3.0,8,1,1,0,0,,
map_easy_123_60bcdb24,map_easy,eval,6,123,easy,5,5,0.1,0.95,0.0,default,100,3.0,8,1,1,0,0,,
map_easy_123_60bcdb24,map_easy,eval,7,123,easy,5,5,0.1,0.95,0.0,default,100,3.0,8,1,1,0,0,,
map_easy_123_60bcdb24,map_easy,eval,8,123,easy,5,5,0.1,0.95,0.0,default,100,3.0,8,1,1,0,0,,
map_easy_123_60bcdb24,map_easy,eval,9,123,easy,5,5,0.1,0.95,0.0,default,100,3.0,8,1,1,0,0,,
map_easy_123_60bcdb24,map_easy,eval,10,123,easy,5,5,0.1,0.95,0.0,default,100,3.0,8,1,1,0,0,,
map_easy_123_60bcdb24,map_easy,eval,1,123,easy,5,5,0.1,0.95,0.0,default,100,3.0,8,1,1,0,0,,
map_easy_123_60bcdb24,map_easy,eval,2,123,easy,5,5,0.1,0.95,0.0,default,100,3.0,8,1,1,0,0,,
map_easy_123_60bcdb24,map_easy,eval,3,123,easy,5,5,0.1,0.95,0.0,default,100,3.0,8,1,1,0,0,,
map_easy_123_60bcdb24,map_easy,eval,4,123,easy,5,5,0.1,0.95,0.0,default,100,3.0,8,1,1,0,0,,
map_easy_123_60bcdb24,map_easy,eval,5,123,easy,5,5,0.1,0.95,0.0,default,100,3.0,8,1,1,0,0,,
map_easy_123_60bcdb24,map_easy,eval,6,123,easy,5,5,0.1,0.95,0.0,default,100,3.0,8,1,1,0,0,,
map_easy_123_60bcdb24,map_easy,eval,7,123,easy,5,5,0.1,0.95,0.0,default,100,3.0,8,1,1,0,0,,
map_easy_123_60bcdb24,map_easy,eval,8,123,easy,5,5,0.1,0.95,0.0,default,100,3.0,8,1,1,0,0,,
map_easy_123_60bcdb24,map_easy,eval,9,123,easy,5,5,0.1,0.95,0.0,default,100,3.0,8,1,1,0,0,,
map_easy_123_60bcdb24,map_easy,eval,10,123,easy,5,5,0.1,0.95,0.0,default,100,3.0,8,1,1,0,0,,
map_easy_123_60bcdb24,map_easy,eval,1,123,easy,5,5,0.1,0.95,0.0,default,100,3.0,8,1,1,0,0,,
map_easy_123_60bcdb24,map_easy,eval,2,123,easy,5,5,0.1,0.95,0.0,default,100,3.0,8,1,1,0,0,,
map_easy_123_60bcdb24,map_easy,eval,3,123,easy,5,5,0.1,0.95,0.0,default,100,3.0,8,1,1,0,0,,
map_easy_123_60bcdb24,map_easy,eval,4,123,easy,5,5,0.1,0.95,0.0,default,100,3.0,8,1,1,0,0,,
map_easy_123_60bcdb24,map_easy,eval,5,123,easy,5,5,0.1,0.95,0.0,default,100,3.0,8,1,1,0,0,,
map_easy_123_60bcdb24,map_easy,eval,6,123,easy,5,5,0.1,0.95,0.0,default,100,3.0,8,1,1,0,0,,
map_easy_123_60bcdb24,map_easy,eval,7,123,easy,5,5,0.1,0.95,0.0,default,100,3.0,8,1,1,0,0,,
map_easy_123_60bcdb24,map_easy,eval,8,123,easy,5,5,0.1,0.95,0.0,default,100,3.0,8,1,1,0,0,,
map_easy_123_60bcdb24,map_easy,eval,9,123,easy,5,5,0.1,0.95,0.0,default,100,3.0,8,1,1,0,0,,
map_easy_123_60bcdb24,map_easy,eval,10,123,easy,5,5,0.1,0.95,0.0,default,100,3.0,8,1,1,0,0,,
map_easy_123_60bcdb24,map_easy,eval,1,123,easy,5,5,0.1,0.95,0.0,default,100,3.0,8,1,1,0,0,,
map_easy_123_60bcdb24,map_easy,eval,2,123,easy,5,5,0.1,0.95,0.0,default,100,3.0,8,1,1,0,0,,
map_easy_123_60bcdb24,map_easy,eval,3,123,easy,5,5,0.1,0.95,0.0,default,100,3.0,8,1,1,0,0,,
map_easy_123_60bcdb24,map_easy,eval,4,123,easy,5,5,0.1,0.95,0.0,default,100,3.0,8,1,1,0,0,,
map_easy_123_60bcdb24,map_easy,eval,5,123,easy,5,5,0.1,0.95,0.0,default,100,3.0,8,1,1,0,0,,
map_easy_123_60bcdb24,map_easy,eval,6,123,easy,5,5,0.1,0.95,0.0,default,100,3.0,8,1,1,0,0,,
map_easy_123_60bcdb24,map_easy,eval,7,123,easy,5,5,0.1,0.95,0.0,default,100,3.0,8,1,1,0,0,,
map_easy_123_60bcdb24,map_easy,eval,8,123,easy,5,5,0.1,0.95,0.0,default,100,3.0,8,1,1,0,0,,
map_easy_123_60bcdb24,map_easy,eval,9,123,easy,5,5,0.1,0.95,0.0,default,100,3.0,8,1,1,0,0,,
map_easy_123_60bcdb24,map_easy,eval,10,123,easy,5,5,0.1,0.95,0.0,default,100,3.0,8,1,1,0,0,,
map_easy_123_60bcdb24,map_easy,eval,1,123,easy,5,5,0.1,0.95,0.0,default,100,3.0,8,1,1,0,0,,
map_easy_123_60bcdb24,map_easy,eval,2,123,easy,5,5,0.1,0.95,0.0,default,100,3.0,8,1,1,0,0,,
map_easy_123_60bcdb24,map_easy,eval,3,123,easy,5,5,0.1,0.95,0.0,default,100,3.0,8,1,1,0,0,,
map_easy_123_60bcdb24,map_easy,eval,4,123,easy,5,5,0.1,0.95,0.0,default,100,3.0,8,1,1,0,0,,
map_easy_123_60bcdb24,map_easy,eval,5,123,easy,5,5,0.1,0.95,0.0,default,100,3.0,8,1,1,0,0,,
map_easy_123_60bcdb24,map_easy,eval,6,123,easy,5,5,0.1,0.95,0.0,default,100,3.0,8,1,1,0,0,,
map_easy_123_60bcdb24,map_easy,eval,7,123,easy,5,5,0.1,0.95,0.0,default,100,3.0,8,1,1,0,0,,
map_easy_123_60bcdb24,map_easy,eval,8,123,easy,5,5,0.1,0.95,0.0,default,100,3.0,8,1,1,0,0,,
map_easy_123_60bcdb24,map_easy,eval,9,123,easy,5,5,0.1,0.95,0.0,default,100,3.0,8,1,1,0,0,,
map_easy_123_60bcdb24,map_easy,eval,10,123,easy,5,5,0.1,0.95,0.0,default,100,3.0,8,1,1,0,0,,
map_easy_123_60bcdb24,map_easy,eval,1,123,easy,5,5,0.1,0.95,0.0,default,100,3.0,8,1,1,0,0,,
map_easy_123_60bcdb24,map_easy,eval,2,123,easy,5,5,0.1,0.95,0.0,default,100,3.0,8,1,1,0,0,,
map_easy_123_60bcdb24,map_easy,eval,3,123,easy,5,5,0.1,0.95,0.0,default,100,3.0,8,1,1,0,0,,
map_easy_123_60bcdb24,map_easy,eval,4,123,easy,5,5,0.1,0.95,0.0,default,100,3.0,8,1,1,0,0,,
map_easy_123_60bcdb24,map_easy,eval,5,123,easy,5,5,0.1,0.95,0.0,default,100,3.0,8,1,1,0,0,,
map_easy_123_60bcdb24,map_easy,eval,6,123,easy,5,5,0.1,0.95,0.0,default,100,3.0,8,1,1,0,0,,
map_easy_123_60bcdb24,map_easy,eval,7,123,easy,5,5,0.1,0.95,0.0,default,100,3.0,8,1,1,0,0,,
map_easy_123_60bcdb24,map_easy,eval,8,123,easy,5,5,0.1,0.95,0.0,default,100,3.0,8,1,1,0,0,,
map_easy_123_60bcdb24,map_easy,eval,9,123,easy,5,5,0.1,0.95,0.0,default,100,3.0,8,1,1,0,0,,
map_easy_123_60bcdb24,map_easy,eval,10,123,easy,5,5,0.1,0.95,0.0,default,100,3.0,8,1,1,0,0,,
map_easy_123_60bcdb24,map_easy,eval,1,123,easy,5,5,0.1,0.95,0.0,default,100,3.0,8,1,1,0,0,,
map_easy_123_60bcdb24,map_easy,eval,2,123,easy,5,5,0.1,0.95,0.0,default,100,3.0,8,1,1,0,0,,
map_easy_123_60bcdb24,map_easy,eval,3,123,easy,5,5,0.1,0.95,0.0,default,100,3.0,8,1,1,0,0,,
map_easy_123_60bcdb24,map_easy,eval,4,123,easy,5,5,0.1,0.95,0.0,default,100,3.0,8,1,1,0,0,,
map_easy_123_60bcdb24,map_easy,eval,5,123,easy,5,5,0.1,0.95,0.0,default,100,3.0,8,1,1,0,0,,
map_easy_123_60bcdb24,map_easy,eval,6,123,easy,5,5,0.1,0.95,0.0,default,100,3.0,8,1,1,0,0,,
map_easy_123_60bcdb24,map_easy,eval,7,123,easy,5,5,0.1,0.95,0.0,default,100,3.0,8,1,1,0,0,,
map_easy_123_60bcdb24,map_easy,eval,8,123,easy,5,5,0.1,0.95,0.0,default,100,3.0,8,1,1,0,0,,
map_easy_123_60bcdb24,map_easy,eval,9,123,easy,5,5,0.1,0.95,0.0,default,100,3.0,8,1,1,0,0,,
map_easy_123_60bcdb24,map_easy,eval,10,123,easy,5,5,0.1,0.95,0.0,default,100,3.0,8,1,1,0,0,,
map_easy_123_60bcdb24,map_easy,eval,1,123,easy,5,5,0.1,0.95,0.0,default,100,3.0,8,1,1,0,0,,
map_easy_123_60bcdb24,map_easy,eval,2,123,easy,5,5,0.1,0.95,0.0,default,100,3.0,8,1,1,0,0,,
map_easy_123_60bcdb24,map_easy,eval,3,123,easy,5,5,0.1,0.95,0.0,default,100,3.0,8,1,1,0,0,,
map_easy_123_60bcdb24,map_easy,eval,4,123,easy,5,5,0.1,0.95,0.0,default,100,3.0,8,1,1,0,0,,
map_easy_123_60bcdb24,map_easy,eval,5,123,easy,5,5,0.1,0.95,0.0,default,100,3.0,8,1,1,0,0,,
map_easy_123_60bcdb24,map_easy,eval,6,123,easy,5,5,0.1,0.95,0.0,default,100,3.0,8,1,1,0,0,,
map_easy_123_60bcdb24,map_easy,eval,7,123,easy,5,5,0.1,0.95,0.0,default,100,3.0,8,1,1,0,0,,
map_easy_123_60bcdb24,map_easy,eval,8,123,easy,5,5,0.1,0.95,0.0,default,100,3.0,8,1,1,0,0,,
map_easy_123_60bcdb24,map_easy,eval,9,123,easy,5,5,0.1,0.95,0.0,default,100,3.0,8,1,1,0,0,,
map_easy_123_60bcdb24,map_easy,eval,10,123,easy,5,5,0.1,0.95,0.0,default,100,3.0,8,1,1,0,0,,
map_easy_123_60bcdb24,map_easy,eval,1,123,easy,5,5,0.1,0.95,0.0,default,100,3.0,8,1,1,0,0,,
map_easy_123_60bcdb24,map_easy,eval,2,123,easy,5,5,0.1,0.95,0.0,default,100,3.0,8,1,1,0,0,,
map_easy_123_60bcdb24,map_easy,eval,3,123,easy,5,5,0.1,0.95,0.0,default,100,3.0,8,1,1,0,0,,
map_easy_123_60bcdb24,map_easy,eval,4,123,easy,5,5,0.1,0.95,0.0,default,100,3.0,8,1,1,0,0,,
map_easy_123_60bcdb24,map_easy,eval,5,123,easy,5,5,0.1,0.95,0.0,default,100,3.0,8,1,1,0,0,,
map_easy_123_60bcdb24,map_easy,eval,6,123,easy,5,5,0.1,0.95,0.0,default,100,3.0,8,1,1,0,0,,
map_easy_123_60bcdb24,map_easy,eval,7,123,easy,5,5,0.1,0.95,0.0,default,100,3.0,8,1,1,0,0,,
map_easy_123_60bcdb24,map_easy,eval,8,123,easy,5,5,0.1,0.95,0.0,default,100,3.0,8,1,1,0,0,,
map_easy_123_60bcdb24,map_easy,eval,9,123,easy,5,5,0.1,0.95,0.0,default,100,3.0,8,1,1,0,0,,
map_easy_123_60bcdb24,map_easy,eval,10,123,easy,5,5,0.1,0.95,0.0,default,100,3.0,8,1,1,0,0,,
map_easy_123_60bcdb24,map_easy,eval,1,123,easy,5,5,0.1,0.95,0.0,default,100,3.0,8,1,1,0,0,,
map_easy_123_60bcdb24,map_easy,eval,2,123,easy,5,5,0.1,0.95,0.0,default,100,3.0,8,1,1,0,0,,
map_easy_123_60bcdb24,map_easy,eval,3,123,easy,5,5,0.1,0.95,0.0,default,100,3.0,8,1,1,0,0,,
map_easy_123_60bcdb24,map_easy,eval,4,123,easy,5,5,0.1,0.95,0.0,default,100,3.0,8,1,1,0,0,,
map_easy_123_60bcdb24,map_easy,eval,5,123,easy,5,5,0.1,0.95,0.0,default,100,3.0,8,1,1,0,0,,
map_easy_123_60bcdb24,map_easy,eval,6,123,easy,5,5,0.1,0.95,0.0,default,100,3.0,8,1,1,0,0,,
map_easy_123_60bcdb24,map_easy,eval,7,123,easy,5,5,0.1,0.95,0.0,default,100,3.0,8,1,1,0,0,,
map_easy_123_60bcdb24,map_easy,eval,8,123,easy,5,5,0.1,0.95,0.0,default,100,3.0,8,1,1,0,0,,
map_easy_123_60bcdb24,map_easy,eval,9,123,easy,5,5,0.1,0.95,0.0,default,100,3.0,8,1,1,0,0,,
map_easy_123_60bcdb24,map_easy,eval,10,123,easy,5,5,0.1,0.95,0.0,default,100,3.0,8,1,1,0,0,,
map_easy_123_60bcdb24,map_easy,eval,1,123,easy,5,5,0.1,0.95,0.0,default,100,3.0,8,1,1,0,0,,
map_easy_123_60bcdb24,map_easy,eval,2,123,easy,5,5,0.1,0.95,0.0,default,100,3.0,8,1,1,0,0,,
map_easy_123_60bcdb24,map_easy,eval,3,123,easy,5,5,0.1,0.95,0.0,default,100,3.0,8,1,1,0,0,,
map_easy_123_60bcdb24,map_easy,eval,4,123,easy,5,5,0.1,0.95,0.0,default,100,3.0,8,1,1,0,0,,
map_easy_123_60bcdb24,map_easy,eval,5,123,easy,5,5,0.1,0.95,0.0,default,100,3.0,8,1,1,0,0,,
map_easy_123_60bcdb24,map_easy,eval,6,123,easy,5,5,0.1,0.95,0.0,default,100,3.0,8,1,1,0,0,,
map_easy_123_60bcdb24,map_easy,eval,7,123,easy,5,5,0.1,0.95,0.0,default,100,3.0,8,1,1,0,0,,
map_easy_123_60bcdb24,map_easy,eval,8,123,easy,5,5,0.1,0.95,0.0,default,100,3.0,8,1,1,0,0,,
map_easy_123_60bcdb24,map_easy,eval,9,123,easy,5,5,0.1,0.95,0.0,default,100,3.0,8,1,1,0,0,,
map_easy_123_60bcdb24,map_easy,eval,10,123,easy,5,5,0.1,0.95,0.0,default,100,3.0,8,1,1,0,0,,
map_easy_123_60bcdb24,map_easy,eval,1,123,easy,5,5,0.1,0.95,0.0,default,100,3.0,8,1,1,0,0,,
map_easy_123_60bcdb24,map_easy,eval,2,123,easy,5,5,0.1,0.95,0.0,default,100,3.0,8,1,1,0,0,,
map_easy_123_60bcdb24,map_easy,eval,3,123,easy,5,5,0.1,0.95,0.0,default,100,3.0,8,1,1,0,0,,
map_easy_123_60bcdb24,map_easy,eval,4,123,easy,5,5,0.1,0.95,0.0,default,100,3.0,8,1,1,0,0,,
map_easy_123_60bcdb24,map_easy,eval,5,123,easy,5,5,0.1,0.95,0.0,default,100,3.0,8,1,1,0,0,,
map_easy_123_60bcdb24,map_easy,eval,6,123,easy,5,5,0.1,0.95,0.0,default,100,3.0,8,1,1,0,0,,
map_easy_123_60bcdb24,map_easy,eval,7,123,easy,5,5,0.1,0.95,0.0,default,100,3.0,8,1,1,0,0,,
map_easy_123_60bcdb24,map_easy,eval,8,123,easy,5,5,0.1,0.95,0.0,default,100,3.0,8,1,1,0,0,,
map_easy_123_60bcdb24,map_easy,eval,9,123,easy,5,5,0.1,0.95,0.0,default,100,3.0,8,1,1,0,0,,
map_easy_123_60bcdb24,map_easy,eval,10,123,easy,5,5,0.1,0.95,0.0,default,100,3.0,8,1,1,0,0,,
map_easy_123_60bcdb24,map_easy,eval,1,123,easy,5,5,0.1,0.95,0.0,default,100,3.0,8,1,1,0,0,,
map_easy_123_60bcdb24,map_easy,eval,2,123,easy,5,5,0.1,0.95,0.0,default,100,3.0,8,1,1,0,0,,
map_easy_123_60bcdb24,map_easy,eval,3,123,easy,5,5,0.1,0.95,0.0,default,100,3.0,8,1,1,0,0,,
map_easy_123_60bcdb24,map_easy,eval,4,123,easy,5,5,0.1,0.95,0.0,default,100,3.0,8,1,1,0,0,,
map_easy_123_60bcdb24,map_easy,eval,5,123,easy,5,5,0.1,0.95,0.0,default,100,3.0,8,1,1,0,0,,
map_easy_123_60bcdb24,map_easy,eval,6,123,easy,5,5,0.1,0.95,0.0,default,100,3.0,8,1,1,0,0,,
map_easy_123_60bcdb24,map_easy,eval,7,123,easy,5,5,0.1,0.95,0.0,default,100,3.0,8,1,1,0,0,,
map_easy_123_60bcdb24,map_easy,eval,8,123,easy,5,5,0.1,0.95,0.0,default,100,3.0,8,1,1,0,0,,
map_easy_123_60bcdb24,map_easy,eval,9,123,easy,5,5,0.1,0.95,0.0,default,100,3.0,8,1,1,0,0,,
map_easy_123_60bcdb24,map_easy,eval,10,123,easy,5,5,0.1,0.95,0.0,default,100,3.0,8,1,1,0,0,,
map_easy_123_60bcdb24,map_easy,eval,1,123,easy,5,5,0.1,0.95,0.0,default,100,3.0,8,1,1,0,0,,
map_easy_123_60bcdb24,map_easy,eval,2,123,easy,5,5,0.1,0.95,0.0,default,100,3.0,8,1,1,0,0,,
map_easy_123_60bcdb24,map_easy,eval,3,123,easy,5,5,0.1,0.95,0.0,default,100,3.0,8,1,1,0,0,,
map_easy_123_60bcdb24,map_easy,eval,4,123,easy,5,5,0.1,0.95,0.0,default,100,3.0,8,1,1,0,0,,
map_easy_123_60bcdb24,map_easy,eval,5,123,easy,5,5,0.1,0.95,0.0,default,100,3.0,8,1,1,0,0,,
map_easy_123_60bcdb24,map_easy,eval,6,123,easy,5,5,0.1,0.95,0.0,default,100,3.0,8,1,1,0,0,,
map_easy_123_60bcdb24,map_easy,eval,7,123,easy,5,5,0.1,0.95,0.0,default,100,3.0,8,1,1,0,0,,
map_easy_123_60bcdb24,map_easy,eval,8,123,easy,5,5,0.1,0.95,0.0,default,100,3.0,8,1,1,0,0,,
map_easy_123_60bcdb24,map_easy,eval,9,123,easy,5,5,0.1,0.95,0.0,default,100,3.0,8,1,1,0,0,,
map_easy_123_60bcdb24,map_easy,eval,10,123,easy,5,5,0.1,0.95,0.0,default,100,3.0,8,1,1,0,0,,
map_easy_123_60bcdb24,map_easy,eval,1,123,easy,5,5,0.1,0.95,0.0,default,100,3.0,8,1,1,0,0,,
map_easy_123_60bcdb24,map_easy,eval,2,123,easy,5,5,0.1,0.95,0.0,default,100,3.0,8,1,1,0,0,,
map_easy_123_60bcdb24,map_easy,eval,3,123,easy,5,5,0.1,0.95,0.0,default,100,3.0,8,1,1,0,0,,
map_easy_123_60bcdb24,map_easy,eval,4,123,easy,5,5,0.1,0.95,0.0,default,100,3.0,8,1,1,0,0,,
map_easy_123_60bcdb24,map_easy,eval,5,123,easy,5,5,0.1,0.95,0.0,default,100,3.0,8,1,1,0,0,,
map_easy_123_60bcdb24,map_easy,eval,6,123,easy,5,5,0.1,0.95,0.0,default,100,3.0,8,1,1,0,0,,
map_easy_123_60bcdb24,map_easy,eval,7,123,easy,5,5,0.1,0.95,0.0,default,100,3.0,8,1,1,0,0,,
map_easy_123_60bcdb24,map_easy,eval,8,123,easy,5,5,0.1,0.95,0.0,default,100,3.0,8,1,1,0,0,,
map_easy_123_60bcdb24,map_easy,eval,9,123,easy,5,5,0.1,0.95,0.0,default,100,3.0,8,1,1,0,0,,
map_easy_123_60bcdb24,map_easy,eval,10,123,easy,5,5,0.1,0.95,0.0,default,100,3.0,8,1,1,0,0,,
map_easy_123_60bcdb24,map_easy,eval,1,123,easy,5,5,0.1,0.95,0.0,default,100,3.0,8,1,1,0,0,,
map_easy_123_60bcdb24,map_easy,eval,2,123,easy,5,5,0.1,0.95,0.0,default,100,3.0,8,1,1,0,0,,
map_easy_123_60bcdb24,map_easy,eval,3,123,easy,5,5,0.1,0.95,0.0,default,100,3.0,8,1,1,0,0,,
map_easy_123_60bcdb24,map_easy,eval,4,123,easy,5,5,0.1,0.95,0.0,default,100,3.0,8,1,1,0,0,,
map_easy_123_60bcdb24,map_easy,eval,5,123,easy,5,5,0.1,0.95,0.0,default,100,3.0,8,1,1,0,0,,
map_easy_123_60bcdb24,map_easy,eval,6,123,easy,5,5,0.1,0.95,0.0,default,100,3.0,8,1,1,0,0,,
map_easy_123_60bcdb24,map_easy,eval,7,123,easy,5,5,0.1,0.95,0.0,default,100,3.0,8,1,1,0,0,,
map_easy_123_60bcdb24,map_easy,eval,8,123,easy,5,5,0.1,0.95,0.0,default,100,3.0,8,1,1,0,0,,
map_easy_123_60bcdb24,map_easy,eval,9,123,easy,5,5,0.1,0.95,0.0,default,100,3.0,8,1,1,0,0,,
map_easy_123_60bcdb24,map_easy,eval,10,123,easy,5,5,0.1,0.95,0.0,default,100,3.0,8,1,1,0,0,,
map_easy_123_60bcdb24,map_easy,eval,1,123,easy,5,5,0.1,0.95,0.0,default,100,3.0,8,1,1,0,0,,
map_easy_123_60bcdb24,map_easy,eval,2,123,easy,5,5,0.1,0.95,0.0,default,100,3.0,8,1,1,0,0,,
map_easy_123_60bcdb24,map_easy,eval,3,123,easy,5,5,0.1,0.95,0.0,default,100,3.0,8,1,1,0,0,,
map_easy_123_60bcdb24,map_easy,eval,4,123,easy,5,5,0.1,0.95,0.0,default,100,3.0,8,1,1,0,0,,
map_easy_123_60bcdb24,map_easy,eval,5,123,easy,5,5,0.1,0.95,0.0,default,100,3.0,8,1,1,0,0,,
map_easy_123_60bcdb24,map_easy,eval,6,123,easy,5,5,0.1,0.95,0.0,default,100,3.0,8,1,1,0,0,,
map_easy_123_60bcdb24,map_easy,eval,7,123,easy,5,5,0.1,0.95,0.0,default,100,3.0,8,1,1,0,0,,
map_easy_123_60bcdb24,map_easy,eval,8,123,easy,5,5,0.1,0.95,0.0,default,100,3.0,8,1,1,0,0,,
map_easy_123_60bcdb24,map_easy,eval,9,123,easy,5,5,0.1,0.95,0.0,default,100,3.0,8,1,1,0,0,,
map_easy_123_60bcdb24,map_easy,eval,10,123,easy,5,5,0.1,0.95,0.0,default,100,3.0,8,1,1,0,0,,
map_easy_123_60bcdb24,map_easy,eval,1,123,easy,5,5,0.1,0.95,0.0,default,100,3.0,8,1,1,0,0,,
map_easy_123_60bcdb24,map_easy,eval,2,123,easy,5,5,0.1,0.95,0.0,default,100,3.0,8,1,1,0,0,,
map_easy_123_60bcdb24,map_easy,eval,3,123,easy,5,5,0.1,0.95,0.0,default,100,3.0,8,1,1,0,0,,
map_easy_123_60bcdb24,map_easy,eval,4,123,easy,5,5,0.1,0.95,0.0,default,100,3.0,8,1,1,0,0,,
map_easy_123_60bcdb24,map_easy,eval,5,123,easy,5,5,0.1,0.95,0.0,default,100,3.0,8,1,1,0,0,,
map_easy_123_60bcdb24,map_easy,eval,6,123,easy,5,5,0.1,0.95,0.0,default,100,3.0,8,1,1,0,0,,
map_easy_123_60bcdb24,map_easy,eval,7,123,easy,5,5,0.1,0.95,0.0,default,100,3.0,8,1,1,0,0,,
map_easy_123_60bcdb24,map_easy,eval,8,123,easy,5,5,0.1,0.95,0.0,default,100,3.0,8,1,1,0,0,,
map_easy_123_60bcdb24,map_easy,eval,9,123,easy,5,5,0.1,0.95,0.0,default,100,3.0,8,1,1,0,0,,
map_easy_123_60bcdb24,map_easy,eval,10,123,easy,5,5,0.1,0.95,0.0,default,100,3.0,8,1,1,0,0,,
map_easy_123_60bcdb24,map_easy,eval,1,123,easy,5,5,0.1,0.95,0.0,default,100,3.0,8,1,1,0,0,,
map_easy_123_60bcdb24,map_easy,eval,2,123,easy,5,5,0.1,0.95,0.0,default,100,3.0,8,1,1,0,0,,
map_easy_123_60bcdb24,map_easy,eval,3,123,easy,5,5,0.1,0.95,0.0,default,100,3.0,8,1,1,0,0,,
map_easy_123_60bcdb24,map_easy,eval,4,123,easy,5,5,0.1,0.95,0.0,default,100,3.0,8,1,1,0,0,,
map_easy_123_60bcdb24,map_easy,eval,5,123,easy,5,5,0.1,0.95,0.0,default,100,3.0,8,1,1,0,0,,
map_easy_123_60bcdb24,map_easy,eval,6,123,easy,5,5,0.1,0.95,0.0,default,100,3.0,8,1,1,0,0,,
map_easy_123_60bcdb24,map_easy,eval,7,123,easy,5,5,0.1,0.95,0.0,default,100,3.0,8,1,1,0,0,,
map_easy_123_60bcdb24,map_easy,eval,8,123,easy,5,5,0.1,0.95,0.0,default,100,3.0,8,1,1,0,0,,
map_easy_123_60bcdb24,map_easy,eval,9,123,easy,5,5,0.1,0.95,0.0,default,100,3.0,8,1,1,0,0,,
map_easy_123_60bcdb24,map_easy,eval,10,123,easy,5,5,0.1,0.95,0.0,default,100,3.0,8,1,1,0,0,,
map_easy_123_60bcdb24,map_easy,eval,1,123,easy,5,5,0.1,0.95,0.0,default,100,3.0,8,1,1,0,0,,
map_easy_123_60bcdb24,map_easy,eval,2,123,easy,5,5,0.1,0.95,0.0,default,100,3.0,8,1,1,0,0,,
map_easy_123_60bcdb24,map_easy,eval,3,123,easy,5,5,0.1,0.95,0.0,default,100,3.0,8,1,1,0,0,,
map_easy_123_60bcdb24,map_easy,eval,4,123,easy,5,5,0.1,0.95,0.0,default,100,3.0,8,1,1,0,0,,
map_easy_123_60bcdb24,map_easy,eval,5,123,easy,5,5,0.1,0.95,0.0,default,100,3.0,8,1,1,0,0,,
map_easy_123_60bcdb24,map_easy,eval,6,123,easy,5,5,0.1,0.95,0.0,default,100,3.0,8,1,1,0,0,,
map_easy_123_60bcdb24,map_easy,eval,7,123,easy,5,5,0.1,0.95,0.0,default,100,3.0,8,1,1,0,0,,
map_easy_123_60bcdb24,map_easy,eval,8,123,easy,5,5,0.1,0.95,0.0,default,100,3.0,8,1,1,0,0,,
map_easy_123_60bcdb24,map_easy,eval,9,123,easy,5,5,0.1,0.95,0.0,default,100,3.0,8,1,1,0,0,,
map_easy_123_60bcdb24,map_easy,eval,10,123,easy,5,5,0.1,0.95,0.0,default,100,3.0,8,1,1,0,0,,
map_easy_123_60bcdb24,map_easy,eval,1,123,easy,5,5,0.1,0.95,0.0,default,100,3.0,8,1,1,0,0,,
map_easy_123_60bcdb24,map_easy,eval,2,123,easy,5,5,0.1,0.95,0.0,default,100,3.0,8,1,1,0,0,,
map_easy_123_60bcdb24,map_easy,eval,3,123,easy,5,5,0.1,0.95,0.0,default,100,3.0,8,1,1,0,0,,
map_easy_123_60bcdb24,map_easy,eval,4,123,easy,5,5,0.1,0.95,0.0,default,100,3.0,8,1,1,0,0,,
map_easy_123_60bcdb24,map_easy,eval,5,123,easy,5,5,0.1,0.95,0.0,default,100,3.0,8,1,1,0,0,,
map_easy_123_60bcdb24,map_easy,eval,6,123,easy,5,5,0.1,0.95,0.0,default,100,3.0,8,1,1,0,0,,
map_easy_123_60bcdb24,map_easy,eval,7,123,easy,5,5,0.1,0.95,0.0,default,100,3.0,8,1,1,0,0,,
map_easy_123_60bcdb24,map_easy,eval,8,123,easy,5,5,0.1,0.95,0.0,default,100,3.0,8,1,1,0,0,,
map_easy_123_60bcdb24,map_easy,eval,9,123,easy,5,5,0.1,0.95,0.0,default,100,3.0,8,1,1,0,0,,
map_easy_123_60bcdb24,map_easy,eval,10,123,easy,5,5,0.1,0.95,0.0,default,100,3.0,8,1,1,0,0,,
