run_id,exp_name,phase,episode,seed,map_name,rows,cols,alpha,gamma,epsilon,reward_setting,max_steps,total_reward,steps,success,terminated,truncated,hit_trap,elapsed_sec,qtable_path
baseline_1024_986f656c,baseline,train,1,1024,easy,5,5,0.1,0.95,0.199,default,100,-12.0,23,1,1,0,0,0.0034478000015951693,
baseline_1024_986f656c,baseline,train,2,1024,easy,5,5,0.1,0.95,0.19800500000000001,default,100,-26.0,17,0,1,0,1,0.0019466000085230917,
baseline_1024_986f656c,baseline,train,3,1024,easy,5,5,0.1,0.95,0.197014975,default,100,-55.0,46,0,1,0,1,0.005219499988015741,
baseline_1024_986f656c,baseline,train,4,1024,easy,5,5,0.1,0.95,0.19602990012500002,default,100,-45.0,56,1,1,0,0,0.006302599998889491,
baseline_1024_986f656c,baseline,train,5,1024,easy,5,5,0.1,0.95,0.19504975062437502,default,100,-73.0,64,0,1,0,1,0.007083400007104501,
baseline_1024_986f656c,baseline,train,6,1024,easy,5,5,0.1,0.95,0.19407450187125314,default,100,-25.0,36,1,1,0,0,0.0038511000020662323,
baseline_1024_986f656c,baseline,train,7,1024,easy,5,5,0.1,0.95,0.19310412936189686,default,100,-12.0,23,1,1,0,0,0.0025809000071603805,
baseline_1024_986f656c,baseline,train,8,1024,easy,5,5,0.1,0.95,0.19213860871508737,default,100,-100.0,100,0,0,1,0,0.010832800006028265,
baseline_1024_986f656c,baseline,train,9,1024,easy,5,5,0.1,0.95,0.19117791567151193,default,100,-24.0,35,1,1,0,0,0.00389740000537131,
baseline_1024_986f656c,baseline,train,10,1024,easy,5,5,0.1,0.95,0.19022202609315436,default,100,-24.0,35,1,1,0,0,0.004047399997944012,
baseline_1024_986f656c,baseline,train,11,1024,easy,5,5,0.1,0.95,0.18927091596268858,default,100,-11.0,22,1,1,0,0,0.002753699998720549,
baseline_1024_986f656c,baseline,train,12,1024,easy,5,5,0.1,0.95,0.18832456138287512,default,100,-54.0,65,1,1,0,0,0.007578000004286878,
baseline_1024_986f656c,baseline,train,13,1024,easy,5,5,0.1,0.95,0.18738293857596075,default,100,-55.0,46,0,1,0,1,0.005207900001551025,
baseline_1024_986f656c,baseline,train,14,1024,easy,5,5,0.1,0.95,0.18644602388308096,default,100,0.0,11,1,1,0,0,0.001329300008364953,
baseline_1024_986f656c,baseline,train,15,1024,easy,5,5,0.1,0.95,0.18551379376366556,default,100,-14.0,25,1,1,0,0,0.002843800000846386,
baseline_1024_986f656c,baseline,train,16,1024,easy,5,5,0.1,0.95,0.18458622479484724,default,100,-21.0,32,1,1,0,0,0.0036262000066926703,
baseline_1024_986f656c,baseline,train,17,1024,easy,5,5,0.1,0.95,0.183663293670873,default,100,-23.0,34,1,1,0,0,0.00405740000132937,
baseline_1024_986f656c,baseline,train,18,1024,easy,5,5,0.1,0.95,0.18274497720251864,default,100,-1.0,12,1,1,0,0,0.0015071999951032922,
baseline_1024_986f656c,baseline,train,19,1024,easy,5,5,0.1,0.95,0.18183125231650604,default,100,-4.0,15,1,1,0,0,0.0018233000009786338,
baseline_1024_986f656c,baseline,train,20,1024,easy,5,5,0.1,0.95,0.18092209605492351,default,100,-36.0,47,1,1,0,0,0.005310299995471723,
baseline_1024_986f656c,baseline,train,21,1024,easy,5,5,0.1,0.95,0.1800174855746489,default,100,-10.0,21,1,1,0,0,0.0026005999970948324,
baseline_1024_986f656c,baseline,train,22,1024,easy,5,5,0.1,0.95,0.17911739814677563,default,100,-6.0,17,1,1,0,0,0.0020409999997355044,
baseline_1024_986f656c,baseline,train,23,1024,easy,5,5,0.1,0.95,0.17822181115604174,default,100,-33.0,24,0,1,0,1,0.0027436999953351915,
baseline_1024_986f656c,baseline,train,24,1024,easy,5,5,0.1,0.95,0.17733070210026153,default,100,-8.0,19,1,1,0,0,0.002270700002554804,
baseline_1024_986f656c,baseline,train,25,1024,easy,5,5,0.1,0.95,0.17644404858976023,default,100,-4.0,15,1,1,0,0,0.0017570000054547563,
baseline_1024_986f656c,baseline,train,26,1024,easy,5,5,0.1,0.95,0.17556182834681144,default,100,-38.0,29,0,1,0,1,0.003313299996079877,
baseline_1024_986f656c,baseline,train,27,1024,easy,5,5,0.1,0.95,0.1746840192050774,default,100,-8.0,19,1,1,0,0,0.0022787999914726242,
baseline_1024_986f656c,baseline,train,28,1024,easy,5,5,0.1,0.95,0.173810599109052,default,100,-2.0,13,1,1,0,0,0.001596399990376085,
baseline_1024_986f656c,baseline,train,29,1024,easy,5,5,0.1,0.95,0.17294154611350673,default,100,-13.0,24,1,1,0,0,0.002998500000103377,
baseline_1024_986f656c,baseline,train,30,1024,easy,5,5,0.1,0.95,0.1720768383829392,default,100,-1.0,12,1,1,0,0,0.0015619000041624531,
baseline_1024_986f656c,baseline,train,31,1024,easy,5,5,0.1,0.95,0.1712164541910245,default,100,-1.0,12,1,1,0,0,0.001380399990011938,
baseline_1024_986f656c,baseline,train,32,1024,easy,5,5,0.1,0.95,0.17036037192006936,default,100,-11.0,22,1,1,0,0,0.0027981000021100044,
baseline_1024_986f656c,baseline,train,33,1024,easy,5,5,0.1,0.95,0.16950857006046902,default,100,-5.0,16,1,1,0,0,0.0018028999911621213,
baseline_1024_986f656c,baseline,train,34,1024,easy,5,5,0.1,0.95,0.16866102721016668,default,100,-2.0,13,1,1,0,0,0.0016135000041685998,
baseline_1024_986f656c,baseline,train,35,1024,easy,5,5,0.1,0.95,0.16781772207411585,default,100,-2.0,13,1,1,0,0,0.0015060000005178154,
baseline_1024_986f656c,baseline,train,36,1024,easy,5,5,0.1,0.95,0.16697863346374528,default,100,-17.0,28,1,1,0,0,0.003256700001657009,
baseline_1024_986f656c,baseline,train,37,1024,easy,5,5,0.1,0.95,0.16614374029642656,default,100,-10.0,21,1,1,0,0,0.0024446000024909154,
baseline_1024_986f656c,baseline,train,38,1024,easy,5,5,0.1,0.95,0.16531302159494443,default,100,-4.0,15,1,1,0,0,0.001800600002752617,
baseline_1024_986f656c,baseline,train,39,1024,easy,5,5,0.1,0.95,0.16448645648696972,default,100,-3.0,14,1,1,0,0,0.0017709999956423417,
baseline_1024_986f656c,baseline,train,40,1024,easy,5,5,0.1,0.95,0.16366402420453488,default,100,0.0,11,1,1,0,0,0.0014226000057533383,
baseline_1024_986f656c,baseline,train,41,1024,easy,5,5,0.1,0.95,0.1628457040835122,default,100,-1.0,12,1,1,0,0,0.0017462999967392534,
baseline_1024_986f656c,baseline,train,42,1024,easy,5,5,0.1,0.95,0.16203147556309463,default,100,-4.0,15,1,1,0,0,0.001939300011144951,
baseline_1024_986f656c,baseline,train,43,1024,easy,5,5,0.1,0.95,0.16122131818527916,default,100,-12.0,23,1,1,0,0,0.002660500002093613,
baseline_1024_986f656c,baseline,train,44,1024,easy,5,5,0.1,0.95,0.16041521159435276,default,100,-27.0,18,0,1,0,1,0.002060300001176074,
baseline_1024_986f656c,baseline,train,45,1024,easy,5,5,0.1,0.95,0.159613135536381,default,100,1.0,10,1,1,0,0,0.0014999999984866008,
baseline_1024_986f656c,baseline,train,46,1024,easy,5,5,0.1,0.95,0.15881506985869911,default,100,1.0,10,1,1,0,0,0.0013291999930515885,
baseline_1024_986f656c,baseline,train,47,1024,easy,5,5,0.1,0.95,0.15802099450940563,default,100,-4.0,15,1,1,0,0,0.001869500003522262,
baseline_1024_986f656c,baseline,train,48,1024,easy,5,5,0.1,0.95,0.1572308895368586,default,100,-8.0,19,1,1,0,0,0.0020780000049853697,
baseline_1024_986f656c,baseline,train,49,1024,easy,5,5,0.1,0.95,0.1564447350891743,default,100,-1.0,12,1,1,0,0,0.0017033999902196229,
baseline_1024_986f656c,baseline,train,50,1024,easy,5,5,0.1,0.95,0.15566251141372844,default,100,0.0,11,1,1,0,0,0.001348699996015057,
baseline_1024_986f656c,baseline,train,51,1024,easy,5,5,0.1,0.95,0.1548841988566598,default,100,-2.0,13,1,1,0,0,0.0015162000054260716,
baseline_1024_986f656c,baseline,train,52,1024,easy,5,5,0.1,0.95,0.1541097778623765,default,100,1.0,10,1,1,0,0,0.0014762000064365566,
baseline_1024_986f656c,baseline,train,53,1024,easy,5,5,0.1,0.95,0.15333922897306462,default,100,2.0,9,1,1,0,0,0.0011976999958278611,
baseline_1024_986f656c,baseline,train,54,1024,easy,5,5,0.1,0.95,0.1525725328281993,default,100,-5.0,16,1,1,0,0,0.0018151999975088984,
baseline_1024_986f656c,baseline,train,55,1024,easy,5,5,0.1,0.95,0.1518096701640583,default,100,-4.0,15,1,1,0,0,0.001978100000997074,
baseline_1024_986f656c,baseline,train,56,1024,easy,5,5,0.1,0.95,0.151050621813238,default,100,2.0,9,1,1,0,0,0.00121489999582991,
baseline_1024_986f656c,baseline,train,57,1024,easy,5,5,0.1,0.95,0.15029536870417182,default,100,1.0,10,1,1,0,0,0.0014590000064345077,
baseline_1024_986f656c,baseline,train,58,1024,easy,5,5,0.1,0.95,0.14954389186065095,default,100,0.0,11,1,1,0,0,0.0013938999909441918,
baseline_1024_986f656c,baseline,train,59,1024,easy,5,5,0.1,0.95,0.1487961724013477,default,100,-1.0,12,1,1,0,0,0.0016143999964697286,
baseline_1024_986f656c,baseline,train,60,1024,easy,5,5,0.1,0.95,0.14805219153934096,default,100,1.0,10,1,1,0,0,0.001451100004487671,
baseline_1024_986f656c,baseline,train,61,1024,easy,5,5,0.1,0.95,0.14731193058164427,default,100,0.0,11,1,1,0,0,0.001476999997976236,
baseline_1024_986f656c,baseline,train,62,1024,easy,5,5,0.1,0.95,0.14657537092873604,default,100,3.0,8,1,1,0,0,0.0010315000108676031,
baseline_1024_986f656c,baseline,train,63,1024,easy,5,5,0.1,0.95,0.14584249407409236,default,100,-7.0,18,1,1,0,0,0.00209500000346452,
baseline_1024_986f656c,baseline,train,64,1024,easy,5,5,0.1,0.95,0.1451132816037219,default,100,0.0,11,1,1,0,0,0.0012852999934693798,
baseline_1024_986f656c,baseline,train,65,1024,easy,5,5,0.1,0.95,0.1443877151957033,default,100,2.0,9,1,1,0,0,0.0011677999864332378,
baseline_1024_986f656c,baseline,train,66,1024,easy,5,5,0.1,0.95,0.14366577661972477,default,100,-6.0,17,1,1,0,0,0.0019269999902462587,
baseline_1024_986f656c,baseline,train,67,1024,easy,5,5,0.1,0.95,0.14294744773662615,default,100,1.0,10,1,1,0,0,0.0012950000091223046,
baseline_1024_986f656c,baseline,train,68,1024,easy,5,5,0.1,0.95,0.14223271049794303,default,100,-15.0,6,0,1,0,1,0.0007811999967088923,
baseline_1024_986f656c,baseline,train,69,1024,easy,5,5,0.1,0.95,0.14152154694545332,default,100,3.0,8,1,1,0,0,0.0010197999945376068,
baseline_1024_986f656c,baseline,train,70,1024,easy,5,5,0.1,0.95,0.14081393921072605,default,100,3.0,8,1,1,0,0,0.001056100009009242,
baseline_1024_986f656c,baseline,train,71,1024,easy,5,5,0.1,0.95,0.1401098695146724,default,100,-1.0,12,1,1,0,0,0.0013500999921234325,
baseline_1024_986f656c,baseline,train,72,1024,easy,5,5,0.1,0.95,0.13940932016709906,default,100,2.0,9,1,1,0,0,0.00114229999599047,
baseline_1024_986f656c,baseline,train,73,1024,easy,5,5,0.1,0.95,0.13871227356626356,default,100,-19.0,10,0,1,0,1,0.0011589000059757382,
baseline_1024_986f656c,baseline,train,74,1024,easy,5,5,0.1,0.95,0.13801871219843223,default,100,0.0,11,1,1,0,0,0.0013196999934734777,
baseline_1024_986f656c,baseline,train,75,1024,easy,5,5,0.1,0.95,0.13732861863744006,default,100,3.0,8,1,1,0,0,0.0010159000084968284,
baseline_1024_986f656c,baseline,train,76,1024,easy,5,5,0.1,0.95,0.13664197554425286,default,100,-3.0,14,1,1,0,0,0.001526499996543862,
baseline_1024_986f656c,baseline,train,77,1024,easy,5,5,0.1,0.95,0.1359587656665316,default,100,2.0,9,1,1,0,0,0.0010158999939449131,
baseline_1024_986f656c,baseline,train,78,1024,easy,5,5,0.1,0.95,0.13527897183819892,default,100,2.0,9,1,1,0,0,0.0011762000067392364,
baseline_1024_986f656c,baseline,train,79,1024,easy,5,5,0.1,0.95,0.13460257697900793,default,100,3.0,8,1,1,0,0,0.0011952999921049923,
baseline_1024_986f656c,baseline,train,80,1024,easy,5,5,0.1,0.95,0.13392956409411289,default,100,2.0,9,1,1,0,0,0.0011984000011580065,
baseline_1024_986f656c,baseline,train,81,1024,easy,5,5,0.1,0.95,0.1332599162736423,default,100,2.0,9,1,1,0,0,0.0012652000004891306,
baseline_1024_986f656c,baseline,train,82,1024,easy,5,5,0.1,0.95,0.1325936166922741,default,100,2.0,9,1,1,0,0,0.0011531999916769564,
baseline_1024_986f656c,baseline,train,83,1024,easy,5,5,0.1,0.95,0.13193064860881273,default,100,0.0,11,1,1,0,0,0.0013042999926256016,
baseline_1024_986f656c,baseline,train,84,1024,easy,5,5,0.1,0.95,0.13127099536576867,default,100,1.0,10,1,1,0,0,0.001220999998622574,
baseline_1024_986f656c,baseline,train,85,1024,easy,5,5,0.1,0.95,0.13061464038893983,default,100,3.0,8,1,1,0,0,0.0010729999921750277,
baseline_1024_986f656c,baseline,train,86,1024,easy,5,5,0.1,0.95,0.12996156718699514,default,100,0.0,11,1,1,0,0,0.0013535999896703288,
baseline_1024_986f656c,baseline,train,87,1024,easy,5,5,0.1,0.95,0.12931175935106015,default,100,0.0,11,1,1,0,0,0.0013652000052388757,
baseline_1024_986f656c,baseline,train,88,1024,easy,5,5,0.1,0.95,0.12866520055430486,default,100,-1.0,12,1,1,0,0,0.0014651000092271715,
baseline_1024_986f656c,baseline,train,89,1024,easy,5,5,0.1,0.95,0.12802187455153333,default,100,-1.0,12,1,1,0,0,0.0014478000084636733,
baseline_1024_986f656c,baseline,train,90,1024,easy,5,5,0.1,0.95,0.12738176517877567,default,100,3.0,8,1,1,0,0,0.0010271000064676628,
baseline_1024_986f656c,baseline,train,91,1024,easy,5,5,0.1,0.95,0.1267448563528818,default,100,3.0,8,1,1,0,0,0.0010765000042738393,
baseline_1024_986f656c,baseline,train,92,1024,easy,5,5,0.1,0.95,0.12611113207111738,default,100,0.0,11,1,1,0,0,0.001340099988738075,
baseline_1024_986f656c,baseline,train,93,1024,easy,5,5,0.1,0.95,0.1254805764107618,default,100,2.0,9,1,1,0,0,0.0011747999960789457,
baseline_1024_986f656c,baseline,train,94,1024,easy,5,5,0.1,0.95,0.12485317352870799,default,100,2.0,9,1,1,0,0,0.0011155999964103103,
baseline_1024_986f656c,baseline,train,95,1024,easy,5,5,0.1,0.95,0.12422890766106445,default,100,3.0,8,1,1,0,0,0.0010655000078259036,
baseline_1024_986f656c,baseline,train,96,1024,easy,5,5,0.1,0.95,0.12360776312275913,default,100,3.0,8,1,1,0,0,0.0010291999933542684,
baseline_1024_986f656c,baseline,train,97,1024,easy,5,5,0.1,0.95,0.12298972430714533,default,100,0.0,11,1,1,0,0,0.0013246000016806647,
baseline_1024_986f656c,baseline,train,98,1024,easy,5,5,0.1,0.95,0.1223747756856096,default,100,3.0,8,1,1,0,0,0.0010744000028353184,
baseline_1024_986f656c,baseline,train,99,1024,easy,5,5,0.1,0.95,0.12176290180718155,default,100,3.0,8,1,1,0,0,0.0010574000043561682,
baseline_1024_986f656c,baseline,train,100,1024,easy,5,5,0.1,0.95,0.12115408729814564,default,100,3.0,8,1,1,0,0,0.001025399993523024,
baseline_1024_986f656c,baseline,train,101,1024,easy,5,5,0.1,0.95,0.12054831686165492,default,100,3.0,8,1,1,0,0,0.0011217999999644235,
baseline_1024_986f656c,baseline,train,102,1024,easy,5,5,0.1,0.95,0.11994557527734664,default,100,1.0,10,1,1,0,0,0.0012987999944016337,
baseline_1024_986f656c,baseline,train,103,1024,easy,5,5,0.1,0.95,0.11934584740095991,default,100,2.0,9,1,1,0,0,0.001161000007414259,
baseline_1024_986f656c,baseline,train,104,1024,easy,5,5,0.1,0.95,0.11874911816395511,default,100,2.0,9,1,1,0,0,0.0011279999889666215,
baseline_1024_986f656c,baseline,train,105,1024,easy,5,5,0.1,0.95,0.11815537257313534,default,100,3.0,8,1,1,0,0,0.0010234000073978677,
baseline_1024_986f656c,baseline,train,106,1024,easy,5,5,0.1,0.95,0.11756459571026966,default,100,2.0,9,1,1,0,0,0.001065699994796887,
baseline_1024_986f656c,baseline,train,107,1024,easy,5,5,0.1,0.95,0.1169767727317183,default,100,-1.0,12,1,1,0,0,0.001451499992981553,
baseline_1024_986f656c,baseline,train,108,1024,easy,5,5,0.1,0.95,0.1163918888680597,default,100,1.0,10,1,1,0,0,0.0012626000097952783,
baseline_1024_986f656c,baseline,train,109,1024,easy,5,5,0.1,0.95,0.11580992942371941,default,100,3.0,8,1,1,0,0,0.001057099987519905,
baseline_1024_986f656c,baseline,train,110,1024,easy,5,5,0.1,0.95,0.11523087977660082,default,100,3.0,8,1,1,0,0,0.0010836000001290813,
baseline_1024_986f656c,baseline,train,111,1024,easy,5,5,0.1,0.95,0.11465472537771781,default,100,1.0,10,1,1,0,0,0.001207100009196438,
baseline_1024_986f656c,baseline,train,112,1024,easy,5,5,0.1,0.95,0.11408145175082922,default,100,2.0,9,1,1,0,0,0.0011444999981904402,
baseline_1024_986f656c,baseline,train,113,1024,easy,5,5,0.1,0.95,0.11351104449207507,default,100,3.0,8,1,1,0,0,0.0010225000005448237,
baseline_1024_986f656c,baseline,train,114,1024,easy,5,5,0.1,0.95,0.11294348926961469,default,100,0.0,11,1,1,0,0,0.0012713000032817945,
baseline_1024_986f656c,baseline,train,115,1024,easy,5,5,0.1,0.95,0.11237877182326661,default,100,1.0,10,1,1,0,0,0.0012546999932965264,
baseline_1024_986f656c,baseline,train,116,1024,easy,5,5,0.1,0.95,0.11181687796415028,default,100,-2.0,13,1,1,0,0,0.0015024000022094697,
baseline_1024_986f656c,baseline,train,117,1024,easy,5,5,0.1,0.95,0.11125779357432954,default,100,2.0,9,1,1,0,0,0.001138299994636327,
baseline_1024_986f656c,baseline,train,118,1024,easy,5,5,0.1,0.95,0.11070150460645789,default,100,2.0,9,1,1,0,0,0.001172400006907992,
baseline_1024_986f656c,baseline,train,119,1024,easy,5,5,0.1,0.95,0.1101479970834256,default,100,3.0,8,1,1,0,0,0.0010630999895511195,
baseline_1024_986f656c,baseline,train,120,1024,easy,5,5,0.1,0.95,0.10959725709800847,default,100,-18.0,9,0,1,0,1,0.001175199999124743,
baseline_1024_986f656c,baseline,train,121,1024,easy,5,5,0.1,0.95,0.10904927081251842,default,100,3.0,8,1,1,0,0,0.0010846000077435747,
baseline_1024_986f656c,baseline,train,122,1024,easy,5,5,0.1,0.95,0.10850402445845582,default,100,2.0,9,1,1,0,0,0.001163199995062314,
baseline_1024_986f656c,baseline,train,123,1024,easy,5,5,0.1,0.95,0.10796150433616354,default,100,3.0,8,1,1,0,0,0.001120700006140396,
baseline_1024_986f656c,baseline,train,124,1024,easy,5,5,0.1,0.95,0.10742169681448273,default,100,1.0,10,1,1,0,0,0.001222500010044314,
baseline_1024_986f656c,baseline,train,125,1024,easy,5,5,0.1,0.95,0.10688458833041031,default,100,2.0,9,1,1,0,0,0.0011430000013206154,
baseline_1024_986f656c,baseline,train,126,1024,easy,5,5,0.1,0.95,0.10635016538875826,default,100,3.0,8,1,1,0,0,0.001014599998597987,
baseline_1024_986f656c,baseline,train,127,1024,easy,5,5,0.1,0.95,0.10581841456181447,default,100,3.0,8,1,1,0,0,0.0011158000124851242,
baseline_1024_986f656c,baseline,train,128,1024,easy,5,5,0.1,0.95,0.1052893224890054,default,100,3.0,8,1,1,0,0,0.001059800008079037,
baseline_1024_986f656c,baseline,train,129,1024,easy,5,5,0.1,0.95,0.10476287587656037,default,100,3.0,8,1,1,0,0,0.0010743000020738691,
baseline_1024_986f656c,baseline,train,130,1024,easy,5,5,0.1,0.95,0.10423906149717757,default,100,3.0,8,1,1,0,0,0.0010584999981801957,
baseline_1024_986f656c,baseline,train,131,1024,easy,5,5,0.1,0.95,0.10371786618969168,default,100,3.0,8,1,1,0,0,0.001059200003510341,
baseline_1024_986f656c,baseline,train,132,1024,easy,5,5,0.1,0.95,0.10319927685874322,default,100,1.0,10,1,1,0,0,0.0012433999945642427,
baseline_1024_986f656c,baseline,train,133,1024,easy,5,5,0.1,0.95,0.10268328047444951,default,100,3.0,8,1,1,0,0,0.001073699997505173,
baseline_1024_986f656c,baseline,train,134,1024,easy,5,5,0.1,0.95,0.10216986407207726,default,100,3.0,8,1,1,0,0,0.0010201999975834042,
baseline_1024_986f656c,baseline,train,135,1024,easy,5,5,0.1,0.95,0.10165901475171688,default,100,3.0,8,1,1,0,0,0.0010624999995343387,
baseline_1024_986f656c,baseline,train,136,1024,easy,5,5,0.1,0.95,0.10115071967795829,default,100,-1.0,12,1,1,0,0,0.0014598999987356365,
baseline_1024_986f656c,baseline,train,137,1024,easy,5,5,0.1,0.95,0.10064496607956849,default,100,3.0,8,1,1,0,0,0.0010260999988531694,
baseline_1024_986f656c,baseline,train,138,1024,easy,5,5,0.1,0.95,0.10014174124917065,default,100,2.0,9,1,1,0,0,0.0011458000080892816,
baseline_1024_986f656c,baseline,train,139,1024,easy,5,5,0.1,0.95,0.09964103254292479,default,100,0.0,11,1,1,0,0,0.001221399987116456,
baseline_1024_986f656c,baseline,train,140,1024,easy,5,5,0.1,0.95,0.09914282738021017,default,100,1.0,10,1,1,0,0,0.001211199996760115,
baseline_1024_986f656c,baseline,train,141,1024,easy,5,5,0.1,0.95,0.09864711324330912,default,100,3.0,8,1,1,0,0,0.0010556000052019954,
baseline_1024_986f656c,baseline,train,142,1024,easy,5,5,0.1,0.95,0.09815387767709258,default,100,0.0,11,1,1,0,0,0.0013261000131024048,
baseline_1024_986f656c,baseline,train,143,1024,easy,5,5,0.1,0.95,0.09766310828870711,default,100,3.0,8,1,1,0,0,0.0009990000107791275,
baseline_1024_986f656c,baseline,train,144,1024,easy,5,5,0.1,0.95,0.09717479274726358,default,100,3.0,8,1,1,0,0,0.0010588999866740778,
baseline_1024_986f656c,baseline,train,145,1024,easy,5,5,0.1,0.95,0.09668891878352726,default,100,0.0,11,1,1,0,0,0.0013193999911891297,
baseline_1024_986f656c,baseline,train,146,1024,easy,5,5,0.1,0.95,0.09620547418960962,default,100,1.0,10,1,1,0,0,0.0012645000097109005,
baseline_1024_986f656c,baseline,train,147,1024,easy,5,5,0.1,0.95,0.09572444681866157,default,100,3.0,8,1,1,0,0,0.0010813999979291111,
baseline_1024_986f656c,baseline,train,148,1024,easy,5,5,0.1,0.95,0.09524582458456826,default,100,3.0,8,1,1,0,0,0.0010760999866761267,
baseline_1024_986f656c,baseline,train,149,1024,easy,5,5,0.1,0.95,0.09476959546164541,default,100,3.0,8,1,1,0,0,0.0010633000056259334,
baseline_1024_986f656c,baseline,train,150,1024,easy,5,5,0.1,0.95,0.09429574748433718,default,100,3.0,8,1,1,0,0,0.0009833000076469034,
baseline_1024_986f656c,baseline,train,151,1024,easy,5,5,0.1,0.95,0.09382426874691549,default,100,3.0,8,1,1,0,0,0.0009624000085750595,
baseline_1024_986f656c,baseline,train,152,1024,easy,5,5,0.1,0.95,0.09335514740318092,default,100,3.0,8,1,1,0,0,0.0010790999949676916,
baseline_1024_986f656c,baseline,train,153,1024,easy,5,5,0.1,0.95,0.09288837166616501,default,100,1.0,10,1,1,0,0,0.0012495999981183559,
baseline_1024_986f656c,baseline,train,154,1024,easy,5,5,0.1,0.95,0.09242392980783419,default,100,3.0,8,1,1,0,0,0.0010583999974187464,
baseline_1024_986f656c,baseline,train,155,1024,easy,5,5,0.1,0.95,0.09196181015879502,default,100,3.0,8,1,1,0,0,0.0010665000008884817,
baseline_1024_986f656c,baseline,train,156,1024,easy,5,5,0.1,0.95,0.09150200110800105,default,100,3.0,8,1,1,0,0,0.0010787999926833436,
baseline_1024_986f656c,baseline,train,157,1024,easy,5,5,0.1,0.95,0.09104449110246104,default,100,1.0,10,1,1,0,0,0.0012205999955767766,
baseline_1024_986f656c,baseline,train,158,1024,easy,5,5,0.1,0.95,0.09058926864694875,default,100,1.0,10,1,1,0,0,0.0012670999858528376,
baseline_1024_986f656c,baseline,train,159,1024,easy,5,5,0.1,0.95,0.090136322303714,default,100,-19.0,10,0,1,0,1,0.0011915999930351973,
baseline_1024_986f656c,baseline,train,160,1024,easy,5,5,0.1,0.95,0.08968564069219544,default,100,1.0,10,1,1,0,0,0.0012186000094516203,
baseline_1024_986f656c,baseline,train,161,1024,easy,5,5,0.1,0.95,0.08923721248873447,default,100,3.0,8,1,1,0,0,0.0011005999986082315,
baseline_1024_986f656c,baseline,train,162,1024,easy,5,5,0.1,0.95,0.08879102642629079,default,100,3.0,8,1,1,0,0,0.0010658999963197857,
baseline_1024_986f656c,baseline,train,163,1024,easy,5,5,0.1,0.95,0.08834707129415934,default,100,2.0,9,1,1,0,0,0.0011509000032674521,
baseline_1024_986f656c,baseline,train,164,1024,easy,5,5,0.1,0.95,0.08790533593768854,default,100,3.0,8,1,1,0,0,0.001072799990652129,
baseline_1024_986f656c,baseline,train,165,1024,easy,5,5,0.1,0.95,0.0874658092580001,default,100,1.0,10,1,1,0,0,0.001200700004119426,
baseline_1024_986f656c,baseline,train,166,1024,easy,5,5,0.1,0.95,0.0870284802117101,default,100,1.0,10,1,1,0,0,0.0012602000060724095,
baseline_1024_986f656c,baseline,train,167,1024,easy,5,5,0.1,0.95,0.08659333781065155,default,100,3.0,8,1,1,0,0,0.0010160999954678118,
baseline_1024_986f656c,baseline,train,168,1024,easy,5,5,0.1,0.95,0.0861603711215983,default,100,3.0,8,1,1,0,0,0.0010245000012218952,
baseline_1024_986f656c,baseline,train,169,1024,easy,5,5,0.1,0.95,0.0857295692659903,default,100,3.0,8,1,1,0,0,0.0010599999950500205,
baseline_1024_986f656c,baseline,train,170,1024,easy,5,5,0.1,0.95,0.08530092141966035,default,100,3.0,8,1,1,0,0,0.0010715000098571181,
baseline_1024_986f656c,baseline,train,171,1024,easy,5,5,0.1,0.95,0.08487441681256205,default,100,3.0,8,1,1,0,0,0.0010448999964864925,
baseline_1024_986f656c,baseline,train,172,1024,easy,5,5,0.1,0.95,0.08445004472849925,default,100,3.0,8,1,1,0,0,0.001073999999789521,
baseline_1024_986f656c,baseline,train,173,1024,easy,5,5,0.1,0.95,0.08402779450485676,default,100,3.0,8,1,1,0,0,0.0010502000077394769,
baseline_1024_986f656c,baseline,train,174,1024,easy,5,5,0.1,0.95,0.08360765553233247,default,100,0.0,11,1,1,0,0,0.0013227999879745767,
baseline_1024_986f656c,baseline,train,175,1024,easy,5,5,0.1,0.95,0.0831896172546708,default,100,3.0,8,1,1,0,0,0.0010637999948812649,
baseline_1024_986f656c,baseline,train,176,1024,easy,5,5,0.1,0.95,0.08277366916839746,default,100,3.0,8,1,1,0,0,0.001050299993949011,
baseline_1024_986f656c,baseline,train,177,1024,easy,5,5,0.1,0.95,0.08235980082255547,default,100,3.0,8,1,1,0,0,0.0010763999889604747,
baseline_1024_986f656c,baseline,train,178,1024,easy,5,5,0.1,0.95,0.08194800181844268,default,100,3.0,8,1,1,0,0,0.0010537000052863732,
baseline_1024_986f656c,baseline,train,179,1024,easy,5,5,0.1,0.95,0.08153826180935046,default,100,3.0,8,1,1,0,0,0.0010455000010551885,
baseline_1024_986f656c,baseline,train,180,1024,easy,5,5,0.1,0.95,0.08113057050030371,default,100,3.0,8,1,1,0,0,0.001062600000295788,
baseline_1024_986f656c,baseline,train,181,1024,easy,5,5,0.1,0.95,0.0807249176478022,default,100,0.0,11,1,1,0,0,0.0013121999945724383,
baseline_1024_986f656c,baseline,train,182,1024,easy,5,5,0.1,0.95,0.08032129305956318,default,100,3.0,8,1,1,0,0,0.0010742000013124198,
baseline_1024_986f656c,baseline,train,183,1024,easy,5,5,0.1,0.95,0.07991968659426536,default,100,3.0,8,1,1,0,0,0.0010677999962354079,
baseline_1024_986f656c,baseline,train,184,1024,easy,5,5,0.1,0.95,0.07952008816129404,default,100,3.0,8,1,1,0,0,0.0010731000074883923,
baseline_1024_986f656c,baseline,train,185,1024,easy,5,5,0.1,0.95,0.07912248772048756,default,100,3.0,8,1,1,0,0,0.0010489999986020848,
baseline_1024_986f656c,baseline,train,186,1024,easy,5,5,0.1,0.95,0.07872687528188513,default,100,3.0,8,1,1,0,0,0.0010783000034280121,
baseline_1024_986f656c,baseline,train,187,1024,easy,5,5,0.1,0.95,0.0783332409054757,default,100,3.0,8,1,1,0,0,0.0010591000027488917,
baseline_1024_986f656c,baseline,train,188,1024,easy,5,5,0.1,0.95,0.07794157470094833,default,100,3.0,8,1,1,0,0,0.0010235999943688512,
baseline_1024_986f656c,baseline,train,189,1024,easy,5,5,0.1,0.95,0.07755186682744358,default,100,3.0,8,1,1,0,0,0.000967200001468882,
baseline_1024_986f656c,baseline,train,190,1024,easy,5,5,0.1,0.95,0.07716410749330636,default,100,1.0,10,1,1,0,0,0.001241000005393289,
baseline_1024_986f656c,baseline,train,191,1024,easy,5,5,0.1,0.95,0.07677828695583983,default,100,3.0,8,1,1,0,0,0.0010562999959802255,
baseline_1024_986f656c,baseline,train,192,1024,easy,5,5,0.1,0.95,0.07639439552106063,default,100,3.0,8,1,1,0,0,0.0011089000036008656,
baseline_1024_986f656c,baseline,train,193,1024,easy,5,5,0.1,0.95,0.07601242354345533,default,100,3.0,8,1,1,0,0,0.0010532000014791265,
baseline_1024_986f656c,baseline,train,194,1024,easy,5,5,0.1,0.95,0.07563236142573805,default,100,3.0,8,1,1,0,0,0.0010744000028353184,
baseline_1024_986f656c,baseline,train,195,1024,easy,5,5,0.1,0.95,0.07525419961860937,default,100,3.0,8,1,1,0,0,0.0010584999981801957,
baseline_1024_986f656c,baseline,train,196,1024,easy,5,5,0.1,0.95,0.07487792862051632,default,100,3.0,8,1,1,0,0,0.0010842000046977773,
baseline_1024_986f656c,baseline,train,197,1024,easy,5,5,0.1,0.95,0.07450353897741373,default,100,3.0,8,1,1,0,0,0.0010776999988593161,
baseline_1024_986f656c,baseline,train,198,1024,easy,5,5,0.1,0.95,0.07413102128252666,default,100,-15.0,6,0,1,0,1,0.0006977000011829659,
baseline_1024_986f656c,baseline,train,199,1024,easy,5,5,0.1,0.95,0.07376036617611402,default,100,3.0,8,1,1,0,0,0.0010494000016478822,
baseline_1024_986f656c,baseline,train,200,1024,easy,5,5,0.1,0.95,0.07339156434523345,default,100,0.0,11,1,1,0,0,0.0014038000081200153,results\baseline\seed_1024\qtable_ep200.npz
baseline_1024_986f656c,baseline,train,201,1024,easy,5,5,0.1,0.95,0.07302460652350727,default,100,-16.0,7,0,1,0,1,0.0009651000000303611,
baseline_1024_986f656c,baseline,train,202,1024,easy,5,5,0.1,0.95,0.07265948349088973,default,100,3.0,8,1,1,0,0,0.001077399996574968,
baseline_1024_986f656c,baseline,train,203,1024,easy,5,5,0.1,0.95,0.07229618607343528,default,100,1.0,10,1,1,0,0,0.0012824000004911795,
baseline_1024_986f656c,baseline,train,204,1024,easy,5,5,0.1,0.95,0.0719347051430681,default,100,3.0,8,1,1,0,0,0.0011599999997997656,
baseline_1024_986f656c,baseline,train,205,1024,easy,5,5,0.1,0.95,0.07157503161735276,default,100,1.0,10,1,1,0,0,0.0012261000083526596,
baseline_1024_986f656c,baseline,train,206,1024,easy,5,5,0.1,0.95,0.071217156459266,default,100,3.0,8,1,1,0,0,0.0010980999941239133,
baseline_1024_986f656c,baseline,train,207,1024,easy,5,5,0.1,0.95,0.07086107067696967,default,100,1.0,10,1,1,0,0,0.001225999993039295,
baseline_1024_986f656c,baseline,train,208,1024,easy,5,5,0.1,0.95,0.07050676532358482,default,100,3.0,8,1,1,0,0,0.0010786000057123601,
baseline_1024_986f656c,baseline,train,209,1024,easy,5,5,0.1,0.95,0.0701542314969669,default,100,3.0,8,1,1,0,0,0.00106229999801144,
baseline_1024_986f656c,baseline,train,210,1024,easy,5,5,0.1,0.95,0.06980346033948207,default,100,3.0,8,1,1,0,0,0.0010787999926833436,
baseline_1024_986f656c,baseline,train,211,1024,easy,5,5,0.1,0.95,0.06945444303778466,default,100,3.0,8,1,1,0,0,0.001069300007657148,
baseline_1024_986f656c,baseline,train,212,1024,easy,5,5,0.1,0.95,0.06910717082259574,default,100,3.0,8,1,1,0,0,0.0010716000106185675,
baseline_1024_986f656c,baseline,train,213,1024,easy,5,5,0.1,0.95,0.06876163496848275,default,100,3.0,8,1,1,0,0,0.0010783999896375462,
baseline_1024_986f656c,baseline,train,214,1024,easy,5,5,0.1,0.95,0.06841782679364034,default,100,3.0,8,1,1,0,0,0.001063200004864484,
baseline_1024_986f656c,baseline,train,215,1024,easy,5,5,0.1,0.95,0.06807573765967213,default,100,3.0,8,1,1,0,0,0.0010861000046133995,
baseline_1024_986f656c,baseline,train,216,1024,easy,5,5,0.1,0.95,0.06773535897137377,default,100,3.0,8,1,1,0,0,0.001072499988367781,
baseline_1024_986f656c,baseline,train,217,1024,easy,5,5,0.1,0.95,0.0673966821765169,default,100,3.0,8,1,1,0,0,0.0011249000090174377,
baseline_1024_986f656c,baseline,train,218,1024,easy,5,5,0.1,0.95,0.0670596987656343,default,100,1.0,10,1,1,0,0,0.0012527999933809042,
baseline_1024_986f656c,baseline,train,219,1024,easy,5,5,0.1,0.95,0.06672440027180614,default,100,2.0,9,1,1,0,0,0.0011532000062288716,
baseline_1024_986f656c,baseline,train,220,1024,easy,5,5,0.1,0.95,0.0663907782704471,default,100,3.0,8,1,1,0,0,0.0010265000018989667,
baseline_1024_986f656c,baseline,train,221,1024,easy,5,5,0.1,0.95,0.06605882437909487,default,100,3.0,8,1,1,0,0,0.0010627000010572374,
baseline_1024_986f656c,baseline,train,222,1024,easy,5,5,0.1,0.95,0.0657285302571994,default,100,1.0,10,1,1,0,0,0.0013427999947452918,
baseline_1024_986f656c,baseline,train,223,1024,easy,5,5,0.1,0.95,0.06539988760591339,default,100,-4.0,15,1,1,0,0,0.0017331999988527969,
baseline_1024_986f656c,baseline,train,224,1024,easy,5,5,0.1,0.95,0.06507288816788383,default,100,3.0,8,1,1,0,0,0.0010631999903125688,
baseline_1024_986f656c,baseline,train,225,1024,easy,5,5,0.1,0.95,0.06474752372704441,default,100,3.0,8,1,1,0,0,0.0010754000104498118,
baseline_1024_986f656c,baseline,train,226,1024,easy,5,5,0.1,0.95,0.0644237861084092,default,100,1.0,10,1,1,0,0,0.0012538000009953976,
baseline_1024_986f656c,baseline,train,227,1024,easy,5,5,0.1,0.95,0.06410166717786715,default,100,3.0,8,1,1,0,0,0.001048400008585304,
baseline_1024_986f656c,baseline,train,228,1024,easy,5,5,0.1,0.95,0.06378115884197781,default,100,2.0,9,1,1,0,0,0.0011323999933665618,
baseline_1024_986f656c,baseline,train,229,1024,easy,5,5,0.1,0.95,0.06346225304776792,default,100,2.0,9,1,1,0,0,0.0011189000069862232,
baseline_1024_986f656c,baseline,train,230,1024,easy,5,5,0.1,0.95,0.06314494178252908,default,100,3.0,8,1,1,0,0,0.0010181999969063327,
baseline_1024_986f656c,baseline,train,231,1024,easy,5,5,0.1,0.95,0.06282921707361644,default,100,3.0,8,1,1,0,0,0.001073999999789521,
baseline_1024_986f656c,baseline,train,232,1024,easy,5,5,0.1,0.95,0.06251507098824835,default,100,3.0,8,1,1,0,0,0.001073999999789521,
baseline_1024_986f656c,baseline,train,233,1024,easy,5,5,0.1,0.95,0.062202495633307105,default,100,2.0,9,1,1,0,0,0.0011541999992914498,
baseline_1024_986f656c,baseline,train,234,1024,easy,5,5,0.1,0.95,0.06189148315514057,default,100,2.0,9,1,1,0,0,0.0013851999974576756,
baseline_1024_986f656c,baseline,train,235,1024,easy,5,5,0.1,0.95,0.061582025739364867,default,100,3.0,8,1,1,0,0,0.001189300004625693,
baseline_1024_986f656c,baseline,train,236,1024,easy,5,5,0.1,0.95,0.06127411561066804,default,100,3.0,8,1,1,0,0,0.0010558999929344282,
baseline_1024_986f656c,baseline,train,237,1024,easy,5,5,0.1,0.95,0.0609677450326147,default,100,3.0,8,1,1,0,0,0.0010286999895470217,
baseline_1024_986f656c,baseline,train,238,1024,easy,5,5,0.1,0.95,0.06066290630745162,default,100,3.0,8,1,1,0,0,0.0010900000052060932,
baseline_1024_986f656c,baseline,train,239,1024,easy,5,5,0.1,0.95,0.060359591775914365,default,100,3.0,8,1,1,0,0,0.0010620000102790073,
baseline_1024_986f656c,baseline,train,240,1024,easy,5,5,0.1,0.95,0.06005779381703479,default,100,1.0,10,1,1,0,0,0.001232799986610189,
baseline_1024_986f656c,baseline,train,241,1024,easy,5,5,0.1,0.95,0.059757504847949616,default,100,3.0,8,1,1,0,0,0.0011284999927738681,
baseline_1024_986f656c,baseline,train,242,1024,easy,5,5,0.1,0.95,0.059458717323709866,default,100,3.0,8,1,1,0,0,0.0010640999971656129,
baseline_1024_986f656c,baseline,train,243,1024,easy,5,5,0.1,0.95,0.059161423737091316,default,100,3.0,8,1,1,0,0,0.0010800000018207356,
baseline_1024_986f656c,baseline,train,244,1024,easy,5,5,0.1,0.95,0.05886561661840586,default,100,3.0,8,1,1,0,0,0.0010729000059654936,
baseline_1024_986f656c,baseline,train,245,1024,easy,5,5,0.1,0.95,0.05857128853531383,default,100,3.0,8,1,1,0,0,0.0010809000086737797,
baseline_1024_986f656c,baseline,train,246,1024,easy,5,5,0.1,0.95,0.05827843209263726,default,100,3.0,8,1,1,0,0,0.0010628999880282208,
baseline_1024_986f656c,baseline,train,247,1024,easy,5,5,0.1,0.95,0.05798703993217407,default,100,3.0,8,1,1,0,0,0.0010853999992832541,
baseline_1024_986f656c,baseline,train,248,1024,easy,5,5,0.1,0.95,0.0576971047325132,default,100,2.0,9,1,1,0,0,0.0010873000137507915,
baseline_1024_986f656c,baseline,train,249,1024,easy,5,5,0.1,0.95,0.05740861920885063,default,100,3.0,8,1,1,0,0,0.0010831000108737499,
baseline_1024_986f656c,baseline,train,250,1024,easy,5,5,0.1,0.95,0.057121576112806376,default,100,1.0,10,1,1,0,0,0.0012869000056525692,
baseline_1024_986f656c,baseline,train,251,1024,easy,5,5,0.1,0.95,0.056835968232242344,default,100,3.0,8,1,1,0,0,0.001109999997424893,
baseline_1024_986f656c,baseline,train,252,1024,easy,5,5,0.1,0.95,0.05655178839108113,default,100,3.0,8,1,1,0,0,0.0011572000075830147,
baseline_1024_986f656c,baseline,train,253,1024,easy,5,5,0.1,0.95,0.05626902944912573,default,100,2.0,9,1,1,0,0,0.0011414000036893412,
baseline_1024_986f656c,baseline,train,254,1024,easy,5,5,0.1,0.95,0.0559876843018801,default,100,3.0,8,1,1,0,0,0.001241300007677637,
baseline_1024_986f656c,baseline,train,255,1024,easy,5,5,0.1,0.95,0.055707745880370696,default,100,3.0,8,1,1,0,0,0.0011226000060560182,
baseline_1024_986f656c,baseline,train,256,1024,easy,5,5,0.1,0.95,0.05542920715096884,default,100,2.0,9,1,1,0,0,0.0011500000109663233,
baseline_1024_986f656c,baseline,train,257,1024,easy,5,5,0.1,0.95,0.055152061115214,default,100,2.0,9,1,1,0,0,0.0011662000033538789,
baseline_1024_986f656c,baseline,train,258,1024,easy,5,5,0.1,0.95,0.05487630080963793,default,100,3.0,8,1,1,0,0,0.0010556999914115295,
baseline_1024_986f656c,baseline,train,259,1024,easy,5,5,0.1,0.95,0.05460191930558974,default,100,3.0,8,1,1,0,0,0.0010792999964905903,
baseline_1024_986f656c,baseline,train,260,1024,easy,5,5,0.1,0.95,0.05432890970906179,default,100,1.0,10,1,1,0,0,0.0012712000025203452,
baseline_1024_986f656c,baseline,train,261,1024,easy,5,5,0.1,0.95,0.05405726516051648,default,100,3.0,8,1,1,0,0,0.0011181000008946285,
baseline_1024_986f656c,baseline,train,262,1024,easy,5,5,0.1,0.95,0.0537869788347139,default,100,3.0,8,1,1,0,0,0.0010174000053666532,
baseline_1024_986f656c,baseline,train,263,1024,easy,5,5,0.1,0.95,0.053518043940540334,default,100,1.0,10,1,1,0,0,0.0012223000085214153,
baseline_1024_986f656c,baseline,train,264,1024,easy,5,5,0.1,0.95,0.053250453720837636,default,100,3.0,8,1,1,0,0,0.0010738999990280718,
baseline_1024_986f656c,baseline,train,265,1024,easy,5,5,0.1,0.95,0.05298420145223345,default,100,3.0,8,1,1,0,0,0.001004100005957298,
baseline_1024_986f656c,baseline,train,266,1024,easy,5,5,0.1,0.95,0.05271928044497228,default,100,3.0,8,1,1,0,0,0.00107489999209065,
baseline_1024_986f656c,baseline,train,267,1024,easy,5,5,0.1,0.95,0.05245568404274742,default,100,3.0,8,1,1,0,0,0.0010614000057103112,
baseline_1024_986f656c,baseline,train,268,1024,easy,5,5,0.1,0.95,0.05219340562253368,default,100,3.0,8,1,1,0,0,0.0010898000036831945,
baseline_1024_986f656c,baseline,train,269,1024,easy,5,5,0.1,0.95,0.05193243859442102,default,100,3.0,8,1,1,0,0,0.0010648000024957582,
baseline_1024_986f656c,baseline,train,270,1024,easy,5,5,0.1,0.95,0.05167277640144891,default,100,1.0,10,1,1,0,0,0.0012337000080151483,
baseline_1024_986f656c,baseline,train,271,1024,easy,5,5,0.1,0.95,0.05141441251944167,default,100,2.0,9,1,1,0,0,0.001138599996920675,
baseline_1024_986f656c,baseline,train,272,1024,easy,5,5,0.1,0.95,0.05115734045684446,default,100,3.0,8,1,1,0,0,0.001070300000719726,
baseline_1024_986f656c,baseline,train,273,1024,easy,5,5,0.1,0.95,0.050901553754560236,default,100,3.0,8,1,1,0,0,0.001037099995301105,
baseline_1024_986f656c,baseline,train,274,1024,easy,5,5,0.1,0.95,0.05064704598578743,default,100,1.0,10,1,1,0,0,0.0012906999909318984,
baseline_1024_986f656c,baseline,train,275,1024,easy,5,5,0.1,0.95,0.0503938107558585,default,100,3.0,8,1,1,0,0,0.0010749000066425651,
baseline_1024_986f656c,baseline,train,276,1024,easy,5,5,0.1,0.95,0.05014184170207921,default,100,3.0,8,1,1,0,0,0.0010577999928500503,
baseline_1024_986f656c,baseline,train,277,1024,easy,5,5,0.1,0.95,0.05,default,100,3.0,8,1,1,0,0,0.0011006999993696809,
baseline_1024_986f656c,baseline,train,278,1024,easy,5,5,0.1,0.95,0.05,default,100,2.0,9,1,1,0,0,0.0011377000046195462,
baseline_1024_986f656c,baseline,train,279,1024,easy,5,5,0.1,0.95,0.05,default,100,3.0,8,1,1,0,0,0.0010270999919157475,
baseline_1024_986f656c,baseline,train,280,1024,easy,5,5,0.1,0.95,0.05,default,100,3.0,8,1,1,0,0,0.0010636999941198155,
baseline_1024_986f656c,baseline,train,281,1024,easy,5,5,0.1,0.95,0.05,default,100,3.0,8,1,1,0,0,0.0011039000091841444,
baseline_1024_986f656c,baseline,train,282,1024,easy,5,5,0.1,0.95,0.05,default,100,1.0,10,1,1,0,0,0.0012812000059057027,
baseline_1024_986f656c,baseline,train,283,1024,easy,5,5,0.1,0.95,0.05,default,100,3.0,8,1,1,0,0,0.0010657999955583364,
baseline_1024_986f656c,baseline,train,284,1024,easy,5,5,0.1,0.95,0.05,default,100,3.0,8,1,1,0,0,0.0010745000035967678,
baseline_1024_986f656c,baseline,train,285,1024,easy,5,5,0.1,0.95,0.05,default,100,3.0,8,1,1,0,0,0.0010562999959802255,
baseline_1024_986f656c,baseline,train,286,1024,easy,5,5,0.1,0.95,0.05,default,100,3.0,8,1,1,0,0,0.0010349000076530501,
baseline_1024_986f656c,baseline,train,287,1024,easy,5,5,0.1,0.95,0.05,default,100,3.0,8,1,1,0,0,0.0010657999955583364,
baseline_1024_986f656c,baseline,train,288,1024,easy,5,5,0.1,0.95,0.05,default,100,3.0,8,1,1,0,0,0.0011357000039424747,
baseline_1024_986f656c,baseline,train,289,1024,easy,5,5,0.1,0.95,0.05,default,100,3.0,8,1,1,0,0,0.0010655999940354377,
baseline_1024_986f656c,baseline,train,290,1024,easy,5,5,0.1,0.95,0.05,default,100,-1.0,12,1,1,0,0,0.0014549000043189153,
baseline_1024_986f656c,baseline,train,291,1024,easy,5,5,0.1,0.95,0.05,default,100,3.0,8,1,1,0,0,0.0010832999978447333,
baseline_1024_986f656c,baseline,train,292,1024,easy,5,5,0.1,0.95,0.05,default,100,-14.0,5,0,1,0,1,0.0006709000008413568,
baseline_1024_986f656c,baseline,train,293,1024,easy,5,5,0.1,0.95,0.05,default,100,3.0,8,1,1,0,0,0.0009775999933481216,
baseline_1024_986f656c,baseline,train,294,1024,easy,5,5,0.1,0.95,0.05,default,100,-14.0,5,0,1,0,1,0.0006957000005058944,
baseline_1024_986f656c,baseline,train,295,1024,easy,5,5,0.1,0.95,0.05,default,100,3.0,8,1,1,0,0,0.0010584999981801957,
baseline_1024_986f656c,baseline,train,296,1024,easy,5,5,0.1,0.95,0.05,default,100,3.0,8,1,1,0,0,0.0010716000106185675,
baseline_1024_986f656c,baseline,train,297,1024,easy,5,5,0.1,0.95,0.05,default,100,1.0,10,1,1,0,0,0.001279499992961064,
baseline_1024_986f656c,baseline,train,298,1024,easy,5,5,0.1,0.95,0.05,default,100,3.0,8,1,1,0,0,0.0010983999964082614,
baseline_1024_986f656c,baseline,train,299,1024,easy,5,5,0.1,0.95,0.05,default,100,2.0,9,1,1,0,0,0.0011448000004747882,
baseline_1024_986f656c,baseline,train,300,1024,easy,5,5,0.1,0.95,0.05,default,100,3.0,8,1,1,0,0,0.001047599987941794,
baseline_1024_986f656c,baseline,train,301,1024,easy,5,5,0.1,0.95,0.05,default,100,3.0,8,1,1,0,0,0.0011358999909134582,
baseline_1024_986f656c,baseline,train,302,1024,easy,5,5,0.1,0.95,0.05,default,100,3.0,8,1,1,0,0,0.0010679999977583066,
baseline_1024_986f656c,baseline,train,303,1024,easy,5,5,0.1,0.95,0.05,default,100,3.0,8,1,1,0,0,0.001078599991160445,
baseline_1024_986f656c,baseline,train,304,1024,easy,5,5,0.1,0.95,0.05,default,100,3.0,8,1,1,0,0,0.0010588000004645437,
baseline_1024_986f656c,baseline,train,305,1024,easy,5,5,0.1,0.95,0.05,default,100,3.0,8,1,1,0,0,0.0010621999972499907,
baseline_1024_986f656c,baseline,train,306,1024,easy,5,5,0.1,0.95,0.05,default,100,3.0,8,1,1,0,0,0.001111799996579066,
baseline_1024_986f656c,baseline,train,307,1024,easy,5,5,0.1,0.95,0.05,default,100,3.0,8,1,1,0,0,0.0010957000049529597,
baseline_1024_986f656c,baseline,train,308,1024,easy,5,5,0.1,0.95,0.05,default,100,1.0,10,1,1,0,0,0.0012527999933809042,
baseline_1024_986f656c,baseline,train,309,1024,easy,5,5,0.1,0.95,0.05,default,100,2.0,9,1,1,0,0,0.0011407999991206452,
baseline_1024_986f656c,baseline,train,310,1024,easy,5,5,0.1,0.95,0.05,default,100,-14.0,5,0,1,0,1,0.0006686999986413866,
baseline_1024_986f656c,baseline,train,311,1024,easy,5,5,0.1,0.95,0.05,default,100,3.0,8,1,1,0,0,0.0010719999991124496,
baseline_1024_986f656c,baseline,train,312,1024,easy,5,5,0.1,0.95,0.05,default,100,3.0,8,1,1,0,0,0.0013040000048931688,
baseline_1024_986f656c,baseline,train,313,1024,easy,5,5,0.1,0.95,0.05,default,100,3.0,8,1,1,0,0,0.0011688000085996464,
baseline_1024_986f656c,baseline,train,314,1024,easy,5,5,0.1,0.95,0.05,default,100,3.0,8,1,1,0,0,0.0011154000094393268,
baseline_1024_986f656c,baseline,train,315,1024,easy,5,5,0.1,0.95,0.05,default,100,3.0,8,1,1,0,0,0.001061300004948862,
baseline_1024_986f656c,baseline,train,316,1024,easy,5,5,0.1,0.95,0.05,default,100,3.0,8,1,1,0,0,0.001109399992856197,
baseline_1024_986f656c,baseline,train,317,1024,easy,5,5,0.1,0.95,0.05,default,100,1.0,10,1,1,0,0,0.0012671000004047528,
baseline_1024_986f656c,baseline,train,318,1024,easy,5,5,0.1,0.95,0.05,default,100,3.0,8,1,1,0,0,0.001115499995648861,
baseline_1024_986f656c,baseline,train,319,1024,easy,5,5,0.1,0.95,0.05,default,100,3.0,8,1,1,0,0,0.0010901999921770766,
baseline_1024_986f656c,baseline,train,320,1024,easy,5,5,0.1,0.95,0.05,default,100,3.0,8,1,1,0,0,0.0010852999985218048,
baseline_1024_986f656c,baseline,train,321,1024,easy,5,5,0.1,0.95,0.05,default,100,2.0,9,1,1,0,0,0.0011986000026809052,
baseline_1024_986f656c,baseline,train,322,1024,easy,5,5,0.1,0.95,0.05,default,100,3.0,8,1,1,0,0,0.001095500003430061,
baseline_1024_986f656c,baseline,train,323,1024,easy,5,5,0.1,0.95,0.05,default,100,3.0,8,1,1,0,0,0.0010942000080831349,
baseline_1024_986f656c,baseline,train,324,1024,easy,5,5,0.1,0.95,0.05,default,100,3.0,8,1,1,0,0,0.0011335000017425045,
baseline_1024_986f656c,baseline,train,325,1024,easy,5,5,0.1,0.95,0.05,default,100,3.0,8,1,1,0,0,0.0010760000004665926,
baseline_1024_986f656c,baseline,train,326,1024,easy,5,5,0.1,0.95,0.05,default,100,2.0,9,1,1,0,0,0.0011252000113017857,
baseline_1024_986f656c,baseline,train,327,1024,easy,5,5,0.1,0.95,0.05,default,100,3.0,8,1,1,0,0,0.001080499991076067,
baseline_1024_986f656c,baseline,train,328,1024,easy,5,5,0.1,0.95,0.05,default,100,3.0,8,1,1,0,0,0.0010623999987728894,
baseline_1024_986f656c,baseline,train,329,1024,easy,5,5,0.1,0.95,0.05,default,100,3.0,8,1,1,0,0,0.0010609000019030645,
baseline_1024_986f656c,baseline,train,330,1024,easy,5,5,0.1,0.95,0.05,default,100,3.0,8,1,1,0,0,0.001065999997081235,
baseline_1024_986f656c,baseline,train,331,1024,easy,5,5,0.1,0.95,0.05,default,100,3.0,8,1,1,0,0,0.0010497000039322302,
baseline_1024_986f656c,baseline,train,332,1024,easy,5,5,0.1,0.95,0.05,default,100,1.0,10,1,1,0,0,0.001261299999896437,
baseline_1024_986f656c,baseline,train,333,1024,easy,5,5,0.1,0.95,0.05,default,100,0.0,11,1,1,0,0,0.0012813999928766862,
baseline_1024_986f656c,baseline,train,334,1024,easy,5,5,0.1,0.95,0.05,default,100,3.0,8,1,1,0,0,0.0010220000112894922,
baseline_1024_986f656c,baseline,train,335,1024,easy,5,5,0.1,0.95,0.05,default,100,3.0,8,1,1,0,0,0.0010575000051176175,
baseline_1024_986f656c,baseline,train,336,1024,easy,5,5,0.1,0.95,0.05,default,100,3.0,8,1,1,0,0,0.0010674999939510599,
baseline_1024_986f656c,baseline,train,337,1024,easy,5,5,0.1,0.95,0.05,default,100,3.0,8,1,1,0,0,0.0010691000061342493,
baseline_1024_986f656c,baseline,train,338,1024,easy,5,5,0.1,0.95,0.05,default,100,3.0,8,1,1,0,0,0.0010786000057123601,
baseline_1024_986f656c,baseline,train,339,1024,easy,5,5,0.1,0.95,0.05,default,100,3.0,8,1,1,0,0,0.0010686999885365367,
baseline_1024_986f656c,baseline,train,340,1024,easy,5,5,0.1,0.95,0.05,default,100,3.0,8,1,1,0,0,0.0010421999904792756,
baseline_1024_986f656c,baseline,train,341,1024,easy,5,5,0.1,0.95,0.05,default,100,3.0,8,1,1,0,0,0.001069300007657148,
baseline_1024_986f656c,baseline,train,342,1024,easy,5,5,0.1,0.95,0.05,default,100,2.0,9,1,1,0,0,0.0011980999988736585,
baseline_1024_986f656c,baseline,train,343,1024,easy,5,5,0.1,0.95,0.05,default,100,3.0,8,1,1,0,0,0.0010672999924281612,
baseline_1024_986f656c,baseline,train,344,1024,easy,5,5,0.1,0.95,0.05,default,100,3.0,8,1,1,0,0,0.0010596000065561384,
baseline_1024_986f656c,baseline,train,345,1024,easy,5,5,0.1,0.95,0.05,default,100,1.0,10,1,1,0,0,0.0012124999921070412,
baseline_1024_986f656c,baseline,train,346,1024,easy,5,5,0.1,0.95,0.05,default,100,3.0,8,1,1,0,0,0.0010614000057103112,
baseline_1024_986f656c,baseline,train,347,1024,easy,5,5,0.1,0.95,0.05,default,100,3.0,8,1,1,0,0,0.0010765999904833734,
baseline_1024_986f656c,baseline,train,348,1024,easy,5,5,0.1,0.95,0.05,default,100,2.0,9,1,1,0,0,0.0011479999957373366,
baseline_1024_986f656c,baseline,train,349,1024,easy,5,5,0.1,0.95,0.05,default,100,3.0,8,1,1,0,0,0.0010741000005509704,
baseline_1024_986f656c,baseline,train,350,1024,easy,5,5,0.1,0.95,0.05,default,100,3.0,8,1,1,0,0,0.001077399996574968,
baseline_1024_986f656c,baseline,train,351,1024,easy,5,5,0.1,0.95,0.05,default,100,3.0,8,1,1,0,0,0.0010723000013967976,
baseline_1024_986f656c,baseline,train,352,1024,easy,5,5,0.1,0.95,0.05,default,100,2.0,9,1,1,0,0,0.0011909000022569671,
baseline_1024_986f656c,baseline,train,353,1024,easy,5,5,0.1,0.95,0.05,default,100,3.0,8,1,1,0,0,0.0010657000093488023,
baseline_1024_986f656c,baseline,train,354,1024,easy,5,5,0.1,0.95,0.05,default,100,3.0,8,1,1,0,0,0.0010694000084185973,
baseline_1024_986f656c,baseline,train,355,1024,easy,5,5,0.1,0.95,0.05,default,100,3.0,8,1,1,0,0,0.001059800008079037,
baseline_1024_986f656c,baseline,train,356,1024,easy,5,5,0.1,0.95,0.05,default,100,3.0,8,1,1,0,0,0.0011362999939592555,
baseline_1024_986f656c,baseline,train,357,1024,easy,5,5,0.1,0.95,0.05,default,100,1.0,10,1,1,0,0,0.0012758000084431842,
baseline_1024_986f656c,baseline,train,358,1024,easy,5,5,0.1,0.95,0.05,default,100,1.0,10,1,1,0,0,0.0012057000130880624,
baseline_1024_986f656c,baseline,train,359,1024,easy,5,5,0.1,0.95,0.05,default,100,3.0,8,1,1,0,0,0.001072499988367781,
baseline_1024_986f656c,baseline,train,360,1024,easy,5,5,0.1,0.95,0.05,default,100,3.0,8,1,1,0,0,0.001070300000719726,
baseline_1024_986f656c,baseline,train,361,1024,easy,5,5,0.1,0.95,0.05,default,100,3.0,8,1,1,0,0,0.0011211000091861933,
baseline_1024_986f656c,baseline,train,362,1024,easy,5,5,0.1,0.95,0.05,default,100,0.0,11,1,1,0,0,0.0013609000016003847,
baseline_1024_986f656c,baseline,train,363,1024,easy,5,5,0.1,0.95,0.05,default,100,3.0,8,1,1,0,0,0.001094299994292669,
baseline_1024_986f656c,baseline,train,364,1024,easy,5,5,0.1,0.95,0.05,default,100,3.0,8,1,1,0,0,0.0010741000005509704,
baseline_1024_986f656c,baseline,train,365,1024,easy,5,5,0.1,0.95,0.05,default,100,3.0,8,1,1,0,0,0.0010538999922573566,
baseline_1024_986f656c,baseline,train,366,1024,easy,5,5,0.1,0.95,0.05,default,100,3.0,8,1,1,0,0,0.0010301000002073124,
baseline_1024_986f656c,baseline,train,367,1024,easy,5,5,0.1,0.95,0.05,default,100,1.0,10,1,1,0,0,0.0012533999979496002,
baseline_1024_986f656c,baseline,train,368,1024,easy,5,5,0.1,0.95,0.05,default,100,-16.0,7,0,1,0,1,0.0009090000094147399,
baseline_1024_986f656c,baseline,train,369,1024,easy,5,5,0.1,0.95,0.05,default,100,3.0,8,1,1,0,0,0.0010624999995343387,
baseline_1024_986f656c,baseline,train,370,1024,easy,5,5,0.1,0.95,0.05,default,100,3.0,8,1,1,0,0,0.0010705999884521589,
baseline_1024_986f656c,baseline,train,371,1024,easy,5,5,0.1,0.95,0.05,default,100,3.0,8,1,1,0,0,0.0010597000073175877,
baseline_1024_986f656c,baseline,train,372,1024,easy,5,5,0.1,0.95,0.05,default,100,3.0,8,1,1,0,0,0.0011018000077456236,
baseline_1024_986f656c,baseline,train,373,1024,easy,5,5,0.1,0.95,0.05,default,100,3.0,8,1,1,0,0,0.001055500004440546,
baseline_1024_986f656c,baseline,train,374,1024,easy,5,5,0.1,0.95,0.05,default,100,3.0,8,1,1,0,0,0.001101699992432259,
baseline_1024_986f656c,baseline,train,375,1024,easy,5,5,0.1,0.95,0.05,default,100,1.0,10,1,1,0,0,0.001266500010387972,
baseline_1024_986f656c,baseline,train,376,1024,easy,5,5,0.1,0.95,0.05,default,100,3.0,8,1,1,0,0,0.0010701999999582767,
baseline_1024_986f656c,baseline,train,377,1024,easy,5,5,0.1,0.95,0.05,default,100,3.0,8,1,1,0,0,0.0010771999950520694,
baseline_1024_986f656c,baseline,train,378,1024,easy,5,5,0.1,0.95,0.05,default,100,3.0,8,1,1,0,0,0.0010238999966531992,
baseline_1024_986f656c,baseline,train,379,1024,easy,5,5,0.1,0.95,0.05,default,100,3.0,8,1,1,0,0,0.001099500004784204,
baseline_1024_986f656c,baseline,train,380,1024,easy,5,5,0.1,0.95,0.05,default,100,2.0,9,1,1,0,0,0.0011356000031810254,
baseline_1024_986f656c,baseline,train,381,1024,easy,5,5,0.1,0.95,0.05,default,100,-16.0,7,0,1,0,1,0.0009461000008741394,
baseline_1024_986f656c,baseline,train,382,1024,easy,5,5,0.1,0.95,0.05,default,100,3.0,8,1,1,0,0,0.0010651000047801062,
baseline_1024_986f656c,baseline,train,383,1024,easy,5,5,0.1,0.95,0.05,default,100,3.0,8,1,1,0,0,0.0010316999978385866,
baseline_1024_986f656c,baseline,train,384,1024,easy,5,5,0.1,0.95,0.05,default,100,3.0,8,1,1,0,0,0.0010574999905657023,
baseline_1024_986f656c,baseline,train,385,1024,easy,5,5,0.1,0.95,0.05,default,100,3.0,8,1,1,0,0,0.0010710000060498714,
baseline_1024_986f656c,baseline,train,386,1024,easy,5,5,0.1,0.95,0.05,default,100,3.0,8,1,1,0,0,0.0010557999921729788,
baseline_1024_986f656c,baseline,train,387,1024,easy,5,5,0.1,0.95,0.05,default,100,3.0,8,1,1,0,0,0.0010763000027509406,
baseline_1024_986f656c,baseline,train,388,1024,easy,5,5,0.1,0.95,0.05,default,100,3.0,8,1,1,0,0,0.0010537000052863732,
baseline_1024_986f656c,baseline,train,389,1024,easy,5,5,0.1,0.95,0.05,default,100,3.0,8,1,1,0,0,0.001090299992938526,
baseline_1024_986f656c,baseline,train,390,1024,easy,5,5,0.1,0.95,0.05,default,100,3.0,8,1,1,0,0,0.0010409000096842647,
baseline_1024_986f656c,baseline,train,391,1024,easy,5,5,0.1,0.95,0.05,default,100,2.0,9,1,1,0,0,0.001141999993706122,
baseline_1024_986f656c,baseline,train,392,1024,easy,5,5,0.1,0.95,0.05,default,100,3.0,8,1,1,0,0,0.0011574000091059133,
baseline_1024_986f656c,baseline,train,393,1024,easy,5,5,0.1,0.95,0.05,default,100,3.0,8,1,1,0,0,0.001065699994796887,
baseline_1024_986f656c,baseline,train,394,1024,easy,5,5,0.1,0.95,0.05,default,100,3.0,8,1,1,0,0,0.0010827999940374866,
baseline_1024_986f656c,baseline,train,395,1024,easy,5,5,0.1,0.95,0.05,default,100,3.0,8,1,1,0,0,0.0010928999981842935,
baseline_1024_986f656c,baseline,train,396,1024,easy,5,5,0.1,0.95,0.05,default,100,3.0,8,1,1,0,0,0.0010883000068133697,
baseline_1024_986f656c,baseline,train,397,1024,easy,5,5,0.1,0.95,0.05,default,100,3.0,8,1,1,0,0,0.001032100000884384,
baseline_1024_986f656c,baseline,train,398,1024,easy,5,5,0.1,0.95,0.05,default,100,3.0,8,1,1,0,0,0.0010734999959822744,
baseline_1024_986f656c,baseline,train,399,1024,easy,5,5,0.1,0.95,0.05,default,100,3.0,8,1,1,0,0,0.001049999991664663,
baseline_1024_986f656c,baseline,train,400,1024,easy,5,5,0.1,0.95,0.05,default,100,1.0,10,1,1,0,0,0.001246599989826791,results\baseline\seed_1024\qtable_ep400.npz
baseline_1024_986f656c,baseline,train,401,1024,easy,5,5,0.1,0.95,0.05,default,100,3.0,8,1,1,0,0,0.0011306000087643042,
baseline_1024_986f656c,baseline,train,402,1024,easy,5,5,0.1,0.95,0.05,default,100,3.0,8,1,1,0,0,0.0010603999980958179,
baseline_1024_986f656c,baseline,train,403,1024,easy,5,5,0.1,0.95,0.05,default,100,3.0,8,1,1,0,0,0.0010839999886229634,
baseline_1024_986f656c,baseline,train,404,1024,easy,5,5,0.1,0.95,0.05,default,100,3.0,8,1,1,0,0,0.0010597000073175877,
baseline_1024_986f656c,baseline,train,405,1024,easy,5,5,0.1,0.95,0.05,default,100,3.0,8,1,1,0,0,0.0010690000053728,
baseline_1024_986f656c,baseline,train,406,1024,easy,5,5,0.1,0.95,0.05,default,100,2.0,9,1,1,0,0,0.0011941999982809648,
baseline_1024_986f656c,baseline,train,407,1024,easy,5,5,0.1,0.95,0.05,default,100,1.0,10,1,1,0,0,0.0012312000035308301,
baseline_1024_986f656c,baseline,train,408,1024,easy,5,5,0.1,0.95,0.05,default,100,3.0,8,1,1,0,0,0.001024700002744794,
baseline_1024_986f656c,baseline,train,409,1024,easy,5,5,0.1,0.95,0.05,default,100,3.0,8,1,1,0,0,0.0010543999960646033,
baseline_1024_986f656c,baseline,train,410,1024,easy,5,5,0.1,0.95,0.05,default,100,3.0,8,1,1,0,0,0.0010631000041030347,
baseline_1024_986f656c,baseline,train,411,1024,easy,5,5,0.1,0.95,0.05,default,100,3.0,8,1,1,0,0,0.0010198999952990562,
baseline_1024_986f656c,baseline,train,412,1024,easy,5,5,0.1,0.95,0.05,default,100,3.0,8,1,1,0,0,0.0010857000015676022,
baseline_1024_986f656c,baseline,train,413,1024,easy,5,5,0.1,0.95,0.05,default,100,3.0,8,1,1,0,0,0.0010792000102810562,
baseline_1024_986f656c,baseline,train,414,1024,easy,5,5,0.1,0.95,0.05,default,100,-14.0,5,0,1,0,1,0.0007182999979704618,
baseline_1024_986f656c,baseline,train,415,1024,easy,5,5,0.1,0.95,0.05,default,100,2.0,9,1,1,0,0,0.001120400003856048,
baseline_1024_986f656c,baseline,train,416,1024,easy,5,5,0.1,0.95,0.05,default,100,3.0,8,1,1,0,0,0.0010144999978365377,
baseline_1024_986f656c,baseline,train,417,1024,easy,5,5,0.1,0.95,0.05,default,100,3.0,8,1,1,0,0,0.0010538999922573566,
baseline_1024_986f656c,baseline,train,418,1024,easy,5,5,0.1,0.95,0.05,default,100,1.0,10,1,1,0,0,0.0012503999896580353,
baseline_1024_986f656c,baseline,train,419,1024,easy,5,5,0.1,0.95,0.05,default,100,3.0,8,1,1,0,0,0.0010485000093467534,
baseline_1024_986f656c,baseline,train,420,1024,easy,5,5,0.1,0.95,0.05,default,100,3.0,8,1,1,0,0,0.001073999999789521,
baseline_1024_986f656c,baseline,train,421,1024,easy,5,5,0.1,0.95,0.05,default,100,0.0,11,1,1,0,0,0.0013590000016847625,
baseline_1024_986f656c,baseline,train,422,1024,easy,5,5,0.1,0.95,0.05,default,100,2.0,9,1,1,0,0,0.0011511000047903508,
baseline_1024_986f656c,baseline,train,423,1024,easy,5,5,0.1,0.95,0.05,default,100,3.0,8,1,1,0,0,0.001073699997505173,
baseline_1024_986f656c,baseline,train,424,1024,easy,5,5,0.1,0.95,0.05,default,100,3.0,8,1,1,0,0,0.0010953000019071624,
baseline_1024_986f656c,baseline,train,425,1024,easy,5,5,0.1,0.95,0.05,default,100,3.0,8,1,1,0,0,0.0010863999923458323,
baseline_1024_986f656c,baseline,train,426,1024,easy,5,5,0.1,0.95,0.05,default,100,3.0,8,1,1,0,0,0.0010503000085009262,
baseline_1024_986f656c,baseline,train,427,1024,easy,5,5,0.1,0.95,0.05,default,100,3.0,8,1,1,0,0,0.0010312999947927892,
baseline_1024_986f656c,baseline,train,428,1024,easy,5,5,0.1,0.95,0.05,default,100,1.0,10,1,1,0,0,0.0012410999916028231,
baseline_1024_986f656c,baseline,train,429,1024,easy,5,5,0.1,0.95,0.05,default,100,1.0,10,1,1,0,0,0.001254500006325543,
baseline_1024_986f656c,baseline,train,430,1024,easy,5,5,0.1,0.95,0.05,default,100,3.0,8,1,1,0,0,0.0010638999956427142,
baseline_1024_986f656c,baseline,train,431,1024,easy,5,5,0.1,0.95,0.05,default,100,3.0,8,1,1,0,0,0.0010522999946260825,
baseline_1024_986f656c,baseline,train,432,1024,easy,5,5,0.1,0.95,0.05,default,100,3.0,8,1,1,0,0,0.0010802000033436343,
baseline_1024_986f656c,baseline,train,433,1024,easy,5,5,0.1,0.95,0.05,default,100,3.0,8,1,1,0,0,0.0010750000074040145,
baseline_1024_986f656c,baseline,train,434,1024,easy,5,5,0.1,0.95,0.05,default,100,3.0,8,1,1,0,0,0.001057999994372949,
baseline_1024_986f656c,baseline,train,435,1024,easy,5,5,0.1,0.95,0.05,default,100,3.0,8,1,1,0,0,0.0010516000038478523,
baseline_1024_986f656c,baseline,train,436,1024,easy,5,5,0.1,0.95,0.05,default,100,3.0,8,1,1,0,0,0.0010212000051978976,
baseline_1024_986f656c,baseline,train,437,1024,easy,5,5,0.1,0.95,0.05,default,100,3.0,8,1,1,0,0,0.0010554999898886308,
baseline_1024_986f656c,baseline,train,438,1024,easy,5,5,0.1,0.95,0.05,default,100,3.0,8,1,1,0,0,0.0010923000081675127,
baseline_1024_986f656c,baseline,train,439,1024,easy,5,5,0.1,0.95,0.05,default,100,0.0,11,1,1,0,0,0.001269999993382953,
baseline_1024_986f656c,baseline,train,440,1024,easy,5,5,0.1,0.95,0.05,default,100,3.0,8,1,1,0,0,0.001065300006303005,
baseline_1024_986f656c,baseline,train,441,1024,easy,5,5,0.1,0.95,0.05,default,100,3.0,8,1,1,0,0,0.0010752999951364473,
baseline_1024_986f656c,baseline,train,442,1024,easy,5,5,0.1,0.95,0.05,default,100,0.0,11,1,1,0,0,0.0013402000040514395,
baseline_1024_986f656c,baseline,train,443,1024,easy,5,5,0.1,0.95,0.05,default,100,2.0,9,1,1,0,0,0.0011693999986164272,
baseline_1024_986f656c,baseline,train,444,1024,easy,5,5,0.1,0.95,0.05,default,100,-16.0,7,0,1,0,1,0.0008951999916462228,
baseline_1024_986f656c,baseline,train,445,1024,easy,5,5,0.1,0.95,0.05,default,100,3.0,8,1,1,0,0,0.0010652000055415556,
baseline_1024_986f656c,baseline,train,446,1024,easy,5,5,0.1,0.95,0.05,default,100,2.0,9,1,1,0,0,0.001079800000297837,
baseline_1024_986f656c,baseline,train,447,1024,easy,5,5,0.1,0.95,0.05,default,100,3.0,8,1,1,0,0,0.0010830999963218346,
baseline_1024_986f656c,baseline,train,448,1024,easy,5,5,0.1,0.95,0.05,default,100,2.0,9,1,1,0,0,0.001120400003856048,
baseline_1024_986f656c,baseline,train,449,1024,easy,5,5,0.1,0.95,0.05,default,100,3.0,8,1,1,0,0,0.0010916000028373674,
baseline_1024_986f656c,baseline,train,450,1024,easy,5,5,0.1,0.95,0.05,default,100,1.0,10,1,1,0,0,0.0012050999939674512,
baseline_1024_986f656c,baseline,train,451,1024,easy,5,5,0.1,0.95,0.05,default,100,3.0,8,1,1,0,0,0.001069300007657148,
baseline_1024_986f656c,baseline,train,452,1024,easy,5,5,0.1,0.95,0.05,default,100,3.0,8,1,1,0,0,0.001082599992514588,
baseline_1024_986f656c,baseline,train,453,1024,easy,5,5,0.1,0.95,0.05,default,100,3.0,8,1,1,0,0,0.00107709999429062,
baseline_1024_986f656c,baseline,train,454,1024,easy,5,5,0.1,0.95,0.05,default,100,3.0,8,1,1,0,0,0.0010763999889604747,
baseline_1024_986f656c,baseline,train,455,1024,easy,5,5,0.1,0.95,0.05,default,100,3.0,8,1,1,0,0,0.0010573000035947189,
baseline_1024_986f656c,baseline,train,456,1024,easy,5,5,0.1,0.95,0.05,default,100,3.0,8,1,1,0,0,0.0011002000101143494,
baseline_1024_986f656c,baseline,train,457,1024,easy,5,5,0.1,0.95,0.05,default,100,3.0,8,1,1,0,0,0.0010670999909052625,
baseline_1024_986f656c,baseline,train,458,1024,easy,5,5,0.1,0.95,0.05,default,100,3.0,8,1,1,0,0,0.0010678999969968572,
baseline_1024_986f656c,baseline,train,459,1024,easy,5,5,0.1,0.95,0.05,default,100,3.0,8,1,1,0,0,0.00104750000173226,
baseline_1024_986f656c,baseline,train,460,1024,easy,5,5,0.1,0.95,0.05,default,100,3.0,8,1,1,0,0,0.001058299996657297,
baseline_1024_986f656c,baseline,train,461,1024,easy,5,5,0.1,0.95,0.05,default,100,2.0,9,1,1,0,0,0.001215800002682954,
baseline_1024_986f656c,baseline,train,462,1024,easy,5,5,0.1,0.95,0.05,default,100,3.0,8,1,1,0,0,0.0010278999980073422,
baseline_1024_986f656c,baseline,train,463,1024,easy,5,5,0.1,0.95,0.05,default,100,2.0,9,1,1,0,0,0.0011258000013185665,
baseline_1024_986f656c,baseline,train,464,1024,easy,5,5,0.1,0.95,0.05,default,100,3.0,8,1,1,0,0,0.001065300006303005,
baseline_1024_986f656c,baseline,train,465,1024,easy,5,5,0.1,0.95,0.05,default,100,3.0,8,1,1,0,0,0.0010551999876042828,
baseline_1024_986f656c,baseline,train,466,1024,easy,5,5,0.1,0.95,0.05,default,100,3.0,8,1,1,0,0,0.0010522999946260825,
baseline_1024_986f656c,baseline,train,467,1024,easy,5,5,0.1,0.95,0.05,default,100,3.0,8,1,1,0,0,0.0010731000074883923,
baseline_1024_986f656c,baseline,train,468,1024,easy,5,5,0.1,0.95,0.05,default,100,3.0,8,1,1,0,0,0.0010418000019853935,
baseline_1024_986f656c,baseline,train,469,1024,easy,5,5,0.1,0.95,0.05,default,100,3.0,8,1,1,0,0,0.0010594999912427738,
baseline_1024_986f656c,baseline,train,470,1024,easy,5,5,0.1,0.95,0.05,default,100,3.0,8,1,1,0,0,0.0010468000109540299,
baseline_1024_986f656c,baseline,train,471,1024,easy,5,5,0.1,0.95,0.05,default,100,3.0,8,1,1,0,0,0.0010633999918354675,
baseline_1024_986f656c,baseline,train,472,1024,easy,5,5,0.1,0.95,0.05,default,100,-16.0,7,0,1,0,1,0.000848100011353381,
baseline_1024_986f656c,baseline,train,473,1024,easy,5,5,0.1,0.95,0.05,default,100,3.0,8,1,1,0,0,0.000978299998678267,
baseline_1024_986f656c,baseline,train,474,1024,easy,5,5,0.1,0.95,0.05,default,100,1.0,10,1,1,0,0,0.0012747000000672415,
baseline_1024_986f656c,baseline,train,475,1024,easy,5,5,0.1,0.95,0.05,default,100,3.0,8,1,1,0,0,0.0011014999909093603,
baseline_1024_986f656c,baseline,train,476,1024,easy,5,5,0.1,0.95,0.05,default,100,3.0,8,1,1,0,0,0.001051200000802055,
baseline_1024_986f656c,baseline,train,477,1024,easy,5,5,0.1,0.95,0.05,default,100,3.0,8,1,1,0,0,0.0010683000000426546,
baseline_1024_986f656c,baseline,train,478,1024,easy,5,5,0.1,0.95,0.05,default,100,3.0,8,1,1,0,0,0.0010463000071467832,
baseline_1024_986f656c,baseline,train,479,1024,easy,5,5,0.1,0.95,0.05,default,100,2.0,9,1,1,0,0,0.0011289999965811148,
baseline_1024_986f656c,baseline,train,480,1024,easy,5,5,0.1,0.95,0.05,default,100,3.0,8,1,1,0,0,0.000996700007817708,
baseline_1024_986f656c,baseline,train,481,1024,easy,5,5,0.1,0.95,0.05,default,100,3.0,8,1,1,0,0,0.0010665000008884817,
baseline_1024_986f656c,baseline,train,482,1024,easy,5,5,0.1,0.95,0.05,default,100,3.0,8,1,1,0,0,0.001073000006726943,
baseline_1024_986f656c,baseline,train,483,1024,easy,5,5,0.1,0.95,0.05,default,100,3.0,8,1,1,0,0,0.0011049000022467226,
baseline_1024_986f656c,baseline,train,484,1024,easy,5,5,0.1,0.95,0.05,default,100,3.0,8,1,1,0,0,0.0010705000022426248,
baseline_1024_986f656c,baseline,train,485,1024,easy,5,5,0.1,0.95,0.05,default,100,3.0,8,1,1,0,0,0.001069999998435378,
baseline_1024_986f656c,baseline,train,486,1024,easy,5,5,0.1,0.95,0.05,default,100,-16.0,7,0,1,0,1,0.0009165999945253134,
baseline_1024_986f656c,baseline,train,487,1024,easy,5,5,0.1,0.95,0.05,default,100,3.0,8,1,1,0,0,0.0010563999967416748,
baseline_1024_986f656c,baseline,train,488,1024,easy,5,5,0.1,0.95,0.05,default,100,3.0,8,1,1,0,0,0.0010624999995343387,
baseline_1024_986f656c,baseline,train,489,1024,easy,5,5,0.1,0.95,0.05,default,100,3.0,8,1,1,0,0,0.0010473999864188954,
baseline_1024_986f656c,baseline,train,490,1024,easy,5,5,0.1,0.95,0.05,default,100,3.0,8,1,1,0,0,0.0010634999925969169,
baseline_1024_986f656c,baseline,train,491,1024,easy,5,5,0.1,0.95,0.05,default,100,3.0,8,1,1,0,0,0.001048400008585304,
baseline_1024_986f656c,baseline,train,492,1024,easy,5,5,0.1,0.95,0.05,default,100,3.0,8,1,1,0,0,0.0010877000022446737,
baseline_1024_986f656c,baseline,train,493,1024,easy,5,5,0.1,0.95,0.05,default,100,3.0,8,1,1,0,0,0.001005999991321005,
baseline_1024_986f656c,baseline,train,494,1024,easy,5,5,0.1,0.95,0.05,default,100,3.0,8,1,1,0,0,0.0010975000041071326,
baseline_1024_986f656c,baseline,train,495,1024,easy,5,5,0.1,0.95,0.05,default,100,-16.0,7,0,1,0,1,0.0008916000078897923,
baseline_1024_986f656c,baseline,train,496,1024,easy,5,5,0.1,0.95,0.05,default,100,3.0,8,1,1,0,0,0.0010310999932698905,
baseline_1024_986f656c,baseline,train,497,1024,easy,5,5,0.1,0.95,0.05,default,100,3.0,8,1,1,0,0,0.0010487999970791861,
baseline_1024_986f656c,baseline,train,498,1024,easy,5,5,0.1,0.95,0.05,default,100,3.0,8,1,1,0,0,0.0010531000007176772,
baseline_1024_986f656c,baseline,train,499,1024,easy,5,5,0.1,0.95,0.05,default,100,3.0,8,1,1,0,0,0.000997700000880286,
baseline_1024_986f656c,baseline,train,500,1024,easy,5,5,0.1,0.95,0.05,default,100,3.0,8,1,1,0,0,0.0010565999982645735,
baseline_1024_986f656c,baseline,train,501,1024,easy,5,5,0.1,0.95,0.05,default,100,3.0,8,1,1,0,0,0.0010894000006373972,
baseline_1024_986f656c,baseline,train,502,1024,easy,5,5,0.1,0.95,0.05,default,100,3.0,8,1,1,0,0,0.0010725000029196963,
baseline_1024_986f656c,baseline,train,503,1024,easy,5,5,0.1,0.95,0.05,default,100,3.0,8,1,1,0,0,0.001051500003086403,
baseline_1024_986f656c,baseline,train,504,1024,easy,5,5,0.1,0.95,0.05,default,100,3.0,8,1,1,0,0,0.0010638999956427142,
baseline_1024_986f656c,baseline,train,505,1024,easy,5,5,0.1,0.95,0.05,default,100,1.0,10,1,1,0,0,0.0012527999933809042,
baseline_1024_986f656c,baseline,train,506,1024,easy,5,5,0.1,0.95,0.05,default,100,3.0,8,1,1,0,0,0.0010627000010572374,
baseline_1024_986f656c,baseline,train,507,1024,easy,5,5,0.1,0.95,0.05,default,100,3.0,8,1,1,0,0,0.0010680000123102218,
baseline_1024_986f656c,baseline,train,508,1024,easy,5,5,0.1,0.95,0.05,default,100,3.0,8,1,1,0,0,0.0010570000013103709,
baseline_1024_986f656c,baseline,train,509,1024,easy,5,5,0.1,0.95,0.05,default,100,3.0,8,1,1,0,0,0.0010429999965708703,
baseline_1024_986f656c,baseline,train,510,1024,easy,5,5,0.1,0.95,0.05,default,100,3.0,8,1,1,0,0,0.0010501999931875616,
baseline_1024_986f656c,baseline,train,511,1024,easy,5,5,0.1,0.95,0.05,default,100,3.0,8,1,1,0,0,0.0010657000093488023,
baseline_1024_986f656c,baseline,train,512,1024,easy,5,5,0.1,0.95,0.05,default,100,2.0,9,1,1,0,0,0.001131500001065433,
baseline_1024_986f656c,baseline,train,513,1024,easy,5,5,0.1,0.95,0.05,default,100,3.0,8,1,1,0,0,0.0010898000036831945,
baseline_1024_986f656c,baseline,train,514,1024,easy,5,5,0.1,0.95,0.05,default,100,3.0,8,1,1,0,0,0.0010488999978406355,
baseline_1024_986f656c,baseline,train,515,1024,easy,5,5,0.1,0.95,0.05,default,100,3.0,8,1,1,0,0,0.001065399992512539,
baseline_1024_986f656c,baseline,train,516,1024,easy,5,5,0.1,0.95,0.05,default,100,3.0,8,1,1,0,0,0.001069999998435378,
baseline_1024_986f656c,baseline,train,517,1024,easy,5,5,0.1,0.95,0.05,default,100,3.0,8,1,1,0,0,0.0010857000015676022,
baseline_1024_986f656c,baseline,train,518,1024,easy,5,5,0.1,0.95,0.05,default,100,1.0,10,1,1,0,0,0.0012506999919423833,
baseline_1024_986f656c,baseline,train,519,1024,easy,5,5,0.1,0.95,0.05,default,100,3.0,8,1,1,0,0,0.0010497999901417643,
baseline_1024_986f656c,baseline,train,520,1024,easy,5,5,0.1,0.95,0.05,default,100,3.0,8,1,1,0,0,0.0010679999977583066,
baseline_1024_986f656c,baseline,train,521,1024,easy,5,5,0.1,0.95,0.05,default,100,-1.0,12,1,1,0,0,0.0014576999965356663,
baseline_1024_986f656c,baseline,train,522,1024,easy,5,5,0.1,0.95,0.05,default,100,3.0,8,1,1,0,0,0.001104700000723824,
baseline_1024_986f656c,baseline,train,523,1024,easy,5,5,0.1,0.95,0.05,default,100,3.0,8,1,1,0,0,0.0010763000027509406,
baseline_1024_986f656c,baseline,train,524,1024,easy,5,5,0.1,0.95,0.05,default,100,3.0,8,1,1,0,0,0.0010685000015655532,
baseline_1024_986f656c,baseline,train,525,1024,easy,5,5,0.1,0.95,0.05,default,100,-1.0,12,1,1,0,0,0.0014510000037262216,
baseline_1024_986f656c,baseline,train,526,1024,easy,5,5,0.1,0.95,0.05,default,100,3.0,8,1,1,0,0,0.0010590999881969765,
baseline_1024_986f656c,baseline,train,527,1024,easy,5,5,0.1,0.95,0.05,default,100,3.0,8,1,1,0,0,0.001077999986591749,
baseline_1024_986f656c,baseline,train,528,1024,easy,5,5,0.1,0.95,0.05,default,100,1.0,10,1,1,0,0,0.0012339999957475811,
baseline_1024_986f656c,baseline,train,529,1024,easy,5,5,0.1,0.95,0.05,default,100,2.0,9,1,1,0,0,0.001104700000723824,
baseline_1024_986f656c,baseline,train,530,1024,easy,5,5,0.1,0.95,0.05,default,100,3.0,8,1,1,0,0,0.0010789999942062423,
baseline_1024_986f656c,baseline,train,531,1024,easy,5,5,0.1,0.95,0.05,default,100,3.0,8,1,1,0,0,0.0011073000059695914,
baseline_1024_986f656c,baseline,train,532,1024,easy,5,5,0.1,0.95,0.05,default,100,2.0,9,1,1,0,0,0.0011041999969165772,
baseline_1024_986f656c,baseline,train,533,1024,easy,5,5,0.1,0.95,0.05,default,100,3.0,8,1,1,0,0,0.0010564999975031242,
baseline_1024_986f656c,baseline,train,534,1024,easy,5,5,0.1,0.95,0.05,default,100,3.0,8,1,1,0,0,0.0010610000026645139,
baseline_1024_986f656c,baseline,train,535,1024,easy,5,5,0.1,0.95,0.05,default,100,1.0,10,1,1,0,0,0.001269000000320375,
baseline_1024_986f656c,baseline,train,536,1024,easy,5,5,0.1,0.95,0.05,default,100,3.0,8,1,1,0,0,0.001068099998519756,
baseline_1024_986f656c,baseline,train,537,1024,easy,5,5,0.1,0.95,0.05,default,100,-1.0,12,1,1,0,0,0.0014384999958565459,
baseline_1024_986f656c,baseline,train,538,1024,easy,5,5,0.1,0.95,0.05,default,100,1.0,10,1,1,0,0,0.0012509999942267314,
baseline_1024_986f656c,baseline,train,539,1024,easy,5,5,0.1,0.95,0.05,default,100,3.0,8,1,1,0,0,0.001069300007657148,
baseline_1024_986f656c,baseline,train,540,1024,easy,5,5,0.1,0.95,0.05,default,100,3.0,8,1,1,0,0,0.0010443000064697117,
baseline_1024_986f656c,baseline,train,541,1024,easy,5,5,0.1,0.95,0.05,default,100,3.0,8,1,1,0,0,0.0010507000115467235,
baseline_1024_986f656c,baseline,train,542,1024,easy,5,5,0.1,0.95,0.05,default,100,1.0,10,1,1,0,0,0.0012061000015819445,
baseline_1024_986f656c,baseline,train,543,1024,easy,5,5,0.1,0.95,0.05,default,100,3.0,8,1,1,0,0,0.001087500000721775,
baseline_1024_986f656c,baseline,train,544,1024,easy,5,5,0.1,0.95,0.05,default,100,3.0,8,1,1,0,0,0.0010528999991947785,
baseline_1024_986f656c,baseline,train,545,1024,easy,5,5,0.1,0.95,0.05,default,100,3.0,8,1,1,0,0,0.001021900010528043,
baseline_1024_986f656c,baseline,train,546,1024,easy,5,5,0.1,0.95,0.05,default,100,2.0,9,1,1,0,0,0.0011341999925207347,
baseline_1024_986f656c,baseline,train,547,1024,easy,5,5,0.1,0.95,0.05,default,100,3.0,8,1,1,0,0,0.001080400004866533,
baseline_1024_986f656c,baseline,train,548,1024,easy,5,5,0.1,0.95,0.05,default,100,3.0,8,1,1,0,0,0.0010997999925166368,
baseline_1024_986f656c,baseline,train,549,1024,easy,5,5,0.1,0.95,0.05,default,100,3.0,8,1,1,0,0,0.0010732000082498416,
baseline_1024_986f656c,baseline,train,550,1024,easy,5,5,0.1,0.95,0.05,default,100,3.0,8,1,1,0,0,0.0010674999939510599,
baseline_1024_986f656c,baseline,train,551,1024,easy,5,5,0.1,0.95,0.05,default,100,3.0,8,1,1,0,0,0.0010551000013947487,
baseline_1024_986f656c,baseline,train,552,1024,easy,5,5,0.1,0.95,0.05,default,100,3.0,8,1,1,0,0,0.0010681999992812052,
baseline_1024_986f656c,baseline,train,553,1024,easy,5,5,0.1,0.95,0.05,default,100,3.0,8,1,1,0,0,0.0010083999950438738,
baseline_1024_986f656c,baseline,train,554,1024,easy,5,5,0.1,0.95,0.05,default,100,3.0,8,1,1,0,0,0.0010640999971656129,
baseline_1024_986f656c,baseline,train,555,1024,easy,5,5,0.1,0.95,0.05,default,100,3.0,8,1,1,0,0,0.0010708000045269728,
baseline_1024_986f656c,baseline,train,556,1024,easy,5,5,0.1,0.95,0.05,default,100,3.0,8,1,1,0,0,0.0010713000083342195,
baseline_1024_986f656c,baseline,train,557,1024,easy,5,5,0.1,0.95,0.05,default,100,3.0,8,1,1,0,0,0.0010698999976739287,
baseline_1024_986f656c,baseline,train,558,1024,easy,5,5,0.1,0.95,0.05,default,100,1.0,10,1,1,0,0,0.0013034000003244728,
baseline_1024_986f656c,baseline,train,559,1024,easy,5,5,0.1,0.95,0.05,default,100,3.0,8,1,1,0,0,0.0010498000046936795,
baseline_1024_986f656c,baseline,train,560,1024,easy,5,5,0.1,0.95,0.05,default,100,3.0,8,1,1,0,0,0.0010285000025760382,
baseline_1024_986f656c,baseline,train,561,1024,easy,5,5,0.1,0.95,0.05,default,100,3.0,8,1,1,0,0,0.001105000003008172,
baseline_1024_986f656c,baseline,train,562,1024,easy,5,5,0.1,0.95,0.05,default,100,3.0,8,1,1,0,0,0.001069900012225844,
baseline_1024_986f656c,baseline,train,563,1024,easy,5,5,0.1,0.95,0.05,default,100,3.0,8,1,1,0,0,0.0010257999965688214,
baseline_1024_986f656c,baseline,train,564,1024,easy,5,5,0.1,0.95,0.05,default,100,1.0,10,1,1,0,0,0.0011511000047903508,
baseline_1024_986f656c,baseline,train,565,1024,easy,5,5,0.1,0.95,0.05,default,100,3.0,8,1,1,0,0,0.0010638999956427142,
baseline_1024_986f656c,baseline,train,566,1024,easy,5,5,0.1,0.95,0.05,default,100,-14.0,5,0,1,0,1,0.0006647999980486929,
baseline_1024_986f656c,baseline,train,567,1024,easy,5,5,0.1,0.95,0.05,default,100,-14.0,5,0,1,0,1,0.0006935999990673736,
baseline_1024_986f656c,baseline,train,568,1024,easy,5,5,0.1,0.95,0.05,default,100,3.0,8,1,1,0,0,0.0010660999978426844,
baseline_1024_986f656c,baseline,train,569,1024,easy,5,5,0.1,0.95,0.05,default,100,3.0,8,1,1,0,0,0.001062900002580136,
baseline_1024_986f656c,baseline,train,570,1024,easy,5,5,0.1,0.95,0.05,default,100,3.0,8,1,1,0,0,0.001021699994453229,
baseline_1024_986f656c,baseline,train,571,1024,easy,5,5,0.1,0.95,0.05,default,100,2.0,9,1,1,0,0,0.0011333000002196059,
baseline_1024_986f656c,baseline,train,572,1024,easy,5,5,0.1,0.95,0.05,default,100,3.0,8,1,1,0,0,0.0010658999963197857,
baseline_1024_986f656c,baseline,train,573,1024,easy,5,5,0.1,0.95,0.05,default,100,3.0,8,1,1,0,0,0.0010674999939510599,
baseline_1024_986f656c,baseline,train,574,1024,easy,5,5,0.1,0.95,0.05,default,100,3.0,8,1,1,0,0,0.0010665000008884817,
baseline_1024_986f656c,baseline,train,575,1024,easy,5,5,0.1,0.95,0.05,default,100,1.0,10,1,1,0,0,0.0012673000019276515,
baseline_1024_986f656c,baseline,train,576,1024,easy,5,5,0.1,0.95,0.05,default,100,2.0,9,1,1,0,0,0.0011296000011498109,
baseline_1024_986f656c,baseline,train,577,1024,easy,5,5,0.1,0.95,0.05,default,100,3.0,8,1,1,0,0,0.0010837000008905306,
baseline_1024_986f656c,baseline,train,578,1024,easy,5,5,0.1,0.95,0.05,default,100,3.0,8,1,1,0,0,0.001087800003006123,
baseline_1024_986f656c,baseline,train,579,1024,easy,5,5,0.1,0.95,0.05,default,100,3.0,8,1,1,0,0,0.0010679999977583066,
baseline_1024_986f656c,baseline,train,580,1024,easy,5,5,0.1,0.95,0.05,default,100,3.0,8,1,1,0,0,0.001045699988026172,
baseline_1024_986f656c,baseline,train,581,1024,easy,5,5,0.1,0.95,0.05,default,100,0.0,11,1,1,0,0,0.0013632999907713383,
baseline_1024_986f656c,baseline,train,582,1024,easy,5,5,0.1,0.95,0.05,default,100,-14.0,5,0,1,0,1,0.0006745999999111518,
baseline_1024_986f656c,baseline,train,583,1024,easy,5,5,0.1,0.95,0.05,default,100,3.0,8,1,1,0,0,0.0010758999997051433,
baseline_1024_986f656c,baseline,train,584,1024,easy,5,5,0.1,0.95,0.05,default,100,3.0,8,1,1,0,0,0.0010531000007176772,
baseline_1024_986f656c,baseline,train,585,1024,easy,5,5,0.1,0.95,0.05,default,100,3.0,8,1,1,0,0,0.0010704000014811754,
baseline_1024_986f656c,baseline,train,586,1024,easy,5,5,0.1,0.95,0.05,default,100,3.0,8,1,1,0,0,0.001066900003934279,
baseline_1024_986f656c,baseline,train,587,1024,easy,5,5,0.1,0.95,0.05,default,100,3.0,8,1,1,0,0,0.0010534000030020252,
baseline_1024_986f656c,baseline,train,588,1024,easy,5,5,0.1,0.95,0.05,default,100,3.0,8,1,1,0,0,0.0010670000046957284,
baseline_1024_986f656c,baseline,train,589,1024,easy,5,5,0.1,0.95,0.05,default,100,1.0,10,1,1,0,0,0.0012365000002318993,
baseline_1024_986f656c,baseline,train,590,1024,easy,5,5,0.1,0.95,0.05,default,100,3.0,8,1,1,0,0,0.0010763000027509406,
baseline_1024_986f656c,baseline,train,591,1024,easy,5,5,0.1,0.95,0.05,default,100,3.0,8,1,1,0,0,0.0010532999876886606,
baseline_1024_986f656c,baseline,train,592,1024,easy,5,5,0.1,0.95,0.05,default,100,3.0,8,1,1,0,0,0.0010661999986041337,
baseline_1024_986f656c,baseline,train,593,1024,easy,5,5,0.1,0.95,0.05,default,100,3.0,8,1,1,0,0,0.001005999991321005,
baseline_1024_986f656c,baseline,train,594,1024,easy,5,5,0.1,0.95,0.05,default,100,3.0,8,1,1,0,0,0.0010737999982666224,
baseline_1024_986f656c,baseline,train,595,1024,easy,5,5,0.1,0.95,0.05,default,100,3.0,8,1,1,0,0,0.0010504000092623755,
baseline_1024_986f656c,baseline,train,596,1024,easy,5,5,0.1,0.95,0.05,default,100,3.0,8,1,1,0,0,0.0010772999958135188,
baseline_1024_986f656c,baseline,train,597,1024,easy,5,5,0.1,0.95,0.05,default,100,1.0,10,1,1,0,0,0.0012605999945662916,
baseline_1024_986f656c,baseline,train,598,1024,easy,5,5,0.1,0.95,0.05,default,100,1.0,10,1,1,0,0,0.0012436999968485907,
baseline_1024_986f656c,baseline,train,599,1024,easy,5,5,0.1,0.95,0.05,default,100,1.0,10,1,1,0,0,0.0013615999923786148,
baseline_1024_986f656c,baseline,train,600,1024,easy,5,5,0.1,0.95,0.05,default,100,3.0,8,1,1,0,0,0.0010546999983489513,results\baseline\seed_1024\qtable_ep600.npz
baseline_1024_986f656c,baseline,train,601,1024,easy,5,5,0.1,0.95,0.05,default,100,3.0,8,1,1,0,0,0.0011221000022487715,
baseline_1024_986f656c,baseline,train,602,1024,easy,5,5,0.1,0.95,0.05,default,100,3.0,8,1,1,0,0,0.0010694999946281314,
baseline_1024_986f656c,baseline,train,603,1024,easy,5,5,0.1,0.95,0.05,default,100,3.0,8,1,1,0,0,0.0010810999956447631,
baseline_1024_986f656c,baseline,train,604,1024,easy,5,5,0.1,0.95,0.05,default,100,3.0,8,1,1,0,0,0.001050599996233359,
baseline_1024_986f656c,baseline,train,605,1024,easy,5,5,0.1,0.95,0.05,default,100,3.0,8,1,1,0,0,0.0010748000058811158,
baseline_1024_986f656c,baseline,train,606,1024,easy,5,5,0.1,0.95,0.05,default,100,3.0,8,1,1,0,0,0.0010328000062145293,
baseline_1024_986f656c,baseline,train,607,1024,easy,5,5,0.1,0.95,0.05,default,100,0.0,11,1,1,0,0,0.0013011999981245026,
baseline_1024_986f656c,baseline,train,608,1024,easy,5,5,0.1,0.95,0.05,default,100,-1.0,12,1,1,0,0,0.0014458000077866018,
baseline_1024_986f656c,baseline,train,609,1024,easy,5,5,0.1,0.95,0.05,default,100,1.0,10,1,1,0,0,0.001238899989402853,
baseline_1024_986f656c,baseline,train,610,1024,easy,5,5,0.1,0.95,0.05,default,100,2.0,9,1,1,0,0,0.0011169000063091516,
baseline_1024_986f656c,baseline,train,611,1024,easy,5,5,0.1,0.95,0.05,default,100,3.0,8,1,1,0,0,0.001055200002156198,
baseline_1024_986f656c,baseline,train,612,1024,easy,5,5,0.1,0.95,0.05,default,100,3.0,8,1,1,0,0,0.0010895000013988465,
baseline_1024_986f656c,baseline,train,613,1024,easy,5,5,0.1,0.95,0.05,default,100,3.0,8,1,1,0,0,0.0010796999995363876,
baseline_1024_986f656c,baseline,train,614,1024,easy,5,5,0.1,0.95,0.05,default,100,3.0,8,1,1,0,0,0.0010540999937802553,
baseline_1024_986f656c,baseline,train,615,1024,easy,5,5,0.1,0.95,0.05,default,100,1.0,10,1,1,0,0,0.0012272000021766871,
baseline_1024_986f656c,baseline,train,616,1024,easy,5,5,0.1,0.95,0.05,default,100,3.0,8,1,1,0,0,0.0010489999986020848,
baseline_1024_986f656c,baseline,train,617,1024,easy,5,5,0.1,0.95,0.05,default,100,3.0,8,1,1,0,0,0.0010889999975915998,
baseline_1024_986f656c,baseline,train,618,1024,easy,5,5,0.1,0.95,0.05,default,100,3.0,8,1,1,0,0,0.0010543000098550692,
baseline_1024_986f656c,baseline,train,619,1024,easy,5,5,0.1,0.95,0.05,default,100,3.0,8,1,1,0,0,0.001029000006383285,
baseline_1024_986f656c,baseline,train,620,1024,easy,5,5,0.1,0.95,0.05,default,100,2.0,9,1,1,0,0,0.0011291999981040135,
baseline_1024_986f656c,baseline,train,621,1024,easy,5,5,0.1,0.95,0.05,default,100,3.0,8,1,1,0,0,0.001086599993868731,
baseline_1024_986f656c,baseline,train,622,1024,easy,5,5,0.1,0.95,0.05,default,100,3.0,8,1,1,0,0,0.0010575999913271517,
baseline_1024_986f656c,baseline,train,623,1024,easy,5,5,0.1,0.95,0.05,default,100,1.0,10,1,1,0,0,0.0012104000052204356,
baseline_1024_986f656c,baseline,train,624,1024,easy,5,5,0.1,0.95,0.05,default,100,3.0,8,1,1,0,0,0.0010876999876927584,
baseline_1024_986f656c,baseline,train,625,1024,easy,5,5,0.1,0.95,0.05,default,100,3.0,8,1,1,0,0,0.0010602000111248344,
baseline_1024_986f656c,baseline,train,626,1024,easy,5,5,0.1,0.95,0.05,default,100,2.0,9,1,1,0,0,0.0011449000012362376,
baseline_1024_986f656c,baseline,train,627,1024,easy,5,5,0.1,0.95,0.05,default,100,3.0,8,1,1,0,0,0.001069600009941496,
baseline_1024_986f656c,baseline,train,628,1024,easy,5,5,0.1,0.95,0.05,default,100,3.0,8,1,1,0,0,0.001021099989884533,
baseline_1024_986f656c,baseline,train,629,1024,easy,5,5,0.1,0.95,0.05,default,100,-1.0,12,1,1,0,0,0.0014243000041460618,
baseline_1024_986f656c,baseline,train,630,1024,easy,5,5,0.1,0.95,0.05,default,100,3.0,8,1,1,0,0,0.0011011000024154782,
baseline_1024_986f656c,baseline,train,631,1024,easy,5,5,0.1,0.95,0.05,default,100,3.0,8,1,1,0,0,0.0010525999969104305,
baseline_1024_986f656c,baseline,train,632,1024,easy,5,5,0.1,0.95,0.05,default,100,3.0,8,1,1,0,0,0.0010870999976759776,
baseline_1024_986f656c,baseline,train,633,1024,easy,5,5,0.1,0.95,0.05,default,100,3.0,8,1,1,0,0,0.0010694000084185973,
baseline_1024_986f656c,baseline,train,634,1024,easy,5,5,0.1,0.95,0.05,default,100,3.0,8,1,1,0,0,0.0013470999983837828,
baseline_1024_986f656c,baseline,train,635,1024,easy,5,5,0.1,0.95,0.05,default,100,2.0,9,1,1,0,0,0.001233000002685003,
baseline_1024_986f656c,baseline,train,636,1024,easy,5,5,0.1,0.95,0.05,default,100,3.0,8,1,1,0,0,0.0010738999990280718,
baseline_1024_986f656c,baseline,train,637,1024,easy,5,5,0.1,0.95,0.05,default,100,3.0,8,1,1,0,0,0.0011070000036852434,
baseline_1024_986f656c,baseline,train,638,1024,easy,5,5,0.1,0.95,0.05,default,100,3.0,8,1,1,0,0,0.0010598999942885712,
baseline_1024_986f656c,baseline,train,639,1024,easy,5,5,0.1,0.95,0.05,default,100,3.0,8,1,1,0,0,0.001079800000297837,
baseline_1024_986f656c,baseline,train,640,1024,easy,5,5,0.1,0.95,0.05,default,100,3.0,8,1,1,0,0,0.0010718999983510002,
baseline_1024_986f656c,baseline,train,641,1024,easy,5,5,0.1,0.95,0.05,default,100,3.0,8,1,1,0,0,0.0010823000047821552,
baseline_1024_986f656c,baseline,train,642,1024,easy,5,5,0.1,0.95,0.05,default,100,3.0,8,1,1,0,0,0.0010892999998759478,
baseline_1024_986f656c,baseline,train,643,1024,easy,5,5,0.1,0.95,0.05,default,100,3.0,8,1,1,0,0,0.0010704000014811754,
baseline_1024_986f656c,baseline,train,644,1024,easy,5,5,0.1,0.95,0.05,default,100,2.0,9,1,1,0,0,0.0011576999968383461,
baseline_1024_986f656c,baseline,train,645,1024,easy,5,5,0.1,0.95,0.05,default,100,3.0,8,1,1,0,0,0.0010560999944573268,
baseline_1024_986f656c,baseline,train,646,1024,easy,5,5,0.1,0.95,0.05,default,100,3.0,8,1,1,0,0,0.0010700999991968274,
baseline_1024_986f656c,baseline,train,647,1024,easy,5,5,0.1,0.95,0.05,default,100,3.0,8,1,1,0,0,0.0010643999994499609,
baseline_1024_986f656c,baseline,train,648,1024,easy,5,5,0.1,0.95,0.05,default,100,1.0,10,1,1,0,0,0.001336699991952628,
baseline_1024_986f656c,baseline,train,649,1024,easy,5,5,0.1,0.95,0.05,default,100,3.0,8,1,1,0,0,0.0010777999996207654,
baseline_1024_986f656c,baseline,train,650,1024,easy,5,5,0.1,0.95,0.05,default,100,3.0,8,1,1,0,0,0.0010603999980958179,
baseline_1024_986f656c,baseline,train,651,1024,easy,5,5,0.1,0.95,0.05,default,100,3.0,8,1,1,0,0,0.0010212000051978976,
baseline_1024_986f656c,baseline,train,652,1024,easy,5,5,0.1,0.95,0.05,default,100,3.0,8,1,1,0,0,0.0010102000087499619,
baseline_1024_986f656c,baseline,train,653,1024,easy,5,5,0.1,0.95,0.05,default,100,3.0,8,1,1,0,0,0.0010685000015655532,
baseline_1024_986f656c,baseline,train,654,1024,easy,5,5,0.1,0.95,0.05,default,100,3.0,8,1,1,0,0,0.0010883999930229038,
baseline_1024_986f656c,baseline,train,655,1024,easy,5,5,0.1,0.95,0.05,default,100,2.0,9,1,1,0,0,0.0011443000112194568,
baseline_1024_986f656c,baseline,train,656,1024,easy,5,5,0.1,0.95,0.05,default,100,3.0,8,1,1,0,0,0.0010551999876042828,
baseline_1024_986f656c,baseline,train,657,1024,easy,5,5,0.1,0.95,0.05,default,100,3.0,8,1,1,0,0,0.0010329999931855127,
baseline_1024_986f656c,baseline,train,658,1024,easy,5,5,0.1,0.95,0.05,default,100,3.0,8,1,1,0,0,0.001057999994372949,
baseline_1024_986f656c,baseline,train,659,1024,easy,5,5,0.1,0.95,0.05,default,100,3.0,8,1,1,0,0,0.0010621000110404566,
baseline_1024_986f656c,baseline,train,660,1024,easy,5,5,0.1,0.95,0.05,default,100,3.0,8,1,1,0,0,0.0010467999964021146,
baseline_1024_986f656c,baseline,train,661,1024,easy,5,5,0.1,0.95,0.05,default,100,3.0,8,1,1,0,0,0.0010664000001270324,
baseline_1024_986f656c,baseline,train,662,1024,easy,5,5,0.1,0.95,0.05,default,100,3.0,8,1,1,0,0,0.001065999997081235,
baseline_1024_986f656c,baseline,train,663,1024,easy,5,5,0.1,0.95,0.05,default,100,3.0,8,1,1,0,0,0.0010365000052843243,
baseline_1024_986f656c,baseline,train,664,1024,easy,5,5,0.1,0.95,0.05,default,100,3.0,8,1,1,0,0,0.001071499995305203,
baseline_1024_986f656c,baseline,train,665,1024,easy,5,5,0.1,0.95,0.05,default,100,3.0,8,1,1,0,0,0.0010745000035967678,
baseline_1024_986f656c,baseline,train,666,1024,easy,5,5,0.1,0.95,0.05,default,100,3.0,8,1,1,0,0,0.0010923999943770468,
baseline_1024_986f656c,baseline,train,667,1024,easy,5,5,0.1,0.95,0.05,default,100,3.0,8,1,1,0,0,0.0010201999975834042,
baseline_1024_986f656c,baseline,train,668,1024,easy,5,5,0.1,0.95,0.05,default,100,3.0,8,1,1,0,0,0.0010802000033436343,
baseline_1024_986f656c,baseline,train,669,1024,easy,5,5,0.1,0.95,0.05,default,100,3.0,8,1,1,0,0,0.001066299999365583,
baseline_1024_986f656c,baseline,train,670,1024,easy,5,5,0.1,0.95,0.05,default,100,3.0,8,1,1,0,0,0.0009980999893741682,
baseline_1024_986f656c,baseline,train,671,1024,easy,5,5,0.1,0.95,0.05,default,100,3.0,8,1,1,0,0,0.0010583999974187464,
baseline_1024_986f656c,baseline,train,672,1024,easy,5,5,0.1,0.95,0.05,default,100,3.0,8,1,1,0,0,0.0010698999976739287,
baseline_1024_986f656c,baseline,train,673,1024,easy,5,5,0.1,0.95,0.05,default,100,3.0,8,1,1,0,0,0.0010584999981801957,
baseline_1024_986f656c,baseline,train,674,1024,easy,5,5,0.1,0.95,0.05,default,100,3.0,8,1,1,0,0,0.001095500003430061,
baseline_1024_986f656c,baseline,train,675,1024,easy,5,5,0.1,0.95,0.05,default,100,3.0,8,1,1,0,0,0.0010765000042738393,
baseline_1024_986f656c,baseline,train,676,1024,easy,5,5,0.1,0.95,0.05,default,100,3.0,8,1,1,0,0,0.0010757000127341598,
baseline_1024_986f656c,baseline,train,677,1024,easy,5,5,0.1,0.95,0.05,default,100,1.0,10,1,1,0,0,0.0012671000004047528,
baseline_1024_986f656c,baseline,train,678,1024,easy,5,5,0.1,0.95,0.05,default,100,3.0,8,1,1,0,0,0.0010762000019894913,
baseline_1024_986f656c,baseline,train,679,1024,easy,5,5,0.1,0.95,0.05,default,100,3.0,8,1,1,0,0,0.0010704000014811754,
baseline_1024_986f656c,baseline,train,680,1024,easy,5,5,0.1,0.95,0.05,default,100,1.0,10,1,1,0,0,0.0012741999962599948,
baseline_1024_986f656c,baseline,train,681,1024,easy,5,5,0.1,0.95,0.05,default,100,2.0,9,1,1,0,0,0.0011682000040309504,
baseline_1024_986f656c,baseline,train,682,1024,easy,5,5,0.1,0.95,0.05,default,100,3.0,8,1,1,0,0,0.0010664000001270324,
baseline_1024_986f656c,baseline,train,683,1024,easy,5,5,0.1,0.95,0.05,default,100,3.0,8,1,1,0,0,0.0010864000068977475,
baseline_1024_986f656c,baseline,train,684,1024,easy,5,5,0.1,0.95,0.05,default,100,3.0,8,1,1,0,0,0.0010599999950500205,
baseline_1024_986f656c,baseline,train,685,1024,easy,5,5,0.1,0.95,0.05,default,100,3.0,8,1,1,0,0,0.0010889999975915998,
baseline_1024_986f656c,baseline,train,686,1024,easy,5,5,0.1,0.95,0.05,default,100,3.0,8,1,1,0,0,0.0010165999992750585,
baseline_1024_986f656c,baseline,train,687,1024,easy,5,5,0.1,0.95,0.05,default,100,3.0,8,1,1,0,0,0.0010499000054551288,
baseline_1024_986f656c,baseline,train,688,1024,easy,5,5,0.1,0.95,0.05,default,100,3.0,8,1,1,0,0,0.0010861000046133995,
baseline_1024_986f656c,baseline,train,689,1024,easy,5,5,0.1,0.95,0.05,default,100,1.0,10,1,1,0,0,0.0012482999882195145,
baseline_1024_986f656c,baseline,train,690,1024,easy,5,5,0.1,0.95,0.05,default,100,3.0,8,1,1,0,0,0.0010784000041894615,
baseline_1024_986f656c,baseline,train,691,1024,easy,5,5,0.1,0.95,0.05,default,100,3.0,8,1,1,0,0,0.0010497000039322302,
baseline_1024_986f656c,baseline,train,692,1024,easy,5,5,0.1,0.95,0.05,default,100,1.0,10,1,1,0,0,0.0012125000066589564,
baseline_1024_986f656c,baseline,train,693,1024,easy,5,5,0.1,0.95,0.05,default,100,3.0,8,1,1,0,0,0.0010520999931031838,
baseline_1024_986f656c,baseline,train,694,1024,easy,5,5,0.1,0.95,0.05,default,100,2.0,9,1,1,0,0,0.0011471000034362078,
baseline_1024_986f656c,baseline,train,695,1024,easy,5,5,0.1,0.95,0.05,default,100,1.0,10,1,1,0,0,0.0012660000065807253,
baseline_1024_986f656c,baseline,train,696,1024,easy,5,5,0.1,0.95,0.05,default,100,3.0,8,1,1,0,0,0.0010851999977603555,
baseline_1024_986f656c,baseline,train,697,1024,easy,5,5,0.1,0.95,0.05,default,100,2.0,9,1,1,0,0,0.0011573999945539981,
baseline_1024_986f656c,baseline,train,698,1024,easy,5,5,0.1,0.95,0.05,default,100,1.0,10,1,1,0,0,0.0013164999982109293,
baseline_1024_986f656c,baseline,train,699,1024,easy,5,5,0.1,0.95,0.05,default,100,3.0,8,1,1,0,0,0.0010704000014811754,
baseline_1024_986f656c,baseline,train,700,1024,easy,5,5,0.1,0.95,0.05,default,100,3.0,8,1,1,0,0,0.001054599997587502,
baseline_1024_986f656c,baseline,train,701,1024,easy,5,5,0.1,0.95,0.05,default,100,3.0,8,1,1,0,0,0.0010971000010613352,
baseline_1024_986f656c,baseline,train,702,1024,easy,5,5,0.1,0.95,0.05,default,100,3.0,8,1,1,0,0,0.00107640000351239,
baseline_1024_986f656c,baseline,train,703,1024,easy,5,5,0.1,0.95,0.05,default,100,-1.0,12,1,1,0,0,0.0014314000000013039,
baseline_1024_986f656c,baseline,train,704,1024,easy,5,5,0.1,0.95,0.05,default,100,3.0,8,1,1,0,0,0.0010731999936979264,
baseline_1024_986f656c,baseline,train,705,1024,easy,5,5,0.1,0.95,0.05,default,100,3.0,8,1,1,0,0,0.0010523000091779977,
baseline_1024_986f656c,baseline,train,706,1024,easy,5,5,0.1,0.95,0.05,default,100,3.0,8,1,1,0,0,0.0010326000046916306,
baseline_1024_986f656c,baseline,train,707,1024,easy,5,5,0.1,0.95,0.05,default,100,0.0,11,1,1,0,0,0.0012805000005755574,
baseline_1024_986f656c,baseline,train,708,1024,easy,5,5,0.1,0.95,0.05,default,100,2.0,9,1,1,0,0,0.0011535999947227538,
baseline_1024_986f656c,baseline,train,709,1024,easy,5,5,0.1,0.95,0.05,default,100,3.0,8,1,1,0,0,0.0010156000062124804,
baseline_1024_986f656c,baseline,train,710,1024,easy,5,5,0.1,0.95,0.05,default,100,3.0,8,1,1,0,0,0.001072799990652129,
baseline_1024_986f656c,baseline,train,711,1024,easy,5,5,0.1,0.95,0.05,default,100,3.0,8,1,1,0,0,0.0010697999969124794,
baseline_1024_986f656c,baseline,train,712,1024,easy,5,5,0.1,0.95,0.05,default,100,3.0,8,1,1,0,0,0.0010225000005448237,
baseline_1024_986f656c,baseline,train,713,1024,easy,5,5,0.1,0.95,0.05,default,100,1.0,10,1,1,0,0,0.0012640000059036538,
baseline_1024_986f656c,baseline,train,714,1024,easy,5,5,0.1,0.95,0.05,default,100,3.0,8,1,1,0,0,0.0010169000015594065,
baseline_1024_986f656c,baseline,train,715,1024,easy,5,5,0.1,0.95,0.05,default,100,3.0,8,1,1,0,0,0.0010849999962374568,
baseline_1024_986f656c,baseline,train,716,1024,easy,5,5,0.1,0.95,0.05,default,100,1.0,10,1,1,0,0,0.0012941000022692606,
baseline_1024_986f656c,baseline,train,717,1024,easy,5,5,0.1,0.95,0.05,default,100,3.0,8,1,1,0,0,0.0011063999991165474,
baseline_1024_986f656c,baseline,train,718,1024,easy,5,5,0.1,0.95,0.05,default,100,2.0,9,1,1,0,0,0.0011426999990362674,
baseline_1024_986f656c,baseline,train,719,1024,easy,5,5,0.1,0.95,0.05,default,100,3.0,8,1,1,0,0,0.001061399991158396,
baseline_1024_986f656c,baseline,train,720,1024,easy,5,5,0.1,0.95,0.05,default,100,3.0,8,1,1,0,0,0.0010713999945437536,
baseline_1024_986f656c,baseline,train,721,1024,easy,5,5,0.1,0.95,0.05,default,100,-2.0,13,1,1,0,0,0.0014907999866409227,
baseline_1024_986f656c,baseline,train,722,1024,easy,5,5,0.1,0.95,0.05,default,100,3.0,8,1,1,0,0,0.001086299991584383,
baseline_1024_986f656c,baseline,train,723,1024,easy,5,5,0.1,0.95,0.05,default,100,3.0,8,1,1,0,0,0.0010638999956427142,
baseline_1024_986f656c,baseline,train,724,1024,easy,5,5,0.1,0.95,0.05,default,100,3.0,8,1,1,0,0,0.0010855000000447035,
baseline_1024_986f656c,baseline,train,725,1024,easy,5,5,0.1,0.95,0.05,default,100,2.0,9,1,1,0,0,0.0011488000018289313,
baseline_1024_986f656c,baseline,train,726,1024,easy,5,5,0.1,0.95,0.05,default,100,3.0,8,1,1,0,0,0.0010681999992812052,
baseline_1024_986f656c,baseline,train,727,1024,easy,5,5,0.1,0.95,0.05,default,100,3.0,8,1,1,0,0,0.0010496000031707808,
baseline_1024_986f656c,baseline,train,728,1024,easy,5,5,0.1,0.95,0.05,default,100,3.0,8,1,1,0,0,0.0010695000091800466,
baseline_1024_986f656c,baseline,train,729,1024,easy,5,5,0.1,0.95,0.05,default,100,3.0,8,1,1,0,0,0.0010815999994520098,
baseline_1024_986f656c,baseline,train,730,1024,easy,5,5,0.1,0.95,0.05,default,100,3.0,8,1,1,0,0,0.0010193000052822754,
baseline_1024_986f656c,baseline,train,731,1024,easy,5,5,0.1,0.95,0.05,default,100,3.0,8,1,1,0,0,0.0010847999947145581,
baseline_1024_986f656c,baseline,train,732,1024,easy,5,5,0.1,0.95,0.05,default,100,3.0,8,1,1,0,0,0.0010676999954739586,
baseline_1024_986f656c,baseline,train,733,1024,easy,5,5,0.1,0.95,0.05,default,100,3.0,8,1,1,0,0,0.0010449000110384077,
baseline_1024_986f656c,baseline,train,734,1024,easy,5,5,0.1,0.95,0.05,default,100,3.0,8,1,1,0,0,0.0011735000007320195,
baseline_1024_986f656c,baseline,train,735,1024,easy,5,5,0.1,0.95,0.05,default,100,3.0,8,1,1,0,0,0.0010855000000447035,
baseline_1024_986f656c,baseline,train,736,1024,easy,5,5,0.1,0.95,0.05,default,100,3.0,8,1,1,0,0,0.00106160000723321,
baseline_1024_986f656c,baseline,train,737,1024,easy,5,5,0.1,0.95,0.05,default,100,2.0,9,1,1,0,0,0.0011602000013226643,
baseline_1024_986f656c,baseline,train,738,1024,easy,5,5,0.1,0.95,0.05,default,100,3.0,8,1,1,0,0,0.001084199990145862,
baseline_1024_986f656c,baseline,train,739,1024,easy,5,5,0.1,0.95,0.05,default,100,3.0,8,1,1,0,0,0.0010048000112874433,
baseline_1024_986f656c,baseline,train,740,1024,easy,5,5,0.1,0.95,0.05,default,100,3.0,8,1,1,0,0,0.0010633999918354675,
baseline_1024_986f656c,baseline,train,741,1024,easy,5,5,0.1,0.95,0.05,default,100,2.0,9,1,1,0,0,0.0011580999998841435,
baseline_1024_986f656c,baseline,train,742,1024,easy,5,5,0.1,0.95,0.05,default,100,3.0,8,1,1,0,0,0.0010840000031748787,
baseline_1024_986f656c,baseline,train,743,1024,easy,5,5,0.1,0.95,0.05,default,100,3.0,8,1,1,0,0,0.0010664000001270324,
baseline_1024_986f656c,baseline,train,744,1024,easy,5,5,0.1,0.95,0.05,default,100,3.0,8,1,1,0,0,0.001086599993868731,
baseline_1024_986f656c,baseline,train,745,1024,easy,5,5,0.1,0.95,0.05,default,100,3.0,8,1,1,0,0,0.0010632999910740182,
baseline_1024_986f656c,baseline,train,746,1024,easy,5,5,0.1,0.95,0.05,default,100,3.0,8,1,1,0,0,0.0010382000036770478,
baseline_1024_986f656c,baseline,train,747,1024,easy,5,5,0.1,0.95,0.05,default,100,3.0,8,1,1,0,0,0.0010618999949656427,
baseline_1024_986f656c,baseline,train,748,1024,easy,5,5,0.1,0.95,0.05,default,100,3.0,8,1,1,0,0,0.0010846999939531088,
baseline_1024_986f656c,baseline,train,749,1024,easy,5,5,0.1,0.95,0.05,default,100,3.0,8,1,1,0,0,0.00106969999615103,
baseline_1024_986f656c,baseline,train,750,1024,easy,5,5,0.1,0.95,0.05,default,100,3.0,8,1,1,0,0,0.001034899993101135,
baseline_1024_986f656c,baseline,train,751,1024,easy,5,5,0.1,0.95,0.05,default,100,2.0,9,1,1,0,0,0.001145000001997687,
baseline_1024_986f656c,baseline,train,752,1024,easy,5,5,0.1,0.95,0.05,default,100,3.0,8,1,1,0,0,0.0010392999975010753,
baseline_1024_986f656c,baseline,train,753,1024,easy,5,5,0.1,0.95,0.05,default,100,3.0,8,1,1,0,0,0.001079800000297837,
baseline_1024_986f656c,baseline,train,754,1024,easy,5,5,0.1,0.95,0.05,default,100,3.0,8,1,1,0,0,0.0010560999944573268,
baseline_1024_986f656c,baseline,train,755,1024,easy,5,5,0.1,0.95,0.05,default,100,3.0,8,1,1,0,0,0.001072099999873899,
baseline_1024_986f656c,baseline,train,756,1024,easy,5,5,0.1,0.95,0.05,default,100,1.0,10,1,1,0,0,0.0012461000005714595,
baseline_1024_986f656c,baseline,train,757,1024,easy,5,5,0.1,0.95,0.05,default,100,3.0,8,1,1,0,0,0.0010847999947145581,
baseline_1024_986f656c,baseline,train,758,1024,easy,5,5,0.1,0.95,0.05,default,100,3.0,8,1,1,0,0,0.0011101000127382576,
baseline_1024_986f656c,baseline,train,759,1024,easy,5,5,0.1,0.95,0.05,default,100,3.0,8,1,1,0,0,0.0011086999875260517,
baseline_1024_986f656c,baseline,train,760,1024,easy,5,5,0.1,0.95,0.05,default,100,3.0,8,1,1,0,0,0.001064700001734309,
baseline_1024_986f656c,baseline,train,761,1024,easy,5,5,0.1,0.95,0.05,default,100,3.0,8,1,1,0,0,0.001089000012143515,
baseline_1024_986f656c,baseline,train,762,1024,easy,5,5,0.1,0.95,0.05,default,100,3.0,8,1,1,0,0,0.0010853999992832541,
baseline_1024_986f656c,baseline,train,763,1024,easy,5,5,0.1,0.95,0.05,default,100,3.0,8,1,1,0,0,0.0010604999988572672,
baseline_1024_986f656c,baseline,train,764,1024,easy,5,5,0.1,0.95,0.05,default,100,3.0,8,1,1,0,0,0.0010681000130716711,
baseline_1024_986f656c,baseline,train,765,1024,easy,5,5,0.1,0.95,0.05,default,100,3.0,8,1,1,0,0,0.0010726000036811456,
baseline_1024_986f656c,baseline,train,766,1024,easy,5,5,0.1,0.95,0.05,default,100,1.0,10,1,1,0,0,0.0012180000048829243,
baseline_1024_986f656c,baseline,train,767,1024,easy,5,5,0.1,0.95,0.05,default,100,3.0,8,1,1,0,0,0.0010254999942844734,
baseline_1024_986f656c,baseline,train,768,1024,easy,5,5,0.1,0.95,0.05,default,100,3.0,8,1,1,0,0,0.001080700007150881,
baseline_1024_986f656c,baseline,train,769,1024,easy,5,5,0.1,0.95,0.05,default,100,3.0,8,1,1,0,0,0.001058599998941645,
baseline_1024_986f656c,baseline,train,770,1024,easy,5,5,0.1,0.95,0.05,default,100,3.0,8,1,1,0,0,0.0010920999920926988,
baseline_1024_986f656c,baseline,train,771,1024,easy,5,5,0.1,0.95,0.05,default,100,3.0,8,1,1,0,0,0.0010612000041874126,
baseline_1024_986f656c,baseline,train,772,1024,easy,5,5,0.1,0.95,0.05,default,100,3.0,8,1,1,0,0,0.001073699997505173,
baseline_1024_986f656c,baseline,train,773,1024,easy,5,5,0.1,0.95,0.05,default,100,3.0,8,1,1,0,0,0.0010676000092644244,
baseline_1024_986f656c,baseline,train,774,1024,easy,5,5,0.1,0.95,0.05,default,100,3.0,8,1,1,0,0,0.0010690000053728,
baseline_1024_986f656c,baseline,train,775,1024,easy,5,5,0.1,0.95,0.05,default,100,3.0,8,1,1,0,0,0.0010833999986061826,
baseline_1024_986f656c,baseline,train,776,1024,easy,5,5,0.1,0.95,0.05,default,100,-14.0,5,0,1,0,1,0.0006661999941570684,
baseline_1024_986f656c,baseline,train,777,1024,easy,5,5,0.1,0.95,0.05,default,100,1.0,10,1,1,0,0,0.0012577000015880913,
baseline_1024_986f656c,baseline,train,778,1024,easy,5,5,0.1,0.95,0.05,default,100,3.0,8,1,1,0,0,0.0011051000037696213,
baseline_1024_986f656c,baseline,train,779,1024,easy,5,5,0.1,0.95,0.05,default,100,3.0,8,1,1,0,0,0.0010748000058811158,
baseline_1024_986f656c,baseline,train,780,1024,easy,5,5,0.1,0.95,0.05,default,100,3.0,8,1,1,0,0,0.0010270999919157475,
baseline_1024_986f656c,baseline,train,781,1024,easy,5,5,0.1,0.95,0.05,default,100,3.0,8,1,1,0,0,0.0011086000013165176,
baseline_1024_986f656c,baseline,train,782,1024,easy,5,5,0.1,0.95,0.05,default,100,3.0,8,1,1,0,0,0.0010207000013906509,
baseline_1024_986f656c,baseline,train,783,1024,easy,5,5,0.1,0.95,0.05,default,100,3.0,8,1,1,0,0,0.0010803000041050836,
baseline_1024_986f656c,baseline,train,784,1024,easy,5,5,0.1,0.95,0.05,default,100,3.0,8,1,1,0,0,0.0010641999979270622,
baseline_1024_986f656c,baseline,train,785,1024,easy,5,5,0.1,0.95,0.05,default,100,3.0,8,1,1,0,0,0.0010701999999582767,
baseline_1024_986f656c,baseline,train,786,1024,easy,5,5,0.1,0.95,0.05,default,100,3.0,8,1,1,0,0,0.0010631999903125688,
baseline_1024_986f656c,baseline,train,787,1024,easy,5,5,0.1,0.95,0.05,default,100,2.0,9,1,1,0,0,0.0011556999961612746,
baseline_1024_986f656c,baseline,train,788,1024,easy,5,5,0.1,0.95,0.05,default,100,3.0,8,1,1,0,0,0.0010670999909052625,
baseline_1024_986f656c,baseline,train,789,1024,easy,5,5,0.1,0.95,0.05,default,100,3.0,8,1,1,0,0,0.0011259000020800158,
baseline_1024_986f656c,baseline,train,790,1024,easy,5,5,0.1,0.95,0.05,default,100,3.0,8,1,1,0,0,0.0010383000044384971,
baseline_1024_986f656c,baseline,train,791,1024,easy,5,5,0.1,0.95,0.05,default,100,3.0,8,1,1,0,0,0.0010191000037593767,
baseline_1024_986f656c,baseline,train,792,1024,easy,5,5,0.1,0.95,0.05,default,100,3.0,8,1,1,0,0,0.0010747999913292006,
baseline_1024_986f656c,baseline,train,793,1024,easy,5,5,0.1,0.95,0.05,default,100,3.0,8,1,1,0,0,0.0010581000096863136,
baseline_1024_986f656c,baseline,train,794,1024,easy,5,5,0.1,0.95,0.05,default,100,3.0,8,1,1,0,0,0.001069999998435378,
baseline_1024_986f656c,baseline,train,795,1024,easy,5,5,0.1,0.95,0.05,default,100,3.0,8,1,1,0,0,0.0010608000011416152,
baseline_1024_986f656c,baseline,train,796,1024,easy,5,5,0.1,0.95,0.05,default,100,3.0,8,1,1,0,0,0.0010716999968281016,
baseline_1024_986f656c,baseline,train,797,1024,easy,5,5,0.1,0.95,0.05,default,100,3.0,8,1,1,0,0,0.0010627000010572374,
baseline_1024_986f656c,baseline,train,798,1024,easy,5,5,0.1,0.95,0.05,default,100,3.0,8,1,1,0,0,0.0010302000009687617,
baseline_1024_986f656c,baseline,train,799,1024,easy,5,5,0.1,0.95,0.05,default,100,3.0,8,1,1,0,0,0.001062900002580136,
baseline_1024_986f656c,baseline,train,800,1024,easy,5,5,0.1,0.95,0.05,default,100,3.0,8,1,1,0,0,0.0010756000119727105,results\baseline\seed_1024\qtable_ep800.npz
baseline_1024_986f656c,baseline,eval,1,1024,easy,5,5,0.1,0.95,0.0,default,100,-100.0,100,0,0,1,0,,
baseline_1024_986f656c,baseline,eval,2,1024,easy,5,5,0.1,0.95,0.0,default,100,-100.0,100,0,0,1,0,,
baseline_1024_986f656c,baseline,eval,3,1024,easy,5,5,0.1,0.95,0.0,default,100,-100.0,100,0,0,1,0,,
baseline_1024_986f656c,baseline,eval,4,1024,easy,5,5,0.1,0.95,0.0,default,100,-100.0,100,0,0,1,0,,
baseline_1024_986f656c,baseline,eval,5,1024,easy,5,5,0.1,0.95,0.0,default,100,-100.0,100,0,0,1,0,,
baseline_1024_986f656c,baseline,eval,6,1024,easy,5,5,0.1,0.95,0.0,default,100,-100.0,100,0,0,1,0,,
baseline_1024_986f656c,baseline,eval,7,1024,easy,5,5,0.1,0.95,0.0,default,100,-100.0,100,0,0,1,0,,
baseline_1024_986f656c,baseline,eval,8,1024,easy,5,5,0.1,0.95,0.0,default,100,-100.0,100,0,0,1,0,,
baseline_1024_986f656c,baseline,eval,9,1024,easy,5,5,0.1,0.95,0.0,default,100,-100.0,100,0,0,1,0,,
baseline_1024_986f656c,baseline,eval,10,1024,easy,5,5,0.1,0.95,0.0,default,100,-100.0,100,0,0,1,0,,
baseline_1024_986f656c,baseline,eval,1,1024,easy,5,5,0.1,0.95,0.0,default,100,-100.0,100,0,0,1,0,,
baseline_1024_986f656c,baseline,eval,2,1024,easy,5,5,0.1,0.95,0.0,default,100,-100.0,100,0,0,1,0,,
baseline_1024_986f656c,baseline,eval,3,1024,easy,5,5,0.1,0.95,0.0,default,100,-100.0,100,0,0,1,0,,
baseline_1024_986f656c,baseline,eval,4,1024,easy,5,5,0.1,0.95,0.0,default,100,-100.0,100,0,0,1,0,,
baseline_1024_986f656c,baseline,eval,5,1024,easy,5,5,0.1,0.95,0.0,default,100,-100.0,100,0,0,1,0,,
baseline_1024_986f656c,baseline,eval,6,1024,easy,5,5,0.1,0.95,0.0,default,100,-100.0,100,0,0,1,0,,
baseline_1024_986f656c,baseline,eval,7,1024,easy,5,5,0.1,0.95,0.0,default,100,-100.0,100,0,0,1,0,,
baseline_1024_986f656c,baseline,eval,8,1024,easy,5,5,0.1,0.95,0.0,default,100,-100.0,100,0,0,1,0,,
baseline_1024_986f656c,baseline,eval,9,1024,easy,5,5,0.1,0.95,0.0,default,100,-100.0,100,0,0,1,0,,
baseline_1024_986f656c,baseline,eval,10,1024,easy,5,5,0.1,0.95,0.0,default,100,-100.0,100,0,0,1,0,,
baseline_1024_986f656c,baseline,eval,1,1024,easy,5,5,0.1,0.95,0.0,default,100,-100.0,100,0,0,1,0,,
baseline_1024_986f656c,baseline,eval,2,1024,easy,5,5,0.1,0.95,0.0,default,100,-100.0,100,0,0,1,0,,
baseline_1024_986f656c,baseline,eval,3,1024,easy,5,5,0.1,0.95,0.0,default,100,-100.0,100,0,0,1,0,,
baseline_1024_986f656c,baseline,eval,4,1024,easy,5,5,0.1,0.95,0.0,default,100,-100.0,100,0,0,1,0,,
baseline_1024_986f656c,baseline,eval,5,1024,easy,5,5,0.1,0.95,0.0,default,100,-100.0,100,0,0,1,0,,
baseline_1024_986f656c,baseline,eval,6,1024,easy,5,5,0.1,0.95,0.0,default,100,-100.0,100,0,0,1,0,,
baseline_1024_986f656c,baseline,eval,7,1024,easy,5,5,0.1,0.95,0.0,default,100,-100.0,100,0,0,1,0,,
baseline_1024_986f656c,baseline,eval,8,1024,easy,5,5,0.1,0.95,0.0,default,100,-100.0,100,0,0,1,0,,
baseline_1024_986f656c,baseline,eval,9,1024,easy,5,5,0.1,0.95,0.0,default,100,-100.0,100,0,0,1,0,,
baseline_1024_986f656c,baseline,eval,10,1024,easy,5,5,0.1,0.95,0.0,default,100,-100.0,100,0,0,1,0,,
baseline_1024_986f656c,baseline,eval,1,1024,easy,5,5,0.1,0.95,0.0,default,100,-100.0,100,0,0,1,0,,
baseline_1024_986f656c,baseline,eval,2,1024,easy,5,5,0.1,0.95,0.0,default,100,-100.0,100,0,0,1,0,,
baseline_1024_986f656c,baseline,eval,3,1024,easy,5,5,0.1,0.95,0.0,default,100,-100.0,100,0,0,1,0,,
baseline_1024_986f656c,baseline,eval,4,1024,easy,5,5,0.1,0.95,0.0,default,100,-100.0,100,0,0,1,0,,
baseline_1024_986f656c,baseline,eval,5,1024,easy,5,5,0.1,0.95,0.0,default,100,-100.0,100,0,0,1,0,,
baseline_1024_986f656c,baseline,eval,6,1024,easy,5,5,0.1,0.95,0.0,default,100,-100.0,100,0,0,1,0,,
baseline_1024_986f656c,baseline,eval,7,1024,easy,5,5,0.1,0.95,0.0,default,100,-100.0,100,0,0,1,0,,
baseline_1024_986f656c,baseline,eval,8,1024,easy,5,5,0.1,0.95,0.0,default,100,-100.0,100,0,0,1,0,,
baseline_1024_986f656c,baseline,eval,9,1024,easy,5,5,0.1,0.95,0.0,default,100,-100.0,100,0,0,1,0,,
baseline_1024_986f656c,baseline,eval,10,1024,easy,5,5,0.1,0.95,0.0,default,100,-100.0,100,0,0,1,0,,
baseline_1024_986f656c,baseline,eval,1,1024,easy,5,5,0.1,0.95,0.0,default,100,3.0,8,1,1,0,0,,
baseline_1024_986f656c,baseline,eval,2,1024,easy,5,5,0.1,0.95,0.0,default,100,3.0,8,1,1,0,0,,
baseline_1024_986f656c,baseline,eval,3,1024,easy,5,5,0.1,0.95,0.0,default,100,3.0,8,1,1,0,0,,
baseline_1024_986f656c,baseline,eval,4,1024,easy,5,5,0.1,0.95,0.0,default,100,3.0,8,1,1,0,0,,
baseline_1024_986f656c,baseline,eval,5,1024,easy,5,5,0.1,0.95,0.0,default,100,3.0,8,1,1,0,0,,
baseline_1024_986f656c,baseline,eval,6,1024,easy,5,5,0.1,0.95,0.0,default,100,3.0,8,1,1,0,0,,
baseline_1024_986f656c,baseline,eval,7,1024,easy,5,5,0.1,0.95,0.0,default,100,3.0,8,1,1,0,0,,
baseline_1024_986f656c,baseline,eval,8,1024,easy,5,5,0.1,0.95,0.0,default,100,3.0,8,1,1,0,0,,
baseline_1024_986f656c,baseline,eval,9,1024,easy,5,5,0.1,0.95,0.0,default,100,3.0,8,1,1,0,0,,
baseline_1024_986f656c,baseline,eval,10,1024,easy,5,5,0.1,0.95,0.0,default,100,3.0,8,1,1,0,0,,
baseline_1024_986f656c,baseline,eval,1,1024,easy,5,5,0.1,0.95,0.0,default,100,3.0,8,1,1,0,0,,
baseline_1024_986f656c,baseline,eval,2,1024,easy,5,5,0.1,0.95,0.0,default,100,3.0,8,1,1,0,0,,
baseline_1024_986f656c,baseline,eval,3,1024,easy,5,5,0.1,0.95,0.0,default,100,3.0,8,1,1,0,0,,
baseline_1024_986f656c,baseline,eval,4,1024,easy,5,5,0.1,0.95,0.0,default,100,3.0,8,1,1,0,0,,
baseline_1024_986f656c,baseline,eval,5,1024,easy,5,5,0.1,0.95,0.0,default,100,3.0,8,1,1,0,0,,
baseline_1024_986f656c,baseline,eval,6,1024,easy,5,5,0.1,0.95,0.0,default,100,3.0,8,1,1,0,0,,
baseline_1024_986f656c,baseline,eval,7,1024,easy,5,5,0.1,0.95,0.0,default,100,3.0,8,1,1,0,0,,
baseline_1024_986f656c,baseline,eval,8,1024,easy,5,5,0.1,0.95,0.0,default,100,3.0,8,1,1,0,0,,
baseline_1024_986f656c,baseline,eval,9,1024,easy,5,5,0.1,0.95,0.0,default,100,3.0,8,1,1,0,0,,
baseline_1024_986f656c,baseline,eval,10,1024,easy,5,5,0.1,0.95,0.0,default,100,3.0,8,1,1,0,0,,
baseline_1024_986f656c,baseline,eval,1,1024,easy,5,5,0.1,0.95,0.0,default,100,3.0,8,1,1,0,0,,
baseline_1024_986f656c,baseline,eval,2,1024,easy,5,5,0.1,0.95,0.0,default,100,3.0,8,1,1,0,0,,
baseline_1024_986f656c,baseline,eval,3,1024,easy,5,5,0.1,0.95,0.0,default,100,3.0,8,1,1,0,0,,
baseline_1024_986f656c,baseline,eval,4,1024,easy,5,5,0.1,0.95,0.0,default,100,3.0,8,1,1,0,0,,
baseline_1024_986f656c,baseline,eval,5,1024,easy,5,5,0.1,0.95,0.0,default,100,3.0,8,1,1,0,0,,
baseline_1024_986f656c,baseline,eval,6,1024,easy,5,5,0.1,0.95,0.0,default,100,3.0,8,1,1,0,0,,
baseline_1024_986f656c,baseline,eval,7,1024,easy,5,5,0.1,0.95,0.0,default,100,3.0,8,1,1,0,0,,
baseline_1024_986f656c,baseline,eval,8,1024,easy,5,5,0.1,0.95,0.0,default,100,3.0,8,1,1,0,0,,
baseline_1024_986f656c,baseline,eval,9,1024,easy,5,5,0.1,0.95,0.0,default,100,3.0,8,1,1,0,0,,
baseline_1024_986f656c,baseline,eval,10,1024,easy,5,5,0.1,0.95,0.0,default,100,3.0,8,1,1,0,0,,
baseline_1024_986f656c,baseline,eval,1,1024,easy,5,5,0.1,0.95,0.0,default,100,3.0,8,1,1,0,0,,
baseline_1024_986f656c,baseline,eval,2,1024,easy,5,5,0.1,0.95,0.0,default,100,3.0,8,1,1,0,0,,
baseline_1024_986f656c,baseline,eval,3,1024,easy,5,5,0.1,0.95,0.0,default,100,3.0,8,1,1,0,0,,
baseline_1024_986f656c,baseline,eval,4,1024,easy,5,5,0.1,0.95,0.0,default,100,3.0,8,1,1,0,0,,
baseline_1024_986f656c,baseline,eval,5,1024,easy,5,5,0.1,0.95,0.0,default,100,3.0,8,1,1,0,0,,
baseline_1024_986f656c,baseline,eval,6,1024,easy,5,5,0.1,0.95,0.0,default,100,3.0,8,1,1,0,0,,
baseline_1024_986f656c,baseline,eval,7,1024,easy,5,5,0.1,0.95,0.0,default,100,3.0,8,1,1,0,0,,
baseline_1024_986f656c,baseline,eval,8,1024,easy,5,5,0.1,0.95,0.0,default,100,3.0,8,1,1,0,0,,
baseline_1024_986f656c,baseline,eval,9,1024,easy,5,5,0.1,0.95,0.0,default,100,3.0,8,1,1,0,0,,
baseline_1024_986f656c,baseline,eval,10,1024,easy,5,5,0.1,0.95,0.0,default,100,3.0,8,1,1,0,0,,
baseline_1024_986f656c,baseline,eval,1,1024,easy,5,5,0.1,0.95,0.0,default,100,3.0,8,1,1,0,0,,
baseline_1024_986f656c,baseline,eval,2,1024,easy,5,5,0.1,0.95,0.0,default,100,3.0,8,1,1,0,0,,
baseline_1024_986f656c,baseline,eval,3,1024,easy,5,5,0.1,0.95,0.0,default,100,3.0,8,1,1,0,0,,
baseline_1024_986f656c,baseline,eval,4,1024,easy,5,5,0.1,0.95,0.0,default,100,3.0,8,1,1,0,0,,
baseline_1024_986f656c,baseline,eval,5,1024,easy,5,5,0.1,0.95,0.0,default,100,3.0,8,1,1,0,0,,
baseline_1024_986f656c,baseline,eval,6,1024,easy,5,5,0.1,0.95,0.0,default,100,3.0,8,1,1,0,0,,
baseline_1024_986f656c,baseline,eval,7,1024,easy,5,5,0.1,0.95,0.0,default,100,3.0,8,1,1,0,0,,
baseline_1024_986f656c,baseline,eval,8,1024,easy,5,5,0.1,0.95,0.0,default,100,3.0,8,1,1,0,0,,
baseline_1024_986f656c,baseline,eval,9,1024,easy,5,5,0.1,0.95,0.0,default,100,3.0,8,1,1,0,0,,
baseline_1024_986f656c,baseline,eval,10,1024,easy,5,5,0.1,0.95,0.0,default,100,3.0,8,1,1,0,0,,
baseline_1024_986f656c,baseline,eval,1,1024,easy,5,5,0.1,0.95,0.0,default,100,3.0,8,1,1,0,0,,
baseline_1024_986f656c,baseline,eval,2,1024,easy,5,5,0.1,0.95,0.0,default,100,3.0,8,1,1,0,0,,
baseline_1024_986f656c,baseline,eval,3,1024,easy,5,5,0.1,0.95,0.0,default,100,3.0,8,1,1,0,0,,
baseline_1024_986f656c,baseline,eval,4,1024,easy,5,5,0.1,0.95,0.0,default,100,3.0,8,1,1,0,0,,
baseline_1024_986f656c,baseline,eval,5,1024,easy,5,5,0.1,0.95,0.0,default,100,3.0,8,1,1,0,0,,
baseline_1024_986f656c,baseline,eval,6,1024,easy,5,5,0.1,0.95,0.0,default,100,3.0,8,1,1,0,0,,
baseline_1024_986f656c,baseline,eval,7,1024,easy,5,5,0.1,0.95,0.0,default,100,3.0,8,1,1,0,0,,
baseline_1024_986f656c,baseline,eval,8,1024,easy,5,5,0.1,0.95,0.0,default,100,3.0,8,1,1,0,0,,
baseline_1024_986f656c,baseline,eval,9,1024,easy,5,5,0.1,0.95,0.0,default,100,3.0,8,1,1,0,0,,
baseline_1024_986f656c,baseline,eval,10,1024,easy,5,5,0.1,0.95,0.0,default,100,3.0,8,1,1,0,0,,
baseline_1024_986f656c,baseline,eval,1,1024,easy,5,5,0.1,0.95,0.0,default,100,3.0,8,1,1,0,0,,
baseline_1024_986f656c,baseline,eval,2,1024,easy,5,5,0.1,0.95,0.0,default,100,3.0,8,1,1,0,0,,
baseline_1024_986f656c,baseline,eval,3,1024,easy,5,5,0.1,0.95,0.0,default,100,3.0,8,1,1,0,0,,
baseline_1024_986f656c,baseline,eval,4,1024,easy,5,5,0.1,0.95,0.0,default,100,3.0,8,1,1,0,0,,
baseline_1024_986f656c,baseline,eval,5,1024,easy,5,5,0.1,0.95,0.0,default,100,3.0,8,1,1,0,0,,
baseline_1024_986f656c,baseline,eval,6,1024,easy,5,5,0.1,0.95,0.0,default,100,3.0,8,1,1,0,0,,
baseline_1024_986f656c,baseline,eval,7,1024,easy,5,5,0.1,0.95,0.0,default,100,3.0,8,1,1,0,0,,
baseline_1024_986f656c,baseline,eval,8,1024,easy,5,5,0.1,0.95,0.0,default,100,3.0,8,1,1,0,0,,
baseline_1024_986f656c,baseline,eval,9,1024,easy,5,5,0.1,0.95,0.0,default,100,3.0,8,1,1,0,0,,
baseline_1024_986f656c,baseline,eval,10,1024,easy,5,5,0.1,0.95,0.0,default,100,3.0,8,1,1,0,0,,
baseline_1024_986f656c,baseline,eval,1,1024,easy,5,5,0.1,0.95,0.0,default,100,3.0,8,1,1,0,0,,
baseline_1024_986f656c,baseline,eval,2,1024,easy,5,5,0.1,0.95,0.0,default,100,3.0,8,1,1,0,0,,
baseline_1024_986f656c,baseline,eval,3,1024,easy,5,5,0.1,0.95,0.0,default,100,3.0,8,1,1,0,0,,
baseline_1024_986f656c,baseline,eval,4,1024,easy,5,5,0.1,0.95,0.0,default,100,3.0,8,1,1,0,0,,
baseline_1024_986f656c,baseline,eval,5,1024,easy,5,5,0.1,0.95,0.0,default,100,3.0,8,1,1,0,0,,
baseline_1024_986f656c,baseline,eval,6,1024,easy,5,5,0.1,0.95,0.0,default,100,3.0,8,1,1,0,0,,
baseline_1024_986f656c,baseline,eval,7,1024,easy,5,5,0.1,0.95,0.0,default,100,3.0,8,1,1,0,0,,
baseline_1024_986f656c,baseline,eval,8,1024,easy,5,5,0.1,0.95,0.0,default,100,3.0,8,1,1,0,0,,
baseline_1024_986f656c,baseline,eval,9,1024,easy,5,5,0.1,0.95,0.0,default,100,3.0,8,1,1,0,0,,
baseline_1024_986f656c,baseline,eval,10,1024,easy,5,5,0.1,0.95,0.0,default,100,3.0,8,1,1,0,0,,
baseline_1024_986f656c,baseline,eval,1,1024,easy,5,5,0.1,0.95,0.0,default,100,3.0,8,1,1,0,0,,
baseline_1024_986f656c,baseline,eval,2,1024,easy,5,5,0.1,0.95,0.0,default,100,3.0,8,1,1,0,0,,
baseline_1024_986f656c,baseline,eval,3,1024,easy,5,5,0.1,0.95,0.0,default,100,3.0,8,1,1,0,0,,
baseline_1024_986f656c,baseline,eval,4,1024,easy,5,5,0.1,0.95,0.0,default,100,3.0,8,1,1,0,0,,
baseline_1024_986f656c,baseline,eval,5,1024,easy,5,5,0.1,0.95,0.0,default,100,3.0,8,1,1,0,0,,
baseline_1024_986f656c,baseline,eval,6,1024,easy,5,5,0.1,0.95,0.0,default,100,3.0,8,1,1,0,0,,
baseline_1024_986f656c,baseline,eval,7,1024,easy,5,5,0.1,0.95,0.0,default,100,3.0,8,1,1,0,0,,
baseline_1024_986f656c,baseline,eval,8,1024,easy,5,5,0.1,0.95,0.0,default,100,3.0,8,1,1,0,0,,
baseline_1024_986f656c,baseline,eval,9,1024,easy,5,5,0.1,0.95,0.0,default,100,3.0,8,1,1,0,0,,
baseline_1024_986f656c,baseline,eval,10,1024,easy,5,5,0.1,0.95,0.0,default,100,3.0,8,1,1,0,0,,
baseline_1024_986f656c,baseline,eval,1,1024,easy,5,5,0.1,0.95,0.0,default,100,3.0,8,1,1,0,0,,
baseline_1024_986f656c,baseline,eval,2,1024,easy,5,5,0.1,0.95,0.0,default,100,3.0,8,1,1,0,0,,
baseline_1024_986f656c,baseline,eval,3,1024,easy,5,5,0.1,0.95,0.0,default,100,3.0,8,1,1,0,0,,
baseline_1024_986f656c,baseline,eval,4,1024,easy,5,5,0.1,0.95,0.0,default,100,3.0,8,1,1,0,0,,
baseline_1024_986f656c,baseline,eval,5,1024,easy,5,5,0.1,0.95,0.0,default,100,3.0,8,1,1,0,0,,
baseline_1024_986f656c,baseline,eval,6,1024,easy,5,5,0.1,0.95,0.0,default,100,3.0,8,1,1,0,0,,
baseline_1024_986f656c,baseline,eval,7,1024,easy,5,5,0.1,0.95,0.0,default,100,3.0,8,1,1,0,0,,
baseline_1024_986f656c,baseline,eval,8,1024,easy,5,5,0.1,0.95,0.0,default,100,3.0,8,1,1,0,0,,
baseline_1024_986f656c,baseline,eval,9,1024,easy,5,5,0.1,0.95,0.0,default,100,3.0,8,1,1,0,0,,
baseline_1024_986f656c,baseline,eval,10,1024,easy,5,5,0.1,0.95,0.0,default,100,3.0,8,1,1,0,0,,
baseline_1024_986f656c,baseline,eval,1,1024,easy,5,5,0.1,0.95,0.0,default,100,3.0,8,1,1,0,0,,
baseline_1024_986f656c,baseline,eval,2,1024,easy,5,5,0.1,0.95,0.0,default,100,3.0,8,1,1,0,0,,
baseline_1024_986f656c,baseline,eval,3,1024,easy,5,5,0.1,0.95,0.0,default,100,3.0,8,1,1,0,0,,
baseline_1024_986f656c,baseline,eval,4,1024,easy,5,5,0.1,0.95,0.0,default,100,3.0,8,1,1,0,0,,
baseline_1024_986f656c,baseline,eval,5,1024,easy,5,5,0.1,0.95,0.0,default,100,3.0,8,1,1,0,0,,
baseline_1024_986f656c,baseline,eval,6,1024,easy,5,5,0.1,0.95,0.0,default,100,3.0,8,1,1,0,0,,
baseline_1024_986f656c,baseline,eval,7,1024,easy,5,5,0.1,0.95,0.0,default,100,3.0,8,1,1,0,0,,
baseline_1024_986f656c,baseline,eval,8,1024,easy,5,5,0.1,0.95,0.0,default,100,3.0,8,1,1,0,0,,
baseline_1024_986f656c,baseline,eval,9,1024,easy,5,5,0.1,0.95,0.0,default,100,3.0,8,1,1,0,0,,
baseline_1024_986f656c,baseline,eval,10,1024,easy,5,5,0.1,0.95,0.0,default,100,3.0,8,1,1,0,0,,
baseline_1024_986f656c,baseline,eval,1,1024,easy,5,5,0.1,0.95,0.0,default,100,3.0,8,1,1,0,0,,
baseline_1024_986f656c,baseline,eval,2,1024,easy,5,5,0.1,0.95,0.0,default,100,3.0,8,1,1,0,0,,
baseline_1024_986f656c,baseline,eval,3,1024,easy,5,5,0.1,0.95,0.0,default,100,3.0,8,1,1,0,0,,
baseline_1024_986f656c,baseline,eval,4,1024,easy,5,5,0.1,0.95,0.0,default,100,3.0,8,1,1,0,0,,
baseline_1024_986f656c,baseline,eval,5,1024,easy,5,5,0.1,0.95,0.0,default,100,3.0,8,1,1,0,0,,
baseline_1024_986f656c,baseline,eval,6,1024,easy,5,5,0.1,0.95,0.0,default,100,3.0,8,1,1,0,0,,
baseline_1024_986f656c,baseline,eval,7,1024,easy,5,5,0.1,0.95,0.0,default,100,3.0,8,1,1,0,0,,
baseline_1024_986f656c,baseline,eval,8,1024,easy,5,5,0.1,0.95,0.0,default,100,3.0,8,1,1,0,0,,
baseline_1024_986f656c,baseline,eval,9,1024,easy,5,5,0.1,0.95,0.0,default,100,3.0,8,1,1,0,0,,
baseline_1024_986f656c,baseline,eval,10,1024,easy,5,5,0.1,0.95,0.0,default,100,3.0,8,1,1,0,0,,
baseline_1024_986f656c,baseline,eval,1,1024,easy,5,5,0.1,0.95,0.0,default,100,3.0,8,1,1,0,0,,
baseline_1024_986f656c,baseline,eval,2,1024,easy,5,5,0.1,0.95,0.0,default,100,3.0,8,1,1,0,0,,
baseline_1024_986f656c,baseline,eval,3,1024,easy,5,5,0.1,0.95,0.0,default,100,3.0,8,1,1,0,0,,
baseline_1024_986f656c,baseline,eval,4,1024,easy,5,5,0.1,0.95,0.0,default,100,3.0,8,1,1,0,0,,
baseline_1024_986f656c,baseline,eval,5,1024,easy,5,5,0.1,0.95,0.0,default,100,3.0,8,1,1,0,0,,
baseline_1024_986f656c,baseline,eval,6,1024,easy,5,5,0.1,0.95,0.0,default,100,3.0,8,1,1,0,0,,
baseline_1024_986f656c,baseline,eval,7,1024,easy,5,5,0.1,0.95,0.0,default,100,3.0,8,1,1,0,0,,
baseline_1024_986f656c,baseline,eval,8,1024,easy,5,5,0.1,0.95,0.0,default,100,3.0,8,1,1,0,0,,
baseline_1024_986f656c,baseline,eval,9,1024,easy,5,5,0.1,0.95,0.0,default,100,3.0,8,1,1,0,0,,
baseline_1024_986f656c,baseline,eval,10,1024,easy,5,5,0.1,0.95,0.0,default,100,3.0,8,1,1,0,0,,
baseline_1024_986f656c,baseline,eval,1,1024,easy,5,5,0.1,0.95,0.0,default,100,3.0,8,1,1,0,0,,
baseline_1024_986f656c,baseline,eval,2,1024,easy,5,5,0.1,0.95,0.0,default,100,3.0,8,1,1,0,0,,
baseline_1024_986f656c,baseline,eval,3,1024,easy,5,5,0.1,0.95,0.0,default,100,3.0,8,1,1,0,0,,
baseline_1024_986f656c,baseline,eval,4,1024,easy,5,5,0.1,0.95,0.0,default,100,3.0,8,1,1,0,0,,
baseline_1024_986f656c,baseline,eval,5,1024,easy,5,5,0.1,0.95,0.0,default,100,3.0,8,1,1,0,0,,
baseline_1024_986f656c,baseline,eval,6,1024,easy,5,5,0.1,0.95,0.0,default,100,3.0,8,1,1,0,0,,
baseline_1024_986f656c,baseline,eval,7,1024,easy,5,5,0.1,0.95,0.0,default,100,3.0,8,1,1,0,0,,
baseline_1024_986f656c,baseline,eval,8,1024,easy,5,5,0.1,0.95,0.0,default,100,3.0,8,1,1,0,0,,
baseline_1024_986f656c,baseline,eval,9,1024,easy,5,5,0.1,0.95,0.0,default,100,3.0,8,1,1,0,0,,
baseline_1024_986f656c,baseline,eval,10,1024,easy,5,5,0.1,0.95,0.0,default,100,3.0,8,1,1,0,0,,
baseline_1024_986f656c,baseline,eval,1,1024,easy,5,5,0.1,0.95,0.0,default,100,3.0,8,1,1,0,0,,
baseline_1024_986f656c,baseline,eval,2,1024,easy,5,5,0.1,0.95,0.0,default,100,3.0,8,1,1,0,0,,
baseline_1024_986f656c,baseline,eval,3,1024,easy,5,5,0.1,0.95,0.0,default,100,3.0,8,1,1,0,0,,
baseline_1024_986f656c,baseline,eval,4,1024,easy,5,5,0.1,0.95,0.0,default,100,3.0,8,1,1,0,0,,
baseline_1024_986f656c,baseline,eval,5,1024,easy,5,5,0.1,0.95,0.0,default,100,3.0,8,1,1,0,0,,
baseline_1024_986f656c,baseline,eval,6,1024,easy,5,5,0.1,0.95,0.0,default,100,3.0,8,1,1,0,0,,
baseline_1024_986f656c,baseline,eval,7,1024,easy,5,5,0.1,0.95,0.0,default,100,3.0,8,1,1,0,0,,
baseline_1024_986f656c,baseline,eval,8,1024,easy,5,5,0.1,0.95,0.0,default,100,3.0,8,1,1,0,0,,
baseline_1024_986f656c,baseline,eval,9,1024,easy,5,5,0.1,0.95,0.0,default,100,3.0,8,1,1,0,0,,
baseline_1024_986f656c,baseline,eval,10,1024,easy,5,5,0.1,0.95,0.0,default,100,3.0,8,1,1,0,0,,
baseline_1024_986f656c,baseline,eval,1,1024,easy,5,5,0.1,0.95,0.0,default,100,3.0,8,1,1,0,0,,
baseline_1024_986f656c,baseline,eval,2,1024,easy,5,5,0.1,0.95,0.0,default,100,3.0,8,1,1,0,0,,
baseline_1024_986f656c,baseline,eval,3,1024,easy,5,5,0.1,0.95,0.0,default,100,3.0,8,1,1,0,0,,
baseline_1024_986f656c,baseline,eval,4,1024,easy,5,5,0.1,0.95,0.0,default,100,3.0,8,1,1,0,0,,
baseline_1024_986f656c,baseline,eval,5,1024,easy,5,5,0.1,0.95,0.0,default,100,3.0,8,1,1,0,0,,
baseline_1024_986f656c,baseline,eval,6,1024,easy,5,5,0.1,0.95,0.0,default,100,3.0,8,1,1,0,0,,
baseline_1024_986f656c,baseline,eval,7,1024,easy,5,5,0.1,0.95,0.0,default,100,3.0,8,1,1,0,0,,
baseline_1024_986f656c,baseline,eval,8,1024,easy,5,5,0.1,0.95,0.0,default,100,3.0,8,1,1,0,0,,
baseline_1024_986f656c,baseline,eval,9,1024,easy,5,5,0.1,0.95,0.0,default,100,3.0,8,1,1,0,0,,
baseline_1024_986f656c,baseline,eval,10,1024,easy,5,5,0.1,0.95,0.0,default,100,3.0,8,1,1,0,0,,
baseline_1024_986f656c,baseline,eval,1,1024,easy,5,5,0.1,0.95,0.0,default,100,3.0,8,1,1,0,0,,
baseline_1024_986f656c,baseline,eval,2,1024,easy,5,5,0.1,0.95,0.0,default,100,3.0,8,1,1,0,0,,
baseline_1024_986f656c,baseline,eval,3,1024,easy,5,5,0.1,0.95,0.0,default,100,3.0,8,1,1,0,0,,
baseline_1024_986f656c,baseline,eval,4,1024,easy,5,5,0.1,0.95,0.0,default,100,3.0,8,1,1,0,0,,
baseline_1024_986f656c,baseline,eval,5,1024,easy,5,5,0.1,0.95,0.0,default,100,3.0,8,1,1,0,0,,
baseline_1024_986f656c,baseline,eval,6,1024,easy,5,5,0.1,0.95,0.0,default,100,3.0,8,1,1,0,0,,
baseline_1024_986f656c,baseline,eval,7,1024,easy,5,5,0.1,0.95,0.0,default,100,3.0,8,1,1,0,0,,
baseline_1024_986f656c,baseline,eval,8,1024,easy,5,5,0.1,0.95,0.0,default,100,3.0,8,1,1,0,0,,
baseline_1024_986f656c,baseline,eval,9,1024,easy,5,5,0.1,0.95,0.0,default,100,3.0,8,1,1,0,0,,
baseline_1024_986f656c,baseline,eval,10,1024,easy,5,5,0.1,0.95,0.0,default,100,3.0,8,1,1,0,0,,
baseline_1024_986f656c,baseline,eval,1,1024,easy,5,5,0.1,0.95,0.0,default,100,3.0,8,1,1,0,0,,
baseline_1024_986f656c,baseline,eval,2,1024,easy,5,5,0.1,0.95,0.0,default,100,3.0,8,1,1,0,0,,
baseline_1024_986f656c,baseline,eval,3,1024,easy,5,5,0.1,0.95,0.0,default,100,3.0,8,1,1,0,0,,
baseline_1024_986f656c,baseline,eval,4,1024,easy,5,5,0.1,0.95,0.0,default,100,3.0,8,1,1,0,0,,
baseline_1024_986f656c,baseline,eval,5,1024,easy,5,5,0.1,0.95,0.0,default,100,3.0,8,1,1,0,0,,
baseline_1024_986f656c,baseline,eval,6,1024,easy,5,5,0.1,0.95,0.0,default,100,3.0,8,1,1,0,0,,
baseline_1024_986f656c,baseline,eval,7,1024,easy,5,5,0.1,0.95,0.0,default,100,3.0,8,1,1,0,0,,
baseline_1024_986f656c,baseline,eval,8,1024,easy,5,5,0.1,0.95,0.0,default,100,3.0,8,1,1,0,0,,
baseline_1024_986f656c,baseline,eval,9,1024,easy,5,5,0.1,0.95,0.0,default,100,3.0,8,1,1,0,0,,
baseline_1024_986f656c,baseline,eval,10,1024,easy,5,5,0.1,0.95,0.0,default,100,3.0,8,1,1,0,0,,
baseline_1024_986f656c,baseline,eval,1,1024,easy,5,5,0.1,0.95,0.0,default,100,3.0,8,1,1,0,0,,
baseline_1024_986f656c,baseline,eval,2,1024,easy,5,5,0.1,0.95,0.0,default,100,3.0,8,1,1,0,0,,
baseline_1024_986f656c,baseline,eval,3,1024,easy,5,5,0.1,0.95,0.0,default,100,3.0,8,1,1,0,0,,
baseline_1024_986f656c,baseline,eval,4,1024,easy,5,5,0.1,0.95,0.0,default,100,3.0,8,1,1,0,0,,
baseline_1024_986f656c,baseline,eval,5,1024,easy,5,5,0.1,0.95,0.0,default,100,3.0,8,1,1,0,0,,
baseline_1024_986f656c,baseline,eval,6,1024,easy,5,5,0.1,0.95,0.0,default,100,3.0,8,1,1,0,0,,
baseline_1024_986f656c,baseline,eval,7,1024,easy,5,5,0.1,0.95,0.0,default,100,3.0,8,1,1,0,0,,
baseline_1024_986f656c,baseline,eval,8,1024,easy,5,5,0.1,0.95,0.0,default,100,3.0,8,1,1,0,0,,
baseline_1024_986f656c,baseline,eval,9,1024,easy,5,5,0.1,0.95,0.0,default,100,3.0,8,1,1,0,0,,
baseline_1024_986f656c,baseline,eval,10,1024,easy,5,5,0.1,0.95,0.0,default,100,3.0,8,1,1,0,0,,
baseline_1024_986f656c,baseline,eval,1,1024,easy,5,5,0.1,0.95,0.0,default,100,3.0,8,1,1,0,0,,
baseline_1024_986f656c,baseline,eval,2,1024,easy,5,5,0.1,0.95,0.0,default,100,3.0,8,1,1,0,0,,
baseline_1024_986f656c,baseline,eval,3,1024,easy,5,5,0.1,0.95,0.0,default,100,3.0,8,1,1,0,0,,
baseline_1024_986f656c,baseline,eval,4,1024,easy,5,5,0.1,0.95,0.0,default,100,3.0,8,1,1,0,0,,
baseline_1024_986f656c,baseline,eval,5,1024,easy,5,5,0.1,0.95,0.0,default,100,3.0,8,1,1,0,0,,
baseline_1024_986f656c,baseline,eval,6,1024,easy,5,5,0.1,0.95,0.0,default,100,3.0,8,1,1,0,0,,
baseline_1024_986f656c,baseline,eval,7,1024,easy,5,5,0.1,0.95,0.0,default,100,3.0,8,1,1,0,0,,
baseline_1024_986f656c,baseline,eval,8,1024,easy,5,5,0.1,0.95,0.0,default,100,3.0,8,1,1,0,0,,
baseline_1024_986f656c,baseline,eval,9,1024,easy,5,5,0.1,0.95,0.0,default,100,3.0,8,1,1,0,0,,
baseline_1024_986f656c,baseline,eval,10,1024,easy,5,5,0.1,0.95,0.0,default,100,3.0,8,1,1,0,0,,
baseline_1024_986f656c,baseline,eval,1,1024,easy,5,5,0.1,0.95,0.0,default,100,3.0,8,1,1,0,0,,
baseline_1024_986f656c,baseline,eval,2,1024,easy,5,5,0.1,0.95,0.0,default,100,3.0,8,1,1,0,0,,
baseline_1024_986f656c,baseline,eval,3,1024,easy,5,5,0.1,0.95,0.0,default,100,3.0,8,1,1,0,0,,
baseline_1024_986f656c,baseline,eval,4,1024,easy,5,5,0.1,0.95,0.0,default,100,3.0,8,1,1,0,0,,
baseline_1024_986f656c,baseline,eval,5,1024,easy,5,5,0.1,0.95,0.0,default,100,3.0,8,1,1,0,0,,
baseline_1024_986f656c,baseline,eval,6,1024,easy,5,5,0.1,0.95,0.0,default,100,3.0,8,1,1,0,0,,
baseline_1024_986f656c,baseline,eval,7,1024,easy,5,5,0.1,0.95,0.0,default,100,3.0,8,1,1,0,0,,
baseline_1024_986f656c,baseline,eval,8,1024,easy,5,5,0.1,0.95,0.0,default,100,3.0,8,1,1,0,0,,
baseline_1024_986f656c,baseline,eval,9,1024,easy,5,5,0.1,0.95,0.0,default,100,3.0,8,1,1,0,0,,
baseline_1024_986f656c,baseline,eval,10,1024,easy,5,5,0.1,0.95,0.0,default,100,3.0,8,1,1,0,0,,
baseline_1024_986f656c,baseline,eval,1,1024,easy,5,5,0.1,0.95,0.0,default,100,3.0,8,1,1,0,0,,
baseline_1024_986f656c,baseline,eval,2,1024,easy,5,5,0.1,0.95,0.0,default,100,3.0,8,1,1,0,0,,
baseline_1024_986f656c,baseline,eval,3,1024,easy,5,5,0.1,0.95,0.0,default,100,3.0,8,1,1,0,0,,
baseline_1024_986f656c,baseline,eval,4,1024,easy,5,5,0.1,0.95,0.0,default,100,3.0,8,1,1,0,0,,
baseline_1024_986f656c,baseline,eval,5,1024,easy,5,5,0.1,0.95,0.0,default,100,3.0,8,1,1,0,0,,
baseline_1024_986f656c,baseline,eval,6,1024,easy,5,5,0.1,0.95,0.0,default,100,3.0,8,1,1,0,0,,
baseline_1024_986f656c,baseline,eval,7,1024,easy,5,5,0.1,0.95,0.0,default,100,3.0,8,1,1,0,0,,
baseline_1024_986f656c,baseline,eval,8,1024,easy,5,5,0.1,0.95,0.0,default,100,3.0,8,1,1,0,0,,
baseline_1024_986f656c,baseline,eval,9,1024,easy,5,5,0.1,0.95,0.0,default,100,3.0,8,1,1,0,0,,
baseline_1024_986f656c,baseline,eval,10,1024,easy,5,5,0.1,0.95,0.0,default,100,3.0,8,1,1,0,0,,
baseline_1024_986f656c,baseline,eval,1,1024,easy,5,5,0.1,0.95,0.0,default,100,3.0,8,1,1,0,0,,
baseline_1024_986f656c,baseline,eval,2,1024,easy,5,5,0.1,0.95,0.0,default,100,3.0,8,1,1,0,0,,
baseline_1024_986f656c,baseline,eval,3,1024,easy,5,5,0.1,0.95,0.0,default,100,3.0,8,1,1,0,0,,
baseline_1024_986f656c,baseline,eval,4,1024,easy,5,5,0.1,0.95,0.0,default,100,3.0,8,1,1,0,0,,
baseline_1024_986f656c,baseline,eval,5,1024,easy,5,5,0.1,0.95,0.0,default,100,3.0,8,1,1,0,0,,
baseline_1024_986f656c,baseline,eval,6,1024,easy,5,5,0.1,0.95,0.0,default,100,3.0,8,1,1,0,0,,
baseline_1024_986f656c,baseline,eval,7,1024,easy,5,5,0.1,0.95,0.0,default,100,3.0,8,1,1,0,0,,
baseline_1024_986f656c,baseline,eval,8,1024,easy,5,5,0.1,0.95,0.0,default,100,3.0,8,1,1,0,0,,
baseline_1024_986f656c,baseline,eval,9,1024,easy,5,5,0.1,0.95,0.0,default,100,3.0,8,1,1,0,0,,
baseline_1024_986f656c,baseline,eval,10,1024,easy,5,5,0.1,0.95,0.0,default,100,3.0,8,1,1,0,0,,
baseline_1024_986f656c,baseline,eval,1,1024,easy,5,5,0.1,0.95,0.0,default,100,3.0,8,1,1,0,0,,
baseline_1024_986f656c,baseline,eval,2,1024,easy,5,5,0.1,0.95,0.0,default,100,3.0,8,1,1,0,0,,
baseline_1024_986f656c,baseline,eval,3,1024,easy,5,5,0.1,0.95,0.0,default,100,3.0,8,1,1,0,0,,
baseline_1024_986f656c,baseline,eval,4,1024,easy,5,5,0.1,0.95,0.0,default,100,3.0,8,1,1,0,0,,
baseline_1024_986f656c,baseline,eval,5,1024,easy,5,5,0.1,0.95,0.0,default,100,3.0,8,1,1,0,0,,
baseline_1024_986f656c,baseline,eval,6,1024,easy,5,5,0.1,0.95,0.0,default,100,3.0,8,1,1,0,0,,
baseline_1024_986f656c,baseline,eval,7,1024,easy,5,5,0.1,0.95,0.0,default,100,3.0,8,1,1,0,0,,
baseline_1024_986f656c,baseline,eval,8,1024,easy,5,5,0.1,0.95,0.0,default,100,3.0,8,1,1,0,0,,
baseline_1024_986f656c,baseline,eval,9,1024,easy,5,5,0.1,0.95,0.0,default,100,3.0,8,1,1,0,0,,
baseline_1024_986f656c,baseline,eval,10,1024,easy,5,5,0.1,0.95,0.0,default,100,3.0,8,1,1,0,0,,
baseline_1024_986f656c,baseline,eval,1,1024,easy,5,5,0.1,0.95,0.0,default,100,3.0,8,1,1,0,0,,
baseline_1024_986f656c,baseline,eval,2,1024,easy,5,5,0.1,0.95,0.0,default,100,3.0,8,1,1,0,0,,
baseline_1024_986f656c,baseline,eval,3,1024,easy,5,5,0.1,0.95,0.0,default,100,3.0,8,1,1,0,0,,
baseline_1024_986f656c,baseline,eval,4,1024,easy,5,5,0.1,0.95,0.0,default,100,3.0,8,1,1,0,0,,
baseline_1024_986f656c,baseline,eval,5,1024,easy,5,5,0.1,0.95,0.0,default,100,3.0,8,1,1,0,0,,
baseline_1024_986f656c,baseline,eval,6,1024,easy,5,5,0.1,0.95,0.0,default,100,3.0,8,1,1,0,0,,
baseline_1024_986f656c,baseline,eval,7,1024,easy,5,5,0.1,0.95,0.0,default,100,3.0,8,1,1,0,0,,
baseline_1024_986f656c,baseline,eval,8,1024,easy,5,5,0.1,0.95,0.0,default,100,3.0,8,1,1,0,0,,
baseline_1024_986f656c,baseline,eval,9,1024,easy,5,5,0.1,0.95,0.0,default,100,3.0,8,1,1,0,0,,
baseline_1024_986f656c,baseline,eval,10,1024,easy,5,5,0.1,0.95,0.0,default,100,3.0,8,1,1,0,0,,
baseline_1024_986f656c,baseline,eval,1,1024,easy,5,5,0.1,0.95,0.0,default,100,3.0,8,1,1,0,0,,
baseline_1024_986f656c,baseline,eval,2,1024,easy,5,5,0.1,0.95,0.0,default,100,3.0,8,1,1,0,0,,
baseline_1024_986f656c,baseline,eval,3,1024,easy,5,5,0.1,0.95,0.0,default,100,3.0,8,1,1,0,0,,
baseline_1024_986f656c,baseline,eval,4,1024,easy,5,5,0.1,0.95,0.0,default,100,3.0,8,1,1,0,0,,
baseline_1024_986f656c,baseline,eval,5,1024,easy,5,5,0.1,0.95,0.0,default,100,3.0,8,1,1,0,0,,
baseline_1024_986f656c,baseline,eval,6,1024,easy,5,5,0.1,0.95,0.0,default,100,3.0,8,1,1,0,0,,
baseline_1024_986f656c,baseline,eval,7,1024,easy,5,5,0.1,0.95,0.0,default,100,3.0,8,1,1,0,0,,
baseline_1024_986f656c,baseline,eval,8,1024,easy,5,5,0.1,0.95,0.0,default,100,3.0,8,1,1,0,0,,
baseline_1024_986f656c,baseline,eval,9,1024,easy,5,5,0.1,0.95,0.0,default,100,3.0,8,1,1,0,0,,
baseline_1024_986f656c,baseline,eval,10,1024,easy,5,5,0.1,0.95,0.0,default,100,3.0,8,1,1,0,0,,
baseline_1024_986f656c,baseline,eval,1,1024,easy,5,5,0.1,0.95,0.0,default,100,3.0,8,1,1,0,0,,
baseline_1024_986f656c,baseline,eval,2,1024,easy,5,5,0.1,0.95,0.0,default,100,3.0,8,1,1,0,0,,
baseline_1024_986f656c,baseline,eval,3,1024,easy,5,5,0.1,0.95,0.0,default,100,3.0,8,1,1,0,0,,
baseline_1024_986f656c,baseline,eval,4,1024,easy,5,5,0.1,0.95,0.0,default,100,3.0,8,1,1,0,0,,
baseline_1024_986f656c,baseline,eval,5,1024,easy,5,5,0.1,0.95,0.0,default,100,3.0,8,1,1,0,0,,
baseline_1024_986f656c,baseline,eval,6,1024,easy,5,5,0.1,0.95,0.0,default,100,3.0,8,1,1,0,0,,
baseline_1024_986f656c,baseline,eval,7,1024,easy,5,5,0.1,0.95,0.0,default,100,3.0,8,1,1,0,0,,
baseline_1024_986f656c,baseline,eval,8,1024,easy,5,5,0.1,0.95,0.0,default,100,3.0,8,1,1,0,0,,
baseline_1024_986f656c,baseline,eval,9,1024,easy,5,5,0.1,0.95,0.0,default,100,3.0,8,1,1,0,0,,
baseline_1024_986f656c,baseline,eval,10,1024,easy,5,5,0.1,0.95,0.0,default,100,3.0,8,1,1,0,0,,
baseline_1024_986f656c,baseline,eval,1,1024,easy,5,5,0.1,0.95,0.0,default,100,3.0,8,1,1,0,0,,
baseline_1024_986f656c,baseline,eval,2,1024,easy,5,5,0.1,0.95,0.0,default,100,3.0,8,1,1,0,0,,
baseline_1024_986f656c,baseline,eval,3,1024,easy,5,5,0.1,0.95,0.0,default,100,3.0,8,1,1,0,0,,
baseline_1024_986f656c,baseline,eval,4,1024,easy,5,5,0.1,0.95,0.0,default,100,3.0,8,1,1,0,0,,
baseline_1024_986f656c,baseline,eval,5,1024,easy,5,5,0.1,0.95,0.0,default,100,3.0,8,1,1,0,0,,
baseline_1024_986f656c,baseline,eval,6,1024,easy,5,5,0.1,0.95,0.0,default,100,3.0,8,1,1,0,0,,
baseline_1024_986f656c,baseline,eval,7,1024,easy,5,5,0.1,0.95,0.0,default,100,3.0,8,1,1,0,0,,
baseline_1024_986f656c,baseline,eval,8,1024,easy,5,5,0.1,0.95,0.0,default,100,3.0,8,1,1,0,0,,
baseline_1024_986f656c,baseline,eval,9,1024,easy,5,5,0.1,0.95,0.0,default,100,3.0,8,1,1,0,0,,
baseline_1024_986f656c,baseline,eval,10,1024,easy,5,5,0.1,0.95,0.0,default,100,3.0,8,1,1,0,0,,
baseline_1024_986f656c,baseline,eval,1,1024,easy,5,5,0.1,0.95,0.0,default,100,3.0,8,1,1,0,0,,
baseline_1024_986f656c,baseline,eval,2,1024,easy,5,5,0.1,0.95,0.0,default,100,3.0,8,1,1,0,0,,
baseline_1024_986f656c,baseline,eval,3,1024,easy,5,5,0.1,0.95,0.0,default,100,3.0,8,1,1,0,0,,
baseline_1024_986f656c,baseline,eval,4,1024,easy,5,5,0.1,0.95,0.0,default,100,3.0,8,1,1,0,0,,
baseline_1024_986f656c,baseline,eval,5,1024,easy,5,5,0.1,0.95,0.0,default,100,3.0,8,1,1,0,0,,
baseline_1024_986f656c,baseline,eval,6,1024,easy,5,5,0.1,0.95,0.0,default,100,3.0,8,1,1,0,0,,
baseline_1024_986f656c,baseline,eval,7,1024,easy,5,5,0.1,0.95,0.0,default,100,3.0,8,1,1,0,0,,
baseline_1024_986f656c,baseline,eval,8,1024,easy,5,5,0.1,0.95,0.0,default,100,3.0,8,1,1,0,0,,
baseline_1024_986f656c,baseline,eval,9,1024,easy,5,5,0.1,0.95,0.0,default,100,3.0,8,1,1,0,0,,
baseline_1024_986f656c,baseline,eval,10,1024,easy,5,5,0.1,0.95,0.0,default,100,3.0,8,1,1,0,0,,
baseline_1024_986f656c,baseline,eval,1,1024,easy,5,5,0.1,0.95,0.0,default,100,3.0,8,1,1,0,0,,
baseline_1024_986f656c,baseline,eval,2,1024,easy,5,5,0.1,0.95,0.0,default,100,3.0,8,1,1,0,0,,
baseline_1024_986f656c,baseline,eval,3,1024,easy,5,5,0.1,0.95,0.0,default,100,3.0,8,1,1,0,0,,
baseline_1024_986f656c,baseline,eval,4,1024,easy,5,5,0.1,0.95,0.0,default,100,3.0,8,1,1,0,0,,
baseline_1024_986f656c,baseline,eval,5,1024,easy,5,5,0.1,0.95,0.0,default,100,3.0,8,1,1,0,0,,
baseline_1024_986f656c,baseline,eval,6,1024,easy,5,5,0.1,0.95,0.0,default,100,3.0,8,1,1,0,0,,
baseline_1024_986f656c,baseline,eval,7,1024,easy,5,5,0.1,0.95,0.0,default,100,3.0,8,1,1,0,0,,
baseline_1024_986f656c,baseline,eval,8,1024,easy,5,5,0.1,0.95,0.0,default,100,3.0,8,1,1,0,0,,
baseline_1024_986f656c,baseline,eval,9,1024,easy,5,5,0.1,0.95,0.0,default,100,3.0,8,1,1,0,0,,
baseline_1024_986f656c,baseline,eval,10,1024,easy,5,5,0.1,0.95,0.0,default,100,3.0,8,1,1,0,0,,
baseline_1024_986f656c,baseline,eval,1,1024,easy,5,5,0.1,0.95,0.0,default,100,3.0,8,1,1,0,0,,
baseline_1024_986f656c,baseline,eval,2,1024,easy,5,5,0.1,0.95,0.0,default,100,3.0,8,1,1,0,0,,
baseline_1024_986f656c,baseline,eval,3,1024,easy,5,5,0.1,0.95,0.0,default,100,3.0,8,1,1,0,0,,
baseline_1024_986f656c,baseline,eval,4,1024,easy,5,5,0.1,0.95,0.0,default,100,3.0,8,1,1,0,0,,
baseline_1024_986f656c,baseline,eval,5,1024,easy,5,5,0.1,0.95,0.0,default,100,3.0,8,1,1,0,0,,
baseline_1024_986f656c,baseline,eval,6,1024,easy,5,5,0.1,0.95,0.0,default,100,3.0,8,1,1,0,0,,
baseline_1024_986f656c,baseline,eval,7,1024,easy,5,5,0.1,0.95,0.0,default,100,3.0,8,1,1,0,0,,
baseline_1024_986f656c,baseline,eval,8,1024,easy,5,5,0.1,0.95,0.0,default,100,3.0,8,1,1,0,0,,
baseline_1024_986f656c,baseline,eval,9,1024,easy,5,5,0.1,0.95,0.0,default,100,3.0,8,1,1,0,0,,
baseline_1024_986f656c,baseline,eval,10,1024,easy,5,5,0.1,0.95,0.0,default,100,3.0,8,1,1,0,0,,
baseline_1024_986f656c,baseline,eval,1,1024,easy,5,5,0.1,0.95,0.0,default,100,3.0,8,1,1,0,0,,
baseline_1024_986f656c,baseline,eval,2,1024,easy,5,5,0.1,0.95,0.0,default,100,3.0,8,1,1,0,0,,
baseline_1024_986f656c,baseline,eval,3,1024,easy,5,5,0.1,0.95,0.0,default,100,3.0,8,1,1,0,0,,
baseline_1024_986f656c,baseline,eval,4,1024,easy,5,5,0.1,0.95,0.0,default,100,3.0,8,1,1,0,0,,
baseline_1024_986f656c,baseline,eval,5,1024,easy,5,5,0.1,0.95,0.0,default,100,3.0,8,1,1,0,0,,
baseline_1024_986f656c,baseline,eval,6,1024,easy,5,5,0.1,0.95,0.0,default,100,3.0,8,1,1,0,0,,
baseline_1024_986f656c,baseline,eval,7,1024,easy,5,5,0.1,0.95,0.0,default,100,3.0,8,1,1,0,0,,
baseline_1024_986f656c,baseline,eval,8,1024,easy,5,5,0.1,0.95,0.0,default,100,3.0,8,1,1,0,0,,
baseline_1024_986f656c,baseline,eval,9,1024,easy,5,5,0.1,0.95,0.0,default,100,3.0,8,1,1,0,0,,
baseline_1024_986f656c,baseline,eval,10,1024,easy,5,5,0.1,0.95,0.0,default,100,3.0,8,1,1,0,0,,
baseline_1024_986f656c,baseline,eval,1,1024,easy,5,5,0.1,0.95,0.0,default,100,3.0,8,1,1,0,0,,
baseline_1024_986f656c,baseline,eval,2,1024,easy,5,5,0.1,0.95,0.0,default,100,3.0,8,1,1,0,0,,
baseline_1024_986f656c,baseline,eval,3,1024,easy,5,5,0.1,0.95,0.0,default,100,3.0,8,1,1,0,0,,
baseline_1024_986f656c,baseline,eval,4,1024,easy,5,5,0.1,0.95,0.0,default,100,3.0,8,1,1,0,0,,
baseline_1024_986f656c,baseline,eval,5,1024,easy,5,5,0.1,0.95,0.0,default,100,3.0,8,1,1,0,0,,
baseline_1024_986f656c,baseline,eval,6,1024,easy,5,5,0.1,0.95,0.0,default,100,3.0,8,1,1,0,0,,
baseline_1024_986f656c,baseline,eval,7,1024,easy,5,5,0.1,0.95,0.0,default,100,3.0,8,1,1,0,0,,
baseline_1024_986f656c,baseline,eval,8,1024,easy,5,5,0.1,0.95,0.0,default,100,3.0,8,1,1,0,0,,
baseline_1024_986f656c,baseline,eval,9,1024,easy,5,5,0.1,0.95,0.0,default,100,3.0,8,1,1,0,0,,
baseline_1024_986f656c,baseline,eval,10,1024,easy,5,5,0.1,0.95,0.0,default,100,3.0,8,1,1,0,0,,
baseline_1024_986f656c,baseline,eval,1,1024,easy,5,5,0.1,0.95,0.0,default,100,3.0,8,1,1,0,0,,
baseline_1024_986f656c,baseline,eval,2,1024,easy,5,5,0.1,0.95,0.0,default,100,3.0,8,1,1,0,0,,
baseline_1024_986f656c,baseline,eval,3,1024,easy,5,5,0.1,0.95,0.0,default,100,3.0,8,1,1,0,0,,
baseline_1024_986f656c,baseline,eval,4,1024,easy,5,5,0.1,0.95,0.0,default,100,3.0,8,1,1,0,0,,
baseline_1024_986f656c,baseline,eval,5,1024,easy,5,5,0.1,0.95,0.0,default,100,3.0,8,1,1,0,0,,
baseline_1024_986f656c,baseline,eval,6,1024,easy,5,5,0.1,0.95,0.0,default,100,3.0,8,1,1,0,0,,
baseline_1024_986f656c,baseline,eval,7,1024,easy,5,5,0.1,0.95,0.0,default,100,3.0,8,1,1,0,0,,
baseline_1024_986f656c,baseline,eval,8,1024,easy,5,5,0.1,0.95,0.0,default,100,3.0,8,1,1,0,0,,
baseline_1024_986f656c,baseline,eval,9,1024,easy,5,5,0.1,0.95,0.0,default,100,3.0,8,1,1,0,0,,
baseline_1024_986f656c,baseline,eval,10,1024,easy,5,5,0.1,0.95,0.0,default,100,3.0,8,1,1,0,0,,
baseline_1024_986f656c,baseline,eval,1,1024,easy,5,5,0.1,0.95,0.0,default,100,3.0,8,1,1,0,0,,
baseline_1024_986f656c,baseline,eval,2,1024,easy,5,5,0.1,0.95,0.0,default,100,3.0,8,1,1,0,0,,
baseline_1024_986f656c,baseline,eval,3,1024,easy,5,5,0.1,0.95,0.0,default,100,3.0,8,1,1,0,0,,
baseline_1024_986f656c,baseline,eval,4,1024,easy,5,5,0.1,0.95,0.0,default,100,3.0,8,1,1,0,0,,
baseline_1024_986f656c,baseline,eval,5,1024,easy,5,5,0.1,0.95,0.0,default,100,3.0,8,1,1,0,0,,
baseline_1024_986f656c,baseline,eval,6,1024,easy,5,5,0.1,0.95,0.0,default,100,3.0,8,1,1,0,0,,
baseline_1024_986f656c,baseline,eval,7,1024,easy,5,5,0.1,0.95,0.0,default,100,3.0,8,1,1,0,0,,
baseline_1024_986f656c,baseline,eval,8,1024,easy,5,5,0.1,0.95,0.0,default,100,3.0,8,1,1,0,0,,
baseline_1024_986f656c,baseline,eval,9,1024,easy,5,5,0.1,0.95,0.0,default,100,3.0,8,1,1,0,0,,
baseline_1024_986f656c,baseline,eval,10,1024,easy,5,5,0.1,0.95,0.0,default,100,3.0,8,1,1,0,0,,
baseline_1024_986f656c,baseline,eval,1,1024,easy,5,5,0.1,0.95,0.0,default,100,3.0,8,1,1,0,0,,
baseline_1024_986f656c,baseline,eval,2,1024,easy,5,5,0.1,0.95,0.0,default,100,3.0,8,1,1,0,0,,
baseline_1024_986f656c,baseline,eval,3,1024,easy,5,5,0.1,0.95,0.0,default,100,3.0,8,1,1,0,0,,
baseline_1024_986f656c,baseline,eval,4,1024,easy,5,5,0.1,0.95,0.0,default,100,3.0,8,1,1,0,0,,
baseline_1024_986f656c,baseline,eval,5,1024,easy,5,5,0.1,0.95,0.0,default,100,3.0,8,1,1,0,0,,
baseline_1024_986f656c,baseline,eval,6,1024,easy,5,5,0.1,0.95,0.0,default,100,3.0,8,1,1,0,0,,
baseline_1024_986f656c,baseline,eval,7,1024,easy,5,5,0.1,0.95,0.0,default,100,3.0,8,1,1,0,0,,
baseline_1024_986f656c,baseline,eval,8,1024,easy,5,5,0.1,0.95,0.0,default,100,3.0,8,1,1,0,0,,
baseline_1024_986f656c,baseline,eval,9,1024,easy,5,5,0.1,0.95,0.0,default,100,3.0,8,1,1,0,0,,
baseline_1024_986f656c,baseline,eval,10,1024,easy,5,5,0.1,0.95,0.0,default,100,3.0,8,1,1,0,0,,
