run_id,exp_name,algorithm,phase,episode,seed,map_name,rows,cols,alpha,gamma,epsilon,reward_setting,max_steps,total_reward,steps,success,terminated,truncated,hit_trap,elapsed_sec,qtable_path
algorithm_q_learning_q_learning_123_8b270c89,algorithm_q_learning,q_learning,train,1,123,hard,5,5,0.1,0.9,0.995,default,100,-7.5,8,0,1,0,1,0.0007553289999577828,
algorithm_q_learning_q_learning_123_8b270c89,algorithm_q_learning,q_learning,train,2,123,hard,5,5,0.1,0.9,0.990025,default,100,-22.7,34,0,1,0,1,0.002113792000045578,
algorithm_q_learning_q_learning_123_8b270c89,algorithm_q_learning,q_learning,train,3,123,hard,5,5,0.1,0.9,0.985074875,default,100,-9.5,10,0,1,0,1,0.0007889159999194817,
algorithm_q_learning_q_learning_123_8b270c89,algorithm_q_learning,q_learning,train,4,123,hard,5,5,0.1,0.9,0.9801495006250001,default,100,-14.899999999999995,37,0,1,0,1,0.002358315000037692,
algorithm_q_learning_q_learning_123_8b270c89,algorithm_q_learning,q_learning,train,5,123,hard,5,5,0.1,0.9,0.9752487531218751,default,100,-41.700000000000024,62,0,1,0,1,0.004214592999915112,
algorithm_q_learning_q_learning_123_8b270c89,algorithm_q_learning,q_learning,train,6,123,hard,5,5,0.1,0.9,0.9703725093562657,default,100,-35.900000000000006,49,0,1,0,1,0.003021958999852359,
algorithm_q_learning_q_learning_123_8b270c89,algorithm_q_learning,q_learning,train,7,123,hard,5,5,0.1,0.9,0.9655206468094844,default,100,-9.7,12,0,1,0,1,0.0007816459999503422,
algorithm_q_learning_q_learning_123_8b270c89,algorithm_q_learning,q_learning,train,8,123,hard,5,5,0.1,0.9,0.960693043575437,default,100,-24.10000000000001,39,0,1,0,1,0.0025617069998133957,
algorithm_q_learning_q_learning_123_8b270c89,algorithm_q_learning,q_learning,train,9,123,hard,5,5,0.1,0.9,0.9558895783575597,default,100,-6.3,5,0,1,0,1,0.00042546100007712084,
algorithm_q_learning_q_learning_123_8b270c89,algorithm_q_learning,q_learning,train,10,123,hard,5,5,0.1,0.9,0.9511101304657719,default,100,-26.5,36,0,1,0,1,0.0022541309999724035,
algorithm_q_learning_q_learning_123_8b270c89,algorithm_q_learning,q_learning,train,11,123,hard,5,5,0.1,0.9,0.946354579813443,default,100,-18.299999999999997,26,0,1,0,1,0.001793535999922824,
algorithm_q_learning_q_learning_123_8b270c89,algorithm_q_learning,q_learning,train,12,123,hard,5,5,0.1,0.9,0.9416228069143757,default,100,-12.7,15,0,1,0,1,0.0011176440000326693,
algorithm_q_learning_q_learning_123_8b270c89,algorithm_q_learning,q_learning,train,13,123,hard,5,5,0.1,0.9,0.9369146928798039,default,100,-34.10000000000001,58,0,1,0,1,0.004035596999983682,
algorithm_q_learning_q_learning_123_8b270c89,algorithm_q_learning,q_learning,train,14,123,hard,5,5,0.1,0.9,0.9322301194154049,default,100,-20.699999999999996,32,0,1,0,1,0.0025289019999945594,
algorithm_q_learning_q_learning_123_8b270c89,algorithm_q_learning,q_learning,train,15,123,hard,5,5,0.1,0.9,0.9275689688183278,default,100,-24.3,32,0,1,0,1,0.0021657459999460116,
algorithm_q_learning_q_learning_123_8b270c89,algorithm_q_learning,q_learning,train,16,123,hard,5,5,0.1,0.9,0.9229311239742362,default,100,-5.299999999999997,28,1,1,0,0,0.0019104540001535497,
algorithm_q_learning_q_learning_123_8b270c89,algorithm_q_learning,q_learning,train,17,123,hard,5,5,0.1,0.9,0.918316468354365,default,100,-6.300000000000001,5,0,1,0,1,0.0005496490000496124,
algorithm_q_learning_q_learning_123_8b270c89,algorithm_q_learning,q_learning,train,18,123,hard,5,5,0.1,0.9,0.9137248860125932,default,100,-8.7,11,0,1,0,1,0.0008219210001243482,
algorithm_q_learning_q_learning_123_8b270c89,algorithm_q_learning,q_learning,train,19,123,hard,5,5,0.1,0.9,0.9091562615825302,default,100,-15.399999999999997,24,0,1,0,1,0.0017128419999608013,
algorithm_q_learning_q_learning_123_8b270c89,algorithm_q_learning,q_learning,train,20,123,hard,5,5,0.1,0.9,0.9046104802746175,default,100,-14.7,17,0,1,0,1,0.001335327999868241,
algorithm_q_learning_q_learning_123_8b270c89,algorithm_q_learning,q_learning,train,21,123,hard,5,5,0.1,0.9,0.9000874278732445,default,100,-45.40000000000003,72,0,1,0,1,0.004905471000029138,
algorithm_q_learning_q_learning_123_8b270c89,algorithm_q_learning,q_learning,train,22,123,hard,5,5,0.1,0.9,0.8955869907338783,default,100,-20.099999999999994,35,0,1,0,1,0.0024566020001657307,
algorithm_q_learning_q_learning_123_8b270c89,algorithm_q_learning,q_learning,train,23,123,hard,5,5,0.1,0.9,0.8911090557802088,default,100,-21.099999999999994,45,0,1,0,1,0.0030899500000032276,
algorithm_q_learning_q_learning_123_8b270c89,algorithm_q_learning,q_learning,train,24,123,hard,5,5,0.1,0.9,0.8866535105013078,default,100,-0.2999999999999954,23,1,1,0,0,0.002063705999944432,
algorithm_q_learning_q_learning_123_8b270c89,algorithm_q_learning,q_learning,train,25,123,hard,5,5,0.1,0.9,0.8822202429488013,default,100,-3.0999999999999943,33,1,1,0,0,0.002485368999941784,
algorithm_q_learning_q_learning_123_8b270c89,algorithm_q_learning,q_learning,train,26,123,hard,5,5,0.1,0.9,0.8778091417340573,default,100,-5.7,8,0,1,0,1,0.0007391399999505666,
algorithm_q_learning_q_learning_123_8b270c89,algorithm_q_learning,q_learning,train,27,123,hard,5,5,0.1,0.9,0.8734200960253871,default,100,-22.300000000000004,30,0,1,0,1,0.002054250000128377,
algorithm_q_learning_q_learning_123_8b270c89,algorithm_q_learning,q_learning,train,28,123,hard,5,5,0.1,0.9,0.8690529955452602,default,100,2.500000000000001,22,1,1,0,0,0.0016777759999513364,
algorithm_q_learning_q_learning_123_8b270c89,algorithm_q_learning,q_learning,train,29,123,hard,5,5,0.1,0.9,0.8647077305675338,default,100,-14.1,20,0,1,0,1,0.0016243999998550862,
algorithm_q_learning_q_learning_123_8b270c89,algorithm_q_learning,q_learning,train,30,123,hard,5,5,0.1,0.9,0.8603841919146962,default,100,-26.300000000000004,43,0,1,0,1,0.003255111999806104,
algorithm_q_learning_q_learning_123_8b270c89,algorithm_q_learning,q_learning,train,31,123,hard,5,5,0.1,0.9,0.8560822709551227,default,100,-18.499999999999996,28,0,1,0,1,0.0018491860000722227,
algorithm_q_learning_q_learning_123_8b270c89,algorithm_q_learning,q_learning,train,32,123,hard,5,5,0.1,0.9,0.851801859600347,default,100,-10.7,13,0,1,0,1,0.0010039869998763606,
algorithm_q_learning_q_learning_123_8b270c89,algorithm_q_learning,q_learning,train,33,123,hard,5,5,0.1,0.9,0.8475428503023453,default,100,2.9000000000000004,18,1,1,0,0,0.0014346719999593915,
algorithm_q_learning_q_learning_123_8b270c89,algorithm_q_learning,q_learning,train,34,123,hard,5,5,0.1,0.9,0.8433051360508336,default,100,-12.899999999999999,17,0,1,0,1,0.0012912580000374874,
algorithm_q_learning_q_learning_123_8b270c89,algorithm_q_learning,q_learning,train,35,123,hard,5,5,0.1,0.9,0.8390886103705794,default,100,-34.300000000000026,60,0,1,0,1,0.004250898000009329,
algorithm_q_learning_q_learning_123_8b270c89,algorithm_q_learning,q_learning,train,36,123,hard,5,5,0.1,0.9,0.8348931673187264,default,100,-7.5,8,0,1,0,1,0.0007631539999692905,
algorithm_q_learning_q_learning_123_8b270c89,algorithm_q_learning,q_learning,train,37,123,hard,5,5,0.1,0.9,0.8307187014821328,default,100,-6.5,7,0,1,0,1,0.0006539450000673241,
algorithm_q_learning_q_learning_123_8b270c89,algorithm_q_learning,q_learning,train,38,123,hard,5,5,0.1,0.9,0.8265651079747222,default,100,2.5000000000000027,22,1,1,0,0,0.001682608999999502,
algorithm_q_learning_q_learning_123_8b270c89,algorithm_q_learning,q_learning,train,39,123,hard,5,5,0.1,0.9,0.8224322824348486,default,100,-8.5,9,0,1,0,1,0.0007149800001116091,
algorithm_q_learning_q_learning_123_8b270c89,algorithm_q_learning,q_learning,train,40,123,hard,5,5,0.1,0.9,0.8183201210226743,default,100,-11.7,14,0,1,0,1,0.001081383000155256,
algorithm_q_learning_q_learning_123_8b270c89,algorithm_q_learning,q_learning,train,41,123,hard,5,5,0.1,0.9,0.8142285204175609,default,100,-6.300000000000001,5,0,1,0,1,0.0004418610001266643,
algorithm_q_learning_q_learning_123_8b270c89,algorithm_q_learning,q_learning,train,42,123,hard,5,5,0.1,0.9,0.810157377815473,default,100,-26.10000000000001,50,0,1,0,1,0.0038063160000092466,
algorithm_q_learning_q_learning_123_8b270c89,algorithm_q_learning,q_learning,train,43,123,hard,5,5,0.1,0.9,0.8061065909263957,default,100,-14.599999999999998,25,0,1,0,1,0.0018064980001781805,
algorithm_q_learning_q_learning_123_8b270c89,algorithm_q_learning,q_learning,train,44,123,hard,5,5,0.1,0.9,0.8020760579717637,default,100,-11.7,14,0,1,0,1,0.001183807999950659,
algorithm_q_learning_q_learning_123_8b270c89,algorithm_q_learning,q_learning,train,45,123,hard,5,5,0.1,0.9,0.798065677681905,default,100,-19.199999999999996,35,0,1,0,1,0.0025656010000147944,
algorithm_q_learning_q_learning_123_8b270c89,algorithm_q_learning,q_learning,train,46,123,hard,5,5,0.1,0.9,0.7940753492934954,default,100,-5.099999999999996,35,1,1,0,0,0.0025288080000791524,
algorithm_q_learning_q_learning_123_8b270c89,algorithm_q_learning,q_learning,train,47,123,hard,5,5,0.1,0.9,0.7901049725470279,default,100,6.1,13,1,1,0,0,0.0012698589998763055,
algorithm_q_learning_q_learning_123_8b270c89,algorithm_q_learning,q_learning,train,48,123,hard,5,5,0.1,0.9,0.7861544476842928,default,100,-8.3,7,0,1,0,1,0.0005973170000288519,
algorithm_q_learning_q_learning_123_8b270c89,algorithm_q_learning,q_learning,train,49,123,hard,5,5,0.1,0.9,0.7822236754458713,default,100,-2.2999999999999954,34,1,1,0,0,0.002522142000088934,
algorithm_q_learning_q_learning_123_8b270c89,algorithm_q_learning,q_learning,train,50,123,hard,5,5,0.1,0.9,0.778312557068642,default,100,-11.3,19,0,1,0,1,0.0015492610000364948,
algorithm_q_learning_q_learning_123_8b270c89,algorithm_q_learning,q_learning,train,51,123,hard,5,5,0.1,0.9,0.7744209942832988,default,100,-6.099999999999994,36,1,1,0,0,0.0028370479999466625,
algorithm_q_learning_q_learning_123_8b270c89,algorithm_q_learning,q_learning,train,52,123,hard,5,5,0.1,0.9,0.7705488893118823,default,100,3.9000000000000004,17,1,1,0,0,0.001482133000081376,
algorithm_q_learning_q_learning_123_8b270c89,algorithm_q_learning,q_learning,train,53,123,hard,5,5,0.1,0.9,0.7666961448653229,default,100,-11.5,12,0,1,0,1,0.0010026840000136872,
algorithm_q_learning_q_learning_123_8b270c89,algorithm_q_learning,q_learning,train,54,123,hard,5,5,0.1,0.9,0.7628626641409962,default,100,3.5,21,1,1,0,0,0.0017988540000715147,
algorithm_q_learning_q_learning_123_8b270c89,algorithm_q_learning,q_learning,train,55,123,hard,5,5,0.1,0.9,0.7590483508202912,default,100,-12.999999999999996,18,0,1,0,1,0.001429898999958823,
algorithm_q_learning_q_learning_123_8b270c89,algorithm_q_learning,q_learning,train,56,123,hard,5,5,0.1,0.9,0.7552531090661897,default,100,-19.299999999999997,27,0,1,0,1,0.0021129279998604034,
algorithm_q_learning_q_learning_123_8b270c89,algorithm_q_learning,q_learning,train,57,123,hard,5,5,0.1,0.9,0.7514768435208588,default,100,-7.5,8,0,1,0,1,0.0007905949998985307,
algorithm_q_learning_q_learning_123_8b270c89,algorithm_q_learning,q_learning,train,58,123,hard,5,5,0.1,0.9,0.7477194593032545,default,100,-11.3,10,0,1,0,1,0.0007222750000437372,
algorithm_q_learning_q_learning_123_8b270c89,algorithm_q_learning,q_learning,train,59,123,hard,5,5,0.1,0.9,0.7439808620067382,default,100,-9.7,12,0,1,0,1,0.0009594030000243947,
algorithm_q_learning_q_learning_123_8b270c89,algorithm_q_learning,q_learning,train,60,123,hard,5,5,0.1,0.9,0.7402609576967045,default,100,2.700000000000003,20,1,1,0,0,0.0018300560000170663,
algorithm_q_learning_q_learning_123_8b270c89,algorithm_q_learning,q_learning,train,61,123,hard,5,5,0.1,0.9,0.736559652908221,default,100,-8.3,7,0,1,0,1,0.0007403619999877264,
algorithm_q_learning_q_learning_123_8b270c89,algorithm_q_learning,q_learning,train,62,123,hard,5,5,0.1,0.9,0.7328768546436799,default,100,-2.699999999999994,38,1,1,0,0,0.0029860689999168244,
algorithm_q_learning_q_learning_123_8b270c89,algorithm_q_learning,q_learning,train,63,123,hard,5,5,0.1,0.9,0.7292124703704616,default,100,6.1,13,1,1,0,0,0.0011416860002100293,
algorithm_q_learning_q_learning_123_8b270c89,algorithm_q_learning,q_learning,train,64,123,hard,5,5,0.1,0.9,0.7255664080186093,default,100,-7.5,8,0,1,0,1,0.0007294420001926483,
algorithm_q_learning_q_learning_123_8b270c89,algorithm_q_learning,q_learning,train,65,123,hard,5,5,0.1,0.9,0.7219385759785162,default,100,-7.300000000000001,6,0,1,0,1,0.0005454140000438201,
algorithm_q_learning_q_learning_123_8b270c89,algorithm_q_learning,q_learning,train,66,123,hard,5,5,0.1,0.9,0.7183288830986236,default,100,-8.700000000000001,11,0,1,0,1,0.0010775890000331856,
algorithm_q_learning_q_learning_123_8b270c89,algorithm_q_learning,q_learning,train,67,123,hard,5,5,0.1,0.9,0.7147372386831305,default,100,-15.7,18,0,1,0,1,0.0014956929999243584,
algorithm_q_learning_q_learning_123_8b270c89,algorithm_q_learning,q_learning,train,68,123,hard,5,5,0.1,0.9,0.7111635524897149,default,100,-19.699999999999996,40,0,1,0,1,0.0031478700000207027,
algorithm_q_learning_q_learning_123_8b270c89,algorithm_q_learning,q_learning,train,69,123,hard,5,5,0.1,0.9,0.7076077347272662,default,100,4.900000000000003,16,1,1,0,0,0.0014858319998438674,
algorithm_q_learning_q_learning_123_8b270c89,algorithm_q_learning,q_learning,train,70,123,hard,5,5,0.1,0.9,0.7040696960536299,default,100,-22.699999999999996,43,0,1,0,1,0.0033493789999283763,
algorithm_q_learning_q_learning_123_8b270c89,algorithm_q_learning,q_learning,train,71,123,hard,5,5,0.1,0.9,0.7005493475733617,default,100,-9.5,10,0,1,0,1,0.0009104180001031636,
algorithm_q_learning_q_learning_123_8b270c89,algorithm_q_learning,q_learning,train,72,123,hard,5,5,0.1,0.9,0.697046600835495,default,100,-11.499999999999998,12,0,1,0,1,0.0010305529999641294,
algorithm_q_learning_q_learning_123_8b270c89,algorithm_q_learning,q_learning,train,73,123,hard,5,5,0.1,0.9,0.6935613678313175,default,100,0.7000000000000011,22,1,1,0,0,0.0018379069999809872,
algorithm_q_learning_q_learning_123_8b270c89,algorithm_q_learning,q_learning,train,74,123,hard,5,5,0.1,0.9,0.6900935609921609,default,100,-10.7,13,0,1,0,1,0.0012417980001373508,
algorithm_q_learning_q_learning_123_8b270c89,algorithm_q_learning,q_learning,train,75,123,hard,5,5,0.1,0.9,0.6866430931872001,default,100,-11.499999999999996,21,0,1,0,1,0.0019358719998763263,
algorithm_q_learning_q_learning_123_8b270c89,algorithm_q_learning,q_learning,train,76,123,hard,5,5,0.1,0.9,0.6832098777212641,default,100,-6.7,9,0,1,0,1,0.0009753450001426245,
algorithm_q_learning_q_learning_123_8b270c89,algorithm_q_learning,q_learning,train,77,123,hard,5,5,0.1,0.9,0.6797938283326578,default,100,6.1,13,1,1,0,0,0.0011428020000039396,
algorithm_q_learning_q_learning_123_8b270c89,algorithm_q_learning,q_learning,train,78,123,hard,5,5,0.1,0.9,0.6763948591909945,default,100,-20.699999999999996,32,0,1,0,1,0.0027148669998950936,
algorithm_q_learning_q_learning_123_8b270c89,algorithm_q_learning,q_learning,train,79,123,hard,5,5,0.1,0.9,0.6730128848950395,default,100,-7.7,10,0,1,0,1,0.00102876699997978,
algorithm_q_learning_q_learning_123_8b270c89,algorithm_q_learning,q_learning,train,80,123,hard,5,5,0.1,0.9,0.6696478204705644,default,100,3.9000000000000004,17,1,1,0,0,0.0016180530001292937,
algorithm_q_learning_q_learning_123_8b270c89,algorithm_q_learning,q_learning,train,81,123,hard,5,5,0.1,0.9,0.6662995813682115,default,100,-17.699999999999996,29,0,1,0,1,0.0024413849998836668,
algorithm_q_learning_q_learning_123_8b270c89,algorithm_q_learning,q_learning,train,82,123,hard,5,5,0.1,0.9,0.6629680834613705,default,100,-12.599999999999998,23,0,1,0,1,0.0021260350001739425,
algorithm_q_learning_q_learning_123_8b270c89,algorithm_q_learning,q_learning,train,83,123,hard,5,5,0.1,0.9,0.6596532430440636,default,100,6.299999999999999,11,1,1,0,0,0.0013179149998450157,
algorithm_q_learning_q_learning_123_8b270c89,algorithm_q_learning,q_learning,train,84,123,hard,5,5,0.1,0.9,0.6563549768288433,default,100,-12.999999999999998,18,0,1,0,1,0.001691289000063989,
algorithm_q_learning_q_learning_123_8b270c89,algorithm_q_learning,q_learning,train,85,123,hard,5,5,0.1,0.9,0.653073201944699,default,100,-9.799999999999999,13,0,1,0,1,0.0012422969998624467,
algorithm_q_learning_q_learning_123_8b270c89,algorithm_q_learning,q_learning,train,86,123,hard,5,5,0.1,0.9,0.6498078359349755,default,100,4.7,18,1,1,0,0,0.0019278019999546814,
algorithm_q_learning_q_learning_123_8b270c89,algorithm_q_learning,q_learning,train,87,123,hard,5,5,0.1,0.9,0.6465587967553006,default,100,-8.100000000000001,14,0,1,0,1,0.0012404019998939475,
algorithm_q_learning_q_learning_123_8b270c89,algorithm_q_learning,q_learning,train,88,123,hard,5,5,0.1,0.9,0.6433260027715241,default,100,-10.5,11,0,1,0,1,0.0009674880000147823,
algorithm_q_learning_q_learning_123_8b270c89,algorithm_q_learning,q_learning,train,89,123,hard,5,5,0.1,0.9,0.6401093727576664,default,100,5.8999999999999995,15,1,1,0,0,0.0014502280000669998,
algorithm_q_learning_q_learning_123_8b270c89,algorithm_q_learning,q_learning,train,90,123,hard,5,5,0.1,0.9,0.6369088258938781,default,100,-6.300000000000001,5,0,1,0,1,0.0005220830000780552,
algorithm_q_learning_q_learning_123_8b270c89,algorithm_q_learning,q_learning,train,91,123,hard,5,5,0.1,0.9,0.6337242817644086,default,100,-9.899999999999999,14,0,1,0,1,0.001135753999960798,
algorithm_q_learning_q_learning_123_8b270c89,algorithm_q_learning,q_learning,train,92,123,hard,5,5,0.1,0.9,0.6305556603555866,default,100,-15.099999999999998,21,0,1,0,1,0.0016696820000561274,
algorithm_q_learning_q_learning_123_8b270c89,algorithm_q_learning,q_learning,train,93,123,hard,5,5,0.1,0.9,0.6274028820538087,default,100,-10.499999999999998,11,0,1,0,1,0.0008290630000828969,
algorithm_q_learning_q_learning_123_8b270c89,algorithm_q_learning,q_learning,train,94,123,hard,5,5,0.1,0.9,0.6242658676435396,default,100,-7.300000000000001,6,0,1,0,1,0.000526771999830089,
algorithm_q_learning_q_learning_123_8b270c89,algorithm_q_learning,q_learning,train,95,123,hard,5,5,0.1,0.9,0.6211445383053219,default,100,-7.9,12,0,1,0,1,0.0012262630000350327,
algorithm_q_learning_q_learning_123_8b270c89,algorithm_q_learning,q_learning,train,96,123,hard,5,5,0.1,0.9,0.6180388156137953,default,100,1.7000000000000046,21,1,1,0,0,0.001985831999945731,
algorithm_q_learning_q_learning_123_8b270c89,algorithm_q_learning,q_learning,train,97,123,hard,5,5,0.1,0.9,0.6149486215357263,default,100,8.1,11,1,1,0,0,0.0012000029998944228,
algorithm_q_learning_q_learning_123_8b270c89,algorithm_q_learning,q_learning,train,98,123,hard,5,5,0.1,0.9,0.6118738784280476,default,100,2.5000000000000027,22,1,1,0,0,0.0019455869999092101,
algorithm_q_learning_q_learning_123_8b270c89,algorithm_q_learning,q_learning,train,99,123,hard,5,5,0.1,0.9,0.6088145090359074,default,100,-10.9,15,0,1,0,1,0.001210544000059599,
algorithm_q_learning_q_learning_123_8b270c89,algorithm_q_learning,q_learning,train,100,123,hard,5,5,0.1,0.9,0.6057704364907278,default,100,-7.9,12,0,1,0,1,0.0011311509999814007,
algorithm_q_learning_q_learning_123_8b270c89,algorithm_q_learning,q_learning,train,101,123,hard,5,5,0.1,0.9,0.6027415843082742,default,100,7.3,10,1,1,0,0,0.0011608300001171301,
algorithm_q_learning_q_learning_123_8b270c89,algorithm_q_learning,q_learning,train,102,123,hard,5,5,0.1,0.9,0.5997278763867329,default,100,-5.9,10,0,1,0,1,0.001135340000018914,
algorithm_q_learning_q_learning_123_8b270c89,algorithm_q_learning,q_learning,train,103,123,hard,5,5,0.1,0.9,0.5967292370047992,default,100,-5.3,4,0,1,0,1,0.0006433839998862823,
algorithm_q_learning_q_learning_123_8b270c89,algorithm_q_learning,q_learning,train,104,123,hard,5,5,0.1,0.9,0.5937455908197752,default,100,-10.8,14,0,1,0,1,0.001410074999967037,
algorithm_q_learning_q_learning_123_8b270c89,algorithm_q_learning,q_learning,train,105,123,hard,5,5,0.1,0.9,0.5907768628656763,default,100,-6.3,5,0,1,0,1,0.00048365299994657107,
algorithm_q_learning_q_learning_123_8b270c89,algorithm_q_learning,q_learning,train,106,123,hard,5,5,0.1,0.9,0.5878229785513479,default,100,-8.8,12,0,1,0,1,0.0011418049998610513,
algorithm_q_learning_q_learning_123_8b270c89,algorithm_q_learning,q_learning,train,107,123,hard,5,5,0.1,0.9,0.5848838636585911,default,100,-8.700000000000001,11,0,1,0,1,0.0011961860000155866,
algorithm_q_learning_q_learning_123_8b270c89,algorithm_q_learning,q_learning,train,108,123,hard,5,5,0.1,0.9,0.5819594443402982,default,100,5.1,14,1,1,0,0,0.001354956999875867,
algorithm_q_learning_q_learning_123_8b270c89,algorithm_q_learning,q_learning,train,109,123,hard,5,5,0.1,0.9,0.5790496471185967,default,100,8.299999999999999,9,1,1,0,0,0.00114316899998812,
algorithm_q_learning_q_learning_123_8b270c89,algorithm_q_learning,q_learning,train,110,123,hard,5,5,0.1,0.9,0.5761543988830038,default,100,5.9,15,1,1,0,0,0.0016127989999858983,
algorithm_q_learning_q_learning_123_8b270c89,algorithm_q_learning,q_learning,train,111,123,hard,5,5,0.1,0.9,0.5732736268885887,default,100,7.3,10,1,1,0,0,0.0010871980000501935,
algorithm_q_learning_q_learning_123_8b270c89,algorithm_q_learning,q_learning,train,112,123,hard,5,5,0.1,0.9,0.5704072587541458,default,100,-5.5,6,0,1,0,1,0.0006771649998427165,
algorithm_q_learning_q_learning_123_8b270c89,algorithm_q_learning,q_learning,train,113,123,hard,5,5,0.1,0.9,0.567555222460375,default,100,8.3,9,1,1,0,0,0.0010839670001132617,
algorithm_q_learning_q_learning_123_8b270c89,algorithm_q_learning,q_learning,train,114,123,hard,5,5,0.1,0.9,0.5647174463480732,default,100,-7.7,10,0,1,0,1,0.0008545280002181244,
algorithm_q_learning_q_learning_123_8b270c89,algorithm_q_learning,q_learning,train,115,123,hard,5,5,0.1,0.9,0.5618938591163328,default,100,-10.299999999999999,18,0,1,0,1,0.0017420379999748548,
algorithm_q_learning_q_learning_123_8b270c89,algorithm_q_learning,q_learning,train,116,123,hard,5,5,0.1,0.9,0.5590843898207511,default,100,-6.300000000000001,5,0,1,0,1,0.0005420029999640974,
algorithm_q_learning_q_learning_123_8b270c89,algorithm_q_learning,q_learning,train,117,123,hard,5,5,0.1,0.9,0.5562889678716474,default,100,-13.399999999999997,22,0,1,0,1,0.001870498000016596,
algorithm_q_learning_q_learning_123_8b270c89,algorithm_q_learning,q_learning,train,118,123,hard,5,5,0.1,0.9,0.5535075230322891,default,100,-6.300000000000001,5,0,1,0,1,0.0006083490000037273,
algorithm_q_learning_q_learning_123_8b270c89,algorithm_q_learning,q_learning,train,119,123,hard,5,5,0.1,0.9,0.5507399854171277,default,100,-10.3,18,0,1,0,1,0.001666320999902382,
algorithm_q_learning_q_learning_123_8b270c89,algorithm_q_learning,q_learning,train,120,123,hard,5,5,0.1,0.9,0.547986285490042,default,100,-11.1,17,0,1,0,1,0.0013506790000974433,
algorithm_q_learning_q_learning_123_8b270c89,algorithm_q_learning,q_learning,train,121,123,hard,5,5,0.1,0.9,0.5452463540625918,default,100,5.8999999999999995,15,1,1,0,0,0.0015622549999534385,
algorithm_q_learning_q_learning_123_8b270c89,algorithm_q_learning,q_learning,train,122,123,hard,5,5,0.1,0.9,0.5425201222922789,default,100,-7.700000000000001,10,0,1,0,1,0.0010348600001179875,
algorithm_q_learning_q_learning_123_8b270c89,algorithm_q_learning,q_learning,train,123,123,hard,5,5,0.1,0.9,0.5398075216808175,default,100,5.499999999999999,19,1,1,0,0,0.001979120999976658,
algorithm_q_learning_q_learning_123_8b270c89,algorithm_q_learning,q_learning,train,124,123,hard,5,5,0.1,0.9,0.5371084840724134,default,100,-5.5,6,0,1,0,1,0.0006610270002056495,
algorithm_q_learning_q_learning_123_8b270c89,algorithm_q_learning,q_learning,train,125,123,hard,5,5,0.1,0.9,0.5344229416520513,default,100,8.3,9,1,1,0,0,0.001244583000016064,
algorithm_q_learning_q_learning_123_8b270c89,algorithm_q_learning,q_learning,train,126,123,hard,5,5,0.1,0.9,0.531750826943791,default,100,-9.3,17,0,1,0,1,0.001498563000041031,
algorithm_q_learning_q_learning_123_8b270c89,algorithm_q_learning,q_learning,train,127,123,hard,5,5,0.1,0.9,0.5290920728090721,default,100,-9.6,11,0,1,0,1,0.0009495609999703447,
algorithm_q_learning_q_learning_123_8b270c89,algorithm_q_learning,q_learning,train,128,123,hard,5,5,0.1,0.9,0.5264466124450268,default,100,4.9,16,1,1,0,0,0.0013803740000639664,
algorithm_q_learning_q_learning_123_8b270c89,algorithm_q_learning,q_learning,train,129,123,hard,5,5,0.1,0.9,0.5238143793828016,default,100,6.1,13,1,1,0,0,0.0013273299998672883,
algorithm_q_learning_q_learning_123_8b270c89,algorithm_q_learning,q_learning,train,130,123,hard,5,5,0.1,0.9,0.5211953074858876,default,100,7.1,12,1,1,0,0,0.0012796250000519649,
algorithm_q_learning_q_learning_123_8b270c89,algorithm_q_learning,q_learning,train,131,123,hard,5,5,0.1,0.9,0.5185893309484582,default,100,6.499999999999998,18,1,1,0,0,0.0017604750000828062,
algorithm_q_learning_q_learning_123_8b270c89,algorithm_q_learning,q_learning,train,132,123,hard,5,5,0.1,0.9,0.5159963842937159,default,100,-11.9,16,0,1,0,1,0.0013416770000276301,
algorithm_q_learning_q_learning_123_8b270c89,algorithm_q_learning,q_learning,train,133,123,hard,5,5,0.1,0.9,0.5134164023722473,default,100,6.299999999999999,20,1,1,0,0,0.0020473229999424802,
algorithm_q_learning_q_learning_123_8b270c89,algorithm_q_learning,q_learning,train,134,123,hard,5,5,0.1,0.9,0.510849320360386,default,100,6.099999999999999,22,1,1,0,0,0.002185282000027655,
algorithm_q_learning_q_learning_123_8b270c89,algorithm_q_learning,q_learning,train,135,123,hard,5,5,0.1,0.9,0.5082950737585841,default,100,-5.7,8,0,1,0,1,0.0008526010001332907,
algorithm_q_learning_q_learning_123_8b270c89,algorithm_q_learning,q_learning,train,136,123,hard,5,5,0.1,0.9,0.5057535983897912,default,100,4.100000000000001,24,1,1,0,0,0.0022930970001198148,
algorithm_q_learning_q_learning_123_8b270c89,algorithm_q_learning,q_learning,train,137,123,hard,5,5,0.1,0.9,0.5032248303978422,default,100,9.3,8,1,1,0,0,0.0010617819998515188,
algorithm_q_learning_q_learning_123_8b270c89,algorithm_q_learning,q_learning,train,138,123,hard,5,5,0.1,0.9,0.500708706245853,default,100,5.8999999999999995,15,1,1,0,0,0.0016155900000285328,
algorithm_q_learning_q_learning_123_8b270c89,algorithm_q_learning,q_learning,train,139,123,hard,5,5,0.1,0.9,0.4982051627146237,default,100,7.1,12,1,1,0,0,0.0012397569998938707,
algorithm_q_learning_q_learning_123_8b270c89,algorithm_q_learning,q_learning,train,140,123,hard,5,5,0.1,0.9,0.49571413690105054,default,100,6.1,13,1,1,0,0,0.0011774970000715257,
algorithm_q_learning_q_learning_123_8b270c89,algorithm_q_learning,q_learning,train,141,123,hard,5,5,0.1,0.9,0.4932355662165453,default,100,-7.7,10,0,1,0,1,0.0010758579999219364,
algorithm_q_learning_q_learning_123_8b270c89,algorithm_q_learning,q_learning,train,142,123,hard,5,5,0.1,0.9,0.4907693883854626,default,100,3.700000000000001,19,1,1,0,0,0.0018518750000566797,
algorithm_q_learning_q_learning_123_8b270c89,algorithm_q_learning,q_learning,train,143,123,hard,5,5,0.1,0.9,0.4883155414435353,default,100,7.299999999999999,10,1,1,0,0,0.0011548420000053738,
algorithm_q_learning_q_learning_123_8b270c89,algorithm_q_learning,q_learning,train,144,123,hard,5,5,0.1,0.9,0.4858739637363176,default,100,3.5000000000000036,21,1,1,0,0,0.002124476000062714,
algorithm_q_learning_q_learning_123_8b270c89,algorithm_q_learning,q_learning,train,145,123,hard,5,5,0.1,0.9,0.483444593917636,default,100,-9.5,10,0,1,0,1,0.0009858429998530482,
algorithm_q_learning_q_learning_123_8b270c89,algorithm_q_learning,q_learning,train,146,123,hard,5,5,0.1,0.9,0.4810273709480478,default,100,-7.800000000000001,11,0,1,0,1,0.000956768999913038,
algorithm_q_learning_q_learning_123_8b270c89,algorithm_q_learning,q_learning,train,147,123,hard,5,5,0.1,0.9,0.47862223409330756,default,100,-9.8,13,0,1,0,1,0.0012529200000699348,
algorithm_q_learning_q_learning_123_8b270c89,algorithm_q_learning,q_learning,train,148,123,hard,5,5,0.1,0.9,0.47622912292284103,default,100,-5.3,4,0,1,0,1,0.0005500500001289765,
algorithm_q_learning_q_learning_123_8b270c89,algorithm_q_learning,q_learning,train,149,123,hard,5,5,0.1,0.9,0.4738479773082268,default,100,2.700000000000003,20,1,1,0,0,0.0020709420000457612,
algorithm_q_learning_q_learning_123_8b270c89,algorithm_q_learning,q_learning,train,150,123,hard,5,5,0.1,0.9,0.47147873742168567,default,100,8.1,11,1,1,0,0,0.0010861139999178704,
algorithm_q_learning_q_learning_123_8b270c89,algorithm_q_learning,q_learning,train,151,123,hard,5,5,0.1,0.9,0.46912134373457726,default,100,7.299999999999999,10,1,1,0,0,0.0013121179999870947,
algorithm_q_learning_q_learning_123_8b270c89,algorithm_q_learning,q_learning,train,152,123,hard,5,5,0.1,0.9,0.46677573701590436,default,100,5.300000000000001,12,1,1,0,0,0.0014608159999625059,
algorithm_q_learning_q_learning_123_8b270c89,algorithm_q_learning,q_learning,train,153,123,hard,5,5,0.1,0.9,0.46444185833082485,default,100,8.3,9,1,1,0,0,0.0010671160000583768,
algorithm_q_learning_q_learning_123_8b270c89,algorithm_q_learning,q_learning,train,154,123,hard,5,5,0.1,0.9,0.46211964903917074,default,100,-6.5,7,0,1,0,1,0.000591169000017544,
algorithm_q_learning_q_learning_123_8b270c89,algorithm_q_learning,q_learning,train,155,123,hard,5,5,0.1,0.9,0.4598090507939749,default,100,6.8999999999999995,14,1,1,0,0,0.0014467749999766966,
algorithm_q_learning_q_learning_123_8b270c89,algorithm_q_learning,q_learning,train,156,123,hard,5,5,0.1,0.9,0.457510005540005,default,100,7.8999999999999995,13,1,1,0,0,0.0016109230000438401,
algorithm_q_learning_q_learning_123_8b270c89,algorithm_q_learning,q_learning,train,157,123,hard,5,5,0.1,0.9,0.45522245551230495,default,100,6.1,13,1,1,0,0,0.001325382000004538,
algorithm_q_learning_q_learning_123_8b270c89,algorithm_q_learning,q_learning,train,158,123,hard,5,5,0.1,0.9,0.4529463432347434,default,100,-7.800000000000001,11,0,1,0,1,0.0011374210000667517,
algorithm_q_learning_q_learning_123_8b270c89,algorithm_q_learning,q_learning,train,159,123,hard,5,5,0.1,0.9,0.4506816115185697,default,100,-7.700000000000001,10,0,1,0,1,0.0011383840001144563,
algorithm_q_learning_q_learning_123_8b270c89,algorithm_q_learning,q_learning,train,160,123,hard,5,5,0.1,0.9,0.4484282034609769,default,100,3.5000000000000018,21,1,1,0,0,0.0021139599998605263,
algorithm_q_learning_q_learning_123_8b270c89,algorithm_q_learning,q_learning,train,161,123,hard,5,5,0.1,0.9,0.446186062443672,default,100,-6.800000000000001,10,0,1,0,1,0.0013018849999753002,
algorithm_q_learning_q_learning_123_8b270c89,algorithm_q_learning,q_learning,train,162,123,hard,5,5,0.1,0.9,0.4439551321314536,default,100,8.1,11,1,1,0,0,0.0012550820001706597,
algorithm_q_learning_q_learning_123_8b270c89,algorithm_q_learning,q_learning,train,163,123,hard,5,5,0.1,0.9,0.4417353564707963,default,100,8.299999999999999,9,1,1,0,0,0.001088613999854715,
algorithm_q_learning_q_learning_123_8b270c89,algorithm_q_learning,q_learning,train,164,123,hard,5,5,0.1,0.9,0.43952667968844233,default,100,9.1,10,1,1,0,0,0.0011880539998401218,
algorithm_q_learning_q_learning_123_8b270c89,algorithm_q_learning,q_learning,train,165,123,hard,5,5,0.1,0.9,0.43732904629000013,default,100,-6.5,7,0,1,0,1,0.0008019960000638093,
algorithm_q_learning_q_learning_123_8b270c89,algorithm_q_learning,q_learning,train,166,123,hard,5,5,0.1,0.9,0.4351424010585501,default,100,4.300000000000002,22,1,1,0,0,0.002181732999815722,
algorithm_q_learning_q_learning_123_8b270c89,algorithm_q_learning,q_learning,train,167,123,hard,5,5,0.1,0.9,0.43296668905325736,default,100,-9.5,10,0,1,0,1,0.0008782830000200192,
algorithm_q_learning_q_learning_123_8b270c89,algorithm_q_learning,q_learning,train,168,123,hard,5,5,0.1,0.9,0.43080185560799106,default,100,-5.5,6,0,1,0,1,0.0008982619999642338,
algorithm_q_learning_q_learning_123_8b270c89,algorithm_q_learning,q_learning,train,169,123,hard,5,5,0.1,0.9,0.4286478463299511,default,100,6.8999999999999995,14,1,1,0,0,0.0015713459999915358,
algorithm_q_learning_q_learning_123_8b270c89,algorithm_q_learning,q_learning,train,170,123,hard,5,5,0.1,0.9,0.42650460709830135,default,100,5.3,12,1,1,0,0,0.00139176899983795,
algorithm_q_learning_q_learning_123_8b270c89,algorithm_q_learning,q_learning,train,171,123,hard,5,5,0.1,0.9,0.42437208406280985,default,100,-7.300000000000001,6,0,1,0,1,0.0007467580001048191,
algorithm_q_learning_q_learning_123_8b270c89,algorithm_q_learning,q_learning,train,172,123,hard,5,5,0.1,0.9,0.4222502236424958,default,100,-7.7,10,0,1,0,1,0.0009685779998562793,
algorithm_q_learning_q_learning_123_8b270c89,algorithm_q_learning,q_learning,train,173,123,hard,5,5,0.1,0.9,0.42013897252428334,default,100,-5.3,4,0,1,0,1,0.0005588900000930153,
algorithm_q_learning_q_learning_123_8b270c89,algorithm_q_learning,q_learning,train,174,123,hard,5,5,0.1,0.9,0.4180382776616619,default,100,9.1,10,1,1,0,0,0.001130051000018284,
algorithm_q_learning_q_learning_123_8b270c89,algorithm_q_learning,q_learning,train,175,123,hard,5,5,0.1,0.9,0.4159480862733536,default,100,-7.6,9,0,1,0,1,0.0009963339998648735,
algorithm_q_learning_q_learning_123_8b270c89,algorithm_q_learning,q_learning,train,176,123,hard,5,5,0.1,0.9,0.41386834584198684,default,100,-6.7,9,0,1,0,1,0.0011341460001403902,
algorithm_q_learning_q_learning_123_8b270c89,algorithm_q_learning,q_learning,train,177,123,hard,5,5,0.1,0.9,0.4117990041127769,default,100,-9.6,11,0,1,0,1,0.001071443000000727,
algorithm_q_learning_q_learning_123_8b270c89,algorithm_q_learning,q_learning,train,178,123,hard,5,5,0.1,0.9,0.40974000909221303,default,100,8.1,11,1,1,0,0,0.0012608680001449102,
algorithm_q_learning_q_learning_123_8b270c89,algorithm_q_learning,q_learning,train,179,123,hard,5,5,0.1,0.9,0.40769130904675194,default,100,9.3,8,1,1,0,0,0.0009823150001011527,
algorithm_q_learning_q_learning_123_8b270c89,algorithm_q_learning,q_learning,train,180,123,hard,5,5,0.1,0.9,0.40565285250151817,default,100,-5.5,6,0,1,0,1,0.0007744489998913195,
algorithm_q_learning_q_learning_123_8b270c89,algorithm_q_learning,q_learning,train,181,123,hard,5,5,0.1,0.9,0.4036245882390106,default,100,-7.000000000000001,12,0,1,0,1,0.0015480800000204908,
algorithm_q_learning_q_learning_123_8b270c89,algorithm_q_learning,q_learning,train,182,123,hard,5,5,0.1,0.9,0.4016064652978155,default,100,6.1,13,1,1,0,0,0.0013716560001739708,
algorithm_q_learning_q_learning_123_8b270c89,algorithm_q_learning,q_learning,train,183,123,hard,5,5,0.1,0.9,0.3995984329713264,default,100,2.700000000000002,20,1,1,0,0,0.001974846000166508,
algorithm_q_learning_q_learning_123_8b270c89,algorithm_q_learning,q_learning,train,184,123,hard,5,5,0.1,0.9,0.3976004408064698,default,100,-5.5,6,0,1,0,1,0.0008868590000474796,
algorithm_q_learning_q_learning_123_8b270c89,algorithm_q_learning,q_learning,train,185,123,hard,5,5,0.1,0.9,0.39561243860243744,default,100,-6.3,5,0,1,0,1,0.0006049439998605521,
algorithm_q_learning_q_learning_123_8b270c89,algorithm_q_learning,q_learning,train,186,123,hard,5,5,0.1,0.9,0.3936343764094253,default,100,8.3,9,1,1,0,0,0.0009664409999459167,
algorithm_q_learning_q_learning_123_8b270c89,algorithm_q_learning,q_learning,train,187,123,hard,5,5,0.1,0.9,0.39166620452737816,default,100,-6.800000000000001,10,0,1,0,1,0.0011227420000068378,
algorithm_q_learning_q_learning_123_8b270c89,algorithm_q_learning,q_learning,train,188,123,hard,5,5,0.1,0.9,0.3897078735047413,default,100,6.1,13,1,1,0,0,0.0013111450000451441,
algorithm_q_learning_q_learning_123_8b270c89,algorithm_q_learning,q_learning,train,189,123,hard,5,5,0.1,0.9,0.3877593341372176,default,100,7.1,12,1,1,0,0,0.0013378809999267105,
algorithm_q_learning_q_learning_123_8b270c89,algorithm_q_learning,q_learning,train,190,123,hard,5,5,0.1,0.9,0.3858205374665315,default,100,6.699999999999999,16,1,1,0,0,0.0018943840000247292,
algorithm_q_learning_q_learning_123_8b270c89,algorithm_q_learning,q_learning,train,191,123,hard,5,5,0.1,0.9,0.38389143477919885,default,100,6.9,14,1,1,0,0,0.0016514389999429113,
algorithm_q_learning_q_learning_123_8b270c89,algorithm_q_learning,q_learning,train,192,123,hard,5,5,0.1,0.9,0.3819719776053028,default,100,9.1,10,1,1,0,0,0.001405478000151561,
algorithm_q_learning_q_learning_123_8b270c89,algorithm_q_learning,q_learning,train,193,123,hard,5,5,0.1,0.9,0.3800621177172763,default,100,9.3,8,1,1,0,0,0.0010637340001267148,
algorithm_q_learning_q_learning_123_8b270c89,algorithm_q_learning,q_learning,train,194,123,hard,5,5,0.1,0.9,0.37816180712868996,default,100,4.500000000000002,20,1,1,0,0,0.0021486040000127105,
algorithm_q_learning_q_learning_123_8b270c89,algorithm_q_learning,q_learning,train,195,123,hard,5,5,0.1,0.9,0.37627099809304654,default,100,8.1,11,1,1,0,0,0.0012284319998343562,
algorithm_q_learning_q_learning_123_8b270c89,algorithm_q_learning,q_learning,train,196,123,hard,5,5,0.1,0.9,0.3743896431025813,default,100,8.299999999999999,9,1,1,0,0,0.0011396079999030917,
algorithm_q_learning_q_learning_123_8b270c89,algorithm_q_learning,q_learning,train,197,123,hard,5,5,0.1,0.9,0.37251769488706843,default,100,9.3,8,1,1,0,0,0.0010551800000939693,
algorithm_q_learning_q_learning_123_8b270c89,algorithm_q_learning,q_learning,train,198,123,hard,5,5,0.1,0.9,0.3706551064126331,default,100,-6.5,7,0,1,0,1,0.0008877519999259675,
algorithm_q_learning_q_learning_123_8b270c89,algorithm_q_learning,q_learning,train,199,123,hard,5,5,0.1,0.9,0.36880183088056995,default,100,4.100000000000001,15,1,1,0,0,0.001626685000019279,
algorithm_q_learning_q_learning_123_8b270c89,algorithm_q_learning,q_learning,train,200,123,hard,5,5,0.1,0.9,0.3669578217261671,default,100,6.899999999999999,14,1,1,0,0,0.0016539020000436722,results/algorithm_comparison/q_learning/seed_123/qtable_ep200.npz
algorithm_q_learning_q_learning_123_8b270c89,algorithm_q_learning,q_learning,train,201,123,hard,5,5,0.1,0.9,0.36512303261753626,default,100,-7.700000000000001,10,0,1,0,1,0.0011858960001518426,
algorithm_q_learning_q_learning_123_8b270c89,algorithm_q_learning,q_learning,train,202,123,hard,5,5,0.1,0.9,0.3632974174544486,default,100,8.1,11,1,1,0,0,0.0012885359999472712,
algorithm_q_learning_q_learning_123_8b270c89,algorithm_q_learning,q_learning,train,203,123,hard,5,5,0.1,0.9,0.3614809303671764,default,100,-6.5,7,0,1,0,1,0.0007984500000475236,
algorithm_q_learning_q_learning_123_8b270c89,algorithm_q_learning,q_learning,train,204,123,hard,5,5,0.1,0.9,0.3596735257153405,default,100,8.299999999999999,9,1,1,0,0,0.001190910999866901,
algorithm_q_learning_q_learning_123_8b270c89,algorithm_q_learning,q_learning,train,205,123,hard,5,5,0.1,0.9,0.3578751580867638,default,100,5.8999999999999995,15,1,1,0,0,0.00175528799991298,
algorithm_q_learning_q_learning_123_8b270c89,algorithm_q_learning,q_learning,train,206,123,hard,5,5,0.1,0.9,0.35608578229633,default,100,1.900000000000004,28,1,1,0,0,0.002763756000149442,
algorithm_q_learning_q_learning_123_8b270c89,algorithm_q_learning,q_learning,train,207,123,hard,5,5,0.1,0.9,0.3543053533848483,default,100,5.1000000000000005,14,1,1,0,0,0.0014489279999452265,
algorithm_q_learning_q_learning_123_8b270c89,algorithm_q_learning,q_learning,train,208,123,hard,5,5,0.1,0.9,0.35253382661792404,default,100,9.3,8,1,1,0,0,0.00096149000000878,
algorithm_q_learning_q_learning_123_8b270c89,algorithm_q_learning,q_learning,train,209,123,hard,5,5,0.1,0.9,0.3507711574848344,default,100,7.5,17,1,1,0,0,0.0018706579999161477,
algorithm_q_learning_q_learning_123_8b270c89,algorithm_q_learning,q_learning,train,210,123,hard,5,5,0.1,0.9,0.34901730169741024,default,100,-5.7,8,0,1,0,1,0.0009602699999504694,
algorithm_q_learning_q_learning_123_8b270c89,algorithm_q_learning,q_learning,train,211,123,hard,5,5,0.1,0.9,0.3472722151889232,default,100,9.1,10,1,1,0,0,0.00117860299997119,
algorithm_q_learning_q_learning_123_8b270c89,algorithm_q_learning,q_learning,train,212,123,hard,5,5,0.1,0.9,0.3455358541129786,default,100,6.299999999999999,11,1,1,0,0,0.0013258980000045995,
algorithm_q_learning_q_learning_123_8b270c89,algorithm_q_learning,q_learning,train,213,123,hard,5,5,0.1,0.9,0.3438081748424137,default,100,8.3,9,1,1,0,0,0.00102770899979987,
algorithm_q_learning_q_learning_123_8b270c89,algorithm_q_learning,q_learning,train,214,123,hard,5,5,0.1,0.9,0.3420891339682016,default,100,8.1,11,1,1,0,0,0.0014419149999866931,
algorithm_q_learning_q_learning_123_8b270c89,algorithm_q_learning,q_learning,train,215,123,hard,5,5,0.1,0.9,0.3403786882983606,default,100,-6.3,5,0,1,0,1,0.0006331970000701403,
algorithm_q_learning_q_learning_123_8b270c89,algorithm_q_learning,q_learning,train,216,123,hard,5,5,0.1,0.9,0.3386767948568688,default,100,9.3,8,1,1,0,0,0.0010935730001619959,
algorithm_q_learning_q_learning_123_8b270c89,algorithm_q_learning,q_learning,train,217,123,hard,5,5,0.1,0.9,0.33698341088258443,default,100,6.899999999999999,14,1,1,0,0,0.0013764650000211986,
algorithm_q_learning_q_learning_123_8b270c89,algorithm_q_learning,q_learning,train,218,123,hard,5,5,0.1,0.9,0.3352984938281715,default,100,8.299999999999999,9,1,1,0,0,0.0010829729999386473,
algorithm_q_learning_q_learning_123_8b270c89,algorithm_q_learning,q_learning,train,219,123,hard,5,5,0.1,0.9,0.33362200135903064,default,100,7.1,12,1,1,0,0,0.001426930999969045,
algorithm_q_learning_q_learning_123_8b270c89,algorithm_q_learning,q_learning,train,220,123,hard,5,5,0.1,0.9,0.33195389135223546,default,100,6.699999999999999,16,1,1,0,0,0.001749351999933424,
algorithm_q_learning_q_learning_123_8b270c89,algorithm_q_learning,q_learning,train,221,123,hard,5,5,0.1,0.9,0.3302941218954743,default,100,-6.6000000000000005,8,0,1,0,1,0.0010510730000987678,
algorithm_q_learning_q_learning_123_8b270c89,algorithm_q_learning,q_learning,train,222,123,hard,5,5,0.1,0.9,0.32864265128599696,default,100,8.1,11,1,1,0,0,0.0012985470000330679,
algorithm_q_learning_q_learning_123_8b270c89,algorithm_q_learning,q_learning,train,223,123,hard,5,5,0.1,0.9,0.326999438029567,default,100,9.1,10,1,1,0,0,0.0013620460001675383,
algorithm_q_learning_q_learning_123_8b270c89,algorithm_q_learning,q_learning,train,224,123,hard,5,5,0.1,0.9,0.3253644408394192,default,100,7.299999999999999,10,1,1,0,0,0.0011392300000352407,
algorithm_q_learning_q_learning_123_8b270c89,algorithm_q_learning,q_learning,train,225,123,hard,5,5,0.1,0.9,0.3237376186352221,default,100,9.3,8,1,1,0,0,0.0010769179998533218,
algorithm_q_learning_q_learning_123_8b270c89,algorithm_q_learning,q_learning,train,226,123,hard,5,5,0.1,0.9,0.322118930542046,default,100,-6.3,5,0,1,0,1,0.0006159810000099242,
algorithm_q_learning_q_learning_123_8b270c89,algorithm_q_learning,q_learning,train,227,123,hard,5,5,0.1,0.9,0.32050833588933575,default,100,-7.0,12,0,1,0,1,0.0013312189998941903,
algorithm_q_learning_q_learning_123_8b270c89,algorithm_q_learning,q_learning,train,228,123,hard,5,5,0.1,0.9,0.31890579420988907,default,100,7.8999999999999995,13,1,1,0,0,0.0015173949998370517,
algorithm_q_learning_q_learning_123_8b270c89,algorithm_q_learning,q_learning,train,229,123,hard,5,5,0.1,0.9,0.3173112652388396,default,100,6.1,13,1,1,0,0,0.0014667179998468782,
algorithm_q_learning_q_learning_123_8b270c89,algorithm_q_learning,q_learning,train,230,123,hard,5,5,0.1,0.9,0.3157247089126454,default,100,5.7,17,1,1,0,0,0.0018543290000252455,
algorithm_q_learning_q_learning_123_8b270c89,algorithm_q_learning,q_learning,train,231,123,hard,5,5,0.1,0.9,0.3141460853680822,default,100,9.3,8,1,1,0,0,0.001028958999995666,
algorithm_q_learning_q_learning_123_8b270c89,algorithm_q_learning,q_learning,train,232,123,hard,5,5,0.1,0.9,0.3125753549412418,default,100,-5.6,7,0,1,0,1,0.000786336000146548,
algorithm_q_learning_q_learning_123_8b270c89,algorithm_q_learning,q_learning,train,233,123,hard,5,5,0.1,0.9,0.31101247816653554,default,100,-7.9,12,0,1,0,1,0.0012845910000578442,
algorithm_q_learning_q_learning_123_8b270c89,algorithm_q_learning,q_learning,train,234,123,hard,5,5,0.1,0.9,0.30945741577570285,default,100,9.3,8,1,1,0,0,0.001039609999907043,
algorithm_q_learning_q_learning_123_8b270c89,algorithm_q_learning,q_learning,train,235,123,hard,5,5,0.1,0.9,0.3079101286968243,default,100,9.3,8,1,1,0,0,0.0011704089999966527,
algorithm_q_learning_q_learning_123_8b270c89,algorithm_q_learning,q_learning,train,236,123,hard,5,5,0.1,0.9,0.3063705780533402,default,100,8.1,11,1,1,0,0,0.001371899000105259,
algorithm_q_learning_q_learning_123_8b270c89,algorithm_q_learning,q_learning,train,237,123,hard,5,5,0.1,0.9,0.30483872516307353,default,100,6.299999999999999,11,1,1,0,0,0.0012434999998731655,
algorithm_q_learning_q_learning_123_8b270c89,algorithm_q_learning,q_learning,train,238,123,hard,5,5,0.1,0.9,0.3033145315372582,default,100,-6.5,7,0,1,0,1,0.000787909999871772,
algorithm_q_learning_q_learning_123_8b270c89,algorithm_q_learning,q_learning,train,239,123,hard,5,5,0.1,0.9,0.3017979588795719,default,100,8.1,11,1,1,0,0,0.0013101370000185852,
algorithm_q_learning_q_learning_123_8b270c89,algorithm_q_learning,q_learning,train,240,123,hard,5,5,0.1,0.9,0.30028896908517405,default,100,6.699999999999999,16,1,1,0,0,0.001677500000141663,
algorithm_q_learning_q_learning_123_8b270c89,algorithm_q_learning,q_learning,train,241,123,hard,5,5,0.1,0.9,0.2987875242397482,default,100,9.3,8,1,1,0,0,0.0011261289998856228,
algorithm_q_learning_q_learning_123_8b270c89,algorithm_q_learning,q_learning,train,242,123,hard,5,5,0.1,0.9,0.29729358661854943,default,100,-6.3,5,0,1,0,1,0.0006040680000296561,
algorithm_q_learning_q_learning_123_8b270c89,algorithm_q_learning,q_learning,train,243,123,hard,5,5,0.1,0.9,0.29580711868545667,default,100,-5.7,8,0,1,0,1,0.0009796230001484219,
algorithm_q_learning_q_learning_123_8b270c89,algorithm_q_learning,q_learning,train,244,123,hard,5,5,0.1,0.9,0.2943280830920294,default,100,-5.3,4,0,1,0,1,0.0006208709999100392,
algorithm_q_learning_q_learning_123_8b270c89,algorithm_q_learning,q_learning,train,245,123,hard,5,5,0.1,0.9,0.29285644267656924,default,100,8.299999999999999,9,1,1,0,0,0.0011184079999111418,
algorithm_q_learning_q_learning_123_8b270c89,algorithm_q_learning,q_learning,train,246,123,hard,5,5,0.1,0.9,0.2913921604631864,default,100,-5.3,4,0,1,0,1,0.0005677460001152212,
algorithm_q_learning_q_learning_123_8b270c89,algorithm_q_learning,q_learning,train,247,123,hard,5,5,0.1,0.9,0.28993519966087045,default,100,7.299999999999999,10,1,1,0,0,0.0010871719998704066,
algorithm_q_learning_q_learning_123_8b270c89,algorithm_q_learning,q_learning,train,248,123,hard,5,5,0.1,0.9,0.2884855236625661,default,100,9.3,8,1,1,0,0,0.0010224659999948926,
algorithm_q_learning_q_learning_123_8b270c89,algorithm_q_learning,q_learning,train,249,123,hard,5,5,0.1,0.9,0.28704309604425327,default,100,8.1,11,1,1,0,0,0.0013162289999399945,
algorithm_q_learning_q_learning_123_8b270c89,algorithm_q_learning,q_learning,train,250,123,hard,5,5,0.1,0.9,0.285607880564032,default,100,7.699999999999999,15,1,1,0,0,0.0015362799999820709,
algorithm_q_learning_q_learning_123_8b270c89,algorithm_q_learning,q_learning,train,251,123,hard,5,5,0.1,0.9,0.28417984116121187,default,100,9.3,8,1,1,0,0,0.0010904360001404712,
algorithm_q_learning_q_learning_123_8b270c89,algorithm_q_learning,q_learning,train,252,123,hard,5,5,0.1,0.9,0.2827589419554058,default,100,9.3,8,1,1,0,0,0.0010406230001080985,
algorithm_q_learning_q_learning_123_8b270c89,algorithm_q_learning,q_learning,train,253,123,hard,5,5,0.1,0.9,0.28134514724562876,default,100,9.1,10,1,1,0,0,0.0013984449999497883,
algorithm_q_learning_q_learning_123_8b270c89,algorithm_q_learning,q_learning,train,254,123,hard,5,5,0.1,0.9,0.2799384215094006,default,100,8.3,9,1,1,0,0,0.0012009399999897141,
algorithm_q_learning_q_learning_123_8b270c89,algorithm_q_learning,q_learning,train,255,123,hard,5,5,0.1,0.9,0.27853872940185365,default,100,9.3,8,1,1,0,0,0.0011551570000847278,
algorithm_q_learning_q_learning_123_8b270c89,algorithm_q_learning,q_learning,train,256,123,hard,5,5,0.1,0.9,0.27714603575484437,default,100,7.299999999999999,10,1,1,0,0,0.001264294000066002,
algorithm_q_learning_q_learning_123_8b270c89,algorithm_q_learning,q_learning,train,257,123,hard,5,5,0.1,0.9,0.2757603055760701,default,100,7.9,13,1,1,0,0,0.0014388140000392013,
algorithm_q_learning_q_learning_123_8b270c89,algorithm_q_learning,q_learning,train,258,123,hard,5,5,0.1,0.9,0.2743815040481898,default,100,9.3,8,1,1,0,0,0.001155211999957828,
algorithm_q_learning_q_learning_123_8b270c89,algorithm_q_learning,q_learning,train,259,123,hard,5,5,0.1,0.9,0.2730095965279488,default,100,-8.5,9,0,1,0,1,0.0010043889999451494,
algorithm_q_learning_q_learning_123_8b270c89,algorithm_q_learning,q_learning,train,260,123,hard,5,5,0.1,0.9,0.27164454854530906,default,100,7.299999999999999,10,1,1,0,0,0.0010912430000189488,
algorithm_q_learning_q_learning_123_8b270c89,algorithm_q_learning,q_learning,train,261,123,hard,5,5,0.1,0.9,0.2702863258025825,default,100,9.3,8,1,1,0,0,0.0012490860001435067,
algorithm_q_learning_q_learning_123_8b270c89,algorithm_q_learning,q_learning,train,262,123,hard,5,5,0.1,0.9,0.2689348941735696,default,100,7.299999999999999,10,1,1,0,0,0.0011976630000845034,
algorithm_q_learning_q_learning_123_8b270c89,algorithm_q_learning,q_learning,train,263,123,hard,5,5,0.1,0.9,0.26759021970270175,default,100,9.3,8,1,1,0,0,0.001022558999920875,
algorithm_q_learning_q_learning_123_8b270c89,algorithm_q_learning,q_learning,train,264,123,hard,5,5,0.1,0.9,0.2662522686041882,default,100,-6.6000000000000005,8,0,1,0,1,0.0009901409998747113,
algorithm_q_learning_q_learning_123_8b270c89,algorithm_q_learning,q_learning,train,265,123,hard,5,5,0.1,0.9,0.2649210072611673,default,100,9.3,8,1,1,0,0,0.0010757200000170997,
algorithm_q_learning_q_learning_123_8b270c89,algorithm_q_learning,q_learning,train,266,123,hard,5,5,0.1,0.9,0.26359640222486147,default,100,9.1,10,1,1,0,0,0.0012634519998755422,
algorithm_q_learning_q_learning_123_8b270c89,algorithm_q_learning,q_learning,train,267,123,hard,5,5,0.1,0.9,0.26227842021373715,default,100,-6.6000000000000005,8,0,1,0,1,0.0009593170000243845,
algorithm_q_learning_q_learning_123_8b270c89,algorithm_q_learning,q_learning,train,268,123,hard,5,5,0.1,0.9,0.2609670281126685,default,100,-5.3,4,0,1,0,1,0.0005608359999769164,
algorithm_q_learning_q_learning_123_8b270c89,algorithm_q_learning,q_learning,train,269,123,hard,5,5,0.1,0.9,0.25966219297210513,default,100,7.1,12,1,1,0,0,0.0013780640001641586,
algorithm_q_learning_q_learning_123_8b270c89,algorithm_q_learning,q_learning,train,270,123,hard,5,5,0.1,0.9,0.2583638820072446,default,100,8.299999999999999,9,1,1,0,0,0.0011787689998072892,
algorithm_q_learning_q_learning_123_8b270c89,algorithm_q_learning,q_learning,train,271,123,hard,5,5,0.1,0.9,0.2570720625972084,default,100,-7.700000000000001,10,0,1,0,1,0.0011180169999533973,
algorithm_q_learning_q_learning_123_8b270c89,algorithm_q_learning,q_learning,train,272,123,hard,5,5,0.1,0.9,0.25578670228422234,default,100,8.299999999999999,9,1,1,0,0,0.0010900360000505316,
algorithm_q_learning_q_learning_123_8b270c89,algorithm_q_learning,q_learning,train,273,123,hard,5,5,0.1,0.9,0.25450776877280124,default,100,8.7,14,1,1,0,0,0.0017475180000019463,
algorithm_q_learning_q_learning_123_8b270c89,algorithm_q_learning,q_learning,train,274,123,hard,5,5,0.1,0.9,0.2532352299289372,default,100,-6.5,7,0,1,0,1,0.000787964999972246,
algorithm_q_learning_q_learning_123_8b270c89,algorithm_q_learning,q_learning,train,275,123,hard,5,5,0.1,0.9,0.2519690537792925,default,100,9.1,10,1,1,0,0,0.0012784790001205693,
algorithm_q_learning_q_learning_123_8b270c89,algorithm_q_learning,q_learning,train,276,123,hard,5,5,0.1,0.9,0.2507092085103961,default,100,-5.5,6,0,1,0,1,0.0007866540001941758,
algorithm_q_learning_q_learning_123_8b270c89,algorithm_q_learning,q_learning,train,277,123,hard,5,5,0.1,0.9,0.2494556624678441,default,100,9.1,10,1,1,0,0,0.001353667000103087,
algorithm_q_learning_q_learning_123_8b270c89,algorithm_q_learning,q_learning,train,278,123,hard,5,5,0.1,0.9,0.24820838415550486,default,100,6.899999999999999,14,1,1,0,0,0.001561541999990368,
algorithm_q_learning_q_learning_123_8b270c89,algorithm_q_learning,q_learning,train,279,123,hard,5,5,0.1,0.9,0.24696734223472733,default,100,9.1,10,1,1,0,0,0.0012678749999395222,
algorithm_q_learning_q_learning_123_8b270c89,algorithm_q_learning,q_learning,train,280,123,hard,5,5,0.1,0.9,0.2457325055235537,default,100,9.1,10,1,1,0,0,0.0012413609999839537,
algorithm_q_learning_q_learning_123_8b270c89,algorithm_q_learning,q_learning,train,281,123,hard,5,5,0.1,0.9,0.24450384299593592,default,100,8.1,11,1,1,0,0,0.0014075679998768464,
algorithm_q_learning_q_learning_123_8b270c89,algorithm_q_learning,q_learning,train,282,123,hard,5,5,0.1,0.9,0.24328132378095624,default,100,9.3,8,1,1,0,0,0.0011461209999197308,
algorithm_q_learning_q_learning_123_8b270c89,algorithm_q_learning,q_learning,train,283,123,hard,5,5,0.1,0.9,0.24206491716205145,default,100,-5.6,7,0,1,0,1,0.0008770240001467755,
algorithm_q_learning_q_learning_123_8b270c89,algorithm_q_learning,q_learning,train,284,123,hard,5,5,0.1,0.9,0.2408545925762412,default,100,9.3,8,1,1,0,0,0.0011833209998712846,
algorithm_q_learning_q_learning_123_8b270c89,algorithm_q_learning,q_learning,train,285,123,hard,5,5,0.1,0.9,0.23965031961336,default,100,9.1,10,1,1,0,0,0.001375747000111005,
algorithm_q_learning_q_learning_123_8b270c89,algorithm_q_learning,q_learning,train,286,123,hard,5,5,0.1,0.9,0.2384520680152932,default,100,8.299999999999999,9,1,1,0,0,0.0011583649998101464,
algorithm_q_learning_q_learning_123_8b270c89,algorithm_q_learning,q_learning,train,287,123,hard,5,5,0.1,0.9,0.23725980767521673,default,100,8.3,9,1,1,0,0,0.0011376820000350563,
algorithm_q_learning_q_learning_123_8b270c89,algorithm_q_learning,q_learning,train,288,123,hard,5,5,0.1,0.9,0.23607350863684065,default,100,8.3,9,1,1,0,0,0.0011401140000089072,
algorithm_q_learning_q_learning_123_8b270c89,algorithm_q_learning,q_learning,train,289,123,hard,5,5,0.1,0.9,0.23489314109365644,default,100,9.3,8,1,1,0,0,0.0010455760000240844,
algorithm_q_learning_q_learning_123_8b270c89,algorithm_q_learning,q_learning,train,290,123,hard,5,5,0.1,0.9,0.23371867538818816,default,100,8.3,9,1,1,0,0,0.0011323420001190243,
algorithm_q_learning_q_learning_123_8b270c89,algorithm_q_learning,q_learning,train,291,123,hard,5,5,0.1,0.9,0.23255008201124722,default,100,9.3,8,1,1,0,0,0.0010650409999470867,
algorithm_q_learning_q_learning_123_8b270c89,algorithm_q_learning,q_learning,train,292,123,hard,5,5,0.1,0.9,0.231387331601191,default,100,8.3,9,1,1,0,0,0.0011330810000345082,
algorithm_q_learning_q_learning_123_8b270c89,algorithm_q_learning,q_learning,train,293,123,hard,5,5,0.1,0.9,0.23023039494318503,default,100,-5.3,4,0,1,0,1,0.0005602460000773135,
algorithm_q_learning_q_learning_123_8b270c89,algorithm_q_learning,q_learning,train,294,123,hard,5,5,0.1,0.9,0.2290792429684691,default,100,7.1,12,1,1,0,0,0.0013646729998981755,
algorithm_q_learning_q_learning_123_8b270c89,algorithm_q_learning,q_learning,train,295,123,hard,5,5,0.1,0.9,0.22793384675362674,default,100,7.1,12,1,1,0,0,0.0015008119999038172,
algorithm_q_learning_q_learning_123_8b270c89,algorithm_q_learning,q_learning,train,296,123,hard,5,5,0.1,0.9,0.22679417751985861,default,100,-6.800000000000001,10,0,1,0,1,0.001154642000074091,
algorithm_q_learning_q_learning_123_8b270c89,algorithm_q_learning,q_learning,train,297,123,hard,5,5,0.1,0.9,0.22566020663225933,default,100,8.9,12,1,1,0,0,0.0014519210001253668,
algorithm_q_learning_q_learning_123_8b270c89,algorithm_q_learning,q_learning,train,298,123,hard,5,5,0.1,0.9,0.22453190559909803,default,100,6.899999999999999,14,1,1,0,0,0.0015467069999886007,
algorithm_q_learning_q_learning_123_8b270c89,algorithm_q_learning,q_learning,train,299,123,hard,5,5,0.1,0.9,0.22340924607110255,default,100,6.8999999999999995,14,1,1,0,0,0.0015139760000693059,
algorithm_q_learning_q_learning_123_8b270c89,algorithm_q_learning,q_learning,train,300,123,hard,5,5,0.1,0.9,0.22229219984074702,default,100,9.3,8,1,1,0,0,0.0010814949998803058,
algorithm_q_learning_q_learning_123_8b270c89,algorithm_q_learning,q_learning,train,301,123,hard,5,5,0.1,0.9,0.2211807388415433,default,100,8.1,11,1,1,0,0,0.0012715320001461805,
algorithm_q_learning_q_learning_123_8b270c89,algorithm_q_learning,q_learning,train,302,123,hard,5,5,0.1,0.9,0.22007483514733558,default,100,-5.6,7,0,1,0,1,0.0009649950000039098,
algorithm_q_learning_q_learning_123_8b270c89,algorithm_q_learning,q_learning,train,303,123,hard,5,5,0.1,0.9,0.2189744609715989,default,100,8.9,12,1,1,0,0,0.0013906030001180625,
algorithm_q_learning_q_learning_123_8b270c89,algorithm_q_learning,q_learning,train,304,123,hard,5,5,0.1,0.9,0.2178795886667409,default,100,9.3,8,1,1,0,0,0.000938255000164645,
algorithm_q_learning_q_learning_123_8b270c89,algorithm_q_learning,q_learning,train,305,123,hard,5,5,0.1,0.9,0.2167901907234072,default,100,8.3,9,1,1,0,0,0.0010720910001964512,
algorithm_q_learning_q_learning_123_8b270c89,algorithm_q_learning,q_learning,train,306,123,hard,5,5,0.1,0.9,0.21570623976979014,default,100,7.699999999999999,15,1,1,0,0,0.001597535999962929,
algorithm_q_learning_q_learning_123_8b270c89,algorithm_q_learning,q_learning,train,307,123,hard,5,5,0.1,0.9,0.21462770857094118,default,100,7.1,12,1,1,0,0,0.0012862609999046981,
algorithm_q_learning_q_learning_123_8b270c89,algorithm_q_learning,q_learning,train,308,123,hard,5,5,0.1,0.9,0.21355457002808648,default,100,7.299999999999999,10,1,1,0,0,0.0010803829998167203,
algorithm_q_learning_q_learning_123_8b270c89,algorithm_q_learning,q_learning,train,309,123,hard,5,5,0.1,0.9,0.21248679717794605,default,100,-6.800000000000001,10,0,1,0,1,0.0011479800000415707,
algorithm_q_learning_q_learning_123_8b270c89,algorithm_q_learning,q_learning,train,310,123,hard,5,5,0.1,0.9,0.21142436319205632,default,100,-8.5,9,0,1,0,1,0.000865824000129578,
algorithm_q_learning_q_learning_123_8b270c89,algorithm_q_learning,q_learning,train,311,123,hard,5,5,0.1,0.9,0.21036724137609603,default,100,9.1,10,1,1,0,0,0.0013417539998954453,
algorithm_q_learning_q_learning_123_8b270c89,algorithm_q_learning,q_learning,train,312,123,hard,5,5,0.1,0.9,0.20931540516921554,default,100,-9.6,11,0,1,0,1,0.0011248589999013348,
algorithm_q_learning_q_learning_123_8b270c89,algorithm_q_learning,q_learning,train,313,123,hard,5,5,0.1,0.9,0.20826882814336947,default,100,-7.5,8,0,1,0,1,0.0010014259999024944,
algorithm_q_learning_q_learning_123_8b270c89,algorithm_q_learning,q_learning,train,314,123,hard,5,5,0.1,0.9,0.20722748400265262,default,100,8.3,9,1,1,0,0,0.0011654260001705552,
algorithm_q_learning_q_learning_123_8b270c89,algorithm_q_learning,q_learning,train,315,123,hard,5,5,0.1,0.9,0.20619134658263935,default,100,8.299999999999999,9,1,1,0,0,0.0012161300001025666,
algorithm_q_learning_q_learning_123_8b270c89,algorithm_q_learning,q_learning,train,316,123,hard,5,5,0.1,0.9,0.20516038984972615,default,100,9.1,10,1,1,0,0,0.0012824540001474816,
algorithm_q_learning_q_learning_123_8b270c89,algorithm_q_learning,q_learning,train,317,123,hard,5,5,0.1,0.9,0.2041345879004775,default,100,7.299999999999999,10,1,1,0,0,0.0012040350000006583,
algorithm_q_learning_q_learning_123_8b270c89,algorithm_q_learning,q_learning,train,318,123,hard,5,5,0.1,0.9,0.2031139149609751,default,100,6.8999999999999995,14,1,1,0,0,0.0014909149999766669,
algorithm_q_learning_q_learning_123_8b270c89,algorithm_q_learning,q_learning,train,319,123,hard,5,5,0.1,0.9,0.20209834538617025,default,100,8.1,11,1,1,0,0,0.0014476829999239271,
algorithm_q_learning_q_learning_123_8b270c89,algorithm_q_learning,q_learning,train,320,123,hard,5,5,0.1,0.9,0.2010878536592394,default,100,7.3,10,1,1,0,0,0.0012059850000696315,
algorithm_q_learning_q_learning_123_8b270c89,algorithm_q_learning,q_learning,train,321,123,hard,5,5,0.1,0.9,0.2000824143909432,default,100,7.3,10,1,1,0,0,0.0012317989999246493,
algorithm_q_learning_q_learning_123_8b270c89,algorithm_q_learning,q_learning,train,322,123,hard,5,5,0.1,0.9,0.19908200231898848,default,100,-6.800000000000001,10,0,1,0,1,0.0011744920000182901,
algorithm_q_learning_q_learning_123_8b270c89,algorithm_q_learning,q_learning,train,323,123,hard,5,5,0.1,0.9,0.19808659230739353,default,100,7.1,12,1,1,0,0,0.0014701459999741928,
algorithm_q_learning_q_learning_123_8b270c89,algorithm_q_learning,q_learning,train,324,123,hard,5,5,0.1,0.9,0.19709615934585656,default,100,-5.5,6,0,1,0,1,0.0008605970001553942,
algorithm_q_learning_q_learning_123_8b270c89,algorithm_q_learning,q_learning,train,325,123,hard,5,5,0.1,0.9,0.19611067854912728,default,100,-7.300000000000001,6,0,1,0,1,0.0007540389999576291,
algorithm_q_learning_q_learning_123_8b270c89,algorithm_q_learning,q_learning,train,326,123,hard,5,5,0.1,0.9,0.19513012515638165,default,100,-6.9,11,0,1,0,1,0.0012338870001258329,
algorithm_q_learning_q_learning_123_8b270c89,algorithm_q_learning,q_learning,train,327,123,hard,5,5,0.1,0.9,0.19415447453059972,default,100,8.299999999999999,9,1,1,0,0,0.0012336190000041825,
algorithm_q_learning_q_learning_123_8b270c89,algorithm_q_learning,q_learning,train,328,123,hard,5,5,0.1,0.9,0.19318370215794672,default,100,-7.7,10,0,1,0,1,0.0010977769998135045,
algorithm_q_learning_q_learning_123_8b270c89,algorithm_q_learning,q_learning,train,329,123,hard,5,5,0.1,0.9,0.192217783647157,default,100,8.9,12,1,1,0,0,0.001395419999880687,
algorithm_q_learning_q_learning_123_8b270c89,algorithm_q_learning,q_learning,train,330,123,hard,5,5,0.1,0.9,0.1912566947289212,default,100,-5.3,4,0,1,0,1,0.0005870210000011866,
algorithm_q_learning_q_learning_123_8b270c89,algorithm_q_learning,q_learning,train,331,123,hard,5,5,0.1,0.9,0.1903004112552766,default,100,-5.5,6,0,1,0,1,0.000739995000003546,
algorithm_q_learning_q_learning_123_8b270c89,algorithm_q_learning,q_learning,train,332,123,hard,5,5,0.1,0.9,0.18934890919900021,default,100,7.1,12,1,1,0,0,0.0014345890001550288,
algorithm_q_learning_q_learning_123_8b270c89,algorithm_q_learning,q_learning,train,333,123,hard,5,5,0.1,0.9,0.18840216465300522,default,100,9.1,10,1,1,0,0,0.0012832779998461774,
algorithm_q_learning_q_learning_123_8b270c89,algorithm_q_learning,q_learning,train,334,123,hard,5,5,0.1,0.9,0.18746015382974018,default,100,-6.0,11,0,1,0,1,0.0013808150001750619,
algorithm_q_learning_q_learning_123_8b270c89,algorithm_q_learning,q_learning,train,335,123,hard,5,5,0.1,0.9,0.1865228530605915,default,100,9.3,8,1,1,0,0,0.0010701690000587405,
algorithm_q_learning_q_learning_123_8b270c89,algorithm_q_learning,q_learning,train,336,123,hard,5,5,0.1,0.9,0.18559023879528855,default,100,8.1,11,1,1,0,0,0.001480440000023009,
algorithm_q_learning_q_learning_123_8b270c89,algorithm_q_learning,q_learning,train,337,123,hard,5,5,0.1,0.9,0.1846622876013121,default,100,-5.7,8,0,1,0,1,0.0009969660000024305,
algorithm_q_learning_q_learning_123_8b270c89,algorithm_q_learning,q_learning,train,338,123,hard,5,5,0.1,0.9,0.18373897616330553,default,100,-6.6000000000000005,8,0,1,0,1,0.0010559499999089894,
algorithm_q_learning_q_learning_123_8b270c89,algorithm_q_learning,q_learning,train,339,123,hard,5,5,0.1,0.9,0.182820281282489,default,100,8.3,9,1,1,0,0,0.0011768100000608683,
algorithm_q_learning_q_learning_123_8b270c89,algorithm_q_learning,q_learning,train,340,123,hard,5,5,0.1,0.9,0.18190617987607657,default,100,9.1,10,1,1,0,0,0.0012557860000015353,
algorithm_q_learning_q_learning_123_8b270c89,algorithm_q_learning,q_learning,train,341,123,hard,5,5,0.1,0.9,0.18099664897669618,default,100,5.300000000000001,21,1,1,0,0,0.0021256120000998635,
algorithm_q_learning_q_learning_123_8b270c89,algorithm_q_learning,q_learning,train,342,123,hard,5,5,0.1,0.9,0.1800916657318127,default,100,9.3,8,1,1,0,0,0.0011482729998988361,
algorithm_q_learning_q_learning_123_8b270c89,algorithm_q_learning,q_learning,train,343,123,hard,5,5,0.1,0.9,0.17919120740315364,default,100,9.3,8,1,1,0,0,0.0011142289999952482,
algorithm_q_learning_q_learning_123_8b270c89,algorithm_q_learning,q_learning,train,344,123,hard,5,5,0.1,0.9,0.17829525136613786,default,100,-6.300000000000001,5,0,1,0,1,0.0005555159998493764,
algorithm_q_learning_q_learning_123_8b270c89,algorithm_q_learning,q_learning,train,345,123,hard,5,5,0.1,0.9,0.17740377510930716,default,100,9.3,8,1,1,0,0,0.0010314349999589467,
algorithm_q_learning_q_learning_123_8b270c89,algorithm_q_learning,q_learning,train,346,123,hard,5,5,0.1,0.9,0.17651675623376062,default,100,8.299999999999999,9,1,1,0,0,0.0011583400000745314,
algorithm_q_learning_q_learning_123_8b270c89,algorithm_q_learning,q_learning,train,347,123,hard,5,5,0.1,0.9,0.1756341724525918,default,100,9.3,8,1,1,0,0,0.001021168999841393,
algorithm_q_learning_q_learning_123_8b270c89,algorithm_q_learning,q_learning,train,348,123,hard,5,5,0.1,0.9,0.17475600159032884,default,100,8.299999999999999,9,1,1,0,0,0.0011279579998699774,
algorithm_q_learning_q_learning_123_8b270c89,algorithm_q_learning,q_learning,train,349,123,hard,5,5,0.1,0.9,0.17388222158237718,default,100,-6.5,7,0,1,0,1,0.0008431899998413428,
algorithm_q_learning_q_learning_123_8b270c89,algorithm_q_learning,q_learning,train,350,123,hard,5,5,0.1,0.9,0.1730128104744653,default,100,9.3,8,1,1,0,0,0.0011726840000392258,
algorithm_q_learning_q_learning_123_8b270c89,algorithm_q_learning,q_learning,train,351,123,hard,5,5,0.1,0.9,0.17214774642209296,default,100,8.3,9,1,1,0,0,0.0012629779998860613,
algorithm_q_learning_q_learning_123_8b270c89,algorithm_q_learning,q_learning,train,352,123,hard,5,5,0.1,0.9,0.1712870076899825,default,100,8.9,12,1,1,0,0,0.0015318029998070415,
algorithm_q_learning_q_learning_123_8b270c89,algorithm_q_learning,q_learning,train,353,123,hard,5,5,0.1,0.9,0.17043057265153258,default,100,8.1,11,1,1,0,0,0.0012720039999294386,
algorithm_q_learning_q_learning_123_8b270c89,algorithm_q_learning,q_learning,train,354,123,hard,5,5,0.1,0.9,0.16957841978827493,default,100,7.9,13,1,1,0,0,0.0014943669998501719,
algorithm_q_learning_q_learning_123_8b270c89,algorithm_q_learning,q_learning,train,355,123,hard,5,5,0.1,0.9,0.16873052768933355,default,100,9.3,8,1,1,0,0,0.0010771570000542852,
algorithm_q_learning_q_learning_123_8b270c89,algorithm_q_learning,q_learning,train,356,123,hard,5,5,0.1,0.9,0.1678868750508869,default,100,-5.3,4,0,1,0,1,0.0005465409999487747,
algorithm_q_learning_q_learning_123_8b270c89,algorithm_q_learning,q_learning,train,357,123,hard,5,5,0.1,0.9,0.16704744067563246,default,100,9.1,10,1,1,0,0,0.0012700659999609343,
algorithm_q_learning_q_learning_123_8b270c89,algorithm_q_learning,q_learning,train,358,123,hard,5,5,0.1,0.9,0.1662122034722543,default,100,8.299999999999999,9,1,1,0,0,0.0011343780001880077,
algorithm_q_learning_q_learning_123_8b270c89,algorithm_q_learning,q_learning,train,359,123,hard,5,5,0.1,0.9,0.16538114245489302,default,100,8.3,9,1,1,0,0,0.0011868079998293979,
algorithm_q_learning_q_learning_123_8b270c89,algorithm_q_learning,q_learning,train,360,123,hard,5,5,0.1,0.9,0.16455423674261854,default,100,-5.5,6,0,1,0,1,0.0008415009999680478,
algorithm_q_learning_q_learning_123_8b270c89,algorithm_q_learning,q_learning,train,361,123,hard,5,5,0.1,0.9,0.16373146555890544,default,100,9.3,8,1,1,0,0,0.0011826669999663864,
algorithm_q_learning_q_learning_123_8b270c89,algorithm_q_learning,q_learning,train,362,123,hard,5,5,0.1,0.9,0.16291280823111093,default,100,8.1,11,1,1,0,0,0.0013430189999326103,
algorithm_q_learning_q_learning_123_8b270c89,algorithm_q_learning,q_learning,train,363,123,hard,5,5,0.1,0.9,0.16209824418995536,default,100,8.1,11,1,1,0,0,0.0012550249998639629,
algorithm_q_learning_q_learning_123_8b270c89,algorithm_q_learning,q_learning,train,364,123,hard,5,5,0.1,0.9,0.16128775296900558,default,100,8.1,11,1,1,0,0,0.001307688999986567,
algorithm_q_learning_q_learning_123_8b270c89,algorithm_q_learning,q_learning,train,365,123,hard,5,5,0.1,0.9,0.16048131420416054,default,100,9.1,10,1,1,0,0,0.0012757439999404596,
algorithm_q_learning_q_learning_123_8b270c89,algorithm_q_learning,q_learning,train,366,123,hard,5,5,0.1,0.9,0.15967890763313974,default,100,9.3,8,1,1,0,0,0.0010739269998794043,
algorithm_q_learning_q_learning_123_8b270c89,algorithm_q_learning,q_learning,train,367,123,hard,5,5,0.1,0.9,0.15888051309497406,default,100,9.3,8,1,1,0,0,0.0010669199998574186,
algorithm_q_learning_q_learning_123_8b270c89,algorithm_q_learning,q_learning,train,368,123,hard,5,5,0.1,0.9,0.1580861105294992,default,100,9.3,8,1,1,0,0,0.001062480999962645,
algorithm_q_learning_q_learning_123_8b270c89,algorithm_q_learning,q_learning,train,369,123,hard,5,5,0.1,0.9,0.1572956799768517,default,100,9.3,8,1,1,0,0,0.0012273280001409148,
algorithm_q_learning_q_learning_123_8b270c89,algorithm_q_learning,q_learning,train,370,123,hard,5,5,0.1,0.9,0.15650920157696743,default,100,9.3,8,1,1,0,0,0.001011008999967089,
algorithm_q_learning_q_learning_123_8b270c89,algorithm_q_learning,q_learning,train,371,123,hard,5,5,0.1,0.9,0.1557266555690826,default,100,9.3,8,1,1,0,0,0.0009618510000564129,
algorithm_q_learning_q_learning_123_8b270c89,algorithm_q_learning,q_learning,train,372,123,hard,5,5,0.1,0.9,0.1549480222912372,default,100,9.3,8,1,1,0,0,0.001092868999876373,
algorithm_q_learning_q_learning_123_8b270c89,algorithm_q_learning,q_learning,train,373,123,hard,5,5,0.1,0.9,0.15417328217978102,default,100,8.299999999999999,9,1,1,0,0,0.0011960399999679794,
algorithm_q_learning_q_learning_123_8b270c89,algorithm_q_learning,q_learning,train,374,123,hard,5,5,0.1,0.9,0.1534024157688821,default,100,9.1,10,1,1,0,0,0.001278518000162876,
algorithm_q_learning_q_learning_123_8b270c89,algorithm_q_learning,q_learning,train,375,123,hard,5,5,0.1,0.9,0.1526354036900377,default,100,9.3,8,1,1,0,0,0.001022702999989633,
algorithm_q_learning_q_learning_123_8b270c89,algorithm_q_learning,q_learning,train,376,123,hard,5,5,0.1,0.9,0.1518722266715875,default,100,7.1,12,1,1,0,0,0.0013307039998835535,
algorithm_q_learning_q_learning_123_8b270c89,algorithm_q_learning,q_learning,train,377,123,hard,5,5,0.1,0.9,0.15111286553822956,default,100,9.3,8,1,1,0,0,0.0011031450001155463,
algorithm_q_learning_q_learning_123_8b270c89,algorithm_q_learning,q_learning,train,378,123,hard,5,5,0.1,0.9,0.15035730121053842,default,100,6.1,13,1,1,0,0,0.0015850830000090355,
algorithm_q_learning_q_learning_123_8b270c89,algorithm_q_learning,q_learning,train,379,123,hard,5,5,0.1,0.9,0.14960551470448571,default,100,9.3,8,1,1,0,0,0.001094078000051013,
algorithm_q_learning_q_learning_123_8b270c89,algorithm_q_learning,q_learning,train,380,123,hard,5,5,0.1,0.9,0.14885748713096328,default,100,-5.5,6,0,1,0,1,0.0007288870001502801,
algorithm_q_learning_q_learning_123_8b270c89,algorithm_q_learning,q_learning,train,381,123,hard,5,5,0.1,0.9,0.14811319969530845,default,100,8.299999999999999,9,1,1,0,0,0.0011548119998678885,
algorithm_q_learning_q_learning_123_8b270c89,algorithm_q_learning,q_learning,train,382,123,hard,5,5,0.1,0.9,0.1473726336968319,default,100,8.1,11,1,1,0,0,0.0014569299999038776,
algorithm_q_learning_q_learning_123_8b270c89,algorithm_q_learning,q_learning,train,383,123,hard,5,5,0.1,0.9,0.14663577052834775,default,100,9.3,8,1,1,0,0,0.0010775849998481135,
algorithm_q_learning_q_learning_123_8b270c89,algorithm_q_learning,q_learning,train,384,123,hard,5,5,0.1,0.9,0.14590259167570602,default,100,8.299999999999999,9,1,1,0,0,0.0010974839999562391,
algorithm_q_learning_q_learning_123_8b270c89,algorithm_q_learning,q_learning,train,385,123,hard,5,5,0.1,0.9,0.1451730787173275,default,100,9.3,8,1,1,0,0,0.0010431890000290878,
algorithm_q_learning_q_learning_123_8b270c89,algorithm_q_learning,q_learning,train,386,123,hard,5,5,0.1,0.9,0.14444721332374086,default,100,9.3,8,1,1,0,0,0.001175978999981453,
algorithm_q_learning_q_learning_123_8b270c89,algorithm_q_learning,q_learning,train,387,123,hard,5,5,0.1,0.9,0.14372497725712216,default,100,8.3,9,1,1,0,0,0.0011500309999519231,
algorithm_q_learning_q_learning_123_8b270c89,algorithm_q_learning,q_learning,train,388,123,hard,5,5,0.1,0.9,0.14300635237083656,default,100,8.3,9,1,1,0,0,0.0010696209999423445,
algorithm_q_learning_q_learning_123_8b270c89,algorithm_q_learning,q_learning,train,389,123,hard,5,5,0.1,0.9,0.14229132060898236,default,100,7.299999999999999,10,1,1,0,0,0.0013415240000540507,
algorithm_q_learning_q_learning_123_8b270c89,algorithm_q_learning,q_learning,train,390,123,hard,5,5,0.1,0.9,0.14157986400593744,default,100,9.3,8,1,1,0,0,0.001229754999940269,
algorithm_q_learning_q_learning_123_8b270c89,algorithm_q_learning,q_learning,train,391,123,hard,5,5,0.1,0.9,0.14087196468590776,default,100,9.3,8,1,1,0,0,0.0010789539999223052,
algorithm_q_learning_q_learning_123_8b270c89,algorithm_q_learning,q_learning,train,392,123,hard,5,5,0.1,0.9,0.14016760486247823,default,100,8.299999999999999,9,1,1,0,0,0.0012617400000181078,
algorithm_q_learning_q_learning_123_8b270c89,algorithm_q_learning,q_learning,train,393,123,hard,5,5,0.1,0.9,0.13946676683816583,default,100,8.1,11,1,1,0,0,0.0013196360000620189,
algorithm_q_learning_q_learning_123_8b270c89,algorithm_q_learning,q_learning,train,394,123,hard,5,5,0.1,0.9,0.138769433003975,default,100,7.299999999999999,10,1,1,0,0,0.0012754800000038813,
algorithm_q_learning_q_learning_123_8b270c89,algorithm_q_learning,q_learning,train,395,123,hard,5,5,0.1,0.9,0.13807558583895513,default,100,8.299999999999999,9,1,1,0,0,0.0011043090000839584,
algorithm_q_learning_q_learning_123_8b270c89,algorithm_q_learning,q_learning,train,396,123,hard,5,5,0.1,0.9,0.13738520790976036,default,100,9.1,10,1,1,0,0,0.0011943109998355794,
algorithm_q_learning_q_learning_123_8b270c89,algorithm_q_learning,q_learning,train,397,123,hard,5,5,0.1,0.9,0.13669828187021155,default,100,8.1,11,1,1,0,0,0.001404855000146199,
algorithm_q_learning_q_learning_123_8b270c89,algorithm_q_learning,q_learning,train,398,123,hard,5,5,0.1,0.9,0.13601479046086049,default,100,-6.6,8,0,1,0,1,0.0009731479999572912,
algorithm_q_learning_q_learning_123_8b270c89,algorithm_q_learning,q_learning,train,399,123,hard,5,5,0.1,0.9,0.1353347165085562,default,100,8.3,9,1,1,0,0,0.0011340500000187603,
algorithm_q_learning_q_learning_123_8b270c89,algorithm_q_learning,q_learning,train,400,123,hard,5,5,0.1,0.9,0.1346580429260134,default,100,7.1,12,1,1,0,0,0.0013919890000124724,results/algorithm_comparison/q_learning/seed_123/qtable_ep400.npz
algorithm_q_learning_q_learning_123_8b270c89,algorithm_q_learning,q_learning,train,401,123,hard,5,5,0.1,0.9,0.13398475271138335,default,100,-5.5,6,0,1,0,1,0.0009136030000718165,
algorithm_q_learning_q_learning_123_8b270c89,algorithm_q_learning,q_learning,train,402,123,hard,5,5,0.1,0.9,0.13331482894782642,default,100,-5.8,9,0,1,0,1,0.001119003000212615,
algorithm_q_learning_q_learning_123_8b270c89,algorithm_q_learning,q_learning,train,403,123,hard,5,5,0.1,0.9,0.13264825480308728,default,100,9.3,8,1,1,0,0,0.001032148999911442,
algorithm_q_learning_q_learning_123_8b270c89,algorithm_q_learning,q_learning,train,404,123,hard,5,5,0.1,0.9,0.13198501352907185,default,100,9.3,8,1,1,0,0,0.001196911000079126,
algorithm_q_learning_q_learning_123_8b270c89,algorithm_q_learning,q_learning,train,405,123,hard,5,5,0.1,0.9,0.1313250884614265,default,100,8.299999999999999,9,1,1,0,0,0.0011944020000100863,
algorithm_q_learning_q_learning_123_8b270c89,algorithm_q_learning,q_learning,train,406,123,hard,5,5,0.1,0.9,0.13066846301911936,default,100,9.3,8,1,1,0,0,0.001020185000015772,
algorithm_q_learning_q_learning_123_8b270c89,algorithm_q_learning,q_learning,train,407,123,hard,5,5,0.1,0.9,0.13001512070402377,default,100,9.3,8,1,1,0,0,0.0010794049999276467,
algorithm_q_learning_q_learning_123_8b270c89,algorithm_q_learning,q_learning,train,408,123,hard,5,5,0.1,0.9,0.12936504510050365,default,100,9.1,10,1,1,0,0,0.0013248270001895435,
algorithm_q_learning_q_learning_123_8b270c89,algorithm_q_learning,q_learning,train,409,123,hard,5,5,0.1,0.9,0.12871821987500112,default,100,9.3,8,1,1,0,0,0.0012076809998688987,
algorithm_q_learning_q_learning_123_8b270c89,algorithm_q_learning,q_learning,train,410,123,hard,5,5,0.1,0.9,0.12807462877562611,default,100,8.299999999999999,9,1,1,0,0,0.0012303930000143737,
algorithm_q_learning_q_learning_123_8b270c89,algorithm_q_learning,q_learning,train,411,123,hard,5,5,0.1,0.9,0.12743425563174798,default,100,9.1,10,1,1,0,0,0.0012834579999889684,
algorithm_q_learning_q_learning_123_8b270c89,algorithm_q_learning,q_learning,train,412,123,hard,5,5,0.1,0.9,0.12679708435358925,default,100,9.1,10,1,1,0,0,0.0012553960000332154,
algorithm_q_learning_q_learning_123_8b270c89,algorithm_q_learning,q_learning,train,413,123,hard,5,5,0.1,0.9,0.1261630989318213,default,100,-5.6,7,0,1,0,1,0.0008416299999680632,
algorithm_q_learning_q_learning_123_8b270c89,algorithm_q_learning,q_learning,train,414,123,hard,5,5,0.1,0.9,0.1255322834371622,default,100,-6.300000000000001,5,0,1,0,1,0.0005959860000075423,
algorithm_q_learning_q_learning_123_8b270c89,algorithm_q_learning,q_learning,train,415,123,hard,5,5,0.1,0.9,0.12490462201997637,default,100,-5.5,6,0,1,0,1,0.0008148750000600558,
algorithm_q_learning_q_learning_123_8b270c89,algorithm_q_learning,q_learning,train,416,123,hard,5,5,0.1,0.9,0.1242800989098765,default,100,9.3,8,1,1,0,0,0.001135181999870838,
algorithm_q_learning_q_learning_123_8b270c89,algorithm_q_learning,q_learning,train,417,123,hard,5,5,0.1,0.9,0.12365869841532712,default,100,9.1,10,1,1,0,0,0.0012920060000851663,
algorithm_q_learning_q_learning_123_8b270c89,algorithm_q_learning,q_learning,train,418,123,hard,5,5,0.1,0.9,0.12304040492325048,default,100,8.3,9,1,1,0,0,0.0011369809999450808,
algorithm_q_learning_q_learning_123_8b270c89,algorithm_q_learning,q_learning,train,419,123,hard,5,5,0.1,0.9,0.12242520289863423,default,100,8.299999999999999,9,1,1,0,0,0.0012353940001048613,
algorithm_q_learning_q_learning_123_8b270c89,algorithm_q_learning,q_learning,train,420,123,hard,5,5,0.1,0.9,0.12181307688414106,default,100,9.3,8,1,1,0,0,0.0010734570000749954,
algorithm_q_learning_q_learning_123_8b270c89,algorithm_q_learning,q_learning,train,421,123,hard,5,5,0.1,0.9,0.12120401149972035,default,100,9.3,8,1,1,0,0,0.0012219050001931464,
algorithm_q_learning_q_learning_123_8b270c89,algorithm_q_learning,q_learning,train,422,123,hard,5,5,0.1,0.9,0.12059799144222175,default,100,7.8999999999999995,13,1,1,0,0,0.0014219820000107575,
algorithm_q_learning_q_learning_123_8b270c89,algorithm_q_learning,q_learning,train,423,123,hard,5,5,0.1,0.9,0.11999500148501063,default,100,9.3,8,1,1,0,0,0.0011504910000894597,
algorithm_q_learning_q_learning_123_8b270c89,algorithm_q_learning,q_learning,train,424,123,hard,5,5,0.1,0.9,0.11939502647758558,default,100,6.3,11,1,1,0,0,0.0013440929999433138,
algorithm_q_learning_q_learning_123_8b270c89,algorithm_q_learning,q_learning,train,425,123,hard,5,5,0.1,0.9,0.11879805134519765,default,100,9.1,10,1,1,0,0,0.001197705000095084,
algorithm_q_learning_q_learning_123_8b270c89,algorithm_q_learning,q_learning,train,426,123,hard,5,5,0.1,0.9,0.11820406108847166,default,100,9.3,8,1,1,0,0,0.0011244040001656685,
algorithm_q_learning_q_learning_123_8b270c89,algorithm_q_learning,q_learning,train,427,123,hard,5,5,0.1,0.9,0.1176130407830293,default,100,9.1,10,1,1,0,0,0.0012711110000509507,
algorithm_q_learning_q_learning_123_8b270c89,algorithm_q_learning,q_learning,train,428,123,hard,5,5,0.1,0.9,0.11702497557911415,default,100,9.1,10,1,1,0,0,0.0012559060000967293,
algorithm_q_learning_q_learning_123_8b270c89,algorithm_q_learning,q_learning,train,429,123,hard,5,5,0.1,0.9,0.11643985070121858,default,100,8.299999999999999,9,1,1,0,0,0.0011400689998026792,
algorithm_q_learning_q_learning_123_8b270c89,algorithm_q_learning,q_learning,train,430,123,hard,5,5,0.1,0.9,0.11585765144771248,default,100,-6.1,12,0,1,0,1,0.0013910249999753432,
algorithm_q_learning_q_learning_123_8b270c89,algorithm_q_learning,q_learning,train,431,123,hard,5,5,0.1,0.9,0.11527836319047392,default,100,9.3,8,1,1,0,0,0.0011310979998597759,
algorithm_q_learning_q_learning_123_8b270c89,algorithm_q_learning,q_learning,train,432,123,hard,5,5,0.1,0.9,0.11470197137452155,default,100,9.3,8,1,1,0,0,0.0010934080000879476,
algorithm_q_learning_q_learning_123_8b270c89,algorithm_q_learning,q_learning,train,433,123,hard,5,5,0.1,0.9,0.11412846151764894,default,100,-5.6,7,0,1,0,1,0.0009208520000356657,
algorithm_q_learning_q_learning_123_8b270c89,algorithm_q_learning,q_learning,train,434,123,hard,5,5,0.1,0.9,0.1135578192100607,default,100,8.3,9,1,1,0,0,0.0011358030001247243,
algorithm_q_learning_q_learning_123_8b270c89,algorithm_q_learning,q_learning,train,435,123,hard,5,5,0.1,0.9,0.11299003011401039,default,100,-5.6,7,0,1,0,1,0.0009566490000452177,
algorithm_q_learning_q_learning_123_8b270c89,algorithm_q_learning,q_learning,train,436,123,hard,5,5,0.1,0.9,0.11242507996344034,default,100,-6.7,9,0,1,0,1,0.001098436000120273,
algorithm_q_learning_q_learning_123_8b270c89,algorithm_q_learning,q_learning,train,437,123,hard,5,5,0.1,0.9,0.11186295456362313,default,100,9.3,8,1,1,0,0,0.0012162680000074033,
algorithm_q_learning_q_learning_123_8b270c89,algorithm_q_learning,q_learning,train,438,123,hard,5,5,0.1,0.9,0.11130363979080501,default,100,9.3,8,1,1,0,0,0.00112851100016087,
algorithm_q_learning_q_learning_123_8b270c89,algorithm_q_learning,q_learning,train,439,123,hard,5,5,0.1,0.9,0.11074712159185099,default,100,8.9,12,1,1,0,0,0.001423960000010993,
algorithm_q_learning_q_learning_123_8b270c89,algorithm_q_learning,q_learning,train,440,123,hard,5,5,0.1,0.9,0.11019338598389174,default,100,9.3,8,1,1,0,0,0.0010899639999024657,
algorithm_q_learning_q_learning_123_8b270c89,algorithm_q_learning,q_learning,train,441,123,hard,5,5,0.1,0.9,0.10964241905397228,default,100,9.3,8,1,1,0,0,0.0010425520001717814,
algorithm_q_learning_q_learning_123_8b270c89,algorithm_q_learning,q_learning,train,442,123,hard,5,5,0.1,0.9,0.10909420695870241,default,100,9.3,8,1,1,0,0,0.0012138889999278035,
algorithm_q_learning_q_learning_123_8b270c89,algorithm_q_learning,q_learning,train,443,123,hard,5,5,0.1,0.9,0.1085487359239089,default,100,9.3,8,1,1,0,0,0.001116860999900382,
algorithm_q_learning_q_learning_123_8b270c89,algorithm_q_learning,q_learning,train,444,123,hard,5,5,0.1,0.9,0.10800599224428936,default,100,9.3,8,1,1,0,0,0.0011886799998137576,
algorithm_q_learning_q_learning_123_8b270c89,algorithm_q_learning,q_learning,train,445,123,hard,5,5,0.1,0.9,0.10746596228306791,default,100,8.3,9,1,1,0,0,0.001268491000018912,
algorithm_q_learning_q_learning_123_8b270c89,algorithm_q_learning,q_learning,train,446,123,hard,5,5,0.1,0.9,0.10692863247165257,default,100,9.3,8,1,1,0,0,0.00780699500000992,
algorithm_q_learning_q_learning_123_8b270c89,algorithm_q_learning,q_learning,train,447,123,hard,5,5,0.1,0.9,0.1063939893092943,default,100,9.3,8,1,1,0,0,0.0012896329999421141,
algorithm_q_learning_q_learning_123_8b270c89,algorithm_q_learning,q_learning,train,448,123,hard,5,5,0.1,0.9,0.10586201936274783,default,100,9.3,8,1,1,0,0,0.0011757279999073944,
algorithm_q_learning_q_learning_123_8b270c89,algorithm_q_learning,q_learning,train,449,123,hard,5,5,0.1,0.9,0.10533270926593409,default,100,9.3,8,1,1,0,0,0.0010226130000319245,
algorithm_q_learning_q_learning_123_8b270c89,algorithm_q_learning,q_learning,train,450,123,hard,5,5,0.1,0.9,0.10480604571960442,default,100,9.3,8,1,1,0,0,0.0011590839999371383,
algorithm_q_learning_q_learning_123_8b270c89,algorithm_q_learning,q_learning,train,451,123,hard,5,5,0.1,0.9,0.1042820154910064,default,100,9.1,10,1,1,0,0,0.0012704820001090411,
algorithm_q_learning_q_learning_123_8b270c89,algorithm_q_learning,q_learning,train,452,123,hard,5,5,0.1,0.9,0.10376060541355137,default,100,9.3,8,1,1,0,0,0.0011270499999227468,
algorithm_q_learning_q_learning_123_8b270c89,algorithm_q_learning,q_learning,train,453,123,hard,5,5,0.1,0.9,0.1032418023864836,default,100,8.3,9,1,1,0,0,0.0012910660000216012,
algorithm_q_learning_q_learning_123_8b270c89,algorithm_q_learning,q_learning,train,454,123,hard,5,5,0.1,0.9,0.10272559337455119,default,100,9.1,10,1,1,0,0,0.0013575940001828712,
algorithm_q_learning_q_learning_123_8b270c89,algorithm_q_learning,q_learning,train,455,123,hard,5,5,0.1,0.9,0.10221196540767843,default,100,9.3,8,1,1,0,0,0.0011823730001196964,
algorithm_q_learning_q_learning_123_8b270c89,algorithm_q_learning,q_learning,train,456,123,hard,5,5,0.1,0.9,0.10170090558064004,default,100,9.3,8,1,1,0,0,0.0011275500000920147,
algorithm_q_learning_q_learning_123_8b270c89,algorithm_q_learning,q_learning,train,457,123,hard,5,5,0.1,0.9,0.10119240105273684,default,100,9.3,8,1,1,0,0,0.0010248890000639221,
algorithm_q_learning_q_learning_123_8b270c89,algorithm_q_learning,q_learning,train,458,123,hard,5,5,0.1,0.9,0.10068643904747315,default,100,9.3,8,1,1,0,0,0.0010956019998502597,
algorithm_q_learning_q_learning_123_8b270c89,algorithm_q_learning,q_learning,train,459,123,hard,5,5,0.1,0.9,0.10018300685223579,default,100,8.3,9,1,1,0,0,0.0011316319998968538,
algorithm_q_learning_q_learning_123_8b270c89,algorithm_q_learning,q_learning,train,460,123,hard,5,5,0.1,0.9,0.0996820918179746,default,100,8.1,11,1,1,0,0,0.001205084999810424,
algorithm_q_learning_q_learning_123_8b270c89,algorithm_q_learning,q_learning,train,461,123,hard,5,5,0.1,0.9,0.09918368135888474,default,100,8.3,9,1,1,0,0,0.0012897659998998279,
algorithm_q_learning_q_learning_123_8b270c89,algorithm_q_learning,q_learning,train,462,123,hard,5,5,0.1,0.9,0.09868776295209031,default,100,7.299999999999999,10,1,1,0,0,0.0011460539999461616,
algorithm_q_learning_q_learning_123_8b270c89,algorithm_q_learning,q_learning,train,463,123,hard,5,5,0.1,0.9,0.09819432413732986,default,100,9.3,8,1,1,0,0,0.0011711889999332925,
algorithm_q_learning_q_learning_123_8b270c89,algorithm_q_learning,q_learning,train,464,123,hard,5,5,0.1,0.9,0.09770335251664321,default,100,9.1,10,1,1,0,0,0.0013069329997961177,
algorithm_q_learning_q_learning_123_8b270c89,algorithm_q_learning,q_learning,train,465,123,hard,5,5,0.1,0.9,0.09721483575406,default,100,9.3,8,1,1,0,0,0.0010724740000114252,
algorithm_q_learning_q_learning_123_8b270c89,algorithm_q_learning,q_learning,train,466,123,hard,5,5,0.1,0.9,0.09672876157528969,default,100,6.1,13,1,1,0,0,0.0014211049999630632,
algorithm_q_learning_q_learning_123_8b270c89,algorithm_q_learning,q_learning,train,467,123,hard,5,5,0.1,0.9,0.09624511776741324,default,100,7.8999999999999995,13,1,1,0,0,0.001643766999904983,
algorithm_q_learning_q_learning_123_8b270c89,algorithm_q_learning,q_learning,train,468,123,hard,5,5,0.1,0.9,0.09576389217857617,default,100,9.3,8,1,1,0,0,0.001072212000053696,
algorithm_q_learning_q_learning_123_8b270c89,algorithm_q_learning,q_learning,train,469,123,hard,5,5,0.1,0.9,0.09528507271768329,default,100,7.3,10,1,1,0,0,0.0012089869999272196,
algorithm_q_learning_q_learning_123_8b270c89,algorithm_q_learning,q_learning,train,470,123,hard,5,5,0.1,0.9,0.09480864735409487,default,100,8.299999999999999,9,1,1,0,0,0.001148448999856555,
algorithm_q_learning_q_learning_123_8b270c89,algorithm_q_learning,q_learning,train,471,123,hard,5,5,0.1,0.9,0.0943346041173244,default,100,8.3,9,1,1,0,0,0.001267119999965871,
algorithm_q_learning_q_learning_123_8b270c89,algorithm_q_learning,q_learning,train,472,123,hard,5,5,0.1,0.9,0.09386293109673778,default,100,9.3,8,1,1,0,0,0.001128590999996959,
algorithm_q_learning_q_learning_123_8b270c89,algorithm_q_learning,q_learning,train,473,123,hard,5,5,0.1,0.9,0.09339361644125409,default,100,9.3,8,1,1,0,0,0.001109669000015856,
algorithm_q_learning_q_learning_123_8b270c89,algorithm_q_learning,q_learning,train,474,123,hard,5,5,0.1,0.9,0.09292664835904782,default,100,9.3,8,1,1,0,0,0.0010902760000135459,
algorithm_q_learning_q_learning_123_8b270c89,algorithm_q_learning,q_learning,train,475,123,hard,5,5,0.1,0.9,0.09246201511725258,default,100,9.3,8,1,1,0,0,0.001182645999961096,
algorithm_q_learning_q_learning_123_8b270c89,algorithm_q_learning,q_learning,train,476,123,hard,5,5,0.1,0.9,0.09199970504166631,default,100,9.3,8,1,1,0,0,0.0012000269998679869,
algorithm_q_learning_q_learning_123_8b270c89,algorithm_q_learning,q_learning,train,477,123,hard,5,5,0.1,0.9,0.09153970651645797,default,100,9.3,8,1,1,0,0,0.001137499999913416,
algorithm_q_learning_q_learning_123_8b270c89,algorithm_q_learning,q_learning,train,478,123,hard,5,5,0.1,0.9,0.09108200798387568,default,100,9.1,10,1,1,0,0,0.0013380739999320213,
algorithm_q_learning_q_learning_123_8b270c89,algorithm_q_learning,q_learning,train,479,123,hard,5,5,0.1,0.9,0.0906265979439563,default,100,9.3,8,1,1,0,0,0.0011161329998685687,
algorithm_q_learning_q_learning_123_8b270c89,algorithm_q_learning,q_learning,train,480,123,hard,5,5,0.1,0.9,0.09017346495423652,default,100,8.3,9,1,1,0,0,0.0012255770000138,
algorithm_q_learning_q_learning_123_8b270c89,algorithm_q_learning,q_learning,train,481,123,hard,5,5,0.1,0.9,0.08972259762946533,default,100,9.3,8,1,1,0,0,0.001218159000018204,
algorithm_q_learning_q_learning_123_8b270c89,algorithm_q_learning,q_learning,train,482,123,hard,5,5,0.1,0.9,0.089273984641318,default,100,9.3,8,1,1,0,0,0.0011018919999514765,
algorithm_q_learning_q_learning_123_8b270c89,algorithm_q_learning,q_learning,train,483,123,hard,5,5,0.1,0.9,0.0888276147181114,default,100,-6.300000000000001,5,0,1,0,1,0.0006169230000523385,
algorithm_q_learning_q_learning_123_8b270c89,algorithm_q_learning,q_learning,train,484,123,hard,5,5,0.1,0.9,0.08838347664452084,default,100,9.3,8,1,1,0,0,0.0011307429999760643,
algorithm_q_learning_q_learning_123_8b270c89,algorithm_q_learning,q_learning,train,485,123,hard,5,5,0.1,0.9,0.08794155926129824,default,100,9.3,8,1,1,0,0,0.0011604360001911118,
algorithm_q_learning_q_learning_123_8b270c89,algorithm_q_learning,q_learning,train,486,123,hard,5,5,0.1,0.9,0.08750185146499175,default,100,8.299999999999999,9,1,1,0,0,0.001158848999921247,
algorithm_q_learning_q_learning_123_8b270c89,algorithm_q_learning,q_learning,train,487,123,hard,5,5,0.1,0.9,0.08706434220766679,default,100,9.3,8,1,1,0,0,0.0010766099999273138,
algorithm_q_learning_q_learning_123_8b270c89,algorithm_q_learning,q_learning,train,488,123,hard,5,5,0.1,0.9,0.08662902049662846,default,100,9.1,10,1,1,0,0,0.0013500029999704566,
algorithm_q_learning_q_learning_123_8b270c89,algorithm_q_learning,q_learning,train,489,123,hard,5,5,0.1,0.9,0.08619587539414532,default,100,9.3,8,1,1,0,0,0.001102823999872271,
algorithm_q_learning_q_learning_123_8b270c89,algorithm_q_learning,q_learning,train,490,123,hard,5,5,0.1,0.9,0.08576489601717459,default,100,9.3,8,1,1,0,0,0.0010921959999450337,
algorithm_q_learning_q_learning_123_8b270c89,algorithm_q_learning,q_learning,train,491,123,hard,5,5,0.1,0.9,0.08533607153708872,default,100,9.3,8,1,1,0,0,0.0010640230000262818,
algorithm_q_learning_q_learning_123_8b270c89,algorithm_q_learning,q_learning,train,492,123,hard,5,5,0.1,0.9,0.08490939117940327,default,100,9.3,8,1,1,0,0,0.0010729880000326375,
algorithm_q_learning_q_learning_123_8b270c89,algorithm_q_learning,q_learning,train,493,123,hard,5,5,0.1,0.9,0.08448484422350626,default,100,9.3,8,1,1,0,0,0.0011833930000193504,
algorithm_q_learning_q_learning_123_8b270c89,algorithm_q_learning,q_learning,train,494,123,hard,5,5,0.1,0.9,0.08406242000238873,default,100,9.3,8,1,1,0,0,0.0011892300001363765,
algorithm_q_learning_q_learning_123_8b270c89,algorithm_q_learning,q_learning,train,495,123,hard,5,5,0.1,0.9,0.08364210790237678,default,100,9.3,8,1,1,0,0,0.001188240999908885,
algorithm_q_learning_q_learning_123_8b270c89,algorithm_q_learning,q_learning,train,496,123,hard,5,5,0.1,0.9,0.0832238973628649,default,100,9.3,8,1,1,0,0,0.001062317000105395,
algorithm_q_learning_q_learning_123_8b270c89,algorithm_q_learning,q_learning,train,497,123,hard,5,5,0.1,0.9,0.08280777787605056,default,100,9.3,8,1,1,0,0,0.0012026240001432598,
algorithm_q_learning_q_learning_123_8b270c89,algorithm_q_learning,q_learning,train,498,123,hard,5,5,0.1,0.9,0.08239373898667031,default,100,9.3,8,1,1,0,0,0.0010705419999794685,
algorithm_q_learning_q_learning_123_8b270c89,algorithm_q_learning,q_learning,train,499,123,hard,5,5,0.1,0.9,0.08198177029173696,default,100,9.3,8,1,1,0,0,0.0010629969999627065,
algorithm_q_learning_q_learning_123_8b270c89,algorithm_q_learning,q_learning,train,500,123,hard,5,5,0.1,0.9,0.08157186144027828,default,100,9.3,8,1,1,0,0,0.0010845219999282563,
algorithm_q_learning_q_learning_123_8b270c89,algorithm_q_learning,q_learning,train,501,123,hard,5,5,0.1,0.9,0.0811640021330769,default,100,9.3,8,1,1,0,0,0.0011541359999682754,
algorithm_q_learning_q_learning_123_8b270c89,algorithm_q_learning,q_learning,train,502,123,hard,5,5,0.1,0.9,0.08075818212241151,default,100,9.3,8,1,1,0,0,0.0011207749998902727,
algorithm_q_learning_q_learning_123_8b270c89,algorithm_q_learning,q_learning,train,503,123,hard,5,5,0.1,0.9,0.08035439121179945,default,100,9.3,8,1,1,0,0,0.0010166940000999602,
algorithm_q_learning_q_learning_123_8b270c89,algorithm_q_learning,q_learning,train,504,123,hard,5,5,0.1,0.9,0.07995261925574046,default,100,9.3,8,1,1,0,0,0.0010961039999983768,
algorithm_q_learning_q_learning_123_8b270c89,algorithm_q_learning,q_learning,train,505,123,hard,5,5,0.1,0.9,0.07955285615946175,default,100,9.3,8,1,1,0,0,0.0011775000000397995,
algorithm_q_learning_q_learning_123_8b270c89,algorithm_q_learning,q_learning,train,506,123,hard,5,5,0.1,0.9,0.07915509187866444,default,100,9.1,10,1,1,0,0,0.0013794310000321275,
algorithm_q_learning_q_learning_123_8b270c89,algorithm_q_learning,q_learning,train,507,123,hard,5,5,0.1,0.9,0.07875931641927113,default,100,9.3,8,1,1,0,0,0.0010110289999829547,
algorithm_q_learning_q_learning_123_8b270c89,algorithm_q_learning,q_learning,train,508,123,hard,5,5,0.1,0.9,0.07836551983717477,default,100,9.3,8,1,1,0,0,0.0011708790000284353,
algorithm_q_learning_q_learning_123_8b270c89,algorithm_q_learning,q_learning,train,509,123,hard,5,5,0.1,0.9,0.07797369223798889,default,100,9.3,8,1,1,0,0,0.0011902169999302714,
algorithm_q_learning_q_learning_123_8b270c89,algorithm_q_learning,q_learning,train,510,123,hard,5,5,0.1,0.9,0.07758382377679894,default,100,-5.6,7,0,1,0,1,0.0009554299999763316,
algorithm_q_learning_q_learning_123_8b270c89,algorithm_q_learning,q_learning,train,511,123,hard,5,5,0.1,0.9,0.07719590465791494,default,100,9.3,8,1,1,0,0,0.0010616239999308164,
algorithm_q_learning_q_learning_123_8b270c89,algorithm_q_learning,q_learning,train,512,123,hard,5,5,0.1,0.9,0.07680992513462537,default,100,8.3,9,1,1,0,0,0.0011381770000298275,
algorithm_q_learning_q_learning_123_8b270c89,algorithm_q_learning,q_learning,train,513,123,hard,5,5,0.1,0.9,0.07642587550895225,default,100,9.1,10,1,1,0,0,0.0012705159999768512,
algorithm_q_learning_q_learning_123_8b270c89,algorithm_q_learning,q_learning,train,514,123,hard,5,5,0.1,0.9,0.07604374613140748,default,100,9.1,10,1,1,0,0,0.0013017910000598931,
algorithm_q_learning_q_learning_123_8b270c89,algorithm_q_learning,q_learning,train,515,123,hard,5,5,0.1,0.9,0.07566352740075044,default,100,9.3,8,1,1,0,0,0.001145177000125841,
algorithm_q_learning_q_learning_123_8b270c89,algorithm_q_learning,q_learning,train,516,123,hard,5,5,0.1,0.9,0.07528520976374668,default,100,9.3,8,1,1,0,0,0.0012003169999843522,
algorithm_q_learning_q_learning_123_8b270c89,algorithm_q_learning,q_learning,train,517,123,hard,5,5,0.1,0.9,0.07490878371492794,default,100,9.3,8,1,1,0,0,0.0010962449998714874,
algorithm_q_learning_q_learning_123_8b270c89,algorithm_q_learning,q_learning,train,518,123,hard,5,5,0.1,0.9,0.0745342397963533,default,100,9.1,10,1,1,0,0,0.0012437069999577943,
algorithm_q_learning_q_learning_123_8b270c89,algorithm_q_learning,q_learning,train,519,123,hard,5,5,0.1,0.9,0.07416156859737154,default,100,9.3,8,1,1,0,0,0.001088589999881151,
algorithm_q_learning_q_learning_123_8b270c89,algorithm_q_learning,q_learning,train,520,123,hard,5,5,0.1,0.9,0.07379076075438468,default,100,9.3,8,1,1,0,0,0.0011338409999552823,
algorithm_q_learning_q_learning_123_8b270c89,algorithm_q_learning,q_learning,train,521,123,hard,5,5,0.1,0.9,0.07342180695061275,default,100,9.3,8,1,1,0,0,0.001112110999883953,
algorithm_q_learning_q_learning_123_8b270c89,algorithm_q_learning,q_learning,train,522,123,hard,5,5,0.1,0.9,0.07305469791585968,default,100,9.3,8,1,1,0,0,0.0011287899999388173,
algorithm_q_learning_q_learning_123_8b270c89,algorithm_q_learning,q_learning,train,523,123,hard,5,5,0.1,0.9,0.07268942442628039,default,100,9.1,10,1,1,0,0,0.0013624730001993157,
algorithm_q_learning_q_learning_123_8b270c89,algorithm_q_learning,q_learning,train,524,123,hard,5,5,0.1,0.9,0.07232597730414898,default,100,9.3,8,1,1,0,0,0.0010853290000341076,
algorithm_q_learning_q_learning_123_8b270c89,algorithm_q_learning,q_learning,train,525,123,hard,5,5,0.1,0.9,0.07196434741762824,default,100,9.3,8,1,1,0,0,0.0009523119999812479,
algorithm_q_learning_q_learning_123_8b270c89,algorithm_q_learning,q_learning,train,526,123,hard,5,5,0.1,0.9,0.0716045256805401,default,100,9.3,8,1,1,0,0,0.0011268400000972179,
algorithm_q_learning_q_learning_123_8b270c89,algorithm_q_learning,q_learning,train,527,123,hard,5,5,0.1,0.9,0.0712465030521374,default,100,9.3,8,1,1,0,0,0.001082040000028428,
algorithm_q_learning_q_learning_123_8b270c89,algorithm_q_learning,q_learning,train,528,123,hard,5,5,0.1,0.9,0.0708902705368767,default,100,7.1,12,1,1,0,0,0.0013770160001058684,
algorithm_q_learning_q_learning_123_8b270c89,algorithm_q_learning,q_learning,train,529,123,hard,5,5,0.1,0.9,0.07053581918419231,default,100,9.3,8,1,1,0,0,0.0010696379999899364,
algorithm_q_learning_q_learning_123_8b270c89,algorithm_q_learning,q_learning,train,530,123,hard,5,5,0.1,0.9,0.07018314008827135,default,100,8.3,9,1,1,0,0,0.001071936000016649,
algorithm_q_learning_q_learning_123_8b270c89,algorithm_q_learning,q_learning,train,531,123,hard,5,5,0.1,0.9,0.06983222438783,default,100,9.1,10,1,1,0,0,0.001322247999951287,
algorithm_q_learning_q_learning_123_8b270c89,algorithm_q_learning,q_learning,train,532,123,hard,5,5,0.1,0.9,0.06948306326589085,default,100,9.3,8,1,1,0,0,0.001159661999963646,
algorithm_q_learning_q_learning_123_8b270c89,algorithm_q_learning,q_learning,train,533,123,hard,5,5,0.1,0.9,0.0691356479495614,default,100,9.3,8,1,1,0,0,0.0010690680001061992,
algorithm_q_learning_q_learning_123_8b270c89,algorithm_q_learning,q_learning,train,534,123,hard,5,5,0.1,0.9,0.06878996970981359,default,100,9.3,8,1,1,0,0,0.0010072410000248055,
algorithm_q_learning_q_learning_123_8b270c89,algorithm_q_learning,q_learning,train,535,123,hard,5,5,0.1,0.9,0.06844601986126451,default,100,9.3,8,1,1,0,0,0.001091324999833887,
algorithm_q_learning_q_learning_123_8b270c89,algorithm_q_learning,q_learning,train,536,123,hard,5,5,0.1,0.9,0.06810378976195819,default,100,9.3,8,1,1,0,0,0.0010630069998569525,
algorithm_q_learning_q_learning_123_8b270c89,algorithm_q_learning,q_learning,train,537,123,hard,5,5,0.1,0.9,0.0677632708131484,default,100,9.1,10,1,1,0,0,0.0012422919999153237,
algorithm_q_learning_q_learning_123_8b270c89,algorithm_q_learning,q_learning,train,538,123,hard,5,5,0.1,0.9,0.06742445445908266,default,100,-5.6,7,0,1,0,1,0.0009110349999446044,
algorithm_q_learning_q_learning_123_8b270c89,algorithm_q_learning,q_learning,train,539,123,hard,5,5,0.1,0.9,0.06708733218678724,default,100,8.9,12,1,1,0,0,0.0014122789998509688,
algorithm_q_learning_q_learning_123_8b270c89,algorithm_q_learning,q_learning,train,540,123,hard,5,5,0.1,0.9,0.0667518955258533,default,100,-5.6,7,0,1,0,1,0.0009535249998862128,
algorithm_q_learning_q_learning_123_8b270c89,algorithm_q_learning,q_learning,train,541,123,hard,5,5,0.1,0.9,0.06641813604822402,default,100,9.3,8,1,1,0,0,0.0011123300000690506,
algorithm_q_learning_q_learning_123_8b270c89,algorithm_q_learning,q_learning,train,542,123,hard,5,5,0.1,0.9,0.0660860453679829,default,100,9.3,8,1,1,0,0,0.0011358760000348411,
algorithm_q_learning_q_learning_123_8b270c89,algorithm_q_learning,q_learning,train,543,123,hard,5,5,0.1,0.9,0.06575561514114299,default,100,8.299999999999999,9,1,1,0,0,0.0013232200001311867,
algorithm_q_learning_q_learning_123_8b270c89,algorithm_q_learning,q_learning,train,544,123,hard,5,5,0.1,0.9,0.06542683706543727,default,100,8.3,9,1,1,0,0,0.0012558470000385569,
algorithm_q_learning_q_learning_123_8b270c89,algorithm_q_learning,q_learning,train,545,123,hard,5,5,0.1,0.9,0.06509970288011008,default,100,9.1,10,1,1,0,0,0.0013278850001370301,
algorithm_q_learning_q_learning_123_8b270c89,algorithm_q_learning,q_learning,train,546,123,hard,5,5,0.1,0.9,0.06477420436570952,default,100,8.299999999999999,9,1,1,0,0,0.0011492680000628752,
algorithm_q_learning_q_learning_123_8b270c89,algorithm_q_learning,q_learning,train,547,123,hard,5,5,0.1,0.9,0.06445033334388098,default,100,9.3,8,1,1,0,0,0.001068145000090226,
algorithm_q_learning_q_learning_123_8b270c89,algorithm_q_learning,q_learning,train,548,123,hard,5,5,0.1,0.9,0.06412808167716157,default,100,9.3,8,1,1,0,0,0.0011511630000313744,
algorithm_q_learning_q_learning_123_8b270c89,algorithm_q_learning,q_learning,train,549,123,hard,5,5,0.1,0.9,0.06380744126877576,default,100,9.3,8,1,1,0,0,0.001127102999816998,
algorithm_q_learning_q_learning_123_8b270c89,algorithm_q_learning,q_learning,train,550,123,hard,5,5,0.1,0.9,0.06348840406243188,default,100,8.299999999999999,9,1,1,0,0,0.0012732220000089,
algorithm_q_learning_q_learning_123_8b270c89,algorithm_q_learning,q_learning,train,551,123,hard,5,5,0.1,0.9,0.06317096204211972,default,100,9.3,8,1,1,0,0,0.001061545000084152,
algorithm_q_learning_q_learning_123_8b270c89,algorithm_q_learning,q_learning,train,552,123,hard,5,5,0.1,0.9,0.06285510723190912,default,100,9.3,8,1,1,0,0,0.0010629169998992438,
algorithm_q_learning_q_learning_123_8b270c89,algorithm_q_learning,q_learning,train,553,123,hard,5,5,0.1,0.9,0.06254083169574957,default,100,9.3,8,1,1,0,0,0.0011792129998866585,
algorithm_q_learning_q_learning_123_8b270c89,algorithm_q_learning,q_learning,train,554,123,hard,5,5,0.1,0.9,0.062228127537270826,default,100,9.3,8,1,1,0,0,0.0011041479999676085,
algorithm_q_learning_q_learning_123_8b270c89,algorithm_q_learning,q_learning,train,555,123,hard,5,5,0.1,0.9,0.06191698689958447,default,100,9.3,8,1,1,0,0,0.0010664960000212886,
algorithm_q_learning_q_learning_123_8b270c89,algorithm_q_learning,q_learning,train,556,123,hard,5,5,0.1,0.9,0.061607401965086545,default,100,7.299999999999999,10,1,1,0,0,0.001207780999948227,
algorithm_q_learning_q_learning_123_8b270c89,algorithm_q_learning,q_learning,train,557,123,hard,5,5,0.1,0.9,0.06129936495526111,default,100,9.3,8,1,1,0,0,0.00121008999985861,
algorithm_q_learning_q_learning_123_8b270c89,algorithm_q_learning,q_learning,train,558,123,hard,5,5,0.1,0.9,0.0609928681304848,default,100,9.3,8,1,1,0,0,0.0011285079999652226,
algorithm_q_learning_q_learning_123_8b270c89,algorithm_q_learning,q_learning,train,559,123,hard,5,5,0.1,0.9,0.060687903789832374,default,100,8.299999999999999,9,1,1,0,0,0.0011271289999967848,
algorithm_q_learning_q_learning_123_8b270c89,algorithm_q_learning,q_learning,train,560,123,hard,5,5,0.1,0.9,0.06038446427088321,default,100,9.3,8,1,1,0,0,0.0011360769999555487,
algorithm_q_learning_q_learning_123_8b270c89,algorithm_q_learning,q_learning,train,561,123,hard,5,5,0.1,0.9,0.06008254194952879,default,100,9.3,8,1,1,0,0,0.0012155130000337522,
algorithm_q_learning_q_learning_123_8b270c89,algorithm_q_learning,q_learning,train,562,123,hard,5,5,0.1,0.9,0.05978212923978115,default,100,9.3,8,1,1,0,0,0.0011415469998610206,
algorithm_q_learning_q_learning_123_8b270c89,algorithm_q_learning,q_learning,train,563,123,hard,5,5,0.1,0.9,0.05948321859358224,default,100,-5.5,6,0,1,0,1,0.0008727169999929174,
algorithm_q_learning_q_learning_123_8b270c89,algorithm_q_learning,q_learning,train,564,123,hard,5,5,0.1,0.9,0.05918580250061433,default,100,9.1,10,1,1,0,0,0.0013952809999864257,
algorithm_q_learning_q_learning_123_8b270c89,algorithm_q_learning,q_learning,train,565,123,hard,5,5,0.1,0.9,0.058889873488111255,default,100,9.1,10,1,1,0,0,0.001365806999956476,
algorithm_q_learning_q_learning_123_8b270c89,algorithm_q_learning,q_learning,train,566,123,hard,5,5,0.1,0.9,0.058595424120670696,default,100,9.3,8,1,1,0,0,0.0011763100001189741,
algorithm_q_learning_q_learning_123_8b270c89,algorithm_q_learning,q_learning,train,567,123,hard,5,5,0.1,0.9,0.05830244700006734,default,100,9.3,8,1,1,0,0,0.00115942599995833,
algorithm_q_learning_q_learning_123_8b270c89,algorithm_q_learning,q_learning,train,568,123,hard,5,5,0.1,0.9,0.058010934765067,default,100,9.3,8,1,1,0,0,0.0010996100002103049,
algorithm_q_learning_q_learning_123_8b270c89,algorithm_q_learning,q_learning,train,569,123,hard,5,5,0.1,0.9,0.05772088009124167,default,100,9.3,8,1,1,0,0,0.0011966219999521854,
algorithm_q_learning_q_learning_123_8b270c89,algorithm_q_learning,q_learning,train,570,123,hard,5,5,0.1,0.9,0.05743227569078546,default,100,9.3,8,1,1,0,0,0.0010688840000057098,
algorithm_q_learning_q_learning_123_8b270c89,algorithm_q_learning,q_learning,train,571,123,hard,5,5,0.1,0.9,0.05714511431233153,default,100,9.1,10,1,1,0,0,0.0013255170001684746,
algorithm_q_learning_q_learning_123_8b270c89,algorithm_q_learning,q_learning,train,572,123,hard,5,5,0.1,0.9,0.05685938874076987,default,100,9.3,8,1,1,0,0,0.0012083240001175,
algorithm_q_learning_q_learning_123_8b270c89,algorithm_q_learning,q_learning,train,573,123,hard,5,5,0.1,0.9,0.056575091797066025,default,100,9.3,8,1,1,0,0,0.0011356499999237712,
algorithm_q_learning_q_learning_123_8b270c89,algorithm_q_learning,q_learning,train,574,123,hard,5,5,0.1,0.9,0.056292216338080694,default,100,9.3,8,1,1,0,0,0.001177436000034504,
algorithm_q_learning_q_learning_123_8b270c89,algorithm_q_learning,q_learning,train,575,123,hard,5,5,0.1,0.9,0.05601075525639029,default,100,9.3,8,1,1,0,0,0.0011435549999987416,
algorithm_q_learning_q_learning_123_8b270c89,algorithm_q_learning,q_learning,train,576,123,hard,5,5,0.1,0.9,0.05573070148010834,default,100,9.3,8,1,1,0,0,0.0011546630000793812,
algorithm_q_learning_q_learning_123_8b270c89,algorithm_q_learning,q_learning,train,577,123,hard,5,5,0.1,0.9,0.0554520479727078,default,100,9.1,10,1,1,0,0,0.001238916000147583,
algorithm_q_learning_q_learning_123_8b270c89,algorithm_q_learning,q_learning,train,578,123,hard,5,5,0.1,0.9,0.05517478773284426,default,100,9.3,8,1,1,0,0,0.0010640499999681197,
algorithm_q_learning_q_learning_123_8b270c89,algorithm_q_learning,q_learning,train,579,123,hard,5,5,0.1,0.9,0.05489891379418004,default,100,9.3,8,1,1,0,0,0.0010893020000821707,
algorithm_q_learning_q_learning_123_8b270c89,algorithm_q_learning,q_learning,train,580,123,hard,5,5,0.1,0.9,0.05462441922520914,default,100,9.3,8,1,1,0,0,0.0010644680000950757,
algorithm_q_learning_q_learning_123_8b270c89,algorithm_q_learning,q_learning,train,581,123,hard,5,5,0.1,0.9,0.0543512971290831,default,100,9.3,8,1,1,0,0,0.0010319909999907395,
algorithm_q_learning_q_learning_123_8b270c89,algorithm_q_learning,q_learning,train,582,123,hard,5,5,0.1,0.9,0.05407954064343768,default,100,9.3,8,1,1,0,0,0.001075863999858484,
algorithm_q_learning_q_learning_123_8b270c89,algorithm_q_learning,q_learning,train,583,123,hard,5,5,0.1,0.9,0.05380914294022049,default,100,-5.6,7,0,1,0,1,0.0009662039999511762,
algorithm_q_learning_q_learning_123_8b270c89,algorithm_q_learning,q_learning,train,584,123,hard,5,5,0.1,0.9,0.05354009722551939,default,100,8.299999999999999,9,1,1,0,0,0.0012670030000663246,
algorithm_q_learning_q_learning_123_8b270c89,algorithm_q_learning,q_learning,train,585,123,hard,5,5,0.1,0.9,0.05327239673939179,default,100,9.3,8,1,1,0,0,0.0011546559999260353,
algorithm_q_learning_q_learning_123_8b270c89,algorithm_q_learning,q_learning,train,586,123,hard,5,5,0.1,0.9,0.053006034755694834,default,100,9.3,8,1,1,0,0,0.001145098000051803,
algorithm_q_learning_q_learning_123_8b270c89,algorithm_q_learning,q_learning,train,587,123,hard,5,5,0.1,0.9,0.052741004581916356,default,100,9.3,8,1,1,0,0,0.0010849590000816534,
algorithm_q_learning_q_learning_123_8b270c89,algorithm_q_learning,q_learning,train,588,123,hard,5,5,0.1,0.9,0.052477299559006776,default,100,9.3,8,1,1,0,0,0.001069114999836529,
algorithm_q_learning_q_learning_123_8b270c89,algorithm_q_learning,q_learning,train,589,123,hard,5,5,0.1,0.9,0.052214913061211746,default,100,8.3,9,1,1,0,0,0.0011254799999278475,
algorithm_q_learning_q_learning_123_8b270c89,algorithm_q_learning,q_learning,train,590,123,hard,5,5,0.1,0.9,0.05195383849590569,default,100,9.3,8,1,1,0,0,0.0010606309999730001,
algorithm_q_learning_q_learning_123_8b270c89,algorithm_q_learning,q_learning,train,591,123,hard,5,5,0.1,0.9,0.05169406930342616,default,100,9.3,8,1,1,0,0,0.0011650910000753356,
algorithm_q_learning_q_learning_123_8b270c89,algorithm_q_learning,q_learning,train,592,123,hard,5,5,0.1,0.9,0.05143559895690903,default,100,8.3,9,1,1,0,0,0.001181890999987445,
algorithm_q_learning_q_learning_123_8b270c89,algorithm_q_learning,q_learning,train,593,123,hard,5,5,0.1,0.9,0.051178420962124486,default,100,9.1,10,1,1,0,0,0.0012384699998619908,
algorithm_q_learning_q_learning_123_8b270c89,algorithm_q_learning,q_learning,train,594,123,hard,5,5,0.1,0.9,0.05092252885731386,default,100,8.299999999999999,9,1,1,0,0,0.0011428840000462515,
algorithm_q_learning_q_learning_123_8b270c89,algorithm_q_learning,q_learning,train,595,123,hard,5,5,0.1,0.9,0.05066791621302729,default,100,9.3,8,1,1,0,0,0.0010695440000745293,
algorithm_q_learning_q_learning_123_8b270c89,algorithm_q_learning,q_learning,train,596,123,hard,5,5,0.1,0.9,0.05041457663196215,default,100,9.3,8,1,1,0,0,0.0010059470000669535,
algorithm_q_learning_q_learning_123_8b270c89,algorithm_q_learning,q_learning,train,597,123,hard,5,5,0.1,0.9,0.050162503748802344,default,100,9.3,8,1,1,0,0,0.0010589299999992363,
algorithm_q_learning_q_learning_123_8b270c89,algorithm_q_learning,q_learning,train,598,123,hard,5,5,0.1,0.9,0.05,default,100,9.3,8,1,1,0,0,0.0011659930000860186,
algorithm_q_learning_q_learning_123_8b270c89,algorithm_q_learning,q_learning,train,599,123,hard,5,5,0.1,0.9,0.05,default,100,9.3,8,1,1,0,0,0.0011688280001180829,
algorithm_q_learning_q_learning_123_8b270c89,algorithm_q_learning,q_learning,train,600,123,hard,5,5,0.1,0.9,0.05,default,100,9.1,10,1,1,0,0,0.0013876739999432175,results/algorithm_comparison/q_learning/seed_123/qtable_ep600.npz
algorithm_q_learning_q_learning_123_8b270c89,algorithm_q_learning,q_learning,train,601,123,hard,5,5,0.1,0.9,0.05,default,100,9.3,8,1,1,0,0,0.0012452180001218949,
algorithm_q_learning_q_learning_123_8b270c89,algorithm_q_learning,q_learning,train,602,123,hard,5,5,0.1,0.9,0.05,default,100,9.3,8,1,1,0,0,0.0011813700000402605,
algorithm_q_learning_q_learning_123_8b270c89,algorithm_q_learning,q_learning,train,603,123,hard,5,5,0.1,0.9,0.05,default,100,9.3,8,1,1,0,0,0.001196711999909894,
algorithm_q_learning_q_learning_123_8b270c89,algorithm_q_learning,q_learning,train,604,123,hard,5,5,0.1,0.9,0.05,default,100,9.3,8,1,1,0,0,0.001114477000101033,
algorithm_q_learning_q_learning_123_8b270c89,algorithm_q_learning,q_learning,train,605,123,hard,5,5,0.1,0.9,0.05,default,100,9.3,8,1,1,0,0,0.001096416000109457,
algorithm_q_learning_q_learning_123_8b270c89,algorithm_q_learning,q_learning,train,606,123,hard,5,5,0.1,0.9,0.05,default,100,9.3,8,1,1,0,0,0.001079067999853578,
algorithm_q_learning_q_learning_123_8b270c89,algorithm_q_learning,q_learning,train,607,123,hard,5,5,0.1,0.9,0.05,default,100,9.3,8,1,1,0,0,0.001126055999975506,
algorithm_q_learning_q_learning_123_8b270c89,algorithm_q_learning,q_learning,train,608,123,hard,5,5,0.1,0.9,0.05,default,100,8.299999999999999,9,1,1,0,0,0.0011681999999382242,
algorithm_q_learning_q_learning_123_8b270c89,algorithm_q_learning,q_learning,train,609,123,hard,5,5,0.1,0.9,0.05,default,100,9.3,8,1,1,0,0,0.0010782770000332675,
algorithm_q_learning_q_learning_123_8b270c89,algorithm_q_learning,q_learning,train,610,123,hard,5,5,0.1,0.9,0.05,default,100,9.3,8,1,1,0,0,0.0010149269999146782,
algorithm_q_learning_q_learning_123_8b270c89,algorithm_q_learning,q_learning,train,611,123,hard,5,5,0.1,0.9,0.05,default,100,9.3,8,1,1,0,0,0.0010679590000108874,
algorithm_q_learning_q_learning_123_8b270c89,algorithm_q_learning,q_learning,train,612,123,hard,5,5,0.1,0.9,0.05,default,100,9.3,8,1,1,0,0,0.0010906049999448442,
algorithm_q_learning_q_learning_123_8b270c89,algorithm_q_learning,q_learning,train,613,123,hard,5,5,0.1,0.9,0.05,default,100,9.3,8,1,1,0,0,0.0010934829999769136,
algorithm_q_learning_q_learning_123_8b270c89,algorithm_q_learning,q_learning,train,614,123,hard,5,5,0.1,0.9,0.05,default,100,9.3,8,1,1,0,0,0.0010974340000302618,
algorithm_q_learning_q_learning_123_8b270c89,algorithm_q_learning,q_learning,train,615,123,hard,5,5,0.1,0.9,0.05,default,100,9.3,8,1,1,0,0,0.001113637999878847,
algorithm_q_learning_q_learning_123_8b270c89,algorithm_q_learning,q_learning,train,616,123,hard,5,5,0.1,0.9,0.05,default,100,9.3,8,1,1,0,0,0.001142033000178344,
algorithm_q_learning_q_learning_123_8b270c89,algorithm_q_learning,q_learning,train,617,123,hard,5,5,0.1,0.9,0.05,default,100,9.3,8,1,1,0,0,0.0011479289998987952,
algorithm_q_learning_q_learning_123_8b270c89,algorithm_q_learning,q_learning,train,618,123,hard,5,5,0.1,0.9,0.05,default,100,9.1,10,1,1,0,0,0.0013255040000785812,
algorithm_q_learning_q_learning_123_8b270c89,algorithm_q_learning,q_learning,train,619,123,hard,5,5,0.1,0.9,0.05,default,100,8.299999999999999,9,1,1,0,0,0.001170044999980746,
algorithm_q_learning_q_learning_123_8b270c89,algorithm_q_learning,q_learning,train,620,123,hard,5,5,0.1,0.9,0.05,default,100,9.3,8,1,1,0,0,0.0010756419999324862,
algorithm_q_learning_q_learning_123_8b270c89,algorithm_q_learning,q_learning,train,621,123,hard,5,5,0.1,0.9,0.05,default,100,9.3,8,1,1,0,0,0.0011381040001197107,
algorithm_q_learning_q_learning_123_8b270c89,algorithm_q_learning,q_learning,train,622,123,hard,5,5,0.1,0.9,0.05,default,100,8.299999999999999,9,1,1,0,0,0.0012379530000998784,
algorithm_q_learning_q_learning_123_8b270c89,algorithm_q_learning,q_learning,train,623,123,hard,5,5,0.1,0.9,0.05,default,100,9.3,8,1,1,0,0,0.0011733149999599846,
algorithm_q_learning_q_learning_123_8b270c89,algorithm_q_learning,q_learning,train,624,123,hard,5,5,0.1,0.9,0.05,default,100,8.299999999999999,9,1,1,0,0,0.0012614600000233622,
algorithm_q_learning_q_learning_123_8b270c89,algorithm_q_learning,q_learning,train,625,123,hard,5,5,0.1,0.9,0.05,default,100,9.3,8,1,1,0,0,0.00118186899999273,
algorithm_q_learning_q_learning_123_8b270c89,algorithm_q_learning,q_learning,train,626,123,hard,5,5,0.1,0.9,0.05,default,100,9.3,8,1,1,0,0,0.001177044999849386,
algorithm_q_learning_q_learning_123_8b270c89,algorithm_q_learning,q_learning,train,627,123,hard,5,5,0.1,0.9,0.05,default,100,9.3,8,1,1,0,0,0.0011054589999730524,
algorithm_q_learning_q_learning_123_8b270c89,algorithm_q_learning,q_learning,train,628,123,hard,5,5,0.1,0.9,0.05,default,100,9.3,8,1,1,0,0,0.001060819000031188,
algorithm_q_learning_q_learning_123_8b270c89,algorithm_q_learning,q_learning,train,629,123,hard,5,5,0.1,0.9,0.05,default,100,9.1,10,1,1,0,0,0.0013221020001310535,
algorithm_q_learning_q_learning_123_8b270c89,algorithm_q_learning,q_learning,train,630,123,hard,5,5,0.1,0.9,0.05,default,100,9.3,8,1,1,0,0,0.001139498000156891,
algorithm_q_learning_q_learning_123_8b270c89,algorithm_q_learning,q_learning,train,631,123,hard,5,5,0.1,0.9,0.05,default,100,9.3,8,1,1,0,0,0.001081946000113021,
algorithm_q_learning_q_learning_123_8b270c89,algorithm_q_learning,q_learning,train,632,123,hard,5,5,0.1,0.9,0.05,default,100,8.1,11,1,1,0,0,0.0013425800000277377,
algorithm_q_learning_q_learning_123_8b270c89,algorithm_q_learning,q_learning,train,633,123,hard,5,5,0.1,0.9,0.05,default,100,9.3,8,1,1,0,0,0.0011713430001236702,
algorithm_q_learning_q_learning_123_8b270c89,algorithm_q_learning,q_learning,train,634,123,hard,5,5,0.1,0.9,0.05,default,100,8.1,11,1,1,0,0,0.0014325940001072013,
algorithm_q_learning_q_learning_123_8b270c89,algorithm_q_learning,q_learning,train,635,123,hard,5,5,0.1,0.9,0.05,default,100,9.3,8,1,1,0,0,0.001114724999979444,
algorithm_q_learning_q_learning_123_8b270c89,algorithm_q_learning,q_learning,train,636,123,hard,5,5,0.1,0.9,0.05,default,100,9.3,8,1,1,0,0,0.0010707320000165055,
algorithm_q_learning_q_learning_123_8b270c89,algorithm_q_learning,q_learning,train,637,123,hard,5,5,0.1,0.9,0.05,default,100,9.3,8,1,1,0,0,0.001170740000134174,
algorithm_q_learning_q_learning_123_8b270c89,algorithm_q_learning,q_learning,train,638,123,hard,5,5,0.1,0.9,0.05,default,100,9.3,8,1,1,0,0,0.0011801079999713693,
algorithm_q_learning_q_learning_123_8b270c89,algorithm_q_learning,q_learning,train,639,123,hard,5,5,0.1,0.9,0.05,default,100,9.3,8,1,1,0,0,0.001176342000007935,
algorithm_q_learning_q_learning_123_8b270c89,algorithm_q_learning,q_learning,train,640,123,hard,5,5,0.1,0.9,0.05,default,100,9.3,8,1,1,0,0,0.0011455619999196642,
algorithm_q_learning_q_learning_123_8b270c89,algorithm_q_learning,q_learning,train,641,123,hard,5,5,0.1,0.9,0.05,default,100,9.3,8,1,1,0,0,0.0012098619999960647,
algorithm_q_learning_q_learning_123_8b270c89,algorithm_q_learning,q_learning,train,642,123,hard,5,5,0.1,0.9,0.05,default,100,9.3,8,1,1,0,0,0.0010918230000243057,
algorithm_q_learning_q_learning_123_8b270c89,algorithm_q_learning,q_learning,train,643,123,hard,5,5,0.1,0.9,0.05,default,100,9.1,10,1,1,0,0,0.0012491390000377578,
algorithm_q_learning_q_learning_123_8b270c89,algorithm_q_learning,q_learning,train,644,123,hard,5,5,0.1,0.9,0.05,default,100,9.3,8,1,1,0,0,0.00107082900012756,
algorithm_q_learning_q_learning_123_8b270c89,algorithm_q_learning,q_learning,train,645,123,hard,5,5,0.1,0.9,0.05,default,100,9.3,8,1,1,0,0,0.0010243099998206162,
algorithm_q_learning_q_learning_123_8b270c89,algorithm_q_learning,q_learning,train,646,123,hard,5,5,0.1,0.9,0.05,default,100,9.3,8,1,1,0,0,0.0011914070000784704,
algorithm_q_learning_q_learning_123_8b270c89,algorithm_q_learning,q_learning,train,647,123,hard,5,5,0.1,0.9,0.05,default,100,9.3,8,1,1,0,0,0.0011727839998911804,
algorithm_q_learning_q_learning_123_8b270c89,algorithm_q_learning,q_learning,train,648,123,hard,5,5,0.1,0.9,0.05,default,100,8.3,9,1,1,0,0,0.001003980999939813,
algorithm_q_learning_q_learning_123_8b270c89,algorithm_q_learning,q_learning,train,649,123,hard,5,5,0.1,0.9,0.05,default,100,8.299999999999999,9,1,1,0,0,0.0011752200000501034,
algorithm_q_learning_q_learning_123_8b270c89,algorithm_q_learning,q_learning,train,650,123,hard,5,5,0.1,0.9,0.05,default,100,9.3,8,1,1,0,0,0.0011973939999734284,
algorithm_q_learning_q_learning_123_8b270c89,algorithm_q_learning,q_learning,train,651,123,hard,5,5,0.1,0.9,0.05,default,100,9.3,8,1,1,0,0,0.0011755819998597872,
algorithm_q_learning_q_learning_123_8b270c89,algorithm_q_learning,q_learning,train,652,123,hard,5,5,0.1,0.9,0.05,default,100,9.3,8,1,1,0,0,0.0010798790001445013,
algorithm_q_learning_q_learning_123_8b270c89,algorithm_q_learning,q_learning,train,653,123,hard,5,5,0.1,0.9,0.05,default,100,8.299999999999999,9,1,1,0,0,0.001151676999825213,
algorithm_q_learning_q_learning_123_8b270c89,algorithm_q_learning,q_learning,train,654,123,hard,5,5,0.1,0.9,0.05,default,100,9.3,8,1,1,0,0,0.0010628939999151044,
algorithm_q_learning_q_learning_123_8b270c89,algorithm_q_learning,q_learning,train,655,123,hard,5,5,0.1,0.9,0.05,default,100,9.3,8,1,1,0,0,0.0011216440000225703,
algorithm_q_learning_q_learning_123_8b270c89,algorithm_q_learning,q_learning,train,656,123,hard,5,5,0.1,0.9,0.05,default,100,9.3,8,1,1,0,0,0.0011633449998953438,
algorithm_q_learning_q_learning_123_8b270c89,algorithm_q_learning,q_learning,train,657,123,hard,5,5,0.1,0.9,0.05,default,100,9.3,8,1,1,0,0,0.0010033020000719262,
algorithm_q_learning_q_learning_123_8b270c89,algorithm_q_learning,q_learning,train,658,123,hard,5,5,0.1,0.9,0.05,default,100,9.3,8,1,1,0,0,0.0011054719998355722,
algorithm_q_learning_q_learning_123_8b270c89,algorithm_q_learning,q_learning,train,659,123,hard,5,5,0.1,0.9,0.05,default,100,9.3,8,1,1,0,0,0.0011492650000946014,
algorithm_q_learning_q_learning_123_8b270c89,algorithm_q_learning,q_learning,train,660,123,hard,5,5,0.1,0.9,0.05,default,100,9.3,8,1,1,0,0,0.0010300090000328055,
algorithm_q_learning_q_learning_123_8b270c89,algorithm_q_learning,q_learning,train,661,123,hard,5,5,0.1,0.9,0.05,default,100,9.3,8,1,1,0,0,0.0011648800000330084,
algorithm_q_learning_q_learning_123_8b270c89,algorithm_q_learning,q_learning,train,662,123,hard,5,5,0.1,0.9,0.05,default,100,9.3,8,1,1,0,0,0.0011560890000055224,
algorithm_q_learning_q_learning_123_8b270c89,algorithm_q_learning,q_learning,train,663,123,hard,5,5,0.1,0.9,0.05,default,100,9.3,8,1,1,0,0,0.0011124750001272332,
algorithm_q_learning_q_learning_123_8b270c89,algorithm_q_learning,q_learning,train,664,123,hard,5,5,0.1,0.9,0.05,default,100,9.3,8,1,1,0,0,0.001175882999859823,
algorithm_q_learning_q_learning_123_8b270c89,algorithm_q_learning,q_learning,train,665,123,hard,5,5,0.1,0.9,0.05,default,100,9.3,8,1,1,0,0,0.0010875570001189772,
algorithm_q_learning_q_learning_123_8b270c89,algorithm_q_learning,q_learning,train,666,123,hard,5,5,0.1,0.9,0.05,default,100,9.3,8,1,1,0,0,0.0010643969999364344,
algorithm_q_learning_q_learning_123_8b270c89,algorithm_q_learning,q_learning,train,667,123,hard,5,5,0.1,0.9,0.05,default,100,8.3,9,1,1,0,0,0.0012489380001170503,
algorithm_q_learning_q_learning_123_8b270c89,algorithm_q_learning,q_learning,train,668,123,hard,5,5,0.1,0.9,0.05,default,100,9.3,8,1,1,0,0,0.0011762890001136839,
algorithm_q_learning_q_learning_123_8b270c89,algorithm_q_learning,q_learning,train,669,123,hard,5,5,0.1,0.9,0.05,default,100,9.3,8,1,1,0,0,0.0012284540000564448,
algorithm_q_learning_q_learning_123_8b270c89,algorithm_q_learning,q_learning,train,670,123,hard,5,5,0.1,0.9,0.05,default,100,9.3,8,1,1,0,0,0.0010922300000402174,
algorithm_q_learning_q_learning_123_8b270c89,algorithm_q_learning,q_learning,train,671,123,hard,5,5,0.1,0.9,0.05,default,100,9.3,8,1,1,0,0,0.0010579429999779677,
algorithm_q_learning_q_learning_123_8b270c89,algorithm_q_learning,q_learning,train,672,123,hard,5,5,0.1,0.9,0.05,default,100,9.3,8,1,1,0,0,0.0010912559998814686,
algorithm_q_learning_q_learning_123_8b270c89,algorithm_q_learning,q_learning,train,673,123,hard,5,5,0.1,0.9,0.05,default,100,9.3,8,1,1,0,0,0.0010640580001108901,
algorithm_q_learning_q_learning_123_8b270c89,algorithm_q_learning,q_learning,train,674,123,hard,5,5,0.1,0.9,0.05,default,100,9.3,8,1,1,0,0,0.0010699209999529558,
algorithm_q_learning_q_learning_123_8b270c89,algorithm_q_learning,q_learning,train,675,123,hard,5,5,0.1,0.9,0.05,default,100,9.3,8,1,1,0,0,0.0011610990000008314,
algorithm_q_learning_q_learning_123_8b270c89,algorithm_q_learning,q_learning,train,676,123,hard,5,5,0.1,0.9,0.05,default,100,9.3,8,1,1,0,0,0.0011912659999779862,
algorithm_q_learning_q_learning_123_8b270c89,algorithm_q_learning,q_learning,train,677,123,hard,5,5,0.1,0.9,0.05,default,100,9.3,8,1,1,0,0,0.0011286349999863887,
algorithm_q_learning_q_learning_123_8b270c89,algorithm_q_learning,q_learning,train,678,123,hard,5,5,0.1,0.9,0.05,default,100,9.3,8,1,1,0,0,0.0011782690000927687,
algorithm_q_learning_q_learning_123_8b270c89,algorithm_q_learning,q_learning,train,679,123,hard,5,5,0.1,0.9,0.05,default,100,9.3,8,1,1,0,0,0.001137321999976848,
algorithm_q_learning_q_learning_123_8b270c89,algorithm_q_learning,q_learning,train,680,123,hard,5,5,0.1,0.9,0.05,default,100,9.3,8,1,1,0,0,0.0011771329998282454,
algorithm_q_learning_q_learning_123_8b270c89,algorithm_q_learning,q_learning,train,681,123,hard,5,5,0.1,0.9,0.05,default,100,9.3,8,1,1,0,0,0.0011203739998109086,
algorithm_q_learning_q_learning_123_8b270c89,algorithm_q_learning,q_learning,train,682,123,hard,5,5,0.1,0.9,0.05,default,100,8.3,9,1,1,0,0,0.0011326300000291667,
algorithm_q_learning_q_learning_123_8b270c89,algorithm_q_learning,q_learning,train,683,123,hard,5,5,0.1,0.9,0.05,default,100,9.3,8,1,1,0,0,0.0010722790000272653,
algorithm_q_learning_q_learning_123_8b270c89,algorithm_q_learning,q_learning,train,684,123,hard,5,5,0.1,0.9,0.05,default,100,9.3,8,1,1,0,0,0.0011923509998723603,
algorithm_q_learning_q_learning_123_8b270c89,algorithm_q_learning,q_learning,train,685,123,hard,5,5,0.1,0.9,0.05,default,100,9.3,8,1,1,0,0,0.001182677000088006,
algorithm_q_learning_q_learning_123_8b270c89,algorithm_q_learning,q_learning,train,686,123,hard,5,5,0.1,0.9,0.05,default,100,9.3,8,1,1,0,0,0.001152039999851695,
algorithm_q_learning_q_learning_123_8b270c89,algorithm_q_learning,q_learning,train,687,123,hard,5,5,0.1,0.9,0.05,default,100,9.3,8,1,1,0,0,0.0010943800000404735,
algorithm_q_learning_q_learning_123_8b270c89,algorithm_q_learning,q_learning,train,688,123,hard,5,5,0.1,0.9,0.05,default,100,9.3,8,1,1,0,0,0.0010107139999036008,
algorithm_q_learning_q_learning_123_8b270c89,algorithm_q_learning,q_learning,train,689,123,hard,5,5,0.1,0.9,0.05,default,100,9.3,8,1,1,0,0,0.0010786509999434202,
algorithm_q_learning_q_learning_123_8b270c89,algorithm_q_learning,q_learning,train,690,123,hard,5,5,0.1,0.9,0.05,default,100,9.3,8,1,1,0,0,0.001066964000074222,
algorithm_q_learning_q_learning_123_8b270c89,algorithm_q_learning,q_learning,train,691,123,hard,5,5,0.1,0.9,0.05,default,100,9.3,8,1,1,0,0,0.0011563900000055582,
algorithm_q_learning_q_learning_123_8b270c89,algorithm_q_learning,q_learning,train,692,123,hard,5,5,0.1,0.9,0.05,default,100,9.3,8,1,1,0,0,0.0011614960001224972,
algorithm_q_learning_q_learning_123_8b270c89,algorithm_q_learning,q_learning,train,693,123,hard,5,5,0.1,0.9,0.05,default,100,9.1,10,1,1,0,0,0.0013540830000238202,
algorithm_q_learning_q_learning_123_8b270c89,algorithm_q_learning,q_learning,train,694,123,hard,5,5,0.1,0.9,0.05,default,100,9.3,8,1,1,0,0,0.0011050579998936882,
algorithm_q_learning_q_learning_123_8b270c89,algorithm_q_learning,q_learning,train,695,123,hard,5,5,0.1,0.9,0.05,default,100,9.3,8,1,1,0,0,0.00101664199996776,
algorithm_q_learning_q_learning_123_8b270c89,algorithm_q_learning,q_learning,train,696,123,hard,5,5,0.1,0.9,0.05,default,100,9.3,8,1,1,0,0,0.0010682069998892985,
algorithm_q_learning_q_learning_123_8b270c89,algorithm_q_learning,q_learning,train,697,123,hard,5,5,0.1,0.9,0.05,default,100,9.3,8,1,1,0,0,0.001005092000013974,
algorithm_q_learning_q_learning_123_8b270c89,algorithm_q_learning,q_learning,train,698,123,hard,5,5,0.1,0.9,0.05,default,100,8.3,9,1,1,0,0,0.0011514349998833495,
algorithm_q_learning_q_learning_123_8b270c89,algorithm_q_learning,q_learning,train,699,123,hard,5,5,0.1,0.9,0.05,default,100,9.3,8,1,1,0,0,0.0010171519998039003,
algorithm_q_learning_q_learning_123_8b270c89,algorithm_q_learning,q_learning,train,700,123,hard,5,5,0.1,0.9,0.05,default,100,9.3,8,1,1,0,0,0.0010693120000269118,
algorithm_q_learning_q_learning_123_8b270c89,algorithm_q_learning,q_learning,train,701,123,hard,5,5,0.1,0.9,0.05,default,100,9.3,8,1,1,0,0,0.001199566000195773,
algorithm_q_learning_q_learning_123_8b270c89,algorithm_q_learning,q_learning,train,702,123,hard,5,5,0.1,0.9,0.05,default,100,8.3,9,1,1,0,0,0.0012567409999064694,
algorithm_q_learning_q_learning_123_8b270c89,algorithm_q_learning,q_learning,train,703,123,hard,5,5,0.1,0.9,0.05,default,100,9.3,8,1,1,0,0,0.0012072760000592098,
algorithm_q_learning_q_learning_123_8b270c89,algorithm_q_learning,q_learning,train,704,123,hard,5,5,0.1,0.9,0.05,default,100,9.3,8,1,1,0,0,0.0011772450000080426,
algorithm_q_learning_q_learning_123_8b270c89,algorithm_q_learning,q_learning,train,705,123,hard,5,5,0.1,0.9,0.05,default,100,9.3,8,1,1,0,0,0.001178492000008191,
algorithm_q_learning_q_learning_123_8b270c89,algorithm_q_learning,q_learning,train,706,123,hard,5,5,0.1,0.9,0.05,default,100,9.3,8,1,1,0,0,0.0011501880001105746,
algorithm_q_learning_q_learning_123_8b270c89,algorithm_q_learning,q_learning,train,707,123,hard,5,5,0.1,0.9,0.05,default,100,9.3,8,1,1,0,0,0.0010858929999812972,
algorithm_q_learning_q_learning_123_8b270c89,algorithm_q_learning,q_learning,train,708,123,hard,5,5,0.1,0.9,0.05,default,100,9.3,8,1,1,0,0,0.0010713670001223363,
algorithm_q_learning_q_learning_123_8b270c89,algorithm_q_learning,q_learning,train,709,123,hard,5,5,0.1,0.9,0.05,default,100,9.3,8,1,1,0,0,0.00106789099982052,
algorithm_q_learning_q_learning_123_8b270c89,algorithm_q_learning,q_learning,train,710,123,hard,5,5,0.1,0.9,0.05,default,100,9.3,8,1,1,0,0,0.0011940149997826666,
algorithm_q_learning_q_learning_123_8b270c89,algorithm_q_learning,q_learning,train,711,123,hard,5,5,0.1,0.9,0.05,default,100,9.3,8,1,1,0,0,0.0010953170001357648,
algorithm_q_learning_q_learning_123_8b270c89,algorithm_q_learning,q_learning,train,712,123,hard,5,5,0.1,0.9,0.05,default,100,9.3,8,1,1,0,0,0.0010154240001156722,
algorithm_q_learning_q_learning_123_8b270c89,algorithm_q_learning,q_learning,train,713,123,hard,5,5,0.1,0.9,0.05,default,100,9.3,8,1,1,0,0,0.0011293469999600347,
algorithm_q_learning_q_learning_123_8b270c89,algorithm_q_learning,q_learning,train,714,123,hard,5,5,0.1,0.9,0.05,default,100,9.3,8,1,1,0,0,0.0011109230001693504,
algorithm_q_learning_q_learning_123_8b270c89,algorithm_q_learning,q_learning,train,715,123,hard,5,5,0.1,0.9,0.05,default,100,9.3,8,1,1,0,0,0.0010717689999637514,
algorithm_q_learning_q_learning_123_8b270c89,algorithm_q_learning,q_learning,train,716,123,hard,5,5,0.1,0.9,0.05,default,100,9.3,8,1,1,0,0,0.0012125989999276499,
algorithm_q_learning_q_learning_123_8b270c89,algorithm_q_learning,q_learning,train,717,123,hard,5,5,0.1,0.9,0.05,default,100,-5.5,6,0,1,0,1,0.0007705160001023614,
algorithm_q_learning_q_learning_123_8b270c89,algorithm_q_learning,q_learning,train,718,123,hard,5,5,0.1,0.9,0.05,default,100,9.3,8,1,1,0,0,0.001181183999960922,
algorithm_q_learning_q_learning_123_8b270c89,algorithm_q_learning,q_learning,train,719,123,hard,5,5,0.1,0.9,0.05,default,100,9.3,8,1,1,0,0,0.0011517600000843231,
algorithm_q_learning_q_learning_123_8b270c89,algorithm_q_learning,q_learning,train,720,123,hard,5,5,0.1,0.9,0.05,default,100,9.3,8,1,1,0,0,0.001105084999835526,
algorithm_q_learning_q_learning_123_8b270c89,algorithm_q_learning,q_learning,train,721,123,hard,5,5,0.1,0.9,0.05,default,100,9.3,8,1,1,0,0,0.0011140990000058082,
algorithm_q_learning_q_learning_123_8b270c89,algorithm_q_learning,q_learning,train,722,123,hard,5,5,0.1,0.9,0.05,default,100,9.3,8,1,1,0,0,0.001227517999950578,
algorithm_q_learning_q_learning_123_8b270c89,algorithm_q_learning,q_learning,train,723,123,hard,5,5,0.1,0.9,0.05,default,100,9.3,8,1,1,0,0,0.0011338049998812494,
algorithm_q_learning_q_learning_123_8b270c89,algorithm_q_learning,q_learning,train,724,123,hard,5,5,0.1,0.9,0.05,default,100,9.3,8,1,1,0,0,0.0011874970000462781,
algorithm_q_learning_q_learning_123_8b270c89,algorithm_q_learning,q_learning,train,725,123,hard,5,5,0.1,0.9,0.05,default,100,9.3,8,1,1,0,0,0.0012026179999793385,
algorithm_q_learning_q_learning_123_8b270c89,algorithm_q_learning,q_learning,train,726,123,hard,5,5,0.1,0.9,0.05,default,100,9.3,8,1,1,0,0,0.0011883130000569508,
algorithm_q_learning_q_learning_123_8b270c89,algorithm_q_learning,q_learning,train,727,123,hard,5,5,0.1,0.9,0.05,default,100,9.3,8,1,1,0,0,0.0012192550000236224,
algorithm_q_learning_q_learning_123_8b270c89,algorithm_q_learning,q_learning,train,728,123,hard,5,5,0.1,0.9,0.05,default,100,9.3,8,1,1,0,0,0.0011211570001705695,
algorithm_q_learning_q_learning_123_8b270c89,algorithm_q_learning,q_learning,train,729,123,hard,5,5,0.1,0.9,0.05,default,100,-5.3,4,0,1,0,1,0.000614774000041507,
algorithm_q_learning_q_learning_123_8b270c89,algorithm_q_learning,q_learning,train,730,123,hard,5,5,0.1,0.9,0.05,default,100,8.3,9,1,1,0,0,0.0012314180000885244,
algorithm_q_learning_q_learning_123_8b270c89,algorithm_q_learning,q_learning,train,731,123,hard,5,5,0.1,0.9,0.05,default,100,6.3,11,1,1,0,0,0.0012440089999472548,
algorithm_q_learning_q_learning_123_8b270c89,algorithm_q_learning,q_learning,train,732,123,hard,5,5,0.1,0.9,0.05,default,100,9.3,8,1,1,0,0,0.0011127440000109345,
algorithm_q_learning_q_learning_123_8b270c89,algorithm_q_learning,q_learning,train,733,123,hard,5,5,0.1,0.9,0.05,default,100,9.3,8,1,1,0,0,0.0011946399999942514,
algorithm_q_learning_q_learning_123_8b270c89,algorithm_q_learning,q_learning,train,734,123,hard,5,5,0.1,0.9,0.05,default,100,9.3,8,1,1,0,0,0.0011031170001842838,
algorithm_q_learning_q_learning_123_8b270c89,algorithm_q_learning,q_learning,train,735,123,hard,5,5,0.1,0.9,0.05,default,100,9.3,8,1,1,0,0,0.0011817120000614523,
algorithm_q_learning_q_learning_123_8b270c89,algorithm_q_learning,q_learning,train,736,123,hard,5,5,0.1,0.9,0.05,default,100,8.299999999999999,9,1,1,0,0,0.0013110259999393747,
algorithm_q_learning_q_learning_123_8b270c89,algorithm_q_learning,q_learning,train,737,123,hard,5,5,0.1,0.9,0.05,default,100,9.3,8,1,1,0,0,0.001107942000089679,
algorithm_q_learning_q_learning_123_8b270c89,algorithm_q_learning,q_learning,train,738,123,hard,5,5,0.1,0.9,0.05,default,100,9.3,8,1,1,0,0,0.0010713980000218726,
algorithm_q_learning_q_learning_123_8b270c89,algorithm_q_learning,q_learning,train,739,123,hard,5,5,0.1,0.9,0.05,default,100,9.3,8,1,1,0,0,0.0011212859999432112,
algorithm_q_learning_q_learning_123_8b270c89,algorithm_q_learning,q_learning,train,740,123,hard,5,5,0.1,0.9,0.05,default,100,9.3,8,1,1,0,0,0.0011698900000283174,
algorithm_q_learning_q_learning_123_8b270c89,algorithm_q_learning,q_learning,train,741,123,hard,5,5,0.1,0.9,0.05,default,100,9.3,8,1,1,0,0,0.0012558989999433834,
algorithm_q_learning_q_learning_123_8b270c89,algorithm_q_learning,q_learning,train,742,123,hard,5,5,0.1,0.9,0.05,default,100,9.1,10,1,1,0,0,0.0012940850001541548,
algorithm_q_learning_q_learning_123_8b270c89,algorithm_q_learning,q_learning,train,743,123,hard,5,5,0.1,0.9,0.05,default,100,-5.5,6,0,1,0,1,0.0007296389999282837,
algorithm_q_learning_q_learning_123_8b270c89,algorithm_q_learning,q_learning,train,744,123,hard,5,5,0.1,0.9,0.05,default,100,9.3,8,1,1,0,0,0.0010811050001393596,
algorithm_q_learning_q_learning_123_8b270c89,algorithm_q_learning,q_learning,train,745,123,hard,5,5,0.1,0.9,0.05,default,100,9.3,8,1,1,0,0,0.0012109209999380255,
algorithm_q_learning_q_learning_123_8b270c89,algorithm_q_learning,q_learning,train,746,123,hard,5,5,0.1,0.9,0.05,default,100,8.299999999999999,9,1,1,0,0,0.0011829539998871041,
algorithm_q_learning_q_learning_123_8b270c89,algorithm_q_learning,q_learning,train,747,123,hard,5,5,0.1,0.9,0.05,default,100,9.3,8,1,1,0,0,0.0011142200000904268,
algorithm_q_learning_q_learning_123_8b270c89,algorithm_q_learning,q_learning,train,748,123,hard,5,5,0.1,0.9,0.05,default,100,9.3,8,1,1,0,0,0.0011572480000268115,
algorithm_q_learning_q_learning_123_8b270c89,algorithm_q_learning,q_learning,train,749,123,hard,5,5,0.1,0.9,0.05,default,100,9.3,8,1,1,0,0,0.0011551479999525327,
algorithm_q_learning_q_learning_123_8b270c89,algorithm_q_learning,q_learning,train,750,123,hard,5,5,0.1,0.9,0.05,default,100,9.3,8,1,1,0,0,0.0010727739997946628,
algorithm_q_learning_q_learning_123_8b270c89,algorithm_q_learning,q_learning,train,751,123,hard,5,5,0.1,0.9,0.05,default,100,8.299999999999999,9,1,1,0,0,0.0011227649999909772,
algorithm_q_learning_q_learning_123_8b270c89,algorithm_q_learning,q_learning,train,752,123,hard,5,5,0.1,0.9,0.05,default,100,9.3,8,1,1,0,0,0.001224655999976676,
algorithm_q_learning_q_learning_123_8b270c89,algorithm_q_learning,q_learning,train,753,123,hard,5,5,0.1,0.9,0.05,default,100,9.3,8,1,1,0,0,0.0011253479999595584,
algorithm_q_learning_q_learning_123_8b270c89,algorithm_q_learning,q_learning,train,754,123,hard,5,5,0.1,0.9,0.05,default,100,8.3,9,1,1,0,0,0.0012106829999538604,
algorithm_q_learning_q_learning_123_8b270c89,algorithm_q_learning,q_learning,train,755,123,hard,5,5,0.1,0.9,0.05,default,100,8.299999999999999,9,1,1,0,0,0.0011648029999378195,
algorithm_q_learning_q_learning_123_8b270c89,algorithm_q_learning,q_learning,train,756,123,hard,5,5,0.1,0.9,0.05,default,100,9.3,8,1,1,0,0,0.0009573400000135734,
algorithm_q_learning_q_learning_123_8b270c89,algorithm_q_learning,q_learning,train,757,123,hard,5,5,0.1,0.9,0.05,default,100,9.3,8,1,1,0,0,0.0010678880000796198,
algorithm_q_learning_q_learning_123_8b270c89,algorithm_q_learning,q_learning,train,758,123,hard,5,5,0.1,0.9,0.05,default,100,9.3,8,1,1,0,0,0.0010653249998995307,
algorithm_q_learning_q_learning_123_8b270c89,algorithm_q_learning,q_learning,train,759,123,hard,5,5,0.1,0.9,0.05,default,100,9.3,8,1,1,0,0,0.0012080869998953858,
algorithm_q_learning_q_learning_123_8b270c89,algorithm_q_learning,q_learning,train,760,123,hard,5,5,0.1,0.9,0.05,default,100,9.3,8,1,1,0,0,0.0011783449999711593,
algorithm_q_learning_q_learning_123_8b270c89,algorithm_q_learning,q_learning,train,761,123,hard,5,5,0.1,0.9,0.05,default,100,8.1,11,1,1,0,0,0.0013412769999376906,
algorithm_q_learning_q_learning_123_8b270c89,algorithm_q_learning,q_learning,train,762,123,hard,5,5,0.1,0.9,0.05,default,100,9.3,8,1,1,0,0,0.0011743750001187436,
algorithm_q_learning_q_learning_123_8b270c89,algorithm_q_learning,q_learning,train,763,123,hard,5,5,0.1,0.9,0.05,default,100,9.3,8,1,1,0,0,0.0012088470000435336,
algorithm_q_learning_q_learning_123_8b270c89,algorithm_q_learning,q_learning,train,764,123,hard,5,5,0.1,0.9,0.05,default,100,9.3,8,1,1,0,0,0.0011839659998713614,
algorithm_q_learning_q_learning_123_8b270c89,algorithm_q_learning,q_learning,train,765,123,hard,5,5,0.1,0.9,0.05,default,100,9.3,8,1,1,0,0,0.0011922000001050037,
algorithm_q_learning_q_learning_123_8b270c89,algorithm_q_learning,q_learning,train,766,123,hard,5,5,0.1,0.9,0.05,default,100,9.3,8,1,1,0,0,0.001202616999989914,
algorithm_q_learning_q_learning_123_8b270c89,algorithm_q_learning,q_learning,train,767,123,hard,5,5,0.1,0.9,0.05,default,100,9.3,8,1,1,0,0,0.0012586959999225655,
algorithm_q_learning_q_learning_123_8b270c89,algorithm_q_learning,q_learning,train,768,123,hard,5,5,0.1,0.9,0.05,default,100,9.3,8,1,1,0,0,0.0011888649999036716,
algorithm_q_learning_q_learning_123_8b270c89,algorithm_q_learning,q_learning,train,769,123,hard,5,5,0.1,0.9,0.05,default,100,9.3,8,1,1,0,0,0.001184947999945507,
algorithm_q_learning_q_learning_123_8b270c89,algorithm_q_learning,q_learning,train,770,123,hard,5,5,0.1,0.9,0.05,default,100,9.3,8,1,1,0,0,0.001205878000064331,
algorithm_q_learning_q_learning_123_8b270c89,algorithm_q_learning,q_learning,train,771,123,hard,5,5,0.1,0.9,0.05,default,100,9.3,8,1,1,0,0,0.0011650460000964813,
algorithm_q_learning_q_learning_123_8b270c89,algorithm_q_learning,q_learning,train,772,123,hard,5,5,0.1,0.9,0.05,default,100,9.3,8,1,1,0,0,0.0011938860000100249,
algorithm_q_learning_q_learning_123_8b270c89,algorithm_q_learning,q_learning,train,773,123,hard,5,5,0.1,0.9,0.05,default,100,9.3,8,1,1,0,0,0.0012082460000328865,
algorithm_q_learning_q_learning_123_8b270c89,algorithm_q_learning,q_learning,train,774,123,hard,5,5,0.1,0.9,0.05,default,100,9.3,8,1,1,0,0,0.001179909000029511,
algorithm_q_learning_q_learning_123_8b270c89,algorithm_q_learning,q_learning,train,775,123,hard,5,5,0.1,0.9,0.05,default,100,8.299999999999999,9,1,1,0,0,0.0012657700001454941,
algorithm_q_learning_q_learning_123_8b270c89,algorithm_q_learning,q_learning,train,776,123,hard,5,5,0.1,0.9,0.05,default,100,8.3,9,1,1,0,0,0.0012477139998736675,
algorithm_q_learning_q_learning_123_8b270c89,algorithm_q_learning,q_learning,train,777,123,hard,5,5,0.1,0.9,0.05,default,100,9.3,8,1,1,0,0,0.0011901959999249812,
algorithm_q_learning_q_learning_123_8b270c89,algorithm_q_learning,q_learning,train,778,123,hard,5,5,0.1,0.9,0.05,default,100,9.3,8,1,1,0,0,0.0011058889999731036,
algorithm_q_learning_q_learning_123_8b270c89,algorithm_q_learning,q_learning,train,779,123,hard,5,5,0.1,0.9,0.05,default,100,9.3,8,1,1,0,0,0.0011878809998506767,
algorithm_q_learning_q_learning_123_8b270c89,algorithm_q_learning,q_learning,train,780,123,hard,5,5,0.1,0.9,0.05,default,100,9.3,8,1,1,0,0,0.0011805449998973927,
algorithm_q_learning_q_learning_123_8b270c89,algorithm_q_learning,q_learning,train,781,123,hard,5,5,0.1,0.9,0.05,default,100,9.3,8,1,1,0,0,0.001241600999946968,
algorithm_q_learning_q_learning_123_8b270c89,algorithm_q_learning,q_learning,train,782,123,hard,5,5,0.1,0.9,0.05,default,100,8.1,11,1,1,0,0,0.001329680000026201,
algorithm_q_learning_q_learning_123_8b270c89,algorithm_q_learning,q_learning,train,783,123,hard,5,5,0.1,0.9,0.05,default,100,9.3,8,1,1,0,0,0.001193613999930676,
algorithm_q_learning_q_learning_123_8b270c89,algorithm_q_learning,q_learning,train,784,123,hard,5,5,0.1,0.9,0.05,default,100,9.3,8,1,1,0,0,0.0011899829999038047,
algorithm_q_learning_q_learning_123_8b270c89,algorithm_q_learning,q_learning,train,785,123,hard,5,5,0.1,0.9,0.05,default,100,-5.3,4,0,1,0,1,0.0005567429998336593,
algorithm_q_learning_q_learning_123_8b270c89,algorithm_q_learning,q_learning,train,786,123,hard,5,5,0.1,0.9,0.05,default,100,9.3,8,1,1,0,0,0.0010904099999606842,
algorithm_q_learning_q_learning_123_8b270c89,algorithm_q_learning,q_learning,train,787,123,hard,5,5,0.1,0.9,0.05,default,100,9.3,8,1,1,0,0,0.0011767800001507567,
algorithm_q_learning_q_learning_123_8b270c89,algorithm_q_learning,q_learning,train,788,123,hard,5,5,0.1,0.9,0.05,default,100,9.3,8,1,1,0,0,0.001143791999993482,
algorithm_q_learning_q_learning_123_8b270c89,algorithm_q_learning,q_learning,train,789,123,hard,5,5,0.1,0.9,0.05,default,100,8.299999999999999,9,1,1,0,0,0.0011718099999598053,
algorithm_q_learning_q_learning_123_8b270c89,algorithm_q_learning,q_learning,train,790,123,hard,5,5,0.1,0.9,0.05,default,100,9.3,8,1,1,0,0,0.0011508370000683499,
algorithm_q_learning_q_learning_123_8b270c89,algorithm_q_learning,q_learning,train,791,123,hard,5,5,0.1,0.9,0.05,default,100,9.1,10,1,1,0,0,0.0014147000001685228,
algorithm_q_learning_q_learning_123_8b270c89,algorithm_q_learning,q_learning,train,792,123,hard,5,5,0.1,0.9,0.05,default,100,9.1,10,1,1,0,0,0.001381743000138158,
algorithm_q_learning_q_learning_123_8b270c89,algorithm_q_learning,q_learning,train,793,123,hard,5,5,0.1,0.9,0.05,default,100,-5.3,4,0,1,0,1,0.000597918000039499,
algorithm_q_learning_q_learning_123_8b270c89,algorithm_q_learning,q_learning,train,794,123,hard,5,5,0.1,0.9,0.05,default,100,9.3,8,1,1,0,0,0.001181859000098484,
algorithm_q_learning_q_learning_123_8b270c89,algorithm_q_learning,q_learning,train,795,123,hard,5,5,0.1,0.9,0.05,default,100,9.3,8,1,1,0,0,0.0012219640000239451,
algorithm_q_learning_q_learning_123_8b270c89,algorithm_q_learning,q_learning,train,796,123,hard,5,5,0.1,0.9,0.05,default,100,9.3,8,1,1,0,0,0.001194314000031227,
algorithm_q_learning_q_learning_123_8b270c89,algorithm_q_learning,q_learning,train,797,123,hard,5,5,0.1,0.9,0.05,default,100,-5.6,7,0,1,0,1,0.0009901219998482702,
algorithm_q_learning_q_learning_123_8b270c89,algorithm_q_learning,q_learning,train,798,123,hard,5,5,0.1,0.9,0.05,default,100,9.3,8,1,1,0,0,0.0012070909999692958,
algorithm_q_learning_q_learning_123_8b270c89,algorithm_q_learning,q_learning,train,799,123,hard,5,5,0.1,0.9,0.05,default,100,9.3,8,1,1,0,0,0.0011868890001096588,
algorithm_q_learning_q_learning_123_8b270c89,algorithm_q_learning,q_learning,train,800,123,hard,5,5,0.1,0.9,0.05,default,100,9.3,8,1,1,0,0,0.001173155000060433,results/algorithm_comparison/q_learning/seed_123/qtable_ep800.npz
algorithm_q_learning_q_learning_123_8b270c89,algorithm_q_learning,q_learning,train,801,123,hard,5,5,0.1,0.9,0.05,default,100,9.3,8,1,1,0,0,0.0012102250000225467,
algorithm_q_learning_q_learning_123_8b270c89,algorithm_q_learning,q_learning,train,802,123,hard,5,5,0.1,0.9,0.05,default,100,9.3,8,1,1,0,0,0.001216107000118427,
algorithm_q_learning_q_learning_123_8b270c89,algorithm_q_learning,q_learning,train,803,123,hard,5,5,0.1,0.9,0.05,default,100,9.1,10,1,1,0,0,0.0013837720000537956,
algorithm_q_learning_q_learning_123_8b270c89,algorithm_q_learning,q_learning,train,804,123,hard,5,5,0.1,0.9,0.05,default,100,9.1,10,1,1,0,0,0.001398036000182401,
algorithm_q_learning_q_learning_123_8b270c89,algorithm_q_learning,q_learning,train,805,123,hard,5,5,0.1,0.9,0.05,default,100,9.3,8,1,1,0,0,0.001211934999901132,
algorithm_q_learning_q_learning_123_8b270c89,algorithm_q_learning,q_learning,train,806,123,hard,5,5,0.1,0.9,0.05,default,100,9.3,8,1,1,0,0,0.0011914199999409902,
algorithm_q_learning_q_learning_123_8b270c89,algorithm_q_learning,q_learning,train,807,123,hard,5,5,0.1,0.9,0.05,default,100,9.1,10,1,1,0,0,0.0013899919999857957,
algorithm_q_learning_q_learning_123_8b270c89,algorithm_q_learning,q_learning,train,808,123,hard,5,5,0.1,0.9,0.05,default,100,9.1,10,1,1,0,0,0.0013996039999710774,
algorithm_q_learning_q_learning_123_8b270c89,algorithm_q_learning,q_learning,train,809,123,hard,5,5,0.1,0.9,0.05,default,100,9.3,8,1,1,0,0,0.0011400760001833987,
algorithm_q_learning_q_learning_123_8b270c89,algorithm_q_learning,q_learning,train,810,123,hard,5,5,0.1,0.9,0.05,default,100,9.3,8,1,1,0,0,0.0011831809999875986,
algorithm_q_learning_q_learning_123_8b270c89,algorithm_q_learning,q_learning,train,811,123,hard,5,5,0.1,0.9,0.05,default,100,9.3,8,1,1,0,0,0.0012208329999339185,
algorithm_q_learning_q_learning_123_8b270c89,algorithm_q_learning,q_learning,train,812,123,hard,5,5,0.1,0.9,0.05,default,100,9.3,8,1,1,0,0,0.0011234720000175002,
algorithm_q_learning_q_learning_123_8b270c89,algorithm_q_learning,q_learning,train,813,123,hard,5,5,0.1,0.9,0.05,default,100,9.1,10,1,1,0,0,0.0013795940001273266,
algorithm_q_learning_q_learning_123_8b270c89,algorithm_q_learning,q_learning,train,814,123,hard,5,5,0.1,0.9,0.05,default,100,9.3,8,1,1,0,0,0.0012033979999159783,
algorithm_q_learning_q_learning_123_8b270c89,algorithm_q_learning,q_learning,train,815,123,hard,5,5,0.1,0.9,0.05,default,100,-5.6,7,0,1,0,1,0.0009992850000344333,
algorithm_q_learning_q_learning_123_8b270c89,algorithm_q_learning,q_learning,train,816,123,hard,5,5,0.1,0.9,0.05,default,100,9.1,10,1,1,0,0,0.0013304670001161867,
algorithm_q_learning_q_learning_123_8b270c89,algorithm_q_learning,q_learning,train,817,123,hard,5,5,0.1,0.9,0.05,default,100,9.3,8,1,1,0,0,0.001084002999959921,
algorithm_q_learning_q_learning_123_8b270c89,algorithm_q_learning,q_learning,train,818,123,hard,5,5,0.1,0.9,0.05,default,100,9.3,8,1,1,0,0,0.0012291379998714547,
algorithm_q_learning_q_learning_123_8b270c89,algorithm_q_learning,q_learning,train,819,123,hard,5,5,0.1,0.9,0.05,default,100,9.1,10,1,1,0,0,0.0012410599999839178,
algorithm_q_learning_q_learning_123_8b270c89,algorithm_q_learning,q_learning,train,820,123,hard,5,5,0.1,0.9,0.05,default,100,9.3,8,1,1,0,0,0.001066949999994904,
algorithm_q_learning_q_learning_123_8b270c89,algorithm_q_learning,q_learning,train,821,123,hard,5,5,0.1,0.9,0.05,default,100,8.3,9,1,1,0,0,0.0011514509999415168,
algorithm_q_learning_q_learning_123_8b270c89,algorithm_q_learning,q_learning,train,822,123,hard,5,5,0.1,0.9,0.05,default,100,9.3,8,1,1,0,0,0.0010375870001553267,
algorithm_q_learning_q_learning_123_8b270c89,algorithm_q_learning,q_learning,train,823,123,hard,5,5,0.1,0.9,0.05,default,100,9.3,8,1,1,0,0,0.0010767139999643405,
algorithm_q_learning_q_learning_123_8b270c89,algorithm_q_learning,q_learning,train,824,123,hard,5,5,0.1,0.9,0.05,default,100,8.299999999999999,9,1,1,0,0,0.0011284390000128042,
algorithm_q_learning_q_learning_123_8b270c89,algorithm_q_learning,q_learning,train,825,123,hard,5,5,0.1,0.9,0.05,default,100,9.3,8,1,1,0,0,0.0010128269998403994,
algorithm_q_learning_q_learning_123_8b270c89,algorithm_q_learning,q_learning,train,826,123,hard,5,5,0.1,0.9,0.05,default,100,8.299999999999999,9,1,1,0,0,0.0012433429999418877,
algorithm_q_learning_q_learning_123_8b270c89,algorithm_q_learning,q_learning,train,827,123,hard,5,5,0.1,0.9,0.05,default,100,9.3,8,1,1,0,0,0.0011866709999139857,
algorithm_q_learning_q_learning_123_8b270c89,algorithm_q_learning,q_learning,train,828,123,hard,5,5,0.1,0.9,0.05,default,100,9.3,8,1,1,0,0,0.0011523170001055405,
algorithm_q_learning_q_learning_123_8b270c89,algorithm_q_learning,q_learning,train,829,123,hard,5,5,0.1,0.9,0.05,default,100,9.3,8,1,1,0,0,0.0010922710000613733,
algorithm_q_learning_q_learning_123_8b270c89,algorithm_q_learning,q_learning,train,830,123,hard,5,5,0.1,0.9,0.05,default,100,9.3,8,1,1,0,0,0.0010719350000272243,
algorithm_q_learning_q_learning_123_8b270c89,algorithm_q_learning,q_learning,train,831,123,hard,5,5,0.1,0.9,0.05,default,100,9.3,8,1,1,0,0,0.0010629470000367292,
algorithm_q_learning_q_learning_123_8b270c89,algorithm_q_learning,q_learning,train,832,123,hard,5,5,0.1,0.9,0.05,default,100,9.3,8,1,1,0,0,0.0010737939999216906,
algorithm_q_learning_q_learning_123_8b270c89,algorithm_q_learning,q_learning,train,833,123,hard,5,5,0.1,0.9,0.05,default,100,9.3,8,1,1,0,0,0.0010860390000289044,
algorithm_q_learning_q_learning_123_8b270c89,algorithm_q_learning,q_learning,train,834,123,hard,5,5,0.1,0.9,0.05,default,100,9.1,10,1,1,0,0,0.001250377000133085,
algorithm_q_learning_q_learning_123_8b270c89,algorithm_q_learning,q_learning,train,835,123,hard,5,5,0.1,0.9,0.05,default,100,8.299999999999999,9,1,1,0,0,0.0012332190001416166,
algorithm_q_learning_q_learning_123_8b270c89,algorithm_q_learning,q_learning,train,836,123,hard,5,5,0.1,0.9,0.05,default,100,8.3,9,1,1,0,0,0.0011761210000713618,
algorithm_q_learning_q_learning_123_8b270c89,algorithm_q_learning,q_learning,train,837,123,hard,5,5,0.1,0.9,0.05,default,100,9.3,8,1,1,0,0,0.0010728540000854991,
algorithm_q_learning_q_learning_123_8b270c89,algorithm_q_learning,q_learning,train,838,123,hard,5,5,0.1,0.9,0.05,default,100,9.3,8,1,1,0,0,0.0010767520000172226,
algorithm_q_learning_q_learning_123_8b270c89,algorithm_q_learning,q_learning,train,839,123,hard,5,5,0.1,0.9,0.05,default,100,9.3,8,1,1,0,0,0.0010136060000149882,
algorithm_q_learning_q_learning_123_8b270c89,algorithm_q_learning,q_learning,train,840,123,hard,5,5,0.1,0.9,0.05,default,100,9.3,8,1,1,0,0,0.0010818149999067828,
algorithm_q_learning_q_learning_123_8b270c89,algorithm_q_learning,q_learning,train,841,123,hard,5,5,0.1,0.9,0.05,default,100,9.3,8,1,1,0,0,0.0011951310000313242,
algorithm_q_learning_q_learning_123_8b270c89,algorithm_q_learning,q_learning,train,842,123,hard,5,5,0.1,0.9,0.05,default,100,9.3,8,1,1,0,0,0.001070261999984723,
algorithm_q_learning_q_learning_123_8b270c89,algorithm_q_learning,q_learning,train,843,123,hard,5,5,0.1,0.9,0.05,default,100,8.299999999999999,9,1,1,0,0,0.0011772709999604558,
algorithm_q_learning_q_learning_123_8b270c89,algorithm_q_learning,q_learning,train,844,123,hard,5,5,0.1,0.9,0.05,default,100,-6.3,5,0,1,0,1,0.0006680600001800485,
algorithm_q_learning_q_learning_123_8b270c89,algorithm_q_learning,q_learning,train,845,123,hard,5,5,0.1,0.9,0.05,default,100,9.3,8,1,1,0,0,0.0011316990000977967,
algorithm_q_learning_q_learning_123_8b270c89,algorithm_q_learning,q_learning,train,846,123,hard,5,5,0.1,0.9,0.05,default,100,8.299999999999999,9,1,1,0,0,0.0011327180000080261,
algorithm_q_learning_q_learning_123_8b270c89,algorithm_q_learning,q_learning,train,847,123,hard,5,5,0.1,0.9,0.05,default,100,9.3,8,1,1,0,0,0.001133689999960552,
algorithm_q_learning_q_learning_123_8b270c89,algorithm_q_learning,q_learning,train,848,123,hard,5,5,0.1,0.9,0.05,default,100,9.1,10,1,1,0,0,0.0013213539998560009,
algorithm_q_learning_q_learning_123_8b270c89,algorithm_q_learning,q_learning,train,849,123,hard,5,5,0.1,0.9,0.05,default,100,9.3,8,1,1,0,0,0.0010903739998866513,
algorithm_q_learning_q_learning_123_8b270c89,algorithm_q_learning,q_learning,train,850,123,hard,5,5,0.1,0.9,0.05,default,100,9.1,10,1,1,0,0,0.0012490709998473903,
algorithm_q_learning_q_learning_123_8b270c89,algorithm_q_learning,q_learning,train,851,123,hard,5,5,0.1,0.9,0.05,default,100,9.3,8,1,1,0,0,0.0011946659999466647,
algorithm_q_learning_q_learning_123_8b270c89,algorithm_q_learning,q_learning,train,852,123,hard,5,5,0.1,0.9,0.05,default,100,8.3,9,1,1,0,0,0.0012866589997884148,
algorithm_q_learning_q_learning_123_8b270c89,algorithm_q_learning,q_learning,train,853,123,hard,5,5,0.1,0.9,0.05,default,100,9.3,8,1,1,0,0,0.0011493239999254001,
algorithm_q_learning_q_learning_123_8b270c89,algorithm_q_learning,q_learning,train,854,123,hard,5,5,0.1,0.9,0.05,default,100,8.1,11,1,1,0,0,0.0011864660000355798,
algorithm_q_learning_q_learning_123_8b270c89,algorithm_q_learning,q_learning,train,855,123,hard,5,5,0.1,0.9,0.05,default,100,9.3,8,1,1,0,0,0.0010899470000822475,
algorithm_q_learning_q_learning_123_8b270c89,algorithm_q_learning,q_learning,train,856,123,hard,5,5,0.1,0.9,0.05,default,100,9.3,8,1,1,0,0,0.0010763259999748698,
algorithm_q_learning_q_learning_123_8b270c89,algorithm_q_learning,q_learning,train,857,123,hard,5,5,0.1,0.9,0.05,default,100,9.3,8,1,1,0,0,0.0010681449998628523,
algorithm_q_learning_q_learning_123_8b270c89,algorithm_q_learning,q_learning,train,858,123,hard,5,5,0.1,0.9,0.05,default,100,9.3,8,1,1,0,0,0.0010758030000488361,
algorithm_q_learning_q_learning_123_8b270c89,algorithm_q_learning,q_learning,train,859,123,hard,5,5,0.1,0.9,0.05,default,100,8.9,12,1,1,0,0,0.0016359989999727986,
algorithm_q_learning_q_learning_123_8b270c89,algorithm_q_learning,q_learning,train,860,123,hard,5,5,0.1,0.9,0.05,default,100,9.3,8,1,1,0,0,0.0011997699998573808,
algorithm_q_learning_q_learning_123_8b270c89,algorithm_q_learning,q_learning,train,861,123,hard,5,5,0.1,0.9,0.05,default,100,9.3,8,1,1,0,0,0.0011511690001952957,
algorithm_q_learning_q_learning_123_8b270c89,algorithm_q_learning,q_learning,train,862,123,hard,5,5,0.1,0.9,0.05,default,100,9.3,8,1,1,0,0,0.0011125319999791827,
algorithm_q_learning_q_learning_123_8b270c89,algorithm_q_learning,q_learning,train,863,123,hard,5,5,0.1,0.9,0.05,default,100,-5.5,6,0,1,0,1,0.0008743160001358774,
algorithm_q_learning_q_learning_123_8b270c89,algorithm_q_learning,q_learning,train,864,123,hard,5,5,0.1,0.9,0.05,default,100,9.3,8,1,1,0,0,0.001233920999993643,
algorithm_q_learning_q_learning_123_8b270c89,algorithm_q_learning,q_learning,train,865,123,hard,5,5,0.1,0.9,0.05,default,100,9.3,8,1,1,0,0,0.0010677790000954701,
algorithm_q_learning_q_learning_123_8b270c89,algorithm_q_learning,q_learning,train,866,123,hard,5,5,0.1,0.9,0.05,default,100,9.3,8,1,1,0,0,0.0010695720000057918,
algorithm_q_learning_q_learning_123_8b270c89,algorithm_q_learning,q_learning,train,867,123,hard,5,5,0.1,0.9,0.05,default,100,9.3,8,1,1,0,0,0.0011549010000635462,
algorithm_q_learning_q_learning_123_8b270c89,algorithm_q_learning,q_learning,train,868,123,hard,5,5,0.1,0.9,0.05,default,100,9.1,10,1,1,0,0,0.0012717179999981454,
algorithm_q_learning_q_learning_123_8b270c89,algorithm_q_learning,q_learning,train,869,123,hard,5,5,0.1,0.9,0.05,default,100,6.299999999999999,11,1,1,0,0,0.0013752019999628828,
algorithm_q_learning_q_learning_123_8b270c89,algorithm_q_learning,q_learning,train,870,123,hard,5,5,0.1,0.9,0.05,default,100,9.3,8,1,1,0,0,0.0011324760000661627,
algorithm_q_learning_q_learning_123_8b270c89,algorithm_q_learning,q_learning,train,871,123,hard,5,5,0.1,0.9,0.05,default,100,9.3,8,1,1,0,0,0.001158605999989959,
algorithm_q_learning_q_learning_123_8b270c89,algorithm_q_learning,q_learning,train,872,123,hard,5,5,0.1,0.9,0.05,default,100,9.3,8,1,1,0,0,0.0010684549999950832,
algorithm_q_learning_q_learning_123_8b270c89,algorithm_q_learning,q_learning,train,873,123,hard,5,5,0.1,0.9,0.05,default,100,9.3,8,1,1,0,0,0.0010780559998693207,
algorithm_q_learning_q_learning_123_8b270c89,algorithm_q_learning,q_learning,train,874,123,hard,5,5,0.1,0.9,0.05,default,100,9.3,8,1,1,0,0,0.0010819680001077359,
algorithm_q_learning_q_learning_123_8b270c89,algorithm_q_learning,q_learning,train,875,123,hard,5,5,0.1,0.9,0.05,default,100,9.3,8,1,1,0,0,0.0009748800000579649,
algorithm_q_learning_q_learning_123_8b270c89,algorithm_q_learning,q_learning,train,876,123,hard,5,5,0.1,0.9,0.05,default,100,9.3,8,1,1,0,0,0.0011797300001035183,
algorithm_q_learning_q_learning_123_8b270c89,algorithm_q_learning,q_learning,train,877,123,hard,5,5,0.1,0.9,0.05,default,100,9.3,8,1,1,0,0,0.0011665510000966606,
algorithm_q_learning_q_learning_123_8b270c89,algorithm_q_learning,q_learning,train,878,123,hard,5,5,0.1,0.9,0.05,default,100,-5.3,4,0,1,0,1,0.0006285480001224641,
algorithm_q_learning_q_learning_123_8b270c89,algorithm_q_learning,q_learning,train,879,123,hard,5,5,0.1,0.9,0.05,default,100,8.1,11,1,1,0,0,0.0014602249998461048,
algorithm_q_learning_q_learning_123_8b270c89,algorithm_q_learning,q_learning,train,880,123,hard,5,5,0.1,0.9,0.05,default,100,9.3,8,1,1,0,0,0.0010891030001403124,
algorithm_q_learning_q_learning_123_8b270c89,algorithm_q_learning,q_learning,train,881,123,hard,5,5,0.1,0.9,0.05,default,100,9.3,8,1,1,0,0,0.0010917990000507416,
algorithm_q_learning_q_learning_123_8b270c89,algorithm_q_learning,q_learning,train,882,123,hard,5,5,0.1,0.9,0.05,default,100,9.3,8,1,1,0,0,0.0010814259999278875,
algorithm_q_learning_q_learning_123_8b270c89,algorithm_q_learning,q_learning,train,883,123,hard,5,5,0.1,0.9,0.05,default,100,9.3,8,1,1,0,0,0.0010958780001146806,
algorithm_q_learning_q_learning_123_8b270c89,algorithm_q_learning,q_learning,train,884,123,hard,5,5,0.1,0.9,0.05,default,100,9.3,8,1,1,0,0,0.0010712900000271475,
algorithm_q_learning_q_learning_123_8b270c89,algorithm_q_learning,q_learning,train,885,123,hard,5,5,0.1,0.9,0.05,default,100,9.3,8,1,1,0,0,0.0010660599998573161,
algorithm_q_learning_q_learning_123_8b270c89,algorithm_q_learning,q_learning,train,886,123,hard,5,5,0.1,0.9,0.05,default,100,9.1,10,1,1,0,0,0.0012927079999371927,
algorithm_q_learning_q_learning_123_8b270c89,algorithm_q_learning,q_learning,train,887,123,hard,5,5,0.1,0.9,0.05,default,100,9.3,8,1,1,0,0,0.001115655000148763,
algorithm_q_learning_q_learning_123_8b270c89,algorithm_q_learning,q_learning,train,888,123,hard,5,5,0.1,0.9,0.05,default,100,9.3,8,1,1,0,0,0.0010713309998209297,
algorithm_q_learning_q_learning_123_8b270c89,algorithm_q_learning,q_learning,train,889,123,hard,5,5,0.1,0.9,0.05,default,100,9.3,8,1,1,0,0,0.0011960499998622254,
algorithm_q_learning_q_learning_123_8b270c89,algorithm_q_learning,q_learning,train,890,123,hard,5,5,0.1,0.9,0.05,default,100,9.3,8,1,1,0,0,0.001122019999911572,
algorithm_q_learning_q_learning_123_8b270c89,algorithm_q_learning,q_learning,train,891,123,hard,5,5,0.1,0.9,0.05,default,100,9.3,8,1,1,0,0,0.0010741259998212627,
algorithm_q_learning_q_learning_123_8b270c89,algorithm_q_learning,q_learning,train,892,123,hard,5,5,0.1,0.9,0.05,default,100,8.3,9,1,1,0,0,0.0011267550000866322,
algorithm_q_learning_q_learning_123_8b270c89,algorithm_q_learning,q_learning,train,893,123,hard,5,5,0.1,0.9,0.05,default,100,-5.3,4,0,1,0,1,0.0005410329999904206,
algorithm_q_learning_q_learning_123_8b270c89,algorithm_q_learning,q_learning,train,894,123,hard,5,5,0.1,0.9,0.05,default,100,9.3,8,1,1,0,0,0.0010963540000830108,
algorithm_q_learning_q_learning_123_8b270c89,algorithm_q_learning,q_learning,train,895,123,hard,5,5,0.1,0.9,0.05,default,100,9.3,8,1,1,0,0,0.0011661850001019047,
algorithm_q_learning_q_learning_123_8b270c89,algorithm_q_learning,q_learning,train,896,123,hard,5,5,0.1,0.9,0.05,default,100,9.3,8,1,1,0,0,0.0011925850001262006,
algorithm_q_learning_q_learning_123_8b270c89,algorithm_q_learning,q_learning,train,897,123,hard,5,5,0.1,0.9,0.05,default,100,-5.5,6,0,1,0,1,0.0007469649999620742,
algorithm_q_learning_q_learning_123_8b270c89,algorithm_q_learning,q_learning,train,898,123,hard,5,5,0.1,0.9,0.05,default,100,9.3,8,1,1,0,0,0.001102249000041411,
algorithm_q_learning_q_learning_123_8b270c89,algorithm_q_learning,q_learning,train,899,123,hard,5,5,0.1,0.9,0.05,default,100,9.3,8,1,1,0,0,0.001068987000053312,
algorithm_q_learning_q_learning_123_8b270c89,algorithm_q_learning,q_learning,train,900,123,hard,5,5,0.1,0.9,0.05,default,100,9.3,8,1,1,0,0,0.0010629809999045392,
algorithm_q_learning_q_learning_123_8b270c89,algorithm_q_learning,q_learning,train,901,123,hard,5,5,0.1,0.9,0.05,default,100,9.3,8,1,1,0,0,0.0011019730000043637,
algorithm_q_learning_q_learning_123_8b270c89,algorithm_q_learning,q_learning,train,902,123,hard,5,5,0.1,0.9,0.05,default,100,9.3,8,1,1,0,0,0.0011900619999778428,
algorithm_q_learning_q_learning_123_8b270c89,algorithm_q_learning,q_learning,train,903,123,hard,5,5,0.1,0.9,0.05,default,100,9.3,8,1,1,0,0,0.001121743000112474,
algorithm_q_learning_q_learning_123_8b270c89,algorithm_q_learning,q_learning,train,904,123,hard,5,5,0.1,0.9,0.05,default,100,9.3,8,1,1,0,0,0.0010700619998260663,
algorithm_q_learning_q_learning_123_8b270c89,algorithm_q_learning,q_learning,train,905,123,hard,5,5,0.1,0.9,0.05,default,100,9.3,8,1,1,0,0,0.0011915439999938826,
algorithm_q_learning_q_learning_123_8b270c89,algorithm_q_learning,q_learning,train,906,123,hard,5,5,0.1,0.9,0.05,default,100,9.3,8,1,1,0,0,0.0010918899999978748,
algorithm_q_learning_q_learning_123_8b270c89,algorithm_q_learning,q_learning,train,907,123,hard,5,5,0.1,0.9,0.05,default,100,9.3,8,1,1,0,0,0.0010696019999159034,
algorithm_q_learning_q_learning_123_8b270c89,algorithm_q_learning,q_learning,train,908,123,hard,5,5,0.1,0.9,0.05,default,100,9.3,8,1,1,0,0,0.0010616869999466871,
algorithm_q_learning_q_learning_123_8b270c89,algorithm_q_learning,q_learning,train,909,123,hard,5,5,0.1,0.9,0.05,default,100,9.3,8,1,1,0,0,0.0010762090000753233,
algorithm_q_learning_q_learning_123_8b270c89,algorithm_q_learning,q_learning,train,910,123,hard,5,5,0.1,0.9,0.05,default,100,9.3,8,1,1,0,0,0.001164647999985391,
algorithm_q_learning_q_learning_123_8b270c89,algorithm_q_learning,q_learning,train,911,123,hard,5,5,0.1,0.9,0.05,default,100,9.3,8,1,1,0,0,0.0011767739999868354,
algorithm_q_learning_q_learning_123_8b270c89,algorithm_q_learning,q_learning,train,912,123,hard,5,5,0.1,0.9,0.05,default,100,9.3,8,1,1,0,0,0.0012090160000752803,
algorithm_q_learning_q_learning_123_8b270c89,algorithm_q_learning,q_learning,train,913,123,hard,5,5,0.1,0.9,0.05,default,100,9.3,8,1,1,0,0,0.001204957000027207,
algorithm_q_learning_q_learning_123_8b270c89,algorithm_q_learning,q_learning,train,914,123,hard,5,5,0.1,0.9,0.05,default,100,9.3,8,1,1,0,0,0.0011597949999213597,
algorithm_q_learning_q_learning_123_8b270c89,algorithm_q_learning,q_learning,train,915,123,hard,5,5,0.1,0.9,0.05,default,100,8.299999999999999,9,1,1,0,0,0.001210991999869293,
algorithm_q_learning_q_learning_123_8b270c89,algorithm_q_learning,q_learning,train,916,123,hard,5,5,0.1,0.9,0.05,default,100,9.3,8,1,1,0,0,0.0011424249998981395,
algorithm_q_learning_q_learning_123_8b270c89,algorithm_q_learning,q_learning,train,917,123,hard,5,5,0.1,0.9,0.05,default,100,9.3,8,1,1,0,0,0.0010831119998329086,
algorithm_q_learning_q_learning_123_8b270c89,algorithm_q_learning,q_learning,train,918,123,hard,5,5,0.1,0.9,0.05,default,100,9.3,8,1,1,0,0,0.0011689729999488918,
algorithm_q_learning_q_learning_123_8b270c89,algorithm_q_learning,q_learning,train,919,123,hard,5,5,0.1,0.9,0.05,default,100,9.3,8,1,1,0,0,0.001181496000072002,
algorithm_q_learning_q_learning_123_8b270c89,algorithm_q_learning,q_learning,train,920,123,hard,5,5,0.1,0.9,0.05,default,100,9.3,8,1,1,0,0,0.0011954240001159633,
algorithm_q_learning_q_learning_123_8b270c89,algorithm_q_learning,q_learning,train,921,123,hard,5,5,0.1,0.9,0.05,default,100,9.3,8,1,1,0,0,0.0011924750001526263,
algorithm_q_learning_q_learning_123_8b270c89,algorithm_q_learning,q_learning,train,922,123,hard,5,5,0.1,0.9,0.05,default,100,8.1,11,1,1,0,0,0.0014381290000073932,
algorithm_q_learning_q_learning_123_8b270c89,algorithm_q_learning,q_learning,train,923,123,hard,5,5,0.1,0.9,0.05,default,100,9.1,10,1,1,0,0,0.0013744149998728972,
algorithm_q_learning_q_learning_123_8b270c89,algorithm_q_learning,q_learning,train,924,123,hard,5,5,0.1,0.9,0.05,default,100,9.3,8,1,1,0,0,0.0012116719999539782,
algorithm_q_learning_q_learning_123_8b270c89,algorithm_q_learning,q_learning,train,925,123,hard,5,5,0.1,0.9,0.05,default,100,9.3,8,1,1,0,0,0.0011643249999906402,
algorithm_q_learning_q_learning_123_8b270c89,algorithm_q_learning,q_learning,train,926,123,hard,5,5,0.1,0.9,0.05,default,100,9.3,8,1,1,0,0,0.0011463629998615943,
algorithm_q_learning_q_learning_123_8b270c89,algorithm_q_learning,q_learning,train,927,123,hard,5,5,0.1,0.9,0.05,default,100,9.3,8,1,1,0,0,0.0011756369999602612,
algorithm_q_learning_q_learning_123_8b270c89,algorithm_q_learning,q_learning,train,928,123,hard,5,5,0.1,0.9,0.05,default,100,9.3,8,1,1,0,0,0.001134717000013552,
algorithm_q_learning_q_learning_123_8b270c89,algorithm_q_learning,q_learning,train,929,123,hard,5,5,0.1,0.9,0.05,default,100,9.3,8,1,1,0,0,0.0011821800001143856,
algorithm_q_learning_q_learning_123_8b270c89,algorithm_q_learning,q_learning,train,930,123,hard,5,5,0.1,0.9,0.05,default,100,9.1,10,1,1,0,0,0.0013842319999639585,
algorithm_q_learning_q_learning_123_8b270c89,algorithm_q_learning,q_learning,train,931,123,hard,5,5,0.1,0.9,0.05,default,100,7.299999999999999,10,1,1,0,0,0.0013673829998879228,
algorithm_q_learning_q_learning_123_8b270c89,algorithm_q_learning,q_learning,train,932,123,hard,5,5,0.1,0.9,0.05,default,100,9.3,8,1,1,0,0,0.0011914930000784807,
algorithm_q_learning_q_learning_123_8b270c89,algorithm_q_learning,q_learning,train,933,123,hard,5,5,0.1,0.9,0.05,default,100,8.299999999999999,9,1,1,0,0,0.0012405059999309742,
algorithm_q_learning_q_learning_123_8b270c89,algorithm_q_learning,q_learning,train,934,123,hard,5,5,0.1,0.9,0.05,default,100,9.1,10,1,1,0,0,0.0014020389999132021,
algorithm_q_learning_q_learning_123_8b270c89,algorithm_q_learning,q_learning,train,935,123,hard,5,5,0.1,0.9,0.05,default,100,8.3,9,1,1,0,0,0.0012537869999960094,
algorithm_q_learning_q_learning_123_8b270c89,algorithm_q_learning,q_learning,train,936,123,hard,5,5,0.1,0.9,0.05,default,100,9.3,8,1,1,0,0,0.001115961000095922,
algorithm_q_learning_q_learning_123_8b270c89,algorithm_q_learning,q_learning,train,937,123,hard,5,5,0.1,0.9,0.05,default,100,9.3,8,1,1,0,0,0.0011596520000694,
algorithm_q_learning_q_learning_123_8b270c89,algorithm_q_learning,q_learning,train,938,123,hard,5,5,0.1,0.9,0.05,default,100,9.3,8,1,1,0,0,0.001203208000106315,
algorithm_q_learning_q_learning_123_8b270c89,algorithm_q_learning,q_learning,train,939,123,hard,5,5,0.1,0.9,0.05,default,100,9.3,8,1,1,0,0,0.0011879860001045017,
algorithm_q_learning_q_learning_123_8b270c89,algorithm_q_learning,q_learning,train,940,123,hard,5,5,0.1,0.9,0.05,default,100,9.3,8,1,1,0,0,0.0012101320000965643,
algorithm_q_learning_q_learning_123_8b270c89,algorithm_q_learning,q_learning,train,941,123,hard,5,5,0.1,0.9,0.05,default,100,8.9,12,1,1,0,0,0.0015521589998570562,
algorithm_q_learning_q_learning_123_8b270c89,algorithm_q_learning,q_learning,train,942,123,hard,5,5,0.1,0.9,0.05,default,100,9.3,8,1,1,0,0,0.0011984970001321926,
algorithm_q_learning_q_learning_123_8b270c89,algorithm_q_learning,q_learning,train,943,123,hard,5,5,0.1,0.9,0.05,default,100,9.3,8,1,1,0,0,0.0011258160000124917,
algorithm_q_learning_q_learning_123_8b270c89,algorithm_q_learning,q_learning,train,944,123,hard,5,5,0.1,0.9,0.05,default,100,9.3,8,1,1,0,0,0.0012014059998364246,
algorithm_q_learning_q_learning_123_8b270c89,algorithm_q_learning,q_learning,train,945,123,hard,5,5,0.1,0.9,0.05,default,100,9.3,8,1,1,0,0,0.0011889859999882901,
algorithm_q_learning_q_learning_123_8b270c89,algorithm_q_learning,q_learning,train,946,123,hard,5,5,0.1,0.9,0.05,default,100,9.3,8,1,1,0,0,0.0011779320000187,
algorithm_q_learning_q_learning_123_8b270c89,algorithm_q_learning,q_learning,train,947,123,hard,5,5,0.1,0.9,0.05,default,100,9.3,8,1,1,0,0,0.0011918760001208284,
algorithm_q_learning_q_learning_123_8b270c89,algorithm_q_learning,q_learning,train,948,123,hard,5,5,0.1,0.9,0.05,default,100,7.299999999999999,10,1,1,0,0,0.0013266030000522733,
algorithm_q_learning_q_learning_123_8b270c89,algorithm_q_learning,q_learning,train,949,123,hard,5,5,0.1,0.9,0.05,default,100,8.9,12,1,1,0,0,0.0015833249999559484,
algorithm_q_learning_q_learning_123_8b270c89,algorithm_q_learning,q_learning,train,950,123,hard,5,5,0.1,0.9,0.05,default,100,9.3,8,1,1,0,0,0.00118366300011985,
algorithm_q_learning_q_learning_123_8b270c89,algorithm_q_learning,q_learning,train,951,123,hard,5,5,0.1,0.9,0.05,default,100,9.1,10,1,1,0,0,0.0013857740000275953,
algorithm_q_learning_q_learning_123_8b270c89,algorithm_q_learning,q_learning,train,952,123,hard,5,5,0.1,0.9,0.05,default,100,9.3,8,1,1,0,0,0.0011820790000456327,
algorithm_q_learning_q_learning_123_8b270c89,algorithm_q_learning,q_learning,train,953,123,hard,5,5,0.1,0.9,0.05,default,100,9.3,8,1,1,0,0,0.001184384999987742,
algorithm_q_learning_q_learning_123_8b270c89,algorithm_q_learning,q_learning,train,954,123,hard,5,5,0.1,0.9,0.05,default,100,9.3,8,1,1,0,0,0.0011982480000369833,
algorithm_q_learning_q_learning_123_8b270c89,algorithm_q_learning,q_learning,train,955,123,hard,5,5,0.1,0.9,0.05,default,100,9.3,8,1,1,0,0,0.001180086999966079,
algorithm_q_learning_q_learning_123_8b270c89,algorithm_q_learning,q_learning,train,956,123,hard,5,5,0.1,0.9,0.05,default,100,9.3,8,1,1,0,0,0.0011172209999585903,
algorithm_q_learning_q_learning_123_8b270c89,algorithm_q_learning,q_learning,train,957,123,hard,5,5,0.1,0.9,0.05,default,100,9.3,8,1,1,0,0,0.0012013279999791848,
algorithm_q_learning_q_learning_123_8b270c89,algorithm_q_learning,q_learning,train,958,123,hard,5,5,0.1,0.9,0.05,default,100,-5.6,7,0,1,0,1,0.0009930319999966741,
algorithm_q_learning_q_learning_123_8b270c89,algorithm_q_learning,q_learning,train,959,123,hard,5,5,0.1,0.9,0.05,default,100,9.3,8,1,1,0,0,0.0011210659999960626,
algorithm_q_learning_q_learning_123_8b270c89,algorithm_q_learning,q_learning,train,960,123,hard,5,5,0.1,0.9,0.05,default,100,9.3,8,1,1,0,0,0.0011870129999351775,
algorithm_q_learning_q_learning_123_8b270c89,algorithm_q_learning,q_learning,train,961,123,hard,5,5,0.1,0.9,0.05,default,100,-5.6,7,0,1,0,1,0.001008365999950911,
algorithm_q_learning_q_learning_123_8b270c89,algorithm_q_learning,q_learning,train,962,123,hard,5,5,0.1,0.9,0.05,default,100,9.3,8,1,1,0,0,0.0012119959999381535,
algorithm_q_learning_q_learning_123_8b270c89,algorithm_q_learning,q_learning,train,963,123,hard,5,5,0.1,0.9,0.05,default,100,8.9,12,1,1,0,0,0.0015078199999152275,
algorithm_q_learning_q_learning_123_8b270c89,algorithm_q_learning,q_learning,train,964,123,hard,5,5,0.1,0.9,0.05,default,100,9.3,8,1,1,0,0,0.0010676560000320023,
algorithm_q_learning_q_learning_123_8b270c89,algorithm_q_learning,q_learning,train,965,123,hard,5,5,0.1,0.9,0.05,default,100,9.3,8,1,1,0,0,0.001229408000199328,
algorithm_q_learning_q_learning_123_8b270c89,algorithm_q_learning,q_learning,train,966,123,hard,5,5,0.1,0.9,0.05,default,100,9.3,8,1,1,0,0,0.0011172609999903216,
algorithm_q_learning_q_learning_123_8b270c89,algorithm_q_learning,q_learning,train,967,123,hard,5,5,0.1,0.9,0.05,default,100,9.3,8,1,1,0,0,0.0011774929998864536,
algorithm_q_learning_q_learning_123_8b270c89,algorithm_q_learning,q_learning,train,968,123,hard,5,5,0.1,0.9,0.05,default,100,9.3,8,1,1,0,0,0.0011944190000576782,
algorithm_q_learning_q_learning_123_8b270c89,algorithm_q_learning,q_learning,train,969,123,hard,5,5,0.1,0.9,0.05,default,100,9.3,8,1,1,0,0,0.0012126960000387044,
algorithm_q_learning_q_learning_123_8b270c89,algorithm_q_learning,q_learning,train,970,123,hard,5,5,0.1,0.9,0.05,default,100,9.3,8,1,1,0,0,0.0011626099999375583,
algorithm_q_learning_q_learning_123_8b270c89,algorithm_q_learning,q_learning,train,971,123,hard,5,5,0.1,0.9,0.05,default,100,9.3,8,1,1,0,0,0.001073681999969267,
algorithm_q_learning_q_learning_123_8b270c89,algorithm_q_learning,q_learning,train,972,123,hard,5,5,0.1,0.9,0.05,default,100,9.3,8,1,1,0,0,0.0010943499999029882,
algorithm_q_learning_q_learning_123_8b270c89,algorithm_q_learning,q_learning,train,973,123,hard,5,5,0.1,0.9,0.05,default,100,9.1,10,1,1,0,0,0.0012731859999348671,
algorithm_q_learning_q_learning_123_8b270c89,algorithm_q_learning,q_learning,train,974,123,hard,5,5,0.1,0.9,0.05,default,100,9.3,8,1,1,0,0,0.0011936050000258547,
algorithm_q_learning_q_learning_123_8b270c89,algorithm_q_learning,q_learning,train,975,123,hard,5,5,0.1,0.9,0.05,default,100,9.3,8,1,1,0,0,0.00109010500000295,
algorithm_q_learning_q_learning_123_8b270c89,algorithm_q_learning,q_learning,train,976,123,hard,5,5,0.1,0.9,0.05,default,100,9.3,8,1,1,0,0,0.0010641750000104366,
algorithm_q_learning_q_learning_123_8b270c89,algorithm_q_learning,q_learning,train,977,123,hard,5,5,0.1,0.9,0.05,default,100,9.3,8,1,1,0,0,0.0011429650000991387,
algorithm_q_learning_q_learning_123_8b270c89,algorithm_q_learning,q_learning,train,978,123,hard,5,5,0.1,0.9,0.05,default,100,9.3,8,1,1,0,0,0.0011258480001288262,
algorithm_q_learning_q_learning_123_8b270c89,algorithm_q_learning,q_learning,train,979,123,hard,5,5,0.1,0.9,0.05,default,100,8.9,12,1,1,0,0,0.0014277979998951196,
algorithm_q_learning_q_learning_123_8b270c89,algorithm_q_learning,q_learning,train,980,123,hard,5,5,0.1,0.9,0.05,default,100,9.3,8,1,1,0,0,0.0010663660000318487,
algorithm_q_learning_q_learning_123_8b270c89,algorithm_q_learning,q_learning,train,981,123,hard,5,5,0.1,0.9,0.05,default,100,9.3,8,1,1,0,0,0.0011281409999810421,
algorithm_q_learning_q_learning_123_8b270c89,algorithm_q_learning,q_learning,train,982,123,hard,5,5,0.1,0.9,0.05,default,100,8.1,11,1,1,0,0,0.0014398450000498997,
algorithm_q_learning_q_learning_123_8b270c89,algorithm_q_learning,q_learning,train,983,123,hard,5,5,0.1,0.9,0.05,default,100,9.3,8,1,1,0,0,0.0011715409998487303,
algorithm_q_learning_q_learning_123_8b270c89,algorithm_q_learning,q_learning,train,984,123,hard,5,5,0.1,0.9,0.05,default,100,9.3,8,1,1,0,0,0.0010692840000956494,
algorithm_q_learning_q_learning_123_8b270c89,algorithm_q_learning,q_learning,train,985,123,hard,5,5,0.1,0.9,0.05,default,100,9.3,8,1,1,0,0,0.0011201730001175747,
algorithm_q_learning_q_learning_123_8b270c89,algorithm_q_learning,q_learning,train,986,123,hard,5,5,0.1,0.9,0.05,default,100,9.3,8,1,1,0,0,0.0011774700001296878,
algorithm_q_learning_q_learning_123_8b270c89,algorithm_q_learning,q_learning,train,987,123,hard,5,5,0.1,0.9,0.05,default,100,9.3,8,1,1,0,0,0.0012012689999210124,
algorithm_q_learning_q_learning_123_8b270c89,algorithm_q_learning,q_learning,train,988,123,hard,5,5,0.1,0.9,0.05,default,100,9.3,8,1,1,0,0,0.0011583489999793528,
algorithm_q_learning_q_learning_123_8b270c89,algorithm_q_learning,q_learning,train,989,123,hard,5,5,0.1,0.9,0.05,default,100,8.1,11,1,1,0,0,0.0013474940001287905,
algorithm_q_learning_q_learning_123_8b270c89,algorithm_q_learning,q_learning,train,990,123,hard,5,5,0.1,0.9,0.05,default,100,9.3,8,1,1,0,0,0.001213521999943623,
algorithm_q_learning_q_learning_123_8b270c89,algorithm_q_learning,q_learning,train,991,123,hard,5,5,0.1,0.9,0.05,default,100,9.3,8,1,1,0,0,0.001173010999991675,
algorithm_q_learning_q_learning_123_8b270c89,algorithm_q_learning,q_learning,train,992,123,hard,5,5,0.1,0.9,0.05,default,100,9.3,8,1,1,0,0,0.0010670699998627242,
algorithm_q_learning_q_learning_123_8b270c89,algorithm_q_learning,q_learning,train,993,123,hard,5,5,0.1,0.9,0.05,default,100,9.3,8,1,1,0,0,0.0010652190001110284,
algorithm_q_learning_q_learning_123_8b270c89,algorithm_q_learning,q_learning,train,994,123,hard,5,5,0.1,0.9,0.05,default,100,9.3,8,1,1,0,0,0.00120845400010694,
algorithm_q_learning_q_learning_123_8b270c89,algorithm_q_learning,q_learning,train,995,123,hard,5,5,0.1,0.9,0.05,default,100,9.3,8,1,1,0,0,0.0010886830000345071,
algorithm_q_learning_q_learning_123_8b270c89,algorithm_q_learning,q_learning,train,996,123,hard,5,5,0.1,0.9,0.05,default,100,8.3,9,1,1,0,0,0.0011237449998589,
algorithm_q_learning_q_learning_123_8b270c89,algorithm_q_learning,q_learning,train,997,123,hard,5,5,0.1,0.9,0.05,default,100,9.3,8,1,1,0,0,0.0010820500001500477,
algorithm_q_learning_q_learning_123_8b270c89,algorithm_q_learning,q_learning,train,998,123,hard,5,5,0.1,0.9,0.05,default,100,9.3,8,1,1,0,0,0.0010695250000480883,
algorithm_q_learning_q_learning_123_8b270c89,algorithm_q_learning,q_learning,train,999,123,hard,5,5,0.1,0.9,0.05,default,100,9.3,8,1,1,0,0,0.0010445800000979943,
algorithm_q_learning_q_learning_123_8b270c89,algorithm_q_learning,q_learning,train,1000,123,hard,5,5,0.1,0.9,0.05,default,100,9.3,8,1,1,0,0,0.001089994000039951,results/algorithm_comparison/q_learning/seed_123/qtable_ep1000.npz
algorithm_q_learning_q_learning_123_8b270c89,algorithm_q_learning,q_learning,eval,1,123,hard,5,5,0.1,0.9,0.0,default,100,-9.99999999999998,100,0,0,1,0,,
algorithm_q_learning_q_learning_123_8b270c89,algorithm_q_learning,q_learning,eval,2,123,hard,5,5,0.1,0.9,0.0,default,100,-9.99999999999998,100,0,0,1,0,,
algorithm_q_learning_q_learning_123_8b270c89,algorithm_q_learning,q_learning,eval,3,123,hard,5,5,0.1,0.9,0.0,default,100,-9.99999999999998,100,0,0,1,0,,
algorithm_q_learning_q_learning_123_8b270c89,algorithm_q_learning,q_learning,eval,4,123,hard,5,5,0.1,0.9,0.0,default,100,-9.99999999999998,100,0,0,1,0,,
algorithm_q_learning_q_learning_123_8b270c89,algorithm_q_learning,q_learning,eval,5,123,hard,5,5,0.1,0.9,0.0,default,100,-9.99999999999998,100,0,0,1,0,,
algorithm_q_learning_q_learning_123_8b270c89,algorithm_q_learning,q_learning,eval,6,123,hard,5,5,0.1,0.9,0.0,default,100,-9.99999999999998,100,0,0,1,0,,
algorithm_q_learning_q_learning_123_8b270c89,algorithm_q_learning,q_learning,eval,7,123,hard,5,5,0.1,0.9,0.0,default,100,-9.99999999999998,100,0,0,1,0,,
algorithm_q_learning_q_learning_123_8b270c89,algorithm_q_learning,q_learning,eval,8,123,hard,5,5,0.1,0.9,0.0,default,100,-9.99999999999998,100,0,0,1,0,,
algorithm_q_learning_q_learning_123_8b270c89,algorithm_q_learning,q_learning,eval,9,123,hard,5,5,0.1,0.9,0.0,default,100,-9.99999999999998,100,0,0,1,0,,
algorithm_q_learning_q_learning_123_8b270c89,algorithm_q_learning,q_learning,eval,10,123,hard,5,5,0.1,0.9,0.0,default,100,-9.99999999999998,100,0,0,1,0,,
algorithm_q_learning_q_learning_123_8b270c89,algorithm_q_learning,q_learning,eval,1,123,hard,5,5,0.1,0.9,0.0,default,100,-9.99999999999998,100,0,0,1,0,,
algorithm_q_learning_q_learning_123_8b270c89,algorithm_q_learning,q_learning,eval,2,123,hard,5,5,0.1,0.9,0.0,default,100,-9.99999999999998,100,0,0,1,0,,
algorithm_q_learning_q_learning_123_8b270c89,algorithm_q_learning,q_learning,eval,3,123,hard,5,5,0.1,0.9,0.0,default,100,-9.99999999999998,100,0,0,1,0,,
algorithm_q_learning_q_learning_123_8b270c89,algorithm_q_learning,q_learning,eval,4,123,hard,5,5,0.1,0.9,0.0,default,100,-9.99999999999998,100,0,0,1,0,,
algorithm_q_learning_q_learning_123_8b270c89,algorithm_q_learning,q_learning,eval,5,123,hard,5,5,0.1,0.9,0.0,default,100,-9.99999999999998,100,0,0,1,0,,
algorithm_q_learning_q_learning_123_8b270c89,algorithm_q_learning,q_learning,eval,6,123,hard,5,5,0.1,0.9,0.0,default,100,-9.99999999999998,100,0,0,1,0,,
algorithm_q_learning_q_learning_123_8b270c89,algorithm_q_learning,q_learning,eval,7,123,hard,5,5,0.1,0.9,0.0,default,100,-9.99999999999998,100,0,0,1,0,,
algorithm_q_learning_q_learning_123_8b270c89,algorithm_q_learning,q_learning,eval,8,123,hard,5,5,0.1,0.9,0.0,default,100,-9.99999999999998,100,0,0,1,0,,
algorithm_q_learning_q_learning_123_8b270c89,algorithm_q_learning,q_learning,eval,9,123,hard,5,5,0.1,0.9,0.0,default,100,-9.99999999999998,100,0,0,1,0,,
algorithm_q_learning_q_learning_123_8b270c89,algorithm_q_learning,q_learning,eval,10,123,hard,5,5,0.1,0.9,0.0,default,100,-9.99999999999998,100,0,0,1,0,,
algorithm_q_learning_q_learning_123_8b270c89,algorithm_q_learning,q_learning,eval,1,123,hard,5,5,0.1,0.9,0.0,default,100,9.3,8,1,1,0,0,,
algorithm_q_learning_q_learning_123_8b270c89,algorithm_q_learning,q_learning,eval,2,123,hard,5,5,0.1,0.9,0.0,default,100,9.3,8,1,1,0,0,,
algorithm_q_learning_q_learning_123_8b270c89,algorithm_q_learning,q_learning,eval,3,123,hard,5,5,0.1,0.9,0.0,default,100,9.3,8,1,1,0,0,,
algorithm_q_learning_q_learning_123_8b270c89,algorithm_q_learning,q_learning,eval,4,123,hard,5,5,0.1,0.9,0.0,default,100,9.3,8,1,1,0,0,,
algorithm_q_learning_q_learning_123_8b270c89,algorithm_q_learning,q_learning,eval,5,123,hard,5,5,0.1,0.9,0.0,default,100,9.3,8,1,1,0,0,,
algorithm_q_learning_q_learning_123_8b270c89,algorithm_q_learning,q_learning,eval,6,123,hard,5,5,0.1,0.9,0.0,default,100,9.3,8,1,1,0,0,,
algorithm_q_learning_q_learning_123_8b270c89,algorithm_q_learning,q_learning,eval,7,123,hard,5,5,0.1,0.9,0.0,default,100,9.3,8,1,1,0,0,,
algorithm_q_learning_q_learning_123_8b270c89,algorithm_q_learning,q_learning,eval,8,123,hard,5,5,0.1,0.9,0.0,default,100,9.3,8,1,1,0,0,,
algorithm_q_learning_q_learning_123_8b270c89,algorithm_q_learning,q_learning,eval,9,123,hard,5,5,0.1,0.9,0.0,default,100,9.3,8,1,1,0,0,,
algorithm_q_learning_q_learning_123_8b270c89,algorithm_q_learning,q_learning,eval,10,123,hard,5,5,0.1,0.9,0.0,default,100,9.3,8,1,1,0,0,,
algorithm_q_learning_q_learning_123_8b270c89,algorithm_q_learning,q_learning,eval,1,123,hard,5,5,0.1,0.9,0.0,default,100,9.3,8,1,1,0,0,,
algorithm_q_learning_q_learning_123_8b270c89,algorithm_q_learning,q_learning,eval,2,123,hard,5,5,0.1,0.9,0.0,default,100,9.3,8,1,1,0,0,,
algorithm_q_learning_q_learning_123_8b270c89,algorithm_q_learning,q_learning,eval,3,123,hard,5,5,0.1,0.9,0.0,default,100,9.3,8,1,1,0,0,,
algorithm_q_learning_q_learning_123_8b270c89,algorithm_q_learning,q_learning,eval,4,123,hard,5,5,0.1,0.9,0.0,default,100,9.3,8,1,1,0,0,,
algorithm_q_learning_q_learning_123_8b270c89,algorithm_q_learning,q_learning,eval,5,123,hard,5,5,0.1,0.9,0.0,default,100,9.3,8,1,1,0,0,,
algorithm_q_learning_q_learning_123_8b270c89,algorithm_q_learning,q_learning,eval,6,123,hard,5,5,0.1,0.9,0.0,default,100,9.3,8,1,1,0,0,,
algorithm_q_learning_q_learning_123_8b270c89,algorithm_q_learning,q_learning,eval,7,123,hard,5,5,0.1,0.9,0.0,default,100,9.3,8,1,1,0,0,,
algorithm_q_learning_q_learning_123_8b270c89,algorithm_q_learning,q_learning,eval,8,123,hard,5,5,0.1,0.9,0.0,default,100,9.3,8,1,1,0,0,,
algorithm_q_learning_q_learning_123_8b270c89,algorithm_q_learning,q_learning,eval,9,123,hard,5,5,0.1,0.9,0.0,default,100,9.3,8,1,1,0,0,,
algorithm_q_learning_q_learning_123_8b270c89,algorithm_q_learning,q_learning,eval,10,123,hard,5,5,0.1,0.9,0.0,default,100,9.3,8,1,1,0,0,,
algorithm_q_learning_q_learning_123_8b270c89,algorithm_q_learning,q_learning,eval,1,123,hard,5,5,0.1,0.9,0.0,default,100,9.3,8,1,1,0,0,,
algorithm_q_learning_q_learning_123_8b270c89,algorithm_q_learning,q_learning,eval,2,123,hard,5,5,0.1,0.9,0.0,default,100,9.3,8,1,1,0,0,,
algorithm_q_learning_q_learning_123_8b270c89,algorithm_q_learning,q_learning,eval,3,123,hard,5,5,0.1,0.9,0.0,default,100,9.3,8,1,1,0,0,,
algorithm_q_learning_q_learning_123_8b270c89,algorithm_q_learning,q_learning,eval,4,123,hard,5,5,0.1,0.9,0.0,default,100,9.3,8,1,1,0,0,,
algorithm_q_learning_q_learning_123_8b270c89,algorithm_q_learning,q_learning,eval,5,123,hard,5,5,0.1,0.9,0.0,default,100,9.3,8,1,1,0,0,,
algorithm_q_learning_q_learning_123_8b270c89,algorithm_q_learning,q_learning,eval,6,123,hard,5,5,0.1,0.9,0.0,default,100,9.3,8,1,1,0,0,,
algorithm_q_learning_q_learning_123_8b270c89,algorithm_q_learning,q_learning,eval,7,123,hard,5,5,0.1,0.9,0.0,default,100,9.3,8,1,1,0,0,,
algorithm_q_learning_q_learning_123_8b270c89,algorithm_q_learning,q_learning,eval,8,123,hard,5,5,0.1,0.9,0.0,default,100,9.3,8,1,1,0,0,,
algorithm_q_learning_q_learning_123_8b270c89,algorithm_q_learning,q_learning,eval,9,123,hard,5,5,0.1,0.9,0.0,default,100,9.3,8,1,1,0,0,,
algorithm_q_learning_q_learning_123_8b270c89,algorithm_q_learning,q_learning,eval,10,123,hard,5,5,0.1,0.9,0.0,default,100,9.3,8,1,1,0,0,,
algorithm_q_learning_q_learning_123_8b270c89,algorithm_q_learning,q_learning,eval,1,123,hard,5,5,0.1,0.9,0.0,default,100,9.3,8,1,1,0,0,,
algorithm_q_learning_q_learning_123_8b270c89,algorithm_q_learning,q_learning,eval,2,123,hard,5,5,0.1,0.9,0.0,default,100,9.3,8,1,1,0,0,,
algorithm_q_learning_q_learning_123_8b270c89,algorithm_q_learning,q_learning,eval,3,123,hard,5,5,0.1,0.9,0.0,default,100,9.3,8,1,1,0,0,,
algorithm_q_learning_q_learning_123_8b270c89,algorithm_q_learning,q_learning,eval,4,123,hard,5,5,0.1,0.9,0.0,default,100,9.3,8,1,1,0,0,,
algorithm_q_learning_q_learning_123_8b270c89,algorithm_q_learning,q_learning,eval,5,123,hard,5,5,0.1,0.9,0.0,default,100,9.3,8,1,1,0,0,,
algorithm_q_learning_q_learning_123_8b270c89,algorithm_q_learning,q_learning,eval,6,123,hard,5,5,0.1,0.9,0.0,default,100,9.3,8,1,1,0,0,,
algorithm_q_learning_q_learning_123_8b270c89,algorithm_q_learning,q_learning,eval,7,123,hard,5,5,0.1,0.9,0.0,default,100,9.3,8,1,1,0,0,,
algorithm_q_learning_q_learning_123_8b270c89,algorithm_q_learning,q_learning,eval,8,123,hard,5,5,0.1,0.9,0.0,default,100,9.3,8,1,1,0,0,,
algorithm_q_learning_q_learning_123_8b270c89,algorithm_q_learning,q_learning,eval,9,123,hard,5,5,0.1,0.9,0.0,default,100,9.3,8,1,1,0,0,,
algorithm_q_learning_q_learning_123_8b270c89,algorithm_q_learning,q_learning,eval,10,123,hard,5,5,0.1,0.9,0.0,default,100,9.3,8,1,1,0,0,,
algorithm_q_learning_q_learning_123_8b270c89,algorithm_q_learning,q_learning,eval,1,123,hard,5,5,0.1,0.9,0.0,default,100,9.3,8,1,1,0,0,,
algorithm_q_learning_q_learning_123_8b270c89,algorithm_q_learning,q_learning,eval,2,123,hard,5,5,0.1,0.9,0.0,default,100,9.3,8,1,1,0,0,,
algorithm_q_learning_q_learning_123_8b270c89,algorithm_q_learning,q_learning,eval,3,123,hard,5,5,0.1,0.9,0.0,default,100,9.3,8,1,1,0,0,,
algorithm_q_learning_q_learning_123_8b270c89,algorithm_q_learning,q_learning,eval,4,123,hard,5,5,0.1,0.9,0.0,default,100,9.3,8,1,1,0,0,,
algorithm_q_learning_q_learning_123_8b270c89,algorithm_q_learning,q_learning,eval,5,123,hard,5,5,0.1,0.9,0.0,default,100,9.3,8,1,1,0,0,,
algorithm_q_learning_q_learning_123_8b270c89,algorithm_q_learning,q_learning,eval,6,123,hard,5,5,0.1,0.9,0.0,default,100,9.3,8,1,1,0,0,,
algorithm_q_learning_q_learning_123_8b270c89,algorithm_q_learning,q_learning,eval,7,123,hard,5,5,0.1,0.9,0.0,default,100,9.3,8,1,1,0,0,,
algorithm_q_learning_q_learning_123_8b270c89,algorithm_q_learning,q_learning,eval,8,123,hard,5,5,0.1,0.9,0.0,default,100,9.3,8,1,1,0,0,,
algorithm_q_learning_q_learning_123_8b270c89,algorithm_q_learning,q_learning,eval,9,123,hard,5,5,0.1,0.9,0.0,default,100,9.3,8,1,1,0,0,,
algorithm_q_learning_q_learning_123_8b270c89,algorithm_q_learning,q_learning,eval,10,123,hard,5,5,0.1,0.9,0.0,default,100,9.3,8,1,1,0,0,,
algorithm_q_learning_q_learning_123_8b270c89,algorithm_q_learning,q_learning,eval,1,123,hard,5,5,0.1,0.9,0.0,default,100,9.3,8,1,1,0,0,,
algorithm_q_learning_q_learning_123_8b270c89,algorithm_q_learning,q_learning,eval,2,123,hard,5,5,0.1,0.9,0.0,default,100,9.3,8,1,1,0,0,,
algorithm_q_learning_q_learning_123_8b270c89,algorithm_q_learning,q_learning,eval,3,123,hard,5,5,0.1,0.9,0.0,default,100,9.3,8,1,1,0,0,,
algorithm_q_learning_q_learning_123_8b270c89,algorithm_q_learning,q_learning,eval,4,123,hard,5,5,0.1,0.9,0.0,default,100,9.3,8,1,1,0,0,,
algorithm_q_learning_q_learning_123_8b270c89,algorithm_q_learning,q_learning,eval,5,123,hard,5,5,0.1,0.9,0.0,default,100,9.3,8,1,1,0,0,,
algorithm_q_learning_q_learning_123_8b270c89,algorithm_q_learning,q_learning,eval,6,123,hard,5,5,0.1,0.9,0.0,default,100,9.3,8,1,1,0,0,,
algorithm_q_learning_q_learning_123_8b270c89,algorithm_q_learning,q_learning,eval,7,123,hard,5,5,0.1,0.9,0.0,default,100,9.3,8,1,1,0,0,,
algorithm_q_learning_q_learning_123_8b270c89,algorithm_q_learning,q_learning,eval,8,123,hard,5,5,0.1,0.9,0.0,default,100,9.3,8,1,1,0,0,,
algorithm_q_learning_q_learning_123_8b270c89,algorithm_q_learning,q_learning,eval,9,123,hard,5,5,0.1,0.9,0.0,default,100,9.3,8,1,1,0,0,,
algorithm_q_learning_q_learning_123_8b270c89,algorithm_q_learning,q_learning,eval,10,123,hard,5,5,0.1,0.9,0.0,default,100,9.3,8,1,1,0,0,,
algorithm_q_learning_q_learning_123_8b270c89,algorithm_q_learning,q_learning,eval,1,123,hard,5,5,0.1,0.9,0.0,default,100,9.3,8,1,1,0,0,,
algorithm_q_learning_q_learning_123_8b270c89,algorithm_q_learning,q_learning,eval,2,123,hard,5,5,0.1,0.9,0.0,default,100,9.3,8,1,1,0,0,,
algorithm_q_learning_q_learning_123_8b270c89,algorithm_q_learning,q_learning,eval,3,123,hard,5,5,0.1,0.9,0.0,default,100,9.3,8,1,1,0,0,,
algorithm_q_learning_q_learning_123_8b270c89,algorithm_q_learning,q_learning,eval,4,123,hard,5,5,0.1,0.9,0.0,default,100,9.3,8,1,1,0,0,,
algorithm_q_learning_q_learning_123_8b270c89,algorithm_q_learning,q_learning,eval,5,123,hard,5,5,0.1,0.9,0.0,default,100,9.3,8,1,1,0,0,,
algorithm_q_learning_q_learning_123_8b270c89,algorithm_q_learning,q_learning,eval,6,123,hard,5,5,0.1,0.9,0.0,default,100,9.3,8,1,1,0,0,,
algorithm_q_learning_q_learning_123_8b270c89,algorithm_q_learning,q_learning,eval,7,123,hard,5,5,0.1,0.9,0.0,default,100,9.3,8,1,1,0,0,,
algorithm_q_learning_q_learning_123_8b270c89,algorithm_q_learning,q_learning,eval,8,123,hard,5,5,0.1,0.9,0.0,default,100,9.3,8,1,1,0,0,,
algorithm_q_learning_q_learning_123_8b270c89,algorithm_q_learning,q_learning,eval,9,123,hard,5,5,0.1,0.9,0.0,default,100,9.3,8,1,1,0,0,,
algorithm_q_learning_q_learning_123_8b270c89,algorithm_q_learning,q_learning,eval,10,123,hard,5,5,0.1,0.9,0.0,default,100,9.3,8,1,1,0,0,,
algorithm_q_learning_q_learning_123_8b270c89,algorithm_q_learning,q_learning,eval,1,123,hard,5,5,0.1,0.9,0.0,default,100,9.3,8,1,1,0,0,,
algorithm_q_learning_q_learning_123_8b270c89,algorithm_q_learning,q_learning,eval,2,123,hard,5,5,0.1,0.9,0.0,default,100,9.3,8,1,1,0,0,,
algorithm_q_learning_q_learning_123_8b270c89,algorithm_q_learning,q_learning,eval,3,123,hard,5,5,0.1,0.9,0.0,default,100,9.3,8,1,1,0,0,,
algorithm_q_learning_q_learning_123_8b270c89,algorithm_q_learning,q_learning,eval,4,123,hard,5,5,0.1,0.9,0.0,default,100,9.3,8,1,1,0,0,,
algorithm_q_learning_q_learning_123_8b270c89,algorithm_q_learning,q_learning,eval,5,123,hard,5,5,0.1,0.9,0.0,default,100,9.3,8,1,1,0,0,,
algorithm_q_learning_q_learning_123_8b270c89,algorithm_q_learning,q_learning,eval,6,123,hard,5,5,0.1,0.9,0.0,default,100,9.3,8,1,1,0,0,,
algorithm_q_learning_q_learning_123_8b270c89,algorithm_q_learning,q_learning,eval,7,123,hard,5,5,0.1,0.9,0.0,default,100,9.3,8,1,1,0,0,,
algorithm_q_learning_q_learning_123_8b270c89,algorithm_q_learning,q_learning,eval,8,123,hard,5,5,0.1,0.9,0.0,default,100,9.3,8,1,1,0,0,,
algorithm_q_learning_q_learning_123_8b270c89,algorithm_q_learning,q_learning,eval,9,123,hard,5,5,0.1,0.9,0.0,default,100,9.3,8,1,1,0,0,,
algorithm_q_learning_q_learning_123_8b270c89,algorithm_q_learning,q_learning,eval,10,123,hard,5,5,0.1,0.9,0.0,default,100,9.3,8,1,1,0,0,,
algorithm_q_learning_q_learning_123_8b270c89,algorithm_q_learning,q_learning,eval,1,123,hard,5,5,0.1,0.9,0.0,default,100,9.3,8,1,1,0,0,,
algorithm_q_learning_q_learning_123_8b270c89,algorithm_q_learning,q_learning,eval,2,123,hard,5,5,0.1,0.9,0.0,default,100,9.3,8,1,1,0,0,,
algorithm_q_learning_q_learning_123_8b270c89,algorithm_q_learning,q_learning,eval,3,123,hard,5,5,0.1,0.9,0.0,default,100,9.3,8,1,1,0,0,,
algorithm_q_learning_q_learning_123_8b270c89,algorithm_q_learning,q_learning,eval,4,123,hard,5,5,0.1,0.9,0.0,default,100,9.3,8,1,1,0,0,,
algorithm_q_learning_q_learning_123_8b270c89,algorithm_q_learning,q_learning,eval,5,123,hard,5,5,0.1,0.9,0.0,default,100,9.3,8,1,1,0,0,,
algorithm_q_learning_q_learning_123_8b270c89,algorithm_q_learning,q_learning,eval,6,123,hard,5,5,0.1,0.9,0.0,default,100,9.3,8,1,1,0,0,,
algorithm_q_learning_q_learning_123_8b270c89,algorithm_q_learning,q_learning,eval,7,123,hard,5,5,0.1,0.9,0.0,default,100,9.3,8,1,1,0,0,,
algorithm_q_learning_q_learning_123_8b270c89,algorithm_q_learning,q_learning,eval,8,123,hard,5,5,0.1,0.9,0.0,default,100,9.3,8,1,1,0,0,,
algorithm_q_learning_q_learning_123_8b270c89,algorithm_q_learning,q_learning,eval,9,123,hard,5,5,0.1,0.9,0.0,default,100,9.3,8,1,1,0,0,,
algorithm_q_learning_q_learning_123_8b270c89,algorithm_q_learning,q_learning,eval,10,123,hard,5,5,0.1,0.9,0.0,default,100,9.3,8,1,1,0,0,,
algorithm_q_learning_q_learning_123_8b270c89,algorithm_q_learning,q_learning,eval,1,123,hard,5,5,0.1,0.9,0.0,default,100,9.3,8,1,1,0,0,,
algorithm_q_learning_q_learning_123_8b270c89,algorithm_q_learning,q_learning,eval,2,123,hard,5,5,0.1,0.9,0.0,default,100,9.3,8,1,1,0,0,,
algorithm_q_learning_q_learning_123_8b270c89,algorithm_q_learning,q_learning,eval,3,123,hard,5,5,0.1,0.9,0.0,default,100,9.3,8,1,1,0,0,,
algorithm_q_learning_q_learning_123_8b270c89,algorithm_q_learning,q_learning,eval,4,123,hard,5,5,0.1,0.9,0.0,default,100,9.3,8,1,1,0,0,,
algorithm_q_learning_q_learning_123_8b270c89,algorithm_q_learning,q_learning,eval,5,123,hard,5,5,0.1,0.9,0.0,default,100,9.3,8,1,1,0,0,,
algorithm_q_learning_q_learning_123_8b270c89,algorithm_q_learning,q_learning,eval,6,123,hard,5,5,0.1,0.9,0.0,default,100,9.3,8,1,1,0,0,,
algorithm_q_learning_q_learning_123_8b270c89,algorithm_q_learning,q_learning,eval,7,123,hard,5,5,0.1,0.9,0.0,default,100,9.3,8,1,1,0,0,,
algorithm_q_learning_q_learning_123_8b270c89,algorithm_q_learning,q_learning,eval,8,123,hard,5,5,0.1,0.9,0.0,default,100,9.3,8,1,1,0,0,,
algorithm_q_learning_q_learning_123_8b270c89,algorithm_q_learning,q_learning,eval,9,123,hard,5,5,0.1,0.9,0.0,default,100,9.3,8,1,1,0,0,,
algorithm_q_learning_q_learning_123_8b270c89,algorithm_q_learning,q_learning,eval,10,123,hard,5,5,0.1,0.9,0.0,default,100,9.3,8,1,1,0,0,,
algorithm_q_learning_q_learning_123_8b270c89,algorithm_q_learning,q_learning,eval,1,123,hard,5,5,0.1,0.9,0.0,default,100,9.3,8,1,1,0,0,,
algorithm_q_learning_q_learning_123_8b270c89,algorithm_q_learning,q_learning,eval,2,123,hard,5,5,0.1,0.9,0.0,default,100,9.3,8,1,1,0,0,,
algorithm_q_learning_q_learning_123_8b270c89,algorithm_q_learning,q_learning,eval,3,123,hard,5,5,0.1,0.9,0.0,default,100,9.3,8,1,1,0,0,,
algorithm_q_learning_q_learning_123_8b270c89,algorithm_q_learning,q_learning,eval,4,123,hard,5,5,0.1,0.9,0.0,default,100,9.3,8,1,1,0,0,,
algorithm_q_learning_q_learning_123_8b270c89,algorithm_q_learning,q_learning,eval,5,123,hard,5,5,0.1,0.9,0.0,default,100,9.3,8,1,1,0,0,,
algorithm_q_learning_q_learning_123_8b270c89,algorithm_q_learning,q_learning,eval,6,123,hard,5,5,0.1,0.9,0.0,default,100,9.3,8,1,1,0,0,,
algorithm_q_learning_q_learning_123_8b270c89,algorithm_q_learning,q_learning,eval,7,123,hard,5,5,0.1,0.9,0.0,default,100,9.3,8,1,1,0,0,,
algorithm_q_learning_q_learning_123_8b270c89,algorithm_q_learning,q_learning,eval,8,123,hard,5,5,0.1,0.9,0.0,default,100,9.3,8,1,1,0,0,,
algorithm_q_learning_q_learning_123_8b270c89,algorithm_q_learning,q_learning,eval,9,123,hard,5,5,0.1,0.9,0.0,default,100,9.3,8,1,1,0,0,,
algorithm_q_learning_q_learning_123_8b270c89,algorithm_q_learning,q_learning,eval,10,123,hard,5,5,0.1,0.9,0.0,default,100,9.3,8,1,1,0,0,,
algorithm_q_learning_q_learning_123_8b270c89,algorithm_q_learning,q_learning,eval,1,123,hard,5,5,0.1,0.9,0.0,default,100,9.3,8,1,1,0,0,,
algorithm_q_learning_q_learning_123_8b270c89,algorithm_q_learning,q_learning,eval,2,123,hard,5,5,0.1,0.9,0.0,default,100,9.3,8,1,1,0,0,,
algorithm_q_learning_q_learning_123_8b270c89,algorithm_q_learning,q_learning,eval,3,123,hard,5,5,0.1,0.9,0.0,default,100,9.3,8,1,1,0,0,,
algorithm_q_learning_q_learning_123_8b270c89,algorithm_q_learning,q_learning,eval,4,123,hard,5,5,0.1,0.9,0.0,default,100,9.3,8,1,1,0,0,,
algorithm_q_learning_q_learning_123_8b270c89,algorithm_q_learning,q_learning,eval,5,123,hard,5,5,0.1,0.9,0.0,default,100,9.3,8,1,1,0,0,,
algorithm_q_learning_q_learning_123_8b270c89,algorithm_q_learning,q_learning,eval,6,123,hard,5,5,0.1,0.9,0.0,default,100,9.3,8,1,1,0,0,,
algorithm_q_learning_q_learning_123_8b270c89,algorithm_q_learning,q_learning,eval,7,123,hard,5,5,0.1,0.9,0.0,default,100,9.3,8,1,1,0,0,,
algorithm_q_learning_q_learning_123_8b270c89,algorithm_q_learning,q_learning,eval,8,123,hard,5,5,0.1,0.9,0.0,default,100,9.3,8,1,1,0,0,,
algorithm_q_learning_q_learning_123_8b270c89,algorithm_q_learning,q_learning,eval,9,123,hard,5,5,0.1,0.9,0.0,default,100,9.3,8,1,1,0,0,,
algorithm_q_learning_q_learning_123_8b270c89,algorithm_q_learning,q_learning,eval,10,123,hard,5,5,0.1,0.9,0.0,default,100,9.3,8,1,1,0,0,,
algorithm_q_learning_q_learning_123_8b270c89,algorithm_q_learning,q_learning,eval,1,123,hard,5,5,0.1,0.9,0.0,default,100,9.3,8,1,1,0,0,,
algorithm_q_learning_q_learning_123_8b270c89,algorithm_q_learning,q_learning,eval,2,123,hard,5,5,0.1,0.9,0.0,default,100,9.3,8,1,1,0,0,,
algorithm_q_learning_q_learning_123_8b270c89,algorithm_q_learning,q_learning,eval,3,123,hard,5,5,0.1,0.9,0.0,default,100,9.3,8,1,1,0,0,,
algorithm_q_learning_q_learning_123_8b270c89,algorithm_q_learning,q_learning,eval,4,123,hard,5,5,0.1,0.9,0.0,default,100,9.3,8,1,1,0,0,,
algorithm_q_learning_q_learning_123_8b270c89,algorithm_q_learning,q_learning,eval,5,123,hard,5,5,0.1,0.9,0.0,default,100,9.3,8,1,1,0,0,,
algorithm_q_learning_q_learning_123_8b270c89,algorithm_q_learning,q_learning,eval,6,123,hard,5,5,0.1,0.9,0.0,default,100,9.3,8,1,1,0,0,,
algorithm_q_learning_q_learning_123_8b270c89,algorithm_q_learning,q_learning,eval,7,123,hard,5,5,0.1,0.9,0.0,default,100,9.3,8,1,1,0,0,,
algorithm_q_learning_q_learning_123_8b270c89,algorithm_q_learning,q_learning,eval,8,123,hard,5,5,0.1,0.9,0.0,default,100,9.3,8,1,1,0,0,,
algorithm_q_learning_q_learning_123_8b270c89,algorithm_q_learning,q_learning,eval,9,123,hard,5,5,0.1,0.9,0.0,default,100,9.3,8,1,1,0,0,,
algorithm_q_learning_q_learning_123_8b270c89,algorithm_q_learning,q_learning,eval,10,123,hard,5,5,0.1,0.9,0.0,default,100,9.3,8,1,1,0,0,,
algorithm_q_learning_q_learning_123_8b270c89,algorithm_q_learning,q_learning,eval,1,123,hard,5,5,0.1,0.9,0.0,default,100,9.3,8,1,1,0,0,,
algorithm_q_learning_q_learning_123_8b270c89,algorithm_q_learning,q_learning,eval,2,123,hard,5,5,0.1,0.9,0.0,default,100,9.3,8,1,1,0,0,,
algorithm_q_learning_q_learning_123_8b270c89,algorithm_q_learning,q_learning,eval,3,123,hard,5,5,0.1,0.9,0.0,default,100,9.3,8,1,1,0,0,,
algorithm_q_learning_q_learning_123_8b270c89,algorithm_q_learning,q_learning,eval,4,123,hard,5,5,0.1,0.9,0.0,default,100,9.3,8,1,1,0,0,,
algorithm_q_learning_q_learning_123_8b270c89,algorithm_q_learning,q_learning,eval,5,123,hard,5,5,0.1,0.9,0.0,default,100,9.3,8,1,1,0,0,,
algorithm_q_learning_q_learning_123_8b270c89,algorithm_q_learning,q_learning,eval,6,123,hard,5,5,0.1,0.9,0.0,default,100,9.3,8,1,1,0,0,,
algorithm_q_learning_q_learning_123_8b270c89,algorithm_q_learning,q_learning,eval,7,123,hard,5,5,0.1,0.9,0.0,default,100,9.3,8,1,1,0,0,,
algorithm_q_learning_q_learning_123_8b270c89,algorithm_q_learning,q_learning,eval,8,123,hard,5,5,0.1,0.9,0.0,default,100,9.3,8,1,1,0,0,,
algorithm_q_learning_q_learning_123_8b270c89,algorithm_q_learning,q_learning,eval,9,123,hard,5,5,0.1,0.9,0.0,default,100,9.3,8,1,1,0,0,,
algorithm_q_learning_q_learning_123_8b270c89,algorithm_q_learning,q_learning,eval,10,123,hard,5,5,0.1,0.9,0.0,default,100,9.3,8,1,1,0,0,,
algorithm_q_learning_q_learning_123_8b270c89,algorithm_q_learning,q_learning,eval,1,123,hard,5,5,0.1,0.9,0.0,default,100,9.3,8,1,1,0,0,,
algorithm_q_learning_q_learning_123_8b270c89,algorithm_q_learning,q_learning,eval,2,123,hard,5,5,0.1,0.9,0.0,default,100,9.3,8,1,1,0,0,,
algorithm_q_learning_q_learning_123_8b270c89,algorithm_q_learning,q_learning,eval,3,123,hard,5,5,0.1,0.9,0.0,default,100,9.3,8,1,1,0,0,,
algorithm_q_learning_q_learning_123_8b270c89,algorithm_q_learning,q_learning,eval,4,123,hard,5,5,0.1,0.9,0.0,default,100,9.3,8,1,1,0,0,,
algorithm_q_learning_q_learning_123_8b270c89,algorithm_q_learning,q_learning,eval,5,123,hard,5,5,0.1,0.9,0.0,default,100,9.3,8,1,1,0,0,,
algorithm_q_learning_q_learning_123_8b270c89,algorithm_q_learning,q_learning,eval,6,123,hard,5,5,0.1,0.9,0.0,default,100,9.3,8,1,1,0,0,,
algorithm_q_learning_q_learning_123_8b270c89,algorithm_q_learning,q_learning,eval,7,123,hard,5,5,0.1,0.9,0.0,default,100,9.3,8,1,1,0,0,,
algorithm_q_learning_q_learning_123_8b270c89,algorithm_q_learning,q_learning,eval,8,123,hard,5,5,0.1,0.9,0.0,default,100,9.3,8,1,1,0,0,,
algorithm_q_learning_q_learning_123_8b270c89,algorithm_q_learning,q_learning,eval,9,123,hard,5,5,0.1,0.9,0.0,default,100,9.3,8,1,1,0,0,,
algorithm_q_learning_q_learning_123_8b270c89,algorithm_q_learning,q_learning,eval,10,123,hard,5,5,0.1,0.9,0.0,default,100,9.3,8,1,1,0,0,,
algorithm_q_learning_q_learning_123_8b270c89,algorithm_q_learning,q_learning,eval,1,123,hard,5,5,0.1,0.9,0.0,default,100,9.3,8,1,1,0,0,,
algorithm_q_learning_q_learning_123_8b270c89,algorithm_q_learning,q_learning,eval,2,123,hard,5,5,0.1,0.9,0.0,default,100,9.3,8,1,1,0,0,,
algorithm_q_learning_q_learning_123_8b270c89,algorithm_q_learning,q_learning,eval,3,123,hard,5,5,0.1,0.9,0.0,default,100,9.3,8,1,1,0,0,,
algorithm_q_learning_q_learning_123_8b270c89,algorithm_q_learning,q_learning,eval,4,123,hard,5,5,0.1,0.9,0.0,default,100,9.3,8,1,1,0,0,,
algorithm_q_learning_q_learning_123_8b270c89,algorithm_q_learning,q_learning,eval,5,123,hard,5,5,0.1,0.9,0.0,default,100,9.3,8,1,1,0,0,,
algorithm_q_learning_q_learning_123_8b270c89,algorithm_q_learning,q_learning,eval,6,123,hard,5,5,0.1,0.9,0.0,default,100,9.3,8,1,1,0,0,,
algorithm_q_learning_q_learning_123_8b270c89,algorithm_q_learning,q_learning,eval,7,123,hard,5,5,0.1,0.9,0.0,default,100,9.3,8,1,1,0,0,,
algorithm_q_learning_q_learning_123_8b270c89,algorithm_q_learning,q_learning,eval,8,123,hard,5,5,0.1,0.9,0.0,default,100,9.3,8,1,1,0,0,,
algorithm_q_learning_q_learning_123_8b270c89,algorithm_q_learning,q_learning,eval,9,123,hard,5,5,0.1,0.9,0.0,default,100,9.3,8,1,1,0,0,,
algorithm_q_learning_q_learning_123_8b270c89,algorithm_q_learning,q_learning,eval,10,123,hard,5,5,0.1,0.9,0.0,default,100,9.3,8,1,1,0,0,,
algorithm_q_learning_q_learning_123_8b270c89,algorithm_q_learning,q_learning,eval,1,123,hard,5,5,0.1,0.9,0.0,default,100,9.3,8,1,1,0,0,,
algorithm_q_learning_q_learning_123_8b270c89,algorithm_q_learning,q_learning,eval,2,123,hard,5,5,0.1,0.9,0.0,default,100,9.3,8,1,1,0,0,,
algorithm_q_learning_q_learning_123_8b270c89,algorithm_q_learning,q_learning,eval,3,123,hard,5,5,0.1,0.9,0.0,default,100,9.3,8,1,1,0,0,,
algorithm_q_learning_q_learning_123_8b270c89,algorithm_q_learning,q_learning,eval,4,123,hard,5,5,0.1,0.9,0.0,default,100,9.3,8,1,1,0,0,,
algorithm_q_learning_q_learning_123_8b270c89,algorithm_q_learning,q_learning,eval,5,123,hard,5,5,0.1,0.9,0.0,default,100,9.3,8,1,1,0,0,,
algorithm_q_learning_q_learning_123_8b270c89,algorithm_q_learning,q_learning,eval,6,123,hard,5,5,0.1,0.9,0.0,default,100,9.3,8,1,1,0,0,,
algorithm_q_learning_q_learning_123_8b270c89,algorithm_q_learning,q_learning,eval,7,123,hard,5,5,0.1,0.9,0.0,default,100,9.3,8,1,1,0,0,,
algorithm_q_learning_q_learning_123_8b270c89,algorithm_q_learning,q_learning,eval,8,123,hard,5,5,0.1,0.9,0.0,default,100,9.3,8,1,1,0,0,,
algorithm_q_learning_q_learning_123_8b270c89,algorithm_q_learning,q_learning,eval,9,123,hard,5,5,0.1,0.9,0.0,default,100,9.3,8,1,1,0,0,,
algorithm_q_learning_q_learning_123_8b270c89,algorithm_q_learning,q_learning,eval,10,123,hard,5,5,0.1,0.9,0.0,default,100,9.3,8,1,1,0,0,,
algorithm_q_learning_q_learning_123_8b270c89,algorithm_q_learning,q_learning,eval,1,123,hard,5,5,0.1,0.9,0.0,default,100,9.3,8,1,1,0,0,,
algorithm_q_learning_q_learning_123_8b270c89,algorithm_q_learning,q_learning,eval,2,123,hard,5,5,0.1,0.9,0.0,default,100,9.3,8,1,1,0,0,,
algorithm_q_learning_q_learning_123_8b270c89,algorithm_q_learning,q_learning,eval,3,123,hard,5,5,0.1,0.9,0.0,default,100,9.3,8,1,1,0,0,,
algorithm_q_learning_q_learning_123_8b270c89,algorithm_q_learning,q_learning,eval,4,123,hard,5,5,0.1,0.9,0.0,default,100,9.3,8,1,1,0,0,,
algorithm_q_learning_q_learning_123_8b270c89,algorithm_q_learning,q_learning,eval,5,123,hard,5,5,0.1,0.9,0.0,default,100,9.3,8,1,1,0,0,,
algorithm_q_learning_q_learning_123_8b270c89,algorithm_q_learning,q_learning,eval,6,123,hard,5,5,0.1,0.9,0.0,default,100,9.3,8,1,1,0,0,,
algorithm_q_learning_q_learning_123_8b270c89,algorithm_q_learning,q_learning,eval,7,123,hard,5,5,0.1,0.9,0.0,default,100,9.3,8,1,1,0,0,,
algorithm_q_learning_q_learning_123_8b270c89,algorithm_q_learning,q_learning,eval,8,123,hard,5,5,0.1,0.9,0.0,default,100,9.3,8,1,1,0,0,,
algorithm_q_learning_q_learning_123_8b270c89,algorithm_q_learning,q_learning,eval,9,123,hard,5,5,0.1,0.9,0.0,default,100,9.3,8,1,1,0,0,,
algorithm_q_learning_q_learning_123_8b270c89,algorithm_q_learning,q_learning,eval,10,123,hard,5,5,0.1,0.9,0.0,default,100,9.3,8,1,1,0,0,,
algorithm_q_learning_q_learning_123_8b270c89,algorithm_q_learning,q_learning,eval,1,123,hard,5,5,0.1,0.9,0.0,default,100,9.3,8,1,1,0,0,,
algorithm_q_learning_q_learning_123_8b270c89,algorithm_q_learning,q_learning,eval,2,123,hard,5,5,0.1,0.9,0.0,default,100,9.3,8,1,1,0,0,,
algorithm_q_learning_q_learning_123_8b270c89,algorithm_q_learning,q_learning,eval,3,123,hard,5,5,0.1,0.9,0.0,default,100,9.3,8,1,1,0,0,,
algorithm_q_learning_q_learning_123_8b270c89,algorithm_q_learning,q_learning,eval,4,123,hard,5,5,0.1,0.9,0.0,default,100,9.3,8,1,1,0,0,,
algorithm_q_learning_q_learning_123_8b270c89,algorithm_q_learning,q_learning,eval,5,123,hard,5,5,0.1,0.9,0.0,default,100,9.3,8,1,1,0,0,,
algorithm_q_learning_q_learning_123_8b270c89,algorithm_q_learning,q_learning,eval,6,123,hard,5,5,0.1,0.9,0.0,default,100,9.3,8,1,1,0,0,,
algorithm_q_learning_q_learning_123_8b270c89,algorithm_q_learning,q_learning,eval,7,123,hard,5,5,0.1,0.9,0.0,default,100,9.3,8,1,1,0,0,,
algorithm_q_learning_q_learning_123_8b270c89,algorithm_q_learning,q_learning,eval,8,123,hard,5,5,0.1,0.9,0.0,default,100,9.3,8,1,1,0,0,,
algorithm_q_learning_q_learning_123_8b270c89,algorithm_q_learning,q_learning,eval,9,123,hard,5,5,0.1,0.9,0.0,default,100,9.3,8,1,1,0,0,,
algorithm_q_learning_q_learning_123_8b270c89,algorithm_q_learning,q_learning,eval,10,123,hard,5,5,0.1,0.9,0.0,default,100,9.3,8,1,1,0,0,,
algorithm_q_learning_q_learning_123_8b270c89,algorithm_q_learning,q_learning,eval,1,123,hard,5,5,0.1,0.9,0.0,default,100,9.3,8,1,1,0,0,,
algorithm_q_learning_q_learning_123_8b270c89,algorithm_q_learning,q_learning,eval,2,123,hard,5,5,0.1,0.9,0.0,default,100,9.3,8,1,1,0,0,,
algorithm_q_learning_q_learning_123_8b270c89,algorithm_q_learning,q_learning,eval,3,123,hard,5,5,0.1,0.9,0.0,default,100,9.3,8,1,1,0,0,,
algorithm_q_learning_q_learning_123_8b270c89,algorithm_q_learning,q_learning,eval,4,123,hard,5,5,0.1,0.9,0.0,default,100,9.3,8,1,1,0,0,,
algorithm_q_learning_q_learning_123_8b270c89,algorithm_q_learning,q_learning,eval,5,123,hard,5,5,0.1,0.9,0.0,default,100,9.3,8,1,1,0,0,,
algorithm_q_learning_q_learning_123_8b270c89,algorithm_q_learning,q_learning,eval,6,123,hard,5,5,0.1,0.9,0.0,default,100,9.3,8,1,1,0,0,,
algorithm_q_learning_q_learning_123_8b270c89,algorithm_q_learning,q_learning,eval,7,123,hard,5,5,0.1,0.9,0.0,default,100,9.3,8,1,1,0,0,,
algorithm_q_learning_q_learning_123_8b270c89,algorithm_q_learning,q_learning,eval,8,123,hard,5,5,0.1,0.9,0.0,default,100,9.3,8,1,1,0,0,,
algorithm_q_learning_q_learning_123_8b270c89,algorithm_q_learning,q_learning,eval,9,123,hard,5,5,0.1,0.9,0.0,default,100,9.3,8,1,1,0,0,,
algorithm_q_learning_q_learning_123_8b270c89,algorithm_q_learning,q_learning,eval,10,123,hard,5,5,0.1,0.9,0.0,default,100,9.3,8,1,1,0,0,,
algorithm_q_learning_q_learning_123_8b270c89,algorithm_q_learning,q_learning,eval,1,123,hard,5,5,0.1,0.9,0.0,default,100,9.3,8,1,1,0,0,,
algorithm_q_learning_q_learning_123_8b270c89,algorithm_q_learning,q_learning,eval,2,123,hard,5,5,0.1,0.9,0.0,default,100,9.3,8,1,1,0,0,,
algorithm_q_learning_q_learning_123_8b270c89,algorithm_q_learning,q_learning,eval,3,123,hard,5,5,0.1,0.9,0.0,default,100,9.3,8,1,1,0,0,,
algorithm_q_learning_q_learning_123_8b270c89,algorithm_q_learning,q_learning,eval,4,123,hard,5,5,0.1,0.9,0.0,default,100,9.3,8,1,1,0,0,,
algorithm_q_learning_q_learning_123_8b270c89,algorithm_q_learning,q_learning,eval,5,123,hard,5,5,0.1,0.9,0.0,default,100,9.3,8,1,1,0,0,,
algorithm_q_learning_q_learning_123_8b270c89,algorithm_q_learning,q_learning,eval,6,123,hard,5,5,0.1,0.9,0.0,default,100,9.3,8,1,1,0,0,,
algorithm_q_learning_q_learning_123_8b270c89,algorithm_q_learning,q_learning,eval,7,123,hard,5,5,0.1,0.9,0.0,default,100,9.3,8,1,1,0,0,,
algorithm_q_learning_q_learning_123_8b270c89,algorithm_q_learning,q_learning,eval,8,123,hard,5,5,0.1,0.9,0.0,default,100,9.3,8,1,1,0,0,,
algorithm_q_learning_q_learning_123_8b270c89,algorithm_q_learning,q_learning,eval,9,123,hard,5,5,0.1,0.9,0.0,default,100,9.3,8,1,1,0,0,,
algorithm_q_learning_q_learning_123_8b270c89,algorithm_q_learning,q_learning,eval,10,123,hard,5,5,0.1,0.9,0.0,default,100,9.3,8,1,1,0,0,,
algorithm_q_learning_q_learning_123_8b270c89,algorithm_q_learning,q_learning,eval,1,123,hard,5,5,0.1,0.9,0.0,default,100,9.3,8,1,1,0,0,,
algorithm_q_learning_q_learning_123_8b270c89,algorithm_q_learning,q_learning,eval,2,123,hard,5,5,0.1,0.9,0.0,default,100,9.3,8,1,1,0,0,,
algorithm_q_learning_q_learning_123_8b270c89,algorithm_q_learning,q_learning,eval,3,123,hard,5,5,0.1,0.9,0.0,default,100,9.3,8,1,1,0,0,,
algorithm_q_learning_q_learning_123_8b270c89,algorithm_q_learning,q_learning,eval,4,123,hard,5,5,0.1,0.9,0.0,default,100,9.3,8,1,1,0,0,,
algorithm_q_learning_q_learning_123_8b270c89,algorithm_q_learning,q_learning,eval,5,123,hard,5,5,0.1,0.9,0.0,default,100,9.3,8,1,1,0,0,,
algorithm_q_learning_q_learning_123_8b270c89,algorithm_q_learning,q_learning,eval,6,123,hard,5,5,0.1,0.9,0.0,default,100,9.3,8,1,1,0,0,,
algorithm_q_learning_q_learning_123_8b270c89,algorithm_q_learning,q_learning,eval,7,123,hard,5,5,0.1,0.9,0.0,default,100,9.3,8,1,1,0,0,,
algorithm_q_learning_q_learning_123_8b270c89,algorithm_q_learning,q_learning,eval,8,123,hard,5,5,0.1,0.9,0.0,default,100,9.3,8,1,1,0,0,,
algorithm_q_learning_q_learning_123_8b270c89,algorithm_q_learning,q_learning,eval,9,123,hard,5,5,0.1,0.9,0.0,default,100,9.3,8,1,1,0,0,,
algorithm_q_learning_q_learning_123_8b270c89,algorithm_q_learning,q_learning,eval,10,123,hard,5,5,0.1,0.9,0.0,default,100,9.3,8,1,1,0,0,,
algorithm_q_learning_q_learning_123_8b270c89,algorithm_q_learning,q_learning,eval,1,123,hard,5,5,0.1,0.9,0.0,default,100,9.3,8,1,1,0,0,,
algorithm_q_learning_q_learning_123_8b270c89,algorithm_q_learning,q_learning,eval,2,123,hard,5,5,0.1,0.9,0.0,default,100,9.3,8,1,1,0,0,,
algorithm_q_learning_q_learning_123_8b270c89,algorithm_q_learning,q_learning,eval,3,123,hard,5,5,0.1,0.9,0.0,default,100,9.3,8,1,1,0,0,,
algorithm_q_learning_q_learning_123_8b270c89,algorithm_q_learning,q_learning,eval,4,123,hard,5,5,0.1,0.9,0.0,default,100,9.3,8,1,1,0,0,,
algorithm_q_learning_q_learning_123_8b270c89,algorithm_q_learning,q_learning,eval,5,123,hard,5,5,0.1,0.9,0.0,default,100,9.3,8,1,1,0,0,,
algorithm_q_learning_q_learning_123_8b270c89,algorithm_q_learning,q_learning,eval,6,123,hard,5,5,0.1,0.9,0.0,default,100,9.3,8,1,1,0,0,,
algorithm_q_learning_q_learning_123_8b270c89,algorithm_q_learning,q_learning,eval,7,123,hard,5,5,0.1,0.9,0.0,default,100,9.3,8,1,1,0,0,,
algorithm_q_learning_q_learning_123_8b270c89,algorithm_q_learning,q_learning,eval,8,123,hard,5,5,0.1,0.9,0.0,default,100,9.3,8,1,1,0,0,,
algorithm_q_learning_q_learning_123_8b270c89,algorithm_q_learning,q_learning,eval,9,123,hard,5,5,0.1,0.9,0.0,default,100,9.3,8,1,1,0,0,,
algorithm_q_learning_q_learning_123_8b270c89,algorithm_q_learning,q_learning,eval,10,123,hard,5,5,0.1,0.9,0.0,default,100,9.3,8,1,1,0,0,,
algorithm_q_learning_q_learning_123_8b270c89,algorithm_q_learning,q_learning,eval,1,123,hard,5,5,0.1,0.9,0.0,default,100,9.3,8,1,1,0,0,,
algorithm_q_learning_q_learning_123_8b270c89,algorithm_q_learning,q_learning,eval,2,123,hard,5,5,0.1,0.9,0.0,default,100,9.3,8,1,1,0,0,,
algorithm_q_learning_q_learning_123_8b270c89,algorithm_q_learning,q_learning,eval,3,123,hard,5,5,0.1,0.9,0.0,default,100,9.3,8,1,1,0,0,,
algorithm_q_learning_q_learning_123_8b270c89,algorithm_q_learning,q_learning,eval,4,123,hard,5,5,0.1,0.9,0.0,default,100,9.3,8,1,1,0,0,,
algorithm_q_learning_q_learning_123_8b270c89,algorithm_q_learning,q_learning,eval,5,123,hard,5,5,0.1,0.9,0.0,default,100,9.3,8,1,1,0,0,,
algorithm_q_learning_q_learning_123_8b270c89,algorithm_q_learning,q_learning,eval,6,123,hard,5,5,0.1,0.9,0.0,default,100,9.3,8,1,1,0,0,,
algorithm_q_learning_q_learning_123_8b270c89,algorithm_q_learning,q_learning,eval,7,123,hard,5,5,0.1,0.9,0.0,default,100,9.3,8,1,1,0,0,,
algorithm_q_learning_q_learning_123_8b270c89,algorithm_q_learning,q_learning,eval,8,123,hard,5,5,0.1,0.9,0.0,default,100,9.3,8,1,1,0,0,,
algorithm_q_learning_q_learning_123_8b270c89,algorithm_q_learning,q_learning,eval,9,123,hard,5,5,0.1,0.9,0.0,default,100,9.3,8,1,1,0,0,,
algorithm_q_learning_q_learning_123_8b270c89,algorithm_q_learning,q_learning,eval,10,123,hard,5,5,0.1,0.9,0.0,default,100,9.3,8,1,1,0,0,,
algorithm_q_learning_q_learning_123_8b270c89,algorithm_q_learning,q_learning,eval,1,123,hard,5,5,0.1,0.9,0.0,default,100,9.3,8,1,1,0,0,,
algorithm_q_learning_q_learning_123_8b270c89,algorithm_q_learning,q_learning,eval,2,123,hard,5,5,0.1,0.9,0.0,default,100,9.3,8,1,1,0,0,,
algorithm_q_learning_q_learning_123_8b270c89,algorithm_q_learning,q_learning,eval,3,123,hard,5,5,0.1,0.9,0.0,default,100,9.3,8,1,1,0,0,,
algorithm_q_learning_q_learning_123_8b270c89,algorithm_q_learning,q_learning,eval,4,123,hard,5,5,0.1,0.9,0.0,default,100,9.3,8,1,1,0,0,,
algorithm_q_learning_q_learning_123_8b270c89,algorithm_q_learning,q_learning,eval,5,123,hard,5,5,0.1,0.9,0.0,default,100,9.3,8,1,1,0,0,,
algorithm_q_learning_q_learning_123_8b270c89,algorithm_q_learning,q_learning,eval,6,123,hard,5,5,0.1,0.9,0.0,default,100,9.3,8,1,1,0,0,,
algorithm_q_learning_q_learning_123_8b270c89,algorithm_q_learning,q_learning,eval,7,123,hard,5,5,0.1,0.9,0.0,default,100,9.3,8,1,1,0,0,,
algorithm_q_learning_q_learning_123_8b270c89,algorithm_q_learning,q_learning,eval,8,123,hard,5,5,0.1,0.9,0.0,default,100,9.3,8,1,1,0,0,,
algorithm_q_learning_q_learning_123_8b270c89,algorithm_q_learning,q_learning,eval,9,123,hard,5,5,0.1,0.9,0.0,default,100,9.3,8,1,1,0,0,,
algorithm_q_learning_q_learning_123_8b270c89,algorithm_q_learning,q_learning,eval,10,123,hard,5,5,0.1,0.9,0.0,default,100,9.3,8,1,1,0,0,,
algorithm_q_learning_q_learning_123_8b270c89,algorithm_q_learning,q_learning,eval,1,123,hard,5,5,0.1,0.9,0.0,default,100,9.3,8,1,1,0,0,,
algorithm_q_learning_q_learning_123_8b270c89,algorithm_q_learning,q_learning,eval,2,123,hard,5,5,0.1,0.9,0.0,default,100,9.3,8,1,1,0,0,,
algorithm_q_learning_q_learning_123_8b270c89,algorithm_q_learning,q_learning,eval,3,123,hard,5,5,0.1,0.9,0.0,default,100,9.3,8,1,1,0,0,,
algorithm_q_learning_q_learning_123_8b270c89,algorithm_q_learning,q_learning,eval,4,123,hard,5,5,0.1,0.9,0.0,default,100,9.3,8,1,1,0,0,,
algorithm_q_learning_q_learning_123_8b270c89,algorithm_q_learning,q_learning,eval,5,123,hard,5,5,0.1,0.9,0.0,default,100,9.3,8,1,1,0,0,,
algorithm_q_learning_q_learning_123_8b270c89,algorithm_q_learning,q_learning,eval,6,123,hard,5,5,0.1,0.9,0.0,default,100,9.3,8,1,1,0,0,,
algorithm_q_learning_q_learning_123_8b270c89,algorithm_q_learning,q_learning,eval,7,123,hard,5,5,0.1,0.9,0.0,default,100,9.3,8,1,1,0,0,,
algorithm_q_learning_q_learning_123_8b270c89,algorithm_q_learning,q_learning,eval,8,123,hard,5,5,0.1,0.9,0.0,default,100,9.3,8,1,1,0,0,,
algorithm_q_learning_q_learning_123_8b270c89,algorithm_q_learning,q_learning,eval,9,123,hard,5,5,0.1,0.9,0.0,default,100,9.3,8,1,1,0,0,,
algorithm_q_learning_q_learning_123_8b270c89,algorithm_q_learning,q_learning,eval,10,123,hard,5,5,0.1,0.9,0.0,default,100,9.3,8,1,1,0,0,,
algorithm_q_learning_q_learning_123_8b270c89,algorithm_q_learning,q_learning,eval,1,123,hard,5,5,0.1,0.9,0.0,default,100,9.3,8,1,1,0,0,,
algorithm_q_learning_q_learning_123_8b270c89,algorithm_q_learning,q_learning,eval,2,123,hard,5,5,0.1,0.9,0.0,default,100,9.3,8,1,1,0,0,,
algorithm_q_learning_q_learning_123_8b270c89,algorithm_q_learning,q_learning,eval,3,123,hard,5,5,0.1,0.9,0.0,default,100,9.3,8,1,1,0,0,,
algorithm_q_learning_q_learning_123_8b270c89,algorithm_q_learning,q_learning,eval,4,123,hard,5,5,0.1,0.9,0.0,default,100,9.3,8,1,1,0,0,,
algorithm_q_learning_q_learning_123_8b270c89,algorithm_q_learning,q_learning,eval,5,123,hard,5,5,0.1,0.9,0.0,default,100,9.3,8,1,1,0,0,,
algorithm_q_learning_q_learning_123_8b270c89,algorithm_q_learning,q_learning,eval,6,123,hard,5,5,0.1,0.9,0.0,default,100,9.3,8,1,1,0,0,,
algorithm_q_learning_q_learning_123_8b270c89,algorithm_q_learning,q_learning,eval,7,123,hard,5,5,0.1,0.9,0.0,default,100,9.3,8,1,1,0,0,,
algorithm_q_learning_q_learning_123_8b270c89,algorithm_q_learning,q_learning,eval,8,123,hard,5,5,0.1,0.9,0.0,default,100,9.3,8,1,1,0,0,,
algorithm_q_learning_q_learning_123_8b270c89,algorithm_q_learning,q_learning,eval,9,123,hard,5,5,0.1,0.9,0.0,default,100,9.3,8,1,1,0,0,,
algorithm_q_learning_q_learning_123_8b270c89,algorithm_q_learning,q_learning,eval,10,123,hard,5,5,0.1,0.9,0.0,default,100,9.3,8,1,1,0,0,,
algorithm_q_learning_q_learning_123_8b270c89,algorithm_q_learning,q_learning,eval,1,123,hard,5,5,0.1,0.9,0.0,default,100,9.3,8,1,1,0,0,,
algorithm_q_learning_q_learning_123_8b270c89,algorithm_q_learning,q_learning,eval,2,123,hard,5,5,0.1,0.9,0.0,default,100,9.3,8,1,1,0,0,,
algorithm_q_learning_q_learning_123_8b270c89,algorithm_q_learning,q_learning,eval,3,123,hard,5,5,0.1,0.9,0.0,default,100,9.3,8,1,1,0,0,,
algorithm_q_learning_q_learning_123_8b270c89,algorithm_q_learning,q_learning,eval,4,123,hard,5,5,0.1,0.9,0.0,default,100,9.3,8,1,1,0,0,,
algorithm_q_learning_q_learning_123_8b270c89,algorithm_q_learning,q_learning,eval,5,123,hard,5,5,0.1,0.9,0.0,default,100,9.3,8,1,1,0,0,,
algorithm_q_learning_q_learning_123_8b270c89,algorithm_q_learning,q_learning,eval,6,123,hard,5,5,0.1,0.9,0.0,default,100,9.3,8,1,1,0,0,,
algorithm_q_learning_q_learning_123_8b270c89,algorithm_q_learning,q_learning,eval,7,123,hard,5,5,0.1,0.9,0.0,default,100,9.3,8,1,1,0,0,,
algorithm_q_learning_q_learning_123_8b270c89,algorithm_q_learning,q_learning,eval,8,123,hard,5,5,0.1,0.9,0.0,default,100,9.3,8,1,1,0,0,,
algorithm_q_learning_q_learning_123_8b270c89,algorithm_q_learning,q_learning,eval,9,123,hard,5,5,0.1,0.9,0.0,default,100,9.3,8,1,1,0,0,,
algorithm_q_learning_q_learning_123_8b270c89,algorithm_q_learning,q_learning,eval,10,123,hard,5,5,0.1,0.9,0.0,default,100,9.3,8,1,1,0,0,,
algorithm_q_learning_q_learning_123_8b270c89,algorithm_q_learning,q_learning,eval,1,123,hard,5,5,0.1,0.9,0.0,default,100,9.3,8,1,1,0,0,,
algorithm_q_learning_q_learning_123_8b270c89,algorithm_q_learning,q_learning,eval,2,123,hard,5,5,0.1,0.9,0.0,default,100,9.3,8,1,1,0,0,,
algorithm_q_learning_q_learning_123_8b270c89,algorithm_q_learning,q_learning,eval,3,123,hard,5,5,0.1,0.9,0.0,default,100,9.3,8,1,1,0,0,,
algorithm_q_learning_q_learning_123_8b270c89,algorithm_q_learning,q_learning,eval,4,123,hard,5,5,0.1,0.9,0.0,default,100,9.3,8,1,1,0,0,,
algorithm_q_learning_q_learning_123_8b270c89,algorithm_q_learning,q_learning,eval,5,123,hard,5,5,0.1,0.9,0.0,default,100,9.3,8,1,1,0,0,,
algorithm_q_learning_q_learning_123_8b270c89,algorithm_q_learning,q_learning,eval,6,123,hard,5,5,0.1,0.9,0.0,default,100,9.3,8,1,1,0,0,,
algorithm_q_learning_q_learning_123_8b270c89,algorithm_q_learning,q_learning,eval,7,123,hard,5,5,0.1,0.9,0.0,default,100,9.3,8,1,1,0,0,,
algorithm_q_learning_q_learning_123_8b270c89,algorithm_q_learning,q_learning,eval,8,123,hard,5,5,0.1,0.9,0.0,default,100,9.3,8,1,1,0,0,,
algorithm_q_learning_q_learning_123_8b270c89,algorithm_q_learning,q_learning,eval,9,123,hard,5,5,0.1,0.9,0.0,default,100,9.3,8,1,1,0,0,,
algorithm_q_learning_q_learning_123_8b270c89,algorithm_q_learning,q_learning,eval,10,123,hard,5,5,0.1,0.9,0.0,default,100,9.3,8,1,1,0,0,,
algorithm_q_learning_q_learning_123_8b270c89,algorithm_q_learning,q_learning,eval,1,123,hard,5,5,0.1,0.9,0.0,default,100,9.3,8,1,1,0,0,,
algorithm_q_learning_q_learning_123_8b270c89,algorithm_q_learning,q_learning,eval,2,123,hard,5,5,0.1,0.9,0.0,default,100,9.3,8,1,1,0,0,,
algorithm_q_learning_q_learning_123_8b270c89,algorithm_q_learning,q_learning,eval,3,123,hard,5,5,0.1,0.9,0.0,default,100,9.3,8,1,1,0,0,,
algorithm_q_learning_q_learning_123_8b270c89,algorithm_q_learning,q_learning,eval,4,123,hard,5,5,0.1,0.9,0.0,default,100,9.3,8,1,1,0,0,,
algorithm_q_learning_q_learning_123_8b270c89,algorithm_q_learning,q_learning,eval,5,123,hard,5,5,0.1,0.9,0.0,default,100,9.3,8,1,1,0,0,,
algorithm_q_learning_q_learning_123_8b270c89,algorithm_q_learning,q_learning,eval,6,123,hard,5,5,0.1,0.9,0.0,default,100,9.3,8,1,1,0,0,,
algorithm_q_learning_q_learning_123_8b270c89,algorithm_q_learning,q_learning,eval,7,123,hard,5,5,0.1,0.9,0.0,default,100,9.3,8,1,1,0,0,,
algorithm_q_learning_q_learning_123_8b270c89,algorithm_q_learning,q_learning,eval,8,123,hard,5,5,0.1,0.9,0.0,default,100,9.3,8,1,1,0,0,,
algorithm_q_learning_q_learning_123_8b270c89,algorithm_q_learning,q_learning,eval,9,123,hard,5,5,0.1,0.9,0.0,default,100,9.3,8,1,1,0,0,,
algorithm_q_learning_q_learning_123_8b270c89,algorithm_q_learning,q_learning,eval,10,123,hard,5,5,0.1,0.9,0.0,default,100,9.3,8,1,1,0,0,,
algorithm_q_learning_q_learning_123_8b270c89,algorithm_q_learning,q_learning,eval,1,123,hard,5,5,0.1,0.9,0.0,default,100,9.3,8,1,1,0,0,,
algorithm_q_learning_q_learning_123_8b270c89,algorithm_q_learning,q_learning,eval,2,123,hard,5,5,0.1,0.9,0.0,default,100,9.3,8,1,1,0,0,,
algorithm_q_learning_q_learning_123_8b270c89,algorithm_q_learning,q_learning,eval,3,123,hard,5,5,0.1,0.9,0.0,default,100,9.3,8,1,1,0,0,,
algorithm_q_learning_q_learning_123_8b270c89,algorithm_q_learning,q_learning,eval,4,123,hard,5,5,0.1,0.9,0.0,default,100,9.3,8,1,1,0,0,,
algorithm_q_learning_q_learning_123_8b270c89,algorithm_q_learning,q_learning,eval,5,123,hard,5,5,0.1,0.9,0.0,default,100,9.3,8,1,1,0,0,,
algorithm_q_learning_q_learning_123_8b270c89,algorithm_q_learning,q_learning,eval,6,123,hard,5,5,0.1,0.9,0.0,default,100,9.3,8,1,1,0,0,,
algorithm_q_learning_q_learning_123_8b270c89,algorithm_q_learning,q_learning,eval,7,123,hard,5,5,0.1,0.9,0.0,default,100,9.3,8,1,1,0,0,,
algorithm_q_learning_q_learning_123_8b270c89,algorithm_q_learning,q_learning,eval,8,123,hard,5,5,0.1,0.9,0.0,default,100,9.3,8,1,1,0,0,,
algorithm_q_learning_q_learning_123_8b270c89,algorithm_q_learning,q_learning,eval,9,123,hard,5,5,0.1,0.9,0.0,default,100,9.3,8,1,1,0,0,,
algorithm_q_learning_q_learning_123_8b270c89,algorithm_q_learning,q_learning,eval,10,123,hard,5,5,0.1,0.9,0.0,default,100,9.3,8,1,1,0,0,,
algorithm_q_learning_q_learning_123_8b270c89,algorithm_q_learning,q_learning,eval,1,123,hard,5,5,0.1,0.9,0.0,default,100,9.3,8,1,1,0,0,,
algorithm_q_learning_q_learning_123_8b270c89,algorithm_q_learning,q_learning,eval,2,123,hard,5,5,0.1,0.9,0.0,default,100,9.3,8,1,1,0,0,,
algorithm_q_learning_q_learning_123_8b270c89,algorithm_q_learning,q_learning,eval,3,123,hard,5,5,0.1,0.9,0.0,default,100,9.3,8,1,1,0,0,,
algorithm_q_learning_q_learning_123_8b270c89,algorithm_q_learning,q_learning,eval,4,123,hard,5,5,0.1,0.9,0.0,default,100,9.3,8,1,1,0,0,,
algorithm_q_learning_q_learning_123_8b270c89,algorithm_q_learning,q_learning,eval,5,123,hard,5,5,0.1,0.9,0.0,default,100,9.3,8,1,1,0,0,,
algorithm_q_learning_q_learning_123_8b270c89,algorithm_q_learning,q_learning,eval,6,123,hard,5,5,0.1,0.9,0.0,default,100,9.3,8,1,1,0,0,,
algorithm_q_learning_q_learning_123_8b270c89,algorithm_q_learning,q_learning,eval,7,123,hard,5,5,0.1,0.9,0.0,default,100,9.3,8,1,1,0,0,,
algorithm_q_learning_q_learning_123_8b270c89,algorithm_q_learning,q_learning,eval,8,123,hard,5,5,0.1,0.9,0.0,default,100,9.3,8,1,1,0,0,,
algorithm_q_learning_q_learning_123_8b270c89,algorithm_q_learning,q_learning,eval,9,123,hard,5,5,0.1,0.9,0.0,default,100,9.3,8,1,1,0,0,,
algorithm_q_learning_q_learning_123_8b270c89,algorithm_q_learning,q_learning,eval,10,123,hard,5,5,0.1,0.9,0.0,default,100,9.3,8,1,1,0,0,,
algorithm_q_learning_q_learning_123_8b270c89,algorithm_q_learning,q_learning,eval,1,123,hard,5,5,0.1,0.9,0.0,default,100,9.3,8,1,1,0,0,,
algorithm_q_learning_q_learning_123_8b270c89,algorithm_q_learning,q_learning,eval,2,123,hard,5,5,0.1,0.9,0.0,default,100,9.3,8,1,1,0,0,,
algorithm_q_learning_q_learning_123_8b270c89,algorithm_q_learning,q_learning,eval,3,123,hard,5,5,0.1,0.9,0.0,default,100,9.3,8,1,1,0,0,,
algorithm_q_learning_q_learning_123_8b270c89,algorithm_q_learning,q_learning,eval,4,123,hard,5,5,0.1,0.9,0.0,default,100,9.3,8,1,1,0,0,,
algorithm_q_learning_q_learning_123_8b270c89,algorithm_q_learning,q_learning,eval,5,123,hard,5,5,0.1,0.9,0.0,default,100,9.3,8,1,1,0,0,,
algorithm_q_learning_q_learning_123_8b270c89,algorithm_q_learning,q_learning,eval,6,123,hard,5,5,0.1,0.9,0.0,default,100,9.3,8,1,1,0,0,,
algorithm_q_learning_q_learning_123_8b270c89,algorithm_q_learning,q_learning,eval,7,123,hard,5,5,0.1,0.9,0.0,default,100,9.3,8,1,1,0,0,,
algorithm_q_learning_q_learning_123_8b270c89,algorithm_q_learning,q_learning,eval,8,123,hard,5,5,0.1,0.9,0.0,default,100,9.3,8,1,1,0,0,,
algorithm_q_learning_q_learning_123_8b270c89,algorithm_q_learning,q_learning,eval,9,123,hard,5,5,0.1,0.9,0.0,default,100,9.3,8,1,1,0,0,,
algorithm_q_learning_q_learning_123_8b270c89,algorithm_q_learning,q_learning,eval,10,123,hard,5,5,0.1,0.9,0.0,default,100,9.3,8,1,1,0,0,,
algorithm_q_learning_q_learning_123_8b270c89,algorithm_q_learning,q_learning,eval,1,123,hard,5,5,0.1,0.9,0.0,default,100,9.3,8,1,1,0,0,,
algorithm_q_learning_q_learning_123_8b270c89,algorithm_q_learning,q_learning,eval,2,123,hard,5,5,0.1,0.9,0.0,default,100,9.3,8,1,1,0,0,,
algorithm_q_learning_q_learning_123_8b270c89,algorithm_q_learning,q_learning,eval,3,123,hard,5,5,0.1,0.9,0.0,default,100,9.3,8,1,1,0,0,,
algorithm_q_learning_q_learning_123_8b270c89,algorithm_q_learning,q_learning,eval,4,123,hard,5,5,0.1,0.9,0.0,default,100,9.3,8,1,1,0,0,,
algorithm_q_learning_q_learning_123_8b270c89,algorithm_q_learning,q_learning,eval,5,123,hard,5,5,0.1,0.9,0.0,default,100,9.3,8,1,1,0,0,,
algorithm_q_learning_q_learning_123_8b270c89,algorithm_q_learning,q_learning,eval,6,123,hard,5,5,0.1,0.9,0.0,default,100,9.3,8,1,1,0,0,,
algorithm_q_learning_q_learning_123_8b270c89,algorithm_q_learning,q_learning,eval,7,123,hard,5,5,0.1,0.9,0.0,default,100,9.3,8,1,1,0,0,,
algorithm_q_learning_q_learning_123_8b270c89,algorithm_q_learning,q_learning,eval,8,123,hard,5,5,0.1,0.9,0.0,default,100,9.3,8,1,1,0,0,,
algorithm_q_learning_q_learning_123_8b270c89,algorithm_q_learning,q_learning,eval,9,123,hard,5,5,0.1,0.9,0.0,default,100,9.3,8,1,1,0,0,,
algorithm_q_learning_q_learning_123_8b270c89,algorithm_q_learning,q_learning,eval,10,123,hard,5,5,0.1,0.9,0.0,default,100,9.3,8,1,1,0,0,,
algorithm_q_learning_q_learning_123_8b270c89,algorithm_q_learning,q_learning,eval,1,123,hard,5,5,0.1,0.9,0.0,default,100,9.3,8,1,1,0,0,,
algorithm_q_learning_q_learning_123_8b270c89,algorithm_q_learning,q_learning,eval,2,123,hard,5,5,0.1,0.9,0.0,default,100,9.3,8,1,1,0,0,,
algorithm_q_learning_q_learning_123_8b270c89,algorithm_q_learning,q_learning,eval,3,123,hard,5,5,0.1,0.9,0.0,default,100,9.3,8,1,1,0,0,,
algorithm_q_learning_q_learning_123_8b270c89,algorithm_q_learning,q_learning,eval,4,123,hard,5,5,0.1,0.9,0.0,default,100,9.3,8,1,1,0,0,,
algorithm_q_learning_q_learning_123_8b270c89,algorithm_q_learning,q_learning,eval,5,123,hard,5,5,0.1,0.9,0.0,default,100,9.3,8,1,1,0,0,,
algorithm_q_learning_q_learning_123_8b270c89,algorithm_q_learning,q_learning,eval,6,123,hard,5,5,0.1,0.9,0.0,default,100,9.3,8,1,1,0,0,,
algorithm_q_learning_q_learning_123_8b270c89,algorithm_q_learning,q_learning,eval,7,123,hard,5,5,0.1,0.9,0.0,default,100,9.3,8,1,1,0,0,,
algorithm_q_learning_q_learning_123_8b270c89,algorithm_q_learning,q_learning,eval,8,123,hard,5,5,0.1,0.9,0.0,default,100,9.3,8,1,1,0,0,,
algorithm_q_learning_q_learning_123_8b270c89,algorithm_q_learning,q_learning,eval,9,123,hard,5,5,0.1,0.9,0.0,default,100,9.3,8,1,1,0,0,,
algorithm_q_learning_q_learning_123_8b270c89,algorithm_q_learning,q_learning,eval,10,123,hard,5,5,0.1,0.9,0.0,default,100,9.3,8,1,1,0,0,,
algorithm_q_learning_q_learning_123_8b270c89,algorithm_q_learning,q_learning,eval,1,123,hard,5,5,0.1,0.9,0.0,default,100,9.3,8,1,1,0,0,,
algorithm_q_learning_q_learning_123_8b270c89,algorithm_q_learning,q_learning,eval,2,123,hard,5,5,0.1,0.9,0.0,default,100,9.3,8,1,1,0,0,,
algorithm_q_learning_q_learning_123_8b270c89,algorithm_q_learning,q_learning,eval,3,123,hard,5,5,0.1,0.9,0.0,default,100,9.3,8,1,1,0,0,,
algorithm_q_learning_q_learning_123_8b270c89,algorithm_q_learning,q_learning,eval,4,123,hard,5,5,0.1,0.9,0.0,default,100,9.3,8,1,1,0,0,,
algorithm_q_learning_q_learning_123_8b270c89,algorithm_q_learning,q_learning,eval,5,123,hard,5,5,0.1,0.9,0.0,default,100,9.3,8,1,1,0,0,,
algorithm_q_learning_q_learning_123_8b270c89,algorithm_q_learning,q_learning,eval,6,123,hard,5,5,0.1,0.9,0.0,default,100,9.3,8,1,1,0,0,,
algorithm_q_learning_q_learning_123_8b270c89,algorithm_q_learning,q_learning,eval,7,123,hard,5,5,0.1,0.9,0.0,default,100,9.3,8,1,1,0,0,,
algorithm_q_learning_q_learning_123_8b270c89,algorithm_q_learning,q_learning,eval,8,123,hard,5,5,0.1,0.9,0.0,default,100,9.3,8,1,1,0,0,,
algorithm_q_learning_q_learning_123_8b270c89,algorithm_q_learning,q_learning,eval,9,123,hard,5,5,0.1,0.9,0.0,default,100,9.3,8,1,1,0,0,,
algorithm_q_learning_q_learning_123_8b270c89,algorithm_q_learning,q_learning,eval,10,123,hard,5,5,0.1,0.9,0.0,default,100,9.3,8,1,1,0,0,,
algorithm_q_learning_q_learning_123_8b270c89,algorithm_q_learning,q_learning,eval,1,123,hard,5,5,0.1,0.9,0.0,default,100,9.3,8,1,1,0,0,,
algorithm_q_learning_q_learning_123_8b270c89,algorithm_q_learning,q_learning,eval,2,123,hard,5,5,0.1,0.9,0.0,default,100,9.3,8,1,1,0,0,,
algorithm_q_learning_q_learning_123_8b270c89,algorithm_q_learning,q_learning,eval,3,123,hard,5,5,0.1,0.9,0.0,default,100,9.3,8,1,1,0,0,,
algorithm_q_learning_q_learning_123_8b270c89,algorithm_q_learning,q_learning,eval,4,123,hard,5,5,0.1,0.9,0.0,default,100,9.3,8,1,1,0,0,,
algorithm_q_learning_q_learning_123_8b270c89,algorithm_q_learning,q_learning,eval,5,123,hard,5,5,0.1,0.9,0.0,default,100,9.3,8,1,1,0,0,,
algorithm_q_learning_q_learning_123_8b270c89,algorithm_q_learning,q_learning,eval,6,123,hard,5,5,0.1,0.9,0.0,default,100,9.3,8,1,1,0,0,,
algorithm_q_learning_q_learning_123_8b270c89,algorithm_q_learning,q_learning,eval,7,123,hard,5,5,0.1,0.9,0.0,default,100,9.3,8,1,1,0,0,,
algorithm_q_learning_q_learning_123_8b270c89,algorithm_q_learning,q_learning,eval,8,123,hard,5,5,0.1,0.9,0.0,default,100,9.3,8,1,1,0,0,,
algorithm_q_learning_q_learning_123_8b270c89,algorithm_q_learning,q_learning,eval,9,123,hard,5,5,0.1,0.9,0.0,default,100,9.3,8,1,1,0,0,,
algorithm_q_learning_q_learning_123_8b270c89,algorithm_q_learning,q_learning,eval,10,123,hard,5,5,0.1,0.9,0.0,default,100,9.3,8,1,1,0,0,,
algorithm_q_learning_q_learning_123_8b270c89,algorithm_q_learning,q_learning,eval,1,123,hard,5,5,0.1,0.9,0.0,default,100,9.3,8,1,1,0,0,,
algorithm_q_learning_q_learning_123_8b270c89,algorithm_q_learning,q_learning,eval,2,123,hard,5,5,0.1,0.9,0.0,default,100,9.3,8,1,1,0,0,,
algorithm_q_learning_q_learning_123_8b270c89,algorithm_q_learning,q_learning,eval,3,123,hard,5,5,0.1,0.9,0.0,default,100,9.3,8,1,1,0,0,,
algorithm_q_learning_q_learning_123_8b270c89,algorithm_q_learning,q_learning,eval,4,123,hard,5,5,0.1,0.9,0.0,default,100,9.3,8,1,1,0,0,,
algorithm_q_learning_q_learning_123_8b270c89,algorithm_q_learning,q_learning,eval,5,123,hard,5,5,0.1,0.9,0.0,default,100,9.3,8,1,1,0,0,,
algorithm_q_learning_q_learning_123_8b270c89,algorithm_q_learning,q_learning,eval,6,123,hard,5,5,0.1,0.9,0.0,default,100,9.3,8,1,1,0,0,,
algorithm_q_learning_q_learning_123_8b270c89,algorithm_q_learning,q_learning,eval,7,123,hard,5,5,0.1,0.9,0.0,default,100,9.3,8,1,1,0,0,,
algorithm_q_learning_q_learning_123_8b270c89,algorithm_q_learning,q_learning,eval,8,123,hard,5,5,0.1,0.9,0.0,default,100,9.3,8,1,1,0,0,,
algorithm_q_learning_q_learning_123_8b270c89,algorithm_q_learning,q_learning,eval,9,123,hard,5,5,0.1,0.9,0.0,default,100,9.3,8,1,1,0,0,,
algorithm_q_learning_q_learning_123_8b270c89,algorithm_q_learning,q_learning,eval,10,123,hard,5,5,0.1,0.9,0.0,default,100,9.3,8,1,1,0,0,,
algorithm_q_learning_q_learning_123_8b270c89,algorithm_q_learning,q_learning,eval,1,123,hard,5,5,0.1,0.9,0.0,default,100,9.3,8,1,1,0,0,,
algorithm_q_learning_q_learning_123_8b270c89,algorithm_q_learning,q_learning,eval,2,123,hard,5,5,0.1,0.9,0.0,default,100,9.3,8,1,1,0,0,,
algorithm_q_learning_q_learning_123_8b270c89,algorithm_q_learning,q_learning,eval,3,123,hard,5,5,0.1,0.9,0.0,default,100,9.3,8,1,1,0,0,,
algorithm_q_learning_q_learning_123_8b270c89,algorithm_q_learning,q_learning,eval,4,123,hard,5,5,0.1,0.9,0.0,default,100,9.3,8,1,1,0,0,,
algorithm_q_learning_q_learning_123_8b270c89,algorithm_q_learning,q_learning,eval,5,123,hard,5,5,0.1,0.9,0.0,default,100,9.3,8,1,1,0,0,,
algorithm_q_learning_q_learning_123_8b270c89,algorithm_q_learning,q_learning,eval,6,123,hard,5,5,0.1,0.9,0.0,default,100,9.3,8,1,1,0,0,,
algorithm_q_learning_q_learning_123_8b270c89,algorithm_q_learning,q_learning,eval,7,123,hard,5,5,0.1,0.9,0.0,default,100,9.3,8,1,1,0,0,,
algorithm_q_learning_q_learning_123_8b270c89,algorithm_q_learning,q_learning,eval,8,123,hard,5,5,0.1,0.9,0.0,default,100,9.3,8,1,1,0,0,,
algorithm_q_learning_q_learning_123_8b270c89,algorithm_q_learning,q_learning,eval,9,123,hard,5,5,0.1,0.9,0.0,default,100,9.3,8,1,1,0,0,,
algorithm_q_learning_q_learning_123_8b270c89,algorithm_q_learning,q_learning,eval,10,123,hard,5,5,0.1,0.9,0.0,default,100,9.3,8,1,1,0,0,,
algorithm_q_learning_q_learning_123_8b270c89,algorithm_q_learning,q_learning,eval,1,123,hard,5,5,0.1,0.9,0.0,default,100,9.3,8,1,1,0,0,,
algorithm_q_learning_q_learning_123_8b270c89,algorithm_q_learning,q_learning,eval,2,123,hard,5,5,0.1,0.9,0.0,default,100,9.3,8,1,1,0,0,,
algorithm_q_learning_q_learning_123_8b270c89,algorithm_q_learning,q_learning,eval,3,123,hard,5,5,0.1,0.9,0.0,default,100,9.3,8,1,1,0,0,,
algorithm_q_learning_q_learning_123_8b270c89,algorithm_q_learning,q_learning,eval,4,123,hard,5,5,0.1,0.9,0.0,default,100,9.3,8,1,1,0,0,,
algorithm_q_learning_q_learning_123_8b270c89,algorithm_q_learning,q_learning,eval,5,123,hard,5,5,0.1,0.9,0.0,default,100,9.3,8,1,1,0,0,,
algorithm_q_learning_q_learning_123_8b270c89,algorithm_q_learning,q_learning,eval,6,123,hard,5,5,0.1,0.9,0.0,default,100,9.3,8,1,1,0,0,,
algorithm_q_learning_q_learning_123_8b270c89,algorithm_q_learning,q_learning,eval,7,123,hard,5,5,0.1,0.9,0.0,default,100,9.3,8,1,1,0,0,,
algorithm_q_learning_q_learning_123_8b270c89,algorithm_q_learning,q_learning,eval,8,123,hard,5,5,0.1,0.9,0.0,default,100,9.3,8,1,1,0,0,,
algorithm_q_learning_q_learning_123_8b270c89,algorithm_q_learning,q_learning,eval,9,123,hard,5,5,0.1,0.9,0.0,default,100,9.3,8,1,1,0,0,,
algorithm_q_learning_q_learning_123_8b270c89,algorithm_q_learning,q_learning,eval,10,123,hard,5,5,0.1,0.9,0.0,default,100,9.3,8,1,1,0,0,,
algorithm_q_learning_q_learning_123_8b270c89,algorithm_q_learning,q_learning,eval,1,123,hard,5,5,0.1,0.9,0.0,default,100,9.3,8,1,1,0,0,,
algorithm_q_learning_q_learning_123_8b270c89,algorithm_q_learning,q_learning,eval,2,123,hard,5,5,0.1,0.9,0.0,default,100,9.3,8,1,1,0,0,,
algorithm_q_learning_q_learning_123_8b270c89,algorithm_q_learning,q_learning,eval,3,123,hard,5,5,0.1,0.9,0.0,default,100,9.3,8,1,1,0,0,,
algorithm_q_learning_q_learning_123_8b270c89,algorithm_q_learning,q_learning,eval,4,123,hard,5,5,0.1,0.9,0.0,default,100,9.3,8,1,1,0,0,,
algorithm_q_learning_q_learning_123_8b270c89,algorithm_q_learning,q_learning,eval,5,123,hard,5,5,0.1,0.9,0.0,default,100,9.3,8,1,1,0,0,,
algorithm_q_learning_q_learning_123_8b270c89,algorithm_q_learning,q_learning,eval,6,123,hard,5,5,0.1,0.9,0.0,default,100,9.3,8,1,1,0,0,,
algorithm_q_learning_q_learning_123_8b270c89,algorithm_q_learning,q_learning,eval,7,123,hard,5,5,0.1,0.9,0.0,default,100,9.3,8,1,1,0,0,,
algorithm_q_learning_q_learning_123_8b270c89,algorithm_q_learning,q_learning,eval,8,123,hard,5,5,0.1,0.9,0.0,default,100,9.3,8,1,1,0,0,,
algorithm_q_learning_q_learning_123_8b270c89,algorithm_q_learning,q_learning,eval,9,123,hard,5,5,0.1,0.9,0.0,default,100,9.3,8,1,1,0,0,,
algorithm_q_learning_q_learning_123_8b270c89,algorithm_q_learning,q_learning,eval,10,123,hard,5,5,0.1,0.9,0.0,default,100,9.3,8,1,1,0,0,,
algorithm_q_learning_q_learning_123_8b270c89,algorithm_q_learning,q_learning,eval,1,123,hard,5,5,0.1,0.9,0.0,default,100,9.3,8,1,1,0,0,,
algorithm_q_learning_q_learning_123_8b270c89,algorithm_q_learning,q_learning,eval,2,123,hard,5,5,0.1,0.9,0.0,default,100,9.3,8,1,1,0,0,,
algorithm_q_learning_q_learning_123_8b270c89,algorithm_q_learning,q_learning,eval,3,123,hard,5,5,0.1,0.9,0.0,default,100,9.3,8,1,1,0,0,,
algorithm_q_learning_q_learning_123_8b270c89,algorithm_q_learning,q_learning,eval,4,123,hard,5,5,0.1,0.9,0.0,default,100,9.3,8,1,1,0,0,,
algorithm_q_learning_q_learning_123_8b270c89,algorithm_q_learning,q_learning,eval,5,123,hard,5,5,0.1,0.9,0.0,default,100,9.3,8,1,1,0,0,,
algorithm_q_learning_q_learning_123_8b270c89,algorithm_q_learning,q_learning,eval,6,123,hard,5,5,0.1,0.9,0.0,default,100,9.3,8,1,1,0,0,,
algorithm_q_learning_q_learning_123_8b270c89,algorithm_q_learning,q_learning,eval,7,123,hard,5,5,0.1,0.9,0.0,default,100,9.3,8,1,1,0,0,,
algorithm_q_learning_q_learning_123_8b270c89,algorithm_q_learning,q_learning,eval,8,123,hard,5,5,0.1,0.9,0.0,default,100,9.3,8,1,1,0,0,,
algorithm_q_learning_q_learning_123_8b270c89,algorithm_q_learning,q_learning,eval,9,123,hard,5,5,0.1,0.9,0.0,default,100,9.3,8,1,1,0,0,,
algorithm_q_learning_q_learning_123_8b270c89,algorithm_q_learning,q_learning,eval,10,123,hard,5,5,0.1,0.9,0.0,default,100,9.3,8,1,1,0,0,,
algorithm_q_learning_q_learning_123_8b270c89,algorithm_q_learning,q_learning,eval,1,123,hard,5,5,0.1,0.9,0.0,default,100,9.3,8,1,1,0,0,,
algorithm_q_learning_q_learning_123_8b270c89,algorithm_q_learning,q_learning,eval,2,123,hard,5,5,0.1,0.9,0.0,default,100,9.3,8,1,1,0,0,,
algorithm_q_learning_q_learning_123_8b270c89,algorithm_q_learning,q_learning,eval,3,123,hard,5,5,0.1,0.9,0.0,default,100,9.3,8,1,1,0,0,,
algorithm_q_learning_q_learning_123_8b270c89,algorithm_q_learning,q_learning,eval,4,123,hard,5,5,0.1,0.9,0.0,default,100,9.3,8,1,1,0,0,,
algorithm_q_learning_q_learning_123_8b270c89,algorithm_q_learning,q_learning,eval,5,123,hard,5,5,0.1,0.9,0.0,default,100,9.3,8,1,1,0,0,,
algorithm_q_learning_q_learning_123_8b270c89,algorithm_q_learning,q_learning,eval,6,123,hard,5,5,0.1,0.9,0.0,default,100,9.3,8,1,1,0,0,,
algorithm_q_learning_q_learning_123_8b270c89,algorithm_q_learning,q_learning,eval,7,123,hard,5,5,0.1,0.9,0.0,default,100,9.3,8,1,1,0,0,,
algorithm_q_learning_q_learning_123_8b270c89,algorithm_q_learning,q_learning,eval,8,123,hard,5,5,0.1,0.9,0.0,default,100,9.3,8,1,1,0,0,,
algorithm_q_learning_q_learning_123_8b270c89,algorithm_q_learning,q_learning,eval,9,123,hard,5,5,0.1,0.9,0.0,default,100,9.3,8,1,1,0,0,,
algorithm_q_learning_q_learning_123_8b270c89,algorithm_q_learning,q_learning,eval,10,123,hard,5,5,0.1,0.9,0.0,default,100,9.3,8,1,1,0,0,,
algorithm_q_learning_q_learning_123_8b270c89,algorithm_q_learning,q_learning,eval,1,123,hard,5,5,0.1,0.9,0.0,default,100,9.3,8,1,1,0,0,,
algorithm_q_learning_q_learning_123_8b270c89,algorithm_q_learning,q_learning,eval,2,123,hard,5,5,0.1,0.9,0.0,default,100,9.3,8,1,1,0,0,,
algorithm_q_learning_q_learning_123_8b270c89,algorithm_q_learning,q_learning,eval,3,123,hard,5,5,0.1,0.9,0.0,default,100,9.3,8,1,1,0,0,,
algorithm_q_learning_q_learning_123_8b270c89,algorithm_q_learning,q_learning,eval,4,123,hard,5,5,0.1,0.9,0.0,default,100,9.3,8,1,1,0,0,,
algorithm_q_learning_q_learning_123_8b270c89,algorithm_q_learning,q_learning,eval,5,123,hard,5,5,0.1,0.9,0.0,default,100,9.3,8,1,1,0,0,,
algorithm_q_learning_q_learning_123_8b270c89,algorithm_q_learning,q_learning,eval,6,123,hard,5,5,0.1,0.9,0.0,default,100,9.3,8,1,1,0,0,,
algorithm_q_learning_q_learning_123_8b270c89,algorithm_q_learning,q_learning,eval,7,123,hard,5,5,0.1,0.9,0.0,default,100,9.3,8,1,1,0,0,,
algorithm_q_learning_q_learning_123_8b270c89,algorithm_q_learning,q_learning,eval,8,123,hard,5,5,0.1,0.9,0.0,default,100,9.3,8,1,1,0,0,,
algorithm_q_learning_q_learning_123_8b270c89,algorithm_q_learning,q_learning,eval,9,123,hard,5,5,0.1,0.9,0.0,default,100,9.3,8,1,1,0,0,,
algorithm_q_learning_q_learning_123_8b270c89,algorithm_q_learning,q_learning,eval,10,123,hard,5,5,0.1,0.9,0.0,default,100,9.3,8,1,1,0,0,,
algorithm_q_learning_q_learning_123_8b270c89,algorithm_q_learning,q_learning,eval,1,123,hard,5,5,0.1,0.9,0.0,default,100,9.3,8,1,1,0,0,,
algorithm_q_learning_q_learning_123_8b270c89,algorithm_q_learning,q_learning,eval,2,123,hard,5,5,0.1,0.9,0.0,default,100,9.3,8,1,1,0,0,,
algorithm_q_learning_q_learning_123_8b270c89,algorithm_q_learning,q_learning,eval,3,123,hard,5,5,0.1,0.9,0.0,default,100,9.3,8,1,1,0,0,,
algorithm_q_learning_q_learning_123_8b270c89,algorithm_q_learning,q_learning,eval,4,123,hard,5,5,0.1,0.9,0.0,default,100,9.3,8,1,1,0,0,,
algorithm_q_learning_q_learning_123_8b270c89,algorithm_q_learning,q_learning,eval,5,123,hard,5,5,0.1,0.9,0.0,default,100,9.3,8,1,1,0,0,,
algorithm_q_learning_q_learning_123_8b270c89,algorithm_q_learning,q_learning,eval,6,123,hard,5,5,0.1,0.9,0.0,default,100,9.3,8,1,1,0,0,,
algorithm_q_learning_q_learning_123_8b270c89,algorithm_q_learning,q_learning,eval,7,123,hard,5,5,0.1,0.9,0.0,default,100,9.3,8,1,1,0,0,,
algorithm_q_learning_q_learning_123_8b270c89,algorithm_q_learning,q_learning,eval,8,123,hard,5,5,0.1,0.9,0.0,default,100,9.3,8,1,1,0,0,,
algorithm_q_learning_q_learning_123_8b270c89,algorithm_q_learning,q_learning,eval,9,123,hard,5,5,0.1,0.9,0.0,default,100,9.3,8,1,1,0,0,,
algorithm_q_learning_q_learning_123_8b270c89,algorithm_q_learning,q_learning,eval,10,123,hard,5,5,0.1,0.9,0.0,default,100,9.3,8,1,1,0,0,,
algorithm_q_learning_q_learning_123_8b270c89,algorithm_q_learning,q_learning,eval,1,123,hard,5,5,0.1,0.9,0.0,default,100,9.3,8,1,1,0,0,,
algorithm_q_learning_q_learning_123_8b270c89,algorithm_q_learning,q_learning,eval,2,123,hard,5,5,0.1,0.9,0.0,default,100,9.3,8,1,1,0,0,,
algorithm_q_learning_q_learning_123_8b270c89,algorithm_q_learning,q_learning,eval,3,123,hard,5,5,0.1,0.9,0.0,default,100,9.3,8,1,1,0,0,,
algorithm_q_learning_q_learning_123_8b270c89,algorithm_q_learning,q_learning,eval,4,123,hard,5,5,0.1,0.9,0.0,default,100,9.3,8,1,1,0,0,,
algorithm_q_learning_q_learning_123_8b270c89,algorithm_q_learning,q_learning,eval,5,123,hard,5,5,0.1,0.9,0.0,default,100,9.3,8,1,1,0,0,,
algorithm_q_learning_q_learning_123_8b270c89,algorithm_q_learning,q_learning,eval,6,123,hard,5,5,0.1,0.9,0.0,default,100,9.3,8,1,1,0,0,,
algorithm_q_learning_q_learning_123_8b270c89,algorithm_q_learning,q_learning,eval,7,123,hard,5,5,0.1,0.9,0.0,default,100,9.3,8,1,1,0,0,,
algorithm_q_learning_q_learning_123_8b270c89,algorithm_q_learning,q_learning,eval,8,123,hard,5,5,0.1,0.9,0.0,default,100,9.3,8,1,1,0,0,,
algorithm_q_learning_q_learning_123_8b270c89,algorithm_q_learning,q_learning,eval,9,123,hard,5,5,0.1,0.9,0.0,default,100,9.3,8,1,1,0,0,,
algorithm_q_learning_q_learning_123_8b270c89,algorithm_q_learning,q_learning,eval,10,123,hard,5,5,0.1,0.9,0.0,default,100,9.3,8,1,1,0,0,,
algorithm_q_learning_q_learning_123_8b270c89,algorithm_q_learning,q_learning,eval,1,123,hard,5,5,0.1,0.9,0.0,default,100,9.3,8,1,1,0,0,,
algorithm_q_learning_q_learning_123_8b270c89,algorithm_q_learning,q_learning,eval,2,123,hard,5,5,0.1,0.9,0.0,default,100,9.3,8,1,1,0,0,,
algorithm_q_learning_q_learning_123_8b270c89,algorithm_q_learning,q_learning,eval,3,123,hard,5,5,0.1,0.9,0.0,default,100,9.3,8,1,1,0,0,,
algorithm_q_learning_q_learning_123_8b270c89,algorithm_q_learning,q_learning,eval,4,123,hard,5,5,0.1,0.9,0.0,default,100,9.3,8,1,1,0,0,,
algorithm_q_learning_q_learning_123_8b270c89,algorithm_q_learning,q_learning,eval,5,123,hard,5,5,0.1,0.9,0.0,default,100,9.3,8,1,1,0,0,,
algorithm_q_learning_q_learning_123_8b270c89,algorithm_q_learning,q_learning,eval,6,123,hard,5,5,0.1,0.9,0.0,default,100,9.3,8,1,1,0,0,,
algorithm_q_learning_q_learning_123_8b270c89,algorithm_q_learning,q_learning,eval,7,123,hard,5,5,0.1,0.9,0.0,default,100,9.3,8,1,1,0,0,,
algorithm_q_learning_q_learning_123_8b270c89,algorithm_q_learning,q_learning,eval,8,123,hard,5,5,0.1,0.9,0.0,default,100,9.3,8,1,1,0,0,,
algorithm_q_learning_q_learning_123_8b270c89,algorithm_q_learning,q_learning,eval,9,123,hard,5,5,0.1,0.9,0.0,default,100,9.3,8,1,1,0,0,,
algorithm_q_learning_q_learning_123_8b270c89,algorithm_q_learning,q_learning,eval,10,123,hard,5,5,0.1,0.9,0.0,default,100,9.3,8,1,1,0,0,,
algorithm_q_learning_q_learning_123_8b270c89,algorithm_q_learning,q_learning,eval,1,123,hard,5,5,0.1,0.9,0.0,default,100,9.3,8,1,1,0,0,,
algorithm_q_learning_q_learning_123_8b270c89,algorithm_q_learning,q_learning,eval,2,123,hard,5,5,0.1,0.9,0.0,default,100,9.3,8,1,1,0,0,,
algorithm_q_learning_q_learning_123_8b270c89,algorithm_q_learning,q_learning,eval,3,123,hard,5,5,0.1,0.9,0.0,default,100,9.3,8,1,1,0,0,,
algorithm_q_learning_q_learning_123_8b270c89,algorithm_q_learning,q_learning,eval,4,123,hard,5,5,0.1,0.9,0.0,default,100,9.3,8,1,1,0,0,,
algorithm_q_learning_q_learning_123_8b270c89,algorithm_q_learning,q_learning,eval,5,123,hard,5,5,0.1,0.9,0.0,default,100,9.3,8,1,1,0,0,,
algorithm_q_learning_q_learning_123_8b270c89,algorithm_q_learning,q_learning,eval,6,123,hard,5,5,0.1,0.9,0.0,default,100,9.3,8,1,1,0,0,,
algorithm_q_learning_q_learning_123_8b270c89,algorithm_q_learning,q_learning,eval,7,123,hard,5,5,0.1,0.9,0.0,default,100,9.3,8,1,1,0,0,,
algorithm_q_learning_q_learning_123_8b270c89,algorithm_q_learning,q_learning,eval,8,123,hard,5,5,0.1,0.9,0.0,default,100,9.3,8,1,1,0,0,,
algorithm_q_learning_q_learning_123_8b270c89,algorithm_q_learning,q_learning,eval,9,123,hard,5,5,0.1,0.9,0.0,default,100,9.3,8,1,1,0,0,,
algorithm_q_learning_q_learning_123_8b270c89,algorithm_q_learning,q_learning,eval,10,123,hard,5,5,0.1,0.9,0.0,default,100,9.3,8,1,1,0,0,,
