run_id,exp_name,phase,episode,seed,map_name,rows,cols,alpha,gamma,epsilon,reward_setting,max_steps,total_reward,steps,success,terminated,truncated,hit_trap,elapsed_sec,qtable_path
eps_slow_123_adce2157,eps_slow,train,1,123,easy,5,5,0.1,0.95,0.999,default,100,-40.0,31,0,1,0,1,0.002700799988815561,
eps_slow_123_adce2157,eps_slow,train,2,123,easy,5,5,0.1,0.95,0.998001,default,100,-25.0,16,0,1,0,1,0.0012761999969370663,
eps_slow_123_adce2157,eps_slow,train,3,123,easy,5,5,0.1,0.95,0.997002999,default,100,-48.0,39,0,1,0,1,0.0028257999947527424,
eps_slow_123_adce2157,eps_slow,train,4,123,easy,5,5,0.1,0.95,0.996005996001,default,100,-68.0,59,0,1,0,1,0.004200199997285381,
eps_slow_123_adce2157,eps_slow,train,5,123,easy,5,5,0.1,0.95,0.995009990004999,default,100,-100.0,100,0,0,1,0,0.00703320000320673,
eps_slow_123_adce2157,eps_slow,train,6,123,easy,5,5,0.1,0.95,0.994014980014994,default,100,-35.0,46,1,1,0,0,0.0032949000014923513,
eps_slow_123_adce2157,eps_slow,train,7,123,easy,5,5,0.1,0.95,0.993020965034979,default,100,-85.0,76,0,1,0,1,0.005374700005631894,
eps_slow_123_adce2157,eps_slow,train,8,123,easy,5,5,0.1,0.95,0.9920279440699441,default,100,-61.0,72,1,1,0,0,0.005092499995953403,
eps_slow_123_adce2157,eps_slow,train,9,123,easy,5,5,0.1,0.95,0.9910359161258742,default,100,-6.0,17,1,1,0,0,0.0012805999867850915,
eps_slow_123_adce2157,eps_slow,train,10,123,easy,5,5,0.1,0.95,0.9900448802097482,default,100,-24.0,35,1,1,0,0,0.0025132000009762123,
eps_slow_123_adce2157,eps_slow,train,11,123,easy,5,5,0.1,0.95,0.9890548353295385,default,100,-21.0,12,0,1,0,1,0.000937399992835708,
eps_slow_123_adce2157,eps_slow,train,12,123,easy,5,5,0.1,0.95,0.988065780494209,default,100,-15.0,6,0,1,0,1,0.0005339999916031957,
eps_slow_123_adce2157,eps_slow,train,13,123,easy,5,5,0.1,0.95,0.9870777147137147,default,100,-55.0,46,0,1,0,1,0.0037785000022267923,
eps_slow_123_adce2157,eps_slow,train,14,123,easy,5,5,0.1,0.95,0.986090636999001,default,100,-19.0,10,0,1,0,1,0.0008441999962087721,
eps_slow_123_adce2157,eps_slow,train,15,123,easy,5,5,0.1,0.95,0.9851045463620021,default,100,-37.0,28,0,1,0,1,0.0020714999991469085,
eps_slow_123_adce2157,eps_slow,train,16,123,easy,5,5,0.1,0.95,0.98411944181564,default,100,-35.0,26,0,1,0,1,0.001930099999299273,
eps_slow_123_adce2157,eps_slow,train,17,123,easy,5,5,0.1,0.95,0.9831353223738244,default,100,-87.0,78,0,1,0,1,0.005846899992320687,
eps_slow_123_adce2157,eps_slow,train,18,123,easy,5,5,0.1,0.95,0.9821521870514506,default,100,-31.0,22,0,1,0,1,0.0016854999994393438,
eps_slow_123_adce2157,eps_slow,train,19,123,easy,5,5,0.1,0.95,0.9811700348643991,default,100,-70.0,61,0,1,0,1,0.004492199994274415,
eps_slow_123_adce2157,eps_slow,train,20,123,easy,5,5,0.1,0.95,0.9801888648295347,default,100,-40.0,51,1,1,0,0,0.003817500008153729,
eps_slow_123_adce2157,eps_slow,train,21,123,easy,5,5,0.1,0.95,0.9792086759647052,default,100,-100.0,100,0,0,1,0,0.007380299997748807,
eps_slow_123_adce2157,eps_slow,train,22,123,easy,5,5,0.1,0.95,0.9782294672887405,default,100,-25.0,16,0,1,0,1,0.0012624999944819137,
eps_slow_123_adce2157,eps_slow,train,23,123,easy,5,5,0.1,0.95,0.9772512378214517,default,100,-58.0,69,1,1,0,0,0.00512489999528043,
eps_slow_123_adce2157,eps_slow,train,24,123,easy,5,5,0.1,0.95,0.9762739865836303,default,100,-34.0,25,0,1,0,1,0.0018951999954879284,
eps_slow_123_adce2157,eps_slow,train,25,123,easy,5,5,0.1,0.95,0.9752977125970467,default,100,-100.0,100,0,0,1,0,0.0074243999988539144,
eps_slow_123_adce2157,eps_slow,train,26,123,easy,5,5,0.1,0.95,0.9743224148844496,default,100,-6.0,17,1,1,0,0,0.0014131999923847616,
eps_slow_123_adce2157,eps_slow,train,27,123,easy,5,5,0.1,0.95,0.9733480924695651,default,100,-50.0,41,0,1,0,1,0.0030986999918241054,
eps_slow_123_adce2157,eps_slow,train,28,123,easy,5,5,0.1,0.95,0.9723747443770956,default,100,-51.0,42,0,1,0,1,0.0030790000018896535,
eps_slow_123_adce2157,eps_slow,train,29,123,easy,5,5,0.1,0.95,0.9714023696327185,default,100,-33.0,24,0,1,0,1,0.0018178999889642,
eps_slow_123_adce2157,eps_slow,train,30,123,easy,5,5,0.1,0.95,0.9704309672630859,default,100,-55.0,66,1,1,0,0,0.00512410000374075,
eps_slow_123_adce2157,eps_slow,train,31,123,easy,5,5,0.1,0.95,0.9694605362958227,default,100,-57.0,68,1,1,0,0,0.00498860000516288,
eps_slow_123_adce2157,eps_slow,train,32,123,easy,5,5,0.1,0.95,0.9684910757595269,default,100,-17.0,8,0,1,0,1,0.0006907999922987074,
eps_slow_123_adce2157,eps_slow,train,33,123,easy,5,5,0.1,0.95,0.9675225846837673,default,100,-33.0,24,0,1,0,1,0.001796299999114126,
eps_slow_123_adce2157,eps_slow,train,34,123,easy,5,5,0.1,0.95,0.9665550620990835,default,100,-6.0,17,1,1,0,0,0.0014380999928107485,
eps_slow_123_adce2157,eps_slow,train,35,123,easy,5,5,0.1,0.95,0.9655885070369844,default,100,-82.0,73,0,1,0,1,0.005332600005203858,
eps_slow_123_adce2157,eps_slow,train,36,123,easy,5,5,0.1,0.95,0.9646229185299474,default,100,-37.0,28,0,1,0,1,0.0022486999951070175,
eps_slow_123_adce2157,eps_slow,train,37,123,easy,5,5,0.1,0.95,0.9636582956114175,default,100,-87.0,78,0,1,0,1,0.005816600008984096,
eps_slow_123_adce2157,eps_slow,train,38,123,easy,5,5,0.1,0.95,0.9626946373158061,default,100,-96.0,87,0,1,0,1,0.006676000004517846,
eps_slow_123_adce2157,eps_slow,train,39,123,easy,5,5,0.1,0.95,0.9617319426784903,default,100,-28.0,19,0,1,0,1,0.0014667999930679798,
eps_slow_123_adce2157,eps_slow,train,40,123,easy,5,5,0.1,0.95,0.9607702107358118,default,100,-23.0,14,0,1,0,1,0.0011584000021684915,
eps_slow_123_adce2157,eps_slow,train,41,123,easy,5,5,0.1,0.95,0.959809440525076,default,100,-99.0,90,0,1,0,1,0.006686499997158535,
eps_slow_123_adce2157,eps_slow,train,42,123,easy,5,5,0.1,0.95,0.9588496310845509,default,100,-74.0,65,0,1,0,1,0.0050217000098200515,
eps_slow_123_adce2157,eps_slow,train,43,123,easy,5,5,0.1,0.95,0.9578907814534664,default,100,-51.0,42,0,1,0,1,0.0031109999981708825,
eps_slow_123_adce2157,eps_slow,train,44,123,easy,5,5,0.1,0.95,0.9569328906720129,default,100,-59.0,50,0,1,0,1,0.003863699996145442,
eps_slow_123_adce2157,eps_slow,train,45,123,easy,5,5,0.1,0.95,0.9559759577813409,default,100,-3.0,14,1,1,0,0,0.0012784999998984858,
eps_slow_123_adce2157,eps_slow,train,46,123,easy,5,5,0.1,0.95,0.9550199818235596,default,100,-41.0,32,0,1,0,1,0.0024064999888651073,
eps_slow_123_adce2157,eps_slow,train,47,123,easy,5,5,0.1,0.95,0.9540649618417361,default,100,-53.0,44,0,1,0,1,0.0034204999974463135,
eps_slow_123_adce2157,eps_slow,train,48,123,easy,5,5,0.1,0.95,0.9531108968798944,default,100,-31.0,22,0,1,0,1,0.0016819000011309981,
eps_slow_123_adce2157,eps_slow,train,49,123,easy,5,5,0.1,0.95,0.9521577859830145,default,100,-20.0,31,1,1,0,0,0.0023643999884370714,
eps_slow_123_adce2157,eps_slow,train,50,123,easy,5,5,0.1,0.95,0.9512056281970315,default,100,-42.0,33,0,1,0,1,0.00264100001368206,
eps_slow_123_adce2157,eps_slow,train,51,123,easy,5,5,0.1,0.95,0.9502544225688344,default,100,-57.0,48,0,1,0,1,0.003646700002718717,
eps_slow_123_adce2157,eps_slow,train,52,123,easy,5,5,0.1,0.95,0.9493041681462656,default,100,-34.0,25,0,1,0,1,0.001959000001079403,
eps_slow_123_adce2157,eps_slow,train,53,123,easy,5,5,0.1,0.95,0.9483548639781193,default,100,-53.0,44,0,1,0,1,0.003308100000140257,
eps_slow_123_adce2157,eps_slow,train,54,123,easy,5,5,0.1,0.95,0.9474065091141411,default,100,-42.0,33,0,1,0,1,0.0025722000136738643,
eps_slow_123_adce2157,eps_slow,train,55,123,easy,5,5,0.1,0.95,0.946459102605027,default,100,-28.0,39,1,1,0,0,0.003113699989626184,
eps_slow_123_adce2157,eps_slow,train,56,123,easy,5,5,0.1,0.95,0.9455126435024219,default,100,-59.0,70,1,1,0,0,0.0053589000017382205,
eps_slow_123_adce2157,eps_slow,train,57,123,easy,5,5,0.1,0.95,0.9445671308589195,default,100,-9.0,20,1,1,0,0,0.0016304000018863007,
eps_slow_123_adce2157,eps_slow,train,58,123,easy,5,5,0.1,0.95,0.9436225637280606,default,100,-65.0,56,0,1,0,1,0.00416409999888856,
eps_slow_123_adce2157,eps_slow,train,59,123,easy,5,5,0.1,0.95,0.9426789411643326,default,100,-47.0,38,0,1,0,1,0.002957000004244037,
eps_slow_123_adce2157,eps_slow,train,60,123,easy,5,5,0.1,0.95,0.9417362622231683,default,100,-29.0,20,0,1,0,1,0.0015985999925760552,
eps_slow_123_adce2157,eps_slow,train,61,123,easy,5,5,0.1,0.95,0.9407945259609451,default,100,-35.0,46,1,1,0,0,0.003608300001360476,
eps_slow_123_adce2157,eps_slow,train,62,123,easy,5,5,0.1,0.95,0.9398537314349842,default,100,-18.0,9,0,1,0,1,0.0007605999999213964,
eps_slow_123_adce2157,eps_slow,train,63,123,easy,5,5,0.1,0.95,0.9389138777035492,default,100,-59.0,50,0,1,0,1,0.003788300004089251,
eps_slow_123_adce2157,eps_slow,train,64,123,easy,5,5,0.1,0.95,0.9379749638258457,default,100,-54.0,65,1,1,0,0,0.004978500001016073,
eps_slow_123_adce2157,eps_slow,train,65,123,easy,5,5,0.1,0.95,0.9370369888620198,default,100,-26.0,37,1,1,0,0,0.0029378000035649166,
eps_slow_123_adce2157,eps_slow,train,66,123,easy,5,5,0.1,0.95,0.9360999518731578,default,100,-90.0,81,0,1,0,1,0.00605159999395255,
eps_slow_123_adce2157,eps_slow,train,67,123,easy,5,5,0.1,0.95,0.9351638519212846,default,100,-81.0,72,0,1,0,1,0.005309799991664477,
eps_slow_123_adce2157,eps_slow,train,68,123,easy,5,5,0.1,0.95,0.9342286880693633,default,100,-100.0,100,0,0,1,0,0.007358100003330037,
eps_slow_123_adce2157,eps_slow,train,69,123,easy,5,5,0.1,0.95,0.933294459381294,default,100,-23.0,14,0,1,0,1,0.0011220000014873222,
eps_slow_123_adce2157,eps_slow,train,70,123,easy,5,5,0.1,0.95,0.9323611649219127,default,100,-32.0,23,0,1,0,1,0.0017410000000381842,
eps_slow_123_adce2157,eps_slow,train,71,123,easy,5,5,0.1,0.95,0.9314288037569908,default,100,-20.0,11,0,1,0,1,0.0010034999868366867,
eps_slow_123_adce2157,eps_slow,train,72,123,easy,5,5,0.1,0.95,0.9304973749532338,default,100,-49.0,40,0,1,0,1,0.0030297999910544604,
eps_slow_123_adce2157,eps_slow,train,73,123,easy,5,5,0.1,0.95,0.9295668775782806,default,100,-22.0,13,0,1,0,1,0.0010339000000385568,
eps_slow_123_adce2157,eps_slow,train,74,123,easy,5,5,0.1,0.95,0.9286373107007023,default,100,-18.0,9,0,1,0,1,0.0007470999989891425,
eps_slow_123_adce2157,eps_slow,train,75,123,easy,5,5,0.1,0.95,0.9277086733900016,default,100,-60.0,71,1,1,0,0,0.005269000001135282,
eps_slow_123_adce2157,eps_slow,train,76,123,easy,5,5,0.1,0.95,0.9267809647166116,default,100,-7.0,18,1,1,0,0,0.0015835000085644424,
eps_slow_123_adce2157,eps_slow,train,77,123,easy,5,5,0.1,0.95,0.925854183751895,default,100,-10.0,21,1,1,0,0,0.0017473999905632809,
eps_slow_123_adce2157,eps_slow,train,78,123,easy,5,5,0.1,0.95,0.9249283295681431,default,100,-47.0,58,1,1,0,0,0.004519800000707619,
eps_slow_123_adce2157,eps_slow,train,79,123,easy,5,5,0.1,0.95,0.9240034012385749,default,100,-32.0,23,0,1,0,1,0.0018208000110462308,
eps_slow_123_adce2157,eps_slow,train,80,123,easy,5,5,0.1,0.95,0.9230793978373364,default,100,-50.0,41,0,1,0,1,0.0031993000011425465,
eps_slow_123_adce2157,eps_slow,train,81,123,easy,5,5,0.1,0.95,0.9221563184394991,default,100,-31.0,42,1,1,0,0,0.003380300011485815,
eps_slow_123_adce2157,eps_slow,train,82,123,easy,5,5,0.1,0.95,0.9212341621210596,default,100,-12.0,23,1,1,0,0,0.0018186999950557947,
eps_slow_123_adce2157,eps_slow,train,83,123,easy,5,5,0.1,0.95,0.9203129279589385,default,100,-25.0,36,1,1,0,0,0.002867899995180778,
eps_slow_123_adce2157,eps_slow,train,84,123,easy,5,5,0.1,0.95,0.9193926150309796,default,100,-46.0,37,0,1,0,1,0.002955200005089864,
eps_slow_123_adce2157,eps_slow,train,85,123,easy,5,5,0.1,0.95,0.9184732224159486,default,100,-100.0,100,0,0,1,0,0.007665400000405498,
eps_slow_123_adce2157,eps_slow,train,86,123,easy,5,5,0.1,0.95,0.9175547491935327,default,100,-30.0,21,0,1,0,1,0.0016210000030696392,
eps_slow_123_adce2157,eps_slow,train,87,123,easy,5,5,0.1,0.95,0.9166371944443392,default,100,-18.0,9,0,1,0,1,0.0008731999987503514,
eps_slow_123_adce2157,eps_slow,train,88,123,easy,5,5,0.1,0.95,0.9157205572498949,default,100,-58.0,69,1,1,0,0,0.005299299999023788,
eps_slow_123_adce2157,eps_slow,train,89,123,easy,5,5,0.1,0.95,0.914804836692645,default,100,-100.0,100,0,0,1,0,0.007571599999209866,
eps_slow_123_adce2157,eps_slow,train,90,123,easy,5,5,0.1,0.95,0.9138900318559524,default,100,-8.0,19,1,1,0,0,0.0016385999915655702,
eps_slow_123_adce2157,eps_slow,train,91,123,easy,5,5,0.1,0.95,0.9129761418240965,default,100,-40.0,31,0,1,0,1,0.0023347000096691772,
eps_slow_123_adce2157,eps_slow,train,92,123,easy,5,5,0.1,0.95,0.9120631656822724,default,100,-23.0,14,0,1,0,1,0.0012817999959224835,
eps_slow_123_adce2157,eps_slow,train,93,123,easy,5,5,0.1,0.95,0.9111511025165902,default,100,-42.0,33,0,1,0,1,0.0026584000006550923,
eps_slow_123_adce2157,eps_slow,train,94,123,easy,5,5,0.1,0.95,0.9102399514140735,default,100,-35.0,26,0,1,0,1,0.0020890000014333054,
eps_slow_123_adce2157,eps_slow,train,95,123,easy,5,5,0.1,0.95,0.9093297114626595,default,100,-21.0,12,0,1,0,1,0.0009637000039219856,
eps_slow_123_adce2157,eps_slow,train,96,123,easy,5,5,0.1,0.95,0.9084203817511969,default,100,-27.0,18,0,1,0,1,0.0015165000077104196,
eps_slow_123_adce2157,eps_slow,train,97,123,easy,5,5,0.1,0.95,0.9075119613694457,default,100,-44.0,35,0,1,0,1,0.002798599991365336,
eps_slow_123_adce2157,eps_slow,train,98,123,easy,5,5,0.1,0.95,0.9066044494080763,default,100,-32.0,23,0,1,0,1,0.0019666000007418916,
eps_slow_123_adce2157,eps_slow,train,99,123,easy,5,5,0.1,0.95,0.9056978449586682,default,100,-7.0,18,1,1,0,0,0.0014009000005898997,
eps_slow_123_adce2157,eps_slow,train,100,123,easy,5,5,0.1,0.95,0.9047921471137096,default,100,-22.0,13,0,1,0,1,0.0011186999909114093,
eps_slow_123_adce2157,eps_slow,train,101,123,easy,5,5,0.1,0.95,0.9038873549665959,default,100,-16.0,7,0,1,0,1,0.0007670999912079424,
eps_slow_123_adce2157,eps_slow,train,102,123,easy,5,5,0.1,0.95,0.9029834676116293,default,100,-4.0,15,1,1,0,0,0.0014026999997440726,
eps_slow_123_adce2157,eps_slow,train,103,123,easy,5,5,0.1,0.95,0.9020804841440176,default,100,-65.0,56,0,1,0,1,0.004290900003979914,
eps_slow_123_adce2157,eps_slow,train,104,123,easy,5,5,0.1,0.95,0.9011784036598737,default,100,-96.0,87,0,1,0,1,0.006643400003667921,
eps_slow_123_adce2157,eps_slow,train,105,123,easy,5,5,0.1,0.95,0.9002772252562138,default,100,-33.0,24,0,1,0,1,0.0018965000053867698,
eps_slow_123_adce2157,eps_slow,train,106,123,easy,5,5,0.1,0.95,0.8993769480309576,default,100,-39.0,30,0,1,0,1,0.002454000001307577,
eps_slow_123_adce2157,eps_slow,train,107,123,easy,5,5,0.1,0.95,0.8984775710829266,default,100,-10.0,21,1,1,0,0,0.0016164000116987154,
eps_slow_123_adce2157,eps_slow,train,108,123,easy,5,5,0.1,0.95,0.8975790935118436,default,100,-6.0,17,1,1,0,0,0.0013879000034648925,
eps_slow_123_adce2157,eps_slow,train,109,123,easy,5,5,0.1,0.95,0.8966815144183318,default,100,-48.0,59,1,1,0,0,0.004726600003778003,
eps_slow_123_adce2157,eps_slow,train,110,123,easy,5,5,0.1,0.95,0.8957848329039134,default,100,-41.0,52,1,1,0,0,0.004041199994389899,
eps_slow_123_adce2157,eps_slow,train,111,123,easy,5,5,0.1,0.95,0.8948890480710096,default,100,-36.0,27,0,1,0,1,0.0020988000032957643,
eps_slow_123_adce2157,eps_slow,train,112,123,easy,5,5,0.1,0.95,0.8939941590229386,default,100,0.0,11,1,1,0,0,0.0009775999933481216,
eps_slow_123_adce2157,eps_slow,train,113,123,easy,5,5,0.1,0.95,0.8931001648639156,default,100,-14.0,25,1,1,0,0,0.0021157000010134652,
eps_slow_123_adce2157,eps_slow,train,114,123,easy,5,5,0.1,0.95,0.8922070646990518,default,100,-43.0,54,1,1,0,0,0.004270400007953867,
eps_slow_123_adce2157,eps_slow,train,115,123,easy,5,5,0.1,0.95,0.8913148576343527,default,100,-15.0,26,1,1,0,0,0.0021281999943312258,
eps_slow_123_adce2157,eps_slow,train,116,123,easy,5,5,0.1,0.95,0.8904235427767183,default,100,-44.0,35,0,1,0,1,0.002722000004723668,
eps_slow_123_adce2157,eps_slow,train,117,123,easy,5,5,0.1,0.95,0.8895331192339416,default,100,-62.0,73,1,1,0,0,0.005746199996792711,
eps_slow_123_adce2157,eps_slow,train,118,123,easy,5,5,0.1,0.95,0.8886435861147077,default,100,-35.0,26,0,1,0,1,0.002026100002694875,
eps_slow_123_adce2157,eps_slow,train,119,123,easy,5,5,0.1,0.95,0.887754942528593,default,100,-21.0,12,0,1,0,1,0.0010246000019833446,
eps_slow_123_adce2157,eps_slow,train,120,123,easy,5,5,0.1,0.95,0.8868671875860644,default,100,-67.0,58,0,1,0,1,0.004714800001238473,
eps_slow_123_adce2157,eps_slow,train,121,123,easy,5,5,0.1,0.95,0.8859803203984784,default,100,-19.0,10,0,1,0,1,0.0009146000084001571,
eps_slow_123_adce2157,eps_slow,train,122,123,easy,5,5,0.1,0.95,0.88509434007808,default,100,-18.0,9,0,1,0,1,0.0007520000071963295,
eps_slow_123_adce2157,eps_slow,train,123,123,easy,5,5,0.1,0.95,0.8842092457380019,default,100,-14.0,25,1,1,0,0,0.002106499989167787,
eps_slow_123_adce2157,eps_slow,train,124,123,easy,5,5,0.1,0.95,0.8833250364922639,default,100,-36.0,27,0,1,0,1,0.002114400005666539,
eps_slow_123_adce2157,eps_slow,train,125,123,easy,5,5,0.1,0.95,0.8824417114557717,default,100,-36.0,27,0,1,0,1,0.00215349999780301,
eps_slow_123_adce2157,eps_slow,train,126,123,easy,5,5,0.1,0.95,0.8815592697443159,default,100,-38.0,49,1,1,0,0,0.003941700007999316,
eps_slow_123_adce2157,eps_slow,train,127,123,easy,5,5,0.1,0.95,0.8806777104745716,default,100,-29.0,40,1,1,0,0,0.0032795000006444752,
eps_slow_123_adce2157,eps_slow,train,128,123,easy,5,5,0.1,0.95,0.8797970327640969,default,100,-27.0,38,1,1,0,0,0.0030002999992575496,
eps_slow_123_adce2157,eps_slow,train,129,123,easy,5,5,0.1,0.95,0.8789172357313328,default,100,-100.0,100,0,0,1,0,0.007740900007775053,
eps_slow_123_adce2157,eps_slow,train,130,123,easy,5,5,0.1,0.95,0.8780383184956015,default,100,-22.0,13,0,1,0,1,0.001041300012730062,
eps_slow_123_adce2157,eps_slow,train,131,123,easy,5,5,0.1,0.95,0.8771602801771059,default,100,-3.0,14,1,1,0,0,0.0012264999968465418,
eps_slow_123_adce2157,eps_slow,train,132,123,easy,5,5,0.1,0.95,0.8762831198969288,default,100,-16.0,27,1,1,0,0,0.002102700003888458,
eps_slow_123_adce2157,eps_slow,train,133,123,easy,5,5,0.1,0.95,0.8754068367770318,default,100,-62.0,53,0,1,0,1,0.004194699999061413,
eps_slow_123_adce2157,eps_slow,train,134,123,easy,5,5,0.1,0.95,0.8745314299402548,default,100,-47.0,58,1,1,0,0,0.004648100002668798,
eps_slow_123_adce2157,eps_slow,train,135,123,easy,5,5,0.1,0.95,0.8736568985103146,default,100,-33.0,44,1,1,0,0,0.0034260999964317307,
eps_slow_123_adce2157,eps_slow,train,136,123,easy,5,5,0.1,0.95,0.8727832416118043,default,100,-84.0,95,1,1,0,0,0.007347200007643551,
eps_slow_123_adce2157,eps_slow,train,137,123,easy,5,5,0.1,0.95,0.8719104583701925,default,100,-33.0,24,0,1,0,1,0.0018878999981097877,
eps_slow_123_adce2157,eps_slow,train,138,123,easy,5,5,0.1,0.95,0.8710385479118223,default,100,-19.0,30,1,1,0,0,0.002398299999185838,
eps_slow_123_adce2157,eps_slow,train,139,123,easy,5,5,0.1,0.95,0.8701675093639105,default,100,-55.0,46,0,1,0,1,0.0035917999921366572,
eps_slow_123_adce2157,eps_slow,train,140,123,easy,5,5,0.1,0.95,0.8692973418545467,default,100,2.0,9,1,1,0,0,0.0008338000043295324,
eps_slow_123_adce2157,eps_slow,train,141,123,easy,5,5,0.1,0.95,0.8684280445126921,default,100,-33.0,44,1,1,0,0,0.003704599992488511,
eps_slow_123_adce2157,eps_slow,train,142,123,easy,5,5,0.1,0.95,0.8675596164681794,default,100,-3.0,14,1,1,0,0,0.001276099996175617,
eps_slow_123_adce2157,eps_slow,train,143,123,easy,5,5,0.1,0.95,0.8666920568517111,default,100,-61.0,72,1,1,0,0,0.005795000004582107,
eps_slow_123_adce2157,eps_slow,train,144,123,easy,5,5,0.1,0.95,0.8658253647948594,default,100,-15.0,6,0,1,0,1,0.0005573999951593578,
eps_slow_123_adce2157,eps_slow,train,145,123,easy,5,5,0.1,0.95,0.8649595394300645,default,100,-33.0,24,0,1,0,1,0.0019228000019211322,
eps_slow_123_adce2157,eps_slow,train,146,123,easy,5,5,0.1,0.95,0.8640945798906344,default,100,-9.0,20,1,1,0,0,0.0017319000035058707,
eps_slow_123_adce2157,eps_slow,train,147,123,easy,5,5,0.1,0.95,0.8632304853107438,default,100,-52.0,63,1,1,0,0,0.00498410000000149,
eps_slow_123_adce2157,eps_slow,train,148,123,easy,5,5,0.1,0.95,0.862367254825433,default,100,-28.0,39,1,1,0,0,0.0031106999958865345,
eps_slow_123_adce2157,eps_slow,train,149,123,easy,5,5,0.1,0.95,0.8615048875706075,default,100,-12.0,23,1,1,0,0,0.0020157999970251694,
eps_slow_123_adce2157,eps_slow,train,150,123,easy,5,5,0.1,0.95,0.8606433826830369,default,100,-16.0,27,1,1,0,0,0.002166399994166568,
eps_slow_123_adce2157,eps_slow,train,151,123,easy,5,5,0.1,0.95,0.8597827393003539,default,100,-79.0,70,0,1,0,1,0.005401500005973503,
eps_slow_123_adce2157,eps_slow,train,152,123,easy,5,5,0.1,0.95,0.8589229565610536,default,100,-25.0,16,0,1,0,1,0.0013333999959286302,
eps_slow_123_adce2157,eps_slow,train,153,123,easy,5,5,0.1,0.95,0.8580640336044925,default,100,-45.0,36,0,1,0,1,0.002864399997633882,
eps_slow_123_adce2157,eps_slow,train,154,123,easy,5,5,0.1,0.95,0.857205969570888,default,100,-38.0,49,1,1,0,0,0.004090300004463643,
eps_slow_123_adce2157,eps_slow,train,155,123,easy,5,5,0.1,0.95,0.8563487636013172,default,100,-38.0,29,0,1,0,1,0.002442299999529496,
eps_slow_123_adce2157,eps_slow,train,156,123,easy,5,5,0.1,0.95,0.8554924148377159,default,100,-35.0,46,1,1,0,0,0.0038385000079870224,
eps_slow_123_adce2157,eps_slow,train,157,123,easy,5,5,0.1,0.95,0.8546369224228781,default,100,-39.0,50,1,1,0,0,0.004234699998050928,
eps_slow_123_adce2157,eps_slow,train,158,123,easy,5,5,0.1,0.95,0.8537822855004553,default,100,-20.0,11,0,1,0,1,0.0009608999971533194,
eps_slow_123_adce2157,eps_slow,train,159,123,easy,5,5,0.1,0.95,0.8529285032149548,default,100,-39.0,50,1,1,0,0,0.004005099995993078,
eps_slow_123_adce2157,eps_slow,train,160,123,easy,5,5,0.1,0.95,0.8520755747117399,default,100,-29.0,20,0,1,0,1,0.001664900002651848,
eps_slow_123_adce2157,eps_slow,train,161,123,easy,5,5,0.1,0.95,0.8512234991370281,default,100,-30.0,41,1,1,0,0,0.0035629999911179766,
eps_slow_123_adce2157,eps_slow,train,162,123,easy,5,5,0.1,0.95,0.8503722756378911,default,100,-13.0,24,1,1,0,0,0.0019988999993074685,
eps_slow_123_adce2157,eps_slow,train,163,123,easy,5,5,0.1,0.95,0.8495219033622532,default,100,-22.0,13,0,1,0,1,0.0012549999955808744,
eps_slow_123_adce2157,eps_slow,train,164,123,easy,5,5,0.1,0.95,0.8486723814588909,default,100,-28.0,19,0,1,0,1,0.0014780999918002635,
eps_slow_123_adce2157,eps_slow,train,165,123,easy,5,5,0.1,0.95,0.847823709077432,default,100,-32.0,43,1,1,0,0,0.0036866000009467825,
eps_slow_123_adce2157,eps_slow,train,166,123,easy,5,5,0.1,0.95,0.8469758853683546,default,100,-43.0,34,0,1,0,1,0.0029823000077158213,
eps_slow_123_adce2157,eps_slow,train,167,123,easy,5,5,0.1,0.95,0.8461289094829862,default,100,-42.0,33,0,1,0,1,0.002710000000661239,
eps_slow_123_adce2157,eps_slow,train,168,123,easy,5,5,0.1,0.95,0.8452827805735033,default,100,-33.0,44,1,1,0,0,0.003611099993577227,
eps_slow_123_adce2157,eps_slow,train,169,123,easy,5,5,0.1,0.95,0.8444374977929298,default,100,-22.0,13,0,1,0,1,0.0011656999995466322,
eps_slow_123_adce2157,eps_slow,train,170,123,easy,5,5,0.1,0.95,0.8435930602951368,default,100,-34.0,45,1,1,0,0,0.003671600003144704,
eps_slow_123_adce2157,eps_slow,train,171,123,easy,5,5,0.1,0.95,0.8427494672348417,default,100,-32.0,43,1,1,0,0,0.003586499995435588,
eps_slow_123_adce2157,eps_slow,train,172,123,easy,5,5,0.1,0.95,0.8419067177676068,default,100,-55.0,46,0,1,0,1,0.003653800013125874,
eps_slow_123_adce2157,eps_slow,train,173,123,easy,5,5,0.1,0.95,0.8410648110498392,default,100,-20.0,11,0,1,0,1,0.0010223999997833744,
eps_slow_123_adce2157,eps_slow,train,174,123,easy,5,5,0.1,0.95,0.8402237462387894,default,100,-100.0,100,0,0,1,0,0.007880999997723848,
eps_slow_123_adce2157,eps_slow,train,175,123,easy,5,5,0.1,0.95,0.8393835224925505,default,100,-28.0,39,1,1,0,0,0.0032180999987758696,
eps_slow_123_adce2157,eps_slow,train,176,123,easy,5,5,0.1,0.95,0.838544138970058,default,100,-3.0,14,1,1,0,0,0.0013146999990567565,
eps_slow_123_adce2157,eps_slow,train,177,123,easy,5,5,0.1,0.95,0.8377055948310879,default,100,-16.0,27,1,1,0,0,0.002419600001303479,
eps_slow_123_adce2157,eps_slow,train,178,123,easy,5,5,0.1,0.95,0.8368678892362568,default,100,-15.0,6,0,1,0,1,0.0005625999910989776,
eps_slow_123_adce2157,eps_slow,train,179,123,easy,5,5,0.1,0.95,0.8360310213470206,default,100,1.0,10,1,1,0,0,0.0008746999956201762,
eps_slow_123_adce2157,eps_slow,train,180,123,easy,5,5,0.1,0.95,0.8351949903256736,default,100,-22.0,13,0,1,0,1,0.0011211000091861933,
eps_slow_123_adce2157,eps_slow,train,181,123,easy,5,5,0.1,0.95,0.8343597953353479,default,100,-10.0,21,1,1,0,0,0.0019093000009888783,
eps_slow_123_adce2157,eps_slow,train,182,123,easy,5,5,0.1,0.95,0.8335254355400126,default,100,-46.0,57,1,1,0,0,0.004620499996235594,
eps_slow_123_adce2157,eps_slow,train,183,123,easy,5,5,0.1,0.95,0.8326919101044725,default,100,-16.0,7,0,1,0,1,0.0006998000026214868,
eps_slow_123_adce2157,eps_slow,train,184,123,easy,5,5,0.1,0.95,0.831859218194368,default,100,-12.0,23,1,1,0,0,0.0020170000061625615,
eps_slow_123_adce2157,eps_slow,train,185,123,easy,5,5,0.1,0.95,0.8310273589761736,default,100,0.0,11,1,1,0,0,0.001142900000559166,
eps_slow_123_adce2157,eps_slow,train,186,123,easy,5,5,0.1,0.95,0.8301963316171974,default,100,-48.0,39,0,1,0,1,0.003218800004106015,
eps_slow_123_adce2157,eps_slow,train,187,123,easy,5,5,0.1,0.95,0.8293661352855802,default,100,-24.0,35,1,1,0,0,0.0028083999932277948,
eps_slow_123_adce2157,eps_slow,train,188,123,easy,5,5,0.1,0.95,0.8285367691502946,default,100,-37.0,48,1,1,0,0,0.0038905999972485006,
eps_slow_123_adce2157,eps_slow,train,189,123,easy,5,5,0.1,0.95,0.8277082323811443,default,100,-3.0,14,1,1,0,0,0.001354500011075288,
eps_slow_123_adce2157,eps_slow,train,190,123,easy,5,5,0.1,0.95,0.8268805241487632,default,100,-50.0,41,0,1,0,1,0.0034435999987181276,
eps_slow_123_adce2157,eps_slow,train,191,123,easy,5,5,0.1,0.95,0.8260536436246144,default,100,-6.0,17,1,1,0,0,0.0016482000064570457,
eps_slow_123_adce2157,eps_slow,train,192,123,easy,5,5,0.1,0.95,0.8252275899809898,default,100,-15.0,26,1,1,0,0,0.0022796999983256683,
eps_slow_123_adce2157,eps_slow,train,193,123,easy,5,5,0.1,0.95,0.8244023623910088,default,100,-13.0,24,1,1,0,0,0.0021942000021226704,
eps_slow_123_adce2157,eps_slow,train,194,123,easy,5,5,0.1,0.95,0.8235779600286178,default,100,-38.0,49,1,1,0,0,0.003916699992259964,
eps_slow_123_adce2157,eps_slow,train,195,123,easy,5,5,0.1,0.95,0.8227543820685892,default,100,-12.0,23,1,1,0,0,0.0020025000121677294,
eps_slow_123_adce2157,eps_slow,train,196,123,easy,5,5,0.1,0.95,0.8219316276865206,default,100,-7.0,18,1,1,0,0,0.001565899990964681,
eps_slow_123_adce2157,eps_slow,train,197,123,easy,5,5,0.1,0.95,0.8211096960588341,default,100,-52.0,63,1,1,0,0,0.0052092999976594,
eps_slow_123_adce2157,eps_slow,train,198,123,easy,5,5,0.1,0.95,0.8202885863627752,default,100,-4.0,15,1,1,0,0,0.0015499999863095582,
eps_slow_123_adce2157,eps_slow,train,199,123,easy,5,5,0.1,0.95,0.8194682977764125,default,100,-31.0,42,1,1,0,0,0.003359099995577708,
eps_slow_123_adce2157,eps_slow,train,200,123,easy,5,5,0.1,0.95,0.818648829478636,default,100,-34.0,45,1,1,0,0,0.0038065999979153275,results\epsilon\slow\seed_123\qtable_ep200.npz
eps_slow_123_adce2157,eps_slow,train,201,123,easy,5,5,0.1,0.95,0.8178301806491574,default,100,-28.0,39,1,1,0,0,0.0033487999899080023,
eps_slow_123_adce2157,eps_slow,train,202,123,easy,5,5,0.1,0.95,0.8170123504685082,default,100,2.0,9,1,1,0,0,0.0009509999945294112,
eps_slow_123_adce2157,eps_slow,train,203,123,easy,5,5,0.1,0.95,0.8161953381180397,default,100,-66.0,57,0,1,0,1,0.004467199993086979,
eps_slow_123_adce2157,eps_slow,train,204,123,easy,5,5,0.1,0.95,0.8153791427799216,default,100,-12.0,23,1,1,0,0,0.00218019999738317,
eps_slow_123_adce2157,eps_slow,train,205,123,easy,5,5,0.1,0.95,0.8145637636371417,default,100,-19.0,30,1,1,0,0,0.002737399991019629,
eps_slow_123_adce2157,eps_slow,train,206,123,easy,5,5,0.1,0.95,0.8137491998735046,default,100,-11.0,22,1,1,0,0,0.0018383999995421618,
eps_slow_123_adce2157,eps_slow,train,207,123,easy,5,5,0.1,0.95,0.812935450673631,default,100,-11.0,22,1,1,0,0,0.001879999996162951,
eps_slow_123_adce2157,eps_slow,train,208,123,easy,5,5,0.1,0.95,0.8121225152229574,default,100,-16.0,27,1,1,0,0,0.0023769999970681965,
eps_slow_123_adce2157,eps_slow,train,209,123,easy,5,5,0.1,0.95,0.8113103927077344,default,100,-28.0,39,1,1,0,0,0.003081900009419769,
eps_slow_123_adce2157,eps_slow,train,210,123,easy,5,5,0.1,0.95,0.8104990823150267,default,100,-30.0,41,1,1,0,0,0.003505599990603514,
eps_slow_123_adce2157,eps_slow,train,211,123,easy,5,5,0.1,0.95,0.8096885832327116,default,100,-2.0,13,1,1,0,0,0.001281000004382804,
eps_slow_123_adce2157,eps_slow,train,212,123,easy,5,5,0.1,0.95,0.8088788946494789,default,100,-9.0,20,1,1,0,0,0.002074100004392676,
eps_slow_123_adce2157,eps_slow,train,213,123,easy,5,5,0.1,0.95,0.8080700157548294,default,100,-4.0,15,1,1,0,0,0.0013590000016847625,
eps_slow_123_adce2157,eps_slow,train,214,123,easy,5,5,0.1,0.95,0.8072619457390746,default,100,-5.0,16,1,1,0,0,0.0015368000022135675,
eps_slow_123_adce2157,eps_slow,train,215,123,easy,5,5,0.1,0.95,0.8064546837933355,default,100,-9.0,20,1,1,0,0,0.0017854000034276396,
eps_slow_123_adce2157,eps_slow,train,216,123,easy,5,5,0.1,0.95,0.8056482291095421,default,100,-49.0,60,1,1,0,0,0.004719800010207109,
eps_slow_123_adce2157,eps_slow,train,217,123,easy,5,5,0.1,0.95,0.8048425808804326,default,100,-42.0,53,1,1,0,0,0.004316800012020394,
eps_slow_123_adce2157,eps_slow,train,218,123,easy,5,5,0.1,0.95,0.8040377382995522,default,100,-23.0,14,0,1,0,1,0.0011189000069862232,
eps_slow_123_adce2157,eps_slow,train,219,123,easy,5,5,0.1,0.95,0.8032337005612527,default,100,-26.0,17,0,1,0,1,0.001571100001456216,
eps_slow_123_adce2157,eps_slow,train,220,123,easy,5,5,0.1,0.95,0.8024304668606914,default,100,-41.0,32,0,1,0,1,0.0026341000047978014,
eps_slow_123_adce2157,eps_slow,train,221,123,easy,5,5,0.1,0.95,0.8016280363938307,default,100,-20.0,11,0,1,0,1,0.0010286000033374876,
eps_slow_123_adce2157,eps_slow,train,222,123,easy,5,5,0.1,0.95,0.8008264083574369,default,100,-26.0,37,1,1,0,0,0.0031331000063801184,
eps_slow_123_adce2157,eps_slow,train,223,123,easy,5,5,0.1,0.95,0.8000255819490795,default,100,-36.0,47,1,1,0,0,0.0037946000084048137,
eps_slow_123_adce2157,eps_slow,train,224,123,easy,5,5,0.1,0.95,0.7992255563671304,default,100,-40.0,31,0,1,0,1,0.002448200000799261,
eps_slow_123_adce2157,eps_slow,train,225,123,easy,5,5,0.1,0.95,0.7984263308107633,default,100,-6.0,17,1,1,0,0,0.0016143999964697286,
eps_slow_123_adce2157,eps_slow,train,226,123,easy,5,5,0.1,0.95,0.7976279044799526,default,100,-14.0,25,1,1,0,0,0.0023342999920714647,
eps_slow_123_adce2157,eps_slow,train,227,123,easy,5,5,0.1,0.95,0.7968302765754727,default,100,-81.0,92,1,1,0,0,0.007500800013076514,
eps_slow_123_adce2157,eps_slow,train,228,123,easy,5,5,0.1,0.95,0.7960334462988972,default,100,-18.0,29,1,1,0,0,0.0024209999974118546,
eps_slow_123_adce2157,eps_slow,train,229,123,easy,5,5,0.1,0.95,0.7952374128525983,default,100,-36.0,47,1,1,0,0,0.0038407000101869926,
eps_slow_123_adce2157,eps_slow,train,230,123,easy,5,5,0.1,0.95,0.7944421754397457,default,100,-22.0,33,1,1,0,0,0.0027666999958455563,
eps_slow_123_adce2157,eps_slow,train,231,123,easy,5,5,0.1,0.95,0.7936477332643059,default,100,-9.0,20,1,1,0,0,0.0019504999945638701,
eps_slow_123_adce2157,eps_slow,train,232,123,easy,5,5,0.1,0.95,0.7928540855310416,default,100,-20.0,11,0,1,0,1,0.0009586999949533492,
eps_slow_123_adce2157,eps_slow,train,233,123,easy,5,5,0.1,0.95,0.7920612314455105,default,100,-13.0,24,1,1,0,0,0.0019126000115647912,
eps_slow_123_adce2157,eps_slow,train,234,123,easy,5,5,0.1,0.95,0.7912691702140651,default,100,-11.0,22,1,1,0,0,0.0021084999898448586,
eps_slow_123_adce2157,eps_slow,train,235,123,easy,5,5,0.1,0.95,0.790477901043851,default,100,-62.0,73,1,1,0,0,0.006101400009356439,
eps_slow_123_adce2157,eps_slow,train,236,123,easy,5,5,0.1,0.95,0.7896874231428072,default,100,-33.0,44,1,1,0,0,0.0038111999892862514,
eps_slow_123_adce2157,eps_slow,train,237,123,easy,5,5,0.1,0.95,0.7888977357196644,default,100,-17.0,28,1,1,0,0,0.0026010000001406297,
eps_slow_123_adce2157,eps_slow,train,238,123,easy,5,5,0.1,0.95,0.7881088379839447,default,100,-13.0,24,1,1,0,0,0.002165500001865439,
eps_slow_123_adce2157,eps_slow,train,239,123,easy,5,5,0.1,0.95,0.7873207291459607,default,100,-22.0,33,1,1,0,0,0.002753099994151853,
eps_slow_123_adce2157,eps_slow,train,240,123,easy,5,5,0.1,0.95,0.7865334084168147,default,100,-9.0,20,1,1,0,0,0.0018832999921869487,
eps_slow_123_adce2157,eps_slow,train,241,123,easy,5,5,0.1,0.95,0.7857468750083979,default,100,-63.0,54,0,1,0,1,0.004633799995644949,
eps_slow_123_adce2157,eps_slow,train,242,123,easy,5,5,0.1,0.95,0.7849611281333895,default,100,-10.0,21,1,1,0,0,0.0020403999951668084,
eps_slow_123_adce2157,eps_slow,train,243,123,easy,5,5,0.1,0.95,0.784176167005256,default,100,-72.0,83,1,1,0,0,0.006339200001093559,
eps_slow_123_adce2157,eps_slow,train,244,123,easy,5,5,0.1,0.95,0.7833919908382508,default,100,-25.0,36,1,1,0,0,0.00301210000179708,
eps_slow_123_adce2157,eps_slow,train,245,123,easy,5,5,0.1,0.95,0.7826085988474126,default,100,-11.0,22,1,1,0,0,0.0018825000006472692,
eps_slow_123_adce2157,eps_slow,train,246,123,easy,5,5,0.1,0.95,0.7818259902485653,default,100,-20.0,31,1,1,0,0,0.0025393000105395913,
eps_slow_123_adce2157,eps_slow,train,247,123,easy,5,5,0.1,0.95,0.7810441642583167,default,100,-34.0,25,0,1,0,1,0.002025899986620061,
eps_slow_123_adce2157,eps_slow,train,248,123,easy,5,5,0.1,0.95,0.7802631200940584,default,100,-28.0,39,1,1,0,0,0.0032762000046204776,
eps_slow_123_adce2157,eps_slow,train,249,123,easy,5,5,0.1,0.95,0.7794828569739644,default,100,-6.0,17,1,1,0,0,0.00144160000490956,
eps_slow_123_adce2157,eps_slow,train,250,123,easy,5,5,0.1,0.95,0.7787033741169904,default,100,0.0,11,1,1,0,0,0.0011361999931978062,
eps_slow_123_adce2157,eps_slow,train,251,123,easy,5,5,0.1,0.95,0.7779246707428734,default,100,-100.0,100,0,0,1,0,0.008022899986826815,
eps_slow_123_adce2157,eps_slow,train,252,123,easy,5,5,0.1,0.95,0.7771467460721305,default,100,-10.0,21,1,1,0,0,0.001736300007905811,
eps_slow_123_adce2157,eps_slow,train,253,123,easy,5,5,0.1,0.95,0.7763695993260584,default,100,-35.0,46,1,1,0,0,0.0037447999930009246,
eps_slow_123_adce2157,eps_slow,train,254,123,easy,5,5,0.1,0.95,0.7755932297267324,default,100,-17.0,28,1,1,0,0,0.002426999999443069,
eps_slow_123_adce2157,eps_slow,train,255,123,easy,5,5,0.1,0.95,0.7748176364970056,default,100,-38.0,49,1,1,0,0,0.004037100006826222,
eps_slow_123_adce2157,eps_slow,train,256,123,easy,5,5,0.1,0.95,0.7740428188605086,default,100,-21.0,32,1,1,0,0,0.0027741999947465956,
eps_slow_123_adce2157,eps_slow,train,257,123,easy,5,5,0.1,0.95,0.7732687760416481,default,100,-5.0,16,1,1,0,0,0.0014281000039773062,
eps_slow_123_adce2157,eps_slow,train,258,123,easy,5,5,0.1,0.95,0.7724955072656065,default,100,-31.0,42,1,1,0,0,0.003557899995939806,
eps_slow_123_adce2157,eps_slow,train,259,123,easy,5,5,0.1,0.95,0.7717230117583408,default,100,-18.0,29,1,1,0,0,0.002560499997343868,
eps_slow_123_adce2157,eps_slow,train,260,123,easy,5,5,0.1,0.95,0.7709512887465825,default,100,-26.0,37,1,1,0,0,0.0031061999907251447,
eps_slow_123_adce2157,eps_slow,train,261,123,easy,5,5,0.1,0.95,0.7701803374578359,default,100,-11.0,22,1,1,0,0,0.002026100002694875,
eps_slow_123_adce2157,eps_slow,train,262,123,easy,5,5,0.1,0.95,0.7694101571203781,default,100,-41.0,52,1,1,0,0,0.004376299999421462,
eps_slow_123_adce2157,eps_slow,train,263,123,easy,5,5,0.1,0.95,0.7686407469632577,default,100,-24.0,15,0,1,0,1,0.0013891999988118187,
eps_slow_123_adce2157,eps_slow,train,264,123,easy,5,5,0.1,0.95,0.7678721062162944,default,100,-2.0,13,1,1,0,0,0.0012862000003224239,
eps_slow_123_adce2157,eps_slow,train,265,123,easy,5,5,0.1,0.95,0.7671042341100781,default,100,-11.0,22,1,1,0,0,0.0019698999967658892,
eps_slow_123_adce2157,eps_slow,train,266,123,easy,5,5,0.1,0.95,0.766337129875968,default,100,-29.0,20,0,1,0,1,0.0017332999996142462,
eps_slow_123_adce2157,eps_slow,train,267,123,easy,5,5,0.1,0.95,0.7655707927460921,default,100,-29.0,40,1,1,0,0,0.0034542999928817153,
eps_slow_123_adce2157,eps_slow,train,268,123,easy,5,5,0.1,0.95,0.764805221953346,default,100,-24.0,35,1,1,0,0,0.0031208000000333413,
eps_slow_123_adce2157,eps_slow,train,269,123,easy,5,5,0.1,0.95,0.7640404167313927,default,100,-17.0,28,1,1,0,0,0.0023929000017233193,
eps_slow_123_adce2157,eps_slow,train,270,123,easy,5,5,0.1,0.95,0.7632763763146613,default,100,-11.0,22,1,1,0,0,0.0020169999916106462,
eps_slow_123_adce2157,eps_slow,train,271,123,easy,5,5,0.1,0.95,0.7625130999383466,default,100,-5.0,16,1,1,0,0,0.0015248999989125878,
eps_slow_123_adce2157,eps_slow,train,272,123,easy,5,5,0.1,0.95,0.7617505868384082,default,100,-19.0,30,1,1,0,0,0.002809900004649535,
eps_slow_123_adce2157,eps_slow,train,273,123,easy,5,5,0.1,0.95,0.7609888362515699,default,100,-30.0,21,0,1,0,1,0.0017496000073151663,
eps_slow_123_adce2157,eps_slow,train,274,123,easy,5,5,0.1,0.95,0.7602278474153183,default,100,-3.0,14,1,1,0,0,0.0013487000105669722,
eps_slow_123_adce2157,eps_slow,train,275,123,easy,5,5,0.1,0.95,0.759467619567903,default,100,-19.0,30,1,1,0,0,0.0027132999966852367,
eps_slow_123_adce2157,eps_slow,train,276,123,easy,5,5,0.1,0.95,0.7587081519483351,default,100,-27.0,18,0,1,0,1,0.0014884999982314184,
eps_slow_123_adce2157,eps_slow,train,277,123,easy,5,5,0.1,0.95,0.7579494437963867,default,100,-3.0,14,1,1,0,0,0.0012944000045536086,
eps_slow_123_adce2157,eps_slow,train,278,123,easy,5,5,0.1,0.95,0.7571914943525904,default,100,-28.0,39,1,1,0,0,0.003301000004285015,
eps_slow_123_adce2157,eps_slow,train,279,123,easy,5,5,0.1,0.95,0.7564343028582378,default,100,-2.0,13,1,1,0,0,0.001227799992193468,
eps_slow_123_adce2157,eps_slow,train,280,123,easy,5,5,0.1,0.95,0.7556778685553796,default,100,-27.0,38,1,1,0,0,0.003078499998082407,
eps_slow_123_adce2157,eps_slow,train,281,123,easy,5,5,0.1,0.95,0.7549221906868242,default,100,-31.0,42,1,1,0,0,0.003680200010421686,
eps_slow_123_adce2157,eps_slow,train,282,123,easy,5,5,0.1,0.95,0.7541672684961374,default,100,-21.0,32,1,1,0,0,0.00272689999837894,
eps_slow_123_adce2157,eps_slow,train,283,123,easy,5,5,0.1,0.95,0.7534131012276413,default,100,-26.0,37,1,1,0,0,0.0031368000054499134,
eps_slow_123_adce2157,eps_slow,train,284,123,easy,5,5,0.1,0.95,0.7526596881264136,default,100,-7.0,18,1,1,0,0,0.0018490999937057495,
eps_slow_123_adce2157,eps_slow,train,285,123,easy,5,5,0.1,0.95,0.7519070284382872,default,100,-1.0,12,1,1,0,0,0.0011904999992111698,
eps_slow_123_adce2157,eps_slow,train,286,123,easy,5,5,0.1,0.95,0.7511551214098489,default,100,-21.0,32,1,1,0,0,0.0027120000013383105,
eps_slow_123_adce2157,eps_slow,train,287,123,easy,5,5,0.1,0.95,0.750403966288439,default,100,-64.0,75,1,1,0,0,0.005991600002744235,
eps_slow_123_adce2157,eps_slow,train,288,123,easy,5,5,0.1,0.95,0.7496535623221505,default,100,-5.0,16,1,1,0,0,0.001501299993833527,
eps_slow_123_adce2157,eps_slow,train,289,123,easy,5,5,0.1,0.95,0.7489039087598284,default,100,-25.0,36,1,1,0,0,0.0030180000030668452,
eps_slow_123_adce2157,eps_slow,train,290,123,easy,5,5,0.1,0.95,0.7481550048510686,default,100,-1.0,12,1,1,0,0,0.0012245999969309196,
eps_slow_123_adce2157,eps_slow,train,291,123,easy,5,5,0.1,0.95,0.7474068498462175,default,100,-7.0,18,1,1,0,0,0.0015409000043291599,
eps_slow_123_adce2157,eps_slow,train,292,123,easy,5,5,0.1,0.95,0.7466594429963713,default,100,-20.0,31,1,1,0,0,0.002542099988204427,
eps_slow_123_adce2157,eps_slow,train,293,123,easy,5,5,0.1,0.95,0.745912783553375,default,100,-32.0,43,1,1,0,0,0.0037050999962957576,
eps_slow_123_adce2157,eps_slow,train,294,123,easy,5,5,0.1,0.95,0.7451668707698216,default,100,-4.0,15,1,1,0,0,0.0014067000010982156,
eps_slow_123_adce2157,eps_slow,train,295,123,easy,5,5,0.1,0.95,0.7444217038990517,default,100,-21.0,32,1,1,0,0,0.0026845999964280054,
eps_slow_123_adce2157,eps_slow,train,296,123,easy,5,5,0.1,0.95,0.7436772821951526,default,100,-17.0,28,1,1,0,0,0.0025034999998752028,
eps_slow_123_adce2157,eps_slow,train,297,123,easy,5,5,0.1,0.95,0.7429336049129575,default,100,-9.0,20,1,1,0,0,0.001698700012639165,
eps_slow_123_adce2157,eps_slow,train,298,123,easy,5,5,0.1,0.95,0.7421906713080445,default,100,-20.0,31,1,1,0,0,0.0027135999989695847,
eps_slow_123_adce2157,eps_slow,train,299,123,easy,5,5,0.1,0.95,0.7414484806367364,default,100,-21.0,32,1,1,0,0,0.0026513000047998503,
eps_slow_123_adce2157,eps_slow,train,300,123,easy,5,5,0.1,0.95,0.7407070321560997,default,100,-11.0,22,1,1,0,0,0.0020474999910220504,
eps_slow_123_adce2157,eps_slow,train,301,123,easy,5,5,0.1,0.95,0.7399663251239436,default,100,-12.0,23,1,1,0,0,0.002043000000412576,
eps_slow_123_adce2157,eps_slow,train,302,123,easy,5,5,0.1,0.95,0.7392263587988196,default,100,-23.0,14,0,1,0,1,0.0012165999942226335,
eps_slow_123_adce2157,eps_slow,train,303,123,easy,5,5,0.1,0.95,0.7384871324400207,default,100,-6.0,17,1,1,0,0,0.0016739999991841614,
eps_slow_123_adce2157,eps_slow,train,304,123,easy,5,5,0.1,0.95,0.7377486453075807,default,100,-8.0,19,1,1,0,0,0.0018192999996244907,
eps_slow_123_adce2157,eps_slow,train,305,123,easy,5,5,0.1,0.95,0.737010896662273,default,100,-19.0,30,1,1,0,0,0.0027553999971132725,
eps_slow_123_adce2157,eps_slow,train,306,123,easy,5,5,0.1,0.95,0.7362738857656108,default,100,-10.0,21,1,1,0,0,0.0018450999923516065,
eps_slow_123_adce2157,eps_slow,train,307,123,easy,5,5,0.1,0.95,0.7355376118798452,default,100,-6.0,17,1,1,0,0,0.001647099998081103,
eps_slow_123_adce2157,eps_slow,train,308,123,easy,5,5,0.1,0.95,0.7348020742679654,default,100,-5.0,16,1,1,0,0,0.0014358000044012442,
eps_slow_123_adce2157,eps_slow,train,309,123,easy,5,5,0.1,0.95,0.7340672721936974,default,100,-27.0,38,1,1,0,0,0.0034190000005764887,
eps_slow_123_adce2157,eps_slow,train,310,123,easy,5,5,0.1,0.95,0.7333332049215037,default,100,-40.0,51,1,1,0,0,0.004512500003329478,
eps_slow_123_adce2157,eps_slow,train,311,123,easy,5,5,0.1,0.95,0.7325998717165821,default,100,-23.0,34,1,1,0,0,0.0028151000005891547,
eps_slow_123_adce2157,eps_slow,train,312,123,easy,5,5,0.1,0.95,0.7318672718448656,default,100,-24.0,15,0,1,0,1,0.0012315999920247123,
eps_slow_123_adce2157,eps_slow,train,313,123,easy,5,5,0.1,0.95,0.7311354045730207,default,100,-19.0,30,1,1,0,0,0.002624100001412444,
eps_slow_123_adce2157,eps_slow,train,314,123,easy,5,5,0.1,0.95,0.7304042691684477,default,100,-7.0,18,1,1,0,0,0.0018068000063067302,
eps_slow_123_adce2157,eps_slow,train,315,123,easy,5,5,0.1,0.95,0.7296738648992792,default,100,-11.0,22,1,1,0,0,0.002105200008372776,
eps_slow_123_adce2157,eps_slow,train,316,123,easy,5,5,0.1,0.95,0.7289441910343799,default,100,-50.0,41,0,1,0,1,0.0036010000039823353,
eps_slow_123_adce2157,eps_slow,train,317,123,easy,5,5,0.1,0.95,0.7282152468433455,default,100,-4.0,15,1,1,0,0,0.001533599992399104,
eps_slow_123_adce2157,eps_slow,train,318,123,easy,5,5,0.1,0.95,0.7274870315965022,default,100,-27.0,38,1,1,0,0,0.0033426000009058043,
eps_slow_123_adce2157,eps_slow,train,319,123,easy,5,5,0.1,0.95,0.7267595445649057,default,100,-32.0,23,0,1,0,1,0.0020484000124270096,
eps_slow_123_adce2157,eps_slow,train,320,123,easy,5,5,0.1,0.95,0.7260327850203407,default,100,-50.0,41,0,1,0,1,0.003860899989376776,
eps_slow_123_adce2157,eps_slow,train,321,123,easy,5,5,0.1,0.95,0.7253067522353204,default,100,-71.0,82,1,1,0,0,0.006617500010179356,
eps_slow_123_adce2157,eps_slow,train,322,123,easy,5,5,0.1,0.95,0.724581445483085,default,100,-16.0,27,1,1,0,0,0.0024396999942837283,
eps_slow_123_adce2157,eps_slow,train,323,123,easy,5,5,0.1,0.95,0.723856864037602,default,100,-4.0,15,1,1,0,0,0.001425900001777336,
eps_slow_123_adce2157,eps_slow,train,324,123,easy,5,5,0.1,0.95,0.7231330071735643,default,100,-36.0,47,1,1,0,0,0.004063500004122034,
eps_slow_123_adce2157,eps_slow,train,325,123,easy,5,5,0.1,0.95,0.7224098741663908,default,100,-13.0,24,1,1,0,0,0.0021209000115050003,
eps_slow_123_adce2157,eps_slow,train,326,123,easy,5,5,0.1,0.95,0.7216874642922244,default,100,-43.0,54,1,1,0,0,0.004902800006675534,
eps_slow_123_adce2157,eps_slow,train,327,123,easy,5,5,0.1,0.95,0.7209657768279322,default,100,-24.0,35,1,1,0,0,0.003153699988615699,
eps_slow_123_adce2157,eps_slow,train,328,123,easy,5,5,0.1,0.95,0.7202448110511043,default,100,-20.0,31,1,1,0,0,0.0028700000111712143,
eps_slow_123_adce2157,eps_slow,train,329,123,easy,5,5,0.1,0.95,0.7195245662400531,default,100,-18.0,29,1,1,0,0,0.0025301999994553626,
eps_slow_123_adce2157,eps_slow,train,330,123,easy,5,5,0.1,0.95,0.7188050416738131,default,100,-10.0,21,1,1,0,0,0.0020428999996511266,
eps_slow_123_adce2157,eps_slow,train,331,123,easy,5,5,0.1,0.95,0.7180862366321393,default,100,-17.0,28,1,1,0,0,0.0024486999900545925,
eps_slow_123_adce2157,eps_slow,train,332,123,easy,5,5,0.1,0.95,0.7173681503955072,default,100,2.0,9,1,1,0,0,0.0009262000094167888,
eps_slow_123_adce2157,eps_slow,train,333,123,easy,5,5,0.1,0.95,0.7166507822451117,default,100,-22.0,33,1,1,0,0,0.0029226999904494733,
eps_slow_123_adce2157,eps_slow,train,334,123,easy,5,5,0.1,0.95,0.7159341314628666,default,100,-23.0,34,1,1,0,0,0.0029114000062691048,
eps_slow_123_adce2157,eps_slow,train,335,123,easy,5,5,0.1,0.95,0.7152181973314037,default,100,-8.0,19,1,1,0,0,0.0018631999992066994,
eps_slow_123_adce2157,eps_slow,train,336,123,easy,5,5,0.1,0.95,0.7145029791340722,default,100,-15.0,26,1,1,0,0,0.0022449999960372224,
eps_slow_123_adce2157,eps_slow,train,337,123,easy,5,5,0.1,0.95,0.7137884761549381,default,100,-29.0,40,1,1,0,0,0.0035486999986460432,
eps_slow_123_adce2157,eps_slow,train,338,123,easy,5,5,0.1,0.95,0.7130746876787832,default,100,-29.0,40,1,1,0,0,0.003373800005647354,
eps_slow_123_adce2157,eps_slow,train,339,123,easy,5,5,0.1,0.95,0.7123616129911045,default,100,-5.0,16,1,1,0,0,0.0016399000014644116,
eps_slow_123_adce2157,eps_slow,train,340,123,easy,5,5,0.1,0.95,0.7116492513781133,default,100,-52.0,63,1,1,0,0,0.005346599995391443,
eps_slow_123_adce2157,eps_slow,train,341,123,easy,5,5,0.1,0.95,0.7109376021267352,default,100,-17.0,28,1,1,0,0,0.002682000005734153,
eps_slow_123_adce2157,eps_slow,train,342,123,easy,5,5,0.1,0.95,0.7102266645246085,default,100,-14.0,25,1,1,0,0,0.0022056999878259376,
eps_slow_123_adce2157,eps_slow,train,343,123,easy,5,5,0.1,0.95,0.7095164378600839,default,100,-7.0,18,1,1,0,0,0.001694499995210208,
eps_slow_123_adce2157,eps_slow,train,344,123,easy,5,5,0.1,0.95,0.7088069214222238,default,100,-21.0,32,1,1,0,0,0.002992099995026365,
eps_slow_123_adce2157,eps_slow,train,345,123,easy,5,5,0.1,0.95,0.7080981145008015,default,100,-1.0,12,1,1,0,0,0.001235799994901754,
eps_slow_123_adce2157,eps_slow,train,346,123,easy,5,5,0.1,0.95,0.7073900163863007,default,100,-3.0,14,1,1,0,0,0.0014076999941607937,
eps_slow_123_adce2157,eps_slow,train,347,123,easy,5,5,0.1,0.95,0.7066826263699144,default,100,-26.0,37,1,1,0,0,0.003109600002062507,
eps_slow_123_adce2157,eps_slow,train,348,123,easy,5,5,0.1,0.95,0.7059759437435444,default,100,-19.0,30,1,1,0,0,0.002507199998944998,
eps_slow_123_adce2157,eps_slow,train,349,123,easy,5,5,0.1,0.95,0.7052699677998009,default,100,-49.0,60,1,1,0,0,0.005149499993422069,
eps_slow_123_adce2157,eps_slow,train,350,123,easy,5,5,0.1,0.95,0.704564697832001,default,100,-28.0,39,1,1,0,0,0.00338470000133384,
eps_slow_123_adce2157,eps_slow,train,351,123,easy,5,5,0.1,0.95,0.7038601331341691,default,100,-28.0,39,1,1,0,0,0.003504300009808503,
eps_slow_123_adce2157,eps_slow,train,352,123,easy,5,5,0.1,0.95,0.7031562730010349,default,100,-53.0,44,0,1,0,1,0.0035134999925503507,
eps_slow_123_adce2157,eps_slow,train,353,123,easy,5,5,0.1,0.95,0.7024531167280339,default,100,-14.0,25,1,1,0,0,0.0022629000013694167,
eps_slow_123_adce2157,eps_slow,train,354,123,easy,5,5,0.1,0.95,0.7017506636113059,default,100,-7.0,18,1,1,0,0,0.001693899990641512,
eps_slow_123_adce2157,eps_slow,train,355,123,easy,5,5,0.1,0.95,0.7010489129476946,default,100,-24.0,35,1,1,0,0,0.0032315999997081235,
eps_slow_123_adce2157,eps_slow,train,356,123,easy,5,5,0.1,0.95,0.7003478640347469,default,100,-5.0,16,1,1,0,0,0.0016579999937675893,
eps_slow_123_adce2157,eps_slow,train,357,123,easy,5,5,0.1,0.95,0.6996475161707122,default,100,-17.0,28,1,1,0,0,0.0025901000044541433,
eps_slow_123_adce2157,eps_slow,train,358,123,easy,5,5,0.1,0.95,0.6989478686545415,default,100,-44.0,55,1,1,0,0,0.004571700002998114,
eps_slow_123_adce2157,eps_slow,train,359,123,easy,5,5,0.1,0.95,0.698248920785887,default,100,-8.0,19,1,1,0,0,0.001597599999513477,
eps_slow_123_adce2157,eps_slow,train,360,123,easy,5,5,0.1,0.95,0.6975506718651011,default,100,-9.0,20,1,1,0,0,0.0019446000078460202,
eps_slow_123_adce2157,eps_slow,train,361,123,easy,5,5,0.1,0.95,0.6968531211932361,default,100,-6.0,17,1,1,0,0,0.0017050999886123464,
eps_slow_123_adce2157,eps_slow,train,362,123,easy,5,5,0.1,0.95,0.6961562680720428,default,100,-4.0,15,1,1,0,0,0.0015395999944303185,
eps_slow_123_adce2157,eps_slow,train,363,123,easy,5,5,0.1,0.95,0.6954601118039707,default,100,-15.0,26,1,1,0,0,0.0025324000016553327,
eps_slow_123_adce2157,eps_slow,train,364,123,easy,5,5,0.1,0.95,0.6947646516921667,default,100,-1.0,12,1,1,0,0,0.0012057000130880624,
eps_slow_123_adce2157,eps_slow,train,365,123,easy,5,5,0.1,0.95,0.6940698870404746,default,100,-5.0,16,1,1,0,0,0.0014100000116741285,
eps_slow_123_adce2157,eps_slow,train,366,123,easy,5,5,0.1,0.95,0.6933758171534341,default,100,-15.0,26,1,1,0,0,0.0023037000064505264,
eps_slow_123_adce2157,eps_slow,train,367,123,easy,5,5,0.1,0.95,0.6926824413362807,default,100,2.0,9,1,1,0,0,0.0009122999908868223,
eps_slow_123_adce2157,eps_slow,train,368,123,easy,5,5,0.1,0.95,0.6919897588949444,default,100,-28.0,39,1,1,0,0,0.00334770001063589,
eps_slow_123_adce2157,eps_slow,train,369,123,easy,5,5,0.1,0.95,0.6912977691360495,default,100,-33.0,44,1,1,0,0,0.0036023000138811767,
eps_slow_123_adce2157,eps_slow,train,370,123,easy,5,5,0.1,0.95,0.6906064713669134,default,100,-20.0,11,0,1,0,1,0.0010184000129811466,
eps_slow_123_adce2157,eps_slow,train,371,123,easy,5,5,0.1,0.95,0.6899158648955466,default,100,0.0,11,1,1,0,0,0.001254500006325543,
eps_slow_123_adce2157,eps_slow,train,372,123,easy,5,5,0.1,0.95,0.689225949030651,default,100,-27.0,18,0,1,0,1,0.0016563999961363152,
eps_slow_123_adce2157,eps_slow,train,373,123,easy,5,5,0.1,0.95,0.6885367230816204,default,100,-17.0,28,1,1,0,0,0.0024791000032564625,
eps_slow_123_adce2157,eps_slow,train,374,123,easy,5,5,0.1,0.95,0.6878481863585387,default,100,-7.0,18,1,1,0,0,0.0017153000080725178,
eps_slow_123_adce2157,eps_slow,train,375,123,easy,5,5,0.1,0.95,0.6871603381721801,default,100,-12.0,23,1,1,0,0,0.0020447999995667487,
eps_slow_123_adce2157,eps_slow,train,376,123,easy,5,5,0.1,0.95,0.686473177834008,default,100,-18.0,29,1,1,0,0,0.0025569999997969717,
eps_slow_123_adce2157,eps_slow,train,377,123,easy,5,5,0.1,0.95,0.685786704656174,default,100,-72.0,83,1,1,0,0,0.006854799998109229,
eps_slow_123_adce2157,eps_slow,train,378,123,easy,5,5,0.1,0.95,0.6851009179515178,default,100,-5.0,16,1,1,0,0,0.0017087000014726073,
eps_slow_123_adce2157,eps_slow,train,379,123,easy,5,5,0.1,0.95,0.6844158170335664,default,100,-5.0,16,1,1,0,0,0.0016021000046748668,
eps_slow_123_adce2157,eps_slow,train,380,123,easy,5,5,0.1,0.95,0.6837314012165328,default,100,-9.0,20,1,1,0,0,0.0018740999948931858,
eps_slow_123_adce2157,eps_slow,train,381,123,easy,5,5,0.1,0.95,0.6830476698153162,default,100,0.0,11,1,1,0,0,0.0011963000142714009,
eps_slow_123_adce2157,eps_slow,train,382,123,easy,5,5,0.1,0.95,0.6823646221455009,default,100,-10.0,21,1,1,0,0,0.0019083999941358343,
eps_slow_123_adce2157,eps_slow,train,383,123,easy,5,5,0.1,0.95,0.6816822575233553,default,100,-30.0,21,0,1,0,1,0.0019154000037815422,
eps_slow_123_adce2157,eps_slow,train,384,123,easy,5,5,0.1,0.95,0.6810005752658319,default,100,-10.0,21,1,1,0,0,0.0020000999938929453,
eps_slow_123_adce2157,eps_slow,train,385,123,easy,5,5,0.1,0.95,0.680319574690566,default,100,-11.0,22,1,1,0,0,0.001985800001421012,
eps_slow_123_adce2157,eps_slow,train,386,123,easy,5,5,0.1,0.95,0.6796392551158754,default,100,-8.0,19,1,1,0,0,0.0018382999987807125,
eps_slow_123_adce2157,eps_slow,train,387,123,easy,5,5,0.1,0.95,0.6789596158607596,default,100,-17.0,28,1,1,0,0,0.0024462000001221895,
eps_slow_123_adce2157,eps_slow,train,388,123,easy,5,5,0.1,0.95,0.6782806562448989,default,100,-43.0,54,1,1,0,0,0.0045200000022305176,
eps_slow_123_adce2157,eps_slow,train,389,123,easy,5,5,0.1,0.95,0.677602375588654,default,100,-15.0,26,1,1,0,0,0.0024884000013116747,
eps_slow_123_adce2157,eps_slow,train,390,123,easy,5,5,0.1,0.95,0.6769247732130653,default,100,-12.0,23,1,1,0,0,0.002020500003709458,
eps_slow_123_adce2157,eps_slow,train,391,123,easy,5,5,0.1,0.95,0.6762478484398523,default,100,-31.0,42,1,1,0,0,0.0038788999954704195,
eps_slow_123_adce2157,eps_slow,train,392,123,easy,5,5,0.1,0.95,0.6755716005914124,default,100,-67.0,78,1,1,0,0,0.006636699996306561,
eps_slow_123_adce2157,eps_slow,train,393,123,easy,5,5,0.1,0.95,0.674896028990821,default,100,-1.0,12,1,1,0,0,0.001231799993547611,
eps_slow_123_adce2157,eps_slow,train,394,123,easy,5,5,0.1,0.95,0.6742211329618302,default,100,-30.0,41,1,1,0,0,0.003785199995036237,
eps_slow_123_adce2157,eps_slow,train,395,123,easy,5,5,0.1,0.95,0.6735469118288684,default,100,-7.0,18,1,1,0,0,0.0016092000005301088,
eps_slow_123_adce2157,eps_slow,train,396,123,easy,5,5,0.1,0.95,0.6728733649170395,default,100,-11.0,22,1,1,0,0,0.0020299000025261194,
eps_slow_123_adce2157,eps_slow,train,397,123,easy,5,5,0.1,0.95,0.6722004915521225,default,100,-11.0,22,1,1,0,0,0.0019855999998981133,
eps_slow_123_adce2157,eps_slow,train,398,123,easy,5,5,0.1,0.95,0.6715282910605703,default,100,-3.0,14,1,1,0,0,0.0012983000051463023,
eps_slow_123_adce2157,eps_slow,train,399,123,easy,5,5,0.1,0.95,0.6708567627695098,default,100,-14.0,25,1,1,0,0,0.002335299999685958,
eps_slow_123_adce2157,eps_slow,train,400,123,easy,5,5,0.1,0.95,0.6701859060067403,default,100,-20.0,31,1,1,0,0,0.0028839000005973503,results\epsilon\slow\seed_123\qtable_ep400.npz
eps_slow_123_adce2157,eps_slow,train,401,123,easy,5,5,0.1,0.95,0.6695157201007336,default,100,-37.0,28,0,1,0,1,0.002493499996489845,
eps_slow_123_adce2157,eps_slow,train,402,123,easy,5,5,0.1,0.95,0.6688462043806328,default,100,-15.0,26,1,1,0,0,0.0024662000068929046,
eps_slow_123_adce2157,eps_slow,train,403,123,easy,5,5,0.1,0.95,0.6681773581762521,default,100,-4.0,15,1,1,0,0,0.0016195000061998144,
eps_slow_123_adce2157,eps_slow,train,404,123,easy,5,5,0.1,0.95,0.6675091808180759,default,100,-32.0,43,1,1,0,0,0.003966300006140955,
eps_slow_123_adce2157,eps_slow,train,405,123,easy,5,5,0.1,0.95,0.6668416716372578,default,100,-58.0,69,1,1,0,0,0.005808100002468564,
eps_slow_123_adce2157,eps_slow,train,406,123,easy,5,5,0.1,0.95,0.6661748299656206,default,100,-6.0,17,1,1,0,0,0.0016250999906333163,
eps_slow_123_adce2157,eps_slow,train,407,123,easy,5,5,0.1,0.95,0.6655086551356549,default,100,-5.0,16,1,1,0,0,0.0016490999987581745,
eps_slow_123_adce2157,eps_slow,train,408,123,easy,5,5,0.1,0.95,0.6648431464805192,default,100,-21.0,32,1,1,0,0,0.00296169999637641,
eps_slow_123_adce2157,eps_slow,train,409,123,easy,5,5,0.1,0.95,0.6641783033340387,default,100,-15.0,26,1,1,0,0,0.0021982999896863475,
eps_slow_123_adce2157,eps_slow,train,410,123,easy,5,5,0.1,0.95,0.6635141250307047,default,100,-10.0,21,1,1,0,0,0.0019429000094532967,
eps_slow_123_adce2157,eps_slow,train,411,123,easy,5,5,0.1,0.95,0.662850610905674,default,100,-3.0,14,1,1,0,0,0.0015483000024687499,
eps_slow_123_adce2157,eps_slow,train,412,123,easy,5,5,0.1,0.95,0.6621877602947683,default,100,-19.0,30,1,1,0,0,0.0028156999906059355,
eps_slow_123_adce2157,eps_slow,train,413,123,easy,5,5,0.1,0.95,0.6615255725344735,default,100,-1.0,12,1,1,0,0,0.0012322000111453235,
eps_slow_123_adce2157,eps_slow,train,414,123,easy,5,5,0.1,0.95,0.660864046961939,default,100,-11.0,22,1,1,0,0,0.0019635999924503267,
eps_slow_123_adce2157,eps_slow,train,415,123,easy,5,5,0.1,0.95,0.660203182914977,default,100,-18.0,29,1,1,0,0,0.002558699998189695,
eps_slow_123_adce2157,eps_slow,train,416,123,easy,5,5,0.1,0.95,0.6595429797320621,default,100,-24.0,35,1,1,0,0,0.002986599996802397,
eps_slow_123_adce2157,eps_slow,train,417,123,easy,5,5,0.1,0.95,0.6588834367523301,default,100,-10.0,21,1,1,0,0,0.002068800007691607,
eps_slow_123_adce2157,eps_slow,train,418,123,easy,5,5,0.1,0.95,0.6582245533155777,default,100,-9.0,20,1,1,0,0,0.0018733000033535063,
eps_slow_123_adce2157,eps_slow,train,419,123,easy,5,5,0.1,0.95,0.6575663287622622,default,100,-30.0,41,1,1,0,0,0.003632000007200986,
eps_slow_123_adce2157,eps_slow,train,420,123,easy,5,5,0.1,0.95,0.6569087624334999,default,100,-9.0,20,1,1,0,0,0.0018707999988691881,
eps_slow_123_adce2157,eps_slow,train,421,123,easy,5,5,0.1,0.95,0.6562518536710664,default,100,-3.0,14,1,1,0,0,0.0014490000030491501,
eps_slow_123_adce2157,eps_slow,train,422,123,easy,5,5,0.1,0.95,0.6555956018173954,default,100,-6.0,17,1,1,0,0,0.0016730000061215833,
eps_slow_123_adce2157,eps_slow,train,423,123,easy,5,5,0.1,0.95,0.654940006215578,default,100,-12.0,23,1,1,0,0,0.0021957999997539446,
eps_slow_123_adce2157,eps_slow,train,424,123,easy,5,5,0.1,0.95,0.6542850662093624,default,100,-4.0,15,1,1,0,0,0.0016022999916458502,
eps_slow_123_adce2157,eps_slow,train,425,123,easy,5,5,0.1,0.95,0.6536307811431531,default,100,-4.0,15,1,1,0,0,0.0016501000063726678,
eps_slow_123_adce2157,eps_slow,train,426,123,easy,5,5,0.1,0.95,0.65297715036201,default,100,-18.0,29,1,1,0,0,0.0026018000062322244,
eps_slow_123_adce2157,eps_slow,train,427,123,easy,5,5,0.1,0.95,0.6523241732116479,default,100,-2.0,13,1,1,0,0,0.0014761000056751072,
eps_slow_123_adce2157,eps_slow,train,428,123,easy,5,5,0.1,0.95,0.6516718490384363,default,100,-18.0,29,1,1,0,0,0.002659799996763468,
eps_slow_123_adce2157,eps_slow,train,429,123,easy,5,5,0.1,0.95,0.6510201771893979,default,100,-7.0,18,1,1,0,0,0.001783700005034916,
eps_slow_123_adce2157,eps_slow,train,430,123,easy,5,5,0.1,0.95,0.6503691570122084,default,100,-12.0,23,1,1,0,0,0.0021698999917134643,
eps_slow_123_adce2157,eps_slow,train,431,123,easy,5,5,0.1,0.95,0.6497187878551962,default,100,-2.0,13,1,1,0,0,0.0013355999981286004,
eps_slow_123_adce2157,eps_slow,train,432,123,easy,5,5,0.1,0.95,0.649069069067341,default,100,-11.0,22,1,1,0,0,0.001931999999214895,
eps_slow_123_adce2157,eps_slow,train,433,123,easy,5,5,0.1,0.95,0.6484199999982736,default,100,-7.0,18,1,1,0,0,0.0018442000000504777,
eps_slow_123_adce2157,eps_slow,train,434,123,easy,5,5,0.1,0.95,0.6477715799982753,default,100,-4.0,15,1,1,0,0,0.0015117000002646819,
eps_slow_123_adce2157,eps_slow,train,435,123,easy,5,5,0.1,0.95,0.647123808418277,default,100,-22.0,33,1,1,0,0,0.0029848999984096736,
eps_slow_123_adce2157,eps_slow,train,436,123,easy,5,5,0.1,0.95,0.6464766846098587,default,100,-22.0,33,1,1,0,0,0.0027256000030320138,
eps_slow_123_adce2157,eps_slow,train,437,123,easy,5,5,0.1,0.95,0.6458302079252489,default,100,-13.0,24,1,1,0,0,0.002357499994104728,
eps_slow_123_adce2157,eps_slow,train,438,123,easy,5,5,0.1,0.95,0.6451843777173236,default,100,-6.0,17,1,1,0,0,0.0017179999995278195,
eps_slow_123_adce2157,eps_slow,train,439,123,easy,5,5,0.1,0.95,0.6445391933396063,default,100,-10.0,21,1,1,0,0,0.0020560999982990324,
eps_slow_123_adce2157,eps_slow,train,440,123,easy,5,5,0.1,0.95,0.6438946541462667,default,100,-12.0,23,1,1,0,0,0.002225799995358102,
eps_slow_123_adce2157,eps_slow,train,441,123,easy,5,5,0.1,0.95,0.6432507594921204,default,100,-4.0,15,1,1,0,0,0.0015854999946895987,
eps_slow_123_adce2157,eps_slow,train,442,123,easy,5,5,0.1,0.95,0.6426075087326283,default,100,-13.0,24,1,1,0,0,0.0022483999928226694,
eps_slow_123_adce2157,eps_slow,train,443,123,easy,5,5,0.1,0.95,0.6419649012238956,default,100,-3.0,14,1,1,0,0,0.0014611999940825626,
eps_slow_123_adce2157,eps_slow,train,444,123,easy,5,5,0.1,0.95,0.6413229363226717,default,100,-14.0,25,1,1,0,0,0.002274900005431846,
eps_slow_123_adce2157,eps_slow,train,445,123,easy,5,5,0.1,0.95,0.640681613386349,default,100,-12.0,23,1,1,0,0,0.0022191000025486574,
eps_slow_123_adce2157,eps_slow,train,446,123,easy,5,5,0.1,0.95,0.6400409317729626,default,100,-8.0,19,1,1,0,0,0.0017981999990297481,
eps_slow_123_adce2157,eps_slow,train,447,123,easy,5,5,0.1,0.95,0.6394008908411897,default,100,-6.0,17,1,1,0,0,0.0016195999924093485,
eps_slow_123_adce2157,eps_slow,train,448,123,easy,5,5,0.1,0.95,0.6387614899503485,default,100,-39.0,30,0,1,0,1,0.002620800005388446,
eps_slow_123_adce2157,eps_slow,train,449,123,easy,5,5,0.1,0.95,0.6381227284603982,default,100,-10.0,21,1,1,0,0,0.0020101999980397522,
eps_slow_123_adce2157,eps_slow,train,450,123,easy,5,5,0.1,0.95,0.6374846057319378,default,100,-10.0,21,1,1,0,0,0.0019502000068314373,
eps_slow_123_adce2157,eps_slow,train,451,123,easy,5,5,0.1,0.95,0.6368471211262058,default,100,-13.0,24,1,1,0,0,0.0023310999968089163,
eps_slow_123_adce2157,eps_slow,train,452,123,easy,5,5,0.1,0.95,0.6362102740050796,default,100,3.0,8,1,1,0,0,0.0009358999959658831,
eps_slow_123_adce2157,eps_slow,train,453,123,easy,5,5,0.1,0.95,0.6355740637310745,default,100,-11.0,22,1,1,0,0,0.002050700000836514,
eps_slow_123_adce2157,eps_slow,train,454,123,easy,5,5,0.1,0.95,0.6349384896673435,default,100,-3.0,14,1,1,0,0,0.0013524000096367672,
eps_slow_123_adce2157,eps_slow,train,455,123,easy,5,5,0.1,0.95,0.6343035511776761,default,100,1.0,10,1,1,0,0,0.0010114000033354387,
eps_slow_123_adce2157,eps_slow,train,456,123,easy,5,5,0.1,0.95,0.6336692476264985,default,100,-18.0,29,1,1,0,0,0.0026248999929521233,
eps_slow_123_adce2157,eps_slow,train,457,123,easy,5,5,0.1,0.95,0.6330355783788719,default,100,-15.0,26,1,1,0,0,0.002419900003587827,
eps_slow_123_adce2157,eps_slow,train,458,123,easy,5,5,0.1,0.95,0.632402542800493,default,100,-14.0,25,1,1,0,0,0.0022787999914726242,
eps_slow_123_adce2157,eps_slow,train,459,123,easy,5,5,0.1,0.95,0.6317701402576925,default,100,-13.0,24,1,1,0,0,0.0022878000017954037,
eps_slow_123_adce2157,eps_slow,train,460,123,easy,5,5,0.1,0.95,0.6311383701174348,default,100,-18.0,29,1,1,0,0,0.00259060000826139,
eps_slow_123_adce2157,eps_slow,train,461,123,easy,5,5,0.1,0.95,0.6305072317473174,default,100,1.0,10,1,1,0,0,0.0011647999926935881,
eps_slow_123_adce2157,eps_slow,train,462,123,easy,5,5,0.1,0.95,0.6298767245155701,default,100,-6.0,17,1,1,0,0,0.0016711999924154952,
eps_slow_123_adce2157,eps_slow,train,463,123,easy,5,5,0.1,0.95,0.6292468477910546,default,100,-5.0,16,1,1,0,0,0.001549900000100024,
eps_slow_123_adce2157,eps_slow,train,464,123,easy,5,5,0.1,0.95,0.6286176009432635,default,100,1.0,10,1,1,0,0,0.0012035999970976263,
eps_slow_123_adce2157,eps_slow,train,465,123,easy,5,5,0.1,0.95,0.6279889833423202,default,100,-28.0,19,0,1,0,1,0.0017961999983526766,
eps_slow_123_adce2157,eps_slow,train,466,123,easy,5,5,0.1,0.95,0.6273609943589779,default,100,-46.0,37,0,1,0,1,0.003312300003017299,
eps_slow_123_adce2157,eps_slow,train,467,123,easy,5,5,0.1,0.95,0.6267336333646188,default,100,-5.0,16,1,1,0,0,0.001568000006955117,
eps_slow_123_adce2157,eps_slow,train,468,123,easy,5,5,0.1,0.95,0.6261068997312542,default,100,-22.0,33,1,1,0,0,0.003074199994443916,
eps_slow_123_adce2157,eps_slow,train,469,123,easy,5,5,0.1,0.95,0.6254807928315229,default,100,-34.0,45,1,1,0,0,0.004147300001932308,
eps_slow_123_adce2157,eps_slow,train,470,123,easy,5,5,0.1,0.95,0.6248553120386914,default,100,-6.0,17,1,1,0,0,0.0015669999993406236,
eps_slow_123_adce2157,eps_slow,train,471,123,easy,5,5,0.1,0.95,0.6242304567266527,default,100,-29.0,40,1,1,0,0,0.0034108999971067533,
eps_slow_123_adce2157,eps_slow,train,472,123,easy,5,5,0.1,0.95,0.623606226269926,default,100,-15.0,26,1,1,0,0,0.0023892000026535243,
eps_slow_123_adce2157,eps_slow,train,473,123,easy,5,5,0.1,0.95,0.6229826200436561,default,100,2.0,9,1,1,0,0,0.0009922000026563182,
eps_slow_123_adce2157,eps_slow,train,474,123,easy,5,5,0.1,0.95,0.6223596374236124,default,100,-5.0,16,1,1,0,0,0.001443199987988919,
eps_slow_123_adce2157,eps_slow,train,475,123,easy,5,5,0.1,0.95,0.6217372777861888,default,100,-4.0,15,1,1,0,0,0.0015638999902876094,
eps_slow_123_adce2157,eps_slow,train,476,123,easy,5,5,0.1,0.95,0.6211155405084027,default,100,-37.0,48,1,1,0,0,0.00392410000495147,
eps_slow_123_adce2157,eps_slow,train,477,123,easy,5,5,0.1,0.95,0.6204944249678943,default,100,-29.0,20,0,1,0,1,0.0018377999949734658,
eps_slow_123_adce2157,eps_slow,train,478,123,easy,5,5,0.1,0.95,0.6198739305429264,default,100,-26.0,37,1,1,0,0,0.003459100000327453,
eps_slow_123_adce2157,eps_slow,train,479,123,easy,5,5,0.1,0.95,0.6192540566123834,default,100,-9.0,20,1,1,0,0,0.0019332000083522871,
eps_slow_123_adce2157,eps_slow,train,480,123,easy,5,5,0.1,0.95,0.6186348025557711,default,100,-3.0,14,1,1,0,0,0.0013602999970316887,
eps_slow_123_adce2157,eps_slow,train,481,123,easy,5,5,0.1,0.95,0.6180161677532153,default,100,-8.0,19,1,1,0,0,0.0016926999960560352,
eps_slow_123_adce2157,eps_slow,train,482,123,easy,5,5,0.1,0.95,0.6173981515854621,default,100,-4.0,15,1,1,0,0,0.0015236000035656616,
eps_slow_123_adce2157,eps_slow,train,483,123,easy,5,5,0.1,0.95,0.6167807534338766,default,100,-12.0,23,1,1,0,0,0.002118100004736334,
eps_slow_123_adce2157,eps_slow,train,484,123,easy,5,5,0.1,0.95,0.6161639726804428,default,100,-5.0,16,1,1,0,0,0.0015805000002728775,
eps_slow_123_adce2157,eps_slow,train,485,123,easy,5,5,0.1,0.95,0.6155478087077623,default,100,-19.0,30,1,1,0,0,0.0026249999937135726,
eps_slow_123_adce2157,eps_slow,train,486,123,easy,5,5,0.1,0.95,0.6149322608990545,default,100,-2.0,13,1,1,0,0,0.0014090999902691692,
eps_slow_123_adce2157,eps_slow,train,487,123,easy,5,5,0.1,0.95,0.6143173286381555,default,100,-14.0,25,1,1,0,0,0.002253500002552755,
eps_slow_123_adce2157,eps_slow,train,488,123,easy,5,5,0.1,0.95,0.6137030113095173,default,100,-21.0,12,0,1,0,1,0.0012602000060724095,
eps_slow_123_adce2157,eps_slow,train,489,123,easy,5,5,0.1,0.95,0.6130893082982078,default,100,-13.0,24,1,1,0,0,0.0021861999994143844,
eps_slow_123_adce2157,eps_slow,train,490,123,easy,5,5,0.1,0.95,0.6124762189899097,default,100,-7.0,18,1,1,0,0,0.0017847999988589436,
eps_slow_123_adce2157,eps_slow,train,491,123,easy,5,5,0.1,0.95,0.6118637427709198,default,100,-11.0,22,1,1,0,0,0.0020194999960949644,
eps_slow_123_adce2157,eps_slow,train,492,123,easy,5,5,0.1,0.95,0.6112518790281489,default,100,-18.0,29,1,1,0,0,0.0026584000006550923,
eps_slow_123_adce2157,eps_slow,train,493,123,easy,5,5,0.1,0.95,0.6106406271491208,default,100,-20.0,31,1,1,0,0,0.002888700008043088,
eps_slow_123_adce2157,eps_slow,train,494,123,easy,5,5,0.1,0.95,0.6100299865219717,default,100,-16.0,7,0,1,0,1,0.0007231999916257337,
eps_slow_123_adce2157,eps_slow,train,495,123,easy,5,5,0.1,0.95,0.6094199565354498,default,100,-3.0,14,1,1,0,0,0.0014570999919669703,
eps_slow_123_adce2157,eps_slow,train,496,123,easy,5,5,0.1,0.95,0.6088105365789144,default,100,-12.0,23,1,1,0,0,0.0021800999966217205,
eps_slow_123_adce2157,eps_slow,train,497,123,easy,5,5,0.1,0.95,0.6082017260423355,default,100,-10.0,21,1,1,0,0,0.0018609999970067292,
eps_slow_123_adce2157,eps_slow,train,498,123,easy,5,5,0.1,0.95,0.6075935243162931,default,100,-18.0,29,1,1,0,0,0.002613100004964508,
eps_slow_123_adce2157,eps_slow,train,499,123,easy,5,5,0.1,0.95,0.6069859307919768,default,100,-3.0,14,1,1,0,0,0.001450499999918975,
eps_slow_123_adce2157,eps_slow,train,500,123,easy,5,5,0.1,0.95,0.6063789448611848,default,100,-4.0,15,1,1,0,0,0.0016196000069612637,
eps_slow_123_adce2157,eps_slow,train,501,123,easy,5,5,0.1,0.95,0.6057725659163237,default,100,-4.0,15,1,1,0,0,0.0016160999948624521,
eps_slow_123_adce2157,eps_slow,train,502,123,easy,5,5,0.1,0.95,0.6051667933504074,default,100,-2.0,13,1,1,0,0,0.0013371999957598746,
eps_slow_123_adce2157,eps_slow,train,503,123,easy,5,5,0.1,0.95,0.6045616265570569,default,100,-1.0,12,1,1,0,0,0.0010732999944593757,
eps_slow_123_adce2157,eps_slow,train,504,123,easy,5,5,0.1,0.95,0.6039570649304998,default,100,-11.0,22,1,1,0,0,0.0019696000090334564,
eps_slow_123_adce2157,eps_slow,train,505,123,easy,5,5,0.1,0.95,0.6033531078655693,default,100,-21.0,32,1,1,0,0,0.0027578000008361414,
eps_slow_123_adce2157,eps_slow,train,506,123,easy,5,5,0.1,0.95,0.6027497547577038,default,100,-4.0,15,1,1,0,0,0.001522799997474067,
eps_slow_123_adce2157,eps_slow,train,507,123,easy,5,5,0.1,0.95,0.602147005002946,default,100,2.0,9,1,1,0,0,0.0010689999908208847,
eps_slow_123_adce2157,eps_slow,train,508,123,easy,5,5,0.1,0.95,0.6015448579979431,default,100,1.0,10,1,1,0,0,0.0011639000003924593,
eps_slow_123_adce2157,eps_slow,train,509,123,easy,5,5,0.1,0.95,0.6009433131399452,default,100,-1.0,12,1,1,0,0,0.0013229999894974753,
eps_slow_123_adce2157,eps_slow,train,510,123,easy,5,5,0.1,0.95,0.6003423698268052,default,100,-12.0,23,1,1,0,0,0.0021465000027092174,
eps_slow_123_adce2157,eps_slow,train,511,123,easy,5,5,0.1,0.95,0.5997420274569785,default,100,-12.0,23,1,1,0,0,0.0022133000020403415,
eps_slow_123_adce2157,eps_slow,train,512,123,easy,5,5,0.1,0.95,0.5991422854295215,default,100,-9.0,20,1,1,0,0,0.0019504999945638701,
eps_slow_123_adce2157,eps_slow,train,513,123,easy,5,5,0.1,0.95,0.598543143144092,default,100,-18.0,29,1,1,0,0,0.00267129999701865,
eps_slow_123_adce2157,eps_slow,train,514,123,easy,5,5,0.1,0.95,0.5979446000009478,default,100,-10.0,21,1,1,0,0,0.002024899993557483,
eps_slow_123_adce2157,eps_slow,train,515,123,easy,5,5,0.1,0.95,0.5973466554009469,default,100,3.0,8,1,1,0,0,0.000976100011030212,
eps_slow_123_adce2157,eps_slow,train,516,123,easy,5,5,0.1,0.95,0.596749308745546,default,100,-5.0,16,1,1,0,0,0.0016663999995216727,
eps_slow_123_adce2157,eps_slow,train,517,123,easy,5,5,0.1,0.95,0.5961525594368005,default,100,-10.0,21,1,1,0,0,0.0019379000004846603,
eps_slow_123_adce2157,eps_slow,train,518,123,easy,5,5,0.1,0.95,0.5955564068773637,default,100,-14.0,25,1,1,0,0,0.0022272000060183927,
eps_slow_123_adce2157,eps_slow,train,519,123,easy,5,5,0.1,0.95,0.5949608504704863,default,100,-23.0,14,0,1,0,1,0.0011943999998038635,
eps_slow_123_adce2157,eps_slow,train,520,123,easy,5,5,0.1,0.95,0.5943658896200158,default,100,-14.0,25,1,1,0,0,0.002112599991960451,
eps_slow_123_adce2157,eps_slow,train,521,123,easy,5,5,0.1,0.95,0.5937715237303958,default,100,-15.0,26,1,1,0,0,0.0023083999985828996,
eps_slow_123_adce2157,eps_slow,train,522,123,easy,5,5,0.1,0.95,0.5931777522066654,default,100,-4.0,15,1,1,0,0,0.00163050000264775,
eps_slow_123_adce2157,eps_slow,train,523,123,easy,5,5,0.1,0.95,0.5925845744544587,default,100,-13.0,24,1,1,0,0,0.0022585999977309257,
eps_slow_123_adce2157,eps_slow,train,524,123,easy,5,5,0.1,0.95,0.5919919898800042,default,100,-23.0,14,0,1,0,1,0.0014590000064345077,
eps_slow_123_adce2157,eps_slow,train,525,123,easy,5,5,0.1,0.95,0.5913999978901242,default,100,-21.0,12,0,1,0,1,0.0012652000004891306,
eps_slow_123_adce2157,eps_slow,train,526,123,easy,5,5,0.1,0.95,0.590808597892234,default,100,-6.0,17,1,1,0,0,0.0018163999920943752,
eps_slow_123_adce2157,eps_slow,train,527,123,easy,5,5,0.1,0.95,0.5902177892943418,default,100,-22.0,33,1,1,0,0,0.003112100006546825,
eps_slow_123_adce2157,eps_slow,train,528,123,easy,5,5,0.1,0.95,0.5896275715050474,default,100,-12.0,23,1,1,0,0,0.0022049999970477074,
eps_slow_123_adce2157,eps_slow,train,529,123,easy,5,5,0.1,0.95,0.5890379439335424,default,100,-15.0,26,1,1,0,0,0.0023472000029869378,
eps_slow_123_adce2157,eps_slow,train,530,123,easy,5,5,0.1,0.95,0.5884489059896089,default,100,-15.0,6,0,1,0,1,0.0006180000054882839,
eps_slow_123_adce2157,eps_slow,train,531,123,easy,5,5,0.1,0.95,0.5878604570836192,default,100,-17.0,28,1,1,0,0,0.0026212999946437776,
eps_slow_123_adce2157,eps_slow,train,532,123,easy,5,5,0.1,0.95,0.5872725966265356,default,100,-4.0,15,1,1,0,0,0.001433600002201274,
eps_slow_123_adce2157,eps_slow,train,533,123,easy,5,5,0.1,0.95,0.5866853240299091,default,100,-15.0,26,1,1,0,0,0.0023010000004433095,
eps_slow_123_adce2157,eps_slow,train,534,123,easy,5,5,0.1,0.95,0.5860986387058792,default,100,2.0,9,1,1,0,0,0.0009500000014668331,
eps_slow_123_adce2157,eps_slow,train,535,123,easy,5,5,0.1,0.95,0.5855125400671733,default,100,-16.0,27,1,1,0,0,0.0025242999981855974,
eps_slow_123_adce2157,eps_slow,train,536,123,easy,5,5,0.1,0.95,0.5849270275271061,default,100,-41.0,32,0,1,0,1,0.0029741999896941707,
eps_slow_123_adce2157,eps_slow,train,537,123,easy,5,5,0.1,0.95,0.584342100499579,default,100,-19.0,30,1,1,0,0,0.00269430001208093,
eps_slow_123_adce2157,eps_slow,train,538,123,easy,5,5,0.1,0.95,0.5837577583990794,default,100,-11.0,22,1,1,0,0,0.0021410999906947836,
eps_slow_123_adce2157,eps_slow,train,539,123,easy,5,5,0.1,0.95,0.5831740006406804,default,100,0.0,11,1,1,0,0,0.0011823000095319003,
eps_slow_123_adce2157,eps_slow,train,540,123,easy,5,5,0.1,0.95,0.5825908266400397,default,100,1.0,10,1,1,0,0,0.0009343999990960583,
eps_slow_123_adce2157,eps_slow,train,541,123,easy,5,5,0.1,0.95,0.5820082358133997,default,100,-4.0,15,1,1,0,0,0.0015759000089019537,
eps_slow_123_adce2157,eps_slow,train,542,123,easy,5,5,0.1,0.95,0.5814262275775862,default,100,-2.0,13,1,1,0,0,0.0014449000009335577,
eps_slow_123_adce2157,eps_slow,train,543,123,easy,5,5,0.1,0.95,0.5808448013500086,default,100,-3.0,14,1,1,0,0,0.0015402999997604638,
eps_slow_123_adce2157,eps_slow,train,544,123,easy,5,5,0.1,0.95,0.5802639565486586,default,100,-6.0,17,1,1,0,0,0.001803999999538064,
eps_slow_123_adce2157,eps_slow,train,545,123,easy,5,5,0.1,0.95,0.57968369259211,default,100,-1.0,12,1,1,0,0,0.0013635000068461522,
eps_slow_123_adce2157,eps_slow,train,546,123,easy,5,5,0.1,0.95,0.5791040088995179,default,100,-3.0,14,1,1,0,0,0.0013898999895900488,
eps_slow_123_adce2157,eps_slow,train,547,123,easy,5,5,0.1,0.95,0.5785249048906184,default,100,-29.0,40,1,1,0,0,0.003391999998711981,
eps_slow_123_adce2157,eps_slow,train,548,123,easy,5,5,0.1,0.95,0.5779463799857277,default,100,-11.0,22,1,1,0,0,0.0019699999975273386,
eps_slow_123_adce2157,eps_slow,train,549,123,easy,5,5,0.1,0.95,0.577368433605742,default,100,0.0,11,1,1,0,0,0.0012049999932060018,
eps_slow_123_adce2157,eps_slow,train,550,123,easy,5,5,0.1,0.95,0.5767910651721362,default,100,-1.0,12,1,1,0,0,0.001342500007012859,
eps_slow_123_adce2157,eps_slow,train,551,123,easy,5,5,0.1,0.95,0.576214274106964,default,100,-34.0,45,1,1,0,0,0.004037499995320104,
eps_slow_123_adce2157,eps_slow,train,552,123,easy,5,5,0.1,0.95,0.5756380598328571,default,100,-6.0,17,1,1,0,0,0.0018029999919235706,
eps_slow_123_adce2157,eps_slow,train,553,123,easy,5,5,0.1,0.95,0.5750624217730242,default,100,-18.0,29,1,1,0,0,0.0027249999984633178,
eps_slow_123_adce2157,eps_slow,train,554,123,easy,5,5,0.1,0.95,0.5744873593512512,default,100,-4.0,15,1,1,0,0,0.0016152000025613233,
eps_slow_123_adce2157,eps_slow,train,555,123,easy,5,5,0.1,0.95,0.5739128719918999,default,100,-32.0,23,0,1,0,1,0.00197870000556577,
eps_slow_123_adce2157,eps_slow,train,556,123,easy,5,5,0.1,0.95,0.573338959119908,default,100,-3.0,14,1,1,0,0,0.0015322000108426437,
eps_slow_123_adce2157,eps_slow,train,557,123,easy,5,5,0.1,0.95,0.572765620160788,default,100,-12.0,23,1,1,0,0,0.0022231999901123345,
eps_slow_123_adce2157,eps_slow,train,558,123,easy,5,5,0.1,0.95,0.5721928545406272,default,100,-11.0,22,1,1,0,0,0.002074399992125109,
eps_slow_123_adce2157,eps_slow,train,559,123,easy,5,5,0.1,0.95,0.5716206616860866,default,100,-22.0,13,0,1,0,1,0.0012978000013390556,
eps_slow_123_adce2157,eps_slow,train,560,123,easy,5,5,0.1,0.95,0.5710490410244006,default,100,-10.0,21,1,1,0,0,0.002173800006858073,
eps_slow_123_adce2157,eps_slow,train,561,123,easy,5,5,0.1,0.95,0.5704779919833761,default,100,-4.0,15,1,1,0,0,0.0016968999989330769,
eps_slow_123_adce2157,eps_slow,train,562,123,easy,5,5,0.1,0.95,0.5699075139913927,default,100,-6.0,17,1,1,0,0,0.0017833000019891188,
eps_slow_123_adce2157,eps_slow,train,563,123,easy,5,5,0.1,0.95,0.5693376064774013,default,100,-6.0,17,1,1,0,0,0.0017699000018183142,
eps_slow_123_adce2157,eps_slow,train,564,123,easy,5,5,0.1,0.95,0.5687682688709239,default,100,-15.0,26,1,1,0,0,0.002429700005450286,
eps_slow_123_adce2157,eps_slow,train,565,123,easy,5,5,0.1,0.95,0.5681995006020529,default,100,-5.0,16,1,1,0,0,0.0015063000028021634,
eps_slow_123_adce2157,eps_slow,train,566,123,easy,5,5,0.1,0.95,0.5676313011014509,default,100,-3.0,14,1,1,0,0,0.0014495000068563968,
eps_slow_123_adce2157,eps_slow,train,567,123,easy,5,5,0.1,0.95,0.5670636698003494,default,100,-5.0,16,1,1,0,0,0.0016926999960560352,
eps_slow_123_adce2157,eps_slow,train,568,123,easy,5,5,0.1,0.95,0.5664966061305491,default,100,-5.0,16,1,1,0,0,0.0016918000037549064,
eps_slow_123_adce2157,eps_slow,train,569,123,easy,5,5,0.1,0.95,0.5659301095244186,default,100,-11.0,22,1,1,0,0,0.00211200000194367,
eps_slow_123_adce2157,eps_slow,train,570,123,easy,5,5,0.1,0.95,0.5653641794148941,default,100,-48.0,39,0,1,0,1,0.0033968000061577186,
eps_slow_123_adce2157,eps_slow,train,571,123,easy,5,5,0.1,0.95,0.5647988152354793,default,100,1.0,10,1,1,0,0,0.0011669000086840242,
eps_slow_123_adce2157,eps_slow,train,572,123,easy,5,5,0.1,0.95,0.5642340164202437,default,100,-2.0,13,1,1,0,0,0.0014459999947575852,
eps_slow_123_adce2157,eps_slow,train,573,123,easy,5,5,0.1,0.95,0.5636697824038235,default,100,-10.0,21,1,1,0,0,0.0018985000060638413,
eps_slow_123_adce2157,eps_slow,train,574,123,easy,5,5,0.1,0.95,0.5631061126214196,default,100,-14.0,25,1,1,0,0,0.002316899990546517,
eps_slow_123_adce2157,eps_slow,train,575,123,easy,5,5,0.1,0.95,0.5625430065087982,default,100,-5.0,16,1,1,0,0,0.001650199992582202,
eps_slow_123_adce2157,eps_slow,train,576,123,easy,5,5,0.1,0.95,0.5619804635022894,default,100,-24.0,35,1,1,0,0,0.0031070000113686547,
eps_slow_123_adce2157,eps_slow,train,577,123,easy,5,5,0.1,0.95,0.561418483038787,default,100,-8.0,19,1,1,0,0,0.0019489999976940453,
eps_slow_123_adce2157,eps_slow,train,578,123,easy,5,5,0.1,0.95,0.5608570645557482,default,100,-8.0,19,1,1,0,0,0.0020641000010073185,
eps_slow_123_adce2157,eps_slow,train,579,123,easy,5,5,0.1,0.95,0.5602962074911925,default,100,-5.0,16,1,1,0,0,0.0016555000038351864,
eps_slow_123_adce2157,eps_slow,train,580,123,easy,5,5,0.1,0.95,0.5597359112837013,default,100,-9.0,20,1,1,0,0,0.0019401000026846305,
eps_slow_123_adce2157,eps_slow,train,581,123,easy,5,5,0.1,0.95,0.5591761753724176,default,100,-6.0,17,1,1,0,0,0.0017231999954674393,
eps_slow_123_adce2157,eps_slow,train,582,123,easy,5,5,0.1,0.95,0.5586169991970452,default,100,-13.0,24,1,1,0,0,0.002226700002211146,
eps_slow_123_adce2157,eps_slow,train,583,123,easy,5,5,0.1,0.95,0.5580583821978482,default,100,2.0,9,1,1,0,0,0.0010947999980999157,
eps_slow_123_adce2157,eps_slow,train,584,123,easy,5,5,0.1,0.95,0.5575003238156504,default,100,-8.0,19,1,1,0,0,0.0018588999955682084,
eps_slow_123_adce2157,eps_slow,train,585,123,easy,5,5,0.1,0.95,0.5569428234918348,default,100,-2.0,13,1,1,0,0,0.0015090999950189143,
eps_slow_123_adce2157,eps_slow,train,586,123,easy,5,5,0.1,0.95,0.5563858806683429,default,100,-9.0,20,1,1,0,0,0.001965800009202212,
eps_slow_123_adce2157,eps_slow,train,587,123,easy,5,5,0.1,0.95,0.5558294947876746,default,100,-19.0,30,1,1,0,0,0.0027187999949092045,
eps_slow_123_adce2157,eps_slow,train,588,123,easy,5,5,0.1,0.95,0.5552736652928869,default,100,-8.0,19,1,1,0,0,0.0017020999948726967,
eps_slow_123_adce2157,eps_slow,train,589,123,easy,5,5,0.1,0.95,0.5547183916275941,default,100,-3.0,14,1,1,0,0,0.001503700012108311,
eps_slow_123_adce2157,eps_slow,train,590,123,easy,5,5,0.1,0.95,0.5541636732359665,default,100,-6.0,17,1,1,0,0,0.0017699000018183142,
eps_slow_123_adce2157,eps_slow,train,591,123,easy,5,5,0.1,0.95,0.5536095095627305,default,100,2.0,9,1,1,0,0,0.0011431999882915989,
eps_slow_123_adce2157,eps_slow,train,592,123,easy,5,5,0.1,0.95,0.5530559000531677,default,100,-4.0,15,1,1,0,0,0.0015696000045863912,
eps_slow_123_adce2157,eps_slow,train,593,123,easy,5,5,0.1,0.95,0.5525028441531146,default,100,-6.0,17,1,1,0,0,0.0016982000088319182,
eps_slow_123_adce2157,eps_slow,train,594,123,easy,5,5,0.1,0.95,0.5519503413089615,default,100,-22.0,13,0,1,0,1,0.0013399999879766256,
eps_slow_123_adce2157,eps_slow,train,595,123,easy,5,5,0.1,0.95,0.5513983909676525,default,100,-14.0,25,1,1,0,0,0.002495200009434484,
eps_slow_123_adce2157,eps_slow,train,596,123,easy,5,5,0.1,0.95,0.5508469925766849,default,100,1.0,10,1,1,0,0,0.0012682999949902296,
eps_slow_123_adce2157,eps_slow,train,597,123,easy,5,5,0.1,0.95,0.5502961455841082,default,100,-10.0,21,1,1,0,0,0.002082999999402091,
eps_slow_123_adce2157,eps_slow,train,598,123,easy,5,5,0.1,0.95,0.5497458494385241,default,100,-2.0,13,1,1,0,0,0.0013797999999951571,
eps_slow_123_adce2157,eps_slow,train,599,123,easy,5,5,0.1,0.95,0.5491961035890855,default,100,-13.0,24,1,1,0,0,0.0022683999995933846,
eps_slow_123_adce2157,eps_slow,train,600,123,easy,5,5,0.1,0.95,0.5486469074854965,default,100,-19.0,10,0,1,0,1,0.0011088000028394163,results\epsilon\slow\seed_123\qtable_ep600.npz
eps_slow_123_adce2157,eps_slow,train,601,123,easy,5,5,0.1,0.95,0.548098260578011,default,100,-2.0,13,1,1,0,0,0.0014309999969555065,
eps_slow_123_adce2157,eps_slow,train,602,123,easy,5,5,0.1,0.95,0.547550162317433,default,100,3.0,8,1,1,0,0,0.0010533000022405759,
eps_slow_123_adce2157,eps_slow,train,603,123,easy,5,5,0.1,0.95,0.5470026121551156,default,100,-7.0,18,1,1,0,0,0.0017564000008860603,
eps_slow_123_adce2157,eps_slow,train,604,123,easy,5,5,0.1,0.95,0.5464556095429605,default,100,-7.0,18,1,1,0,0,0.0017266000068048015,
eps_slow_123_adce2157,eps_slow,train,605,123,easy,5,5,0.1,0.95,0.5459091539334175,default,100,-27.0,18,0,1,0,1,0.0016054000006988645,
eps_slow_123_adce2157,eps_slow,train,606,123,easy,5,5,0.1,0.95,0.5453632447794842,default,100,-8.0,19,1,1,0,0,0.0018007000035140663,
eps_slow_123_adce2157,eps_slow,train,607,123,easy,5,5,0.1,0.95,0.5448178815347047,default,100,-1.0,12,1,1,0,0,0.0013223999994806945,
eps_slow_123_adce2157,eps_slow,train,608,123,easy,5,5,0.1,0.95,0.54427306365317,default,100,-18.0,29,1,1,0,0,0.002578399988124147,
eps_slow_123_adce2157,eps_slow,train,609,123,easy,5,5,0.1,0.95,0.5437287905895168,default,100,-4.0,15,1,1,0,0,0.0016209000023081899,
eps_slow_123_adce2157,eps_slow,train,610,123,easy,5,5,0.1,0.95,0.5431850617989273,default,100,-13.0,24,1,1,0,0,0.0021898999984841794,
eps_slow_123_adce2157,eps_slow,train,611,123,easy,5,5,0.1,0.95,0.5426418767371284,default,100,-9.0,20,1,1,0,0,0.0018733999895630404,
eps_slow_123_adce2157,eps_slow,train,612,123,easy,5,5,0.1,0.95,0.5420992348603912,default,100,-22.0,33,1,1,0,0,0.0029871000006096438,
eps_slow_123_adce2157,eps_slow,train,613,123,easy,5,5,0.1,0.95,0.5415571356255309,default,100,-5.0,16,1,1,0,0,0.0016314999957103282,
eps_slow_123_adce2157,eps_slow,train,614,123,easy,5,5,0.1,0.95,0.5410155784899053,default,100,-3.0,14,1,1,0,0,0.0014568000042345375,
eps_slow_123_adce2157,eps_slow,train,615,123,easy,5,5,0.1,0.95,0.5404745629114154,default,100,-3.0,14,1,1,0,0,0.001534800001536496,
eps_slow_123_adce2157,eps_slow,train,616,123,easy,5,5,0.1,0.95,0.539934088348504,default,100,-10.0,21,1,1,0,0,0.0019743000011658296,
eps_slow_123_adce2157,eps_slow,train,617,123,easy,5,5,0.1,0.95,0.5393941542601555,default,100,-14.0,25,1,1,0,0,0.0024322999961441383,
eps_slow_123_adce2157,eps_slow,train,618,123,easy,5,5,0.1,0.95,0.5388547601058953,default,100,-1.0,12,1,1,0,0,0.0012168999965069816,
eps_slow_123_adce2157,eps_slow,train,619,123,easy,5,5,0.1,0.95,0.5383159053457894,default,100,-6.0,17,1,1,0,0,0.001743100001476705,
eps_slow_123_adce2157,eps_slow,train,620,123,easy,5,5,0.1,0.95,0.5377775894404436,default,100,-6.0,17,1,1,0,0,0.0017592999938642606,
eps_slow_123_adce2157,eps_slow,train,621,123,easy,5,5,0.1,0.95,0.5372398118510032,default,100,-2.0,13,1,1,0,0,0.0014555000088876113,
eps_slow_123_adce2157,eps_slow,train,622,123,easy,5,5,0.1,0.95,0.5367025720391522,default,100,-7.0,18,1,1,0,0,0.0018354000058025122,
eps_slow_123_adce2157,eps_slow,train,623,123,easy,5,5,0.1,0.95,0.536165869467113,default,100,-6.0,17,1,1,0,0,0.001754799988702871,
eps_slow_123_adce2157,eps_slow,train,624,123,easy,5,5,0.1,0.95,0.5356297035976458,default,100,-20.0,31,1,1,0,0,0.0029107000009389594,
eps_slow_123_adce2157,eps_slow,train,625,123,easy,5,5,0.1,0.95,0.5350940738940482,default,100,-6.0,17,1,1,0,0,0.001808300003176555,
eps_slow_123_adce2157,eps_slow,train,626,123,easy,5,5,0.1,0.95,0.5345589798201541,default,100,1.0,10,1,1,0,0,0.0012177999888081104,
eps_slow_123_adce2157,eps_slow,train,627,123,easy,5,5,0.1,0.95,0.534024420840334,default,100,-9.0,20,1,1,0,0,0.0019343000021763146,
eps_slow_123_adce2157,eps_slow,train,628,123,easy,5,5,0.1,0.95,0.5334903964194936,default,100,-3.0,14,1,1,0,0,0.0013420000032056123,
eps_slow_123_adce2157,eps_slow,train,629,123,easy,5,5,0.1,0.95,0.5329569060230741,default,100,-11.0,22,1,1,0,0,0.0020714999991469085,
eps_slow_123_adce2157,eps_slow,train,630,123,easy,5,5,0.1,0.95,0.532423949117051,default,100,-6.0,17,1,1,0,0,0.001741800006129779,
eps_slow_123_adce2157,eps_slow,train,631,123,easy,5,5,0.1,0.95,0.531891525167934,default,100,-3.0,14,1,1,0,0,0.001542199999676086,
eps_slow_123_adce2157,eps_slow,train,632,123,easy,5,5,0.1,0.95,0.5313596336427661,default,100,-3.0,14,1,1,0,0,0.0015366000006906688,
eps_slow_123_adce2157,eps_slow,train,633,123,easy,5,5,0.1,0.95,0.5308282740091232,default,100,1.0,10,1,1,0,0,0.0011001999955624342,
eps_slow_123_adce2157,eps_slow,train,634,123,easy,5,5,0.1,0.95,0.5302974457351142,default,100,-19.0,30,1,1,0,0,0.002819800007273443,
eps_slow_123_adce2157,eps_slow,train,635,123,easy,5,5,0.1,0.95,0.5297671482893791,default,100,-1.0,12,1,1,0,0,0.001337599998805672,
eps_slow_123_adce2157,eps_slow,train,636,123,easy,5,5,0.1,0.95,0.5292373811410898,default,100,-12.0,23,1,1,0,0,0.0022336999973049387,
eps_slow_123_adce2157,eps_slow,train,637,123,easy,5,5,0.1,0.95,0.5287081437599487,default,100,-4.0,15,1,1,0,0,0.0015578000020468608,
eps_slow_123_adce2157,eps_slow,train,638,123,easy,5,5,0.1,0.95,0.5281794356161887,default,100,-8.0,19,1,1,0,0,0.0018465000030118972,
eps_slow_123_adce2157,eps_slow,train,639,123,easy,5,5,0.1,0.95,0.5276512561805725,default,100,-16.0,27,1,1,0,0,0.0025939000042853877,
eps_slow_123_adce2157,eps_slow,train,640,123,easy,5,5,0.1,0.95,0.5271236049243919,default,100,-7.0,18,1,1,0,0,0.0017198999994434416,
eps_slow_123_adce2157,eps_slow,train,641,123,easy,5,5,0.1,0.95,0.5265964813194676,default,100,-3.0,14,1,1,0,0,0.0015263999957824126,
eps_slow_123_adce2157,eps_slow,train,642,123,easy,5,5,0.1,0.95,0.5260698848381481,default,100,-2.0,13,1,1,0,0,0.0014377000043168664,
eps_slow_123_adce2157,eps_slow,train,643,123,easy,5,5,0.1,0.95,0.5255438149533099,default,100,-18.0,29,1,1,0,0,0.002634699994814582,
eps_slow_123_adce2157,eps_slow,train,644,123,easy,5,5,0.1,0.95,0.5250182711383566,default,100,-11.0,22,1,1,0,0,0.0022422000038204715,
eps_slow_123_adce2157,eps_slow,train,645,123,easy,5,5,0.1,0.95,0.5244932528672183,default,100,-15.0,26,1,1,0,0,0.002518099994631484,
eps_slow_123_adce2157,eps_slow,train,646,123,easy,5,5,0.1,0.95,0.5239687596143511,default,100,0.0,11,1,1,0,0,0.001256999996257946,
eps_slow_123_adce2157,eps_slow,train,647,123,easy,5,5,0.1,0.95,0.5234447908547367,default,100,-4.0,15,1,1,0,0,0.0014910000027157366,
eps_slow_123_adce2157,eps_slow,train,648,123,easy,5,5,0.1,0.95,0.522921346063882,default,100,-13.0,24,1,1,0,0,0.0024359999952139333,
eps_slow_123_adce2157,eps_slow,train,649,123,easy,5,5,0.1,0.95,0.522398424717818,default,100,-29.0,20,0,1,0,1,0.001865199999883771,
eps_slow_123_adce2157,eps_slow,train,650,123,easy,5,5,0.1,0.95,0.5218760262931003,default,100,-3.0,14,1,1,0,0,0.0014909000019542873,
eps_slow_123_adce2157,eps_slow,train,651,123,easy,5,5,0.1,0.95,0.5213541502668072,default,100,-5.0,16,1,1,0,0,0.0016341000009560958,
eps_slow_123_adce2157,eps_slow,train,652,123,easy,5,5,0.1,0.95,0.5208327961165404,default,100,-5.0,16,1,1,0,0,0.0016355999978259206,
eps_slow_123_adce2157,eps_slow,train,653,123,easy,5,5,0.1,0.95,0.5203119633204238,default,100,-28.0,19,0,1,0,1,0.0017752999992808327,
eps_slow_123_adce2157,eps_slow,train,654,123,easy,5,5,0.1,0.95,0.5197916513571034,default,100,-23.0,14,0,1,0,1,0.0013964999961899593,
eps_slow_123_adce2157,eps_slow,train,655,123,easy,5,5,0.1,0.95,0.5192718597057463,default,100,-1.0,12,1,1,0,0,0.001293999986955896,
eps_slow_123_adce2157,eps_slow,train,656,123,easy,5,5,0.1,0.95,0.5187525878460405,default,100,-8.0,19,1,1,0,0,0.0019016999867744744,
eps_slow_123_adce2157,eps_slow,train,657,123,easy,5,5,0.1,0.95,0.5182338352581944,default,100,2.0,9,1,1,0,0,0.0016887000092538074,
eps_slow_123_adce2157,eps_slow,train,658,123,easy,5,5,0.1,0.95,0.5177156014229363,default,100,-18.0,29,1,1,0,0,0.0033639000030234456,
eps_slow_123_adce2157,eps_slow,train,659,123,easy,5,5,0.1,0.95,0.5171978858215134,default,100,-4.0,15,1,1,0,0,0.0016582999960519373,
eps_slow_123_adce2157,eps_slow,train,660,123,easy,5,5,0.1,0.95,0.5166806879356919,default,100,-15.0,26,1,1,0,0,0.0024452000070596114,
eps_slow_123_adce2157,eps_slow,train,661,123,easy,5,5,0.1,0.95,0.5161640072477562,default,100,-22.0,33,1,1,0,0,0.0030338000069605187,
eps_slow_123_adce2157,eps_slow,train,662,123,easy,5,5,0.1,0.95,0.5156478432405085,default,100,-5.0,16,1,1,0,0,0.0017376999894622713,
eps_slow_123_adce2157,eps_slow,train,663,123,easy,5,5,0.1,0.95,0.515132195397268,default,100,-1.0,12,1,1,0,0,0.0016787000058684498,
eps_slow_123_adce2157,eps_slow,train,664,123,easy,5,5,0.1,0.95,0.5146170632018707,default,100,-18.0,29,1,1,0,0,0.0028279999969527125,
eps_slow_123_adce2157,eps_slow,train,665,123,easy,5,5,0.1,0.95,0.5141024461386688,default,100,-15.0,26,1,1,0,0,0.00279210000007879,
eps_slow_123_adce2157,eps_slow,train,666,123,easy,5,5,0.1,0.95,0.5135883436925301,default,100,0.0,11,1,1,0,0,0.001371199992718175,
eps_slow_123_adce2157,eps_slow,train,667,123,easy,5,5,0.1,0.95,0.5130747553488376,default,100,-10.0,21,1,1,0,0,0.0022301999997580424,
eps_slow_123_adce2157,eps_slow,train,668,123,easy,5,5,0.1,0.95,0.5125616805934888,default,100,2.0,9,1,1,0,0,0.0010617999942041934,
eps_slow_123_adce2157,eps_slow,train,669,123,easy,5,5,0.1,0.95,0.5120491189128954,default,100,-7.0,18,1,1,0,0,0.002157100010663271,
eps_slow_123_adce2157,eps_slow,train,670,123,easy,5,5,0.1,0.95,0.5115370697939825,default,100,-1.0,12,1,1,0,0,0.0013800000015180558,
eps_slow_123_adce2157,eps_slow,train,671,123,easy,5,5,0.1,0.95,0.5110255327241885,default,100,2.0,9,1,1,0,0,0.0011038999946322292,
eps_slow_123_adce2157,eps_slow,train,672,123,easy,5,5,0.1,0.95,0.5105145071914643,default,100,-21.0,12,0,1,0,1,0.0014610999933211133,
eps_slow_123_adce2157,eps_slow,train,673,123,easy,5,5,0.1,0.95,0.5100039926842729,default,100,-3.0,14,1,1,0,0,0.001607400001375936,
eps_slow_123_adce2157,eps_slow,train,674,123,easy,5,5,0.1,0.95,0.5094939886915886,default,100,-4.0,15,1,1,0,0,0.0016173000039998442,
eps_slow_123_adce2157,eps_slow,train,675,123,easy,5,5,0.1,0.95,0.508984494702897,default,100,-9.0,20,1,1,0,0,0.0019078999903285876,
eps_slow_123_adce2157,eps_slow,train,676,123,easy,5,5,0.1,0.95,0.508475510208194,default,100,3.0,8,1,1,0,0,0.0010539000068092719,
eps_slow_123_adce2157,eps_slow,train,677,123,easy,5,5,0.1,0.95,0.5079670346979859,default,100,-7.0,18,1,1,0,0,0.002029199997195974,
eps_slow_123_adce2157,eps_slow,train,678,123,easy,5,5,0.1,0.95,0.5074590676632879,default,100,0.0,11,1,1,0,0,0.0014024999982211739,
eps_slow_123_adce2157,eps_slow,train,679,123,easy,5,5,0.1,0.95,0.5069516085956246,default,100,-5.0,16,1,1,0,0,0.0017148000042652711,
eps_slow_123_adce2157,eps_slow,train,680,123,easy,5,5,0.1,0.95,0.506444656987029,default,100,-2.0,13,1,1,0,0,0.001552000001538545,
eps_slow_123_adce2157,eps_slow,train,681,123,easy,5,5,0.1,0.95,0.505938212330042,default,100,-4.0,15,1,1,0,0,0.0016120999935083091,
eps_slow_123_adce2157,eps_slow,train,682,123,easy,5,5,0.1,0.95,0.505432274117712,default,100,-4.0,15,1,1,0,0,0.0015909999929135665,
eps_slow_123_adce2157,eps_slow,train,683,123,easy,5,5,0.1,0.95,0.5049268418435943,default,100,2.0,9,1,1,0,0,0.0010611000034259632,
eps_slow_123_adce2157,eps_slow,train,684,123,easy,5,5,0.1,0.95,0.5044219150017507,default,100,-2.0,13,1,1,0,0,0.0014153000083751976,
eps_slow_123_adce2157,eps_slow,train,685,123,easy,5,5,0.1,0.95,0.5039174930867489,default,100,-14.0,25,1,1,0,0,0.0028116000030422583,
eps_slow_123_adce2157,eps_slow,train,686,123,easy,5,5,0.1,0.95,0.5034135755936622,default,100,-5.0,16,1,1,0,0,0.0016632000042591244,
eps_slow_123_adce2157,eps_slow,train,687,123,easy,5,5,0.1,0.95,0.5029101620180685,default,100,1.0,10,1,1,0,0,0.0010747999913292006,
eps_slow_123_adce2157,eps_slow,train,688,123,easy,5,5,0.1,0.95,0.5024072518560504,default,100,-4.0,15,1,1,0,0,0.0015221000066958368,
eps_slow_123_adce2157,eps_slow,train,689,123,easy,5,5,0.1,0.95,0.5019048446041944,default,100,-7.0,18,1,1,0,0,0.0019280999986222014,
eps_slow_123_adce2157,eps_slow,train,690,123,easy,5,5,0.1,0.95,0.5014029397595902,default,100,1.0,10,1,1,0,0,0.0012595999869517982,
eps_slow_123_adce2157,eps_slow,train,691,123,easy,5,5,0.1,0.95,0.5009015368198305,default,100,-3.0,14,1,1,0,0,0.0017198999994434416,
eps_slow_123_adce2157,eps_slow,train,692,123,easy,5,5,0.1,0.95,0.5004006352830107,default,100,-6.0,17,1,1,0,0,0.0017708999948808923,
eps_slow_123_adce2157,eps_slow,train,693,123,easy,5,5,0.1,0.95,0.4999002346477277,default,100,-2.0,13,1,1,0,0,0.0013955999893369153,
eps_slow_123_adce2157,eps_slow,train,694,123,easy,5,5,0.1,0.95,0.49940033441307996,default,100,-16.0,27,1,1,0,0,0.0026328000094508752,
eps_slow_123_adce2157,eps_slow,train,695,123,easy,5,5,0.1,0.95,0.49890093407866687,default,100,-13.0,24,1,1,0,0,0.0024720000074012205,
eps_slow_123_adce2157,eps_slow,train,696,123,easy,5,5,0.1,0.95,0.4984020331445882,default,100,-5.0,16,1,1,0,0,0.001652300008572638,
eps_slow_123_adce2157,eps_slow,train,697,123,easy,5,5,0.1,0.95,0.4979036311114436,default,100,-3.0,14,1,1,0,0,0.0018450999923516065,
eps_slow_123_adce2157,eps_slow,train,698,123,easy,5,5,0.1,0.95,0.4974057274803321,default,100,-2.0,13,1,1,0,0,0.001552300003822893,
eps_slow_123_adce2157,eps_slow,train,699,123,easy,5,5,0.1,0.95,0.49690832175285177,default,100,-1.0,12,1,1,0,0,0.0013082000077702105,
eps_slow_123_adce2157,eps_slow,train,700,123,easy,5,5,0.1,0.95,0.4964114134310989,default,100,-4.0,15,1,1,0,0,0.0016808000073069707,
eps_slow_123_adce2157,eps_slow,train,701,123,easy,5,5,0.1,0.95,0.4959150020176678,default,100,-7.0,18,1,1,0,0,0.001948899996932596,
eps_slow_123_adce2157,eps_slow,train,702,123,easy,5,5,0.1,0.95,0.49541908701565013,default,100,-1.0,12,1,1,0,0,0.0011568000045372173,
eps_slow_123_adce2157,eps_slow,train,703,123,easy,5,5,0.1,0.95,0.49492366792863446,default,100,-3.0,14,1,1,0,0,0.0015257000050041825,
eps_slow_123_adce2157,eps_slow,train,704,123,easy,5,5,0.1,0.95,0.4944287442607058,default,100,-4.0,15,1,1,0,0,0.0016620999958831817,
eps_slow_123_adce2157,eps_slow,train,705,123,easy,5,5,0.1,0.95,0.4939343155164451,default,100,-14.0,25,1,1,0,0,0.002443599994876422,
eps_slow_123_adce2157,eps_slow,train,706,123,easy,5,5,0.1,0.95,0.4934403812009287,default,100,-1.0,12,1,1,0,0,0.0013176999927964061,
eps_slow_123_adce2157,eps_slow,train,707,123,easy,5,5,0.1,0.95,0.4929469408197278,default,100,-9.0,20,1,1,0,0,0.0018551999964984134,
eps_slow_123_adce2157,eps_slow,train,708,123,easy,5,5,0.1,0.95,0.49245399387890804,default,100,-4.0,15,1,1,0,0,0.0015214000013656914,
eps_slow_123_adce2157,eps_slow,train,709,123,easy,5,5,0.1,0.95,0.4919615398850291,default,100,-2.0,13,1,1,0,0,0.0012614000006578863,
eps_slow_123_adce2157,eps_slow,train,710,123,easy,5,5,0.1,0.95,0.4914695783451441,default,100,-13.0,24,1,1,0,0,0.002587199996924028,
eps_slow_123_adce2157,eps_slow,train,711,123,easy,5,5,0.1,0.95,0.4909781087667989,default,100,3.0,8,1,1,0,0,0.0011622000019997358,
eps_slow_123_adce2157,eps_slow,train,712,123,easy,5,5,0.1,0.95,0.4904871306580321,default,100,2.0,9,1,1,0,0,0.0010344000038458034,
eps_slow_123_adce2157,eps_slow,train,713,123,easy,5,5,0.1,0.95,0.4899966435273741,default,100,-7.0,18,1,1,0,0,0.001779099999112077,
eps_slow_123_adce2157,eps_slow,train,714,123,easy,5,5,0.1,0.95,0.4895066468838467,default,100,-12.0,23,1,1,0,0,0.0023166000028140843,
eps_slow_123_adce2157,eps_slow,train,715,123,easy,5,5,0.1,0.95,0.48901714023696286,default,100,-1.0,12,1,1,0,0,0.0013178999943193048,
eps_slow_123_adce2157,eps_slow,train,716,123,easy,5,5,0.1,0.95,0.4885281230967259,default,100,-8.0,19,1,1,0,0,0.0018391999910818413,
eps_slow_123_adce2157,eps_slow,train,717,123,easy,5,5,0.1,0.95,0.48803959497362914,default,100,-18.0,29,1,1,0,0,0.002579500011052005,
eps_slow_123_adce2157,eps_slow,train,718,123,easy,5,5,0.1,0.95,0.4875515553786555,default,100,-1.0,12,1,1,0,0,0.001542199999676086,
eps_slow_123_adce2157,eps_slow,train,719,123,easy,5,5,0.1,0.95,0.48706400382327686,default,100,-5.0,16,1,1,0,0,0.0015621000056853518,
eps_slow_123_adce2157,eps_slow,train,720,123,easy,5,5,0.1,0.95,0.4865769398194536,default,100,-7.0,18,1,1,0,0,0.001822100006393157,
eps_slow_123_adce2157,eps_slow,train,721,123,easy,5,5,0.1,0.95,0.48609036287963414,default,100,0.0,11,1,1,0,0,0.0013762000016868114,
eps_slow_123_adce2157,eps_slow,train,722,123,easy,5,5,0.1,0.95,0.48560427251675453,default,100,1.0,10,1,1,0,0,0.0011243000044487417,
eps_slow_123_adce2157,eps_slow,train,723,123,easy,5,5,0.1,0.95,0.48511866824423777,default,100,-12.0,23,1,1,0,0,0.002219600006355904,
eps_slow_123_adce2157,eps_slow,train,724,123,easy,5,5,0.1,0.95,0.4846335495759935,default,100,-1.0,12,1,1,0,0,0.001264699996681884,
eps_slow_123_adce2157,eps_slow,train,725,123,easy,5,5,0.1,0.95,0.4841489160264175,default,100,-3.0,14,1,1,0,0,0.001440300009562634,
eps_slow_123_adce2157,eps_slow,train,726,123,easy,5,5,0.1,0.95,0.4836647671103911,default,100,-6.0,17,1,1,0,0,0.0017207999917445704,
eps_slow_123_adce2157,eps_slow,train,727,123,easy,5,5,0.1,0.95,0.4831811023432807,default,100,-14.0,25,1,1,0,0,0.0025133000017376617,
eps_slow_123_adce2157,eps_slow,train,728,123,easy,5,5,0.1,0.95,0.4826979212409374,default,100,-4.0,15,1,1,0,0,0.0015290000010281801,
eps_slow_123_adce2157,eps_slow,train,729,123,easy,5,5,0.1,0.95,0.48221522331969646,default,100,-5.0,16,1,1,0,0,0.0016121999942697585,
eps_slow_123_adce2157,eps_slow,train,730,123,easy,5,5,0.1,0.95,0.48173300809637676,default,100,-9.0,20,1,1,0,0,0.002059300008113496,
eps_slow_123_adce2157,eps_slow,train,731,123,easy,5,5,0.1,0.95,0.48125127508828036,default,100,-1.0,12,1,1,0,0,0.0013101999938953668,
eps_slow_123_adce2157,eps_slow,train,732,123,easy,5,5,0.1,0.95,0.48077002381319206,default,100,-6.0,17,1,1,0,0,0.0018133999983547255,
eps_slow_123_adce2157,eps_slow,train,733,123,easy,5,5,0.1,0.95,0.48028925378937887,default,100,1.0,10,1,1,0,0,0.0011077000090153888,
eps_slow_123_adce2157,eps_slow,train,734,123,easy,5,5,0.1,0.95,0.47980896453558947,default,100,-8.0,19,1,1,0,0,0.0018874000088544562,
eps_slow_123_adce2157,eps_slow,train,735,123,easy,5,5,0.1,0.95,0.4793291555710539,default,100,-3.0,14,1,1,0,0,0.0014983000000938773,
eps_slow_123_adce2157,eps_slow,train,736,123,easy,5,5,0.1,0.95,0.47884982641548285,default,100,-3.0,14,1,1,0,0,0.0015524000045843422,
eps_slow_123_adce2157,eps_slow,train,737,123,easy,5,5,0.1,0.95,0.47837097658906735,default,100,-5.0,16,1,1,0,0,0.0016321000002790242,
eps_slow_123_adce2157,eps_slow,train,738,123,easy,5,5,0.1,0.95,0.47789260561247826,default,100,1.0,10,1,1,0,0,0.00127420001081191,
eps_slow_123_adce2157,eps_slow,train,739,123,easy,5,5,0.1,0.95,0.4774147130068658,default,100,-13.0,24,1,1,0,0,0.0022152000019559637,
eps_slow_123_adce2157,eps_slow,train,740,123,easy,5,5,0.1,0.95,0.4769372982938589,default,100,-3.0,14,1,1,0,0,0.0014761999918846413,
eps_slow_123_adce2157,eps_slow,train,741,123,easy,5,5,0.1,0.95,0.47646036099556505,default,100,-3.0,14,1,1,0,0,0.0016181000100914389,
eps_slow_123_adce2157,eps_slow,train,742,123,easy,5,5,0.1,0.95,0.47598390063456947,default,100,-7.0,18,1,1,0,0,0.0016539999924134463,
eps_slow_123_adce2157,eps_slow,train,743,123,easy,5,5,0.1,0.95,0.4755079167339349,default,100,1.0,10,1,1,0,0,0.001186299996334128,
eps_slow_123_adce2157,eps_slow,train,744,123,easy,5,5,0.1,0.95,0.47503240881720094,default,100,-12.0,23,1,1,0,0,0.0021675000025425106,
eps_slow_123_adce2157,eps_slow,train,745,123,easy,5,5,0.1,0.95,0.47455737640838375,default,100,0.0,11,1,1,0,0,0.0013421000039670616,
eps_slow_123_adce2157,eps_slow,train,746,123,easy,5,5,0.1,0.95,0.47408281903197536,default,100,-4.0,15,1,1,0,0,0.0016439000028185546,
eps_slow_123_adce2157,eps_slow,train,747,123,easy,5,5,0.1,0.95,0.47360873621294336,default,100,0.0,11,1,1,0,0,0.0013474000006681308,
eps_slow_123_adce2157,eps_slow,train,748,123,easy,5,5,0.1,0.95,0.4731351274767304,default,100,-11.0,22,1,1,0,0,0.002139000003808178,
eps_slow_123_adce2157,eps_slow,train,749,123,easy,5,5,0.1,0.95,0.4726619923492537,default,100,2.0,9,1,1,0,0,0.0010517000046093017,
eps_slow_123_adce2157,eps_slow,train,750,123,easy,5,5,0.1,0.95,0.47218933035690447,default,100,-4.0,15,1,1,0,0,0.0015817999956198037,
eps_slow_123_adce2157,eps_slow,train,751,123,easy,5,5,0.1,0.95,0.47171714102654755,default,100,2.0,9,1,1,0,0,0.0012165000080130994,
eps_slow_123_adce2157,eps_slow,train,752,123,easy,5,5,0.1,0.95,0.471245423885521,default,100,-4.0,15,1,1,0,0,0.0017451000021537766,
eps_slow_123_adce2157,eps_slow,train,753,123,easy,5,5,0.1,0.95,0.47077417846163544,default,100,-3.0,14,1,1,0,0,0.0014457999932346866,
eps_slow_123_adce2157,eps_slow,train,754,123,easy,5,5,0.1,0.95,0.4703034042831738,default,100,-1.0,12,1,1,0,0,0.0012894000101368874,
eps_slow_123_adce2157,eps_slow,train,755,123,easy,5,5,0.1,0.95,0.46983310087889063,default,100,-1.0,12,1,1,0,0,0.0013387999933911487,
eps_slow_123_adce2157,eps_slow,train,756,123,easy,5,5,0.1,0.95,0.46936326777801174,default,100,-5.0,16,1,1,0,0,0.0016670999902999029,
eps_slow_123_adce2157,eps_slow,train,757,123,easy,5,5,0.1,0.95,0.4688939045102337,default,100,-2.0,13,1,1,0,0,0.0014771000132896006,
eps_slow_123_adce2157,eps_slow,train,758,123,easy,5,5,0.1,0.95,0.4684250106057235,default,100,-9.0,20,1,1,0,0,0.002020299987634644,
eps_slow_123_adce2157,eps_slow,train,759,123,easy,5,5,0.1,0.95,0.46795658559511777,default,100,-18.0,29,1,1,0,0,0.0025840000016614795,
eps_slow_123_adce2157,eps_slow,train,760,123,easy,5,5,0.1,0.95,0.46748862900952265,default,100,-11.0,22,1,1,0,0,0.002143999998224899,
eps_slow_123_adce2157,eps_slow,train,761,123,easy,5,5,0.1,0.95,0.4670211403805131,default,100,-2.0,13,1,1,0,0,0.001676300002145581,
eps_slow_123_adce2157,eps_slow,train,762,123,easy,5,5,0.1,0.95,0.4665541192401326,default,100,2.0,9,1,1,0,0,0.001062600000295788,
eps_slow_123_adce2157,eps_slow,train,763,123,easy,5,5,0.1,0.95,0.4660875651208925,default,100,-14.0,25,1,1,0,0,0.0025781000003917143,
eps_slow_123_adce2157,eps_slow,train,764,123,easy,5,5,0.1,0.95,0.4656214775557716,default,100,-1.0,12,1,1,0,0,0.0013589000009233132,
eps_slow_123_adce2157,eps_slow,train,765,123,easy,5,5,0.1,0.95,0.46515585607821586,default,100,0.0,11,1,1,0,0,0.001261600002180785,
eps_slow_123_adce2157,eps_slow,train,766,123,easy,5,5,0.1,0.95,0.46469070022213765,default,100,-1.0,12,1,1,0,0,0.001680999994277954,
eps_slow_123_adce2157,eps_slow,train,767,123,easy,5,5,0.1,0.95,0.4642260095219155,default,100,-6.0,17,1,1,0,0,0.0017019000079017133,
eps_slow_123_adce2157,eps_slow,train,768,123,easy,5,5,0.1,0.95,0.4637617835123936,default,100,-8.0,19,1,1,0,0,0.0020191999938106164,
eps_slow_123_adce2157,eps_slow,train,769,123,easy,5,5,0.1,0.95,0.46329802172888124,default,100,-4.0,15,1,1,0,0,0.0016181000100914389,
eps_slow_123_adce2157,eps_slow,train,770,123,easy,5,5,0.1,0.95,0.46283472370715234,default,100,-16.0,27,1,1,0,0,0.0026482999965082854,
eps_slow_123_adce2157,eps_slow,train,771,123,easy,5,5,0.1,0.95,0.46237188898344517,default,100,-18.0,29,1,1,0,0,0.002730599997448735,
eps_slow_123_adce2157,eps_slow,train,772,123,easy,5,5,0.1,0.95,0.4619095170944617,default,100,-2.0,13,1,1,0,0,0.0013307000044733286,
eps_slow_123_adce2157,eps_slow,train,773,123,easy,5,5,0.1,0.95,0.46144760757736725,default,100,-12.0,23,1,1,0,0,0.002304800000274554,
eps_slow_123_adce2157,eps_slow,train,774,123,easy,5,5,0.1,0.95,0.46098615996978987,default,100,2.0,9,1,1,0,0,0.0010077999904751778,
eps_slow_123_adce2157,eps_slow,train,775,123,easy,5,5,0.1,0.95,0.46052517380982005,default,100,-17.0,28,1,1,0,0,0.002758299990091473,
eps_slow_123_adce2157,eps_slow,train,776,123,easy,5,5,0.1,0.95,0.4600646486360102,default,100,-5.0,16,1,1,0,0,0.0017681000026641414,
eps_slow_123_adce2157,eps_slow,train,777,123,easy,5,5,0.1,0.95,0.4596045839873742,default,100,-4.0,15,1,1,0,0,0.0016578000067966059,
eps_slow_123_adce2157,eps_slow,train,778,123,easy,5,5,0.1,0.95,0.45914497940338683,default,100,-1.0,12,1,1,0,0,0.0013552999880630523,
eps_slow_123_adce2157,eps_slow,train,779,123,easy,5,5,0.1,0.95,0.4586858344239834,default,100,-11.0,22,1,1,0,0,0.0023068000009516254,
eps_slow_123_adce2157,eps_slow,train,780,123,easy,5,5,0.1,0.95,0.45822714858955943,default,100,-8.0,19,1,1,0,0,0.0019631000031949952,
eps_slow_123_adce2157,eps_slow,train,781,123,easy,5,5,0.1,0.95,0.45776892144096987,default,100,-1.0,12,1,1,0,0,0.0013987000129418448,
eps_slow_123_adce2157,eps_slow,train,782,123,easy,5,5,0.1,0.95,0.4573111525195289,default,100,-3.0,14,1,1,0,0,0.0017866000125650316,
eps_slow_123_adce2157,eps_slow,train,783,123,easy,5,5,0.1,0.95,0.4568538413670094,default,100,-4.0,15,1,1,0,0,0.0018123999907402322,
eps_slow_123_adce2157,eps_slow,train,784,123,easy,5,5,0.1,0.95,0.4563969875256424,default,100,0.0,11,1,1,0,0,0.0012805000005755574,
eps_slow_123_adce2157,eps_slow,train,785,123,easy,5,5,0.1,0.95,0.45594059053811675,default,100,2.0,9,1,1,0,0,0.001156700003775768,
eps_slow_123_adce2157,eps_slow,train,786,123,easy,5,5,0.1,0.95,0.45548464994757865,default,100,-2.0,13,1,1,0,0,0.0014299999893410131,
eps_slow_123_adce2157,eps_slow,train,787,123,easy,5,5,0.1,0.95,0.45502916529763104,default,100,-17.0,28,1,1,0,0,0.0027306999982101843,
eps_slow_123_adce2157,eps_slow,train,788,123,easy,5,5,0.1,0.95,0.45457413613233344,default,100,-4.0,15,1,1,0,0,0.0015745999990031123,
eps_slow_123_adce2157,eps_slow,train,789,123,easy,5,5,0.1,0.95,0.4541195619962011,default,100,-6.0,17,1,1,0,0,0.0017632000090088695,
eps_slow_123_adce2157,eps_slow,train,790,123,easy,5,5,0.1,0.95,0.4536654424342049,default,100,-3.0,14,1,1,0,0,0.0013951000000815839,
eps_slow_123_adce2157,eps_slow,train,791,123,easy,5,5,0.1,0.95,0.45321177699177073,default,100,-1.0,12,1,1,0,0,0.001266599996597506,
eps_slow_123_adce2157,eps_slow,train,792,123,easy,5,5,0.1,0.95,0.452758565214779,default,100,-1.0,12,1,1,0,0,0.001360399997793138,
eps_slow_123_adce2157,eps_slow,train,793,123,easy,5,5,0.1,0.95,0.4523058066495642,default,100,-3.0,14,1,1,0,0,0.0015361999976448715,
eps_slow_123_adce2157,eps_slow,train,794,123,easy,5,5,0.1,0.95,0.45185350084291465,default,100,1.0,10,1,1,0,0,0.0011614000104600564,
eps_slow_123_adce2157,eps_slow,train,795,123,easy,5,5,0.1,0.95,0.4514016473420717,default,100,0.0,11,1,1,0,0,0.0012420999992173165,
eps_slow_123_adce2157,eps_slow,train,796,123,easy,5,5,0.1,0.95,0.45095024569472963,default,100,-9.0,20,1,1,0,0,0.0019659999961731955,
eps_slow_123_adce2157,eps_slow,train,797,123,easy,5,5,0.1,0.95,0.4504992954490349,default,100,-4.0,15,1,1,0,0,0.0016058000037446618,
eps_slow_123_adce2157,eps_slow,train,798,123,easy,5,5,0.1,0.95,0.45004879615358584,default,100,-2.0,13,1,1,0,0,0.001516999996965751,
eps_slow_123_adce2157,eps_slow,train,799,123,easy,5,5,0.1,0.95,0.44959874735743227,default,100,1.0,10,1,1,0,0,0.0012075999984517694,
eps_slow_123_adce2157,eps_slow,train,800,123,easy,5,5,0.1,0.95,0.4491491486100748,default,100,-23.0,14,0,1,0,1,0.0014201000012690201,results\epsilon\slow\seed_123\qtable_ep800.npz
eps_slow_123_adce2157,eps_slow,eval,1,123,easy,5,5,0.1,0.95,0.0,default,100,-100.0,100,0,0,1,0,,
eps_slow_123_adce2157,eps_slow,eval,2,123,easy,5,5,0.1,0.95,0.0,default,100,-100.0,100,0,0,1,0,,
eps_slow_123_adce2157,eps_slow,eval,3,123,easy,5,5,0.1,0.95,0.0,default,100,-100.0,100,0,0,1,0,,
eps_slow_123_adce2157,eps_slow,eval,4,123,easy,5,5,0.1,0.95,0.0,default,100,-100.0,100,0,0,1,0,,
eps_slow_123_adce2157,eps_slow,eval,5,123,easy,5,5,0.1,0.95,0.0,default,100,-100.0,100,0,0,1,0,,
eps_slow_123_adce2157,eps_slow,eval,6,123,easy,5,5,0.1,0.95,0.0,default,100,-100.0,100,0,0,1,0,,
eps_slow_123_adce2157,eps_slow,eval,7,123,easy,5,5,0.1,0.95,0.0,default,100,-100.0,100,0,0,1,0,,
eps_slow_123_adce2157,eps_slow,eval,8,123,easy,5,5,0.1,0.95,0.0,default,100,-100.0,100,0,0,1,0,,
eps_slow_123_adce2157,eps_slow,eval,9,123,easy,5,5,0.1,0.95,0.0,default,100,-100.0,100,0,0,1,0,,
eps_slow_123_adce2157,eps_slow,eval,10,123,easy,5,5,0.1,0.95,0.0,default,100,-100.0,100,0,0,1,0,,
eps_slow_123_adce2157,eps_slow,eval,1,123,easy,5,5,0.1,0.95,0.0,default,100,-100.0,100,0,0,1,0,,
eps_slow_123_adce2157,eps_slow,eval,2,123,easy,5,5,0.1,0.95,0.0,default,100,-100.0,100,0,0,1,0,,
eps_slow_123_adce2157,eps_slow,eval,3,123,easy,5,5,0.1,0.95,0.0,default,100,-100.0,100,0,0,1,0,,
eps_slow_123_adce2157,eps_slow,eval,4,123,easy,5,5,0.1,0.95,0.0,default,100,-100.0,100,0,0,1,0,,
eps_slow_123_adce2157,eps_slow,eval,5,123,easy,5,5,0.1,0.95,0.0,default,100,-100.0,100,0,0,1,0,,
eps_slow_123_adce2157,eps_slow,eval,6,123,easy,5,5,0.1,0.95,0.0,default,100,-100.0,100,0,0,1,0,,
eps_slow_123_adce2157,eps_slow,eval,7,123,easy,5,5,0.1,0.95,0.0,default,100,-100.0,100,0,0,1,0,,
eps_slow_123_adce2157,eps_slow,eval,8,123,easy,5,5,0.1,0.95,0.0,default,100,-100.0,100,0,0,1,0,,
eps_slow_123_adce2157,eps_slow,eval,9,123,easy,5,5,0.1,0.95,0.0,default,100,-100.0,100,0,0,1,0,,
eps_slow_123_adce2157,eps_slow,eval,10,123,easy,5,5,0.1,0.95,0.0,default,100,-100.0,100,0,0,1,0,,
eps_slow_123_adce2157,eps_slow,eval,1,123,easy,5,5,0.1,0.95,0.0,default,100,-100.0,100,0,0,1,0,,
eps_slow_123_adce2157,eps_slow,eval,2,123,easy,5,5,0.1,0.95,0.0,default,100,-100.0,100,0,0,1,0,,
eps_slow_123_adce2157,eps_slow,eval,3,123,easy,5,5,0.1,0.95,0.0,default,100,-100.0,100,0,0,1,0,,
eps_slow_123_adce2157,eps_slow,eval,4,123,easy,5,5,0.1,0.95,0.0,default,100,-100.0,100,0,0,1,0,,
eps_slow_123_adce2157,eps_slow,eval,5,123,easy,5,5,0.1,0.95,0.0,default,100,-100.0,100,0,0,1,0,,
eps_slow_123_adce2157,eps_slow,eval,6,123,easy,5,5,0.1,0.95,0.0,default,100,-100.0,100,0,0,1,0,,
eps_slow_123_adce2157,eps_slow,eval,7,123,easy,5,5,0.1,0.95,0.0,default,100,-100.0,100,0,0,1,0,,
eps_slow_123_adce2157,eps_slow,eval,8,123,easy,5,5,0.1,0.95,0.0,default,100,-100.0,100,0,0,1,0,,
eps_slow_123_adce2157,eps_slow,eval,9,123,easy,5,5,0.1,0.95,0.0,default,100,-100.0,100,0,0,1,0,,
eps_slow_123_adce2157,eps_slow,eval,10,123,easy,5,5,0.1,0.95,0.0,default,100,-100.0,100,0,0,1,0,,
eps_slow_123_adce2157,eps_slow,eval,1,123,easy,5,5,0.1,0.95,0.0,default,100,-100.0,100,0,0,1,0,,
eps_slow_123_adce2157,eps_slow,eval,2,123,easy,5,5,0.1,0.95,0.0,default,100,-100.0,100,0,0,1,0,,
eps_slow_123_adce2157,eps_slow,eval,3,123,easy,5,5,0.1,0.95,0.0,default,100,-100.0,100,0,0,1,0,,
eps_slow_123_adce2157,eps_slow,eval,4,123,easy,5,5,0.1,0.95,0.0,default,100,-100.0,100,0,0,1,0,,
eps_slow_123_adce2157,eps_slow,eval,5,123,easy,5,5,0.1,0.95,0.0,default,100,-100.0,100,0,0,1,0,,
eps_slow_123_adce2157,eps_slow,eval,6,123,easy,5,5,0.1,0.95,0.0,default,100,-100.0,100,0,0,1,0,,
eps_slow_123_adce2157,eps_slow,eval,7,123,easy,5,5,0.1,0.95,0.0,default,100,-100.0,100,0,0,1,0,,
eps_slow_123_adce2157,eps_slow,eval,8,123,easy,5,5,0.1,0.95,0.0,default,100,-100.0,100,0,0,1,0,,
eps_slow_123_adce2157,eps_slow,eval,9,123,easy,5,5,0.1,0.95,0.0,default,100,-100.0,100,0,0,1,0,,
eps_slow_123_adce2157,eps_slow,eval,10,123,easy,5,5,0.1,0.95,0.0,default,100,-100.0,100,0,0,1,0,,
eps_slow_123_adce2157,eps_slow,eval,1,123,easy,5,5,0.1,0.95,0.0,default,100,-100.0,100,0,0,1,0,,
eps_slow_123_adce2157,eps_slow,eval,2,123,easy,5,5,0.1,0.95,0.0,default,100,-100.0,100,0,0,1,0,,
eps_slow_123_adce2157,eps_slow,eval,3,123,easy,5,5,0.1,0.95,0.0,default,100,-100.0,100,0,0,1,0,,
eps_slow_123_adce2157,eps_slow,eval,4,123,easy,5,5,0.1,0.95,0.0,default,100,-100.0,100,0,0,1,0,,
eps_slow_123_adce2157,eps_slow,eval,5,123,easy,5,5,0.1,0.95,0.0,default,100,-100.0,100,0,0,1,0,,
eps_slow_123_adce2157,eps_slow,eval,6,123,easy,5,5,0.1,0.95,0.0,default,100,-100.0,100,0,0,1,0,,
eps_slow_123_adce2157,eps_slow,eval,7,123,easy,5,5,0.1,0.95,0.0,default,100,-100.0,100,0,0,1,0,,
eps_slow_123_adce2157,eps_slow,eval,8,123,easy,5,5,0.1,0.95,0.0,default,100,-100.0,100,0,0,1,0,,
eps_slow_123_adce2157,eps_slow,eval,9,123,easy,5,5,0.1,0.95,0.0,default,100,-100.0,100,0,0,1,0,,
eps_slow_123_adce2157,eps_slow,eval,10,123,easy,5,5,0.1,0.95,0.0,default,100,-100.0,100,0,0,1,0,,
eps_slow_123_adce2157,eps_slow,eval,1,123,easy,5,5,0.1,0.95,0.0,default,100,3.0,8,1,1,0,0,,
eps_slow_123_adce2157,eps_slow,eval,2,123,easy,5,5,0.1,0.95,0.0,default,100,3.0,8,1,1,0,0,,
eps_slow_123_adce2157,eps_slow,eval,3,123,easy,5,5,0.1,0.95,0.0,default,100,3.0,8,1,1,0,0,,
eps_slow_123_adce2157,eps_slow,eval,4,123,easy,5,5,0.1,0.95,0.0,default,100,3.0,8,1,1,0,0,,
eps_slow_123_adce2157,eps_slow,eval,5,123,easy,5,5,0.1,0.95,0.0,default,100,3.0,8,1,1,0,0,,
eps_slow_123_adce2157,eps_slow,eval,6,123,easy,5,5,0.1,0.95,0.0,default,100,3.0,8,1,1,0,0,,
eps_slow_123_adce2157,eps_slow,eval,7,123,easy,5,5,0.1,0.95,0.0,default,100,3.0,8,1,1,0,0,,
eps_slow_123_adce2157,eps_slow,eval,8,123,easy,5,5,0.1,0.95,0.0,default,100,3.0,8,1,1,0,0,,
eps_slow_123_adce2157,eps_slow,eval,9,123,easy,5,5,0.1,0.95,0.0,default,100,3.0,8,1,1,0,0,,
eps_slow_123_adce2157,eps_slow,eval,10,123,easy,5,5,0.1,0.95,0.0,default,100,3.0,8,1,1,0,0,,
eps_slow_123_adce2157,eps_slow,eval,1,123,easy,5,5,0.1,0.95,0.0,default,100,3.0,8,1,1,0,0,,
eps_slow_123_adce2157,eps_slow,eval,2,123,easy,5,5,0.1,0.95,0.0,default,100,3.0,8,1,1,0,0,,
eps_slow_123_adce2157,eps_slow,eval,3,123,easy,5,5,0.1,0.95,0.0,default,100,3.0,8,1,1,0,0,,
eps_slow_123_adce2157,eps_slow,eval,4,123,easy,5,5,0.1,0.95,0.0,default,100,3.0,8,1,1,0,0,,
eps_slow_123_adce2157,eps_slow,eval,5,123,easy,5,5,0.1,0.95,0.0,default,100,3.0,8,1,1,0,0,,
eps_slow_123_adce2157,eps_slow,eval,6,123,easy,5,5,0.1,0.95,0.0,default,100,3.0,8,1,1,0,0,,
eps_slow_123_adce2157,eps_slow,eval,7,123,easy,5,5,0.1,0.95,0.0,default,100,3.0,8,1,1,0,0,,
eps_slow_123_adce2157,eps_slow,eval,8,123,easy,5,5,0.1,0.95,0.0,default,100,3.0,8,1,1,0,0,,
eps_slow_123_adce2157,eps_slow,eval,9,123,easy,5,5,0.1,0.95,0.0,default,100,3.0,8,1,1,0,0,,
eps_slow_123_adce2157,eps_slow,eval,10,123,easy,5,5,0.1,0.95,0.0,default,100,3.0,8,1,1,0,0,,
eps_slow_123_adce2157,eps_slow,eval,1,123,easy,5,5,0.1,0.95,0.0,default,100,3.0,8,1,1,0,0,,
eps_slow_123_adce2157,eps_slow,eval,2,123,easy,5,5,0.1,0.95,0.0,default,100,3.0,8,1,1,0,0,,
eps_slow_123_adce2157,eps_slow,eval,3,123,easy,5,5,0.1,0.95,0.0,default,100,3.0,8,1,1,0,0,,
eps_slow_123_adce2157,eps_slow,eval,4,123,easy,5,5,0.1,0.95,0.0,default,100,3.0,8,1,1,0,0,,
eps_slow_123_adce2157,eps_slow,eval,5,123,easy,5,5,0.1,0.95,0.0,default,100,3.0,8,1,1,0,0,,
eps_slow_123_adce2157,eps_slow,eval,6,123,easy,5,5,0.1,0.95,0.0,default,100,3.0,8,1,1,0,0,,
eps_slow_123_adce2157,eps_slow,eval,7,123,easy,5,5,0.1,0.95,0.0,default,100,3.0,8,1,1,0,0,,
eps_slow_123_adce2157,eps_slow,eval,8,123,easy,5,5,0.1,0.95,0.0,default,100,3.0,8,1,1,0,0,,
eps_slow_123_adce2157,eps_slow,eval,9,123,easy,5,5,0.1,0.95,0.0,default,100,3.0,8,1,1,0,0,,
eps_slow_123_adce2157,eps_slow,eval,10,123,easy,5,5,0.1,0.95,0.0,default,100,3.0,8,1,1,0,0,,
eps_slow_123_adce2157,eps_slow,eval,1,123,easy,5,5,0.1,0.95,0.0,default,100,3.0,8,1,1,0,0,,
eps_slow_123_adce2157,eps_slow,eval,2,123,easy,5,5,0.1,0.95,0.0,default,100,3.0,8,1,1,0,0,,
eps_slow_123_adce2157,eps_slow,eval,3,123,easy,5,5,0.1,0.95,0.0,default,100,3.0,8,1,1,0,0,,
eps_slow_123_adce2157,eps_slow,eval,4,123,easy,5,5,0.1,0.95,0.0,default,100,3.0,8,1,1,0,0,,
eps_slow_123_adce2157,eps_slow,eval,5,123,easy,5,5,0.1,0.95,0.0,default,100,3.0,8,1,1,0,0,,
eps_slow_123_adce2157,eps_slow,eval,6,123,easy,5,5,0.1,0.95,0.0,default,100,3.0,8,1,1,0,0,,
eps_slow_123_adce2157,eps_slow,eval,7,123,easy,5,5,0.1,0.95,0.0,default,100,3.0,8,1,1,0,0,,
eps_slow_123_adce2157,eps_slow,eval,8,123,easy,5,5,0.1,0.95,0.0,default,100,3.0,8,1,1,0,0,,
eps_slow_123_adce2157,eps_slow,eval,9,123,easy,5,5,0.1,0.95,0.0,default,100,3.0,8,1,1,0,0,,
eps_slow_123_adce2157,eps_slow,eval,10,123,easy,5,5,0.1,0.95,0.0,default,100,3.0,8,1,1,0,0,,
eps_slow_123_adce2157,eps_slow,eval,1,123,easy,5,5,0.1,0.95,0.0,default,100,3.0,8,1,1,0,0,,
eps_slow_123_adce2157,eps_slow,eval,2,123,easy,5,5,0.1,0.95,0.0,default,100,3.0,8,1,1,0,0,,
eps_slow_123_adce2157,eps_slow,eval,3,123,easy,5,5,0.1,0.95,0.0,default,100,3.0,8,1,1,0,0,,
eps_slow_123_adce2157,eps_slow,eval,4,123,easy,5,5,0.1,0.95,0.0,default,100,3.0,8,1,1,0,0,,
eps_slow_123_adce2157,eps_slow,eval,5,123,easy,5,5,0.1,0.95,0.0,default,100,3.0,8,1,1,0,0,,
eps_slow_123_adce2157,eps_slow,eval,6,123,easy,5,5,0.1,0.95,0.0,default,100,3.0,8,1,1,0,0,,
eps_slow_123_adce2157,eps_slow,eval,7,123,easy,5,5,0.1,0.95,0.0,default,100,3.0,8,1,1,0,0,,
eps_slow_123_adce2157,eps_slow,eval,8,123,easy,5,5,0.1,0.95,0.0,default,100,3.0,8,1,1,0,0,,
eps_slow_123_adce2157,eps_slow,eval,9,123,easy,5,5,0.1,0.95,0.0,default,100,3.0,8,1,1,0,0,,
eps_slow_123_adce2157,eps_slow,eval,10,123,easy,5,5,0.1,0.95,0.0,default,100,3.0,8,1,1,0,0,,
eps_slow_123_adce2157,eps_slow,eval,1,123,easy,5,5,0.1,0.95,0.0,default,100,3.0,8,1,1,0,0,,
eps_slow_123_adce2157,eps_slow,eval,2,123,easy,5,5,0.1,0.95,0.0,default,100,3.0,8,1,1,0,0,,
eps_slow_123_adce2157,eps_slow,eval,3,123,easy,5,5,0.1,0.95,0.0,default,100,3.0,8,1,1,0,0,,
eps_slow_123_adce2157,eps_slow,eval,4,123,easy,5,5,0.1,0.95,0.0,default,100,3.0,8,1,1,0,0,,
eps_slow_123_adce2157,eps_slow,eval,5,123,easy,5,5,0.1,0.95,0.0,default,100,3.0,8,1,1,0,0,,
eps_slow_123_adce2157,eps_slow,eval,6,123,easy,5,5,0.1,0.95,0.0,default,100,3.0,8,1,1,0,0,,
eps_slow_123_adce2157,eps_slow,eval,7,123,easy,5,5,0.1,0.95,0.0,default,100,3.0,8,1,1,0,0,,
eps_slow_123_adce2157,eps_slow,eval,8,123,easy,5,5,0.1,0.95,0.0,default,100,3.0,8,1,1,0,0,,
eps_slow_123_adce2157,eps_slow,eval,9,123,easy,5,5,0.1,0.95,0.0,default,100,3.0,8,1,1,0,0,,
eps_slow_123_adce2157,eps_slow,eval,10,123,easy,5,5,0.1,0.95,0.0,default,100,3.0,8,1,1,0,0,,
eps_slow_123_adce2157,eps_slow,eval,1,123,easy,5,5,0.1,0.95,0.0,default,100,3.0,8,1,1,0,0,,
eps_slow_123_adce2157,eps_slow,eval,2,123,easy,5,5,0.1,0.95,0.0,default,100,3.0,8,1,1,0,0,,
eps_slow_123_adce2157,eps_slow,eval,3,123,easy,5,5,0.1,0.95,0.0,default,100,3.0,8,1,1,0,0,,
eps_slow_123_adce2157,eps_slow,eval,4,123,easy,5,5,0.1,0.95,0.0,default,100,3.0,8,1,1,0,0,,
eps_slow_123_adce2157,eps_slow,eval,5,123,easy,5,5,0.1,0.95,0.0,default,100,3.0,8,1,1,0,0,,
eps_slow_123_adce2157,eps_slow,eval,6,123,easy,5,5,0.1,0.95,0.0,default,100,3.0,8,1,1,0,0,,
eps_slow_123_adce2157,eps_slow,eval,7,123,easy,5,5,0.1,0.95,0.0,default,100,3.0,8,1,1,0,0,,
eps_slow_123_adce2157,eps_slow,eval,8,123,easy,5,5,0.1,0.95,0.0,default,100,3.0,8,1,1,0,0,,
eps_slow_123_adce2157,eps_slow,eval,9,123,easy,5,5,0.1,0.95,0.0,default,100,3.0,8,1,1,0,0,,
eps_slow_123_adce2157,eps_slow,eval,10,123,easy,5,5,0.1,0.95,0.0,default,100,3.0,8,1,1,0,0,,
eps_slow_123_adce2157,eps_slow,eval,1,123,easy,5,5,0.1,0.95,0.0,default,100,3.0,8,1,1,0,0,,
eps_slow_123_adce2157,eps_slow,eval,2,123,easy,5,5,0.1,0.95,0.0,default,100,3.0,8,1,1,0,0,,
eps_slow_123_adce2157,eps_slow,eval,3,123,easy,5,5,0.1,0.95,0.0,default,100,3.0,8,1,1,0,0,,
eps_slow_123_adce2157,eps_slow,eval,4,123,easy,5,5,0.1,0.95,0.0,default,100,3.0,8,1,1,0,0,,
eps_slow_123_adce2157,eps_slow,eval,5,123,easy,5,5,0.1,0.95,0.0,default,100,3.0,8,1,1,0,0,,
eps_slow_123_adce2157,eps_slow,eval,6,123,easy,5,5,0.1,0.95,0.0,default,100,3.0,8,1,1,0,0,,
eps_slow_123_adce2157,eps_slow,eval,7,123,easy,5,5,0.1,0.95,0.0,default,100,3.0,8,1,1,0,0,,
eps_slow_123_adce2157,eps_slow,eval,8,123,easy,5,5,0.1,0.95,0.0,default,100,3.0,8,1,1,0,0,,
eps_slow_123_adce2157,eps_slow,eval,9,123,easy,5,5,0.1,0.95,0.0,default,100,3.0,8,1,1,0,0,,
eps_slow_123_adce2157,eps_slow,eval,10,123,easy,5,5,0.1,0.95,0.0,default,100,3.0,8,1,1,0,0,,
eps_slow_123_adce2157,eps_slow,eval,1,123,easy,5,5,0.1,0.95,0.0,default,100,3.0,8,1,1,0,0,,
eps_slow_123_adce2157,eps_slow,eval,2,123,easy,5,5,0.1,0.95,0.0,default,100,3.0,8,1,1,0,0,,
eps_slow_123_adce2157,eps_slow,eval,3,123,easy,5,5,0.1,0.95,0.0,default,100,3.0,8,1,1,0,0,,
eps_slow_123_adce2157,eps_slow,eval,4,123,easy,5,5,0.1,0.95,0.0,default,100,3.0,8,1,1,0,0,,
eps_slow_123_adce2157,eps_slow,eval,5,123,easy,5,5,0.1,0.95,0.0,default,100,3.0,8,1,1,0,0,,
eps_slow_123_adce2157,eps_slow,eval,6,123,easy,5,5,0.1,0.95,0.0,default,100,3.0,8,1,1,0,0,,
eps_slow_123_adce2157,eps_slow,eval,7,123,easy,5,5,0.1,0.95,0.0,default,100,3.0,8,1,1,0,0,,
eps_slow_123_adce2157,eps_slow,eval,8,123,easy,5,5,0.1,0.95,0.0,default,100,3.0,8,1,1,0,0,,
eps_slow_123_adce2157,eps_slow,eval,9,123,easy,5,5,0.1,0.95,0.0,default,100,3.0,8,1,1,0,0,,
eps_slow_123_adce2157,eps_slow,eval,10,123,easy,5,5,0.1,0.95,0.0,default,100,3.0,8,1,1,0,0,,
eps_slow_123_adce2157,eps_slow,eval,1,123,easy,5,5,0.1,0.95,0.0,default,100,3.0,8,1,1,0,0,,
eps_slow_123_adce2157,eps_slow,eval,2,123,easy,5,5,0.1,0.95,0.0,default,100,3.0,8,1,1,0,0,,
eps_slow_123_adce2157,eps_slow,eval,3,123,easy,5,5,0.1,0.95,0.0,default,100,3.0,8,1,1,0,0,,
eps_slow_123_adce2157,eps_slow,eval,4,123,easy,5,5,0.1,0.95,0.0,default,100,3.0,8,1,1,0,0,,
eps_slow_123_adce2157,eps_slow,eval,5,123,easy,5,5,0.1,0.95,0.0,default,100,3.0,8,1,1,0,0,,
eps_slow_123_adce2157,eps_slow,eval,6,123,easy,5,5,0.1,0.95,0.0,default,100,3.0,8,1,1,0,0,,
eps_slow_123_adce2157,eps_slow,eval,7,123,easy,5,5,0.1,0.95,0.0,default,100,3.0,8,1,1,0,0,,
eps_slow_123_adce2157,eps_slow,eval,8,123,easy,5,5,0.1,0.95,0.0,default,100,3.0,8,1,1,0,0,,
eps_slow_123_adce2157,eps_slow,eval,9,123,easy,5,5,0.1,0.95,0.0,default,100,3.0,8,1,1,0,0,,
eps_slow_123_adce2157,eps_slow,eval,10,123,easy,5,5,0.1,0.95,0.0,default,100,3.0,8,1,1,0,0,,
eps_slow_123_adce2157,eps_slow,eval,1,123,easy,5,5,0.1,0.95,0.0,default,100,3.0,8,1,1,0,0,,
eps_slow_123_adce2157,eps_slow,eval,2,123,easy,5,5,0.1,0.95,0.0,default,100,3.0,8,1,1,0,0,,
eps_slow_123_adce2157,eps_slow,eval,3,123,easy,5,5,0.1,0.95,0.0,default,100,3.0,8,1,1,0,0,,
eps_slow_123_adce2157,eps_slow,eval,4,123,easy,5,5,0.1,0.95,0.0,default,100,3.0,8,1,1,0,0,,
eps_slow_123_adce2157,eps_slow,eval,5,123,easy,5,5,0.1,0.95,0.0,default,100,3.0,8,1,1,0,0,,
eps_slow_123_adce2157,eps_slow,eval,6,123,easy,5,5,0.1,0.95,0.0,default,100,3.0,8,1,1,0,0,,
eps_slow_123_adce2157,eps_slow,eval,7,123,easy,5,5,0.1,0.95,0.0,default,100,3.0,8,1,1,0,0,,
eps_slow_123_adce2157,eps_slow,eval,8,123,easy,5,5,0.1,0.95,0.0,default,100,3.0,8,1,1,0,0,,
eps_slow_123_adce2157,eps_slow,eval,9,123,easy,5,5,0.1,0.95,0.0,default,100,3.0,8,1,1,0,0,,
eps_slow_123_adce2157,eps_slow,eval,10,123,easy,5,5,0.1,0.95,0.0,default,100,3.0,8,1,1,0,0,,
eps_slow_123_adce2157,eps_slow,eval,1,123,easy,5,5,0.1,0.95,0.0,default,100,3.0,8,1,1,0,0,,
eps_slow_123_adce2157,eps_slow,eval,2,123,easy,5,5,0.1,0.95,0.0,default,100,3.0,8,1,1,0,0,,
eps_slow_123_adce2157,eps_slow,eval,3,123,easy,5,5,0.1,0.95,0.0,default,100,3.0,8,1,1,0,0,,
eps_slow_123_adce2157,eps_slow,eval,4,123,easy,5,5,0.1,0.95,0.0,default,100,3.0,8,1,1,0,0,,
eps_slow_123_adce2157,eps_slow,eval,5,123,easy,5,5,0.1,0.95,0.0,default,100,3.0,8,1,1,0,0,,
eps_slow_123_adce2157,eps_slow,eval,6,123,easy,5,5,0.1,0.95,0.0,default,100,3.0,8,1,1,0,0,,
eps_slow_123_adce2157,eps_slow,eval,7,123,easy,5,5,0.1,0.95,0.0,default,100,3.0,8,1,1,0,0,,
eps_slow_123_adce2157,eps_slow,eval,8,123,easy,5,5,0.1,0.95,0.0,default,100,3.0,8,1,1,0,0,,
eps_slow_123_adce2157,eps_slow,eval,9,123,easy,5,5,0.1,0.95,0.0,default,100,3.0,8,1,1,0,0,,
eps_slow_123_adce2157,eps_slow,eval,10,123,easy,5,5,0.1,0.95,0.0,default,100,3.0,8,1,1,0,0,,
eps_slow_123_adce2157,eps_slow,eval,1,123,easy,5,5,0.1,0.95,0.0,default,100,3.0,8,1,1,0,0,,
eps_slow_123_adce2157,eps_slow,eval,2,123,easy,5,5,0.1,0.95,0.0,default,100,3.0,8,1,1,0,0,,
eps_slow_123_adce2157,eps_slow,eval,3,123,easy,5,5,0.1,0.95,0.0,default,100,3.0,8,1,1,0,0,,
eps_slow_123_adce2157,eps_slow,eval,4,123,easy,5,5,0.1,0.95,0.0,default,100,3.0,8,1,1,0,0,,
eps_slow_123_adce2157,eps_slow,eval,5,123,easy,5,5,0.1,0.95,0.0,default,100,3.0,8,1,1,0,0,,
eps_slow_123_adce2157,eps_slow,eval,6,123,easy,5,5,0.1,0.95,0.0,default,100,3.0,8,1,1,0,0,,
eps_slow_123_adce2157,eps_slow,eval,7,123,easy,5,5,0.1,0.95,0.0,default,100,3.0,8,1,1,0,0,,
eps_slow_123_adce2157,eps_slow,eval,8,123,easy,5,5,0.1,0.95,0.0,default,100,3.0,8,1,1,0,0,,
eps_slow_123_adce2157,eps_slow,eval,9,123,easy,5,5,0.1,0.95,0.0,default,100,3.0,8,1,1,0,0,,
eps_slow_123_adce2157,eps_slow,eval,10,123,easy,5,5,0.1,0.95,0.0,default,100,3.0,8,1,1,0,0,,
eps_slow_123_adce2157,eps_slow,eval,1,123,easy,5,5,0.1,0.95,0.0,default,100,3.0,8,1,1,0,0,,
eps_slow_123_adce2157,eps_slow,eval,2,123,easy,5,5,0.1,0.95,0.0,default,100,3.0,8,1,1,0,0,,
eps_slow_123_adce2157,eps_slow,eval,3,123,easy,5,5,0.1,0.95,0.0,default,100,3.0,8,1,1,0,0,,
eps_slow_123_adce2157,eps_slow,eval,4,123,easy,5,5,0.1,0.95,0.0,default,100,3.0,8,1,1,0,0,,
eps_slow_123_adce2157,eps_slow,eval,5,123,easy,5,5,0.1,0.95,0.0,default,100,3.0,8,1,1,0,0,,
eps_slow_123_adce2157,eps_slow,eval,6,123,easy,5,5,0.1,0.95,0.0,default,100,3.0,8,1,1,0,0,,
eps_slow_123_adce2157,eps_slow,eval,7,123,easy,5,5,0.1,0.95,0.0,default,100,3.0,8,1,1,0,0,,
eps_slow_123_adce2157,eps_slow,eval,8,123,easy,5,5,0.1,0.95,0.0,default,100,3.0,8,1,1,0,0,,
eps_slow_123_adce2157,eps_slow,eval,9,123,easy,5,5,0.1,0.95,0.0,default,100,3.0,8,1,1,0,0,,
eps_slow_123_adce2157,eps_slow,eval,10,123,easy,5,5,0.1,0.95,0.0,default,100,3.0,8,1,1,0,0,,
eps_slow_123_adce2157,eps_slow,eval,1,123,easy,5,5,0.1,0.95,0.0,default,100,3.0,8,1,1,0,0,,
eps_slow_123_adce2157,eps_slow,eval,2,123,easy,5,5,0.1,0.95,0.0,default,100,3.0,8,1,1,0,0,,
eps_slow_123_adce2157,eps_slow,eval,3,123,easy,5,5,0.1,0.95,0.0,default,100,3.0,8,1,1,0,0,,
eps_slow_123_adce2157,eps_slow,eval,4,123,easy,5,5,0.1,0.95,0.0,default,100,3.0,8,1,1,0,0,,
eps_slow_123_adce2157,eps_slow,eval,5,123,easy,5,5,0.1,0.95,0.0,default,100,3.0,8,1,1,0,0,,
eps_slow_123_adce2157,eps_slow,eval,6,123,easy,5,5,0.1,0.95,0.0,default,100,3.0,8,1,1,0,0,,
eps_slow_123_adce2157,eps_slow,eval,7,123,easy,5,5,0.1,0.95,0.0,default,100,3.0,8,1,1,0,0,,
eps_slow_123_adce2157,eps_slow,eval,8,123,easy,5,5,0.1,0.95,0.0,default,100,3.0,8,1,1,0,0,,
eps_slow_123_adce2157,eps_slow,eval,9,123,easy,5,5,0.1,0.95,0.0,default,100,3.0,8,1,1,0,0,,
eps_slow_123_adce2157,eps_slow,eval,10,123,easy,5,5,0.1,0.95,0.0,default,100,3.0,8,1,1,0,0,,
eps_slow_123_adce2157,eps_slow,eval,1,123,easy,5,5,0.1,0.95,0.0,default,100,3.0,8,1,1,0,0,,
eps_slow_123_adce2157,eps_slow,eval,2,123,easy,5,5,0.1,0.95,0.0,default,100,3.0,8,1,1,0,0,,
eps_slow_123_adce2157,eps_slow,eval,3,123,easy,5,5,0.1,0.95,0.0,default,100,3.0,8,1,1,0,0,,
eps_slow_123_adce2157,eps_slow,eval,4,123,easy,5,5,0.1,0.95,0.0,default,100,3.0,8,1,1,0,0,,
eps_slow_123_adce2157,eps_slow,eval,5,123,easy,5,5,0.1,0.95,0.0,default,100,3.0,8,1,1,0,0,,
eps_slow_123_adce2157,eps_slow,eval,6,123,easy,5,5,0.1,0.95,0.0,default,100,3.0,8,1,1,0,0,,
eps_slow_123_adce2157,eps_slow,eval,7,123,easy,5,5,0.1,0.95,0.0,default,100,3.0,8,1,1,0,0,,
eps_slow_123_adce2157,eps_slow,eval,8,123,easy,5,5,0.1,0.95,0.0,default,100,3.0,8,1,1,0,0,,
eps_slow_123_adce2157,eps_slow,eval,9,123,easy,5,5,0.1,0.95,0.0,default,100,3.0,8,1,1,0,0,,
eps_slow_123_adce2157,eps_slow,eval,10,123,easy,5,5,0.1,0.95,0.0,default,100,3.0,8,1,1,0,0,,
eps_slow_123_adce2157,eps_slow,eval,1,123,easy,5,5,0.1,0.95,0.0,default,100,3.0,8,1,1,0,0,,
eps_slow_123_adce2157,eps_slow,eval,2,123,easy,5,5,0.1,0.95,0.0,default,100,3.0,8,1,1,0,0,,
eps_slow_123_adce2157,eps_slow,eval,3,123,easy,5,5,0.1,0.95,0.0,default,100,3.0,8,1,1,0,0,,
eps_slow_123_adce2157,eps_slow,eval,4,123,easy,5,5,0.1,0.95,0.0,default,100,3.0,8,1,1,0,0,,
eps_slow_123_adce2157,eps_slow,eval,5,123,easy,5,5,0.1,0.95,0.0,default,100,3.0,8,1,1,0,0,,
eps_slow_123_adce2157,eps_slow,eval,6,123,easy,5,5,0.1,0.95,0.0,default,100,3.0,8,1,1,0,0,,
eps_slow_123_adce2157,eps_slow,eval,7,123,easy,5,5,0.1,0.95,0.0,default,100,3.0,8,1,1,0,0,,
eps_slow_123_adce2157,eps_slow,eval,8,123,easy,5,5,0.1,0.95,0.0,default,100,3.0,8,1,1,0,0,,
eps_slow_123_adce2157,eps_slow,eval,9,123,easy,5,5,0.1,0.95,0.0,default,100,3.0,8,1,1,0,0,,
eps_slow_123_adce2157,eps_slow,eval,10,123,easy,5,5,0.1,0.95,0.0,default,100,3.0,8,1,1,0,0,,
eps_slow_123_adce2157,eps_slow,eval,1,123,easy,5,5,0.1,0.95,0.0,default,100,3.0,8,1,1,0,0,,
eps_slow_123_adce2157,eps_slow,eval,2,123,easy,5,5,0.1,0.95,0.0,default,100,3.0,8,1,1,0,0,,
eps_slow_123_adce2157,eps_slow,eval,3,123,easy,5,5,0.1,0.95,0.0,default,100,3.0,8,1,1,0,0,,
eps_slow_123_adce2157,eps_slow,eval,4,123,easy,5,5,0.1,0.95,0.0,default,100,3.0,8,1,1,0,0,,
eps_slow_123_adce2157,eps_slow,eval,5,123,easy,5,5,0.1,0.95,0.0,default,100,3.0,8,1,1,0,0,,
eps_slow_123_adce2157,eps_slow,eval,6,123,easy,5,5,0.1,0.95,0.0,default,100,3.0,8,1,1,0,0,,
eps_slow_123_adce2157,eps_slow,eval,7,123,easy,5,5,0.1,0.95,0.0,default,100,3.0,8,1,1,0,0,,
eps_slow_123_adce2157,eps_slow,eval,8,123,easy,5,5,0.1,0.95,0.0,default,100,3.0,8,1,1,0,0,,
eps_slow_123_adce2157,eps_slow,eval,9,123,easy,5,5,0.1,0.95,0.0,default,100,3.0,8,1,1,0,0,,
eps_slow_123_adce2157,eps_slow,eval,10,123,easy,5,5,0.1,0.95,0.0,default,100,3.0,8,1,1,0,0,,
eps_slow_123_adce2157,eps_slow,eval,1,123,easy,5,5,0.1,0.95,0.0,default,100,3.0,8,1,1,0,0,,
eps_slow_123_adce2157,eps_slow,eval,2,123,easy,5,5,0.1,0.95,0.0,default,100,3.0,8,1,1,0,0,,
eps_slow_123_adce2157,eps_slow,eval,3,123,easy,5,5,0.1,0.95,0.0,default,100,3.0,8,1,1,0,0,,
eps_slow_123_adce2157,eps_slow,eval,4,123,easy,5,5,0.1,0.95,0.0,default,100,3.0,8,1,1,0,0,,
eps_slow_123_adce2157,eps_slow,eval,5,123,easy,5,5,0.1,0.95,0.0,default,100,3.0,8,1,1,0,0,,
eps_slow_123_adce2157,eps_slow,eval,6,123,easy,5,5,0.1,0.95,0.0,default,100,3.0,8,1,1,0,0,,
eps_slow_123_adce2157,eps_slow,eval,7,123,easy,5,5,0.1,0.95,0.0,default,100,3.0,8,1,1,0,0,,
eps_slow_123_adce2157,eps_slow,eval,8,123,easy,5,5,0.1,0.95,0.0,default,100,3.0,8,1,1,0,0,,
eps_slow_123_adce2157,eps_slow,eval,9,123,easy,5,5,0.1,0.95,0.0,default,100,3.0,8,1,1,0,0,,
eps_slow_123_adce2157,eps_slow,eval,10,123,easy,5,5,0.1,0.95,0.0,default,100,3.0,8,1,1,0,0,,
eps_slow_123_adce2157,eps_slow,eval,1,123,easy,5,5,0.1,0.95,0.0,default,100,3.0,8,1,1,0,0,,
eps_slow_123_adce2157,eps_slow,eval,2,123,easy,5,5,0.1,0.95,0.0,default,100,3.0,8,1,1,0,0,,
eps_slow_123_adce2157,eps_slow,eval,3,123,easy,5,5,0.1,0.95,0.0,default,100,3.0,8,1,1,0,0,,
eps_slow_123_adce2157,eps_slow,eval,4,123,easy,5,5,0.1,0.95,0.0,default,100,3.0,8,1,1,0,0,,
eps_slow_123_adce2157,eps_slow,eval,5,123,easy,5,5,0.1,0.95,0.0,default,100,3.0,8,1,1,0,0,,
eps_slow_123_adce2157,eps_slow,eval,6,123,easy,5,5,0.1,0.95,0.0,default,100,3.0,8,1,1,0,0,,
eps_slow_123_adce2157,eps_slow,eval,7,123,easy,5,5,0.1,0.95,0.0,default,100,3.0,8,1,1,0,0,,
eps_slow_123_adce2157,eps_slow,eval,8,123,easy,5,5,0.1,0.95,0.0,default,100,3.0,8,1,1,0,0,,
eps_slow_123_adce2157,eps_slow,eval,9,123,easy,5,5,0.1,0.95,0.0,default,100,3.0,8,1,1,0,0,,
eps_slow_123_adce2157,eps_slow,eval,10,123,easy,5,5,0.1,0.95,0.0,default,100,3.0,8,1,1,0,0,,
eps_slow_123_adce2157,eps_slow,eval,1,123,easy,5,5,0.1,0.95,0.0,default,100,3.0,8,1,1,0,0,,
eps_slow_123_adce2157,eps_slow,eval,2,123,easy,5,5,0.1,0.95,0.0,default,100,3.0,8,1,1,0,0,,
eps_slow_123_adce2157,eps_slow,eval,3,123,easy,5,5,0.1,0.95,0.0,default,100,3.0,8,1,1,0,0,,
eps_slow_123_adce2157,eps_slow,eval,4,123,easy,5,5,0.1,0.95,0.0,default,100,3.0,8,1,1,0,0,,
eps_slow_123_adce2157,eps_slow,eval,5,123,easy,5,5,0.1,0.95,0.0,default,100,3.0,8,1,1,0,0,,
eps_slow_123_adce2157,eps_slow,eval,6,123,easy,5,5,0.1,0.95,0.0,default,100,3.0,8,1,1,0,0,,
eps_slow_123_adce2157,eps_slow,eval,7,123,easy,5,5,0.1,0.95,0.0,default,100,3.0,8,1,1,0,0,,
eps_slow_123_adce2157,eps_slow,eval,8,123,easy,5,5,0.1,0.95,0.0,default,100,3.0,8,1,1,0,0,,
eps_slow_123_adce2157,eps_slow,eval,9,123,easy,5,5,0.1,0.95,0.0,default,100,3.0,8,1,1,0,0,,
eps_slow_123_adce2157,eps_slow,eval,10,123,easy,5,5,0.1,0.95,0.0,default,100,3.0,8,1,1,0,0,,
eps_slow_123_adce2157,eps_slow,eval,1,123,easy,5,5,0.1,0.95,0.0,default,100,3.0,8,1,1,0,0,,
eps_slow_123_adce2157,eps_slow,eval,2,123,easy,5,5,0.1,0.95,0.0,default,100,3.0,8,1,1,0,0,,
eps_slow_123_adce2157,eps_slow,eval,3,123,easy,5,5,0.1,0.95,0.0,default,100,3.0,8,1,1,0,0,,
eps_slow_123_adce2157,eps_slow,eval,4,123,easy,5,5,0.1,0.95,0.0,default,100,3.0,8,1,1,0,0,,
eps_slow_123_adce2157,eps_slow,eval,5,123,easy,5,5,0.1,0.95,0.0,default,100,3.0,8,1,1,0,0,,
eps_slow_123_adce2157,eps_slow,eval,6,123,easy,5,5,0.1,0.95,0.0,default,100,3.0,8,1,1,0,0,,
eps_slow_123_adce2157,eps_slow,eval,7,123,easy,5,5,0.1,0.95,0.0,default,100,3.0,8,1,1,0,0,,
eps_slow_123_adce2157,eps_slow,eval,8,123,easy,5,5,0.1,0.95,0.0,default,100,3.0,8,1,1,0,0,,
eps_slow_123_adce2157,eps_slow,eval,9,123,easy,5,5,0.1,0.95,0.0,default,100,3.0,8,1,1,0,0,,
eps_slow_123_adce2157,eps_slow,eval,10,123,easy,5,5,0.1,0.95,0.0,default,100,3.0,8,1,1,0,0,,
eps_slow_123_adce2157,eps_slow,eval,1,123,easy,5,5,0.1,0.95,0.0,default,100,3.0,8,1,1,0,0,,
eps_slow_123_adce2157,eps_slow,eval,2,123,easy,5,5,0.1,0.95,0.0,default,100,3.0,8,1,1,0,0,,
eps_slow_123_adce2157,eps_slow,eval,3,123,easy,5,5,0.1,0.95,0.0,default,100,3.0,8,1,1,0,0,,
eps_slow_123_adce2157,eps_slow,eval,4,123,easy,5,5,0.1,0.95,0.0,default,100,3.0,8,1,1,0,0,,
eps_slow_123_adce2157,eps_slow,eval,5,123,easy,5,5,0.1,0.95,0.0,default,100,3.0,8,1,1,0,0,,
eps_slow_123_adce2157,eps_slow,eval,6,123,easy,5,5,0.1,0.95,0.0,default,100,3.0,8,1,1,0,0,,
eps_slow_123_adce2157,eps_slow,eval,7,123,easy,5,5,0.1,0.95,0.0,default,100,3.0,8,1,1,0,0,,
eps_slow_123_adce2157,eps_slow,eval,8,123,easy,5,5,0.1,0.95,0.0,default,100,3.0,8,1,1,0,0,,
eps_slow_123_adce2157,eps_slow,eval,9,123,easy,5,5,0.1,0.95,0.0,default,100,3.0,8,1,1,0,0,,
eps_slow_123_adce2157,eps_slow,eval,10,123,easy,5,5,0.1,0.95,0.0,default,100,3.0,8,1,1,0,0,,
eps_slow_123_adce2157,eps_slow,eval,1,123,easy,5,5,0.1,0.95,0.0,default,100,3.0,8,1,1,0,0,,
eps_slow_123_adce2157,eps_slow,eval,2,123,easy,5,5,0.1,0.95,0.0,default,100,3.0,8,1,1,0,0,,
eps_slow_123_adce2157,eps_slow,eval,3,123,easy,5,5,0.1,0.95,0.0,default,100,3.0,8,1,1,0,0,,
eps_slow_123_adce2157,eps_slow,eval,4,123,easy,5,5,0.1,0.95,0.0,default,100,3.0,8,1,1,0,0,,
eps_slow_123_adce2157,eps_slow,eval,5,123,easy,5,5,0.1,0.95,0.0,default,100,3.0,8,1,1,0,0,,
eps_slow_123_adce2157,eps_slow,eval,6,123,easy,5,5,0.1,0.95,0.0,default,100,3.0,8,1,1,0,0,,
eps_slow_123_adce2157,eps_slow,eval,7,123,easy,5,5,0.1,0.95,0.0,default,100,3.0,8,1,1,0,0,,
eps_slow_123_adce2157,eps_slow,eval,8,123,easy,5,5,0.1,0.95,0.0,default,100,3.0,8,1,1,0,0,,
eps_slow_123_adce2157,eps_slow,eval,9,123,easy,5,5,0.1,0.95,0.0,default,100,3.0,8,1,1,0,0,,
eps_slow_123_adce2157,eps_slow,eval,10,123,easy,5,5,0.1,0.95,0.0,default,100,3.0,8,1,1,0,0,,
eps_slow_123_adce2157,eps_slow,eval,1,123,easy,5,5,0.1,0.95,0.0,default,100,3.0,8,1,1,0,0,,
eps_slow_123_adce2157,eps_slow,eval,2,123,easy,5,5,0.1,0.95,0.0,default,100,3.0,8,1,1,0,0,,
eps_slow_123_adce2157,eps_slow,eval,3,123,easy,5,5,0.1,0.95,0.0,default,100,3.0,8,1,1,0,0,,
eps_slow_123_adce2157,eps_slow,eval,4,123,easy,5,5,0.1,0.95,0.0,default,100,3.0,8,1,1,0,0,,
eps_slow_123_adce2157,eps_slow,eval,5,123,easy,5,5,0.1,0.95,0.0,default,100,3.0,8,1,1,0,0,,
eps_slow_123_adce2157,eps_slow,eval,6,123,easy,5,5,0.1,0.95,0.0,default,100,3.0,8,1,1,0,0,,
eps_slow_123_adce2157,eps_slow,eval,7,123,easy,5,5,0.1,0.95,0.0,default,100,3.0,8,1,1,0,0,,
eps_slow_123_adce2157,eps_slow,eval,8,123,easy,5,5,0.1,0.95,0.0,default,100,3.0,8,1,1,0,0,,
eps_slow_123_adce2157,eps_slow,eval,9,123,easy,5,5,0.1,0.95,0.0,default,100,3.0,8,1,1,0,0,,
eps_slow_123_adce2157,eps_slow,eval,10,123,easy,5,5,0.1,0.95,0.0,default,100,3.0,8,1,1,0,0,,
eps_slow_123_adce2157,eps_slow,eval,1,123,easy,5,5,0.1,0.95,0.0,default,100,3.0,8,1,1,0,0,,
eps_slow_123_adce2157,eps_slow,eval,2,123,easy,5,5,0.1,0.95,0.0,default,100,3.0,8,1,1,0,0,,
eps_slow_123_adce2157,eps_slow,eval,3,123,easy,5,5,0.1,0.95,0.0,default,100,3.0,8,1,1,0,0,,
eps_slow_123_adce2157,eps_slow,eval,4,123,easy,5,5,0.1,0.95,0.0,default,100,3.0,8,1,1,0,0,,
eps_slow_123_adce2157,eps_slow,eval,5,123,easy,5,5,0.1,0.95,0.0,default,100,3.0,8,1,1,0,0,,
eps_slow_123_adce2157,eps_slow,eval,6,123,easy,5,5,0.1,0.95,0.0,default,100,3.0,8,1,1,0,0,,
eps_slow_123_adce2157,eps_slow,eval,7,123,easy,5,5,0.1,0.95,0.0,default,100,3.0,8,1,1,0,0,,
eps_slow_123_adce2157,eps_slow,eval,8,123,easy,5,5,0.1,0.95,0.0,default,100,3.0,8,1,1,0,0,,
eps_slow_123_adce2157,eps_slow,eval,9,123,easy,5,5,0.1,0.95,0.0,default,100,3.0,8,1,1,0,0,,
eps_slow_123_adce2157,eps_slow,eval,10,123,easy,5,5,0.1,0.95,0.0,default,100,3.0,8,1,1,0,0,,
eps_slow_123_adce2157,eps_slow,eval,1,123,easy,5,5,0.1,0.95,0.0,default,100,3.0,8,1,1,0,0,,
eps_slow_123_adce2157,eps_slow,eval,2,123,easy,5,5,0.1,0.95,0.0,default,100,3.0,8,1,1,0,0,,
eps_slow_123_adce2157,eps_slow,eval,3,123,easy,5,5,0.1,0.95,0.0,default,100,3.0,8,1,1,0,0,,
eps_slow_123_adce2157,eps_slow,eval,4,123,easy,5,5,0.1,0.95,0.0,default,100,3.0,8,1,1,0,0,,
eps_slow_123_adce2157,eps_slow,eval,5,123,easy,5,5,0.1,0.95,0.0,default,100,3.0,8,1,1,0,0,,
eps_slow_123_adce2157,eps_slow,eval,6,123,easy,5,5,0.1,0.95,0.0,default,100,3.0,8,1,1,0,0,,
eps_slow_123_adce2157,eps_slow,eval,7,123,easy,5,5,0.1,0.95,0.0,default,100,3.0,8,1,1,0,0,,
eps_slow_123_adce2157,eps_slow,eval,8,123,easy,5,5,0.1,0.95,0.0,default,100,3.0,8,1,1,0,0,,
eps_slow_123_adce2157,eps_slow,eval,9,123,easy,5,5,0.1,0.95,0.0,default,100,3.0,8,1,1,0,0,,
eps_slow_123_adce2157,eps_slow,eval,10,123,easy,5,5,0.1,0.95,0.0,default,100,3.0,8,1,1,0,0,,
eps_slow_123_adce2157,eps_slow,eval,1,123,easy,5,5,0.1,0.95,0.0,default,100,3.0,8,1,1,0,0,,
eps_slow_123_adce2157,eps_slow,eval,2,123,easy,5,5,0.1,0.95,0.0,default,100,3.0,8,1,1,0,0,,
eps_slow_123_adce2157,eps_slow,eval,3,123,easy,5,5,0.1,0.95,0.0,default,100,3.0,8,1,1,0,0,,
eps_slow_123_adce2157,eps_slow,eval,4,123,easy,5,5,0.1,0.95,0.0,default,100,3.0,8,1,1,0,0,,
eps_slow_123_adce2157,eps_slow,eval,5,123,easy,5,5,0.1,0.95,0.0,default,100,3.0,8,1,1,0,0,,
eps_slow_123_adce2157,eps_slow,eval,6,123,easy,5,5,0.1,0.95,0.0,default,100,3.0,8,1,1,0,0,,
eps_slow_123_adce2157,eps_slow,eval,7,123,easy,5,5,0.1,0.95,0.0,default,100,3.0,8,1,1,0,0,,
eps_slow_123_adce2157,eps_slow,eval,8,123,easy,5,5,0.1,0.95,0.0,default,100,3.0,8,1,1,0,0,,
eps_slow_123_adce2157,eps_slow,eval,9,123,easy,5,5,0.1,0.95,0.0,default,100,3.0,8,1,1,0,0,,
eps_slow_123_adce2157,eps_slow,eval,10,123,easy,5,5,0.1,0.95,0.0,default,100,3.0,8,1,1,0,0,,
eps_slow_123_adce2157,eps_slow,eval,1,123,easy,5,5,0.1,0.95,0.0,default,100,3.0,8,1,1,0,0,,
eps_slow_123_adce2157,eps_slow,eval,2,123,easy,5,5,0.1,0.95,0.0,default,100,3.0,8,1,1,0,0,,
eps_slow_123_adce2157,eps_slow,eval,3,123,easy,5,5,0.1,0.95,0.0,default,100,3.0,8,1,1,0,0,,
eps_slow_123_adce2157,eps_slow,eval,4,123,easy,5,5,0.1,0.95,0.0,default,100,3.0,8,1,1,0,0,,
eps_slow_123_adce2157,eps_slow,eval,5,123,easy,5,5,0.1,0.95,0.0,default,100,3.0,8,1,1,0,0,,
eps_slow_123_adce2157,eps_slow,eval,6,123,easy,5,5,0.1,0.95,0.0,default,100,3.0,8,1,1,0,0,,
eps_slow_123_adce2157,eps_slow,eval,7,123,easy,5,5,0.1,0.95,0.0,default,100,3.0,8,1,1,0,0,,
eps_slow_123_adce2157,eps_slow,eval,8,123,easy,5,5,0.1,0.95,0.0,default,100,3.0,8,1,1,0,0,,
eps_slow_123_adce2157,eps_slow,eval,9,123,easy,5,5,0.1,0.95,0.0,default,100,3.0,8,1,1,0,0,,
eps_slow_123_adce2157,eps_slow,eval,10,123,easy,5,5,0.1,0.95,0.0,default,100,3.0,8,1,1,0,0,,
eps_slow_123_adce2157,eps_slow,eval,1,123,easy,5,5,0.1,0.95,0.0,default,100,3.0,8,1,1,0,0,,
eps_slow_123_adce2157,eps_slow,eval,2,123,easy,5,5,0.1,0.95,0.0,default,100,3.0,8,1,1,0,0,,
eps_slow_123_adce2157,eps_slow,eval,3,123,easy,5,5,0.1,0.95,0.0,default,100,3.0,8,1,1,0,0,,
eps_slow_123_adce2157,eps_slow,eval,4,123,easy,5,5,0.1,0.95,0.0,default,100,3.0,8,1,1,0,0,,
eps_slow_123_adce2157,eps_slow,eval,5,123,easy,5,5,0.1,0.95,0.0,default,100,3.0,8,1,1,0,0,,
eps_slow_123_adce2157,eps_slow,eval,6,123,easy,5,5,0.1,0.95,0.0,default,100,3.0,8,1,1,0,0,,
eps_slow_123_adce2157,eps_slow,eval,7,123,easy,5,5,0.1,0.95,0.0,default,100,3.0,8,1,1,0,0,,
eps_slow_123_adce2157,eps_slow,eval,8,123,easy,5,5,0.1,0.95,0.0,default,100,3.0,8,1,1,0,0,,
eps_slow_123_adce2157,eps_slow,eval,9,123,easy,5,5,0.1,0.95,0.0,default,100,3.0,8,1,1,0,0,,
eps_slow_123_adce2157,eps_slow,eval,10,123,easy,5,5,0.1,0.95,0.0,default,100,3.0,8,1,1,0,0,,
eps_slow_123_adce2157,eps_slow,eval,1,123,easy,5,5,0.1,0.95,0.0,default,100,3.0,8,1,1,0,0,,
eps_slow_123_adce2157,eps_slow,eval,2,123,easy,5,5,0.1,0.95,0.0,default,100,3.0,8,1,1,0,0,,
eps_slow_123_adce2157,eps_slow,eval,3,123,easy,5,5,0.1,0.95,0.0,default,100,3.0,8,1,1,0,0,,
eps_slow_123_adce2157,eps_slow,eval,4,123,easy,5,5,0.1,0.95,0.0,default,100,3.0,8,1,1,0,0,,
eps_slow_123_adce2157,eps_slow,eval,5,123,easy,5,5,0.1,0.95,0.0,default,100,3.0,8,1,1,0,0,,
eps_slow_123_adce2157,eps_slow,eval,6,123,easy,5,5,0.1,0.95,0.0,default,100,3.0,8,1,1,0,0,,
eps_slow_123_adce2157,eps_slow,eval,7,123,easy,5,5,0.1,0.95,0.0,default,100,3.0,8,1,1,0,0,,
eps_slow_123_adce2157,eps_slow,eval,8,123,easy,5,5,0.1,0.95,0.0,default,100,3.0,8,1,1,0,0,,
eps_slow_123_adce2157,eps_slow,eval,9,123,easy,5,5,0.1,0.95,0.0,default,100,3.0,8,1,1,0,0,,
eps_slow_123_adce2157,eps_slow,eval,10,123,easy,5,5,0.1,0.95,0.0,default,100,3.0,8,1,1,0,0,,
eps_slow_123_adce2157,eps_slow,eval,1,123,easy,5,5,0.1,0.95,0.0,default,100,3.0,8,1,1,0,0,,
eps_slow_123_adce2157,eps_slow,eval,2,123,easy,5,5,0.1,0.95,0.0,default,100,3.0,8,1,1,0,0,,
eps_slow_123_adce2157,eps_slow,eval,3,123,easy,5,5,0.1,0.95,0.0,default,100,3.0,8,1,1,0,0,,
eps_slow_123_adce2157,eps_slow,eval,4,123,easy,5,5,0.1,0.95,0.0,default,100,3.0,8,1,1,0,0,,
eps_slow_123_adce2157,eps_slow,eval,5,123,easy,5,5,0.1,0.95,0.0,default,100,3.0,8,1,1,0,0,,
eps_slow_123_adce2157,eps_slow,eval,6,123,easy,5,5,0.1,0.95,0.0,default,100,3.0,8,1,1,0,0,,
eps_slow_123_adce2157,eps_slow,eval,7,123,easy,5,5,0.1,0.95,0.0,default,100,3.0,8,1,1,0,0,,
eps_slow_123_adce2157,eps_slow,eval,8,123,easy,5,5,0.1,0.95,0.0,default,100,3.0,8,1,1,0,0,,
eps_slow_123_adce2157,eps_slow,eval,9,123,easy,5,5,0.1,0.95,0.0,default,100,3.0,8,1,1,0,0,,
eps_slow_123_adce2157,eps_slow,eval,10,123,easy,5,5,0.1,0.95,0.0,default,100,3.0,8,1,1,0,0,,
eps_slow_123_adce2157,eps_slow,eval,1,123,easy,5,5,0.1,0.95,0.0,default,100,3.0,8,1,1,0,0,,
eps_slow_123_adce2157,eps_slow,eval,2,123,easy,5,5,0.1,0.95,0.0,default,100,3.0,8,1,1,0,0,,
eps_slow_123_adce2157,eps_slow,eval,3,123,easy,5,5,0.1,0.95,0.0,default,100,3.0,8,1,1,0,0,,
eps_slow_123_adce2157,eps_slow,eval,4,123,easy,5,5,0.1,0.95,0.0,default,100,3.0,8,1,1,0,0,,
eps_slow_123_adce2157,eps_slow,eval,5,123,easy,5,5,0.1,0.95,0.0,default,100,3.0,8,1,1,0,0,,
eps_slow_123_adce2157,eps_slow,eval,6,123,easy,5,5,0.1,0.95,0.0,default,100,3.0,8,1,1,0,0,,
eps_slow_123_adce2157,eps_slow,eval,7,123,easy,5,5,0.1,0.95,0.0,default,100,3.0,8,1,1,0,0,,
eps_slow_123_adce2157,eps_slow,eval,8,123,easy,5,5,0.1,0.95,0.0,default,100,3.0,8,1,1,0,0,,
eps_slow_123_adce2157,eps_slow,eval,9,123,easy,5,5,0.1,0.95,0.0,default,100,3.0,8,1,1,0,0,,
eps_slow_123_adce2157,eps_slow,eval,10,123,easy,5,5,0.1,0.95,0.0,default,100,3.0,8,1,1,0,0,,
eps_slow_123_adce2157,eps_slow,eval,1,123,easy,5,5,0.1,0.95,0.0,default,100,3.0,8,1,1,0,0,,
eps_slow_123_adce2157,eps_slow,eval,2,123,easy,5,5,0.1,0.95,0.0,default,100,3.0,8,1,1,0,0,,
eps_slow_123_adce2157,eps_slow,eval,3,123,easy,5,5,0.1,0.95,0.0,default,100,3.0,8,1,1,0,0,,
eps_slow_123_adce2157,eps_slow,eval,4,123,easy,5,5,0.1,0.95,0.0,default,100,3.0,8,1,1,0,0,,
eps_slow_123_adce2157,eps_slow,eval,5,123,easy,5,5,0.1,0.95,0.0,default,100,3.0,8,1,1,0,0,,
eps_slow_123_adce2157,eps_slow,eval,6,123,easy,5,5,0.1,0.95,0.0,default,100,3.0,8,1,1,0,0,,
eps_slow_123_adce2157,eps_slow,eval,7,123,easy,5,5,0.1,0.95,0.0,default,100,3.0,8,1,1,0,0,,
eps_slow_123_adce2157,eps_slow,eval,8,123,easy,5,5,0.1,0.95,0.0,default,100,3.0,8,1,1,0,0,,
eps_slow_123_adce2157,eps_slow,eval,9,123,easy,5,5,0.1,0.95,0.0,default,100,3.0,8,1,1,0,0,,
eps_slow_123_adce2157,eps_slow,eval,10,123,easy,5,5,0.1,0.95,0.0,default,100,3.0,8,1,1,0,0,,
eps_slow_123_adce2157,eps_slow,eval,1,123,easy,5,5,0.1,0.95,0.0,default,100,3.0,8,1,1,0,0,,
eps_slow_123_adce2157,eps_slow,eval,2,123,easy,5,5,0.1,0.95,0.0,default,100,3.0,8,1,1,0,0,,
eps_slow_123_adce2157,eps_slow,eval,3,123,easy,5,5,0.1,0.95,0.0,default,100,3.0,8,1,1,0,0,,
eps_slow_123_adce2157,eps_slow,eval,4,123,easy,5,5,0.1,0.95,0.0,default,100,3.0,8,1,1,0,0,,
eps_slow_123_adce2157,eps_slow,eval,5,123,easy,5,5,0.1,0.95,0.0,default,100,3.0,8,1,1,0,0,,
eps_slow_123_adce2157,eps_slow,eval,6,123,easy,5,5,0.1,0.95,0.0,default,100,3.0,8,1,1,0,0,,
eps_slow_123_adce2157,eps_slow,eval,7,123,easy,5,5,0.1,0.95,0.0,default,100,3.0,8,1,1,0,0,,
eps_slow_123_adce2157,eps_slow,eval,8,123,easy,5,5,0.1,0.95,0.0,default,100,3.0,8,1,1,0,0,,
eps_slow_123_adce2157,eps_slow,eval,9,123,easy,5,5,0.1,0.95,0.0,default,100,3.0,8,1,1,0,0,,
eps_slow_123_adce2157,eps_slow,eval,10,123,easy,5,5,0.1,0.95,0.0,default,100,3.0,8,1,1,0,0,,
