run_id,exp_name,phase,episode,seed,map_name,rows,cols,alpha,gamma,epsilon,reward_setting,max_steps,total_reward,steps,success,terminated,truncated,hit_trap,elapsed_sec,qtable_path
random_policy_42_1b654477,random_policy,train,1,42,easy,5,5,0.0001,0.95,1.0,default,100,-55.0,46,0,1,0,1,0.003716899998835288,
random_policy_42_1b654477,random_policy,train,2,42,easy,5,5,0.0001,0.95,1.0,default,100,-100.0,100,0,0,1,0,0.007172599987825379,
random_policy_42_1b654477,random_policy,train,3,42,easy,5,5,0.0001,0.95,1.0,default,100,-100.0,100,0,0,1,0,0.007148100004997104,
random_policy_42_1b654477,random_policy,train,4,42,easy,5,5,0.0001,0.95,1.0,default,100,-37.0,28,0,1,0,1,0.0021661999926436692,
random_policy_42_1b654477,random_policy,train,5,42,easy,5,5,0.0001,0.95,1.0,default,100,-51.0,42,0,1,0,1,0.0030325999978231266,
random_policy_42_1b654477,random_policy,train,6,42,easy,5,5,0.0001,0.95,1.0,default,100,-46.0,37,0,1,0,1,0.0026695000124163926,
random_policy_42_1b654477,random_policy,train,7,42,easy,5,5,0.0001,0.95,1.0,default,100,-34.0,25,0,1,0,1,0.0018468999915057793,
random_policy_42_1b654477,random_policy,train,8,42,easy,5,5,0.0001,0.95,1.0,default,100,-100.0,100,0,0,1,0,0.007002300000749528,
random_policy_42_1b654477,random_policy,train,9,42,easy,5,5,0.0001,0.95,1.0,default,100,-81.0,72,0,1,0,1,0.005048799997894093,
random_policy_42_1b654477,random_policy,train,10,42,easy,5,5,0.0001,0.95,1.0,default,100,-29.0,40,1,1,0,0,0.002995500006363727,
random_policy_42_1b654477,random_policy,train,11,42,easy,5,5,0.0001,0.95,1.0,default,100,-14.0,5,0,1,0,1,0.00048689999675843865,
random_policy_42_1b654477,random_policy,train,12,42,easy,5,5,0.0001,0.95,1.0,default,100,-51.0,42,0,1,0,1,0.0030608000088250265,
random_policy_42_1b654477,random_policy,train,13,42,easy,5,5,0.0001,0.95,1.0,default,100,-67.0,58,0,1,0,1,0.0044061999942641705,
random_policy_42_1b654477,random_policy,train,14,42,easy,5,5,0.0001,0.95,1.0,default,100,-36.0,27,0,1,0,1,0.001979000007850118,
random_policy_42_1b654477,random_policy,train,15,42,easy,5,5,0.0001,0.95,1.0,default,100,-89.0,80,0,1,0,1,0.005701500005670823,
random_policy_42_1b654477,random_policy,train,16,42,easy,5,5,0.0001,0.95,1.0,default,100,-29.0,20,0,1,0,1,0.0015121000033104792,
random_policy_42_1b654477,random_policy,train,17,42,easy,5,5,0.0001,0.95,1.0,default,100,-97.0,88,0,1,0,1,0.006168399995658547,
random_policy_42_1b654477,random_policy,train,18,42,easy,5,5,0.0001,0.95,1.0,default,100,-35.0,26,0,1,0,1,0.0019007000082638115,
random_policy_42_1b654477,random_policy,train,19,42,easy,5,5,0.0001,0.95,1.0,default,100,-52.0,63,1,1,0,0,0.004460099997231737,
random_policy_42_1b654477,random_policy,train,20,42,easy,5,5,0.0001,0.95,1.0,default,100,-47.0,38,0,1,0,1,0.002895500001613982,
random_policy_42_1b654477,random_policy,train,21,42,easy,5,5,0.0001,0.95,1.0,default,100,-49.0,60,1,1,0,0,0.004434699992998503,
random_policy_42_1b654477,random_policy,train,22,42,easy,5,5,0.0001,0.95,1.0,default,100,-100.0,91,0,1,0,1,0.006437099989852868,
random_policy_42_1b654477,random_policy,train,23,42,easy,5,5,0.0001,0.95,1.0,default,100,-27.0,18,0,1,0,1,0.0013571000017691404,
random_policy_42_1b654477,random_policy,train,24,42,easy,5,5,0.0001,0.95,1.0,default,100,-85.0,76,0,1,0,1,0.005391099999542348,
random_policy_42_1b654477,random_policy,train,25,42,easy,5,5,0.0001,0.95,1.0,default,100,-50.0,61,1,1,0,0,0.00450109998928383,
random_policy_42_1b654477,random_policy,train,26,42,easy,5,5,0.0001,0.95,1.0,default,100,-72.0,63,0,1,0,1,0.0045849000016460195,
random_policy_42_1b654477,random_policy,train,27,42,easy,5,5,0.0001,0.95,1.0,default,100,-48.0,59,1,1,0,0,0.004243499992298894,
random_policy_42_1b654477,random_policy,train,28,42,easy,5,5,0.0001,0.95,1.0,default,100,-26.0,17,0,1,0,1,0.0013565999979618937,
random_policy_42_1b654477,random_policy,train,29,42,easy,5,5,0.0001,0.95,1.0,default,100,-86.0,77,0,1,0,1,0.0054909000027691945,
random_policy_42_1b654477,random_policy,train,30,42,easy,5,5,0.0001,0.95,1.0,default,100,-100.0,100,0,0,1,0,0.007048899991787039,
random_policy_42_1b654477,random_policy,train,31,42,easy,5,5,0.0001,0.95,1.0,default,100,-33.0,44,1,1,0,0,0.0031618000066373497,
random_policy_42_1b654477,random_policy,train,32,42,easy,5,5,0.0001,0.95,1.0,default,100,-100.0,100,0,0,1,0,0.007061800002702512,
random_policy_42_1b654477,random_policy,train,33,42,easy,5,5,0.0001,0.95,1.0,default,100,-34.0,25,0,1,0,1,0.0018811999907484278,
random_policy_42_1b654477,random_policy,train,34,42,easy,5,5,0.0001,0.95,1.0,default,100,-41.0,52,1,1,0,0,0.00383069999224972,
random_policy_42_1b654477,random_policy,train,35,42,easy,5,5,0.0001,0.95,1.0,default,100,-100.0,100,0,0,1,0,0.0073352000035811216,
random_policy_42_1b654477,random_policy,train,36,42,easy,5,5,0.0001,0.95,1.0,default,100,-48.0,39,0,1,0,1,0.003358200003276579,
random_policy_42_1b654477,random_policy,train,37,42,easy,5,5,0.0001,0.95,1.0,default,100,-27.0,38,1,1,0,0,0.002762300005997531,
random_policy_42_1b654477,random_policy,train,38,42,easy,5,5,0.0001,0.95,1.0,default,100,-84.0,75,0,1,0,1,0.005321799995726906,
random_policy_42_1b654477,random_policy,train,39,42,easy,5,5,0.0001,0.95,1.0,default,100,-62.0,53,0,1,0,1,0.003765500005101785,
random_policy_42_1b654477,random_policy,train,40,42,easy,5,5,0.0001,0.95,1.0,default,100,-64.0,55,0,1,0,1,0.003908999991836026,
random_policy_42_1b654477,random_policy,train,41,42,easy,5,5,0.0001,0.95,1.0,default,100,-29.0,20,0,1,0,1,0.0015715000045020133,
random_policy_42_1b654477,random_policy,train,42,42,easy,5,5,0.0001,0.95,1.0,default,100,-38.0,29,0,1,0,1,0.0021320999949239194,
random_policy_42_1b654477,random_policy,train,43,42,easy,5,5,0.0001,0.95,1.0,default,100,-38.0,29,0,1,0,1,0.0021309000003384426,
random_policy_42_1b654477,random_policy,train,44,42,easy,5,5,0.0001,0.95,1.0,default,100,-19.0,10,0,1,0,1,0.0008060999971348792,
random_policy_42_1b654477,random_policy,train,45,42,easy,5,5,0.0001,0.95,1.0,default,100,-85.0,76,0,1,0,1,0.0053936999902362,
random_policy_42_1b654477,random_policy,train,46,42,easy,5,5,0.0001,0.95,1.0,default,100,-24.0,15,0,1,0,1,0.00115640000149142,
random_policy_42_1b654477,random_policy,train,47,42,easy,5,5,0.0001,0.95,1.0,default,100,-62.0,53,0,1,0,1,0.0038575999933527783,
random_policy_42_1b654477,random_policy,train,48,42,easy,5,5,0.0001,0.95,1.0,default,100,-23.0,34,1,1,0,0,0.0024896000104490668,
random_policy_42_1b654477,random_policy,train,49,42,easy,5,5,0.0001,0.95,1.0,default,100,-100.0,100,0,0,1,0,0.007203399989521131,
random_policy_42_1b654477,random_policy,train,50,42,easy,5,5,0.0001,0.95,1.0,default,100,-100.0,100,0,0,1,0,0.007218200000352226,
random_policy_42_1b654477,random_policy,train,51,42,easy,5,5,0.0001,0.95,1.0,default,100,-37.0,28,0,1,0,1,0.002081800004816614,
random_policy_42_1b654477,random_policy,train,52,42,easy,5,5,0.0001,0.95,1.0,default,100,-100.0,100,0,0,1,0,0.007058999995933846,
random_policy_42_1b654477,random_policy,train,53,42,easy,5,5,0.0001,0.95,1.0,default,100,-26.0,37,1,1,0,0,0.002747199992882088,
random_policy_42_1b654477,random_policy,train,54,42,easy,5,5,0.0001,0.95,1.0,default,100,-35.0,26,0,1,0,1,0.0019255999941378832,
random_policy_42_1b654477,random_policy,train,55,42,easy,5,5,0.0001,0.95,1.0,default,100,-100.0,100,0,0,1,0,0.007039699994493276,
random_policy_42_1b654477,random_policy,train,56,42,easy,5,5,0.0001,0.95,1.0,default,100,-54.0,45,0,1,0,1,0.00331660000665579,
random_policy_42_1b654477,random_policy,train,57,42,easy,5,5,0.0001,0.95,1.0,default,100,-100.0,100,0,0,1,0,0.007199799991212785,
random_policy_42_1b654477,random_policy,train,58,42,easy,5,5,0.0001,0.95,1.0,default,100,-17.0,8,0,1,0,1,0.0006902000022819266,
random_policy_42_1b654477,random_policy,train,59,42,easy,5,5,0.0001,0.95,1.0,default,100,-25.0,16,0,1,0,1,0.0012210999993840232,
random_policy_42_1b654477,random_policy,train,60,42,easy,5,5,0.0001,0.95,1.0,default,100,-49.0,40,0,1,0,1,0.002890800009481609,
random_policy_42_1b654477,random_policy,train,61,42,easy,5,5,0.0001,0.95,1.0,default,100,-100.0,100,0,0,1,0,0.007216099998913705,
random_policy_42_1b654477,random_policy,train,62,42,easy,5,5,0.0001,0.95,1.0,default,100,-37.0,28,0,1,0,1,0.0020938999950885773,
random_policy_42_1b654477,random_policy,train,63,42,easy,5,5,0.0001,0.95,1.0,default,100,-72.0,83,1,1,0,0,0.005951999992248602,
random_policy_42_1b654477,random_policy,train,64,42,easy,5,5,0.0001,0.95,1.0,default,100,-90.0,81,0,1,0,1,0.005773700002464466,
random_policy_42_1b654477,random_policy,train,65,42,easy,5,5,0.0001,0.95,1.0,default,100,-84.0,75,0,1,0,1,0.00532789999851957,
random_policy_42_1b654477,random_policy,train,66,42,easy,5,5,0.0001,0.95,1.0,default,100,-71.0,62,0,1,0,1,0.004421299992827699,
random_policy_42_1b654477,random_policy,train,67,42,easy,5,5,0.0001,0.95,1.0,default,100,-46.0,57,1,1,0,0,0.004080500002601184,
random_policy_42_1b654477,random_policy,train,68,42,easy,5,5,0.0001,0.95,1.0,default,100,-38.0,49,1,1,0,0,0.0036134000110905617,
random_policy_42_1b654477,random_policy,train,69,42,easy,5,5,0.0001,0.95,1.0,default,100,-29.0,20,0,1,0,1,0.001516699994681403,
random_policy_42_1b654477,random_policy,train,70,42,easy,5,5,0.0001,0.95,1.0,default,100,-100.0,100,0,0,1,0,0.007123900009901263,
random_policy_42_1b654477,random_policy,train,71,42,easy,5,5,0.0001,0.95,1.0,default,100,-12.0,23,1,1,0,0,0.001736600010190159,
random_policy_42_1b654477,random_policy,train,72,42,easy,5,5,0.0001,0.95,1.0,default,100,-36.0,27,0,1,0,1,0.00198459999228362,
random_policy_42_1b654477,random_policy,train,73,42,easy,5,5,0.0001,0.95,1.0,default,100,-39.0,30,0,1,0,1,0.002272599987918511,
random_policy_42_1b654477,random_policy,train,74,42,easy,5,5,0.0001,0.95,1.0,default,100,-29.0,40,1,1,0,0,0.002902899999753572,
random_policy_42_1b654477,random_policy,train,75,42,easy,5,5,0.0001,0.95,1.0,default,100,-100.0,100,0,0,1,0,0.007171300007030368,
random_policy_42_1b654477,random_policy,train,76,42,easy,5,5,0.0001,0.95,1.0,default,100,-26.0,17,0,1,0,1,0.0013084999955026433,
random_policy_42_1b654477,random_policy,train,77,42,easy,5,5,0.0001,0.95,1.0,default,100,-61.0,52,0,1,0,1,0.003711700002895668,
random_policy_42_1b654477,random_policy,train,78,42,easy,5,5,0.0001,0.95,1.0,default,100,-46.0,37,0,1,0,1,0.0029067999857943505,
random_policy_42_1b654477,random_policy,train,79,42,easy,5,5,0.0001,0.95,1.0,default,100,-85.0,76,0,1,0,1,0.005653100000927225,
random_policy_42_1b654477,random_policy,train,80,42,easy,5,5,0.0001,0.95,1.0,default,100,-103.0,94,0,1,0,1,0.006837300010374747,
random_policy_42_1b654477,random_policy,train,81,42,easy,5,5,0.0001,0.95,1.0,default,100,-82.0,73,0,1,0,1,0.005584300000919029,
random_policy_42_1b654477,random_policy,train,82,42,easy,5,5,0.0001,0.95,1.0,default,100,-40.0,31,0,1,0,1,0.002471800005878322,
random_policy_42_1b654477,random_policy,train,83,42,easy,5,5,0.0001,0.95,1.0,default,100,-28.0,19,0,1,0,1,0.0015044999890960753,
random_policy_42_1b654477,random_policy,train,84,42,easy,5,5,0.0001,0.95,1.0,default,100,-35.0,46,1,1,0,0,0.0033481999998912215,
random_policy_42_1b654477,random_policy,train,85,42,easy,5,5,0.0001,0.95,1.0,default,100,-22.0,13,0,1,0,1,0.0010406999936094508,
random_policy_42_1b654477,random_policy,train,86,42,easy,5,5,0.0001,0.95,1.0,default,100,-18.0,9,0,1,0,1,0.0007367999933194369,
random_policy_42_1b654477,random_policy,train,87,42,easy,5,5,0.0001,0.95,1.0,default,100,-74.0,65,0,1,0,1,0.0046322000125655904,
random_policy_42_1b654477,random_policy,train,88,42,easy,5,5,0.0001,0.95,1.0,default,100,-23.0,14,0,1,0,1,0.0010891999991144985,
random_policy_42_1b654477,random_policy,train,89,42,easy,5,5,0.0001,0.95,1.0,default,100,-100.0,100,0,0,1,0,0.007066400008625351,
random_policy_42_1b654477,random_policy,train,90,42,easy,5,5,0.0001,0.95,1.0,default,100,-49.0,40,0,1,0,1,0.0029128000023774803,
random_policy_42_1b654477,random_policy,train,91,42,easy,5,5,0.0001,0.95,1.0,default,100,-24.0,15,0,1,0,1,0.0011484999995445833,
random_policy_42_1b654477,random_policy,train,92,42,easy,5,5,0.0001,0.95,1.0,default,100,-3.0,14,1,1,0,0,0.0010860999900614843,
random_policy_42_1b654477,random_policy,train,93,42,easy,5,5,0.0001,0.95,1.0,default,100,-100.0,100,0,0,1,0,0.007226200003060512,
random_policy_42_1b654477,random_policy,train,94,42,easy,5,5,0.0001,0.95,1.0,default,100,-48.0,39,0,1,0,1,0.0028308000037213787,
random_policy_42_1b654477,random_policy,train,95,42,easy,5,5,0.0001,0.95,1.0,default,100,-41.0,52,1,1,0,0,0.003647399993496947,
random_policy_42_1b654477,random_policy,train,96,42,easy,5,5,0.0001,0.95,1.0,default,100,-59.0,50,0,1,0,1,0.003485900000669062,
random_policy_42_1b654477,random_policy,train,97,42,easy,5,5,0.0001,0.95,1.0,default,100,-23.0,14,0,1,0,1,0.0010492000001249835,
random_policy_42_1b654477,random_policy,train,98,42,easy,5,5,0.0001,0.95,1.0,default,100,-32.0,43,1,1,0,0,0.0030064000020502135,
random_policy_42_1b654477,random_policy,train,99,42,easy,5,5,0.0001,0.95,1.0,default,100,-55.0,46,0,1,0,1,0.0032263000030070543,
random_policy_42_1b654477,random_policy,train,100,42,easy,5,5,0.0001,0.95,1.0,default,100,-43.0,34,0,1,0,1,0.002405499995802529,
random_policy_42_1b654477,random_policy,train,101,42,easy,5,5,0.0001,0.95,1.0,default,100,-100.0,100,0,0,1,0,0.00699460000032559,
random_policy_42_1b654477,random_policy,train,102,42,easy,5,5,0.0001,0.95,1.0,default,100,-52.0,43,0,1,0,1,0.0030512999946950004,
random_policy_42_1b654477,random_policy,train,103,42,easy,5,5,0.0001,0.95,1.0,default,100,-100.0,91,0,1,0,1,0.00635389999661129,
random_policy_42_1b654477,random_policy,train,104,42,easy,5,5,0.0001,0.95,1.0,default,100,-106.0,97,0,1,0,1,0.00676210000528954,
random_policy_42_1b654477,random_policy,train,105,42,easy,5,5,0.0001,0.95,1.0,default,100,-90.0,81,0,1,0,1,0.0056610000028740615,
random_policy_42_1b654477,random_policy,train,106,42,easy,5,5,0.0001,0.95,1.0,default,100,-100.0,100,0,0,1,0,0.006976300006499514,
random_policy_42_1b654477,random_policy,train,107,42,easy,5,5,0.0001,0.95,1.0,default,100,-21.0,12,0,1,0,1,0.0009615000017220154,
random_policy_42_1b654477,random_policy,train,108,42,easy,5,5,0.0001,0.95,1.0,default,100,-54.0,45,0,1,0,1,0.0031798999989405274,
random_policy_42_1b654477,random_policy,train,109,42,easy,5,5,0.0001,0.95,1.0,default,100,-65.0,56,0,1,0,1,0.003928599995560944,
random_policy_42_1b654477,random_policy,train,110,42,easy,5,5,0.0001,0.95,1.0,default,100,-100.0,100,0,0,1,0,0.006923799999640323,
random_policy_42_1b654477,random_policy,train,111,42,easy,5,5,0.0001,0.95,1.0,default,100,-102.0,93,0,1,0,1,0.006505400000605732,
random_policy_42_1b654477,random_policy,train,112,42,easy,5,5,0.0001,0.95,1.0,default,100,-56.0,47,0,1,0,1,0.0033107000053860247,
random_policy_42_1b654477,random_policy,train,113,42,easy,5,5,0.0001,0.95,1.0,default,100,-84.0,75,0,1,0,1,0.0052321999974083155,
random_policy_42_1b654477,random_policy,train,114,42,easy,5,5,0.0001,0.95,1.0,default,100,-100.0,100,0,0,1,0,0.006929199997102842,
random_policy_42_1b654477,random_policy,train,115,42,easy,5,5,0.0001,0.95,1.0,default,100,-73.0,84,1,1,0,0,0.00582790000771638,
random_policy_42_1b654477,random_policy,train,116,42,easy,5,5,0.0001,0.95,1.0,default,100,-32.0,23,0,1,0,1,0.0016815999988466501,
random_policy_42_1b654477,random_policy,train,117,42,easy,5,5,0.0001,0.95,1.0,default,100,-24.0,15,0,1,0,1,0.0011407999991206452,
random_policy_42_1b654477,random_policy,train,118,42,easy,5,5,0.0001,0.95,1.0,default,100,-100.0,100,0,0,1,0,0.0069340000045485795,
random_policy_42_1b654477,random_policy,train,119,42,easy,5,5,0.0001,0.95,1.0,default,100,-53.0,44,0,1,0,1,0.003116099993349053,
random_policy_42_1b654477,random_policy,train,120,42,easy,5,5,0.0001,0.95,1.0,default,100,-79.0,70,0,1,0,1,0.004881100001512095,
random_policy_42_1b654477,random_policy,train,121,42,easy,5,5,0.0001,0.95,1.0,default,100,-66.0,57,0,1,0,1,0.004138100004638545,
random_policy_42_1b654477,random_policy,train,122,42,easy,5,5,0.0001,0.95,1.0,default,100,-45.0,56,1,1,0,0,0.0039477999962400645,
random_policy_42_1b654477,random_policy,train,123,42,easy,5,5,0.0001,0.95,1.0,default,100,-35.0,26,0,1,0,1,0.0018832000059774145,
random_policy_42_1b654477,random_policy,train,124,42,easy,5,5,0.0001,0.95,1.0,default,100,-18.0,9,0,1,0,1,0.000717100003384985,
random_policy_42_1b654477,random_policy,train,125,42,easy,5,5,0.0001,0.95,1.0,default,100,-32.0,23,0,1,0,1,0.001673200007644482,
random_policy_42_1b654477,random_policy,train,126,42,easy,5,5,0.0001,0.95,1.0,default,100,-51.0,42,0,1,0,1,0.0029975999932503328,
random_policy_42_1b654477,random_policy,train,127,42,easy,5,5,0.0001,0.95,1.0,default,100,-32.0,23,0,1,0,1,0.0017177000117953867,
random_policy_42_1b654477,random_policy,train,128,42,easy,5,5,0.0001,0.95,1.0,default,100,-100.0,100,0,0,1,0,0.00694649999786634,
random_policy_42_1b654477,random_policy,train,129,42,easy,5,5,0.0001,0.95,1.0,default,100,-44.0,35,0,1,0,1,0.002500500006135553,
random_policy_42_1b654477,random_policy,train,130,42,easy,5,5,0.0001,0.95,1.0,default,100,-53.0,64,1,1,0,0,0.004477000009501353,
random_policy_42_1b654477,random_policy,train,131,42,easy,5,5,0.0001,0.95,1.0,default,100,-55.0,66,1,1,0,0,0.004614299992681481,
random_policy_42_1b654477,random_policy,train,132,42,easy,5,5,0.0001,0.95,1.0,default,100,-43.0,34,0,1,0,1,0.0024218000035034493,
random_policy_42_1b654477,random_policy,train,133,42,easy,5,5,0.0001,0.95,1.0,default,100,-100.0,100,0,0,1,0,0.006917499995324761,
random_policy_42_1b654477,random_policy,train,134,42,easy,5,5,0.0001,0.95,1.0,default,100,-40.0,31,0,1,0,1,0.0022398000000976026,
random_policy_42_1b654477,random_policy,train,135,42,easy,5,5,0.0001,0.95,1.0,default,100,-45.0,36,0,1,0,1,0.002553700003772974,
random_policy_42_1b654477,random_policy,train,136,42,easy,5,5,0.0001,0.95,1.0,default,100,-32.0,23,0,1,0,1,0.0016752000083215535,
random_policy_42_1b654477,random_policy,train,137,42,easy,5,5,0.0001,0.95,1.0,default,100,-37.0,48,1,1,0,0,0.003378800000064075,
random_policy_42_1b654477,random_policy,train,138,42,easy,5,5,0.0001,0.95,1.0,default,100,-100.0,100,0,0,1,0,0.006930799994734116,
random_policy_42_1b654477,random_policy,train,139,42,easy,5,5,0.0001,0.95,1.0,default,100,-101.0,92,0,1,0,1,0.0063929000025382265,
random_policy_42_1b654477,random_policy,train,140,42,easy,5,5,0.0001,0.95,1.0,default,100,-17.0,8,0,1,0,1,0.0006457999988924712,
random_policy_42_1b654477,random_policy,train,141,42,easy,5,5,0.0001,0.95,1.0,default,100,-52.0,43,0,1,0,1,0.003125899995211512,
random_policy_42_1b654477,random_policy,train,142,42,easy,5,5,0.0001,0.95,1.0,default,100,-17.0,28,1,1,0,0,0.0020856000046478584,
random_policy_42_1b654477,random_policy,train,143,42,easy,5,5,0.0001,0.95,1.0,default,100,-20.0,31,1,1,0,0,0.002287000010255724,
random_policy_42_1b654477,random_policy,train,144,42,easy,5,5,0.0001,0.95,1.0,default,100,-28.0,19,0,1,0,1,0.001425599999492988,
random_policy_42_1b654477,random_policy,train,145,42,easy,5,5,0.0001,0.95,1.0,default,100,-50.0,61,1,1,0,0,0.0043110999977216125,
random_policy_42_1b654477,random_policy,train,146,42,easy,5,5,0.0001,0.95,1.0,default,100,-20.0,11,0,1,0,1,0.000858900006278418,
random_policy_42_1b654477,random_policy,train,147,42,easy,5,5,0.0001,0.95,1.0,default,100,-100.0,100,0,0,1,0,0.007006100000580773,
random_policy_42_1b654477,random_policy,train,148,42,easy,5,5,0.0001,0.95,1.0,default,100,-100.0,100,0,0,1,0,0.006971399998292327,
random_policy_42_1b654477,random_policy,train,149,42,easy,5,5,0.0001,0.95,1.0,default,100,-39.0,30,0,1,0,1,0.0021655999880749732,
random_policy_42_1b654477,random_policy,train,150,42,easy,5,5,0.0001,0.95,1.0,default,100,-66.0,77,1,1,0,0,0.005388600009609945,
random_policy_42_1b654477,random_policy,train,151,42,easy,5,5,0.0001,0.95,1.0,default,100,-24.0,15,0,1,0,1,0.0011393000022508204,
random_policy_42_1b654477,random_policy,train,152,42,easy,5,5,0.0001,0.95,1.0,default,100,-23.0,14,0,1,0,1,0.0010571000020718202,
random_policy_42_1b654477,random_policy,train,153,42,easy,5,5,0.0001,0.95,1.0,default,100,-33.0,24,0,1,0,1,0.0017585999885341153,
random_policy_42_1b654477,random_policy,train,154,42,easy,5,5,0.0001,0.95,1.0,default,100,-54.0,65,1,1,0,0,0.0045449000026565045,
random_policy_42_1b654477,random_policy,train,155,42,easy,5,5,0.0001,0.95,1.0,default,100,-25.0,16,0,1,0,1,0.0012024000025121495,
random_policy_42_1b654477,random_policy,train,156,42,easy,5,5,0.0001,0.95,1.0,default,100,-35.0,46,1,1,0,0,0.0032605000014882535,
random_policy_42_1b654477,random_policy,train,157,42,easy,5,5,0.0001,0.95,1.0,default,100,-68.0,59,0,1,0,1,0.004170499989413656,
random_policy_42_1b654477,random_policy,train,158,42,easy,5,5,0.0001,0.95,1.0,default,100,-16.0,7,0,1,0,1,0.0005875999922864139,
random_policy_42_1b654477,random_policy,train,159,42,easy,5,5,0.0001,0.95,1.0,default,100,-46.0,37,0,1,0,1,0.0026360999909229577,
random_policy_42_1b654477,random_policy,train,160,42,easy,5,5,0.0001,0.95,1.0,default,100,-29.0,20,0,1,0,1,0.0014733999996678904,
random_policy_42_1b654477,random_policy,train,161,42,easy,5,5,0.0001,0.95,1.0,default,100,-36.0,27,0,1,0,1,0.002020500003709458,
random_policy_42_1b654477,random_policy,train,162,42,easy,5,5,0.0001,0.95,1.0,default,100,-100.0,100,0,0,1,0,0.006994399998802692,
random_policy_42_1b654477,random_policy,train,163,42,easy,5,5,0.0001,0.95,1.0,default,100,-38.0,29,0,1,0,1,0.0021111999958520755,
random_policy_42_1b654477,random_policy,train,164,42,easy,5,5,0.0001,0.95,1.0,default,100,-60.0,51,0,1,0,1,0.0036487000033957884,
random_policy_42_1b654477,random_policy,train,165,42,easy,5,5,0.0001,0.95,1.0,default,100,-83.0,74,0,1,0,1,0.005204699991736561,
random_policy_42_1b654477,random_policy,train,166,42,easy,5,5,0.0001,0.95,1.0,default,100,-67.0,58,0,1,0,1,0.004187600003206171,
random_policy_42_1b654477,random_policy,train,167,42,easy,5,5,0.0001,0.95,1.0,default,100,-19.0,10,0,1,0,1,0.0008524000004399568,
random_policy_42_1b654477,random_policy,train,168,42,easy,5,5,0.0001,0.95,1.0,default,100,-60.0,51,0,1,0,1,0.00358099999721162,
random_policy_42_1b654477,random_policy,train,169,42,easy,5,5,0.0001,0.95,1.0,default,100,-77.0,68,0,1,0,1,0.004709399989224039,
random_policy_42_1b654477,random_policy,train,170,42,easy,5,5,0.0001,0.95,1.0,default,100,-44.0,35,0,1,0,1,0.002541099995141849,
random_policy_42_1b654477,random_policy,train,171,42,easy,5,5,0.0001,0.95,1.0,default,100,-33.0,24,0,1,0,1,0.0017365000094287097,
random_policy_42_1b654477,random_policy,train,172,42,easy,5,5,0.0001,0.95,1.0,default,100,-100.0,100,0,0,1,0,0.00689540000166744,
random_policy_42_1b654477,random_policy,train,173,42,easy,5,5,0.0001,0.95,1.0,default,100,-45.0,36,0,1,0,1,0.002551900004618801,
random_policy_42_1b654477,random_policy,train,174,42,easy,5,5,0.0001,0.95,1.0,default,100,-34.0,25,0,1,0,1,0.0017928000015672296,
random_policy_42_1b654477,random_policy,train,175,42,easy,5,5,0.0001,0.95,1.0,default,100,-51.0,42,0,1,0,1,0.0029547000012826174,
random_policy_42_1b654477,random_policy,train,176,42,easy,5,5,0.0001,0.95,1.0,default,100,-68.0,59,0,1,0,1,0.004147200001170859,
random_policy_42_1b654477,random_policy,train,177,42,easy,5,5,0.0001,0.95,1.0,default,100,-81.0,92,1,1,0,0,0.006325100010144524,
random_policy_42_1b654477,random_policy,train,178,42,easy,5,5,0.0001,0.95,1.0,default,100,-65.0,56,0,1,0,1,0.0039080999995348975,
random_policy_42_1b654477,random_policy,train,179,42,easy,5,5,0.0001,0.95,1.0,default,100,-15.0,6,0,1,0,1,0.0005119999987073243,
random_policy_42_1b654477,random_policy,train,180,42,easy,5,5,0.0001,0.95,1.0,default,100,-26.0,17,0,1,0,1,0.0012575000000651926,
random_policy_42_1b654477,random_policy,train,181,42,easy,5,5,0.0001,0.95,1.0,default,100,-100.0,100,0,0,1,0,0.00699170000734739,
random_policy_42_1b654477,random_policy,train,182,42,easy,5,5,0.0001,0.95,1.0,default,100,-100.0,100,0,0,1,0,0.006950599999981932,
random_policy_42_1b654477,random_policy,train,183,42,easy,5,5,0.0001,0.95,1.0,default,100,-49.0,60,1,1,0,0,0.004241699993144721,
random_policy_42_1b654477,random_policy,train,184,42,easy,5,5,0.0001,0.95,1.0,default,100,-59.0,50,0,1,0,1,0.0035349999961908907,
random_policy_42_1b654477,random_policy,train,185,42,easy,5,5,0.0001,0.95,1.0,default,100,-36.0,27,0,1,0,1,0.0019485000084387138,
random_policy_42_1b654477,random_policy,train,186,42,easy,5,5,0.0001,0.95,1.0,default,100,-100.0,100,0,0,1,0,0.006939300001249649,
random_policy_42_1b654477,random_policy,train,187,42,easy,5,5,0.0001,0.95,1.0,default,100,-9.0,20,1,1,0,0,0.0014881000097375363,
random_policy_42_1b654477,random_policy,train,188,42,easy,5,5,0.0001,0.95,1.0,default,100,-100.0,100,0,0,1,0,0.006936199992196634,
random_policy_42_1b654477,random_policy,train,189,42,easy,5,5,0.0001,0.95,1.0,default,100,-100.0,100,0,0,1,0,0.006935900004464202,
random_policy_42_1b654477,random_policy,train,190,42,easy,5,5,0.0001,0.95,1.0,default,100,-22.0,13,0,1,0,1,0.0010080000065499917,
random_policy_42_1b654477,random_policy,train,191,42,easy,5,5,0.0001,0.95,1.0,default,100,-100.0,100,0,0,1,0,0.006925400011823513,
random_policy_42_1b654477,random_policy,train,192,42,easy,5,5,0.0001,0.95,1.0,default,100,-27.0,38,1,1,0,0,0.002704500002437271,
random_policy_42_1b654477,random_policy,train,193,42,easy,5,5,0.0001,0.95,1.0,default,100,-21.0,12,0,1,0,1,0.0009334000060334802,
random_policy_42_1b654477,random_policy,train,194,42,easy,5,5,0.0001,0.95,1.0,default,100,-19.0,10,0,1,0,1,0.0007800000021234155,
random_policy_42_1b654477,random_policy,train,195,42,easy,5,5,0.0001,0.95,1.0,default,100,-103.0,94,0,1,0,1,0.006504300006781705,
random_policy_42_1b654477,random_policy,train,196,42,easy,5,5,0.0001,0.95,1.0,default,100,-41.0,32,0,1,0,1,0.002289100011694245,
random_policy_42_1b654477,random_policy,train,197,42,easy,5,5,0.0001,0.95,1.0,default,100,-14.0,25,1,1,0,0,0.0018276000046171248,
random_policy_42_1b654477,random_policy,train,198,42,easy,5,5,0.0001,0.95,1.0,default,100,-31.0,22,0,1,0,1,0.0015994999994290993,
random_policy_42_1b654477,random_policy,train,199,42,easy,5,5,0.0001,0.95,1.0,default,100,-36.0,27,0,1,0,1,0.0019404999911785126,
random_policy_42_1b654477,random_policy,train,200,42,easy,5,5,0.0001,0.95,1.0,default,100,-22.0,13,0,1,0,1,0.0009987999947043136,results\random_policy\seed_42\qtable_ep200.npz
random_policy_42_1b654477,random_policy,train,201,42,easy,5,5,0.0001,0.95,1.0,default,100,-43.0,34,0,1,0,1,0.0025533000007271767,
random_policy_42_1b654477,random_policy,train,202,42,easy,5,5,0.0001,0.95,1.0,default,100,-100.0,100,0,0,1,0,0.0070801000110805035,
random_policy_42_1b654477,random_policy,train,203,42,easy,5,5,0.0001,0.95,1.0,default,100,-32.0,23,0,1,0,1,0.0017192999948747456,
random_policy_42_1b654477,random_policy,train,204,42,easy,5,5,0.0001,0.95,1.0,default,100,-15.0,6,0,1,0,1,0.0005267000087769702,
random_policy_42_1b654477,random_policy,train,205,42,easy,5,5,0.0001,0.95,1.0,default,100,-100.0,100,0,0,1,0,0.007073699991451576,
random_policy_42_1b654477,random_policy,train,206,42,easy,5,5,0.0001,0.95,1.0,default,100,-27.0,38,1,1,0,0,0.0027563000039663166,
random_policy_42_1b654477,random_policy,train,207,42,easy,5,5,0.0001,0.95,1.0,default,100,-23.0,14,0,1,0,1,0.0010909999982686713,
random_policy_42_1b654477,random_policy,train,208,42,easy,5,5,0.0001,0.95,1.0,default,100,-53.0,64,1,1,0,0,0.004549000004772097,
random_policy_42_1b654477,random_policy,train,209,42,easy,5,5,0.0001,0.95,1.0,default,100,-26.0,17,0,1,0,1,0.0012787000014213845,
random_policy_42_1b654477,random_policy,train,210,42,easy,5,5,0.0001,0.95,1.0,default,100,-57.0,48,0,1,0,1,0.0034881000028690323,
random_policy_42_1b654477,random_policy,train,211,42,easy,5,5,0.0001,0.95,1.0,default,100,-59.0,50,0,1,0,1,0.003599100004066713,
random_policy_42_1b654477,random_policy,train,212,42,easy,5,5,0.0001,0.95,1.0,default,100,-23.0,14,0,1,0,1,0.0010749000066425651,
random_policy_42_1b654477,random_policy,train,213,42,easy,5,5,0.0001,0.95,1.0,default,100,-16.0,27,1,1,0,0,0.001981100009288639,
random_policy_42_1b654477,random_policy,train,214,42,easy,5,5,0.0001,0.95,1.0,default,100,-48.0,39,0,1,0,1,0.0028205999988131225,
random_policy_42_1b654477,random_policy,train,215,42,easy,5,5,0.0001,0.95,1.0,default,100,-41.0,32,0,1,0,1,0.0023388999979943037,
random_policy_42_1b654477,random_policy,train,216,42,easy,5,5,0.0001,0.95,1.0,default,100,-24.0,15,0,1,0,1,0.0011737000022549182,
random_policy_42_1b654477,random_policy,train,217,42,easy,5,5,0.0001,0.95,1.0,default,100,-43.0,54,1,1,0,0,0.003913799999281764,
random_policy_42_1b654477,random_policy,train,218,42,easy,5,5,0.0001,0.95,1.0,default,100,-68.0,59,0,1,0,1,0.004234400010318495,
random_policy_42_1b654477,random_policy,train,219,42,easy,5,5,0.0001,0.95,1.0,default,100,-57.0,48,0,1,0,1,0.003443699999479577,
random_policy_42_1b654477,random_policy,train,220,42,easy,5,5,0.0001,0.95,1.0,default,100,-51.0,42,0,1,0,1,0.0030358999938471243,
random_policy_42_1b654477,random_policy,train,221,42,easy,5,5,0.0001,0.95,1.0,default,100,-92.0,83,0,1,0,1,0.005989299999782816,
random_policy_42_1b654477,random_policy,train,222,42,easy,5,5,0.0001,0.95,1.0,default,100,-100.0,100,0,0,1,0,0.00713980000000447,
random_policy_42_1b654477,random_policy,train,223,42,easy,5,5,0.0001,0.95,1.0,default,100,-100.0,100,0,0,1,0,0.007149999990360811,
random_policy_42_1b654477,random_policy,train,224,42,easy,5,5,0.0001,0.95,1.0,default,100,-96.0,87,0,1,0,1,0.00617680000141263,
random_policy_42_1b654477,random_policy,train,225,42,easy,5,5,0.0001,0.95,1.0,default,100,-100.0,100,0,0,1,0,0.007088899990776554,
random_policy_42_1b654477,random_policy,train,226,42,easy,5,5,0.0001,0.95,1.0,default,100,-32.0,23,0,1,0,1,0.0017158999980892986,
random_policy_42_1b654477,random_policy,train,227,42,easy,5,5,0.0001,0.95,1.0,default,100,-23.0,34,1,1,0,0,0.0024839999969117343,
random_policy_42_1b654477,random_policy,train,228,42,easy,5,5,0.0001,0.95,1.0,default,100,-21.0,12,0,1,0,1,0.0009400999988429248,
random_policy_42_1b654477,random_policy,train,229,42,easy,5,5,0.0001,0.95,1.0,default,100,-27.0,18,0,1,0,1,0.0013642999983858317,
random_policy_42_1b654477,random_policy,train,230,42,easy,5,5,0.0001,0.95,1.0,default,100,-23.0,34,1,1,0,0,0.002477399990311824,
random_policy_42_1b654477,random_policy,train,231,42,easy,5,5,0.0001,0.95,1.0,default,100,-100.0,100,0,0,1,0,0.0070933999959379435,
random_policy_42_1b654477,random_policy,train,232,42,easy,5,5,0.0001,0.95,1.0,default,100,-68.0,79,1,1,0,0,0.005645199998980388,
random_policy_42_1b654477,random_policy,train,233,42,easy,5,5,0.0001,0.95,1.0,default,100,-53.0,44,0,1,0,1,0.0031964000081643462,
random_policy_42_1b654477,random_policy,train,234,42,easy,5,5,0.0001,0.95,1.0,default,100,-16.0,7,0,1,0,1,0.0006076999998185784,
random_policy_42_1b654477,random_policy,train,235,42,easy,5,5,0.0001,0.95,1.0,default,100,-24.0,15,0,1,0,1,0.0011489000025903806,
random_policy_42_1b654477,random_policy,train,236,42,easy,5,5,0.0001,0.95,1.0,default,100,-100.0,100,0,0,1,0,0.007084800003212877,
random_policy_42_1b654477,random_policy,train,237,42,easy,5,5,0.0001,0.95,1.0,default,100,-37.0,28,0,1,0,1,0.002068900008453056,
random_policy_42_1b654477,random_policy,train,238,42,easy,5,5,0.0001,0.95,1.0,default,100,-100.0,100,0,0,1,0,0.007078700000420213,
random_policy_42_1b654477,random_policy,train,239,42,easy,5,5,0.0001,0.95,1.0,default,100,-25.0,36,1,1,0,0,0.0026365000085206702,
random_policy_42_1b654477,random_policy,train,240,42,easy,5,5,0.0001,0.95,1.0,default,100,-31.0,22,0,1,0,1,0.0016614000051049516,
random_policy_42_1b654477,random_policy,train,241,42,easy,5,5,0.0001,0.95,1.0,default,100,-57.0,48,0,1,0,1,0.0034928000095533207,
random_policy_42_1b654477,random_policy,train,242,42,easy,5,5,0.0001,0.95,1.0,default,100,-30.0,21,0,1,0,1,0.0015983000048436224,
random_policy_42_1b654477,random_policy,train,243,42,easy,5,5,0.0001,0.95,1.0,default,100,-72.0,63,0,1,0,1,0.004501499992329627,
random_policy_42_1b654477,random_policy,train,244,42,easy,5,5,0.0001,0.95,1.0,default,100,-40.0,31,0,1,0,1,0.0022716999956173822,
random_policy_42_1b654477,random_policy,train,245,42,easy,5,5,0.0001,0.95,1.0,default,100,-20.0,31,1,1,0,0,0.002264199996716343,
random_policy_42_1b654477,random_policy,train,246,42,easy,5,5,0.0001,0.95,1.0,default,100,-65.0,56,0,1,0,1,0.0040069999959087,
random_policy_42_1b654477,random_policy,train,247,42,easy,5,5,0.0001,0.95,1.0,default,100,-77.0,68,0,1,0,1,0.004853800011915155,
random_policy_42_1b654477,random_policy,train,248,42,easy,5,5,0.0001,0.95,1.0,default,100,-49.0,40,0,1,0,1,0.0029017999913776293,
random_policy_42_1b654477,random_policy,train,249,42,easy,5,5,0.0001,0.95,1.0,default,100,-106.0,97,0,1,0,1,0.006845299998531118,
random_policy_42_1b654477,random_policy,train,250,42,easy,5,5,0.0001,0.95,1.0,default,100,-33.0,24,0,1,0,1,0.0017995999951381236,
random_policy_42_1b654477,random_policy,train,251,42,easy,5,5,0.0001,0.95,1.0,default,100,-40.0,51,1,1,0,0,0.0036612999974749982,
random_policy_42_1b654477,random_policy,train,252,42,easy,5,5,0.0001,0.95,1.0,default,100,-100.0,100,0,0,1,0,0.007058100003632717,
random_policy_42_1b654477,random_policy,train,253,42,easy,5,5,0.0001,0.95,1.0,default,100,-61.0,52,0,1,0,1,0.0037781999999424443,
random_policy_42_1b654477,random_policy,train,254,42,easy,5,5,0.0001,0.95,1.0,default,100,-39.0,30,0,1,0,1,0.0022040999901946634,
random_policy_42_1b654477,random_policy,train,255,42,easy,5,5,0.0001,0.95,1.0,default,100,-100.0,100,0,0,1,0,0.00706799999170471,
random_policy_42_1b654477,random_policy,train,256,42,easy,5,5,0.0001,0.95,1.0,default,100,-55.0,66,1,1,0,0,0.004710299996077083,
random_policy_42_1b654477,random_policy,train,257,42,easy,5,5,0.0001,0.95,1.0,default,100,-33.0,24,0,1,0,1,0.001800300000468269,
random_policy_42_1b654477,random_policy,train,258,42,easy,5,5,0.0001,0.95,1.0,default,100,-18.0,29,1,1,0,0,0.002140800002962351,
random_policy_42_1b654477,random_policy,train,259,42,easy,5,5,0.0001,0.95,1.0,default,100,-56.0,67,1,1,0,0,0.004769000006490387,
random_policy_42_1b654477,random_policy,train,260,42,easy,5,5,0.0001,0.95,1.0,default,100,-93.0,84,0,1,0,1,0.00595830001111608,
random_policy_42_1b654477,random_policy,train,261,42,easy,5,5,0.0001,0.95,1.0,default,100,-29.0,40,1,1,0,0,0.0029501999961212277,
random_policy_42_1b654477,random_policy,train,262,42,easy,5,5,0.0001,0.95,1.0,default,100,-64.0,55,0,1,0,1,0.003945999997085892,
random_policy_42_1b654477,random_policy,train,263,42,easy,5,5,0.0001,0.95,1.0,default,100,-100.0,100,0,0,1,0,0.007093199994415045,
random_policy_42_1b654477,random_policy,train,264,42,easy,5,5,0.0001,0.95,1.0,default,100,-105.0,96,0,1,0,1,0.006803700001910329,
random_policy_42_1b654477,random_policy,train,265,42,easy,5,5,0.0001,0.95,1.0,default,100,-34.0,45,1,1,0,0,0.0032497999927727506,
random_policy_42_1b654477,random_policy,train,266,42,easy,5,5,0.0001,0.95,1.0,default,100,-100.0,100,0,0,1,0,0.007083199991029687,
random_policy_42_1b654477,random_policy,train,267,42,easy,5,5,0.0001,0.95,1.0,default,100,-23.0,34,1,1,0,0,0.002489499995135702,
random_policy_42_1b654477,random_policy,train,268,42,easy,5,5,0.0001,0.95,1.0,default,100,-62.0,53,0,1,0,1,0.003793800002313219,
random_policy_42_1b654477,random_policy,train,269,42,easy,5,5,0.0001,0.95,1.0,default,100,-27.0,18,0,1,0,1,0.0013716999965254217,
random_policy_42_1b654477,random_policy,train,270,42,easy,5,5,0.0001,0.95,1.0,default,100,-56.0,47,0,1,0,1,0.003401900001335889,
random_policy_42_1b654477,random_policy,train,271,42,easy,5,5,0.0001,0.95,1.0,default,100,-100.0,100,0,0,1,0,0.007114300009561703,
random_policy_42_1b654477,random_policy,train,272,42,easy,5,5,0.0001,0.95,1.0,default,100,-100.0,100,0,0,1,0,0.0070940000005066395,
random_policy_42_1b654477,random_policy,train,273,42,easy,5,5,0.0001,0.95,1.0,default,100,-24.0,15,0,1,0,1,0.0011866999993799254,
random_policy_42_1b654477,random_policy,train,274,42,easy,5,5,0.0001,0.95,1.0,default,100,-36.0,27,0,1,0,1,0.0019929999980377033,
random_policy_42_1b654477,random_policy,train,275,42,easy,5,5,0.0001,0.95,1.0,default,100,-26.0,17,0,1,0,1,0.0012896999978693202,
random_policy_42_1b654477,random_policy,train,276,42,easy,5,5,0.0001,0.95,1.0,default,100,-100.0,100,0,0,1,0,0.007077999995090067,
random_policy_42_1b654477,random_policy,train,277,42,easy,5,5,0.0001,0.95,1.0,default,100,-44.0,55,1,1,0,0,0.0039591000095242634,
random_policy_42_1b654477,random_policy,train,278,42,easy,5,5,0.0001,0.95,1.0,default,100,-29.0,20,0,1,0,1,0.0015066999912960455,
random_policy_42_1b654477,random_policy,train,279,42,easy,5,5,0.0001,0.95,1.0,default,100,-30.0,21,0,1,0,1,0.001567700004670769,
random_policy_42_1b654477,random_policy,train,280,42,easy,5,5,0.0001,0.95,1.0,default,100,-29.0,20,0,1,0,1,0.0015114999987417832,
random_policy_42_1b654477,random_policy,train,281,42,easy,5,5,0.0001,0.95,1.0,default,100,-51.0,42,0,1,0,1,0.003078299996559508,
random_policy_42_1b654477,random_policy,train,282,42,easy,5,5,0.0001,0.95,1.0,default,100,-21.0,12,0,1,0,1,0.0009549999958835542,
random_policy_42_1b654477,random_policy,train,283,42,easy,5,5,0.0001,0.95,1.0,default,100,-49.0,40,0,1,0,1,0.002913300006184727,
random_policy_42_1b654477,random_policy,train,284,42,easy,5,5,0.0001,0.95,1.0,default,100,-100.0,100,0,0,1,0,0.007078099995851517,
random_policy_42_1b654477,random_policy,train,285,42,easy,5,5,0.0001,0.95,1.0,default,100,-51.0,42,0,1,0,1,0.0030337000061990693,
random_policy_42_1b654477,random_policy,train,286,42,easy,5,5,0.0001,0.95,1.0,default,100,-33.0,44,1,1,0,0,0.003170800002408214,
random_policy_42_1b654477,random_policy,train,287,42,easy,5,5,0.0001,0.95,1.0,default,100,-42.0,33,0,1,0,1,0.002465700003085658,
random_policy_42_1b654477,random_policy,train,288,42,easy,5,5,0.0001,0.95,1.0,default,100,-100.0,100,0,0,1,0,0.007098700007190928,
random_policy_42_1b654477,random_policy,train,289,42,easy,5,5,0.0001,0.95,1.0,default,100,-100.0,100,0,0,1,0,0.007150099991122261,
random_policy_42_1b654477,random_policy,train,290,42,easy,5,5,0.0001,0.95,1.0,default,100,-100.0,100,0,0,1,0,0.007178899992140941,
random_policy_42_1b654477,random_policy,train,291,42,easy,5,5,0.0001,0.95,1.0,default,100,-52.0,63,1,1,0,0,0.004518500005360693,
random_policy_42_1b654477,random_policy,train,292,42,easy,5,5,0.0001,0.95,1.0,default,100,-92.0,83,0,1,0,1,0.00593460000527557,
random_policy_42_1b654477,random_policy,train,293,42,easy,5,5,0.0001,0.95,1.0,default,100,-51.0,42,0,1,0,1,0.0030430000042542815,
random_policy_42_1b654477,random_policy,train,294,42,easy,5,5,0.0001,0.95,1.0,default,100,-67.0,58,0,1,0,1,0.0041551000031176955,
random_policy_42_1b654477,random_policy,train,295,42,easy,5,5,0.0001,0.95,1.0,default,100,-100.0,100,0,0,1,0,0.007112399995094165,
random_policy_42_1b654477,random_policy,train,296,42,easy,5,5,0.0001,0.95,1.0,default,100,-56.0,67,1,1,0,0,0.004789200000232086,
random_policy_42_1b654477,random_policy,train,297,42,easy,5,5,0.0001,0.95,1.0,default,100,-24.0,15,0,1,0,1,0.001166299989563413,
random_policy_42_1b654477,random_policy,train,298,42,easy,5,5,0.0001,0.95,1.0,default,100,-19.0,10,0,1,0,1,0.0008031999896047637,
random_policy_42_1b654477,random_policy,train,299,42,easy,5,5,0.0001,0.95,1.0,default,100,-34.0,25,0,1,0,1,0.0018511999951442704,
random_policy_42_1b654477,random_policy,train,300,42,easy,5,5,0.0001,0.95,1.0,default,100,-55.0,46,0,1,0,1,0.003387399992789142,
random_policy_42_1b654477,random_policy,train,301,42,easy,5,5,0.0001,0.95,1.0,default,100,-53.0,44,0,1,0,1,0.0032468999997945502,
random_policy_42_1b654477,random_policy,train,302,42,easy,5,5,0.0001,0.95,1.0,default,100,-100.0,100,0,0,1,0,0.007105299999238923,
random_policy_42_1b654477,random_policy,train,303,42,easy,5,5,0.0001,0.95,1.0,default,100,-40.0,31,0,1,0,1,0.002328500006115064,
random_policy_42_1b654477,random_policy,train,304,42,easy,5,5,0.0001,0.95,1.0,default,100,-25.0,16,0,1,0,1,0.0012302999966777861,
random_policy_42_1b654477,random_policy,train,305,42,easy,5,5,0.0001,0.95,1.0,default,100,-23.0,14,0,1,0,1,0.0010886000090977177,
random_policy_42_1b654477,random_policy,train,306,42,easy,5,5,0.0001,0.95,1.0,default,100,-100.0,100,0,0,1,0,0.007083999997121282,
random_policy_42_1b654477,random_policy,train,307,42,easy,5,5,0.0001,0.95,1.0,default,100,-31.0,22,0,1,0,1,0.001659100002143532,
random_policy_42_1b654477,random_policy,train,308,42,easy,5,5,0.0001,0.95,1.0,default,100,-40.0,31,0,1,0,1,0.002326399990124628,
random_policy_42_1b654477,random_policy,train,309,42,easy,5,5,0.0001,0.95,1.0,default,100,-20.0,11,0,1,0,1,0.0008940999978221953,
random_policy_42_1b654477,random_policy,train,310,42,easy,5,5,0.0001,0.95,1.0,default,100,-81.0,92,1,1,0,0,0.006556599997566082,
random_policy_42_1b654477,random_policy,train,311,42,easy,5,5,0.0001,0.95,1.0,default,100,-51.0,42,0,1,0,1,0.0030534999968949705,
random_policy_42_1b654477,random_policy,train,312,42,easy,5,5,0.0001,0.95,1.0,default,100,-100.0,100,0,0,1,0,0.0070906000037211925,
random_policy_42_1b654477,random_policy,train,313,42,easy,5,5,0.0001,0.95,1.0,default,100,-31.0,42,1,1,0,0,0.003074299995205365,
random_policy_42_1b654477,random_policy,train,314,42,easy,5,5,0.0001,0.95,1.0,default,100,-30.0,21,0,1,0,1,0.0015772000042488798,
random_policy_42_1b654477,random_policy,train,315,42,easy,5,5,0.0001,0.95,1.0,default,100,-70.0,61,0,1,0,1,0.004368699999758974,
random_policy_42_1b654477,random_policy,train,316,42,easy,5,5,0.0001,0.95,1.0,default,100,-12.0,23,1,1,0,0,0.0017248999938601628,
random_policy_42_1b654477,random_policy,train,317,42,easy,5,5,0.0001,0.95,1.0,default,100,-82.0,73,0,1,0,1,0.005218299993430264,
random_policy_42_1b654477,random_policy,train,318,42,easy,5,5,0.0001,0.95,1.0,default,100,-31.0,22,0,1,0,1,0.0016776000120444223,
random_policy_42_1b654477,random_policy,train,319,42,easy,5,5,0.0001,0.95,1.0,default,100,-43.0,54,1,1,0,0,0.003895000001648441,
random_policy_42_1b654477,random_policy,train,320,42,easy,5,5,0.0001,0.95,1.0,default,100,-100.0,100,0,0,1,0,0.007123100003809668,
random_policy_42_1b654477,random_policy,train,321,42,easy,5,5,0.0001,0.95,1.0,default,100,-30.0,21,0,1,0,1,0.0016214999923249707,
random_policy_42_1b654477,random_policy,train,322,42,easy,5,5,0.0001,0.95,1.0,default,100,-37.0,28,0,1,0,1,0.0020739000028697774,
random_policy_42_1b654477,random_policy,train,323,42,easy,5,5,0.0001,0.95,1.0,default,100,-50.0,61,1,1,0,0,0.004362899999250658,
random_policy_42_1b654477,random_policy,train,324,42,easy,5,5,0.0001,0.95,1.0,default,100,-40.0,31,0,1,0,1,0.002295300000696443,
random_policy_42_1b654477,random_policy,train,325,42,easy,5,5,0.0001,0.95,1.0,default,100,-100.0,100,0,0,1,0,0.007120499998563901,
random_policy_42_1b654477,random_policy,train,326,42,easy,5,5,0.0001,0.95,1.0,default,100,-61.0,72,1,1,0,0,0.005129000011947937,
random_policy_42_1b654477,random_policy,train,327,42,easy,5,5,0.0001,0.95,1.0,default,100,-83.0,74,0,1,0,1,0.005303900004946627,
random_policy_42_1b654477,random_policy,train,328,42,easy,5,5,0.0001,0.95,1.0,default,100,-30.0,21,0,1,0,1,0.0015827000024728477,
random_policy_42_1b654477,random_policy,train,329,42,easy,5,5,0.0001,0.95,1.0,default,100,-96.0,87,0,1,0,1,0.006173700006911531,
random_policy_42_1b654477,random_policy,train,330,42,easy,5,5,0.0001,0.95,1.0,default,100,-72.0,83,1,1,0,0,0.005899900002987124,
random_policy_42_1b654477,random_policy,train,331,42,easy,5,5,0.0001,0.95,1.0,default,100,-15.0,26,1,1,0,0,0.0019367000058991835,
random_policy_42_1b654477,random_policy,train,332,42,easy,5,5,0.0001,0.95,1.0,default,100,-61.0,52,0,1,0,1,0.0037278000090736896,
random_policy_42_1b654477,random_policy,train,333,42,easy,5,5,0.0001,0.95,1.0,default,100,-32.0,23,0,1,0,1,0.0017195999971590936,
random_policy_42_1b654477,random_policy,train,334,42,easy,5,5,0.0001,0.95,1.0,default,100,-58.0,49,0,1,0,1,0.0035268999927211553,
random_policy_42_1b654477,random_policy,train,335,42,easy,5,5,0.0001,0.95,1.0,default,100,-31.0,22,0,1,0,1,0.0016460000042570755,
random_policy_42_1b654477,random_policy,train,336,42,easy,5,5,0.0001,0.95,1.0,default,100,-21.0,12,0,1,0,1,0.0009543999913148582,
random_policy_42_1b654477,random_policy,train,337,42,easy,5,5,0.0001,0.95,1.0,default,100,-29.0,20,0,1,0,1,0.0015191999991657212,
random_policy_42_1b654477,random_policy,train,338,42,easy,5,5,0.0001,0.95,1.0,default,100,-28.0,19,0,1,0,1,0.0014349999983096495,
random_policy_42_1b654477,random_policy,train,339,42,easy,5,5,0.0001,0.95,1.0,default,100,-100.0,100,0,0,1,0,0.007099999987985939,
random_policy_42_1b654477,random_policy,train,340,42,easy,5,5,0.0001,0.95,1.0,default,100,-105.0,96,0,1,0,1,0.006845399999292567,
random_policy_42_1b654477,random_policy,train,341,42,easy,5,5,0.0001,0.95,1.0,default,100,-29.0,20,0,1,0,1,0.0017436999914934859,
random_policy_42_1b654477,random_policy,train,342,42,easy,5,5,0.0001,0.95,1.0,default,100,-34.0,25,0,1,0,1,0.0019001999899046496,
random_policy_42_1b654477,random_policy,train,343,42,easy,5,5,0.0001,0.95,1.0,default,100,-71.0,62,0,1,0,1,0.004369600006612018,
random_policy_42_1b654477,random_policy,train,344,42,easy,5,5,0.0001,0.95,1.0,default,100,-36.0,27,0,1,0,1,0.0020050000021001324,
random_policy_42_1b654477,random_policy,train,345,42,easy,5,5,0.0001,0.95,1.0,default,100,-19.0,10,0,1,0,1,0.0008015999919734895,
random_policy_42_1b654477,random_policy,train,346,42,easy,5,5,0.0001,0.95,1.0,default,100,-100.0,100,0,0,1,0,0.007015900002443232,
random_policy_42_1b654477,random_policy,train,347,42,easy,5,5,0.0001,0.95,1.0,default,100,-61.0,52,0,1,0,1,0.0036976999981561676,
random_policy_42_1b654477,random_policy,train,348,42,easy,5,5,0.0001,0.95,1.0,default,100,-12.0,23,1,1,0,0,0.0016860000032465905,
random_policy_42_1b654477,random_policy,train,349,42,easy,5,5,0.0001,0.95,1.0,default,100,-100.0,100,0,0,1,0,0.007051699998555705,
random_policy_42_1b654477,random_policy,train,350,42,easy,5,5,0.0001,0.95,1.0,default,100,-60.0,51,0,1,0,1,0.0036226000083843246,
random_policy_42_1b654477,random_policy,train,351,42,easy,5,5,0.0001,0.95,1.0,default,100,-65.0,56,0,1,0,1,0.003952300001401454,
random_policy_42_1b654477,random_policy,train,352,42,easy,5,5,0.0001,0.95,1.0,default,100,-80.0,71,0,1,0,1,0.005027099992730655,
random_policy_42_1b654477,random_policy,train,353,42,easy,5,5,0.0001,0.95,1.0,default,100,-100.0,100,0,0,1,0,0.006997199991019443,
random_policy_42_1b654477,random_policy,train,354,42,easy,5,5,0.0001,0.95,1.0,default,100,-31.0,22,0,1,0,1,0.0016223999991780147,
random_policy_42_1b654477,random_policy,train,355,42,easy,5,5,0.0001,0.95,1.0,default,100,-54.0,45,0,1,0,1,0.0032011999865062535,
random_policy_42_1b654477,random_policy,train,356,42,easy,5,5,0.0001,0.95,1.0,default,100,-57.0,48,0,1,0,1,0.0034167999983765185,
random_policy_42_1b654477,random_policy,train,357,42,easy,5,5,0.0001,0.95,1.0,default,100,-35.0,26,0,1,0,1,0.0019022000051336363,
random_policy_42_1b654477,random_policy,train,358,42,easy,5,5,0.0001,0.95,1.0,default,100,-18.0,29,1,1,0,0,0.0021223000076133758,
random_policy_42_1b654477,random_policy,train,359,42,easy,5,5,0.0001,0.95,1.0,default,100,-18.0,9,0,1,0,1,0.0007214999932330102,
random_policy_42_1b654477,random_policy,train,360,42,easy,5,5,0.0001,0.95,1.0,default,100,-100.0,100,0,0,1,0,0.007004800005233847,
random_policy_42_1b654477,random_policy,train,361,42,easy,5,5,0.0001,0.95,1.0,default,100,-12.0,23,1,1,0,0,0.0017629000067245215,
random_policy_42_1b654477,random_policy,train,362,42,easy,5,5,0.0001,0.95,1.0,default,100,-47.0,58,1,1,0,0,0.004145399987464771,
random_policy_42_1b654477,random_policy,train,363,42,easy,5,5,0.0001,0.95,1.0,default,100,-82.0,93,1,1,0,0,0.006573699996806681,
random_policy_42_1b654477,random_policy,train,364,42,easy,5,5,0.0001,0.95,1.0,default,100,-13.0,24,1,1,0,0,0.0017801000067265704,
random_policy_42_1b654477,random_policy,train,365,42,easy,5,5,0.0001,0.95,1.0,default,100,-45.0,36,0,1,0,1,0.002613399992696941,
random_policy_42_1b654477,random_policy,train,366,42,easy,5,5,0.0001,0.95,1.0,default,100,-62.0,53,0,1,0,1,0.003808500012382865,
random_policy_42_1b654477,random_policy,train,367,42,easy,5,5,0.0001,0.95,1.0,default,100,-48.0,39,0,1,0,1,0.002841399997123517,
random_policy_42_1b654477,random_policy,train,368,42,easy,5,5,0.0001,0.95,1.0,default,100,-105.0,96,0,1,0,1,0.006798000002163462,
random_policy_42_1b654477,random_policy,train,369,42,easy,5,5,0.0001,0.95,1.0,default,100,-96.0,87,0,1,0,1,0.0061704999970970675,
random_policy_42_1b654477,random_policy,train,370,42,easy,5,5,0.0001,0.95,1.0,default,100,-100.0,100,0,0,1,0,0.007129200006602332,
random_policy_42_1b654477,random_policy,train,371,42,easy,5,5,0.0001,0.95,1.0,default,100,-40.0,51,1,1,0,0,0.003657499997643754,
random_policy_42_1b654477,random_policy,train,372,42,easy,5,5,0.0001,0.95,1.0,default,100,-62.0,73,1,1,0,0,0.005165499998838641,
random_policy_42_1b654477,random_policy,train,373,42,easy,5,5,0.0001,0.95,1.0,default,100,-32.0,43,1,1,0,0,0.003105299998424016,
random_policy_42_1b654477,random_policy,train,374,42,easy,5,5,0.0001,0.95,1.0,default,100,-41.0,32,0,1,0,1,0.002326300003915094,
random_policy_42_1b654477,random_policy,train,375,42,easy,5,5,0.0001,0.95,1.0,default,100,-105.0,96,0,1,0,1,0.006754500005627051,
random_policy_42_1b654477,random_policy,train,376,42,easy,5,5,0.0001,0.95,1.0,default,100,-65.0,56,0,1,0,1,0.003995300008682534,
random_policy_42_1b654477,random_policy,train,377,42,easy,5,5,0.0001,0.95,1.0,default,100,-84.0,75,0,1,0,1,0.0053752000094391406,
random_policy_42_1b654477,random_policy,train,378,42,easy,5,5,0.0001,0.95,1.0,default,100,-56.0,47,0,1,0,1,0.0033719000057317317,
random_policy_42_1b654477,random_policy,train,379,42,easy,5,5,0.0001,0.95,1.0,default,100,-31.0,42,1,1,0,0,0.0030365999991772696,
random_policy_42_1b654477,random_policy,train,380,42,easy,5,5,0.0001,0.95,1.0,default,100,-57.0,48,0,1,0,1,0.003454100005910732,
random_policy_42_1b654477,random_policy,train,381,42,easy,5,5,0.0001,0.95,1.0,default,100,-21.0,12,0,1,0,1,0.0009989000100176781,
random_policy_42_1b654477,random_policy,train,382,42,easy,5,5,0.0001,0.95,1.0,default,100,-53.0,64,1,1,0,0,0.004574299993691966,
random_policy_42_1b654477,random_policy,train,383,42,easy,5,5,0.0001,0.95,1.0,default,100,-15.0,6,0,1,0,1,0.0005285999941406772,
random_policy_42_1b654477,random_policy,train,384,42,easy,5,5,0.0001,0.95,1.0,default,100,-88.0,99,1,1,0,0,0.007067600003210828,
random_policy_42_1b654477,random_policy,train,385,42,easy,5,5,0.0001,0.95,1.0,default,100,-33.0,24,0,1,0,1,0.0018019999988609925,
random_policy_42_1b654477,random_policy,train,386,42,easy,5,5,0.0001,0.95,1.0,default,100,-100.0,100,0,0,1,0,0.007080800001858734,
random_policy_42_1b654477,random_policy,train,387,42,easy,5,5,0.0001,0.95,1.0,default,100,-20.0,11,0,1,0,1,0.0009057999996002764,
random_policy_42_1b654477,random_policy,train,388,42,easy,5,5,0.0001,0.95,1.0,default,100,-44.0,35,0,1,0,1,0.0025501000054646283,
random_policy_42_1b654477,random_policy,train,389,42,easy,5,5,0.0001,0.95,1.0,default,100,-64.0,55,0,1,0,1,0.003954999992856756,
random_policy_42_1b654477,random_policy,train,390,42,easy,5,5,0.0001,0.95,1.0,default,100,-57.0,68,1,1,0,0,0.0048581000010017306,
random_policy_42_1b654477,random_policy,train,391,42,easy,5,5,0.0001,0.95,1.0,default,100,-100.0,100,0,0,1,0,0.007099299997207709,
random_policy_42_1b654477,random_policy,train,392,42,easy,5,5,0.0001,0.95,1.0,default,100,-36.0,27,0,1,0,1,0.002005899994401261,
random_policy_42_1b654477,random_policy,train,393,42,easy,5,5,0.0001,0.95,1.0,default,100,-45.0,36,0,1,0,1,0.002619200007757172,
random_policy_42_1b654477,random_policy,train,394,42,easy,5,5,0.0001,0.95,1.0,default,100,-30.0,21,0,1,0,1,0.0015773000050103292,
random_policy_42_1b654477,random_policy,train,395,42,easy,5,5,0.0001,0.95,1.0,default,100,-31.0,42,1,1,0,0,0.0030417000089073554,
random_policy_42_1b654477,random_policy,train,396,42,easy,5,5,0.0001,0.95,1.0,default,100,-101.0,92,0,1,0,1,0.00653680000687018,
random_policy_42_1b654477,random_policy,train,397,42,easy,5,5,0.0001,0.95,1.0,default,100,-27.0,18,0,1,0,1,0.0013713000080315396,
random_policy_42_1b654477,random_policy,train,398,42,easy,5,5,0.0001,0.95,1.0,default,100,-96.0,87,0,1,0,1,0.00615309999557212,
random_policy_42_1b654477,random_policy,train,399,42,easy,5,5,0.0001,0.95,1.0,default,100,-78.0,69,0,1,0,1,0.004918299993732944,
random_policy_42_1b654477,random_policy,train,400,42,easy,5,5,0.0001,0.95,1.0,default,100,-78.0,69,0,1,0,1,0.004977299991878681,results\random_policy\seed_42\qtable_ep400.npz
random_policy_42_1b654477,random_policy,train,401,42,easy,5,5,0.0001,0.95,1.0,default,100,-100.0,100,0,0,1,0,0.007167799994931556,
random_policy_42_1b654477,random_policy,train,402,42,easy,5,5,0.0001,0.95,1.0,default,100,-34.0,25,0,1,0,1,0.0018869999912567437,
random_policy_42_1b654477,random_policy,train,403,42,easy,5,5,0.0001,0.95,1.0,default,100,-15.0,6,0,1,0,1,0.0005435999919427559,
random_policy_42_1b654477,random_policy,train,404,42,easy,5,5,0.0001,0.95,1.0,default,100,-100.0,100,0,0,1,0,0.007140900008380413,
random_policy_42_1b654477,random_policy,train,405,42,easy,5,5,0.0001,0.95,1.0,default,100,-100.0,100,0,0,1,0,0.007106599994585849,
random_policy_42_1b654477,random_policy,train,406,42,easy,5,5,0.0001,0.95,1.0,default,100,-42.0,33,0,1,0,1,0.002415599999949336,
random_policy_42_1b654477,random_policy,train,407,42,easy,5,5,0.0001,0.95,1.0,default,100,-39.0,30,0,1,0,1,0.002227599994512275,
random_policy_42_1b654477,random_policy,train,408,42,easy,5,5,0.0001,0.95,1.0,default,100,-53.0,44,0,1,0,1,0.0031798999989405274,
random_policy_42_1b654477,random_policy,train,409,42,easy,5,5,0.0001,0.95,1.0,default,100,-100.0,100,0,0,1,0,0.00713099999120459,
random_policy_42_1b654477,random_policy,train,410,42,easy,5,5,0.0001,0.95,1.0,default,100,-26.0,17,0,1,0,1,0.0013090000138618052,
random_policy_42_1b654477,random_policy,train,411,42,easy,5,5,0.0001,0.95,1.0,default,100,-55.0,66,1,1,0,0,0.004714199996669777,
random_policy_42_1b654477,random_policy,train,412,42,easy,5,5,0.0001,0.95,1.0,default,100,-28.0,19,0,1,0,1,0.001438200008124113,
random_policy_42_1b654477,random_policy,train,413,42,easy,5,5,0.0001,0.95,1.0,default,100,-60.0,51,0,1,0,1,0.0036955000105081126,
random_policy_42_1b654477,random_policy,train,414,42,easy,5,5,0.0001,0.95,1.0,default,100,-28.0,39,1,1,0,0,0.0028260999970370904,
random_policy_42_1b654477,random_policy,train,415,42,easy,5,5,0.0001,0.95,1.0,default,100,-100.0,100,0,0,1,0,0.007095699998899363,
random_policy_42_1b654477,random_policy,train,416,42,easy,5,5,0.0001,0.95,1.0,default,100,-57.0,48,0,1,0,1,0.003461200001765974,
random_policy_42_1b654477,random_policy,train,417,42,easy,5,5,0.0001,0.95,1.0,default,100,-76.0,67,0,1,0,1,0.004811399994650856,
random_policy_42_1b654477,random_policy,train,418,42,easy,5,5,0.0001,0.95,1.0,default,100,-105.0,96,0,1,0,1,0.006807899990235455,
random_policy_42_1b654477,random_policy,train,419,42,easy,5,5,0.0001,0.95,1.0,default,100,-60.0,51,0,1,0,1,0.003677200002130121,
random_policy_42_1b654477,random_policy,train,420,42,easy,5,5,0.0001,0.95,1.0,default,100,-25.0,36,1,1,0,0,0.0026246000052196905,
random_policy_42_1b654477,random_policy,train,421,42,easy,5,5,0.0001,0.95,1.0,default,100,-37.0,48,1,1,0,0,0.00350550000439398,
random_policy_42_1b654477,random_policy,train,422,42,easy,5,5,0.0001,0.95,1.0,default,100,-49.0,60,1,1,0,0,0.004305900001781993,
random_policy_42_1b654477,random_policy,train,423,42,easy,5,5,0.0001,0.95,1.0,default,100,-100.0,100,0,0,1,0,0.0071017000009305775,
random_policy_42_1b654477,random_policy,train,424,42,easy,5,5,0.0001,0.95,1.0,default,100,-42.0,33,0,1,0,1,0.0024178000021493062,
random_policy_42_1b654477,random_policy,train,425,42,easy,5,5,0.0001,0.95,1.0,default,100,-47.0,38,0,1,0,1,0.002761399999144487,
random_policy_42_1b654477,random_policy,train,426,42,easy,5,5,0.0001,0.95,1.0,default,100,-24.0,15,0,1,0,1,0.0011576999968383461,
random_policy_42_1b654477,random_policy,train,427,42,easy,5,5,0.0001,0.95,1.0,default,100,-100.0,100,0,0,1,0,0.007102999996277504,
random_policy_42_1b654477,random_policy,train,428,42,easy,5,5,0.0001,0.95,1.0,default,100,-26.0,17,0,1,0,1,0.0012936999992234632,
random_policy_42_1b654477,random_policy,train,429,42,easy,5,5,0.0001,0.95,1.0,default,100,-81.0,92,1,1,0,0,0.006524299999000505,
random_policy_42_1b654477,random_policy,train,430,42,easy,5,5,0.0001,0.95,1.0,default,100,-100.0,100,0,0,1,0,0.007095699998899363,
random_policy_42_1b654477,random_policy,train,431,42,easy,5,5,0.0001,0.95,1.0,default,100,-55.0,46,0,1,0,1,0.003318599992780946,
random_policy_42_1b654477,random_policy,train,432,42,easy,5,5,0.0001,0.95,1.0,default,100,-46.0,37,0,1,0,1,0.0026811999996425584,
random_policy_42_1b654477,random_policy,train,433,42,easy,5,5,0.0001,0.95,1.0,default,100,-44.0,55,1,1,0,0,0.003954800005885772,
random_policy_42_1b654477,random_policy,train,434,42,easy,5,5,0.0001,0.95,1.0,default,100,-100.0,100,0,0,1,0,0.007124000010662712,
random_policy_42_1b654477,random_policy,train,435,42,easy,5,5,0.0001,0.95,1.0,default,100,-75.0,86,1,1,0,0,0.00610640000377316,
random_policy_42_1b654477,random_policy,train,436,42,easy,5,5,0.0001,0.95,1.0,default,100,-53.0,44,0,1,0,1,0.0032598999969195575,
random_policy_42_1b654477,random_policy,train,437,42,easy,5,5,0.0001,0.95,1.0,default,100,-44.0,35,0,1,0,1,0.0025819000002229586,
random_policy_42_1b654477,random_policy,train,438,42,easy,5,5,0.0001,0.95,1.0,default,100,-30.0,21,0,1,0,1,0.0015733000036561862,
random_policy_42_1b654477,random_policy,train,439,42,easy,5,5,0.0001,0.95,1.0,default,100,-100.0,100,0,0,1,0,0.0071281000127783045,
random_policy_42_1b654477,random_policy,train,440,42,easy,5,5,0.0001,0.95,1.0,default,100,-82.0,73,0,1,0,1,0.005217500001890585,
random_policy_42_1b654477,random_policy,train,441,42,easy,5,5,0.0001,0.95,1.0,default,100,-16.0,7,0,1,0,1,0.0006460000004153699,
random_policy_42_1b654477,random_policy,train,442,42,easy,5,5,0.0001,0.95,1.0,default,100,-106.0,97,0,1,0,1,0.006909999996423721,
random_policy_42_1b654477,random_policy,train,443,42,easy,5,5,0.0001,0.95,1.0,default,100,-35.0,26,0,1,0,1,0.0019926999957533553,
random_policy_42_1b654477,random_policy,train,444,42,easy,5,5,0.0001,0.95,1.0,default,100,-55.0,66,1,1,0,0,0.004725999999209307,
random_policy_42_1b654477,random_policy,train,445,42,easy,5,5,0.0001,0.95,1.0,default,100,-19.0,10,0,1,0,1,0.0008022000110941008,
random_policy_42_1b654477,random_policy,train,446,42,easy,5,5,0.0001,0.95,1.0,default,100,-26.0,17,0,1,0,1,0.0013010999973630533,
random_policy_42_1b654477,random_policy,train,447,42,easy,5,5,0.0001,0.95,1.0,default,100,-24.0,15,0,1,0,1,0.001181300001917407,
random_policy_42_1b654477,random_policy,train,448,42,easy,5,5,0.0001,0.95,1.0,default,100,-17.0,8,0,1,0,1,0.0008355000027222559,
random_policy_42_1b654477,random_policy,train,449,42,easy,5,5,0.0001,0.95,1.0,default,100,-55.0,46,0,1,0,1,0.0033244999940507114,
random_policy_42_1b654477,random_policy,train,450,42,easy,5,5,0.0001,0.95,1.0,default,100,-16.0,7,0,1,0,1,0.000600500003201887,
random_policy_42_1b654477,random_policy,train,451,42,easy,5,5,0.0001,0.95,1.0,default,100,-23.0,14,0,1,0,1,0.0010827000078279525,
random_policy_42_1b654477,random_policy,train,452,42,easy,5,5,0.0001,0.95,1.0,default,100,-29.0,20,0,1,0,1,0.0015870000061113387,
random_policy_42_1b654477,random_policy,train,453,42,easy,5,5,0.0001,0.95,1.0,default,100,-84.0,95,1,1,0,0,0.006708099987008609,
random_policy_42_1b654477,random_policy,train,454,42,easy,5,5,0.0001,0.95,1.0,default,100,-100.0,100,0,0,1,0,0.0070352999900933355,
random_policy_42_1b654477,random_policy,train,455,42,easy,5,5,0.0001,0.95,1.0,default,100,-59.0,70,1,1,0,0,0.004983999999240041,
random_policy_42_1b654477,random_policy,train,456,42,easy,5,5,0.0001,0.95,1.0,default,100,-37.0,28,0,1,0,1,0.002075099997455254,
random_policy_42_1b654477,random_policy,train,457,42,easy,5,5,0.0001,0.95,1.0,default,100,-37.0,28,0,1,0,1,0.00205350000760518,
random_policy_42_1b654477,random_policy,train,458,42,easy,5,5,0.0001,0.95,1.0,default,100,-100.0,100,0,0,1,0,0.007116300010238774,
random_policy_42_1b654477,random_policy,train,459,42,easy,5,5,0.0001,0.95,1.0,default,100,-36.0,27,0,1,0,1,0.0019961000070907176,
random_policy_42_1b654477,random_policy,train,460,42,easy,5,5,0.0001,0.95,1.0,default,100,-49.0,40,0,1,0,1,0.002873999997973442,
random_policy_42_1b654477,random_policy,train,461,42,easy,5,5,0.0001,0.95,1.0,default,100,-30.0,21,0,1,0,1,0.001641200011363253,
random_policy_42_1b654477,random_policy,train,462,42,easy,5,5,0.0001,0.95,1.0,default,100,-100.0,100,0,0,1,0,0.007138200002373196,
random_policy_42_1b654477,random_policy,train,463,42,easy,5,5,0.0001,0.95,1.0,default,100,-15.0,6,0,1,0,1,0.0005378999921958894,
random_policy_42_1b654477,random_policy,train,464,42,easy,5,5,0.0001,0.95,1.0,default,100,-20.0,11,0,1,0,1,0.0008715000003576279,
random_policy_42_1b654477,random_policy,train,465,42,easy,5,5,0.0001,0.95,1.0,default,100,-44.0,35,0,1,0,1,0.0025581999943824485,
random_policy_42_1b654477,random_policy,train,466,42,easy,5,5,0.0001,0.95,1.0,default,100,-38.0,29,0,1,0,1,0.0021326999994926155,
random_policy_42_1b654477,random_policy,train,467,42,easy,5,5,0.0001,0.95,1.0,default,100,-68.0,59,0,1,0,1,0.004236699998728,
random_policy_42_1b654477,random_policy,train,468,42,easy,5,5,0.0001,0.95,1.0,default,100,-45.0,56,1,1,0,0,0.004030399999464862,
random_policy_42_1b654477,random_policy,train,469,42,easy,5,5,0.0001,0.95,1.0,default,100,-100.0,100,0,0,1,0,0.007101600000169128,
random_policy_42_1b654477,random_policy,train,470,42,easy,5,5,0.0001,0.95,1.0,default,100,-84.0,95,1,1,0,0,0.0068174000043654814,
random_policy_42_1b654477,random_policy,train,471,42,easy,5,5,0.0001,0.95,1.0,default,100,-46.0,57,1,1,0,0,0.0041043999954126775,
random_policy_42_1b654477,random_policy,train,472,42,easy,5,5,0.0001,0.95,1.0,default,100,-27.0,18,0,1,0,1,0.0013592000032076612,
random_policy_42_1b654477,random_policy,train,473,42,easy,5,5,0.0001,0.95,1.0,default,100,-100.0,100,0,0,1,0,0.007118599998648278,
random_policy_42_1b654477,random_policy,train,474,42,easy,5,5,0.0001,0.95,1.0,default,100,-28.0,19,0,1,0,1,0.0014374000020325184,
random_policy_42_1b654477,random_policy,train,475,42,easy,5,5,0.0001,0.95,1.0,default,100,-76.0,67,0,1,0,1,0.004764900004374795,
random_policy_42_1b654477,random_policy,train,476,42,easy,5,5,0.0001,0.95,1.0,default,100,-22.0,33,1,1,0,0,0.0024028000043472275,
random_policy_42_1b654477,random_policy,train,477,42,easy,5,5,0.0001,0.95,1.0,default,100,-100.0,100,0,0,1,0,0.007089500009897165,
random_policy_42_1b654477,random_policy,train,478,42,easy,5,5,0.0001,0.95,1.0,default,100,-100.0,100,0,0,1,0,0.007072699998388998,
random_policy_42_1b654477,random_policy,train,479,42,easy,5,5,0.0001,0.95,1.0,default,100,-61.0,52,0,1,0,1,0.0037343999865697697,
random_policy_42_1b654477,random_policy,train,480,42,easy,5,5,0.0001,0.95,1.0,default,100,-49.0,40,0,1,0,1,0.002896399993915111,
random_policy_42_1b654477,random_policy,train,481,42,easy,5,5,0.0001,0.95,1.0,default,100,-39.0,30,0,1,0,1,0.002253200000268407,
random_policy_42_1b654477,random_policy,train,482,42,easy,5,5,0.0001,0.95,1.0,default,100,-100.0,100,0,0,1,0,0.007144700008211657,
random_policy_42_1b654477,random_policy,train,483,42,easy,5,5,0.0001,0.95,1.0,default,100,-100.0,100,0,0,1,0,0.007154300008551218,
random_policy_42_1b654477,random_policy,train,484,42,easy,5,5,0.0001,0.95,1.0,default,100,-50.0,41,0,1,0,1,0.0029892000020481646,
random_policy_42_1b654477,random_policy,train,485,42,easy,5,5,0.0001,0.95,1.0,default,100,-36.0,27,0,1,0,1,0.0020090000034542754,
random_policy_42_1b654477,random_policy,train,486,42,easy,5,5,0.0001,0.95,1.0,default,100,-37.0,28,0,1,0,1,0.002076599994325079,
random_policy_42_1b654477,random_policy,train,487,42,easy,5,5,0.0001,0.95,1.0,default,100,-43.0,34,0,1,0,1,0.002489699996658601,
random_policy_42_1b654477,random_policy,train,488,42,easy,5,5,0.0001,0.95,1.0,default,100,-48.0,39,0,1,0,1,0.0028458000015234575,
random_policy_42_1b654477,random_policy,train,489,42,easy,5,5,0.0001,0.95,1.0,default,100,-31.0,42,1,1,0,0,0.003053999986150302,
random_policy_42_1b654477,random_policy,train,490,42,easy,5,5,0.0001,0.95,1.0,default,100,-38.0,49,1,1,0,0,0.0035432000004220754,
random_policy_42_1b654477,random_policy,train,491,42,easy,5,5,0.0001,0.95,1.0,default,100,-37.0,48,1,1,0,0,0.0034842000022763386,
random_policy_42_1b654477,random_policy,train,492,42,easy,5,5,0.0001,0.95,1.0,default,100,-57.0,48,0,1,0,1,0.003519000005326234,
random_policy_42_1b654477,random_policy,train,493,42,easy,5,5,0.0001,0.95,1.0,default,100,-99.0,90,0,1,0,1,0.006428199994843453,
random_policy_42_1b654477,random_policy,train,494,42,easy,5,5,0.0001,0.95,1.0,default,100,-100.0,100,0,0,1,0,0.007107800003723241,
random_policy_42_1b654477,random_policy,train,495,42,easy,5,5,0.0001,0.95,1.0,default,100,-46.0,37,0,1,0,1,0.0027295000036247075,
random_policy_42_1b654477,random_policy,train,496,42,easy,5,5,0.0001,0.95,1.0,default,100,-100.0,100,0,0,1,0,0.007141599999158643,
random_policy_42_1b654477,random_policy,train,497,42,easy,5,5,0.0001,0.95,1.0,default,100,-22.0,13,0,1,0,1,0.0010246000019833446,
random_policy_42_1b654477,random_policy,train,498,42,easy,5,5,0.0001,0.95,1.0,default,100,-70.0,61,0,1,0,1,0.004431100009242073,
random_policy_42_1b654477,random_policy,train,499,42,easy,5,5,0.0001,0.95,1.0,default,100,-49.0,60,1,1,0,0,0.004315999991376884,
random_policy_42_1b654477,random_policy,train,500,42,easy,5,5,0.0001,0.95,1.0,default,100,-88.0,99,1,1,0,0,0.007023799989838153,
random_policy_42_1b654477,random_policy,train,501,42,easy,5,5,0.0001,0.95,1.0,default,100,-41.0,32,0,1,0,1,0.0025507999962428585,
random_policy_42_1b654477,random_policy,train,502,42,easy,5,5,0.0001,0.95,1.0,default,100,-100.0,100,0,0,1,0,0.007091100007528439,
random_policy_42_1b654477,random_policy,train,503,42,easy,5,5,0.0001,0.95,1.0,default,100,-65.0,56,0,1,0,1,0.003988199998275377,
random_policy_42_1b654477,random_policy,train,504,42,easy,5,5,0.0001,0.95,1.0,default,100,-25.0,36,1,1,0,0,0.002660500002093613,
random_policy_42_1b654477,random_policy,train,505,42,easy,5,5,0.0001,0.95,1.0,default,100,-24.0,15,0,1,0,1,0.0011551000061444938,
random_policy_42_1b654477,random_policy,train,506,42,easy,5,5,0.0001,0.95,1.0,default,100,-39.0,30,0,1,0,1,0.002176599999074824,
random_policy_42_1b654477,random_policy,train,507,42,easy,5,5,0.0001,0.95,1.0,default,100,-9.0,20,1,1,0,0,0.001866100006736815,
random_policy_42_1b654477,random_policy,train,508,42,easy,5,5,0.0001,0.95,1.0,default,100,-100.0,100,0,0,1,0,0.007063800003379583,
random_policy_42_1b654477,random_policy,train,509,42,easy,5,5,0.0001,0.95,1.0,default,100,-102.0,93,0,1,0,1,0.006580400004168041,
random_policy_42_1b654477,random_policy,train,510,42,easy,5,5,0.0001,0.95,1.0,default,100,-31.0,42,1,1,0,0,0.003020100004505366,
random_policy_42_1b654477,random_policy,train,511,42,easy,5,5,0.0001,0.95,1.0,default,100,-30.0,21,0,1,0,1,0.0015564000059384853,
random_policy_42_1b654477,random_policy,train,512,42,easy,5,5,0.0001,0.95,1.0,default,100,-28.0,19,0,1,0,1,0.0014062999980524182,
random_policy_42_1b654477,random_policy,train,513,42,easy,5,5,0.0001,0.95,1.0,default,100,-74.0,65,0,1,0,1,0.004608100003679283,
random_policy_42_1b654477,random_policy,train,514,42,easy,5,5,0.0001,0.95,1.0,default,100,-43.0,34,0,1,0,1,0.0024436999956378713,
random_policy_42_1b654477,random_policy,train,515,42,easy,5,5,0.0001,0.95,1.0,default,100,-10.0,21,1,1,0,0,0.0015539999876637012,
random_policy_42_1b654477,random_policy,train,516,42,easy,5,5,0.0001,0.95,1.0,default,100,-38.0,29,0,1,0,1,0.002103599996189587,
random_policy_42_1b654477,random_policy,train,517,42,easy,5,5,0.0001,0.95,1.0,default,100,-100.0,100,0,0,1,0,0.007007099993643351,
random_policy_42_1b654477,random_policy,train,518,42,easy,5,5,0.0001,0.95,1.0,default,100,-85.0,76,0,1,0,1,0.005351200001314282,
random_policy_42_1b654477,random_policy,train,519,42,easy,5,5,0.0001,0.95,1.0,default,100,-26.0,17,0,1,0,1,0.0012817999959224835,
random_policy_42_1b654477,random_policy,train,520,42,easy,5,5,0.0001,0.95,1.0,default,100,-41.0,32,0,1,0,1,0.0023031999880913645,
random_policy_42_1b654477,random_policy,train,521,42,easy,5,5,0.0001,0.95,1.0,default,100,-30.0,21,0,1,0,1,0.0016236999945249408,
random_policy_42_1b654477,random_policy,train,522,42,easy,5,5,0.0001,0.95,1.0,default,100,-36.0,27,0,1,0,1,0.002053499993053265,
random_policy_42_1b654477,random_policy,train,523,42,easy,5,5,0.0001,0.95,1.0,default,100,-44.0,35,0,1,0,1,0.0025517000030959025,
random_policy_42_1b654477,random_policy,train,524,42,easy,5,5,0.0001,0.95,1.0,default,100,-47.0,38,0,1,0,1,0.0027534999971976504,
random_policy_42_1b654477,random_policy,train,525,42,easy,5,5,0.0001,0.95,1.0,default,100,-47.0,58,1,1,0,0,0.004146899998886511,
random_policy_42_1b654477,random_policy,train,526,42,easy,5,5,0.0001,0.95,1.0,default,100,-73.0,64,0,1,0,1,0.0045913999929325655,
random_policy_42_1b654477,random_policy,train,527,42,easy,5,5,0.0001,0.95,1.0,default,100,-85.0,76,0,1,0,1,0.005438799998955801,
random_policy_42_1b654477,random_policy,train,528,42,easy,5,5,0.0001,0.95,1.0,default,100,-28.0,19,0,1,0,1,0.0014341999922180548,
random_policy_42_1b654477,random_policy,train,529,42,easy,5,5,0.0001,0.95,1.0,default,100,-16.0,7,0,1,0,1,0.0006105999927967787,
random_policy_42_1b654477,random_policy,train,530,42,easy,5,5,0.0001,0.95,1.0,default,100,-91.0,82,0,1,0,1,0.005826799999340437,
random_policy_42_1b654477,random_policy,train,531,42,easy,5,5,0.0001,0.95,1.0,default,100,-100.0,100,0,0,1,0,0.007094999993569218,
random_policy_42_1b654477,random_policy,train,532,42,easy,5,5,0.0001,0.95,1.0,default,100,-87.0,78,0,1,0,1,0.005543700011912733,
random_policy_42_1b654477,random_policy,train,533,42,easy,5,5,0.0001,0.95,1.0,default,100,-70.0,61,0,1,0,1,0.004378199999337085,
random_policy_42_1b654477,random_policy,train,534,42,easy,5,5,0.0001,0.95,1.0,default,100,-100.0,100,0,0,1,0,0.00708949999534525,
random_policy_42_1b654477,random_policy,train,535,42,easy,5,5,0.0001,0.95,1.0,default,100,-36.0,47,1,1,0,0,0.00338470000133384,
random_policy_42_1b654477,random_policy,train,536,42,easy,5,5,0.0001,0.95,1.0,default,100,-29.0,20,0,1,0,1,0.0015019000129541382,
random_policy_42_1b654477,random_policy,train,537,42,easy,5,5,0.0001,0.95,1.0,default,100,-8.0,19,1,1,0,0,0.0014278000016929582,
random_policy_42_1b654477,random_policy,train,538,42,easy,5,5,0.0001,0.95,1.0,default,100,-20.0,11,0,1,0,1,0.0009370000043418258,
random_policy_42_1b654477,random_policy,train,539,42,easy,5,5,0.0001,0.95,1.0,default,100,-45.0,56,1,1,0,0,0.004020100008347072,
random_policy_42_1b654477,random_policy,train,540,42,easy,5,5,0.0001,0.95,1.0,default,100,-33.0,24,0,1,0,1,0.0017706000071484596,
random_policy_42_1b654477,random_policy,train,541,42,easy,5,5,0.0001,0.95,1.0,default,100,-25.0,16,0,1,0,1,0.0012793999921996146,
random_policy_42_1b654477,random_policy,train,542,42,easy,5,5,0.0001,0.95,1.0,default,100,-18.0,9,0,1,0,1,0.0007372999971266836,
random_policy_42_1b654477,random_policy,train,543,42,easy,5,5,0.0001,0.95,1.0,default,100,-44.0,35,0,1,0,1,0.00255059999471996,
random_policy_42_1b654477,random_policy,train,544,42,easy,5,5,0.0001,0.95,1.0,default,100,-100.0,100,0,0,1,0,0.00715689999924507,
random_policy_42_1b654477,random_policy,train,545,42,easy,5,5,0.0001,0.95,1.0,default,100,-100.0,100,0,0,1,0,0.007073399989167228,
random_policy_42_1b654477,random_policy,train,546,42,easy,5,5,0.0001,0.95,1.0,default,100,-5.0,16,1,1,0,0,0.0012258999922778457,
random_policy_42_1b654477,random_policy,train,547,42,easy,5,5,0.0001,0.95,1.0,default,100,-32.0,23,0,1,0,1,0.0017759000038495287,
random_policy_42_1b654477,random_policy,train,548,42,easy,5,5,0.0001,0.95,1.0,default,100,-41.0,32,0,1,0,1,0.002337099998840131,
random_policy_42_1b654477,random_policy,train,549,42,easy,5,5,0.0001,0.95,1.0,default,100,-100.0,91,0,1,0,1,0.006425399988074787,
random_policy_42_1b654477,random_policy,train,550,42,easy,5,5,0.0001,0.95,1.0,default,100,-34.0,25,0,1,0,1,0.0018472999945515767,
random_policy_42_1b654477,random_policy,train,551,42,easy,5,5,0.0001,0.95,1.0,default,100,-66.0,77,1,1,0,0,0.005469099996844307,
random_policy_42_1b654477,random_policy,train,552,42,easy,5,5,0.0001,0.95,1.0,default,100,-32.0,23,0,1,0,1,0.0017073000053642318,
random_policy_42_1b654477,random_policy,train,553,42,easy,5,5,0.0001,0.95,1.0,default,100,-100.0,100,0,0,1,0,0.007079400005750358,
random_policy_42_1b654477,random_policy,train,554,42,easy,5,5,0.0001,0.95,1.0,default,100,-23.0,14,0,1,0,1,0.0010973000025842339,
random_policy_42_1b654477,random_policy,train,555,42,easy,5,5,0.0001,0.95,1.0,default,100,-20.0,11,0,1,0,1,0.0008722000056877732,
random_policy_42_1b654477,random_policy,train,556,42,easy,5,5,0.0001,0.95,1.0,default,100,-24.0,15,0,1,0,1,0.0011563000007299706,
random_policy_42_1b654477,random_policy,train,557,42,easy,5,5,0.0001,0.95,1.0,default,100,-52.0,43,0,1,0,1,0.0031159000063780695,
random_policy_42_1b654477,random_policy,train,558,42,easy,5,5,0.0001,0.95,1.0,default,100,-64.0,75,1,1,0,0,0.005334200002835132,
random_policy_42_1b654477,random_policy,train,559,42,easy,5,5,0.0001,0.95,1.0,default,100,-60.0,71,1,1,0,0,0.005063300006440841,
random_policy_42_1b654477,random_policy,train,560,42,easy,5,5,0.0001,0.95,1.0,default,100,-76.0,87,1,1,0,0,0.006218000009539537,
random_policy_42_1b654477,random_policy,train,561,42,easy,5,5,0.0001,0.95,1.0,default,100,-40.0,31,0,1,0,1,0.0023585000017192215,
random_policy_42_1b654477,random_policy,train,562,42,easy,5,5,0.0001,0.95,1.0,default,100,-31.0,22,0,1,0,1,0.0016736999968998134,
random_policy_42_1b654477,random_policy,train,563,42,easy,5,5,0.0001,0.95,1.0,default,100,-20.0,31,1,1,0,0,0.0022810999944340438,
random_policy_42_1b654477,random_policy,train,564,42,easy,5,5,0.0001,0.95,1.0,default,100,-34.0,25,0,1,0,1,0.0018764999986160547,
random_policy_42_1b654477,random_policy,train,565,42,easy,5,5,0.0001,0.95,1.0,default,100,-100.0,100,0,0,1,0,0.0071026000077836215,
random_policy_42_1b654477,random_policy,train,566,42,easy,5,5,0.0001,0.95,1.0,default,100,-20.0,11,0,1,0,1,0.0008782000077189878,
random_policy_42_1b654477,random_policy,train,567,42,easy,5,5,0.0001,0.95,1.0,default,100,-51.0,62,1,1,0,0,0.004453100002137944,
random_policy_42_1b654477,random_policy,train,568,42,easy,5,5,0.0001,0.95,1.0,default,100,-60.0,71,1,1,0,0,0.0050967999995918944,
random_policy_42_1b654477,random_policy,train,569,42,easy,5,5,0.0001,0.95,1.0,default,100,-19.0,10,0,1,0,1,0.0008154999959515408,
random_policy_42_1b654477,random_policy,train,570,42,easy,5,5,0.0001,0.95,1.0,default,100,-56.0,47,0,1,0,1,0.0034079999895766377,
random_policy_42_1b654477,random_policy,train,571,42,easy,5,5,0.0001,0.95,1.0,default,100,-88.0,79,0,1,0,1,0.005626500002108514,
random_policy_42_1b654477,random_policy,train,572,42,easy,5,5,0.0001,0.95,1.0,default,100,-67.0,78,1,1,0,0,0.005570499997702427,
random_policy_42_1b654477,random_policy,train,573,42,easy,5,5,0.0001,0.95,1.0,default,100,-24.0,15,0,1,0,1,0.0011541000130819157,
random_policy_42_1b654477,random_policy,train,574,42,easy,5,5,0.0001,0.95,1.0,default,100,-100.0,100,0,0,1,0,0.007110299993655644,
random_policy_42_1b654477,random_policy,train,575,42,easy,5,5,0.0001,0.95,1.0,default,100,-100.0,100,0,0,1,0,0.007127400007448159,
random_policy_42_1b654477,random_policy,train,576,42,easy,5,5,0.0001,0.95,1.0,default,100,-100.0,100,0,0,1,0,0.007125200005248189,
random_policy_42_1b654477,random_policy,train,577,42,easy,5,5,0.0001,0.95,1.0,default,100,-66.0,77,1,1,0,0,0.005516299992450513,
random_policy_42_1b654477,random_policy,train,578,42,easy,5,5,0.0001,0.95,1.0,default,100,-39.0,50,1,1,0,0,0.003605299993068911,
random_policy_42_1b654477,random_policy,train,579,42,easy,5,5,0.0001,0.95,1.0,default,100,-69.0,60,0,1,0,1,0.004316999998991378,
random_policy_42_1b654477,random_policy,train,580,42,easy,5,5,0.0001,0.95,1.0,default,100,-78.0,89,1,1,0,0,0.006338600011076778,
random_policy_42_1b654477,random_policy,train,581,42,easy,5,5,0.0001,0.95,1.0,default,100,-44.0,55,1,1,0,0,0.004013199999462813,
random_policy_42_1b654477,random_policy,train,582,42,easy,5,5,0.0001,0.95,1.0,default,100,-100.0,100,0,0,1,0,0.007173299993155524,
random_policy_42_1b654477,random_policy,train,583,42,easy,5,5,0.0001,0.95,1.0,default,100,-30.0,21,0,1,0,1,0.0015792999911354855,
random_policy_42_1b654477,random_policy,train,584,42,easy,5,5,0.0001,0.95,1.0,default,100,-76.0,67,0,1,0,1,0.004800999988219701,
random_policy_42_1b654477,random_policy,train,585,42,easy,5,5,0.0001,0.95,1.0,default,100,-72.0,83,1,1,0,0,0.005896899994695559,
random_policy_42_1b654477,random_policy,train,586,42,easy,5,5,0.0001,0.95,1.0,default,100,-42.0,33,0,1,0,1,0.002428500010864809,
random_policy_42_1b654477,random_policy,train,587,42,easy,5,5,0.0001,0.95,1.0,default,100,-100.0,100,0,0,1,0,0.007125899996026419,
random_policy_42_1b654477,random_policy,train,588,42,easy,5,5,0.0001,0.95,1.0,default,100,-100.0,100,0,0,1,0,0.0071262999990722165,
random_policy_42_1b654477,random_policy,train,589,42,easy,5,5,0.0001,0.95,1.0,default,100,-100.0,100,0,0,1,0,0.007104800009983592,
random_policy_42_1b654477,random_policy,train,590,42,easy,5,5,0.0001,0.95,1.0,default,100,-100.0,100,0,0,1,0,0.0071266000013565645,
random_policy_42_1b654477,random_policy,train,591,42,easy,5,5,0.0001,0.95,1.0,default,100,-13.0,24,1,1,0,0,0.0018056999979307875,
random_policy_42_1b654477,random_policy,train,592,42,easy,5,5,0.0001,0.95,1.0,default,100,-76.0,67,0,1,0,1,0.004787099998793565,
random_policy_42_1b654477,random_policy,train,593,42,easy,5,5,0.0001,0.95,1.0,default,100,-69.0,60,0,1,0,1,0.0043184999958612025,
random_policy_42_1b654477,random_policy,train,594,42,easy,5,5,0.0001,0.95,1.0,default,100,-84.0,95,1,1,0,0,0.006745600010617636,
random_policy_42_1b654477,random_policy,train,595,42,easy,5,5,0.0001,0.95,1.0,default,100,-39.0,50,1,1,0,0,0.0036051000060979277,
random_policy_42_1b654477,random_policy,train,596,42,easy,5,5,0.0001,0.95,1.0,default,100,-100.0,100,0,0,1,0,0.007104699994670227,
random_policy_42_1b654477,random_policy,train,597,42,easy,5,5,0.0001,0.95,1.0,default,100,-20.0,31,1,1,0,0,0.0023056000063661486,
random_policy_42_1b654477,random_policy,train,598,42,easy,5,5,0.0001,0.95,1.0,default,100,-100.0,100,0,0,1,0,0.007137500011594966,
random_policy_42_1b654477,random_policy,train,599,42,easy,5,5,0.0001,0.95,1.0,default,100,-87.0,78,0,1,0,1,0.005577299991273321,
random_policy_42_1b654477,random_policy,train,600,42,easy,5,5,0.0001,0.95,1.0,default,100,-27.0,18,0,1,0,1,0.0013783999893348664,results\random_policy\seed_42\qtable_ep600.npz
random_policy_42_1b654477,random_policy,train,601,42,easy,5,5,0.0001,0.95,1.0,default,100,-25.0,36,1,1,0,0,0.002683800004888326,
random_policy_42_1b654477,random_policy,train,602,42,easy,5,5,0.0001,0.95,1.0,default,100,-34.0,25,0,1,0,1,0.0018723999965004623,
random_policy_42_1b654477,random_policy,train,603,42,easy,5,5,0.0001,0.95,1.0,default,100,-11.0,22,1,1,0,0,0.0016331999941030517,
random_policy_42_1b654477,random_policy,train,604,42,easy,5,5,0.0001,0.95,1.0,default,100,-43.0,34,0,1,0,1,0.0025011999969137833,
random_policy_42_1b654477,random_policy,train,605,42,easy,5,5,0.0001,0.95,1.0,default,100,-31.0,22,0,1,0,1,0.0016423000051872805,
random_policy_42_1b654477,random_policy,train,606,42,easy,5,5,0.0001,0.95,1.0,default,100,-43.0,34,0,1,0,1,0.002474000008078292,
random_policy_42_1b654477,random_policy,train,607,42,easy,5,5,0.0001,0.95,1.0,default,100,-68.0,59,0,1,0,1,0.004259199995431118,
random_policy_42_1b654477,random_policy,train,608,42,easy,5,5,0.0001,0.95,1.0,default,100,-21.0,32,1,1,0,0,0.0023390999995172024,
random_policy_42_1b654477,random_policy,train,609,42,easy,5,5,0.0001,0.95,1.0,default,100,-43.0,34,0,1,0,1,0.002475200002663769,
random_policy_42_1b654477,random_policy,train,610,42,easy,5,5,0.0001,0.95,1.0,default,100,-27.0,38,1,1,0,0,0.0027630999975372106,
random_policy_42_1b654477,random_policy,train,611,42,easy,5,5,0.0001,0.95,1.0,default,100,-47.0,38,0,1,0,1,0.002744199999142438,
random_policy_42_1b654477,random_policy,train,612,42,easy,5,5,0.0001,0.95,1.0,default,100,-51.0,42,0,1,0,1,0.0030300000071292743,
random_policy_42_1b654477,random_policy,train,613,42,easy,5,5,0.0001,0.95,1.0,default,100,-33.0,24,0,1,0,1,0.0017785999953048304,
random_policy_42_1b654477,random_policy,train,614,42,easy,5,5,0.0001,0.95,1.0,default,100,-11.0,22,1,1,0,0,0.001635399996303022,
random_policy_42_1b654477,random_policy,train,615,42,easy,5,5,0.0001,0.95,1.0,default,100,-41.0,52,1,1,0,0,0.003725800008396618,
random_policy_42_1b654477,random_policy,train,616,42,easy,5,5,0.0001,0.95,1.0,default,100,-39.0,30,0,1,0,1,0.0021957999997539446,
random_policy_42_1b654477,random_policy,train,617,42,easy,5,5,0.0001,0.95,1.0,default,100,-42.0,33,0,1,0,1,0.0024267999979201704,
random_policy_42_1b654477,random_policy,train,618,42,easy,5,5,0.0001,0.95,1.0,default,100,-74.0,65,0,1,0,1,0.0046359999978449196,
random_policy_42_1b654477,random_policy,train,619,42,easy,5,5,0.0001,0.95,1.0,default,100,-37.0,48,1,1,0,0,0.0034401000011712313,
random_policy_42_1b654477,random_policy,train,620,42,easy,5,5,0.0001,0.95,1.0,default,100,-20.0,11,0,1,0,1,0.0008749999979045242,
random_policy_42_1b654477,random_policy,train,621,42,easy,5,5,0.0001,0.95,1.0,default,100,-100.0,100,0,0,1,0,0.007145900002797134,
random_policy_42_1b654477,random_policy,train,622,42,easy,5,5,0.0001,0.95,1.0,default,100,-20.0,11,0,1,0,1,0.000879899991559796,
random_policy_42_1b654477,random_policy,train,623,42,easy,5,5,0.0001,0.95,1.0,default,100,-14.0,25,1,1,0,0,0.001856000002590008,
random_policy_42_1b654477,random_policy,train,624,42,easy,5,5,0.0001,0.95,1.0,default,100,-36.0,27,0,1,0,1,0.002066400003968738,
random_policy_42_1b654477,random_policy,train,625,42,easy,5,5,0.0001,0.95,1.0,default,100,-44.0,35,0,1,0,1,0.002559600005042739,
random_policy_42_1b654477,random_policy,train,626,42,easy,5,5,0.0001,0.95,1.0,default,100,-20.0,11,0,1,0,1,0.0008813000022200868,
random_policy_42_1b654477,random_policy,train,627,42,easy,5,5,0.0001,0.95,1.0,default,100,-100.0,100,0,0,1,0,0.007089899998391047,
random_policy_42_1b654477,random_policy,train,628,42,easy,5,5,0.0001,0.95,1.0,default,100,-26.0,17,0,1,0,1,0.001300999996601604,
random_policy_42_1b654477,random_policy,train,629,42,easy,5,5,0.0001,0.95,1.0,default,100,-80.0,71,0,1,0,1,0.0050688000046648085,
random_policy_42_1b654477,random_policy,train,630,42,easy,5,5,0.0001,0.95,1.0,default,100,-65.0,56,0,1,0,1,0.004020199994556606,
random_policy_42_1b654477,random_policy,train,631,42,easy,5,5,0.0001,0.95,1.0,default,100,-59.0,50,0,1,0,1,0.0035918000066885725,
random_policy_42_1b654477,random_policy,train,632,42,easy,5,5,0.0001,0.95,1.0,default,100,-16.0,7,0,1,0,1,0.0006029000069247559,
random_policy_42_1b654477,random_policy,train,633,42,easy,5,5,0.0001,0.95,1.0,default,100,-17.0,28,1,1,0,0,0.002059999998891726,
random_policy_42_1b654477,random_policy,train,634,42,easy,5,5,0.0001,0.95,1.0,default,100,-100.0,100,0,0,1,0,0.007123799994587898,
random_policy_42_1b654477,random_policy,train,635,42,easy,5,5,0.0001,0.95,1.0,default,100,-100.0,100,0,0,1,0,0.007080900002620183,
random_policy_42_1b654477,random_policy,train,636,42,easy,5,5,0.0001,0.95,1.0,default,100,-40.0,31,0,1,0,1,0.002263699992909096,
random_policy_42_1b654477,random_policy,train,637,42,easy,5,5,0.0001,0.95,1.0,default,100,-27.0,38,1,1,0,0,0.002810299993143417,
random_policy_42_1b654477,random_policy,train,638,42,easy,5,5,0.0001,0.95,1.0,default,100,-24.0,15,0,1,0,1,0.0011730999976862222,
random_policy_42_1b654477,random_policy,train,639,42,easy,5,5,0.0001,0.95,1.0,default,100,-51.0,62,1,1,0,0,0.004422700003487989,
random_policy_42_1b654477,random_policy,train,640,42,easy,5,5,0.0001,0.95,1.0,default,100,-23.0,14,0,1,0,1,0.0010768000065581873,
random_policy_42_1b654477,random_policy,train,641,42,easy,5,5,0.0001,0.95,1.0,default,100,-68.0,79,1,1,0,0,0.005690900012268685,
random_policy_42_1b654477,random_policy,train,642,42,easy,5,5,0.0001,0.95,1.0,default,100,-100.0,100,0,0,1,0,0.007124099996872246,
random_policy_42_1b654477,random_policy,train,643,42,easy,5,5,0.0001,0.95,1.0,default,100,-50.0,41,0,1,0,1,0.002977299998747185,
random_policy_42_1b654477,random_policy,train,644,42,easy,5,5,0.0001,0.95,1.0,default,100,-29.0,20,0,1,0,1,0.001523700004327111,
random_policy_42_1b654477,random_policy,train,645,42,easy,5,5,0.0001,0.95,1.0,default,100,-40.0,31,0,1,0,1,0.002277100007631816,
random_policy_42_1b654477,random_policy,train,646,42,easy,5,5,0.0001,0.95,1.0,default,100,-31.0,22,0,1,0,1,0.001639699999941513,
random_policy_42_1b654477,random_policy,train,647,42,easy,5,5,0.0001,0.95,1.0,default,100,-23.0,34,1,1,0,0,0.0024954000109573826,
random_policy_42_1b654477,random_policy,train,648,42,easy,5,5,0.0001,0.95,1.0,default,100,-70.0,61,0,1,0,1,0.004356499994173646,
random_policy_42_1b654477,random_policy,train,649,42,easy,5,5,0.0001,0.95,1.0,default,100,-100.0,100,0,0,1,0,0.007157200001529418,
random_policy_42_1b654477,random_policy,train,650,42,easy,5,5,0.0001,0.95,1.0,default,100,-26.0,17,0,1,0,1,0.0013013999996474013,
random_policy_42_1b654477,random_policy,train,651,42,easy,5,5,0.0001,0.95,1.0,default,100,-33.0,24,0,1,0,1,0.00178310000046622,
random_policy_42_1b654477,random_policy,train,652,42,easy,5,5,0.0001,0.95,1.0,default,100,-90.0,81,0,1,0,1,0.00574120000237599,
random_policy_42_1b654477,random_policy,train,653,42,easy,5,5,0.0001,0.95,1.0,default,100,-19.0,10,0,1,0,1,0.0008011000027181581,
random_policy_42_1b654477,random_policy,train,654,42,easy,5,5,0.0001,0.95,1.0,default,100,-72.0,63,0,1,0,1,0.0045375000045169145,
random_policy_42_1b654477,random_policy,train,655,42,easy,5,5,0.0001,0.95,1.0,default,100,-87.0,98,1,1,0,0,0.006943799991859123,
random_policy_42_1b654477,random_policy,train,656,42,easy,5,5,0.0001,0.95,1.0,default,100,-100.0,100,0,0,1,0,0.007162100009736605,
random_policy_42_1b654477,random_policy,train,657,42,easy,5,5,0.0001,0.95,1.0,default,100,-40.0,31,0,1,0,1,0.0022838000004412606,
random_policy_42_1b654477,random_policy,train,658,42,easy,5,5,0.0001,0.95,1.0,default,100,-33.0,24,0,1,0,1,0.0017844000103650615,
random_policy_42_1b654477,random_policy,train,659,42,easy,5,5,0.0001,0.95,1.0,default,100,-48.0,39,0,1,0,1,0.0028313999937381595,
random_policy_42_1b654477,random_policy,train,660,42,easy,5,5,0.0001,0.95,1.0,default,100,-23.0,14,0,1,0,1,0.0010998999932780862,
random_policy_42_1b654477,random_policy,train,661,42,easy,5,5,0.0001,0.95,1.0,default,100,-71.0,62,0,1,0,1,0.004504199998336844,
random_policy_42_1b654477,random_policy,train,662,42,easy,5,5,0.0001,0.95,1.0,default,100,-51.0,62,1,1,0,0,0.004448100007721223,
random_policy_42_1b654477,random_policy,train,663,42,easy,5,5,0.0001,0.95,1.0,default,100,-22.0,13,0,1,0,1,0.0010251999920001253,
random_policy_42_1b654477,random_policy,train,664,42,easy,5,5,0.0001,0.95,1.0,default,100,-24.0,35,1,1,0,0,0.002546699994127266,
random_policy_42_1b654477,random_policy,train,665,42,easy,5,5,0.0001,0.95,1.0,default,100,-21.0,12,0,1,0,1,0.0009565999935148284,
random_policy_42_1b654477,random_policy,train,666,42,easy,5,5,0.0001,0.95,1.0,default,100,-100.0,100,0,0,1,0,0.007075500005157664,
random_policy_42_1b654477,random_policy,train,667,42,easy,5,5,0.0001,0.95,1.0,default,100,-49.0,40,0,1,0,1,0.00290250001125969,
random_policy_42_1b654477,random_policy,train,668,42,easy,5,5,0.0001,0.95,1.0,default,100,-51.0,42,0,1,0,1,0.0030257000034907833,
random_policy_42_1b654477,random_policy,train,669,42,easy,5,5,0.0001,0.95,1.0,default,100,-100.0,100,0,0,1,0,0.00715910000144504,
random_policy_42_1b654477,random_policy,train,670,42,easy,5,5,0.0001,0.95,1.0,default,100,-17.0,8,0,1,0,1,0.0006712000031257048,
random_policy_42_1b654477,random_policy,train,671,42,easy,5,5,0.0001,0.95,1.0,default,100,-29.0,20,0,1,0,1,0.0014961999986553565,
random_policy_42_1b654477,random_policy,train,672,42,easy,5,5,0.0001,0.95,1.0,default,100,-34.0,25,0,1,0,1,0.0018448000046191737,
random_policy_42_1b654477,random_policy,train,673,42,easy,5,5,0.0001,0.95,1.0,default,100,-97.0,88,0,1,0,1,0.006226299999980256,
random_policy_42_1b654477,random_policy,train,674,42,easy,5,5,0.0001,0.95,1.0,default,100,-66.0,77,1,1,0,0,0.005477400001836941,
random_policy_42_1b654477,random_policy,train,675,42,easy,5,5,0.0001,0.95,1.0,default,100,-29.0,40,1,1,0,0,0.002885699999751523,
random_policy_42_1b654477,random_policy,train,676,42,easy,5,5,0.0001,0.95,1.0,default,100,-80.0,91,1,1,0,0,0.0064264000102411956,
random_policy_42_1b654477,random_policy,train,677,42,easy,5,5,0.0001,0.95,1.0,default,100,-32.0,43,1,1,0,0,0.0031214000046020374,
random_policy_42_1b654477,random_policy,train,678,42,easy,5,5,0.0001,0.95,1.0,default,100,-31.0,22,0,1,0,1,0.0016456000012112781,
random_policy_42_1b654477,random_policy,train,679,42,easy,5,5,0.0001,0.95,1.0,default,100,-21.0,12,0,1,0,1,0.0009373000066261739,
random_policy_42_1b654477,random_policy,train,680,42,easy,5,5,0.0001,0.95,1.0,default,100,-48.0,59,1,1,0,0,0.004269600001862273,
random_policy_42_1b654477,random_policy,train,681,42,easy,5,5,0.0001,0.95,1.0,default,100,-100.0,100,0,0,1,0,0.007153700003982522,
random_policy_42_1b654477,random_policy,train,682,42,easy,5,5,0.0001,0.95,1.0,default,100,-31.0,22,0,1,0,1,0.001668299999437295,
random_policy_42_1b654477,random_policy,train,683,42,easy,5,5,0.0001,0.95,1.0,default,100,-65.0,56,0,1,0,1,0.004041199994389899,
random_policy_42_1b654477,random_policy,train,684,42,easy,5,5,0.0001,0.95,1.0,default,100,-80.0,71,0,1,0,1,0.005084000003989786,
random_policy_42_1b654477,random_policy,train,685,42,easy,5,5,0.0001,0.95,1.0,default,100,-27.0,18,0,1,0,1,0.001368400000501424,
random_policy_42_1b654477,random_policy,train,686,42,easy,5,5,0.0001,0.95,1.0,default,100,-39.0,30,0,1,0,1,0.002206699995440431,
random_policy_42_1b654477,random_policy,train,687,42,easy,5,5,0.0001,0.95,1.0,default,100,-34.0,25,0,1,0,1,0.0018691000004764646,
random_policy_42_1b654477,random_policy,train,688,42,easy,5,5,0.0001,0.95,1.0,default,100,-28.0,19,0,1,0,1,0.0014970000047469512,
random_policy_42_1b654477,random_policy,train,689,42,easy,5,5,0.0001,0.95,1.0,default,100,-77.0,88,1,1,0,0,0.006269999998039566,
random_policy_42_1b654477,random_policy,train,690,42,easy,5,5,0.0001,0.95,1.0,default,100,-85.0,76,0,1,0,1,0.005417000007582828,
random_policy_42_1b654477,random_policy,train,691,42,easy,5,5,0.0001,0.95,1.0,default,100,-51.0,42,0,1,0,1,0.0030661000055260956,
random_policy_42_1b654477,random_policy,train,692,42,easy,5,5,0.0001,0.95,1.0,default,100,-72.0,63,0,1,0,1,0.004558400003588758,
random_policy_42_1b654477,random_policy,train,693,42,easy,5,5,0.0001,0.95,1.0,default,100,-27.0,18,0,1,0,1,0.0013876000011805445,
random_policy_42_1b654477,random_policy,train,694,42,easy,5,5,0.0001,0.95,1.0,default,100,-49.0,40,0,1,0,1,0.0028966000099899247,
random_policy_42_1b654477,random_policy,train,695,42,easy,5,5,0.0001,0.95,1.0,default,100,-70.0,81,1,1,0,0,0.005791899995529093,
random_policy_42_1b654477,random_policy,train,696,42,easy,5,5,0.0001,0.95,1.0,default,100,-50.0,41,0,1,0,1,0.0030338999931700528,
random_policy_42_1b654477,random_policy,train,697,42,easy,5,5,0.0001,0.95,1.0,default,100,-16.0,27,1,1,0,0,0.0020080000103916973,
random_policy_42_1b654477,random_policy,train,698,42,easy,5,5,0.0001,0.95,1.0,default,100,-100.0,100,0,0,1,0,0.0071299999981420115,
random_policy_42_1b654477,random_policy,train,699,42,easy,5,5,0.0001,0.95,1.0,default,100,-30.0,21,0,1,0,1,0.001585500009241514,
random_policy_42_1b654477,random_policy,train,700,42,easy,5,5,0.0001,0.95,1.0,default,100,-30.0,21,0,1,0,1,0.0015965000056894496,
random_policy_42_1b654477,random_policy,train,701,42,easy,5,5,0.0001,0.95,1.0,default,100,-19.0,30,1,1,0,0,0.002248799995868467,
random_policy_42_1b654477,random_policy,train,702,42,easy,5,5,0.0001,0.95,1.0,default,100,-42.0,33,0,1,0,1,0.002413800000795163,
random_policy_42_1b654477,random_policy,train,703,42,easy,5,5,0.0001,0.95,1.0,default,100,-87.0,98,1,1,0,0,0.006927599999471568,
random_policy_42_1b654477,random_policy,train,704,42,easy,5,5,0.0001,0.95,1.0,default,100,-100.0,100,0,0,1,0,0.007100599992554635,
random_policy_42_1b654477,random_policy,train,705,42,easy,5,5,0.0001,0.95,1.0,default,100,-82.0,73,0,1,0,1,0.005198700004257262,
random_policy_42_1b654477,random_policy,train,706,42,easy,5,5,0.0001,0.95,1.0,default,100,-49.0,40,0,1,0,1,0.0029504000121960416,
random_policy_42_1b654477,random_policy,train,707,42,easy,5,5,0.0001,0.95,1.0,default,100,-100.0,100,0,0,1,0,0.0071054000000003725,
random_policy_42_1b654477,random_policy,train,708,42,easy,5,5,0.0001,0.95,1.0,default,100,-41.0,32,0,1,0,1,0.0023385000095004216,
random_policy_42_1b654477,random_policy,train,709,42,easy,5,5,0.0001,0.95,1.0,default,100,-34.0,25,0,1,0,1,0.0018532999965827912,
random_policy_42_1b654477,random_policy,train,710,42,easy,5,5,0.0001,0.95,1.0,default,100,-46.0,37,0,1,0,1,0.0026948999875457957,
random_policy_42_1b654477,random_policy,train,711,42,easy,5,5,0.0001,0.95,1.0,default,100,-21.0,12,0,1,0,1,0.0009406000026501715,
random_policy_42_1b654477,random_policy,train,712,42,easy,5,5,0.0001,0.95,1.0,default,100,-86.0,77,0,1,0,1,0.0054546000028494745,
random_policy_42_1b654477,random_policy,train,713,42,easy,5,5,0.0001,0.95,1.0,default,100,-51.0,42,0,1,0,1,0.0030408999882638454,
random_policy_42_1b654477,random_policy,train,714,42,easy,5,5,0.0001,0.95,1.0,default,100,-27.0,18,0,1,0,1,0.001353900006506592,
random_policy_42_1b654477,random_policy,train,715,42,easy,5,5,0.0001,0.95,1.0,default,100,-24.0,15,0,1,0,1,0.0011522999993758276,
random_policy_42_1b654477,random_policy,train,716,42,easy,5,5,0.0001,0.95,1.0,default,100,-98.0,89,0,1,0,1,0.006321900000330061,
random_policy_42_1b654477,random_policy,train,717,42,easy,5,5,0.0001,0.95,1.0,default,100,-67.0,58,0,1,0,1,0.004164300000411458,
random_policy_42_1b654477,random_policy,train,718,42,easy,5,5,0.0001,0.95,1.0,default,100,-79.0,70,0,1,0,1,0.004988199987565167,
random_policy_42_1b654477,random_policy,train,719,42,easy,5,5,0.0001,0.95,1.0,default,100,-83.0,74,0,1,0,1,0.005332699991413392,
random_policy_42_1b654477,random_policy,train,720,42,easy,5,5,0.0001,0.95,1.0,default,100,-26.0,17,0,1,0,1,0.001305999991018325,
random_policy_42_1b654477,random_policy,train,721,42,easy,5,5,0.0001,0.95,1.0,default,100,-25.0,16,0,1,0,1,0.001269399988814257,
random_policy_42_1b654477,random_policy,train,722,42,easy,5,5,0.0001,0.95,1.0,default,100,-27.0,38,1,1,0,0,0.00278019999677781,
random_policy_42_1b654477,random_policy,train,723,42,easy,5,5,0.0001,0.95,1.0,default,100,-16.0,7,0,1,0,1,0.0006056999991415069,
random_policy_42_1b654477,random_policy,train,724,42,easy,5,5,0.0001,0.95,1.0,default,100,-18.0,29,1,1,0,0,0.0021967999928165227,
random_policy_42_1b654477,random_policy,train,725,42,easy,5,5,0.0001,0.95,1.0,default,100,-22.0,33,1,1,0,0,0.002422600009595044,
random_policy_42_1b654477,random_policy,train,726,42,easy,5,5,0.0001,0.95,1.0,default,100,-35.0,26,0,1,0,1,0.0019296000100439414,
random_policy_42_1b654477,random_policy,train,727,42,easy,5,5,0.0001,0.95,1.0,default,100,-63.0,54,0,1,0,1,0.003878999996231869,
random_policy_42_1b654477,random_policy,train,728,42,easy,5,5,0.0001,0.95,1.0,default,100,-37.0,48,1,1,0,0,0.0034595000033732504,
random_policy_42_1b654477,random_policy,train,729,42,easy,5,5,0.0001,0.95,1.0,default,100,-90.0,81,0,1,0,1,0.0058169999974779785,
random_policy_42_1b654477,random_policy,train,730,42,easy,5,5,0.0001,0.95,1.0,default,100,-38.0,29,0,1,0,1,0.0021502000017790124,
random_policy_42_1b654477,random_policy,train,731,42,easy,5,5,0.0001,0.95,1.0,default,100,-47.0,38,0,1,0,1,0.0027535999979590997,
random_policy_42_1b654477,random_policy,train,732,42,easy,5,5,0.0001,0.95,1.0,default,100,-26.0,37,1,1,0,0,0.002719199997955002,
random_policy_42_1b654477,random_policy,train,733,42,easy,5,5,0.0001,0.95,1.0,default,100,-42.0,53,1,1,0,0,0.003815600008238107,
random_policy_42_1b654477,random_policy,train,734,42,easy,5,5,0.0001,0.95,1.0,default,100,-67.0,58,0,1,0,1,0.0041621999989729375,
random_policy_42_1b654477,random_policy,train,735,42,easy,5,5,0.0001,0.95,1.0,default,100,-45.0,36,0,1,0,1,0.0026206000038655475,
random_policy_42_1b654477,random_policy,train,736,42,easy,5,5,0.0001,0.95,1.0,default,100,-77.0,68,0,1,0,1,0.004850999990594573,
random_policy_42_1b654477,random_policy,train,737,42,easy,5,5,0.0001,0.95,1.0,default,100,-32.0,23,0,1,0,1,0.0017234999977517873,
random_policy_42_1b654477,random_policy,train,738,42,easy,5,5,0.0001,0.95,1.0,default,100,-77.0,68,0,1,0,1,0.004868100004387088,
random_policy_42_1b654477,random_policy,train,739,42,easy,5,5,0.0001,0.95,1.0,default,100,-34.0,45,1,1,0,0,0.0032518000080017373,
random_policy_42_1b654477,random_policy,train,740,42,easy,5,5,0.0001,0.95,1.0,default,100,-103.0,94,0,1,0,1,0.0066682000033324584,
random_policy_42_1b654477,random_policy,train,741,42,easy,5,5,0.0001,0.95,1.0,default,100,-37.0,48,1,1,0,0,0.003526499989675358,
random_policy_42_1b654477,random_policy,train,742,42,easy,5,5,0.0001,0.95,1.0,default,100,-100.0,100,0,0,1,0,0.007122099996195175,
random_policy_42_1b654477,random_policy,train,743,42,easy,5,5,0.0001,0.95,1.0,default,100,-16.0,27,1,1,0,0,0.002038999999058433,
random_policy_42_1b654477,random_policy,train,744,42,easy,5,5,0.0001,0.95,1.0,default,100,-32.0,23,0,1,0,1,0.0017179999995278195,
random_policy_42_1b654477,random_policy,train,745,42,easy,5,5,0.0001,0.95,1.0,default,100,-16.0,7,0,1,0,1,0.0006040000007487833,
random_policy_42_1b654477,random_policy,train,746,42,easy,5,5,0.0001,0.95,1.0,default,100,-8.0,19,1,1,0,0,0.001437300001271069,
random_policy_42_1b654477,random_policy,train,747,42,easy,5,5,0.0001,0.95,1.0,default,100,-45.0,56,1,1,0,0,0.004106400010641664,
random_policy_42_1b654477,random_policy,train,748,42,easy,5,5,0.0001,0.95,1.0,default,100,-100.0,100,0,0,1,0,0.007193699988420121,
random_policy_42_1b654477,random_policy,train,749,42,easy,5,5,0.0001,0.95,1.0,default,100,-28.0,39,1,1,0,0,0.0028600000077858567,
random_policy_42_1b654477,random_policy,train,750,42,easy,5,5,0.0001,0.95,1.0,default,100,-100.0,100,0,0,1,0,0.007157900006859563,
random_policy_42_1b654477,random_policy,train,751,42,easy,5,5,0.0001,0.95,1.0,default,100,-29.0,20,0,1,0,1,0.0015244999958667904,
random_policy_42_1b654477,random_policy,train,752,42,easy,5,5,0.0001,0.95,1.0,default,100,-59.0,50,0,1,0,1,0.0036503000010270625,
random_policy_42_1b654477,random_policy,train,753,42,easy,5,5,0.0001,0.95,1.0,default,100,-23.0,14,0,1,0,1,0.0010965999972540885,
random_policy_42_1b654477,random_policy,train,754,42,easy,5,5,0.0001,0.95,1.0,default,100,-29.0,20,0,1,0,1,0.0015051999944262207,
random_policy_42_1b654477,random_policy,train,755,42,easy,5,5,0.0001,0.95,1.0,default,100,-49.0,40,0,1,0,1,0.002902299995184876,
random_policy_42_1b654477,random_policy,train,756,42,easy,5,5,0.0001,0.95,1.0,default,100,-100.0,100,0,0,1,0,0.007104900010745041,
random_policy_42_1b654477,random_policy,train,757,42,easy,5,5,0.0001,0.95,1.0,default,100,-49.0,40,0,1,0,1,0.002918900005170144,
random_policy_42_1b654477,random_policy,train,758,42,easy,5,5,0.0001,0.95,1.0,default,100,-26.0,17,0,1,0,1,0.0013066999963484704,
random_policy_42_1b654477,random_policy,train,759,42,easy,5,5,0.0001,0.95,1.0,default,100,-47.0,38,0,1,0,1,0.0027618999883998185,
random_policy_42_1b654477,random_policy,train,760,42,easy,5,5,0.0001,0.95,1.0,default,100,-22.0,13,0,1,0,1,0.001021699994453229,
random_policy_42_1b654477,random_policy,train,761,42,easy,5,5,0.0001,0.95,1.0,default,100,-89.0,80,0,1,0,1,0.005815299999085255,
random_policy_42_1b654477,random_policy,train,762,42,easy,5,5,0.0001,0.95,1.0,default,100,-34.0,25,0,1,0,1,0.0018777999939629808,
random_policy_42_1b654477,random_policy,train,763,42,easy,5,5,0.0001,0.95,1.0,default,100,-17.0,8,0,1,0,1,0.0006664999964414164,
random_policy_42_1b654477,random_policy,train,764,42,easy,5,5,0.0001,0.95,1.0,default,100,-100.0,100,0,0,1,0,0.0070869000046513975,
random_policy_42_1b654477,random_policy,train,765,42,easy,5,5,0.0001,0.95,1.0,default,100,-31.0,22,0,1,0,1,0.0016465000080643222,
random_policy_42_1b654477,random_policy,train,766,42,easy,5,5,0.0001,0.95,1.0,default,100,-56.0,47,0,1,0,1,0.0033980000007431954,
random_policy_42_1b654477,random_policy,train,767,42,easy,5,5,0.0001,0.95,1.0,default,100,-64.0,55,0,1,0,1,0.003937800007406622,
random_policy_42_1b654477,random_policy,train,768,42,easy,5,5,0.0001,0.95,1.0,default,100,-67.0,58,0,1,0,1,0.004141700002946891,
random_policy_42_1b654477,random_policy,train,769,42,easy,5,5,0.0001,0.95,1.0,default,100,-39.0,30,0,1,0,1,0.0021914000099059194,
random_policy_42_1b654477,random_policy,train,770,42,easy,5,5,0.0001,0.95,1.0,default,100,-7.0,18,1,1,0,0,0.0013691999920411035,
random_policy_42_1b654477,random_policy,train,771,42,easy,5,5,0.0001,0.95,1.0,default,100,-100.0,100,0,0,1,0,0.00709620000270661,
random_policy_42_1b654477,random_policy,train,772,42,easy,5,5,0.0001,0.95,1.0,default,100,-10.0,21,1,1,0,0,0.0015662999940104783,
random_policy_42_1b654477,random_policy,train,773,42,easy,5,5,0.0001,0.95,1.0,default,100,-20.0,31,1,1,0,0,0.0022824999905424193,
random_policy_42_1b654477,random_policy,train,774,42,easy,5,5,0.0001,0.95,1.0,default,100,-37.0,48,1,1,0,0,0.0034454999986337498,
random_policy_42_1b654477,random_policy,train,775,42,easy,5,5,0.0001,0.95,1.0,default,100,-29.0,20,0,1,0,1,0.0015005000022938475,
random_policy_42_1b654477,random_policy,train,776,42,easy,5,5,0.0001,0.95,1.0,default,100,-100.0,100,0,0,1,0,0.0070989000087138265,
random_policy_42_1b654477,random_policy,train,777,42,easy,5,5,0.0001,0.95,1.0,default,100,-52.0,43,0,1,0,1,0.003111099998932332,
random_policy_42_1b654477,random_policy,train,778,42,easy,5,5,0.0001,0.95,1.0,default,100,-86.0,97,1,1,0,0,0.0068826999922748655,
random_policy_42_1b654477,random_policy,train,779,42,easy,5,5,0.0001,0.95,1.0,default,100,-47.0,58,1,1,0,0,0.004147200001170859,
random_policy_42_1b654477,random_policy,train,780,42,easy,5,5,0.0001,0.95,1.0,default,100,-41.0,32,0,1,0,1,0.002331600000616163,
random_policy_42_1b654477,random_policy,train,781,42,easy,5,5,0.0001,0.95,1.0,default,100,-51.0,62,1,1,0,0,0.004504099997575395,
random_policy_42_1b654477,random_policy,train,782,42,easy,5,5,0.0001,0.95,1.0,default,100,-32.0,23,0,1,0,1,0.0017356999887851998,
random_policy_42_1b654477,random_policy,train,783,42,easy,5,5,0.0001,0.95,1.0,default,100,-100.0,100,0,0,1,0,0.007098200003383681,
random_policy_42_1b654477,random_policy,train,784,42,easy,5,5,0.0001,0.95,1.0,default,100,-100.0,100,0,0,1,0,0.007097299996530637,
random_policy_42_1b654477,random_policy,train,785,42,easy,5,5,0.0001,0.95,1.0,default,100,-38.0,29,0,1,0,1,0.0021345000131987035,
random_policy_42_1b654477,random_policy,train,786,42,easy,5,5,0.0001,0.95,1.0,default,100,-100.0,100,0,0,1,0,0.007059199997456744,
random_policy_42_1b654477,random_policy,train,787,42,easy,5,5,0.0001,0.95,1.0,default,100,-51.0,42,0,1,0,1,0.003050300001632422,
random_policy_42_1b654477,random_policy,train,788,42,easy,5,5,0.0001,0.95,1.0,default,100,-41.0,32,0,1,0,1,0.0023562999995192513,
random_policy_42_1b654477,random_policy,train,789,42,easy,5,5,0.0001,0.95,1.0,default,100,-34.0,25,0,1,0,1,0.0018530000088503584,
random_policy_42_1b654477,random_policy,train,790,42,easy,5,5,0.0001,0.95,1.0,default,100,-66.0,77,1,1,0,0,0.005476599995745346,
random_policy_42_1b654477,random_policy,train,791,42,easy,5,5,0.0001,0.95,1.0,default,100,-51.0,42,0,1,0,1,0.003052799991564825,
random_policy_42_1b654477,random_policy,train,792,42,easy,5,5,0.0001,0.95,1.0,default,100,-13.0,24,1,1,0,0,0.0017903999978443608,
random_policy_42_1b654477,random_policy,train,793,42,easy,5,5,0.0001,0.95,1.0,default,100,-39.0,30,0,1,0,1,0.002222099996288307,
random_policy_42_1b654477,random_policy,train,794,42,easy,5,5,0.0001,0.95,1.0,default,100,-73.0,84,1,1,0,0,0.005972700004349463,
random_policy_42_1b654477,random_policy,train,795,42,easy,5,5,0.0001,0.95,1.0,default,100,-100.0,100,0,0,1,0,0.007085000004735775,
random_policy_42_1b654477,random_policy,train,796,42,easy,5,5,0.0001,0.95,1.0,default,100,-39.0,30,0,1,0,1,0.0022238000092329457,
random_policy_42_1b654477,random_policy,train,797,42,easy,5,5,0.0001,0.95,1.0,default,100,-39.0,50,1,1,0,0,0.003609799998230301,
random_policy_42_1b654477,random_policy,train,798,42,easy,5,5,0.0001,0.95,1.0,default,100,-17.0,8,0,1,0,1,0.0006780000112485141,
random_policy_42_1b654477,random_policy,train,799,42,easy,5,5,0.0001,0.95,1.0,default,100,-38.0,29,0,1,0,1,0.0021301999950082973,
random_policy_42_1b654477,random_policy,train,800,42,easy,5,5,0.0001,0.95,1.0,default,100,-102.0,93,0,1,0,1,0.0065993000025628135,results\random_policy\seed_42\qtable_ep800.npz
random_policy_42_1b654477,random_policy,eval,1,42,easy,5,5,0.0001,0.95,0.0,default,100,-100.0,100,0,0,1,0,,
random_policy_42_1b654477,random_policy,eval,2,42,easy,5,5,0.0001,0.95,0.0,default,100,-100.0,100,0,0,1,0,,
random_policy_42_1b654477,random_policy,eval,3,42,easy,5,5,0.0001,0.95,0.0,default,100,-100.0,100,0,0,1,0,,
random_policy_42_1b654477,random_policy,eval,4,42,easy,5,5,0.0001,0.95,0.0,default,100,-100.0,100,0,0,1,0,,
random_policy_42_1b654477,random_policy,eval,5,42,easy,5,5,0.0001,0.95,0.0,default,100,-100.0,100,0,0,1,0,,
random_policy_42_1b654477,random_policy,eval,6,42,easy,5,5,0.0001,0.95,0.0,default,100,-100.0,100,0,0,1,0,,
random_policy_42_1b654477,random_policy,eval,7,42,easy,5,5,0.0001,0.95,0.0,default,100,-100.0,100,0,0,1,0,,
random_policy_42_1b654477,random_policy,eval,8,42,easy,5,5,0.0001,0.95,0.0,default,100,-100.0,100,0,0,1,0,,
random_policy_42_1b654477,random_policy,eval,9,42,easy,5,5,0.0001,0.95,0.0,default,100,-100.0,100,0,0,1,0,,
random_policy_42_1b654477,random_policy,eval,10,42,easy,5,5,0.0001,0.95,0.0,default,100,-100.0,100,0,0,1,0,,
random_policy_42_1b654477,random_policy,eval,1,42,easy,5,5,0.0001,0.95,0.0,default,100,-100.0,100,0,0,1,0,,
random_policy_42_1b654477,random_policy,eval,2,42,easy,5,5,0.0001,0.95,0.0,default,100,-100.0,100,0,0,1,0,,
random_policy_42_1b654477,random_policy,eval,3,42,easy,5,5,0.0001,0.95,0.0,default,100,-100.0,100,0,0,1,0,,
random_policy_42_1b654477,random_policy,eval,4,42,easy,5,5,0.0001,0.95,0.0,default,100,-100.0,100,0,0,1,0,,
random_policy_42_1b654477,random_policy,eval,5,42,easy,5,5,0.0001,0.95,0.0,default,100,-100.0,100,0,0,1,0,,
random_policy_42_1b654477,random_policy,eval,6,42,easy,5,5,0.0001,0.95,0.0,default,100,-100.0,100,0,0,1,0,,
random_policy_42_1b654477,random_policy,eval,7,42,easy,5,5,0.0001,0.95,0.0,default,100,-100.0,100,0,0,1,0,,
random_policy_42_1b654477,random_policy,eval,8,42,easy,5,5,0.0001,0.95,0.0,default,100,-100.0,100,0,0,1,0,,
random_policy_42_1b654477,random_policy,eval,9,42,easy,5,5,0.0001,0.95,0.0,default,100,-100.0,100,0,0,1,0,,
random_policy_42_1b654477,random_policy,eval,10,42,easy,5,5,0.0001,0.95,0.0,default,100,-100.0,100,0,0,1,0,,
random_policy_42_1b654477,random_policy,eval,1,42,easy,5,5,0.0001,0.95,0.0,default,100,-100.0,100,0,0,1,0,,
random_policy_42_1b654477,random_policy,eval,2,42,easy,5,5,0.0001,0.95,0.0,default,100,-100.0,100,0,0,1,0,,
random_policy_42_1b654477,random_policy,eval,3,42,easy,5,5,0.0001,0.95,0.0,default,100,-100.0,100,0,0,1,0,,
random_policy_42_1b654477,random_policy,eval,4,42,easy,5,5,0.0001,0.95,0.0,default,100,-100.0,100,0,0,1,0,,
random_policy_42_1b654477,random_policy,eval,5,42,easy,5,5,0.0001,0.95,0.0,default,100,-100.0,100,0,0,1,0,,
random_policy_42_1b654477,random_policy,eval,6,42,easy,5,5,0.0001,0.95,0.0,default,100,-100.0,100,0,0,1,0,,
random_policy_42_1b654477,random_policy,eval,7,42,easy,5,5,0.0001,0.95,0.0,default,100,-100.0,100,0,0,1,0,,
random_policy_42_1b654477,random_policy,eval,8,42,easy,5,5,0.0001,0.95,0.0,default,100,-100.0,100,0,0,1,0,,
random_policy_42_1b654477,random_policy,eval,9,42,easy,5,5,0.0001,0.95,0.0,default,100,-100.0,100,0,0,1,0,,
random_policy_42_1b654477,random_policy,eval,10,42,easy,5,5,0.0001,0.95,0.0,default,100,-100.0,100,0,0,1,0,,
random_policy_42_1b654477,random_policy,eval,1,42,easy,5,5,0.0001,0.95,0.0,default,100,-100.0,100,0,0,1,0,,
random_policy_42_1b654477,random_policy,eval,2,42,easy,5,5,0.0001,0.95,0.0,default,100,-100.0,100,0,0,1,0,,
random_policy_42_1b654477,random_policy,eval,3,42,easy,5,5,0.0001,0.95,0.0,default,100,-100.0,100,0,0,1,0,,
random_policy_42_1b654477,random_policy,eval,4,42,easy,5,5,0.0001,0.95,0.0,default,100,-100.0,100,0,0,1,0,,
random_policy_42_1b654477,random_policy,eval,5,42,easy,5,5,0.0001,0.95,0.0,default,100,-100.0,100,0,0,1,0,,
random_policy_42_1b654477,random_policy,eval,6,42,easy,5,5,0.0001,0.95,0.0,default,100,-100.0,100,0,0,1,0,,
random_policy_42_1b654477,random_policy,eval,7,42,easy,5,5,0.0001,0.95,0.0,default,100,-100.0,100,0,0,1,0,,
random_policy_42_1b654477,random_policy,eval,8,42,easy,5,5,0.0001,0.95,0.0,default,100,-100.0,100,0,0,1,0,,
random_policy_42_1b654477,random_policy,eval,9,42,easy,5,5,0.0001,0.95,0.0,default,100,-100.0,100,0,0,1,0,,
random_policy_42_1b654477,random_policy,eval,10,42,easy,5,5,0.0001,0.95,0.0,default,100,-100.0,100,0,0,1,0,,
random_policy_42_1b654477,random_policy,eval,1,42,easy,5,5,0.0001,0.95,0.0,default,100,-100.0,100,0,0,1,0,,
random_policy_42_1b654477,random_policy,eval,2,42,easy,5,5,0.0001,0.95,0.0,default,100,-100.0,100,0,0,1,0,,
random_policy_42_1b654477,random_policy,eval,3,42,easy,5,5,0.0001,0.95,0.0,default,100,-100.0,100,0,0,1,0,,
random_policy_42_1b654477,random_policy,eval,4,42,easy,5,5,0.0001,0.95,0.0,default,100,-100.0,100,0,0,1,0,,
random_policy_42_1b654477,random_policy,eval,5,42,easy,5,5,0.0001,0.95,0.0,default,100,-100.0,100,0,0,1,0,,
random_policy_42_1b654477,random_policy,eval,6,42,easy,5,5,0.0001,0.95,0.0,default,100,-100.0,100,0,0,1,0,,
random_policy_42_1b654477,random_policy,eval,7,42,easy,5,5,0.0001,0.95,0.0,default,100,-100.0,100,0,0,1,0,,
random_policy_42_1b654477,random_policy,eval,8,42,easy,5,5,0.0001,0.95,0.0,default,100,-100.0,100,0,0,1,0,,
random_policy_42_1b654477,random_policy,eval,9,42,easy,5,5,0.0001,0.95,0.0,default,100,-100.0,100,0,0,1,0,,
random_policy_42_1b654477,random_policy,eval,10,42,easy,5,5,0.0001,0.95,0.0,default,100,-100.0,100,0,0,1,0,,
random_policy_42_1b654477,random_policy,eval,1,42,easy,5,5,0.0001,0.95,0.0,default,100,-100.0,100,0,0,1,0,,
random_policy_42_1b654477,random_policy,eval,2,42,easy,5,5,0.0001,0.95,0.0,default,100,-100.0,100,0,0,1,0,,
random_policy_42_1b654477,random_policy,eval,3,42,easy,5,5,0.0001,0.95,0.0,default,100,-100.0,100,0,0,1,0,,
random_policy_42_1b654477,random_policy,eval,4,42,easy,5,5,0.0001,0.95,0.0,default,100,-100.0,100,0,0,1,0,,
random_policy_42_1b654477,random_policy,eval,5,42,easy,5,5,0.0001,0.95,0.0,default,100,-100.0,100,0,0,1,0,,
random_policy_42_1b654477,random_policy,eval,6,42,easy,5,5,0.0001,0.95,0.0,default,100,-100.0,100,0,0,1,0,,
random_policy_42_1b654477,random_policy,eval,7,42,easy,5,5,0.0001,0.95,0.0,default,100,-100.0,100,0,0,1,0,,
random_policy_42_1b654477,random_policy,eval,8,42,easy,5,5,0.0001,0.95,0.0,default,100,-100.0,100,0,0,1,0,,
random_policy_42_1b654477,random_policy,eval,9,42,easy,5,5,0.0001,0.95,0.0,default,100,-100.0,100,0,0,1,0,,
random_policy_42_1b654477,random_policy,eval,10,42,easy,5,5,0.0001,0.95,0.0,default,100,-100.0,100,0,0,1,0,,
random_policy_42_1b654477,random_policy,eval,1,42,easy,5,5,0.0001,0.95,0.0,default,100,-100.0,100,0,0,1,0,,
random_policy_42_1b654477,random_policy,eval,2,42,easy,5,5,0.0001,0.95,0.0,default,100,-100.0,100,0,0,1,0,,
random_policy_42_1b654477,random_policy,eval,3,42,easy,5,5,0.0001,0.95,0.0,default,100,-100.0,100,0,0,1,0,,
random_policy_42_1b654477,random_policy,eval,4,42,easy,5,5,0.0001,0.95,0.0,default,100,-100.0,100,0,0,1,0,,
random_policy_42_1b654477,random_policy,eval,5,42,easy,5,5,0.0001,0.95,0.0,default,100,-100.0,100,0,0,1,0,,
random_policy_42_1b654477,random_policy,eval,6,42,easy,5,5,0.0001,0.95,0.0,default,100,-100.0,100,0,0,1,0,,
random_policy_42_1b654477,random_policy,eval,7,42,easy,5,5,0.0001,0.95,0.0,default,100,-100.0,100,0,0,1,0,,
random_policy_42_1b654477,random_policy,eval,8,42,easy,5,5,0.0001,0.95,0.0,default,100,-100.0,100,0,0,1,0,,
random_policy_42_1b654477,random_policy,eval,9,42,easy,5,5,0.0001,0.95,0.0,default,100,-100.0,100,0,0,1,0,,
random_policy_42_1b654477,random_policy,eval,10,42,easy,5,5,0.0001,0.95,0.0,default,100,-100.0,100,0,0,1,0,,
random_policy_42_1b654477,random_policy,eval,1,42,easy,5,5,0.0001,0.95,0.0,default,100,-100.0,100,0,0,1,0,,
random_policy_42_1b654477,random_policy,eval,2,42,easy,5,5,0.0001,0.95,0.0,default,100,-100.0,100,0,0,1,0,,
random_policy_42_1b654477,random_policy,eval,3,42,easy,5,5,0.0001,0.95,0.0,default,100,-100.0,100,0,0,1,0,,
random_policy_42_1b654477,random_policy,eval,4,42,easy,5,5,0.0001,0.95,0.0,default,100,-100.0,100,0,0,1,0,,
random_policy_42_1b654477,random_policy,eval,5,42,easy,5,5,0.0001,0.95,0.0,default,100,-100.0,100,0,0,1,0,,
random_policy_42_1b654477,random_policy,eval,6,42,easy,5,5,0.0001,0.95,0.0,default,100,-100.0,100,0,0,1,0,,
random_policy_42_1b654477,random_policy,eval,7,42,easy,5,5,0.0001,0.95,0.0,default,100,-100.0,100,0,0,1,0,,
random_policy_42_1b654477,random_policy,eval,8,42,easy,5,5,0.0001,0.95,0.0,default,100,-100.0,100,0,0,1,0,,
random_policy_42_1b654477,random_policy,eval,9,42,easy,5,5,0.0001,0.95,0.0,default,100,-100.0,100,0,0,1,0,,
random_policy_42_1b654477,random_policy,eval,10,42,easy,5,5,0.0001,0.95,0.0,default,100,-100.0,100,0,0,1,0,,
random_policy_42_1b654477,random_policy,eval,1,42,easy,5,5,0.0001,0.95,0.0,default,100,-100.0,100,0,0,1,0,,
random_policy_42_1b654477,random_policy,eval,2,42,easy,5,5,0.0001,0.95,0.0,default,100,-100.0,100,0,0,1,0,,
random_policy_42_1b654477,random_policy,eval,3,42,easy,5,5,0.0001,0.95,0.0,default,100,-100.0,100,0,0,1,0,,
random_policy_42_1b654477,random_policy,eval,4,42,easy,5,5,0.0001,0.95,0.0,default,100,-100.0,100,0,0,1,0,,
random_policy_42_1b654477,random_policy,eval,5,42,easy,5,5,0.0001,0.95,0.0,default,100,-100.0,100,0,0,1,0,,
random_policy_42_1b654477,random_policy,eval,6,42,easy,5,5,0.0001,0.95,0.0,default,100,-100.0,100,0,0,1,0,,
random_policy_42_1b654477,random_policy,eval,7,42,easy,5,5,0.0001,0.95,0.0,default,100,-100.0,100,0,0,1,0,,
random_policy_42_1b654477,random_policy,eval,8,42,easy,5,5,0.0001,0.95,0.0,default,100,-100.0,100,0,0,1,0,,
random_policy_42_1b654477,random_policy,eval,9,42,easy,5,5,0.0001,0.95,0.0,default,100,-100.0,100,0,0,1,0,,
random_policy_42_1b654477,random_policy,eval,10,42,easy,5,5,0.0001,0.95,0.0,default,100,-100.0,100,0,0,1,0,,
random_policy_42_1b654477,random_policy,eval,1,42,easy,5,5,0.0001,0.95,0.0,default,100,-100.0,100,0,0,1,0,,
random_policy_42_1b654477,random_policy,eval,2,42,easy,5,5,0.0001,0.95,0.0,default,100,-100.0,100,0,0,1,0,,
random_policy_42_1b654477,random_policy,eval,3,42,easy,5,5,0.0001,0.95,0.0,default,100,-100.0,100,0,0,1,0,,
random_policy_42_1b654477,random_policy,eval,4,42,easy,5,5,0.0001,0.95,0.0,default,100,-100.0,100,0,0,1,0,,
random_policy_42_1b654477,random_policy,eval,5,42,easy,5,5,0.0001,0.95,0.0,default,100,-100.0,100,0,0,1,0,,
random_policy_42_1b654477,random_policy,eval,6,42,easy,5,5,0.0001,0.95,0.0,default,100,-100.0,100,0,0,1,0,,
random_policy_42_1b654477,random_policy,eval,7,42,easy,5,5,0.0001,0.95,0.0,default,100,-100.0,100,0,0,1,0,,
random_policy_42_1b654477,random_policy,eval,8,42,easy,5,5,0.0001,0.95,0.0,default,100,-100.0,100,0,0,1,0,,
random_policy_42_1b654477,random_policy,eval,9,42,easy,5,5,0.0001,0.95,0.0,default,100,-100.0,100,0,0,1,0,,
random_policy_42_1b654477,random_policy,eval,10,42,easy,5,5,0.0001,0.95,0.0,default,100,-100.0,100,0,0,1,0,,
random_policy_42_1b654477,random_policy,eval,1,42,easy,5,5,0.0001,0.95,0.0,default,100,-100.0,100,0,0,1,0,,
random_policy_42_1b654477,random_policy,eval,2,42,easy,5,5,0.0001,0.95,0.0,default,100,-100.0,100,0,0,1,0,,
random_policy_42_1b654477,random_policy,eval,3,42,easy,5,5,0.0001,0.95,0.0,default,100,-100.0,100,0,0,1,0,,
random_policy_42_1b654477,random_policy,eval,4,42,easy,5,5,0.0001,0.95,0.0,default,100,-100.0,100,0,0,1,0,,
random_policy_42_1b654477,random_policy,eval,5,42,easy,5,5,0.0001,0.95,0.0,default,100,-100.0,100,0,0,1,0,,
random_policy_42_1b654477,random_policy,eval,6,42,easy,5,5,0.0001,0.95,0.0,default,100,-100.0,100,0,0,1,0,,
random_policy_42_1b654477,random_policy,eval,7,42,easy,5,5,0.0001,0.95,0.0,default,100,-100.0,100,0,0,1,0,,
random_policy_42_1b654477,random_policy,eval,8,42,easy,5,5,0.0001,0.95,0.0,default,100,-100.0,100,0,0,1,0,,
random_policy_42_1b654477,random_policy,eval,9,42,easy,5,5,0.0001,0.95,0.0,default,100,-100.0,100,0,0,1,0,,
random_policy_42_1b654477,random_policy,eval,10,42,easy,5,5,0.0001,0.95,0.0,default,100,-100.0,100,0,0,1,0,,
random_policy_42_1b654477,random_policy,eval,1,42,easy,5,5,0.0001,0.95,0.0,default,100,-100.0,100,0,0,1,0,,
random_policy_42_1b654477,random_policy,eval,2,42,easy,5,5,0.0001,0.95,0.0,default,100,-100.0,100,0,0,1,0,,
random_policy_42_1b654477,random_policy,eval,3,42,easy,5,5,0.0001,0.95,0.0,default,100,-100.0,100,0,0,1,0,,
random_policy_42_1b654477,random_policy,eval,4,42,easy,5,5,0.0001,0.95,0.0,default,100,-100.0,100,0,0,1,0,,
random_policy_42_1b654477,random_policy,eval,5,42,easy,5,5,0.0001,0.95,0.0,default,100,-100.0,100,0,0,1,0,,
random_policy_42_1b654477,random_policy,eval,6,42,easy,5,5,0.0001,0.95,0.0,default,100,-100.0,100,0,0,1,0,,
random_policy_42_1b654477,random_policy,eval,7,42,easy,5,5,0.0001,0.95,0.0,default,100,-100.0,100,0,0,1,0,,
random_policy_42_1b654477,random_policy,eval,8,42,easy,5,5,0.0001,0.95,0.0,default,100,-100.0,100,0,0,1,0,,
random_policy_42_1b654477,random_policy,eval,9,42,easy,5,5,0.0001,0.95,0.0,default,100,-100.0,100,0,0,1,0,,
random_policy_42_1b654477,random_policy,eval,10,42,easy,5,5,0.0001,0.95,0.0,default,100,-100.0,100,0,0,1,0,,
random_policy_42_1b654477,random_policy,eval,1,42,easy,5,5,0.0001,0.95,0.0,default,100,-100.0,100,0,0,1,0,,
random_policy_42_1b654477,random_policy,eval,2,42,easy,5,5,0.0001,0.95,0.0,default,100,-100.0,100,0,0,1,0,,
random_policy_42_1b654477,random_policy,eval,3,42,easy,5,5,0.0001,0.95,0.0,default,100,-100.0,100,0,0,1,0,,
random_policy_42_1b654477,random_policy,eval,4,42,easy,5,5,0.0001,0.95,0.0,default,100,-100.0,100,0,0,1,0,,
random_policy_42_1b654477,random_policy,eval,5,42,easy,5,5,0.0001,0.95,0.0,default,100,-100.0,100,0,0,1,0,,
random_policy_42_1b654477,random_policy,eval,6,42,easy,5,5,0.0001,0.95,0.0,default,100,-100.0,100,0,0,1,0,,
random_policy_42_1b654477,random_policy,eval,7,42,easy,5,5,0.0001,0.95,0.0,default,100,-100.0,100,0,0,1,0,,
random_policy_42_1b654477,random_policy,eval,8,42,easy,5,5,0.0001,0.95,0.0,default,100,-100.0,100,0,0,1,0,,
random_policy_42_1b654477,random_policy,eval,9,42,easy,5,5,0.0001,0.95,0.0,default,100,-100.0,100,0,0,1,0,,
random_policy_42_1b654477,random_policy,eval,10,42,easy,5,5,0.0001,0.95,0.0,default,100,-100.0,100,0,0,1,0,,
random_policy_42_1b654477,random_policy,eval,1,42,easy,5,5,0.0001,0.95,0.0,default,100,-100.0,100,0,0,1,0,,
random_policy_42_1b654477,random_policy,eval,2,42,easy,5,5,0.0001,0.95,0.0,default,100,-100.0,100,0,0,1,0,,
random_policy_42_1b654477,random_policy,eval,3,42,easy,5,5,0.0001,0.95,0.0,default,100,-100.0,100,0,0,1,0,,
random_policy_42_1b654477,random_policy,eval,4,42,easy,5,5,0.0001,0.95,0.0,default,100,-100.0,100,0,0,1,0,,
random_policy_42_1b654477,random_policy,eval,5,42,easy,5,5,0.0001,0.95,0.0,default,100,-100.0,100,0,0,1,0,,
random_policy_42_1b654477,random_policy,eval,6,42,easy,5,5,0.0001,0.95,0.0,default,100,-100.0,100,0,0,1,0,,
random_policy_42_1b654477,random_policy,eval,7,42,easy,5,5,0.0001,0.95,0.0,default,100,-100.0,100,0,0,1,0,,
random_policy_42_1b654477,random_policy,eval,8,42,easy,5,5,0.0001,0.95,0.0,default,100,-100.0,100,0,0,1,0,,
random_policy_42_1b654477,random_policy,eval,9,42,easy,5,5,0.0001,0.95,0.0,default,100,-100.0,100,0,0,1,0,,
random_policy_42_1b654477,random_policy,eval,10,42,easy,5,5,0.0001,0.95,0.0,default,100,-100.0,100,0,0,1,0,,
random_policy_42_1b654477,random_policy,eval,1,42,easy,5,5,0.0001,0.95,0.0,default,100,-100.0,100,0,0,1,0,,
random_policy_42_1b654477,random_policy,eval,2,42,easy,5,5,0.0001,0.95,0.0,default,100,-100.0,100,0,0,1,0,,
random_policy_42_1b654477,random_policy,eval,3,42,easy,5,5,0.0001,0.95,0.0,default,100,-100.0,100,0,0,1,0,,
random_policy_42_1b654477,random_policy,eval,4,42,easy,5,5,0.0001,0.95,0.0,default,100,-100.0,100,0,0,1,0,,
random_policy_42_1b654477,random_policy,eval,5,42,easy,5,5,0.0001,0.95,0.0,default,100,-100.0,100,0,0,1,0,,
random_policy_42_1b654477,random_policy,eval,6,42,easy,5,5,0.0001,0.95,0.0,default,100,-100.0,100,0,0,1,0,,
random_policy_42_1b654477,random_policy,eval,7,42,easy,5,5,0.0001,0.95,0.0,default,100,-100.0,100,0,0,1,0,,
random_policy_42_1b654477,random_policy,eval,8,42,easy,5,5,0.0001,0.95,0.0,default,100,-100.0,100,0,0,1,0,,
random_policy_42_1b654477,random_policy,eval,9,42,easy,5,5,0.0001,0.95,0.0,default,100,-100.0,100,0,0,1,0,,
random_policy_42_1b654477,random_policy,eval,10,42,easy,5,5,0.0001,0.95,0.0,default,100,-100.0,100,0,0,1,0,,
random_policy_42_1b654477,random_policy,eval,1,42,easy,5,5,0.0001,0.95,0.0,default,100,-100.0,100,0,0,1,0,,
random_policy_42_1b654477,random_policy,eval,2,42,easy,5,5,0.0001,0.95,0.0,default,100,-100.0,100,0,0,1,0,,
random_policy_42_1b654477,random_policy,eval,3,42,easy,5,5,0.0001,0.95,0.0,default,100,-100.0,100,0,0,1,0,,
random_policy_42_1b654477,random_policy,eval,4,42,easy,5,5,0.0001,0.95,0.0,default,100,-100.0,100,0,0,1,0,,
random_policy_42_1b654477,random_policy,eval,5,42,easy,5,5,0.0001,0.95,0.0,default,100,-100.0,100,0,0,1,0,,
random_policy_42_1b654477,random_policy,eval,6,42,easy,5,5,0.0001,0.95,0.0,default,100,-100.0,100,0,0,1,0,,
random_policy_42_1b654477,random_policy,eval,7,42,easy,5,5,0.0001,0.95,0.0,default,100,-100.0,100,0,0,1,0,,
random_policy_42_1b654477,random_policy,eval,8,42,easy,5,5,0.0001,0.95,0.0,default,100,-100.0,100,0,0,1,0,,
random_policy_42_1b654477,random_policy,eval,9,42,easy,5,5,0.0001,0.95,0.0,default,100,-100.0,100,0,0,1,0,,
random_policy_42_1b654477,random_policy,eval,10,42,easy,5,5,0.0001,0.95,0.0,default,100,-100.0,100,0,0,1,0,,
random_policy_42_1b654477,random_policy,eval,1,42,easy,5,5,0.0001,0.95,0.0,default,100,-100.0,100,0,0,1,0,,
random_policy_42_1b654477,random_policy,eval,2,42,easy,5,5,0.0001,0.95,0.0,default,100,-100.0,100,0,0,1,0,,
random_policy_42_1b654477,random_policy,eval,3,42,easy,5,5,0.0001,0.95,0.0,default,100,-100.0,100,0,0,1,0,,
random_policy_42_1b654477,random_policy,eval,4,42,easy,5,5,0.0001,0.95,0.0,default,100,-100.0,100,0,0,1,0,,
random_policy_42_1b654477,random_policy,eval,5,42,easy,5,5,0.0001,0.95,0.0,default,100,-100.0,100,0,0,1,0,,
random_policy_42_1b654477,random_policy,eval,6,42,easy,5,5,0.0001,0.95,0.0,default,100,-100.0,100,0,0,1,0,,
random_policy_42_1b654477,random_policy,eval,7,42,easy,5,5,0.0001,0.95,0.0,default,100,-100.0,100,0,0,1,0,,
random_policy_42_1b654477,random_policy,eval,8,42,easy,5,5,0.0001,0.95,0.0,default,100,-100.0,100,0,0,1,0,,
random_policy_42_1b654477,random_policy,eval,9,42,easy,5,5,0.0001,0.95,0.0,default,100,-100.0,100,0,0,1,0,,
random_policy_42_1b654477,random_policy,eval,10,42,easy,5,5,0.0001,0.95,0.0,default,100,-100.0,100,0,0,1,0,,
random_policy_42_1b654477,random_policy,eval,1,42,easy,5,5,0.0001,0.95,0.0,default,100,-100.0,100,0,0,1,0,,
random_policy_42_1b654477,random_policy,eval,2,42,easy,5,5,0.0001,0.95,0.0,default,100,-100.0,100,0,0,1,0,,
random_policy_42_1b654477,random_policy,eval,3,42,easy,5,5,0.0001,0.95,0.0,default,100,-100.0,100,0,0,1,0,,
random_policy_42_1b654477,random_policy,eval,4,42,easy,5,5,0.0001,0.95,0.0,default,100,-100.0,100,0,0,1,0,,
random_policy_42_1b654477,random_policy,eval,5,42,easy,5,5,0.0001,0.95,0.0,default,100,-100.0,100,0,0,1,0,,
random_policy_42_1b654477,random_policy,eval,6,42,easy,5,5,0.0001,0.95,0.0,default,100,-100.0,100,0,0,1,0,,
random_policy_42_1b654477,random_policy,eval,7,42,easy,5,5,0.0001,0.95,0.0,default,100,-100.0,100,0,0,1,0,,
random_policy_42_1b654477,random_policy,eval,8,42,easy,5,5,0.0001,0.95,0.0,default,100,-100.0,100,0,0,1,0,,
random_policy_42_1b654477,random_policy,eval,9,42,easy,5,5,0.0001,0.95,0.0,default,100,-100.0,100,0,0,1,0,,
random_policy_42_1b654477,random_policy,eval,10,42,easy,5,5,0.0001,0.95,0.0,default,100,-100.0,100,0,0,1,0,,
random_policy_42_1b654477,random_policy,eval,1,42,easy,5,5,0.0001,0.95,0.0,default,100,-100.0,100,0,0,1,0,,
random_policy_42_1b654477,random_policy,eval,2,42,easy,5,5,0.0001,0.95,0.0,default,100,-100.0,100,0,0,1,0,,
random_policy_42_1b654477,random_policy,eval,3,42,easy,5,5,0.0001,0.95,0.0,default,100,-100.0,100,0,0,1,0,,
random_policy_42_1b654477,random_policy,eval,4,42,easy,5,5,0.0001,0.95,0.0,default,100,-100.0,100,0,0,1,0,,
random_policy_42_1b654477,random_policy,eval,5,42,easy,5,5,0.0001,0.95,0.0,default,100,-100.0,100,0,0,1,0,,
random_policy_42_1b654477,random_policy,eval,6,42,easy,5,5,0.0001,0.95,0.0,default,100,-100.0,100,0,0,1,0,,
random_policy_42_1b654477,random_policy,eval,7,42,easy,5,5,0.0001,0.95,0.0,default,100,-100.0,100,0,0,1,0,,
random_policy_42_1b654477,random_policy,eval,8,42,easy,5,5,0.0001,0.95,0.0,default,100,-100.0,100,0,0,1,0,,
random_policy_42_1b654477,random_policy,eval,9,42,easy,5,5,0.0001,0.95,0.0,default,100,-100.0,100,0,0,1,0,,
random_policy_42_1b654477,random_policy,eval,10,42,easy,5,5,0.0001,0.95,0.0,default,100,-100.0,100,0,0,1,0,,
random_policy_42_1b654477,random_policy,eval,1,42,easy,5,5,0.0001,0.95,0.0,default,100,-100.0,100,0,0,1,0,,
random_policy_42_1b654477,random_policy,eval,2,42,easy,5,5,0.0001,0.95,0.0,default,100,-100.0,100,0,0,1,0,,
random_policy_42_1b654477,random_policy,eval,3,42,easy,5,5,0.0001,0.95,0.0,default,100,-100.0,100,0,0,1,0,,
random_policy_42_1b654477,random_policy,eval,4,42,easy,5,5,0.0001,0.95,0.0,default,100,-100.0,100,0,0,1,0,,
random_policy_42_1b654477,random_policy,eval,5,42,easy,5,5,0.0001,0.95,0.0,default,100,-100.0,100,0,0,1,0,,
random_policy_42_1b654477,random_policy,eval,6,42,easy,5,5,0.0001,0.95,0.0,default,100,-100.0,100,0,0,1,0,,
random_policy_42_1b654477,random_policy,eval,7,42,easy,5,5,0.0001,0.95,0.0,default,100,-100.0,100,0,0,1,0,,
random_policy_42_1b654477,random_policy,eval,8,42,easy,5,5,0.0001,0.95,0.0,default,100,-100.0,100,0,0,1,0,,
random_policy_42_1b654477,random_policy,eval,9,42,easy,5,5,0.0001,0.95,0.0,default,100,-100.0,100,0,0,1,0,,
random_policy_42_1b654477,random_policy,eval,10,42,easy,5,5,0.0001,0.95,0.0,default,100,-100.0,100,0,0,1,0,,
random_policy_42_1b654477,random_policy,eval,1,42,easy,5,5,0.0001,0.95,0.0,default,100,-100.0,100,0,0,1,0,,
random_policy_42_1b654477,random_policy,eval,2,42,easy,5,5,0.0001,0.95,0.0,default,100,-100.0,100,0,0,1,0,,
random_policy_42_1b654477,random_policy,eval,3,42,easy,5,5,0.0001,0.95,0.0,default,100,-100.0,100,0,0,1,0,,
random_policy_42_1b654477,random_policy,eval,4,42,easy,5,5,0.0001,0.95,0.0,default,100,-100.0,100,0,0,1,0,,
random_policy_42_1b654477,random_policy,eval,5,42,easy,5,5,0.0001,0.95,0.0,default,100,-100.0,100,0,0,1,0,,
random_policy_42_1b654477,random_policy,eval,6,42,easy,5,5,0.0001,0.95,0.0,default,100,-100.0,100,0,0,1,0,,
random_policy_42_1b654477,random_policy,eval,7,42,easy,5,5,0.0001,0.95,0.0,default,100,-100.0,100,0,0,1,0,,
random_policy_42_1b654477,random_policy,eval,8,42,easy,5,5,0.0001,0.95,0.0,default,100,-100.0,100,0,0,1,0,,
random_policy_42_1b654477,random_policy,eval,9,42,easy,5,5,0.0001,0.95,0.0,default,100,-100.0,100,0,0,1,0,,
random_policy_42_1b654477,random_policy,eval,10,42,easy,5,5,0.0001,0.95,0.0,default,100,-100.0,100,0,0,1,0,,
random_policy_42_1b654477,random_policy,eval,1,42,easy,5,5,0.0001,0.95,0.0,default,100,-100.0,100,0,0,1,0,,
random_policy_42_1b654477,random_policy,eval,2,42,easy,5,5,0.0001,0.95,0.0,default,100,-100.0,100,0,0,1,0,,
random_policy_42_1b654477,random_policy,eval,3,42,easy,5,5,0.0001,0.95,0.0,default,100,-100.0,100,0,0,1,0,,
random_policy_42_1b654477,random_policy,eval,4,42,easy,5,5,0.0001,0.95,0.0,default,100,-100.0,100,0,0,1,0,,
random_policy_42_1b654477,random_policy,eval,5,42,easy,5,5,0.0001,0.95,0.0,default,100,-100.0,100,0,0,1,0,,
random_policy_42_1b654477,random_policy,eval,6,42,easy,5,5,0.0001,0.95,0.0,default,100,-100.0,100,0,0,1,0,,
random_policy_42_1b654477,random_policy,eval,7,42,easy,5,5,0.0001,0.95,0.0,default,100,-100.0,100,0,0,1,0,,
random_policy_42_1b654477,random_policy,eval,8,42,easy,5,5,0.0001,0.95,0.0,default,100,-100.0,100,0,0,1,0,,
random_policy_42_1b654477,random_policy,eval,9,42,easy,5,5,0.0001,0.95,0.0,default,100,-100.0,100,0,0,1,0,,
random_policy_42_1b654477,random_policy,eval,10,42,easy,5,5,0.0001,0.95,0.0,default,100,-100.0,100,0,0,1,0,,
random_policy_42_1b654477,random_policy,eval,1,42,easy,5,5,0.0001,0.95,0.0,default,100,-100.0,100,0,0,1,0,,
random_policy_42_1b654477,random_policy,eval,2,42,easy,5,5,0.0001,0.95,0.0,default,100,-100.0,100,0,0,1,0,,
random_policy_42_1b654477,random_policy,eval,3,42,easy,5,5,0.0001,0.95,0.0,default,100,-100.0,100,0,0,1,0,,
random_policy_42_1b654477,random_policy,eval,4,42,easy,5,5,0.0001,0.95,0.0,default,100,-100.0,100,0,0,1,0,,
random_policy_42_1b654477,random_policy,eval,5,42,easy,5,5,0.0001,0.95,0.0,default,100,-100.0,100,0,0,1,0,,
random_policy_42_1b654477,random_policy,eval,6,42,easy,5,5,0.0001,0.95,0.0,default,100,-100.0,100,0,0,1,0,,
random_policy_42_1b654477,random_policy,eval,7,42,easy,5,5,0.0001,0.95,0.0,default,100,-100.0,100,0,0,1,0,,
random_policy_42_1b654477,random_policy,eval,8,42,easy,5,5,0.0001,0.95,0.0,default,100,-100.0,100,0,0,1,0,,
random_policy_42_1b654477,random_policy,eval,9,42,easy,5,5,0.0001,0.95,0.0,default,100,-100.0,100,0,0,1,0,,
random_policy_42_1b654477,random_policy,eval,10,42,easy,5,5,0.0001,0.95,0.0,default,100,-100.0,100,0,0,1,0,,
random_policy_42_1b654477,random_policy,eval,1,42,easy,5,5,0.0001,0.95,0.0,default,100,-100.0,100,0,0,1,0,,
random_policy_42_1b654477,random_policy,eval,2,42,easy,5,5,0.0001,0.95,0.0,default,100,-100.0,100,0,0,1,0,,
random_policy_42_1b654477,random_policy,eval,3,42,easy,5,5,0.0001,0.95,0.0,default,100,-100.0,100,0,0,1,0,,
random_policy_42_1b654477,random_policy,eval,4,42,easy,5,5,0.0001,0.95,0.0,default,100,-100.0,100,0,0,1,0,,
random_policy_42_1b654477,random_policy,eval,5,42,easy,5,5,0.0001,0.95,0.0,default,100,-100.0,100,0,0,1,0,,
random_policy_42_1b654477,random_policy,eval,6,42,easy,5,5,0.0001,0.95,0.0,default,100,-100.0,100,0,0,1,0,,
random_policy_42_1b654477,random_policy,eval,7,42,easy,5,5,0.0001,0.95,0.0,default,100,-100.0,100,0,0,1,0,,
random_policy_42_1b654477,random_policy,eval,8,42,easy,5,5,0.0001,0.95,0.0,default,100,-100.0,100,0,0,1,0,,
random_policy_42_1b654477,random_policy,eval,9,42,easy,5,5,0.0001,0.95,0.0,default,100,-100.0,100,0,0,1,0,,
random_policy_42_1b654477,random_policy,eval,10,42,easy,5,5,0.0001,0.95,0.0,default,100,-100.0,100,0,0,1,0,,
random_policy_42_1b654477,random_policy,eval,1,42,easy,5,5,0.0001,0.95,0.0,default,100,-100.0,100,0,0,1,0,,
random_policy_42_1b654477,random_policy,eval,2,42,easy,5,5,0.0001,0.95,0.0,default,100,-100.0,100,0,0,1,0,,
random_policy_42_1b654477,random_policy,eval,3,42,easy,5,5,0.0001,0.95,0.0,default,100,-100.0,100,0,0,1,0,,
random_policy_42_1b654477,random_policy,eval,4,42,easy,5,5,0.0001,0.95,0.0,default,100,-100.0,100,0,0,1,0,,
random_policy_42_1b654477,random_policy,eval,5,42,easy,5,5,0.0001,0.95,0.0,default,100,-100.0,100,0,0,1,0,,
random_policy_42_1b654477,random_policy,eval,6,42,easy,5,5,0.0001,0.95,0.0,default,100,-100.0,100,0,0,1,0,,
random_policy_42_1b654477,random_policy,eval,7,42,easy,5,5,0.0001,0.95,0.0,default,100,-100.0,100,0,0,1,0,,
random_policy_42_1b654477,random_policy,eval,8,42,easy,5,5,0.0001,0.95,0.0,default,100,-100.0,100,0,0,1,0,,
random_policy_42_1b654477,random_policy,eval,9,42,easy,5,5,0.0001,0.95,0.0,default,100,-100.0,100,0,0,1,0,,
random_policy_42_1b654477,random_policy,eval,10,42,easy,5,5,0.0001,0.95,0.0,default,100,-100.0,100,0,0,1,0,,
random_policy_42_1b654477,random_policy,eval,1,42,easy,5,5,0.0001,0.95,0.0,default,100,-100.0,100,0,0,1,0,,
random_policy_42_1b654477,random_policy,eval,2,42,easy,5,5,0.0001,0.95,0.0,default,100,-100.0,100,0,0,1,0,,
random_policy_42_1b654477,random_policy,eval,3,42,easy,5,5,0.0001,0.95,0.0,default,100,-100.0,100,0,0,1,0,,
random_policy_42_1b654477,random_policy,eval,4,42,easy,5,5,0.0001,0.95,0.0,default,100,-100.0,100,0,0,1,0,,
random_policy_42_1b654477,random_policy,eval,5,42,easy,5,5,0.0001,0.95,0.0,default,100,-100.0,100,0,0,1,0,,
random_policy_42_1b654477,random_policy,eval,6,42,easy,5,5,0.0001,0.95,0.0,default,100,-100.0,100,0,0,1,0,,
random_policy_42_1b654477,random_policy,eval,7,42,easy,5,5,0.0001,0.95,0.0,default,100,-100.0,100,0,0,1,0,,
random_policy_42_1b654477,random_policy,eval,8,42,easy,5,5,0.0001,0.95,0.0,default,100,-100.0,100,0,0,1,0,,
random_policy_42_1b654477,random_policy,eval,9,42,easy,5,5,0.0001,0.95,0.0,default,100,-100.0,100,0,0,1,0,,
random_policy_42_1b654477,random_policy,eval,10,42,easy,5,5,0.0001,0.95,0.0,default,100,-100.0,100,0,0,1,0,,
random_policy_42_1b654477,random_policy,eval,1,42,easy,5,5,0.0001,0.95,0.0,default,100,-100.0,100,0,0,1,0,,
random_policy_42_1b654477,random_policy,eval,2,42,easy,5,5,0.0001,0.95,0.0,default,100,-100.0,100,0,0,1,0,,
random_policy_42_1b654477,random_policy,eval,3,42,easy,5,5,0.0001,0.95,0.0,default,100,-100.0,100,0,0,1,0,,
random_policy_42_1b654477,random_policy,eval,4,42,easy,5,5,0.0001,0.95,0.0,default,100,-100.0,100,0,0,1,0,,
random_policy_42_1b654477,random_policy,eval,5,42,easy,5,5,0.0001,0.95,0.0,default,100,-100.0,100,0,0,1,0,,
random_policy_42_1b654477,random_policy,eval,6,42,easy,5,5,0.0001,0.95,0.0,default,100,-100.0,100,0,0,1,0,,
random_policy_42_1b654477,random_policy,eval,7,42,easy,5,5,0.0001,0.95,0.0,default,100,-100.0,100,0,0,1,0,,
random_policy_42_1b654477,random_policy,eval,8,42,easy,5,5,0.0001,0.95,0.0,default,100,-100.0,100,0,0,1,0,,
random_policy_42_1b654477,random_policy,eval,9,42,easy,5,5,0.0001,0.95,0.0,default,100,-100.0,100,0,0,1,0,,
random_policy_42_1b654477,random_policy,eval,10,42,easy,5,5,0.0001,0.95,0.0,default,100,-100.0,100,0,0,1,0,,
random_policy_42_1b654477,random_policy,eval,1,42,easy,5,5,0.0001,0.95,0.0,default,100,-100.0,100,0,0,1,0,,
random_policy_42_1b654477,random_policy,eval,2,42,easy,5,5,0.0001,0.95,0.0,default,100,-100.0,100,0,0,1,0,,
random_policy_42_1b654477,random_policy,eval,3,42,easy,5,5,0.0001,0.95,0.0,default,100,-100.0,100,0,0,1,0,,
random_policy_42_1b654477,random_policy,eval,4,42,easy,5,5,0.0001,0.95,0.0,default,100,-100.0,100,0,0,1,0,,
random_policy_42_1b654477,random_policy,eval,5,42,easy,5,5,0.0001,0.95,0.0,default,100,-100.0,100,0,0,1,0,,
random_policy_42_1b654477,random_policy,eval,6,42,easy,5,5,0.0001,0.95,0.0,default,100,-100.0,100,0,0,1,0,,
random_policy_42_1b654477,random_policy,eval,7,42,easy,5,5,0.0001,0.95,0.0,default,100,-100.0,100,0,0,1,0,,
random_policy_42_1b654477,random_policy,eval,8,42,easy,5,5,0.0001,0.95,0.0,default,100,-100.0,100,0,0,1,0,,
random_policy_42_1b654477,random_policy,eval,9,42,easy,5,5,0.0001,0.95,0.0,default,100,-100.0,100,0,0,1,0,,
random_policy_42_1b654477,random_policy,eval,10,42,easy,5,5,0.0001,0.95,0.0,default,100,-100.0,100,0,0,1,0,,
random_policy_42_1b654477,random_policy,eval,1,42,easy,5,5,0.0001,0.95,0.0,default,100,-100.0,100,0,0,1,0,,
random_policy_42_1b654477,random_policy,eval,2,42,easy,5,5,0.0001,0.95,0.0,default,100,-100.0,100,0,0,1,0,,
random_policy_42_1b654477,random_policy,eval,3,42,easy,5,5,0.0001,0.95,0.0,default,100,-100.0,100,0,0,1,0,,
random_policy_42_1b654477,random_policy,eval,4,42,easy,5,5,0.0001,0.95,0.0,default,100,-100.0,100,0,0,1,0,,
random_policy_42_1b654477,random_policy,eval,5,42,easy,5,5,0.0001,0.95,0.0,default,100,-100.0,100,0,0,1,0,,
random_policy_42_1b654477,random_policy,eval,6,42,easy,5,5,0.0001,0.95,0.0,default,100,-100.0,100,0,0,1,0,,
random_policy_42_1b654477,random_policy,eval,7,42,easy,5,5,0.0001,0.95,0.0,default,100,-100.0,100,0,0,1,0,,
random_policy_42_1b654477,random_policy,eval,8,42,easy,5,5,0.0001,0.95,0.0,default,100,-100.0,100,0,0,1,0,,
random_policy_42_1b654477,random_policy,eval,9,42,easy,5,5,0.0001,0.95,0.0,default,100,-100.0,100,0,0,1,0,,
random_policy_42_1b654477,random_policy,eval,10,42,easy,5,5,0.0001,0.95,0.0,default,100,-100.0,100,0,0,1,0,,
random_policy_42_1b654477,random_policy,eval,1,42,easy,5,5,0.0001,0.95,0.0,default,100,-100.0,100,0,0,1,0,,
random_policy_42_1b654477,random_policy,eval,2,42,easy,5,5,0.0001,0.95,0.0,default,100,-100.0,100,0,0,1,0,,
random_policy_42_1b654477,random_policy,eval,3,42,easy,5,5,0.0001,0.95,0.0,default,100,-100.0,100,0,0,1,0,,
random_policy_42_1b654477,random_policy,eval,4,42,easy,5,5,0.0001,0.95,0.0,default,100,-100.0,100,0,0,1,0,,
random_policy_42_1b654477,random_policy,eval,5,42,easy,5,5,0.0001,0.95,0.0,default,100,-100.0,100,0,0,1,0,,
random_policy_42_1b654477,random_policy,eval,6,42,easy,5,5,0.0001,0.95,0.0,default,100,-100.0,100,0,0,1,0,,
random_policy_42_1b654477,random_policy,eval,7,42,easy,5,5,0.0001,0.95,0.0,default,100,-100.0,100,0,0,1,0,,
random_policy_42_1b654477,random_policy,eval,8,42,easy,5,5,0.0001,0.95,0.0,default,100,-100.0,100,0,0,1,0,,
random_policy_42_1b654477,random_policy,eval,9,42,easy,5,5,0.0001,0.95,0.0,default,100,-100.0,100,0,0,1,0,,
random_policy_42_1b654477,random_policy,eval,10,42,easy,5,5,0.0001,0.95,0.0,default,100,-100.0,100,0,0,1,0,,
random_policy_42_1b654477,random_policy,eval,1,42,easy,5,5,0.0001,0.95,0.0,default,100,-100.0,100,0,0,1,0,,
random_policy_42_1b654477,random_policy,eval,2,42,easy,5,5,0.0001,0.95,0.0,default,100,-100.0,100,0,0,1,0,,
random_policy_42_1b654477,random_policy,eval,3,42,easy,5,5,0.0001,0.95,0.0,default,100,-100.0,100,0,0,1,0,,
random_policy_42_1b654477,random_policy,eval,4,42,easy,5,5,0.0001,0.95,0.0,default,100,-100.0,100,0,0,1,0,,
random_policy_42_1b654477,random_policy,eval,5,42,easy,5,5,0.0001,0.95,0.0,default,100,-100.0,100,0,0,1,0,,
random_policy_42_1b654477,random_policy,eval,6,42,easy,5,5,0.0001,0.95,0.0,default,100,-100.0,100,0,0,1,0,,
random_policy_42_1b654477,random_policy,eval,7,42,easy,5,5,0.0001,0.95,0.0,default,100,-100.0,100,0,0,1,0,,
random_policy_42_1b654477,random_policy,eval,8,42,easy,5,5,0.0001,0.95,0.0,default,100,-100.0,100,0,0,1,0,,
random_policy_42_1b654477,random_policy,eval,9,42,easy,5,5,0.0001,0.95,0.0,default,100,-100.0,100,0,0,1,0,,
random_policy_42_1b654477,random_policy,eval,10,42,easy,5,5,0.0001,0.95,0.0,default,100,-100.0,100,0,0,1,0,,
random_policy_42_1b654477,random_policy,eval,1,42,easy,5,5,0.0001,0.95,0.0,default,100,-100.0,100,0,0,1,0,,
random_policy_42_1b654477,random_policy,eval,2,42,easy,5,5,0.0001,0.95,0.0,default,100,-100.0,100,0,0,1,0,,
random_policy_42_1b654477,random_policy,eval,3,42,easy,5,5,0.0001,0.95,0.0,default,100,-100.0,100,0,0,1,0,,
random_policy_42_1b654477,random_policy,eval,4,42,easy,5,5,0.0001,0.95,0.0,default,100,-100.0,100,0,0,1,0,,
random_policy_42_1b654477,random_policy,eval,5,42,easy,5,5,0.0001,0.95,0.0,default,100,-100.0,100,0,0,1,0,,
random_policy_42_1b654477,random_policy,eval,6,42,easy,5,5,0.0001,0.95,0.0,default,100,-100.0,100,0,0,1,0,,
random_policy_42_1b654477,random_policy,eval,7,42,easy,5,5,0.0001,0.95,0.0,default,100,-100.0,100,0,0,1,0,,
random_policy_42_1b654477,random_policy,eval,8,42,easy,5,5,0.0001,0.95,0.0,default,100,-100.0,100,0,0,1,0,,
random_policy_42_1b654477,random_policy,eval,9,42,easy,5,5,0.0001,0.95,0.0,default,100,-100.0,100,0,0,1,0,,
random_policy_42_1b654477,random_policy,eval,10,42,easy,5,5,0.0001,0.95,0.0,default,100,-100.0,100,0,0,1,0,,
random_policy_42_1b654477,random_policy,eval,1,42,easy,5,5,0.0001,0.95,0.0,default,100,-100.0,100,0,0,1,0,,
random_policy_42_1b654477,random_policy,eval,2,42,easy,5,5,0.0001,0.95,0.0,default,100,-100.0,100,0,0,1,0,,
random_policy_42_1b654477,random_policy,eval,3,42,easy,5,5,0.0001,0.95,0.0,default,100,-100.0,100,0,0,1,0,,
random_policy_42_1b654477,random_policy,eval,4,42,easy,5,5,0.0001,0.95,0.0,default,100,-100.0,100,0,0,1,0,,
random_policy_42_1b654477,random_policy,eval,5,42,easy,5,5,0.0001,0.95,0.0,default,100,-100.0,100,0,0,1,0,,
random_policy_42_1b654477,random_policy,eval,6,42,easy,5,5,0.0001,0.95,0.0,default,100,-100.0,100,0,0,1,0,,
random_policy_42_1b654477,random_policy,eval,7,42,easy,5,5,0.0001,0.95,0.0,default,100,-100.0,100,0,0,1,0,,
random_policy_42_1b654477,random_policy,eval,8,42,easy,5,5,0.0001,0.95,0.0,default,100,-100.0,100,0,0,1,0,,
random_policy_42_1b654477,random_policy,eval,9,42,easy,5,5,0.0001,0.95,0.0,default,100,-100.0,100,0,0,1,0,,
random_policy_42_1b654477,random_policy,eval,10,42,easy,5,5,0.0001,0.95,0.0,default,100,-100.0,100,0,0,1,0,,
random_policy_42_1b654477,random_policy,eval,1,42,easy,5,5,0.0001,0.95,0.0,default,100,-100.0,100,0,0,1,0,,
random_policy_42_1b654477,random_policy,eval,2,42,easy,5,5,0.0001,0.95,0.0,default,100,-100.0,100,0,0,1,0,,
random_policy_42_1b654477,random_policy,eval,3,42,easy,5,5,0.0001,0.95,0.0,default,100,-100.0,100,0,0,1,0,,
random_policy_42_1b654477,random_policy,eval,4,42,easy,5,5,0.0001,0.95,0.0,default,100,-100.0,100,0,0,1,0,,
random_policy_42_1b654477,random_policy,eval,5,42,easy,5,5,0.0001,0.95,0.0,default,100,-100.0,100,0,0,1,0,,
random_policy_42_1b654477,random_policy,eval,6,42,easy,5,5,0.0001,0.95,0.0,default,100,-100.0,100,0,0,1,0,,
random_policy_42_1b654477,random_policy,eval,7,42,easy,5,5,0.0001,0.95,0.0,default,100,-100.0,100,0,0,1,0,,
random_policy_42_1b654477,random_policy,eval,8,42,easy,5,5,0.0001,0.95,0.0,default,100,-100.0,100,0,0,1,0,,
random_policy_42_1b654477,random_policy,eval,9,42,easy,5,5,0.0001,0.95,0.0,default,100,-100.0,100,0,0,1,0,,
random_policy_42_1b654477,random_policy,eval,10,42,easy,5,5,0.0001,0.95,0.0,default,100,-100.0,100,0,0,1,0,,
random_policy_42_1b654477,random_policy,eval,1,42,easy,5,5,0.0001,0.95,0.0,default,100,-100.0,100,0,0,1,0,,
random_policy_42_1b654477,random_policy,eval,2,42,easy,5,5,0.0001,0.95,0.0,default,100,-100.0,100,0,0,1,0,,
random_policy_42_1b654477,random_policy,eval,3,42,easy,5,5,0.0001,0.95,0.0,default,100,-100.0,100,0,0,1,0,,
random_policy_42_1b654477,random_policy,eval,4,42,easy,5,5,0.0001,0.95,0.0,default,100,-100.0,100,0,0,1,0,,
random_policy_42_1b654477,random_policy,eval,5,42,easy,5,5,0.0001,0.95,0.0,default,100,-100.0,100,0,0,1,0,,
random_policy_42_1b654477,random_policy,eval,6,42,easy,5,5,0.0001,0.95,0.0,default,100,-100.0,100,0,0,1,0,,
random_policy_42_1b654477,random_policy,eval,7,42,easy,5,5,0.0001,0.95,0.0,default,100,-100.0,100,0,0,1,0,,
random_policy_42_1b654477,random_policy,eval,8,42,easy,5,5,0.0001,0.95,0.0,default,100,-100.0,100,0,0,1,0,,
random_policy_42_1b654477,random_policy,eval,9,42,easy,5,5,0.0001,0.95,0.0,default,100,-100.0,100,0,0,1,0,,
random_policy_42_1b654477,random_policy,eval,10,42,easy,5,5,0.0001,0.95,0.0,default,100,-100.0,100,0,0,1,0,,
random_policy_42_1b654477,random_policy,eval,1,42,easy,5,5,0.0001,0.95,0.0,default,100,-100.0,100,0,0,1,0,,
random_policy_42_1b654477,random_policy,eval,2,42,easy,5,5,0.0001,0.95,0.0,default,100,-100.0,100,0,0,1,0,,
random_policy_42_1b654477,random_policy,eval,3,42,easy,5,5,0.0001,0.95,0.0,default,100,-100.0,100,0,0,1,0,,
random_policy_42_1b654477,random_policy,eval,4,42,easy,5,5,0.0001,0.95,0.0,default,100,-100.0,100,0,0,1,0,,
random_policy_42_1b654477,random_policy,eval,5,42,easy,5,5,0.0001,0.95,0.0,default,100,-100.0,100,0,0,1,0,,
random_policy_42_1b654477,random_policy,eval,6,42,easy,5,5,0.0001,0.95,0.0,default,100,-100.0,100,0,0,1,0,,
random_policy_42_1b654477,random_policy,eval,7,42,easy,5,5,0.0001,0.95,0.0,default,100,-100.0,100,0,0,1,0,,
random_policy_42_1b654477,random_policy,eval,8,42,easy,5,5,0.0001,0.95,0.0,default,100,-100.0,100,0,0,1,0,,
random_policy_42_1b654477,random_policy,eval,9,42,easy,5,5,0.0001,0.95,0.0,default,100,-100.0,100,0,0,1,0,,
random_policy_42_1b654477,random_policy,eval,10,42,easy,5,5,0.0001,0.95,0.0,default,100,-100.0,100,0,0,1,0,,
random_policy_42_1b654477,random_policy,eval,1,42,easy,5,5,0.0001,0.95,0.0,default,100,-100.0,100,0,0,1,0,,
random_policy_42_1b654477,random_policy,eval,2,42,easy,5,5,0.0001,0.95,0.0,default,100,-100.0,100,0,0,1,0,,
random_policy_42_1b654477,random_policy,eval,3,42,easy,5,5,0.0001,0.95,0.0,default,100,-100.0,100,0,0,1,0,,
random_policy_42_1b654477,random_policy,eval,4,42,easy,5,5,0.0001,0.95,0.0,default,100,-100.0,100,0,0,1,0,,
random_policy_42_1b654477,random_policy,eval,5,42,easy,5,5,0.0001,0.95,0.0,default,100,-100.0,100,0,0,1,0,,
random_policy_42_1b654477,random_policy,eval,6,42,easy,5,5,0.0001,0.95,0.0,default,100,-100.0,100,0,0,1,0,,
random_policy_42_1b654477,random_policy,eval,7,42,easy,5,5,0.0001,0.95,0.0,default,100,-100.0,100,0,0,1,0,,
random_policy_42_1b654477,random_policy,eval,8,42,easy,5,5,0.0001,0.95,0.0,default,100,-100.0,100,0,0,1,0,,
random_policy_42_1b654477,random_policy,eval,9,42,easy,5,5,0.0001,0.95,0.0,default,100,-100.0,100,0,0,1,0,,
random_policy_42_1b654477,random_policy,eval,10,42,easy,5,5,0.0001,0.95,0.0,default,100,-100.0,100,0,0,1,0,,
random_policy_42_1b654477,random_policy,eval,1,42,easy,5,5,0.0001,0.95,0.0,default,100,-100.0,100,0,0,1,0,,
random_policy_42_1b654477,random_policy,eval,2,42,easy,5,5,0.0001,0.95,0.0,default,100,-100.0,100,0,0,1,0,,
random_policy_42_1b654477,random_policy,eval,3,42,easy,5,5,0.0001,0.95,0.0,default,100,-100.0,100,0,0,1,0,,
random_policy_42_1b654477,random_policy,eval,4,42,easy,5,5,0.0001,0.95,0.0,default,100,-100.0,100,0,0,1,0,,
random_policy_42_1b654477,random_policy,eval,5,42,easy,5,5,0.0001,0.95,0.0,default,100,-100.0,100,0,0,1,0,,
random_policy_42_1b654477,random_policy,eval,6,42,easy,5,5,0.0001,0.95,0.0,default,100,-100.0,100,0,0,1,0,,
random_policy_42_1b654477,random_policy,eval,7,42,easy,5,5,0.0001,0.95,0.0,default,100,-100.0,100,0,0,1,0,,
random_policy_42_1b654477,random_policy,eval,8,42,easy,5,5,0.0001,0.95,0.0,default,100,-100.0,100,0,0,1,0,,
random_policy_42_1b654477,random_policy,eval,9,42,easy,5,5,0.0001,0.95,0.0,default,100,-100.0,100,0,0,1,0,,
random_policy_42_1b654477,random_policy,eval,10,42,easy,5,5,0.0001,0.95,0.0,default,100,-100.0,100,0,0,1,0,,
random_policy_42_1b654477,random_policy,eval,1,42,easy,5,5,0.0001,0.95,0.0,default,100,-100.0,100,0,0,1,0,,
random_policy_42_1b654477,random_policy,eval,2,42,easy,5,5,0.0001,0.95,0.0,default,100,-100.0,100,0,0,1,0,,
random_policy_42_1b654477,random_policy,eval,3,42,easy,5,5,0.0001,0.95,0.0,default,100,-100.0,100,0,0,1,0,,
random_policy_42_1b654477,random_policy,eval,4,42,easy,5,5,0.0001,0.95,0.0,default,100,-100.0,100,0,0,1,0,,
random_policy_42_1b654477,random_policy,eval,5,42,easy,5,5,0.0001,0.95,0.0,default,100,-100.0,100,0,0,1,0,,
random_policy_42_1b654477,random_policy,eval,6,42,easy,5,5,0.0001,0.95,0.0,default,100,-100.0,100,0,0,1,0,,
random_policy_42_1b654477,random_policy,eval,7,42,easy,5,5,0.0001,0.95,0.0,default,100,-100.0,100,0,0,1,0,,
random_policy_42_1b654477,random_policy,eval,8,42,easy,5,5,0.0001,0.95,0.0,default,100,-100.0,100,0,0,1,0,,
random_policy_42_1b654477,random_policy,eval,9,42,easy,5,5,0.0001,0.95,0.0,default,100,-100.0,100,0,0,1,0,,
random_policy_42_1b654477,random_policy,eval,10,42,easy,5,5,0.0001,0.95,0.0,default,100,-100.0,100,0,0,1,0,,
random_policy_42_1b654477,random_policy,eval,1,42,easy,5,5,0.0001,0.95,0.0,default,100,-100.0,100,0,0,1,0,,
random_policy_42_1b654477,random_policy,eval,2,42,easy,5,5,0.0001,0.95,0.0,default,100,-100.0,100,0,0,1,0,,
random_policy_42_1b654477,random_policy,eval,3,42,easy,5,5,0.0001,0.95,0.0,default,100,-100.0,100,0,0,1,0,,
random_policy_42_1b654477,random_policy,eval,4,42,easy,5,5,0.0001,0.95,0.0,default,100,-100.0,100,0,0,1,0,,
random_policy_42_1b654477,random_policy,eval,5,42,easy,5,5,0.0001,0.95,0.0,default,100,-100.0,100,0,0,1,0,,
random_policy_42_1b654477,random_policy,eval,6,42,easy,5,5,0.0001,0.95,0.0,default,100,-100.0,100,0,0,1,0,,
random_policy_42_1b654477,random_policy,eval,7,42,easy,5,5,0.0001,0.95,0.0,default,100,-100.0,100,0,0,1,0,,
random_policy_42_1b654477,random_policy,eval,8,42,easy,5,5,0.0001,0.95,0.0,default,100,-100.0,100,0,0,1,0,,
random_policy_42_1b654477,random_policy,eval,9,42,easy,5,5,0.0001,0.95,0.0,default,100,-100.0,100,0,0,1,0,,
random_policy_42_1b654477,random_policy,eval,10,42,easy,5,5,0.0001,0.95,0.0,default,100,-100.0,100,0,0,1,0,,
